iso,ext_contacts_per_res,contact_frac_external
P30038-2,1.4666666666666666,0.22448979591836735
P04062-4,1.9195402298850575,0.27603305785123966
P04179-4,1.2826086956521738,0.21611721611721613
P28161-2,2.5517241379310347,0.2824427480916031
P31153-2,0.007614213197969543,0.0007100591715976331
P04062-3,0.001869158878504673,0.00018047283883775492
P49419-2,0.17857142857142858,0.047619047619047616
Q6P1N9-2,3.0425531914893615,0.2972972972972973
P45954-2,1.0980392156862746,0.15864022662889518
P00325-2,4.2,0.4117647058823529
O94788-4,1.8854166666666667,0.21420118343195266
P15907-2,1.4718614718614718,0.1814300960512273
P16930-2,2.5,0.2407152682255846
Q16775-2,1.3125,0.26141078838174275
Q96DC8-2,0.9389312977099237,0.1170313986679353
P43166-2,2.9107142857142856,0.35824175824175825
O43708-2,2.418181818181818,0.24767225325884543
P49189-2,2.8857142857142857,0.27595628415300544
P50053-2,3.477272727272727,0.36
P51857-2,3.024390243902439,0.3583815028901734
P31939-2,5.6,0.7
P23526-2,3.5357142857142856,0.38223938223938225
Q9H4Y5-3,4.535714285714286,0.5141700404858299
P13929-2,6.928571428571429,0.532967032967033
P30044-2,0.19230769230769232,0.04807692307692308
Q9Y2T3-2,1.337837837837838,0.14163090128755365
P62937-2,3.716666666666667,0.34045801526717556
P34896-4,2.5217391304347827,0.26851851851851855
Q8N4T8-2,1.896551724137931,0.2037037037037037
Q03013-2,2.586206896551724,0.28957528957528955
Q5T013-2,0.018115942028985508,0.0017415534656913968
P04181-2,1.681159420289855,0.21052631578947367
P36871-3,0.7563451776649747,0.06714736367733214
Q9H0W9-2,4.368421052631579,0.4689265536723164
P00367-2,1.8083832335329342,0.2197962154294032
Q8TD30-2,1.12,0.1723076923076923
Q8WY91-2,0.019417475728155338,0.003738317757009346
P62879-2,1.86,0.20484581497797358
P46597-2,2.234042553191489,0.21739130434782608
Q8NCW5-2,1.7766990291262137,0.24830393487109906
A2VDF0-2,5.333333333333333,0.5773195876288659
O60547-2,3.1515151515151514,0.45217391304347826
Q9NZK5-2,1.352,0.14444444444444443
Q5T013-3,2.7,0.3176470588235294
Q9H0R4-2,2.388888888888889,0.2304394426580922
P51452-2,3.1219512195121952,0.34782608695652173
Q96AT9-5,2.3088235294117645,0.2246065808297568
P06865-2,0.001893939393939394,0.00018744142455482662
Q96BJ3-2,0.5333333333333333,0.06480117820324006
Q9NQH7-2,1.3417721518987342,0.19413919413919414
Q9BV79-2,1.8421052631578947,0.2713178294573643
Q13303-4,2.6417910447761193,0.3504950495049505
Q9Y2S2-2,5.636363636363637,0.5210084033613446
Q8TDQ7-3,2.0526315789473686,0.2765957446808511
P22694-4,1.1538461538461537,0.15151515151515152
P55809-2,0.4005037783375315,0.03934669636228656
Q8NBK3-2,0.4444444444444444,0.09345794392523364
Q7L5Y1-7,1.6043478260869566,0.15055079559363524
P21397-2,3.6090225563909772,0.332871012482663
Q6UWP2-2,1.6455696202531647,0.14161220043572983
Q14376-2,1.8205128205128205,0.1655011655011655
Q9H0P0-3,0.49019607843137253,0.06631299734748011
Q13228-2,3.28125,0.3220858895705521
Q9H0P0-2,0.46,0.06267029972752043
Q15782-5,2.3164556962025316,0.28818897637795277
Q9UDX4-2,0.6610169491525424,0.07235621521335807
O95050-2,9.0,1.0
P35813-2,1.0153846153846153,0.13147410358565736
Q9H7B4-2,1.2011494252873562,0.1287738755391251
Q9NPJ3-2,1.48,0.16444444444444445
P11177-2,1.2777777777777777,0.25842696629213485
Q14914-2,3.1944444444444446,0.3034300791556728
P60174-4,1.9390243902439024,0.20516129032258065
P00374-2,3.9038461538461537,0.39264990328820115
Q96C11-6,1.157190635451505,0.10353081986834231
Q9BUT1-3,1.7326732673267327,0.1637043966323667
Q8TDQ7-4,2.7142857142857144,0.25132275132275134
O94760-2,2.233009708737864,0.2169811320754717
Q9H7B4-3,3.711864406779661,0.3945945945945946
Q8TDQ7-2,8.0,1.0
Q92484-2,1.8244274809160306,0.20033528918692373
O14775-2,0.2619047619047619,0.03470031545741325
P62837-2,2.413793103448276,0.2713178294573643
Q8TE69-2,2.857142857142857,0.40816326530612246
P52209-2,7.923076923076923,0.7103448275862069
Q96C11-4,2.232142857142857,0.20128824476650564
P17612-2,1.0714285714285714,0.14018691588785046
P55789-2,0.1375,0.03283582089552239
Q9NRG4-2,0.4906832298136646,0.04825901038485034
Q7L5Y1-6,1.4751381215469612,0.13741636644364386
P61077-2,4.2727272727272725,0.40869565217391307
P22694-3,1.2857142857142858,0.16363636363636364
Q9P1U1-2,1.5227272727272727,0.16461916461916462
P00387-2,0.4782608695652174,0.07586206896551724
P40616-2,1.2941176470588236,0.18032786885245902
Q96BW5-2,3.3404255319148937,0.34966592427616927
P24666-2,3.7941176470588234,0.38738738738738737
P09104-2,3.3181818181818183,0.3133047210300429
P06753-7,0.014084507042253521,0.001774622892635315
P09622-2,2.4343434343434343,0.26512651265126513
Q96C11-2,0.0036363636363636364,0.00032637075718015666
O43684-2,3.0,0.75
Q6PIU2-3,1.962406015037594,0.20061491160645656
Q9H903-1,1.0689655172413792,0.22627737226277372
P13929-3,3.227272727272727,0.31277533039647576
Q9BV47-2,1.584,0.20930232558139536
P49356-2,1.297872340425532,0.2026578073089701
Q9UDX4-3,0.8181818181818182,0.09143686502177069
Q9NUJ1-2,0.8471337579617835,0.0958904109589041
Q9NWU5-3,1.2375,0.21199143468950749
Q6QNY1-2,0.27906976744186046,0.06
Q99643-5,0.24528301886792453,0.037900874635568516
P48735-2,1.6346153846153846,0.32075471698113206
Q15124-2,1.3591160220994476,0.13211600429645542
P00558-2,6.714285714285714,0.6103896103896104
P60900-3,3.1772151898734178,0.3110285006195787
O94788-3,1.368421052631579,0.21487603305785125
Q9NWU5-2,1.2906976744186047,0.21062618595825428
Q6ZS86-3,0.6379928315412187,0.06180555555555556
P28332-2,6.0,1.0
Q9H310-5,0.00437636761487965,0.00039032006245121
P00390-2,0.09302325581395349,0.020833333333333332
P15428-4,1.4126984126984128,0.14285714285714285
P62873-2,7.583333333333333,0.610738255033557
P78417-3,4.607142857142857,0.5222672064777328
Q8N5Z0-2,14.0,1.0
O15217-2,1.1935483870967742,0.12104689203925845
Q13564-3,2.1123595505617976,0.19381443298969073
P14618-2,3.6,0.3568281938325991
Q8TDH9-3,0.265625,0.043701799485861184
P22061-2,2.0,0.6666666666666666
Q9Y617-2,3.8260869565217392,0.3651452282157676
Q9GZT8-2,0.8888888888888888,0.18461538461538463
O15382-2,1.6521739130434783,0.22093023255813954
Q6PID8-2,1.3706293706293706,0.18317757009345795
Q8N8N7-2,1.8370786516853932,0.17878622197922361
P09525-2,1.1585365853658536,0.11830635118306351
P42330-2,1.7058823529411764,0.15699922660479504
O43414-3,0.8325358851674641,0.1389776357827476
Q99807-2,0.34210526315789475,0.08280254777070063
P48163-2,1.4133333333333333,0.16158536585365854
P04062-2,0.15,0.047619047619047616
Q9UBQ0-2,,
Q8N4P3-2,1.697674418604651,0.1750599520383693
Q96HA8-2,3.0166666666666666,0.32730560578661844
P55263-2,0.65,0.14606741573033707
Q9UHY7-2,1.2328767123287672,0.12893982808022922
P60900-2,1.25,0.15
Q9Y316-2,5.782608695652174,0.48363636363636364
P30711-2,1.4915254237288136,0.14814814814814814
Q9HC38-2,2.806451612903226,0.35802469135802467
Q9H3H5-2,2.0,0.3333333333333333
Q9HAB8-2,0.930635838150289,0.09279538904899136
O60427-2,1.3214285714285714,0.1518467852257182
Q12794-3,1.1978021978021978,0.12659698025551683
Q8IXK2-2,0.9061488673139159,0.09549795361527967
O75191-2,1.9124087591240877,0.17920656634746923
Q9P2T1-3,4.357142857142857,0.4357142857142857
Q07020-2,0.9310344827586207,0.15428571428571428
P34913-3,2.9393939393939394,0.27793696275071633
Q13564-2,1.375,0.1746031746031746
Q8IXL6-2,0.9216867469879518,0.1313304721030043
A2RUC4-2,1.3312883435582823,0.1419228253760628
Q8NDN9-2,0.03825136612021858,0.00417910447761194
Q9BT22-2,1.2522522522522523,0.12930232558139534
Q8IWW8-2,1.0833333333333333,0.1625
Q9GZT6-3,0.0891089108910891,0.014492753623188406
P51648-2,2.5,0.45454545454545453
Q01415-2,3.75,0.4918032786885246
Q15165-1,1.2142857142857142,0.1559633027522936
O15539-2,0.8611111111111112,0.11300121506682867
O95620-2,1.7520661157024793,0.16905901116427433
Q9H3H5-3,1.7570093457943925,0.1811175337186898
O75688-5,0.5126582278481012,0.07780979827089338
Q08257-2,1.2198581560283688,0.11345646437994723
P09488-2,3.027027027027027,0.28717948717948716
Q9ULC4-3,5.666666666666667,0.7391304347826086
Q6YP21-3,0.20588235294117646,0.05426356589147287
P19961-2,1.2986111111111112,0.12375909993381866
P46779-4,1.2753623188405796,0.16541353383458646
P68402-3,1.0618556701030928,0.11744583808437856
Q9NVH6-7,0.75,0.14127423822714683
P15289-2,4.833333333333333,0.4375
Q7Z2E3-12,0.0028169014084507044,0.00032862306933946765
P05089-2,,
Q9H0P0-1,0.5510204081632653,0.07479224376731301
O75689-3,1.0833333333333333,0.10655737704918032
P34949-2,1.7096774193548387,0.17207792207792208
Q9NVD3-3,0.75,0.12
Q5T013-4,2.0547945205479454,0.19329896907216496
Q03154-4,2.942857142857143,0.27466666666666667
Q96BI3-2,0.631578947368421,0.09523809523809523
P40925-2,1.2696629213483146,0.11957671957671957
P30038-3,2.4313725490196076,0.23484848484848486
O14933-2,1.6666666666666667,0.17133956386292834
P35080-2,4.125,0.36464088397790057
Q96MX6-2,3.3333333333333335,0.32857142857142857
P28074-3,2.2524271844660193,0.2966751918158568
O15392-7,0.7536231884057971,0.0931899641577061
P15559-3,3.263157894736842,0.328042328042328
P14324-2,0.09090909090909091,0.024390243902439025
Q9BYC5-3,0.22699386503067484,0.029623698959167333
Q8N2Z9-3,0.391304347826087,0.05410821643286573
P51854-4,2.517857142857143,0.2596685082872928
P02774-2,0.5737704918032787,0.06666666666666667
P34897-3,0.19047619047619047,0.05405405405405406
P22570-4,2.8275862068965516,0.3761467889908257
Q13231-2,0.32098765432098764,0.04513888888888889
Q9H0W9-4,4.27027027027027,0.395
Q9Y471-4,0.375,0.09090909090909091
Q9Y2Q3-4,1.186046511627907,0.14285714285714285
Q9NQZ6-2,0.27472527472527475,0.04230118443316413
P05186-3,1.690909090909091,0.24031007751937986
Q15435-5,0.008356545961002786,0.00089632506722438
O00764-3,1.8630136986301369,0.1837837837837838
Q9UKU9-2,0.28807947019867547,0.048252911813643926
Q9H190-3,0.5882352941176471,0.09578544061302682
P04424-2,2.5,0.3048780487804878
P58499-3,0.25,0.034482758620689655
Q9H2A2-4,4.88,0.3685800604229607
Q96KE9-2,0.34375,0.07692307692307693
Q495C1-2,0.07386363636363637,0.016905071521456438
Q9HD33-3,0.6181818181818182,0.11295681063122924
O95861-3,3.1818181818181817,0.2981260647359455
P53370-2,1.0946745562130178,0.13415518491660625
P49189-3,,
Q9BZ23-2,0.49828178694158076,0.08771929824561403
Q15800-2,0.8320610687022901,0.09900090826521345
Q4JDL3-6,0.8144329896907216,0.14259927797833935
P48739-2,4.6,0.5348837209302325
Q6IPT4-3,1.1824324324324325,0.13187641296156744
Q7Z2E3-6,0.0028169014084507044,0.00032862306933946765
P22392-2,,
P61077-3,5.0,0.5172413793103449
Q8IUZ5-3,1.269090909090909,0.12241318835496318
Q9Y6A2-2,1.3608247422680413,0.14132762312633834
Q8N323-2,1.732394366197183,0.21428571428571427
Q9Y6A2-3,0.8209718670076727,0.08043096968178401
P14868-2,1.77,0.21046373365041618
A6NEC2-2,0.9767441860465116,0.11052631578947368
P07741-2,3.1702127659574466,0.2938856015779093
P36871-2,4.0394736842105265,0.37484737484737485
O14717-4,0.3933933933933934,0.04418212478920742
Q8NDY3-2,3.2560975609756095,0.29308452250274425
Q9Y2C4-3,1.4785714285714286,0.21362229102167182
Q9NTX5-3,2.0123456790123457,0.22359396433470508
Q9NSD9-2,1.1515151515151516,0.12258064516129032
Q9H903-2,0.8231046931407943,0.08899297423887588
Q13564-4,,
Q96QG7-2,1.423529411764706,0.1435349940688019
P0DMM9-3,,
Q08257-3,4.0,0.35789473684210527
P00338-5,2.1041666666666665,0.2065439672801636
P18510-4,0.47058823529411764,0.1111111111111111
P60891-2,2.08955223880597,0.20114942528735633
Q7Z2E3-2,0.1702127659574468,0.022253129346314324
Q9BX70-2,0.2336448598130841,0.02774694783573807
P25789-2,3.5492957746478875,0.3559322033898305
P49862-2,3.111111111111111,0.358974358974359
Q8N4Q0-2,1.6666666666666667,0.17687661777394306
Q2TAA2-2,1.4955752212389382,0.14968999114260406
P08319-2,2.8,0.4375
P09914-2,2.838709677419355,0.3076923076923077
P34896-3,3.475,0.32860520094562645
Q9BRP4-3,1.8,0.17264386989157632
Q9ULC4-2,3.142857142857143,0.39759036144578314
Q5JVF3-2,3.909090909090909,0.4174757281553398
Q8IWW8-4,0.015053763440860216,0.0013869625520110957
Q15493-2,2.4657534246575343,0.23809523809523808
Q96PC3-4,0.9090909090909091,0.1282051282051282
P11908-2,,
P63267-2,2.744186046511628,0.2964824120603015
O95861-4,2.5277777777777777,0.3408239700374532
P48739-3,8.5,0.7391304347826086
Q86V25-3,0.005649717514124294,0.0006920415224913495
Q0GE19-6,0.5268817204301075,0.050359712230215826
O95670-3,0.34146341463414637,0.043478260869565216
Q9H672-2,0.7391304347826086,0.09714285714285714
P12955-2,4.804878048780488,0.4164904862579281
P16870-2,0.16666666666666666,0.04477611940298507
Q7Z4L9-2,0.3953488372093023,0.068
Q9UIV1-2,2.3333333333333335,0.296969696969697
Q86WT6-2,0.07547169811320754,0.009569377990430622
O75031-2,0.16,0.024
Q9H2A2-2,4.407407407407407,0.4103448275862069
P49326-2,1.640625,0.16786570743405277
Q96CU9-2,1.819905213270142,0.2006269592476489
Q16877-3,0.7941176470588235,0.1111111111111111
O75688-4,0.1188118811881188,0.022222222222222223
P54687-4,3.0,1.0
Q9BRR6-4,0.5691318327974276,0.057337220602526724
Q9Y697-2,0.48333333333333334,0.11740890688259109
P50213-2,2.128205128205128,0.26517571884984026
Q9Y277-2,,
P04899-6,2.75,0.29606625258799174
Q92876-2,2.3457943925233646,0.2502492522432702
Q9NQH7-4,0.30434782608695654,0.08235294117647059
P23946-2,2.018018018018018,0.21414913957934992
Q8IY31-4,0.38461538461538464,0.050505050505050504
Q12794-5,0.9845559845559846,0.10179640718562874
Q86X76-2,0.16666666666666666,0.05
Q7Z7K6-2,0.8023255813953488,0.13690476190476192
O75602-2,0.6666666666666666,0.08214285714285714
Q9Y2T3-3,,
O95749-2,2.5185185185185186,0.26153846153846155
P11172-2,0.3595505617977528,0.035398230088495575
O14818-2,3.4714285714285715,0.35064935064935066
P05976-2,0.7692307692307693,0.15503875968992248
Q9BY49-2,1.0616438356164384,0.10045366169799093
P09471-2,1.5,0.15489989462592202
Q8IVS8-6,0.4851190476190476,0.04679873672121734
Q8IW45-3,0.9547511312217195,0.09177903436276642
P22234-2,10.0,1.0
Q9UGP5-2,0.5067567567567568,0.071360608943863
P28065-2,1.2,0.2608695652173913
Q08431-2,1.2767857142857142,0.16049382716049382
Q9BRQ4-2,3.0789473684210527,0.3556231003039514
P49821-2,0.6666666666666666,0.16666666666666666
Q9BY32-2,4.647058823529412,0.4619883040935672
Q9NPJ8-4,2.0714285714285716,0.23387096774193547
Q9UK99-2,0.3103448275862069,0.05084745762711865
Q8N461-2,0.4009433962264151,0.05723905723905724
Q9H2M3-2,2.875,0.26062322946175637
P46952-2,1.2302158273381294,0.13083397092578425
Q86WA6-2,0.37142857142857144,0.09090909090909091
Q96C11-5,3.5681818181818183,0.3230452674897119
Q7L5Y1-2,2.0980392156862746,0.1974169741697417
Q9NPA8-2,2.8,0.4117647058823529
Q9NXA8-4,2.2037037037037037,0.2644444444444444
P12955-3,2.046875,0.20695102685624012
P41247-2,2.942528735632184,0.25147347740667975
Q9BUU2-3,0.9866666666666667,0.14140127388535031
Q8N983-4,0.05,0.012552301255230125
O14732-2,2.896551724137931,0.302158273381295
Q96K12-2,1.5051546391752577,0.146
P22694-5,1.1538461538461537,0.15151515151515152
Q3LXA3-2,3.2,0.29411764705882354
Q15782-6,0.6,0.15
Q6UWP7-3,0.15789473684210525,0.026785714285714284
Q15165-3,8.416666666666666,0.7062937062937062
Q8TBC4-2,0.9285714285714286,0.12380952380952381
Q8IUZ5-2,0.5102040816326531,0.048382637544926735
Q9UJ68-2,1.7121212121212122,0.2832080200501253
P22694-8,2.031578947368421,0.24094881398252185
P08962-3,0.7804878048780488,0.08333333333333333
Q8N987-2,0.15139442231075698,0.02132435465768799
P34896-2,3.4615384615384617,0.3543307086614173
Q15435-2,0.32558139534883723,0.07526881720430108
P19440-3,1.7151162790697674,0.1560021152829191
Q9NTK5-2,1.4493670886075949,0.15695681973954764
P40337-3,0.09433962264150944,0.025906735751295335
P16118-2,2.7777777777777777,0.31347962382445144
Q8NBI6-2,0.6990740740740741,0.08449916060436485
Q9H4Y5-2,2.1470588235294117,0.21282798833819241
Q12794-6,0.2949852507374631,0.029137529137529136
Q9Y600-3,,
P32929-2,4.363636363636363,0.3609022556390977
Q7L5A8-2,0.8169014084507042,0.10151691948658109
Q6NXE6-2,0.28,0.07368421052631578
Q13404-1,1.0,0.2631578947368421
Q16719-2,1.950920245398773,0.18973747016706444
O95198-3,0.8068181818181818,0.11696869851729819
P15428-2,1.72,0.18067226890756302
Q9H0R3-2,1.3854166666666667,0.17997293640054127
P22694-7,1.5,0.19148936170212766
Q9UJ83-2,7.111111111111111,0.5161290322580645
Q9NVV5-4,2.7,0.3253012048192771
P63096-2,2.7884615384615383,0.29774127310061604
P20711-2,1.7393939393939395,0.17553516819571865
Q9UDX3-2,4.413043478260869,0.45617977528089887
Q15404-2,1.3962264150943395,0.1510204081632653
Q96BW1-3,0.006493506493506494,0.0008169934640522876
Q9Y394-2,1.58,0.18244803695150116
Q6UWW8-2,0.7451523545706371,0.07047419439350275
Q6XPS3-6,0.41033434650455924,0.045902754165249915
P52788-2,2.8867924528301887,0.2828096118299446
Q96KP4-2,4.309523809523809,0.40311804008908686
Q9H008-2,2.2950819672131146,0.20958083832335328
P20151-4,2.5588235294117645,0.2761904761904762
Q8NBJ7-2,2.0795454545454546,0.26483357452966716
Q6UWM7-2,1.4971098265895955,0.15190615835777127
O95168-2,0.5,0.08333333333333333
P40394-2,1.0588235294117647,0.19148936170212766
Q9UI30-2,4.2,0.6
Q9H9T3-5,1.076086956521739,0.11827956989247312
Q9NRZ7-2,2.0483870967741935,0.20450885668276972
O43617-2,1.173913043478261,0.15168539325842698
Q9UQ07-2,0.7127659574468085,0.12859884836852206
P49447-2,1.2327586206896552,0.13789778206364514
Q9UH77-2,0.3125,0.07692307692307693
Q9UHK6-5,0.8,0.2222222222222222
P23141-3,9.0,1.0
O95670-2,0.5,0.0625
P15559-2,4.264705882352941,0.39295392953929537
Q6P587-2,6.0,0.631578947368421
P32929-3,6.375,0.5368421052631579
Q330K2-2,0.765625,0.15654952076677317
Q9Y5B8-2,2.5555555555555554,0.2598870056497175
Q9HAT2-2,2.7714285714285714,0.3991769547325103
O14929-2,1.8352941176470587,0.1875
Q5TC12-2,0.3973509933774834,0.06666666666666667
P60660-2,3.625,0.3972602739726027
Q9P2W1-3,0.112,0.013232514177693762
O75602-5,1.5263157894736843,0.17261904761904762
P04899-3,1.6578947368421053,0.20257234726688103
P36543-2,0.9090909090909091,0.11363636363636363
Q16222-2,1.1176470588235294,0.2923076923076923
O15527-8,1.3793103448275863,0.20618556701030927
Q3I5F7-2,0.8317757009345794,0.08039747064137308
P08243-2,6.095238095238095,0.5161290322580645
P22694-6,1.0714285714285714,0.14018691588785046
P51857-3,3.8048780487804876,0.33620689655172414
P40925-3,,
P35557-2,1.3571428571428572,0.17117117117117117
Q8WZ79-2,0.8461538461538461,0.08808808808808809
P55084-2,0.14705882352941177,0.045871559633027525
O14773-2,1.662551440329218,0.17766051011433598
Q8N138-4,4.125,0.3793103448275862
O15527-2,1.1785714285714286,0.18435754189944134
Q16850-2,0.819047619047619,0.09684684684684684
Q9NZH7-2,0.935064935064935,0.17647058823529413
P17174-2,1.4736842105263157,0.2
O94889-2,1.3076923076923077,0.16377649325626203
Q9Y2V0-2,1.2346938775510203,0.12804232804232804
P0CL85-2,2.111111111111111,0.2753623188405797
Q9UKL6-2,2.1666666666666665,0.23780487804878048
Q86SQ9-2,,
P13804-2,3.673469387755102,0.3284671532846715
P08243-3,2.8795180722891565,0.26350606394707826
P05186-2,2.8877551020408165,0.319774011299435
P22557-3,0.19014084507042253,0.0410958904109589
O75688-2,0.1188118811881188,0.022222222222222223
Q13283-2,0.2808022922636103,0.052127659574468084
Q8WUJ1-3,1.0535714285714286,0.11500974658869395
Q13303-2,1.7142857142857142,0.32432432432432434
Q6N063-2,1.6885245901639345,0.19109461966604824
P16520-2,3.6511627906976742,0.3405639913232104
P54687-2,2.3359375,0.2653061224489796
P09493-2,0.014134275618374558,0.0017825311942959
P13584-2,,
Q15257-2,1.4,0.3006134969325153
P23368-2,1.927927927927928,0.19925512104283055
P24390-2,2.8870967741935485,0.2901134521880065
Q8TE04-2,0.09829059829059829,0.025755879059350503
Q8NDH3-5,3.9375,0.39789473684210525
Q9Y316-3,3.3684210526315788,0.41025641025641024
Q96DV4-2,0.5597826086956522,0.08194112967382657
P04798-3,0.003913894324853229,0.00039184952978056425
Q9NXJ5-2,1.844155844155844,0.1770573566084788
Q8NFF5-2,0.35051546391752575,0.0648854961832061
P30613-2,0.4375,0.08536585365853659
P13928-3,1.435483870967742,0.14759535655058043
Q9H7C9-3,3.8444444444444446,0.3596673596673597
P22694-9,1.3846153846153846,0.17647058823529413
P16671-2,1.4120603015075377,0.1374083129584352
O75431-2,1.75,0.22105263157894736
Q969Q6-2,0.6727272727272727,0.09511568123393316
O14645-2,0.4122137404580153,0.060267857142857144
Q9UGK8-2,1.1751412429378532,0.13367609254498714
Q71UI9-4,1.0,0.17567567567567569
P56705-2,1.4363636363636363,0.16844349680170576
Q8NDZ4-2,0.7110091743119266,0.07586882036221243
Q9NSC5-4,0.04918032786885246,0.007042253521126761
Q9P0N9-3,1.0277777777777777,0.11144578313253012
Q8IY45-2,1.1111111111111112,0.1724137931034483
Q16773-2,3.74,0.3333333333333333
O15392-4,0.3793103448275862,0.04932735426008968
Q16537-3,1.25,0.1903807615230461
Q14181-2,0.011725293132328308,0.0012453300124533001
Q5SGD2-3,1.378787878787879,0.1566265060240964
Q5XG92-4,1.4742268041237114,0.14130434782608695
Q8TDQ7-5,5.352941176470588,0.48404255319148937
Q12765-3,4.279411764705882,0.4092827004219409
P25705-2,0.4,0.10101010101010101
P0DJI9-2,1.8444444444444446,0.20595533498759305
P49903-3,1.6567164179104477,0.21553398058252426
Q8WYA6-3,0.31746031746031744,0.036101083032490974
Q9BRR6-3,0.8410041841004184,0.0860813704496788
P48637-2,3.4234234234234235,0.3161397670549085
Q9NRG7-3,1.3055555555555556,0.12760180995475112
Q6UWF7-2,0.7922535211267606,0.08847817538340542
P67812-2,0.6153846153846154,0.08163265306122448
Q6P1Q0-4,0.3821656050955414,0.05338078291814947
Q11203-15,1.5294117647058822,0.23214285714285715
Q86TE4-3,0.04672897196261682,0.008756567425569177
Q96S06-2,1.2869198312236287,0.1338306274681878
P52298-2,1.2,0.1875
O00746-2,2.1,0.28994082840236685
Q99536-2,1.6940298507462686,0.20692798541476753
Q9H6Q4-3,0.7352941176470589,0.10148849797023005
Q96E66-3,1.1956521739130435,0.15151515151515152
Q00796-2,0.8239700374531835,0.07617728531855955
P35557-3,1.3571428571428572,0.17117117117117117
Q96E29-3,0.0743801652892562,0.016822429906542057
Q8WYA6-2,0.40106951871657753,0.04873294346978557
Q8IXA5-2,0.2028985507246377,0.04929577464788732
O15305-2,1.3923076923076922,0.141295862607338
Q8WYK0-2,0.31794871794871793,0.0319094184251158
Q07973-3,1.4429530201342282,0.17493897477624085
Q9BTE0-2,10.0,1.0
Q16836-3,,
P00338-3,,
Q9BPW9-2,1.2585034013605443,0.12036434612882238
P32189-1,0.8938906752411575,0.08353365384615384
Q92874-2,0.47619047619047616,0.0847457627118644
P45880-2,0.8181818181818182,0.1836734693877551
Q86WU2-2,0.8695652173913043,0.18867924528301888
O00154-6,0.6607142857142857,0.1417624521072797
P15428-3,1.165289256198347,0.10436713545521836
P35240-7,0.5192878338278932,0.06159802886307638
Q8N4S7-2,2.5384615384615383,0.2456575682382134
O95864-3,3.5254237288135593,0.3365695792880259
P19224-2,0.6292134831460674,0.065625
Q9BZP6-2,2.3703703703703702,0.2331511839708561
Q86WT6-3,0.058823529411764705,0.007434944237918215
P61962-2,0.97,0.09519136408243375
Q9Y255-2,2.272727272727273,0.3424657534246575
P34913-2,3.339622641509434,0.31438721136767317
Q96IV6-2,0.6086956521739131,0.07865168539325842
Q6ZQY3-3,1.2815533980582525,0.12840466926070038
Q70UQ0-2,0.11320754716981132,0.018461538461538463
Q99720-4,1.5454545454545454,0.1526530612244898
Q15172-2,0.9833333333333333,0.1838006230529595
Q9UHB4-4,6.571428571428571,0.6571428571428571
Q9H0F7-2,2.875,0.36507936507936506
Q86TE4-2,0.056338028169014086,0.010526315789473684
Q9NZL9-2,1.2,0.17391304347826086
Q96CB9-4,0.9387755102040817,0.16911764705882354
Q9H903-3,0.005780346820809248,0.0005995203836930455
Q96PM5-6,2.892857142857143,0.41116751269035534
Q7Z6V5-2,2.765957446808511,0.2995391705069124
Q6PIU2-2,13.0,1.0
Q9Y6K8-2,0.03287671232876712,0.004178272980501393
Q9NQY0-2,1.4259259259259258,0.1746031746031746
P06753-3,0.014084507042253521,0.001774622892635315
O95199-2,0.5416666666666666,0.1262135922330097
P13995-2,1.5490196078431373,0.19036144578313252
Q8NFF5-3,0.005119453924914676,0.0005598059339428998
P78417-2,2.090909090909091,0.22044728434504793
P07902-2,1.352,0.1792152704135737
Q3SYC2-2,1.5609756097560976,0.1772853185595568
P61923-5,1.3529411764705883,0.2
Q8WWV3-2,2.44,0.3057644110275689
P09493-5,0.014134275618374558,0.0017825311942959
Q9H310-4,1.5797101449275361,0.18696397941680962
Q9P2T1-2,,
Q9UHG3-2,2.675324675324675,0.2710526315789474
P48729-3,0.25,0.06976744186046512
Q96MS3-2,3.15,0.32142857142857145
Q9NRN7-2,1.180232558139535,0.13781398506449424
Q969T7-2,3.0,0.41379310344827586
Q9Y6W6-2,0.3713450292397661,0.05194274028629857
Q9Y3A0-2,0.16666666666666666,0.05
Q16222-3,7.0,1.0
Q6P1A2-2,1.825,0.18527918781725888
P07951-3,0.024822695035460994,0.003120820329915292
P06753-2,0.014084507042253521,0.001774622892635315
O75608-2,3.0,0.34285714285714286
Q9UJ83-3,2.4878048780487805,0.22270742358078602
O00762-2,1.0512820512820513,0.17012448132780084
O14717-5,0.3933933933933934,0.04418212478920742
O14530-2,0.48717948717948717,0.10052910052910052
P23381-2,1.0,0.12312312312312312
Q99426-2,2.156862745098039,0.2391304347826087
P60953-1,2.2413793103448274,0.28634361233480177
Q9Y2Q3-3,4.333333333333333,0.4406779661016949
Q5XG92-6,2.0918367346938775,0.23007856341189675
P06753-4,0.014084507042253521,0.001774622892635315
P10155-3,4.25,0.3953488372093023
O43427-2,2.0,0.3684210526315789
P19971-2,,
Q6P1K2-4,0.725,0.13744075829383887
Q6PII5-2,1.2333333333333334,0.1615720524017467
O95169-3,0.16129032258064516,0.031446540880503145
O95498-6,3.2641509433962264,0.4209245742092457
Q96PC3-3,1.2280701754385965,0.1417004048582996
P27352-2,0.64,0.1568627450980392
Q9HCC0-2,4.2894736842105265,0.35824175824175825
Q86SQ9-3,2.7435897435897436,0.27365728900255754
P68036-2,2.75,0.28205128205128205
P60604-2,2.5,0.2734375
P54687-5,3.0,1.0
O00743-2,5.181818181818182,0.4672131147540984
P09417-2,2.903225806451613,0.3
Q9BRP4-2,3.6551724137931036,0.36054421768707484
Q5SGD2-2,1.1787709497206704,0.1281117182756527
Q9NUI1-3,4.479166666666667,0.4207436399217221
Q14344-2,2.389473684210526,0.27056019070321813
Q13572-2,0.9380530973451328,0.16307692307692306
O60701-2,1.9701492537313432,0.19411764705882353
Q9UJ68-5,0.13636363636363635,0.0379746835443038
P56282-3,3.25,0.3333333333333333
P08559-3,5.0,0.4155495978552279
P51965-2,0.46938775510204084,0.09465020576131687
Q9BZX4-2,0.8804347826086957,0.1148936170212766
P32754-2,4.564102564102564,0.4734042553191489
O95394-3,3.0,1.0
Q9UQ80-2,2.8703703703703702,0.2897196261682243
Q5MY95-2,3.27027027027027,0.32439678284182305
Q9BVG3-2,0.08888888888888889,0.010526315789473684
P06133-3,1.4484848484848485,0.1472581638940234
P62491-2,1.6571428571428573,0.21641791044776118
P17707-2,1.0472972972972974,0.10465901417960838
Q9NTG7-2,0.9084507042253521,0.15412186379928317
Q9H503-2,,
Q04760-2,3.2,0.43636363636363634
P21695-2,6.3478260869565215,0.5748031496062992
Q96N66-3,0.8359375,0.08663967611336032
Q9H9T3-2,1.5,0.23076923076923078
Q9UJ68-3,1.553191489361702,0.29554655870445345
Q16635-7,3.857142857142857,0.4909090909090909
Q9H0W9-3,6.4,0.5517241379310345
O95394-4,,
P61966-2,0.8064516129032258,0.09881422924901186
Q09028-3,0.8095238095238095,0.1650485436893204
P06753-5,0.014084507042253521,0.001774622892635315
P11310-2,,
P20711-3,3.5641025641025643,0.33737864077669905
Q3KNS6-2,0.2810810810810811,0.04304635761589404
P16671-4,2.1333333333333333,0.22456140350877193
P98173-3,0.34210526315789475,0.05263157894736842
Q99720-3,4.806451612903226,0.4613003095975232
Q96E40-2,0.05263157894736842,0.014084507042253521
Q5QJU3-2,2.7142857142857144,0.3071593533487298
Q16635-8,2.5,0.30612244897959184
A6XGL0-2,1.04,0.16352201257861634
P30566-2,1.6779661016949152,0.18299445471349354
Q7Z4H8-2,1.8636363636363635,0.21391304347826087
Q96LA8-2,2.380952380952381,0.22727272727272727
Q7L266-2,2.9765625,0.24282982791587
P32189-2,3.1666666666666665,0.5135135135135135
P20839-4,8.6,0.6825396825396826
P50440-2,0.1111111111111111,0.029850746268656716
O76081-4,0.10569105691056911,0.023090586145648313
P06753-6,0.06635071090047394,0.008323424494649227
Q96AT9-4,5.482758620689655,0.4774774774774775
P10619-2,4.764705882352941,0.4909090909090909
Q9BVC4-5,11.0,1.0
Q96C11-3,,
P34897-2,4.9,0.5764705882352941
P40937-2,0.9523809523809523,0.2
P04424-3,5.230769230769231,0.4503311258278146
Q16773-3,2.098445595854922,0.19536903039073805
P08397-2,0.47058823529411764,0.11764705882352941
Q5VWZ2-2,3.5,0.37333333333333335
Q9UK99-3,0.09174311926605505,0.009569377990430622
P55263-4,4.03125,0.4607142857142857
Q96GX9-3,2.2115384615384617,0.2668213457076566
Q5VTY9-6,0.8686131386861314,0.08518253400143164
Q9Y575-2,0.7671232876712328,0.07865168539325842
Q8NBT2-2,0.43478260869565216,0.05434782608695652
Q13795-4,1.7093023255813953,0.18036809815950922
O60701-3,1.5463917525773196,0.14534883720930233
Q9BW91-2,0.36,0.08823529411764706
Q96PB7-6,0.01050420168067227,0.0011560693641618498
P01116-2,1.7837837837837838,0.22
P43250-3,0.47058823529411764,0.14285714285714285
P32321-2,,
Q15369-2,2.125,0.3333333333333333
Q9Y6Q5-2,8.0,1.0
Q9Y3A3-2,0.59375,0.10982658959537572
O00442-2,,
O14520-2,0.005865102639296188,0.0006333122229259025
P51689-3,2.2444444444444445,0.271505376344086
P00367-3,1.8716216216216217,0.24534986713906112
P62316-2,1.8,0.2727272727272727
Q08623-2,2.2093023255813953,0.23227383863080683
P36543-3,2.5,0.2542372881355932
Q96JD6-4,3.7857142857142856,0.4690265486725664
P51854-1,0.2903225806451613,0.0264032857422257
Q9UNE7-2,0.7222222222222222,0.08441558441558442
Q14994-2,3.75,0.6
P62258-2,2.3181818181818183,0.24170616113744076
Q9UKR3-2,1.75,0.18370165745856354
P10632-2,1.8623853211009174,0.1891891891891892
Q9UHB4-2,,
O95379-2,0.5555555555555556,0.16129032258064516
Q86UY6-3,0.6666666666666666,0.0875
Q9Y6I7-2,1.3904109589041096,0.15205992509363295
Q9NZQ7-3,1.2035398230088497,0.1504424778761062
P28066-2,3.5689655172413794,0.350253807106599
O94788-2,6.552631578947368,0.5496688741721855
P22304-2,2.0186915887850465,0.2072936660268714
P32189-4,0.27586206896551724,0.039603960396039604
Q5VYX0-2,2.6041666666666665,0.23629489603024575
P19440-2,2.6331877729257642,0.22542056074766356
Q53H76-4,0.7167630057803468,0.07654320987654321
P0C7U1-2,0.32142857142857145,0.06040268456375839
P36639-3,,
Q9BT78-2,0.875,0.1048252911813644
Q8IX90-2,0.026455026455026454,0.005512679162072767
Q9Y5N5-2,5.714285714285714,0.5633802816901409
P30419-2,0.05,0.013793103448275862
Q7Z5P4-2,3.138888888888889,0.31129476584022037
Q99873-2,0.10714285714285714,0.031578947368421054
O00764-2,3.9642857142857144,0.37373737373737376
P54107-2,1.5277777777777777,0.16129032258064516
A2RU49-3,1.7124183006535947,0.1578313253012048
Q8N983-3,0.05,0.012552301255230125
Q9BQ13-2,0.43333333333333335,0.09774436090225563
P11177-3,7.333333333333333,0.6804123711340206
Q86YM7-2,0.8461538461538461,0.11506276150627615
Q9NVV5-1,0.8333333333333334,0.14705882352941177
Q9P2W1-2,1.8333333333333333,0.275
Q9BYV7-6,2.980952380952381,0.3626882966396292
Q9BTT6-2,0.23880597014925373,0.025756600128783
O00142-5,1.9793814432989691,0.2696629213483146
Q9C0B1-4,0.3508771929824561,0.03653444676409186
Q9Y689-2,3.891891891891892,0.4022346368715084
O75832-2,1.077922077922078,0.10387984981226533
Q6NTF7-3,0.3684210526315789,0.09090909090909091
Q9NUZ1-3,0.5859649122807018,0.05796598403332176
Q00005-6,0.6363636363636364,0.14285714285714285
O76054-5,2.4096385542168677,0.2304147465437788
Q8NFU3-4,,
Q8NEB5-3,1.6097560975609757,0.19879518072289157
P23141-2,,
P23919-2,5.625,0.5335968379446641
Q9H3U5-4,2.5753424657534247,0.2874617737003058
P56282-2,4.269230769230769,0.4530612244897959
P37268-2,1.96875,0.21140939597315436
Q96MI6-4,1.0660377358490567,0.11945031712473574
P11172-3,1.5,0.15401785714285715
Q99538-2,2.3859649122807016,0.2556390977443609
Q9NV06-2,0.5746478873239437,0.05752961082910321
Q08623-4,,
Q9Y3D8-2,9.375,0.7425742574257426
O60656-2,1.3232323232323233,0.16645489199491742
Q01740-2,2.984126984126984,0.3022508038585209
P49366-3,0.7910447761194029,0.10453648915187377
Q9HC38-3,0.6028368794326241,0.0620891161431702
Q9BY32-3,2.926829268292683,0.31746031746031744
P48728-4,4.625,0.5414634146341464
Q96CD2-2,1.4935064935064934,0.16312056737588654
P61160-2,,
Q96MN5-2,0.5402298850574713,0.0717557251908397
Q9BY41-5,2.0833333333333335,0.1971326164874552
Q9NUQ9-2,1.2397260273972603,0.12508638562543192
P56559-2,,
Q8WWU7-2,9.0,1.0
Q9BYV7-2,0.23529411764705882,0.041237113402061855
P49459-3,1.5066666666666666,0.15983026874115983
P0DTE5-2,3.6818181818181817,0.3584070796460177
Q8NEB5-2,2.6037735849056602,0.2948717948717949
Q9H2P9-6,8.0,1.0
Q9H0R6-2,1.346938775510204,0.132317562149158
Q6XQN6-3,5.615384615384615,0.584
Q92600-3,1.4,0.17225950782997762
P26373-2,2.382978723404255,0.27722772277227725
Q6T311-2,2.78125,0.3212996389891697
Q6NYC1-2,0.06976744186046512,0.018867924528301886
Q99714-2,11.444444444444445,0.7744360902255639
P30085-2,2.142857142857143,0.21739130434782608
P16671-3,3.4615384615384617,0.3698630136986301
Q9Y4Y9-2,2.586206896551724,0.3393665158371041
O43447-2,3.2,0.29739776951672864
P00338-4,2.5,0.24046434494195687
Q8TDX5-2,2.0121951219512195,0.20395550061804696
Q9NV96-3,1.7142857142857142,0.2222222222222222
Q99489-3,,
Q02083-2,4.361111111111111,0.4077922077922078
Q03154-2,5.027777777777778,0.42289719626168226
Q8N490-4,0.6233766233766234,0.1111111111111111
Q9BPW9-3,2.658536585365854,0.287598944591029
Q8WXB1-2,1.3893129770992367,0.14330708661417324
Q9Y4X0-4,0.3252032520325203,0.08163265306122448
Q9UHA4-2,5.285714285714286,0.6271186440677966
P35030-5,0.07246376811594203,0.019455252918287938
O14521-2,0.15384615384615385,0.03896103896103896
P35030-3,0.07246376811594203,0.019455252918287938
Q8NBZ7-3,0.8095238095238095,0.08831168831168831
Q8N945-2,2.481012658227848,0.27298050139275765
Q6PIY5-2,0.631578947368421,0.06896551724137931
Q86V88-2,1.6428571428571428,0.18699186991869918
Q9Y5P6-2,,
Q63HM1-2,,
Q13642-1,0.7204301075268817,0.15331807780320367
O00154-4,0.6607142857142857,0.1417624521072797
Q9NR28-2,0.1694915254237288,0.032679738562091505
O95219-2,1.186206896551724,0.16257088846880907
P18621-2,4.131578947368421,0.4254742547425474
Q8WWX0-2,0.15625,0.021645021645021644
Q15119-2,2.171875,0.21752738654147105
P20711-4,1.6021505376344085,0.1515768056968464
P12081-4,3.45,0.3770491803278688
Q96DT0-6,3.013888888888889,0.396709323583181
Q9H867-5,2.6285714285714286,0.3026315789473684
Q9NRC8-3,0.005012531328320802,0.0005291005291005291
Q6ZRR5-3,,
Q6QEF8-5,4.0,0.3553299492385787
P37268-3,2.0588235294117645,0.20420070011668612
O95379-3,0.5,0.14285714285714285
Q16653-2,0.8717948717948718,0.1118421052631579
P06744-2,2.347826086956522,0.23362175525339926
Q9UH77-3,0.8414634146341463,0.1183533447684391
Q9BZZ5-3,0.7380952380952381,0.1409090909090909
Q9H237-5,0.7573221757322176,0.07764907764907765
P15848-2,1.6356589147286822,0.18268398268398267
Q8NEY4-2,0.34782608695652173,0.07079646017699115
P25325-2,,
P09493-8,0.040983606557377046,0.005159958720330237
Q9NPF8-2,10.0,1.0
O00712-2,0.31196581196581197,0.07549120992761117
Q08477-2,3.5625,0.3320388349514563
Q96FN4-2,1.4313725490196079,0.167816091954023
Q8IUC8-3,2.869565217391304,0.2972972972972973
P36269-3,,
Q9UKF7-2,0.6979166666666666,0.14533622559652928
Q5VUJ9-2,0.007462686567164179,0.0010775862068965517
Q8TBK2-2,1.4583333333333333,0.2845528455284553
Q09028-4,1.4857142857142858,0.18055555555555555
Q9UL33-2,11.0,1.0
Q9UKU7-3,0.004830917874396135,0.0004576659038901602
P19883-2,0.25925925925925924,0.0707070707070707
Q6N063-4,1.3109756097560976,0.14439220953660176
P11712-2,0.9121212121212121,0.08778069407990668
Q9BRF8-2,1.9014084507042253,0.18194070080862534
Q00005-3,0.45,0.10588235294117647
Q96CU9-3,0.2222222222222222,0.06
Q8TC84-2,1.4761904761904763,0.2052980132450331
Q49AR2-2,1.0226415094339623,0.11696158826068191
Q9H6V9-4,1.1846153846153846,0.11613876319758673
Q5VT66-3,0.692,0.07296499367355547
O15527-6,0.9290322580645162,0.09664429530201342
Q9UNH7-2,1.6810344827586208,0.20504731861198738
Q494R4-2,0.12790697674418605,0.017107309486780714
P49914-2,2.1621621621621623,0.23255813953488372
Q9H832-2,0.7129629629629629,0.141804788213628
Q5U3C3-2,1.348993288590604,0.15011202389843167
Q9UJT1-6,2.656862745098039,0.28258602711157454
Q9Y5K2-2,0.003952569169960474,0.00039603960396039607
P09493-7,0.040983606557377046,0.005159958720330237
O76075-2,1.5714285714285714,0.1864406779661017
P15309-2,0.7142857142857143,0.23809523809523808
O00154-2,0.015873015873015872,0.0017006802721088435
Q99873-3,0.3333333333333333,0.10714285714285714
Q09028-2,8.0,1.0
Q9BYV7-4,0.4107142857142857,0.04122684724158534
Q6NTF7-2,0.3684210526315789,0.09090909090909091
Q9BXD5-3,1.3770491803278688,0.15849056603773584
P36268-2,8.0,0.6779661016949152
O96019-2,3.9047619047619047,0.36771300448430494
Q86TU7-3,0.5498392282958199,0.06544202066590127
Q9NY65-2,2.909090909090909,0.2659279778393352
Q16698-2,0.18181818181818182,0.05263157894736842
Q12765-2,,
Q8NES3-2,1.1608391608391608,0.17436974789915966
O43820-3,0.9116465863453815,0.09478079331941545
Q5VYY2-2,1.1875,0.15447154471544716
Q9C029-3,0.0673076923076923,0.008274231678486997
Q8IY49-2,1.7916666666666667,0.23243243243243245
P49419-4,3.15625,0.3098159509202454
P07093-2,4.0,0.8
P09493-9,0.37037037037037035,0.04950495049504951
Q8N4T4-2,1.5777777777777777,0.18441558441558442
P09493-3,0.10416666666666667,0.013262599469496022
Q8N145-2,6.166666666666667,0.578125
Q6DHV7-3,5.333333333333333,0.4768211920529801
O76083-10,0.04608294930875576,0.006675567423230975
Q9P003-2,2.0425531914893615,0.22325581395348837
Q99685-2,1.3862433862433863,0.13047808764940239
Q6GPH4-3,0.1,0.017278617710583154
Q8N443-3,0.03194888178913738,0.0043782837127845885
Q8NDH3-4,3.8979591836734695,0.3970893970893971
Q9BXS5-2,,
P09493-6,0.5,0.0625
Q96DT0-2,2.180327868852459,0.3204819277108434
P36268-3,7.5,0.8823529411764706
Q9NYQ3-2,,
Q9H1Y0-2,1.9102564102564104,0.20608575380359612
P54819-4,0.008403361344537815,0.0008764241893076249
Q9HAW8-2,1.3131313131313131,0.16624040920716113
Q9NZQ0-3,0.7835051546391752,0.08351648351648351
P49961-5,2.0833333333333335,0.21087160262417995
Q8WVQ1-3,0.6078431372549019,0.09967845659163987
Q9H4P4-2,0.6338028169014085,0.06891271056661562
Q15435-4,0.037900874635568516,0.004028509451502944
Q5VST6-2,4.5,0.8181818181818182
P38405-3,0.7391304347826086,0.08090957165520889
Q9HCC8-2,1.9746835443037976,0.22608695652173913
P18510-2,0.25,0.06666666666666667
Q5VSG8-2,0.9469387755102041,0.1157684630738523
O75521-2,0.2,0.056
Q13325-2,2.3541666666666665,0.218568665377176
P67936-2,0.32558139534883723,0.04142011834319527
Q9HB55-3,3.0352941176470587,0.3225
P24557-2,1.537313432835821,0.18425760286225404
Q13795-2,3.2142857142857144,0.36
Q16653-8,0.48,0.06382978723404255
P08621-3,0.30935251798561153,0.048752834467120185
Q9BWS9-3,5.516129032258065,0.48169014084507045
Q5JR12-2,1.1666666666666667,0.15066899360093078
Q16653-6,0.48,0.06382978723404255
Q6ZRR5-2,1.3416666666666666,0.12910986367281477
Q8N9F7-2,2.7435897435897436,0.2565947242206235
Q0GE19-4,1.8580645161290323,0.18090452261306533
O95198-2,0.375,0.12
Q9H0U3-2,0.47317073170731705,0.05527065527065527
Q96DT0-5,0.45454545454545453,0.10869565217391304
Q9HAW7-2,1.292929292929293,0.1636828644501279
P09493-10,0.10416666666666667,0.013262599469496022
Q9BUY7-2,1.375,0.2185430463576159
Q9Y2T4-3,0.7142857142857143,0.16129032258064516
P09493-4,0.8333333333333334,0.10416666666666667
P22694-10,1.6727272727272726,0.17523809523809525
Q02985-2,0.5573770491803278,0.06273062730627306
O75344-2,0.3333333333333333,0.08108108108108109
Q16653-11,0.48,0.06382978723404255
Q5EB52-2,1.5555555555555556,0.21212121212121213
P11413-3,,
Q13362-2,0.5,0.07839388145315487
P07951-2,0.1368421052631579,0.017264276228419653
P19419-2,0.04747774480712166,0.012678288431061807
Q14554-2,0.09578544061302682,0.010360547036883548
P48728-2,3.125,0.2931323283082077
Q495B1-1,0.9285714285714286,0.1511627906976744
Q96E66-6,3.5,0.47150259067357514
Q9BY64-2,1.5333333333333334,0.1584525702172761
Q15573-2,0.3684210526315789,0.04883720930232558
P50452-2,3.0671641791044775,0.3173745173745174
P24863-2,2.2588235294117647,0.22018348623853212
P26440-2,3.3666666666666667,0.33554817275747506
O00182-3,0.45454545454545453,0.10752688172043011
P10155-5,4.25,0.3953488372093023
P78410-3,1.8571428571428572,0.24375
Q9NZL9-4,0.336734693877551,0.032490974729241874
P35504-2,1.3131313131313131,0.16666666666666666
O75355-2,2.282051282051282,0.2521246458923513
Q9UMR5-3,,
Q13309-4,0.6457399103139013,0.08256880733944955
P06133-2,1.1073825503355705,0.1156271899088998
O95825-2,1.5414012738853504,0.16219839142091153
Q6BCY4-2,1.9642857142857142,0.20833333333333334
Q9NWS8-2,0.9052132701421801,0.16036943744752308
Q9HB55-2,,
O60880-2,1.3770491803278688,0.21761658031088082
P19224-3,1.3131313131313131,0.16581632653061223
P15531-2,,
Q9BRR6-2,7.0,1.0
Q99720-5,2.347826086956522,0.24770642201834864
Q9UQ03-2,1.0,0.2631578947368421
Q53F39-3,1.5411764705882354,0.1597560975609756
Q86X67-3,0.9603174603174603,0.10717449069973428
Q6XQN6-2,,
P05089-3,2.744186046511628,0.2489451476793249
P54687-3,4.243243243243243,0.3783132530120482
P07355-2,,
Q6ZT21-2,0.7883211678832117,0.081203007518797
P13688-3,0.06280193236714976,0.008873720136518772
Q9P2M1-2,,
P22307-4,3.4074074074074074,0.3357664233576642
Q16555-2,3.5,0.4012738853503185
P49366-2,4.23404255319149,0.3472949389179756
Q13228-4,,
Q96AT9-3,1.2831858407079646,0.12298558100084818
Q9H4K7-2,0.40789473684210525,0.04579025110782865
Q9H4B0-2,3.6,0.410958904109589
O60861-2,0.12337662337662338,0.018793273986152326
Q9UHQ1-4,1.11864406779661,0.20245398773006135
P54868-3,2.4,0.24444444444444444
Q9H237-4,2.0,0.24
Q9Y5K5-3,3.0,1.0
Q9NTX5-2,2.8333333333333335,0.37777777777777777
Q16877-2,2.742857142857143,0.2727272727272727
Q9BUY7-3,0.049689440993788817,0.006015037593984963
Q96CW1-2,5.5,0.8461538461538461
O95970-3,2.9791666666666665,0.28542914171656686
O95302-2,0.6422413793103449,0.07278944797264289
Q16653-9,0.48,0.06382978723404255
Q92496-3,0.31983805668016196,0.03599088838268793
P25774-2,3.58,0.42720763723150357
Q9BYC5-4,0.6921241050119332,0.07635597682991048
Q9NVG8-3,1.0662983425414365,0.1199502796768179
P00387-3,1.0,0.3
Q8NBI2-2,,
P53677-2,0.9867549668874173,0.1008801624915369
Q8NA58-2,4.384615384615385,0.44881889763779526
P23510-2,0.12,0.01875
Q8N3Y7-2,3.8636363636363638,0.36637931034482757
Q96CS2-2,0.19736842105263158,0.024630541871921183
Q969E2-3,1.4489795918367347,0.16745283018867924
Q8WWB7-2,2.2098765432098766,0.25755395683453236
P52895-2,1.045,0.10507792860734037
Q7Z4G4-3,0.8809523809523809,0.09762532981530343
P50395-2,4.066666666666666,0.3952483801295896
P10155-4,3.0,0.32608695652173914
Q01344-3,0.10227272727272728,0.018556701030927835
Q8N8Q1-5,1.9649122807017543,0.21052631578947367
Q9UNW1-4,1.6981132075471699,0.18556701030927836
Q86YJ6-4,4.639344262295082,0.3860845839017735
P08559-2,,
Q96BW9-3,0.16546762589928057,0.0343796711509716
P29466-5,0.7310126582278481,0.0816542948038176
Q9Y251-4,1.7597765363128492,0.1655281135049921
Q15120-2,,
P68366-2,8.933333333333334,0.638095238095238
Q96CB9-3,1.188073394495413,0.12591152163344677
O15392-5,0.5263157894736842,0.06578947368421052
O43280-2,4.90625,0.38957816377171217
Q16667-2,2.55,0.3248407643312102
Q08431-4,0.7111111111111111,0.08
P37268-4,1.981981981981982,0.20220588235294118
P25788-2,12.142857142857142,0.794392523364486
Q8N0V5-2,0.8668941979522184,0.08949964763918253
Q969U7-2,5.451612903225806,0.5044776119402985
Q99615-2,0.7678571428571429,0.09090909090909091
O60443-2,0.4050632911392405,0.04291845493562232
Q96A58-2,2.8947368421052633,0.32934131736526945
Q9Y673-2,4.966666666666667,0.47003154574132494
Q9NPH3-2,0.01818181818181818,0.0021008403361344537
Q53G59-2,,
O75818-2,5.0,0.46184738955823296
Q86TU7-2,0.5498392282958199,0.06544202066590127
Q8TCE6-2,4.352941176470588,0.5068493150684932
Q7L1Q6-4,,
Q71F23-2,0.05785123966942149,0.015317286652078774
Q8N0V5-3,0.6547231270358306,0.06679960119641076
Q8NDH6-2,0.535593220338983,0.08540540540540541
P50225-2,1.3495934959349594,0.1360655737704918
Q9HAW9-2,1.3131313131313131,0.16624040920716113
O43324-2,1.3043478260869565,0.16393442622950818
Q969M7-7,1.0,0.15447154471544716
Q12794-7,1.2190476190476192,0.12673267326732673
O00142-2,0.2,0.043478260869565216
P54845-2,0.16546762589928057,0.0318118948824343
Q16769-2,2.979591836734694,0.3080168776371308
A6NLP5-2,1.2033898305084745,0.13948919449901767
P35503-3,1.3434343434343434,0.16942675159235668
Q8IXQ5-5,1.3541666666666667,0.16049382716049382
Q96BD8-2,1.148936170212766,0.225
P13928-2,0.8,0.07851239669421488
P20839-2,6.6,0.5305466237942122
Q6TCH4-4,3.2083333333333335,0.4031413612565445
Q8N945-3,2.1666666666666665,0.2708333333333333
O75689-2,3.576923076923077,0.3563218390804598
Q15257-4,1.6363636363636365,0.22826086956521738
Q7Z3B4-2,0.031007751937984496,0.004092769440654843
P62913-2,3.0,1.0
Q9NSP4-4,1.7763157894736843,0.19940915805022155
Q6DKJ4-3,0.8739495798319328,0.09541284403669725
P63151-2,3.0,1.0
P49961-4,1.8115942028985508,0.17806267806267806
P51398-2,1.3170731707317074,0.2727272727272727
O43708-3,2.8095238095238093,0.27699530516431925
Q9BY41-4,2.6483516483516483,0.23558162267839688
P05091-2,3.617021276595745,0.3333333333333333
Q4G0N4-3,0.852760736196319,0.11075697211155379
Q9BVC4-3,2.5757575757575757,0.25449101796407186
Q12794-2,5.8,0.4915254237288136
Q9NVD3-4,0.5571428571428572,0.05660377358490566
P62847-3,1.3333333333333333,0.4
P78410-2,0.3333333333333333,0.046632124352331605
Q9BY41-8,1.0173160173160174,0.09306930693069307
Q96G04-2,3.7941176470588234,0.41479099678456594
Q6P6B7-2,1.0128205128205128,0.11301859799713877
Q53F39-2,2.152542372881356,0.2514851485148515
Q02045-2,0.8292682926829268,0.11258278145695365
P00505-2,3.0,0.3154034229828851
O15527-7,1.3793103448275863,0.20618556701030927
P22570-2,,
Q86WD7-6,2.2375,0.2716236722306525
Q86X83-2,0.5294117647058824,0.06766917293233082
Q86X76-4,0.125,0.03773584905660377
Q96G75-2,1.0,0.11811023622047244
Q5HYI7-4,0.18181818181818182,0.03076923076923077
Q8IUI8-2,1.25,0.3333333333333333
O75884-2,3.2857142857142856,0.3795379537953795
O94905-2,0.5,0.06766917293233082
Q16401-2,2.697674418604651,0.2600896860986547
Q99572-7,0.005050505050505051,0.0005785920925747348
Q96NI8-2,0.03940886699507389,0.006837606837606838
Q9UNH5-3,0.2372093023255814,0.05788876276958002
Q96AT9-2,1.875,0.1836734693877551
Q9NXR7-4,2.85,0.3081081081081081
Q6ZMU5-2,0.09134615384615384,0.009600808489135927
Q96DT0-4,0.357487922705314,0.039572192513368985
Q9UIC8-3,2.036363636363636,0.22134387351778656
P68402-2,1.184782608695652,0.13473423980222496
Q9NS85-2,1.6133333333333333,0.2261682242990654
P27338-2,0.0038535645472061657,0.0003633720930232558
P04062-5,5.877551020408164,0.5070422535211268
O76062-2,2.4814814814814814,0.2528301886792453
P10155-2,0.5930232558139535,0.05660377358490566
Q9Y6J8-4,1.7083333333333333,0.19759036144578312
Q01344-2,0.10227272727272728,0.018556701030927835
Q86WT6-4,0.19330855018587362,0.024051803885291396
O43865-2,0.48936170212765956,0.09387755102040816
P22310-2,1.3434343434343434,0.1698595146871009
Q15257-3,2.03125,0.2838427947598253
O14832-2,1.6,0.2247191011235955
P56817-5,2.6120689655172415,0.3362930077691454
P09543-2,0.4,0.1
Q8WXK3-2,0.5849056603773585,0.0640495867768595
Q9NPH2-2,2.2734375,0.2427022518765638
Q6UW56-2,1.6379310344827587,0.22144522144522144
Q11206-5,4.0,0.5
Q9ULV4-2,,
Q14994-5,0.7264957264957265,0.07855822550831792
Q9Y5K5-2,0.7710843373493976,0.093841642228739
Q9H871-2,0.05067567567567568,0.005744925315970892
Q8WXQ8-2,3.577777777777778,0.30666666666666664
P53680-2,2.5,0.24675324675324675
Q9H867-3,1.3714285714285714,0.14545454545454545
O95965-2,0.23404255319148937,0.030414746543778803
O43174-2,1.318840579710145,0.15502555366269166
Q15833-2,9.0,0.8181818181818182
Q9Y2F9-2,0.3442622950819672,0.06752411575562701
Q8WYA6-4,0.37037037037037035,0.07042253521126761
Q96T60-2,2.142857142857143,0.25059665871121717
Q96FL8-2,0.7824561403508772,0.08147606868834491
Q8N4T4-4,3.057142857142857,0.3101449275362319
Q8IXQ5-2,0.7948717948717948,0.09597523219814241
Q8NFT2-2,0.8695652173913043,0.12738853503184713
Q96DB2-2,1.8679245283018868,0.19681908548707752
Q13509-2,3.263888888888889,0.2862362971985384
P22307-3,0.6083333333333333,0.05538694992412747
Q96JJ7-2,0.2878787878787879,0.034420289855072464
O60858-2,0.04291845493562232,0.005753739930955121
Q5T4B2-2,2.5256410256410255,0.28509406657018815
Q08722-2,0.41935483870967744,0.07784431137724551
P62847-2,1.3333333333333333,0.4
Q7Z5A7-2,0.13513513513513514,0.023923444976076555
Q9BW83-2,13.0,1.0
Q9NW38-2,,
P04818-2,2.823529411764706,0.32
Q9H237-3,2.857142857142857,0.35714285714285715
Q02928-2,2.067073170731707,0.20938851142680667
Q5T5S1-3,0.011278195488721804,0.0015205271160669033
Q9UQB9-2,0.4411764705882353,0.1048951048951049
P38571-2,1.6266666666666667,0.19614147909967847
P62068-3,0.8181818181818182,0.19148936170212766
O76083-7,0.0821256038647343,0.011913104414856343
O43731-2,3.1666666666666665,0.4222222222222222
Q13795-3,3.723404255319149,0.38293216630196936
Q69YN2-2,0.08385093167701864,0.009193054136874362
P0C024-2,3.849056603773585,0.375
P49903-4,3.507042253521127,0.39712918660287083
Q9BZP6-3,1.5279503105590062,0.14590747330960854
Q13418-3,0.8731343283582089,0.07794803464357095
P56937-2,4.125,0.42857142857142855
P22309-2,1.292929292929293,0.16326530612244897
Q11206-6,0.36363636363636365,0.047244094488188976
Q96HA9-2,1.1142857142857143,0.11436950146627566
P54819-2,1.25,0.18518518518518517
Q9H3H3-1,0.5853658536585366,0.13636363636363635
P36537-2,2.5476190476190474,0.2505854800936768
P02774-3,,
O00161-2,0.8703703703703703,0.1540983606557377
Q9H069-2,1.6296296296296295,0.176
Q03154-3,2.2,0.23636363636363636
Q96B42-2,2.2222222222222223,0.3125
Q9NYS7-3,0.8809523809523809,0.09181141439205956
P43250-2,0.47058823529411764,0.14285714285714285
P13688-2,0.06306306306306306,0.012658227848101266
P07108-3,4.5,0.8181818181818182
O15511-2,7.0,1.0
Q9P0N5-3,,
P49902-2,0.5,0.08247422680412371
Q9H977-4,,
Q99572-2,0.0963855421686747,0.011439466158245948
Q86UY8-2,0.4608879492600423,0.049726277372262775
Q9NPH0-2,1.744047619047619,0.17265763111373011
P55735-2,3.5714285714285716,0.5
Q9P000-2,1.7142857142857142,0.1791044776119403
Q8IYX1-2,2.0555555555555554,0.24342105263157895
Q8N336-3,2.125,0.3333333333333333
Q8N6M0-2,0.125,0.017496635262449527
Q9BRX8-2,1.0909090909090908,0.18181818181818182
Q9BRQ8-2,3.0462962962962963,0.27485380116959063
Q01638-4,0.007207207207207207,0.0008126777732629012
P07306-2,0.3,0.045112781954887216
P78371-2,3.0425531914893615,0.33647058823529413
Q13938-4,0.29069767441860467,0.0684931506849315
Q6PHR2-2,0.44029850746268656,0.04816326530612245
P07093-3,0.9787234042553191,0.0971635485817743
Q9NUU7-2,1.4639175257731958,0.2022792022792023
Q96LZ7-4,0.21333333333333335,0.03764705882352941
Q9H6Q4-2,1.559670781893004,0.16066129715981348
Q9NZQ9-2,0.13043478260869565,0.01775147928994083
Q6JVE9-2,0.7,0.1320754716981132
Q96EX2-4,0.40476190476190477,0.06521739130434782
Q8N118-3,1.3846153846153846,0.16917293233082706
Q8N999-3,1.7266187050359711,0.1932367149758454
Q5VUJ9-3,0.22377622377622378,0.04040404040404041
Q96DD0-2,0.5555555555555556,0.11363636363636363
P54868-2,6.285714285714286,0.5116279069767442
Q11206-4,4.0,1.0
P43353-2,3.4864864864864864,0.3573407202216066
Q96PM5-4,0.36585365853658536,0.042134831460674156
P35813-3,,
O75679-2,2.0689655172413794,0.32608695652173914
Q3B7J2-2,1.5809523809523809,0.13517915309446255
Q13609-2,3.2,0.34782608695652173
Q99720-2,3.85,0.4031413612565445
Q00005-2,0.45,0.10588235294117647
Q6AZZ1-2,0.2491103202846975,0.027515723270440252
Q6TCH4-3,1.490566037735849,0.14933837429111532
Q9Y305-3,0.9833333333333333,0.15567282321899736
Q8TC12-2,7.0,0.52
O60921-2,4.904761904761905,0.44206008583690987
Q9Y484-3,,
Q03013-3,2.442622950819672,0.24466338259441708
A0AVF1-3,2.2903225806451615,0.23588039867109634
Q99538-3,0.6559139784946236,0.0671067106710671
Q9H490-2,2.95,0.30569948186528495
P49961-2,4.0,0.6666666666666666
A6NK59-2,0.3220338983050847,0.03171953255425709
Q7LGA3-3,1.5984251968503937,0.17667536988685814
P49326-3,1.5217391304347827,0.16556291390728478
O95551-3,2.08974358974359,0.32023575638506874
Q9BZW4-2,3.037037037037037,0.30597014925373134
P13378-3,0.006920415224913495,0.001366120218579235
Q9NZA1-2,0.3485714285714286,0.08677098150782361
Q96CX3-2,1.0178571428571428,0.11899791231732777
Q7L5L3-1,3.2419354838709675,0.3087557603686636
Q4LDG9-3,2.0,0.22285714285714286
O15091-4,0.18947368421052632,0.0430622009569378
Q8NFU3-2,2.1219512195121952,0.22597402597402597
Q9UMR2-3,1.724770642201835,0.2379746835443038
P12081-3,1.1929824561403508,0.12781954887218044
P27544-2,0.23076923076923078,0.06382978723404255
Q9Y2T4-4,0.6363636363636364,0.14583333333333334
Q86UY6-4,1.54,0.1882640586797066
O75340-2,10.5,0.9130434782608695
Q9UKB1-2,1.1470588235294117,0.1780821917808219
P13674-2,2.2,0.27848101265822783
Q9NPQ8-4,7.0,1.0
Q5VTY9-5,2.1846153846153844,0.21646341463414634
Q96MA6-2,0.7058823529411765,0.07468879668049792
P11168-2,2.3524590163934427,0.24219409282700421
Q9UIJ7-2,2.8142857142857145,0.2810271041369472
Q7Z5G4-3,4.066666666666666,0.5041322314049587
Q9Y680-1,1.4795918367346939,0.1728247914183552
P57727-2,0.905511811023622,0.11442786069651742
Q99643-3,0.2647058823529412,0.043478260869565216
Q9H857-4,2.7384615384615385,0.3184257602862254
P61086-3,2.4186046511627906,0.24299065420560748
Q96DC9-2,0.9254658385093167,0.09520766773162939
P36639-2,,
Q3LIE5-3,1.7730496453900708,0.16361256544502617
Q9BVK2-2,1.763157894736842,0.1903409090909091
Q96FL9-4,0.16666666666666666,0.026022304832713755
P12081-2,3.25,0.3532608695652174
Q9NXC2-2,1.5048543689320388,0.1282051282051282
Q96DX5-2,0.625,0.08090614886731391
Q16851-2,1.7272727272727273,0.2345679012345679
Q9BUK6-5,0.43172690763052207,0.043425570591799634
O76054-4,4.674418604651163,0.4707259953161593
Q9HCH3-2,0.3561643835616438,0.038433111603843315
Q11206-2,2.6,0.4482758620689655
P0DPH7-2,2.1875,0.23026315789473684
Q96PM5-2,3.2222222222222223,0.35802469135802467
O75635-2,3.411764705882353,0.3625
P53384-2,3.272727272727273,0.3829787234042553
Q9UNK4-2,1.6626506024096386,0.17380352644836272
P04818-3,2.253012048192771,0.21718931475029035
Q9NSK7-2,0.765625,0.08404802744425385
Q8IWW8-3,1.7159763313609468,0.15491452991452992
P05108-2,1.481012658227848,0.18252730109204368
O60832-2,0.11578947368421053,0.02981029810298103
P84022-4,0.5230769230769231,0.06692913385826772
P04179-2,3.717948717948718,0.37084398976982097
O75072-2,2.3333333333333335,0.3181818181818182
Q4LDG9-2,0.6902654867256637,0.06830122591943957
Q95460-5,0.2992125984251969,0.033628318584070796
Q96PP8-2,0.10204081632653061,0.013736263736263736
P49590-2,0.88,0.15714285714285714
P22570-5,4.0,0.43243243243243246
Q9UKU7-2,1.7421875,0.15077755240027046
Q13228-3,3.338709677419355,0.3021897810218978
Q92947-2,1.25,0.16129032258064516
Q9BWP8-8,0.05555555555555555,0.01529051987767584
P54108-2,,
Q14982-3,0.8048780487804879,0.1746031746031746
P32322-2,0.3333333333333333,0.08620689655172414
P05166-2,,
P55058-4,2.909090909090909,0.31527093596059114
O95864-4,1.3235294117647058,0.15463917525773196
Q5XG92-5,1.6341463414634145,0.16680497925311202
Q8WWY3-3,0.010040160642570281,0.001226993865030675
Q9Y5K5-4,0.7710843373493976,0.093841642228739
Q9NY97-2,1.3,0.1780821917808219
Q9NUZ1-2,3.8333333333333335,0.37216828478964403
A0AVF1-2,0.691358024691358,0.07052896725440806
Q9H9T3-4,1.4846153846153847,0.15858668857847166
Q99489-2,2.4237288135593222,0.25220458553791886
P51649-2,,
O76083-9,0.10975609756097561,0.01651376146788991
P52298-3,2.2222222222222223,0.21428571428571427
Q9H115-2,3.076923076923077,0.26666666666666666
P61086-2,2.803921568627451,0.2787524366471735
P05538-2,0.01171875,0.0013972985561248254
P00390-3,4.551724137931035,0.4230769230769231
Q9NPF2-2,2.5,0.42857142857142855
P49753-2,0.6291079812206573,0.07639680729760548
Q16635-9,1.098159509202454,0.11138767890479154
Q9NQR9-3,1.4615384615384615,0.1451766953199618
Q96IF1-2,0.13189448441247004,0.026455026455026454
Q15646-3,1.4692307692307693,0.1445874337623013
Q2VPA4-2,0.0035211267605633804,0.00042069835927639884
Q8N2K0-3,0.10526315789473684,0.029411764705882353
Q8N3R3-4,0.1111111111111111,0.014678899082568808
Q12794-4,0.9078947368421053,0.08842375053395984
Q10588-2,1.7758620689655173,0.21413721413721415
P36873-2,0.3333333333333333,0.09090909090909091
Q5JVF3-3,4.739130434782608,0.42412451361867703
Q6NT32-3,2.056603773584906,0.2494279176201373
P50135-3,0.4959349593495935,0.04911433172302738
Q8IUF8-4,8.0,1.0
Q15777-2,4.421052631578948,0.43523316062176165
P20839-3,,
P36980-2,2.5714285714285716,0.3185840707964602
Q5JTJ3-3,0.13043478260869565,0.03409090909090909
P61916-2,4.769230769230769,0.4305555555555556
Q86Y78-2,0.6666666666666666,0.07349665924276169
Q9UFF9-2,1.971698113207547,0.20470127326150833
Q86TS9-2,0.15254237288135594,0.026239067055393587
Q9BXM7-2,0.39184952978056425,0.048770971517752636
Q8TAP4-3,,
P30085-3,,
Q6P4E1-3,0.0364963503649635,0.008183306055646482
Q9P2R7-2,0.36363636363636365,0.09302325581395349
Q14116-2,3.0,0.5454545454545454
P55735-4,,
P11802-2,0.975,0.10763569457221711
Q9BQT8-2,8.0,1.0
Q02252-2,5.153846153846154,0.44370860927152317
Q9NSB8-2,0.5454545454545454,0.13636363636363635
Q12933-4,2.04,0.2328767123287671
Q13740-3,0.05752212389380531,0.0064612326043737576
Q6PHR2-3,8.5,0.8947368421052632
Q9H237-2,4.8,0.5454545454545454
Q15907-2,0.6458333333333334,0.11439114391143912
Q6GPH4-4,0.1306122448979592,0.0194884287454324
O95445-2,2.4027777777777777,0.27503974562798095
Q9NXR7-3,2.8095238095238093,0.30256410256410254
Q3SY77-2,4.088235294117647,0.37066666666666664
O14775-3,0.9278846153846154,0.10206240084611316
O15460-2,3.375,0.4090909090909091
Q9H944-2,1.9479166666666667,0.20437158469945355
P46736-4,1.5263157894736843,0.17575757575757575
Q3MHD2-2,11.0,1.0
P47870-3,0.003913894324853229,0.0004962779156327543
Q8N1L4-2,2.1458333333333335,0.23146067415730337
Q9Y5L3-2,4.260869565217392,0.3983739837398374
Q01638-2,0.02145922746781116,0.002531645569620253
Q8WZ04-2,0.775,0.10299003322259136
Q9H5I1-2,1.3666666666666667,0.19617224880382775
P06493-2,2.789473684210526,0.27652173913043476
Q8TAS1-3,1.3977272727272727,0.1554993678887484
P30047-2,5.454545454545454,0.6666666666666666
Q96AB3-2,,
O43402-2,1.7142857142857142,0.18947368421052632
Q13404-8,3.4523809523809526,0.3545232273838631
Q8N5T2-2,1.6923076923076923,0.1950354609929078
P04075-2,,
O75600-2,,
Q8WY98-3,0.29411764705882354,0.03816793893129771
P04179-3,1.8333333333333333,0.1746031746031746
Q9BZW5-2,3.193548387096774,0.31230283911671924
P25786-2,,
Q6IB77-2,1.507462686567164,0.14809384164222875
Q9H313-2,,
O95498-5,0.6617283950617284,0.06317774634606317
P61764-2,2.5789473684210527,0.296969696969697
Q07812-6,1.5256410256410255,0.17372262773722627
Q16539-2,3.48,0.37662337662337664
Q86YQ8-2,0.5045317220543807,0.05293185419968304
Q9C0J1-2,0.52,0.12149532710280374
O75419-2,3.130434782608696,0.288
P22307-7,4.386363636363637,0.39148073022312374
Q8TAM2-2,0.49828178694158076,0.05380333951762523
Q9NYA1-3,,
Q9BRQ3-3,3.121212121212121,0.30930930930930933
Q9UBQ5-2,1.1111111111111112,0.16666666666666666
Q8TBG4-2,7.666666666666667,0.696969696969697
Q8WU10-2,3.408450704225352,0.3118556701030928
Q9H257-3,0.24293785310734464,0.039777983348751156
Q8TDB8-2,0.8571428571428571,0.13186813186813187
Q8NEA4-3,2.193548387096774,0.265625
P18754-2,,
Q15485-2,0.15789473684210525,0.0410958904109589
Q8IUC8-2,1.6703296703296704,0.16851441241685144
Q96AZ6-2,1.2095238095238094,0.1248770894788594
P41221-2,0.3333333333333333,0.09090909090909091
P28482-2,1.7272727272727273,0.2087912087912088
Q7KYR7-4,0.12,0.013437849944008958
P61328-2,0.2,0.040498442367601244
P04899-2,1.6578947368421053,0.20257234726688103
Q9Y639-4,1.3417721518987342,0.20866141732283464
Q15528-2,0.15873015873015872,0.032467532467532464
Q9NRW4-2,0.8,0.10909090909090909
P61244-3,0.18032786885245902,0.03514376996805112
Q14994-6,0.5604395604395604,0.059602649006622516
P33260-2,2.0847457627118646,0.22003577817531306
P04899-4,2.1666666666666665,0.23008849557522124
Q86WD7-5,1.7099236641221374,0.18855218855218855
P36269-2,6.09375,0.5718475073313783
P80188-2,4.4,0.5789473684210527
Q9P1P5-2,1.1333333333333333,0.1513353115727003
Q8WTT0-2,0.6774193548387096,0.08433734939759036
P29016-2,2.690909090909091,0.2924901185770751
P07098-3,,
P49961-6,3.5,0.5384615384615384
Q9Y285-2,3.7096774193548385,0.45454545454545453
Q8NHW4-2,6.8,0.7391304347826086
Q9C035-5,0.13991769547325103,0.015769944341372914
Q6QAJ8-2,2.9,0.35802469135802467
Q99873-5,1.020746887966805,0.11011638316920322
Q13642-5,0.009345794392523364,0.0012381345439537762
O00154-5,0.7192982456140351,0.1524163568773234
Q8TB92-2,0.23333333333333334,0.06666666666666667
Q9Y2T4-2,0.7142857142857143,0.16129032258064516
Q08722-3,0.25,0.050505050505050504
Q9Y303-2,,
P62070-2,1.5454545454545454,0.16413793103448276
O43759-2,0.9444444444444444,0.1511111111111111
Q9BYB4-2,1.3333333333333333,0.12130637636080871
O43820-4,0.3944954128440367,0.03943748089269337
A4QPB2-2,1.606060606060606,0.19272727272727272
P53365-2,0.27884615384615385,0.047933884297520664
P33316-2,0.07608695652173914,0.015945330296127564
Q92759-2,0.004338394793926247,0.00046274872744099955
Q9Y251-3,4.027027027027027,0.33408071748878926
P22307-8,6.25,0.5597014925373134
Q15051-3,0.032679738562091505,0.0044444444444444444
O75602-4,0.6401673640167364,0.05614678899082569
Q9H477-2,2.7017543859649122,0.2467948717948718
P00973-2,0.37037037037037035,0.08771929824561403
Q99832-3,3.227272727272727,0.3480392156862745
Q9H310-2,1.3064516129032258,0.1623246492985972
Q92485-2,1.45,0.16051660516605165
P61326-2,3.3783783783783785,0.373134328358209
Q7L5Y1-5,1.167763157894737,0.1088623121741797
Q6ZS86-2,0.6264591439688716,0.05655075518089217
Q7KYR7-6,0.12,0.013437849944008958
Q9HDC9-2,2.0074626865671643,0.19064493267186391
Q9NZN4-2,2.235294117647059,0.24088748019017434
O75469-2,1.2181818181818183,0.21967213114754097
Q9NXR8-3,0.07598784194528875,0.014196479273140262
Q15833-3,,
Q11203-2,4.0,1.0
P00973-4,0.37037037037037035,0.08771929824561403
Q658P3-3,7.0,1.0
O60256-4,1.5348837209302326,0.1670886075949367
Q8IUF8-2,0.24630541871921183,0.028506271379703536
O00182-2,0.6875,0.1506849315068493
Q9UJT1-2,3.4363636363636365,0.34054054054054056
Q9H227-2,0.8697068403908795,0.08064028994261552
Q9BT40-2,2.5,0.2676056338028169
Q9BWD1-2,7.944444444444445,0.6908212560386473
Q11206-7,0.36363636363636365,0.047244094488188976
A2RU49-2,0.8317757009345794,0.08047016274864376
P78556-2,5.0,1.0
P60174-3,,
P08559-4,,
Q06124-3,1.586466165413534,0.18822479928635147
Q9Y600-2,3.0340136054421767,0.30631868131868134
O15392-6,0.7536231884057971,0.0931899641577061
Q16653-10,0.08823529411764706,0.011523687580025609
O60243-2,1.103448275862069,0.13852813852813853
Q99832-2,1.9852941176470589,0.19239904988123516
Q8TE04-4,0.09829059829059829,0.025755879059350503
Q9Y574-2,0.7676767676767676,0.08558558558558559
Q9NXR8-2,0.07598784194528875,0.014196479273140262
Q5TC63-2,0.005970149253731343,0.0006071645415907711
Q6ZNC8-2,1.1401273885350318,0.11467008327994875
P25800-2,2.4,0.46153846153846156
Q9C035-6,0.11428571428571428,0.012939001848428836
P22570-7,0.75,0.1875
Q8WTV0-2,0.11764705882352941,0.026737967914438502
P53609-2,2.207792207792208,0.19540229885057472
Q9UI12-2,1.3333333333333333,0.22641509433962265
Q9BUZ4-2,0.6580882352941176,0.07375360527400082
O43820-2,5.866666666666666,0.4971751412429379
Q02083-3,1.9753086419753085,0.18845700824499412
Q7Z3S9-2,0.24,0.04225352112676056
Q8N6D5-3,3.515151515151515,0.31693989071038253
Q9BV20-2,3.3552631578947367,0.26479750778816197
P48426-2,1.5084745762711864,0.22531645569620254
Q8TD10-2,0.06077348066298342,0.011099899091826439
O00743-3,,
Q6UWM5-2,2.1,0.3684210526315789
Q9P126-2,0.38235294117647056,0.05394190871369295
Q9NVX2-2,0.9691780821917808,0.09306149292995725
Q96I15-2,1.173913043478261,0.11360448807854137
Q5VTE6-2,0.5857988165680473,0.13112582781456952
Q9C029-4,0.06341463414634146,0.007836045810729355
Q6ZN54-4,0.2396694214876033,0.05301645338208409
Q9NPQ8-3,,
Q9BY76-3,0.11976047904191617,0.019193857965451054
P04798-2,1.0771604938271604,0.10515215426333233
P49593-2,1.347457627118644,0.16341212744090441
P17693-5,0.125,0.01818181818181818
Q8NDH3-2,1.8716216216216217,0.1806914546640574
P54108-3,,
Q96FM1-3,4.190476190476191,0.3826086956521739
P11172-4,0.3475177304964539,0.03401990280027772
P59998-3,,
Q1MX18-3,0.2088607594936709,0.02578125
Q71U36-2,5.571428571428571,0.4503464203233256
O75436-2,2.4404761904761907,0.2907801418439716
P55345-7,1.4423076923076923,0.1511081262592344
Q6ZV70-2,3.943396226415094,0.3572649572649573
Q9HD40-3,0.7567567567567568,0.09032258064516129
Q13114-2,0.3855421686746988,0.04519774011299435
O60260-4,1.356020942408377,0.17511832319134552
O94766-2,1.84375,0.2576419213973799
P11117-2,0.7326007326007326,0.07686395080707148
Q14994-8,,
Q96M95-2,0.35135135135135137,0.043478260869565216
Q6P4A7-3,0.7241379310344828,0.08588957055214724
P51606-2,0.9797979797979798,0.09651741293532339
Q99471-3,2.0444444444444443,0.24731182795698925
P15882-3,1.4615384615384615,0.27941176470588236
A6H8Z2-2,0.13414634146341464,0.031044214487300093
Q96P11-5,2.0,0.20652173913043478
O60825-2,0.18181818181818182,0.045454545454545456
Q9UI42-2,2.121212121212121,0.22875816993464052
P17693-2,1.2043010752688172,0.12472160356347439
Q9BZG8-2,1.8,0.2356020942408377
P48728-3,4.0227272727272725,0.34911242603550297
Q969X2-2,0.35294117647058826,0.07894736842105263
O75897-2,4.1066666666666665,0.39285714285714285
Q96PM5-3,0.36585365853658536,0.042134831460674156
P17812-2,0.8095238095238095,0.07537283353486497
Q71UI9-5,0.25806451612903225,0.034782608695652174
Q7L5D6-2,1.150943396226415,0.1278825995807128
Q5TC63-3,2.310344827586207,0.2648221343873518
Q6TCH7-3,3.0638297872340425,0.32
Q9Y5Z0-4,0.9367088607594937,0.19170984455958548
Q9NZL9-3,2.6382978723404253,0.289044289044289
Q15007-2,0.04878048780487805,0.00906344410876133
O43293-2,0.1267605633802817,0.01615798922800718
P46597-3,,
O00458-2,0.22,0.06077348066298342
Q6P587-3,6.0,0.631578947368421
P07288-3,3.090909090909091,0.3541666666666667
Q9Y664-2,0.7875,0.0782608695652174
P68363-2,2.586206896551724,0.22970903522205208
P55345-3,2.343137254901961,0.25026178010471206
P22694-2,1.0,0.13043478260869565
Q969Z3-2,2.070588235294118,0.20853080568720378
P28039-2,3.21875,0.28851540616246496
Q9H974-2,1.7235772357723578,0.1737704918032787
Q9UIR0-4,0.015384615384615385,0.0015855039637599094
O14796-2,1.6181818181818182,0.2335958005249344
Q15392-2,1.2266666666666666,0.14153846153846153
O43734-4,0.23225806451612904,0.048868778280542986
Q14240-2,,
Q8TE99-2,0.3076923076923077,0.04081632653061224
P54619-2,1.34375,0.23497267759562843
Q7Z7A4-2,0.057971014492753624,0.012658227848101266
Q00888-2,0.3617021276595745,0.041463414634146344
P33763-2,,
Q8IZD6-2,0.5493421052631579,0.057250599931436406
Q8WTV0-4,0.0054446460980036296,0.0006047167909695626
Q1ZYL8-4,0.4594594594594595,0.05862068965517241
Q86YJ6-2,2.288,0.22770700636942676
Q86WQ0-2,7.0,1.0
P49802-2,0.09523809523809523,0.023529411764705882
Q9Y221-2,2.3404255319148937,0.22267206477732793
O95249-2,1.2923076923076924,0.15162454873646208
Q9Y251-2,3.2711864406779663,0.2937595129375951
P49903-2,4.732394366197183,0.3853211009174312
Q9NUZ1-4,0.8608247422680413,0.08812664907651716
Q96DC7-2,,
Q9NVV5-3,1.9615384615384615,0.18681318681318682
Q8WTV0-5,0.11764705882352941,0.026737967914438502
P61599-2,0.75,0.08085106382978724
P01112-2,1.605263157894737,0.21708185053380782
Q5W5X9-3,0.6363636363636364,0.105
Q9H5U6-2,0.721830985915493,0.08439687114038699
P36404-2,5.222222222222222,0.5053763440860215
Q3SXZ7-2,0.00228310502283105,0.0002621231979030144
Q13404-7,0.6666666666666666,0.18181818181818182
Q8IUX1-5,0.16666666666666666,0.045871559633027525
Q969W1-2,1.4375,0.17829457364341086
P40933-2,0.3333333333333333,0.047619047619047616
Q16774-2,,
Q8TBG4-3,1.9137931034482758,0.22606924643584522
P51948-2,0.6666666666666666,0.09859154929577464
P35030-2,0.11363636363636363,0.03067484662576687
Q07812-7,1.6842105263157894,0.24615384615384617
Q8IW45-4,1.546875,0.15615141955835962
Q8N336-2,0.7710280373831776,0.08303975842979366
Q9Y3A2-2,0.5740740740740741,0.07616707616707617
P62166-2,2.0952380952380953,0.2682926829268293
Q9NXK8-2,0.8679245283018868,0.10599078341013825
Q9Y305-2,0.8285714285714286,0.17575757575757575
Q9BYT1-3,0.5110132158590308,0.04785478547854786
Q9NYY1-2,3.2,0.3305785123966942
Q53H96-2,6.75,0.6164383561643836
Q13510-2,0.92,0.12041884816753927
Q9Y2G5-2,2.7254901960784315,0.2688588007736944
Q13303-3,1.206060606060606,0.12539382482671707
P55212-2,2.168539325842697,0.24903225806451612
Q9H1K1-2,0.6486486486486487,0.14634146341463414
P49758-16,0.1875,0.05454545454545454
O00748-2,4.764705882352941,0.43783783783783786
Q9NP91-2,3.72972972972973,0.3520408163265306
Q6P1Q0-5,0.5423076923076923,0.0669833729216152
Q9UDW1-2,1.0,0.16883116883116883
Q9Y5Z0-5,1.8736842105263158,0.3037542662116041
Q969K4-2,0.9507042253521126,0.09705248023005032
P62136-3,3.9318181818181817,0.4128878281622912
P45880-1,0.8,0.19047619047619047
Q8NBZ7-2,,
Q96JD6-5,2.316326530612245,0.21435316336166194
P61204-2,3.2162162162162162,0.33903133903133903
Q9NWM0-2,2.660377358490566,0.3516209476309227
Q96LZ7-3,0.004889975550122249,0.0005844535359438924
Q8N149-3,0.006369426751592357,0.0006798096532970768
P23280-3,4.216666666666667,0.46422018348623856
Q96PS8-2,1.9538461538461538,0.23562152133580705
Q53GQ0-2,0.8623853211009175,0.08445642407906559
Q8WV74-2,1.04,0.13648293963254593
P47804-2,,
Q3SXM5-2,3.7636363636363637,0.3883677298311445
Q71UI9-2,0.6,0.13333333333333333
O95498-3,0.5395894428152492,0.05200678349349915
P14373-2,0.7,0.07577807848443843
P24462-2,1.25,0.3333333333333333
Q13362-3,0.8974358974358975,0.13513513513513514
Q9Y286-4,0.13003095975232198,0.01729818780889621
Q9NPI0-2,1.596774193548387,0.18785578747628084
O75419-3,,
Q8N5D6-3,1.9444444444444444,0.3465346534653465
Q9H974-4,,
P08397-4,0.65234375,0.06376479572355861
Q9UGJ0-2,0.07883817427385892,0.02191464821222607
P08962-2,2.347826086956522,0.2621359223300971
Q30201-8,1.0945945945945945,0.13941480206540446
Q6ZWL3-2,3.4545454545454546,0.40425531914893614
Q6X784-2,2.6818181818181817,0.3710691823899371
Q9UJ70-2,,
Q9UMR7-4,0.9027777777777778,0.13131313131313133
A6NC86-4,2.1704545454545454,0.22765196662693682
O15519-4,0.19183673469387755,0.023749368367862556
Q5T215-2,1.4166666666666667,0.16550764951321278
Q6EIG7-2,0.6666666666666666,0.08333333333333333
Q75NE6-2,0.45614035087719296,0.08333333333333333
Q1MX18-2,0.06382978723404255,0.01775147928994083
Q9NPH2-3,5.481481481481482,0.4884488448844885
Q9NZS2-2,0.34,0.07834101382488479
P35520-2,6.0,1.0
Q9HCM9-2,1.2666666666666666,0.1743119266055046
Q53H76-2,2.2771084337349397,0.2571428571428571
Q08722-4,0.5,0.10344827586206896
Q86Y37-4,0.056910569105691054,0.014925373134328358
Q9NZD8-2,3.6666666666666665,0.3707865168539326
P42679-3,0.14634146341463414,0.036585365853658534
O00481-4,3.4038461538461537,0.3518886679920477
P61224-4,2.5476190476190474,0.27648578811369506
Q969S2-4,1.4051724137931034,0.229901269393512
Q5FYB1-2,3.4335664335664338,0.36505576208178436
Q9UHH9-3,0.5378151260504201,0.061068702290076333
O43570-2,1.4545454545454546,0.26666666666666666
Q9NXS3-2,0.5350553505535055,0.04943743607228094
Q7Z692-2,0.06918238993710692,0.013664596273291925
O76083-11,0.10975609756097561,0.01651376146788991
Q96E66-2,1.1956521739130435,0.15151515151515152
Q9NRS4-4,0.21153846153846154,0.03492063492063492
Q9Y5L3-3,3.652173913043478,0.35443037974683544
P13688-11,0.07281553398058252,0.010252904989747095
Q9Y286-3,0.13003095975232198,0.01729818780889621
Q7L5Y6-2,,
Q96F44-3,8.0,1.0
P54315-3,0.6330532212885154,0.058854166666666666
Q9UM21-2,0.0018726591760299626,0.00019790223629527012
Q15185-4,0.6190476190476191,0.13131313131313133
Q8N5X7-2,0.8773584905660378,0.1111111111111111
P04217-2,1.040983606557377,0.12037914691943127
Q92990-2,0.25396825396825395,0.026637069922308545
Q7Z434-5,0.006772009029345372,0.0017211703958691911
P54819-6,3.7916666666666665,0.3872340425531915
Q9BWS9-2,,
P17693-4,0.34782608695652173,0.03587443946188341
Q3ZCQ8-3,0.11382113821138211,0.017587939698492462
O15379-2,6.0,0.6
Q8WVV5-2,0.10152284263959391,0.011286681715575621
Q6ICL3-3,0.9533678756476683,0.09387755102040816
Q16548-2,2.4857142857142858,0.26605504587155965
P48059-4,,
Q658P3-2,,
Q9BYW1-3,2.6666666666666665,0.36363636363636365
Q86U10-3,,
Q8WUF8-3,0.2391304347826087,0.04119850187265917
A6NFU8-2,2.0925925925925926,0.23991507430997877
Q8N0Z8-2,1.2111801242236024,0.12149532710280374
Q9Y2I2-2,0.05649717514124294,0.007215007215007215
Q9NZA1-3,0.0024449877750611247,0.0003374957813027337
P61224-3,5.526315789473684,0.5614973262032086
P46736-2,0.32,0.07547169811320754
Q7Z2E3-3,1.3611111111111112,0.266304347826087
Q5W0U4-2,0.2558139534883721,0.026634382566585957
O43854-2,0.9,0.19148936170212766
Q8N490-3,0.6493506493506493,0.11467889908256881
Q96BI3-3,1.2195121951219512,0.12690355329949238
Q9H2A2-3,0.9588235294117647,0.0872591006423983
Q641Q3-2,1.0365853658536586,0.15947467166979362
Q9Y6P5-2,0.42424242424242425,0.0707070707070707
Q86SQ9-4,4.3428571428571425,0.4175824175824176
O43929-3,2.7972972972972974,0.2863070539419087
Q16653-3,0.8717948717948718,0.1118421052631579
P22570-6,3.7083333333333335,0.33584905660377357
Q01344-4,0.17857142857142858,0.040983606557377046
Q8TD07-4,0.17857142857142858,0.03125
P46926-2,2.9740259740259742,0.2954838709677419
Q13296-2,6.666666666666667,0.7692307692307693
A6NK59-3,0.543010752688172,0.050424363454817774
Q99747-2,0.7439024390243902,0.06908267270668177
Q13231-3,6.0344827586206895,0.5162241887905604
Q86UV6-2,10.0,1.0
P40926-2,5.095238095238095,0.41312741312741313
Q7Z4G4-2,4.0,0.625
Q16653-7,0.48,0.06382978723404255
O95954-2,2.9642857142857144,0.2974910394265233
Q9P0N5-2,0.0851063829787234,0.00904977375565611
Q8TDQ0-2,0.058823529411764705,0.01059322033898305
P15692-10,0.08549222797927461,0.014778325123152709
Q8TAC2-2,2.5238095238095237,0.28342245989304815
P50579-2,0.13559322033898305,0.0273972602739726
Q9H974-3,2.1454545454545455,0.21611721611721613
Q9BTE6-2,4.666666666666667,0.4745762711864407
Q8N136-2,1.945054945054945,0.17101449275362318
P59998-4,1.2444444444444445,0.13176470588235295
Q8N6M5-2,0.6637554585152838,0.06707855251544571
Q9BZY9-2,0.288135593220339,0.045658012533572066
Q9NR31-2,3.697674418604651,0.3706293706293706
Q4JDL3-4,0.04938271604938271,0.013333333333333334
Q9NV96-2,2.4444444444444446,0.2802547770700637
Q9UKC9-2,2.3529411764705883,0.20304568527918782
Q92989-2,3.25,0.2962962962962963
Q9UQ72-2,0.16260162601626016,0.01824817518248175
Q53G44-2,0.0821917808219178,0.008321775312066574
Q15223-3,0.09836065573770492,0.02
Q96LB4-4,8.0,1.0
P61923-3,4.478260869565218,0.4618834080717489
Q9NQL2-2,0.9735099337748344,0.1335149863760218
Q9P1W8-2,0.8787878787878788,0.20279720279720279
Q9UHB4-3,0.1891304347826087,0.01941530908279402
Q9UQ74-2,0.007407407407407408,0.0008194482381862879
Q99572-3,0.5675105485232067,0.0640323732444656
Q9P0N9-2,3.5925925925925926,0.33797909407665505
Q969X5-2,2.9565217391304346,0.35324675324675325
O43837-2,3.24,0.36
Q9BXI9-3,0.3082191780821918,0.07042253521126761
Q9BYJ4-2,0.16956521739130434,0.018959649975692758
Q13404-6,1.6071428571428572,0.19736842105263158
O00587-2,4.470588235294118,0.4578313253012048
Q16537-2,3.1666666666666665,0.40425531914893614
Q9ULW5-2,1.0606060606060606,0.2348993288590604
Q6P2H8-2,1.6849315068493151,0.1901081916537867
P14618-3,2.675,0.28157894736842104
Q9NVQ4-3,,
P05026-2,7.5,0.75
Q8N755-2,4.785714285714286,0.46206896551724136
P10635-2,2.9215686274509802,0.28709055876685935
Q86XA0-2,2.5074626865671643,0.2198952879581152
A5PLN9-2,3.0,0.5
Q8TD07-3,0.17857142857142858,0.03125
Q96T53-2,2.0265486725663715,0.2007011393514461
Q7L1Q6-2,1.9696969696969697,0.19117647058823528
Q8TDB8-4,2.4642857142857144,0.24820143884892087
Q8TCA0-3,2.4285714285714284,0.22818791946308725
Q6ZN68-2,0.010666666666666666,0.0011890606420927466
Q9H2P9-5,4.75,0.6551724137931034
O76083-6,0.11643835616438356,0.01798941798941799
Q8WTR2-2,2.176470588235294,0.22606924643584522
P35030-4,0.07142857142857142,0.019157088122605363
Q9NYR9-2,4.0,0.8
Q9H6L2-3,2.1293103448275863,0.2502532928064843
P62993-2,2.097560975609756,0.2107843137254902
P28289-2,0.33587786259541985,0.05392156862745098
P46736-3,1.4691358024691359,0.1827956989247312
Q96DT0-7,,
Q8TDW4-4,0.7814207650273224,0.10808767951625095
O00204-2,1.1818181818181819,0.17567567567567569
Q8NBT0-2,0.2708333333333333,0.05220883534136546
Q8N9B4-2,0.14868804664723032,0.01591263650546022
O95864-2,1.3235294117647058,0.15463917525773196
Q11206-3,1.0909090909090908,0.15384615384615385
Q9H2R5-2,1.2222222222222223,0.12035010940919037
P49758-5,0.1875,0.05454545454545454
O60909-2,0.6101694915254238,0.10227272727272728
Q9Y484-2,,
P20151-3,2.9381443298969074,0.26413345690454126
Q96MV8-3,2.888888888888889,0.38235294117647056
Q92685-2,1.2615384615384615,0.155893536121673
P57054-2,0.25,0.04
Q8NE22-2,6.551724137931035,0.6089743589743589
Q9H488-2,0.7777777777777778,0.07677634716261325
P07108-2,4.5,0.8181818181818182
Q8TE04-3,0.6052631578947368,0.0860431654676259
P08686-2,5.666666666666667,0.4885057471264368
O76083-3,0.11643835616438356,0.01798941798941799
O15229-2,2.5384615384615383,0.3142857142857143
Q8N9V3-2,2.3369565217391304,0.2135054617676266
Q9NZH8-2,2.611111111111111,0.28313253012048195
Q9P1U1-3,2.7714285714285714,0.25866666666666666
Q9BTZ2-8,1.2222222222222223,0.12643678160919541
Q15046-2,0.7,0.16666666666666666
A1XBS5-4,0.2,0.04242424242424243
O15519-13,0.03597122302158273,0.004240882103477523
P13688-8,0.05970149253731343,0.01652892561983471
Q7L5Y1-4,1.167763157894737,0.1088623121741797
P49758-8,0.1875,0.05454545454545454
Q6TCH4-5,6.666666666666667,0.7692307692307693
Q7L9L4-2,1.25,0.3333333333333333
Q96IZ2-3,1.3636363636363635,0.2542372881355932
O94810-3,2.0952380952380953,0.3235294117647059
Q96DA6-2,0.56,0.07216494845360824
Q6XZB0-3,5.714285714285714,0.6451612903225806
P12694-2,0.5384615384615384,0.05363984674329502
Q6DHV7-2,1.9081632653061225,0.18423645320197043
Q8WW52-2,0.9411764705882353,0.09341825902335456
P62068-2,0.005479452054794521,0.0005847953216374269
O95816-2,0.32432432432432434,0.05309734513274336
Q8NBN7-2,2.971830985915493,0.2817089452603471
Q8N7P1-4,0.1935483870967742,0.04477611940298507
Q5W5X9-2,0.6615384615384615,0.10776942355889724
Q9BYT1-2,1.0,0.13846153846153847
P48643-2,1.5833333333333333,0.16116870876531575
Q99832-4,2.0114942528735633,0.2046783625730994
Q5TCH4-2,2.048780487804878,0.20921544209215442
Q9GZZ9-2,0.6964285714285714,0.0962962962962963
Q9Y2U9-2,1.2261904761904763,0.12454655380894801
Q8N4F4-3,7.0,0.875
Q86TN4-2,1.3673469387755102,0.18356164383561643
O14717-3,3.4130434782608696,0.36091954022988504
Q13868-3,4.133333333333334,0.41333333333333333
P29466-4,0.7310126582278481,0.0816542948038176
O76095-2,0.2702702702702703,0.04504504504504504
Q06330-5,1.3142857142857143,0.25274725274725274
Q99963-2,1.2753623188405796,0.1476510067114094
P58872-2,0.37755102040816324,0.04774193548387097
P04053-2,12.0,1.0
Q8N3J6-4,0.0113314447592068,0.00130718954248366
Q96MI6-1,0.008733624454148471,0.0009090909090909091
Q9HAC7-3,,
O43852-12,0.46473029045643155,0.05104831358249772
Q12933-3,5.545454545454546,0.46564885496183206
Q00532-3,0.989010989010989,0.1744186046511628
Q9NRS4-3,1.5,0.6
Q6P1Q0-2,0.19642857142857142,0.044897959183673466
Q5VW32-2,5.71875,0.45864661654135336
O00481-2,0.1781609195402299,0.01859628074385123
P36952-2,1.8763440860215055,0.18553960659223817
Q0D2J5-3,0.1557377049180328,0.02865761689291101
Q9H2V7-4,1.5342465753424657,0.21621621621621623
P50440-3,6.388888888888889,0.5637254901960784
Q9UHJ9-3,4.0,0.6666666666666666
Q86YB7-2,6.967741935483871,0.5046728971962616
P50990-3,2.0657894736842106,0.22786647314949202
Q9BXW7-2,0.125,0.03184713375796178
P27216-2,,
P24941-2,4.176470588235294,0.36597938144329895
Q6SA08-3,1.0789473684210527,0.1277258566978193
Q9BXM9-3,0.005714285714285714,0.0006600660066006601
Q8N5Y8-3,,
Q9P055-3,1.5,0.3333333333333333
Q8IYS5-6,0.011111111111111112,0.0013921113689095127
Q63ZY6-5,0.7714285714285715,0.17880794701986755
O15269-2,0.5045317220543807,0.04591696453120704
O95965-3,0.47115384615384615,0.06524633821571238
P63208-2,1.0,0.16666666666666666
Q8IVS8-3,3.893939393939394,0.3594405594405594
O43586-2,0.2,0.046875
Q9Y5Z4-2,2.272727272727273,0.352112676056338
Q9H2P9-4,4.12,0.4618834080717489
P24557-4,3.7051282051282053,0.3572311495673671
P42575-3,0.004454342984409799,0.0005017561465127947
O14931-3,0.2777777777777778,0.0684931506849315
Q8N149-2,0.5,0.1267605633802817
Q96BW9-2,0.49056603773584906,0.08628318584070796
P55263-3,2.8947368421052633,0.2542372881355932
Q6NUN0-2,0.5795148247978437,0.054973152646382
Q96FC7-2,0.14285714285714285,0.03875968992248062
P62136-2,,
O43929-2,2.2738095238095237,0.22874251497005987
P05121-2,6.6,0.49748743718592964
O95498-4,0.5395894428152492,0.05200678349349915
P10321-2,0.5698924731182796,0.06302021403091558
P61923-4,1.4,0.3333333333333333
P63000-2,,
Q5VTY9-7,2.5517241379310347,0.25874125874125875
Q8N149-4,0.0625,0.00906344410876133
Q99447-4,3.0,0.4
P78539-5,0.2,0.05555555555555555
P56180-4,0.7898550724637681,0.11342351716961499
P49802-3,0.3333333333333333,0.06818181818181818
Q495M3-2,2.1161616161616164,0.23368655883993308
P20718-3,2.4198473282442747,0.2451662799690642
Q30201-2,1.2696629213483146,0.13500597371565112
O95925-2,0.3,0.04522613065326633
Q30201-6,0.13812154696132597,0.01437607820586544
Q8NEB5-4,1.5636363636363637,0.15467625899280577
P30039-2,5.378378378378378,0.48894348894348894
Q9H3H1-2,1.3333333333333333,0.13988095238095238
O60671-2,3.8055555555555554,0.43769968051118213
Q95460-4,0.22142857142857142,0.026204564666103127
Q13241-3,0.53125,0.06719367588932806
P36542-2,4.0,1.0
Q9Y3A3-3,2.4285714285714284,0.3333333333333333
Q16539-5,2.057142857142857,0.24161073825503357
Q9P0N9-4,2.369565217391304,0.2334047109207709
Q6XZB0-5,5.6,0.5384615384615384
Q9NXA8-2,3.76,0.41964285714285715
A6NM10-2,,
Q96PC3-2,0.9090909090909091,0.1282051282051282
P30626-2,0.25,0.07407407407407407
Q9H2P9-2,3.6792452830188678,0.372848948374761
Q13231-4,6.842105263157895,0.6074766355140186
Q96A37-2,0.29357798165137616,0.035955056179775284
P52564-2,1.25,0.20348837209302326
O75636-2,2.4545454545454546,0.38028169014084506
Q4G1C9-6,1.5844155844155845,0.20333333333333334
Q9NS23-3,0.9225806451612903,0.12338222605694564
Q3KQV9-2,2.201219512195122,0.22297714638665844
Q96Q80-5,0.7,0.1337579617834395
Q16875-2,0.2,0.061224489795918366
P36575-2,1.8,0.24107142857142858
O15091-3,0.4650537634408602,0.05703923508077811
Q9NR22-2,0.16666666666666666,0.03333333333333333
P19012-2,0.006607929515418502,0.0009711880867594691
P35232-2,0.8888888888888888,0.10569105691056911
Q9BYW1-4,2.6666666666666665,0.36363636363636365
O75888-5,0.044642857142857144,0.007342143906020558
Q8N2U9-2,1.9444444444444444,0.3333333333333333
Q9BUB7-2,0.5858585858585859,0.12133891213389121
P15586-2,5.25,0.47085201793721976
Q9BXK5-2,0.17543859649122806,0.04251700680272109
Q9H6F5-2,0.03125,0.008492569002123142
Q9NPH5-8,2.1666666666666665,0.24299065420560748
Q96AH0-3,1.0,0.2047244094488189
Q7L1Q6-3,,
Q8N8Q3-2,3.1777777777777776,0.32873563218390806
Q9UKB1-3,1.1515151515151516,0.17592592592592593
Q14168-5,0.13496932515337423,0.018272425249169437
P78356-2,1.2653061224489797,0.14832535885167464
O75344-3,2.7,0.32270916334661354
P52757-4,0.6481481481481481,0.08215962441314555
Q13702-2,2.1864406779661016,0.1951588502269289
Q8N584-2,1.3278688524590163,0.15667311411992263
P48167-2,0.5435897435897435,0.07625899280575539
Q5H9S7-2,0.5428571428571428,0.05801526717557252
P41214-2,0.9838709677419355,0.16353887399463807
Q8IXY8-2,,
Q92496-2,4.0,1.0
Q8N7P1-2,0.411214953271028,0.0738255033557047
Q6UXH1-4,1.3571428571428572,0.16379310344827586
Q9GZS9-2,0.3333333333333333,0.09090909090909091
P21128-3,0.125,0.0182648401826484
Q8IXH7-4,0.5555555555555556,0.15151515151515152
O14717-2,2.5833333333333335,0.30097087378640774
P22304-3,2.046692607003891,0.19984802431610943
Q9BYV1-2,4.04,0.3439273552780931
Q8IYS5-2,0.125,0.03418803418803419
Q9HD33-2,0.35,0.09333333333333334
Q9H7X0-3,1.2923076923076924,0.14840989399293286
P13688-10,0.04477611940298507,0.012448132780082987
P49771-2,0.06666666666666667,0.01272264631043257
Q9UH17-3,2.2,0.26570048309178745
C9JRZ8-2,5.095238095238095,0.4930875576036866
O76083-2,0.21666666666666667,0.05531914893617021
O15245-4,0.7661691542288557,0.07396733909702209
Q9UQB9-3,0.7894736842105263,0.18518518518518517
Q6ISS4-2,0.47058823529411764,0.1111111111111111
Q6P4F1-5,2.0,0.23510971786833856
Q8TB61-5,0.9924812030075187,0.12790697674418605
Q9Y639-5,1.0,0.2857142857142857
Q6XPS3-5,0.7946428571428571,0.08944723618090453
O15533-2,0.25,0.03323262839879154
Q92963-2,3.75,0.451505016722408
O95970-2,0.5827338129496403,0.05818965517241379
Q9Y5K1-2,2.641025641025641,0.29512893982808025
O15120-2,4.5,0.4186046511627907
Q6PH85-2,0.5348837209302325,0.06133333333333333
O75935-3,0.5357142857142857,0.07109004739336493
P11413-2,,
P15151-4,0.09090909090909091,0.02608695652173913
Q8TAS1-2,1.7692307692307692,0.1806282722513089
P31947-2,2.78125,0.28253968253968254
Q53FZ2-2,0.9550561797752809,0.09703196347031963
Q8TAX9-5,0.2490118577075099,0.028187919463087248
P56937-3,4.314285714285714,0.4326647564469914
Q9Y3F4-2,,
P19474-2,0.5974025974025974,0.07255520504731862
Q5JUR7-2,0.8671875,0.08505747126436781
Q9H313-3,0.17857142857142858,0.027624309392265192
Q9Y5S8-3,2.6530612244897958,0.2674897119341564
P40198-2,0.08108108108108109,0.013740458015267175
Q96FV3-3,2.727272727272727,0.30612244897959184
Q9H977-3,0.015015015015015015,0.0014168319637291016
Q96IG2-2,5.5625,0.4587628865979381
Q8WXF7-2,3.8,0.5757575757575758
P11597-2,3.466666666666667,0.35738831615120276
Q4G0S7-2,0.35714285714285715,0.044642857142857144
P38567-2,0.14285714285714285,0.037037037037037035
Q9H1B4-3,0.31223628691983124,0.03978494623655914
Q7Z5J1-5,0.012738853503184714,0.0015467904098994587
Q9NP81-2,2.1666666666666665,0.23214285714285715
P09919-2,6.666666666666667,0.7692307692307693
P15309-3,3.0303030303030303,0.32051282051282054
P52434-3,2.8333333333333335,0.3128834355828221
Q6PKH6-2,0.9090909090909091,0.14705882352941177
Q9H2F3-2,1.0364583333333333,0.09954977488744372
Q14722-2,0.3,0.05304518664047151
Q9Y230-2,1.488888888888889,0.2182410423452769
Q9UGI8-2,0.6666666666666666,0.14285714285714285
Q8N0X4-2,4.617647058823529,0.45507246376811594
Q8WU08-3,1.1153846153846154,0.1657142857142857
P04899-5,1.6578947368421053,0.20257234726688103
Q8IXY8-3,3.375,0.35064935064935066
P07288-4,1.16580310880829,0.11255627813906953
Q9BSI4-3,0.3710691823899371,0.07057416267942583
Q96FL9-2,5.757575757575758,0.5307262569832403
Q96SW2-2,3.0,1.0
Q8TCX1-3,0.7368421052631579,0.0958904109589041
Q969J5-2,0.75,0.1518987341772152
Q8WV60-2,0.5659340659340659,0.06514864010120178
Q6P4F1-6,0.6071428571428571,0.07692307692307693
Q8TCD5-2,1.3944954128440368,0.15415821501014199
Q9BXM9-2,1.0,0.13333333333333333
O15371-2,0.8163265306122449,0.14388489208633093
Q9P035-2,2.672727272727273,0.3230769230769231
Q92688-2,0.05357142857142857,0.014634146341463415
O60907-2,1.2549019607843137,0.25396825396825395
P0DTE4-4,0.5,0.09016393442622951
Q7Z4I7-3,2.2,0.3793103448275862
Q9Y575-3,,
A1XBS5-3,0.1,0.02857142857142857
Q9BRT9-2,0.532258064516129,0.0616822429906542
Q53FA7-2,2.0317460317460316,0.20317460317460317
Q9NVN3-1,0.6216216216216216,0.0954356846473029
Q96P11-2,2.0,1.0
Q1MX18-4,0.20754716981132076,0.02574102964118565
Q8WV16-4,0.13,0.026156941649899398
Q3KNT7-2,2.130434782608696,0.296969696969697
A5PLN9-4,1.3333333333333333,0.14326647564469913
P55075-2,0.5172413793103449,0.0967741935483871
Q8WVZ1-2,0.8875,0.15812917594654788
P49758-13,0.1875,0.05454545454545454
Q9H0R5-4,0.6192468619246861,0.0669683257918552
A0PJK1-5,3.888888888888889,0.33175355450236965
Q8NHH9-3,1.286549707602339,0.16417910447761194
Q8N7P1-3,1.0961538461538463,0.14285714285714285
Q9Y2Q5-3,4.1,0.3649851632047478
Q96PM5-8,0.7905405405405406,0.08647450110864745
O43463-2,1.0,0.29411764705882354
Q6PEZ8-3,,
Q9BZZ5-2,0.23076923076923078,0.06
Q96HH6-2,3.2830188679245285,0.3359073359073359
Q8N954-2,0.06870229007633588,0.010332950631458095
O60749-2,0.042735042735042736,0.011933174224343675
Q9H6D7-3,0.3951612903225806,0.04707012487992315
Q9NRG1-2,3.5609756097560976,0.3411214953271028
Q96PD7-2,1.5116279069767442,0.16883116883116883
Q8NFR7-2,0.003389830508474576,0.00043572984749455336
Q5R372-5,0.0012285012285012285,0.00014478065730418415
A5PLL7-2,7.333333333333333,0.8461538461538461
Q6UXH1-3,0.20833333333333334,0.02680965147453083
Q9NWZ3-2,0.23387096774193547,0.02717900656044986
O60637-3,1.125,0.1180327868852459
Q30201-5,4.708333333333333,0.4574898785425101
Q9H061-2,2.6,0.2549019607843137
Q9BU02-2,1.5037037037037038,0.1695906432748538
Q5NDL2-3,4.476190476190476,0.4382284382284382
Q8N7C3-2,0.47391304347826085,0.053093034583536286
Q0P6D2-2,0.38127090301003347,0.04157549234135667
Q11203-7,2.5483870967741935,0.2872727272727273
Q8NCU1-2,0.43478260869565216,0.06756756756756757
P49758-14,0.1875,0.05454545454545454
Q96E29-2,0.08888888888888889,0.018957345971563982
P39656-3,6.333333333333333,0.5327102803738317
Q9NVN3-3,0.011560693641618497,0.0012135922330097086
Q969V3-2,7.0,1.0
P15692-9,0.05154639175257732,0.008880994671403197
P40938-2,1.1935483870967742,0.125
Q13057-2,,
Q6ICL3-2,2.1774193548387095,0.21951219512195122
Q96AG3-2,1.1164383561643836,0.17212249208025343
P12314-2,0.09523809523809523,0.013986013986013986
Q9NVV5-6,1.1428571428571428,0.12631578947368421
Q8TD08-2,0.8421052631578947,0.14238042269187987
Q14722-3,0.3,0.05304518664047151
Q9BU64-2,0.7142857142857143,0.17857142857142858
Q8NDV1-2,1.5204081632653061,0.15834218916046758
Q9UNH5-4,0.26128266033254155,0.03819444444444445
A0PJK1-4,,
Q6NT32-4,0.21739130434782608,0.056179775280898875
P29218-3,,
O14908-2,0.9587628865979382,0.15121951219512195
Q9HBI1-3,0.32432432432432434,0.05504587155963303
Q99571-2,,
Q9NVH6-8,,
O95361-2,0.07407407407407407,0.01084010840108401
Q8IWX5-2,1.53125,0.19140625
Q8N543-2,1.0785714285714285,0.12387202625102543
Q8NFW8-2,0.22807017543859648,0.022046353872244205
Q5XG92-2,2.628099173553719,0.25158227848101267
Q6PF18-2,0.47674418604651164,0.05750350631136045
P42785-2,,
P10827-2,0.95,0.14039408866995073
Q8WWZ8-2,0.5087719298245614,0.05829145728643216
A5PLN9-5,,
Q15084-3,1.25,0.3333333333333333
Q8TAM2-4,1.0,0.17333333333333334
Q4G1C9-5,2.1401869158878504,0.2541620421753607
P45983-3,1.0227272727272727,0.12893982808022922
Q96A23-2,,
Q0VDG4-2,6.384615384615385,0.5220125786163522
Q6UXH1-2,1.03125,0.10891089108910891
Q8N4H0-2,0.2555205047318612,0.053606882859033755
Q53F39-4,2.888888888888889,0.3273381294964029
Q5SRE7-2,6.714285714285714,0.5850622406639004
Q5EB52-3,0.7710843373493976,0.07547169811320754
Q96S16-2,2.966666666666667,0.37872340425531914
P41217-2,0.9090909090909091,0.1282051282051282
Q9UKR8-2,2.0,0.22857142857142856
P49802-5,0.13043478260869565,0.03896103896103896
Q8TAP4-4,,
P0CL84-2,1.2727272727272727,0.13513513513513514
Q9HBH0-2,2.4339622641509435,0.2495164410058027
O75947-2,1.0416666666666667,0.1592356687898089
P08397-3,5.825,0.4726166328600406
O96011-2,2.0588235294117645,0.23809523809523808
Q13557-12,0.18181818181818182,0.047619047619047616
Q9UBX7-1,0.375,0.08571428571428572
P52757-8,0.8472222222222222,0.09951060358890701
P00390-4,3.30188679245283,0.3465346534653465
Q9H553-2,0.8782608695652174,0.08977777777777778
P09622-3,4.333333333333333,0.41767068273092367
P48059-2,,
P50990-2,1.1578947368421053,0.19642857142857142
P22570-3,,
P17693-7,0.5067264573991032,0.05514885309907272
Q8WV37-3,0.047337278106508875,0.008695652173913044
Q9UMY4-1,3.6666666666666665,0.6470588235294118
P51993-2,3.6666666666666665,0.44
Q6XZB0-7,0.312,0.033419023136246784
P57081-3,0.910958904109589,0.08992562542258282
P35914-3,1.1865671641791045,0.10412573673870335
Q96S52-2,1.4,0.1891891891891892
P55083-2,3.0,1.0
Q14916-2,3.4074074074074074,0.3420074349442379
Q9C037-3,0.018970189701897018,0.002199183160540371
Q8TCV5-2,0.297029702970297,0.07211538461538461
Q9BUY7-5,1.6,0.19047619047619047
Q9Y232-3,0.031141868512110725,0.006632277081798084
Q8NHW4-5,2.2142857142857144,0.25833333333333336
Q9H6V9-2,,
O75223-3,2.0851063829787235,0.20675105485232068
P15692-4,0.02616279069767442,0.004739336492890996
Q96IZ6-2,1.213235294117647,0.1695786228160329
O43414-2,0.9567901234567902,0.20103761348897536
Q06330-2,2.7866666666666666,0.3443163097199341
Q99471-2,0.9157894736842105,0.1111111111111111
Q96I51-2,1.7946428571428572,0.16408163265306122
P00390-5,3.207317073170732,0.32112332112332115
Q92747-2,0.024390243902439025,0.0023993601706211675
Q8WU08-2,1.2510460251046025,0.15123925139099645
P49758-15,0.1875,0.05454545454545454
O00338-2,5.0,0.5172413793103449
Q9Y4P1-6,0.6666666666666666,0.1095890410958904
O00241-2,0.1336405529953917,0.014236622484045164
Q96Q11-2,3.95,0.3744075829383886
P11464-3,1.8,0.391304347826087
Q9NUE0-2,1.162962962962963,0.16684378320935175
O15229-3,1.6176470588235294,0.18771331058020477
O00154-7,0.6607142857142857,0.1417624521072797
O14494-2,2.76,0.32857142857142857
Q9NRN5-2,0.2972972972972973,0.04119850187265917
Q9ULI2-2,1.1047619047619048,0.16338028169014085
Q13557-8,0.19047619047619047,0.05
Q7Z4H8-3,0.003952569169960474,0.000397456279809221
Q9UHQ1-3,1.7708333333333333,0.20286396181384247
Q9UBX2-2,0.011320754716981131,0.0029615004935834156
Q16539-3,2.375,0.2745664739884393
P20062-2,2.8214285714285716,0.2936802973977695
Q8IUQ4-3,1.288888888888889,0.1280353200883002
Q5R372-7,0.0012285012285012285,0.00014478065730418415
Q9BTZ2-6,0.7389162561576355,0.06714413607878246
Q53GS9-2,0.8251748251748252,0.14460784313725492
Q8TCE9-2,5.666666666666667,0.7391304347826086
P14091-3,,
P48507-2,3.727272727272727,0.35964912280701755
Q8TCT1-2,0.35714285714285715,0.09090909090909091
Q13087-2,5.0,0.7142857142857143
Q14654-2,0.9195402298850575,0.1360544217687075
Q9H310-3,1.4080459770114941,0.12874408828166053
Q0VAM2-3,5.0,1.0
Q7Z3S9-3,,
P13631-3,0.08333333333333333,0.022727272727272728
P40426-4,0.0023094688221709007,0.00033277870216306157
Q86TS9-3,3.0,0.75
Q02094-2,3.5319148936170213,0.3333333333333333
Q00973-2,1.1636363636363636,0.16080402010050251
Q9BUY7-6,1.4583333333333333,0.18324607329842932
Q96PM5-7,2.625,0.28150134048257375
Q9BQ24-2,,
Q86X27-2,0.28289473684210525,0.04502617801047121
P17030-2,0.04081632653061224,0.0058997050147492625
Q13740-2,1.1428571428571428,0.2222222222222222
P13688-4,0.04854368932038835,0.00684931506849315
P30281-2,1.9876543209876543,0.23572474377745242
Q00888-3,0.3333333333333333,0.03502824858757062
P06870-2,3.4558823529411766,0.37964458804523427
Q06323-3,2.1923076923076925,0.2727272727272727
Q6IPT4-4,2.5,0.22972972972972974
Q8WYN0-3,2.3636363636363638,0.2774390243902439
Q9H920-2,0.4567901234567901,0.058823529411764705
Q9BWP8-7,0.056179775280898875,0.015479876160990712
Q05932-2,0.30952380952380953,0.08387096774193549
P47870-4,0.32679738562091504,0.06157635467980296
P50991-2,3.4,0.3469387755102041
P15529-15,0.5,0.11458333333333333
Q9UBM1-2,,
Q13241-2,,
Q9BYV7-5,2.547945205479452,0.24473684210526317
Q9NWU1-2,5.566265060240964,0.4583333333333333
Q1MX18-6,0.0017301038062283738,0.00018850141376060322
Q53RD9-4,0.27611940298507465,0.03391384051329056
Q7Z7D3-4,2.336842105263158,0.2540045766590389
Q63ZY6-4,0.02875399361022364,0.0032269630692004303
Q96RS6-2,3.3157894736842106,0.45
Q9BPW9-4,,
O76036-2,0.7058823529411765,0.17647058823529413
Q6A555-2,2.8,0.3146067415730337
Q8N3I7-2,4.238095238095238,0.42995169082125606
P51157-2,0.4074074074074074,0.0990990990990991
Q9BUK6-7,1.2284263959390862,0.12173038229376258
A6NC86-2,,
Q06330-4,0.21052631578947367,0.05714285714285714
Q5VVQ6-2,1.3,0.23493975903614459
P10809-2,0.5372093023255814,0.05208568207440812
P57727-5,9.0,1.0
Q8NFT2-3,1.3368421052631578,0.1601513240857503
P02679-2,0.15,0.047619047619047616
Q5VT66-2,,
Q96T75-4,0.15714285714285714,0.026004728132387706
O00115-2,4.236363636363636,0.3800978792822186
Q2VPA4-3,0.626984126984127,0.08272251308900523
P30511-2,0.2717391304347826,0.0281214848143982
P15692-8,0.005076142131979695,0.0008748906386701663
O75602-3,,
P07098-2,6.151515151515151,0.5012345679012346
Q96EZ8-4,0.2198952879581152,0.04
P37287-3,1.4430379746835442,0.1425
A6NNP5-2,0.11009174311926606,0.017595307917888565
Q86TD4-3,1.0,0.15328467153284672
Q96IJ6-2,,
Q8TB36-2,2.1911764705882355,0.2582322357019064
Q8WUD6-2,1.3368421052631578,0.13864628820960698
Q8IY31-2,,
P49841-2,,
P20839-5,,
Q5R372-6,0.0012300123001230013,0.0001448225923244026
Q9UQ13-2,3.847826086956522,0.3397312859884837
Q96T66-2,4.72972972972973,0.43640897755610975
Q8TCC7-5,1.6910569105691058,0.1824561403508772
Q9NS00-2,2.3582089552238807,0.2743055555555556
Q6X9E4-3,1.4285714285714286,0.18018018018018017
Q9Y265-2,0.5301204819277109,0.05555555555555555
Q8TCT1-3,0.35714285714285715,0.09090909090909091
Q9BY67-2,0.07207207207207207,0.012658227848101266
Q9BQI0-4,1.4615384615384615,0.20430107526881722
P35241-2,0.022375215146299483,0.002569677801937142
Q9Y6J8-2,2.0246913580246915,0.19114219114219114
Q9P1W8-4,0.2882882882882883,0.03368421052631579
Q96I51-3,5.44,0.4755244755244755
P63104-2,0.5876288659793815,0.05956112852664577
Q9H3H1-3,0.8042553191489362,0.08426214890771289
Q06330-6,0.21052631578947367,0.05714285714285714
P15529-9,0.1588785046728972,0.028192371475953566
P85298-2,0.3076923076923077,0.03745819397993311
Q9UPE1-2,0.6991404011461319,0.08425414364640885
P55345-4,1.4423076923076923,0.1511081262592344
Q8N8Q3-6,1.0,0.42857142857142855
P35241-5,,
Q8TBZ3-8,0.40824742268041236,0.04903417533432392
Q6XZB0-6,0.312,0.033419023136246784
Q9P055-2,1.8253968253968254,0.2072072072072072
O60942-3,1.0574712643678161,0.12466124661246612
Q6XZB0-2,0.4166666666666667,0.10638297872340426
Q14108-2,1.2517482517482517,0.12831541218637993
Q6ZVN8-3,1.1283185840707965,0.13274336283185842
Q9UBL9-2,0.08955223880597014,0.02054794520547945
Q9NQS3-2,0.05181347150259067,0.011160714285714286
P60201-2,0.8571428571428571,0.1282051282051282
Q9BSJ1-2,0.5244755244755245,0.056264066016504126
Q8N428-2,2.1777777777777776,0.23113207547169812
Q6UX27-3,0.1232876712328767,0.02875399361022364
Q9H6J7-3,0.45614035087719296,0.10655737704918032
Q9Y680-3,6.0,1.0
Q9NZZ3-2,0.18518518518518517,0.031055900621118012
P55058-2,3.2641509433962264,0.3333333333333333
Q9Y6P5-3,1.2424242424242424,0.1729957805907173
Q9NZ43-3,0.015625,0.002145922746781116
O76083-8,0.68,0.125
P13051-2,0.11627906976744186,0.03067484662576687
Q96P11-4,2.0,1.0
Q9UJP4-2,1.8229166666666667,0.2147239263803681
Q9NRM0-2,0.3877551020408163,0.08370044052863436
P15735-2,0.4444444444444444,0.10416666666666667
P50897-2,2.3300970873786406,0.21314387211367672
Q06330-7,0.2777777777777778,0.07692307692307693
Q5VZM2-2,0.75,0.15555555555555556
A1XBS5-5,0.5323383084577115,0.06750788643533123
Q6DKJ4-2,0.02304147465437788,0.002390057361376673
P55075-3,0.4642857142857143,0.087248322147651
Q9P121-3,0.34375,0.088
Q9UQ74-3,0.75,0.1836734693877551
Q6UXG8-2,0.041666666666666664,0.004708097928436911
Q96JD6-2,2.789473684210526,0.2602291325695581
Q16875-3,1.0,0.15789473684210525
P32322-3,,
A4D1E9-3,0.7686832740213523,0.08029739776951673
Q9H6X2-4,0.02032520325203252,0.003599712023038157
Q6P4F1-4,0.014675052410901468,0.0015819209039548022
Q9Y3C4-2,5.515151515151516,0.4945652173913043
Q9NWW6-2,4.48,0.4628099173553719
Q15084-4,1.0,0.2631578947368421
Q7KYR7-5,2.2950819672131146,0.2892561983471074
O75553-2,0.04884318766066838,0.013094417643004824
P35240-3,2.9375,0.32413793103448274
P13674-3,3.108108108108108,0.3002610966057441
Q13077-2,0.10655737704918032,0.018030513176144243
Q13740-4,0.07598784194528875,0.008437394532568343
Q9Y694-3,0.5227817745803357,0.049276672694394216
Q6PHW0-7,0.006944444444444444,0.0008123476848090983
Q6ZVN8-2,0.3893805309734513,0.051643192488262914
P57054-3,0.26,0.03927492447129909
Q9NUL5-3,1.4140625,0.1611754229741763
P25705-3,4.2272727272727275,0.41333333333333333
Q4G148-2,0.3548387096774194,0.05759162303664921
Q96GS6-4,0.7611940298507462,0.07254623044096728
Q9NR21-2,0.813953488372093,0.1174496644295302
Q8TB92-5,1.56,0.17775752051048313
O75648-2,2.654320987654321,0.3067047075606277
Q16342-4,1.096774193548387,0.12208258527827648
Q9Y2B2-2,2.026666666666667,0.20052770448548812
Q96GD4-4,0.7317073170731707,0.15
O60258-2,1.3636363636363635,0.2459016393442623
Q9H0I3-2,0.4444444444444444,0.06557377049180328
Q6NYC1-3,,
P48729-2,,
Q08AH1-2,0.6005361930294906,0.05812143227815257
Q92913-2,0.18333333333333332,0.03514376996805112
Q13216-2,0.9386792452830188,0.096555070354197
P15529-7,0.1588785046728972,0.028192371475953566
Q9BQG2-2,4.833333333333333,0.41232227488151657
P20941-2,0.8846153846153846,0.11616161616161616
Q9C030-3,0.06285714285714286,0.007447528774542992
O43242-2,0.001876172607879925,0.0002108370229812355
Q9NZU7-3,0.19,0.033549146556798116
Q9HBI0-3,0.08275862068965517,0.00933125972006221
Q0GE19-5,1.6,0.15646940822467403
Q9NVH6-5,5.619047619047619,0.5108225108225108
P31948-3,3.2916666666666665,0.2915129151291513
Q7L1V2-2,0.6878980891719745,0.11538461538461539
Q9UJT9-2,0.10638297872340426,0.02824858757062147
Q8WVV5-3,0.07180851063829788,0.008100810081008101
Q9ULP0-4,1.0769230769230769,0.18421052631578946
Q96EN9-3,1.5909090909090908,0.24475524475524477
Q9H313-4,0.03211009174311927,0.003200731595793324
P25685-2,0.24,0.028169014084507043
Q6XPS3-3,0.7575757575757576,0.08787346221441125
Q9HB40-2,2.0443037974683542,0.19306634787806337
P14679-2,1.9184782608695652,0.2092471843509188
Q13642-4,0.006211180124223602,0.0008244023083264633
P00797-2,4.0,0.6666666666666666
Q96AP4-2,0.3815028901734104,0.045475424896646764
P07948-2,0.23809523809523808,0.060240963855421686
Q9UBE0-2,2.2450980392156863,0.22341463414634147
Q8N9F7-3,2.979591836734694,0.27137546468401486
Q6P3X8-2,1.2231075697211156,0.1483808603189947
Q9H867-1,1.0186915887850467,0.11202466598150052
Q9H2R5-5,4.0,1.0
P21589-2,6.02,0.5008319467554077
Q13133-3,0.37777777777777777,0.08374384236453201
P17706-3,0.14492753623188406,0.018518518518518517
Q9H900-2,1.2280701754385965,0.14861995753715498
Q15661-2,3.7777777777777777,0.4722222222222222
Q96T66-3,1.651685393258427,0.19115734720416125
Q8TBF2-2,2.5454545454545454,0.3181818181818182
P20340-2,4.814814814814815,0.45774647887323944
O00182-6,0.3333333333333333,0.1
O14966-3,1.5,0.16119402985074627
Q6H3X3-2,0.18548387096774194,0.033973412112259974
P15151-3,0.2777777777777778,0.042735042735042736
P39656-2,4.4324324324324325,0.4632768361581921
O95926-2,0.5714285714285714,0.07453416149068323
P16298-3,0.8285714285714286,0.08787878787878788
O15466-2,,
Q9UP65-2,1.0,0.18421052631578946
P17752-2,1.4285714285714286,0.3125
P57081-2,10.0,1.0
Q9ULP0-2,1.4285714285714286,0.22727272727272727
Q99437-2,0.5957446808510638,0.0782122905027933
P29350-3,9.0,0.9
P33681-2,0.3939393939393939,0.058823529411764705
P50452-3,1.7747252747252746,0.16866840731070495
P46976-2,0.8235294117647058,0.12280701754385964
P23280-2,0.2962962962962963,0.04040404040404041
P49758-2,0.1875,0.05454545454545454
Q8IXL7-2,0.1724137931034483,0.04424778761061947
Q9UJX2-3,0.847457627118644,0.09505703422053231
Q7Z4H3-3,0.8814814814814815,0.09146810146041506
Q15173-2,0.4444444444444444,0.1111111111111111
Q3SXZ7-3,0.00228310502283105,0.0002621231979030144
Q96CQ1-4,0.89171974522293,0.09271523178807947
Q9UHD8-4,0.055776892430278883,0.015590200445434299
Q6XZB0-4,4.771428571428571,0.44297082228116713
Q9NTX5-6,1.1338028169014085,0.11394196744515216
Q9NPI5-3,,
Q687X5-2,1.2102272727272727,0.12095400340715502
Q6XZB0-8,0.6727272727272727,0.06457242582897033
Q92769-3,4.033333333333333,0.4745098039215686
Q96RU8-2,0.891566265060241,0.13214285714285715
P30740-2,1.8741721854304636,0.17787554996857322
Q6QHF9-5,1.5565610859728507,0.15439856373429084
Q86TJ2-3,0.532608695652174,0.06274007682458387
Q9H9Q2-2,0.6728971962616822,0.07003891050583658
Q05932-3,0.7,0.15151515151515152
Q7RTP0-2,1.8933333333333333,0.18933333333333333
Q92526-3,6.243243243243243,0.6094986807387863
Q6Q8B3-2,1.619047619047619,0.3090909090909091
Q8NFV4-4,6.428571428571429,0.6923076923076923
Q8IVI9-3,1.7179487179487178,0.1810810810810811
P68400-2,1.286764705882353,0.1435602953240361
O14682-2,1.1095890410958904,0.15196998123827393
Q8N9N2-2,0.270516717325228,0.030785195434105846
P20839-7,1.9375,0.2897196261682243
P00750-4,0.05825242718446602,0.006920415224913495
Q9Y572-3,0.5050505050505051,0.08949880668257756
Q6PHR2-4,1.7272727272727273,0.2235294117647059
O76081-3,0.0547945205479452,0.012658227848101266
O43734-3,0.3087885985748218,0.07103825136612021
Q13418-2,2.0,0.23670212765957446
Q9NZN8-3,0.16045845272206305,0.038781163434903045
Q06124-1,,
Q12981-2,1.8529411764705883,0.20930232558139536
Q5EBM0-4,2.825,0.29973474801061006
O75771-7,1.7352941176470589,0.18700475435816163
Q6ZRR5-4,0.09569377990430622,0.009208103130755065
P62899-3,2.5,0.423728813559322
Q11203-16,0.36156351791530944,0.03746203172460344
P15509-3,0.14457831325301204,0.02643171806167401
P56817-6,0.9248826291079812,0.10395778364116096
Q95460-3,0.41304347826086957,0.04328018223234624
O15374-3,1.7797619047619047,0.23341139734582358
Q6ZNC8-3,0.55859375,0.05787130716309186
P04439-2,0.5925925925925926,0.0653950953678474
P00338-2,2.1941747572815533,0.2144212523719165
P13693-2,4.029411764705882,0.39941690962099125
P48454-2,3.1,0.34065934065934067
P43251-2,,
P17693-6,0.5178571428571429,0.05642023346303502
Q14142-2,0.0761904761904762,0.008048289738430584
A7E2S9-2,0.4716981132075472,0.09025270758122744
Q9NTJ5-2,1.4495412844036697,0.1528046421663443
Q8N8Q3-7,1.0,0.42857142857142855
Q8N999-2,0.4033898305084746,0.04227353463587922
O95297-3,0.05970149253731343,0.017241379310344827
P49758-3,,
Q96B02-2,,
P47755-2,0.9027777777777778,0.10046367851622875
P16871-4,0.013452914798206279,0.0029910269192422734
P15151-2,0.15555555555555556,0.0231023102310231
P61224-2,3.1914893617021276,0.32608695652173914
Q9UII6-4,,
Q5NDL2-2,0.878125,0.0867016352977476
Q8NER5-3,0.625,0.09025270758122744
P30048-2,2.0,0.32727272727272727
Q9NVH6-4,4.247191011235955,0.4190687361419069
Q9BZD2-2,1.9246575342465753,0.2190179267342167
Q9H6R6-2,3.0,0.6
Q92913-4,0.13114754098360656,0.025157232704402517
P35240-8,0.4367816091954023,0.05268022181146026
Q9NZ43-2,0.025423728813559324,0.0033519553072625698
P30046-2,2.5652173913043477,0.30256410256410254
Q15008-3,1.725,0.18498659517426275
Q53TN4-3,2.1904761904761907,0.20783132530120482
O95471-2,2.8679245283018866,0.34545454545454546
Q00535-2,5.71875,0.4728682170542636
Q11203-8,3.438775510204082,0.33869346733668343
Q8IV63-3,0.1,0.02617801047120419
Q96L92-2,0.001851851851851852,0.00021119324181626187
P37058-2,2.78,0.2513562386980108
P11464-2,1.8,0.391304347826087
Q9NPH5-2,2.1216216216216215,0.20363164721141375
Q8NCK3-2,0.13186813186813187,0.018633540372670808
Q9UIC8-2,1.6111111111111112,0.21481481481481482
Q8IXJ6-5,0.9295774647887324,0.14163090128755365
P22557-2,0.3783783783783784,0.0875
Q9BRN9-2,0.2692307692307692,0.06930693069306931
P29350-2,2.86046511627907,0.2668112798264642
O95150-2,0.047619047619047616,0.007905138339920948
O76082-3,,
O76083-16,0.11643835616438356,0.01798941798941799
Q9UJG1-2,0.4074074074074074,0.06043956043956044
Q9NZQ0-2,0.6041666666666666,0.0614406779661017
P01241-4,2.152173913043478,0.25063291139240507
Q9UM22-3,1.8068181818181819,0.2544
P49643-2,0.30337078651685395,0.03337453646477132
Q6UX41-7,0.20454545454545456,0.022076860179885527
Q14994-12,2.0714285714285716,0.21588089330024815
Q8NA23-2,4.0,1.0
P24666-3,3.7941176470588234,0.38738738738738737
Q93038-5,0.1016949152542373,0.015424164524421594
O43903-2,0.7401129943502824,0.0958302852962692
P49961-3,0.007858546168958742,0.0007867820613690008
P43251-3,,
Q15008-2,1.5625,0.17647058823529413
Q9UK23-3,0.7607655502392344,0.09206716850028952
Q15973-4,0.5645161290322581,0.07014028056112225
P49758-6,0.053475935828877004,0.006345177664974619
Q8NDH3-3,1.6825396825396826,0.1530317613089509
O15160-2,2.5641025641025643,0.2617801047120419
P36897-3,0.5194805194805194,0.07604562737642585
Q93045-2,0.5263157894736842,0.07042253521126761
P29508-2,4.288461538461538,0.4091743119266055
Q96A25-2,0.08333333333333333,0.022222222222222223
Q8TCX1-2,,
Q7RTN6-4,0.0975,0.01098282174035483
P17181-2,0.26153846153846155,0.051829268292682924
Q8TCC7-4,2.5934065934065935,0.28162291169451076
Q9UNP4-2,0.14285714285714285,0.04
Q15631-2,0.803921568627451,0.08299595141700405
P22830-2,,
Q9NZ72-2,1.6363636363636365,0.20930232558139536
Q5QNW6-2,,
Q9BRV8-2,,
Q30201-7,1.25,0.12791991101223582
Q969J5-3,0.9289340101522843,0.10783736004714202
Q96A70-3,2.4017094017094016,0.2930135557872784
P00167-2,0.08108108108108109,0.012552301255230125
Q9Y639-3,0.043478260869565216,0.004715498270983967
Q9NZL9-5,0.006006006006006006,0.000591715976331361
Q9H2S1-2,0.23850574712643677,0.031379962192816635
Q5T6J7-3,3.9782608695652173,0.3804573804573805
Q9NRS4-2,6.4,0.6956521739130435
Q9NRC8-2,1.0794979079497908,0.11276223776223776
P10826-3,0.5882352941176471,0.10204081632653061
Q99489-4,1.6513157894736843,0.16100064143681847
O95273-2,2.1320754716981134,0.21772639691714837
O43852-15,1.1721854304635762,0.13318284424379231
Q06330-3,2.3191489361702127,0.28165374677002586
O43307-3,0.5392156862745098,0.07227332457293036
Q8N697-2,0.7893175074183977,0.07569721115537849
O95995-2,0.44,0.09401709401709402
Q5PSV4-2,0.14583333333333334,0.03825136612021858
Q8IYS5-3,0.011627906976744186,0.001422475106685633
P49758-12,0.0021231422505307855,0.00025516713447307985
Q15109-3,0.0410958904109589,0.00683371298405467
Q9BUK6-6,0.7963917525773195,0.07864596589462967
O95954-3,1.0909090909090908,0.10377358490566038
Q96SY0-4,1.9620253164556962,0.18607442977190877
Q86VX2-2,9.0,1.0
P20839-6,,
Q8N443-2,0.050505050505050504,0.0066844919786096255
Q6P9H5-2,1.1666666666666667,0.15315315315315314
P78552-2,1.32,0.18401486988847585
P15529-12,0.26666666666666666,0.06451612903225806
Q7Z4N8-2,0.4722222222222222,0.047619047619047616
Q13155-2,0.5652173913043478,0.08387096774193549
Q5VTY9-3,2.8620689655172415,0.29537366548042704
P28907-2,0.8547486033519553,0.08757870635374929
Q5XG92-7,0.007142857142857143,0.0006851661527920521
O14807-2,1.5526315789473684,0.16857142857142857
Q86SE8-2,0.14130434782608695,0.033942558746736295
Q9ULX9-2,0.7931034482758621,0.13142857142857142
Q7Z2X4-3,0.5384615384615384,0.09333333333333334
Q13336-2,,
Q9Y305-4,,
Q8N2F6-2,0.17142857142857143,0.04477611940298507
Q99578-2,1.5066666666666666,0.17043740573152338
Q6P461-2,0.0041753653444676405,0.00041893590280687055
P78539-2,0.058823529411764705,0.016574585635359115
Q08431-3,4.403846153846154,0.4361904761904762
P11464-4,1.8,0.391304347826087
Q13557-9,0.21052631578947367,0.02531645569620253
P25103-3,0.3645833333333333,0.06086956521739131
Q9UNH6-2,2.0980392156862746,0.21616161616161617
Q9GZU0-2,2.8095238095238093,0.31891891891891894
Q9H2P9-3,3.5714285714285716,0.3816793893129771
Q8NHH9-5,0.10526315789473684,0.029411764705882353
B9EJG8-2,1.434782608695652,0.1388499298737728
P31948-2,7.0,1.0
Q9UJT1-5,4.629032258064516,0.44086021505376344
Q8IXJ6-2,0.2972972972972973,0.06748466257668712
O00463-2,,
P27361-2,1.8181818181818181,0.21739130434782608
Q9Y694-2,5.5,0.8461538461538461
Q9NVK5-2,0.5526315789473685,0.0958904109589041
A5PLN9-7,0.4,0.04343807763401109
Q9H6X2-2,0.135,0.025210084033613446
P47804-3,2.710526315789474,0.27466666666666667
Q4G1C9-2,0.425,0.0576271186440678
Q16589-2,0.4146341463414634,0.10059171597633136
P49758-11,0.053475935828877004,0.006345177664974619
Q969M1-2,2.764705882352941,0.27167630057803466
Q9UBK9-2,,
O95870-2,1.5238095238095237,0.20125786163522014
Q9UMR7-2,2.088235294117647,0.28063241106719367
Q96AZ1-3,1.8333333333333333,0.1986455981941309
P18510-3,0.25,0.06666666666666667
P23416-3,1.8876404494382022,0.2616822429906542
Q9Y2D2-2,,
P48048-2,0.631578947368421,0.08450704225352113
Q13451-2,0.625531914893617,0.06684856753069578
Q8NG50-3,0.6423841059602649,0.08369283865401209
Q9NXA8-3,3.611111111111111,0.4421768707482993
Q9Y2C4-4,2.66,0.298876404494382
Q6NT32-2,4.68,0.42700729927007297
Q8TCA0-2,2.34,0.2422360248447205
Q9P2W7-2,,
Q9H1Z4-2,0.2391304347826087,0.03254437869822485
Q9H4I8-3,1.6333333333333333,0.1540880503144654
P15692-5,0.005076142131979695,0.0008748906386701663
P12532-2,,
P53367-3,0.6777777777777778,0.1079646017699115
Q9C035-4,0.14871794871794872,0.015995587424158852
O76083-4,0.5,0.07725788900979326
P49368-2,2.263157894736842,0.23369565217391305
Q9BZZ5-5,0.11177644710578842,0.012389380530973451
Q9UNS2-2,2.5,0.26595744680851063
P10599-2,4.9,0.47115384615384615
Q8NBI6-3,1.0651340996168583,0.12182296231375986
P62495-2,3.0,0.31230283911671924
P48048-3,1.0909090909090908,0.15384615384615385
Q9BXD5-4,1.3983050847457628,0.14236410698878343
Q9Y2C5-2,2.3333333333333335,0.27510917030567683
Q9UHP7-6,0.4594594594594595,0.05802047781569966
Q9BXN2-5,0.12658227848101267,0.023809523809523808
O60259-3,1.9432624113475176,0.19826338639652677
Q8NER5-2,0.9044585987261147,0.10676691729323308
Q86TW2-2,3.2857142857142856,0.3898305084745763
Q5QGZ9-4,0.35294117647058826,0.05042016806722689
P15529-4,0.1588785046728972,0.028192371475953566
Q9UJW3-2,,
P61019-2,3.3333333333333335,0.35398230088495575
P51157-3,0.36666666666666664,0.08943089430894309
Q7Z4H3-2,3.323529411764706,0.3373134328358209
P49407-2,2.75,0.4583333333333333
Q9UIJ7-3,3.075,0.3082706766917293
Q8N635-2,,
O95925-3,7.0,0.84
P11511-2,1.227891156462585,0.12333447215579091
Q7Z3Q1-3,1.7733333333333334,0.1976225854383358
P15538-2,3.9393939393939394,0.3834808259587021
Q7Z3Q1-2,,
P08631-3,0.3108108108108108,0.0749185667752443
Q96JD6-3,1.16,0.11627906976744186
Q9BPV8-2,0.42857142857142855,0.0891089108910891
Q99436-2,1.813793103448276,0.203718048024787
Q9BW60-2,2.7777777777777777,0.30864197530864196
Q16635-5,3.6,0.3769633507853403
Q9BWP8-6,0.06060606060606061,0.016666666666666666
Q0VAM2-2,1.5454545454545454,0.1559633027522936
P08709-2,0.3181818181818182,0.08641975308641975
Q9P055-5,1.1428571428571428,0.26666666666666666
Q8TDB8-5,0.8571428571428571,0.13186813186813187
Q8TC84-3,,
A2A288-3,0.13666666666666666,0.02564102564102564
P55058-3,1.8210526315789475,0.18306878306878308
O75354-2,0.29411764705882354,0.07936507936507936
Q86VW1-3,1.6911764705882353,0.20499108734402852
Q9Y421-3,0.5652173913043478,0.11926605504587157
Q99447-2,2.1025641025641026,0.22465753424657534
Q96SQ9-2,3.4705882352941178,0.4957983193277311
P20809-2,1.5316455696202531,0.20268006700167504
Q12887-2,0.9368932038834952,0.1387491013659238
Q8N456-2,2.6666666666666665,0.36363636363636365
Q969M7-6,2.5714285714285716,0.3103448275862069
Q8N2H9-2,2.375,0.3630573248407643
Q6P4A7-2,0.5098814229249012,0.048478015783540024
Q86YT9-3,0.21897810218978103,0.04155124653739612
Q9UJ83-4,1.046218487394958,0.09791584742430201
P0DMM9-2,1.7578125,0.1918158567774936
Q969K4-3,1.9230769230769231,0.19788918205804748
O60861-1,0.1875,0.02158273381294964
P31689-2,0.14084507042253522,0.02824858757062147
Q86WB7-2,2.5952380952380953,0.30362116991643456
P67812-4,0.8823529411764706,0.1111111111111111
P08631-2,0.38095238095238093,0.0975609756097561
Q9UJA2-2,0.13861386138613863,0.03271028037383177
Q96PB7-5,0.3473684210526316,0.05132192846034215
Q9Y639-1,0.2564102564102564,0.026881720430107527
P51553-2,2.696969696969697,0.2807570977917981
Q9NZI2-3,0.6153846153846154,0.08450704225352113
Q86Y07-2,0.16666666666666666,0.03327495621716287
Q13454-2,1.0,0.2631578947368421
P55008-2,0.7037037037037037,0.08755760368663594
Q96P63-2,,
P06730-3,0.8,0.2857142857142857
Q15131-2,1.1690140845070423,0.1490125673249551
Q9ULV4-3,,
Q16576-2,4.25,0.5862068965517241
Q99963-3,1.7692307692307692,0.21495327102803738
Q9NQH7-3,0.512396694214876,0.047582501918649274
Q6UXG8-3,0.1111111111111111,0.01251303441084463
Q8NG50-8,0.6423841059602649,0.08369283865401209
P24071-5,0.036231884057971016,0.004248088360237893
Q495A1-2,0.1282051282051282,0.02702702702702703
Q5SWX8-3,0.9586776859504132,0.12236286919831224
Q96S37-2,2.324074074074074,0.2035685320356853
P07101-3,0.22580645161290322,0.06796116504854369
Q7KYR7-3,0.5723684210526315,0.06382978723404255
Q99571-3,4.703703703703703,0.49416342412451364
Q08209-2,3.6,0.375
P49842-3,,
P20813-2,0.959375,0.09443248231313442
Q0GE19-1,1.2222222222222223,0.20754716981132076
Q13098-5,5.75,0.6571428571428571
Q7RTN6-5,0.7413793103448276,0.13069908814589665
O60671-3,1.0,0.10495626822157435
Q6UXH1-6,0.7058823529411765,0.17647058823529413
Q00059-2,2.375,0.304
Q8IYM9-2,5.0,0.625
Q96FM1-2,3.1176470588235294,0.3005671077504726
Q16619-2,4.0,1.0
Q5T7W7-2,0.001941747572815534,0.00022237046920169
Q8WVV5-5,0.0761904761904762,0.007866273352999017
Q6GPH4-5,0.10559006211180125,0.018259935553168637
Q9UIB8-5,0.08791208791208792,0.02531645569620253
Q8NFJ9-2,0.7333333333333333,0.13580246913580246
Q9UJX3-2,0.6984126984126984,0.1301775147928994
Q96DT0-3,3.888888888888889,0.4666666666666667
Q8IVS8-5,0.0038314176245210726,0.0003616636528028933
P16871-3,0.013452914798206279,0.0029910269192422734
Q8IY49-3,1.3508771929824561,0.14392523364485982
Q8NCQ5-2,0.13157894736842105,0.027777777777777776
Q8IU57-4,0.020202020202020204,0.004885993485342019
Q9H857-2,0.28205128205128205,0.04721030042918455
Q14558-2,,
O75865-2,,
Q2HXU8-2,3.163265306122449,0.3347732181425486
Q6XPS3-2,1.9,0.2222222222222222
Q9NVS9-3,5.555555555555555,0.5617977528089888
Q9Y5N1-6,0.20689655172413793,0.042105263157894736
O00233-3,1.457142857142857,0.17018909899888765
Q9UNP4-3,0.14814814814814814,0.041666666666666664
Q8NG50-12,0.8387096774193549,0.17218543046357615
Q5VXD3-4,0.25,0.07936507936507936
P37268-5,3.5813953488372094,0.3452914798206278
Q86UN3-2,0.30120481927710846,0.04073872895165671
Q96GS6-3,1.5066666666666666,0.14809960681520315
Q86TZ1-2,0.0038535645472061657,0.0003687315634218289
Q8TAV4-2,0.6666666666666666,0.14705882352941177
O15392-2,,
Q5RIA9-2,0.5601374570446735,0.05916515426497278
P10644-2,3.1607142857142856,0.3224043715846995
Q4U2R8-2,1.6923076923076923,0.23404255319148937
Q969N2-4,3.0,0.28867924528301886
P49758-7,0.6216216216216216,0.08303249097472924
Q5VUD6-2,1.1149425287356323,0.1349095966620306
Q53EZ4-2,0.13157894736842105,0.02
Q7Z5M8-2,2.103896103896104,0.23964497041420119
Q13505-3,0.174496644295302,0.04642857142857143
Q96CQ1-3,12.0,1.0
P27701-2,2.04,0.22666666666666666
Q9H0T7-2,0.9448818897637795,0.10118043844856661
Q9BZZ5-1,0.2222222222222222,0.057692307692307696
Q53H76-3,3.875,0.36470588235294116
Q9Y281-3,4.0588235294117645,0.41818181818181815
Q9BZ23-3,0.15447154471544716,0.04157549234135667
Q8IWU4-2,0.14285714285714285,0.02880658436213992
Q6UX73-2,2.2650602409638556,0.3022508038585209
O43502-2,0.7272727272727273,0.07864164432529044
Q3KPI0-2,7.0,0.875
Q9UN36-2,2.7142857142857144,0.30158730158730157
Q7Z3B1-2,0.5390625,0.07395498392282958
A6NC05-2,0.7407407407407407,0.13043478260869565
Q6UXX9-2,1.1194029850746268,0.15274949083503056
Q8TDX6-2,0.7295373665480427,0.08712282192945177
O43699-2,0.043478260869565216,0.00931098696461825
Q8N4S7-3,1.8933333333333333,0.1775
P27037-2,0.5185185185185185,0.059322033898305086
Q9NPH5-6,6.525,0.5107632093933464
O60678-2,0.9550561797752809,0.12859304084720122
Q9NP99-2,0.1134020618556701,0.022494887525562373
Q96IQ7-2,0.046511627906976744,0.012987012987012988
Q8TAM2-3,1.3285714285714285,0.17580340264650285
Q86V25-2,0.8461538461538461,0.1558073654390935
Q5JS13-4,0.20866141732283464,0.031604054859868815
Q6ZUS6-3,0.008456659619450317,0.0013679890560875513
Q9NPQ8-2,1.4651162790697674,0.16030534351145037
O75530-3,4.365853658536586,0.3899782135076253
P60842-2,2.6486486486486487,0.2552083333333333
Q8TBF2-3,,
Q08623-3,2.293103448275862,0.22657580919931858
P32302-2,0.5333333333333333,0.07947019867549669
Q14773-2,0.1794871794871795,0.02422145328719723
P15529-14,0.4418604651162791,0.10270270270270271
O43826-2,,
Q96MH6-2,3.208955223880597,0.3032440056417489
Q8NFU3-3,4.5625,0.453416149068323
Q9NWS1-7,0.6405228758169934,0.10503751339764202
A4QPH2-4,0.2574626865671642,0.025910627112279386
Q9HAC7-4,3.2291666666666665,0.3069306930693069
Q9H903-5,3.0952380952380953,0.3125
Q0VAA2-2,0.004106776180698152,0.00043535045711797995
P13688-9,0.05853658536585366,0.00823045267489712
Q13868-2,4.653846153846154,0.44
Q6UY01-4,0.7181818181818181,0.07559808612440191
Q96GR4-2,1.5961538461538463,0.1732776617954071
Q8NHH9-4,0.001718213058419244,0.00019000570017100514
Q13363-2,0.3333333333333333,0.09523809523809523
Q9Y226-2,2.1683168316831685,0.2591715976331361
Q8NDZ6-3,0.00411522633744856,0.00044169611307420494
Q9P1W8-3,0.08294930875576037,0.009
P60981-2,4.0588235294117645,0.41818181818181815
Q13557-5,0.21052631578947367,0.02531645569620253
P53365-3,0.5789473684210527,0.10784313725490197
Q3KRA9-2,,
O43852-13,1.0,0.11139081183134046
P48061-2,2.5,0.45454545454545453
P37802-2,,
Q49AN0-2,2.9577464788732395,0.329153605015674
Q9NZN3-2,0.6158038147138964,0.06490522688110281
Q9H2U2-2,,
Q6PCB8-2,0.16,0.042105263157894736
Q9Y6F1-2,,
P83110-2,0.22330097087378642,0.02423603793466807
Q9Y3B3-2,0.2777777777777778,0.042735042735042736
Q7Z5J1-7,0.012738853503184714,0.0015467904098994587
Q9BTE6-3,4.666666666666667,0.4745762711864407
P24557-3,,
Q6UX41-4,0.9184782608695652,0.09923664122137404
Q9NR63-2,3.04,0.2915601023017903
Q6ZNQ3-2,0.9423076923076923,0.08755211435378202
Q9BV86-2,1.4513274336283186,0.14186851211072665
Q14790-3,2.357142857142857,0.3173076923076923
Q9H4I8-2,1.7941176470588236,0.16237799467613132
Q8N6C8-2,3.53125,0.36807817589576547
P36897-2,,
Q8TC17-2,6.333333333333333,0.76
Q70IA6-2,1.5047619047619047,0.17362637362637362
Q9H1P3-2,0.3333333333333333,0.08695652173913043
P61289-3,1.0,0.17647058823529413
Q9Y5Y0-2,0.9565217391304348,0.10837438423645321
O95861-2,3.90625,0.3968253968253968
P19256-2,0.6666666666666666,0.13157894736842105
O95674-2,0.006772009029345372,0.0007725985063095545
Q9NYJ1-2,,
Q9NSC5-3,0.01680672268907563,0.0024096385542168677
Q13907-2,,
P62273-2,1.5,0.6
Q9H6D7-4,1.0,0.13432835820895522
Q7Z4I7-4,0.3092105263157895,0.0357958872810358
Q14994-13,1.3833333333333333,0.1451048951048951
Q6XPS3-4,0.033126293995859216,0.0034173430158052115
Q2TAY7-2,0.08695652173913043,0.009655172413793104
Q9Y6M0-2,4.5,0.8181818181818182
O60779-2,1.0696517412935322,0.11767925561029009
Q969M7-3,2.90625,0.29523809523809524
Q6ZVK8-2,2.661290322580645,0.2507598784194529
P19256-3,1.0,0.42857142857142855
O60861-4,0.21666666666666667,0.024029574861367836
Q9NXR7-1,2.85,0.3081081081081081
P17706-2,0.29411764705882354,0.038461538461538464
Q9UMY4-3,10.0,0.8
P45984-5,1.1025641025641026,0.14458641560188298
Q15109-5,0.1917808219178082,0.022950819672131147
Q64LD2-2,0.9487179487179487,0.17655078391274712
Q15438-2,6.0,1.0
Q06609-3,2.6666666666666665,0.2805194805194805
Q9UNF0-2,0.14634146341463414,0.04
O00748-4,,
Q9NZJ7-3,0.4883720930232558,0.06107187370170337
Q9NZH6-2,0.14893617021276595,0.03954802259887006
O75648-5,0.7739463601532567,0.0831275720164609
Q8NI22-2,0.9807692307692307,0.18545454545454546
Q9BUP3-3,,
P07098-4,2.4622641509433962,0.2546341463414634
Q8N371-2,1.7346938775510203,0.1812366737739872
Q30201-3,4.785714285714286,0.5826086956521739
Q9Y371-3,1.17,0.13912009512485138
Q6ZMG9-2,,
Q9GZX7-2,4.7,0.4392523364485981
O00481-3,0.1781609195402299,0.01859628074385123
Q9BWP8-5,0.125,0.03529411764705882
P36896-5,1.4807692307692308,0.22580645161290322
Q6ZMD2-2,2.5789473684210527,0.2763900080580177
Q9NRC1-5,0.00684931506849315,0.0007590132827324478
Q9BRV3-3,1.5740740740740742,0.1738241308793456
Q9BVC4-4,0.021671826625386997,0.0020814748736247396
Q6PI73-2,0.5620689655172414,0.05977264393105977
Q9BY41-7,1.0173160173160174,0.09306930693069307
Q9HCJ1-2,1.2373737373737375,0.11021142600089968
P38405-2,0.28205128205128205,0.03942652329749104
Q96N66-2,1.6181818181818182,0.15669014084507044
Q92600-2,,
Q6UW15-2,3.9782608695652173,0.3969631236442516
Q9H6A0-2,1.8571428571428572,0.20855614973262032
Q86VW1-2,3.4204545454545454,0.33259668508287293
O00463-3,0.660377358490566,0.07625272331154684
Q16635-2,1.7540983606557377,0.17540983606557378
Q8N6Q1-2,0.15384615384615385,0.02145922746781116
Q9C075-2,0.08759124087591241,0.015151515151515152
O43405-2,1.9655172413793103,0.19063545150501673
Q7Z7E8-2,0.33136094674556216,0.041176470588235294
Q9UGQ3-2,1.6290322580645162,0.20404040404040405
Q8TAQ9-2,0.951048951048951,0.12186379928315412
P56704-2,,
Q8IUN9-2,0.5892857142857143,0.08396946564885496
Q8N0S2-2,0.005714285714285714,0.0008613264427217916
Q969N2-5,3.5892857142857144,0.35575221238938054
Q96A29-2,1.3076923076923077,0.1717171717171717
Q96M98-2,0.46153846153846156,0.10465116279069768
Q9C037-2,0.6538461538461539,0.08542713567839195
Q6P9G0-2,1.3026315789473684,0.14494875549048317
P35613-2,0.43103448275862066,0.046125461254612546
O75469-5,0.5980861244019139,0.08069722401549387
Q9H6D7-2,0.36507936507936506,0.04448742746615087
Q9NWM0-4,1.6666666666666667,0.1757631822386679
Q96LI5-2,0.17757009345794392,0.017857142857142856
P05155-2,0.07692307692307693,0.02197802197802198
P15509-4,1.2692307692307692,0.18232044198895028
P32121-3,,
P31260-2,0.009433962264150943,0.002583979328165375
Q8TCC7-2,,
P48454-3,,
Q13404-2,1.4615384615384615,0.30158730158730157
P62070-3,4.628571428571429,0.43315508021390375
P48061-3,2.5,0.45454545454545453
O43741-2,1.0,0.18996415770609318
Q8WXH4-3,0.2711864406779661,0.03333333333333333
Q86Y07-5,0.16666666666666666,0.03327495621716287
P07101-4,0.25925925925925924,0.07865168539325842
P56180-3,0.9736842105263158,0.15481171548117154
Q8TCF1-2,0.102803738317757,0.013431013431013432
Q5JVF3-4,,
Q16270-2,0.6,0.17647058823529413
Q93097-2,0.6779661016949152,0.12121212121212122
Q96S37-3,1.2036199095022624,0.1171806167400881
P43088-6,1.4838709677419355,0.17468354430379746
O14972-2,4.037037037037037,0.42084942084942084
Q96RS6-3,2.9444444444444446,0.3316645807259074
Q8WUT9-2,2.576923076923077,0.25
P27930-2,1.7941176470588236,0.23371647509578544
Q9H939-2,0.5057471264367817,0.09090909090909091
Q8NBJ7-5,4.214285714285714,0.3847826086956522
Q9P0W2-2,0.5490196078431373,0.10071942446043165
P26951-2,0.26582278481012656,0.03012912482065997
Q9UL15-2,,
P61758-2,1.4137931034482758,0.2611464968152866
P16871-2,0.017964071856287425,0.004909983633387889
Q8N6C8-3,,
Q9Y573-2,5.151515151515151,0.46195652173913043
Q12933-2,,
Q03181-3,0.09523809523809523,0.02531645569620253
P21128-2,0.21951219512195122,0.025069637883008356
P48061-5,2.0,0.3333333333333333
P17342-2,3.0,0.75
Q8NCF5-2,0.18505338078291814,0.040498442367601244
Q9NRC1-6,0.00684931506849315,0.0007590132827324478
Q495B1-2,3.71875,0.33147632311977715
Q8NC56-2,0.39072847682119205,0.0641304347826087
Q15185-3,1.7333333333333334,0.23423423423423423
Q3B8N2-2,3.0,1.0
P35914-2,2.23943661971831,0.20730117340286833
P16298-4,,
O43172-2,3.0,1.0
O43837-3,1.6534090909090908,0.1941294196130754
Q9Y697-3,3.0588235294117645,0.291044776119403
P30626-3,0.005076142131979695,0.0005871990604815032
P46734-2,0.13793103448275862,0.03773584905660377
Q9H1X3-2,0.2540983606557377,0.03322615219721329
P24071-10,1.1666666666666667,0.21875
Q99572-5,0.5769230769230769,0.06607929515418502
O75414-2,2.7313432835820897,0.2663755458515284
Q8IVS8-4,0.9239130434782609,0.08382642998027613
Q75MW2-2,0.0425531914893617,0.010638297872340425
P35240-9,0.5023255813953489,0.057569296375266525
Q96H96-3,2.4814814814814814,0.2607003891050584
Q9NVF9-3,3.4390243902439024,0.35516372795969775
Q9UKJ1-4,0.039473684210526314,0.008547008547008548
Q8N819-3,0.5,0.046559297218155195
Q6ZVZ8-2,1.1343283582089552,0.14339622641509434
O95379-4,0.5555555555555556,0.16129032258064516
Q9H633-3,0.15625,0.04
Q9NQH7-5,0.512396694214876,0.047582501918649274
Q8WXA2-2,0.5,0.125
O43709-2,0.8378378378378378,0.11938382541720154
Q9BZX2-2,0.8666666666666667,0.09393063583815028
Q92526-2,3.688888888888889,0.31800766283524906
Q8TAU3-2,0.03015075376884422,0.006507592190889371
Q9BUK6-2,7.0,1.0
Q13557-10,0.20588235294117646,0.02466525722339676
Q8N9A8-2,,
Q8NBT0-3,4.552631578947368,0.4540682414698163
Q9NVH1-2,2.763157894736842,0.3153153153153153
Q9UIR0-3,0.08529411764705883,0.008763977032336053
Q9NQT6-2,0.004024144869215292,0.00039840637450199205
Q9BV57-2,2.2564102564102564,0.2634730538922156
Q8IXQ5-3,0.13013698630136986,0.012840729894120297
Q8NG11-2,3.1176470588235294,0.3136094674556213
Q9H8M1-2,0.09302325581395349,0.027777777777777776
Q9UGN5-2,0.6923076923076923,0.11688311688311688
O14931-2,0.2571428571428571,0.06474820143884892
O15315-2,0.28205128205128205,0.06666666666666667
Q9H0V9-2,,
Q6V702-1,,
P08887-2,0.035398230088495575,0.007142857142857143
Q15051-2,0.49624060150375937,0.05650684931506849
Q8WWU5-3,0.5396825396825397,0.10059171597633136
Q8NFX7-2,1.4285714285714286,0.22727272727272727
Q6UX41-6,0.25862068965517243,0.027124773960216998
Q8IZK6-2,0.42857142857142855,0.08
Q9UGM6-2,0.912751677852349,0.0927694406548431
P15529-6,0.1320754716981132,0.02348993288590604
Q9Y606-2,0.14285714285714285,0.04
P07307-3,0.19047619047619047,0.031413612565445025
Q969Q1-2,2.1785714285714284,0.2837209302325581
Q9NR63-3,1.3333333333333333,0.16058394160583941
Q92599-3,0.002074688796680498,0.00025940337224383917
Q9NZH6-4,0.2727272727272727,0.07317073170731707
Q9UMR7-3,0.325,0.050980392156862744
O60942-2,4.695652173913044,0.5094339622641509
Q13639-7,0.13793103448275862,0.03773584905660377
C9JJ37-2,0.40522875816993464,0.04234972677595628
Q8N9B8-2,,
Q11203-5,4.8,0.5142857142857142
P42679-2,0.21739130434782608,0.056179775280898875
O60493-4,3.090909090909091,0.33663366336633666
Q6RFH5-2,6.0,0.6129032258064516
Q15438-3,0.2033898305084746,0.0273972602739726
Q16836-2,0.2765957446808511,0.026541445487954268
O43688-3,2.3392857142857144,0.2891832229580574
P34998-5,0.7828571428571428,0.08698412698412698
Q13639-3,0.13793103448275862,0.03773584905660377
P61313-2,1.9523809523809523,0.2265193370165746
O76083-5,0.6956521739130435,0.13168724279835392
P78314-2,0.2598752598752599,0.04567044208987943
Q9H492-2,2.3333333333333335,0.358974358974359
Q8N983-2,0.05128205128205128,0.01282051282051282
Q9H2R5-3,2.7083333333333335,0.2529182879377432
P01009-2,4.603174603174603,0.48333333333333334
P42126-2,6.352941176470588,0.5806451612903226
O60931-2,1.2,0.3333333333333333
Q16653-5,2.0,0.4444444444444444
O75678-3,0.1839080459770115,0.03088803088803089
P98173-2,5.588235294117647,0.5828220858895705
P15692-3,0.02616279069767442,0.004739336492890996
P51959-2,1.037313432835821,0.10474755086661643
Q9BXJ4-2,0.0847457627118644,0.02242152466367713
Q8NHH9-2,0.34210526315789475,0.04406779661016949
Q5R372-9,0.038510911424903725,0.004522158577027435
Q8TEB1-3,0.6962025316455697,0.10204081632653061
Q11203-23,0.01488095238095238,0.0015342129487572874
P49758-10,0.053475935828877004,0.006345177664974619
Q8N431-2,0.8211920529801324,0.09144542772861357
Q11203-21,0.36156351791530944,0.03746203172460344
P43487-2,8.0,1.0
Q969S0-3,2.1481481481481484,0.23138297872340424
Q9BSH3-2,0.041666666666666664,0.007692307692307693
Q8IVI9-2,2.5714285714285716,0.2706766917293233
Q9HC07-2,0.16176470588235295,0.037037037037037035
Q9UEU0-2,1.0163934426229508,0.10877192982456141
A6NEC2-3,0.4778481012658228,0.0457160157432637
O76036-6,3.0,1.0
Q5T2R2-3,0.275,0.06748466257668712
P36639-1,,
P00749-2,0.17857142857142858,0.04854368932038835
Q7Z5J1-2,0.33695652173913043,0.07888040712468193
P15428-5,3.3676470588235294,0.29701686121919585
Q14449-2,0.22429906542056074,0.056338028169014086
Q9NXP7-3,0.6245954692556634,0.08768741481144934
P15260-2,0.004098360655737705,0.0006230529595015577
Q6ZP80-3,1.3949579831932772,0.14874551971326164
Q5XUX0-2,0.375,0.06287425149700598
P58499-2,,
Q8TB61-3,0.7959183673469388,0.11436950146627566
Q7LG56-2,2.1153846153846154,0.25821596244131456
Q9UIR0-2,0.8404255319148937,0.07876370887337986
Q9BXN2-2,0.3695652173913043,0.08994708994708994
Q9BRX5-2,1.7820512820512822,0.1917241379310345
Q07812-4,2.020408163265306,0.22448979591836735
Q96QD8-2,2.0097087378640777,0.29529243937232524
P35240-6,0.10053859964093358,0.011164274322169059
Q6YBV0-2,2.185185185185185,0.2594547053649956
Q86W50-2,0.4498567335243553,0.06022247794399693
Q6UY01-2,2.7142857142857144,0.24437299035369775
Q15109-10,0.25806451612903225,0.04395604395604396
P41145-2,1.3932584269662922,0.20666666666666667
Q9NRC1-2,0.5148247978436657,0.05397004803616841
Q13371-2,0.21686746987951808,0.03734439834024896
Q5JPH6-2,3.0,0.30337078651685395
O14788-2,0.0821917808219178,0.015306122448979591
Q13257-2,0.8712121212121212,0.09623430962343096
O43752-2,0.21782178217821782,0.024336283185840708
Q9NQ48-2,1.3529411764705883,0.17293233082706766
Q9UIV8-2,4.076923076923077,0.3925925925925926
Q99536-3,3.8676470588235294,0.369901547116737
P51965-3,3.3529411764705883,0.3584905660377358
Q96FL8-3,2.3333333333333335,0.3111111111111111
P13716-2,3.027027027027027,0.35443037974683544
Q9BUK6-3,4.083333333333333,0.5157894736842106
Q8TDH9-2,0.12658227848101267,0.016233766233766232
P40227-2,3.6222222222222222,0.31285988483685223
O43852-14,0.012738853503184714,0.0014194464158978
Q92633-2,0.35714285714285715,0.09090909090909091
Q9NRC1-3,0.008528784648187633,0.0009045680687471732
P14314-2,0.5,0.15151515151515152
P54578-2,2.2285714285714286,0.30708661417322836
Q8NCL8-2,,
Q7Z7H5-2,2.5625,0.3178294573643411
Q96L92-3,0.7333333333333333,0.0990990990990991
Q6IC98-2,0.2662473794549266,0.03688643624745861
Q9BQ51-2,0.45054945054945056,0.047841306884480746
Q70HW3-2,1.9545454545454546,0.20574162679425836
Q8TDQ1-3,0.01384083044982699,0.002072538860103627
Q9BUY7-4,0.5471698113207547,0.06473214285714286
Q9NRA2-2,0.7792792792792793,0.07046843177189409
Q9UQ49-2,,
O60942-4,1.5638297872340425,0.20220082530949107
Q13362-4,0.05845511482254697,0.006401463191586648
P56817-3,6.113636363636363,0.576017130620985
Q9BSA9-2,1.603448275862069,0.1706422018348624
O14681-3,4.785714285714286,0.44370860927152317
Q8TF66-2,,
Q9Y2P8-2,1.3865979381443299,0.12742775935575557
Q9NWM0-6,,
Q8NFJ9-3,0.46875,0.049803803199517056
Q7RTN6-6,0.07398568019093078,0.008398807911135195
Q9Y2Q3-2,,
Q14982-2,0.15384615384615385,0.04081632653061224
Q8N6F1-2,0.2857142857142857,0.07692307692307693
Q9HAC7-2,0.4918032786885246,0.05004170141784821
P29350-4,0.14285714285714285,0.03759398496240601
P16562-2,,
P60880-2,1.40625,0.16853932584269662
Q9BZZ5-6,2.3636363636363638,0.26262626262626265
O15315-1,0.28205128205128205,0.06666666666666667
Q567V2-2,1.68,0.1721311475409836
Q96CM3-2,2.193548387096774,0.3008849557522124
P51159-2,4.375,0.4430379746835443
Q9NVR7-2,2.144144144144144,0.22201492537313433
Q9HBI0-2,1.5,0.1618705035971223
Q96SY0-3,2.5211267605633805,0.2389853137516689
P51686-2,0.3333333333333333,0.1
O14735-3,1.8888888888888888,0.1827956989247312
Q96RQ9-2,3.25,0.52
O15371-3,0.8666666666666667,0.11926605504587157
O75586-3,0.12087912087912088,0.023554603854389723
P55210-4,1.8857142857142857,0.34375
Q8IX04-6,5.136363636363637,0.5621890547263682
P59901-2,2.621212121212121,0.33988212180746563
Q9H040-2,0.008,0.00186219739292365
Q8N371-3,,
O95273-3,0.8828125,0.09300411522633745
Q96SY0-2,0.40540540540540543,0.0457084814626714
Q6ZQW0-2,0.767175572519084,0.07285248278361725
P35241-4,1.2516129032258065,0.12696335078534032
Q9NSA0-2,2.128440366972477,0.1838351822503962
Q15109-4,0.4448669201520912,0.05444392740809679
O75888-4,0.2857142857142857,0.042105263157894736
Q5TAA0-2,0.29694323144104806,0.030061892130857647
Q9BY44-3,4.04,0.38996138996138996
Q16718-2,2.1666666666666665,0.41935483870967744
Q8WU39-5,0.8307692307692308,0.09342560553633218
Q7Z7A4-7,1.4819277108433735,0.18330849478390462
Q71UI9-3,0.9473684210526315,0.10778443113772455
Q8ND76-3,0.09259259259259259,0.024390243902439025
Q14168-6,0.2328767123287671,0.029876977152899824
Q13555-10,0.4421052631578947,0.10880829015544041
P24468-3,0.1111111111111111,0.016683022571148183
Q9HAW0-2,2.0,0.24210526315789474
Q9Y274-2,1.8591549295774648,0.2052877138413686
P62899-2,2.5,0.423728813559322
Q8TCJ0-3,0.2708333333333333,0.034197670048853816
O95169-2,0.03333333333333333,0.005988023952095809
P59910-2,0.76,0.08826945412311266
Q9NVH6-6,1.8833333333333333,0.21772639691714837
Q9NVX0-2,0.1276595744680851,0.01749271137026239
O60909-3,,
P11279-2,3.0943396226415096,0.31297709923664124
Q7RTN6-2,0.00702576112412178,0.0007963897000265463
P20138-2,0.03571428571428571,0.009523809523809525
P78380-3,1.576470588235294,0.1731266149870801
Q9UBB4-2,2.34375,0.21676300578034682
Q8TBR7-1,4.28125,0.39710144927536234
Q9UPM9-2,2.5942028985507246,0.3587174348697395
P53805-3,1.1566265060240963,0.21333333333333335
Q9NVQ4-2,,
Q9H4B0-3,2.8085106382978724,0.2636484687083888
O00762-3,3.5172413793103448,0.3805970149253731
Q12792-3,,
P62068-4,6.666666666666667,0.547945205479452
Q8WW14-2,0.1125,0.028037383177570093
Q8TEB1-2,0.6538461538461539,0.08994708994708994
Q86V25-6,0.7307692307692307,0.11987381703470032
P31995-4,0.09259259259259259,0.017793594306049824
Q03181-4,0.24489795918367346,0.030848329048843187
P15529-11,0.4,0.09375
Q8N414-2,1.2844036697247707,0.19607843137254902
Q10471-2,0.007017543859649123,0.0007374631268436578
Q9Y624-2,3.3469387755102042,0.3445378151260504
Q9BVK8-2,2.2448979591836733,0.2301255230125523
Q86WD7-7,,
Q9BQA1-2,2.515625,0.2309899569583931
O75838-3,1.3953488372093024,0.16483516483516483
Q96LB4-3,0.13333333333333333,0.01812688821752266
Q9NVC3-2,1.7542372881355932,0.173512154233026
P35240-2,2.9375,0.32413793103448274
P50579-3,2.4166666666666665,0.29591836734693877
Q9H7P6-2,0.030612244897959183,0.006237006237006237
P13473-3,0.5555555555555556,0.07739938080495357
Q8NER5-4,2.22,0.25635103926096997
P01011-2,1.0813397129186604,0.11078431372549019
Q08AI6-2,5.181818181818182,0.4418604651162791
Q9H497-3,1.0648148148148149,0.13739545997610514
Q96IU4-2,1.9411764705882353,0.17277486910994763
Q9NPH5-9,0.42247191011235957,0.04530120481927711
Q5FWF6-3,0.20266666666666666,0.025675675675675677
Q9Y371-2,,
Q9BV94-2,3.27027027027027,0.2972972972972973
P42685-2,1.0389610389610389,0.12139605462822459
O76083-12,0.5,0.07725788900979326
P51955-3,0.0975609756097561,0.014492753623188406
Q8NG11-3,1.008130081300813,0.10350584307178631
Q9UBV4-2,1.2258064516129032,0.1623931623931624
Q8NFF5-4,0.005119453924914676,0.0005598059339428998
Q86UX6-2,0.8547008547008547,0.141643059490085
P49758-9,0.07602339181286549,0.008547008547008548
Q6ICL3-5,1.936,0.1864406779661017
P33681-3,0.25984251968503935,0.029490616621983913
P15529-13,1.5,0.29577464788732394
Q9HBY8-3,,
Q5T5S1-2,0.4044943820224719,0.0627177700348432
Q9UBM8-2,,
Q86TP1-7,0.31896551724137934,0.030756442227763924
Q9Y2Y0-2,0.9166666666666666,0.13580246913580246
P15812-3,1.0991735537190082,0.14696132596685083
Q13510-3,2.01,0.23290845886442643
O76036-4,0.06363636363636363,0.007042253521126761
Q9NRA1-4,0.06134969325153374,0.007541478129713424
Q8N4Z0-1,1.4867256637168142,0.14659685863874344
Q30201-4,0.422680412371134,0.044420368364030335
Q8N1B3-2,3.3,0.358695652173913
P24071-4,0.08450704225352113,0.013888888888888888
Q6UXL0-3,0.012903225806451613,0.001549186676994578
Q96B02-3,,
Q49A26-5,0.16049382716049382,0.043478260869565216
Q9UQ53-2,6.0,1.0
Q9UKR0-2,2.6923076923076925,0.30434782608695654
Q969M7-4,1.9411764705882353,0.21568627450980393
Q5HYI7-5,1.9344262295081966,0.19407894736842105
O43665-2,0.25,0.06896551724137931
P17706-4,1.14,0.13031550068587106
Q9NP94-2,1.105726872246696,0.11519045433685177
O95045-2,,
O15204-2,0.9620253164556962,0.15019762845849802
P35610-3,0.18461538461538463,0.037267080745341616
P40198-3,0.14084507042253522,0.028409090909090908
Q9UDY6-2,1.2300884955752212,0.12013828867761452
Q99418-2,6.0,1.0
Q14994-9,0.002849002849002849,0.0003040437823046519
Q9NZJ9-2,,
P15509-8,0.9699248120300752,0.12659470068694798
Q53RD9-2,0.4782608695652174,0.06626506024096386
Q6UWN5-2,2.372093023255814,0.3072289156626506
O60729-2,0.2564102564102564,0.0641025641025641
Q9BY67-5,0.39285714285714285,0.09565217391304348
P40123-3,0.5423076923076923,0.06610407876230662
Q9P272-3,0.44527363184079605,0.06622271550129485
Q9BRU9-2,0.703125,0.10843373493975904
Q8IZ02-3,4.59375,0.4310850439882698
Q9Y5X9-2,0.3246753246753247,0.037091988130563795
O15442-2,,
Q86WD7-4,0.016867469879518072,0.0017382666997765085
P48551-3,0.02877697841726619,0.0070052539404553416
Q96F15-2,0.38461538461538464,0.10204081632653061
Q9BYM8-3,0.6296296296296297,0.08056872037914692
Q8IUX1-2,0.2777777777777778,0.07692307692307693
Q7Z7A4-4,3.8823529411764706,0.4125
Q8IXU6-3,0.8936170212765957,0.12352941176470589
Q8WWU5-2,0.6753246753246753,0.125
Q8IW00-2,0.11904761904761904,0.02109704641350211
Q9BXY5-2,0.0037243947858473,0.0005159958720330237
P15529-8,0.1320754716981132,0.02348993288590604
Q95460-2,2.577777777777778,0.26126126126126126
Q9BZG2-2,2.032258064516129,0.2111731843575419
Q8TDW4-5,0.3870967741935484,0.0821917808219178
Q9ULP0-8,0.09830508474576272,0.009455493968046952
O60880-4,1.6666666666666667,0.5555555555555556
Q9UMR5-2,3.111111111111111,0.319634703196347
P01009-3,3.25,0.3285198555956679
O95900-2,3.5357142857142856,0.38223938223938225
P48059-5,,
Q5ZPR3-4,0.8333333333333334,0.23809523809523808
P35613-3,0.2822966507177033,0.0319091400757166
Q9NVX0-3,0.6774193548387096,0.09170305676855896
Q9NSC5-5,1.4166666666666667,0.1969111969111969
P32856-2,0.4,0.05263157894736842
O00341-2,0.9519230769230769,0.0989010989010989
P29372-5,0.23529411764705882,0.06451612903225806
Q8TDB8-3,0.9192200557103064,0.08439897698209718
O95139-2,1.6,0.3076923076923077
Q7Z6M1-2,3.9215686274509802,0.36764705882352944
Q9BW66-3,2.5,0.7142857142857143
Q9UH03-2,0.19047619047619047,0.05128205128205128
Q969W1-4,0.9939393939393939,0.10237203495630462
Q8IXJ6-3,0.2972972972972973,0.06748466257668712
Q8N423-3,0.012422360248447204,0.002857142857142857
Q8N0S2-3,0.005714285714285714,0.0008613264427217916
P51689-2,1.7115384615384615,0.17030233448143897
Q00005-4,,
Q5ZPR3-2,1.1422018348623852,0.1175082586125531
Q6UW02-2,2.0,0.21428571428571427
P29279-2,0.5555555555555556,0.11811023622047244
Q9HBE4-2,1.4375,0.184
Q30201-10,1.669811320754717,0.17438423645320197
O00148-3,0.5054945054945055,0.05088495575221239
O95302-3,,
Q86SZ2-2,4.607142857142857,0.48314606741573035
Q01081-3,0.422680412371134,0.053315994798439535
Q8N465-3,0.8776371308016878,0.08496732026143791
Q9UKY3-2,1.5147058823529411,0.17457627118644067
Q8N8Q3-5,1.1701030927835052,0.11333000499251124
O43739-2,6.0,1.0
Q9UIK4-2,0.9404761904761905,0.13787085514834205
O43709-3,,
Q8WVV5-4,0.2672413793103448,0.0279027902790279
Q15629-2,1.064516129032258,0.1506849315068493
Q9HD47-4,2.9420289855072466,0.320695102685624
Q8IV77-2,0.003484320557491289,0.0004033884630899556
Q96BS2-3,2.6296296296296298,0.2897959183673469
Q9BZ23-4,0.17272727272727273,0.04645476772616137
Q9NY26-2,2.1523809523809523,0.23890063424947147
Q02161-3,2.6862745098039214,0.26862745098039215
Q7Z5J1-8,0.5546558704453441,0.07124284971398856
O75648-4,1.252808988764045,0.12246018671059858
P55345-6,0.8878048780487805,0.09191919191919191
P53778-2,7.4,0.578125
Q8IWU9-2,,
Q8TDF5-1,0.0037593984962406013,0.0005192107995846313
O15123-3,3.0,1.0
Q6TCH7-2,3.0638297872340425,0.32
Q96CB9-2,0.8739495798319328,0.07993850883935434
Q3KNV8-2,,
Q5TGZ0-2,0.38596491228070173,0.05612244897959184
Q16563-2,0.5555555555555556,0.07462686567164178
P55087-2,0.5,0.09565217391304348
Q8N3J6-2,0.020958083832335328,0.0023450586264656616
P80303-2,1.5,0.6
Q9BRL7-3,0.9318181818181818,0.10073710073710074
O15519-2,0.03597122302158273,0.004240882103477523
Q9UKT8-2,2.292307692307692,0.21316165951359084
P40126-2,,
Q14790-6,0.037162162162162164,0.004069552349241583
Q53T94-3,0.6274509803921569,0.08368200836820083
A1XBS5-2,2.1052631578947367,0.22727272727272727
Q8TED4-2,2.5,0.45454545454545453
P30793-3,2.3658536585365852,0.27019498607242337
O14966-2,3.4583333333333335,0.350210970464135
P49765-2,0.15492957746478872,0.03514376996805112
Q96K19-6,0.8214285714285714,0.11794871794871795
O15533-4,2.4942528735632186,0.26560587515299877
Q8WTV0-3,0.13529411764705881,0.015042511445389144
P78539-3,0.6166666666666667,0.06324786324786325
P22557-4,0.19708029197080293,0.04251968503937008
Q9C035-2,2.25,0.23122529644268774
Q9H0A8-3,0.9883720930232558,0.11502029769959404
P42081-4,0.017793594306049824,0.002108814846056516
Q9BWQ8-2,0.06521739130434782,0.01775147928994083
P30988-5,0.7391304347826086,0.091017251635931
Q08209-5,2.3134328358208953,0.24879614767255218
Q96SE0-3,2.652482269503546,0.25616438356164384
Q9NY57-2,1.9574468085106382,0.24468085106382978
Q96A70-4,0.9093851132686084,0.09509306260575297
Q13304-2,0.10714285714285714,0.030303030303030304
Q9NZU5-2,1.2328767123287672,0.14018691588785046
P48307-2,4.454545454545454,0.48514851485148514
P29466-2,0.5714285714285714,0.14285714285714285
Q9HAE3-2,1.9622641509433962,0.21487603305785125
Q9NY35-3,1.875,0.19911504424778761
P15529-3,0.1320754716981132,0.02348993288590604
Q9NQZ6-4,0.25,0.0387858347386172
Q8N8Q3-3,1.0439024390243903,0.10439024390243902
P18577-7,2.71875,0.2671443193449335
Q9BWP8-4,0.11904761904761904,0.03184713375796178
Q6UX40-4,9.0,1.0
P13473-2,0.4318181818181818,0.06070287539936102
P61266-2,0.38461538461538464,0.05154639175257732
P35610-2,0.1896551724137931,0.04119850187265917
O43665-1,0.26666666666666666,0.07407407407407407
Q86V25-4,0.6878306878306878,0.08114856429463171
P31995-3,0.11594202898550725,0.03007518796992481
Q9NZS9-2,0.11612903225806452,0.015280135823429542
P24903-2,1.5159574468085106,0.14314414866901054
Q8N6Q3-3,0.3300970873786408,0.034859876965140126
P35790-2,1.3333333333333333,0.16666666666666666
O15123-2,0.38461538461538464,0.04807692307692308
Q8WUX1-2,0.8823529411764706,0.16605166051660517
Q9UET6-2,5.5,0.8461538461538461
O14788-3,0.23404255319148937,0.0582010582010582
O75530-2,,
P85298-5,0.3140495867768595,0.03815261044176707
Q7Z2H8-3,2.088888888888889,0.20568927789934355
Q5T9G4-3,4.2,0.4772727272727273
Q15131-3,0.3419354838709677,0.036301369863013695
Q9NWS1-4,0.30666666666666664,0.04233128834355828
O75840-5,0.43157894736842106,0.06645056726094004
Q9UIB8-6,0.08333333333333333,0.017107309486780714
Q12841-2,0.8857142857142857,0.10508474576271186
P04637-8,0.002551020408163265,0.00036010082823190496
Q15646-2,0.5186440677966102,0.054313099041533544
Q9NY25-2,8.0,1.0
Q96BJ3-3,1.7195121951219512,0.17428924598269468
Q9P2U7-2,1.0298507462686568,0.1350293542074364
O75354-3,4.0,1.0
Q8TD08-3,0.267260579064588,0.03601440576230492
P54819-5,1.4271844660194175,0.1529656607700312
P0DPI2-2,3.774193548387097,0.34718100890207715
Q9H6V9-3,4.6875,0.43186180422264875
O75771-4,3.511111111111111,0.3237704918032787
Q9HCC8-3,,
Q0GE19-3,6.6923076923076925,0.5087719298245614
Q8N5C7-2,0.8275862068965517,0.1188118811881188
O00560-2,4.0,1.0
A8MT69-2,1.8333333333333333,0.20754716981132076
Q9HC23-2,0.38095238095238093,0.06060606060606061
Q96S37-4,4.428571428571429,0.3681710213776722
Q9UH92-2,0.052083333333333336,0.014084507042253521
Q9BTZ2-2,2.63953488372093,0.22860020140986909
P08631-4,4.0,1.0
Q969J3-2,0.2916666666666667,0.056910569105691054
Q9H6K4-2,0.5826771653543307,0.07505070993914807
Q5HYI7-2,1.017751479289941,0.12233285917496443
Q9BTM1-2,0.2727272727272727,0.07317073170731707
O00478-2,0.05448717948717949,0.00593368237347295
Q9Y6N9-3,0.5637583892617449,0.06666666666666667
Q96MI6-3,1.2236842105263157,0.128719723183391
Q9Y2I2-1,0.20588235294117646,0.023001095290251915
Q96A28-2,0.25,0.027218934911242602
Q9UMX1-2,2.076923076923077,0.23580786026200873
Q9HD89-2,3.3703703703703702,0.4080717488789238
Q8IZL9-5,5.619047619047619,0.4645669291338583
O15530-2,0.6,0.14285714285714285
Q96FL9-3,2.0357142857142856,0.2579185520361991
Q8NBS9-2,1.2685185185185186,0.19268635724331926
O43766-2,3.3962264150943398,0.31690140845070425
O60729-4,0.14,0.035897435897435895
P22748-2,1.15695067264574,0.1205607476635514
Q13007-2,,
Q7Z2E3-7,0.5,0.11864406779661017
Q6NUS8-2,0.007662835249042145,0.0007686395080707148
Q96AY3-2,0.42209631728045327,0.04684061615844074
P63165-2,2.88,0.43902439024390244
Q9UN36-6,0.7894736842105263,0.12195121951219512
Q9UNW1-3,1.923444976076555,0.18559556786703602
Q9NVG8-2,1.928,0.1954582319545823
P12931-2,,
Q9BSM1-3,0.9397590361445783,0.11337209302325581
Q9Y236-2,,
O00748-5,0.3044397463002114,0.028857715430861724
Q96T55-3,0.24390243902439024,0.056818181818181816
O60729-3,0.14,0.035897435897435895
Q96MS3-3,0.502092050209205,0.049099836333878884
B6A8C7-2,0.8181818181818182,0.12
Q6PEZ8-2,0.3472222222222222,0.03836317135549872
Q9NWM0-5,0.3104125736738703,0.03264462809917355
Q6NUK1-2,1.1833333333333333,0.15268817204301074
Q9H5U6-3,6.0,0.75
Q7RTN6-3,1.135135135135135,0.16666666666666666
O75311-2,1.3333333333333333,0.16666666666666666
O60573-2,0.21739130434782608,0.04424778761061947
Q86X40-3,0.7086614173228346,0.0695517774343122
O94810-2,3.4705882352941178,0.39072847682119205
Q9NZD1-2,0.2127659574468085,0.047619047619047616
Q13951-2,0.5882352941176471,0.08333333333333333
Q49MI3-5,0.45180722891566266,0.04570383912248629
Q9BPZ7-4,0.6041666666666666,0.0940032414910859
Q8N2K0-2,2.0,0.35294117647058826
Q86X67-2,1.5280898876404494,0.1468682505399568
Q96DY2-2,0.19607843137254902,0.024509803921568627
Q14994-3,3.558139534883721,0.35172413793103446
Q96E93-2,2.3333333333333335,0.3442622950819672
Q12974-4,4.12,0.34219269102990035
Q9UJT1-4,1.0694444444444444,0.09325797335486476
Q8TB40-2,1.211111111111111,0.11860718171926006
Q9ULP9-2,2.0,0.3157894736842105
Q15131-7,0.7616580310880829,0.08235294117647059
Q30201-9,0.45365853658536587,0.05118326912493121
Q969H6-2,3.54,0.3532934131736527
P51674-3,1.1818181818181819,0.16455696202531644
Q8WW22-3,1.5116279069767442,0.17615176151761516
P04278-3,3.059322033898305,0.31528384279475985
Q6ZP80-2,1.6979166666666667,0.17853231106243153
Q96PB7-4,0.006289308176100629,0.000693000693000693
P56180-2,1.3888888888888888,0.2808988764044944
Q14168-2,1.0,0.12903225806451613
Q9NNX6-8,0.4365482233502538,0.051807228915662654
Q96H22-2,0.6049382716049383,0.07446808510638298
Q15389-2,4.0,1.0
P30411-2,1.2222222222222223,0.20245398773006135
Q16623-3,0.24193548387096775,0.031055900621118012
Q9NYG2-2,5.0,1.0
P09132-2,1.3863636363636365,0.2040133779264214
Q6UXX9-3,0.19642857142857142,0.022774327122153208
Q8NBW4-4,0.31746031746031744,0.07142857142857142
P15529-5,0.17105263157894737,0.02736842105263158
Q99836-2,1.5777777777777777,0.21712538226299694
P09919-3,2.6666666666666665,0.3287671232876712
Q15813-2,,
Q0PNE2-2,1.6666666666666667,0.20833333333333334
Q8IX04-2,2.40625,0.2321608040201005
O15498-2,1.588235294117647,0.19285714285714287
Q7Z7A4-5,0.7007299270072993,0.07960199004975124
Q8IUQ4-2,,
Q96QS1-3,0.0375,0.01060070671378092
Q5JS37-2,2.671641791044776,0.24287652645861602
O15540-2,5.1875,0.50920245398773
Q15750-2,0.028985507246376812,0.006024096385542169
Q15118-2,9.0,1.0
Q5JS13-5,0.47592067988668557,0.06757843925985518
Q96CW9-2,0.0335195530726257,0.0040595399188092015
P09110-2,2.8846153846153846,0.27472527472527475
P51955-2,0.09333333333333334,0.01545253863134658
P15882-2,0.5879120879120879,0.0737422467263956
O60880-3,1.1829268292682926,0.16753022452504318
Q96EY1-3,0.006276150627615063,0.0008401008120974517
Q99623-2,0.5526315789473685,0.06885245901639345
Q9H074-3,0.044642857142857144,0.012165450121654502
Q8N5B7-2,1.546875,0.19681908548707752
P43897-2,,
Q99447-3,,
Q9BPX7-2,,
Q49MI3-2,1.1538461538461537,0.16304347826086957
Q86VF5-3,2.3529411764705883,0.2608695652173913
Q9NR21-1,0.7142857142857143,0.23809523809523808
P80370-2,0.821917808219178,0.16129032258064516
P25942-2,0.3063063063063063,0.05519480519480519
Q9NUL3-5,0.0035149384885764497,0.0004807692307692308
O00476-2,,
Q70EL3-2,2.8333333333333335,0.5483870967741935
Q9BQ75-2,0.25,0.058823529411764705
O60888-3,0.17391304347826086,0.047619047619047616
P62070-4,,
Q13838-2,,
Q9H3H1-5,1.7415730337078652,0.1800232288037166
Q8NAU1-2,0.24242424242424243,0.06666666666666667
Q8IWT1-2,1.6454545454545455,0.2040586245772266
Q8WXK4-2,,
Q96I99-2,2.9444444444444446,0.30994152046783624
Q6PF05-2,0.654320987654321,0.06535141800246609
P16410-5,0.08450704225352113,0.013824884792626729
Q9GZM7-3,3.6451612903225805,0.40213523131672596
Q9BWF3-3,0.25663716814159293,0.04873949579831933
Q02161-2,2.8958333333333335,0.28024193548387094
P43088-5,1.4891304347826086,0.17586649550706032
Q6ZMM2-2,0.75,0.21428571428571427
P23415-2,1.375,0.2
Q9UIB8-4,0.03529411764705882,0.010380622837370242
P30519-2,0.41379310344827586,0.06451612903225806
Q9BWP8-3,0.20833333333333334,0.05747126436781609
Q15973-1,0.22535211267605634,0.032388663967611336
Q9GZP4-2,10.0,1.0
Q7L4P6-2,0.07100591715976332,0.011009174311926606
Q9HA90-2,0.04576659038901602,0.00646830530401035
Q9GZT6-2,0.125,0.030303030303030304
Q8N815-2,0.5643564356435643,0.060897435897435896
Q5TC12-3,0.4318181818181818,0.08085106382978724
Q9BY44-4,2.19672131147541,0.24452554744525548
Q05513-2,0.18579234972677597,0.021144278606965175
P46779-5,1.3235294117647058,0.1717557251908397
Q9BYC5-2,0.6959459459459459,0.06950067476383266
Q8NA56-2,,
Q8N3J6-3,0.2631578947368421,0.06666666666666667
Q96Q77-2,1.9591836734693877,0.2171945701357466
P30793-2,2.3658536585365852,0.27019498607242337
O15155-2,0.2564102564102564,0.034722222222222224
Q8TCT7-4,0.034482758620689655,0.009966777408637873
P29466-3,0.6989247311827957,0.08238276299112801
Q9NXN4-2,1.2666666666666666,0.25333333333333335
Q96T52-2,2.4794520547945207,0.287758346581876
O95630-2,1.7640449438202248,0.18277066356228172
Q15628-2,3.3666666666666667,0.3482758620689655
Q96LB8-2,2.5,0.5
Q9UMS0-3,0.20833333333333334,0.058823529411764705
Q9BRK5-2,1.3398058252427185,0.19658119658119658
Q8NG04-2,0.05844155844155844,0.006583760058522311
Q969S2-2,0.375,0.1
Q7L5N7-2,0.8666666666666667,0.09133489461358314
Q9NPH5-4,1.0521172638436482,0.1150694691841824
Q10713-2,1.625,0.18309859154929578
Q86X76-3,0.006134969325153374,0.0006369426751592356
Q86TJ2-2,1.0266666666666666,0.12087912087912088
P41217-3,0.010948905109489052,0.0012259910093992644
O75838-4,2.0816326530612246,0.2361111111111111
P15692-2,0.08333333333333333,0.020242914979757085
Q9UP65-3,4.166666666666667,0.5319148936170213
Q15831-2,0.2903225806451613,0.07377049180327869
P41223-2,4.625,0.46835443037974683
P63241-2,,
Q14790-2,1.3333333333333333,0.2564102564102564
Q9NZH6-5,1.639344262295082,0.23696682464454977
Q9H1J5-2,0.75,0.23076923076923078
Q13303-5,1.7142857142857142,0.2222222222222222
P46098-3,0.6666666666666666,0.0875
Q9UFF9-3,3.537037037037037,0.3652007648183556
Q9Y5N1-3,0.275,0.05092592592592592
Q11203-17,0.01488095238095238,0.0015342129487572874
P31995-2,0.05263157894736842,0.014778325123152709
P43088-7,1.4838709677419355,0.17468354430379746
Q8TAV0-2,0.13793103448275862,0.03773584905660377
O00238-2,,
Q7Z4I7-2,3.0,0.6
O95264-2,0.625,0.1
O76083-14,1.511111111111111,0.17258883248730963
Q9NRZ7-3,1.9322033898305084,0.1952054794520548
Q96LA6-4,0.002336448598130841,0.000297000297000297
P11049-2,1.161764705882353,0.1184407796101949
O15244-3,0.8006042296072508,0.07950795079507951
P20340-4,1.2298850574712643,0.13665389527458494
P53805-2,1.1829268292682926,0.22095671981776766
Q86YM7-3,0.061452513966480445,0.007730147575544624
Q16635-6,1.098159509202454,0.11138767890479154
Q15109-7,3.4285714285714284,0.4528301886792453
O15260-2,1.0884955752212389,0.1063094209161625
P54819-3,2.161290322580645,0.22789115646258504
Q9NYS7-2,3.0,0.6
O75487-2,0.8714285714285714,0.10463121783876501
Q16875-4,0.92,0.14838709677419354
Q6ZN54-3,0.375,0.08059701492537313
P15812-2,0.9166666666666666,0.20754716981132076
Q86X67-4,0.2,0.021131561008861623
Q9Y4P1-3,0.01020408163265306,0.0010793308148947653
Q9H5I1-3,1.4055555555555554,0.15140634350688212
O75365-2,4.2,0.3465346534653465
Q1W4C9-2,0.7,0.10526315789473684
Q8TCT7-2,0.9047619047619048,0.1087626596213122
Q6PIL6-3,0.5967741935483871,0.09814323607427056
O43759-3,0.008620689655172414,0.0009832841691248771
O00231-2,,
A0PJK1-2,5.62962962962963,0.4367816091954023
O75800-2,3.9411764705882355,0.38285714285714284
Q86YJ6-5,0.022774327122153208,0.002109300095877277
Q86TP1-3,0.7967032967032966,0.0748580278781621
O95081-2,0.05934718100890208,0.01615508885298869
P82912-2,4.0,1.0
Q13491-2,0.5789473684210527,0.07692307692307693
Q9H1B4-6,1.054054054054054,0.16049382716049382
Q13477-3,0.2727272727272727,0.07100591715976332
P53779-2,0.06382978723404255,0.017964071856287425
P49763-2,0.19444444444444445,0.050359712230215826
Q9BRX5-3,,
O95498-2,1.8959276018099547,0.17867803837953092
Q9UHH9-6,0.5251396648044693,0.05960684844641725
O00154-3,0.010554089709762533,0.0011331444759206798
P23416-2,10.0,0.9090909090909091
O60729-5,0.8653846153846154,0.189873417721519
P61201-2,,
Q53RD9-3,0.22807017543859648,0.036211699164345405
Q6P1Q9-2,1.2424242424242424,0.18141592920353983
Q9Y6I7-4,0.8601694915254238,0.08822251195132551
Q9Y2G2-7,0.06956521739130435,0.018957345971563982
O15245-3,3.380281690140845,0.3225806451612903
Q9H3U5-3,4.5,0.38414634146341464
Q8NB16-2,0.5106382978723404,0.05291005291005291
Q03060-23,0.005813953488372093,0.0010649627263045794
O75663-2,1.47,0.16461366181410975
Q13277-2,0.8648648648648649,0.1038961038961039
P00167-3,2.3,0.323943661971831
Q9UBD9-2,1.2,0.2222222222222222
P0DI81-3,,
Q9BTC8-2,0.23255813953488372,0.05102040816326531
Q8NG50-4,0.01060070671378092,0.0012610340479192938
P23396-2,,
Q52LJ0-1,0.022556390977443608,0.0054446460980036296
Q9NRC1-4,0.00684931506849315,0.0007590132827324478
Q13642-3,0.5271317829457365,0.0787037037037037
P17693-3,0.657608695652174,0.06793935991016282
Q13557-3,,
Q00005-5,,
Q8N8Q3-4,0.010752688172043012,0.00108499095840868
O75971-2,0.43333333333333335,0.06735751295336788
Q8IX04-5,0.5318352059925093,0.05224429727740986
O15151-3,0.112565445026178,0.02113022113022113
P52757-3,0.418848167539267,0.052562417871222074
Q6ICL3-4,6.0588235294117645,0.5819209039548022
Q16585-2,0.17142857142857143,0.02666666666666667
Q6ZN68-3,0.010666666666666666,0.0011890606420927466
O14958-2,3.236111111111111,0.3472429210134128
Q14790-8,0.037162162162162164,0.004069552349241583
Q9UK23-2,1.6176470588235294,0.17027863777089783
A8MUH7-2,0.5752895752895753,0.07071665875652587
Q86YT5-4,2.813953488372093,0.25910064239828695
P48061-6,2.5,0.45454545454545453
Q9H5Z6-2,0.23222748815165878,0.056647398843930635
P54619-3,,
O95256-2,0.6126760563380281,0.08293612964728313
O00219-2,0.9576547231270358,0.09339263024142312
P46098-4,,
Q5VZ52-2,2.2666666666666666,0.2833333333333333
P15529-10,1.2,0.3
A6NI73-4,0.02973977695167286,0.003372681281618887
A8MV23-2,3.272727272727273,0.453781512605042
Q8N118-2,1.1551724137931034,0.14285714285714285
O43699-4,0.12861736334405144,0.0165016501650165
Q8WYN0-5,5.625,0.5335968379446641
Q7Z7H8-2,0.25,0.06666666666666667
Q5VVX9-2,0.11578947368421053,0.023758099352051837
Q658P3-4,0.7867647058823529,0.09184549356223176
Q8WXQ8-3,3.577777777777778,0.30666666666666664
O60493-2,3.25,0.36879432624113473
Q14565-2,2.142857142857143,0.22388059701492538
Q8N7R7-3,0.08571428571428572,0.022222222222222223
Q99961-2,2.3958333333333335,0.2668213457076566
Q96AJ9-1,0.3333333333333333,0.043478260869565216
Q9H1B4-2,1.054054054054054,0.16049382716049382
Q86TN4-4,,
Q9BR77-2,0.15625,0.042735042735042736
Q92599-2,0.12962962962962962,0.029535864978902954
Q8TC41-2,0.0018484288354898336,0.00029027576197387516
Q0VAA5-2,0.8,0.15
Q9Y6E2-2,0.3697478991596639,0.037800687285223365
Q13286-7,2.3333333333333335,0.3888888888888889
Q9UJW0-3,,
Q9Y3Q3-2,0.42857142857142855,0.05602716468590832
P78560-2,0.04040404040404041,0.004329004329004329
Q96DE0-3,0.03608247422680412,0.0038272279934390375
P54709-2,0.007194244604316547,0.0007936507936507937
Q86VN1-2,2.103448275862069,0.22262773722627738
Q9NPH5-5,0.37771739130434784,0.04157941968291953
Q6MZQ0-4,0.26011560693641617,0.057034220532319393
Q9Y3B7-2,3.3846153846153846,0.3697478991596639
Q8N3J6-5,0.8425925925925926,0.09989023051591657
P22891-2,3.0,1.0
Q8IYS5-4,0.5,0.13043478260869565
Q9HB55-4,1.4142857142857144,0.14327062228654125
Q13557-6,,
O60565-2,0.5609756097560976,0.12169312169312169
O15547-2,1.9230769230769231,0.22522522522522523
Q9H295-2,1.0518134715025906,0.11781775972141613
Q99928-2,0.6157205240174672,0.08468468468468468
Q12792-4,1.2244897959183674,0.12958963282937366
Q8N2H9-3,3.126984126984127,0.37523809523809526
P21953-2,1.425414364640884,0.1274703557312253
P00973-3,0.37037037037037035,0.08771929824561403
Q6ZN54-5,0.26229508196721313,0.064
Q9UHP7-2,3.7567567567567566,0.39154929577464787
P56377-2,0.08974358974358974,0.010086455331412104
P28062-2,0.3125,0.06666666666666667
Q9C035-3,0.14871794871794872,0.015995587424158852
Q9Y5X0-2,1.380952380952381,0.1657142857142857
Q99784-5,0.4489795918367347,0.06790123456790123
P51878-3,0.1048951048951049,0.013748854262144821
P48444-2,0.875,0.09026963657678781
Q9H4A5-2,4.090909090909091,0.3930131004366812
Q9HB71-3,0.3488372093023256,0.040214477211796246
Q96A70-2,,
Q9BS86-2,6.0,1.0
O60260-6,1.5436241610738255,0.21863117870722434
Q9NVA1-5,0.4264705882352941,0.09090909090909091
Q9BR01-2,1.9189189189189189,0.23127035830618892
Q9UPI3-2,1.0810810810810811,0.12282497441146366
Q8WYN0-2,4.951612903225806,0.4658573596358118
Q13277-3,0.4166666666666667,0.054945054945054944
P53779-3,0.3157894736842105,0.06451612903225806
Q92963-3,,
Q9BUX1-2,2.6666666666666665,0.26785714285714285
Q16854-3,3.026315789473684,0.3392330383480826
Q6Q0C1-2,0.2852112676056338,0.030100334448160536
Q8TBH0-2,2.588888888888889,0.2744405182567727
Q7Z5A7-3,0.38372093023255816,0.05263157894736842
Q9ULZ3-2,0.3684210526315789,0.09090909090909091
Q9Y4P1-4,0.05434782608695652,0.0056179775280898875
Q9Y296-2,2.4074074074074074,0.2742616033755274
Q99836-5,2.238095238095238,0.34306569343065696
P30281-4,0.5102040816326531,0.05417118093174431
Q9NQZ6-5,0.875,0.11475409836065574
Q07973-2,3.590909090909091,0.3400286944045911
Q8TBB0-2,0.19047619047619047,0.05194805194805195
Q10472-2,0.24669603524229075,0.02407566638005159
Q9H3U5-6,,
Q8NBK3-4,4.2,0.42857142857142855
P29372-2,1.1435897435897435,0.14033983637507866
Q8IX04-4,0.006382978723404255,0.0006626905235255136
P56817-4,4.231884057971015,0.40331491712707185
P43088-3,1.5108695652173914,0.1761723700887199
Q8WUF8-4,1.127659574468085,0.12895377128953772
P05112-2,5.125,0.5466666666666666
Q6ZNA5-2,1.2033898305084745,0.13523809523809524
Q8NDZ6-2,1.7688172043010753,0.1859807801017524
Q69YN2-3,1.3576642335766422,0.13135593220338984
Q7Z3B4-3,0.46938775510204084,0.107981220657277
Q96FV3-4,,
Q7Z5S9-2,2.5977653631284916,0.25067385444743934
Q9BZG1-2,8.0,0.6530612244897959
Q9Y2G2-1,0.7198443579766537,0.11273613650213285
Q16517-2,0.8518518518518519,0.11219512195121951
Q9NVA1-3,0.8,0.12705882352941175
Q99961-3,1.71875,0.16176470588235295
Q14994-7,3.558139534883721,0.35172413793103446
Q8IVI9-4,,
Q9NS18-2,0.10256410256410256,0.029850746268656716
P30281-3,1.5972222222222223,0.15561569688768606
Q9UL16-2,0.3058823529411765,0.06806282722513089
Q96BS2-2,1.0263157894736843,0.13175675675675674
Q6ZMB0-3,5.421052631578948,0.5567567567567567
Q00013-2,1.2121212121212122,0.21978021978021978
P46736-5,2.0285714285714285,0.27734375
P62195-2,0.5,0.15384615384615385
Q9NUN5-3,2.1506849315068495,0.21073825503355706
Q96PB7-3,0.11904761904761904,0.018867924528301886
Q14002-2,0.27956989247311825,0.03009259259259259
Q7Z5J1-6,0.037800687285223365,0.004532344458178822
Q96EU6-2,1.0,0.2727272727272727
P62256-2,3.096774193548387,0.32
Q9NRY7-1,0.3972602739726027,0.09897610921501707
Q14982-4,,
P51674-2,1.1818181818181819,0.16455696202531644
Q4ZJI4-2,0.0038910505836575876,0.0003872966692486445
Q96N38-3,0.16233766233766234,0.033112582781456956
Q96H22-4,5.380952380952381,0.5406698564593302
Q16623-2,0.24193548387096775,0.031055900621118012
Q12824-2,1.5555555555555556,0.30434782608695654
Q9BUK0-2,,
Q9H1A3-2,3.0,1.0
P29372-4,0.45454545454545453,0.1282051282051282
P41597-2,0.39344262295081966,0.08823529411764706
Q9Y694-4,0.379746835443038,0.03761755485893417
Q9NZC7-2,3.306451612903226,0.3248811410459588
Q9UHW5-2,,
Q99963-4,1.945945945945946,0.21951219512195122
Q86X76-5,2.32183908045977,0.2337962962962963
Q9GZZ7-2,0.3181818181818182,0.07167235494880546
P00739-2,,
Q86W34-5,3.4827586206896552,0.3400673400673401
Q9Y570-4,,
A6NI73-2,1.0,0.21428571428571427
Q15435-3,0.8160919540229885,0.08502994011976048
Q8WW12-3,0.06504065040650407,0.016597510373443983
P20851-2,4.0,1.0
Q14994-10,0.002849002849002849,0.0003040437823046519
Q01105-3,0.4722222222222222,0.10967741935483871
Q9NVK5-3,0.12048192771084337,0.016233766233766232
Q7Z7A4-6,2.727272727272727,0.28662420382165604
P67775-2,3.574074074074074,0.32656514382402707
Q11203-25,0.01488095238095238,0.0015342129487572874
Q6NTF7-4,1.7166666666666666,0.22342733188720174
Q13362-5,1.2413793103448276,0.2535211267605634
Q8NCT3-5,0.5590277777777778,0.10930074677528853
Q9C030-2,,
Q9P121-2,0.11538461538461539,0.031578947368421054
Q16635-4,4.576923076923077,0.43272727272727274
Q15084-2,1.0,0.2631578947368421
Q3KP31-2,0.625,0.08849557522123894
Q8WVC6-2,1.2380952380952381,0.13612565445026178
Q9NWS1-6,0.6405228758169934,0.10503751339764202
P35240-4,0.10053859964093358,0.011164274322169059
P19235-3,0.19704433497536947,0.04962779156327544
P43088-4,1.4838709677419355,0.17468354430379746
O15533-3,2.6666666666666665,0.5714285714285714
Q9H4A9-2,2.0919540229885056,0.24661246612466126
Q9HA47-2,1.1666666666666667,0.15869017632241814
Q6ZUS6-2,0.008456659619450317,0.0013679890560875513
P11234-2,,
Q5SGD2-4,1.165680473372781,0.10631408526713437
O95922-4,5.275862068965517,0.5151515151515151
P13688-6,0.18556701030927836,0.01956521739130435
Q9HD40-2,0.04967602591792657,0.004873913964823055
P32121-4,,
Q96E66-5,1.0425531914893618,0.13136729222520108
Q9BWP8-2,0.25,0.07317073170731707
Q6IPU0-2,0.39037433155080214,0.045998739760554505
Q9Y279-2,0.1282051282051282,0.025380710659898477
P49662-4,1.3247863247863247,0.15546639919759278
P18577-11,1.9602649006622517,0.17309941520467836
Q13639-4,0.13333333333333333,0.03636363636363636
P53985-2,1.3555555555555556,0.1742857142857143
P55735-3,,
Q9NXE8-2,0.0345821325648415,0.006160164271047228
Q92629-2,,
O15519-8,0.14285714285714285,0.03937007874015748
P55209-3,0.4859154929577465,0.06811451135241856
Q1MX18-5,0.12184873949579832,0.017169923031379514
O76083-13,0.8333333333333334,0.09933774834437085
P54750-2,0.7575757575757576,0.11013215859030837
Q92599-4,0.10909090909090909,0.025
Q92851-7,0.06484641638225255,0.008165019338203695
Q15084-5,1.0,0.2631578947368421
Q8WVF1-4,0.4090909090909091,0.04832214765100671
P31749-2,1.6774193548387097,0.1863799283154122
A0PJK1-3,0.6900726392251816,0.05916545567780777
Q9HBK9-2,1.9479166666666667,0.17427772600186392
O15315-4,0.2631578947368421,0.06172839506172839
Q9GZZ1-2,1.625,0.16417910447761194
Q9UGV2-2,2.5833333333333335,0.36470588235294116
Q11203-6,1.529100529100529,0.1507563901930099
O95069-4,0.002352941176470588,0.0003247807729782397
O00141-4,0.5416666666666666,0.09352517985611511
Q8N4T0-2,1.759493670886076,0.15600448933782268
P40121-2,3.1333333333333333,0.3643410852713178
Q9UBX7-4,2.3402061855670104,0.2906530089628681
Q9Y3A6-2,0.4583333333333333,0.05799648506151142
O00453-9,0.10989010989010989,0.017361111111111112
Q96LT7-2,0.49230769230769234,0.048743335872048744
P07992-4,1.2361111111111112,0.23482849604221637
Q969N2-2,1.3969072164948453,0.13290828837665522
Q92737-2,1.3636363636363635,0.15267175572519084
Q06609-4,3.051282051282051,0.3352112676056338
P15812-13,1.06,0.12412177985948478
Q11203-19,1.5806451612903225,0.21212121212121213
Q96KB5-2,,
P18859-2,,
P56817-2,5.0,0.48638132295719844
Q9NSC5-2,6.0,0.75
Q9NZQ7-2,0.18421052631578946,0.01935483870967742
Q8NFR7-3,0.23511904761904762,0.030095238095238095
P61244-2,1.7777777777777777,0.34782608695652173
P35372-15,0.002506265664160401,0.00028677946659019213
Q9NUN7-2,0.9090909090909091,0.091164095371669
P43007-2,0.997093023255814,0.10241863242759032
P58418-4,,
Q1ZYL8-2,1.631578947368421,0.2897196261682243
Q14194-2,0.5833333333333334,0.14893617021276595
Q9H9C1-2,0.46938775510204084,0.10697674418604651
Q8WWU5-6,0.35555555555555557,0.0898876404494382
Q9Y3C4-3,,
Q11203-10,1.529100529100529,0.1507563901930099
Q8NFR7-4,0.003389830508474576,0.00043572984749455336
Q96NB1-2,0.6756756756756757,0.11363636363636363
P07101-2,1.5,0.42857142857142855
O95433-2,2.6785714285714284,0.2717391304347826
P32856-3,0.38461538461538464,0.050505050505050504
Q9Y282-3,,
Q9BRF8-3,1.3807339449541285,0.13115468409586056
Q9NWW5-2,0.18518518518518517,0.043478260869565216
Q9NRM6-2,0.35968379446640314,0.0448055145248646
Q9ULP0-7,0.09830508474576272,0.009455493968046952
Q9H9Q2-3,0.19230769230769232,0.03289473684210526
P49802-4,0.22727272727272727,0.026690391459074734
Q9H0A8-2,0.26666666666666666,0.03347280334728033
Q9Y6M0-3,7.428571428571429,0.6419753086419753
O00214-2,,
Q8N769-2,0.04081632653061224,0.007246376811594203
Q7L5Y9-3,2.2439024390243905,0.2358974358974359
Q7L2R6-2,0.03361344537815126,0.004681100058513751
P15509-6,0.16216216216216217,0.021216407355021217
Q9ULP0-5,0.7884615384615384,0.07623651915210115
Q5QGZ9-1,,
Q6UY01-3,0.35585585585585583,0.03442265795206972
Q15645-2,0.8728813559322034,0.08484349258649095
P18847-5,0.21052631578947367,0.03896103896103896
P61020-2,4.170731707317073,0.41204819277108434
Q15131-5,0.23003194888178913,0.024423337856173677
P48730-2,0.125,0.03571428571428571
Q9H867-2,0.008771929824561403,0.0009057971014492754
Q8WY64-2,0.029345372460496615,0.0032186184699182965
Q13557-4,,
Q13477-2,0.2767857142857143,0.06365503080082136
Q9NRD0-2,1.3658536585365855,0.1728395061728395
P15529-2,0.625,0.13513513513513514
O95544-3,0.1038961038961039,0.024242424242424242
Q495M3-3,1.7178571428571427,0.18337781166603126
Q8WWB3-2,0.3333333333333333,0.10344827586206896
P24071-3,0.5625,0.05708245243128964
P20718-2,3.116279069767442,0.3130841121495327
O14874-3,3.765957446808511,0.3397312859884837
Q86XE5-3,1.0736196319018405,0.09859154929577464
Q8N2K1-2,1.744186046511628,0.22255192878338279
Q86U44-2,0.0069084628670120895,0.0009170105456212746
Q9UKR8-3,0.2692307692307692,0.028965517241379312
Q9Y572-2,0.5250836120401338,0.09284447072738025
Q13098-7,0.9428571428571428,0.11186440677966102
P54578-3,3.0,0.4925373134328358
P18627-2,0.24277456647398843,0.035175879396984924
P15509-2,0.12,0.03896103896103896
Q8WVN8-4,2.085714285714286,0.2347266881028939
Q9P121-4,,
O96017-13,0.16289592760180996,0.022929936305732482
Q9Y3B1-2,4.0,0.410958904109589
Q6QHF9-4,3.04,0.30218687872763417
Q6JVE6-2,1.391304347826087,0.25
Q8NCF5-3,0.2808219178082192,0.05815602836879433
P07101-6,0.6238532110091743,0.07137858642407278
P06239-2,0.9753086419753086,0.10233160621761658
Q8NHS4-2,0.11475409836065574,0.014705882352941176
Q14994-11,0.002849002849002849,0.0003040437823046519
Q9NY56-2,2.675,0.3101449275362319
Q15758-3,1.75,0.2
P55209-2,0.10714285714285714,0.031578947368421054
Q8N465-2,0.47619047619047616,0.044831223628691984
Q9NPH3-3,0.7620817843866171,0.08523908523908524
Q8N9S9-2,0.7358490566037735,0.0781563126252505
Q96GJ1-3,2.0444444444444443,0.24083769633507854
Q8WWR8-3,,
Q9Y3D3-2,0.6444444444444445,0.08357348703170028
Q8N4B1-3,0.3837837837837838,0.059117402164862616
Q14195-2,0.5833333333333334,0.14893617021276595
Q93038-6,0.17582417582417584,0.024297646165527716
Q4G1C9-4,1.4945652173913044,0.17707662588538314
Q9NVS2-3,0.9142857142857143,0.15023474178403756
A9UHW6-2,,
Q6DKI1-2,0.8571428571428571,0.09375
Q14168-3,0.2328767123287671,0.029876977152899824
Q9UJW0-2,3.0701754385964914,0.3108348134991119
Q9NYA1-2,,
Q9UN36-3,6.363636363636363,0.546875
O75144-2,1.0,0.3333333333333333
Q9NUP7-2,0.5859872611464968,0.06433566433566433
Q9NYK5-2,1.2666666666666666,0.168141592920354
Q9H3H1-6,0.5357142857142857,0.056487504279356386
P06241-2,3.3703703703703702,0.3872340425531915
Q13555-3,0.17647058823529413,0.05084745762711865
Q96IZ2-2,,
Q9BQI0-3,5.875,0.6266666666666667
Q5T1Q4-2,0.3050847457627119,0.05921052631578947
Q9ULP0-3,0.046511627906976744,0.004510309278350515
Q9UM11-3,0.1807909604519774,0.017419706042460535
O75367-3,2.9696969696969697,0.35507246376811596
O60256-2,4.45,0.4635416666666667
P49279-2,3.2846153846153845,0.3375494071146245
P43003-2,3.847826086956522,0.3320825515947467
Q9UBU8-3,0.2283464566929134,0.029743589743589743
P16152-2,0.9793103448275862,0.09454061251664447
Q15796-2,0.9666666666666667,0.2116788321167883
Q9H857-3,2.736,0.32264150943396225
Q8NFQ6-2,0.39528795811518325,0.04177040110650069
P35240-5,0.2178988326848249,0.024379625598606878
Q9Y243-2,1.2857142857142858,0.24324324324324326
P36406-3,3.1470588235294117,0.3213213213213213
Q9H6X2-6,0.056,0.009873060648801129
Q5TGP6-2,0.7804878048780488,0.12030075187969924
Q06323-2,2.1923076923076925,0.2727272727272727
P49137-2,1.0638297872340425,0.14367816091954022
Q8N6Q3-2,0.15350877192982457,0.0166270783847981
P07585-2,1.1743119266055047,0.11387900355871886
P61289-2,,
Q8N3Y1-2,0.45454545454545453,0.08571428571428572
Q9H3H3-3,,
P49281-5,0.003527336860670194,0.0003475842891901286
Q9NWZ5-4,0.10810810810810811,0.03076923076923077
Q6UXG3-2,0.02926829268292683,0.00597609561752988
Q8WW22-2,,
Q15293-2,0.7619047619047619,0.12648221343873517
Q9BX67-2,3.5098039215686274,0.34622823984526113
Q5VXD3-2,0.4444444444444444,0.14285714285714285
Q13946-2,0.37777777777777777,0.07112970711297072
A1A5D9-2,0.057971014492753624,0.008152173913043478
O00182-5,0.3961352657004831,0.04898446833930705
Q969N2-6,4.176470588235294,0.41887905604719766
Q8NG50-9,0.01060070671378092,0.0012610340479192938
O75478-2,0.08284023668639054,0.009943181818181818
P15692-6,0.05154639175257732,0.008880994671403197
O00254-2,1.8181818181818181,0.24691358024691357
Q15109-6,,
Q16854-5,3.210526315789474,0.3567251461988304
O95150-3,0.6363636363636364,0.0995260663507109
B7ZAQ6-4,0.4142857142857143,0.045298344267416434
Q8TDW4-7,0.3870967741935484,0.0821917808219178
P00750-3,1.0425531914893618,0.11421911421911422
A4QPH2-2,0.2574626865671642,0.025910627112279386
Q6UX41-2,0.04201680672268908,0.004721435316336166
P35372-12,1.04,0.16352201257861634
Q6UXG3-3,0.02926829268292683,0.00597609561752988
P04278-2,0.004987531172069825,0.0005186721991701245
Q9UN36-5,0.4389312977099237,0.042545320014798375
Q99619-2,0.38095238095238093,0.049689440993788817
Q5VSG8-3,1.080568720379147,0.10644257703081232
Q8WWR8-2,,
Q13639-5,0.13333333333333333,0.03636363636363636
P04637-7,1.0984848484848484,0.20279720279720279
Q9NVA2-2,0.625,0.16129032258064516
Q6UX07-2,3.74,0.38716356107660455
Q8NC96-2,0.6436781609195402,0.12527964205816555
Q9BY44-2,0.6651376146788991,0.06974506974506975
Q9H2V7-2,4.365384615384615,0.37645107794361526
Q9P0V9-3,0.391304347826087,0.0967741935483871
Q6P1K2-2,0.7428571428571429,0.08904109589041095
Q9NVS9-4,3.2093023255813953,0.3689839572192513
O00425-2,0.06824146981627296,0.007742703990470518
Q13555-5,0.5909090909090909,0.1368421052631579
Q2MV58-4,0.1527777777777778,0.040892193308550186
O75908-2,2.85,0.4222222222222222
Q8IVS8-7,0.7023121387283237,0.06450756570215026
Q8NHV5-3,1.1515151515151516,0.11638591117917305
Q7Z4G1-2,,
Q99784-3,0.4489795918367347,0.06790123456790123
Q8WXU2-3,0.8142857142857143,0.08649468892261002
Q8WVF1-3,3.5,0.4117647058823529
Q9H169-3,0.0427807486631016,0.006299212598425197
P78310-2,0.11538461538461539,0.02654867256637168
Q7Z2E3-8,2.210526315789474,0.28378378378378377
O15315-5,0.020887728459530026,0.0023378141437755697
Q16342-5,0.3961661341853035,0.044349070100143065
Q9Y2Z9-3,3.056603773584906,0.39901477832512317
Q15291-2,0.34210526315789475,0.08496732026143791
P58872-3,4.125,0.42857142857142855
Q9NQQ7-2,3.619047619047619,0.3486238532110092
Q01196-6,0.014492753623188406,0.003738317757009346
P56134-2,1.1666666666666667,0.25925925925925924
Q9UHD8-9,0.05439330543933055,0.015169194865810968
Q8N4F4-1,0.6327272727272727,0.061095505617977525
P51636-2,0.6153846153846154,0.08695652173913043
Q8N413-3,1.1964285714285714,0.12476722532588454
P58005-4,1.8160919540229885,0.18854415274463007
Q8N8Q1-3,6.076923076923077,0.4968553459119497
Q14508-3,0.4583333333333333,0.051643192488262914
Q6QEF8-4,0.027842227378190254,0.0028625954198473282
Q7L0Q8-2,2.5692307692307694,0.3874709976798144
Q8WXF1-2,0.021897810218978103,0.006237006237006237
Q14790-5,0.03202846975088968,0.0034285714285714284
Q86XR8-3,0.012987012987012988,0.0019120458891013384
Q8WWV3-3,1.2645502645502646,0.11872826626924987
Q5SWX8-2,2.9565217391304346,0.4358974358974359
Q9H5X1-2,1.546875,0.17277486910994763
Q9NSU2-2,3.1,0.4626865671641791
O15375-2,0.011928429423459244,0.0011961722488038277
Q9H0I2-2,0.07432432432432433,0.01394169835234474
Q9P0J1-2,,
Q5T0U0-2,0.20408163265306123,0.026595744680851064
Q86UB9-2,2.5,0.28205128205128205
Q8TAE7-2,2.272727272727273,0.3968253968253968
Q8IXS2-2,0.42857142857142855,0.12
P16298-2,0.7803617571059431,0.08407572383073497
Q96SI1-2,1.2884615384615385,0.17771883289124668
A6NI73-3,0.08196721311475409,0.012919896640826873
O95741-2,,
Q9UHC3-2,0.15555555555555556,0.044585987261146494
P51398-3,3.588235294117647,0.3836477987421384
P43088-2,1.4838709677419355,0.17468354430379746
Q9UBU8-2,0.525,0.1065989847715736
Q8TC26-3,0.9663461538461539,0.11001642036124795
O00142-3,5.16,0.49049429657794674
Q8NCC5-2,3.75,0.36585365853658536
Q6PHW0-3,2.783333333333333,0.3217726396917148
Q9UM00-1,0.23529411764705882,0.048
O15527-3,1.3793103448275863,0.20618556701030927
P80217-2,,
Q2I0M5-2,0.2903225806451613,0.036290322580645164
Q6RW13-2,1.7142857142857142,0.3157894736842105
Q01105-4,0.4722222222222222,0.10967741935483871
Q8IXJ6-4,1.282258064516129,0.1582089552238806
O75379-2,3.0,1.0
Q9H0A9-2,0.03896103896103896,0.008645533141210375
Q7L099-4,0.004273504273504274,0.0005221932114882506
Q9BTM9-3,2.210526315789474,0.24561403508771928
P84022-3,1.0761904761904761,0.12059765208110992
P54750-6,0.0018726591760299626,0.0002007628990162618
Q9NY99-2,0.2125984251968504,0.024612579762989972
Q8NA29-2,1.2307692307692308,0.24242424242424243
Q4U2R8-3,2.7375,0.27478042659974905
Q8IZL9-4,1.7116564417177915,0.1617391304347826
Q8N4T4-3,0.38961038961038963,0.04120879120879121
P49798-5,0.2222222222222222,0.06666666666666667
Q6STE5-2,1.04,0.17333333333333334
Q9NSN8-2,1.6216216216216217,0.20134228187919462
Q7Z4I7-5,,
Q8NBI5-2,,
Q32ZL2-2,4.0,0.5
O15539-3,,
Q9BRR6-5,0.006048387096774193,0.0005937067088858105
Q8WWZ1-2,2.5483870967741935,0.265993265993266
Q8WU39-4,0.8307692307692308,0.09342560553633218
Q7Z2E3-9,0.0028169014084507044,0.00032862306933946765
Q9H257-2,0.10909090909090909,0.01818181818181818
Q11203-13,,
O75935-2,0.20408163265306123,0.027472527472527472
Q9UIF7-6,0.0967741935483871,0.026785714285714284
O75771-3,2.5625,0.2510936132983377
P15529-16,0.019444444444444445,0.0024398745207389336
Q96EW2-3,1.2343096234309623,0.17002881844380405
Q7Z7A4-3,0.7300884955752213,0.07951807228915662
Q07326-2,3.054054054054054,0.2950391644908616
P04278-5,7.833333333333333,0.6878048780487804
P19793-2,0.05154639175257732,0.014084507042253521
P35236-2,,
O60683-2,,
P11234-3,3.5,0.7777777777777778
Q03405-2,2.397590361445783,0.3114241001564945
P78383-2,,
Q8WVF1-2,1.3,0.19402985074626866
Q8WV99-2,0.024691358024691357,0.004032258064516129
Q92851-2,0.06484641638225255,0.008165019338203695
Q9NQZ6-3,0.6086956521739131,0.07865168539325842
Q9NSY0-5,0.004,0.0004476275738585497
Q07001-2,7.333333333333333,0.6470588235294118
Q4ZJI4-3,2.8309859154929575,0.2697986577181208
Q5T124-5,0.03205128205128205,0.004965243296921549
Q13557-11,,
O43699-5,0.09174311926605505,0.01310615989515072
O43307-2,0.8709677419354839,0.09782608695652174
O75715-2,1.6312056737588652,0.1622002820874471
O43934-2,3.5,0.3285198555956679
P45984-4,4.333333333333333,0.4744525547445255
Q8WVZ1-3,0.47058823529411764,0.10619469026548672
Q9UM22-2,1.208955223880597,0.13989637305699482
Q9HCP0-2,0.7169811320754716,0.168141592920354
P57087-3,0.2,0.058823529411764705
Q9NZU7-2,0.3194444444444444,0.0744336569579288
Q14141-2,0.2857142857142857,0.09090909090909091
P07101-5,0.631578947368421,0.07172995780590717
Q8IV42-2,0.11494252873563218,0.016722408026755852
Q9NNX1-3,0.6271186440677966,0.11044776119402985
P78348-1,,
Q5T9C9-2,0.5221674876847291,0.05578947368421053
Q9NY30-2,0.11764705882352941,0.03296703296703297
O95388-2,0.26136363636363635,0.036334913112164295
Q9UQ53-3,0.41935483870967744,0.055793991416309016
Q9BT76-3,0.00684931506849315,0.0011494252873563218
Q9Y2I2-5,0.21782178217821782,0.024175824175824177
P36406-2,3.25,0.3482142857142857
O43852-11,1.2384105960264902,0.13780397936624908
Q9UPY8-2,0.7333333333333333,0.18032786885245902
P49281-2,0.92,0.17037037037037037
O43736-2,0.3181818181818182,0.04794520547945205
Q8NBU5-2,0.6904761904761905,0.08011049723756906
Q8IXQ5-4,0.006837606837606838,0.0006922810661128419
P24864-3,0.26666666666666666,0.07407407407407407
Q86UA6-3,0.4805194805194805,0.054491899852724596
O95551-2,,
O00182-4,0.3961352657004831,0.04898446833930705
Q9Y320-2,2.1794871794871793,0.2185089974293059
O60256-3,2.7755102040816326,0.26053639846743293
Q2M3R5-2,4.0,1.0
P06239-3,,
Q8IW40-2,0.02,0.002253944402704733
Q5TYM5-2,3.0,0.31139240506329113
Q14790-7,0.8862559241706162,0.09029454369869629
P18577-10,3.3714285714285714,0.3172043010752688
Q8IXH7-3,0.12832929782082325,0.013366960907944515
Q9NQ25-5,0.1282051282051282,0.027932960893854747
Q9UK97-3,0.2727272727272727,0.05714285714285714
Q9H6S1-4,0.05649717514124294,0.012195121951219513
Q99627-2,1.5510204081632653,0.1623931623931624
Q9H3K6-2,2.625,0.3
P04637-9,0.002551020408163265,0.00036010082823190496
Q9P2X3-2,0.2796610169491525,0.030470914127423823
Q8WWU5-4,0.1951219512195122,0.05128205128205128
Q13356-2,0.22580645161290322,0.06930693069306931
O76013-2,0.09803921568627451,0.02564102564102564
Q5JU67-2,0.2198581560283688,0.04138851802403204
P42081-3,0.6666666666666666,0.2
Q13324-5,0.5333333333333333,0.09375
O15151-2,0.112565445026178,0.02113022113022113
Q8TED4-4,0.9973333333333333,0.09739583333333333
Q6P2C8-2,3.2777777777777777,0.3352272727272727
Q16653-13,2.0,0.5
Q13555-4,0.4666666666666667,0.10144927536231885
O00148-2,1.2302158273381294,0.1203377902885292
Q96MP8-2,3.0,1.0
Q6IEG0-2,0.30845771144278605,0.04897314375987362
P46734-3,0.2,0.05660377358490566
O75019-2,0.245,0.024660291897332664
Q9BZM2-2,,
P55344-2,,
Q9NZ01-2,1.0463576158940397,0.11064425770308123
P49788-2,1.6285714285714286,0.2126865671641791
P36896-2,2.731707317073171,0.26666666666666666
P24752-2,1.2553191489361701,0.11238095238095239
Q9Y2D2-3,2.2982456140350878,0.2356115107913669
P04085-2,0.2222222222222222,0.06060606060606061
B7ZAQ6-3,2.52,0.25925925925925924
Q6UWV2-2,4.75,0.5757575757575758
Q6UX41-3,0.04201680672268908,0.004721435316336166
Q13639-2,0.13793103448275862,0.03773584905660377
A2A288-4,0.02643171806167401,0.0055658627087198514
P04278-4,1.2173913043478262,0.12216404886561955
Q92187-2,1.5602094240837696,0.15700737618545837
Q6UXB8-2,0.3316062176165803,0.0835509138381201
Q6P9F5-2,0.8620689655172413,0.12953367875647667
Q96JB5-4,4.0,1.0
Q9H1R2-2,0.22875816993464052,0.03139013452914798
Q9H336-2,0.5625,0.061611374407582936
Q99933-4,0.034782608695652174,0.00975609756097561
Q01518-2,3.0,1.0
Q6PF05-3,3.0,0.75
Q8WWW0-2,0.15104166666666666,0.02707749766573296
Q8NEZ5-3,1.9782608695652173,0.18711446196024675
Q9UHC3-3,0.038461538461538464,0.010752688172043012
Q8N6G5-2,0.9722222222222222,0.10334645669291338
O43557-2,0.4722222222222222,0.06093189964157706
Q01081-2,3.15,0.4012738853503185
Q9Y5Z9-2,1.1304347826086956,0.10317460317460317
Q6DN72-3,0.17307692307692307,0.04390243902439024
Q96F85-2,2.925925925925926,0.30980392156862746
Q6UXS9-3,0.3431372549019608,0.038223516563523845
Q8TBZ3-3,0.41411764705882353,0.05137186223000584
Q9UIF7-5,0.09836065573770492,0.02727272727272727
Q6W5P4-4,0.2413793103448276,0.0374331550802139
Q495N2-2,2.142857142857143,0.24132091447925486
Q6P461-3,,
Q8TED0-2,1.0894736842105264,0.10708742886704604
Q00325-2,4.4,0.3728813559322034
Q9UPT9-2,1.5892857142857142,0.20554272517321015
Q86YT5-2,4.630434782608695,0.38939670932358317
P26641-2,8.5,0.8947368421052632
P15812-9,0.055384615384615386,0.006198347107438017
Q969D9-2,1.6354166666666667,0.18892900120336945
P42575-2,0.0022172949002217295,0.00025056376847907793
Q01064-2,0.8918918918918919,0.1625615763546798
Q9Y6K9-3,0.15267175572519084,0.01972386587771203
P07585-4,0.8074866310160428,0.0749379652605459
Q15233-2,1.6067415730337078,0.28094302554027506
Q8WU39-3,1.47,0.19115734720416125
O75783-2,0.34210526315789475,0.0718232044198895
Q8TBF2-4,4.055555555555555,0.4294117647058823
P57772-2,6.275862068965517,0.5548780487804879
Q9Y2G5-1,2.64,0.2608695652173913
Q9Y4P8-2,0.32653061224489793,0.03514552443712246
Q9Y587-3,1.326086956521739,0.15288220551378445
P35250-2,3.676470588235294,0.39184952978056425
Q9BUP0-2,0.56,0.08459214501510574
Q14520-2,0.15384615384615385,0.0425531914893617
P30874-2,0.1891891891891892,0.028112449799196786
Q6QHF9-6,0.4533333333333333,0.04501323918799647
Q9NZN9-3,1.9047619047619047,0.21897810218978103
Q5T089-2,1.8289473684210527,0.271484375
Q8N7S2-2,0.3355263157894737,0.044463818657367045
P20151-2,4.372549019607843,0.385146804835924
Q9NYL4-2,1.8055555555555556,0.2152317880794702
Q9H841-1,0.08108108108108109,0.02097902097902098
Q6NUK4-2,0.10434782608695652,0.02459016393442623
P53805-4,0.2740740740740741,0.03948772678762007
O15194-2,0.6363636363636364,0.15555555555555556
Q9NRC1-7,0.5148247978436657,0.05397004803616841
O75469-4,1.3243243243243243,0.19367588932806323
Q7Z7H5-3,0.22448979591836735,0.029177718832891247
Q8WWY3-2,0.023952095808383235,0.00390625
Q6UXZ0-2,0.1836734693877551,0.027522935779816515
Q9NYR9-3,3.232142857142857,0.3296903460837887
Q8N9I9-2,2.3333333333333335,0.3888888888888889
Q6UX01-2,3.0,0.75
P55075-4,,
Q9NVN3-4,0.011560693641618497,0.0012135922330097086
Q9H1R2-3,0.03741496598639456,0.004258614014711576
O00422-2,,
O43913-2,0.07042253521126761,0.008503401360544218
Q9Y282-2,1.264516129032258,0.13764044943820225
P51685-2,1.5333333333333334,0.17692307692307693
Q5VTY9-2,0.43283582089552236,0.04227405247813411
Q9UNW8-3,2.7,0.4576271186440678
Q08209-3,0.8405797101449275,0.09492635024549918
Q5EBL4-2,0.009950248756218905,0.001389854065323141
Q969R8-2,0.6153846153846154,0.06675938803894298
O76036-5,0.3925233644859813,0.041584158415841586
Q9UPQ4-2,0.65,0.0781563126252505
Q9BTY2-2,0.8848484848484849,0.08444187391555813
P24071-11,0.07804878048780488,0.008324661810613945
O43852-4,1.3529411764705883,0.15057283142389524
Q9HA47-3,8.333333333333334,0.6410256410256411
Q9NP72-3,3.015625,0.2834067547723935
Q9Y679-3,0.058823529411764705,0.008797653958944282
A5D8V7-2,0.1375,0.03081232492997199
Q7Z5Y7-3,0.6206896551724138,0.11936339522546419
Q8WW43-2,3.073170731707317,0.30434782608695654
Q14994-15,1.396694214876033,0.14606741573033707
Q9BYG4-2,0.0683453237410072,0.010925819436457734
Q9H2R5-4,2.6941176470588237,0.284472049689441
Q16342-2,0.3961661341853035,0.044349070100143065
Q4G0J3-2,0.20923913043478262,0.031010873942811115
Q14141-3,0.5872093023255814,0.07692307692307693
Q5T9L3-2,0.16403162055335968,0.017648309589623646
O14717-6,0.3933933933933934,0.04418212478920742
Q8N3G9-2,0.4166666666666667,0.1111111111111111
Q9GZU7-2,5.0,1.0
Q9NXT0-3,0.5813953488372093,0.09090909090909091
Q13137-5,2.1805555555555554,0.28186714542190305
Q06609-2,3.1237113402061856,0.29911154985192495
Q15223-2,0.08791208791208792,0.017857142857142856
P32121-5,5.8,0.5838926174496645
Q14626-2,0.3125,0.0684931506849315
Q70IA6-3,0.6,0.2
Q8NFV4-6,3.3333333333333335,0.3467153284671533
O96000-2,0.8055555555555556,0.10104529616724739
Q9BUK0-4,,
P30988-3,0.8297872340425532,0.12786885245901639
Q16342-3,5.303030303030303,0.48746518105849584
Q969S0-2,1.9439252336448598,0.21052631578947367
O00541-2,4.4,0.5238095238095238
Q9H2U2-3,4.758620689655173,0.45098039215686275
Q9H6Y2-2,0.7522935779816514,0.07334525939177101
Q9Y6M1-1,0.37209302325581395,0.08791208791208792
Q7Z7D3-2,0.45689655172413796,0.04420350291909925
Q9UHJ9-2,,
Q53F39-5,1.5411764705882354,0.1597560975609756
Q92985-3,0.014204545454545454,0.0018989745537409798
Q5QGZ9-5,3.519230769230769,0.40043763676148797
P48546-2,0.26865671641791045,0.045
O00141-3,0.5416666666666666,0.09352517985611511
Q6NXP6-2,1.0076335877862594,0.11092436974789915
Q8N434-2,1.8709677419354838,0.18216080402010051
O76036-3,0.37894736842105264,0.03854389721627409
Q8TB03-2,1.495798319327731,0.14759535655058043
P61244-4,0.16129032258064516,0.03184713375796178
Q9BTZ2-3,1.6916666666666667,0.1527464258841234
Q86TN4-3,4.0,0.41304347826086957
Q9HC97-2,,
P24046-3,0.27586206896551724,0.05741626794258373
P85298-4,0.5161290322580645,0.10526315789473684
Q96GR4-3,,
O95388-5,0.06930693069306931,0.009762900976290097
P16949-2,0.43478260869565216,0.07142857142857142
Q9NVA4-2,0.8587570621468926,0.13523131672597866
P55259-3,9.333333333333334,0.8235294117647058
Q7KZN9-2,2.9767441860465116,0.28699551569506726
P35613-4,0.45789473684210524,0.052189562087582485
P36544-3,0.45734597156398105,0.05493879874750925
Q9GZT9-3,0.2033898305084746,0.05504587155963303
Q9H2U2-6,2.735294117647059,0.2732615083251714
P15812-4,1.4948453608247423,0.18147684605757197
Q15560-2,2.3703703703703702,0.2601626016260163
Q9BZV1-2,0.2830188679245283,0.053003533568904596
Q8N8Q9-2,3.0,0.33707865168539325
Q8N2F6-4,0.42021276595744683,0.04744744744744745
P08174-4,0.14285714285714285,0.04
Q9UN42-2,5.0,0.625
P13726-2,1.4948453608247423,0.19003931847968544
Q9GZU7-3,0.5138888888888888,0.11598746081504702
Q9H4A9-3,1.045643153526971,0.11013986013986014
Q8NFZ5-2,0.11214953271028037,0.01507537688442211
P48664-2,1.3492063492063493,0.12065294535131299
P54750-3,0.17142857142857143,0.021897810218978103
Q96LD1-2,,
P32297-1,0.8,0.25
Q96IY4-2,1.3761061946902655,0.12307083498219232
Q9UHI5-2,2.7881773399014778,0.2654784240150094
Q9H6J7-4,0.45614035087719296,0.10655737704918032
Q9H6X2-3,0.6565656565656566,0.10236220472440945
Q8IZ96-16,0.011904761904761904,0.0015625
Q92551-2,1.4,0.19794344473007713
O95639-3,0.23076923076923078,0.06976744186046512
Q03060-9,0.005813953488372093,0.0010649627263045794
P07585-3,0.891156462585034,0.08534201954397394
P18577-5,2.7457627118644066,0.2977941176470588
Q8TDN1-2,0.2846441947565543,0.032534246575342464
Q01638-3,0.014164305949008499,0.0016082341588935349
Q03405-3,4.826086956521739,0.4703389830508475
O14931-6,1.1911764705882353,0.1569767441860465
Q9UHC3-4,1.8977272727272727,0.24777448071216618
O75955-2,3.2291666666666665,0.31313131313131315
Q14451-4,0.11764705882352941,0.03076923076923077
P31751-2,4.627906976744186,0.4682352941176471
P30988-6,0.30333333333333334,0.034746086292478044
P31994-2,0.3684210526315789,0.10144927536231885
P48788-2,3.0,0.5
Q96GS6-2,,
Q9UI10-3,3.0,1.0
Q9Y5K3-2,0.061224489795918366,0.018404907975460124
Q96M93-3,0.8888888888888888,0.18181818181818182
P04637-5,0.002551020408163265,0.00036010082823190496
Q9UJT1-3,1.6653543307086613,0.15166726425242022
Q8TAC1-2,,
Q9P016-2,1.8307692307692307,0.20203735144312393
O96013-2,0.12048192771084337,0.032679738562091505
Q8NCF0-2,0.9322033898305084,0.10018214936247723
P01732-2,0.3684210526315789,0.04895104895104895
Q9BY67-4,,
O14519-2,0.17857142857142858,0.04950495049504951
Q13555-11,0.5909090909090909,0.1368421052631579
Q86SG2-2,1.4523809523809523,0.16991643454038996
Q9H8M7-2,0.889967637540453,0.09231285666330984
Q9H239-2,0.21119592875318066,0.02139726733694251
P52434-5,1.5495495495495495,0.18143459915611815
O75771-5,6.142857142857143,0.5308641975308642
P15812-6,0.5088495575221239,0.055852355512384655
Q8IYS5-7,,
Q9BUT1-2,1.8571428571428572,0.18005540166204986
O75888-3,9.666666666666666,0.8285714285714286
O60880-6,1.1829268292682926,0.16753022452504318
Q9NZI8-2,0.8561151079136691,0.10653536257833482
Q9NVJ2-2,1.8870967741935485,0.19532554257095158
Q14318-2,,
Q9H0B8-5,0.6206896551724138,0.06543624161073826
Q6ZQR2-2,0.3333333333333333,0.08108108108108109
Q16181-2,4.0,1.0
P61073-2,1.25,0.29411764705882354
P43034-2,0.02756892230576441,0.002686202686202686
Q9NVH6-2,4.247191011235955,0.4190687361419069
Q9H8S9-2,1.5949367088607596,0.16449086161879894
P60153-2,,
P49459-2,4.566666666666666,0.4491803278688525
Q86YW5-2,0.08196721311475409,0.02358490566037736
P84022-2,1.106060606060606,0.12564543889845095
P82673-2,0.36486486486486486,0.04390243902439024
P35462-3,0.5294117647058824,0.08571428571428572
Q86YT5-3,6.588235294117647,0.5
Q8TB03-3,0.9108910891089109,0.10348706411698538
Q15370-2,1.0,1.0
Q13137-2,0.4523809523809524,0.056716417910447764
O95954-4,0.42482100238663484,0.041222788327929596
P27824-3,1.4907407407407407,0.2559618441971383
Q8IU85-2,0.05263157894736842,0.014285714285714285
P54750-4,0.9285714285714286,0.12380952380952381
Q8N5J2-2,0.8943661971830986,0.1673254281949934
Q9NRW1-2,4.409090909090909,0.5480225988700564
Q8N6V9-2,0.04,0.006711409395973154
Q13829-2,0.5288461538461539,0.06387921022067364
O14662-6,0.20754716981132076,0.02756892230576441
Q9UBG7-2,8.0,1.0
Q9NZD1-3,0.2127659574468085,0.047619047619047616
Q495C1-3,0.05714285714285714,0.0136986301369863
Q9NP55-2,0.35714285714285715,0.10204081632653061
Q6P4F1-2,8.0,1.0
Q13555-7,0.4925373134328358,0.12941176470588237
Q4JDL3-3,0.09523809523809523,0.0273972602739726
Q9UHD1-2,2.736842105263158,0.3291139240506329
P78310-6,0.28,0.06422018348623854
Q14141-4,0.2857142857142857,0.09090909090909091
P20827-2,4.545454545454546,0.5319148936170213
Q9H4E5-2,5.409090909090909,0.5063829787234042
A6NFY4-2,0.002403846153846154,0.00028876696505919725
Q8TDW4-6,0.029585798816568046,0.003236245954692557
P10966-2,3.0,0.6
Q9Y2H1-2,1.1683168316831682,0.14786967418546365
Q9H0E2-2,2.420289855072464,0.2976827094474153
Q9UH17-2,0.078125,0.008210180623973728
Q9BZJ3-2,3.888888888888889,0.4666666666666667
Q92569-3,0.14695340501792115,0.01685162351006987
Q9H4I3-2,2.0217391304347827,0.25761772853185594
A6NFN9-1,0.15217391304347827,0.027559055118110236
O00560-3,5.166666666666667,0.5254237288135594
Q6ZP29-3,1.6,0.18309859154929578
Q8IYV9-2,0.2717391304347826,0.03698224852071006
Q9GZZ7-3,0.7738095238095238,0.124282982791587
Q9UIY3-2,1.3384615384615384,0.14974182444061962
Q16534-2,0.16470588235294117,0.03414634146341464
Q9UJ68-4,5.85,0.4854771784232365
P31994-5,0.030837004405286344,0.0035371399696816574
Q05513-3,0.45045045045045046,0.0513347022587269
Q9NUM3-3,2.710526315789474,0.2814207650273224
Q9BXD5-2,2.513157894736842,0.2408575031525851
Q9UK41-2,2.0789473684210527,0.23867069486404835
P54750-8,0.00375234521575985,0.0004017677782241864
Q8NA47-2,0.275,0.04564315352697095
Q8WW34-2,0.11627906976744186,0.026737967914438502
Q8TDQ1-4,0.01384083044982699,0.002072538860103627
Q9BUK6-4,0.5750528541226215,0.05760271071579839
Q5UCC4-2,0.22857142857142856,0.0425531914893617
O75575-4,0.8441558441558441,0.10815307820299501
A6NKQ9-2,0.3939393939393939,0.08843537414965986
Q9H0S4-2,3.836734693877551,0.352059925093633
Q9NWS1-3,0.28502415458937197,0.039623908663532575
Q8N2F6-6,0.352112676056338,0.038560411311053984
P52798-2,0.1111111111111111,0.0205761316872428
P04637-6,0.002551020408163265,0.00036010082823190496
Q6GTX8-4,0.02564102564102564,0.005747126436781609
Q9NSP4-2,1.7142857142857142,0.19411764705882353
P54750-7,0.0018726591760299626,0.0002007628990162618
O00499-9,0.4012738853503185,0.07446808510638298
Q9H1X3-3,0.10483870967741936,0.013091641490433032
Q96DX5-3,0.5066666666666667,0.051630434782608696
P15509-5,0.23529411764705882,0.0425531914893617
Q9BYG5-2,0.2116788321167883,0.03356481481481482
O60858-3,,
Q9UMX3-2,1.641025641025641,0.17679558011049723
P17181-4,2.318840579710145,0.31746031746031744
Q8IUF8-3,0.20384615384615384,0.021040095275903135
Q8IW41-2,3.5,0.7777777777777778
Q13324-6,0.4222222222222222,0.07755102040816327
Q9NVH1-3,2.3846153846153846,0.2627118644067797
Q9GZT3-2,8.0,0.8888888888888888
Q9UIF7-4,0.35714285714285715,0.10638297872340426
Q8WXI3-3,0.8952380952380953,0.12771739130434784
O95260-2,2.292682926829268,0.24736842105263157
P78334-2,0.352112676056338,0.06265664160401002
P37173-2,5.0,1.0
P52565-2,5.044444444444444,0.549636803874092
Q12904-2,,
Q9P2U7-3,0.8,0.10666666666666667
Q8IUQ0-2,1.0,0.12
Q15758-2,2.1386138613861387,0.24242424242424243
Q9BYM8-4,0.017716535433070866,0.0021608643457382954
Q8NES3-3,2.7142857142857144,0.29842931937172773
P51148-2,,
Q96G97-3,0.22413793103448276,0.0429042904290429
Q96CS7-5,0.024691358024691357,0.005555555555555556
Q00887-2,0.06842105263157895,0.007789095266626723
Q8IVS2-2,1.1050228310502284,0.10642040457343888
P52823-2,1.1304347826086956,0.14661654135338345
Q96NT5-2,5.535714285714286,0.4740061162079511
Q6XPS3-7,2.473684210526316,0.25133689839572193
Q969I3-2,3.4782608695652173,0.3448275862068966
Q07812-8,3.3846153846153846,0.38596491228070173
O43674-2,0.25,0.03951367781155015
Q9NUQ3-2,0.09848484848484848,0.019667170953101363
P15927-2,1.3333333333333333,0.4
Q8TD46-3,0.036923076923076927,0.0047430830039525695
O15105-2,0.22325581395348837,0.031746031746031744
Q96BZ9-3,,
P78348-3,1.8043478260869565,0.20828105395232122
P20333-2,0.04522613065326633,0.01107011070110701
Q13555-9,0.4925373134328358,0.12941176470588237
Q9H0V9-3,2.1726190476190474,0.26353790613718414
P26436-10,0.09027777777777778,0.024208566108007448
P01241-3,2.236842105263158,0.23415977961432508
P43897-3,1.3048780487804879,0.13017031630170317
Q86X40-2,1.896103896103896,0.20165745856353592
P55211-3,0.08679245283018867,0.008547008547008548
Q9UJX2-2,0.19873150105708245,0.020025564550489986
Q53H12-2,0.112,0.011692650334075724
Q9Y2I2-4,0.21782178217821782,0.024175824175824177
Q6UWQ5-2,,
Q8TED0-3,6.052631578947368,0.6284153005464481
Q9BTE1-2,2.75,0.3308270676691729
Q15973-2,0.12461059190031153,0.015527950310559006
P61236-2,,
Q5TZF3-1,,
Q92754-2,0.01775147928994083,0.004830917874396135
Q96JB5-2,0.7818181818181819,0.08775510204081632
Q9BTZ2-5,1.6916666666666667,0.1527464258841234
Q9BYD3-2,2.0317460317460316,0.27705627705627706
Q9H2V7-3,1.7272727272727273,0.15809379727685324
Q9UNT1-2,,
Q9C029-1,0.036065573770491806,0.004030780505679736
P48059-3,,
Q9NQQ7-3,,
P78539-4,1.4653465346534653,0.15948275862068967
O75920-2,0.06944444444444445,0.012285012285012284
Q8N126-3,4.468085106382978,0.430327868852459
P78381-2,0.25,0.07692307692307693
Q14142-3,3.8225806451612905,0.36858475894245724
P41146-2,5.6,0.5833333333333334
Q86SG7-2,3.4473684210526314,0.3156626506024096
P55055-2,0.1836734693877551,0.022058823529411766
Q7RTY3-2,5.764705882352941,0.5664739884393064
Q86TP1-2,3.5588235294117645,0.3558823529411765
Q9Y570-2,1.2887700534759359,0.12894596040663456
Q6ZMY6-2,0.5172413793103449,0.09036144578313253
Q02161-5,2.8666666666666667,0.3028169014084507
Q8IZ96-11,0.09154929577464789,0.01117798796216681
Q5T9G4-2,,
O95084-2,3.75,0.4225352112676056
Q13568-6,0.044854881266490766,0.006256900993743099
Q9NUJ1-3,1.394736842105263,0.14627414903403863
P18577-6,2.683333333333333,0.29219600725952816
O60828-4,0.16842105263157894,0.02666666666666667
Q9Y2U2-3,1.164179104477612,0.1566265060240964
P35052-2,0.012589928057553957,0.0013997200559888023
Q8IZ96-12,0.018518518518518517,0.0023828435266084196
O43852-9,0.391304347826087,0.043239533287577216
Q9UK97-2,0.4,0.10526315789473684
Q6UW56-3,,
P29972-4,1.5590551181102361,0.14666666666666667
Q9BUE6-2,,
Q495N2-3,,
Q9HC98-3,,
P43351-4,0.36923076923076925,0.058997050147492625
Q9NP87-2,2.1153846153846154,0.2054794520547945
Q96GE6-2,0.9605263157894737,0.1543340380549683
Q7Z5L0-2,1.6277372262773722,0.1578202406227884
Q96LA6-3,0.07462686567164178,0.015527950310559006
Q9C0B1-3,0.22466960352422907,0.02316076294277929
Q7Z4W2-2,,
Q32NB8-3,0.8995633187772926,0.08677337826453244
Q9NYZ4-3,0.047619047619047616,0.011363636363636364
Q9UBK7-2,,
Q9H6S1-3,0.05649717514124294,0.012195121951219513
Q12974-3,3.193548387096774,0.31230283911671924
P39905-5,0.1346153846153846,0.027450980392156862
Q9Y2U2-2,1.164179104477612,0.1566265060240964
O15232-2,0.7619047619047619,0.08791208791208792
Q96H22-5,4.147058823529412,0.4110787172011662
Q96MU8-3,0.05013927576601671,0.005593536357986327
O43852-8,0.47393364928909953,0.05202913631633715
Q9HBL6-2,1.0921052631578947,0.13112164296998421
Q99640-4,0.15942028985507245,0.035830618892508145
P24071-9,0.2914572864321608,0.031216361679224973
Q9H1Q7-4,0.5124223602484472,0.07252747252747253
Q9Y6M4-5,0.011655011655011656,0.001442169022209403
Q8N126-2,,
Q13291-2,0.0425531914893617,0.012195121951219513
Q86V88-3,1.5681818181818181,0.1751269035532995
P10966-7,0.43333333333333335,0.057777777777777775
Q9HD47-2,2.525,0.3494809688581315
Q9UM11-2,2.3333333333333335,0.5384615384615384
Q6P656-2,0.006666666666666667,0.0007147962830593281
Q9Y343-2,0.22727272727272727,0.03597122302158273
O60609-2,2.6129032258064515,0.391304347826087
Q92913-5,0.13114754098360656,0.025157232704402517
Q96HE8-2,1.75,0.4117647058823529
P49662-2,0.3392857142857143,0.04288939051918736
O75469-3,,
P46098-2,,
Q7Z2E3-5,0.3783783783783784,0.039923954372623575
O75426-4,0.3333333333333333,0.08695652173913043
Q9NZR1-2,4.083333333333333,0.3798449612403101
P27105-2,0.3151515151515151,0.03354838709677419
Q5JT25-2,14.0,1.0
P07288-5,4.64,0.39862542955326463
O75648-3,0.004761904761904762,0.0004955401387512388
Q9UN36-4,1.29375,0.12155020551967116
O96013-3,0.24836601307189543,0.0581039755351682
Q16627-2,4.0,1.0
Q03181-2,1.8902439024390243,0.20639147802929428
Q969W1-3,4.641025641025641,0.3842887473460722
Q92692-2,0.053763440860215055,0.011848341232227487
Q01105-2,0.4722222222222222,0.10967741935483871
Q8WUA7-4,0.06382978723404255,0.01694915254237288
Q92629-3,0.006944444444444444,0.001184834123222749
P0CAP1-8,0.10752688172043011,0.01718213058419244
P24071-2,5.909090909090909,0.5603448275862069
O95639-2,0.24,0.07317073170731707
P48549-2,0.8801498127340824,0.1419939577039275
Q9H579-2,0.6973684210526315,0.07361111111111111
Q92993-2,1.0961538461538463,0.22709163346613545
P28472-3,2.141025641025641,0.27879799666110183
Q8TDW4-8,0.003484320557491289,0.00039541320680110717
P41235-7,0.0021141649048625794,0.0002740476842970677
Q5EG05-2,0.2169811320754717,0.0368
Q6P4F1-3,0.008368200836820083,0.0009029345372460496
Q6UX01-3,2.6,0.2826086956521739
Q96DR4-2,3.0140845070422535,0.30140845070422534
P55957-4,0.90625,0.11677852348993288
Q9NTN3-2,0.005649717514124294,0.0005733944954128441
P05155-3,,
P53367-2,0.1875,0.05454545454545454
Q9H0R8-2,4.857142857142857,0.53125
O43236-5,0.004201680672268907,0.0005534034311012728
P24468-2,0.19863013698630136,0.02968270214943705
Q7Z434-2,0.006787330316742082,0.0017251293847038527
Q9Y6W5-2,0.05803571428571429,0.013669821240799159
P49354-2,1.1194029850746268,0.13227513227513227
P49336-2,4.0,1.0
Q8N6Y2-2,0.6287878787878788,0.07867298578199051
Q96PB7-2,0.038314176245210725,0.0036603221083455345
Q9NQ25-4,0.10526315789473684,0.014473684210526316
Q6UX41-5,0.04201680672268908,0.004721435316336166
Q99733-2,1.0,1.0
Q03060-11,0.02880658436213992,0.005649717514124294
Q9BW66-2,0.9272727272727272,0.09770114942528736
P46098-5,0.24092409240924093,0.026497277676951
Q9BRL7-2,1.4242424242424243,0.1598639455782313
Q9BX73-2,0.6933333333333334,0.10699588477366255
Q8N3G9-3,0.0392156862745098,0.004435994930291508
Q13825-2,2.413793103448276,0.25547445255474455
P13861-2,6.909090909090909,0.6495726495726496
P45378-4,0.08695652173913043,0.012376237623762377
P30988-4,0.5491329479768786,0.0659264399722415
Q8N5J2-4,0.05263157894736842,0.014492753623188406
Q86UA6-9,0.631578947368421,0.0718562874251497
O60443-3,1.4390243902439024,0.15465268676277852
Q9NVZ3-3,0.03,0.008403361344537815
Q9UIF7-3,0.5454545454545454,0.15789473684210525
P57727-3,1.6788321167883211,0.152317880794702
Q08AI8-3,1.3647058823529412,0.14871794871794872
Q8TCI5-3,0.30303030303030304,0.044642857142857144
Q8TD07-6,,
P55061-2,,
Q8WUA7-2,0.3036649214659686,0.05708661417322835
O00232-2,3.3,0.3333333333333333
P49763-3,0.3048780487804878,0.07246376811594203
A9UHW6-3,,
Q9Y4P8-4,1.8888888888888888,0.288135593220339
Q6IEE8-2,5.0,0.7142857142857143
Q9H074-2,0.0759493670886076,0.020134228187919462
O15245-2,2.5591397849462365,0.2833333333333333
P45379-5,8.0,1.0
Q9NZC7-3,0.7520661157024794,0.07250996015936255
Q16515-2,1.7717391304347827,0.20324189526184538
Q15109-8,1.0,0.1473922902494331
Q05932-4,3.8461538461538463,0.38461538461538464
Q9UIF7-2,0.6,0.17647058823529413
P32121-2,0.45962732919254656,0.04746632456703015
Q9UBS8-2,1.0714285714285714,0.11936339522546419
P10747-7,0.5,0.09302325581395349
Q96MF6-3,0.11363636363636363,0.031446540880503145
O76081-5,0.1130952380952381,0.02571041948579161
Q9BQ65-2,5.777777777777778,0.5777777777777777
Q8N9A8-3,0.4946236559139785,0.05808080808080808
Q9BRP0-2,0.25757575757575757,0.05379746835443038
P45379-10,6.0,0.75
Q15561-2,0.15503875968992248,0.02242152466367713
Q9NY93-2,2.975,0.3617021276595745
Q9NSD4-2,0.11320754716981132,0.031578947368421054
Q7Z569-2,0.35080645161290325,0.04129093497864262
P45379-3,8.0,1.0
P03372-4,0.00505902192242833,0.0007376444553725104
Q92925-3,0.07142857142857142,0.018726591760299626
Q9UPE1-4,5.0,1.0
Q7L5A3-3,0.19672131147540983,0.051457975986277875
Q6UXH1-5,,
Q9NZJ9-3,2.4285714285714284,0.24170616113744076
Q9UNW8-2,0.7925531914893617,0.08558299827685238
Q9BYG7-5,0.34375,0.07913669064748201
Q6GTS8-2,2.611940298507463,0.2621068397403894
Q9Y6M4-6,0.011655011655011656,0.001442169022209403
O15162-2,0.5728155339805825,0.12065439672801637
P78382-2,3.033333333333333,0.3023255813953488
Q93086-1,1.4275862068965517,0.154132539091586
Q49MI3-3,1.8125,0.18872017353579176
Q01081-4,1.9452054794520548,0.23432343234323433
Q9C0H2-4,0.9565217391304348,0.1527777777777778
Q9NY35-2,2.4657534246575343,0.24725274725274726
P13631-2,0.1,0.02727272727272727
Q86VH5-2,0.07246376811594203,0.017064846416382253
Q6P2M8-6,,
Q14186-2,0.008333333333333333,0.0011542901115813775
Q9UMX2-2,0.5466666666666666,0.07839388145315487
Q4U2R8-4,3.727272727272727,0.3346938775510204
P0C7I6-8,0.06369426751592357,0.0102880658436214
P45378-5,0.5416666666666666,0.11711711711711711
P49450-2,1.3076923076923077,0.16666666666666666
P55259-4,0.07333333333333333,0.00778485491861288
Q96GC9-2,0.875,0.10513141426783479
Q9UNH6-3,,
Q9H446-2,0.8229166666666666,0.08926553672316384
Q5XUX1-2,1.7544910179640718,0.16507042253521126
Q6SA08-2,,
Q8TDX6-3,0.842741935483871,0.08822287885183622
Q9Y577-2,0.20218579234972678,0.02172636523781562
Q15036-2,3.88,0.3688212927756654
P36957-2,1.3796296296296295,0.23993558776167473
P0CAP1-5,0.10869565217391304,0.017421602787456445
Q15555-5,0.4418604651162791,0.09090909090909091
Q86VH4-2,0.0547945205479452,0.015267175572519083
Q9NR81-4,0.645320197044335,0.09499637418419145
Q8TCT9-4,0.7,0.09251101321585903
Q9Y6E0-2,1.32,0.18435754189944134
P14672-2,1.7857142857142858,0.17162471395881007
Q5MNZ9-2,1.0,0.2631578947368421
Q9NW81-4,1.0,0.29411764705882354
Q7Z2E3-11,1.7450980392156863,0.2045977011494253
Q16864-2,,
Q96Q80-3,0.7,0.1337579617834395
O14662-2,0.9523809523809523,0.12345679012345678
Q9UBC1-2,0.4782608695652174,0.1111111111111111
Q9NZN9-5,2.7083333333333335,0.2742616033755274
Q5TFE4-2,4.369047619047619,0.40021810250817885
P18577-2,2.4615384615384617,0.252465483234714
Q9HAD4-2,3.4,0.334525939177102
Q96KA5-2,2.3333333333333335,0.2222222222222222
Q9BYV6-4,0.03908794788273615,0.007537688442211055
Q96A37-3,0.7037037037037037,0.07610146862483311
P22307-6,0.031476997578692496,0.0027771843623157445
Q96CG8-3,0.24489795918367346,0.03896103896103896
Q9NR46-2,1.4946236559139785,0.16726835138387486
Q7Z412-2,0.22448979591836735,0.03064066852367688
Q96CV9-3,0.21052631578947367,0.0379746835443038
Q8TBY0-2,0.2,0.05058365758754864
Q14296-2,0.3732394366197183,0.04770477047704771
Q9NP79-2,0.03488372093023256,0.004396678065461651
P15509-7,,
P61006-2,1.3333333333333333,0.20134228187919462
O14874-2,1.523076923076923,0.1546875
Q9C0B1-2,0.27184466019417475,0.028112449799196786
P55259-2,0.17006802721088435,0.018129079042784626
Q4JDL3-9,0.002386634844868735,0.0002844950213371266
P45379-2,8.0,1.0
Q7L5Y9-2,0.7787610619469026,0.08477842003853564
P09326-2,0.1565217391304348,0.01867219917012448
Q9BXD5-5,0.7777777777777778,0.07526881720430108
P09603-3,0.06711409395973154,0.017985611510791366
P52434-2,3.689655172413793,0.4331983805668016
Q9HA47-4,8.333333333333334,0.6410256410256411
Q5VT79-2,0.722488038277512,0.07112576542628356
Q9H6Q3-4,0.0038461538461538464,0.00047551117451260106
O14893-3,2.875,0.2967741935483871
Q11203-4,1.5806451612903225,0.21212121212121213
Q9NV23-2,15.0,1.0
Q9UBI4-5,0.022813688212927757,0.002898550724637681
Q9ULP0-6,0.046511627906976744,0.004510309278350515
P20339-2,4.5,0.5294117647058824
Q49A26-2,0.47058823529411764,0.07547169811320754
Q6PH81-2,0.21311475409836064,0.04797047970479705
Q8WXU2-2,0.8450704225352113,0.08902077151335312
Q92643-2,2.0526315789473686,0.19696969696969696
P22749-2,0.4375,0.06542056074766354
Q8WVQ1-2,1.0274725274725274,0.09795704557359874
Q6IN84-2,0.696969696969697,0.07958477508650519
Q969U6-2,1.59,0.16374871266735325
P20226-2,0.2,0.06060606060606061
Q9NZC7-5,1.45,0.13890367216604577
P0C7I6-6,0.006756756756756757,0.0010319917440660474
Q5JS54-3,3.3,0.33
Q14508-4,0.6481481481481481,0.07900677200902935
P0CAP1-7,0.15384615384615385,0.027932960893854747
Q00005-7,,
P43115-4,0.7741935483870968,0.14814814814814814
O75489-2,1.0,0.13110047846889952
Q15973-5,0.050359712230215826,0.006145741878841089
Q15406-3,0.1590909090909091,0.0440251572327044
O75223-2,1.9130434782608696,0.20417633410672853
P20073-2,0.8636363636363636,0.1958762886597938
Q13286-4,2.299145299145299,0.211311861743912
Q8N2I9-3,0.8611111111111112,0.13596491228070176
Q6KCM7-6,0.6601941747572816,0.0774487471526196
P45379-4,0.6666666666666666,0.08333333333333333
O60895-2,,
O75888-2,5.882352941176471,0.625
Q9BWP8-9,0.06060606060606061,0.016666666666666666
Q8N6V4-2,3.35,0.3435897435897436
Q9Y508-2,0.9821428571428571,0.12643678160919541
Q96P16-3,1.36,0.1471861471861472
Q5SWX8-4,5.75,0.5082872928176796
P19438-5,0.06985294117647059,0.011040092969203951
Q8N5A5-4,0.08163265306122448,0.011119936457505957
Q8TDW4-3,1.1764705882352942,0.16666666666666666
Q6UXE8-2,0.9553571428571429,0.10775427995971802
O43852-3,,
Q7Z2E3-4,1.0588235294117647,0.11368421052631579
Q9BY67-3,,
Q8WTU2-2,0.6414473684210527,0.06590064210882055
P45379-8,4.0,0.5
Q9UQN3-2,1.3658536585365855,0.16279069767441862
P30518-2,1.6417910447761195,0.22
P49238-3,,
Q8TAM2-6,0.45977011494252873,0.044543429844097995
O43852-10,1.56,0.1813953488372093
Q6X9E4-2,2.6142857142857143,0.24897959183673468
A8MVW5-2,0.24,0.04225352112676056
O75674-2,0.06818181818181818,0.019522776572668113
O60828-10,0.2087378640776699,0.030913012221423435
Q11203-24,0.01488095238095238,0.0015342129487572874
Q6P444-2,0.057692307692307696,0.012006861063464836
Q96B86-3,0.1875,0.05263157894736842
P0CAP1-6,0.15384615384615385,0.027932960893854747
Q5XG92-8,0.29324894514767935,0.027378373054953713
Q2VIR3-2,3.5833333333333335,0.38738738738738737
P45378-6,0.46153846153846156,0.12
Q8N142-2,4.174603174603175,0.4290375203915171
Q32M84-2,,
Q99808-2,,
Q9H169-2,,
Q9Y2Z0-2,0.6060606060606061,0.09615384615384616
P13688-5,0.15625,0.01639344262295082
Q8N6T7-2,4.814814814814815,0.46099290780141844
Q9H6S1-5,0.05649717514124294,0.012195121951219513
Q9HCN4-2,2.6962025316455698,0.28900949796472186
Q5EBM0-3,1.5084745762711864,0.15669014084507044
Q03923-3,0.005780346820809248,0.0007666751852798365
Q9H313-5,0.0022271714922048997,0.00022366360993066427
Q8WTW4-2,0.005277044854881266,0.0005720823798627002
P09651-3,0.05714285714285714,0.01485148514851485
Q13889-2,4.146341463414634,0.39906103286384975
Q9UHD0-2,,
Q9NZI2-4,0.6333333333333333,0.09178743961352658
Q4G0N4-2,5.21875,0.46005509641873277
P32239-3,0.9090909090909091,0.13761467889908258
P51955-4,1.25,0.29411764705882354
Q8TDD5-2,2.142857142857143,0.23076923076923078
O75886-2,0.060109289617486336,0.014647137150466045
P45379-7,1.3333333333333333,0.16666666666666666
Q9NPA1-4,0.7727272727272727,0.10303030303030303
P07108-4,,
Q8IWE2-2,0.13526570048309178,0.03278688524590164
Q9NQ48-3,0.010067114093959731,0.00131521262604121
Q8IZR5-2,0.38461538461538464,0.09433962264150944
P40123-2,1.796875,0.17884914463452567
O60259-2,,
P45379-11,0.1111111111111111,0.015479876160990712
P14866-2,1.1729323308270676,0.20103092783505155
Q99788-2,2.0,0.6666666666666666
Q9HCN6-2,0.6111111111111112,0.14666666666666667
P35372-13,1.0526315789473684,0.16835016835016836
Q8TDM0-2,0.10752688172043011,0.01968503937007874
Q9UBE0-3,2.2450980392156863,0.22341463414634147
P39905-2,0.2222222222222222,0.0625
P67812-3,1.0285714285714285,0.12857142857142856
Q9BY14-2,,
Q9UBX8-2,4.82051282051282,0.4
O60260-3,0.021551724137931036,0.0024987506246876563
Q86UA6-7,0.08695652173913043,0.01020408163265306
Q6P4H8-2,6.176470588235294,0.6069364161849711
P78324-4,9.0,1.0
Q8NCE0-4,0.1016949152542373,0.02702702702702703
Q6DN72-2,0.006944444444444444,0.00088261253309797
Q5R372-8,0.0012300123001230013,0.0001448225923244026
Q93086-4,0.7008547008547008,0.11232876712328767
Q96ET8-3,0.12295081967213115,0.024077046548956663
P36896-4,7.0,1.0
Q92851-3,0.06761565836298933,0.008322382829610162
P06028-2,0.45454545454545453,0.08108108108108109
Q86VZ5-2,1.1159420289855073,0.13791044776119402
Q9Y6M1-5,0.040100250626566414,0.004703115814226925
Q9BRQ3-2,2.0489510489510487,0.2056140350877193
P25445-7,0.15254237288135594,0.016981132075471698
Q15554-4,0.07251908396946564,0.013561741613133477
P10276-2,0.0847457627118644,0.02304147465437788
P54750-5,0.9285714285714286,0.12380952380952381
O60828-9,0.2097560975609756,0.031002162941600575
P18621-3,0.2,0.02912621359223301
P10827-3,2.4871794871794872,0.26869806094182824
Q9H095-2,0.47959183673469385,0.08851224105461393
O43660-2,0.7777777777777778,0.2
Q8N0U7-3,0.012254901960784314,0.0018719580681392737
Q96L94-2,0.0547945205479452,0.012345679012345678
Q7Z7K6-3,1.6666666666666667,0.45454545454545453
Q9H6J7-2,,
Q9P104-2,0.5185185185185185,0.05785123966942149
Q9Y5S9-2,4.0,1.0
Q9NZN9-4,3.1363636363636362,0.33658536585365856
P10826-2,0.06779661016949153,0.018018018018018018
P45378-7,0.5652173913043478,0.12149532710280374
P24071-7,0.5321100917431193,0.05942622950819672
Q13555-2,0.5454545454545454,0.14285714285714285
Q53T94-2,1.7727272727272727,0.21311475409836064
Q9Y4P9-2,0.03125,0.004878048780487805
P78369-2,2.0555555555555554,0.22492401215805471
P62318-2,0.5,0.11363636363636363
Q9Y5X5-2,0.058823529411764705,0.014492753623188406
Q13426-3,0.05128205128205128,0.01639344262295082
Q9GZM8-3,0.1,0.02912621359223301
O43688-2,1.3125,0.16535433070866143
Q9UKR8-4,1.0421052631578946,0.11237230419977298
P43351-3,0.5481727574750831,0.09295774647887324
Q96LW9-2,0.03773584905660377,0.005928853754940711
Q8WUD1-2,1.9333333333333333,0.1856594110115237
Q14168-4,0.2328767123287671,0.029876977152899824
Q9H9P8-2,3.921875,0.355021216407355
Q16539-4,2.009433962264151,0.23692992213570635
P45378-2,1.1818181818181819,0.21311475409836064
Q63ZY6-2,1.0160427807486632,0.12632978723404256
Q9BXI9-1,0.21052631578947367,0.06060606060606061
P23760-3,0.035211267605633804,0.007407407407407408
Q8IUH3-2,0.031746031746031744,0.0037914691943127963
Q7KYR7-1,0.010676156583629894,0.0012340600575894694
O75469-6,0.5980861244019139,0.08069722401549387
P45378-3,0.75,0.1875
Q9Y6I4-2,3.1555555555555554,0.35858585858585856
Q13324-7,8.0,1.0
O00499-10,0.4012738853503185,0.07446808510638298
Q96EE3-1,1.0,0.42857142857142855
P21731-2,0.2,0.05263157894736842
Q9H0B8-3,1.0078740157480315,0.09696969696969697
Q16570-2,1.8333333333333333,0.3793103448275862
Q9H825-2,0.34,0.06319702602230483
Q9NRZ5-2,1.9386503067484662,0.17974971558589306
Q96GC5-3,0.1111111111111111,0.03389830508474576
Q96T55-5,1.851063829787234,0.21271393643031786
P07307-2,0.2631578947368421,0.07692307692307693
P31994-4,6.0,1.0
Q8NBK3-5,6.75,0.645933014354067
Q53GS9-3,1.9325842696629214,0.19770114942528735
Q8N370-3,,
P48651-2,0.8013698630136986,0.0974188176519567
O75909-1,0.14347826086956522,0.03398558187435633
Q9HAJ7-3,1.8048780487804879,0.2781954887218045
O43278-2,0.4375,0.1111111111111111
O15519-15,0.6354166666666666,0.06637649619151251
P0CAP1-10,0.2898550724637681,0.036231884057971016
P58335-3,0.505,0.08151735270379339
Q9H0A6-4,0.07462686567164178,0.00946969696969697
P78324-2,,
P10828-2,0.18478260869565216,0.04632152588555858
A8MT69-3,0.7083333333333334,0.08018867924528301
Q9BQC3-3,1.29375,0.13176320814767664
P43004-3,0.13636363636363635,0.034482758620689655
Q9H115-3,0.336283185840708,0.03079416531604538
O14818-4,2.0757575757575757,0.2057057057057057
Q16890-4,0.009852216748768473,0.0015408320493066256
Q9UI10-2,0.05714285714285714,0.01098901098901099
Q14956-2,0.3333333333333333,0.10526315789473684
P21754-3,1.0196078431372548,0.20967741935483872
O00233-2,3.0526315789473686,0.34523809523809523
Q8N468-2,1.7701149425287357,0.23692307692307693
Q9Y6K8-3,1.8076923076923077,0.20346320346320346
P35998-2,0.48175182481751827,0.06991525423728813
Q9H7H0-3,3.411764705882353,0.4084507042253521
Q92597-2,2.742424242424242,0.3555992141453831
Q99542-3,0.3872053872053872,0.0440107156525067
P61018-2,4.5,0.6428571428571429
P41440-3,0.60625,0.11345029239766082
Q2MV58-5,0.3199195171026157,0.03972020984261804
Q4JDL3-2,0.3,0.09090909090909091
Q9HC98-2,,
Q86X45-2,0.08620689655172414,0.02040816326530612
Q9HCN4-4,3.8055555555555554,0.41896024464831805
Q5T9L3-3,3.0434782608695654,0.3225806451612903
Q8NG50-10,0.8135593220338984,0.09411764705882353
Q8WUW1-2,,
P47870-1,0.34210526315789475,0.07784431137724551
Q9BQA9-2,2.7857142857142856,0.30708661417322836
P45379-6,2.0,0.25
Q96Q40-4,0.13725490196078433,0.037037037037037035
Q9UHI7-2,,
P28472-4,1.988235294117647,0.2518628912071535
O15400-2,0.3333333333333333,0.043478260869565216
P49281-3,0.003527336860670194,0.0003475842891901286
Q9BWL3-3,0.25,0.049079754601226995
P15812-8,0.1746031746031746,0.0192195690157251
O00142-6,,
Q9UBX7-3,,
Q8WW14-3,0.055944055944055944,0.010362694300518135
Q3KNT7-3,0.024844720496894408,0.002758620689655172
Q6ZT62-2,1.0694444444444444,0.16279069767441862
Q70UQ0-4,0.0398406374501992,0.005040322580645161
Q86UT5-5,0.005272407732864675,0.0006362672322375398
O14662-4,1.2352941176470589,0.16279069767441862
Q8TBG9-2,5.0,0.5072463768115942
O76083-15,2.8846153846153846,0.3694581280788177
P43115-3,0.7741935483870968,0.14814814814814814
P0CAP1-2,0.09375,0.017543859649122806
Q13568-5,0.25287356321839083,0.06470588235294118
Q15008-4,,
Q96EV8-2,0.025,0.006993006993006993
P37231-2,0.6785714285714286,0.1165644171779141
Q68CL5-3,0.3950617283950617,0.0855614973262032
Q9Y3B7-3,0.5142857142857142,0.0661764705882353
Q14CB8-5,0.5934579439252337,0.10039525691699605
Q8IX04-3,0.18414918414918416,0.01897669949555609
Q12805-2,0.625,0.18518518518518517
P10909-4,0.7272727272727273,0.11538461538461539
Q9H9Q4-2,0.125,0.0379746835443038
Q8N688-2,0.10416666666666667,0.014164305949008499
Q9UJA5-2,0.8968253968253969,0.1098153547133139
Q969M7-2,2.4375,0.2689655172413793
Q13183-3,,
O15527-4,1.3793103448275863,0.20618556701030927
Q96DB5-2,3.033333333333333,0.27492447129909364
P54750-9,0.00375234521575985,0.0004017677782241864
Q13601-2,0.543859649122807,0.09422492401215805
P00750-2,0.3435374149659864,0.03462461432979088
Q9Y6M4-4,0.9594594594594594,0.16705882352941176
P00740-2,0.7894736842105263,0.08771929824561403
Q9H410-3,0.14018691588785046,0.03614457831325301
Q96GD4-5,,
Q9UIX4-2,0.2784313725490196,0.03145768719539211
Q9Y6M4-3,0.29411764705882354,0.07518796992481203
Q9UJG1-3,4.0,1.0
Q86UA6-6,0.18421052631578946,0.021671826625386997
Q13131-2,,
Q9H665-2,0.6542553191489362,0.10837004405286343
O95273-4,0.008379888268156424,0.0008764241893076249
P31994-3,1.1428571428571428,0.23529411764705882
Q96K37-3,0.0024449877750611247,0.0002653223666755107
P37287-2,2.3195266272189348,0.2123510292524377
P42081-6,1.7926829268292683,0.23747980613893377
O00506-2,1.8311688311688312,0.19831223628691982
P14136-3,0.047619047619047616,0.009009009009009009
O43541-2,0.1801470588235294,0.02763677382966723
Q9UNW1-2,1.923444976076555,0.18559556786703602
O75569-3,0.96,0.1935483870967742
A5X5Y0-3,0.23809523809523808,0.03597122302158273
Q9HC98-4,,
Q8IWT0-2,3.4482758620689653,0.36764705882352944
P49798-2,12.0,1.0
Q9Y5Z0-2,3.72,0.375
Q8NFH3-2,1.4639175257731958,0.1411530815109344
Q9UH92-3,0.09259259259259259,0.025906735751295335
Q8TCF1-4,1.6964285714285714,0.18375241779497098
Q969S2-3,2.4918032786885247,0.24836601307189543
Q9BQQ3-2,0.5962264150943396,0.13550600343053174
Q9H1R2-4,0.06143344709897611,0.006993006993006993
Q96SA4-2,2.4,0.2857142857142857
Q6PII5-3,0.7515923566878981,0.08368794326241134
Q9Y5X5-3,0.1111111111111111,0.028132992327365727
Q32NB8-2,0.36404494382022473,0.03470437017994859
Q9NZI2-2,1.5454545454545454,0.2
Q49MI3-4,1.0935251798561152,0.1130952380952381
P51677-2,,
Q8N135-2,0.09451219512195122,0.009158050221565732
Q92569-2,1.9152542372881356,0.20071047957371227
A6NJ78-2,1.3716216216216217,0.15413819286256644
Q3KPI0-3,0.12582781456953643,0.015187849720223821
P62191-2,0.1643835616438356,0.031578947368421054
Q13555-8,0.4925373134328358,0.12941176470588237
Q9UBC1-3,1.0666666666666667,0.14035087719298245
P03372-3,0.06358381502890173,0.016793893129770993
Q16828-2,1.582191780821918,0.20496894409937888
P10909-6,0.2,0.03389830508474576
Q96NY8-2,0.006896551724137931,0.0008014961261020571
Q14714-3,1.1650485436893203,0.14925373134328357
P22307-5,0.01651376146788991,0.0015128593040847202
Q92890-3,0.2682926829268293,0.06832298136645963
P43004-2,0.5555555555555556,0.15151515151515152
O14545-2,0.031180400890868598,0.00641025641025641
Q5H9L4-3,0.09254498714652956,0.014913007456503728
O60260-2,2.9642857142857144,0.3360323886639676
O60636-2,2.2857142857142856,0.24242424242424243
P20941-3,,
P62508-2,1.0,0.1464968152866242
P57771-2,0.625,0.1724137931034483
Q9BV35-4,2.1639344262295084,0.23487544483985764
O00506-3,0.7446808510638298,0.08139534883720931
O75426-3,0.36363636363636365,0.09523809523809523
Q8IXU6-2,1.7049180327868851,0.2222222222222222
Q9H2V7-5,0.738562091503268,0.07075767063243582
Q8TCU3-2,1.884,0.18405627198124266
Q9NPJ8-3,,
P49771-3,2.2560975609756095,0.2740740740740741
Q2VPK5-5,1.1904761904761905,0.1524390243902439
O15304-2,0.27692307692307694,0.04522613065326633
Q03060-24,0.005813953488372093,0.0010649627263045794
Q13137-3,,
P02741-2,1.6616541353383458,0.1595667870036101
Q5BKX5-3,1.3069767441860465,0.15993170176437108
Q86VE9-3,1.3636363636363635,0.19480519480519481
O76082-2,0.48,0.047006155567991044
Q92597-3,2.6296296296296298,0.3212669683257919
Q96CG8-2,0.004132231404958678,0.0005178663904712584
P13688-7,0.08759124087591241,0.009223674096848577
Q9H2X3-7,0.11009174311926606,0.01238390092879257
A0PJE2-2,0.0189873417721519,0.0017974835230677051
Q9NNX1-2,1.68,0.24705882352941178
Q8IXM6-2,2.5762711864406778,0.2773722627737226
Q9NZN9-2,3.4166666666666665,0.33996683250414594
P35398-4,0.203125,0.05394190871369295
P30793-4,2.3658536585365852,0.27019498607242337
Q9H9P2-4,1.1538461538461537,0.23076923076923078
Q9UG56-2,0.29245283018867924,0.055456171735241505
O14828-2,0.46153846153846156,0.09375
Q9BY08-5,0.6904761904761905,0.07243963363863447
Q5NUL3-1,,
O75144-3,0.26495726495726496,0.027555555555555555
Q9H6L2-2,1.4666666666666666,0.1952662721893491
Q9NZL4-3,0.15384615384615385,0.0392156862745098
Q14994-16,0.002849002849002849,0.0003040437823046519
Q9HB71-2,0.09615384615384616,0.011355034065102196
Q5SQN1-4,0.5413223140495868,0.07225592939878654
P0CAP1-3,0.6451612903225806,0.08064516129032258
Q8NHQ8-2,0.75,0.1724137931034483
P50995-2,0.18181818181818182,0.045454545454545456
P29218-2,1.288,0.11557788944723618
P60866-2,4.375,0.5737704918032787
Q7LGA3-2,0.005633802816901409,0.0006199628022318661
Q96HR3-2,0.5714285714285714,0.09803921568627451
Q5SQI0-7,0.04405286343612335,0.011037527593818985
Q96DU3-2,4.0,1.0
P57727-4,1.3762886597938144,0.13030746705710103
Q9BX59-3,0.31683168316831684,0.03278688524590164
Q96F24-2,0.46,0.09871244635193133
P55211-4,0.7951807228915663,0.0812807881773399
O15393-2,,
Q5SRR4-2,0.3888888888888889,0.09333333333333334
P35372-14,0.002506265664160401,0.00028677946659019213
Q969M3-2,0.07407407407407407,0.021505376344086023
Q02750-2,4.230769230769231,0.3873239436619718
Q8TBY0-3,0.16923076923076924,0.043824701195219126
O15519-5,3.5,0.4057971014492754
P10827-4,2.4285714285714284,0.2670157068062827
Q15771-2,1.5,0.17897727272727273
Q96CV9-2,2.6666666666666665,0.36363636363636365
Q13639-9,0.13333333333333333,0.03636363636363636
O43766-3,5.023255813953488,0.43902439024390244
Q9HBY8-1,,
Q8WYH8-2,1.8571428571428572,0.22807017543859648
Q9C0K7-3,0.5289855072463768,0.07206317867719644
Q16613-2,,
Q13137-4,,
P04637-4,0.15384615384615385,0.03409090909090909
Q53EV4-2,0.7888888888888889,0.09379128137384413
Q8WUY9-2,0.7258064516129032,0.10297482837528604
Q92783-2,0.020134228187919462,0.005607476635514018
Q86UA6-5,0.08695652173913043,0.01020408163265306
P01242-3,1.8,0.24324324324324326
Q9UMX1-3,2.076923076923077,0.23580786026200873
Q9BTX3-2,0.7945205479452054,0.09764309764309764
Q9NZS2-3,0.058823529411764705,0.007530120481927711
Q6W5P4-3,0.2413793103448276,0.0374331550802139
Q8WXF5-2,0.12087912087912088,0.020257826887661142
P32297-3,2.238095238095238,0.23039215686274508
Q9Y2I8-2,,
Q8IV63-2,1.9264705882352942,0.2231686541737649
Q86YD1-3,0.6190476190476191,0.09263657957244656
P61011-2,1.5714285714285714,0.1543859649122807
O60259-4,0.012711864406779662,0.0012340600575894694
Q9UIB8-3,0.6666666666666666,0.16666666666666666
P62508-3,0.11587982832618025,0.01946647440519106
Q86UA6-4,0.47435897435897434,0.05401459854014599
P11473-2,,
A5X5Y0-2,6.666666666666667,0.6172839506172839
P61956-2,3.4583333333333335,0.4088669950738916
P04234-2,0.4,0.057692307692307696
Q5VTL8-2,0.2777777777777778,0.04725897920604915
P18577-4,1.9602649006622517,0.17309941520467836
Q15406-2,1.4,0.3333333333333333
O43781-2,0.16,0.0425531914893617
P08174-3,0.14285714285714285,0.04
P51878-6,0.5571428571428572,0.08280254777070063
Q9UBF9-2,0.09239130434782608,0.02165605095541401
Q49MI3-7,0.3654390934844193,0.03742384682332463
P85298-3,4.4,0.6111111111111112
Q96SA4-3,1.5833333333333333,0.2
Q13639-6,,
P53634-2,0.5742296918767507,0.05536051849851472
Q12846-2,0.4186046511627907,0.0743801652892562
P11049-3,0.014285714285714285,0.001530221882172915
Q6KB66-2,0.05,0.011235955056179775
Q9BUB5-3,0.6877076411960132,0.0868652958455728
O60869-3,1.5,0.22058823529411764
Q13007-3,0.9280575539568345,0.1111111111111111
Q9Y4P8-6,0.5454545454545454,0.13636363636363635
P59998-2,2.0689655172413794,0.22641509433962265
A0A0K2S4Q6-2,0.26229508196721313,0.04678362573099415
Q96RK4-3,0.2441860465116279,0.026615969581749048
Q9NTK5-3,1.2828947368421053,0.13220338983050847
Q9ULV8-2,2.391304347826087,0.24017467248908297
Q9Y3E7-2,1.5909090909090908,0.17298187808896212
Q96MF2-3,0.1827956989247312,0.029616724738675958
Q9UMR2-2,3.806451612903226,0.3710691823899371
P52738-2,0.44660194174757284,0.06284153005464481
Q9NS23-4,0.819672131147541,0.10893246187363835
Q6PL45-2,0.4375,0.10144927536231885
Q9HCN4-5,,
Q8WVN8-2,1.7875,0.1909212283044059
Q8N0Z9-2,2.0,0.6666666666666666
Q6P2M8-3,1.3235294117647058,0.13595166163141995
Q9Y2C5-3,1.8608695652173912,0.17271993543179984
Q6ZTW0-2,1.8421052631578947,0.2348993288590604
Q9UHP7-3,3.7567567567567566,0.39154929577464787
P05230-2,1.3737373737373737,0.136
Q96FJ0-2,5.0,0.5944055944055944
Q8TCC3-3,0.6046511627906976,0.0896551724137931
Q9UK53-2,0.14361702127659576,0.03064699205448354
Q86UA6-2,1.7234042553191489,0.20099255583126552
Q9H0X4-2,2.3783783783783785,0.2894736842105263
Q9UHH9-2,0.5251396648044693,0.05960684844641725
P78381-4,0.0273224043715847,0.0028669724770642203
Q13324-3,0.8787878787878788,0.11740890688259109
Q7L099-3,0.4166666666666667,0.06097560975609756
Q13286-2,3.8333333333333335,0.33454545454545453
Q5VZ19-2,2.0,0.2976190476190476
Q2MV58-2,,
Q92527-2,,
O00482-4,0.125,0.030100334448160536
Q01892-3,0.044642857142857144,0.011933174224343675
P17342-3,0.008403361344537815,0.0008609556607834697
Q9ULR0-2,4.0,1.0
Q08AI8-2,1.3647058823529412,0.14871794871794872
Q9UBP9-4,1.9130434782608696,0.27848101265822783
Q5W111-2,5.641025641025641,0.5288461538461539
O95258-2,4.666666666666667,0.7
Q8N8F6-3,0.027777777777777776,0.0033783783783783786
Q96EC8-2,0.3023255813953488,0.06103286384976526
P82663-2,0.1746031746031746,0.025522041763341066
Q9UJA5-4,0.3,0.03589021815622801
P41219-2,,
Q6P2C8-4,0.05128205128205128,0.005917159763313609
Q8IXQ4-2,0.040268456375838924,0.010238907849829351
Q9NRP0-2,2.0,0.38461538461538464
Q12805-4,3.0,1.0
Q96EW2-2,0.9966442953020134,0.12611464968152866
P34810-2,0.11458333333333333,0.03081232492997199
P24071-8,0.036231884057971016,0.004248088360237893
Q12805-3,6.0,1.0
O75529-2,0.8981132075471698,0.08281141266527488
P01241-5,1.525,0.20132013201320131
Q16854-2,2.034090909090909,0.21034077555816685
P19438-4,0.06985294117647059,0.011040092969203951
Q8N8E2-3,0.0718562874251497,0.013348164627363738
P11230-2,2.7777777777777777,0.34965034965034963
O00584-2,1.1538461538461537,0.12333965844402277
Q03060-27,0.02880658436213992,0.005649717514124294
Q8IYJ2-2,0.035326086956521736,0.0056694286960314
Q96DZ9-4,0.3691275167785235,0.0502283105022831
Q96N03-2,1.9813084112149533,0.28191489361702127
Q96Q80-2,0.7,0.1337579617834395
Q9Y5P8-2,0.2756892230576441,0.03323262839879154
P32241-5,1.2195121951219512,0.1592356687898089
A6ND91-2,1.3496503496503496,0.1289245156980628
Q9H7X0-2,2.5714285714285716,0.32608695652173914
Q92913-3,0.13114754098360656,0.025157232704402517
Q5SQH8-2,0.4125874125874126,0.09233176838810642
Q4AE62-6,0.9612403100775194,0.09422492401215805
Q9BQI4-2,1.072,0.12476722532588454
Q6PIL6-2,0.9714285714285714,0.1827956989247312
Q96PJ5-2,0.04838709677419355,0.013333333333333334
Q9Y5N1-7,0.4,0.0821917808219178
Q9BV35-2,2.1639344262295084,0.23487544483985764
P15812-5,1.2857142857142858,0.13280363223609534
Q13322-3,0.4482758620689655,0.1
P09455-3,0.022388059701492536,0.00247320692497939
P68036-3,4.0,0.42105263157894735
O95232-2,0.20159151193633953,0.028744326777609682
Q9H0R1-2,0.8,0.08389261744966443
P41235-3,0.07216494845360824,0.019498607242339833
O00445-2,0.2542372881355932,0.030737704918032786
Q9Y3E7-3,1.7857142857142858,0.28735632183908044
Q9Y264-2,2.0208333333333335,0.1905697445972495
Q2VPK5-3,2.0689655172413794,0.23746701846965698
Q8N1S5-2,0.8571428571428571,0.23076923076923078
Q53EL6-2,0.2857142857142857,0.08333333333333333
P22307-2,0.07178217821782178,0.006311207834602829
Q9NZI7-4,0.3611111111111111,0.09774436090225563
Q9BWF3-4,0.23555555555555555,0.04487722269263336
P20290-2,0.11363636363636363,0.029239766081871343
Q7Z2E3-10,2.0925925925925926,0.19652173913043477
Q96SA4-4,1.5833333333333333,0.2
Q9UNP9-2,4.636363636363637,0.504950495049505
Q9Y5Z0-3,2.4785714285714286,0.2933220625528318
Q96JB5-3,1.1733333333333333,0.12417685794920037
Q15406-5,0.12666666666666668,0.01630901287553648
Q8TAV0-5,0.23484848484848486,0.03322615219721329
Q96LA5-4,0.0039447731755424065,0.00047664442326024784
Q8TDW4-2,3.0,0.34572490706319703
Q14406-4,1.4361702127659575,0.17329910141206675
Q9GZN8-2,,
P28472-2,0.4,0.07462686567164178
P84101-4,0.9285714285714286,0.1262135922330097
Q9Y6N9-2,1.6129032258064515,0.1865671641791045
Q9NXS2-3,3.382978723404255,0.31237721021611004
Q92777-2,0.024,0.00546448087431694
O95983-2,1.25,0.15037593984962405
P25101-5,0.7733333333333333,0.08682634730538923
Q969G3-6,0.004878048780487805,0.0007587253414264037
Q13258-2,1.8051948051948052,0.1933240611961057
Q6ZMJ2-3,0.004366812227074236,0.000555247084952804
Q9ULK6-3,0.05405405405405406,0.014925373134328358
P32241-4,0.3181818181818182,0.03776978417266187
Q9UJZ1-2,2.466666666666667,0.2624113475177305
P10276-3,0.14432989690721648,0.01804123711340206
O75365-3,1.9883720930232558,0.18688524590163935
P49281-4,,
Q8N3F0-2,0.6216216216216216,0.1377245508982036
O14893-2,4.866666666666666,0.5104895104895105
Q8NET6-2,1.4304635761589404,0.15041782729805014
Q5TDH0-3,2.0,0.38461538461538464
Q8WWB5-3,2.909090909090909,0.29906542056074764
Q7Z3H0-1,0.004434589800443459,0.0005920663114268798
P14416-2,0.4827586206896552,0.07368421052631578
Q8NDF8-2,0.109375,0.029787234042553193
O15091-2,4.5625,0.5572519083969466
O15374-5,3.4791666666666665,0.3009009009009009
Q8TDQ1-2,0.01384083044982699,0.002072538860103627
Q8WUP2-3,0.09278350515463918,0.027522935779816515
Q6PF15-2,0.18685121107266436,0.017464424320827943
Q9HB21-2,0.08653846153846154,0.02349869451697128
Q4JDL3-5,1.0360655737704918,0.1413237924865832
Q96SL1-2,3.8282828282828283,0.33274802458296754
Q9H8T0-2,,
Q7Z5L0-4,2.474747474747475,0.23535062439961577
P23193-2,3.0476190476190474,0.3404255319148936
P49760-3,4.0,1.0
Q8N2G4-3,3.25,0.52
O75469-7,,
Q14849-2,3.0,0.313953488372093
Q86SU0-3,0.0313588850174216,0.008547008547008548
Q5EBM0-2,1.6823529411764706,0.16436781609195403
Q86VE9-4,1.6,0.22857142857142856
Q9Y6W8-2,0.3125,0.07246376811594203
O15374-2,2.986111111111111,0.2925170068027211
Q9NR20-2,4.0,1.0
Q9NUL5-2,2.129032258064516,0.20496894409937888
P51878-2,0.6551724137931034,0.10106382978723404
Q96MF6-2,0.11627906976744186,0.03225806451612903
Q86VE9-2,5.25,0.6363636363636364
Q9P127-2,0.04424778761061947,0.009746588693957114
Q14183-2,0.007537688442211055,0.0008888888888888889
Q15121-2,,
Q5T2T1-2,0.005226480836236934,0.0006314460113660282
Q8WUF8-2,0.8896103896103896,0.0903098220171391
O96017-7,0.8067632850241546,0.09282934963868816
O00499-7,0.4416961130742049,0.07896399241945673
Q96DY2-3,0.04878048780487805,0.006570302233902759
Q9HAT0-2,0.13218390804597702,0.01471529110684581
P13805-2,0.08717948717948718,0.013046815042210284
Q9P0V8-2,0.1926605504587156,0.02081268582755203
Q6ZMI3-2,0.2661290322580645,0.040293040293040296
P01241-2,2.0,0.25
Q8IU57-3,0.42,0.08755211435378202
Q86UY5-3,0.23595505617977527,0.05454545454545454
P55211-2,1.2866666666666666,0.1180428134556575
O14931-4,2.08,0.24761904761904763
P78310-4,0.06167400881057269,0.00904392764857881
O76081-6,0.10650887573964497,0.02425876010781671
Q92925-2,0.08,0.023076923076923078
Q30201-11,0.03296703296703297,0.0034602076124567475
Q15019-3,,
P06730-2,,
Q13324-4,0.5,0.08949416342412451
Q8TED4-3,2.0193548387096776,0.17773992049971607
O60888-2,0.3076923076923077,0.08333333333333333
Q5VV52-3,0.22580645161290322,0.05785123966942149
O00141-5,0.5416666666666666,0.09352517985611511
Q9H7C9-2,3.869565217391304,0.36475409836065575
Q14994-4,0.5604395604395604,0.059602649006622516
Q9UNL4-8,0.06097560975609756,0.008576329331046312
Q5BJH7-2,0.16129032258064516,0.04504504504504504
Q9NUN5-2,2.1807909604519775,0.223121387283237
Q8NES3-4,1.1608391608391608,0.17436974789915966
Q12800-4,9.0,1.0
Q9BXR0-2,1.1902654867256637,0.10939406262708418
Q9H2W1-2,0.0967741935483871,0.027522935779816515
Q9HB55-6,2.6094674556213016,0.2456824512534819
O75909-2,0.12454212454212454,0.030357142857142857
Q9C0K7-2,1.1063829787234043,0.2184873949579832
Q96RK4-2,0.6666666666666666,0.2
Q8TBZ3-2,0.8,0.2222222222222222
Q8NFF5-5,0.005119453924914676,0.0005598059339428998
Q8ND76-2,2.96,0.33636363636363636
Q9NR20-5,9.333333333333334,0.8235294117647058
P46779-3,1.8571428571428572,0.26262626262626265
P40426-2,0.29896907216494845,0.0654627539503386
Q96IP4-2,,
Q96M93-2,5.909090909090909,0.48872180451127817
Q13477-4,0.034129692832764506,0.004366812227074236
Q9UHQ1-2,,
O60870-2,4.85,0.5359116022099447
P25021-2,,
Q5JXA9-2,0.4117647058823529,0.050021017234131986
Q9Y2B0-2,0.9292035398230089,0.10747185261003071
P18577-14,1.2984293193717278,0.12168792934249265
O14653-3,0.18867924528301888,0.024154589371980676
Q5TEU4-2,4.215686274509804,0.4079696394686907
Q9P289-2,2.051948051948052,0.21703296703296704
Q96EY5-3,0.9375,0.15463917525773196
Q9Y5K3-3,0.15789473684210525,0.04225352112676056
P43115-2,0.7741935483870968,0.14814814814814814
Q96TC7-2,0.08527131782945736,0.013836477987421384
Q96MC5-2,0.6,0.13725490196078433
Q92466-5,0.921875,0.09016811003565971
Q6J4K2-2,4.196428571428571,0.376
Q9Y4P8-3,0.07211538461538461,0.0077559462254395035
Q4AE62-5,1.6551724137931034,0.17142857142857143
P45985-2,,
Q969T9-2,0.9333333333333333,0.1926605504587156
Q8TCC3-2,,
Q8N3F0-4,1.7804878048780488,0.18863049095607234
P52757-9,0.2857142857142857,0.07407407407407407
Q15109-9,1.0155038759689923,0.14971428571428572
Q8N1N0-2,2.888888888888889,0.4094488188976378
Q5SQI0-6,0.04405286343612335,0.011037527593818985
P08493-2,,
Q8N4Y2-3,0.072992700729927,0.010845986984815618
Q8WUE5-2,0.13636363636363635,0.037037037037037035
P39905-4,0.14,0.02834008097165992
Q5JPI3-2,2.5,0.7142857142857143
Q49MI3-8,0.12342569269521411,0.01264516129032258
Q12805-5,0.05136986301369863,0.007898894154818325
P11474-2,7.0,1.0
Q9NYZ2-4,1.205298013245033,0.1344165435745938
O94772-2,,
Q15561-3,1.1395348837209303,0.17437722419928825
Q68D91-2,1.0634920634920635,0.10151515151515152
Q8N5Y8-2,2.4521739130434783,0.2630597014925373
Q92851-6,0.06761565836298933,0.008322382829610162
Q8IYS5-5,8.166666666666666,0.7538461538461538
P10600-2,0.5339805825242718,0.06478209658421673
Q9H5V9-2,1.7346938775510203,0.2478134110787172
O75461-2,0.3466666666666667,0.0755813953488372
P12318-2,5.0,1.0
Q4VXA5-2,0.1917808219178082,0.02766798418972332
Q7Z6J9-2,0.10540540540540541,0.01609574907139909
P54219-2,1.4197530864197532,0.19793459552495696
Q3KNT9-2,7.0,1.0
Q14790-9,,
Q13163-4,1.4545454545454546,0.1951219512195122
Q96H22-3,3.111111111111111,0.3888888888888889
Q8NEF3-2,,
Q9NYP7-2,,
P46779-2,1.7241379310344827,0.25
Q8TEB7-2,1.4875,0.16666666666666666
Q8N2G4-2,,
Q9UMX9-4,2.9054054054054053,0.29492455418381347
Q9UBP9-2,0.543859649122807,0.08136482939632546
Q96B86-4,1.3333333333333333,0.5
P28799-2,0.6838709677419355,0.08294209702660407
Q9Y6V7-2,0.006224066390041493,0.0006411626415900834
Q9NQX7-2,0.2765957446808511,0.04126984126984127
Q14296-4,0.7647058823529411,0.16049382716049382
O95456-2,5.428571428571429,0.49137931034482757
Q9Y4P1-2,0.01020408163265306,0.0010793308148947653
P30511-3,1.0,1.0
Q9UHJ9-5,0.8563218390804598,0.08821788040260509
Q99496-2,1.2083333333333333,0.1518324607329843
O00142-4,2.8333333333333335,0.32903225806451614
Q99706-5,0.2571428571428571,0.03829787234042553
Q15406-4,4.0,1.0
Q9H3H1-4,3.1923076923076925,0.304029304029304
Q8TC21-2,0.6428571428571429,0.08670520231213873
P43686-2,0.6451612903225806,0.08064516129032258
Q9NPH3-5,1.0081967213114753,0.11357340720221606
Q3KQZ1-3,2.888888888888889,0.28888888888888886
Q99259-4,1.6515837104072397,0.15931907463989525
P0C7I6-7,1.0,0.29411764705882354
Q9HAJ7-2,1.8695652173913044,0.2866666666666667
Q9H2U2-4,1.5568862275449102,0.15133876600698487
Q9H169-4,0.05263157894736842,0.007518796992481203
P10909-5,,
P78346-2,0.6666666666666666,0.3333333333333333
Q6UVW9-2,3.918918918918919,0.4131054131054131
Q9BZ67-3,2.588235294117647,0.2875816993464052
Q9BWV3-4,0.5052631578947369,0.05263157894736842
Q07866-8,1.21875,0.2422360248447205
Q9UGM5-2,5.72972972972973,0.5145631067961165
O96017-5,0.1565217391304348,0.01756668835393624
P54710-2,0.7142857142857143,0.18518518518518517
A2RRL7-2,0.56,0.1320754716981132
O15530-3,3.4615384615384617,0.3515625
Q8NHP6-2,0.8888888888888888,0.0958904109589041
O15519-14,2.2444444444444445,0.25569620253164554
Q6P2M8-2,10.0,1.0
Q9UKB3-2,0.09090909090909091,0.023746701846965697
Q92185-2,0.6331877729257642,0.062151735962280324
Q15185-2,3.1515151515151514,0.3795620437956204
Q6KCM7-2,0.6078431372549019,0.07808564231738035
Q96L15-2,2.694736842105263,0.2807017543859649
Q8NHS3-2,0.0038684719535783366,0.0003832886163280951
Q9BVX2-2,4.473684210526316,0.5214723926380368
Q96MZ0-4,,
Q9Y6M1-6,0.5294117647058824,0.05660377358490566
Q8TBX8-3,2.9444444444444446,0.3464052287581699
Q5TBB1-2,0.06153846153846154,0.013071895424836602
P21781-2,1.1414141414141414,0.11661506707946337
Q8WWU5-5,0.34782608695652173,0.08602150537634409
Q96MU8-2,0.03160270880361174,0.0038503850385038503
Q8N5A5-3,0.20689655172413793,0.058823529411764705
P37840-2,0.2857142857142857,0.06666666666666667
Q9H0B8-2,2.9516129032258065,0.28110599078341014
Q9UL41-2,0.7857142857142857,0.10891089108910891
P52757-5,0.3564356435643564,0.04160246533127889
Q9GZX9-2,0.18791946308724833,0.02254428341384863
Q9Y6N9-4,5.421052631578948,0.544973544973545
Q5SYC1-2,1.2808219178082192,0.13104414856341975
Q6P087-2,7.466666666666667,0.6588235294117647
Q96A99-2,0.26666666666666666,0.0392156862745098
P10082-2,0.5714285714285714,0.15384615384615385
Q5T4I8-2,0.05747126436781609,0.01278772378516624
Q96EY5-2,2.65,0.3706293706293706
A6NNP5-5,0.08823529411764706,0.012211668928086838
P54284-2,0.15555555555555556,0.035175879396984924
Q9H0C5-2,1.3307692307692307,0.12748710390567428
Q9HC16-3,0.37423312883435583,0.03838892385147892
Q9UNL4-7,1.3333333333333333,0.4
Q6P1R3-2,0.05217391304347826,0.008344923504867872
Q8TBF2-7,1.6222222222222222,0.18717948717948718
Q6P1Q0-7,,
Q9H9P2-2,2.0,0.2949640287769784
Q86VF5-2,1.8305084745762712,0.19320214669051877
Q96LA5-3,0.0039447731755424065,0.00047664442326024784
Q8WWU5-7,,
O75426-2,0.08213552361396304,0.008764241893076249
Q9P287-3,4.5,0.44554455445544555
Q9Y2Q5-2,2.6470588235294117,0.2903225806451613
Q13183-2,1.24,0.12449799196787148
P34969-3,0.3617021276595745,0.06007067137809187
Q14508-2,0.273972602739726,0.034013605442176874
Q9UBI4-6,1.7464788732394365,0.2206405693950178
P57727-6,,
Q99640-2,0.08333333333333333,0.02512562814070352
Q8WV60-3,1.009090909090909,0.10009017132551848
Q9H7Z6-2,1.4285714285714286,0.22388059701492538
Q15526-2,9.916666666666666,0.7579617834394905
Q9HAP6-2,2.1714285714285713,0.23030303030303031
Q0D2I5-2,0.016666666666666666,0.002785515320334262
O43508-2,2.072289156626506,0.2123456790123457
P43630-2,1.588235294117647,0.2903225806451613
Q9NS61-3,0.44,0.09243697478991597
Q9UNL4-4,1.25,0.38461538461538464
Q9BYE2-2,0.7037037037037037,0.14285714285714285
Q16671-2,0.9444444444444444,0.14107883817427386
Q9H6Q3-3,0.14814814814814814,0.043478260869565216
Q92993-4,0.6923076923076923,0.10410094637223975
Q9H8W5-2,5.5,0.5789473684210527
P09455-2,0.022388059701492536,0.00247320692497939
Q9NZJ7-2,1.1764705882352942,0.20833333333333334
Q6ZNE5-2,0.09734513274336283,0.015736766809728183
Q86VW2-2,0.39622641509433965,0.07608695652173914
Q6P9G9-3,0.04,0.0058997050147492625
Q7Z2E3-13,0.0028169014084507044,0.00032862306933946765
P56378-2,,
Q9H5N1-2,0.1111111111111111,0.014814814814814815
O43189-2,0.3073394495412844,0.06549364613880743
Q5R372-4,0.5333333333333333,0.09523809523809523
P41227-2,2.6875,0.3006993006993007
P06241-3,3.3454545454545452,0.3865546218487395
O95069-2,0.26666666666666666,0.08333333333333333
P41235-6,0.00936768149882904,0.0011487650775416428
Q8NDX2-2,3.26,0.31773879142300193
Q14790-4,0.4583333333333333,0.053268765133171914
O00421-2,,
P42771-4,0.5,0.2
Q8WZA0-2,,
Q8NEJ9-2,0.6,0.17647058823529413
Q8TBF5-2,,
Q49A26-3,5.333333333333333,0.5333333333333333
P19878-3,1.6888888888888889,0.16033755274261605
P21554-2,0.23863636363636365,0.04740406320541761
Q7Z5L0-3,2.4095238095238094,0.22813345356176737
Q9NRA1-3,0.4607329842931937,0.058981233243967826
Q9BZ67-2,2.607142857142857,0.2744360902255639
Q16625-5,0.015527950310559006,0.0020964360587002098
Q9NNX6-4,0.6694915254237288,0.06972639011473963
Q59EK9-4,0.036585365853658534,0.010101010101010102
O14931-5,1.1911764705882353,0.1569767441860465
Q96QS1-5,0.5585585585585585,0.11654135338345864
Q96MD7-1,0.4507042253521127,0.06639004149377593
P24522-2,3.4857142857142858,0.3333333333333333
Q7Z419-2,0.1926605504587156,0.02367531003382187
Q8TAV0-4,0.271523178807947,0.03785780240073869
Q9UHD8-3,0.08536585365853659,0.023411371237458192
Q96MI6-2,1.6391752577319587,0.17115177610333693
Q9H0A6-2,3.0,0.3118279569892473
Q6DN72-4,0.06097560975609756,0.008064516129032258
P17181-3,1.4848484848484849,0.20164609053497942
Q9UMS0-2,0.7092198581560284,0.0946969696969697
Q86Y07-3,3.4347826086956523,0.45664739884393063
Q5VX71-3,0.07228915662650602,0.01226158038147139
P43629-2,0.5368421052631579,0.05647840531561462
A6NDA9-2,,
Q14CZ8-2,0.024193548387096774,0.0069605568445475635
O43316-2,0.03571428571428571,0.01020408163265306
Q92952-2,,
Q8N423-4,0.013824884792626729,0.0014402304368698992
Q9UJ41-4,,
Q9UNL4-6,3.0,1.0
P68402-4,1.2747252747252746,0.1457286432160804
Q8IYM1-2,3.260869565217391,0.3440366972477064
Q9H3F6-2,2.9565217391304346,0.30357142857142855
Q9NVH6-3,4.247191011235955,0.4190687361419069
Q93038-3,0.1016949152542373,0.015424164524421594
P49768-6,0.22413793103448276,0.03768115942028986
P46976-3,0.8843537414965986,0.11206896551724138
Q96DL1-3,0.7051792828685259,0.06758304696449026
P46095-2,,
Q93062-4,0.03125,0.009523809523809525
Q9UMR2-4,1.5,0.1935483870967742
Q8TB37-2,1.727891156462585,0.16472114137483787
Q5TDH0-2,0.05319148936170213,0.0059594755661501785
P62508-4,0.19487179487179487,0.03125
Q9BWF3-2,0.25663716814159293,0.04873949579831933
P34969-2,0.3617021276595745,0.06007067137809187
Q86UT5-2,0.49038461538461536,0.11943793911007025
Q9P0W2-3,1.0,0.12121212121212122
P48551-2,0.02127659574468085,0.006002400960384154
P15812-10,0.04336043360433604,0.00506649778340722
Q9UEW8-2,0.2631578947368421,0.08196721311475409
Q8NDF8-4,0.9902439024390244,0.17306052855924978
Q8IYX8-2,0.19444444444444445,0.042682926829268296
P55210-3,,
Q8N2K1-3,,
P35372-11,0.8333333333333334,0.1388888888888889
Q13163-2,5.0,0.5555555555555556
Q8WVN8-3,1.5423728813559323,0.16883116883116883
Q9UNL4-5,1.25,0.38461538461538464
Q8N2G8-3,3.282051282051282,0.35555555555555557
Q9NP72-2,,
Q969G3-5,0.007614213197969543,0.0011641443538998836
Q96A33-2,0.5384615384615384,0.06930693069306931
Q9UNZ2-4,0.7096774193548387,0.11827956989247312
O14713-2,2.5,0.25252525252525254
Q12926-2,1.2307692307692308,0.27586206896551724
Q9BWP8-10,,
Q68DY1-3,0.00663716814159292,0.0009205277692543725
O15244-2,2.4806201550387597,0.25559105431309903
P40424-2,0.28865979381443296,0.06363636363636363
Q9NXW2-2,2.0,0.28
P14136-2,0.047619047619047616,0.009009009009009009
Q9NXR1-1,0.16666666666666666,0.046153846153846156
P41586-3,1.0476190476190477,0.20754716981132076
Q03060-8,0.005813953488372093,0.0010649627263045794
Q63ZE4-2,0.007407407407407408,0.0007135212272565109
Q96C03-3,,
Q8TCJ0-2,1.5555555555555556,0.23333333333333334
P10415-2,1.8181818181818181,0.2222222222222222
Q86XS8-2,0.4722222222222222,0.060498220640569395
Q9UJQ1-2,3.4545454545454546,0.34234234234234234
Q2TBF2-2,,
Q9Y5K3-4,0.15789473684210525,0.04225352112676056
Q9Y5N1-5,0.7226890756302521,0.12112676056338029
Q8IXQ4-3,0.07058823529411765,0.016713091922005572
Q13163-3,1.58,0.18457943925233644
O95859-2,0.864406779661017,0.09306569343065693
Q8N2F6-5,0.352112676056338,0.038560411311053984
Q9BYG7-6,2.4423076923076925,0.2391713747645951
Q53GI3-3,0.009779951100244499,0.0015772870662460567
Q8TB61-4,0.8739495798319328,0.11659192825112108
Q9BYW1-2,0.00808080808080808,0.0007415647015202076
P32780-2,0.1206896551724138,0.013671875
Q96HS1-2,2.9591836734693877,0.3039832285115304
Q03060-10,0.030303030303030304,0.005847953216374269
Q9Y6M1-3,0.17721518987341772,0.019337016574585635
Q96DZ1-2,1.1666666666666667,0.1926605504587156
P13805-3,1.4375,0.25274725274725274
Q5EBL4-3,0.28289473684210525,0.034262948207171316
Q15825-2,7.4,0.6491228070175439
Q12974-2,1.2596153846153846,0.13139418254764293
Q8N2I9-4,,
O00330-2,1.2555066079295154,0.17096580683863227
P04637-2,0.14516129032258066,0.02654867256637168
O75525-2,0.03896103896103896,0.010752688172043012
Q9UNL4-2,2.5,0.7142857142857143
Q96Q35-2,0.6086956521739131,0.08045977011494253
P35348-5,0.7251461988304093,0.10896309314586995
Q96ER9-2,0.4954128440366973,0.07563025210084033
Q9UJA5-3,0.961038961038961,0.11419753086419752
Q9UM44-2,1.2523364485981308,0.16461916461916462
Q96EX2-3,0.009029345372460496,0.001177856301531213
P35372-8,0.8333333333333334,0.1388888888888889
Q9BPY8-3,,
Q8N4A0-2,0.9896551724137931,0.10312612288896873
Q6PIY7-2,3.0,0.6666666666666666
Q9NWZ5-3,1.2024539877300613,0.11529411764705882
Q9NVF7-2,0.40816326530612246,0.05952380952380952
Q9BXY4-2,1.2857142857142858,0.3333333333333333
Q9H228-2,0.7027027027027027,0.10466988727858294
P04637-3,0.14516129032258066,0.02654867256637168
Q8TCF1-3,8.0,0.7368421052631579
Q9P0I2-2,1.0714285714285714,0.16129032258064516
O00482-3,0.7034883720930233,0.11758989310009718
Q6ZN54-6,0.2146341463414634,0.027672955974842768
Q13190-2,0.07407407407407407,0.02127659574468085
Q9Y2Z9-2,0.06739130434782609,0.0068116897385190065
Q8N8R3-3,2.106060606060606,0.20715350223546944
P18577-3,0.9251968503937008,0.0865561694290976
Q6N075-2,,
Q9GZP0-2,2.3333333333333335,0.4375
Q3YBR2-3,0.8482142857142857,0.13067400275103164
Q7Z6B0-2,0.11428571428571428,0.028985507246376812
Q9NZC2-2,0.07246376811594203,0.013054830287206266
Q9UN19-2,0.9523809523809523,0.13157894736842105
Q9BRP8-2,0.2727272727272727,0.07692307692307693
Q9UK58-5,0.3956043956043956,0.06349206349206349
P52757-7,0.3803191489361702,0.043033403551008126
O75575-2,1.0303030303030303,0.13934426229508196
P78329-2,0.0019267822736030828,0.00019391118867558658
Q4AE62-2,2.4941176470588236,0.24537037037037038
P52798-3,0.1111111111111111,0.0205761316872428
Q68G75-4,0.02654867256637168,0.0056925996204933585
Q8N7B6-2,2.740740740740741,0.2824427480916031
Q96KP6-2,0.006172839506172839,0.0009082652134423251
Q9H1B4-5,0.17678100263852242,0.021022905553812362
O60828-7,0.059880239520958084,0.009487666034155597
O00499-8,0.4416961130742049,0.07896399241945673
Q9UQ07-6,5.0,1.0
P47902-2,0.05185185185185185,0.01364522417153996
Q9UNL4-3,2.12,0.23348017621145375
P06748-2,0.20689655172413793,0.057692307692307696
Q86UA6-8,5.333333333333333,0.6153846153846154
P21741-2,0.35714285714285715,0.050505050505050504
Q14318-3,0.6352201257861635,0.062384187770228534
Q01344-5,0.2631578947368421,0.02734957732471407
Q5H913-2,0.9523809523809523,0.21505376344086022
Q99784-4,0.008264462809917356,0.0009195402298850574
O15264-2,1.4968944099378882,0.1677105080027836
Q17RN3-2,0.17355371900826447,0.022900763358778626
Q86XR8-2,1.1153846153846154,0.2
P10747-5,0.56353591160221,0.07083333333333333
Q86U70-3,0.004878048780487805,0.0007246376811594203
O14662-3,0.03355704697986577,0.004038772213247173
Q6ZS27-2,0.1111111111111111,0.022641509433962263
Q9BQI0-2,,
Q8TE02-2,0.05714285714285714,0.010582010582010581
O60664-2,0.04371584699453552,0.0061633281972265025
Q9HA72-2,0.3333333333333333,0.04307116104868914
Q5TBK1-2,1.1261261261261262,0.17099863201094392
O14733-3,4.0,1.0
Q86SX3-4,0.3614864864864865,0.04471374843292938
Q9UBL9-4,,
Q29983-2,1.21875,0.1248665955176094
Q9NYG8-2,,
Q08209-4,1.103448275862069,0.09846153846153846
Q2MV58-6,0.0017064846416382253,0.0002105706464518846
Q07866-3,3.111111111111111,0.4827586206896552
Q16651-2,3.6481481481481484,0.34991119005328597
Q6ZMB0-2,0.39661016949152544,0.04271631982475356
Q6ZSG1-2,0.046875,0.010962241169305725
Q9BX59-7,0.13157894736842105,0.03759398496240601
Q7L513-5,0.2357142857142857,0.03176130895091434
Q9HCN4-3,2.087378640776699,0.21871820956256358
O75787-2,4.28125,0.4241486068111455
Q9UKP3-2,3.263157894736842,0.37349397590361444
Q8TC44-2,4.357142857142857,0.4168564920273349
Q9C0K1-2,1.352112676056338,0.1643835616438356
Q9HBI1-2,0.3055555555555556,0.05365853658536585
Q2MKA7-2,0.1935483870967742,0.03260869565217391
Q92552-2,,
A6NEM1-2,0.0759493670886076,0.012422360248447204
P52797-2,0.7037037037037037,0.152
P30988-1,,
Q86VZ4-2,0.016891891891891893,0.0024449877750611247
Q969N2-3,0.8710462287104623,0.087573385518591
Q9HBU1-2,0.12987012987012986,0.031446540880503145
P78381-5,0.0273224043715847,0.0028669724770642203
P41586-5,1.9298245614035088,0.2558139534883721
O95069-3,0.26666666666666666,0.08333333333333333
Q9NSI2-2,0.3333333333333333,0.08771929824561403
Q8N6U8-2,0.12598425196850394,0.020618556701030927
O43852-2,2.0952380952380953,0.22073578595317725
Q03923-2,1.303030303030303,0.19282511210762332
Q9BY76-2,1.6153846153846154,0.17847025495750707
Q00765-2,0.7777777777777778,0.09302325581395349
Q9Y6J8-3,2.0625,0.19434628975265017
Q96HR9-2,0.48148148148148145,0.09090909090909091
Q01196-3,0.014150943396226415,0.003973509933774834
Q92844-2,0.006349206349206349,0.0013315579227696406
Q9NQ25-3,0.3333333333333333,0.06046511627906977
Q6NSZ9-4,0.028985507246376812,0.004754358161648178
Q14451-3,,
Q969K7-2,4.5,0.40540540540540543
Q7LG56-6,0.8,0.17142857142857143
Q9BZW8-3,0.06967213114754098,0.010065127294256957
Q9BZG1-4,6.590909090909091,0.5598455598455598
Q13324-2,0.8787878787878788,0.11740890688259109
Q92466-4,2.921875,0.2795216741405082
Q86XE0-2,0.7409638554216867,0.07468123861566485
Q8N144-2,0.10204081632653061,0.026737967914438502
Q86UD5-2,1.9152542372881356,0.18739635157545606
P38117-2,7.333333333333333,0.66
Q92851-4,0.9591836734693877,0.16725978647686832
P24864-2,4.3023255813953485,0.3592233009708738
Q9Y272-2,1.010752688172043,0.11338962605548854
Q9Y275-2,5.578947368421052,0.6162790697674418
Q96DI7-2,7.266666666666667,0.615819209039548
P41235-5,0.4864864864864865,0.10344827586206896
Q18PE1-4,0.36363636363636365,0.07334963325183375
Q49MI3-9,2.466666666666667,0.25517241379310346
Q8TBX8-2,2.5416666666666665,0.2675438596491228
Q0D2I5-6,0.028953229398663696,0.0048525569242254575
P52741-2,0.3,0.056133056133056136
P61244-6,0.20388349514563106,0.03215926493108729
P43307-2,2.5925925925925926,0.40229885057471265
Q7RTX9-2,1.396551724137931,0.1271585557299843
Q8N1N4-2,0.09523809523809523,0.020338983050847456
P35372-2,0.8333333333333334,0.1388888888888889
Q96NG5-2,0.5492957746478874,0.08843537414965986
P61812-2,3.0,1.0
P10966-6,3.0,0.6
Q6UY27-2,3.395348837209302,0.3686868686868687
P24001-3,1.2857142857142858,0.14754098360655737
Q9GZV1-2,3.484848484848485,0.3168044077134986
Q8IZ96-15,0.09154929577464789,0.01117798796216681
P13631-4,0.5181818181818182,0.09947643979057591
O00451-2,0.6616541353383458,0.07482993197278912
P13646-3,0.23809523809523808,0.0625
P47869-2,0.23011363636363635,0.025007718431614697
Q9BYE2-6,0.7037037037037037,0.14285714285714285
Q9UIL8-2,0.8717948717948718,0.19767441860465115
Q16560-2,,
Q96DZ9-2,0.2835820895522388,0.054441260744985676
Q9H2L5-3,2.2857142857142856,0.2564102564102564
Q5JS13-7,0.12796208530805686,0.01845522898154477
O14662-5,5.25,0.6363636363636364
P41162-2,0.015873015873015872,0.003865979381443299
Q13561-3,,
Q06265-2,,
Q96CP7-2,1.9375,0.20462046204620463
Q13555-6,0.6829268292682927,0.16279069767441862
Q9NQS3-3,0.01651376146788991,0.0022371364653243847
P23443-4,0.4230769230769231,0.0990990990990991
P24046-2,0.35294117647058826,0.10714285714285714
Q9Y5U5-3,1.75,0.30434782608695654
O43291-2,0.7192982456140351,0.07635009310986965
P0CAP1-11,0.09375,0.017543859649122806
Q86UT5-3,0.8345070422535211,0.10604026845637583
Q9BVP2-2,0.5833333333333334,0.14285714285714285
P26378-5,0.01090909090909091,0.0014612761811982464
Q8N983-6,0.05084745762711865,0.01276595744680851
Q8TC71-2,0.6060606060606061,0.07575757575757576
Q9NR21-5,2.0095238095238095,0.20585365853658535
Q8N4Y2-2,0.005025125628140704,0.0006939625260235947
Q9BYE2-3,0.006880733944954129,0.0007192519779429394
Q8IUK5-3,0.9058823529411765,0.1425925925925926
Q8IZJ6-3,0.6044776119402985,0.0627420604182804
P30040-2,0.26291079812206575,0.028056112224448898
Q5T7P8-2,0.058823529411764705,0.008431703204047217
Q86W74-1,0.75,0.17647058823529413
O43678-2,2.7241379310344827,0.30038022813688214
Q6PP77-2,0.5588235294117647,0.06038135593220339
Q96LA6-2,4.0,1.0
O75192-2,2.65625,0.2698412698412698
Q8WWY3-4,0.14864864864864866,0.025056947608200455
Q92844-3,0.006349206349206349,0.0013315579227696406
Q8NEP7-2,1.5583333333333333,0.14736012608353033
Q9H1B4-4,0.17678100263852242,0.021022905553812362
P35348-7,0.7251461988304093,0.10896309314586995
Q8N0S6-2,,
Q9Y6Y9-2,3.3548387096774195,0.36879432624113473
P08138-2,0.7127659574468085,0.0953058321479374
Q7L513-4,0.21739130434782608,0.029239766081871343
O60260-8,1.56,0.17410714285714285
P50539-2,0.19444444444444445,0.028112449799196786
Q96GJ1-2,4.048780487804878,0.38073394495412843
Q9UBF6-4,2.0,0.23529411764705882
Q96GE6-3,0.2608695652173913,0.03529411764705882
Q13286-3,5.826086956521739,0.4557823129251701
Q8WVP7-3,6.0,1.0
Q9BXI6-2,,
P43115-9,0.7741935483870968,0.14814814814814814
Q86XW9-2,0.009146341463414634,0.0010567101091933778
Q9H3S4-2,0.012396694214876033,0.0012259910093992644
Q9BQA5-2,0.4485294117647059,0.08652482269503546
Q86XR8-5,0.35714285714285715,0.09090909090909091
Q9Y5W9-2,0.46153846153846156,0.11538461538461539
P82650-2,0.0165016501650165,0.001864975755315181
A8MVW5-3,,
Q8TDM0-3,0.0625,0.01639344262295082
P10966-9,0.06666666666666667,0.008955223880597015
Q8TDQ1-5,0.07801418439716312,0.015918958031837915
P0CAP1-9,0.027855153203342618,0.0037369207772795215
P78369-3,2.0555555555555554,0.22492401215805471
P23760-2,0.035211267605633804,0.007407407407407408
Q86XR8-4,0.004008016032064128,0.0005941770647653001
Q14653-3,0.6165644171779141,0.07458256029684601
Q9UIB8-2,1.8333333333333333,0.4074074074074074
Q9NVF9-2,2.2083333333333335,0.22268907563025211
Q5SQI0-5,0.08163265306122448,0.020202020202020204
Q86WD7-2,1.5555555555555556,0.1668757841907152
Q9NSU2-1,,
Q8TBZ3-7,,
O75569-2,0.35,0.08860759493670886
Q8N682-2,1.3727272727272728,0.13257243195785778
Q15286-2,1.5119047619047619,0.16776750330250992
Q96EV8-3,0.20987654320987653,0.029462738301559793
Q86SQ3-2,0.008988764044943821,0.0009857072449482504
Q9P0N8-2,0.45714285714285713,0.05517241379310345
Q9BRK3-3,0.75,0.10526315789473684
Q96IY1-2,0.06956521739130435,0.012012012012012012
P0CAP1-4,0.7142857142857143,0.08928571428571429
Q7Z2H8-4,2.0553191489361704,0.19515151515151516
Q8TBN0-2,0.05045871559633028,0.00844205679201842
Q8NBW4-3,1.4928774928774928,0.1760752688172043
P40259-3,,
Q14542-3,0.9401197604790419,0.08612177729018101
O00124-3,0.4594594594594595,0.060498220640569395
A5X5Y0-4,2.152173913043478,0.25384615384615383
O43679-3,0.037162162162162164,0.004731182795698925
Q8NHP1-3,0.7716049382716049,0.07525586995785671
Q8N5A5-2,0.3,0.08571428571428572
Q2MKA7-3,0.23809523809523808,0.031055900621118012
Q49A26-4,0.7391304347826086,0.08265802269043761
P49759-3,,
Q14802-5,0.34545454545454546,0.054441260744985676
Q9UBM1-3,0.020202020202020204,0.0020161290322580645
Q96H12-2,0.022058823529411766,0.0035419126328217238
P36544-2,,
Q15717-2,,
P78380-2,0.03787878787878788,0.004108463434675432
Q8WU90-2,0.004705882352941176,0.0007012622720897616
P56545-3,0.4444444444444444,0.06451612903225806
O43776-2,0.36117936117936117,0.03655807013180801
O00482-2,0.10869565217391304,0.029940119760479042
Q96EY1-2,0.12121212121212122,0.02531645569620253
Q15555-3,0.358974358974359,0.07526881720430108
Q8N2G8-2,1.8514851485148516,0.18984771573604062
O14653-2,0.5882352941176471,0.07936507936507936
Q13491-4,0.04081632653061224,0.004205214465937763
P21754-2,0.5901639344262295,0.09230769230769231
P62995-2,0.010869565217391304,0.001878522229179712
Q9H0F6-2,0.24050632911392406,0.040169133192389
Q2QL34-2,1.2365591397849462,0.13905683192261184
Q9NR12-3,0.06790123456790123,0.009038619556285949
Q9Y5Q8-3,,
Q96H72-2,4.714285714285714,0.5789473684210527
Q86XW9-3,0.39015151515151514,0.04543449492721659
Q9NNX6-3,0.42391304347826086,0.04498269896193772
Q8IUX4-2,0.4222222222222222,0.043478260869565216
Q7Z6B0-3,0.5555555555555556,0.06944444444444445
Q96EZ8-3,0.3076923076923077,0.08695652173913043
O14737-2,0.8648648648648649,0.14035087719298245
Q13360-2,0.14375,0.026106696935300794
Q7L8J4-2,0.2833333333333333,0.07053941908713693
Q13426-2,1.6666666666666667,0.5555555555555556
Q86V25-5,2.8444444444444446,0.2612244897959184
Q14188-7,0.4338235294117647,0.09409888357256778
Q86UB2-2,0.2740740740740741,0.038448216141323176
Q6PCB0-2,0.25,0.0252501191043354
O60260-5,1.217142857142857,0.13985554826001312
Q9GZM8-2,0.1,0.02912621359223301
Q86SX3-6,0.9710144927536232,0.13987473903966596
A2A2Y4-5,1.375,0.2088607594936709
Q9Y2G2-4,0.06,0.017142857142857144
Q5SQI0-4,0.09090909090909091,0.022556390977443608
O94905-3,0.5,0.06766917293233082
Q9BUB5-2,0.4878048780487805,0.10416666666666667
P18846-2,0.2074074074074074,0.035897435897435895
Q8NBB4-2,0.06666666666666667,0.011606597434331093
Q6YP21-2,1.0066006600660067,0.09404872032069071
Q8N531-2,7.0,0.6
Q68D86-2,0.2857142857142857,0.037037037037037035
Q8N2F6-3,2.135593220338983,0.20521172638436483
Q8TE02-3,1.196319018404908,0.16595744680851063
Q9NRW7-2,0.01584507042253521,0.0015825567082820467
Q6ZVK1-2,1.4915254237288136,0.1685823754789272
Q9Y3V2-4,1.967032967032967,0.2201722017220172
P49458-2,1.794871794871795,0.2413793103448276
O75023-3,,
P49238-2,,
Q86XR7-2,0.15789473684210525,0.0410958904109589
Q5T5S1-4,0.0075046904315197,0.0010131712259371835
Q9BUV8-2,1.35,0.16981132075471697
O60711-2,4.0,0.6666666666666666
Q9Y5N1-2,,
Q9NZC2-3,0.07246376811594203,0.013054830287206266
Q96K21-4,0.10285714285714286,0.01675977653631285
Q86UD7-2,1.3582089552238805,0.18609406952965235
P43115-5,0.7741935483870968,0.14814814814814814
Q5T124-8,0.16,0.04054054054054054
O60493-3,1.2236842105263157,0.14599686028257458
Q96P71-3,0.04524886877828054,0.006459948320413436
Q9BW11-3,0.05263157894736842,0.012048192771084338
P26378-4,0.01824817518248175,0.002440214738897023
O75023-2,0.11392405063291139,0.011787819253438114
Q9UMX9-2,0.7026239067055393,0.07217729859239293
Q1ZYL8-3,0.5779816513761468,0.06737967914438503
Q9H875-2,0.016483516483516484,0.0027100271002710027
Q8TB61-2,5.05,0.4122448979591837
Q14541-2,,
Q9Y228-2,0.3,0.08571428571428572
Q9BSG1-4,0.868421052631579,0.15639810426540285
Q8TCT9-2,,
Q5JS13-3,0.20866141732283464,0.031604054859868815
Q9NSP4-3,0.6390977443609023,0.06513409961685823
Q07866-2,0.8260869565217391,0.18446601941747573
P62633-7,0.5882352941176471,0.1388888888888889
Q7L2K0-2,0.33532934131736525,0.059322033898305086
P27824-2,,
Q9HA92-2,0.29545454545454547,0.028669443763783387
Q9BX59-4,0.8540772532188842,0.09945027486256872
Q9BRK3-2,0.2857142857142857,0.04424778761061947
Q6ZMJ2-2,0.10909090909090909,0.01090909090909091
Q9Y6M4-2,4.0,1.0
Q96HL8-2,0.5789473684210527,0.13253012048192772
Q7Z465-2,0.12195121951219512,0.03164556962025317
Q14849-3,1.5806451612903225,0.16225165562913907
P51522-2,1.9285714285714286,0.2288135593220339
O95866-7,0.03333333333333333,0.00819672131147541
Q9H9L4-4,0.031609195402298854,0.005255613951266125
P0DN86-2,4.0,0.6666666666666666
Q13530-2,2.290909090909091,0.2413793103448276
Q96PD5-2,0.2413793103448276,0.06086956521739131
Q01196-4,0.015306122448979591,0.004341534008683068
Q8TAA9-2,3.0,0.75
Q15013-3,0.38461538461538464,0.10638297872340426
Q96KP6-3,0.006172839506172839,0.0009082652134423251
Q00013-3,4.45,0.4972067039106145
O95243-6,0.02821316614420063,0.0063875088715401
Q96GM5-2,0.9024390243902439,0.10787172011661808
Q6UWP7-2,1.8734939759036144,0.20025756600128783
Q9BX59-2,,
Q13639-8,,
A6NKF1-2,0.7831325301204819,0.08269720101781171
P10966-4,3.0,0.6
Q6GTX8-3,0.043478260869565216,0.004887585532746823
O00330-3,0.09615384615384616,0.026737967914438502
Q147U1-3,0.0037593984962406013,0.0005035246727089627
A4D1S5-2,,
Q8WV16-2,2.875,0.26436781609195403
Q5VZ03-3,1.8214285714285714,0.204
P23443-3,0.22641509433962265,0.058823529411764705
P24071-6,0.046875,0.004856988667026443
Q99871-3,0.20833333333333334,0.027472527472527472
Q8WTP8-2,0.13636363636363635,0.034482758620689655
O75908-3,0.8154761904761905,0.08765195137555983
Q8N413-2,2.880952380952381,0.28741092636579574
Q9Y535-2,5.827586206896552,0.5577557755775577
O96013-4,0.2222222222222222,0.05714285714285714
P15812-7,0.5088495575221239,0.055852355512384655
O14763-3,0.15217391304347827,0.02186523873270861
P55036-2,0.04878048780487805,0.007712082262210797
P21554-3,0.18181818181818182,0.047619047619047616
Q8IZ96-13,0.09154929577464789,0.01117798796216681
Q96F44-2,0.2430939226519337,0.026252983293556086
Q9ULW6-2,0.29577464788732394,0.05570291777188329
O75123-2,0.125,0.03355704697986577
Q9UIL1-2,0.0847457627118644,0.02242152466367713
Q86UY5-2,0.5912408759124088,0.07894736842105263
B2RUY7-2,0.4891304347826087,0.05806451612903226
Q9H2H8-2,4.375,0.4
Q70HW3-3,0.01098901098901099,0.0010968921389396709
Q5SZJ8-3,0.09090909090909091,0.016822429906542057
P21757-2,0.018691588785046728,0.001876172607879925
Q96RD7-2,1.0,0.2857142857142857
Q6UY09-5,1.0588235294117647,0.23076923076923078
Q6UX27-2,0.4375,0.056
Q6ZTN6-2,0.7584269662921348,0.0800711743772242
Q9NZL4-2,1.3883495145631068,0.13253012048192772
Q9BW71-2,0.02875399361022364,0.007159904534606206
Q9P2X0-2,,
O43581-6,,
Q969E2-2,4.352941176470588,0.37948717948717947
Q99836-3,0.2695035460992908,0.028963414634146343
Q9P0J0-2,2.5,0.7142857142857143
Q9H0Z9-2,0.025423728813559324,0.0070921985815602835
P30050-2,3.9696969696969697,0.3887240356083086
Q9NUM3-2,3.347826086956522,0.31950207468879666
Q96J88-2,1.2727272727272727,0.2413793103448276
Q6UXD7-2,11.0,1.0
Q9UIL1-3,0.14285714285714285,0.03636363636363636
Q9H410-2,0.024096385542168676,0.006802721088435374
Q9NUL5-4,3.4166666666666665,0.36936936936936937
P35372-6,0.8333333333333334,0.1388888888888889
Q9BUB4-2,2.6577181208053693,0.2512690355329949
Q8WVV9-4,0.42857142857142855,0.13043478260869565
Q96PQ1-2,0.13768115942028986,0.0159798149705635
Q5SSG8-2,,
Q14576-2,0.42857142857142855,0.14285714285714285
Q6UY09-2,0.5,0.13636363636363635
Q8IZC7-2,0.125,0.01845018450184502
Q13508-2,0.21739130434782608,0.06172839506172839
O15519-6,0.016701461377870562,0.0019305019305019305
Q02161-6,2.625,0.263768115942029
P51809-2,0.8157894736842105,0.10616438356164383
Q9Y2G2-2,0.009345794392523364,0.0011439029970258523
Q9NQ40-2,3.36231884057971,0.31693989071038253
Q9BQ51-3,0.17647058823529413,0.021686746987951807
Q9Y5Q8-2,6.6,0.66
O95866-4,0.05714285714285714,0.010948905109489052
O95388-4,0.043824701195219126,0.005615109749872384
Q9NQ25-2,0.2336448598130841,0.025746652935118436
Q9NS61-4,0.3055555555555556,0.06962025316455696
Q86VI4-2,0.054945054945054944,0.011185682326621925
Q9Y232-4,0.03763440860215054,0.007106598984771574
Q6P1K2-3,0.04878048780487805,0.006493506493506494
Q6WN34-4,0.002336448598130841,0.00034071550255536625
Q9BY43-2,,
Q53HV7-2,1.5777777777777777,0.1540130151843818
Q6GTX8-2,0.5882352941176471,0.13513513513513514
Q5JU69-2,1.2258064516129032,0.12337662337662338
Q8N6K7-3,,
P82912-3,3.212121212121212,0.39552238805970147
Q6P499-3,1.1391752577319587,0.14723517654896737
A2A2Y4-2,0.26666666666666666,0.03550295857988166
Q96FV3-2,0.3669724770642202,0.038204393505253106
Q9Y5Y5-2,2.4210526315789473,0.2804878048780488
P43115-8,0.7741935483870968,0.14814814814814814
Q9GZN1-2,0.483271375464684,0.047829286239882265
Q9UL19-2,0.23529411764705882,0.038461538461538464
Q96D53-2,3.1707317073170733,0.3282828282828283
Q96A46-2,0.8235294117647058,0.09846547314578005
Q96N28-2,4.476190476190476,0.46534653465346537
A4IF30-2,0.0880503144654088,0.0170316301703163
Q5JS54-2,,
Q8WUH1-2,14.0,1.0
Q9Y257-2,0.4701492537313433,0.05732484076433121
Q8IZ96-9,0.43820224719101125,0.053497942386831275
A6NFN9-3,4.0,1.0
Q5BJH7-6,0.21052631578947367,0.05714285714285714
Q6PHW0-6,2.783333333333333,0.3217726396917148
Q6UY11-2,0.18994413407821228,0.022516556291390728
Q9BYI3-3,0.04712041884816754,0.013177159590043924
Q14406-3,1.5903614457831325,0.18487394957983194
Q9NPA1-3,0.9047619047619048,0.11949685534591195
Q9Y6M1-4,1.25,0.1348747591522158
Q96QD5-2,1.4782608695652173,0.20238095238095238
O95990-3,,
Q9HC73-3,0.2857142857142857,0.036281179138321996
Q96LT4-2,1.7425742574257426,0.19088937093275488
Q9BR84-2,0.028446389496717725,0.003694231315714692
Q8NI32-2,,
Q12849-5,0.7469135802469136,0.15734720416124837
Q16653-12,0.06763285024154589,0.007692307692307693
Q5T4W7-3,,
Q9UBI4-3,4.0,1.0
Q9BUN8-2,4.55,0.3939393939393939
P01732-3,,
Q9ULB1-3,0.28644240570846075,0.028097190280971903
Q9BXJ1-2,,
Q9NRS6-2,0.5862068965517241,0.08186195826645265
Q9GZN2-2,0.28901734104046245,0.05482456140350877
Q8N884-2,2.0256410256410255,0.21351351351351353
Q86TI4-1,,
Q6PD74-2,0.9908256880733946,0.10325047801147227
P18847-4,0.017857142857142856,0.0026200873362445414
P31483-2,1.3333333333333333,0.2962962962962963
P08621-2,0.6666666666666666,0.17647058823529413
Q8N2Z9-2,0.5217391304347826,0.07547169811320754
Q5T5M9-3,,
Q9BXY5-3,0.42857142857142855,0.06912442396313365
Q07866-7,1.21875,0.2422360248447205
P62508-5,0.11587982832618025,0.01946647440519106
Q03060-29,0.030303030303030304,0.005847953216374269
Q9H3U5-5,2.8440366972477062,0.29523809523809524
O95990-2,0.2571428571428571,0.03829787234042553
Q6UWZ7-2,1.165137614678899,0.13052415210688592
Q13491-3,,
Q9GZU3-4,0.7587939698492462,0.1026512576478586
Q13190-3,0.002824858757062147,0.00038153376573826786
P0DPB3-4,0.04365079365079365,0.010367577756833177
Q8TAX9-6,0.8888888888888888,0.2222222222222222
P0CAP2-2,0.3184713375796178,0.06281407035175879
Q9NZS2-4,0.058823529411764705,0.007530120481927711
Q9HBU9-2,0.03571428571428571,0.009900990099009901
Q96PU9-3,0.3617021276595745,0.0735930735930736
Q93038-4,0.055299539170506916,0.00847457627118644
Q9P0V9-2,0.6,0.2
O15519-9,0.03597122302158273,0.004240882103477523
Q99816-2,1.1523809523809523,0.12334352701325178
Q8WVD3-2,1.0319148936170213,0.12916111850865514
Q9NTX5-5,0.022950819672131147,0.0022661055357720947
Q7L513-14,0.15151515151515152,0.02034174125305126
P31483-3,0.010416666666666666,0.0016260162601626016
Q86Y07-4,0.8050847457627118,0.08581752484191509
P78310-7,3.619047619047619,0.38
Q9UIB8-7,0.02734375,0.003227293683725219
Q8WWB5-2,2.909090909090909,0.29906542056074764
Q9NWD8-2,2.260869565217391,0.29017857142857145
Q5BJH7-3,1.6666666666666667,0.45454545454545453
O15392-3,0.7536231884057971,0.0931899641577061
O75461-3,0.11428571428571428,0.03125
Q9UQB8-3,0.1,0.02531645569620253
P26378-2,0.01090909090909091,0.0014612761811982464
Q96LW4-2,4.0,1.0
O15527-5,1.2291666666666667,0.13378684807256236
O60828-5,0.43,0.06332842415316642
Q8NG50-2,5.129032258064516,0.5389830508474577
Q5BN46-2,0.3225806451612903,0.06289308176100629
Q6NT04-2,0.9111111111111111,0.1583011583011583
Q9H3Z4-2,0.2647058823529412,0.07317073170731707
Q92915-2,0.30158730158730157,0.05846153846153846
Q9Y3V2-2,1.7236842105263157,0.2006125574272588
Q99640-3,0.3333333333333333,0.12
O15488-4,0.07042253521126761,0.02040816326530612
Q9Y2C4-2,0.00546448087431694,0.0006406149903907751
Q06265-3,3.1547619047619047,0.33672172808132145
Q8WU68-3,2.58974358974359,0.2910662824207493
Q8N413-4,2.4583333333333335,0.27699530516431925
O75346-2,0.06578947368421052,0.008849557522123894
Q9H040-3,0.2643979057591623,0.04678091709124595
Q8NCR3-2,0.03496503496503497,0.004784688995215311
Q13561-2,,
Q13133-2,2.6333333333333333,0.25901639344262295
Q8IY95-2,0.75,0.2
Q9NXF8-2,,
P13646-2,0.007614213197969543,0.001095290251916758
Q8TCX1-5,0.5368852459016393,0.057430951337132836
P24530-2,0.38636363636363635,0.05362776025236593
Q7L5Y1-3,0.5197889182058048,0.04734438836818072
Q9BZJ4-2,0.6666666666666666,0.15789473684210525
Q9UHK6-4,0.9362549800796812,0.10221835580687255
Q99836-6,,
P36896-3,1.7261904761904763,0.19053876478318002
Q6UX01-5,2.094488188976378,0.224283305227656
Q15776-2,0.02288329519450801,0.003238341968911917
P25189-2,,
O75387-2,1.8297872340425532,0.215
Q96AQ7-2,0.8378378378378378,0.12062256809338522
Q9NTX5-4,0.013071895424836602,0.001292824822236587
P04070-2,0.19696969696969696,0.026156941649899398
Q96AJ1-2,0.10843373493975904,0.01282051282051282
Q5R372-3,,
Q8WZ73-3,0.36792452830188677,0.05439330543933055
Q9NPA1-2,0.9047619047619048,0.11949685534591195
A4GXA9-2,0.783068783068783,0.0985352862849534
P25445-6,0.8095238095238095,0.11724137931034483
Q70Z53-2,0.175,0.03167420814479638
O00744-2,1.0045871559633028,0.11508145034156594
O95866-6,0.04918032786885246,0.012145748987854251
P49682-2,1.3333333333333333,0.4
Q9HD47-3,2.9705882352941178,0.321656050955414
O95297-2,11.0,1.0
P07510-2,4.264150943396227,0.4139194139194139
Q13946-3,1.373134328358209,0.15081967213114755
Q9BY41-6,0.4161490683229814,0.037767756482525366
Q8WYQ4-2,0.8307692307692308,0.1377551020408163
O15519-7,0.016701461377870562,0.0019305019305019305
Q7Z4N8-3,5.290909090909091,0.4809917355371901
P26436-11,0.75,0.14935064935064934
Q96IK1-2,1.0634920634920635,0.14046121593291405
Q6ZMJ2-4,0.08888888888888889,0.01017293997965412
P48546-3,3.1944444444444446,0.3560371517027864
O75586-2,,
Q3KQZ1-2,2.40625,0.24600638977635783
Q9HC21-2,2.280701754385965,0.22807017543859648
P61960-2,3.4210526315789473,0.38461538461538464
Q6UX07-3,2.4444444444444446,0.21568627450980393
Q8N6K7-2,0.1456953642384106,0.016832440703902066
P35372-4,0.8333333333333334,0.1388888888888889
Q5HYJ3-2,0.07339449541284404,0.010498687664041995
Q9NR28-3,2.522727272727273,0.25995316159250587
O43148-2,8.5,0.7285714285714285
Q8IZ96-14,0.09154929577464789,0.01117798796216681
O14733-4,,
P54284-3,0.35714285714285715,0.10204081632653061
O00322-2,3.261904761904762,0.3051224944320713
Q9BWU1-2,1.4333333333333333,0.16929133858267717
P09496-5,0.11016949152542373,0.015312131919905771
Q9BXJ2-2,,
Q9UNP9-3,4.636363636363637,0.504950495049505
O95292-2,0.8439306358381503,0.12521440823327615
Q99784-2,0.03003003003003003,0.0030581039755351682
Q9NX14-2,,
Q9UJW2-2,1.828729281767956,0.18136986301369862
Q9Y286-2,0.6382978723404256,0.06726457399103139
Q5JW98-2,0.15591397849462366,0.01782421634910879
Q8TAC9-2,,
Q8IVS8-2,0.6985507246376812,0.06421529443112177
Q5JS13-2,0.12796208530805686,0.01845522898154477
Q14232-2,1.3541666666666667,0.13096037609133646
Q9UBK7-3,,
O15530-5,0.6880733944954128,0.07177033492822966
Q96BR6-2,0.046511627906976744,0.012658227848101266
Q6UX04-2,0.11363636363636363,0.01845018450184502
Q9UHI5-3,1.9122137404580153,0.18304713189623675
P43115-7,0.7741935483870968,0.14814814814814814
Q8N9K5-2,0.45,0.08108108108108109
Q96DZ7-2,2.1153846153846154,0.23809523809523808
P34810-3,0.4074074074074074,0.102803738317757
Q8TCX1-4,0.8901098901098901,0.09794437726723096
Q96AB3-3,3.3142857142857145,0.327683615819209
Q9UKJ1-3,0.2191780821917808,0.0392156862745098
O14757-3,3.5294117647058822,0.3314917127071823
O00499-4,0.5040322580645161,0.0859106529209622
Q9ULR0-1,3.0,1.0
Q03936-2,0.07246376811594203,0.00927643784786642
Q96P71-2,0.38235294117647056,0.08843537414965986
Q53HC0-2,0.6470588235294118,0.12087912087912088
O96017-8,0.32950191570881227,0.03653355989804588
Q9H4W6-2,0.0718954248366013,0.011815252416756176
Q13291-3,0.5,0.06493506493506493
P52757-6,0.3803191489361702,0.043033403551008126
Q5TBC7-2,0.475,0.04867634500426986
Q9UJU6-2,,
O00258-2,1.4705882352941178,0.16666666666666666
Q9NZH0-2,0.7857142857142857,0.1746031746031746
Q9GZT8-3,1.4444444444444444,0.14243973703433163
P41235-2,0.5454545454545454,0.15
O75121-3,0.5728155339805825,0.09291338582677165
Q9NYN1-2,3.909090909090909,0.4795539033457249
P35249-2,0.09473684210526316,0.009879253567508232
Q86TP1-6,0.45806451612903226,0.04431960049937578
Q92564-3,1.625,0.22807017543859648
Q6UX01-4,1.3725490196078431,0.1583710407239819
Q8NCL8-3,1.0833333333333333,0.23636363636363636
Q96LA5-5,0.06527415143603134,0.007605719501064801
Q6FI81-3,6.571428571428571,0.647887323943662
Q5FWF6-2,0.47368421052631576,0.0680786686838124
P07288-2,4.509803921568627,0.3938356164383562
Q9UKA8-2,1.1,0.23404255319148937
O00305-2,0.10416666666666667,0.02824858757062147
Q9UJ41-3,,
Q5HYJ3-3,0.07339449541284404,0.010498687664041995
Q8N0U4-3,0.9572649572649573,0.08974358974358974
Q6BAA4-3,0.007211538461538462,0.0009407337723424271
Q86UN6-2,1.6833333333333333,0.1931166347992352
Q86YT9-4,2.3333333333333335,0.3486590038314176
P62633-3,1.0,0.23809523809523808
Q9H6X2-5,0.16666666666666666,0.04477611940298507
P35372-7,0.8333333333333334,0.1388888888888889
Q8NCR0-2,0.004319654427645789,0.0004512635379061372
Q13188-2,1.0,0.2413793103448276
O95760-4,0.7874015748031497,0.11848341232227488
Q9H633-4,,
P54829-3,0.20833333333333334,0.053763440860215055
P34998-4,4.571428571428571,0.42105263157894735
Q8WV16-5,2.484848484848485,0.24624624624624625
Q5TKA1-3,0.17142857142857143,0.046875
Q9Y466-2,0.625,0.16129032258064516
Q6W5P4-2,2.893939393939394,0.27403156384505023
O43679-2,0.13157894736842105,0.035211267605633804
Q9NNX6-6,0.4166666666666667,0.05952380952380952
P08697-2,3.1343283582089554,0.3181818181818182
P21583-2,0.2413793103448276,0.061946902654867256
Q9UHI7-3,1.4336283185840708,0.12597200622083982
Q9UBL9-3,7.416666666666667,0.6793893129770993
O96008-2,1.9555555555555555,0.2018348623853211
Q93062-5,0.11363636363636363,0.03597122302158273
P35236-3,,
P45379-9,0.5384615384615384,0.0670926517571885
Q8TCT9-5,5.071428571428571,0.41846758349705304
O14730-2,9.666666666666666,0.8285714285714286
Q96NL0-4,0.37254901960784315,0.047818791946308725
Q8IZN3-2,2.1333333333333333,0.25
Q8IUH3-3,3.0,0.75
O75771-8,2.55,0.29651162790697677
Q9UNZ2-5,,
Q8WUB8-3,0.0851063829787234,0.025
Q14406-2,2.1739130434782608,0.2808988764044944
Q8WXI3-2,2.8684210526315788,0.30193905817174516
P49682-3,0.8364779874213837,0.09772226304188097
Q8NEZ2-3,0.023255813953488372,0.003393665158371041
Q6ZTI6-2,0.09876543209876543,0.025806451612903226
Q02641-3,0.1038961038961039,0.02857142857142857
P18577-13,0.9676113360323887,0.08894678079642725
O95944-3,0.2459016393442623,0.03171247357293869
P51572-2,,
Q5QP82-2,0.16216216216216217,0.04477611940298507
P30542-2,0.9764150943396226,0.10786868160500261
Q8WV16-3,1.269736842105263,0.13337940566689702
Q5JW98-3,0.6293706293706294,0.07246376811594203
Q7Z5Y7-2,0.2155688622754491,0.0297029702970297
P26436-9,0.042735042735042736,0.0117096018735363
O95760-3,1.0476190476190477,0.21153846153846154
P62820-2,3.671875,0.36891679748822603
Q9BV35-3,0.10097719869706841,0.010343677010343676
Q9UQB8-4,0.07317073170731707,0.018404907975460124
Q12981-1,,
Q9BST9-3,1.12,0.14814814814814814
Q9UNT1-3,,
Q15131-6,0.23003194888178913,0.024423337856173677
P26368-2,0.75,0.3333333333333333
Q6ZMN8-3,,
P54219-3,4.59375,0.40054495912806537
Q99704-2,0.0364741641337386,0.006198347107438017
P54274-2,0.45,0.11688311688311688
Q13322-4,0.75,0.17647058823529413
Q8N988-2,,
P11229-2,0.5,0.14285714285714285
Q8WUG5-2,1.2105263157894737,0.19658119658119658
Q8N2G4-4,1.5,0.2
P50539-4,0.18421052631578946,0.030303030303030304
Q9NQ55-2,0.46153846153846156,0.12
P24666-4,1.382716049382716,0.1407035175879397
P34998-3,2.5121951219512195,0.2837465564738292
Q16854-4,0.8776595744680851,0.09131156613171001
Q99836-4,0.16042780748663102,0.01820388349514563
Q96M60-2,0.4709897610921502,0.05938037865748709
Q8IZM9-2,3.12,0.3023255813953488
Q9GZS1-1,2.25,0.35064935064935066
Q9H898-2,0.3684210526315789,0.05166051660516605
Q92843-2,1.530612244897959,0.18610421836228289
Q8N0U4-2,0.40725806451612906,0.037037037037037035
O15260-3,0.7,0.06995336442371752
Q9NVV4-2,0.1,0.02857142857142857
Q96K49-2,8.0,1.0
P45379-12,0.1342281879194631,0.019157088122605363
P49238-4,,
Q9P2A4-2,3.3333333333333335,0.4166666666666667
P46108-2,0.07920792079207921,0.0110803324099723
Q9UNZ2-6,0.2764227642276423,0.03953488372093023
P09496-3,2.0833333333333335,0.30120481927710846
Q8WXF8-2,1.0,0.29411764705882354
Q9NRY2-2,0.04838709677419355,0.007407407407407408
Q9ULK6-2,0.8333333333333334,0.09971509971509972
Q9Y6J8-5,0.957345971563981,0.09519321394910461
O75900-3,,
Q9Y603-8,0.2052980132450331,0.02815622161671208
O43598-2,1.489795918367347,0.1967654986522911
P18507-3,7.0,1.0
Q9NZH6-3,2.4146341463414633,0.27887323943661974
Q32NB8-4,0.02952755905511811,0.002891844997108155
Q13508-3,0.45454545454545453,0.12195121951219512
P10747-2,0.07563025210084033,0.007874015748031496
Q9UHP7-5,1.9027777777777777,0.2078907435508346
P19878-4,1.2469135802469136,0.14449213161659513
Q96CA5-2,0.6666666666666666,0.11538461538461539
Q96Q40-3,1.5142857142857142,0.25118483412322273
Q9UK58-6,0.02586206896551724,0.00683371298405467
Q5SR56-2,0.0019801980198019802,0.00020881186051367718
Q495Y8-2,0.041666666666666664,0.010948905109489052
Q9NSE2-2,0.6666666666666666,0.18181818181818182
Q8TCW7-2,,
Q15555-2,0.17105263157894737,0.026262626262626262
Q86X27-3,0.15384615384615385,0.044444444444444446
Q93086-5,0.6403162055335968,0.06721991701244813
Q5SSG8-3,0.9533333333333334,0.0749083289680461
P55773-2,4.0,1.0
P35372-5,0.8333333333333334,0.1388888888888889
Q9H2L5-4,0.6960352422907489,0.08946772366930918
Q01196-5,0.014492753623188406,0.003738317757009346
Q96LW2-3,1.3857142857142857,0.15445859872611464
Q5SZJ8-2,0.044444444444444446,0.006462035541195477
Q9Y6I7-3,1.1256830601092895,0.10596707818930041
Q6FI81-2,0.058823529411764705,0.00646551724137931
Q9NWV8-2,0.003048780487804878,0.00038299502106472615
Q9NR12-2,0.425,0.10559006211180125
P07992-2,2.0833333333333335,0.22321428571428573
Q8NFG4-2,0.1314878892733564,0.015459723352318959
Q8TD46-2,0.27586206896551724,0.03827751196172249
Q6UXG3-5,0.043689320388349516,0.008902077151335312
O60637-2,1.96,0.21973094170403587
Q6P3W2-2,0.15151515151515152,0.017361111111111112
Q8TBF2-6,4.085714285714285,0.43730886850152906
Q9HD23-2,0.3333333333333333,0.06382978723404255
Q5J8X5-2,3.25,0.32663316582914576
P43115-11,0.7741935483870968,0.14814814814814814
Q6KCM7-3,0.46774193548387094,0.05471698113207547
Q8NFV4-3,0.821917808219178,0.07985803016858918
Q7L513-11,0.15151515151515152,0.02034174125305126
Q6P093-3,0.14647887323943662,0.0136986301369863
Q8NCB2-3,0.16129032258064516,0.04424778761061947
Q9Y587-4,1.4523809523809523,0.16621253405994552
Q96HJ5-3,0.8536585365853658,0.09971509971509972
Q92785-2,0.30978260869565216,0.04498816101026046
Q9ULB1-2,0.38515546639919757,0.03944935278405589
Q92851-5,0.18604651162790697,0.04878048780487805
P39905-3,,
Q8N819-2,0.011655011655011656,0.0011460004584001834
Q9BYV6-2,0.052083333333333336,0.015197568389057751
Q9NR50-2,2.0,0.1969111969111969
Q9UQB8-5,0.07317073170731707,0.018404907975460124
O96017-12,5.0,0.4603174603174603
Q9NUL3-4,0.00528169014084507,0.000721327242125511
Q99593-2,0.06806282722513089,0.018651362984218076
P18847-2,0.15151515151515152,0.02040816326530612
P57087-2,3.1666666666666665,0.375
Q14296-3,1.9259259259259258,0.21666666666666667
Q16671-3,1.8421052631578947,0.18597236981934112
P54829-2,0.40625,0.05263157894736842
B7ZAQ6-2,1.075,0.10669975186104218
P15622-3,1.2,0.3
Q9BQC3-2,1.1929824561403508,0.12035398230088495
Q8N8S7-3,0.03383458646616541,0.008662175168431183
Q96G74-4,0.501628664495114,0.07954545454545454
Q6BAA4-2,0.08974358974358974,0.013592233009708738
Q15109-2,0.4188034188034188,0.04941176470588235
O43521-7,0.01910828025477707,0.0033076074972436605
P54284-4,0.35714285714285715,0.10204081632653061
P31350-2,,
Q9UHW5-3,7.4,0.6416184971098265
A5X5Y0-6,1.7109375,0.19571045576407506
Q9H4X1-2,0.7,0.1320754716981132
Q8IUK5-4,0.23249299719887956,0.026374324753733715
Q5BJH2-2,0.22580645161290322,0.03286384976525822
Q9HD26-3,1.0569620253164558,0.15195632393084624
Q8WW01-2,1.4615384615384615,0.1890547263681592
Q14106-2,0.01,0.002680965147453083
Q9UKW6-4,0.14482758620689656,0.02056807051909892
Q9UQB8-6,0.015306122448979591,0.002904162633107454
Q8N690-2,0.046875,0.007263922518159807
P41586-4,0.9346153846153846,0.10095554632322393
Q68G75-2,0.24675324675324675,0.04935064935064935
Q96LL3-2,0.11904761904761904,0.023696682464454975
O95990-4,,
O00499-3,0.04597701149425287,0.01282051282051282
Q8N8M0-2,0.3320754716981132,0.032281731474688186
Q8NFH5-3,0.022222222222222223,0.005917159763313609
Q92564-2,2.0285714285714285,0.2225705329153605
Q9NS23-2,5.6,0.6363636363636364
Q9NPJ6-2,1.0,0.15436241610738255
Q5DX21-2,0.25,0.06451612903225806
Q8NBN3-3,3.417910447761194,0.42018348623853213
Q9H3M7-2,2.8658536585365852,0.31125827814569534
Q12800-3,3.156862745098039,0.312621359223301
O95866-5,0.20454545454545456,0.029900332225913623
P49023-4,0.2129032258064516,0.0476878612716763
Q9H160-2,1.0526315789473684,0.1214574898785425
Q9H6Q3-2,1.036144578313253,0.15357142857142858
Q9NR12-6,0.08239700374531835,0.010357815442561206
Q9Y2E8-2,,
Q14188-6,0.3431372549019608,0.07625272331154684
Q14206-2,3.6296296296296298,0.44144144144144143
Q7L2H7-2,0.5681818181818182,0.061932287365813375
Q8TBM8-2,0.37623762376237624,0.050397877984084884
Q08648-5,0.0196078431372549,0.003246753246753247
Q86U70-2,0.2222222222222222,0.05970149253731343
Q9NR12-5,0.08270676691729323,0.010367577756833177
Q96HL8-5,1.0530612244897959,0.12861415752741776
P43626-2,5.0,1.0
O43699-3,5.470588235294118,0.577639751552795
P15170-2,0.42857142857142855,0.13043478260869565
O00451-3,0.5238095238095238,0.0582010582010582
O75908-4,0.5150214592274678,0.05181347150259067
P42081-5,0.21428571428571427,0.0234375
Q9UNL2-2,,
Q9NPB6-2,6.0,1.0
P54252-1,0.06666666666666667,0.009523809523809525
Q9Y6K9-2,,
Q9UK53-4,0.14361702127659576,0.03064699205448354
Q99755-2,0.016842105263157894,0.0020090406830738324
Q13309-2,2.3,0.27058823529411763
P55327-8,0.16853932584269662,0.025466893039049237
Q8IUK5-2,0.8941176470588236,0.1417910447761194
Q9UQ07-4,0.01674641148325359,0.002091425156856887
P22692-2,0.25,0.031685678073510776
P07602-2,,
Q5VXU1-2,1.04,0.14772727272727273
P43897-4,1.5,0.14944237918215614
Q9NR81-3,0.6129032258064516,0.14285714285714285
Q12800-2,0.8778877887788779,0.10982658959537572
Q9NX61-2,2.058252427184466,0.20907297830374755
P21757-3,2.5625,0.25076452599388377
Q99674-2,0.3284313725490196,0.07243243243243243
Q6P597-2,3.0,1.0
Q5R3K3-2,0.3275862068965517,0.03444108761329305
Q5EBL8-2,,
O95944-2,0.08,0.011111111111111112
P26378-1,0.8333333333333334,0.2
A6NDV4-2,0.5527638190954773,0.06493506493506493
Q96EZ8-2,1.5,0.6
P09466-2,6.0,0.6
P23763-2,2.0,0.3333333333333333
Q9BRG2-2,0.6729857819905213,0.08679706601466992
O43581-2,,
Q9UKA8-3,0.03389830508474576,0.006734006734006734
Q7Z7C8-2,0.3333333333333333,0.14285714285714285
P56856-2,2.1470588235294117,0.2267080745341615
Q5J8X5-3,2.135593220338983,0.2202797202797203
Q8N5C7-3,0.32407407407407407,0.03653444676409186
O14733-2,,
P24001-2,1.2391304347826086,0.14074074074074075
Q9Y3E7-4,2.275,0.22693266832917705
Q13239-3,,
Q14094-2,1.5945945945945945,0.20701754385964913
Q5VX71-4,0.16721311475409836,0.025796661608497723
Q96NL0-3,0.010416666666666666,0.001310615989515072
Q96K19-5,0.7066666666666667,0.08452950558213716
Q969G3-3,0.8571428571428571,0.15151515151515152
P58335-4,0.23076923076923078,0.037037037037037035
Q9UBL9-5,3.119565217391304,0.33884297520661155
Q92993-3,,
Q5T124-4,0.13157894736842105,0.03546099290780142
P51911-2,0.6,0.1016949152542373
Q16653-4,0.11206896551724138,0.011701170117011701
Q03060-28,0.03305785123966942,0.006472491909385114
O14979-3,0.015189873417721518,0.002377179080824089
Q07812-2,2.6176470588235294,0.2688821752265861
Q5HYL7-3,0.011299435028248588,0.0011641443538998836
Q96HC4-3,0.018036072144288578,0.0030959752321981426
P09496-2,0.6666666666666666,0.09090909090909091
Q3YBR2-2,0.45918367346938777,0.07785467128027682
Q9NPH5-7,0.23574144486692014,0.025182778229082048
Q9UJU6-6,0.7096774193548387,0.09503239740820735
Q59EK9-2,0.3010752688172043,0.0462046204620462
O00305-3,0.25,0.06493506493506493
Q01085-2,,
P54252-5,0.26256983240223464,0.027151935297515885
Q8TAV0-3,5.0,1.0
Q15019-2,,
Q6UX46-2,0.05925925925925926,0.008316008316008316
P10646-2,0.17894736842105263,0.02446043165467626
Q5JXA9-3,1.0408163265306123,0.1146067415730337
Q8NEZ5-2,0.13725490196078433,0.013261163734776725
O14593-3,2.130434782608696,0.21973094170403587
P56159-2,2.2,0.44
O14524-2,3.4794520547945207,0.3757396449704142
P09497-2,1.1111111111111112,0.14705882352941177
Q0VAK6-2,0.010752688172043012,0.0015772870662460567
Q96QE5-4,0.19072164948453607,0.02063580591187953
Q9NW64-2,3.3469387755102042,0.3048327137546468
P35348-3,0.4883720930232558,0.10047846889952153
P60006-2,,
Q15070-2,0.15,0.0410958904109589
P09496-4,1.3157894736842106,0.1724137931034483
O95947-2,0.24516129032258063,0.05637982195845697
P25791-3,,
Q2KHT4-3,0.6521739130434783,0.1111111111111111
P12872-2,1.625,0.3333333333333333
Q6UY09-4,0.19072164948453607,0.026222537207654145
A6NNP5-4,0.0625,0.01694915254237288
Q9NQ30-2,0.68,0.09090909090909091
Q96I82-2,0.6829268292682927,0.07850467289719626
Q8IZP1-2,0.3016949152542373,0.05053946621237933
Q9UKA8-6,0.048,0.006396588486140725
O00499-6,0.4416961130742049,0.07896399241945673
O75688-3,0.5296167247386759,0.04856230031948882
Q14493-2,0.2564102564102564,0.043478260869565216
Q9P287-4,2.232142857142857,0.2535496957403651
Q7L8A9-2,0.6878306878306878,0.08609271523178808
Q86YT9-2,0.5384615384615384,0.13725490196078433
P51809-3,3.1951219512195124,0.2997711670480549
P41586-2,,
Q7L099-2,0.004273504273504274,0.0005221932114882506
Q9H930-3,0.0034542314335060447,0.00045392646391284613
Q10587-2,0.0784313725490196,0.018691588785046728
Q8NBZ0-2,0.08928571428571429,0.02242152466367713
Q8NFX7-3,0.14965986394557823,0.01649175412293853
O15488-5,0.07368421052631578,0.014492753623188406
P08174-2,0.15,0.04225352112676056
P18577-8,2.1066666666666665,0.19651741293532338
P53990-2,0.08888888888888889,0.024691358024691357
Q5T124-2,0.15151515151515152,0.04132231404958678
Q96FE7-4,0.10752688172043011,0.018315018315018316
Q9BQS2-2,2.4782608695652173,0.2727272727272727
Q5VSY0-2,0.23529411764705882,0.03614457831325301
Q9UK53-5,0.18012422360248448,0.03694267515923567
Q8IWS0-3,4.0,1.0
Q00987-6,0.11420612813370473,0.020865139949109414
Q9UQB8-2,0.125,0.034482758620689655
O00453-8,0.10989010989010989,0.017361111111111112
O76064-3,0.6986301369863014,0.08006279434850863
Q9UMY1-2,0.15254237288135594,0.023746701846965697
Q13243-2,0.023121387283236993,0.0035587188612099642
Q9BTF0-2,0.5097087378640777,0.05869200670765791
Q6UWU4-3,0.12264150943396226,0.017639077340569877
P68543-2,1.2075471698113207,0.1711229946524064
Q9BW11-2,2.2222222222222223,0.2777777777777778
Q53RY4-2,2.9444444444444446,0.3333333333333333
Q8WV37-2,0.2987012987012987,0.040280210157618214
Q9UBY9-2,,
P14921-4,0.06481481481481481,0.010606060606060607
P23443-2,0.2608695652173913,0.06818181818181818
Q4G1C9-3,0.4548872180451128,0.05111956062526405
P56211-2,0.75,0.125
O43699-6,0.4652173913043478,0.0487027765134274
O15519-12,0.7361111111111112,0.08124680633622892
Q9NYN1-3,3.526315789473684,0.3785310734463277
Q5T4F4-5,0.18376068376068377,0.02564102564102564
Q9NYZ4-2,0.6063829787234043,0.0627062706270627
P15170-3,,
Q8N8Q8-3,0.6036036036036037,0.0635673624288425
O75323-2,1.9142857142857144,0.19142857142857142
Q5T5M9-2,11.0,1.0
Q495C1-5,0.05660377358490566,0.013574660633484163
Q86YV6-2,5.2105263157894735,0.5025380710659898
Q8IYJ3-2,0.5,0.14285714285714285
P10966-8,0.06521739130434782,0.008849557522123894
Q7L5Y9-4,0.7516778523489933,0.08069164265129683
Q9BST9-2,1.1714285714285715,0.18061674008810572
Q9Y2W7-3,0.6440677966101694,0.12101910828025478
Q99504-2,0.09523809523809523,0.02586206896551724
P49842-2,,
Q13568-4,0.5,0.13513513513513514
Q68DY1-2,0.05263157894736842,0.007246376811594203
O15530-4,1.5859375,0.15367146101438303
Q7Z624-2,0.5303030303030303,0.04899673355109659
O60260-7,1.530054644808743,0.15819209039548024
O15519-11,2.2444444444444445,0.25569620253164554
P0DPB3-3,0.05603448275862069,0.013118062563067608
P20783-2,,
O96017-9,,
Q8NG50-5,4.575757575757576,0.40482573726541554
Q6P499-2,1.2439024390243902,0.1457142857142857
Q9NX04-2,1.062015503875969,0.11093117408906883
K7EJ46-2,,
O43236-2,0.0020964360587002098,0.0002764722145424385
O14745-2,0.358974358974359,0.04590163934426229
P19235-2,0.5942492012779552,0.10628571428571429
Q9H426-2,,
Q5JW98-4,0.3803680981595092,0.043785310734463276
Q8IVW4-2,0.19708029197080293,0.05162523900573614
P53634-3,0.5742296918767507,0.05536051849851472
Q9UK53-3,0.19811320754716982,0.03825136612021858
O96017-4,0.7582417582417582,0.08108108108108109
Q496A3-2,0.02608695652173913,0.0069605568445475635
Q9HB29-2,0.10138248847926268,0.012021857923497269
Q96RI1-2,0.19138755980861244,0.03194888178913738
Q96GM8-2,3.182795698924731,0.3210412147505423
Q9C0H2-2,2.34375,0.23961661341853036
P18577-9,1.092485549132948,0.09647779479326186
P16389-2,0.24875621890547264,0.03280839895013123
O00453-10,0.6451612903225806,0.08064516129032258
Q9Y5X4-2,2.186046511627907,0.2422680412371134
P48023-2,0.12121212121212122,0.013368983957219251
O15105-3,4.0,1.0
O75570-2,0.0045045045045045045,0.0005115089514066496
Q9UL45-2,0.10309278350515463,0.013550135501355014
Q6PIL6-5,0.5925925925925926,0.1
Q86YB8-2,0.6965944272445821,0.07118000632711168
Q9H808-2,0.08943089430894309,0.015256588072122053
Q07866-5,,
Q96MZ0-2,0.2962962962962963,0.032403240324032405
Q5BLP8-3,,
O95780-2,0.14473684210526316,0.019748653500897665
O00124-2,0.3170731707317073,0.04377104377104377
O15173-2,,
Q9H4F8-2,,
Q8IZP0-10,0.02553191489361702,0.0069767441860465115
Q14593-2,0.7230769230769231,0.12668463611859837
Q8N2I9-2,0.48639455782312924,0.04980842911877394
Q8IWS0-5,2.176470588235294,0.2356687898089172
P43115-6,0.7741935483870968,0.14814814814814814
Q9Y303-3,3.4,0.3077742279020234
P06748-3,1.1081081081081081,0.1277258566978193
Q6P597-3,,
Q6P6C2-3,0.41935483870967744,0.06806282722513089
P32119-2,1.9821428571428572,0.20441988950276244
O94921-2,0.125,0.02127659574468085
P23560-3,,
O94941-2,0.12962962962962962,0.025089605734767026
Q6V702-3,0.6147540983606558,0.06690454950936664
Q96A70-5,0.7547683923705722,0.07752588860901204
P19878-2,0.24317617866004962,0.03238598810310641
Q9HBQ8-2,0.1702127659574468,0.043478260869565216
Q9NS23-5,2.625,0.30434782608695654
Q8N228-2,0.08620689655172414,0.024875621890547265
Q4AE62-3,1.319277108433735,0.13460356484326982
O95718-1,,
P78396-3,0.5,0.12087912087912088
Q9BYG7-2,0.28865979381443296,0.03146067415730337
P05388-2,2.9838709677419355,0.3345388788426763
Q9BRY0-2,0.9918032786885246,0.10642040457343888
Q99933-3,0.07042253521126761,0.020080321285140562
O15519-3,0.016701461377870562,0.0019305019305019305
Q9BPX6-5,0.5299539170506913,0.07661558960692871
Q63ZY6-6,4.125,0.3793103448275862
P07602-3,,
Q99576-3,0.5128205128205128,0.07518796992481203
Q99259-3,0.35170603674540685,0.033217649975210706
Q9UJU6-3,1.25,0.15625
Q14919-2,4.0,1.0
Q5VXU1-3,3.5,0.34146341463414637
P50221-3,0.06086956521739131,0.016317016317016316
P43115-10,0.7741935483870968,0.14814814814814814
Q9H788-2,1.1355932203389831,0.1364562118126273
Q7Z2X4-4,0.8809523809523809,0.14068441064638784
Q86UN6-3,0.6272727272727273,0.07427341227125941
Q04323-2,4.933333333333334,0.5692307692307692
Q8WWV6-2,0.03064066852367688,0.007377598926894702
P35398-3,0.5357142857142857,0.13513513513513514
P17676-3,0.025252525252525252,0.0063371356147021544
O00624-2,2.2470588235294118,0.21979286536248563
Q9NUL3-8,0.00528169014084507,0.000721327242125511
P20815-2,0.41414141414141414,0.041061592388582875
Q5JUX0-2,0.5792349726775956,0.06567534076827757
O75953-4,,
O14757-2,1.8020833333333333,0.18268215417106654
Q969G3-2,0.04411764705882353,0.012145748987854251
O95866-2,0.03333333333333333,0.00819672131147541
Q96QS1-4,0.009404388714733543,0.0011723329425556857
Q15555-4,1.3780487804878048,0.2088724584103512
P23560-2,,
O00453-5,0.16666666666666666,0.03048780487804878
Q2KHT4-6,1.2769230769230768,0.16023166023166024
Q9H497-2,1.7349397590361446,0.18
Q96PU8-5,0.031007751937984496,0.007905138339920948
Q8IWF9-3,0.01718213058419244,0.0023685457129322598
Q6UX40-3,2.2388059701492535,0.21306818181818182
Q8TE67-2,0.16666666666666666,0.050505050505050504
Q8IX04-7,0.26666666666666666,0.027341772151898733
P20138-3,0.3700787401574803,0.03900414937759336
Q86TS9-4,0.2676056338028169,0.03838383838383838
Q8N7C4-2,0.10714285714285714,0.031578947368421054
Q5T4W7-2,0.2222222222222222,0.05714285714285714
Q93038-2,,
P19525-2,2.3902439024390243,0.2474747474747475
P35372-9,0.8333333333333334,0.1388888888888889
Q9Y587-2,1.4523809523809523,0.16621253405994552
Q6ZTQ3-2,0.15625,0.045871559633027525
Q59EK9-3,0.06521739130434782,0.018404907975460124
Q9BTT0-3,1.6041666666666667,0.1746031746031746
Q7Z6J6-2,5.466666666666667,0.5942028985507246
Q9BQ16-7,0.125,0.02332814930015552
Q9BWX1-2,1.564102564102564,0.22344322344322345
Q9BRT8-3,4.421052631578948,0.47191011235955055
P51654-3,,
Q7Z7F7-2,,
P83111-2,1.8620689655172413,0.17419354838709677
A0PG75-2,3.75,0.4368932038834951
Q93038-7,0.17582417582417584,0.024297646165527716
Q7Z628-2,0.6547619047619048,0.14511873350923482
Q9GZW5-2,0.10465116279069768,0.02349869451697128
Q8TCB7-2,1.4953271028037383,0.1556420233463035
Q8N0U7-2,0.015189873417721518,0.00228310502283105
Q15043-3,4.204545454545454,0.36633663366336633
Q5T6J7-2,7.0,0.6222222222222222
Q6UE05-2,0.04149377593360996,0.005917159763313609
Q9BRK5-4,1.1235294117647059,0.12050473186119874
Q8IX05-2,3.2033898305084745,0.3545966228893058
Q8NHE4-4,,
Q969P5-2,0.7849462365591398,0.08323831242873432
Q8IYT4-2,0.25,0.030508474576271188
P05787-2,,
Q9NZE8-2,0.9444444444444444,0.17525773195876287
P59780-2,0.49019607843137253,0.06281407035175879
Q5JTY5-2,4.3,0.4095238095238095
P51513-2,0.2994011976047904,0.03915426781519186
P18847-3,0.15384615384615385,0.02074688796680498
O95758-7,1.8210526315789475,0.2813008130081301
Q2MV58-3,4.945945945945946,0.48031496062992124
Q9NSE2-3,0.6666666666666666,0.18181818181818182
Q9UIK5-3,0.02643171806167401,0.003931847968545216
P10966-3,0.06666666666666667,0.008955223880597015
Q93086-2,0.6403162055335968,0.06721991701244813
Q9HCU8-2,1.1333333333333333,0.13178294573643412
Q8IZ96-7,0.09154929577464789,0.01117798796216681
P40426-3,0.5580110497237569,0.08086469175340272
Q6P1K2-6,0.03614457831325301,0.004846526655896607
Q9BU40-3,0.07017543859649122,0.010269576379974325
P58753-2,4.5,0.4909090909090909
Q16774-3,0.025510204081632654,0.0025786487880350697
Q9HBH9-2,0.925,0.13261648745519714
Q16625-7,0.014861995753715499,0.0019869429463525404
P26378-3,0.01090909090909091,0.0014612761811982464
Q07866-10,0.8260869565217391,0.18446601941747573
Q96NL0-2,0.010416666666666666,0.001310615989515072
P10909-2,,
Q99706-2,1.411764705882353,0.22641509433962265
Q14451-2,0.6111111111111112,0.0625
Q8IVA1-2,0.3125,0.08771929824561403
P0C024-3,1.8770491803278688,0.19227539882451722
P43268-3,0.018050541516245487,0.004574565416285453
Q8NA72-2,0.013282732447817837,0.0023576961940047153
P14927-2,1.6,0.19047619047619047
Q13424-2,2.1466666666666665,0.22085048010973937
O75838-2,4.142857142857143,0.5686274509803921
P43628-2,0.9591836734693877,0.09475806451612903
O43852-6,2.12,0.2345132743362832
Q9BPX6-3,,
Q9BQS2-3,0.1,0.017902813299232736
Q9Y228-3,0.05,0.007052186177715092
Q04206-4,5.666666666666667,0.8095238095238095
Q86WB0-3,0.07042253521126761,0.019762845849802372
Q86UR1-2,,
Q8N539-2,0.002173913043478261,0.0002473410833539451
P58335-2,0.3592233009708738,0.036597428288822946
P0DMS9-2,0.14285714285714285,0.04
Q9HD64-4,0.8979591836734694,0.125
Q6ZP29-2,1.4684684684684686,0.1505078485687904
Q96MF2-2,0.07692307692307693,0.01675977653631285
O75914-4,1.3333333333333333,0.2222222222222222
P08174-5,0.14285714285714285,0.04
Q02641-2,0.15681233933161953,0.023010184835910975
Q6ZUS5-2,,
Q5SQH8-3,0.6791044776119403,0.13055954088952654
Q99689-2,0.034722222222222224,0.005279831045406547
P62633-2,1.1428571428571428,0.26666666666666666
Q9NPB0-2,0.10294117647058823,0.02064896755162242
O96017-2,0.1791907514450867,0.020103761348897537
Q9BU76-2,0.02877697841726619,0.005797101449275362
O43236-3,0.0020964360587002098,0.0002764722145424385
Q6W5P4-5,0.38267148014440433,0.04196357878068092
Q9NPJ4-2,0.22641509433962265,0.05660377358490566
Q86YN1-2,3.488372093023256,0.32751091703056767
P41271-2,,
Q03936-3,1.1875,0.17592592592592593
Q71RS6-2,2.8688524590163933,0.30434782608695654
P35398-1,0.18461538461538463,0.04838709677419355
Q9NXB0-3,3.7916666666666665,0.47643979057591623
O95389-2,,
Q96AZ1-2,1.3565891472868217,0.13899920571882446
Q7Z465-3,0.0028089887640449437,0.0004017677782241864
Q9BWV2-3,0.0390625,0.006896551724137931
Q6UY09-3,0.39361702127659576,0.040525739320920046
Q8N6I4-2,0.125,0.021739130434782608
Q9BV29-3,0.17307692307692307,0.033210332103321034
Q9NXB0-2,1.7303370786516854,0.22126436781609196
Q8NCT3-6,0.5590277777777778,0.10930074677528853
Q9BSG1-3,0.8809523809523809,0.13074204946996468
Q9NS61-2,0.21052631578947367,0.06666666666666667
Q9NR50-3,2.0,0.1969111969111969
Q8TAX9-2,2.1739130434782608,0.352112676056338
Q07866-6,1.21875,0.2422360248447205
Q6PI97-2,0.17857142857142858,0.02717391304347826
Q7Z6G3-2,0.4583333333333333,0.06063947078280044
Q9UHP7-7,0.04093567251461988,0.004707464694014795
O75914-2,1.3333333333333333,0.2222222222222222
Q9H813-2,,
P82663-3,0.8494623655913979,0.113997113997114
Q2TBC4-2,0.32231404958677684,0.07572815533980583
Q13568-3,0.4,0.10714285714285714
Q13043-2,0.4117647058823529,0.05370843989769821
Q68G75-5,0.02654867256637168,0.0056925996204933585
Q8WVV9-5,3.657142857142857,0.3575418994413408
Q70Z53-4,0.175,0.03167420814479638
Q9NUL3-3,0.00528169014084507,0.000721327242125511
Q3B7J2-3,0.4882154882154882,0.046608807457409196
Q8NEZ2-2,2.1153846153846154,0.24017467248908297
P32241-2,1.0,0.14418604651162792
Q8IZ96-3,0.011904761904761904,0.0015625
Q9H7C4-2,0.3448275862068966,0.08928571428571429
Q70Z53-3,0.2631578947368421,0.04672897196261682
Q6UWU4-2,,
O75564-2,0.9655172413793104,0.2
Q9UNM6-2,1.763157894736842,0.20615384615384616
Q6KB66-3,0.0582010582010582,0.009174311926605505
Q96IZ5-2,0.375,0.12
Q6PHW0-5,2.783333333333333,0.3217726396917148
O60869-2,1.5263157894736843,0.2283464566929134
O60828-6,0.08547008547008547,0.01272264631043257
P26436-7,0.05309734513274336,0.014563106796116505
P78310-3,0.6237288135593221,0.08273381294964029
P07992-3,2.125,0.288135593220339
O14656-2,1.1576086956521738,0.11866295264623955
Q9NQ25-7,0.06329113924050633,0.007052186177715092
Q96JY0-2,0.9032258064516129,0.12389380530973451
Q969G3-4,0.6857142857142857,0.12
Q96DU3-3,0.22522522522522523,0.02512562814070352
Q05195-2,2.0,0.25
Q5T4F4-7,0.030201342281879196,0.004371053909664886
Q5JTJ3-2,0.1282051282051282,0.034013605442176874
Q9UGV2-3,2.7752808988764044,0.25918153200419725
P17023-2,0.4166666666666667,0.10638297872340426
O76050-2,0.15384615384615385,0.0425531914893617
Q9NR81-2,0.6129032258064516,0.14285714285714285
Q13352-3,0.15151515151515152,0.02127659574468085
Q9NQ29-2,0.21739130434782608,0.04504504504504504
P07910-4,0.16091954022988506,0.03431372549019608
Q9UHJ9-4,1.8734177215189873,0.19270833333333334
O00292-2,6.117647058823529,0.6011560693641619
Q9BWL3-2,0.7941176470588235,0.11587982832618025
Q86XK7-2,,
Q93038-10,0.34210526315789475,0.05019305019305019
Q13568-2,,
Q6ZUK4-2,0.5963855421686747,0.07306273062730627
P28347-2,0.8650519031141869,0.12007684918347743
Q16611-2,2.2526315789473683,0.21146245059288538
O75764-2,0.01,0.0012315270935960591
Q6ICG6-3,1.2647058823529411,0.1552346570397112
Q9UBP9-3,1.1553398058252426,0.11888111888111888
Q6UWN0-2,4.297872340425532,0.4156378600823045
Q9H8M2-4,0.0016778523489932886,0.0002755580049600441
Q15080-3,1.0116279069767442,0.11553784860557768
Q9NQ25-6,0.24427480916030533,0.027538726333907058
O00305-4,1.2903225806451613,0.20202020202020202
O00499-11,0.4416961130742049,0.07896399241945673
P53990-4,,
Q7Z6M3-3,0.4222222222222222,0.04357798165137615
Q8WVV9-3,0.0036968576709796672,0.00045413260672116256
Q8IUD6-2,0.18076923076923077,0.020695728753852928
O15374-4,0.00411522633744856,0.0004152823920265781
Q6QEF8-2,1.172,0.11230356458413185
Q86SX3-2,0.6372549019607843,0.08916323731138547
Q6FIF0-2,0.5,0.15
Q6P2D0-2,0.6545454545454545,0.08411214953271028
P55345-2,0.641860465116279,0.06699029126213592
Q68CL5-1,2.627906976744186,0.35202492211838005
Q96PQ6-3,0.031496062992125984,0.0056022408963585435
O14986-3,0.05263157894736842,0.014285714285714285
Q9H6H4-2,0.0847457627118644,0.02032520325203252
Q6P1S2-2,0.27906976744186046,0.046153846153846156
O43521-9,0.01910828025477707,0.0033076074972436605
O75528-2,0.3333333333333333,0.037037037037037035
Q9NQT5-2,1.1367521367521367,0.12258064516129032
P51878-4,0.020930232558139535,0.00240064017071219
Q9UHI5-4,3.0357142857142856,0.29411764705882354
Q86TP1-5,0.45806451612903226,0.04431960049937578
Q3SYC2-3,1.9316239316239316,0.2036036036036036
Q5T4F4-2,2.2857142857142856,0.3076923076923077
Q5SSJ5-3,0.2236842105263158,0.052795031055900624
P13232-3,0.6642335766423357,0.08674928503336511
Q8N4B1-4,,
Q9BUP3-2,0.9858156028368794,0.099214846538187
Q96PU9-2,0.0728476821192053,0.014341590612777053
Q9Y603-7,0.44155844155844154,0.11038961038961038
Q8TE67-3,,
P58658-2,0.07216494845360824,0.009150326797385621
O95847-2,2.0,0.19730941704035873
P15622-2,0.03508771929824561,0.004851425106124924
Q6UW88-2,0.03361344537815126,0.0049261083743842365
Q8WZ73-2,2.375,0.4418604651162791
Q5T4F4-6,0.18454935622317598,0.025763930497303775
O43521-6,0.01910828025477707,0.0033076074972436605
Q96BF3-2,0.75,0.2727272727272727
Q96D96-2,0.5135135135135135,0.09359605911330049
Q9H171-6,0.3024390243902439,0.0492845786963434
Q96PU8-8,0.13793103448275862,0.03636363636363636
Q7LG56-3,0.8726415094339622,0.08545034642032333
Q6QEF8-3,0.027842227378190254,0.0028625954198473282
Q5F1R6-3,,
O75251-2,2.967741935483871,0.3087248322147651
Q9UKT5-2,2.1931818181818183,0.20819848975188782
Q14188-3,0.6046511627906976,0.10970464135021098
Q9NP50-2,0.02702702702702703,0.004140786749482402
P55822-2,0.6216216216216216,0.10014513788098693
Q11203-20,0.01488095238095238,0.0015342129487572874
Q07444-2,6.0,0.6363636363636364
Q9BSY4-2,0.5714285714285714,0.15384615384615385
Q96RI1-4,5.25,0.7241379310344828
P43115-12,0.7741935483870968,0.14814814814814814
Q8NDC4-2,2.0476190476190474,0.25748502994011974
O14763-2,0.4827586206896552,0.125
Q5H9L4-2,0.05813953488372093,0.015772870662460567
Q29980-2,2.6744186046511627,0.26077097505668934
Q3SXY8-3,1.5048543689320388,0.1521099116781158
Q9UMX9-3,4.067796610169491,0.3498542274052478
Q14CB8-7,1.7333333333333334,0.2653061224489796
Q9P0L0-2,,
P57796-2,0.4583333333333333,0.09700176366843033
O15519-10,0.7534883720930232,0.08299180327868852
Q7Z692-3,8.0,1.0
Q9C0K1-3,2.5789473684210527,0.27071823204419887
Q96HC4-2,0.018036072144288578,0.0030959752321981426
P17028-2,0.0223463687150838,0.0032520325203252032
Q9H2G9-2,0.0411522633744856,0.005747126436781609
Q9BZW8-2,3.2,0.5333333333333333
O75618-2,9.0,1.0
Q9H2B2-2,0.7222222222222222,0.10743801652892562
P09132-3,0.13846153846153847,0.016333938294010888
O95718-2,6.0,1.0
O60499-2,1.4285714285714286,0.16587677725118483
Q9BUR5-2,0.6,0.07894736842105263
Q8WUK0-2,3.671875,0.31799729364005414
Q9P2K3-4,0.004048582995951417,0.000676132521974307
Q9NPH5-3,0.6455696202531646,0.06953913280610853
Q6ZRI8-5,0.25,0.043795620437956206
Q8IZP0-8,0.043478260869565216,0.012106537530266344
Q12837-2,0.04861111111111111,0.012704174228675136
O96017-6,0.22081218274111675,0.02461103253182461
Q9BRQ4-3,0.8248587570621468,0.0869047619047619
Q15306-2,4.0,1.0
Q8TDQ1-6,0.6923076923076923,0.0967741935483871
P56134-4,0.15853658536585366,0.022071307300509338
Q13115-2,0.5874125874125874,0.06354009077155824
P49768-2,1.5,0.375
Q8NB15-1,0.24,0.06
Q8NAU1-4,1.4878048780487805,0.22021660649819494
Q8N6S4-2,4.388888888888889,0.3872549019607843
Q6UWV7-2,0.024691358024691357,0.006578947368421052
Q13291-4,0.1388888888888889,0.03546099290780142
P48547-2,0.6,0.15
Q9NNX6-10,0.15517241379310345,0.030508474576271188
Q14257-2,,
Q9H0A6-5,0.7486338797814208,0.09300746775288526
Q9NWM0-3,1.1205479452054794,0.11695739205032886
Q5T2W1-2,2.4144144144144146,0.25523809523809526
P49768-7,2.090909090909091,0.24210526315789474
Q7L513-2,,
Q96AP7-2,0.008174386920980926,0.0010921004732435385
P22732-2,0.9387096774193548,0.08804841149773071
Q6P2M8-5,,
Q68CQ7-2,1.5961538461538463,0.16812964213369344
Q06265-4,0.015625,0.001829268292682927
Q8TAF7-2,0.06299212598425197,0.010526315789473684
Q9H2L5-2,2.4393939393939394,0.3213572854291417
O60830-2,,
Q8IYR6-2,0.0625,0.01818181818181818
Q06055-3,,
Q6UWB4-2,2.1714285714285713,0.27078384798099764
Q8TAQ9-3,0.2,0.0375
Q03060-19,0.030303030303030304,0.005847953216374269
Q99766-3,0.7978723404255319,0.07820646506777894
Q8WYR4-2,1.3421052631578947,0.14697406340057637
Q96M20-3,1.5163398692810457,0.1895424836601307
Q14188-2,0.29914529914529914,0.0684931506849315
Q9UNH5-5,0.4444444444444444,0.11764705882352941
Q9Y483-3,0.7352941176470589,0.10518934081346423
Q9UKA9-3,0.9308510638297872,0.10809141445336627
P58658-3,2.0,0.5
Q9NP97-2,1.0869565217391304,0.12195121951219512
Q96GD4-2,2.5,0.2597402597402597
Q6XR72-3,0.5294117647058824,0.06773283160865474
O00141-2,0.5416666666666666,0.09352517985611511
Q93038-11,1.7894736842105263,0.2328767123287671
Q6B8I1-4,3.1363636363636362,0.26988265971316816
A4D1E9-2,4.189873417721519,0.39171597633136096
O43294-2,0.29411764705882354,0.05263157894736842
Q8N587-2,0.125,0.018259935553168637
Q04206-2,0.018218623481781375,0.0025188916876574307
Q9NQ31-2,0.25925925925925924,0.0707070707070707
Q7Z6M3-2,0.25263157894736843,0.026905829596412557
Q02548-5,0.015267175572519083,0.004310344827586207
Q5SZQ8-4,0.12,0.03333333333333333
Q96NL0-5,0.8823529411764706,0.14018691588785046
P20142-2,1.2280701754385965,0.11837655016910936
Q13190-4,0.2641509433962264,0.035
Q05D32-2,0.2777777777777778,0.053475935828877004
Q3ZCU0-2,0.13385826771653545,0.03130755064456722
Q96K19-2,0.2696629213483146,0.033707865168539325
O14948-3,0.017421602787456445,0.003215434083601286
Q9NNX6-9,0.005333333333333333,0.0005959475566150178
Q9BRV3-2,0.9032258064516129,0.09333333333333334
Q9UQ07-3,0.04046242774566474,0.004539559014267186
Q6PI26-2,2.297872340425532,0.242152466367713
Q9NRA1-2,2.0476190476190474,0.24202626641651032
Q9BU76-3,0.05309734513274336,0.011152416356877323
Q86T90-4,0.001736111111111111,0.0003359086328518643
Q6UXS9-2,0.047058823529411764,0.00510204081632653
Q658L1-2,0.29411764705882354,0.07246376811594203
Q8TAX9-3,3.642857142857143,0.49514563106796117
Q9BPX6-4,0.5299539170506913,0.07661558960692871
Q9UBX3-2,,
Q9NZC4-2,0.21739130434782608,0.06666666666666667
Q9BYT3-2,0.3333333333333333,0.07586206896551724
Q6WBX8-1,2.8333333333333335,0.46788990825688076
P12034-2,0.7785234899328859,0.09797297297297297
Q9UBR5-3,0.9411764705882353,0.09732360097323602
Q13322-2,2.8043478260869565,0.291196388261851
Q6B8I1-2,0.9197080291970803,0.08737864077669903
Q9Y232-2,0.13114754098360656,0.03571428571428571
O43521-5,0.01910828025477707,0.0033076074972436605
O00453-13,0.5128205128205128,0.0641025641025641
Q7L2K0-3,0.004629629629629629,0.0007127583749109052
Q6KCM7-4,0.6666666666666666,0.085
Q9BWT1-5,0.14285714285714285,0.038461538461538464
P09651-2,0.09615384615384616,0.02512562814070352
Q6UXY1-2,0.35714285714285715,0.09803921568627451
Q8TDF5-2,0.4444444444444444,0.11764705882352941
Q86T20-2,1.0,0.125
Q9BYV6-3,0.175,0.04827586206896552
Q5TKA1-2,,
Q96Q40-5,5.0,0.625
Q5QJU3-3,0.0072992700729927005,0.0007485029940119761
Q8NC67-3,3.7142857142857144,0.5416666666666666
Q15822-2,7.933333333333334,0.6878612716763006
P21583-3,1.3333333333333333,0.1696969696969697
Q5T7M9-2,0.5407407407407407,0.05464071856287425
Q9BYE0-2,,
Q8IWF9-2,,
Q96J77-3,0.5882352941176471,0.1
Q7L513-8,0.29473684210526313,0.03139013452914798
P24001-4,0.28125,0.03237410071942446
Q9H5V9-3,5.642857142857143,0.632
Q6PHW0-4,2.783333333333333,0.3217726396917148
Q9BRK5-6,2.103448275862069,0.22181818181818183
Q6P531-2,5.75,0.431924882629108
Q5MJ70-1,0.36666666666666664,0.07913669064748201
Q15853-4,0.2900763358778626,0.07335907335907337
Q96AQ7-4,,
Q8N8S7-2,0.23809523809523808,0.07246376811594203
Q6UWT2-2,0.17857142857142858,0.04950495049504951
Q9BZQ4-2,6.222222222222222,0.5637583892617449
Q96E52-2,0.9411764705882353,0.14285714285714285
Q86VG3-2,0.13513513513513514,0.03571428571428571
Q9NRG9-2,4.0,0.3675675675675676
Q9H633-2,,
O60248-2,0.07272727272727272,0.021052631578947368
Q9BQ16-6,0.13445378151260504,0.025157232704402517
Q6NXT4-4,0.9310344827586207,0.14285714285714285
Q309B1-2,0.09608540925266904,0.01073558648111332
Q8N1A0-2,0.35,0.044585987261146494
Q00536-3,,
Q29980-3,0.027777777777777776,0.0033003300330033004
P58753-3,7.0,1.0
O60880-5,1.1123595505617978,0.14666666666666667
Q9H7E9-2,,
Q6ICL3-6,0.03272727272727273,0.0032526201662450307
Q9NVZ3-2,0.04878048780487805,0.013888888888888888
Q13884-2,0.5625,0.0587467362924282
Q8N5Z5-2,1.5416666666666667,0.38144329896907214
Q02548-4,0.023076923076923078,0.0064794816414686825
Q96PU8-9,0.13793103448275862,0.03636363636363636
P23763-3,2.0,0.3333333333333333
A0A1B0GTI8-2,1.4545454545454546,0.15
Q9BX93-2,8.0,1.0
Q9NNX6-7,0.22727272727272727,0.04065040650406504
Q9Y6R9-2,0.1111111111111111,0.017421602787456445
P29558-4,0.007874015748031496,0.0012760527435133986
Q8NEP7-3,1.2241379310344827,0.11735537190082644
Q96JA3-2,2.265625,0.2396694214876033
P49810-2,2.264705882352941,0.25925925925925924
Q6PI97-3,,
P54252-3,2.109090909090909,0.22053231939163498
Q07869-2,0.09395973154362416,0.009810791871058164
P31785-2,0.8477157360406091,0.1053627760252366
Q8TCI5-2,0.20967741935483872,0.034666666666666665
Q0D2K0-2,3.1052631578947367,0.34104046242774566
Q9UKA9-4,,
Q96I24-2,0.02010968921389397,0.002863837542306691
O95758-6,0.13157894736842105,0.03875968992248062
P07910-2,0.5384615384615384,0.14893617021276595
Q14CN4-3,0.47619047619047616,0.05952380952380952
Q86UR1-3,0.7110266159695817,0.1023535851122058
Q7L1S5-2,0.007978723404255319,0.0009377930603313535
P61923-2,0.9767441860465116,0.1076923076923077
Q5VZI3-2,0.2647058823529412,0.06382978723404255
Q68G75-6,0.24675324675324675,0.04935064935064935
Q9HD26-2,1.875,0.30612244897959184
P16333-2,0.10666666666666667,0.013937282229965157
P29972-2,1.5590551181102361,0.14666666666666667
Q5VX71-2,0.07228915662650602,0.01226158038147139
Q9Y483-4,1.280701754385965,0.22054380664652568
O76081-2,0.1391304347826087,0.03571428571428571
Q9NRY7-3,0.23076923076923078,0.06666666666666667
P49763-4,,
Q9XRX5-3,0.18032786885245902,0.02588235294117647
P24001-5,1.393939393939394,0.15384615384615385
Q70Z53-5,0.175,0.03167420814479638
P55327-2,0.09090909090909091,0.02
Q8N8B7-2,,
Q6PI47-2,0.5463414634146342,0.12556053811659193
P37840-3,1.4285714285714286,0.17857142857142858
Q6PK18-2,6.818181818181818,0.6122448979591837
Q6ZMT1-2,0.6126760563380281,0.11677852348993288
Q9UKW6-2,0.4,0.13333333333333333
Q92876-3,0.012987012987012988,0.0012536564981195152
Q8IY31-3,0.16393442622950818,0.02092050209205021
Q96RR4-6,0.48299319727891155,0.09479305740987984
Q13239-2,0.9814814814814815,0.1108786610878661
O15488-6,0.08333333333333333,0.024793388429752067
O00453-12,0.16666666666666666,0.03048780487804878
Q7Z614-2,0.8292682926829268,0.08232445520581114
O14896-2,0.631578947368421,0.07462686567164178
Q9Y603-3,1.037037037037037,0.13680781758957655
O95073-2,0.03546099290780142,0.004916420845624385
Q16625-4,0.3545816733067729,0.046670162558993186
Q5T6S3-2,0.2447058823529412,0.034323432343234324
P04233-4,0.25,0.06451612903225806
O43521-16,0.01910828025477707,0.0033076074972436605
Q8WUB8-2,5.0,0.8333333333333334
Q15906-2,,
Q9UKA9-2,,
Q93038-12,0.1016949152542373,0.015424164524421594
Q9NVV5-5,1.0769230769230769,0.11940298507462686
Q96D96-4,0.6,0.14285714285714285
O43556-3,0.07692307692307693,0.014028056112224449
Q86SK9-2,1.4042553191489362,0.1318242343541944
Q03060-14,0.028688524590163935,0.0056315366049879325
Q07812-5,2.6029411764705883,0.2645739910313901
A6NDV4-3,0.004246284501061571,0.0004775549188156638
O43556-4,,
Q5SZQ8-2,4.0,1.0
Q92466-3,0.64,0.062146892655367235
O00716-2,0.5689655172413793,0.11970979443772672
Q96MW1-2,0.012345679012345678,0.0019047619047619048
Q8N5N7-2,1.5,0.2109375
Q8NCC3-2,1.3493975903614457,0.12993039443155452
Q5T5A4-2,0.23076923076923078,0.05263157894736842
P24001-7,0.9247311827956989,0.09976798143851508
O95793-2,0.4567901234567901,0.09866666666666667
Q7Z5L9-3,0.04481132075471698,0.010154997327632281
Q5BLP8-2,,
O95758-1,0.16129032258064516,0.04672897196261682
Q96N38-2,0.1282051282051282,0.03597122302158273
Q9UGI9-2,1.08,0.17647058823529413
Q9BQS2-4,2.662921348314607,0.2804733727810651
P26599-2,0.7142857142857143,0.2
Q6ZVM7-5,0.1274131274131274,0.01867572156196944
Q9UNH5-2,0.4444444444444444,0.11764705882352941
Q3ZCQ8-2,,
Q7Z614-4,0.32432432432432434,0.0332409972299169
P12872-3,4.0,1.0
P41235-4,,
O75486-4,1.696969696969697,0.2692307692307692
Q9UJU6-5,0.9805825242718447,0.0979631425800194
Q99755-3,0.5652173913043478,0.13978494623655913
Q8N3R3-2,0.26153846153846155,0.028349082823790995
Q15417-2,1.4146341463414633,0.17682926829268292
Q969T3-2,0.632768361581921,0.06292134831460675
Q07866-4,0.8260869565217391,0.18446601941747573
P62633-8,0.4864864864864865,0.07964601769911504
Q13239-4,0.50625,0.056210964607911175
Q6XYB7-2,0.058823529411764705,0.0106951871657754
Q9BTZ2-7,1.198581560283688,0.11096520026263952
Q9H8G2-2,0.3103448275862069,0.0743801652892562
Q96LW7-2,0.08661417322834646,0.02111324376199616
P26436-6,0.06315789473684211,0.017241379310344827
Q969T3-3,0.4375,0.044144144144144144
Q07866-9,,
Q14CB8-3,0.3333333333333333,0.09090909090909091
Q86SE5-3,,
Q9Y279-3,0.30526315789473685,0.031487513572204126
P52926-6,0.11538461538461539,0.02912621359223301
P53990-5,0.022026431718061675,0.0025265285497726125
Q7LG56-5,0.11650485436893204,0.011818778726198293
P30044-4,1.9775280898876404,0.18410041841004185
Q9BQB4-2,0.6,0.14285714285714285
Q96HZ4-3,9.5,0.9047619047619048
P40426-5,0.16,0.031746031746031744
Q96CS7-3,2.0,1.0
Q9UF11-2,1.7428571428571429,0.291866028708134
Q7Z3K6-5,0.011235955056179775,0.002150537634408602
A8MYP8-2,0.01195219123505976,0.0024096385542168677
Q8NHW4-7,0.13636363636363635,0.016885553470919325
Q9NS61-7,0.6956521739130435,0.11721611721611722
Q6UW88-5,0.15,0.02092050209205021
Q9BT25-2,0.06557377049180328,0.01694915254237288
P50591-2,0.05235602094240838,0.0059665871121718375
O96017-11,0.4591194968553459,0.0497275204359673
P59103-3,0.4788732394366197,0.06227106227106227
O75449-2,0.009259259259259259,0.0010036801605888257
Q5SSQ6-2,,
P48061-4,2.0,0.3333333333333333
Q86TP1-4,0.5791245791245792,0.055807916937053864
Q16890-3,0.06578947368421052,0.0117096018735363
O15488-2,0.5806451612903226,0.09574468085106383
Q9H3F6-3,0.8333333333333334,0.09993108201240523
P78310-5,0.8514285714285714,0.14069877242681775
Q9NP64-2,3.4166666666666665,0.47126436781609193
Q8WTV1-3,6.0,1.0
Q8IXX5-2,0.7714285714285715,0.08794788273615635
Q9NST1-2,6.0,0.75
Q14188-5,0.6046511627906976,0.10970464135021098
Q9BU40-5,,
O43435-2,0.14754098360655737,0.036734693877551024
Q5T124-3,0.075,0.011435832274459974
P29692-3,0.7083333333333334,0.08994708994708994
Q86WV1-2,4.0,1.0
Q8N370-4,1.5240963855421688,0.14141978759083287
O60268-3,1.5,0.21739130434782608
Q14CN4-2,8.0,1.0
Q9H2W1-5,0.008097165991902834,0.0009727626459143969
Q5SVS4-2,2.7254901960784315,0.281947261663286
Q9HAF1-2,0.38461538461538464,0.09803921568627451
Q9UKW6-3,0.011406844106463879,0.001544004117344313
P82675-2,0.3463414634146341,0.037866666666666667
Q92988-2,0.03225806451612903,0.009230769230769232
Q96RR4-5,0.48299319727891155,0.09479305740987984
Q8NBK3-3,6.117647058823529,0.5875706214689266
Q6UXG3-4,0.2702702702702703,0.06666666666666667
Q9UI08-5,0.016666666666666666,0.0027803521779425394
Q9HAF1-4,0.23076923076923078,0.061224489795918366
Q96DB5-3,1.2079207920792079,0.11359404096834265
Q96MD7-2,0.14482758620689656,0.01775147928994083
Q5TAB7-2,0.20689655172413793,0.05128205128205128
P51654-2,2.888888888888889,0.2815884476534296
Q07002-3,,
Q96S94-5,0.41333333333333333,0.07496977025392987
P24001-6,1.2533333333333334,0.13623188405797101
Q96HL8-4,0.13978494623655913,0.015494636471990465
Q14129-2,0.6589147286821705,0.08374384236453201
Q8WVB3-2,0.8636363636363636,0.09253246753246754
Q8WVV9-2,0.04744525547445255,0.005754758742806552
Q9UBI4-2,1.78,0.20649651972157773
O15444-3,6.0,1.0
Q9NUH8-2,0.5294117647058824,0.07086614173228346
P14416-3,,
P58418-1,0.025974025974025976,0.0026155187445510027
Q93015-2,,
Q8IUN9-3,0.07537688442211055,0.008807985907222548
Q96L50-2,0.30625,0.03167420814479638
O15488-3,2.05,0.2867132867132867
O95238-2,2.0,0.3076923076923077
Q86UD3-2,0.5573770491803278,0.0728051391862955
Q9H000-2,1.5348837209302326,0.1907514450867052
Q8N668-2,1.1111111111111112,0.15037593984962405
O95758-5,,
Q9UKJ1-2,0.05,0.0136986301369863
Q5TGI0-2,0.5535714285714286,0.06542845082313212
Q14653-2,1.5196850393700787,0.15354017501988862
Q6NXT6-2,1.0588235294117647,0.15789473684210525
Q9NX52-3,0.8070175438596491,0.0745945945945946
Q08648-3,0.125,0.017543859649122806
P19438-2,0.48148148148148145,0.06770833333333333
P62820-3,2.4210526315789473,0.22885572139303484
Q8N4L8-2,1.2777777777777777,0.1796875
O75953-5,,
Q9UF11-4,0.18292682926829268,0.02158273381294964
O95758-4,0.4166666666666667,0.1111111111111111
Q9BV29-2,,
Q86SX3-3,0.3614864864864865,0.04471374843292938
Q6UXV1-2,1.0116279069767442,0.13615023474178403
P61244-5,0.20388349514563106,0.03215926493108729
Q99801-5,0.22727272727272727,0.060240963855421686
Q16831-2,0.013513513513513514,0.0013192612137203166
Q9NX07-2,1.0636363636363637,0.11436950146627566
O15151-4,0.05214723926380368,0.008840353614144566
P52744-2,0.2727272727272727,0.09090909090909091
Q8N3J5-3,1.0355555555555556,0.09553095530955309
Q96S94-2,0.41333333333333333,0.07496977025392987
Q96DH6-3,0.0030581039755351682,0.0004714757190004715
Q92565-2,2.2279411764705883,0.22263041880969875
Q9UH73-2,2.36734693877551,0.29219143576826195
Q9NS23-9,0.0058309037900874635,0.0007199424046076314
O60663-2,0.7142857142857143,0.21739130434782608
Q0GE19-7,0.5268817204301075,0.050359712230215826
Q96T75-5,0.14814814814814814,0.02
Q9BQ16-4,0.13846153846153847,0.029315960912052116
O60828-2,8.0,1.0
P28074-2,2.442105263157895,0.23293172690763053
Q86SX3-5,0.3614864864864865,0.04471374843292938
Q9BQ95-4,0.5240963855421686,0.06965572457966374
O43236-4,0.0020964360587002098,0.0002764722145424385
Q96PU8-3,0.625,0.18518518518518517
P49810-3,4.0,1.0
Q9P1A2-3,0.35664335664335667,0.042113955408753095
Q9NVS2-2,,
Q9NXR5-2,0.2342007434944238,0.04790874524714829
Q9BU40-4,0.07017543859649122,0.010269576379974325
Q8TCB0-2,0.011312217194570135,0.0011502185415228894
Q92985-2,0.20689655172413793,0.057692307692307696
Q9UIK5-2,0.2903225806451613,0.06293706293706294
P22003-2,4.162162162162162,0.4556213017751479
Q13239-5,,
Q9H3U7-2,,
O60268-2,0.5909090909090909,0.06304558680892337
Q96NL3-2,0.007874015748031496,0.0010587612493382743
P32239-2,,
Q14188-4,0.6065573770491803,0.13357400722021662
Q9NZC7-4,0.15303430079155672,0.015072765072765074
Q7Z422-2,0.14705882352941177,0.021834061135371178
O00499-2,0.5040322580645161,0.0859106529209622
P50539-3,0.6666666666666666,0.0851063829787234
O60828-8,0.1848341232227488,0.02721563154221912
O75347-2,2.1538461538461537,0.25925925925925924
O00264-2,1.7358490566037736,0.19246861924686193
Q96HQ0-6,0.056818181818181816,0.008818342151675485
Q9BPX6-2,1.7108433734939759,0.19137466307277629
Q96DZ1-3,4.153846153846154,0.38028169014084506
Q92731-9,0.9032258064516129,0.1320754716981132
Q96RI1-1,0.22857142857142856,0.06060606060606061
Q14508-5,0.36,0.045
Q6XR72-2,0.6530612244897959,0.08121827411167512
Q53GG5-2,0.04504504504504504,0.008130081300813009
Q9UPM6-2,2.075,0.3624454148471616
Q99801-3,0.08,0.0189873417721519
P05937-2,1.6666666666666667,0.17304189435336975
P50479-2,0.02830188679245283,0.0042796005706134095
Q68CL5-4,3.257142857142857,0.41304347826086957
Q9BXJ4-3,,
O75829-2,10.0,1.0
Q7L513-7,0.09787234042553192,0.011910926980838944
Q8N983-7,0.08620689655172414,0.02145922746781116
Q07817-3,1.288888888888889,0.15591397849462366
O75900-2,,
Q9NXG6-3,,
Q96E66-4,1.0425531914893618,0.13136729222520108
O43353-2,1.5182481751824817,0.1582952815829528
Q15366-7,0.4864864864864865,0.11739130434782609
Q5QGZ9-3,0.04950495049504951,0.005599104143337066
P14635-2,3.5675675675675675,0.34375
Q8WUA7-3,0.001937984496124031,0.00024172105390379503
Q70YC5-2,0.020202020202020204,0.005555555555555556
P54252-4,4.0,0.43478260869565216
Q9UHX1-4,0.10434782608695652,0.01818181818181818
Q6NZI2-3,0.026041666666666668,0.004219409282700422
O96001-2,0.29411764705882354,0.06072874493927125
Q8TD07-2,3.6666666666666665,0.3548387096774194
Q9Y5N1-4,3.642857142857143,0.3722627737226277
Q9BQ65-3,1.5948275862068966,0.1615720524017467
Q96T75-6,0.078125,0.011337868480725623
Q96PU8-6,0.1,0.02654867256637168
P26436-5,0.07042253521126761,0.019011406844106463
A2A2Y4-3,0.0016778523489932886,0.0002067397146991937
Q6UXI9-5,0.3333333333333333,0.07575757575757576
P68106-2,3.2857142857142856,0.31221719457013575
Q9BWG6-2,0.9714285714285714,0.13934426229508196
Q9NVT9-2,0.974025974025974,0.11029411764705882
Q6GPH4-2,2.1052631578947367,0.23809523809523808
P51878-5,,
P14678-2,0.18181818181818182,0.045454545454545456
P15927-3,,
Q96HQ0-4,0.38461538461538464,0.1111111111111111
Q7Z449-2,0.4776902887139108,0.04739583333333333
Q5VZI3-3,,
Q9Y5R5-2,0.03125,0.0070921985815602835
Q13352-2,0.25,0.0392156862745098
Q9BSK1-2,0.3050847457627119,0.0625
O76075-4,0.04263565891472868,0.004759844223279966
P07305-2,0.29411764705882354,0.08196721311475409
Q9UKR0-3,1.2076502732240437,0.11749069643806485
Q86T03-2,,
Q96JA3-3,1.8953488372093024,0.20098643649815043
Q96G25-3,0.4606741573033708,0.05718270571827057
O75911-2,0.6684491978609626,0.06541077969649398
Q08116-2,1.540983606557377,0.16785714285714284
Q96MG8-2,1.2794117647058822,0.116
Q9UKM9-2,1.125,0.16363636363636364
P62633-5,0.4864864864864865,0.07964601769911504
Q9BWG6-3,0.030927835051546393,0.006160164271047228
Q96G25-2,,
Q5T4F4-3,,
Q7L5Y9-5,0.30327868852459017,0.03388278388278388
Q8NI22-3,0.9183673469387755,0.18518518518518517
P23560-5,,
Q9Y4P8-5,0.07211538461538461,0.0077559462254395035
P43351-2,0.2595419847328244,0.050595238095238096
O43566-6,0.39730639730639733,0.0528673835125448
Q86Y37-2,0.44594594594594594,0.07221006564551423
P37231-3,0.009940357852882704,0.0012416190712689348
P01135-2,5.0,1.0
Q5T7V8-2,0.06756756756756757,0.011655011655011656
O14986-2,0.04844961240310078,0.006183527083848627
Q6UXH8-3,0.06282722513089005,0.009230769230769232
Q969K3-2,,
P61296-2,0.24,0.05142857142857143
O43399-6,0.13445378151260504,0.02040816326530612
Q9UK58-4,0.39867109634551495,0.07083825265643448
Q9NT62-2,3.44,0.3739130434782609
F5H4B4-2,0.4329896907216495,0.065625
O60784-3,1.5777777777777777,0.19559228650137742
Q13432-2,3.864864864864865,0.3620253164556962
Q7Z422-4,0.21212121212121213,0.03111111111111111
P35348-6,0.7093023255813954,0.10608695652173913
Q9BYC9-2,0.9649122807017544,0.11627906976744186
A0JLT2-2,0.037037037037037035,0.00819672131147541
O43581-5,,
P60484-2,,
Q9NQ55-3,0.11538461538461539,0.03225806451612903
Q96I27-2,,
Q8N4T0-3,0.35924932975871315,0.03356713426853707
Q6UXH8-2,0.023026315789473683,0.0038356164383561643
O75914-3,,
Q9GZT9-2,4.2727272727272725,0.42342342342342343
Q00987-4,0.1282051282051282,0.022595222724338282
Q07955-3,1.03125,0.22448979591836735
P30968-2,1.1437908496732025,0.12127512127512127
Q8TDC0-3,0.008,0.001564945226917058
Q9UBI4-4,0.13043478260869565,0.014778325123152709
P09630-2,0.04878048780487805,0.0136986301369863
P59052-2,0.1276595744680851,0.022058823529411766
Q8NC06-2,0.1038961038961039,0.023255813953488372
Q8IZP0-7,0.06896551724137931,0.019230769230769232
Q8IU60-2,0.11428571428571428,0.03225806451612903
Q96J77-2,0.625,0.10869565217391304
Q9NZN8-2,0.18857142857142858,0.04667609618104668
Q9UHY8-2,,
Q6BAA4-5,0.007211538461538462,0.0009407337723424271
Q9H0W8-2,2.64,0.2773109243697479
P63162-2,,
Q6P5X5-2,0.6341463414634146,0.10569105691056911
P18577-12,0.9176470588235294,0.08590308370044053
Q9Y336-2,0.016129032258064516,0.0044444444444444444
P35348-4,0.4883720930232558,0.10047846889952153
Q96LA5-2,0.061224489795918366,0.006721433905899925
Q8IZS5-4,0.0603448275862069,0.010526315789473684
Q15329-2,2.0,1.0
Q96DP5-2,0.3413654618473896,0.03588011819333052
Q9BRT8-4,0.7624113475177305,0.07557117750439367
Q9NQW5-2,0.004073319755600814,0.0006523157208088715
Q96Q45-4,0.042105263157894736,0.011904761904761904
O95793-3,0.27722772277227725,0.04354587869362364
Q14135-3,0.03717472118959108,0.008403361344537815
P01222-2,2.0943396226415096,0.24078091106290672
Q9NQ29-3,1.631578947368421,0.20261437908496732
Q9BPZ7-2,1.9722222222222223,0.2253968253968254
Q9NQR9-2,0.7836879432624113,0.07751666082076464
Q8NCV1-2,2.5,0.2620967741935484
Q9BY08-4,0.6904761904761905,0.07243963363863447
P29692-4,1.0526315789473684,0.13157894736842105
P35372-3,0.8333333333333334,0.1388888888888889
Q6ZN11-3,0.11702127659574468,0.01624815361890694
Q7Z6Z6-2,1.780701754385965,0.17015926236378875
Q92731-6,0.9032258064516129,0.1320754716981132
Q96RR4-3,0.028985507246376812,0.008264462809917356
Q8N2H9-4,1.127659574468085,0.11122770199370409
Q969M7-5,0.7368421052631579,0.07865168539325842
Q6UX15-2,2.625,0.42857142857142855
Q5T2R2-2,1.1386861313868613,0.10684931506849316
Q7Z6A9-2,0.4375,0.0626865671641791
P52926-3,0.11538461538461539,0.02912621359223301
Q9Y6S9-4,0.345565749235474,0.04806465333900468
Q9HAV5-3,,
P98153-3,0.1228813559322034,0.02537182852143482
Q8IZP0-2,0.029914529914529916,0.008168028004667444
P59103-2,0.14492753623188406,0.018726591760299626
Q96RR4-2,0.03571428571428571,0.010101010101010102
Q6ZN17-2,1.5714285714285714,0.20072992700729927
Q9UHX1-6,0.12037037037037036,0.020537124802527645
O75822-3,0.22448979591836735,0.03859649122807018
Q96HJ9-2,0.11538461538461539,0.020134228187919462
Q9BYV8-2,1.3194444444444444,0.16934046345811052
Q53GG5-3,0.011811023622047244,0.0019569471624266144
Q9BQ95-2,0.5212121212121212,0.06969205834683954
Q9UJU6-4,0.060085836909871244,0.006993006993006993
Q6UW88-3,0.7142857142857143,0.0949367088607595
P62633-4,,
Q96DH6-2,0.0030581039755351682,0.0004714757190004715
Q9NQ84-2,,
Q4JDL3-14,0.002386634844868735,0.0002844950213371266
Q9UI08-4,0.43333333333333335,0.058823529411764705
P10620-2,0.8148148148148148,0.08505154639175258
Q9NP84-2,0.2857142857142857,0.03496503496503497
Q96F24-3,1.5135135135135136,0.15469613259668508
Q9NVA1-2,2.1153846153846154,0.22448979591836735
Q6ZUS6-5,,
Q9H3N8-2,1.8977272727272727,0.18453038674033148
Q7RTT9-2,2.6136363636363638,0.23613963039014374
Q9BWL3-5,0.2088607594936709,0.027707808564231738
Q96J88-3,2.0,1.0
P29353-3,0.43870967741935485,0.10179640718562874
Q05084-3,6.0,1.0
Q7L592-2,1.4322580645161291,0.13771712158808933
O75616-2,1.4640883977900552,0.16490354698195395
Q6NZ63-2,0.027649769585253458,0.003264417845484222
Q8TBB0-3,0.07317073170731707,0.00980392156862745
Q6ICG6-2,1.3,0.17105263157894737
Q8WTV1-4,0.015625,0.0029239766081871343
Q9NP99-3,0.08823529411764706,0.012145748987854251
Q9BU76-4,0.10465116279069768,0.020785219399538105
Q86WI0-3,0.44692737430167595,0.042238648363252376
Q5T9C2-2,1.4285714285714286,0.2857142857142857
Q6ZRI8-2,0.41935483870967744,0.06878306878306878
Q96HQ0-3,0.38461538461538464,0.1111111111111111
Q9NR56-3,0.029069767441860465,0.00441306266548985
Q04206-3,7.0,0.7
Q5JQS6-2,0.95,0.17117117117117117
O00453-4,0.3111111111111111,0.03954802259887006
Q6PJE2-5,1.0138888888888888,0.13296903460837886
Q8WVP7-2,0.6793893129770993,0.07108626198083066
P04921-2,0.23809523809523808,0.06666666666666667
P60323-2,,
P50749-2,0.006153846153846154,0.0008176614881439084
Q5VTB9-3,0.015151515151515152,0.0034746351633078527
Q9BXQ6-2,0.28732394366197184,0.0488974113135187
Q9NP64-3,2.9047619047619047,0.4326241134751773
O00499-5,0.11627906976744186,0.034482758620689655
Q8IUB3-2,0.3333333333333333,0.04950495049504951
P55001-3,0.43333333333333335,0.08843537414965986
Q8TBZ3-6,0.40329218106995884,0.048514851485148516
Q6ZTQ3-3,1.0862068965517242,0.15789473684210525
Q96QS1-2,2.7,0.2691029900332226
O95755-2,6.681818181818182,0.5719844357976653
Q5SQN1-3,0.004319654427645789,0.0005589714924538849
A1Z1Q3-1,,
Q6BAA4-4,0.08936170212765958,0.013522215067611075
Q96Q11-3,0.18961038961038962,0.019492656875834447
P10747-3,1.1764705882352942,0.12345679012345678
Q96T55-4,0.875,0.13162393162393163
Q96CS7-6,,
Q6PK81-2,5.0,1.0
O60784-4,0.036281179138321996,0.004589787722317842
Q96FC7-3,0.008797653958944282,0.000942507068803016
P43354-2,0.4444444444444444,0.0915032679738562
Q96L08-2,0.4827586206896552,0.11290322580645161
Q68G74-2,3.4,0.5
P20366-4,0.40476190476190477,0.06513409961685823
Q92664-2,1.7407407407407407,0.20346320346320346
Q9UHX1-5,0.1724137931034483,0.04504504504504504
Q9BSQ5-3,2.2527472527472527,0.2867132867132867
Q00537-2,0.7272727272727273,0.17391304347826086
Q8IZR5-3,0.01990049751243781,0.002328288707799767
Q6ZMN8-2,,
Q03060-30,0.0392156862745098,0.0072992700729927005
Q6NW29-2,0.7789473684210526,0.08486238532110092
O95780-3,1.46875,0.18725099601593626
Q6PIL6-4,0.6415094339622641,0.10759493670886076
Q9H8M2-2,0.01278772378516624,0.002068680182043856
Q99801-4,0.057971014492753624,0.013333333333333334
Q9UHQ4-2,0.9090909090909091,0.13513513513513514
Q8TCQ1-2,0.20754716981132076,0.04721030042918455
Q92731-5,0.9032258064516129,0.1320754716981132
P54284-5,2.682926829268293,0.2849740932642487
Q9BUV8-3,3.7,0.38144329896907214
O60784-2,8.0,1.0
P28223-2,0.9416058394160584,0.12734452122408688
P15812-12,0.055384615384615386,0.006198347107438017
Q6UWQ7-2,1.0,0.3333333333333333
Q8N9L1-4,0.07281553398058252,0.011320754716981131
Q9BPZ7-3,1.9148936170212767,0.24861878453038674
Q96BK5-2,0.12755102040816327,0.029171528588098017
Q7Z698-2,1.75,0.3684210526315789
Q96L11-2,0.2564102564102564,0.04048582995951417
Q8N594-2,0.8461538461538461,0.08771929824561403
Q03060-7,0.02880658436213992,0.005649717514124294
Q9UN30-1,0.09917355371900827,0.014598540145985401
Q13153-2,3.4642857142857144,0.35793357933579334
Q15043-2,2.3958333333333335,0.24312896405919662
Q06643-2,0.015789473684210527,0.0018303843807199512
Q9H410-4,0.25,0.06896551724137931
Q7Z6K5-2,1.0,0.5
Q7L513-3,0.29213483146067415,0.031630170316301706
Q9UGJ0-3,0.3409090909090909,0.08108108108108109
Q96GE9-2,5.0,0.625
Q5T124-7,0.006160164271047228,0.0008925914906277894
Q6H3X3-3,0.6175115207373272,0.08322981366459627
O95866-3,0.20930232558139536,0.030508474576271188
Q6W5P4-8,0.5619834710743802,0.062557497700092
Q5T8I3-2,1.8571428571428572,0.3611111111111111
Q13098-6,0.00625,0.0006807351940095302
Q99706-6,0.06147540983606557,0.006610841780520053
Q96C92-4,0.0821917808219178,0.022222222222222223
Q8TBZ3-5,2.7540983606557377,0.2736156351791531
O43768-2,0.75,0.23076923076923078
Q9BQQ3-3,0.004555808656036446,0.0007012622720897616
P85299-3,0.4444444444444444,0.11764705882352941
Q9UI08-2,,
P15407-2,0.12745098039215685,0.02292768959435626
P30044-3,3.6136363636363638,0.3333333333333333
Q86V40-2,3.2244897959183674,0.3224489795918367
Q8TB45-2,1.0396039603960396,0.10948905109489052
Q8NCE0-2,4.647058823529412,0.441340782122905
Q96CS7-4,0.41935483870967744,0.08695652173913043
Q9NUL3-7,0.02952755905511811,0.0038590172369436584
Q96FG2-2,1.2444444444444445,0.13725490196078433
O15126-2,0.2265193370165746,0.022515101592531575
Q96HQ0-2,0.08,0.011494252873563218
Q9BRK3-4,2.277227722772277,0.25669642857142855
Q5SQI0-3,0.25,0.05084745762711865
Q8IZP0-4,0.043478260869565216,0.012106537530266344
P84103-2,0.02,0.005780346820809248
P57789-4,1.6363636363636365,0.20930232558139536
Q92838-3,13.0,0.9285714285714286
Q9Y6I8-2,0.474025974025974,0.05568268497330282
Q15366-8,0.07317073170731707,0.020689655172413793
Q9UHX1-3,0.11627906976744186,0.031055900621118012
Q13352-4,0.008695652173913044,0.0012578616352201257
Q96HC4-4,0.05504587155963303,0.015384615384615385
Q96G97-4,,
Q8TBZ3-4,1.2447552447552448,0.13343328335832083
Q16670-2,0.05228758169934641,0.007874015748031496
Q96HQ0-5,,
P35348-2,0.4883720930232558,0.10047846889952153
Q9UBC7-2,0.046511627906976744,0.008264462809917356
Q15599-3,0.051470588235294115,0.006156552330694811
Q12981-3,1.71875,0.18272425249169436
P10747-4,1.0714285714285714,0.11182108626198083
P35638-2,,
Q8NDF8-3,0.109375,0.029787234042553193
Q9HAF1-3,4.0,1.0
Q9P287-2,2.232142857142857,0.2535496957403651
P04921-3,0.47368421052631576,0.11392405063291139
O75638-2,0.8421052631578947,0.16580310880829016
O43399-2,1.15,0.1464968152866242
Q6IPR3-2,6.454545454545454,0.556135770234987
Q5F1R6-2,,
P57789-3,1.6363636363636365,0.20930232558139536
Q96RI1-5,0.1875,0.03132530120481928
Q99766-2,0.8,0.07851239669421488
O95922-2,0.14545454545454545,0.015819209039548022
Q86TE4-4,0.1511627906976744,0.019667170953101363
O14668-2,0.1375,0.024830699774266364
Q02548-3,0.023076923076923078,0.0064794816414686825
P54849-2,2.9423076923076925,0.288135593220339
Q6ZUS6-4,,
Q15366-4,0.4864864864864865,0.11739130434782609
P49662-3,0.0034482758620689655,0.0003763643206624012
Q9NS73-5,5.0,1.0
Q8IWT1-3,0.06666666666666667,0.007171314741035857
Q9BRR6-6,0.315035799522673,0.0297029702970297
Q9NUG4-3,0.5365168539325843,0.0841039189784236
Q9NZI2-5,1.0933333333333333,0.12615384615384614
P10747-6,0.625,0.07581227436823104
Q8IY50-2,2.48,0.37349397590361444
Q8IZ96-4,0.7857142857142857,0.10526315789473684
Q86WI0-2,3.121212121212121,0.29014084507042254
Q9Y442-2,0.2857142857142857,0.05604719764011799
P14598-2,0.5454545454545454,0.06699751861042183
P40200-2,4.3125,0.5267175572519084
O43316-4,0.0057306590257879654,0.0009082652134423251
Q9BVS4-2,0.06976744186046512,0.01048951048951049
Q96RP7-2,1.2695035460992907,0.15854738706820196
Q96EB1-3,1.2885375494071147,0.14954128440366973
Q14CB8-2,1.5,0.6
Q93062-2,0.15,0.04225352112676056
Q6P087-3,0.5441860465116279,0.053497942386831275
P25101-4,1.5045871559633028,0.15298507462686567
Q8IZJ6-2,3.04,0.30278884462151395
Q96C92-3,0.06896551724137931,0.019230769230769232
Q8N6I1-2,0.16326530612244897,0.03361344537815126
Q6ZTQ3-4,0.48031496062992124,0.0782051282051282
Q86WB0-2,0.08333333333333333,0.017857142857142856
Q13286-6,2.2734375,0.19648885887913572
Q9H1Q7-3,0.8251748251748252,0.09703947368421052
Q9BSQ5-4,1.2758620689655173,0.22023809523809523
Q9BXN2-10,0.05555555555555555,0.0070921985815602835
Q92784-4,0.014925373134328358,0.001924310455420141
Q8IZP0-11,0.03741496598639456,0.009314140558848433
Q99801-2,0.12244897959183673,0.02631578947368421
Q3KQZ1-4,2.491228070175439,0.2508833922261484
P54725-3,3.0,1.0
Q8N4Q1-2,4.4,0.6111111111111112
Q8N6F1-3,1.872340425531915,0.23097112860892388
O60663-3,0.23636363636363636,0.05531914893617021
Q15599-2,0.5454545454545454,0.14285714285714285
P50219-2,0.05217391304347826,0.013303769401330377
Q9UBL9-7,0.49709302325581395,0.059026579219882636
Q6KCM7-5,0.4959349593495935,0.05781990521327014
Q5SZQ8-3,10.0,1.0
Q86Y33-2,8.0,0.7619047619047619
Q6NSZ9-3,0.037037037037037035,0.006600660066006601
Q9UHD8-8,0.05439330543933055,0.015169194865810968
Q96LT9-2,4.0,1.0
Q1HG43-3,3.977777777777778,0.3530571992110454
Q93038-9,2.3333333333333335,0.26184538653366585
Q96M20-2,7.5,0.7142857142857143
O95628-5,0.06369426751592357,0.017123287671232876
Q8N0Y2-2,4.0,1.0
Q8N5S9-2,0.44765342960288806,0.05227655986509275
P01135-3,0.14728682170542637,0.020364415862808145
Q9BYE7-3,1.486842105263158,0.21200750469043153
Q06710-5,0.015706806282722512,0.004484304932735426
Q8TAG5-2,0.20833333333333334,0.031446540880503145
Q9BXN2-7,0.05555555555555555,0.0070921985815602835
O43852-5,1.3488372093023255,0.1518324607329843
Q9Y6F8-2,2.0,0.2571428571428571
Q16625-6,0.016913319238900635,0.0022637238256932655
Q9NRD5-2,1.416058394160584,0.191699604743083
Q96PQ6-4,0.4235294117647059,0.0821917808219178
Q8NCC5-3,2.0392156862745097,0.18097447795823665
Q8NDD1-5,,
P23760-4,0.022988505747126436,0.006666666666666667
P51815-2,0.28421052631578947,0.043478260869565216
Q96K21-2,0.391304347826087,0.08695652173913043
Q96S94-4,0.41333333333333333,0.07496977025392987
Q96N11-2,0.7543859649122807,0.07577092511013216
Q49AH0-2,0.8529411764705882,0.10834371108343711
Q15366-5,0.07317073170731707,0.020689655172413793
Q8N4B1-2,0.21897810218978103,0.024630541871921183
Q14653-5,0.271505376344086,0.03155263980006248
Q9UBL9-6,2.9304347826086956,0.32435033686236764
Q9HA72-3,0.43661971830985913,0.055357142857142855
Q96H86-2,5.0,1.0
Q8IZP0-3,0.043478260869565216,0.012106537530266344
Q2T9K0-4,0.41697416974169743,0.07266881028938907
P78396-2,10.0,1.0
Q9BSF8-2,0.15625,0.043478260869565216
Q9UK00-2,1.0,0.125
Q5R372-2,0.0012406947890818859,0.00014524328249818446
P28702-3,,
P50461-2,0.19745222929936307,0.02995169082125604
P14921-2,0.7471264367816092,0.13978494623655913
P15812-11,0.08865248226950355,0.009604302727621975
Q6ZVM7-3,1.4666666666666666,0.18435754189944134
Q9UHC7-4,0.5359477124183006,0.07205623901581722
Q07817-2,2.2698412698412698,0.21503759398496242
Q06587-2,0.2413793103448276,0.046357615894039736
Q9NQ94-2,2.25,0.3333333333333333
Q9BY08-3,0.4697986577181208,0.04929577464788732
Q8N801-2,0.04,0.007874015748031496
Q03060-2,0.028688524590163935,0.0056315366049879325
P09131-2,6.448275862068965,0.5582089552238806
Q9H2X3-4,0.05652173913043478,0.005999077065066913
Q92956-2,0.4444444444444444,0.06077348066298342
Q7Z614-3,0.32432432432432434,0.0332409972299169
Q9UMX0-4,0.006818181818181818,0.0010056989607777405
O43852-7,0.46473029045643155,0.05104831358249772
Q6ZRI8-4,0.4,0.06666666666666667
P40424-3,0.1,0.02912621359223301
O95299-2,1.2965116279069768,0.14433656957928803
Q9UGN4-3,0.07142857142857142,0.009562841530054645
P17036-2,0.12394366197183099,0.016975308641975308
O60239-2,1.2802547770700636,0.1630170316301703
Q7Z422-3,0.6111111111111112,0.08270676691729323
Q9BXN2-9,0.055865921787709494,0.007132667617689016
Q9Y616-2,1.6885245901639345,0.17252931323283083
Q9NS73-2,0.06382978723404255,0.009900990099009901
Q6PI98-4,,
Q8IUX8-2,,
P25686-2,0.06,0.017341040462427744
Q9NR56-4,0.026905829596412557,0.004418262150220913
Q02548-11,0.015267175572519083,0.004310344827586207
Q96NA2-2,0.15566037735849056,0.021724818959842
Q9UPM6-5,0.0027624309392265192,0.00040666937779585197
Q8WUR7-3,3.4193548387096775,0.3680555555555556
P62633-6,,
Q8IXM2-3,2.0,1.0
Q13938-3,2.2962962962962963,0.2672413793103448
Q16890-2,0.14516129032258066,0.024657534246575342
Q96B36-2,0.038461538461538464,0.006150061500615006
Q8NCE0-3,5.884615384615385,0.6095617529880478
Q9Y3V2-3,0.03007518796992481,0.003372681281618887
Q9NS61-5,0.6115107913669064,0.0845771144278607
P35372-10,,
Q8IZV2-2,1.7241379310344827,0.18726591760299627
Q9NR56-6,0.08403361344537816,0.02032520325203252
O75386-2,3.1666666666666665,0.4418604651162791
Q92838-9,4.386363636363637,0.42417582417582417
O60928-2,0.2771929824561403,0.03176517893043828
Q8N584-3,0.14990512333965844,0.014439773350392981
Q9UJL9-2,0.5196078431372549,0.07310344827586207
Q9BWK5-2,0.09090909090909091,0.022727272727272728
Q86WG3-3,2.0,1.0
Q9UH03-3,0.2852233676975945,0.032033963720571206
O15178-2,0.0847457627118644,0.023474178403755867
Q9BWV3-3,0.660377358490566,0.07010014306151645
Q86SI9-3,0.391304347826087,0.06474820143884892
Q9NSY0-2,0.4121863799283154,0.04251386321626617
A6NFC5-2,1.7857142857142858,0.2604166666666667
Q9BRK5-5,0.5991379310344828,0.0727367870225013
O00294-2,0.9056603773584906,0.17142857142857143
Q6NXT4-3,4.695652173913044,0.4864864864864865
Q96E14-2,1.4948453608247423,0.1691948658109685
Q99439-2,1.1794871794871795,0.1796875
Q9Y3I1-3,0.09649122807017543,0.013398294762484775
P30307-4,0.045454545454545456,0.012195121951219513
Q6YI46-2,0.5075757575757576,0.06581532416502947
Q8NDD1-6,4.0,1.0
Q969W8-2,,
Q9NUL3-2,2.027027027027027,0.2631578947368421
O43464-3,2.9444444444444446,0.2889858233369684
Q92466-2,0.7936507936507936,0.07598784194528875
Q8TC26-2,0.003472222222222222,0.00037355248412401944
Q9BZB8-4,0.7443820224719101,0.13925380977404098
Q86U42-2,0.25,0.08108108108108109
Q8NEM1-2,0.008968609865470852,0.0011947431302270011
Q32NC0-2,0.8522727272727273,0.10204081632653061
Q9BSA4-2,0.9532710280373832,0.09813983322642719
P41440-2,2.6129032258064515,0.30223880597014924
P53990-3,0.015748031496062992,0.0038461538461538464
P28799-3,0.356,0.040289723856948845
Q96RR4-7,0.03571428571428571,0.010101010101010102
Q8N9V6-2,0.048034934497816595,0.008227374719521317
Q99706-3,0.5714285714285714,0.07194244604316546
Q96DZ9-3,0.6440677966101694,0.09921671018276762
Q8WVI7-2,,
Q8IZU0-2,0.13043478260869565,0.023622047244094488
Q5BKX5-2,0.011494252873563218,0.0013003901170351106
Q9BXN2-6,0.05555555555555555,0.0070921985815602835
Q9HA38-2,6.0,1.0
Q96JF0-2,2.7191011235955056,0.2619047619047619
Q9NQ94-3,0.01808785529715762,0.0021244309559939304
Q8N2H4-2,0.925,0.1008174386920981
P16410-2,0.10778443113772455,0.012064343163538873
Q96FG2-6,1.208955223880597,0.17960088691796008
Q9NQX7-3,3.7567567567567566,0.35917312661498707
Q9NRX4-2,3.2666666666666666,0.34265734265734266
Q8N370-2,1.4662576687116564,0.148171109733416
Q5DX21-3,0.021367521367521368,0.0022988505747126436
P35680-3,0.014423076923076924,0.004070556309362279
Q6P6C2-1,0.3333333333333333,0.1111111111111111
Q96K21-3,0.35294117647058826,0.049586776859504134
Q96HC4-7,0.018036072144288578,0.0030959752321981426
Q3SXY8-2,1.588785046728972,0.14991181657848324
Q9BTM9-2,4.818181818181818,0.5247524752475248
Q92563-2,0.027700831024930747,0.003849114703618168
O43247-2,0.03529411764705882,0.009900990099009901
Q9NVA1-4,4.037037037037037,0.3720136518771331
Q719I0-3,0.1111111111111111,0.012162162162162163
Q6WBX8-2,0.023529411764705882,0.002935995302407516
Q9NQ34-2,1.2162162162162162,0.14423076923076922
Q9BU19-4,0.05664488017429194,0.010007698229407237
Q03060-32,0.005813953488372093,0.0010649627263045794
O43566-4,0.0035398230088495575,0.000513083632632119
Q8N108-20,0.0019569471624266144,0.00035523978685612787
Q92890-1,,
Q96NA8-2,6.0,1.0
Q96RR4-4,1.9069767441860466,0.25
O14512-2,0.184,0.0465587044534413
Q96HH9-5,0.11538461538461539,0.031088082901554404
Q92782-3,0.16363636363636364,0.024390243902439025
O00167-2,0.25,0.06521739130434782
Q9H1N7-3,1.9645390070921986,0.20263350402340893
Q8NA29-3,1.2324324324324325,0.13555291319857313
Q8N5H3-1,1.6153846153846154,0.2
Q6NT76-2,0.19480519480519481,0.034324942791762014
Q969X2-3,2.1129032258064515,0.2310405643738977
Q6ICL7-2,2.1818181818181817,0.22478386167146974
Q96A73-3,0.01932367149758454,0.003898635477582846
Q68EN5-2,2.413793103448276,0.2441860465116279
Q9NQ69-3,0.0025252525252525255,0.0003979307600477517
P41134-2,0.6153846153846154,0.13793103448275862
Q9UI08-3,0.007228915662650603,0.0011815675462780622
Q9BWK5-3,0.07272727272727272,0.017857142857142856
O76075-3,0.04263565891472868,0.004759844223279966
Q6P4E1-2,0.12280701754385964,0.026615969581749048
P11686-2,3.6666666666666665,0.55
Q9BZB8-2,0.06666666666666667,0.012594458438287154
Q9H1Y3-2,1.5566037735849056,0.15207373271889402
Q3SX64-2,0.1388888888888889,0.026737967914438502
Q92985-4,1.0,0.2631578947368421
Q9Y225-2,,
Q96MH6-3,0.33488372093023255,0.03202846975088968
P52429-2,0.279126213592233,0.02805562332276165
Q7L513-9,,
Q9H7Y0-2,0.6891385767790262,0.06980273141122914
Q4AE62-4,2.046511627906977,0.2088607594936709
Q9UK59-2,1.5508474576271187,0.13367421475529584
P24530-3,,
Q96AN5-2,2.09,0.2269272529858849
Q96HJ3-2,0.05847953216374269,0.00927643784786642
P22626-2,0.5,0.125
Q9NUL3-6,0.22093023255813954,0.026836158192090395
Q9NUK0-2,0.031578947368421054,0.009708737864077669
Q9UJV8-2,0.5932203389830508,0.08274231678486997
Q96FZ5-2,2.6363636363636362,0.258160237388724
Q96G28-2,,
Q4JDL3-11,1.0360655737704918,0.1413237924865832
Q9UPM6-4,0.0027624309392265192,0.00040666937779585197
P52926-2,0.11538461538461539,0.02912621359223301
Q9UHX1-2,1.3529411764705883,0.19327731092436976
A2A2Y4-4,0.0016778523489932886,0.0002067397146991937
O95258-3,0.8295454545454546,0.08628841607565012
Q03060-13,0.028688524590163935,0.0056315366049879325
Q07699-2,0.10144927536231885,0.013806706114398421
Q9BZE9-4,0.0036231884057971015,0.0005017561465127947
Q9NR83-4,0.15151515151515152,0.035545023696682464
Q400G9-2,1.087248322147651,0.14136125654450263
Q9C010-2,,
Q16775-3,0.8834355828220859,0.08098987626546682
P10909-3,1.502857142857143,0.1628482972136223
O94864-4,0.6397058823529411,0.10151691948658109
Q06547-2,0.6666666666666666,0.2222222222222222
P55001-2,8.0,1.0
Q86XK3-3,0.3076923076923077,0.08
Q7L513-10,0.4,0.05263157894736842
Q8NBM4-4,0.48128342245989303,0.04907306434023991
Q9Y5P2-3,0.057692307692307696,0.010135135135135136
Q96GE6-4,1.6170212765957446,0.17194570135746606
Q9Y250-3,0.6060606060606061,0.09345794392523364
Q8IWS0-2,0.02666666666666667,0.0035671819262782403
Q9BT17-2,1.7394366197183098,0.17333333333333334
Q8TD07-5,2.1363636363636362,0.2315270935960591
Q8WU39-2,0.8307692307692308,0.09342560553633218
Q4G0J3-3,,
Q9UN86-2,0.3939393939393939,0.0962962962962963
P17936-2,,
Q96NJ3-2,0.03225806451612903,0.0054525627044711015
Q02548-9,0.019230769230769232,0.004750593824228029
Q5T124-6,0.14468085106382977,0.02103960396039604
Q96A59-2,0.11822660098522167,0.012358393408856848
P23760-5,0.03488372093023256,0.010033444816053512
P35348-8,0.7093023255813954,0.10608695652173913
Q9Y3T6-3,0.19047619047619047,0.047058823529411764
Q9NSI8-2,0.5535714285714286,0.12863070539419086
Q8IWS0-4,0.02654867256637168,0.0035587188612099642
Q8NHW4-8,0.13636363636363635,0.016885553470919325
P19438-3,0.04741379310344827,0.006310958118187034
Q8N5J2-3,,
Q9NP85-2,2.426470588235294,0.24444444444444444
Q99729-3,0.017543859649122806,0.002416626389560174
Q99729-4,0.017543859649122806,0.002416626389560174
P36941-2,0.1935483870967742,0.03896103896103896
P29353-5,0.95,0.16264591439688716
Q9Y543-2,0.2222222222222222,0.036458333333333336
P13727-2,6.454545454545454,0.568
Q9BWL3-4,0.717391304347826,0.09295774647887324
Q9NYB9-2,0.03278688524590164,0.009029345372460496
Q8N7N1-2,3.7941176470588234,0.41214057507987223
P55854-2,,
Q05084-2,,
Q9H902-2,1.0294117647058822,0.12195121951219512
Q9Y2I8-3,0.8809523809523809,0.0880253766851705
O00273-2,0.7428571428571429,0.09701492537313433
Q96GE6-5,0.08552631578947369,0.009723261032161555
Q9BSI4-2,0.17525773195876287,0.03908045977011494
Q15366-3,0.4864864864864865,0.11739130434782609
Q01196-7,0.3987341772151899,0.08641975308641975
Q9H9L7-2,0.28888888888888886,0.042071197411003236
Q5BJH7-5,0.010067114093959731,0.0011947431302270011
A2IDD5-2,0.0398406374501992,0.0059382422802850355
Q8IVM8-2,0.7584415584415585,0.07217004448838359
Q9UHD8-7,0.3157894736842105,0.08333333333333333
Q8IV50-2,0.8461538461538461,0.14076782449725778
P54821-2,0.08695652173913043,0.01652892561983471
P22674-2,0.4594594594594595,0.045053003533568906
Q9BZE9-3,0.4110854503464203,0.05552089831565814
Q7Z7C8-4,0.34,0.08292682926829269
P0DI81-2,0.07971014492753623,0.00858704137392662
O60291-4,0.3181818181818182,0.08045977011494253
Q8N5Y2-4,0.06626506024096386,0.009298393913778529
Q9H6L4-2,0.3829787234042553,0.03988183161004431
O96017-10,0.21307506053268765,0.023668639053254437
O00453-11,,
Q2TAL5-2,0.034722222222222224,0.005636978579481398
O95544-2,3.340909090909091,0.3721518987341772
Q8NG50-6,0.2398190045248869,0.025517573423206548
Q8N8Q8-4,0.6244343891402715,0.06583969465648855
O95971-3,3.5,0.7777777777777778
Q99719-2,0.005434782608695652,0.0006345177664974619
O60667-3,0.14935064935064934,0.028083028083028084
Q96NX5-2,0.10344827586206896,0.028037383177570093
Q13360-3,0.01084010840108401,0.001516300227445034
Q9NQ69-4,0.7647058823529411,0.15081206496519722
Q9BZW8-4,0.26804123711340205,0.02914798206278027
Q9NQR1-2,0.07142857142857142,0.012422360248447204
P20366-2,0.7368421052631579,0.1346153846153846
P42696-2,0.7440758293838863,0.0910144927536232
Q9Y603-2,0.7029702970297029,0.08953341740226986
Q9UKA8-5,1.7241379310344827,0.18518518518518517
O43768-6,0.016666666666666666,0.003115264797507788
Q9BX59-6,0.8540772532188842,0.09945027486256872
Q6GPH4-7,2.3333333333333335,0.26582278481012656
Q8NAU1-3,0.007722007722007722,0.0010964912280701754
Q49AR2-3,0.8068181818181818,0.09232769830949285
Q86SE5-2,0.5,0.051470588235294115
Q96FX2-2,3.6,0.375
Q8IX29-2,2.25,0.2621359223300971
Q99504-5,0.10869565217391304,0.03067484662576687
Q96J87-3,0.7777777777777778,0.18584070796460178
Q5VIY5-2,0.1320754716981132,0.01808785529715762
Q9UBR5-5,1.5365853658536586,0.2
Q96DZ9-5,0.6440677966101694,0.09921671018276762
Q7Z5M8-5,0.0581039755351682,0.005626295528575659
Q9UHD8-5,0.20833333333333334,0.054945054945054944
P35241-3,0.1766848816029144,0.020425352705832806
Q9NR56-7,0.12871287128712872,0.029748283752860413
Q9BT25-3,3.0,1.0
Q6UXI9-4,0.0764525993883792,0.01250625312656328
Q15329-3,0.07453416149068323,0.010362694300518135
Q9H0A6-6,0.1881918819188192,0.022516556291390728
Q7Z422-5,5.0,1.0
P41587-2,0.4830508474576271,0.05870236869207003
Q9UHD8-2,0.20833333333333334,0.054945054945054944
Q8TAA5-2,0.06756756756756757,0.007704160246533128
Q9Y2Q1-4,1.0303030303030303,0.18888888888888888
P14091-2,1.6240601503759398,0.15494978479196556
Q9Y3Q8-2,0.02092050209205021,0.005512679162072767
P60602-2,2.3333333333333335,0.2441860465116279
Q96NT0-2,0.0223463687150838,0.002770083102493075
Q5HYR2-2,0.1076923076923077,0.026022304832713755
Q14188-8,0.6065573770491803,0.13357400722021662
Q96GM1-2,0.09345794392523364,0.010814708002883922
Q9P2K3-2,0.004048582995951417,0.000676132521974307
Q02548-7,0.09523809523809523,0.025210084033613446
Q9BYV8-5,0.017064846416382253,0.0021958717610891525
P08118-2,0.5641025641025641,0.0668693009118541
P26436-4,0.07142857142857142,0.019305019305019305
O75575-3,0.9333333333333333,0.13291139240506328
Q96GD4-3,0.072992700729927,0.007462686567164179
Q8TCT6-3,0.9302325581395349,0.09852216748768473
Q9NW81-6,0.7142857142857143,0.07532956685499058
Q9NVZ3-4,4.730769230769231,0.5418502202643172
Q9BPZ7-5,0.3712871287128713,0.04293073840870063
P49768-5,0.9662162162162162,0.11163153786104606
O60664-3,8.0,1.0
Q3B8N5-2,0.43171806167400884,0.09702970297029703
Q9BQY9-3,0.007751937984496124,0.001763668430335097
P36551-2,1.0710382513661203,0.1076923076923077
Q9HD23-4,4.285714285714286,0.4326923076923077
Q68EN5-3,0.8683274021352313,0.1178743961352657
P01135-4,1.0,0.5
Q8IW45-2,3.204081632653061,0.2720970537261698
Q92731-2,0.9344262295081968,0.1347517730496454
Q8NHJ6-3,4.0,1.0
Q8NDW4-2,0.0042643923240938165,0.0006523157208088715
Q3KP22-3,0.03937007874015748,0.010309278350515464
Q93062-3,0.2631578947368421,0.07246376811594203
P05549-5,0.15384615384615385,0.05
Q9BQ16-9,0.0160857908847185,0.002274450341167551
Q96FE7-2,0.14925373134328357,0.029585798816568046
O76064-2,0.33910891089108913,0.045021360499507064
Q6WBX8-3,0.023529411764705882,0.002935995302407516
Q5TID7-3,7.0,1.0
O43566-5,0.3314285714285714,0.047619047619047616
Q16630-3,0.0684931506849315,0.019455252918287938
P17096-2,0.6363636363636364,0.14893617021276595
Q5SQ64-2,0.1,0.027522935779816515
Q9NQW5-1,0.004073319755600814,0.0006523157208088715
Q6UWT4-2,0.4666666666666667,0.11864406779661017
Q15654-3,0.011363636363636364,0.0017355085039916696
Q6ZRI8-3,1.5441176470588236,0.19230769230769232
Q8IZL9-2,1.1787709497206704,0.13396825396825396
Q8N565-2,0.7142857142857143,0.18518518518518517
Q9NVL1-3,1.3823529411764706,0.1934156378600823
O43602-2,1.2,0.3333333333333333
Q96D96-3,0.47619047619047616,0.06756756756756757
Q9UHC7-2,0.75,0.15384615384615385
O00453-6,0.2962962962962963,0.037383177570093455
Q9BQP9-2,3.7027027027027026,0.36533333333333334
P16410-3,0.07526881720430108,0.008939974457215836
Q8IZ73-2,2.377049180327869,0.2504317789291883
P07910-3,1.7160493827160495,0.2161741835147745
Q96CQ1-2,0.8296703296703297,0.08564946114577425
O43521-13,0.019230769230769232,0.0033222591362126247
Q08648-4,0.125,0.017543859649122806
P17544-4,0.03409090909090909,0.00821917808219178
Q16890-5,0.20689655172413793,0.04918032786885246
P52926-5,0.11538461538461539,0.02912621359223301
Q9UGK3-2,,
Q99755-4,0.24390243902439024,0.026595744680851064
Q01534-2,1.4705882352941178,0.24752475247524752
P57721-2,1.2,0.1875
Q53GL0-2,0.4117647058823529,0.07692307692307693
Q8IY57-3,0.5,0.0670926517571885
Q9NTX7-2,3.0,1.0
O60664-4,1.4166666666666667,0.19540229885057472
Q7L513-15,0.057692307692307696,0.007072135785007072
Q96B36-3,,
P61619-3,1.4166666666666667,0.1542649727767695
Q92734-4,0.018518518518518517,0.0051635111876075735
Q6UX71-2,3.5918367346938775,0.39111111111111113
Q15366-6,5.0,0.625
Q9NS73-3,0.2716049382716049,0.039568345323741004
Q6NT76-3,7.0,0.875
Q8N5N4-2,0.11594202898550725,0.02072538860103627
P54725-2,1.1090909090909091,0.1831831831831832
P85299-4,0.7052631578947368,0.08556832694763729
O14521-4,0.8333333333333334,0.09761388286334056
Q3ZCV2-2,0.43478260869565216,0.09259259259259259
Q8N2U9-3,0.8291139240506329,0.09611151870873075
Q9Y262-2,2.8541666666666665,0.2946236559139785
Q8IVP9-2,0.3333333333333333,0.04157549234135667
Q99504-4,0.09433962264150944,0.02617801047120419
Q9C0H2-3,1.7681159420289856,0.18227091633466136
Q5RI15-2,,
Q92879-3,0.22388059701492538,0.04451038575667656
Q6IPT2-2,1.5,0.23529411764705882
P07585-5,0.1875,0.018342391304347828
Q96GU1-2,0.25,0.06329113924050633
O43281-3,0.047058823529411764,0.00949367088607595
P05549-6,0.14285714285714285,0.047619047619047616
P49768-3,0.013605442176870748,0.0016
Q9BQB6-2,1.3478260869565217,0.14418604651162792
Q9Y383-2,1.5,0.18518518518518517
Q16637-4,0.023529411764705882,0.004132231404958678
Q5SQN1-2,1.5833333333333333,0.17272727272727273
Q8NBW4-2,2.41044776119403,0.22698524244553758
O60512-2,0.5471014492753623,0.056154704351059875
P01282-2,6.0,1.0
Q14CB8-6,2.896551724137931,0.29577464788732394
Q03060-25,0.009868421052631578,0.0017331022530329288
Q9UKA9-5,0.546448087431694,0.055741360089186176
Q9NNX6-11,0.4028436018957346,0.0497366881217086
Q9UK80-3,8.0,0.7
O43521-20,0.104,0.01943198804185351
P85299-5,1.25,0.3333333333333333
P08651-4,0.0039447731755424065,0.00065359477124183
P58340-5,2.44,0.2663755458515284
Q9Y383-3,1.631578947368421,0.19745222929936307
Q00987-3,0.1282051282051282,0.022595222724338282
Q9Y6N1-2,3.566666666666667,0.4196078431372549
Q8NHW4-6,2.2142857142857144,0.25833333333333336
Q9ULK6-4,1.4,0.15300546448087432
P49023-2,0.11764705882352941,0.03508771929824561
Q9Y6S9-2,0.050239234449760764,0.006626696118649416
Q8NEY8-7,0.00437636761487965,0.0009149130832570906
Q92482-2,1.625,0.15926493108728942
Q9Y250-2,0.8695652173913043,0.10869565217391304
Q7Z4T8-2,0.29153605015673983,0.028606582589972316
Q8NA61-2,0.1568627450980392,0.029850746268656716
A2RRL7-3,8.0,1.0
Q9BRA0-2,0.24,0.06382978723404255
Q8N6U8-6,,
Q9BTT0-2,3.3902439024390243,0.31235955056179776
P49798-3,,
Q8N2C3-2,0.05394190871369295,0.007864488808227465
Q7LFX5-2,1.837837837837838,0.2
Q02161-4,2.9322033898305087,0.3083778966131907
Q5XKK7-3,0.041666666666666664,0.008130081300813009
B4DS77-3,0.11965811965811966,0.03023758099352052
Q5XKR9-5,0.04,0.009009009009009009
Q8WW12-2,0.06666666666666667,0.01
P20340-3,1.8557692307692308,0.17657822506861848
O60828-3,0.0821917808219178,0.012987012987012988
Q5SSJ5-2,0.05263157894736842,0.014492753623188406
Q00536-2,,
Q8NHJ6-2,4.0,1.0
Q96BR9-2,0.23636363636363636,0.04262295081967213
Q8WWW0-3,1.7840909090909092,0.21187584345479082
Q15366-2,,
A6NNE9-2,0.3442622950819672,0.06531881804043546
Q69YI7-2,0.01910828025477707,0.0030643513789581204
Q9Y2Q1-2,2.2857142857142856,0.27586206896551724
Q9BZI7-2,1.0769230769230769,0.14285714285714285
P29353-2,0.32727272727272727,0.0861244019138756
Q96J87-4,0.013774104683195593,0.001966181675186787
Q9BUK0-5,0.373134328358209,0.043782837127845885
Q6NSZ9-2,0.1388888888888889,0.029411764705882353
Q5SQQ9-2,0.17277486910994763,0.03455497382198953
Q86YH6-2,0.7553191489361702,0.07244897959183673
P55327-3,0.06666666666666667,0.014778325123152709
E9PKD4-2,0.07352941176470588,0.019455252918287938
O75952-4,0.04153354632587859,0.009826152683295541
P35348-9,0.7251461988304093,0.10896309314586995
P40337-2,3.0,0.3022113022113022
Q9NXX6-2,0.3557692307692308,0.04654088050314465
Q04900-3,0.5384615384615384,0.14285714285714285
Q6P4F2-2,3.2941176470588234,0.3652173913043478
A0AV96-2,0.07246376811594203,0.021834061135371178
Q8N228-3,0.004842615012106538,0.0007704160246533128
Q9NNX6-5,0.21428571428571427,0.061224489795918366
P01135-5,0.14728682170542637,0.020364415862808145
Q9NRG1-3,1.7142857142857142,0.1708185053380783
P57721-5,0.25,0.07692307692307693
Q9BQ16-1,1.3333333333333333,0.5
Q92784-2,0.6818181818181818,0.07853403141361257
Q96M27-3,2.3333333333333335,0.3333333333333333
Q9UN30-2,0.39285714285714285,0.07006369426751592
Q9NZ81-2,0.12,0.02830188679245283
Q9H930-2,2.7142857142857144,0.3242320819112628
P57721-4,6.0,1.0
P52926-4,0.11538461538461539,0.02912621359223301
Q9UKA9-6,0.02608695652173913,0.002926829268292683
Q8IZP0-9,0.2222222222222222,0.06
Q6NT76-4,0.25547445255474455,0.037037037037037035
Q9NWZ5-2,0.2764227642276423,0.028122415219189414
Q8N878-2,1.1142857142857143,0.20855614973262032
Q7Z398-2,1.0,0.1702127659574468
Q9GZR2-2,0.5982532751091703,0.08913467794404685
Q96HY6-2,1.1964285714285714,0.1364562118126273
Q92731-4,0.8524590163934426,0.1262135922330097
P29353-7,0.009615384615384616,0.0014858841010401188
Q8N5U1-2,1.043010752688172,0.1710758377425044
Q8N7R7-2,2.873015873015873,0.3296903460837887
Q8N9Z0-2,1.1395348837209303,0.1952191235059761
Q9HAV5-2,,
Q16637-2,0.25,0.06896551724137931
Q6UWJ8-2,4.0,1.0
Q96PQ6-2,1.0625,0.18681318681318682
Q96DE0-4,1.7241379310344827,0.2
Q9BSY9-2,3.1818181818181817,0.3465346534653465
Q14696-2,0.06134969325153374,0.008012820512820512
Q8N5Y2-6,0.06493506493506493,0.009057971014492754
Q9NQ31-3,0.8148148148148148,0.10891089108910891
Q5T4F4-8,0.14107883817427386,0.01951779563719862
Q99735-2,0.7789473684210526,0.07660455486542443
Q96KR7-3,0.01606425702811245,0.003883495145631068
Q13398-5,1.0327868852459017,0.16449086161879894
Q7Z2X4-2,0.8809523809523809,0.14068441064638784
Q86YD3-4,0.2608695652173913,0.05263157894736842
Q5FBB7-5,0.004962779156327543,0.0011574074074074073
Q9H3P2-7,0.049429657794676805,0.006993006993006993
Q9BSG5-3,,
Q9Y250-4,0.3389830508474576,0.04739336492890995
Q5JVG8-2,1.375,0.205607476635514
Q9NQ69-2,0.23529411764705882,0.0625
Q6NZI2-2,0.14444444444444443,0.023090586145648313
Q6YI46-3,0.16455696202531644,0.020456333595594022
Q8IYI0-2,1.3148148148148149,0.16247139588100687
Q9Y3I1-2,0.12222222222222222,0.015006821282401092
Q96HZ4-4,0.07792207792207792,0.012903225806451613
Q6P1K2-5,0.03614457831325301,0.004846526655896607
Q15942-2,0.6560509554140127,0.1349934469200524
Q15583-4,0.06711409395973154,0.018867924528301886
Q5JS13-6,0.2309278350515464,0.028688524590163935
Q9H8X9-2,0.0024330900243309003,0.00031026993484331366
Q15390-2,0.30303030303030304,0.056179775280898875
Q8IZP0-12,0.1489971346704871,0.031287605294825514
Q07666-2,0.16,0.044444444444444446
Q12982-2,,
P56693-2,0.05555555555555555,0.013774104683195593
O95297-4,1.0483870967741935,0.1264591439688716
Q9Y2Q1-3,1.375,0.17886178861788618
Q93038-8,0.366120218579235,0.045547246770904146
Q99502-2,0.1,0.028169014084507043
Q5JRV8-3,1.625,0.2484076433121019
Q9NR56-2,0.6666666666666666,0.1276595744680851
Q92481-2,,
Q86UQ8-2,0.05,0.009345794392523364
Q00987-5,0.4,0.06910569105691057
Q03060-26,0.005813953488372093,0.0010649627263045794
P15336-8,0.10803324099722991,0.02155887230514096
Q9BU19-3,0.11627906976744186,0.026246719160104987
Q16595-2,1.6,0.17391304347826086
O75771-2,0.12857142857142856,0.013215859030837005
Q92879-2,5.0,0.625
P28069-2,,
Q6X4W1-2,7.0,0.875
Q8N7H5-3,0.003883495145631068,0.0006222775357809583
O43521-2,0.11666666666666667,0.029045643153526972
Q9BSQ5-2,0.4444444444444444,0.125
O14948-4,0.056818181818181816,0.012106537530266344
Q9BXN2-8,0.014150943396226415,0.0018326206475259622
Q04900-4,0.2631578947368421,0.0847457627118644
Q96EX2-5,3.1136363636363638,0.3333333333333333
Q86Y97-2,0.2676056338028169,0.0375
Q0D2J5-2,,
Q2T9K0-2,0.23404255319148937,0.042801556420233464
Q86X95-2,0.010380622837370242,0.0022641509433962265
O75143-2,0.16216216216216217,0.046153846153846156
P28908-2,0.01079913606911447,0.0018083182640144665
Q9BQ16-2,0.04065040650406504,0.006273525721455458
Q6P1R3-3,0.7692307692307693,0.10989010989010989
O43193-2,0.9285714285714286,0.11926605504587157
P07108-5,4.5,0.8181818181818182
Q8TD35-2,0.6842105263157895,0.10077519379844961
Q2VYF4-4,0.09813084112149532,0.016976556184316895
Q8IY57-5,,
Q92988-3,0.0041841004184100415,0.0008703220191470844
Q15004-2,0.07352941176470588,0.017064846416382253
Q96IZ5-3,0.02092050209205021,0.003138731952291274
Q9NQ94-4,0.02072538860103627,0.002430133657351154
P56134-3,0.5,0.06493506493506493
Q6NT76-5,0.65625,0.13548387096774195
Q2NKX9-3,0.03296703296703297,0.004665629860031105
Q9HC73-2,0.7857142857142857,0.11811023622047244
Q6UXF7-2,0.33159268929503916,0.03566413928671722
Q9GZP8-2,0.03333333333333333,0.008849557522123894
Q9UBR5-4,3.0625,0.29518072289156627
Q8TD10-3,0.03597122302158273,0.004612546125461255
Q9BQ16-5,0.7142857142857143,0.11400651465798045
Q9UPY6-2,0.22033898305084745,0.04436860068259386
O43555-3,0.7142857142857143,0.23809523809523808
Q9UK76-3,0.15217391304347827,0.03414634146341464
Q9Y5J3-2,,
Q9H6P5-2,0.7883435582822086,0.0718077675328304
Q5VZF2-2,0.023809523809523808,0.007633587786259542
Q5FBB7-7,0.017341040462427744,0.004335260115606936
Q5BJH7-4,0.010067114093959731,0.0011947431302270011
Q9H300-2,4.1568627450980395,0.36551724137931035
P57721-3,2.36,0.3575757575757576
Q6ZV89-2,1.619047619047619,0.19941348973607037
O14770-5,0.24858757062146894,0.04966139954853273
Q70UQ0-3,0.04482758620689655,0.005649717514124294
Q99704-3,0.05755395683453238,0.0072992700729927005
Q9NQ94-6,3.4,0.3887733887733888
Q01543-4,0.1076923076923077,0.018901890189018902
Q9UFG5-2,0.2777777777777778,0.03597122302158273
Q6UWH4-2,5.576923076923077,0.5555555555555556
O75381-2,1.069767441860465,0.17829457364341086
P25101-3,0.8693877551020408,0.10138029509757258
Q8WUX9-2,0.25,0.02935290193462308
Q6UXI9-6,,
O43581-4,6.0,1.0
Q6UXI9-2,0.028089887640449437,0.0032404406999351912
Q5JTD0-3,0.021400778210116732,0.0037555479685899623
Q3KNT9-3,0.13157894736842105,0.01730103806228374
Q16629-3,0.009174311926605505,0.002570694087403599
Q9H3J6-2,0.9166666666666666,0.10543130990415335
Q15697-2,0.07575757575757576,0.013169446883230905
Q96A61-2,0.38461538461538464,0.050505050505050504
Q6UW88-6,0.15,0.02092050209205021
Q9Y275-3,0.8387096774193549,0.0859504132231405
Q2TBC4-3,4.0,1.0
P25445-5,0.26339285714285715,0.031771674744211095
Q13261-5,0.06936416184971098,0.015625
C9JBD0-2,0.8823529411764706,0.10638297872340426
Q8NF99-3,0.0057306590257879654,0.0007911392405063291
P30279-2,0.875,0.09320252277505256
Q8IWD4-2,0.06422018348623854,0.017811704834605598
Q8IYV9-3,0.30272108843537415,0.03673132480396203
Q9H2X3-5,0.11009174311926606,0.01238390092879257
Q16629-2,0.009174311926605505,0.002570694087403599
O43768-9,0.05,0.010033444816053512
Q8IZ96-2,0.6,0.13761467889908258
Q9NR12-4,0.09774436090225563,0.012264150943396227
Q9BY79-2,0.5317073170731708,0.05680041688379364
Q6ZUS6-6,0.20833333333333334,0.02664298401420959
Q92734-3,0.023622047244094488,0.0064794816414686825
O75143-3,0.1383399209486166,0.029991431019708654
Q8WWH4-2,2.4444444444444446,0.39285714285714285
Q9NZC4-3,,
Q96J42-2,0.35294117647058826,0.09375
Q8WYJ6-2,0.5954545454545455,0.07001603420630678
Q8N4V1-2,,
Q6UWF3-3,2.2857142857142856,0.3076923076923077
P22415-2,0.3050847457627119,0.059602649006622516
Q8N9Z9-2,0.061855670103092786,0.017142857142857144
Q5SZJ8-4,0.26262626262626265,0.03209876543209877
Q6P9H5-3,0.011450381679389313,0.0012072434607645875
Q9NYB9-4,1.5,0.2903225806451613
P40259-2,0.07692307692307693,0.008403361344537815
Q9C0E8-2,0.625,0.1282051282051282
P08174-6,4.0,1.0
Q96GN5-5,0.13043478260869565,0.02702702702702703
P11308-2,0.048582995951417005,0.008333333333333333
Q8N4S9-3,2.0,0.32432432432432434
Q5VXU3-2,3.75,0.43352601156069365
Q92879-5,0.11650485436893204,0.013245033112582781
Q9NW68-8,0.375,0.06231454005934718
Q96N95-2,0.013513513513513514,0.002070393374741201
Q9NUN5-4,0.0111731843575419,0.0011450381679389313
Q96DX4-2,0.15434782608695652,0.015096746757388901
O95256-3,0.2762312633832976,0.031781226903178125
Q8IZP0-5,0.0547945205479452,0.014705882352941176
Q6V9R5-2,0.25,0.04285714285714286
Q86VW2-3,0.9354838709677419,0.14146341463414633
Q16610-3,0.0037105751391465678,0.0004930966469428008
Q4VC12-2,0.7954545454545454,0.08728179551122195
O75319-2,0.5575757575757576,0.10672853828306264
Q8TCY5-2,0.019230769230769232,0.004807692307692308
Q49AM3-2,0.2928870292887029,0.03783783783783784
P19484-2,0.15294117647058825,0.030732860520094562
Q5SXH7-1,0.06451612903225806,0.007987220447284345
Q8NBN3-2,0.8113695090439277,0.09085648148148148
Q6B8I1-5,0.9057971014492754,0.0862663906142167
Q96AY2-2,,
Q9Y2W6-3,3.2444444444444445,0.33031674208144796
Q16637-3,0.625,0.09433962264150944
Q8NBJ7-3,3.6533333333333333,0.33578431372549017
Q9UHF0-3,0.2631578947368421,0.04950495049504951
Q06710-4,0.010526315789473684,0.003003003003003003
Q8NCB2-2,5.214285714285714,0.41954022988505746
Q13261-3,0.4117647058823529,0.08536585365853659
P16220-3,0.04093567251461988,0.007077856420626896
Q8N8F6-4,0.0736196319018405,0.007594936708860759
Q13882-2,0.10695187165775401,0.010964912280701754
Q9ULZ3-3,1.3666666666666667,0.1453900709219858
P02808-2,1.2,0.17647058823529413
P60484-3,0.2693409742120344,0.03069888961463096
Q9BRK5-3,1.1235294117647059,0.12050473186119874
Q6P4E1-5,0.6190476190476191,0.1111111111111111
P07492-2,0.1111111111111111,0.033707865168539325
O60291-2,4.384615384615385,0.5533980582524272
Q03060-12,0.02880658436213992,0.005649717514124294
O60356-2,,
Q11203-18,0.01488095238095238,0.0015342129487572874
Q16610-4,4.0,1.0
P57077-1,0.22727272727272727,0.05747126436781609
Q2T9K0-6,0.49361702127659574,0.08111888111888112
P50607-2,0.4166666666666667,0.10638297872340426
Q9Y3Y2-4,0.08695652173913043,0.023529411764705882
P30307-3,0.06896551724137931,0.018867924528301886
Q8N769-3,0.053763440860215055,0.00945179584120983
O60936-1,0.05309734513274336,0.01327433628318584
Q13247-2,0.015444015444015444,0.0027397260273972603
Q9HCS2-2,0.2574712643678161,0.025033527045149755
Q7Z5B4-3,0.054945054945054944,0.00980392156862745
P51991-2,0.2727272727272727,0.07142857142857142
Q8NHP7-3,2.25,0.2903225806451613
Q8IYU4-2,0.22325581395348837,0.040268456375838924
Q9P2K3-3,,
O43914-3,1.0909090909090908,0.23076923076923078
O75208-2,0.4010416666666667,0.044534412955465584
Q70YC5-4,,
Q0D2I5-7,0.13978494623655913,0.024208566108007448
Q9H098-2,,
Q11203-22,0.01488095238095238,0.0015342129487572874
Q96C92-2,0.21739130434782608,0.06172839506172839
O60291-3,0.5025380710659898,0.11012235817575083
A6NDY0-4,0.16666666666666666,0.05
P30307-2,0.2,0.05172413793103448
Q8NBM4-3,1.7787610619469028,0.17803365810451727
Q6P9G9-2,0.042606516290726815,0.006280014776505356
Q6IA17-2,0.018867924528301886,0.005235602094240838
P55916-3,0.9514563106796117,0.10337552742616034
Q00987-7,0.18509615384615385,0.034329023629068214
Q9NRQ2-2,0.6183574879227053,0.09142857142857143
Q86UF4-2,0.0502092050209205,0.011834319526627219
Q9NR56-5,0.18840579710144928,0.04075235109717868
O95319-5,0.013966480446927373,0.001991238550378335
Q8IXT2-2,0.013761467889908258,0.003367003367003367
Q9NX55-3,0.14925373134328357,0.017064846416382253
Q9UBK5-2,5.0,1.0
Q8TBK6-2,0.3181818181818182,0.07865168539325842
Q6P4D5-2,0.1875,0.02377179080824089
Q01130-2,0.5,0.13043478260869565
Q14498-2,0.8333333333333334,0.21739130434782608
Q15742-2,0.5048543689320388,0.08798646362098139
P26436-3,0.10909090909090909,0.0297029702970297
O75052-2,0.05144694533762058,0.007292616226071103
Q9GZY8-4,0.014814814814814815,0.0032258064516129032
Q6NXT1-2,0.3299492385786802,0.044008124576844956
Q5EBM4-2,2.4166666666666665,0.3717948717948718
P18615-4,0.16666666666666666,0.045871559633027525
O43567-2,1.6296296296296295,0.17350157728706625
A6NH52-2,1.3829787234042554,0.14606741573033707
Q8TCC7-3,0.009242144177449169,0.0009039956608208281
Q03060-16,0.02880658436213992,0.005649717514124294
Q5RL73-2,0.37037037037037035,0.08771929824561403
Q96M27-2,3.3636363636363638,0.3978494623655914
Q96ET8-2,0.12295081967213115,0.024077046548956663
Q5XKK7-2,0.03125,0.006160164271047228
Q2M3X9-2,0.8333333333333334,0.21739130434782608
O43399-3,0.43137254901960786,0.055
O43521-3,0.14444444444444443,0.03132530120481928
P18505-2,0.11298076923076923,0.013682678311499273
Q14498-3,0.22727272727272727,0.06493506493506493
Q9Y250-5,0.2608695652173913,0.034782608695652174
Q96GN5-4,0.08823529411764706,0.018867924528301886
Q13610-2,0.3825136612021858,0.038461538461538464
Q7L513-6,0.08695652173913043,0.009334889148191364
Q9Y6N9-5,0.5637583892617449,0.06666666666666667
Q8IZ96-5,0.8679245283018868,0.10599078341013825
Q9UHC7-3,0.11965811965811966,0.01715686274509804
Q9NW81-5,3.5185185185185186,0.31353135313531355
Q9H2X3-8,2.260869565217391,0.24299065420560748
Q11203-26,0.04477611940298507,0.0046168051708217915
Q6S5H5-2,0.07692307692307693,0.010238907849829351
Q9BVC5-2,0.017543859649122806,0.0031413612565445027
P61978-3,0.2471590909090909,0.03732303732303732
Q00987-10,0.09090909090909091,0.02617801047120419
Q01851-2,0.047619047619047616,0.00975609756097561
Q8IZ96-10,0.12307692307692308,0.0142602495543672
Q5VX52-4,0.09900990099009901,0.01256281407035176
Q9UKT9-16,0.09716599190283401,0.014669926650366748
P35659-2,0.6764705882352942,0.15436241610738255
Q15583-2,0.08333333333333333,0.023060796645702306
Q0D2I5-5,0.13978494623655913,0.024208566108007448
Q7Z5M8-4,0.0705521472392638,0.006818855618144086
Q13261-10,1.0277777777777777,0.17703349282296652
Q9NY12-2,0.7777777777777778,0.175
P53539-9,0.012448132780082987,0.0024410089503661514
Q8IZ96-6,0.8679245283018868,0.10599078341013825
Q92879-6,8.0,1.0
Q5VZF2-3,0.3333333333333333,0.10526315789473684
Q96JY6-2,0.01507537688442211,0.0025020850708924102
P15692-11,0.6,0.1485148514851485
O43768-4,0.05,0.010033444816053512
P26367-2,,
Q4KMZ1-2,0.00847457627118644,0.002386634844868735
Q9Y603-4,1.1636363636363636,0.12403100775193798
Q9BT09-2,0.18421052631578946,0.02485207100591716
Q8N8Q8-2,0.6036036036036037,0.0635673624288425
O43474-6,0.014861995753715499,0.0029723991507431
Q14938-6,0.003992015968063872,0.000657030223390276
Q0D2I5-4,,
O75840-6,0.1865671641791045,0.026343519494204427
Q9UHK6-2,0.9362549800796812,0.10221835580687255
Q05940-2,0.8617363344051447,0.08048048048048048
Q5HYL7-4,8.166666666666666,0.6363636363636364
Q6NTF9-2,,
Q8N684-2,1.7777777777777777,0.32
Q99742-2,0.001697792869269949,0.00024551927326295114
Q9NWH7-2,1.125,0.1875
Q9BZB8-3,0.7492957746478873,0.14
Q8N3R3-3,0.1655328798185941,0.018327893547577204
Q6ZSJ8-2,0.19047619047619047,0.031413612565445025
Q8IZP0-6,0.21428571428571427,0.057692307692307696
Q8N490-2,0.14052287581699346,0.01307388263910003
A0PJE2-3,0.0189873417721519,0.0017974835230677051
Q14938-3,0.023809523809523808,0.006535947712418301
Q5TC79-3,0.05128205128205128,0.007836990595611285
Q9C0F1-2,0.10714285714285714,0.016216216216216217
Q9H4M3-2,1.0151515151515151,0.09710144927536232
P51513-5,1.0,0.20689655172413793
O95072-2,0.17647058823529413,0.05660377358490566
P23443-5,5.043478260869565,0.453125
O14979-2,0.07563025210084033,0.02158273381294964
Q6NZ36-5,0.9565217391304348,0.13580246913580246
Q9BQY9-2,0.09183673469387756,0.02050113895216401
P08651-3,0.0039447731755424065,0.00065359477124183
Q99952-2,2.1682242990654204,0.2116788321167883
Q6NXT4-2,,
Q00994-2,0.4,0.10526315789473684
Q2T9K0-7,0.49361702127659574,0.08111888111888112
Q9BUK0-3,0.023809523809523808,0.002857142857142857
A6NNP5-3,0.009389671361502348,0.0013986013986013986
A6NJ78-4,0.9371980676328503,0.10083160083160084
Q96S21-2,6.7368421052631575,0.6153846153846154
O75781-2,2.8863636363636362,0.32987012987012987
O14770-7,0.01050420168067227,0.001864975755315181
Q68CL5-5,0.3950617283950617,0.0855614973262032
Q96EP5-2,0.034482758620689655,0.010101010101010102
Q9H8M2-3,0.03787878787878788,0.007473841554559043
Q9UL40-3,1.4375,0.2169811320754717
Q9BWT1-6,,
Q5VXD3-3,0.7671232876712328,0.12903225806451613
Q13361-2,1.7,0.23943661971830985
P08651-6,0.03529411764705882,0.010380622837370242
Q14103-4,0.01953125,0.0025733401955738548
Q9NS61-6,4.0,1.0
Q9NYP7-3,0.07142857142857142,0.00777000777000777
Q6UXI9-3,,
Q9NUQ6-2,0.10144927536231885,0.027237354085603113
Q96FG2-3,0.6863636363636364,0.07126002831524304
Q5FBB7-4,0.0025906735751295338,0.0005991611743559018
Q9HAT1-3,6.842105263157895,0.65
Q9Y2W7-2,2.590909090909091,0.2893401015228426
O43768-5,0.3333333333333333,0.09375
Q12972-2,0.21830985915492956,0.025060630557801132
Q8IZS5-5,0.02564102564102564,0.004484304932735426
Q6UXD7-3,2.12,0.18006795016987542
Q6ZT89-3,0.9707602339181286,0.10695876288659793
Q8NB59-3,0.3157894736842105,0.056074766355140186
Q9NX45-2,0.08056872037914692,0.016683022571148183
O75298-3,0.03823529411764706,0.009781790820165538
Q9NR11-2,0.10204081632653061,0.016666666666666666
Q9UKY7-3,0.011673151750972763,0.0021849963583394027
P15692-15,0.10666666666666667,0.01639344262295082
Q96G74-2,0.5308219178082192,0.08214096449390568
Q96S90-2,1.1355932203389831,0.18873239436619718
Q92784-5,0.005305039787798408,0.0007782101167315176
O43521-15,0.01910828025477707,0.0033076074972436605
O95704-3,9.0,1.0
P22736-2,,
Q6UWF3-2,0.09803921568627451,0.024271844660194174
Q9UBY9-3,0.06796116504854369,0.008464328899637243
Q9H9S3-2,2.9344262295081966,0.275808936825886
Q8IY57-4,0.13953488372093023,0.028481012658227847
Q96DZ9-6,0.8979591836734694,0.12979351032448377
Q99643-2,0.449438202247191,0.05305039787798409
Q86U06-4,0.06451612903225806,0.016574585635359115
Q02548-2,0.20689655172413793,0.05
Q3KNS6-3,,
Q9HD42-2,0.203125,0.02155887230514096
Q96HL8-3,2.6770833333333335,0.2445290199809705
P35372-17,0.3256578947368421,0.034220532319391636
Q8NDX9-2,2.327272727272727,0.26229508196721313
Q8WY98-2,0.7407407407407407,0.08968609865470852
Q96H15-2,0.21428571428571427,0.061224489795918366
Q9BQ95-3,0.4439252336448598,0.05286588759042849
P08651-5,0.075,0.022058823529411766
Q5T4F4-4,0.0024390243902439024,0.00034518467380048324
Q9UNE0-2,,
Q96AG3-3,1.962962962962963,0.22300140252454417
P18615-3,,
O00453-7,0.10989010989010989,0.017361111111111112
O95319-2,0.011204481792717087,0.001594896331738437
Q9NQ94-5,1.8928571428571428,0.20463320463320464
Q9NW81-3,0.01568627450980392,0.0018198362147406734
P55327-4,0.0718562874251497,0.011009174311926606
P55327-7,,
Q6W5P4-7,0.5473251028806584,0.06086956521739131
Q02548-8,0.09302325581395349,0.021052631578947368
Q5TDP6-2,0.3213213213213213,0.031168074570346635
Q01543-2,0.05333333333333334,0.015384615384615385
P42771-2,1.1372549019607843,0.11693548387096774
Q9UNY5-2,2.3333333333333335,0.2876712328767123
P60985-2,0.8571428571428571,0.13333333333333333
Q96JY6-4,0.10309278350515463,0.014619883040935672
Q9H7X0-4,0.8384615384615385,0.1033175355450237
Q9H9P2-3,0.003676470588235294,0.0004764173415912339
Q6PDA7-4,0.057692307692307696,0.008797653958944282
P54315-2,0.6330532212885154,0.058854166666666666
Q8WV28-2,0.2608695652173913,0.06818181818181818
Q96MV8-2,0.20618556701030927,0.023112480739599383
Q5JWF2-2,1.0625,0.1452991452991453
Q8IZ96-8,0.09154929577464789,0.01117798796216681
O60936-3,,
P20366-3,1.2,0.15254237288135594
Q86U06-2,0.35294117647058826,0.08823529411764706
Q13352-5,,
Q6ZS10-3,1.7875,0.1864406779661017
Q6UW88-4,0.7843137254901961,0.10152284263959391
Q4JDL3-10,0.8084112149532711,0.07867212369258754
Q14CW9-2,,
Q9H9S3-3,2.6363636363636362,0.27102803738317754
Q92731-8,1.036144578313253,0.12078651685393259
Q16610-2,1.384,0.15712988192552224
Q9UHR5-2,0.375,0.1
P78545-2,0.21739130434782608,0.06666666666666667
Q8IXM6-6,0.41743119266055045,0.046169457128361235
Q11203-14,0.6213991769547325,0.06125760649087221
O43236-6,0.0020964360587002098,0.0002764722145424385
P85299-2,0.8113207547169812,0.09706546275395034
P0C1Z6-2,0.4444444444444444,0.125
Q00987-2,0.1076923076923077,0.0171990171990172
A8K8V0-2,0.26666666666666666,0.07407407407407407
O60759-2,1.1037735849056605,0.1927512355848435
Q7L8W6-2,1.1349693251533743,0.1189710610932476
O14770-8,0.01050420168067227,0.001864975755315181
Q9UJD0-2,0.015957446808510637,0.0018259281801582471
Q9GZM7-2,0.004291845493562232,0.0004578754578754579
Q6X4W1-4,0.36666666666666664,0.08148148148148149
P61978-2,2.75,0.5238095238095238
P49023-3,0.11764705882352941,0.03508771929824561
Q9HAK2-2,0.003484320557491289,0.0004868549172346641
Q86W11-3,0.06818181818181818,0.009690816797415782
Q6P4F1-7,0.008368200836820083,0.0009029345372460496
Q14938-5,0.003992015968063872,0.000657030223390276
Q1HG43-2,0.23076923076923078,0.06666666666666667
Q9BRK0-2,,
Q96JC9-2,0.13513513513513514,0.017142857142857144
P58340-4,0.890625,0.14004914004914004
Q5VTY9-4,0.012195121951219513,0.0012072434607645875
Q9UPM6-6,0.5935828877005348,0.08143800440205429
Q9H902-3,2.3,0.27710843373493976
Q9UPM6-3,,
Q9NZU7-1,0.3194444444444444,0.0744336569579288
Q6ZS10-2,0.17557251908396945,0.018297533810660304
Q6ZVM7-4,0.3595505617977528,0.04225352112676056
O43541-4,0.30726256983240224,0.03363914373088685
O14770-3,0.13636363636363635,0.037037037037037035
Q9NZR4-6,0.46794871794871795,0.08030803080308031
O75494-5,0.008547008547008548,0.0024096385542168677
Q06055-2,,
Q14CB8-4,0.034031413612565446,0.0040360136603539275
Q8IZS5-3,0.02564102564102564,0.004484304932735426
Q5T0J7-3,0.11538461538461539,0.025423728813559324
Q02509-3,4.0,1.0
A6NNP5-6,0.009389671361502348,0.0013986013986013986
Q8NEK5-2,,
Q9NW68-9,0.24210526315789474,0.03554868624420402
P56537-2,2.340909090909091,0.22637362637362637
Q96ME7-2,0.15584415584415584,0.04
Q8NFA2-2,8.0,1.0
Q15011-3,0.3392070484581498,0.06295993458708095
P43364-2,0.14285714285714285,0.03875968992248062
Q6ZVM7-2,2.64,0.25287356321839083
P35680-4,0.021645021645021644,0.003714710252600297
O95684-3,0.010050251256281407,0.0018115942028985507
Q96HJ5-2,2.282608695652174,0.2219873150105708
Q7M4L6-2,0.10638297872340426,0.02857142857142857
Q9Y483-2,0.311178247734139,0.035022101326079566
O75052-3,3.4,0.4594594594594595
Q7L513-13,0.057692307692307696,0.007072135785007072
Q03060-17,0.02880658436213992,0.005649717514124294
Q401N2-2,0.7652173913043478,0.09205020920502092
P78314-3,,
Q14802-4,0.3448275862068966,0.07575757575757576
Q13422-6,0.030434782608695653,0.004519044544867657
Q8WV48-3,0.0684931506849315,0.01567398119122257
Q70YC5-5,0.016853932584269662,0.0028790786948176585
Q8WVE7-2,3.130434782608696,0.3025210084033613
Q9BPZ7-6,0.0963855421686747,0.0111731843575419
O43914-2,8.0,1.0
Q96P11-3,0.014018691588785047,0.0013692377909630307
Q7LFL8-2,0.05263157894736842,0.014084507042253521
P08174-7,,
Q9HBT8-2,0.4,0.11764705882352941
Q96J87-2,0.13076923076923078,0.016881827209533268
Q5RIA9-3,3.1774193548387095,0.30261136712749614
Q5FBB7-3,0.014814814814814815,0.003976143141153081
Q9UGQ2-2,1.4186046511627908,0.15762273901808785
Q5HYL7-2,1.6081081081081081,0.15120711562897077
O75386-3,0.0045351473922902496,0.0006027727546714888
Q9NWS1-2,2.4814814814814814,0.2521957340025094
Q9BPY8-2,1.16,0.1657142857142857
Q96N06-2,0.45454545454545453,0.11627906976744186
Q86X24-3,1.759493670886076,0.1865771812080537
Q9Y421-2,0.2564102564102564,0.04132231404958678
Q8N6N3-3,0.044444444444444446,0.010050251256281407
Q5XKR9-4,0.017543859649122806,0.004201680672268907
O75822-2,0.32727272727272727,0.0430622009569378
Q9BW71-3,0.010964912280701754,0.0022988505747126436
P35372-16,0.32781456953642385,0.03438693990969086
O43555-2,0.625,0.21739130434782608
P15391-2,,
Q6X4T0-2,0.14084507042253522,0.03289473684210526
Q7LG56-4,0.256140350877193,0.024855294518215866
Q5T0J7-5,0.13157894736842105,0.03496503496503497
O43768-3,,
Q6WBX8-4,1.038709677419355,0.1054354944335298
O00559-2,,
Q9NYB9-3,0.02040816326530612,0.0038147138964577656
Q8IU57-2,0.27586206896551724,0.06557377049180328
Q8N5Y2-5,1.6793893129770991,0.21235521235521235
Q495B1-6,0.03529411764705882,0.0033962264150943396
Q5TAQ9-2,0.6938202247191011,0.07019039499857914
Q9NP31-4,0.15,0.0410958904109589
Q9UKS7-8,0.14864864864864866,0.022940563086548488
Q86W33-2,0.7294117647058823,0.10437710437710437
O14770-2,0.11702127659574468,0.032640949554896145
Q9UKS7-5,0.00625,0.0009970089730807576
Q9H0Q3-2,0.2631578947368421,0.042735042735042736
Q14439-3,4.0476190476190474,0.39906103286384975
O75190-2,0.24210526315789474,0.057356608478802994
Q9NNX6-2,7.0,0.6
P32314-2,0.17307692307692307,0.04017857142857143
O14771-2,0.025252525252525252,0.004359197907585004
Q14103-3,0.1,0.02702702702702703
Q13227-2,0.1111111111111111,0.03225806451612903
P58340-2,0.5851851851851851,0.07829534192269574
Q9UF11-3,1.2105263157894737,0.24210526315789474
Q9C0I9-2,0.9855072463768116,0.1596244131455399
Q5T6S3-3,0.28104575163398693,0.038404286990175646
Q8NDF8-5,0.03619909502262444,0.004273504273504274
Q8NCT3-2,0.847457627118644,0.1524390243902439
Q96GF1-2,1.1428571428571428,0.18285714285714286
O75475-2,0.06341463414634146,0.009279086366880799
Q8TB92-4,0.05688622754491018,0.005411563657077755
P62847-4,1.3333333333333333,0.4
Q9Y241-2,,
O00712-4,1.2222222222222223,0.20754716981132076
Q8IXQ4-4,0.024630541871921183,0.004101722723543888
Q8WUR7-2,3.4193548387096775,0.3680555555555556
Q2I0M4-2,0.04498269896193772,0.0050920485703094395
H3BTG2-2,0.2692307692307692,0.036458333333333336
Q71RG4-2,0.2,0.0625
P57768-2,3.7241379310344827,0.3576158940397351
Q02548-6,0.14705882352941177,0.04201680672268908
Q2VYF4-2,0.10638297872340426,0.02242152466367713
Q92879-4,0.11650485436893204,0.013245033112582781
Q8WWN9-2,,
Q96T49-2,3.0476190476190474,0.2601626016260163
Q9UL40-2,,
Q9H7X0-5,0.8384615384615385,0.1033175355450237
P30305-3,0.24390243902439024,0.06493506493506493
Q8NCT3-3,0.8448275862068966,0.15170278637770898
P17947-2,,
Q96K19-3,0.5158730158730159,0.063913470993117
Q96CS7-2,0.024691358024691357,0.005555555555555556
Q5TBE3-2,0.14285714285714285,0.037037037037037035
Q9BQ16-8,0.2824858757062147,0.041736227045075125
Q9H902-4,0.19285714285714287,0.02906350914962325
O14893-4,0.016,0.0019011406844106464
Q96GN5-2,4.0,1.0
Q96CJ1-2,0.19230769230769232,0.025025025025025027
Q8N6U8-3,1.6363636363636365,0.1567489114658926
O43399-4,0.43137254901960786,0.055
Q9UBU3-2,3.0,1.0
Q99909-2,0.0625,0.016129032258064516
P56179-3,,
Q6ZN18-3,0.036036036036036036,0.008547008547008548
P0CAP2-3,0.21739130434782608,0.043478260869565216
Q9BZE9-2,,
P15692-18,0.3333333333333333,0.050980392156862744
Q96FE7-3,0.044585987261146494,0.00676328502415459
P14921-5,0.06111111111111111,0.007806955287437899
Q9NP87-3,0.29118773946360155,0.02966432474629196
Q96GQ5-2,0.5103857566765578,0.055163566388710714
O43399-7,,
Q13118-3,0.0041753653444676405,0.0007942811755361397
Q15583-3,0.08270676691729323,0.02286902286902287
Q9BX59-5,0.411214953271028,0.04093023255813953
Q15417-3,2.152173913043478,0.20668058455114824
Q96HH9-4,0.14814814814814814,0.04081632653061224
O43521-18,0.104,0.01943198804185351
Q8N5Y2-2,1.5666666666666667,0.1865079365079365
Q15287-3,0.06172839506172839,0.01718213058419244
Q14592-2,0.6585365853658537,0.10037174721189591
O95214-2,2.3157894736842106,0.24581005586592178
Q13506-2,0.1724137931034483,0.02512562814070352
Q8NFA2-4,1.896551724137931,0.22267206477732793
Q00613-2,0.04411764705882353,0.013333333333333334
Q14781-2,0.0045871559633027525,0.0011160714285714285
Q6NZ36-4,2.0,1.0
Q8N7B6-3,0.3125,0.03209242618741977
Q96K19-4,0.5114503816793893,0.06129917657822507
Q6ZWJ1-2,0.0018115942028985507,0.00026116479498563595
Q03060-31,0.005813953488372093,0.0010649627263045794
Q8NCR6-3,0.007662835249042145,0.0015408320493066256
Q8NFA2-3,3.8,0.5135135135135135
P15692-12,0.35294117647058826,0.05333333333333334
Q9BUF7-2,0.631578947368421,0.1276595744680851
Q330K2-3,0.3888888888888889,0.03809125156969443
Q9UBU3-6,1.0952380952380953,0.14935064935064934
Q6H9L7-4,0.0057251908396946565,0.0008831321754489255
Q15742-3,0.203125,0.037463976945244955
Q6P1Q0-6,0.06343283582089553,0.006622516556291391
Q96G74-3,0.5970149253731343,0.0963855421686747
Q16630-2,,
Q5SXH7-2,1.605263157894737,0.22846441947565543
Q8N8Q1-4,0.4722222222222222,0.048377916903813316
Q15041-2,1.6206896551724137,0.18725099601593626
Q8NA72-3,0.4074074074074074,0.09243697478991597
O14593-2,0.8090909090909091,0.08944723618090453
Q9H019-2,0.07042253521126761,0.014619883040935672
Q9BQI9-2,1.1818181818181819,0.1780821917808219
Q15544-2,0.37333333333333335,0.04745762711864407
Q96B96-2,,
Q8NFH5-2,0.17647058823529413,0.05263157894736842
O76090-3,0.010273972602739725,0.0014800197335964479
P15692-17,0.10666666666666667,0.01639344262295082
Q9GZY8-5,0.016,0.0034129692832764505
O94864-2,1.6666666666666667,0.45454545454545453
Q9BSG5-2,,
P15692-16,1.6666666666666667,0.35714285714285715
Q08495-4,0.06593406593406594,0.013636363636363636
Q03060-21,0.005813953488372093,0.0010649627263045794
Q01113-2,0.5714285714285714,0.08695652173913043
Q03060-22,0.056818181818181816,0.014005602240896359
Q96LI6-2,0.30869565217391304,0.07709011943539631
P29558-2,1.0,0.3333333333333333
Q9H8M2-1,0.07983193277310924,0.011606597434331093
Q8IX90-3,0.2564102564102564,0.05952380952380952
Q5JUW0-3,0.2988505747126437,0.05
Q92731-7,1.8461538461538463,0.18421052631578946
O60224-2,0.0641025641025641,0.0165016501650165
Q13422-8,0.027950310559006212,0.004810261892036344
Q96HH9-3,0.19230769230769232,0.05263157894736842
Q13261-4,0.19444444444444445,0.05343511450381679
P01011-3,0.24444444444444444,0.024363233665559248
O75438-2,,
Q96FT9-4,0.031746031746031744,0.005681818181818182
Q08495-3,0.03582089552238806,0.007058823529411765
Q8N690-3,0.046875,0.007263922518159807
Q9UBU3-5,0.6486486486486487,0.11538461538461539
Q9NYK6-3,8.0,1.0
Q96KR7-2,0.0975609756097561,0.02564102564102564
Q08117-2,0.375,0.12
Q8IUX1-3,0.008733624454148471,0.000975609756097561
Q96NX9-3,0.0502283105022831,0.007623007623007623
Q8N0W5-2,0.2248062015503876,0.031149301825993556
O75030-11,0.030303030303030304,0.005795235028976175
Q6XE24-5,0.3125,0.054945054945054944
Q14847-3,0.15853658536585366,0.020030816640986132
Q12857-2,0.08333333333333333,0.024390243902439025
Q8NHW4-10,2.2142857142857144,0.25833333333333336
O75909-4,,
P57723-2,2.86046511627907,0.2679738562091503
Q6ZS27-3,0.1566265060240964,0.02947845804988662
Q86XK3-2,1.3333333333333333,0.4
Q8WY98-4,0.7790697674418605,0.08850726552179657
Q9Y3C1-3,1.0212765957446808,0.12244897959183673
A1Z1Q3-6,0.007317073170731708,0.0009878169245966415
P15408-3,0.1282051282051282,0.03225806451612903
Q9NQC8-2,,
Q07812-3,0.03867403314917127,0.0039347948285553686
Q14201-2,,
Q96K30-2,0.03669724770642202,0.01
Q6XE24-4,0.034482758620689655,0.00906344410876133
Q6UWV2-3,1.1806451612903226,0.15288220551378445
Q92529-2,0.33766233766233766,0.08280254777070063
Q96AH0-2,1.875,0.18337408312958436
Q5TID7-2,0.07692307692307693,0.01038961038961039
A6NK97-2,0.7055393586005831,0.06793935991016282
Q9NVS9-2,0.10697674418604651,0.011752682677567705
Q96J86-3,0.06976744186046512,0.01935483870967742
Q14714-2,1.1441441441441442,0.1172668513388735
Q9UBW5-3,1.0,0.13131313131313133
Q96Q45-2,0.38461538461538464,0.1111111111111111
Q9NZR4-5,0.5208333333333334,0.12077294685990338
Q8WXS3-6,0.03296703296703297,0.008695652173913044
Q9Y5U2-2,0.109375,0.029288702928870293
P14316-2,3.0,0.75
Q86UC2-2,0.08333333333333333,0.01593625498007968
P78317-2,0.025210084033613446,0.004016064257028112
Q86UT5-4,0.967741935483871,0.11692650334075724
Q8N4P6-2,0.005385996409335727,0.0007027406886858749
Q96G74-5,2.8,0.5384615384615384
Q9P2T0-2,0.2916666666666667,0.07368421052631578
Q96Q40-6,0.2992125984251969,0.03231292517006803
Q9C0E8-4,,
P52943-2,2.8461538461538463,0.3523809523809524
Q719I0-2,0.25,0.027330063069376315
Q7Z7D3-3,0.012,0.0012836970474967907
Q9Y548-2,0.8306010928961749,0.11192930780559647
Q9NP61-2,1.5454545454545454,0.16666666666666666
Q6P5S7-2,0.609375,0.10512129380053908
O95319-4,0.011204481792717087,0.001594896331738437
Q9NY56-4,2.731707317073171,0.3146067415730337
P05408-2,8.0,1.0
Q03060-20,0.02880658436213992,0.005649717514124294
O95704-4,,
Q9BYE2-4,1.4873417721518987,0.1507376523412444
Q16378-2,0.0297029702970297,0.0064516129032258064
Q96EN9-2,0.01,0.0012391573729863693
Q496M5-2,3.324324324324324,0.36716417910447763
Q71RG4-4,0.01567398119122257,0.002531645569620253
Q969K4-4,0.11868131868131868,0.012430939226519336
Q11203-11,0.23722627737226276,0.02361060661096985
Q96PE5-3,0.21739130434782608,0.058823529411764705
P54727-2,0.375,0.04186046511627907
Q99729-2,0.65,0.08031774051191527
P14317-2,0.019830028328611898,0.0037333333333333333
P49116-2,,
Q5TDP6-3,0.006593406593406593,0.0006565988181221273
P07492-3,0.8571428571428571,0.3
Q96A46-3,0.8324607329842932,0.09869646182495345
P55327-5,7.0,1.0
Q15056-2,0.25,0.06666666666666667
Q15651-2,0.125,0.0297029702970297
Q8WV48-2,0.0684931506849315,0.01567398119122257
Q9BUV8-4,1.09375,0.12411347517730496
Q8N108-19,0.0019569471624266144,0.00035523978685612787
Q9UGN4-2,0.09734513274336283,0.011033099297893681
Q8NDD1-7,0.03496503496503497,0.00544069640914037
Q12901-2,1.25,0.3333333333333333
O96017-3,0.2440944881889764,0.025570525158097334
Q6W5P4-9,0.37050359712230213,0.04053522235340417
Q8IVM0-2,,
Q01543-3,0.15151515151515152,0.04672897196261682
Q9Y215-7,0.010869565217391304,0.001610305958132045
Q04941-2,1.9142857142857144,0.250936329588015
O95319-3,0.011204481792717087,0.001594896331738437
Q14135-5,0.03571428571428571,0.007481296758104738
O14770-6,0.016842105263157894,0.0029895366218236174
Q9BUN5-3,1.2777777777777777,0.20353982300884957
Q15853-3,0.582089552238806,0.1368421052631579
Q9H1J1-3,0.009230769230769232,0.0014038371548900327
P16989-2,0.2608695652173913,0.06976744186046512
Q8NE31-5,0.0472972972972973,0.00964630225080386
Q96N21-2,0.06321839080459771,0.007498295841854124
O95297-5,1.3133333333333332,0.1751111111111111
Q8NFV4-5,0.08712121212121213,0.008415660446395901
Q14938-2,0.11904761904761904,0.03496503496503497
O75674-3,0.8181818181818182,0.08525033829499323
K7EIQ3-2,0.0410958904109589,0.006864988558352402
Q9BQE9-2,0.05747126436781609,0.010101010101010102
Q96M27-4,1.2444444444444445,0.125
Q15287-2,0.17391304347826086,0.05128205128205128
Q6X4W1-6,0.8,0.1
Q9H171-5,0.014577259475218658,0.002182453077258839
Q6IQ49-2,4.583333333333333,0.5339805825242718
Q8NG50-11,0.072,0.008035714285714285
Q53TN4-2,0.6380090497737556,0.07386066003143006
Q11203-12,0.6213991769547325,0.06125760649087221
O95704-2,12.0,0.9230769230769231
Q9Y215-5,0.5555555555555556,0.15151515151515152
Q96JY0-3,0.41785714285714287,0.04824742268041237
Q53S99-2,0.08045977011494253,0.02005730659025788
Q9NUI1-2,0.8962655601659751,0.0847723704866562
P16410-4,0.6445783132530121,0.07815924032140248
Q8N6H7-2,0.025157232704402517,0.002785515320334262
Q13398-2,0.8571428571428571,0.12605042016806722
Q9GZY8-3,0.014814814814814815,0.0032258064516129032
P11912-2,3.717948717948718,0.38258575197889183
P49918-2,0.9090909090909091,0.22727272727272727
O75494-4,0.030303030303030304,0.0084985835694051
Q11203-9,0.23722627737226276,0.02361060661096985
P23760-7,0.4,0.14285714285714285
Q96AQ7-3,0.39644970414201186,0.056349873843566024
Q9NP31-3,0.17857142857142858,0.047619047619047616
Q86SG4-3,0.7272727272727273,0.11940298507462686
Q99593-3,1.08,0.23275862068965517
A0PK05-2,0.2627118644067797,0.02916274694261524
O75554-2,1.7619047619047619,0.20218579234972678
P02724-3,0.3939393939393939,0.07784431137724551
Q7Z7G1-2,0.002347417840375587,0.0004418912947414936
P78314-4,,
Q12857-3,1.5,0.24
Q9Y215-3,0.14705882352941177,0.045871559633027525
P35240-10,0.10053859964093358,0.011164274322169059
P26436-2,0.6842105263157895,0.16049382716049382
O75494-3,0.02040816326530612,0.005714285714285714
B9A064-2,0.020689655172413793,0.0026619343389529724
O75394-2,0.2549019607843137,0.029345372460496615
Q14439-2,1.0727272727272728,0.14081145584725538
Q8NE31-4,0.0963855421686747,0.02631578947368421
Q9NW68-4,0.004662004662004662,0.0008223684210526315
Q8N6N3-2,0.125,0.03529411764705882
Q49A92-3,0.00186219739292365,0.0003812428516965307
P23760-6,0.03494623655913978,0.006187529747739172
Q5XKR9-3,0.04,0.009009009009009009
Q6XE24-3,0.017361111111111112,0.002459419576979833
Q02962-4,0.014150943396226415,0.0038510911424903724
Q9GZY8-2,0.015228426395939087,0.003575685339690107
Q9H6Z4-3,0.08823529411764706,0.024
Q9Y5R6-3,0.03937007874015748,0.01002004008016032
P11836-2,0.2694610778443114,0.02821316614420063
Q9NPI0-3,2.081081081081081,0.23123123123123124
Q8N6W0-2,0.0213903743315508,0.003372681281618887
Q8N8G2-2,0.040229885057471264,0.010159651669085631
Q9UD71-2,0.4166666666666667,0.07537688442211055
Q12972-3,0.03125,0.00402067777139575
Q9Y6I3-3,0.036458333333333336,0.007502679528403001
Q08495-2,0.5454545454545454,0.13333333333333333
Q99871-2,,
Q6PB30-2,0.13636363636363635,0.03614457831325301
Q9UBR5-2,1.6981132075471699,0.1836734693877551
Q9C0E8-3,0.25203252032520324,0.029608404966571154
Q1HG44-2,0.16974169741697417,0.018225039619651346
Q53FD0-2,0.011049723756906077,0.002145922746781116
Q76EJ3-2,2.852272727272727,0.2773480662983425
Q13398-6,0.3,0.07894736842105263
Q8N5Y2-3,2.84375,0.3568627450980392
Q9NQV5-2,1.3529411764705883,0.18110236220472442
Q9HB65-2,1.5272727272727273,0.22950819672131148
Q6ZV65-2,0.02252252252252252,0.004191114836546521
Q8IXM2-2,0.47058823529411764,0.06060606060606061
Q9BWT1-4,0.013824884792626729,0.001799640071985603
Q9NPF0-2,0.42857142857142855,0.05389221556886228
Q8TAC9-3,1.2268041237113403,0.12864864864864864
Q6X4W1-3,0.8695652173913043,0.10869565217391304
Q86X24-4,2.0925925925925926,0.21523809523809523
Q96LR9-2,0.16129032258064516,0.04132231404958678
Q06547-4,0.03980099502487562,0.007067137809187279
Q8N108-16,0.0297029702970297,0.008310249307479225
Q5FBB7-2,0.011857707509881422,0.0031678986272439284
P03372-2,1.0803571428571428,0.1590013140604468
Q14135-6,0.03571428571428571,0.007481296758104738
Q96FT9-2,0.2222222222222222,0.058823529411764705
P30304-2,0.15,0.04054054054054054
P30926-2,0.5989445910290238,0.07073854783421626
Q86V59-2,0.3698630136986301,0.09152542372881356
Q96JY6-3,1.68,0.23333333333333334
Q9UKX7-2,0.32142857142857145,0.06474820143884892
Q6PCB0-3,0.009523809523809525,0.0009995002498750624
Q7Z309-5,0.008130081300813009,0.001876172607879925
Q6MZQ0-2,0.0211864406779661,0.002531645569620253
Q6PDA7-3,0.057692307692307696,0.008797653958944282
Q9BWT1-3,2.66,0.2485981308411215
Q8WYN3-2,0.009861932938856016,0.001594896331738437
Q8NBL3-2,0.7413793103448276,0.08414872798434442
O00257-3,0.14814814814814814,0.03669724770642202
P30305-2,0.42857142857142855,0.12
O43581-3,6.0,1.0
P09603-2,0.04310344827586207,0.011990407673860911
Q9BQE9-4,0.12280701754385964,0.033816425120772944
Q9H930-1,0.38028169014084506,0.04205607476635514
Q86Y33-3,2.761904761904762,0.2648401826484018
Q8TAP4-2,3.0,0.33707865168539325
O95760-2,2.4047619047619047,0.2927536231884058
Q8NB59-5,10.0,1.0
Q9NUK0-5,0.125,0.014778325123152709
Q8IUD6-3,0.07317073170731707,0.007792207792207792
P52952-3,0.051643192488262914,0.00960698689956332
Q9NWK9-2,0.5128205128205128,0.12048192771084337
Q04900-2,0.43478260869565216,0.05952380952380952
Q5SSJ5-5,0.004576659038901602,0.0006377551020408163
Q9UGN4-4,0.02857142857142857,0.004139562389118865
Q9BSD3-2,0.42857142857142855,0.07894736842105263
Q9UIL1-4,0.6785714285714286,0.08520179372197309
Q9NZR4-7,0.46794871794871795,0.08030803080308031
Q8TDX7-2,0.2754237288135593,0.02827316224445411
P51858-2,3.4285714285714284,0.4067796610169492
Q9C0I9-4,0.05813953488372093,0.009380863039399626
Q9H1Q7-2,2.2941176470588234,0.23541247484909456
Q6UYE1-2,1.5,0.1536144578313253
O75494-6,0.017241379310344827,0.0048543689320388345
P15336-3,0.010135135135135136,0.001951854261548471
Q8IYB5-3,0.0243161094224924,0.006514657980456026
O43464-2,1.6024096385542168,0.1548311990686845
Q8NB59-6,,
P53539-7,0.01652892561983471,0.003246753246753247
Q6UX71-3,0.21164021164021163,0.024600246002460024
Q9NUK0-4,0.015723270440251572,0.002442598925256473
O15504-2,0.1318181818181818,0.02968270214943705
O14836-2,0.48936170212765956,0.07076923076923076
P62995-3,0.07,0.01818181818181818
Q15041-3,0.8846153846153846,0.10550458715596331
Q96HZ4-2,0.07092198581560284,0.012135922330097087
Q86U06-3,0.689922480620155,0.09834254143646409
Q92731-3,0.5754716981132075,0.06482465462274177
Q86SG4-2,0.9090909090909091,0.13157894736842105
Q9Y215-4,1.5,0.42857142857142855
Q9NUK0-3,1.3214285714285714,0.1574468085106383
Q13425-2,0.5781818181818181,0.058823529411764705
Q99504-3,0.03761061946902655,0.0051718892607240646
Q8N9W6-4,,
Q9H3Y8-2,0.0625,0.017543859649122806
Q96HR8-2,0.020134228187919462,0.005714285714285714
P98153-2,0.21951219512195122,0.027522935779816515
Q9NVV9-2,0.30158730158730157,0.0475396163469558
O43474-5,0.014861995753715499,0.0029723991507431
Q8N6I4-3,,
Q70Z44-3,0.22950819672131148,0.027515723270440252
Q9BZC1-5,0.32459016393442625,0.05002526528549773
Q96MX0-2,0.16428571428571428,0.016751638747268753
O95758-2,0.003629764065335753,0.00044863167339614175
Q00987-11,,
Q6WN34-2,1.8867924528301887,0.25773195876288657
Q8N5H3-4,0.14130434782608695,0.023172905525846704
Q4JDL3-12,0.002386634844868735,0.0002844950213371266
Q8TF68-3,0.12698412698412698,0.021768707482993196
P01100-2,0.03508771929824561,0.008333333333333333
O14836-3,0.020833333333333332,0.004457652303120356
Q9Y215-6,0.009259259259259259,0.0014705882352941176
Q8N684-3,,
Q2VYF4-3,0.09813084112149532,0.016976556184316895
P08620-2,1.3870967741935485,0.13679745493107104
Q9UKA8-4,0.5632183908045977,0.08765652951699464
O75631-2,1.540983606557377,0.16967509025270758
Q13501-2,1.0357142857142858,0.12554112554112554
Q66K41-2,0.04838709677419355,0.009259259259259259
Q96AW1-4,0.7647058823529411,0.10236220472440945
P15336-6,0.030534351145038167,0.006
Q9BXS6-6,0.2,0.058823529411764705
A5D8T8-2,0.44054054054054054,0.04917043740573152
Q9NSK7-3,0.5681818181818182,0.07836990595611286
Q9BWT1-2,,
P23560-4,,
Q9UKT9-10,0.09090909090909091,0.013091641490433032
Q96PM9-2,0.08636363636363636,0.015793848711554447
Q8N365-2,0.13688212927756654,0.024193548387096774
Q8NCR9-2,2.28,0.22649006622516557
Q9BXJ8-2,0.6,0.061386138613861385
Q9BY77-2,0.20689655172413793,0.05555555555555555
O76021-2,0.6090909090909091,0.0708245243128964
P29972-3,1.5590551181102361,0.14666666666666667
Q14802-2,,
Q9UHF4-3,2.5306122448979593,0.37575757575757573
P84157-3,0.3783783783783784,0.05223880597014925
Q9NRH1-2,0.3356643356643357,0.05010438413361169
Q9BXS6-4,0.04201680672268908,0.008818342151675485
O75475-3,0.06341463414634146,0.009279086366880799
Q13118-4,0.0041753653444676405,0.0007942811755361397
Q9Y4X0-3,3.324324324324324,0.3022113022113022
Q14247-3,0.32432432432432434,0.05555555555555555
Q9NPH6-3,0.0684931506849315,0.007385524372230428
Q6ZN11-2,0.4883720930232558,0.059490084985835696
Q8N5M4-2,0.052941176470588235,0.005405405405405406
Q9UKT9-11,0.19230769230769232,0.02629601803155522
Q8NHS9-2,0.13953488372093023,0.0379746835443038
Q96AW1-3,0.7647058823529411,0.10236220472440945
Q5XKR9-6,0.017543859649122806,0.004201680672268907
O14948-2,0.27586206896551724,0.05128205128205128
Q96AW1-2,1.1333333333333333,0.1452991452991453
Q96NZ9-4,0.6666666666666666,0.2
Q8IVW6-3,0.011627906976744186,0.0022675736961451248
Q9UIG5-2,0.09090909090909091,0.0228310502283105
Q8N9Z9-3,0.07317073170731707,0.019867549668874173
Q8N4S9-2,0.1732283464566929,0.020599250936329586
Q6P6B1-2,0.018867924528301886,0.005263157894736842
Q3C1V1-2,0.48148148148148145,0.07514450867052024
Q99828-2,,
P14678-3,3.0,0.75
Q13398-4,0.20689655172413793,0.05555555555555555
Q6PII5-4,0.634020618556701,0.06695699510070767
Q5SQI0-2,2.5428571428571427,0.3333333333333333
Q86T90-3,0.001736111111111111,0.0003359086328518643
Q13519-2,0.21875,0.025925925925925925
P01258-2,0.375,0.12
Q14134-2,0.15,0.043478260869565216
Q9NZR4-2,0.47096774193548385,0.08102108768035517
Q9GZY6-2,0.022727272727272728,0.004754358161648178
P36402-8,0.005221932114882507,0.0010893246187363835
P0CL80-2,0.14285714285714285,0.03409090909090909
Q9NZR4-8,0.5208333333333334,0.12077294685990338
Q96LI6-3,0.2838427947598253,0.07135016465422613
P24855-2,0.014234875444839857,0.0014326647564469914
Q9H019-3,1.0833333333333333,0.22033898305084745
O43521-14,0.14925373134328357,0.02032520325203252
O75143-4,0.1174496644295302,0.015590200445434299
Q04900-5,0.03636363636363636,0.005813953488372093
Q96KN8-3,0.6,0.16666666666666666
Q8WXS3-4,0.03260869565217391,0.008595988538681949
Q8N5H3-2,0.425531914893617,0.07142857142857142
Q8WXA9-2,,
Q8N9W6-3,,
Q96ME7-3,0.13114754098360656,0.032388663967611336
Q03060-15,0.05747126436781609,0.014164305949008499
Q9H3U5-2,0.44783715012722647,0.040892193308550186
P15976-3,0.04819277108433735,0.010582010582010581
P53990-6,0.022026431718061675,0.0025265285497726125
Q5T9C2-3,0.5,0.05118961788031723
Q9BXN2-3,1.5542168674698795,0.17086092715231788
O43521-4,0.3125,0.04201680672268908
Q9UKT9-12,0.17194570135746606,0.022946859903381644
Q9UHF0-2,0.125,0.034482758620689655
Q6XE24-2,0.015873015873015872,0.0044444444444444444
G9CGD6-2,,
P14209-2,0.1111111111111111,0.025210084033613446
Q3ZAQ7-2,0.625,0.10204081632653061
Q9UBU3-4,0.6285714285714286,0.09090909090909091
P53539-8,0.07692307692307693,0.015130674002751032
Q8IYB5-2,0.48148148148148145,0.12149532710280374
Q96FT9-3,0.02727272727272727,0.004694835680751174
O95684-2,0.3,0.075
Q99542-4,0.11529933481152993,0.012726382770435633
Q13117-3,7.625,0.6421052631578947
Q8NB59-2,1.830188679245283,0.18476190476190477
Q5SVJ3-2,0.4375,0.07446808510638298
Q96AD5-2,0.13580246913580246,0.013588634959851761
Q1A5X6-2,0.08064516129032258,0.019305019305019305
Q9GZW8-2,2.422222222222222,0.2334047109207709
Q96Q45-5,,
Q9H6Y5-3,0.021739130434782608,0.003248862897985705
P36402-10,0.005221932114882507,0.0010893246187363835
Q86TI4-4,1.1119402985074627,0.11488049344641481
Q8N4F7-2,0.009202453987730062,0.0010434782608695651
Q3B7T3-2,0.03669724770642202,0.005988023952095809
O75791-2,0.16556291390728478,0.018368846436443792
Q5VTD9-2,0.9782608695652174,0.11508951406649616
P02724-2,0.2692307692307692,0.03910614525139665
Q96PM9-1,0.25,0.07462686567164178
P15814-2,0.020833333333333332,0.0026954177897574125
Q9UBF6-3,0.7894736842105263,0.08840864440078586
Q96DE0-2,0.03608247422680412,0.0038272279934390375
P55327-6,,
O76090-4,0.17142857142857143,0.018267929634641408
Q96LY2-2,0.045454545454545456,0.010676156583629894
Q8IW70-2,0.6702412868632708,0.10170870626525631
Q9NSY2-3,0.4444444444444444,0.0449438202247191
Q96HH9-2,0.05970149253731343,0.017241379310344827
Q9NWM3-2,1.7142857142857142,0.19834710743801653
Q6MZQ0-3,0.22797927461139897,0.026221692491060787
Q9H910-2,0.3125,0.08196721311475409
Q02962-3,0.2608695652173913,0.07142857142857142
Q9BUL5-3,0.13432835820895522,0.02912621359223301
Q9GZU3-3,0.004073319755600814,0.0004764173415912339
O00712-5,,
Q9BQE9-3,0.05,0.013888888888888888
P08651-2,1.3333333333333333,0.2222222222222222
Q15797-2,0.004310344827586207,0.0005213764337851929
Q86UD7-3,0.1793478260869565,0.021032504780114723
P31314-2,0.136986301369863,0.02032520325203252
Q14938-4,1.375,0.22448979591836735
Q8WXD2-2,0.017241379310344827,0.0030627871362940277
Q86YD5-2,0.28,0.03867403314917127
O43435-3,0.14516129032258066,0.03614457831325301
P33947-2,1.5052631578947369,0.14547304170905392
Q9C0K3-2,0.43558282208588955,0.048464163822525594
Q96PE5-4,0.5454545454545454,0.15
Q5TC79-2,0.09937888198757763,0.013961605584642234
O94763-4,0.003745318352059925,0.0006882312456985547
O43281-2,0.1827956989247312,0.02533532041728763
Q96M53-2,0.38016528925619836,0.06406685236768803
Q86VR2-2,0.1282051282051282,0.01688048615800135
Q9NUQ6-4,,
O14770-4,2.0,0.35
O43760-2,0.8923076923076924,0.145
Q8N108-14,0.0019569471624266144,0.00035523978685612787
P30405-2,3.8823529411764706,0.3793103448275862
Q13247-3,0.0625,0.01639344262295082
Q9C073-2,0.014705882352941176,0.003169572107765452
O15156-2,,
O60238-2,0.1,0.028169014084507043
P15336-2,0.02717391304347826,0.005279831045406547
Q9BYV8-4,0.011764705882352941,0.0016433853738701725
O43521-8,0.3125,0.04201680672268908
P15692-14,,
Q2KHT4-5,1.7222222222222223,0.189718482252142
P40225-3,1.2307692307692308,0.19047619047619047
Q9UBS0-2,0.5333333333333333,0.06552494415487714
Q8WV48-5,0.14814814814814814,0.038461538461538464
Q9BXS6-5,3.0,1.0
Q9BZC1-3,0.17647058823529413,0.019980970504281638
Q9UKS7-6,0.06920415224913495,0.012077294685990338
Q5JTD0-2,2.0,0.25
Q7Z5B4-2,0.04365079365079365,0.008377760853008377
P55347-2,0.07246376811594203,0.018315018315018316
Q569K4-5,0.00425531914893617,0.000819000819000819
P31431-2,0.22,0.03514376996805112
P24844-2,1.5740740740740742,0.19101123595505617
O43399-5,,
P12272-2,1.0,0.5
Q9UK12-2,0.5652173913043478,0.07428571428571429
Q9Y2V3-2,0.04,0.0074962518740629685
P36402-6,0.16521739130434782,0.03777335984095427
Q96PE5-2,0.4166666666666667,0.1111111111111111
Q86YJ5-2,0.46153846153846156,0.0741444866920152
Q9UMX0-2,1.0,0.12280701754385964
O75030-12,0.030303030303030304,0.005795235028976175
Q00973-3,0.375,0.03828906519489479
P23760-8,0.4,0.14285714285714285
P48651-3,0.00423728813559322,0.0005083884087442806
Q9H6Y5-2,0.054945054945054944,0.009708737864077669
P55957-2,,
P29353-6,,
Q9Y6B2-2,0.2608695652173913,0.07142857142857142
Q8NCE0-5,1.074468085106383,0.11310190369540873
Q6JBY9-2,0.01935483870967742,0.004511278195488722
Q96EB1-2,0.3488372093023256,0.07614213197969544
Q9UMX0-3,0.559322033898305,0.08042242079610074
Q2NL68-3,0.008982035928143712,0.0017657445556209534
Q13875-2,2.0,1.0
O43670-2,0.04716981132075472,0.013123359580052493
O15130-2,0.18181818181818182,0.03125
P05386-2,2.0,0.21929824561403508
P28906-2,0.06557377049180328,0.018867924528301886
Q96D05-2,,
P42568-2,2.6666666666666665,0.6666666666666666
P35680-2,0.6923076923076923,0.13432835820895522
Q5JU69-5,0.18081180811808117,0.017929015733626052
Q86U06-5,0.050505050505050504,0.012165450121654502
Q14192-2,0.14096916299559473,0.016632016632016633
Q8IWD4-4,0.15789473684210525,0.03468208092485549
A2IDD5-4,0.0364963503649635,0.0053533190578158455
Q9Y215-2,0.14705882352941177,0.02857142857142857
Q6ZSS3-2,0.0821917808219178,0.011342155009451797
Q13243-3,10.0,0.8823529411764706
Q96KR7-4,0.07894736842105263,0.020689655172413793
P12524-3,,
P36402-16,0.005221932114882507,0.0010893246187363835
P13378-2,5.0,1.0
O75398-4,0.08823529411764706,0.015873015873015872
O43516-4,0.034482758620689655,0.009487666034155597
Q8N8Q1-2,0.4722222222222222,0.048377916903813316
Q9BY08-2,0.6904761904761905,0.07243963363863447
Q9BX40-2,0.0641025641025641,0.019157088122605363
Q9NZH5-2,0.16666666666666666,0.03508771929824561
Q9UJU2-3,0.10434782608695652,0.022900763358778626
Q96AN5-3,0.3423180592991914,0.0384498940357251
Q8TE12-2,0.060240963855421686,0.00782472613458529
O00470-2,0.007712082262210797,0.0012836970474967907
P16989-3,0.09090909090909091,0.02608695652173913
Q99933-2,1.8863636363636365,0.2
O75143-5,,
Q8TEY5-2,0.3,0.08333333333333333
Q16625-3,1.9130434782608696,0.2018348623853211
Q8N3F0-3,1.2075471698113207,0.13445378151260504
Q96Q45-3,0.38461538461538464,0.1111111111111111
Q9NRR8-2,0.06557377049180328,0.012903225806451613
Q6IQ49-3,0.07801418439716312,0.009708737864077669
Q9NP74-2,0.3469387755102041,0.038202247191011236
Q15011-2,3.0,1.0
Q02962-2,0.037037037037037035,0.01098901098901099
Q12796-2,0.0759493670886076,0.01948051948051948
Q9NQ60-2,0.01775147928994083,0.003215434083601286
Q96IZ7-2,0.13793103448275862,0.029411764705882353
Q8TEB9-2,0.06451612903225806,0.006392694063926941
Q2NL68-4,0.03678929765886288,0.007147498375568551
Q8TF74-2,0.02666666666666667,0.006042296072507553
A6NJ78-3,0.3470031545741325,0.03555268261150614
Q9BXS6-2,5.0,1.0
Q96HA4-3,0.03932584269662921,0.008383233532934131
O75190-3,0.11538461538461539,0.03614457831325301
Q13398-3,0.20689655172413793,0.05555555555555555
Q9UEE9-2,0.2073170731707317,0.028286189683860232
Q96NX9-4,0.0658682634730539,0.009098428453267164
Q8N6T0-5,0.028350515463917526,0.0032324419629738465
Q9BXS6-3,0.04201680672268908,0.008818342151675485
O43521-17,0.01910828025477707,0.0033076074972436605
Q9H1X1-2,1.0413793103448277,0.10934105720492397
Q92784-3,0.005305039787798408,0.0007782101167315176
Q5SXH7-3,0.004310344827586207,0.0006329113924050633
P13232-2,2.340909090909091,0.23042505592841164
O43521-12,0.14705882352941177,0.03937007874015748
O75340-3,1.1311475409836065,0.12062937062937062
Q8WUG5-3,0.7823691460055097,0.07832322118036404
Q9GZM3-2,1.1764705882352942,0.13333333333333333
Q15049-2,3.6,0.2983425414364641
Q6ZV65-1,0.19607843137254902,0.02617801047120419
Q9Y3C1-2,1.0212765957446808,0.12244897959183673
P09086-4,0.00641025641025641,0.0010626992561105207
Q15070-3,0.2604166666666667,0.029609159099881564
Q86YW5-3,0.09009009009009009,0.01026694045174538
Q9BRS8-2,0.007058823529411765,0.0010710460549803642
Q5JTV8-3,,
Q4JDL3-15,0.002386634844868735,0.0002844950213371266
Q96PM9-3,0.2345679012345679,0.04288939051918736
Q9BRJ7-2,1.7777777777777777,0.1887905604719764
P56179-2,,
Q96AP0-2,8.0,0.8
Q7L513-12,0.15151515151515152,0.02034174125305126
P53539-10,0.24489795918367346,0.07058823529411765
Q9BZC1-2,0.05416666666666667,0.008243500317057704
Q9H1N7-2,0.7126436781609196,0.06909361069836553
Q14653-4,1.99,0.20244150559511698
Q569K4-3,0.0392156862745098,0.006993006993006993
Q9NX70-2,0.1875,0.0273224043715847
Q96NX9-2,0.034403669724770644,0.006530256856769699
Q7Z5J1-4,0.8059701492537313,0.08047690014903129
Q9BXN2-4,1.5542168674698795,0.17086092715231788
G9CGD6-3,1.318840579710145,0.18236472945891782
P81605-3,0.038461538461538464,0.006134969325153374
Q9UKT4-2,0.10869565217391304,0.032679738562091505
Q9UEW3-2,0.15384615384615385,0.024
P36402-2,0.005221932114882507,0.0010893246187363835
Q9NYP3-2,1.075657894736842,0.11326636647038449
Q8N108-18,0.0019569471624266144,0.00035523978685612787
P55916-2,1.2972972972972974,0.1518987341772152
O75494-2,2.0,1.0
Q99697-3,0.32608695652173914,0.06550218340611354
P14921-3,0.15384615384615385,0.044444444444444446
Q96L08-3,0.09322033898305085,0.01220865704772475
O15266-2,0.024691358024691357,0.00510204081632653
P36508-2,0.5272727272727272,0.09570957095709572
Q9NRN5-3,0.20146520146520147,0.019305019305019305
Q9BWK5-4,0.036036036036036036,0.007246376811594203
Q96LW2-2,0.4541832669322709,0.04706853839801817
Q9Y603-5,1.1578947368421053,0.15714285714285714
Q9H6Z4-2,0.8,0.25
P08949-2,0.8181818181818182,0.11688311688311688
Q6UW88-7,0.18333333333333332,0.026442307692307692
P51636-3,0.026785714285714284,0.003601440576230492
P59190-2,1.2980769230769231,0.14626218851570963
Q9H0F5-5,0.0546448087431694,0.015015015015015015
Q86UU9-4,0.10294117647058823,0.026415094339622643
Q96SR6-2,2.5,0.7142857142857143
Q71RG4-3,0.01567398119122257,0.002531645569620253
P42857-2,0.3333333333333333,0.06403940886699508
Q8N3Z6-2,0.02654867256637168,0.004617752693689072
Q8TAI7-2,0.6807228915662651,0.0691131498470948
Q6P4D5-3,0.015544041450777202,0.0023942537909018356
Q9H4H8-2,4.5,0.5538461538461539
Q8TDL5-2,0.008298755186721992,0.0008378718056137411
Q9NUQ6-3,,
O75030-9,0.1452991452991453,0.028192371475953566
Q9BRR0-2,0.17567567567567569,0.024574669187145556
Q5JTD0-4,0.09375,0.013636363636363636
P08621-4,0.5569620253164557,0.07321131447587355
Q4KMG9-2,0.59375,0.08520179372197309
Q56VL3-2,0.4090909090909091,0.057569296375266525
Q9NYK6-2,0.17105263157894737,0.023853211009174313
Q4JDL3-8,0.002386634844868735,0.0002844950213371266
P17861-2,0.22105263157894736,0.03954802259887006
Q9NP74-3,0.33714285714285713,0.04066161268090972
Q96Q83-2,0.14018691588785046,0.014423076923076924
P33240-2,0.35294117647058826,0.0967741935483871
Q15038-3,1.34375,0.21608040201005024
O95628-3,1.9411764705882353,0.32038834951456313
A6PVY3-2,0.11538461538461539,0.019189765458422176
P84101-3,0.5238095238095238,0.0728476821192053
Q13398-7,,
Q99612-3,0.8245614035087719,0.09381237524950099
Q6AW86-2,0.2692307692307692,0.03614457831325301
Q00987-8,1.0655737704918034,0.14099783080260303
Q9BQB6-3,1.0571428571428572,0.11000991080277503
Q8IZ96-17,,
Q14103-2,1.1578947368421053,0.171875
P36402-14,0.005221932114882507,0.0010893246187363835
Q8IXQ8-2,1.5507246376811594,0.19705340699815838
Q5SXH7-4,0.004310344827586207,0.0006329113924050633
O15151-5,0.1,0.02617801047120419
Q8N3J5-2,1.3385416666666667,0.1213982050070855
Q9H4D5-2,0.0018867924528301887,0.000278473962684489
Q9HC62-2,0.21875,0.03954802259887006
Q9Y5A9-2,0.12,0.034482758620689655
Q7Z3D4-3,0.33031674208144796,0.055597867479055596
O60304-2,0.23404255319148937,0.03470031545741325
O43768-7,0.08333333333333333,0.014577259475218658
P47710-3,1.875,0.2542372881355932
Q9NS68-2,0.25,0.07692307692307693
Q86X24-5,1.9696969696969697,0.2008238928939238
Q8N6H7-3,0.04460966542750929,0.006091370558375634
Q86YD3-5,0.0851063829787234,0.01639344262295082
Q6PGN9-4,0.012448132780082987,0.0028116213683223993
P30305-4,0.05511811023622047,0.012433392539964476
O60381-3,0.4,0.125
Q86X24-2,8.857142857142858,0.7380952380952381
Q9Y3Y2-3,,
Q9NPA1-5,0.01079136690647482,0.001289213579716373
Q9NV64-2,0.4827586206896552,0.052930056710775046
Q9UHH9-4,0.0047169811320754715,0.0005359056806002144
O15444-2,0.8604651162790697,0.13454545454545455
Q06710-3,0.019867549668874173,0.005649717514124294
P12272-3,1.0,0.5
A1Z1Q3-5,0.14468085106382977,0.014382402707275803
Q06710-2,0.07936507936507936,0.024154589371980676
Q86YL7-5,0.03125,0.0062266500622665
Q16625-2,2.240740740740741,0.2647702407002188
Q6ZUT1-2,,
Q9BZC1-4,8.0,1.0
Q96SR6-3,4.0,1.0
Q9NWV8-3,0.9906542056074766,0.1079429735234216
Q3YBM2-2,2.7027027027027026,0.24752475247524752
P35575-2,1.103305785123967,0.10858072387149248
Q15654-2,0.011363636363636364,0.0017355085039916696
O95628-2,1.0,0.4
Q12857-4,,
O75030-10,0.030303030303030304,0.005795235028976175
P57773-2,0.04,0.011152416356877323
P42081-2,0.04721030042918455,0.005326876513317191
Q99502-3,0.8041666666666667,0.15019455252918287
Q96A00-2,2.5925925925925926,0.3017241379310345
Q96NZ9-3,3.0,1.0
Q8NHW4-9,0.07462686567164178,0.00931098696461825
Q96A83-2,6.0,0.8571428571428571
Q14802-3,,
Q5T0J7-2,0.01818181818181818,0.0033003300330033004
A0PJY2-2,0.14,0.04
P58340-3,0.890625,0.14004914004914004
O95971-2,0.3944954128440367,0.04228121927236971
Q9NYP3-3,1.075657894736842,0.11326636647038449
Q8NB59-7,0.46,0.07062436028659161
Q96KD3-2,4.0,0.8
Q8N7B6-4,0.03910614525139665,0.004095962551199532
Q14135-2,0.12903225806451613,0.018691588785046728
P28324-2,0.04225352112676056,0.011494252873563218
Q96S94-3,0.5855855855855856,0.06513026052104208
Q4KMZ8-3,1.3,0.1319052987598647
Q96KN3-2,0.22972972972972974,0.05014749262536873
Q96NZ9-2,0.041666666666666664,0.009523809523809525
A6NJB7-2,0.07741935483870968,0.019867549668874173
Q5BVD1-2,1.5595238095238095,0.16946959896507116
Q6ZU67-4,0.048,0.013513513513513514
P56178-2,0.23148148148148148,0.05399568034557235
Q8NHW4-3,2.2142857142857144,0.25833333333333336
Q86SE9-2,0.4155251141552511,0.05413444378346222
P84157-2,0.3783783783783784,0.05223880597014925
Q8ND56-3,0.14634146341463414,0.04054054054054054
Q06547-3,0.2,0.02564102564102564
O75352-2,1.034013605442177,0.10810810810810811
Q96QU6-2,0.33246753246753247,0.03227433182047403
Q9Y5R6-2,0.030303030303030304,0.008595988538681949
P56270-2,0.36,0.06716417910447761
Q7Z434-6,0.1936127744510978,0.0420824295010846
Q6E0U4-15,0.03155339805825243,0.006535947712418301
Q3KP22-4,0.16666666666666666,0.024096385542168676
O43889-3,1.1176470588235294,0.14074074074074075
O95998-3,0.8189655172413793,0.09178743961352658
P20963-3,5.0,1.0
Q9Y2C5-4,0.0020161290322580645,0.000198294665873488
Q9NW68-7,,
Q8NE31-3,0.5612244897959183,0.09001636661211129
P14651-3,0.09090909090909091,0.025
Q96B01-3,0.14,0.03825136612021858
O43561-4,0.08333333333333333,0.021834061135371178
P15408-2,0.0784313725490196,0.015
Q8N108-17,0.3333333333333333,0.08108108108108109
Q8N8F7-2,0.011235955056179775,0.001579778830963665
Q9NR90-2,3.6666666666666665,0.3295880149812734
P17676-2,0.21739130434782608,0.053763440860215055
Q8N6V4-3,3.526315789473684,0.3582887700534759
Q96A59-3,0.01,0.0012674271229404308
Q9NXP7-2,0.08823529411764706,0.011111111111111112
Q8NDY8-2,0.4107142857142857,0.06301369863013699
Q9NWW0-2,0.3,0.08333333333333333
P17544-3,0.24444444444444444,0.06832298136645963
Q9BXS6-7,0.11370262390670553,0.024983984625240232
Q6W5P4-6,0.37050359712230213,0.04053522235340417
Q9UNE2-2,2.9655172413793105,0.3006993006993007
Q9NZ09-2,0.5901639344262295,0.08450704225352113
P17544-2,0.2857142857142857,0.08333333333333333
Q15011-4,2.72,0.43037974683544306
O43561-2,0.1724137931034483,0.047619047619047616
Q9UK80-2,0.788659793814433,0.08256880733944955
Q8N6T3-3,0.0234375,0.0064794816414686825
Q99687-3,1.4705882352941178,0.1773049645390071
O15535-2,,
Q9BU19-2,0.2391304347826087,0.05365853658536585
A6NH21-2,1.1352313167259787,0.12785571142284569
Q8IW50-7,0.04225352112676056,0.007792207792207792
P07311-2,2.0704225352112675,0.22442748091603054
Q4JDL3-7,0.6814159292035398,0.06363636363636363
Q6WN34-3,0.002336448598130841,0.00034071550255536625
Q9H1E3-2,0.4,0.0975609756097561
Q96A56-2,0.024390243902439025,0.005434782608695652
Q96QD9-3,0.05970149253731343,0.012048192771084338
O95236-2,0.1506849315068493,0.03064066852367688
Q9BWV2-2,0.10526315789473684,0.015267175572519083
Q96JZ2-2,2.056338028169014,0.2134502923976608
Q86YL7-6,0.19047619047619047,0.03333333333333333
Q8WVV4-1,2.0,1.0
P31942-2,0.4666666666666667,0.12280701754385964
Q8N108-15,0.0019569471624266144,0.00035523978685612787
Q11203-3,0.01488095238095238,0.0015342129487572874
Q8N7H5-2,0.014227642276422764,0.00224
Q63HQ0-2,0.6060606060606061,0.07575757575757576
Q13422-5,0.11188811188811189,0.015594541910331383
Q70Z44-4,0.22950819672131148,0.027515723270440252
Q8NF99-2,0.012539184952978056,0.0016638935108153079
P25445-4,0.26339285714285715,0.031771674744211095
P53539-3,0.15384615384615385,0.033707865168539325
Q9ULG3-2,1.0535714285714286,0.19601328903654486
O15165-7,0.023255813953488372,0.0038314176245210726
Q02080-2,0.03669724770642202,0.010256410256410256
P53539-4,0.10638297872340426,0.03067484662576687
Q9NXG6-2,2.1527777777777777,0.2111716621253406
Q9NY27-3,1.5178571428571428,0.15711645101663585
Q8N9M1-2,0.6865671641791045,0.08812260536398467
Q9UL49-2,0.022026431718061675,0.004775549188156638
Q96DB9-2,0.09375,0.022222222222222223
Q8N128-2,,
P79522-2,0.19047619047619047,0.05128205128205128
Q9P0W8-3,0.04964539007092199,0.011456628477905073
Q71F23-3,0.19318181818181818,0.025718608169440244
Q6PI98-3,0.8604651162790697,0.10249307479224377
Q6H9L7-5,0.2839506172839506,0.06948640483383686
Q03933-2,0.7222222222222222,0.17333333333333334
Q9NV72-2,0.06060606060606061,0.012121212121212121
Q0D2I5-3,0.046511627906976744,0.006889763779527559
O14735-2,0.014150943396226415,0.00145985401459854
Q96M27-5,2.0,0.2123076923076923
Q13398-8,1.4047619047619047,0.15902964959568733
Q9NR83-3,0.10476190476190476,0.02517162471395881
Q8N9L1-2,0.11538461538461539,0.017857142857142856
Q8N6V4-4,3.526315789473684,0.3582887700534759
Q08648-2,0.08571428571428572,0.015463917525773196
Q9H1J1-2,2.4242424242424243,0.35398230088495575
Q07666-3,2.8205128205128207,0.2956989247311828
P02686-6,0.012048192771084338,0.0026905829596412557
Q96T75-2,0.3870967741935484,0.05454545454545454
Q8NFW5-2,4.0,0.5882352941176471
P23759-2,0.16619718309859155,0.03297931805477921
Q15054-2,2.282051282051282,0.22531645569620254
Q9UBB5-3,0.022598870056497175,0.0032102728731942215
Q5BJD5-3,0.5325443786982249,0.053763440860215055
Q9Y570-3,0.007792207792207792,0.0008472182999152782
O76076-2,0.0759493670886076,0.01107011070110701
Q9HD23-3,0.18658892128279883,0.020928711576193592
Q8WWR9-2,0.8,0.25
Q7Z572-2,0.0851063829787234,0.025974025974025976
Q9BUL5-2,0.03571428571428571,0.007194244604316547
Q6PDB4-2,0.006024096385542169,0.0007826767545003914
Q9NS61-9,0.008130081300813009,0.001002004008016032
Q5GAN6-2,,
Q8N114-3,0.0970873786407767,0.015151515151515152
O75030-4,0.030303030303030304,0.005795235028976175
Q96HC4-6,0.023809523809523808,0.0059031877213695395
Q8NEY8-6,0.00437636761487965,0.0009149130832570906
Q569K4-4,0.00425531914893617,0.000819000819000819
Q969W3-2,,
Q9NZN8-5,0.28,0.07291666666666667
Q12912-2,0.08928571428571429,0.022222222222222223
Q9C004-2,0.019704433497536946,0.0029282576866764276
O43918-2,0.027491408934707903,0.004592422502870264
Q4VC05-2,,
Q9H3Q1-2,0.1,0.023728813559322035
O00165-5,0.10416666666666667,0.02857142857142857
O75398-3,1.3333333333333333,0.16666666666666666
Q8IWD4-3,0.2777777777777778,0.07692307692307693
Q8N6U8-5,1.5483870967741935,0.14837712519319937
Q96FW1-2,1.3963963963963963,0.16129032258064516
Q9H2W1-4,0.8506493506493507,0.10100231303006939
Q8N9L1-5,,
P26436-8,0.7472527472527473,0.1487964989059081
Q8TDC0-2,0.30434782608695654,0.056451612903225805
O75190-4,0.8793103448275862,0.08994708994708994
Q6IPX3-2,0.11538461538461539,0.03225806451612903
Q8TF68-2,0.4918032786885246,0.06224066390041494
P49768-4,0.4934640522875817,0.05561694290976059
Q6UXT8-2,2.9,0.3020833333333333
Q9H8Y8-2,2.426470588235294,0.2534562211981567
Q6NW34-2,3.2535211267605635,0.3051519154557464
Q9NVD7-2,0.6569037656903766,0.07049842837898518
Q9BVL2-2,0.075,0.019867549668874173
O15165-8,0.02727272727272727,0.004149377593360996
Q5VWP3-2,0.0051387461459403904,0.001244090569793481
Q7L0R7-2,0.07407407407407407,0.020689655172413793
Q96LC9-3,0.04597701149425287,0.006944444444444444
Q9NYR9-4,1.237037037037037,0.1372226787181594
O75030-3,0.12121212121212122,0.031746031746031744
Q13952-6,0.0782608695652174,0.01775147928994083
Q6ZQY2-2,0.35826771653543305,0.03228095069173466
Q5BJD5-2,0.5238095238095238,0.052948255114320095
O60902-2,0.5,0.15
P0DPB3-2,1.5384615384615385,0.22727272727272727
Q8N6T3-2,0.07317073170731707,0.022556390977443608
Q96EK2-3,0.11904761904761904,0.034013605442176874
O75840-2,1.5454545454545454,0.1717171717171717
Q01892-2,0.04,0.00468384074941452
Q969W9-2,0.3055555555555556,0.06077348066298342
Q0VD86-2,0.5333333333333333,0.12903225806451613
O95243-2,0.8333333333333334,0.23809523809523808
Q6NZ36-3,0.25,0.06172839506172839
Q02548-10,0.10902255639097744,0.02096890817064353
Q8IXQ8-3,1.8,0.21176470588235294
O75840-4,1.5454545454545454,0.1717171717171717
Q86UU9-3,0.10294117647058823,0.026415094339622643
Q96HA4-4,0.052307692307692305,0.010862619808306708
Q16629-4,0.5,0.14285714285714285
Q9HBU6-2,0.6666666666666666,0.06613756613756613
P16220-1,,
O00165-3,0.23076923076923078,0.04225352112676056
Q6UXU4-3,2.1372549019607843,0.20297951582867785
Q92734-2,1.25,0.38461538461538464
P11308-1,0.048582995951417005,0.008333333333333333
P23759-1,0.05263157894736842,0.014925373134328358
P57082-2,,
Q5XKR9-2,,
Q9UBU3-3,0.75,0.10344827586206896
Q7L4E1-3,0.78515625,0.07910271546635184
Q8WV28-3,2.1923076923076925,0.2261904761904762
Q9Y250-7,0.005535055350553505,0.0009256402344955261
P17544-1,,
Q86T90-2,0.21052631578947367,0.05405405405405406
P55082-2,0.15753424657534246,0.021081576535288724
Q86SU0-4,0.4779735682819383,0.09253731343283582
Q6B8I1-3,0.9057971014492754,0.0862663906142167
Q8N131-2,0.5263157894736842,0.14285714285714285
Q15038-6,3.1363636363636362,0.44516129032258067
P28335-2,0.6470588235294118,0.08368554522400676
Q99674-3,0.00949367088607595,0.0016806722689075631
Q92838-2,0.007722007722007722,0.0010384215991692627
O43670-4,,
Q9Y215-8,0.01092896174863388,0.0016155088852988692
Q8N108-13,2.0,0.6666666666666666
Q9H425-3,0.868421052631579,0.11827956989247312
Q64ET8-2,,
Q9Y2G2-3,1.516778523489933,0.15694444444444444
O75030-2,3.1666666666666665,0.4418604651162791
O75030-7,0.11764705882352941,0.03076923076923077
Q9UKS7-3,0.035897435897435895,0.005658852061438965
Q9BUB7-3,0.46405228758169936,0.053103964098728494
Q15884-1,0.062111801242236024,0.0077279752704791345
Q8N0W5-3,0.2248062015503876,0.031149301825993556
Q9BZR8-3,0.9801980198019802,0.10366492146596859
Q5BKY9-2,0.6,0.15
Q8TAG6-2,0.05309734513274336,0.014150943396226415
Q8N114-4,0.01680672268907563,0.0030349013657056147
Q9H8Y8-3,4.6,0.5411764705882353
Q9BUL5-4,0.3,0.0967741935483871
Q6GPH4-6,0.1366906474820144,0.01595298068849706
Q6UX15-3,0.0855614973262032,0.009673518742442563
Q9NS61-8,0.5403726708074534,0.08093023255813954
Q8N0V3-2,0.4388888888888889,0.07783251231527094
Q8NBV8-1,0.3880597014925373,0.04075235109717868
Q96A57-2,,
O43768-8,0.05,0.010033444816053512
Q8N6F7-3,0.6666666666666666,0.14705882352941177
Q9BT81-2,0.5897435897435898,0.09829059829059829
Q18PE1-3,2.6,0.52
Q8N8E2-2,0.08064516129032258,0.021834061135371178
Q13148-4,0.9774436090225563,0.12126865671641791
Q9BPY8-4,0.027777777777777776,0.0035335689045936395
Q8NBM4-2,1.2248062015503876,0.1238244514106583
P31942-4,0.05343511450381679,0.007049345417925478
P33241-2,0.04838709677419355,0.008174386920980926
P47710-4,0.40816326530612246,0.06711409395973154
Q6S5H5-4,0.33755274261603374,0.04700352526439483
Q14142-4,0.0045351473922902496,0.0005291005291005291
Q9NZR4-4,0.25,0.041116005873715125
Q8WXS3-5,0.03296703296703297,0.008695652173913044
Q6ZUT1-3,0.04878048780487805,0.007371007371007371
Q96NZ1-3,0.25380710659898476,0.06234413965087282
Q9Y5U5-2,0.40186915887850466,0.06924315619967794
Q9H2W1-3,1.32,0.1864406779661017
Q8IYA8-3,0.021645021645021644,0.004562043795620438
Q8WV83-2,0.0038314176245210726,0.0004415011037527594
Q13950-2,0.2777777777777778,0.07246376811594203
Q96HA4-2,0.03932584269662921,0.008383233532934131
P47710-2,8.0,1.0
O43310-2,,
Q569K4-2,0.060240963855421686,0.009823182711198428
P15863-2,0.00375234521575985,0.000777000777000777
O43521-10,0.15151515151515152,0.02066115702479339
P56545-2,0.3157894736842105,0.046153846153846156
Q9NWS0-3,1.2303370786516854,0.14668452779638314
Q9UM00-2,2.3157894736842106,0.25
Q8TD55-2,1.46,0.1848101265822785
Q96A84-3,,
Q9NQ60-3,0.2,0.05660377358490566
P14651-2,0.0547945205479452,0.015625
Q13761-2,1.25,0.3333333333333333
Q01196-9,1.25,0.3333333333333333
Q6ZNR0-4,0.5,0.0663265306122449
O43918-4,0.027491408934707903,0.004592422502870264
Q96QD9-4,0.02631578947368421,0.005055611729019211
Q9H910-3,,
P52434-4,4.447368421052632,0.4300254452926209
Q16854-6,0.4,0.04259259259259259
Q86VV4-3,,
Q8N9L1-3,,
P52952-2,0.051643192488262914,0.00960698689956332
Q96EK2-4,0.03056768558951965,0.007135575942915392
Q66PJ3-7,0.45454545454545453,0.1282051282051282
Q6NZ36-6,0.025157232704402517,0.004347826086956522
Q7Z309-3,,
P29692-2,,
Q13286-5,1.1338028169014085,0.10944935418082936
Q96JQ5-2,2.4339622641509435,0.24478178368121442
Q70YC5-3,0.020202020202020204,0.005555555555555556
Q86UU9-2,0.14583333333333334,0.037037037037037035
P09086-2,0.16666666666666666,0.043478260869565216
O15165-4,0.023255813953488372,0.0038314176245210726
P26439-2,0.5613382899628253,0.05406373075546008
Q9BZS1-2,0.6285714285714286,0.13095238095238096
A1Z1Q3-4,0.004889975550122249,0.0006591957811470006
Q8WV48-4,0.05649717514124294,0.011312217194570135
Q6N063-3,0.34494773519163763,0.03457911281872162
Q6H9L7-3,0.6049382716049383,0.14714714714714713
O15165-3,0.18333333333333332,0.02729528535980149
Q9NY27-2,1.6206896551724137,0.19183673469387755
P17544-5,0.02030456852791878,0.0040858018386108275
O94763-3,1.14,0.1642651296829971
Q99687-2,,
P46937-5,0.2807017543859649,0.04020100502512563
Q8ND83-3,0.02518891687657431,0.005246589716684155
Q07955-2,1.03125,0.22448979591836735
O75553-4,0.3068181818181818,0.06413301662707839
O75030-8,0.030303030303030304,0.005795235028976175
Q8N9U0-2,3.28125,0.3583617747440273
Q9NQG6-2,0.025280898876404494,0.0026635099141757916
Q96SQ7-2,1.0,1.0
O15165-6,0.18333333333333332,0.02729528535980149
Q9BSU1-2,0.0166270783847981,0.0018592297476759628
Q86YL7-2,0.024844720496894408,0.004975124378109453
P02686-2,0.17857142857142858,0.03875968992248062
O43237-2,3.0128205128205128,0.3032258064516129
Q6PGN9-3,0.02112676056338028,0.005917159763313609
P25445-3,0.1814814814814815,0.02174877940523746
Q92838-7,0.007722007722007722,0.0010384215991692627
Q8N9N5-3,0.08314606741573034,0.012589316093909493
Q8ND25-2,,
Q9NPH6-2,1.7179487179487178,0.18662952646239556
Q9NW68-3,0.021798365122615803,0.004077471967380225
Q9UKY7-2,0.2,0.034482758620689655
Q9NZC7-7,0.6956521739130435,0.065439672801636
O75553-6,0.6060606060606061,0.12345679012345678
O95727-2,0.22429906542056074,0.024072216649949848
P14209-3,0.375,0.125
Q9C0D0-2,0.05102040816326531,0.007898894154818325
O00453-3,0.3181818181818182,0.04046242774566474
O43464-4,1.282758620689655,0.12916666666666668
Q9UKI9-3,0.625,0.16129032258064516
Q99697-2,0.11666666666666667,0.020771513353115726
O75121-2,1.7766990291262137,0.25738396624472576
Q96FE7-5,0.12658227848101267,0.01488095238095238
Q15054-3,0.5471698113207547,0.05788423153692615
Q53FE4-2,0.06779661016949153,0.013363028953229399
P25445-2,0.1814814814814815,0.02174877940523746
Q16595-3,1.6,0.17391304347826086
Q4JDL3-13,0.016286644951140065,0.0016144656118824668
Q86TD4-1,,
Q16385-2,0.0625,0.015625
O75030-5,0.12121212121212122,0.031746031746031744
P46937-4,0.20224719101123595,0.045
P48060-2,2.288,0.2585895117540687
Q8WWR9-3,0.3333333333333333,0.1111111111111111
Q6ZNR0-3,0.5,0.0663265306122449
Q9UGB7-2,1.3255813953488371,0.1296928327645051
Q9BT67-2,0.0684931506849315,0.008264462809917356
Q9BUV8-5,1.09375,0.12411347517730496
Q8N6T0-4,0.028350515463917526,0.0032324419629738465
Q9ULV5-2,0.08,0.021739130434782608
Q86UU9-5,1.1666666666666667,0.28
O14521-3,0.06862745098039216,0.007874015748031496
B0YJ81-2,0.5460122699386503,0.05805609915198956
P15018-2,0.01020408163265306,0.0011185682326621924
Q5JVS0-2,0.0380952380952381,0.010638297872340425
Q6PEV8-2,0.3023255813953488,0.06220095693779904
Q13887-3,0.019830028328611898,0.0038272279934390375
Q7L804-2,4.0,1.0
E5RJM6-3,0.19402985074626866,0.01808066759388039
Q01196-2,0.14285714285714285,0.047619047619047616
Q8N108-12,2.0,0.6666666666666666
P31942-3,3.122448979591837,0.3740831295843521
Q16656-2,1.303030303030303,0.18454935622317598
O95704-5,0.49828178694158076,0.06100126209507783
Q569H4-3,0.21153846153846154,0.03225806451612903
Q8NB59-4,0.0036101083032490976,0.0005058168942842691
O95628-8,0.009836065573770493,0.0025619128949615714
P32241-3,0.6793893129770993,0.07367549668874172
Q9NPE2-3,0.04219409282700422,0.007194244604316547
Q8NAV1-2,0.06951871657754011,0.007234279354479688
Q8N8W4-2,2.6736842105263157,0.23345588235294118
O15165-2,0.2777777777777778,0.08771929824561403
P49798-4,0.3208955223880597,0.03742384682332463
Q6PI47-3,0.07114624505928854,0.008387698042870456
O00453-2,0.3181818181818182,0.04046242774566474
Q9NW68-2,0.06666666666666667,0.01276595744680851
O75030-6,0.030303030303030304,0.005795235028976175
Q01196-10,1.25,0.3333333333333333
Q8N9Y4-2,0.0967741935483871,0.024793388429752067
Q8N7X2-4,0.008333333333333333,0.0024330900243309003
Q13950-3,0.2727272727272727,0.08333333333333333
Q8N9N5-6,0.11989795918367346,0.017184643510054845
Q12951-2,0.8421052631578947,0.1652892561983471
O60381-2,1.1346153846153846,0.1524547803617571
Q00987-9,1.6222222222222222,0.17936117936117937
Q8N9M1-3,0.09929078014184398,0.013084112149532711
P02686-5,0.022556390977443608,0.005504587155963303
Q9H8M2-6,0.3181818181818182,0.056778679026651215
O15165-5,0.14285714285714285,0.02040816326530612
Q7Z5J1-3,1.1111111111111112,0.10044642857142858
Q9BZR8-2,0.9801980198019802,0.10366492146596859
A1A519-3,0.00980392156862745,0.0017931858936043037
O94763-2,1.381578947368421,0.18584070796460178
Q9Y458-2,1.5,0.24193548387096775
Q7Z309-2,,
Q96QD9-2,0.38235294117647056,0.07878787878787878
Q06889-2,0.1,0.028901734104046242
P11308-3,5.0,0.7142857142857143
Q9H9R9-2,0.4444444444444444,0.125
Q9H4I0-2,0.03333333333333333,0.004464285714285714
P25101-2,0.5435540069686411,0.060512024825446084
Q9BUH6-2,0.5972222222222222,0.08669354838709678
O15504-3,0.021929824561403508,0.0035137034434293743
Q9UHH9-5,0.004705882352941176,0.0005356186395286556
Q92838-6,0.007722007722007722,0.0010384215991692627
Q9NX45-3,0.5333333333333333,0.13793103448275862
Q86W33-3,0.7294117647058823,0.10437710437710437
P50221-2,0.02040816326530612,0.003134796238244514
P81605-2,0.7692307692307693,0.10638297872340426
Q9ULB1-4,0.002183406113537118,0.00022598870056497175
Q9HBI0-5,0.23674911660777384,0.025719769673704415
O15405-2,0.09803921568627451,0.02262443438914027
Q96B01-2,0.35294117647058826,0.08333333333333333
P50135-2,0.9694323144104804,0.09635416666666667
Q8IX15-3,0.4166666666666667,0.1111111111111111
P13224-2,1.5,0.6
Q9NVL1-2,1.3823529411764706,0.1934156378600823
Q9H2X3-10,0.0078125,0.0008925914906277894
Q9NZ09-4,0.3,0.09090909090909091
Q02930-4,0.01948051948051948,0.00340522133938706
Q96BW1-2,0.45180722891566266,0.04504504504504504
Q86SU0-2,0.2727272727272727,0.05217391304347826
Q8WU67-2,0.062146892655367235,0.005681818181818182
Q70Z44-2,0.22950819672131148,0.027515723270440252
O43521-11,0.14925373134328357,0.02032520325203252
Q9UJU2-7,0.05,0.012422360248447204
Q5SRR4-3,0.23076923076923078,0.03862660944206009
Q86WH2-2,0.3151515151515151,0.03851851851851852
Q6PGN9-2,0.13333333333333333,0.03773584905660377
Q9NPI6-2,0.3157894736842105,0.08333333333333333
Q8NHE4-3,1.7142857142857142,0.2608695652173913
O15079-2,,
Q5T8D3-2,0.07017543859649122,0.00906344410876133
Q8N9W8-2,1.3181818181818181,0.2761904761904762
Q9UKT9-14,0.11721611721611722,0.018648018648018648
Q68CJ9-2,3.0,1.0
O43561-5,5.0,1.0
Q8WUZ0-2,0.04878048780487805,0.0136986301369863
Q96N95-3,0.3939393939393939,0.049429657794676805
P15336-5,0.3333333333333333,0.06
O60902-3,,
P78358-2,1.5869565217391304,0.18863049095607234
Q96LC9-2,0.9523809523809523,0.11904761904761904
Q9UKT9-13,0.5373134328358209,0.06282722513089005
P17096-3,0.07142857142857142,0.01507537688442211
Q8ND56-2,0.5,0.15789473684210525
P06454-2,4.0,1.0
Q9H2W2-2,,
P15336-7,0.003968253968253968,0.000778816199376947
Q9BQ15-2,0.21212121212121213,0.022222222222222223
Q7RTV3-2,0.1917808219178082,0.02702702702702703
Q9UKT9-5,0.7473684210526316,0.08585247883917775
P46937-3,0.2807017543859649,0.04020100502512563
Q9UKI9-2,0.625,0.16129032258064516
Q92838-5,0.007722007722007722,0.0010384215991692627
Q7Z309-4,0.05319148936170213,0.012315270935960592
Q8NEY8-9,0.010416666666666666,0.0018832391713747645
Q8N6U8-4,1.5483870967741935,0.14837712519319937
Q9NUV7-2,0.17516629711751663,0.01678351391544508
Q7Z434-3,0.1320754716981132,0.030508474576271188
Q969W9-3,0.22,0.03754266211604096
Q9HDD0-2,,
P46937-6,0.9736842105263158,0.11746031746031746
Q8IZJ4-2,3.3846153846153846,0.38596491228070173
O95628-4,0.09375,0.02654867256637168
O75865-3,0.32061068702290074,0.031578947368421054
Q8N5S3-2,0.06611570247933884,0.013422818791946308
Q9H2X3-9,0.0078125,0.0008925914906277894
P09086-3,0.3125,0.08771929824561403
Q8N5G0-2,,
Q86SU0-6,0.04669260700389105,0.005714285714285714
O43561-3,0.05714285714285714,0.0121580547112462
P32243-2,,
Q68CJ9-4,2.0,0.6666666666666666
Q96FG2-5,0.680365296803653,0.07071665875652587
Q8WU79-2,2.65625,0.28619528619528617
Q8N114-2,1.032258064516129,0.16161616161616163
Q99612-2,0.8245614035087719,0.09381237524950099
Q9H6P5-3,0.7938461538461539,0.07226890756302522
P41439-4,0.5661375661375662,0.05941143808995003
Q8NCT3-4,0.019305019305019305,0.0026301946344029457
P34820-2,1.3333333333333333,0.15967523680649526
Q16674-2,1.125,0.1232876712328767
Q6ZN04-3,0.16770186335403728,0.028733593472862716
Q96L11-3,,
A6NFC5-3,1.7671232876712328,0.18668596237337193
Q86YL5-2,0.15789473684210525,0.0410958904109589
Q92838-8,0.007722007722007722,0.0010384215991692627
Q86YD3-2,0.3409090909090909,0.0473186119873817
Q8TCZ2-3,0.0958904109589041,0.025830258302583026
O00762-4,2.176470588235294,0.22492401215805471
Q8TC21-3,0.003976143141153081,0.000500751126690035
P35372-18,0.3201320132013201,0.03359889158295809
P01344-2,8.0,1.0
Q9BUG6-2,0.16535433070866143,0.024504084014002333
Q14135-4,0.5714285714285714,0.075
Q9BSJ6-2,0.5,0.06944444444444445
Q13261-8,0.061224489795918366,0.008310249307479225
Q8NE00-2,1.91699604743083,0.18490278307281738
Q9UHG0-2,0.0196078431372549,0.0027881040892193307
O60225-2,,
Q9NYZ2-2,1.063157894736842,0.10358974358974359
Q01196-8,1.25,0.3333333333333333
Q8IV13-2,0.004608294930875576,0.0005861664712778429
Q9UJU2-5,0.17857142857142858,0.04950495049504951
P56270-3,0.12121212121212122,0.03278688524590164
Q9UBF6-2,0.7962962962962963,0.08902691511387163
Q96N03-3,0.11585365853658537,0.014537107880642693
Q6TCH7-4,0.332,0.03331995182657567
Q5J8M3-3,0.13793103448275862,0.01680672268907563
A2IDD5-6,0.009900990099009901,0.0014932802389248383
Q6ZNR0-5,0.54,0.07049608355091384
Q03060-1,0.02880658436213992,0.005649717514124294
Q86Y39-2,1.7567567567567568,0.2090032154340836
Q5VX52-2,0.013824884792626729,0.0019569471624266144
Q9NP66-2,0.029850746268656716,0.0038022813688212928
Q9HBI0-4,0.0030303030303030303,0.0003402517863218782
Q9NW68-6,0.004662004662004662,0.0008223684210526315
P43268-2,0.1282051282051282,0.03496503496503497
Q49A92-2,0.12612612612612611,0.028
Q2KHT4-2,2.176470588235294,0.20747663551401868
Q9UHF4-2,0.23134328358208955,0.026473099914602904
O75223-4,1.9130434782608696,0.20417633410672853
P31942-6,0.005797101449275362,0.0008857395925597874
A2IDD5-3,0.0364963503649635,0.0053533190578158455
Q86SQ6-2,1.8865979381443299,0.1861648016276704
Q9BUU2-2,0.4206008583690987,0.040697674418604654
Q01196-11,1.5523809523809524,0.22116689280868385
Q7Z3K6-3,4.0,1.0
Q9NSI8-3,0.2777777777777778,0.07692307692307693
O95415-2,0.7441860465116279,0.08290155440414508
Q9NW68-5,0.1649122807017544,0.033168666196189134
Q8N9N5-2,0.11989795918367346,0.017184643510054845
P19544-6,0.029339853300733496,0.006362672322375398
Q569H4-2,0.05714285714285714,0.008928571428571428
B3KU38-2,0.4444444444444444,0.08571428571428572
O94817-4,0.2823529411764706,0.030927835051546393
P05549-2,0.36619718309859156,0.041666666666666664
Q7Z5B4-5,5.0,1.0
Q03060-6,0.005813953488372093,0.0010649627263045794
O75444-1,2.0,1.0
Q8N8W4-3,1.3952095808383234,0.12656165127648017
Q8NEY8-8,0.08547008547008547,0.01466275659824047
Q8IVW6-4,3.0,1.0
A6PVL3-2,1.173913043478261,0.14285714285714285
P36402-7,0.07692307692307693,0.021739130434782608
Q8IZD0-2,,
Q14847-2,0.13114754098360656,0.014814814814814815
O95600-3,0.19811320754716982,0.025454545454545455
Q6UXB0-2,0.36470588235294116,0.0684326710816777
W5XKT8-2,0.32806324110671936,0.03767589650476623
P11308-5,0.006276150627615063,0.0010413051023950017
P05019-3,0.010309278350515464,0.0015432098765432098
P28908-3,0.015730337078651686,0.00259163272861903
Q96MN9-2,0.037383177570093455,0.01020408163265306
P46937-7,0.336734693877551,0.04775687409551375
Q7Z5V6-2,0.8,0.17391304347826086
Q13875-3,0.08771929824561403,0.021551724137931036
Q9NP31-2,,
Q86WP2-4,0.029239766081871343,0.0078003120124804995
Q96A73-2,0.21052631578947367,0.05555555555555555
Q96S66-2,0.84,0.1024390243902439
Q7Z7G1-3,0.13513513513513514,0.037037037037037035
Q969K7-3,2.943396226415094,0.2671232876712329
Q9H2X3-3,1.6206896551724137,0.1700844390832328
Q99592-2,,
A6NDY0-2,1.4606741573033708,0.2264808362369338
Q8N9Z9-5,0.625,0.16129032258064516
Q9BW11-4,0.05263157894736842,0.012048192771084338
Q96MY1-2,0.05454545454545454,0.008695652173913044
P55008-3,0.0136986301369863,0.0016750418760469012
Q86VK4-2,0.20512820512820512,0.030848329048843187
Q6ZN18-2,0.7142857142857143,0.09803921568627451
Q9HCQ7-2,0.125,0.041666666666666664
O43516-2,0.29411764705882354,0.07246376811594203
Q8TCZ2-2,0.12244897959183673,0.031914893617021274
Q9UHD0-3,3.107142857142857,0.3210332103321033
Q8NC06-3,0.25742574257425743,0.05
Q8N6N2-2,0.5567010309278351,0.059734513274336286
Q68G75-3,0.9285714285714286,0.15789473684210525
P55957-3,0.6776859504132231,0.0702054794520548
Q5J8M3-2,1.4603174603174602,0.18473895582329317
P01242-4,2.3134328358208953,0.2743362831858407
Q9H0Y0-2,0.6959459459459459,0.0789272030651341
Q6UN15-3,0.025089605734767026,0.0056406124093473006
O43516-3,,
P11161-2,0.16,0.047619047619047616
Q5T0D9-2,4.5423728813559325,0.4200626959247649
Q99217-3,,
Q9NWS1-5,0.7333333333333333,0.07531531531531531
Q8N6S4-3,0.3123425692695214,0.03351351351351351
Q8TAM6-2,,
P25791-4,0.020833333333333332,0.002523128679562658
Q7Z3K6-2,,
Q96C03-2,0.008547008547008548,0.0009149130832570906
Q9Y250-6,0.03367875647668394,0.0048525569242254575
Q13505-2,3.161290322580645,0.3202614379084967
Q9H305-3,0.05063291139240506,0.013245033112582781
P36402-13,0.07692307692307693,0.021739130434782608
Q9BXU9-1,0.09523809523809523,0.023529411764705882
Q8NE31-2,0.1347517730496454,0.019853709508881923
Q96HC4-5,0.21099290780141844,0.03426432479124676
Q9C0I9-3,0.013574660633484163,0.0021382751247327157
Q9H9S0-2,0.3125,0.09433962264150944
Q96BT3-2,0.01098901098901099,0.0020761245674740486
Q16612-2,,
Q96S66-4,0.34054054054054056,0.043003412969283276
Q8NHW4-4,2.2142857142857144,0.25833333333333336
Q8IUX4-3,0.4222222222222222,0.043478260869565216
Q86UQ0-2,0.24324324324324326,0.03982300884955752
Q96BY9-2,0.5348837209302325,0.06166219839142091
P02686-4,0.012048192771084338,0.0026905829596412557
Q8WUP2-2,0.75,0.08545727136431784
Q99217-2,0.9375,0.15789473684210525
Q96LZ7-2,0.004889975550122249,0.0005844535359438924
Q9HCN2-3,0.04,0.010830324909747292
Q6YI46-4,2.1923076923076925,0.2261904761904762
O95628-7,0.09375,0.02654867256637168
Q7Z3K6-4,0.1111111111111111,0.02005730659025788
Q8NEY8-2,0.00437636761487965,0.0009149130832570906
Q5SRE7-3,1.5,0.1470785762256548
Q9GZU3-2,0.4812680115273775,0.05256531318854265
O75553-5,0.37142857142857144,0.06878306878306878
Q04743-2,0.017241379310344827,0.0024271844660194173
Q96K30-3,,
Q3B7T3-3,0.007751937984496124,0.0014947683109118087
P46937-2,1.25,0.19230769230769232
Q9H6K1-2,2.0303030303030303,0.2271186440677966
P19544-9,0.018867924528301886,0.0053475935828877
P05019-4,0.11627906976744186,0.0176678445229682
P50549-5,0.0641025641025641,0.011337868480725623
Q14011-2,0.08333333333333333,0.021148036253776436
Q9P0K8-2,0.0967741935483871,0.026785714285714284
Q8NG50-7,0.626984126984127,0.07581573896353166
Q9NZ09-3,0.1346153846153846,0.02834008097165992
Q5T8D3-4,0.07017543859649122,0.00906344410876133
O95243-3,1.5238095238095237,0.16842105263157894
O00409-2,0.21739130434782608,0.04424778761061947
Q6ZN54-2,0.003913894324853229,0.0004948045522018803
Q7Z3D4-2,0.33181818181818185,0.056024558710667687
P36402-9,0.07692307692307693,0.021739130434782608
O95998-4,2.716417910447761,0.3204225352112676
Q02930-2,0.7142857142857143,0.2
P49662-5,0.15810276679841898,0.016433853738701727
Q9H972-2,2.725,0.2845953002610966
Q8TCY5-1,,
Q9Y2G2-6,0.0021413276231263384,0.0002418379685610641
Q8N4H0-3,1.0172413793103448,0.15567282321899736
O00165-2,,
P46937-8,1.2666666666666666,0.1958762886597938
Q5T292-4,0.2,0.0379746835443038
Q8N9W6-5,0.042735042735042736,0.005488474204171241
Q06413-3,0.15625,0.04424778761061947
P01344-3,,
O95243-5,1.75,0.21
Q9UJU2-6,0.053763440860215055,0.009765625
Q5T8D3-3,0.07017543859649122,0.00906344410876133
Q6UN15-4,0.00530035335689046,0.0011181513231457323
Q96IQ9-2,0.6666666666666666,0.3333333333333333
Q07687-2,0.18181818181818182,0.03934426229508197
Q9UII2-2,0.21739130434782608,0.027932960893854747
Q8NHP7-2,0.7894736842105263,0.09127789046653144
Q6ZU67-3,0.001876172607879925,0.00033211557622052476
O43918-3,0.007352941176470588,0.0012626262626262627
Q9BRL6-2,0.7142857142857143,0.2
Q8WVK7-2,0.03333333333333333,0.004405286343612335
O95600-4,0.00558659217877095,0.0010438413361169101
Q8N9N5-7,0.11989795918367346,0.017184643510054845
Q9UII2-3,0.21739130434782608,0.027932960893854747
O60667-2,0.24107142857142858,0.02598652550529355
A1A519-4,0.00980392156862745,0.0017931858936043037
Q06413-2,0.75,0.23076923076923078
P55210-2,1.6258064516129032,0.16578947368421051
Q8WUU8-2,0.058823529411764705,0.016129032258064516
O95196-3,0.009765625,0.002026753141467369
Q9NWB1-3,0.21428571428571427,0.0625
P36402-15,0.07692307692307693,0.021739130434782608
Q8N4S0-2,0.16355140186915887,0.017318159327065808
Q4ZJI4-5,0.02247191011235955,0.0020483408439164277
Q8N9N5-4,0.23076923076923078,0.033276450511945395
Q8TCZ2-6,0.0684931506849315,0.014245014245014245
Q6P5X7-3,0.20634920634920634,0.048327137546468404
A8K830-3,,
Q99932-1,0.1875,0.03870967741935484
P49759-2,0.15254237288135594,0.01558891454965358
P52594-2,0.125,0.03816793893129771
O15503-2,0.42142857142857143,0.04360679970436068
P15976-2,0.28225806451612906,0.06986027944111776
Q8NEY8-3,0.011428571428571429,0.002531645569620253
Q6ZRY4-2,0.05405405405405406,0.0069124423963133645
Q9Y6I3-1,0.06222222222222222,0.007049345417925478
Q6ZNE9-3,0.3493723849372385,0.05413290113452188
A2RU30-3,0.0038461538461538464,0.0007930214115781126
P08247-2,1.5423728813559323,0.15502555366269166
Q8IZA3-2,0.050359712230215826,0.007238883143743537
P78411-3,0.04878048780487805,0.013157894736842105
Q6RW13-3,0.31654676258992803,0.039285714285714285
Q96A84-2,4.0,0.8
Q5T3I0-3,1.25,0.3333333333333333
P51608-2,0.625,0.18518518518518517
P15336-4,0.07692307692307693,0.012594458438287154
Q9BX46-5,1.4310344827586208,0.15229357798165138
O43521-19,0.5714285714285714,0.07874015748031496
Q6IPW1-2,1.1111111111111112,0.16129032258064516
Q9H400-2,0.08421052631578947,0.015267175572519083
Q2NL68-2,0.008982035928143712,0.0017657445556209534
Q7L4I2-2,0.058823529411764705,0.01639344262295082
Q8IUX1-4,1.8333333333333333,0.20522388059701493
P53539-5,0.08391608391608392,0.01662049861495845
Q9P0W8-2,0.5,0.06956521739130435
P01298-2,,
Q9H425-2,0.1,0.013993541442411194
P05019-2,0.04918032786885246,0.008645533141210375
P50549-2,0.5789473684210527,0.12643678160919541
O75840-3,0.1532258064516129,0.022170361726954493
Q6ZNR0-2,0.5,0.0663265306122449
P17022-2,5.0,1.0
Q8N9N5-5,0.18699186991869918,0.027901334411645773
Q5JXC2-2,0.07476635514018691,0.01606425702811245
Q9H171-3,0.5555555555555556,0.12295081967213115
Q9Y692-2,0.6,0.15789473684210525
Q9BT76-2,0.2545454545454545,0.06666666666666667
Q9NX40-4,0.13725490196078433,0.025830258302583026
Q96BA8-2,0.056818181818181816,0.014326647564469915
P51858-3,3.4285714285714284,0.4067796610169492
Q6E0U4-13,0.0169971671388102,0.0038071065989847717
Q8NFG4-3,0.29596412556053814,0.03389830508474576
Q8N8F6-2,0.7894736842105263,0.07692307692307693
Q15853-2,4.375,0.4430379746835443
P50549-3,0.21739130434782608,0.06493506493506493
O95628-9,0.009836065573770493,0.0025619128949615714
O00167-3,2.8227848101265822,0.2626619552414605
P50549-4,0.03278688524590164,0.007481296758104738
Q9Y259-2,0.22118380062305296,0.022866344605475042
Q9UBW5-2,2.96875,0.290519877675841
A8K830-4,,
Q9BYI3-2,0.04398826979472141,0.005103776794828173
Q96JY6-5,,
Q9UKQ9-2,0.01276595744680851,0.0012200081333875558
Q96Q80-4,0.12254901960784313,0.01256913021618904
Q6NS38-2,0.7425149700598802,0.07654320987654321
Q96S66-3,0.5702479338842975,0.07062436028659161
P23771-2,,
Q92904-2,,
P53539-6,0.044444444444444446,0.007556675062972292
P43694-2,,
P40225-2,5.25,0.6363636363636364
Q8N5S1-2,0.6987951807228916,0.07225913621262459
Q53S33-2,1.56,0.17105263157894737
P55808-2,,
Q6J272-2,0.39,0.04955527318932656
Q9P2B7-2,0.10869565217391304,0.02252252252252252
O43251-9,0.002570694087403599,0.0005173305742369374
Q9BUN1-2,0.13714285714285715,0.021314387211367674
Q8WU79-3,0.9375,0.09727626459143969
Q9NNX6-12,0.0024813895781637717,0.0002886002886002886
P04233-3,0.10067114093959731,0.01446480231436837
A2RU30-2,0.06521739130434782,0.0136986301369863
O95628-10,0.09090909090909091,0.02564102564102564
Q15038-2,2.2857142857142856,0.28402366863905326
Q3MIW9-2,0.044444444444444446,0.011382113821138212
P84101-2,0.5,0.07042253521126761
Q9H6X4-3,0.7666666666666667,0.09871244635193133
Q8WXS3-1,,
P14138-3,0.4878048780487805,0.10989010989010989
Q8N9W6-2,0.0035714285714285713,0.0006317119393556538
Q6UWH4-3,1.0555555555555556,0.10449129239230064
Q13261-9,0.01680672268907563,0.0030075187969924814
Q13887-2,0.17763157894736842,0.04225352112676056
P46937-9,,
Q8N7W2-3,0.004866180048661801,0.0008361204013377926
P55808-3,,
P02686-3,0.11052631578947368,0.02551640340218712
Q68CJ9-5,0.13901345291479822,0.02478017585931255
Q3SY05-2,0.32142857142857145,0.08256880733944955
Q9BX46-2,1.8909090909090909,0.20717131474103587
Q8NBM4-5,0.41580756013745707,0.04765655769988184
Q6S545-2,0.35797665369649806,0.04806687565308255
Q9BXK5-4,0.8518518518518519,0.08949416342412451
A2RRL7-4,0.17857142857142858,0.026595744680851064
Q96J86-6,0.07368421052631578,0.014553014553014554
P55317-2,0.15151515151515152,0.03225806451612903
P53539-2,0.3888888888888889,0.04929577464788732
Q8N5U1-3,2.1707317073170733,0.21342925659472423
O75865-4,0.32061068702290074,0.031578947368421054
Q8NFV4-2,0.8590909090909091,0.08329660643455267
Q6PDA7-2,0.057692307692307696,0.008797653958944282
Q6RW13-5,0.31654676258992803,0.039285714285714285
Q9HB09-3,4.0,1.0
Q02930-3,0.6363636363636364,0.09417040358744394
Q9NZN8-4,0.7236842105263158,0.09060955518945635
Q96BT3-3,0.03441295546558704,0.0070744902205576365
Q70SY1-3,0.006134969325153374,0.0010905125408942203
Q49A92-4,0.00186219739292365,0.0003812428516965307
P78381-3,1.0826771653543308,0.11909917713295799
O95971-4,0.025477707006369428,0.0030211480362537764
P31942-5,0.005797101449275362,0.0008857395925597874
Q9Y261-2,,
Q16558-2,2.168539325842697,0.23915737298636927
Q9NX40-3,0.034482758620689655,0.00625
Q96JN0-2,0.10344827586206896,0.0297029702970297
Q99218-1,0.9285714285714286,0.14606741573033707
Q8WZ71-2,0.9285714285714286,0.14942528735632185
Q6ZUT6-3,0.00375234521575985,0.0008431703204047217
P57682-2,0.08849557522123894,0.012195121951219513
Q8TAZ6-2,1.9433962264150944,0.20892494929006086
Q13401-3,0.47619047619047616,0.066006600660066
Q9NW75-2,0.10493827160493827,0.02111801242236025
Q6E0U4-11,0.02608695652173913,0.005810200129115558
Q9Y4X4-2,0.13533834586466165,0.0189873417721519
Q9H305-2,0.10256410256410256,0.028169014084507043
A1A519-2,2.0,1.0
Q9BZG2-3,0.20103092783505155,0.02099031216361679
Q6X4W1-5,0.4198895027624309,0.04382929642445214
Q96LP6-3,0.01824817518248175,0.0048216007714561235
O00165-4,0.022988505747126436,0.003929273084479371
Q9H0F5-3,0.10843373493975904,0.030303030303030304
P36402-3,0.07692307692307693,0.021739130434782608
O43251-4,0.002570694087403599,0.0005173305742369374
Q9Y603-6,0.13310580204778158,0.01826697892271663
O75771-6,0.24481327800829875,0.0246758678377248
P12524-2,0.0027548209366391185,0.0005260389268805891
Q15464-2,0.043478260869565216,0.006596306068601583
Q6NUJ5-2,1.0851063829787233,0.1175115207373272
Q8IZS5-2,0.03676470588235294,0.008264462809917356
P40305-4,0.75,0.08450704225352113
P81877-2,0.05426356589147287,0.014
O60320-2,0.12244897959183673,0.01279317697228145
Q7Z5L9-2,0.3125,0.07936507936507936
Q9UC07-2,0.005504587155963303,0.0007297494526879105
P52594-3,2.5,0.7142857142857143
Q06413-5,0.029069767441860465,0.00715307582260372
Q8WXS3-3,0.03260869565217391,0.008595988538681949
Q70SY1-2,0.030927835051546393,0.006507592190889371
Q9Y5P2-2,0.29411764705882354,0.07042253521126761
P50549-6,0.1694915254237288,0.02824858757062147
Q13401-2,0.4,0.10526315789473684
Q86YL7-3,,
Q16656-4,,
Q9UDX5-2,0.84,0.09312638580931264
Q8N6T3-5,0.03225806451612903,0.0048205677557579
Q6ISU1-2,0.2616822429906542,0.02676864244741874
Q14542-2,0.6153846153846154,0.06116876024030585
P04233-2,0.25,0.031007751937984496
Q9NVD3-2,0.24797843665768193,0.025027203482045703
Q96K37-2,0.44333333333333336,0.04461590070446159
P42772-2,0.6235294117647059,0.060849598163030996
Q9BWV3-2,0.3511627906976744,0.036098493903896724
Q9Y448-3,0.11363636363636363,0.014705882352941176
Q9BU19-5,,
Q6UN15-5,0.016666666666666666,0.003937007874015748
Q9Y448-2,0.34146341463414637,0.043478260869565216
Q14247-2,0.028070175438596492,0.004678362573099415
Q7Z6I8-2,0.15555555555555556,0.034482758620689655
Q9BVL2-3,0.4166666666666667,0.11627906976744186
P56177-2,0.013333333333333334,0.002242152466367713
Q969M3-3,4.733333333333333,0.4152046783625731
Q5M7Z0-2,0.31932773109243695,0.033304119193689745
Q8WUK0-3,0.7972027972027972,0.07713125845737483
Q6ZSG2-2,1.0416666666666667,0.1366120218579235
Q9NZR4-3,0.25,0.041116005873715125
Q9HB09-2,0.26635514018691586,0.037377049180327866
Q9UK76-2,0.05454545454545454,0.015228426395939087
Q86TI4-2,0.005333333333333333,0.0005104645227156713
Q969X5-3,0.006920415224913495,0.000778816199376947
Q6ZT89-2,1.7976190476190477,0.18170878459687123
Q06413-4,0.06770833333333333,0.016352201257861635
P15863-3,0.06382978723404255,0.017341040462427744
Q86YL7-4,0.03125,0.0062266500622665
Q9H0F5-2,0.12,0.03260869565217391
P14138-2,0.8125,0.16049382716049382
P0C7X2-5,0.59375,0.08878504672897196
Q9NS23-7,0.5478927203065134,0.06485260770975057
Q8NC67-2,0.030120481927710843,0.0032722513089005235
Q99966-2,,
O95704-6,0.5703971119133574,0.07015985790408526
Q06413-6,0.06770833333333333,0.016352201257861635
Q86VK4-4,1.0684931506849316,0.1638655462184874
Q13118-2,0.9090909090909091,0.18518518518518517
Q9UL58-2,0.01606425702811245,0.0023837902264600714
Q13261-6,0.24615384615384617,0.028368794326241134
Q6P1L5-2,0.03257328990228013,0.008143322475570033
Q9ULC0-2,0.07228915662650602,0.013953488372093023
Q99542-5,0.7245508982035929,0.07976268951878708
Q5T0J7-4,0.017316017316017316,0.0031746031746031746
Q96JP5-2,0.06666666666666667,0.01775147928994083
Q9H9R9-3,0.3,0.08571428571428572
B4DS77-2,1.1125,0.17623762376237623
A8MV65-2,0.23076923076923078,0.07692307692307693
Q9BTE1-3,0.6433566433566433,0.06182795698924731
P56270-4,0.12459016393442623,0.020585048754062838
P41161-2,,
P23769-2,3.5714285714285716,0.49019607843137253
Q6ZTU2-5,0.01598173515981735,0.0035371399696816574
Q6URK8-2,,
Q9Y3Y4-2,0.26666666666666666,0.06896551724137931
Q86VV4-2,0.20121951219512196,0.025095057034220533
Q9NWF4-2,0.46534653465346537,0.04805725971370143
O95600-5,0.34523809523809523,0.06079664570230608
Q9H0F5-4,0.05128205128205128,0.014018691588785047
Q7Z5B4-6,0.10975609756097561,0.01639344262295082
Q6ZUT6-2,0.03271028037383177,0.00658513640639699
Q6ISU1-3,3.3333333333333335,0.33505154639175255
P04554-2,0.25,0.08108108108108109
Q658T7-2,0.005076142131979695,0.0012610340479192938
Q9BPW4-3,0.9272727272727272,0.10537190082644628
Q9NWS0-2,0.038461538461538464,0.0045207956600361665
P49760-2,0.02185792349726776,0.002294893861158921
Q8TCZ2-5,0.0728476821192053,0.013801756587202008
P09466-3,1.8191489361702127,0.18526543878656554
Q5JRV8-2,1.1219512195121952,0.12299465240641712
Q9NWS9-2,0.6071428571428571,0.07423580786026202
Q9H6X4-2,2.2,0.25984251968503935
P80723-2,0.1111111111111111,0.03260869565217391
O95429-2,0.1388888888888889,0.034013605442176874
P33241-3,0.5,0.10526315789473684
Q8IYK8-2,0.7604166666666666,0.09323116219667944
Q8WWA1-3,0.07792207792207792,0.021739130434782608
Q6UX40-2,0.6576576576576577,0.06678865507776761
P01100-3,0.3611111111111111,0.045936395759717315
P81877-4,0.4666666666666667,0.1044776119402985
P04233-5,0.04428044280442804,0.00683371298405467
Q8NC51-2,2.5,0.36585365853658536
Q99643-4,0.03496503496503497,0.004374453193350831
P32970-2,5.093023255813954,0.5488721804511278
Q02078-3,0.03759398496240601,0.010482180293501049
P43699-3,,
Q9NWQ4-1,0.01948051948051948,0.005847953216374269
Q401N2-3,0.40236686390532544,0.04594594594594595
Q8TCZ2-4,0.045662100456621,0.009380863039399626
Q8WWV6-4,0.06521739130434782,0.011363636363636364
Q13261-7,0.02531645569620253,0.004531722054380665
Q8NEY8-5,0.00437636761487965,0.0009149130832570906
Q9Y5R5-3,0.07296137339055794,0.013968775677896467
O15446-2,,
Q8TCY5-3,0.2033898305084746,0.03125
Q9NX40-2,0.04838709677419355,0.009009009009009009
Q5FBB7-6,0.075,0.010452961672473868
Q9BZS1-3,0.18006430868167203,0.030107526881720432
Q05519-2,3.0,1.0
O95628-6,0.09090909090909091,0.02564102564102564
Q8WVR3-2,0.33190578158458245,0.037740443145848554
Q8NHE4-2,0.6129032258064516,0.0945273631840796
Q9BYJ9-2,0.0017921146953405018,0.00031298904538341156
Q9BX40-3,0.005208333333333333,0.0010080645161290322
Q96T75-3,3.3333333333333335,0.43478260869565216
Q6P1Q0-3,0.05204460966542751,0.005430566330488751
P81877-3,0.3,0.07894736842105263
Q9NU63-3,0.18181818181818182,0.02464788732394366
Q96NM4-3,0.053156146179401995,0.011251758087201125
P10451-4,0.2727272727272727,0.08571428571428572
Q9NSY0-4,0.004,0.0004476275738585497
Q9BQE6-2,0.2692307692307692,0.06666666666666667
P98177-2,0.6727272727272727,0.13857677902621723
Q02078-5,0.625,0.18518518518518517
A6NGG3-2,,
Q8N1L9-2,0.058823529411764705,0.008183306055646482
Q7Z4B0-2,1.6,0.1935483870967742
A0PJY2-3,4.5,0.6428571428571429
Q6DJT9-2,0.2073170731707317,0.032015065913371
P11308-6,0.006276150627615063,0.0010413051023950017
Q99732-3,2.914285714285714,0.3227848101265823
Q96KN8-2,1.0434782608695652,0.15384615384615385
Q9NWS8-3,0.7551020408163265,0.07848960543063216
Q96BU1-2,0.19696969696969696,0.032418952618453865
A1L170-2,,
Q9UKT9-7,0.14705882352941177,0.042735042735042736
P48061-7,0.6909090909090909,0.0811965811965812
Q99946-2,0.05357142857142857,0.015706806282722512
P0CK97-2,1.1363636363636365,0.16556291390728478
Q9NX94-2,0.5714285714285714,0.16666666666666666
Q7L4E1-2,0.4592391304347826,0.05094965330117576
Q9NWB1-4,0.013089005235602094,0.0026028110359187923
P17677-2,0.6666666666666666,0.16666666666666666
Q9UM63-2,0.4423076923076923,0.05336426914153132
Q8IYJ0-2,0.5,0.15789473684210525
Q8WVR3-3,0.5364077669902912,0.06096551724137931
Q8N0U8-2,1.1441441441441442,0.11555959963603275
Q9NWB1-5,0.005050505050505051,0.0010131712259371835
Q6NTF9-3,1.0,0.10093056549749463
Q00587-2,0.7142857142857143,0.2
Q8N6F7-2,,
Q9HCN2-2,0.2564102564102564,0.06756756756756757
Q8IYA8-2,0.1206896551724138,0.03125
Q8NAA5-2,0.3789954337899543,0.047078842881452074
O00321-2,,
Q8NCR6-2,0.007662835249042145,0.0015408320493066256
Q8NC51-4,0.37777777777777777,0.05537459283387622
Q5M7Z0-3,0.31932773109243695,0.033304119193689745
O75553-3,1.226890756302521,0.1462925851703407
P52594-4,0.024691358024691357,0.006276150627615063
Q02078-4,0.03880597014925373,0.009826152683295541
O14901-2,0.7058823529411765,0.17647058823529413
O43493-6,0.0502092050209205,0.014150943396226415
Q9BZS1-4,0.5185185185185185,0.07865168539325842
Q8TBJ5-2,0.4329268292682927,0.05148658448150834
O43251-5,0.015151515151515152,0.002728512960436562
Q9BPW4-2,1.0714285714285714,0.14018691588785046
Q8NAV2-2,1.75,0.2916666666666667
Q6NTE8-3,1.2363636363636363,0.17435897435897435
Q02078-2,0.2826086956521739,0.04377104377104377
P10451-3,0.18518518518518517,0.034482758620689655
Q02078-6,0.06220095693779904,0.014959723820483314
Q07820-2,1.0416666666666667,0.10955302366345311
P58512-2,0.022556390977443608,0.00558659217877095
Q9BQY9-4,0.09615384615384616,0.024875621890547265
Q9UJU2-4,0.002512562814070352,0.0005293806246691371
O43251-2,0.043010752688172046,0.012121212121212121
Q8NC51-3,0.9333333333333333,0.12962962962962962
A4D2B8-2,1.3278688524590163,0.1845102505694761
Q13952-2,0.13380281690140844,0.0338680926916221
Q7L2R6-3,0.03361344537815126,0.004681100058513751
Q14773-3,0.21428571428571427,0.023961661341853034
Q8ND83-2,0.026615969581749048,0.005315110098709187
Q15532-2,0.12903225806451613,0.0392156862745098
Q9BWW4-2,0.14814814814814814,0.046511627906976744
P81877-5,0.14736842105263157,0.03804347826086957
Q8WWW8-3,0.016548463356973995,0.004554326610279766
Q5VYS4-2,0.05363984674329502,0.005917159763313609
Q15038-4,1.2682926829268293,0.18055555555555555
Q1A5X6-3,0.5185185185185185,0.09722222222222222
Q96HA4-5,0.07936507936507936,0.012690355329949238
Q6ZSJ9-2,,
Q8WUH1-3,2.5555555555555554,0.26640926640926643
O43251-10,0.23529411764705882,0.07142857142857142
Q86T96-3,0.20970873786407768,0.03590425531914894
Q86WP2-2,,
Q3SY00-2,0.013574660633484163,0.0021082220660576245
Q8N8R3-2,0.15120274914089346,0.015536723163841809
Q9NXJ0-2,2.6739130434782608,0.24848484848484848
P10451-5,0.21428571428571427,0.06382978723404255
Q96IT1-2,,
Q14153-2,0.08333333333333333,0.02109704641350211
Q13952-7,0.13286713286713286,0.033628318584070796
Q8N720-2,0.004484304932735426,0.0006199628022318661
Q96B23-2,0.06557377049180328,0.015625
Q96NZ1-2,0.005025125628140704,0.0009293680297397769
Q6NZ36-2,0.25,0.06172839506172839
Q6P5X7-2,0.42105263157894735,0.0851063829787234
P22794-2,,
Q8N2R0-3,,
Q96NM4-4,0.053156146179401995,0.011251758087201125
Q8WU68-2,0.3409090909090909,0.04059539918809202
Q86WP2-3,0.007633587786259542,0.002127659574468085
Q6RW13-4,0.13333333333333333,0.01620745542949757
O00592-2,0.30303030303030304,0.052083333333333336
Q5JTV8-2,0.8145695364238411,0.12130177514792899
O43670-3,0.5985401459854015,0.10098522167487685
P07108-6,1.9555555555555555,0.21782178217821782
Q86Y22-2,0.0037105751391465678,0.0008
Q5JUK2-2,0.25,0.06666666666666667
Q86T96-2,0.0273224043715847,0.0036258158085569255
A6NJ46-2,0.14754098360655737,0.02912621359223301
Q9UJU2-2,0.07692307692307693,0.011494252873563218
P78411-2,4.0,1.0
Q5SQH8-4,,
Q96BN6-2,0.012048192771084338,0.003374578177727784
Q86YD1-2,0.030303030303030304,0.003816793893129771
Q9NUG4-2,0.10697674418604651,0.01630049610205528
Q5T292-3,0.2,0.0379746835443038
Q9NU63-2,0.18181818181818182,0.02464788732394366
Q6ZSJ9-3,,
Q3KRA9-3,0.008438818565400843,0.0009132420091324201
Q6E0U4-12,0.02336448598130841,0.004812319538017324
Q99967-2,0.14035087719298245,0.034782608695652174
Q92802-2,0.17647058823529413,0.04918032786885246
P04808-2,0.43478260869565216,0.06459948320413436
P50548-2,0.8666666666666667,0.1070840197693575
Q9BWW4-3,0.3,0.08108108108108109
Q86VQ3-2,0.05970149253731343,0.016129032258064516
Q9UKT9-2,0.875,0.10020449897750511
Q01113-3,0.0019230769230769232,0.00028843380444188056
O43251-7,0.007692307692307693,0.002070393374741201
Q8NBM8-2,0.11206896551724138,0.010673234811165846
Q96NM4-2,,
P17509-2,0.13095238095238096,0.016845329249617153
Q9H8J5-2,2.9411764705882355,0.34965034965034963
O43734-2,0.5555555555555556,0.14285714285714285
Q9Y4X4-3,0.168141592920354,0.02161547212741752
Q9UL49-1,0.14583333333333334,0.03867403314917127
P09912-2,,
Q9HCI7-2,1.7837837837837838,0.1793478260869565
P25063-2,0.5909090909090909,0.08280254777070063
Q6UXU4-2,1.1612903225806452,0.13996889580093314
Q86XD5-2,0.13793103448275862,0.038461538461538464
Q99932-2,0.1875,0.03870967741935484
Q13952-5,0.18269230769230768,0.047619047619047616
P09086-5,0.16666666666666666,0.043478260869565216
Q9Y4X0-2,0.75,0.07875894988066826
Q9H2X3-2,0.15217391304347827,0.015849056603773583
Q5JRV8-4,1.6759259259259258,0.1939978563772776
P42771-3,0.5523809523809524,0.060669456066945605
Q9UKT9-3,1.0769230769230769,0.1242603550295858
Q7Z6L0-3,0.6382978723404256,0.07853403141361257
P40305-1,7.0,0.7777777777777778
Q6UXU4-4,0.050724637681159424,0.005756578947368421
Q9UKT9-8,0.1574074074074074,0.023480662983425413
Q96PG8-1,0.04375,0.011570247933884297
O43474-4,0.13784461152882205,0.033394049787492414
Q96EI5-2,,
Q86SU0-5,2.2444444444444445,0.25569620253164554
P35637-2,2.5,0.7142857142857143
Q6ZTU2-4,0.01598173515981735,0.0035371399696816574
Q8NCR6-5,0.037037037037037035,0.007052186177715092
Q9UGQ2-4,0.3448275862068966,0.04504504504504504
Q8TBC5-2,4.0,1.0
O95196-2,0.2222222222222222,0.045454545454545456
Q8IYD9-2,,
Q8N2R0-2,0.25,0.031578947368421054
O95256-4,0.2883817427385892,0.03311889444841554
Q8NHS9-3,0.8541666666666666,0.09557109557109557
O43474-1,0.14705882352941177,0.04
Q5T292-2,0.2,0.0379746835443038
Q8WWW8-2,,
Q86UQ0-3,0.005509641873278237,0.0008849557522123894
Q5XG99-2,0.8478260869565217,0.15354330708661418
O43251-6,,
P40305-3,0.9302325581395349,0.10471204188481675
Q6E0U4-10,0.02608695652173913,0.005810200129115558
Q6TCH4-2,0.0058309037900874635,0.0005841121495327102
Q9NQ32-2,0.015384615384615385,0.004524886877828055
Q6RVD6-2,0.05405405405405406,0.013513513513513514
O43251-8,0.043010752688172046,0.012121212121212121
Q13117-2,0.8489583333333334,0.07260579064587973
P52744-3,0.0038314176245210726,0.0005141388174807198
P38159-3,0.22570532915360503,0.05741626794258373
Q8N0S6-3,1.2107843137254901,0.12319201995012469
Q9NWB1-2,0.016181229773462782,0.0031036623215394167
Q8N7X2-3,0.10909090909090909,0.02631578947368421
Q8N7U9-2,0.12857142857142856,0.028938906752411574
Q66PJ3-2,0.06666666666666667,0.01818181818181818
Q8TB05-2,0.1,0.012875536480686695
Q86T03-3,0.008695652173913044,0.0011123470522803114
O75414-3,1.8360655737704918,0.19444444444444445
O75398-5,0.4265232974910394,0.07087552114353782
Q9UGQ2-3,0.8240740740740741,0.0935856992639327
A6NGU7-2,1.4285714285714286,0.22727272727272727
Q9H1M0-2,0.016666666666666666,0.0021929824561403508
Q03989-5,0.5294117647058824,0.09375
Q6PIV2-2,0.06134969325153374,0.007911392405063292
Q66PJ3-6,0.00423728813559322,0.0007479431563201197
Q8N720-3,,
Q86XD5-3,,
Q9UKT9-15,0.6557377049180327,0.07393715341959335
Q16656-3,0.33540372670807456,0.04945054945054945
Q969F2-2,0.016042780748663103,0.004524886877828055
Q6E0U4-14,0.02336448598130841,0.004812319538017324
O75298-2,0.273972602739726,0.047619047619047616
P22736-3,0.26143790849673204,0.02824858757062147
P01242-2,2.3230769230769233,0.27706422018348625
Q99732-2,2.914285714285714,0.3227848101265823
Q7Z6K1-2,1.9523809523809523,0.24260355029585798
Q96LP6-2,0.11578947368421053,0.023157894736842106
Q9NS68-3,0.009478672985781991,0.001658374792703151
P09912-3,,
Q8N8C0-2,3.0,0.42
Q9BWG4-2,0.2727272727272727,0.08571428571428572
Q6NTE8-2,0.005847953216374269,0.0011376564277588168
Q8NCR6-4,0.007662835249042145,0.0015408320493066256
P04090-2,0.45217391304347826,0.07624633431085044
Q9UNN4-2,0.8235294117647058,0.09655172413793103
G3V211-3,0.39436619718309857,0.0625
Q9ULC0-3,0.42857142857142855,0.1111111111111111
P38159-2,7.3076923076923075,0.6737588652482269
A6NDY0-3,0.56,0.07829977628635347
Q86VQ3-3,0.3333333333333333,0.09803921568627451
Q66PJ3-5,0.10236220472440945,0.01793103448275862
Q9HCN6-3,0.0625,0.010438413361169102
Q8IVW1-2,0.13186813186813187,0.03550295857988166
Q96EX2-2,0.3864734299516908,0.04069175991861648
O43734-5,0.24891774891774893,0.05263157894736842
Q6E0U4-9,0.02608695652173913,0.005810200129115558
Q6PGQ7-2,0.06976744186046512,0.01327433628318584
P19544-3,0.29411764705882354,0.08196721311475409
Q8WWA1-2,0.16666666666666666,0.04424778761061947
Q9XRX5-2,0.18333333333333332,0.026378896882494004
P19544-4,3.0,0.6
Q8N9Z9-4,0.3360655737704918,0.050492610837438424
Q16538-2,0.5173611111111112,0.05384893386338995
Q8IVJ8-2,0.03260869565217391,0.00683371298405467
Q9H2X3-6,0.008426966292134831,0.0009193993257738277
Q9NWQ4-4,0.3157894736842105,0.09090909090909091
Q86Y33-5,0.0321285140562249,0.003747072599531616
Q66PJ3-3,0.06666666666666667,0.01818181818181818
Q8TBC5-3,,
O60481-2,0.2542372881355932,0.06382978723404255
Q6H9L7-2,0.1408839779005525,0.018660812294182216
Q7Z434-4,0.07801418439716312,0.010138248847926268
Q2KHT4-4,0.6597510373443983,0.08191653786707882
Q8WXC6-1,0.03571428571428571,0.005847953216374269
Q92567-3,0.04430379746835443,0.010159651669085631
P23511-2,0.20689655172413793,0.05357142857142857
Q66PJ3-4,0.00423728813559322,0.0007479431563201197
Q9H171-4,0.8260869565217391,0.16521739130434782
Q14242-2,,
Q8N720-4,0.004484304932735426,0.0006199628022318661
Q9H171-2,0.47692307692307695,0.10954063604240283
Q5BVD1-3,1.5529411764705883,0.16966580976863754
Q8TBC5-4,0.02158273381294964,0.0036452004860267314
Q13422-7,0.3333333333333333,0.045454545454545456
Q6UXB0-1,0.32710280373831774,0.06086956521739131
Q9H321-2,0.23333333333333334,0.06086956521739131
Q9H0B8-4,0.34292565947242204,0.036029226505416984
Q02078-7,0.12280701754385964,0.01707317073170732
P19544-2,0.07453416149068323,0.011857707509881422
P35452-2,0.02564102564102564,0.003401360544217687
Q8N205-2,0.40707964601769914,0.04291044776119403
Q9ULZ0-3,0.045454545454545456,0.011764705882352941
Q9NRJ3-2,1.265625,0.19058823529411764
Q9NZC7-6,0.6726618705035972,0.06332543176430748
Q9BUV0-3,0.045454545454545456,0.012345679012345678
Q8N6T3-4,0.0684931506849315,0.0075528700906344415
Q9BV97-2,0.15079365079365079,0.02372034956304619
P78413-2,,
Q96N77-3,0.16778523489932887,0.03209242618741977
A2IDD5-5,0.007194244604316547,0.0011282437006393381
Q6ZUT6-4,0.15,0.027607361963190184
O43251-3,0.015151515151515152,0.002728512960436562
Q86VK4-3,0.1276595744680851,0.033707865168539325
O14791-3,1.6666666666666667,0.19480519480519481
Q02078-8,0.05054151624548736,0.010057471264367816
Q8N7X2-1,3.0,1.0
A4D1S0-2,0.17834394904458598,0.019746121297602257
P34910-2,,
Q2VPJ9-2,0.30078125,0.03569772832637923
Q2KHT4-7,0.011494252873563218,0.0014074595355383533
Q6E0U4-8,0.029508196721311476,0.006414825374198147
A1KXE4-2,0.025423728813559324,0.006772009029345372
Q8WVX3-2,,
P19544-8,0.018867924528301886,0.0053475935828877
P56181-2,5.0,1.0
A4D2B8-3,1.3278688524590163,0.1845102505694761
Q15415-2,0.03,0.008746355685131196
Q6UWP8-2,0.03498542274052478,0.0034522439585730723
Q7L5A3-2,1.5242718446601942,0.1654373024236038
O75177-2,0.7727272727272727,0.14782608695652175
Q9Y5P3-2,0.5,0.09363295880149813
Q8N387-2,0.14,0.021806853582554516
Q8IZ20-2,0.9,0.15254237288135594
Q8ND83-4,0.026881720430107527,0.005753739930955121
Q15723-4,0.024752475247524754,0.006622516556291391
Q15723-3,0.0641025641025641,0.01730103806228374
P98182-3,4.0,1.0
Q9UKJ0-3,0.017857142857142856,0.0024067388688327317
O14791-2,,
Q9UKS7-2,1.3461538461538463,0.14767932489451477
Q92804-2,1.6666666666666667,0.45454545454545453
P59103-4,0.423728813559322,0.056433408577878104
P0DJD3-2,0.16216216216216217,0.046875
Q9BUV0-2,0.07692307692307693,0.02074688796680498
Q96N77-4,0.5,0.1320754716981132
P0C7P1-2,0.13513513513513514,0.04065040650406504
Q9H7T9-2,3.0,0.4909090909090909
Q86SG3-2,0.24198250728862974,0.029338989042064334
Q76KD6-2,0.07051282051282051,0.007644197359277276
P19544-7,,
Q6ZTU2-2,0.01598173515981735,0.0035371399696816574
Q6UWE3-2,2.5806451612903225,0.3225806451612903
Q8IWV1-3,0.39285714285714285,0.09243697478991597
P19532-2,0.002004008016032064,0.0003850596842510589
Q8IWV1-2,0.07894736842105263,0.012987012987012988
O43493-4,0.06896551724137931,0.02
P49639-2,0.013824884792626729,0.0027347310847766638
Q6ZU67-2,1.1473684210526316,0.16846986089644514
O75363-2,0.01090909090909091,0.0027598896044158236
Q6ZQX7-3,5.7,0.5816326530612245
Q15723-2,0.03937007874015748,0.00998003992015968
Q86VK4-5,0.061611374407582936,0.009154929577464789
Q6ZQX7-2,1.2043010752688172,0.12814645308924486
Q7Z6L0-2,,
P51460-2,0.8235294117647058,0.11618257261410789
Q6ZQX7-4,4.633333333333334,0.42507645259938837
Q6ZTU2-6,0.13043478260869565,0.03896103896103896
O43493-3,2.0,1.0
Q9HCN2-4,1.0,0.2857142857142857
Q9UKS7-4,0.26857142857142857,0.03805668016194332
Q8N9Z2-2,0.3007518796992481,0.057971014492753624
P98182-2,3.0,1.0
Q6P387-2,0.21428571428571427,0.05660377358490566
Q9H2S9-2,0.06666666666666667,0.018867924528301886
Q96KN4-2,1.346938775510204,0.14122681883024252
Q13952-3,0.3157894736842105,0.08823529411764706
O95399-2,0.5769230769230769,0.08379888268156424
Q96N77-2,0.002288329519450801,0.0003763643206624012
Q9NYG5-2,1.127659574468085,0.13486005089058525
Q13422-3,0.14942528735632185,0.02292768959435626
Q9UKT9-9,0.4827586206896552,0.08333333333333333
O75678-2,0.047337278106508875,0.0055058499655884375
Q9HAH7-1,0.0967741935483871,0.02608695652173913
Q495C1-4,0.06046511627906977,0.012025901942645698
Q13952-4,0.16991643454038996,0.03335155822854018
Q2KHT4-8,0.9302325581395349,0.10050251256281408
Q8N319-4,0.023255813953488372,0.004830917874396135
Q13316-2,0.375,0.0967741935483871
Q495C1-6,0.06046511627906977,0.012025901942645698
O43493-5,2.0,1.0
Q6ZU67-5,0.00597609561752988,0.0010334137099552187
Q4KMZ1-3,,
O43493-7,2.0,1.0
Q9H171-7,0.21333333333333335,0.02631578947368421
Q15723-1,0.4166666666666667,0.1282051282051282
O95236-3,0.935,0.11933631142310147
Q9UKS7-7,0.3700787401574803,0.04454976303317536
Q14011-3,0.024096385542168676,0.0035211267605633804
Q6P1W5-2,0.14210526315789473,0.02925243770314193
Q6UX39-2,4.0,1.0
Q8N883-2,0.01647058823529412,0.0021718895439031957
Q13794-2,0.34285714285714286,0.045454545454545456
G3V211-2,0.39436619718309857,0.0625
Q96LM9-2,0.3673469387755102,0.07627118644067797
Q15038-5,0.5735294117647058,0.07103825136612021
Q13887-4,0.16483516483516483,0.04
Q8N7U7-2,1.5,0.42857142857142855
P04732-2,0.41379310344827586,0.05172413793103448
Q8NCQ7-3,0.7368421052631579,0.17073170731707318
Q8N4C9-2,0.09655172413793103,0.018229166666666668
P14653-2,0.08256880733944955,0.013138686131386862
Q8IVJ8-3,0.0425531914893617,0.008968609865470852
Q17RF5-2,0.07407407407407407,0.018018018018018018
Q9NQ76-3,0.04424778761061947,0.012345679012345678
Q6E0U4-7,0.047619047619047616,0.008674101610904586
P49639-3,0.06837606837606838,0.011267605633802818
Q5JUW0-2,1.0,0.29411764705882354
Q6ZUL3-2,1.4915254237288136,0.21256038647342995
E9PAV3-2,0.12276214833759591,0.03218596334376397
Q96KD3-3,0.22962962962962963,0.029080675422138838
Q8NCQ7-2,0.28125,0.0743801652892562
O75952-3,0.04153354632587859,0.009826152683295541
Q5SRN2-2,0.17757009345794392,0.03732809430255403
O75177-5,0.75,0.10404624277456648
Q8NC26-2,1.1764705882352942,0.15748031496062992
Q8N2B8-2,1.617283950617284,0.2270363951473137
Q5JWF2-3,0.24277456647398843,0.025439127801332527
Q8N5D6-2,0.7807017543859649,0.07698961937716263
O75177-4,0.03816793893129771,0.00646830530401035
O43236-8,,
Q6UXF1-2,0.14444444444444443,0.027600849256900213
Q8WVV4-3,0.17973856209150327,0.023902651021295088
Q6E0U4-5,0.05384615384615385,0.009395973154362415
Q9UKT9-6,0.5769230769230769,0.06787330316742081
Q9BYZ8-2,0.8349514563106796,0.08757637474541752
Q9UKT9-4,1.4615384615384615,0.1753846153846154
Q6E0U4-3,0.17346938775510204,0.031192660550458717
Q13422-2,0.1839080459770115,0.03076923076923077
Q9Y4I5-3,0.12403100775193798,0.017448200654307525
Q8IVW1-4,1.5,0.6
Q2M2W7-2,2.306451612903226,0.2504378283712785
Q9NS23-6,0.5538461538461539,0.06563354603463993
Q13422-4,0.021897810218978103,0.0035169988276670576
Q15759-3,0.005509641873278237,0.0005820721769499418
O75952-2,2.3333333333333335,0.28378378378378377
Q4VC12-3,0.010893246187363835,0.0011571395510298543
Q66K80-2,0.025423728813559324,0.006896551724137931
O00712-6,0.00477326968973747,0.0007446016381236039
Q9UBQ7-2,0.0061162079510703364,0.0005991611743559018
Q96MR7-2,0.0379746835443038,0.00906344410876133
P0C7A2-2,0.07575757575757576,0.015772870662460567
Q5VWP3-4,0.0020161290322580645,0.0004892367906066536
Q5SRN2-3,0.1958762886597938,0.04051172707889126
Q9NW81-2,0.11413043478260869,0.011712214166201896
P0DJD3-3,0.02857142857142857,0.0038314176245210726
O75177-3,0.06097560975609756,0.008375209380234505
Q9NY56-3,1.2476190476190476,0.13034825870646766
Q92567-2,1.5555555555555556,0.2413793103448276
Q6E0U4-6,0.05384615384615385,0.009395973154362415
C9JL84-2,0.049107142857142856,0.006695069993913573
Q8NBJ7-4,1.3297872340425532,0.12487512487512488
Q86SQ6-1,1.1385542168674698,0.12045889101338432
Q32M92-2,0.7692307692307693,0.10638297872340426
Q92802-3,0.005208333333333333,0.0009407337723424271
Q96BZ9-2,0.004975124378109453,0.0005649717514124294
Q9NP70-2,0.3333333333333333,0.0847457627118644
A6H8Z2-3,0.2064516129032258,0.02346041055718475
Q86SI9-2,0.2222222222222222,0.04
Q9Y4I5-2,0.25742574257425743,0.03307888040712468
O14603-2,1.0823529411764705,0.13897280966767372
Q96AQ8-2,0.22099447513812154,0.027624309392265192
Q8N816-2,0.2753623188405797,0.033391915641476276
Q8TA94-2,0.1474820143884892,0.017484008528784647
Q9NQ76-2,,
Q9Y5X3-2,0.012919896640826873,0.0013732491073880802
Q6E0U4-4,0.08196721311475409,0.01646542261251372
Q9NXT0-2,0.007692307692307693,0.0010207553589656345
Q8N6C7-2,0.2826086956521739,0.053061224489795916
Q6E0U4-16,0.06,0.015706806282722512
O75952-6,0.04975124378109453,0.00927643784786642
Q86YD3-3,0.0326530612244898,0.0038204393505253103
P58512-3,0.009852216748768473,0.0024630541871921183
Q8N1D0-2,0.04854368932038835,0.009784735812133072
O00165-6,0.05128205128205128,0.00865051903114187
Q9UKJ0-2,0.01951219512195122,0.002554278416347382
Q9NXC2-3,0.005141388174807198,0.00048520135856380397
Q7Z2F6-2,0.016,0.00234192037470726
P04279-2,0.06666666666666667,0.019801980198019802
O75952-5,0.0040650406504065045,0.000864304235090752
Q9ULZ0-1,1.6666666666666667,0.45454545454545453
Q86WD7-3,0.004807692307692308,0.000496031746031746
Q9Y6Z4-2,0.2619047619047619,0.06179775280898876
