isoform,acc,tm,identity,canon_lo,canon_hi,kind
P30038-2,P30038,0.946223315,89.34280639,2,61,deletion
P04062-4,P04062,0.917707579,83.76865672,3,89,deletion
P04179-4,P04179,0.895931441,79.27927928,2,47,deletion
P28161-2,P28161,0.934560109,86.69724771,190,218,substitution
P31153-2,P31153,0.877997434,75.69620253,2,395,substitution
P04062-3,P04062,0.743861465,48.69402985,2,536,substitution
P49419-2,P49419,0.972089547,94.80519481,2,29,deletion
Q6P1N9-2,Q6P1N9,0.91988416,84.17508418,2,48,deletion
P45954-2,P45954,0.878977346,76.38888889,2,103,deletion
P00325-2,P00325,0.946432858,89.33333333,2,41,deletion
O94788-4,O94788,0.905552186,81.46718147,2,97,deletion
P15907-2,P15907,0.714474318,43.10344828,2,232,deletion
P16930-2,P16930,0.916074678,83.29355609,2,71,deletion
Q16775-2,Q16775,0.918982781,84.41558442,2,49,deletion
Q96DC8-2,Q96DC8,0.77261329,56.76567657,2,132,deletion
P43166-2,P43166,0.892916836,78.78787879,2,57,deletion
O43708-2,O43708,0.871721442,74.53703704,2,56,deletion
P49189-2,P49189,0.922856561,85.82995951,2,71,deletion
P50053-2,P50053,0.994538776,90.60402685,72,115,substitution
P51857-2,P51857,0.935377461,87.73006135,286,326,substitution
P31939-2,P31939,0.995273533,98.98648649,2,6,substitution
P23526-2,P23526,0.964570014,93.51851852,2,29,deletion
Q9H4Y5-3,Q9H4Y5,0.937364286,88.47736626,2,29,deletion
P13929-2,P13929,0.966052386,93.5483871,151,178,deletion
P30044-2,P30044,0.876246546,75.70093458,2,53,deletion
Q9Y2T3-2,Q9Y2T3,0.91798422,83.70044053,2,75,deletion
P62937-2,P62937,0.81516483,63.63636364,2,61,deletion
P34896-4,P34896,0.855479538,71.42857143,2,139,deletion
Q8N4T8-2,Q8N4T8,0.873212542,75.52742616,180,237,deletion
Q03013-2,Q03013,0.938358804,85.97285068,190,218,substitution
Q5T013-2,Q5T013,0.810051894,62.81588448,2,277,substitution
P04181-2,P04181,0.837788218,68.56492027,2,139,deletion
P36871-3,P36871,0.821709006,64.94661922,2,198,deletion
Q9H0W9-2,Q9H0W9,0.969111988,93.96825397,2,20,deletion
P00367-2,P00367,0.84781849,70.07168459,2,168,deletion
Q8TD30-2,Q8TD30,0.901140225,80.87954111,2,101,deletion
Q8WY91-2,Q8WY91,0.640337631,28.42287695,2,413,deletion
P62879-2,P62879,0.850893371,70.58823529,2,101,deletion
P46597-2,P46597,0.916164395,86.37681159,189,235,deletion
Q8NCW5-2,Q8NCW5,0.817847387,64.23611111,4,106,deletion
A2VDF0-2,A2VDF0,0.931518789,86.36363636,134,154,substitution
O60547-2,O60547,0.958738154,90.86021505,2,34,substitution
Q9NZK5-2,Q9NZK5,0.762437276,50.9765625,2,251,substitution
Q5T013-3,Q5T013,0.944925943,89.16967509,248,277,deletion
Q9H0R4-2,Q9H0R4,0.685227222,65.25096525,2,91,deletion
P51452-2,P51452,0.876767071,77.2972973,3,43,deletion
Q96AT9-5,Q96AT9,0.82987434,70.1754386,2,69,deletion
P06865-2,P06865,0.656242379,31.37996219,2,529,substitution
Q96BJ3-2,Q96BJ3,0.728333922,46.07843137,2,166,deletion
Q9NQH7-2,Q9NQH7,0.921741867,84.41814596,2,80,deletion
Q9BV79-2,Q9BV79,0.897641116,79.62466488,2,77,deletion
Q13303-4,Q13303,0.907998593,81.74386921,2,68,deletion
Q9Y2S2-2,Q9Y2S2,0.96297471,93.10344828,2,23,deletion
Q8TDQ7-3,Q8TDQ7,0.954401892,93.47826087,258,276,substitution
P22694-4,P22694,0.97981879,96.01139601,2,14,deletion
P55809-2,P55809,0.614917534,23.65384615,2,398,deletion
Q8NBK3-2,Q8NBK3,0.879235822,75.93582888,2,91,deletion
Q7L5Y1-7,Q7L5Y1,0.725942979,48.08126411,2,231,deletion
P21397-2,P21397,0.859694789,74.76280835,2,134,deletion
Q6UWP2-2,Q6UWP2,0.844883008,69.61538462,2,80,deletion
Q14376-2,Q14376,0.885244388,77.87356322,2,79,substitution
Q9H0P0-3,Q9H0P0,0.920856013,84.82142857,2,52,deletion
Q13228-2,Q13228,0.929316054,86.44067797,2,65,deletion
Q9H0P0-2,Q9H0P0,0.92223467,85.11904762,2,51,deletion
Q15782-5,Q15782,0.886771469,79.74358974,2,80,deletion
Q9UDX4-2,Q9UDX4,0.92546416,85.25,2,60,deletion
O95050-2,O95050,0.997081036,99.61977186,53,53,deletion
P35813-2,P35813,0.908740825,83.07291667,318,382,substitution
Q9H7B4-2,Q9H7B4,0.800385797,59.11214953,3,176,substitution
Q9NPJ3-2,Q9NPJ3,0.91340644,81.42857143,2,26,substitution
P11177-2,P11177,0.955034085,94.98607242,16,33,deletion
Q14914-2,Q14914,0.934049173,89.6656535,294,329,substitution
P60174-4,P60174,0.830912235,67.06827309,2,83,deletion
P00374-2,P00374,0.851119221,72.19251337,2,53,deletion
Q96C11-6,Q96C11,0.727169967,45.73502722,2,300,deletion
Q9BUT1-3,Q9BUT1,0.782696885,58.7755102,2,102,deletion
Q8TDQ7-4,Q8TDQ7,0.865583015,74.63768116,2,71,deletion
O94760-2,O94760,0.814578319,63.85964912,2,104,deletion
Q9H7B4-3,Q9H7B4,0.924307292,86.21495327,2,60,deletion
Q8TDQ7-2,Q8TDQ7,0.997145339,99.63768116,218,218,deletion
Q92484-2,Q92484,0.853110564,71.0816777,2,132,deletion
O14775-2,O14775,0.944187749,89.36708861,2,43,deletion
P62837-2,P62837,0.898046829,80.27210884,2,30,deletion
Q8TE69-2,Q8TE69,0.957897289,91.13924051,145,158,substitution
P52209-2,P52209,0.983648552,97.30848861,2,14,deletion
Q96C11-4,Q96C11,0.895895906,79.67332123,2,113,deletion
P17612-2,P17612,0.987298417,96.01139601,2,15,substitution
P55789-2,P55789,0.770261394,60.97560976,2,81,deletion
Q9NRG4-2,Q9NRG4,0.813055965,62.81755196,273,433,deletion
Q7L5Y1-6,Q7L5Y1,0.782777544,59.14221219,2,182,deletion
P61077-2,P61077,0.994838595,97.2972973,137,147,substitution
P22694-3,P22694,0.982617556,95.44159544,3,16,substitution
Q9P1U1-2,Q9P1U1,0.884567481,78.94736842,2,89,deletion
P00387-2,P00387,0.957037395,92.35880399,2,24,deletion
P40616-2,P40616,0.952270501,90.60773481,2,18,deletion
Q96BW5-2,Q96BW5,0.928545869,86.53295129,234,280,deletion
P24666-2,P24666,0.992466468,87.34177215,41,74,substitution
P09104-2,P09104,0.947583413,89.86175115,61,104,substitution
P06753-7,P06753,0.752564682,48.42105263,2,285,substitution
P09622-2,P09622,0.89632162,80.55009823,2,100,deletion
Q96C11-2,Q96C11,0.711231643,44.646098,2,551,substitution
O43684-2,O43684,0.994702375,99.08536585,326,327,deletion
Q6PIU2-3,Q6PIU2,0.832435348,67.40196078,2,134,deletion
Q9H903-1,Q9H903,0.912571604,83.28530259,2,59,deletion
P13929-3,P13929,0.949756504,89.86175115,61,104,substitution
Q9BV47-2,Q9BV47,0.677991679,40.75829384,2,126,deletion
P49356-2,P49356,0.941862308,89.01601831,2,48,substitution
Q9UDX4-3,Q9UDX4,0.902836307,80.5,2,78,deletion
Q9NUJ1-2,Q9NUJ1,0.736996262,48.69281046,2,158,deletion
Q9NWU5-3,Q9NWU5,0.795165799,61.16504854,2,81,deletion
Q6QNY1-2,Q6QNY1,0.814921548,69.71830986,2,44,deletion
Q99643-5,Q99643,0.836828974,65.0887574,7,59,deletion
P48735-2,P48735,0.940867944,88.49557522,2,53,deletion
Q15124-2,Q15124,0.836576312,68.07760141,387,567,substitution
P00558-2,P00558,0.963980751,93.2853717,2,29,deletion
P60900-3,P60900,0.831127976,67.88617886,2,80,deletion
O94788-3,O94788,0.9628393,93.43629344,2,39,substitution
Q9NWU5-2,Q9NWU5,0.775861626,57.76699029,2,87,deletion
Q6ZS86-3,Q6ZS86,0.730324959,47.25897921,2,280,deletion
P28332-2,P28332,0.989445036,97.86666667,368,368,substitution
Q9H310-5,Q9H310,0.838304617,68.48072562,2,458,substitution
P00390-2,P00390,0.940092181,91.76245211,3,45,deletion
P15428-4,P15428,0.758021628,52.63157895,141,266,substitution
P62873-2,P62873,0.981473661,96.19883041,329,340,substitution
P78417-3,P78417,0.935477705,88.38174274,2,29,deletion
Q8N5Z0-2,Q8N5Z0,0.980314463,98.83449883,23,23,substitution
O15217-2,O15217,0.784535898,58.10810811,2,94,deletion
Q13564-3,Q13564,0.907893517,83.33333333,2,90,deletion
P14618-2,P14618,0.995440133,95.85687382,389,433,substitution
Q8TDH9-3,Q8TDH9,0.792727812,65.24064171,2,65,deletion
P22061-2,P22061,0.994882469,98.68421053,226,227,substitution
Q9Y617-2,Q9Y617,0.928410597,87.56756757,291,336,deletion
Q9GZT8-2,Q9GZT8,0.951832293,92.83819629,2,28,deletion
O15382-2,O15382,0.879839057,75.25510204,9,100,deletion
Q6PID8-2,Q6PID8,0.827528272,67.64705882,2,144,deletion
Q8N8N7-2,Q8N8N7,0.744509806,50.14245014,174,351,substitution
P09525-2,P09525,0.867620406,74.29467085,2,83,deletion
P42330-2,P42330,0.811503894,63.15789474,2,120,deletion
O43414-3,O43414,0.680894848,37.98219585,2,210,deletion
Q99807-2,Q99807,0.910891192,82.48847926,2,39,deletion
P48163-2,P48163,0.931493541,86.88811189,2,76,deletion
P04062-2,P04062,0.974611019,96.26865672,2,21,deletion
Q9UBQ0-2,Q9UBQ0,0.986047572,97.31182796,,,insertion
Q8N4P3-2,Q8N4P3,0.86976502,76.53631285,137,179,substitution
Q96HA8-2,Q96HA8,0.844123939,70.73170732,2,61,deletion
P55263-2,P55263,0.975471907,94.19889503,2,21,substitution
Q9UHY7-2,Q9UHY7,0.707811553,44.06130268,2,147,deletion
P60900-2,P60900,0.953874384,91.05691057,2,25,substitution
Q9Y316-2,Q9Y316,0.933432325,92.25589226,49,71,deletion
P30711-2,P30711,0.744725917,50.83333333,2,119,deletion
Q9HC38-2,Q9HC38,0.947403526,89.6875,32,62,substitution
Q9H3H5-2,Q9H3H5,0.989757459,98.03921569,2,9,deletion
Q9HAB8-2,Q9HAB8,0.70999843,44.37299035,2,174,deletion
O60427-2,O60427,0.892817473,81.08108108,2,85,deletion
Q12794-3,Q12794,0.782940307,58.16091954,3,184,deletion
Q8IXK2-2,Q8IXK2,0.716419346,46.81583477,2,310,deletion
O75191-2,O75191,0.870184231,74.44029851,2,138,deletion
Q9P2T1-3,Q9P2T1,0.952039852,91.95402299,70,97,deletion
Q07020-2,Q07020,0.920114637,84.04255319,2,30,deletion
P34913-3,P34913,0.694930072,88.10810811,2,67,deletion
Q13564-2,Q13564,0.986990478,97.00374532,2,17,substitution
Q8IXL6-2,Q8IXL6,0.710069703,43.15068493,2,333,deletion
A2RUC4-2,A2RUC4,0.729788777,48.25396825,2,164,deletion
Q8NDN9-2,Q8NDN9,0.83063222,65.53672316,349,531,substitution
Q9BT22-2,Q9BT22,0.878388359,76.07758621,2,112,deletion
Q8IWW8-2,Q8IWW8,0.946413195,89.72162741,3,50,deletion
Q9GZT6-3,Q9GZT6,0.588051288,60.23622047,2,102,deletion
P51648-2,P51648,0.971278236,94.69548134,482,485,substitution
Q01415-2,Q01415,0.977752992,96.28820961,2,17,substitution
Q15165-1,Q15165,0.999334537,97.17514124,3,16,substitution
O15539-2,O15539,0.667702695,40.33149171,2,109,deletion
O95620-2,O95620,0.785248652,61.829653,2,122,deletion
Q9H3H5-3,Q9H3H5,0.868279336,73.7745098,2,108,deletion
O75688-5,O75688,0.824252582,67.01461378,322,479,substitution
Q08257-2,Q08257,0.775791825,57.14285714,2,142,substitution
P09488-2,P09488,0.900388795,83.02752294,153,189,deletion
Q9ULC4-3,Q9ULC4,0.987519308,98.35164835,2,4,substitution
Q6YP21-3,Q6YP21,0.960412647,92.51101322,2,35,deletion
P19961-2,P19961,0.856707606,71.81996086,368,511,substitution
P46779-4,P46779,0.732100812,49.6350365,69,137,substitution
P68402-3,P68402,0.784016079,57.6419214,133,229,deletion
Q9NVH6-7,Q9NVH6,0.918282777,83.847981,2,69,deletion
P15289-2,P15289,0.908857974,83.43195266,3,86,deletion
Q7Z2E3-12,Q7Z2E3,0.552732559,12.64044944,2,356,substitution
P05089-2,P05089,0.984789702,97.57575758,,,insertion
Q9H0P0-1,Q9H0P0,0.917565161,85.16320475,2,50,substitution
O75689-3,O75689,0.903300676,80.7486631,3,74,deletion
P34949-2,P34949,0.917457722,85.3427896,163,224,substitution
Q9NVD3-3,Q9NVD3,0.966564805,94.31818182,2,25,deletion
Q5T013-4,Q5T013,0.844881634,73.64620939,2,74,deletion
Q03154-4,Q03154,0.889139159,91.42156863,33,67,deletion
Q96BI3-2,Q96BI3,0.949978218,92.45283019,246,264,substitution
P40925-2,P40925,0.862255052,73.35329341,2,90,deletion
P30038-3,P30038,0.950879953,90.94138544,396,446,deletion
O14933-2,O14933,0.731634008,56.8627451,2,67,deletion
P35080-2,P35080,0.983624685,93.57142857,109,140,substitution
Q96MX6-2,Q96MX6,0.895650877,80.67226891,289,357,deletion
P28074-3,P28074,0.792127216,60.8365019,3,105,deletion
O15392-7,O15392,0.718891976,51.4084507,74,142,substitution
P15559-3,P15559,0.916718951,86.13138686,102,139,deletion
P14324-2,P14324,0.912938198,84.24821002,2,67,deletion
Q9BYC5-3,Q9BYC5,0.857045121,71.65217391,2,164,deletion
Q8N2Z9-3,Q8N2Z9,0.734830166,50.0,70,138,substitution
P51854-4,P51854,0.951293558,90.60402685,2,57,deletion
P02774-2,P02774,0.870665773,74.26160338,2,123,deletion
P34897-3,P34897,0.957167088,95.83333333,2,22,deletion
P22570-4,P22570,0.938769767,87.98370672,2,59,substitution
Q13231-2,Q13231,0.911074938,82.61802575,386,466,substitution
Q9H0W9-4,Q9H0W9,0.813784473,64.76190476,2,112,deletion
Q9Y471-4,Q9Y471,0.960553365,96.00798403,478,501,substitution
Q9Y2Q3-4,Q9Y2Q3,0.672592341,80.97345133,53,95,deletion
Q9NQZ6-2,Q9NQZ6,0.756465133,58.92857143,133,223,deletion
P05186-3,P05186,0.918078142,89.50381679,2,56,deletion
Q15435-5,Q15435,0.798672611,59.39226519,2,360,substitution
O00764-3,O00764,0.881450389,76.6025641,2,74,deletion
Q9UKU9-2,Q9UKU9,0.690913358,38.74239351,2,303,deletion
Q9H190-3,Q9H190,0.841719641,70.89041096,2,86,deletion
P04424-2,P04424,0.971847392,95.68965517,307,326,deletion
P58499-3,P58499,0.864732655,77.87234043,7,54,deletion
Q9H2A2-4,Q9H2A2,0.941509391,89.73305955,148,197,deletion
Q96KE9-2,Q96KE9,0.920545465,84.53608247,2,129,deletion
Q495C1-2,Q495C1,0.57085837,41.07744108,122,297,substitution
Q9HD33-3,Q9HD33,0.770715177,56.0,2,111,deletion
O95861-3,O95861,0.900010018,82.14285714,2,56,deletion
P53370-2,P53370,0.69698584,46.51898734,2,170,deletion
P49189-3,P49189,0.976314441,95.36679537,,,insertion
Q9BZ23-2,Q9BZ23,0.731882314,48.94736842,2,292,deletion
Q15800-2,Q15800,0.767102091,55.29010239,2,132,deletion
Q4JDL3-6,Q4JDL3,0.768584668,53.57142857,2,195,substitution
P48739-2,P48739,0.997165276,97.42647059,257,271,substitution
Q6IPT4-3,Q6IPT4,0.75580933,53.01587302,2,149,deletion
Q7Z2E3-6,Q7Z2E3,0.654161104,31.46067416,2,356,substitution
P22392-2,P22392,0.771242901,56.92883895,,,insertion
P61077-3,P61077,0.991343397,94.63087248,2,7,substitution
Q8IUZ5-3,Q8IUZ5,0.659287695,38.88888889,2,276,deletion
Q9Y6A2-2,Q9Y6A2,0.899863511,80.6,3,99,deletion
Q8N323-2,Q8N323,0.866054523,74.04021938,4,145,deletion
Q9Y6A2-3,Q9Y6A2,0.833562153,67.4,2,392,substitution
P14868-2,P14868,0.898105011,80.03992016,2,101,deletion
A6NEC2-2,A6NEC2,0.773065274,55.0209205,2,216,deletion
P07741-2,P07741,0.854390392,73.88888889,134,180,substitution
P36871-2,P36871,0.979384651,90.0,2,77,substitution
O14717-4,O14717,0.567120806,14.93670886,59,391,substitution
Q8NDY3-2,Q8NDY3,0.87815668,76.83615819,2,83,deletion
Q9Y2C4-3,Q9Y2C4,0.779185151,61.95652174,3,142,deletion
Q9NTX5-3,Q9NTX5,0.86331721,73.61563518,2,82,deletion
Q9NSD9-2,Q9NSD9,0.912902463,83.19185059,3,101,deletion
Q9H903-2,Q9H903,0.589047598,20.17291066,2,278,deletion
Q13564-4,Q13564,0.994968328,99.44134078,,,insertion
Q96QG7-2,Q96QG7,0.912162281,84.51730419,3,87,deletion
P0DMM9-3,P0DMM9,0.972112057,98.00664452,,,insertion
Q08257-3,Q08257,0.934985505,89.6656535,211,244,deletion
P00338-5,P00338,0.84992032,71.08433735,237,332,substitution
P18510-4,P18510,0.89991703,80.79096045,2,35,deletion
P60891-2,P60891,0.893472459,78.93081761,2,68,deletion
Q7Z2E3-2,Q7Z2E3,0.732423728,47.19101124,2,189,deletion
Q9BX70-2,Q9BX70,0.592004166,38.85714286,2,322,deletion
P25789-2,P25789,0.854907836,72.79693487,2,72,deletion
P49862-2,P49862,0.841538394,71.54150198,2,73,deletion
Q8N4Q0-2,Q8N4Q0,0.823007089,67.37400531,2,124,deletion
Q2TAA2-2,Q2TAA2,0.681754986,54.43548387,2,114,deletion
P08319-2,P08319,0.973210933,93.73433584,2,6,substitution
P09914-2,P09914,0.967285575,93.51464435,2,32,deletion
P34896-3,P34896,0.616606128,83.436853,273,352,deletion
Q9BRP4-3,Q9BRP4,0.842519695,70.66326531,2,116,deletion
Q9ULC4-2,Q9ULC4,0.934646653,89.50276243,2,22,substitution
Q5JVF3-2,Q5JVF3,0.994018678,97.25,2,12,substitution
Q8IWW8-4,Q8IWW8,0.764220157,53.74732334,3,467,substitution
Q15493-2,Q15493,0.870639828,75.58528428,116,188,substitution
Q96PC3-4,Q96PC3,0.982452062,92.94871795,144,154,substitution
P11908-2,P11908,0.994040285,99.06542056,,,insertion
P63267-2,P63267,0.938882624,88.56382979,43,85,deletion
O95861-4,O95861,0.914859542,88.31168831,76,111,deletion
P48739-3,P48739,0.994470519,97.06959707,2,7,substitution
Q86V25-3,Q86V25,0.696763901,43.09859155,2,355,substitution
Q0GE19-6,Q0GE19,0.491165786,18.52941176,62,340,substitution
O95670-3,O95670,0.76617666,65.25423729,2,42,deletion
Q9H672-2,Q9H672,0.900447311,85.53459119,273,318,substitution
P12955-2,P12955,0.951376532,91.68356998,184,224,deletion
P16870-2,P16870,0.946159931,92.43697479,2,37,deletion
Q7Z4L9-2,Q7Z4L9,0.863286331,72.25806452,224,309,substitution
Q9UIV1-2,Q9UIV1,0.906945612,85.26315789,244,285,substitution
Q86WT6-2,Q86WT6,0.830888554,67.8,3,161,deletion
O75031-2,O75031,0.883946515,77.54491018,2,76,deletion
Q9H2A2-2,Q9H2A2,0.93778469,88.91170431,284,337,deletion
P49326-2,P49326,0.761289524,51.95530726,278,533,substitution
Q96CU9-2,Q96CU9,0.775894924,56.58436214,2,212,deletion
Q16877-3,Q16877,0.957812788,92.75053305,2,35,deletion
O75688-4,O75688,0.892766793,78.91440501,379,479,substitution
P54687-4,P54687,0.971759083,99.48186528,2,2,deletion
Q9BRR6-4,Q9BRR6,0.715870962,43.46076459,3,313,substitution
Q9Y697-2,Q9Y697,0.927598985,86.87089716,2,61,deletion
P50213-2,P50213,0.886749436,78.68852459,2,79,deletion
Q9Y277-2,Q9Y277,0.991324108,99.64788732,,,insertion
P04899-6,P04899,0.92416947,85.35211268,2,53,deletion
Q92876-2,Q92876,0.766266489,56.14754098,2,108,deletion
Q9NQH7-4,Q9NQH7,0.970096249,95.46351085,2,24,deletion
P23946-2,P23946,0.750349086,55.06072874,4,114,deletion
Q8IY31-4,Q8IY31,0.886656625,81.06060606,107,132,substitution
Q12794-5,Q12794,0.692091117,40.45977011,2,260,deletion
Q86X76-2,Q86X76,0.940579032,88.99082569,2,37,deletion
Q7Z7K6-2,Q7Z7K6,0.692087999,38.04347826,2,173,substitution
O75602-2,O75602,0.92056744,86.01941748,441,509,substitution
Q9Y2T3-3,Q9Y2T3,0.972352176,96.39065817,,,insertion
O95749-2,O95749,0.909251906,82.0,2,55,deletion
P11172-2,P11172,0.741337079,62.91666667,2,179,deletion
O14818-2,O14818,0.844141013,71.77419355,2,71,deletion
P05976-2,P05976,0.84133331,74.22680412,2,53,substitution
Q9BY49-2,Q9BY49,0.750854382,51.81518152,2,147,deletion
P09471-2,P09471,0.996192787,94.35028249,249,346,substitution
Q8IVS8-6,Q8IVS8,0.661210121,35.75525813,2,337,deletion
Q8IW45-3,Q8IW45,0.666025304,36.31123919,2,222,deletion
P22234-2,P22234,0.989777806,98.14814815,72,72,substitution
Q9UGP5-2,Q9UGP5,0.72670329,47.86324786,2,297,substitution
P28065-2,P28065,0.969571035,94.52054795,6,15,deletion
Q08431-2,Q08431,0.739410097,71.05943152,2,113,deletion
Q9BRQ4-2,Q9BRQ4,0.925560165,85.76779026,2,39,deletion
P49821-2,P49821,0.961398466,98.06034483,16,24,deletion
Q9BY32-2,Q9BY32,0.899847775,91.2371134,7,23,deletion
Q9NPJ8-4,Q9NPJ8,0.889790538,80.28169014,2,29,deletion
Q9UK99-2,Q9UK99,0.923717636,87.68577495,414,471,substitution
Q8N461-2,Q8N461,0.773250386,55.74112735,2,213,deletion
Q9H2M3-2,Q9H2M3,0.885814118,82.36914601,87,150,deletion
P46952-2,P46952,0.749602026,51.3986014,148,286,deletion
Q86WA6-2,Q86WA6,0.911453431,89.34707904,2,36,substitution
Q96C11-5,Q96C11,0.782089012,84.02903811,68,155,deletion
Q7L5Y1-2,Q7L5Y1,0.8589889,75.88495575,2,103,substitution
Q9NPA8-2,Q9NPA8,0.95510666,95.04950495,2,6,deletion
Q9NXA8-4,Q9NXA8,0.790822238,65.16129032,2,109,deletion
P12955-3,P12955,0.925447464,87.01825558,68,131,deletion
P41247-2,P41247,0.809797796,65.61264822,2,88,deletion
Q9BUU2-3,Q9BUU2,0.706316274,44.30693069,2,226,deletion
Q8N983-4,Q8N983,0.826283191,72.09302326,156,215,substitution
O14732-2,O14732,0.943398726,90.27777778,6,34,substitution
Q96K12-2,Q96K12,0.902797274,81.16504854,2,98,deletion
P22694-5,P22694,0.992578312,96.05633803,2,14,substitution
Q3LXA3-2,Q3LXA3,0.953469462,91.30434783,526,575,substitution
Q15782-6,Q15782,0.947361327,97.43589744,15,24,deletion
Q6UWP7-3,Q6UWP7,0.939867878,90.82125604,2,39,deletion
Q15165-3,Q15165,0.972414516,96.61016949,123,134,deletion
Q8TBC4-2,Q8TBC4,0.953521211,96.9762419,8,21,deletion
Q8IUZ5-2,Q8IUZ5,0.572076462,23.77777778,2,344,deletion
Q9UJ68-2,Q9UJ68,0.857481592,71.91489362,2,67,deletion
P22694-8,P22694,0.862465538,72.93447293,256,350,substitution
P08962-3,P08962,0.716186882,65.54621849,2,83,deletion
Q8N987-2,Q8N987,0.627625796,28.49002849,2,252,deletion
P34896-2,P34896,0.933573132,91.92546584,274,312,deletion
Q15435-2,Q15435,0.888621961,88.05555556,18,60,deletion
P19440-3,P19440,0.690353281,39.543058,2,345,deletion
Q9NTK5-2,Q9NTK5,0.775180975,60.1010101,2,159,deletion
P40337-3,P40337,0.861454181,75.11737089,2,54,deletion
P16118-2,P16118,0.923169947,84.92569002,2,73,substitution
Q8NBI6-2,Q8NBI6,0.693373771,43.92059553,2,217,substitution
Q9H4Y5-2,Q9H4Y5,0.925331523,86.00823045,123,156,deletion
Q12794-6,Q12794,0.584882843,22.06896552,2,340,deletion
Q9Y600-3,Q9Y600,0.954376381,94.80769231,,,insertion
P32929-2,P32929,0.916960624,89.13580247,153,196,deletion
Q7L5A8-2,Q7L5A8,0.684878516,42.74193548,2,214,deletion
Q6NXE6-2,Q6NXE6,0.972435655,95.00998004,2,26,deletion
Q13404-1,Q13404,0.793795274,63.67713004,3,7,substitution
Q16719-2,Q16719,0.816851974,64.94623656,302,464,substitution
O95198-3,O95198,0.91120687,85.16020236,2,89,deletion
P15428-2,P15428,0.799659546,63.53383459,167,266,substitution
Q9H0R3-2,Q9H0R3,0.734292446,53.84615385,3,98,deletion
P22694-7,P22694,0.990547059,95.78651685,3,14,substitution
Q9UJ83-2,Q9UJ83,0.972371507,95.32871972,78,104,deletion
Q9NVV5-4,Q9NVV5,0.975548361,95.79831933,3,12,deletion
P63096-2,P63096,0.924129172,85.31073446,2,53,deletion
P20711-2,P20711,0.837508016,65.57377049,316,480,substitution
Q9UDX3-2,Q9UDX3,0.932401968,88.66995074,361,406,deletion
Q15404-2,Q15404,0.894625191,80.86642599,2,54,deletion
Q96BW1-3,Q96BW1,0.759146508,52.75080906,2,309,substitution
Q9Y394-2,Q9Y394,0.917344622,85.25073746,2,51,deletion
Q6UWW8-2,Q6UWW8,0.656303519,36.77758319,3,363,deletion
Q6XPS3-6,Q6XPS3,0.681150798,36.97318008,2,330,deletion
P52788-2,P52788,0.917596689,85.51912568,57,109,deletion
Q96KP4-2,Q96KP4,0.899184505,82.31578947,69,152,deletion
Q9H008-2,Q9H008,0.860063342,77.40740741,210,270,substitution
P20151-4,P20151,0.777429294,60.91954023,2,103,deletion
Q8NBJ7-2,Q8NBJ7,0.847831755,70.7641196,2,89,deletion
Q6UWM7-2,Q6UWM7,0.831471606,69.48853616,2,174,deletion
O95168-2,O95168,0.90611476,84.73282443,110,129,substitution
P40394-2,P40394,0.953164398,92.28855721,2,18,substitution
Q9UI30-2,Q9UI30,0.941101448,96.0,61,65,deletion
Q9H9T3-5,Q9H9T3,0.914494735,83.1809872,2,93,deletion
Q9NRZ7-2,Q9NRZ7,0.889512535,83.5106383,2,63,deletion
O43617-2,O43617,0.855320772,74.44444444,2,47,deletion
Q9UQ07-2,Q9UQ07,0.773738983,55.13126492,232,419,deletion
P49447-2,P49447,0.745542236,54.18326693,136,251,substitution
Q9UH77-2,Q9UH77,0.742575177,94.54855196,2,33,deletion
Q9UHK6-5,Q9UHK6,0.978661859,95.68527919,378,382,substitution
P23141-3,P23141,0.989700649,99.82363316,362,362,deletion
O95670-2,O95670,0.730441533,66.10169492,37,76,deletion
P15559-2,P15559,0.926196895,87.59124088,141,174,deletion
Q6P587-2,Q6P587,0.984542183,95.15418502,210,221,substitution
P32929-3,P32929,0.934538223,92.09876543,85,116,deletion
Q330K2-2,Q330K2,0.918457793,80.78078078,2,65,substitution
Q9Y5B8-2,Q9Y5B8,0.947382844,90.42553191,2,37,deletion
Q9HAT2-2,Q9HAT2,0.96413883,93.30783939,3,37,deletion
O14929-2,O14929,0.895940579,79.71360382,2,86,deletion
Q5TC12-2,Q5TC12,0.76740055,53.96341463,2,152,deletion
P60660-2,P60660,0.975471335,96.68874172,143,150,substitution
Q9P2W1-3,Q9P2W1,0.61936232,42.39631336,2,126,deletion
O75602-5,O75602,0.951514729,91.10251451,2,39,substitution
P04899-3,P04899,0.946842201,89.01408451,2,39,substitution
P36543-2,P36543,0.933997377,90.26548673,12,33,deletion
Q16222-2,Q16222,0.959058053,96.74329502,454,470,deletion
O15527-8,O15527,0.964366186,91.88405797,317,345,substitution
Q3I5F7-2,Q3I5F7,0.712307,49.16864608,2,215,deletion
P08243-2,P08243,0.976288361,96.25668449,2,22,deletion
P22694-6,P22694,0.985970338,95.23809524,2,15,substitution
P51857-3,P51857,0.929516554,87.42331288,153,193,deletion
P40925-3,P40925,0.966051393,94.60227273,,,insertion
P35557-2,P35557,0.992842546,97.4248927,2,15,substitution
Q8WZ79-2,Q8WZ79,0.690327224,42.38227147,2,209,deletion
P55084-2,P55084,0.955739895,93.24894515,3,36,substitution
O14773-2,O14773,0.762752987,56.8383659,2,244,deletion
Q8N138-4,Q8N138,0.670780885,89.54248366,43,58,deletion
O15527-2,O15527,0.964271566,92.46376812,318,345,substitution
Q16850-2,Q16850,0.895269727,80.31809145,2,106,deletion
Q9NZH7-2,Q9NZH7,0.65407197,50.25641026,88,164,substitution
P17174-2,P17174,0.954536582,90.84337349,2,39,substitution
O94889-2,O94889,0.912472289,88.67595819,2,66,deletion
Q9Y2V0-2,Q9Y2V0,0.689161464,65.12455516,2,99,deletion
P0CL85-2,P0CL85,0.930460914,86.56716418,117,134,deletion
Q9UKL6-2,Q9UKL6,0.785991534,66.35514019,2,73,deletion
Q86SQ9-2,Q86SQ9,0.992464995,99.7005988,,,insertion
P13804-2,P13804,0.909429688,85.28528529,14,62,deletion
P08243-3,P08243,0.917277492,85.20499109,2,84,deletion
P05186-2,P05186,0.880280273,79.36802974,2,99,substitution
P22557-3,P22557,0.875268596,75.63884157,2,143,deletion
O75688-2,O75688,0.892565988,79.12317328,379,479,substitution
Q13283-2,Q13283,0.613677147,25.53648069,118,466,substitution
Q8WUJ1-3,Q8WUJ1,0.774311738,57.57575758,3,114,deletion
Q13303-2,Q13303,0.923762272,96.1852861,26,39,deletion
Q6N063-2,Q6N063,0.869412398,82.28571429,2,62,substitution
P16520-2,P16520,0.918361003,87.35294118,236,278,deletion
P54687-2,P54687,0.917445807,83.93782383,3,130,substitution
P09493-2,P09493,0.811202409,59.29824561,2,284,substitution
P13584-2,P13584,0.993394674,99.8046875,,,insertion
Q15257-2,Q15257,0.947889212,90.22346369,73,107,deletion
P23368-2,P23368,0.886125599,80.99315068,474,584,substitution
P24390-2,P24390,0.85081455,70.75471698,2,63,deletion
Q8TE04-2,Q8TE04,0.801316574,61.0367893,2,235,substitution
Q8NDH3-5,Q8NDH3,0.936938195,90.63097514,2,49,deletion
Q9Y316-3,Q9Y316,0.966518889,93.68770764,2,20,substitution
Q96DV4-2,Q96DV4,0.669067552,51.57894737,2,185,deletion
P04798-3,P04798,0.629807022,30.6640625,2,512,substitution
Q9NXJ5-2,Q9NXJ5,0.805729517,63.15789474,2,78,deletion
Q8NFF5-2,Q8NFF5,0.910675639,83.47529813,2,98,deletion
P30613-2,P30613,0.962304304,94.25087108,2,33,substitution
P13928-3,P13928,0.887197447,81.03975535,8,69,deletion
Q9H7C9-3,Q9H7C9,0.802431181,63.1147541,77,121,substitution
P22694-9,P22694,0.980123084,94.97206704,3,15,substitution
P16671-2,P16671,0.788439719,57.62004175,274,472,substitution
O75431-2,O75431,0.968951518,95.05703422,2,13,substitution
Q969Q6-2,Q969Q6,0.855795043,75.71743929,2,111,deletion
O14645-2,O14645,0.656878426,49.6124031,2,132,substitution
Q9UGK8-2,Q9UGK8,0.772556765,62.00873362,282,458,substitution
Q71UI9-4,Q71UI9,0.856452832,78.90625,2,27,deletion
P56705-2,P56705,0.915818551,84.33048433,2,56,deletion
Q8NDZ4-2,Q8NDZ4,0.74643249,49.30232558,2,219,substitution
Q9NSC5-4,Q9NSC5,0.655754643,32.4099723,118,361,substitution
Q9P0N9-3,Q9P0N9,0.859845818,75.0,2,73,substitution
Q8IY45-2,Q8IY45,0.954058821,93.02325581,2,19,deletion
Q16773-2,Q16773,0.777533239,88.15165877,68,117,deletion
O15392-4,O15392,0.899266031,79.57746479,114,142,substitution
Q16537-3,Q16537,0.912182207,83.72591006,2,77,deletion
Q14181-2,Q14181,0.776262895,57.57071547,2,598,substitution
Q5SGD2-3,Q5SGD2,0.805926887,63.33333333,2,133,substitution
Q5XG92-4,Q5XG92,0.818832512,65.41889483,2,195,deletion
Q8TDQ7-5,Q8TDQ7,0.931550648,87.68115942,43,76,deletion
Q12765-3,Q12765,0.909311893,83.57487923,2,69,deletion
P25705-2,P25705,0.952313762,90.95840868,2,51,deletion
P0DJI9-2,P0DJI9,0.823270084,63.1147541,78,122,substitution
P49903-3,P49903,0.896838211,82.90816327,2,68,deletion
Q8WYA6-3,Q8WYA6,0.771182934,55.23978686,2,253,deletion
Q9BRR6-3,Q9BRR6,0.752378188,51.91146881,2,240,deletion
P48637-2,P48637,0.871095959,76.58227848,93,203,deletion
Q9NRG7-3,Q9NRG7,0.833842032,63.48122867,2,109,substitution
Q6UWF7-2,Q6UWF7,0.71694048,47.79411765,2,285,deletion
P67812-2,P67812,0.919566225,85.47486034,2,27,deletion
Q6P1Q0-4,Q6P1Q0,0.766714702,56.38888889,2,158,deletion
Q11203-15,Q11203,0.88552722,95.46666667,40,56,substitution
Q86TE4-3,Q86TE4,0.645041685,38.15028902,133,346,substitution
Q96S06-2,Q96S06,0.698046703,58.2010582,2,238,deletion
P52298-2,P52298,0.916085205,83.33333333,2,26,substitution
O00746-2,O00746,0.787478516,62.56684492,2,71,deletion
Q99536-2,Q99536,0.787487307,65.90330789,2,135,deletion
Q9H6Q4-3,Q9H6Q4,0.875240021,78.57142857,3,104,deletion
Q96E66-3,Q96E66,0.834194336,76.04166667,147,192,deletion
Q00796-2,Q00796,0.626424794,25.77030812,90,356,substitution
P35557-3,P35557,0.972787363,97.20430108,2,15,substitution
Q96E29-3,Q96E29,0.812129849,70.98321343,2,122,deletion
Q8WYA6-2,Q8WYA6,0.827571857,66.60746004,2,188,deletion
Q8IXA5-2,Q8IXA5,0.760301706,67.90697674,2,70,deletion
O15305-2,O15305,0.707210142,47.15447154,117,246,substitution
Q8WYK0-2,Q8WYK0,0.593842326,29.72972973,166,555,substitution
Q07973-3,Q07973,0.85164747,71.01167315,2,150,substitution
Q9BTE0-2,Q9BTE0,0.973487636,99.51690821,26,26,deletion
Q16836-3,Q16836,0.973160004,94.86404834,,,insertion
P00338-3,P00338,0.953482074,91.966759,,,insertion
Q9BPW9-2,Q9BPW9,0.73990069,53.9184953,3,149,deletion
P32189-1,P32189,0.960532989,93.55992844,245,555,substitution
Q92874-2,Q92874,0.934932712,92.97658863,140,160,deletion
P45880-2,P45880,0.979378277,96.2585034,2,12,deletion
Q86WU2-2,Q86WU2,0.937105704,95.46351085,211,233,deletion
O00154-6,O00154,0.931628542,85.26315789,2,57,substitution
P15428-3,P15428,0.736310973,54.5112782,2,122,deletion
P35240-7,P35240,0.665744847,43.36134454,259,595,substitution
Q8N4S7-2,Q8N4S7,0.914920383,85.71428571,57,95,deletion
O95864-3,O95864,0.92880917,86.71171171,386,444,substitution
P19224-2,P19224,0.699016832,49.81203008,2,268,deletion
Q9BZP6-2,Q9BZP6,0.737157447,77.31092437,2,109,deletion
Q86WT6-3,Q86WT6,0.737671132,59.2,3,206,deletion
P61962-2,P61962,0.626370749,41.52046784,48,247,deletion
Q9Y255-2,Q9Y255,0.802834277,94.97716895,171,181,deletion
P34913-2,P34913,0.852567686,90.45045045,2,54,deletion
Q96IV6-2,Q96IV6,0.90312945,93.09309309,2,24,deletion
Q6ZQY3-3,Q6ZQY3,0.871883177,80.2303263,419,521,deletion
Q70UQ0-2,Q70UQ0,0.686875813,69.71428571,2,107,deletion
Q99720-4,Q99720,0.521111178,46.18834081,103,223,substitution
Q15172-2,Q15172,0.939188725,87.44855967,2,61,substitution
Q9UHB4-4,Q9UHB4,0.959626005,98.82747069,392,398,deletion
Q9H0F7-2,Q9H0F7,0.975916193,91.79487179,179,186,substitution
Q86TE4-2,Q86TE4,0.644210894,37.88300836,133,345,substitution
Q9NZL9-2,Q9NZL9,0.938396949,93.73134328,2,21,substitution
Q96CB9-4,Q96CB9,0.910068377,87.23958333,2,50,deletion
Q9H903-3,Q9H903,0.781615881,60.80691643,2,347,substitution
Q96PM5-6,Q96PM5,0.923045731,89.27203065,3,30,substitution
Q7Z6V5-2,Q7Z6V5,0.785807275,75.39267016,2,48,deletion
Q6PIU2-2,Q6PIU2,0.975008683,97.83653846,123,123,substitution
Q9Y6K8-2,Q9Y6K8,0.671888416,35.05338078,2,366,deletion
Q9NQY0-2,Q9NQY0,0.779013478,78.65612648,3,56,deletion
P06753-3,P06753,0.892872701,63.23024055,2,285,substitution
O95199-2,O95199,0.945225048,95.64428312,2,25,deletion
P13995-2,P13995,0.831655693,70.85714286,2,103,deletion
Q8NFF5-3,Q8NFF5,0.87210068,75.97955707,2,587,substitution
P78417-2,P78417,0.921022681,86.30705394,124,156,deletion
P07902-2,P07902,0.849967932,65.29562982,2,126,substitution
Q3SYC2-2,Q3SYC2,0.872328156,75.4491018,2,83,deletion
P61923-5,P61923,0.899436842,90.39548023,147,163,deletion
Q8WWV3-2,Q8WWV3,0.854925501,74.74747475,2,101,deletion
P09493-5,P09493,0.898873557,69.65517241,2,284,substitution
Q9H310-4,Q9H310,0.914355116,84.3537415,2,70,deletion
Q9P2T1-2,Q9P2T1,0.969059543,95.08196721,,,insertion
Q9UHG3-2,Q9UHG3,0.915096024,84.75247525,2,78,deletion
P48729-3,P48729,0.976879026,96.14243323,325,336,deletion
Q96MS3-2,Q96MS3,0.441773599,76.87861272,126,205,deletion
Q9NRN7-2,Q9NRN7,0.679121473,44.33656958,138,309,substitution
Q969T7-2,Q969T7,0.972166572,97.33333333,2,9,deletion
Q9Y6W6-2,Q9Y6W6,0.625842256,29.04564315,2,343,deletion
Q9Y3A0-2,Q9Y3A0,0.942802502,90.94339623,2,25,deletion
Q16222-3,Q16222,0.97093404,99.80842912,454,454,deletion
Q6P1A2-2,Q6P1A2,0.903520659,83.57289528,21,100,deletion
P07951-3,P07951,0.859107125,63.79310345,2,283,substitution
P06753-2,P06753,0.855911128,62.88659794,2,285,substitution
O75608-2,O75608,0.942085461,93.04347826,57,72,deletion
Q9UJ83-3,Q9UJ83,0.910710042,85.81314879,104,185,deletion
O00762-2,O00762,0.889963355,78.2122905,2,40,deletion
O14717-5,O14717,0.547488493,15.44303797,59,391,substitution
O14530-2,O14530,0.906026944,82.74336283,188,226,substitution
P23381-2,P23381,0.871732118,91.29511677,2,42,deletion
Q99426-2,Q99426,0.738382243,79.09836066,3,53,deletion
P60953-1,P60953,0.964979703,95.28795812,163,191,substitution
Q9Y2Q3-3,Q9Y2Q3,0.947432127,94.69026549,129,140,deletion
Q5XG92-6,Q5XG92,0.908056624,82.5311943,2,99,deletion
P06753-4,P06753,0.874791665,68.38487973,2,285,substitution
P10155-3,P10155,0.980656432,95.53903346,515,538,substitution
O43427-2,O43427,0.962421036,98.07692308,216,222,deletion
P19971-2,P19971,0.969332036,98.97330595,,,insertion
Q6P1K2-4,Q6P1K2,0.507661752,80.48780488,2,41,deletion
Q6PII5-2,Q6PII5,0.785577095,63.79821958,201,290,substitution
O95169-3,O95169,0.890929604,83.33333333,2,32,deletion
O95498-6,O95498,0.91724599,89.80769231,2,54,deletion
Q96PC3-3,Q96PC3,0.798254733,64.28571429,98,154,substitution
P27352-2,P27352,0.964633855,93.52517986,3,27,deletion
Q9HCC0-2,Q9HCC0,0.937322883,93.25044405,209,246,deletion
Q86SQ9-3,Q86SQ9,0.9084938,88.28828829,109,147,deletion
P68036-2,P68036,0.884399381,79.22077922,10,41,deletion
P60604-2,P60604,0.898534286,83.03030303,2,29,deletion
P54687-5,P54687,0.965180413,96.48241206,2,2,substitution
O00743-2,O00743,0.952067312,92.78688525,58,79,deletion
P09417-2,P09417,0.887782647,87.29508197,36,66,deletion
Q9BRP4-2,Q9BRP4,0.940019081,91.66666667,2,30,substitution
Q5SGD2-2,Q5SGD2,0.711398413,50.27777778,2,180,deletion
Q9NUI1-3,Q9NUI1,0.892607167,83.56164384,2,49,deletion
Q14344-2,Q14344,0.86971852,74.80106101,2,96,deletion
Q13572-2,Q13572,0.869073406,72.61904762,302,414,substitution
O60701-2,O60701,0.882358366,86.43724696,90,156,deletion
Q9UJ68-5,Q9UJ68,0.951244334,90.63829787,2,23,deletion
P56282-3,P56282,0.96750175,94.68690702,500,527,substitution
P08559-3,P08559,0.921407966,92.05128205,171,201,deletion
P51965-2,P51965,0.863078913,76.16580311,2,50,substitution
Q9BZX4-2,Q9BZX4,0.775269696,56.60377358,2,93,deletion
P32754-2,P32754,0.935830113,90.07633588,2,40,deletion
O95394-3,O95394,0.977550523,95.58303887,542,542,substitution
Q9UQ80-2,Q9UQ80,0.922364444,86.29441624,2,55,deletion
Q5MY95-2,Q5MY95,0.918663841,92.52525253,351,387,deletion
Q9BVG3-2,Q9BVG3,0.853552216,71.78947368,2,136,substitution
P06133-3,P06133,0.8158503,68.75,364,528,substitution
P62491-2,P62491,0.847905836,68.05555556,147,216,substitution
P17707-2,P17707,0.767032121,55.68862275,2,149,deletion
Q9NTG7-2,Q9NTG7,0.819055196,64.41102757,2,143,deletion
Q9H503-2,Q9H503,0.958132802,92.78350515,,,insertion
Q04760-2,Q04760,0.909759778,91.84782609,105,119,deletion
P21695-2,P21695,0.956338827,93.40974212,74,96,deletion
Q96N66-3,Q96N66,0.852142705,72.88135593,345,472,deletion
Q9H9T3-2,Q9H9T3,0.985381624,97.44058501,2,15,deletion
Q9UJ68-3,Q9UJ68,0.89131686,79.57446809,2,48,substitution
Q16635-7,Q16635,0.918725146,84.93150685,152,165,deletion
Q9H0W9-3,Q9H0W9,0.90302024,84.12698413,170,219,deletion
O95394-4,O95394,0.971980464,95.0877193,,,insertion
P61966-2,P61966,0.908522634,80.37974684,128,158,substitution
Q09028-3,Q09028,0.966008305,95.29411765,405,425,substitution
P06753-5,P06753,0.884202258,68.04123711,2,285,substitution
P11310-2,P11310,0.970712293,99.05882353,,,insertion
P20711-3,P20711,0.905604401,83.75,68,145,deletion
Q3KNS6-2,Q3KNS6,0.703750852,56.94444444,2,186,substitution
P16671-4,P16671,0.931349064,87.28813559,144,203,deletion
P98173-3,P98173,0.869152551,81.30434783,7,44,deletion
Q99720-3,Q99720,0.773517136,86.09865471,119,149,deletion
Q96E40-2,Q96E40,0.861549608,74.32432432,166,222,substitution
Q5QJU3-2,Q5QJU3,0.897363994,82.18181818,2,50,deletion
Q16635-8,Q16635,0.900005775,81.50684932,2,25,deletion
A6XGL0-2,A6XGL0,0.873467753,83.27759197,20,69,deletion
P30566-2,P30566,0.906340994,87.80991736,398,456,deletion
Q7Z4H8-2,Q7Z4H8,0.9352845,87.5739645,2,67,substitution
Q96LA8-2,Q96LA8,0.862850041,77.6,26,109,substitution
Q7L266-2,Q7L266,0.775705644,58.44155844,2,129,deletion
P32189-2,P32189,0.971341077,98.92665474,245,250,deletion
P20839-4,P20839,0.966158294,99.02723735,104,108,deletion
P50440-2,P50440,0.916764068,91.25295508,2,37,substitution
O76081-4,O76081,0.652418741,35.85858586,2,247,substitution
P06753-6,P06753,0.840504515,69.75945017,2,212,substitution
Q96AT9-4,Q96AT9,0.919097093,87.28070175,160,188,deletion
P10619-2,P10619,0.976858519,96.45833333,103,119,deletion
Q9BVC4-5,Q9BVC4,0.96991637,99.69325153,44,44,deletion
Q96C11-3,Q96C11,0.978680307,95.82608696,,,insertion
P34897-2,P34897,0.923218625,98.01587302,199,208,deletion
P40937-2,P40937,0.9655556,93.52941176,2,22,deletion
P04424-3,P04424,0.570930371,94.39655172,176,201,deletion
Q16773-3,Q16773,0.757794512,54.92957746,230,422,substitution
P08397-2,P08397,0.976063164,95.29085873,2,18,deletion
Q5VWZ2-2,Q5VWZ2,0.933320213,93.24894515,65,80,deletion
Q9UK99-3,Q9UK99,0.914476604,86.62420382,36,471,substitution
P55263-4,P55263,0.925231655,89.22651934,2,65,substitution
Q96GX9-3,Q96GX9,0.89650987,79.75206612,2,53,substitution
Q5VTY9-6,Q5VTY9,0.84117089,72.21095335,92,228,deletion
Q9Y575-2,Q9Y575,0.916111076,85.90733591,2,74,deletion
Q8NBT2-2,Q8NBT2,0.772058333,76.64974619,72,117,deletion
Q13795-4,Q13795,0.77275394,57.21393035,116,201,substitution
O60701-3,O60701,0.844759983,80.36437247,2,98,deletion
Q9BW91-2,Q9BW91,0.878380251,85.71428571,2,51,deletion
Q96PB7-6,Q96PB7,0.308607005,26.15062762,3,478,substitution
P01116-2,P01116,0.951177611,89.94708995,151,187,substitution
P43250-3,P43250,0.950659166,97.04861111,560,576,substitution
P32321-2,P32321,0.961773556,94.17989418,,,insertion
Q15369-2,Q15369,0.874692697,85.71428571,2,17,deletion
Q9Y6Q5-2,Q9Y6Q5,0.995784142,99.29411765,225,225,substitution
Q9Y3A3-2,Q9Y3A3,0.922215646,85.77777778,2,33,deletion
O00442-2,O00442,0.977173027,96.56992084,,,insertion
O14520-2,O14520,0.706690738,46.19883041,2,342,substitution
P51689-3,P51689,0.863684593,84.82293423,504,593,deletion
P00367-3,P00367,0.870242746,72.61484099,2,149,substitution
P62316-2,P62316,0.949152578,91.52542373,2,11,deletion
Q08623-2,Q08623,0.795565592,81.14035088,52,94,deletion
P36543-3,P36543,0.550115093,86.72566372,93,122,deletion
Q96JD6-4,Q96JD6,0.955218901,95.625,307,320,substitution
P51854-1,P51854,0.93550654,88.091354,2,466,substitution
Q9UNE7-2,Q9UNE7,0.872883849,76.23762376,2,73,deletion
Q14994-2,Q14994,0.892249675,98.86363636,233,236,deletion
P62258-2,P62258,0.88166222,91.37254902,2,23,deletion
Q9UKR3-2,Q9UKR3,0.599263638,45.12635379,18,169,deletion
P10632-2,P10632,0.884770863,78.16326531,2,110,substitution
Q9UHB4-2,Q9UHB4,0.988734648,98.51485149,,,insertion
O95379-2,O95379,0.879753251,94.94949495,2,10,substitution
Q86UY6-3,Q86UY6,0.944784958,91.13924051,2,22,deletion
Q9Y6I7-2,Q9Y6I7,0.787019025,62.2327791,14,159,deletion
Q9NZQ7-3,Q9NZQ7,0.78100225,61.03448276,178,290,substitution
P28066-2,P28066,0.868740478,75.93360996,2,59,deletion
O94788-2,O94788,0.935167042,92.66409266,229,266,deletion
P22304-2,P22304,0.779217852,61.09090909,337,550,substitution
P32189-4,P32189,0.96729938,94.6332737,529,557,deletion
Q5VYX0-2,Q5VYX0,0.931360302,85.87896254,294,341,substitution
P19440-2,P19440,0.732785269,60.28119508,341,569,substitution
Q53H76-4,Q53H76,0.807655381,62.06140351,2,174,deletion
P0C7U1-2,P0C7U1,0.872789792,80.23255814,2,29,substitution
P36639-3,P36639,0.888783377,91.22807018,,,insertion
Q9BT78-2,Q9BT78,0.916737146,83.74384236,335,406,substitution
Q8IX90-2,Q8IX90,0.501829945,8.252427184,35,412,substitution
Q9Y5N5-2,Q9Y5N5,0.907159693,86.91588785,106,133,deletion
P30419-2,P30419,0.875585964,83.87096774,2,81,deletion
Q7Z5P4-2,Q7Z5P4,0.91059638,88.0,71,106,deletion
Q99873-2,Q99873,0.930472634,92.18328841,2,29,substitution
O00764-2,O00764,0.951947638,91.02564103,83,110,deletion
P54107-2,P54107,0.844746497,71.08433735,178,249,substitution
A2RU49-3,A2RU49,0.765674018,58.98123324,221,373,deletion
Q8N983-3,Q8N983,0.811772181,73.95348837,156,215,substitution
Q9BQ13-2,Q9BQ13,0.924647317,88.23529412,2,31,deletion
P11177-3,P11177,0.592048998,94.98607242,136,153,deletion
Q86YM7-2,Q86YM7,0.457217651,63.27683616,99,228,deletion
Q9NVV5-1,Q9NVV5,0.936620148,90.87301587,227,238,substitution
Q9P2W1-2,Q9P2W1,0.486869416,94.47004608,114,125,deletion
Q9BYV7-6,Q9BYV7,0.905863631,81.86528497,2,106,deletion
Q9BTT6-2,Q9BTT6,0.672354009,36.17424242,190,524,substitution
O00142-5,O00142,0.786822427,63.39622642,2,98,deletion
Q9C0B1-4,Q9C0B1,0.570837619,20.99009901,2,400,deletion
Q9Y689-2,Q9Y689,0.85417603,79.32960894,2,38,deletion
O75832-2,O75832,0.820021392,65.92920354,150,226,substitution
Q6NTF7-3,Q6NTF7,0.952670802,90.5,182,200,substitution
Q9NUZ1-3,Q9NUZ1,0.724856052,47.04830054,263,547,substitution
Q00005-6,Q00005,0.953864546,95.03386005,2,23,substitution
O76054-5,O76054,0.725626926,79.4044665,59,141,deletion
Q8NFU3-4,Q8NFU3,0.939083845,94.26229508,,,insertion
Q8NEB5-3,Q8NEB5,0.914809297,84.46969697,2,42,deletion
P23141-2,P23141,0.968778592,99.82394366,,,insertion
P23919-2,P23919,0.890439159,88.67924528,111,134,deletion
Q9H3U5-4,Q9H3U5,0.919099645,84.30107527,2,74,deletion
P56282-2,P56282,0.823096134,95.06641366,83,108,deletion
P37268-2,P37268,0.860347127,84.65227818,2,65,deletion
Q96MI6-4,Q96MI6,0.752006192,53.81263617,2,213,deletion
P11172-3,P11172,0.675947334,80.83333333,2,93,deletion
Q99538-2,Q99538,0.827561593,86.83602771,341,397,deletion
Q9NV06-2,Q9NV06,0.58874816,20.4494382,91,445,substitution
Q08623-4,Q08623,0.822483974,90.83665339,,,insertion
Q9Y3D8-2,Q9Y3D8,0.980307232,92.61363636,2,9,substitution
O60656-2,O60656,0.900050732,81.69811321,432,530,substitution
Q01740-2,Q01740,0.931238199,88.15789474,45,107,deletion
P49366-3,P49366,0.909281404,81.769437,2,68,substitution
Q9HC38-3,Q9HC38,0.779923215,53.4375,32,313,substitution
Q9BY32-3,Q9BY32,0.846226094,78.86597938,24,64,deletion
P48728-4,P48728,0.894490251,94.04466501,380,403,substitution
Q96CD2-2,Q96CD2,0.751380125,61.76470588,2,78,deletion
P61160-2,P61160,0.985235455,98.74686717,,,insertion
Q96MN5-2,Q96MN5,0.606817682,58.17307692,2,88,deletion
Q9BY41-5,Q9BY41,0.813647171,65.69920844,246,377,substitution
Q9NUQ9-2,Q9NUQ9,0.717443542,54.9382716,2,147,deletion
P56559-2,P56559,0.974590927,95.52238806,,,insertion
Q8WWU7-2,Q8WWU7,0.939146282,99.69230769,29,29,deletion
Q9BYV7-2,Q9BYV7,0.968207554,94.12780656,2,35,deletion
P49459-3,P49459,0.739363721,50.65789474,2,76,deletion
P0DTE5-2,P0DTE5,0.895101777,91.79104478,298,341,deletion
Q8NEB5-2,Q8NEB5,0.879743872,79.92424242,212,264,substitution
Q9H2P9-6,Q9H2P9,0.993963996,99.64912281,212,212,deletion
Q9H0R6-2,Q9H0R6,0.765896565,54.03377111,284,528,substitution
Q6XQN6-3,Q6XQN6,0.974735643,97.58364312,470,482,deletion
Q92600-3,Q92600,0.907433163,82.66666667,245,299,substitution
P26373-2,P26373,0.868185747,77.72511848,90,136,deletion
Q6T311-2,Q6T311,0.810353147,65.77540107,2,65,deletion
Q6NYC1-2,Q6NYC1,0.931315429,90.07444169,361,403,substitution
Q99714-2,Q99714,0.96028194,96.55172414,191,199,deletion
P30085-2,P30085,0.788497847,75.0,26,74,deletion
P16671-3,P16671,0.941784821,91.73728814,235,273,deletion
Q9Y4Y9-2,Q9Y4Y9,0.822878945,68.13186813,2,30,deletion
O43447-2,O43447,0.826859317,70.94972067,2,51,substitution
P00338-4,P00338,0.892596609,82.53012048,82,139,deletion
Q8TDX5-2,Q8TDX5,0.880999143,75.0,2,83,substitution
Q9NV96-3,Q9NV96,0.765057132,67.03601108,2,120,deletion
Q99489-3,Q99489,0.955456724,92.41192412,,,insertion
Q02083-2,Q02083,0.898260051,89.97214485,324,359,deletion
Q03154-2,Q03154,0.867889067,82.35294118,105,176,deletion
Q8N490-4,Q8N490,0.882627749,80.10335917,2,78,substitution
Q9BPW9-3,Q9BPW9,0.91509331,87.14733542,206,246,substitution
Q8WXB1-2,Q8WXB1,0.65690511,39.90825688,88,218,substitution
Q9Y4X0-4,Q9Y4X0,0.768935096,63.06306306,2,124,deletion
Q9UHA4-2,Q9UHA4,0.947221955,94.35483871,35,41,deletion
P35030-5,P35030,0.881334579,77.30263158,2,70,substitution
O14521-2,O14521,0.745908453,75.47169811,19,57,deletion
P35030-3,P35030,0.862629097,78.28947368,2,70,substitution
Q8NBZ7-3,Q8NBZ7,0.765404383,60.0,2,169,deletion
Q8N945-2,Q8N945,0.832006969,78.30687831,2,80,substitution
Q6PIY5-2,Q6PIY5,0.804366936,69.77272727,308,440,deletion
Q86V88-2,Q86V88,0.752629856,57.7540107,107,176,substitution
Q9Y5P6-2,Q9Y5P6,0.964407913,93.02325581,,,insertion
Q63HM1-2,Q63HM1,0.975026788,98.37662338,,,insertion
Q13642-1,Q13642,0.739615707,74.6130031,231,323,substitution
O00154-4,O00154,0.925787163,86.05263158,2,57,substitution
Q9NR28-2,Q9NR28,0.832379041,74.89539749,2,60,substitution
O95219-2,O95219,0.822986228,67.77777778,2,146,deletion
P18621-2,P18621,0.711417408,79.34782609,2,39,deletion
Q8WWX0-2,Q8WWX0,0.872298673,79.34131737,2,65,substitution
Q15119-2,Q15119,0.90917852,84.27518428,2,65,deletion
P20711-4,P20711,0.898417153,80.625,146,238,deletion
P12081-4,P12081,0.887988723,96.07072692,155,174,deletion
Q96DT0-6,Q96DT0,0.9579018,93.17507418,3,74,substitution
Q9H867-5,Q9H867,0.829942422,83.84279476,191,225,deletion
Q9NRC8-3,Q9NRC8,0.879777465,75.61576355,2,400,substitution
Q6ZRR5-3,Q6ZRR5,0.954853967,91.76029963,,,insertion
Q6QEF8-5,Q6QEF8,0.924131433,96.61016949,213,247,substitution
P37268-3,P37268,0.822968338,79.61630695,2,86,deletion
O95379-3,O95379,0.873857054,94.44444444,2,11,deletion
Q16653-2,Q16653,0.826465835,84.21052632,198,236,deletion
P06744-2,P06744,0.93683852,88.77721943,2,162,substitution
Q9UH77-3,Q9UH77,0.713547938,86.0306644,2,83,deletion
Q9BZZ5-3,Q9BZZ5,0.905263887,83.96946565,427,510,substitution
Q9H237-5,Q9H237,0.906813887,81.99566161,2,240,substitution
P15848-2,P15848,0.827104093,76.02996255,405,533,substitution
Q8NEY4-2,Q8NEY4,0.865900839,89.22716628,276,321,deletion
P25325-2,P25325,0.96488879,93.69085174,,,insertion
P09493-8,P09493,0.890954081,76.76056338,41,284,substitution
Q9NPF8-2,Q9NPF8,0.997485838,99.73753281,269,269,deletion
O00712-2,O00712,0.704803651,44.28571429,187,420,substitution
Q08477-2,Q08477,0.997400638,93.26923077,67,114,substitution
Q96FN4-2,Q96FN4,0.788566422,81.38686131,2,103,deletion
Q8IUC8-3,Q8IUC8,0.910649518,91.76882662,511,556,substitution
P36269-3,P36269,0.986060194,99.82964225,,,insertion
Q9UKF7-2,Q9UKF7,0.846004256,73.05389222,237,332,substitution
Q5VUJ9-2,Q5VUJ9,0.491655872,38.5620915,2,269,substitution
Q8TBK2-2,Q8TBK2,0.967741082,94.92600423,41,64,deletion
Q09028-4,Q09028,0.914133133,91.76470588,2,36,deletion
Q9UL33-2,Q9UL33,0.967526721,99.28571429,125,125,deletion
Q9UKU7-3,Q9UKU7,0.861627744,75.11520737,2,415,substitution
P19883-2,P19883,0.95276703,92.15116279,318,344,deletion
Q6N063-4,Q6N063,0.711658352,53.14285714,2,165,deletion
P11712-2,P11712,0.568878206,32.65306122,161,490,substitution
Q9BRF8-2,Q9BRF8,0.418184235,54.77707006,98,239,deletion
Q00005-3,Q00005,0.939758578,92.57641921,2,21,substitution
Q96CU9-3,Q96CU9,0.935899914,95.26748971,2,28,substitution
Q8TC84-2,Q8TC84,0.949481762,94.20289855,325,345,substitution
Q49AR2-2,Q49AR2,0.521346611,40.04524887,2,266,deletion
Q9H6V9-4,Q9H6V9,0.753217555,60.0,2,131,deletion
Q5VT66-3,Q5VT66,0.810439319,66.38418079,2,251,substitution
O15527-6,O15527,0.760112057,55.07246377,191,345,substitution
Q9UNH7-2,Q9UNH7,0.836736139,71.42857143,2,117,deletion
Q494R4-2,Q494R4,0.690132019,59.04761905,2,87,deletion
P49914-2,P49914,0.906792922,82.75862069,3,39,substitution
Q9H832-2,Q9H832,0.821439709,69.49152542,2,109,deletion
Q5U3C3-2,Q5U3C3,0.711744412,49.83164983,2,150,deletion
Q9UJT1-6,Q9UJT1,0.862165718,77.48344371,257,358,deletion
Q9Y5K2-2,Q9Y5K2,0.654188205,43.30708661,2,254,substitution
P09493-7,P09493,0.849080625,82.3943662,41,284,substitution
O76075-2,O76075,0.886077126,75.21613833,262,338,substitution
P15309-2,P15309,0.929492726,90.66985646,380,386,substitution
O00154-2,O00154,0.788285331,61.31578947,2,379,substitution
Q99873-3,Q99873,0.919172704,95.14824798,13,30,deletion
Q09028-2,Q09028,0.9746369,99.76470588,7,7,deletion
Q9BYV7-4,Q9BYV7,0.962605875,93.09153713,2,505,substitution
Q6NTF7-2,Q6NTF7,0.954149935,90.5,182,200,substitution
Q9BXD5-3,Q9BXD5,0.916673479,81.73374613,260,320,substitution
P36268-2,P36268,0.95458046,98.24253076,404,413,deletion
O96019-2,O96019,0.933737261,90.20979021,2,43,deletion
Q86TU7-3,Q86TU7,0.683323181,47.64309764,284,594,substitution
Q9NY65-2,Q9NY65,0.923998301,85.30066815,2,67,deletion
Q16698-2,Q16698,0.914389675,92.08211144,2,23,substitution
Q12765-2,Q12765,0.971775795,95.39170507,,,insertion
Q8NES3-2,Q8NES3,0.792083503,63.06068602,2,144,substitution
O43820-3,O43820,0.692112124,40.04796163,2,250,deletion
Q5VYY2-2,Q5VYY2,0.947085549,88.88888889,2,49,substitution
Q9C029-3,Q9C029,0.569744053,59.29549902,4,211,deletion
Q8IY49-2,Q8IY49,0.896466291,91.11111111,157,180,deletion
P49419-4,P49419,0.887169714,88.12615955,337,400,deletion
P07093-2,P07093,0.941321262,99.49748744,329,330,substitution
P09493-9,P09493,0.98638832,91.90140845,258,284,substitution
Q8N4T4-2,Q8N4T4,0.921403437,86.39053254,2,46,substitution
P09493-3,P09493,0.974410141,86.26760563,189,284,substitution
Q8N145-2,Q8N145,0.888116685,95.62043796,118,141,deletion
Q6DHV7-3,Q6DHV7,0.897556702,92.3943662,185,211,deletion
O76083-10,O76083,0.756471839,63.23777403,2,218,deletion
Q9P003-2,Q9P003,0.783247443,66.18705036,85,131,deletion
Q99685-2,Q99685,0.918239723,87.22044728,2,190,substitution
Q6GPH4-3,Q6GPH4,0.561634873,46.84385382,142,301,deletion
Q8N443-3,Q8N443,0.404564795,62.79683377,67,379,substitution
Q8NDH3-4,Q8NDH3,0.94490712,91.08159393,2,50,substitution
Q9BXS5-2,Q9BXS5,0.984203176,97.24137931,,,insertion
P09493-6,P09493,0.859954815,90.49295775,41,80,substitution
Q96DT0-2,Q96DT0,0.737030093,81.8452381,2,62,deletion
P36268-3,P36268,0.984327007,98.7804878,192,193,substitution
Q9NYQ3-2,Q9NYQ3,0.969457608,96.42857143,,,insertion
Q9H1Y0-2,Q9H1Y0,0.849285247,71.27272727,2,79,deletion
P54819-4,P54819,0.472334215,53.55648536,2,239,substitution
Q9HAW8-2,Q9HAW8,0.870806095,81.69811321,432,530,substitution
Q9NZQ0-3,Q9NZQ0,0.762529522,64.46886447,177,273,substitution
P49961-5,P49961,0.757285723,78.82352941,3,110,deletion
Q8WVQ1-3,Q8WVQ1,0.844353465,87.28179551,42,92,deletion
Q9H4P4-2,Q9H4P4,0.705520239,77.60252366,2,72,deletion
Q15435-4,Q15435,0.772916808,64.08839779,18,360,substitution
Q5VST6-2,Q5VST6,0.970661026,97.6109215,287,288,substitution
P38405-3,P38405,0.680157305,45.66929134,2,208,deletion
Q9HCC8-2,Q9HCC8,0.905754971,85.3432282,2,80,deletion
P18510-2,P18510,0.901955483,88.13559322,2,21,substitution
Q5VSG8-2,Q5VSG8,0.744064631,47.60869565,2,246,substitution
O75521-2,O75521,0.935883366,91.11675127,2,36,deletion
Q13325-2,Q13325,0.681466956,90.04149378,160,207,deletion
P67936-2,P67936,0.877303083,75.51724138,2,44,substitution
Q9HB55-3,Q9HB55,0.915775832,83.10139165,419,503,substitution
P24557-2,P24557,0.932631153,87.42964353,3,69,deletion
Q13795-2,Q13795,0.925738788,86.06965174,174,201,deletion
Q16653-8,Q16653,0.770647129,80.97165992,198,247,substitution
P08621-3,P08621,0.574323515,36.61327231,160,437,substitution
Q9BWS9-3,Q9BWS9,0.877057683,92.11195929,204,234,deletion
Q5JR12-2,Q5JR12,0.77608424,59.20792079,2,223,substitution
Q16653-6,Q16653,0.794175436,80.70866142,198,247,substitution
Q6ZRR5-2,Q6ZRR5,0.549155598,51.42857143,91,210,substitution
Q8N9F7-2,Q8N9F7,0.942260641,85.23076923,276,314,substitution
Q0GE19-4,Q0GE19,0.678154581,54.41176471,186,340,substitution
O95198-2,O95198,0.930318904,98.15745394,2,9,substitution
Q9H0U3-2,Q9H0U3,0.634444603,38.80597015,131,335,substitution
Q96DT0-5,Q96DT0,0.954083214,93.45238095,3,24,deletion
Q9HAW7-2,Q9HAW7,0.889904019,81.69811321,432,530,substitution
P09493-10,P09493,0.972531297,94.01408451,189,284,substitution
Q9BUY7-2,Q9BUY7,0.915626162,84.66257669,2,25,deletion
Q9Y2T4-3,Q9Y2T4,0.973615592,95.74944072,3,23,substitution
P09493-4,P09493,0.958304518,94.36619718,189,212,substitution
P22694-10,P22694,0.940024777,86.76056338,2,111,substitution
Q02985-2,Q02985,0.484571555,81.51515152,144,204,deletion
O75344-2,O75344,0.95195784,95.41284404,2,19,substitution
Q16653-11,Q16653,0.806075334,80.16194332,198,247,substitution
Q5EB52-2,Q5EB52,0.966637334,97.31343284,2,10,deletion
P11413-3,P11413,0.968839301,94.49541284,,,insertion
Q13362-2,Q13362,0.913738968,84.73282443,443,524,substitution
P07951-2,P07951,0.90538686,87.32394366,189,283,substitution
P19419-2,P19419,0.573064006,21.4953271,91,427,substitution
Q14554-2,Q14554,0.670946211,49.71098266,258,518,substitution
P48728-2,P48728,0.878285005,86.10421836,31,86,deletion
Q495B1-1,Q495B1,0.977442876,95.40229885,495,522,substitution
Q96E66-6,Q96E66,0.9052756,86.97916667,2,27,substitution
Q9BY64-2,Q9BY64,0.775503463,63.13799622,335,529,substitution
Q15573-2,Q15573,0.858849214,74.66666667,2,115,deletion
P50452-2,P50452,0.804776583,64.43850267,241,374,substitution
P24863-2,P24863,0.817260898,69.96466431,3,87,deletion
P26440-2,P26440,0.936342232,92.95774648,52,81,deletion
O00182-3,O00182,0.883629908,87.6056338,149,192,deletion
P10155-5,P10155,0.986061974,95.19408503,515,538,substitution
P78410-3,P78410,0.689508707,87.4251497,2,43,deletion
Q9NZL9-4,Q9NZL9,0.79550741,88.65671642,2,295,substitution
P35504-2,P35504,0.909803241,81.83520599,436,534,substitution
O75355-2,O75355,0.848309045,85.25519849,452,529,substitution
Q9UMR5-3,Q9UMR5,0.970068526,98.05194805,,,insertion
Q13309-4,Q13309,0.707075274,49.52830189,2,224,substitution
P06133-2,P06133,0.839285144,71.02803738,2,150,substitution
O95825-2,O95825,0.732067875,55.3008596,193,349,substitution
Q6BCY4-2,Q6BCY4,0.879014595,80.14440433,221,276,substitution
Q9NWS8-2,Q9NWS8,0.740759663,53.00668151,2,212,deletion
Q9HB55-2,Q9HB55,0.990421588,99.8015873,,,insertion
O60880-2,O60880,0.652145714,55.03875969,68,128,substitution
P19224-3,P19224,0.90472613,81.76691729,434,532,substitution
P15531-2,P15531,0.92787878,85.87570621,,,insertion
Q9BRR6-2,Q9BRR6,0.904990552,99.79879276,314,314,deletion
Q99720-5,Q99720,0.75380848,83.85650224,31,76,substitution
Q9UQ03-2,Q9UQ03,0.948101664,98.95833333,2,6,deletion
Q53F39-3,Q53F39,0.886723659,84.88664987,227,396,substitution
Q86X67-3,Q86X67,0.796072,64.20454545,2,127,deletion
Q6XQN6-2,Q6XQN6,0.967026862,94.88536155,,,insertion
P05089-3,P05089,0.789968321,73.29192547,204,289,deletion
P54687-3,P54687,0.922379566,90.41450777,94,130,deletion
P07355-2,P07355,0.917097711,94.95798319,,,insertion
Q6ZT21-2,Q6ZT21,0.787798575,69.75717439,2,138,deletion
P13688-3,P13688,0.751601338,60.64638783,320,526,substitution
Q9P2M1-2,Q9P2M1,0.980281754,99.4269341,,,insertion
P22307-4,P22307,0.668260121,85.19195612,2,82,deletion
Q16555-2,Q16555,0.90462511,93.70629371,2,37,deletion
P49366-2,P49366,0.908705649,87.26287263,262,308,deletion
Q13228-4,Q13228,0.957609266,91.63424125,,,insertion
Q96AT9-3,Q96AT9,0.781836147,65.04065041,2,114,substitution
Q9H4K7-2,Q9H4K7,0.705018763,43.84236453,2,229,deletion
Q9H4B0-2,Q9H4B0,0.853873798,87.92270531,365,414,deletion
O60861-2,O60861,0.806748532,67.01244813,3,156,substitution
Q9UHQ1-4,Q9UHQ1,0.925306019,87.06140351,2,60,deletion
P54868-3,P54868,0.89922244,89.17322835,229,283,deletion
Q9H237-4,Q9H237,0.983908906,97.39696312,229,240,substitution
Q9Y5K5-3,Q9Y5K5,0.976707984,99.69604863,246,246,deletion
Q9NTX5-2,Q9NTX5,0.936710072,98.04560261,3,8,deletion
Q16877-2,Q16877,0.94146315,92.53731343,330,364,deletion
Q9BUY7-3,Q9BUY7,0.751232004,68.71165644,2,162,substitution
Q96CW1-2,Q96CW1,0.985304662,99.54022989,142,143,deletion
O95970-3,O95970,0.85528431,91.38240575,97,144,deletion
O95302-2,O95302,0.774028356,58.94736842,3,234,deletion
Q16653-9,Q16653,0.803187718,80.56680162,198,247,substitution
Q92496-3,Q92496,0.595567525,57.26643599,93,339,deletion
P25774-2,P25774,0.873796085,84.89425982,84,133,deletion
Q9BYC5-4,Q9BYC5,0.625927998,26.67814114,2,420,substitution
Q9NVG8-3,Q9NVG8,0.712159421,54.75,4,184,deletion
P00387-3,P00387,0.942053106,88.32335329,2,7,substitution
Q8NBI2-2,Q8NBI2,0.942105868,93.43629344,,,insertion
P53677-2,P53677,0.79263736,63.72315036,268,418,substitution
Q8NA58-2,Q8NA58,0.981453306,95.66854991,2,14,substitution
P23510-2,P23510,0.849112373,72.13114754,2,51,deletion
Q8N3Y7-2,Q8N3Y7,0.906210749,85.7605178,112,155,deletion
Q96CS2-2,Q96CS2,0.656296622,72.6618705,3,78,deletion
Q969E2-3,Q969E2,0.76848136,57.20524017,132,229,substitution
Q8WWB7-2,Q8WWB7,0.883585829,80.04926108,2,82,deletion
P52895-2,P52895,0.654212372,38.1097561,124,323,substitution
Q7Z4G4-3,Q7Z4G4,0.762155373,54.85961123,254,463,substitution
P50395-2,P50395,0.929153517,89.88764045,86,130,deletion
P10155-4,P10155,0.993828069,97.96296296,529,538,substitution
Q01344-3,Q01344,0.857965832,79.04761905,333,420,substitution
Q8N8Q1-5,Q8N8Q1,0.803111311,73.36244541,6,62,deletion
Q9UNW1-4,Q9UNW1,0.776106848,57.28952772,2,213,substitution
Q86YJ6-4,Q86YJ6,0.91779332,87.39669421,214,274,deletion
P08559-2,P08559,0.956359548,98.23677582,,,insertion
Q96BW9-3,Q96BW9,0.81625638,70.08733624,314,452,substitution
P29466-5,P29466,0.582304956,18.31683168,20,335,deletion
Q9Y251-4,Q9Y251,0.768914502,65.88447653,365,543,substitution
Q15120-2,Q15120,0.958126498,97.8313253,,,insertion
P68366-2,P68366,0.981811215,96.65178571,2,16,deletion
Q96CB9-3,Q96CB9,0.716533738,44.27083333,2,219,substitution
O15392-5,O15392,0.848334387,70.86092715,105,142,substitution
O43280-2,O43280,0.935426145,94.51114923,175,206,substitution
Q16667-2,Q16667,0.848043751,81.13207547,11,50,deletion
Q08431-4,Q08431,0.898694754,88.37209302,25,69,substitution
P37268-4,P37268,0.786247369,73.38129496,3,113,deletion
P25788-2,P25788,0.974014659,97.25490196,136,142,deletion
Q8N0V5-2,Q8N0V5,0.895716304,72.88557214,2,294,substitution
Q969U7-2,Q969U7,0.910206575,88.25757576,2,32,deletion
Q99615-2,Q99615,0.918139905,88.66396761,2,57,deletion
O60443-2,O60443,0.576199899,20.36290323,2,396,deletion
Q96A58-2,Q96A58,0.877941118,90.45226131,21,39,deletion
Q9Y673-2,Q9Y673,0.941417202,90.74074074,97,126,deletion
Q9NPH3-2,Q9NPH3,0.77386935,61.75438596,351,570,substitution
Q53G59-2,Q53G59,0.92355101,93.72937294,,,insertion
O75818-2,O75818,0.937974512,93.66391185,91,113,deletion
Q86TU7-2,Q86TU7,0.700853704,48.31649832,284,594,substitution
Q8TCE6-2,Q8TCE6,0.97810007,94.72222222,2,18,substitution
Q7L1Q6-4,Q7L1Q6,0.944972485,99.05437352,,,insertion
Q71F23-2,Q71F23,0.615905587,42.10526316,2,243,deletion
Q8N0V5-3,Q8N0V5,0.903765634,72.9528536,2,308,substitution
Q8NDH6-2,Q8NDH6,0.647360556,38.7966805,188,482,deletion
P50225-2,P50225,0.731482718,59.35483871,2,124,substitution
Q9HAW9-2,Q9HAW9,0.901937371,81.69811321,432,530,substitution
O43324-2,O43324,0.842863966,74.71264368,129,174,substitution
Q969M7-7,Q969M7,0.866939911,81.08108108,2,39,substitution
Q12794-7,Q12794,0.87694716,76.09195402,331,435,substitution
O00142-2,O00142,0.906139014,85.28301887,2,41,substitution
P54845-2,P54845,0.6188747,41.35021097,2,140,deletion
Q16769-2,Q16769,0.884143051,86.4265928,41,89,deletion
A6NLP5-2,A6NLP5,0.740530204,68.78306878,2,60,deletion
P35503-3,P35503,0.894692505,81.83520599,436,534,substitution
Q8IXQ5-5,Q8IXQ5,0.922244859,91.80887372,2,49,deletion
Q96BD8-2,Q96BD8,0.467930462,81.56862745,104,150,substitution
P13928-2,P13928,0.622714803,41.89602446,138,327,substitution
P20839-2,P20839,0.944555119,95.13618677,84,108,deletion
Q6TCH4-4,Q6TCH4,0.929379672,93.02325581,2,25,deletion
Q8N945-3,Q8N945,0.946299979,93.65079365,70,81,deletion
O75689-2,O75689,0.968419913,91.2371134,2,27,substitution
Q15257-4,Q15257,0.85699774,78.49162011,73,149,deletion
Q7Z3B4-2,Q7Z3B4,0.498393984,57.3964497,2,388,substitution
P62913-2,P62913,0.992525525,99.43820225,3,3,deletion
Q9NSP4-4,Q9NSP4,0.764146052,58.33333333,104,179,substitution
Q6DKJ4-3,Q6DKJ4,0.848329221,72.37442922,2,120,substitution
P63151-2,P63151,0.984876412,97.37417943,2,2,substitution
P49961-4,P49961,0.72326853,72.94117647,3,140,deletion
P51398-2,P51398,0.93046602,89.69849246,16,56,deletion
O43708-3,O43708,0.883053769,80.55555556,73,114,deletion
Q9BY41-4,Q9BY41,0.74995697,75.86206897,56,146,deletion
P05091-2,P05091,0.94022456,90.90909091,74,120,deletion
Q4G0N4-3,Q4G0N4,0.810289809,63.12217195,2,164,deletion
Q9BVC4-3,Q9BVC4,0.887470052,79.75460123,2,67,deletion
Q12794-2,Q12794,0.923271499,93.10344828,301,330,deletion
Q9NVD3-4,Q9NVD3,0.812287153,67.72009029,301,440,substitution
P62847-3,P62847,0.914888653,98.4962406,131,133,substitution
P78410-2,P78410,0.727237196,91.91616766,2,28,substitution
Q9BY41-8,Q9BY41,0.660453823,38.72679045,147,377,deletion
Q96G04-2,Q96G04,0.712642959,89.6969697,81,114,deletion
Q6P6B7-2,Q6P6B7,0.860674634,77.92915531,284,361,substitution
Q53F39-2,Q53F39,0.900584002,85.1010101,338,396,substitution
Q02045-2,Q02045,0.729646142,76.30057803,2,42,deletion
P00505-2,P00505,0.762035609,90.0,83,125,deletion
O15527-7,O15527,0.936494701,91.29213483,317,345,substitution
P22570-2,P22570,0.944302827,98.79275654,,,insertion
Q86WD7-6,Q86WD7,0.89938437,80.81534772,2,81,deletion
Q86X83-2,Q86X83,0.799561861,82.91457286,166,199,substitution
Q86X76-4,Q86X76,0.911584122,90.36144578,2,33,substitution
Q96G75-2,Q96G75,0.790016921,84.73282443,2,61,deletion
Q5HYI7-4,Q5HYI7,0.886325311,78.91373802,247,312,substitution
Q8IUI8-2,Q8IUI8,0.639539934,99.09502262,2,5,deletion
O75884-2,O75884,0.898456756,75.62189055,152,186,substitution
O94905-2,O94905,0.64887555,42.18289086,142,339,substitution
Q16401-2,Q16401,0.855199027,91.46825397,145,187,deletion
Q99572-7,Q99572,0.695515238,41.3509061,2,595,substitution
Q96NI8-2,Q96NI8,0.743094834,62.12686567,3,205,deletion
Q9UNH5-3,Q9UNH5,0.756879283,63.8047138,380,594,substitution
Q96AT9-2,Q96AT9,0.890540466,82.11382114,43,114,substitution
Q9NXR7-4,Q9NXR7,0.961103006,95.03916449,364,383,substitution
Q6ZMU5-2,Q6ZMU5,0.467455766,56.39412998,270,477,deletion
Q96DT0-4,Q96DT0,0.5341911,79.16666667,2,208,substitution
Q9UIC8-3,Q9UIC8,0.534223573,83.53293413,136,190,deletion
P68402-2,P68402,0.78762738,60.26200873,138,229,substitution
Q9NS85-2,Q9NS85,0.8215892,77.13414634,2,76,deletion
P27338-2,P27338,0.814486054,70.94339623,2,520,substitution
P04062-5,P04062,0.892379554,90.85820896,104,152,deletion
O76062-2,O76062,0.959074331,93.54066986,298,324,deletion
P10155-2,P10155,0.682516481,36.48148148,195,538,substitution
Q9Y6J8-4,Q9Y6J8,0.686632088,69.32907348,56,151,deletion
Q01344-2,Q01344,0.859603986,79.04761905,333,420,substitution
Q86WT6-4,Q86WT6,0.723340165,55.8,3,271,substitution
O43865-2,O43865,0.9329038,91.13207547,2,48,deletion
P22310-2,P22310,0.90189354,81.83520599,436,534,substitution
Q15257-3,Q15257,0.786061766,82.12290503,45,108,deletion
O14832-2,O14832,0.834115384,70.41420118,2,101,deletion
P56817-5,P56817,0.87227942,76.52859961,2,117,substitution
P09543-2,P09543,0.934617583,95.24940618,2,21,deletion
Q8WXK3-2,Q8WXK3,0.758570893,61.8705036,173,278,substitution
Q9NPH2-2,Q9NPH2,0.809369647,77.0609319,2,129,deletion
Q6UW56-2,Q6UW56,0.697107933,74.67248908,2,59,deletion
Q11206-5,Q11206,0.892791366,98.4984985,30,34,substitution
Q9ULV4-2,Q9ULV4,0.881186311,98.75,,,insertion
Q14994-5,Q14994,0.875107457,87.92134831,2,235,substitution
Q9Y5K5-2,Q9Y5K5,0.953605301,95.74468085,246,328,substitution
Q9H871-2,Q9H871,0.584664919,24.80818414,96,391,substitution
Q8WXQ8-2,Q8WXQ8,0.88102113,79.81651376,347,436,substitution
P53680-2,P53680,0.819697203,73.23943662,52,89,deletion
Q9H867-3,Q9H867,0.551419653,38.86462882,90,229,deletion
O95965-2,O95965,0.65798184,71.45748988,2,142,deletion
O43174-2,O43174,0.92268571,86.1167002,2,70,deletion
Q15833-2,Q15833,0.965822769,99.49409781,83,85,deletion
Q9Y2F9-2,Q9Y2F9,0.88321571,88.31417625,2,62,deletion
Q8WYA6-4,Q8WYA6,0.874156659,95.20426288,2,28,deletion
Q96T60-2,Q96T60,0.828540865,90.78694818,2,50,substitution
Q96FL8-2,Q96FL8,0.695532123,50.35087719,286,570,substitution
Q8N4T4-4,Q8N4T4,0.933609528,89.85074627,301,335,substitution
Q8IXQ5-2,Q8IXQ5,0.950739198,92.89340102,2,40,substitution
Q8NFT2-2,Q8NFT2,0.931432341,90.83503055,445,490,substitution
Q96DB2-2,Q96DB2,0.863848844,85.30259366,2,107,substitution
Q13509-2,Q13509,0.913098495,84.0,2,73,deletion
P22307-3,P22307,0.782052055,58.13528336,68,547,substitution
Q96JJ7-2,Q96JJ7,0.613902111,42.2907489,191,454,substitution
O60858-2,O60858,0.573817477,42.75184275,175,407,substitution
Q5T4B2-2,Q5T4B2,0.915764486,86.8907563,2,79,deletion
Q08722-2,Q08722,0.923569802,90.40247678,293,323,deletion
P62847-2,P62847,0.977215949,97.7443609,131,133,deletion
Q7Z5A7-2,Q7Z5A7,0.803990811,69.93006993,2,38,substitution
Q9BW83-2,Q9BW83,0.974338927,99.46236559,12,12,deletion
Q9NW38-2,Q9NW38,0.772634621,98.68421053,,,insertion
P04818-2,P04818,0.874719559,89.13738019,153,186,deletion
Q9H237-3,Q9H237,0.984271251,98.48156182,229,235,substitution
Q02928-2,Q02928,0.804278773,68.40077071,356,519,deletion
Q5T5S1-3,Q5T5S1,0.382414059,36.32958801,2,533,substitution
Q9UQB9-2,Q9UQB9,0.943043299,88.99676375,2,35,deletion
P38571-2,P38571,0.857097053,81.09452736,2,76,substitution
P62068-3,P62068,0.975045545,96.99453552,2,12,substitution
O76083-7,O76083,0.743674901,65.09274874,2,208,deletion
O43731-2,O43731,0.912179801,91.36363636,202,213,substitution
Q13795-3,Q13795,0.841742375,76.61691542,2,48,deletion
Q69YN2-2,Q69YN2,0.665096056,40.03656307,2,323,substitution
P0C024-2,P0C024,0.870996797,77.73109244,64,116,deletion
P49903-4,P49903,0.905473853,81.8877551,322,392,substitution
Q9BZP6-3,Q9BZP6,0.646212109,66.17647059,2,162,deletion
Q13418-3,Q13418,0.742832936,70.3539823,2,135,deletion
P56937-2,P56937,0.97824306,97.65395894,112,119,deletion
P22309-2,P22309,0.893932705,81.8011257,435,533,substitution
Q11206-6,Q11206,0.89448795,96.6966967,2,34,substitution
Q96HA9-2,Q96HA9,0.843553425,70.95435685,2,71,deletion
P54819-2,P54819,0.932948545,96.65271967,232,239,substitution
Q9H3H3-1,Q9H3H3,0.890508481,85.95890411,2,42,deletion
P36537-2,P36537,0.895556338,84.09090909,157,240,deletion
P02774-3,P02774,0.97050847,96.14604462,,,insertion
O00161-2,O00161,0.473525742,74.40758294,89,142,substitution
Q9H069-2,Q9H069,0.887743336,85.27724665,443,523,substitution
Q03154-3,Q03154,0.852067004,84.06862745,220,284,deletion
Q96B42-2,Q96B42,0.933745362,85.31468531,2,19,substitution
Q9NYS7-3,Q9NYS7,0.700517986,48.01980198,2,211,deletion
P43250-2,P43250,0.955257642,95.58573854,560,576,substitution
P13688-2,P13688,0.852260854,78.8973384,416,526,substitution
P07108-3,P07108,0.97200522,95.45454545,2,3,substitution
O15511-2,O15511,0.980199956,97.4025974,48,48,substitution
Q9P0N5-3,Q9P0N5,0.949259846,96.62162162,,,insertion
P49902-2,P49902,0.957080273,93.93939394,3,34,substitution
Q9H977-4,Q9H977,0.966539653,95.70200573,,,insertion
Q99572-2,Q99572,0.790388623,57.33113674,347,595,substitution
Q86UY8-2,Q86UY8,0.888661126,84.67153285,2,474,substitution
Q9NPH0-2,Q9NPH0,0.680174763,61.68224299,261,428,substitution
P55735-2,P55735,0.936015226,95.65217391,2,15,deletion
Q9P000-2,Q9P000,0.634284824,78.78787879,18,59,deletion
Q8IYX1-2,Q8IYX1,0.899119913,89.28571429,21,56,deletion
Q8N336-3,Q8N336,0.960292953,97.60479042,208,215,deletion
Q8N6M0-2,Q8N6M0,0.783659572,65.18771331,2,105,substitution
Q9BRX8-2,Q9BRX8,0.962103718,95.19650655,2,12,deletion
Q9BRQ8-2,Q9BRQ8,0.672794923,88.56382979,99,206,substitution
Q01638-4,Q01638,0.637911502,37.41007194,2,556,substitution
P07306-2,P07306,0.525611337,86.25429553,24,63,substitution
P78371-2,P78371,0.954599587,91.21495327,2,48,deletion
Q13938-4,Q13938,0.824128523,68.72727273,2,87,deletion
Q6PHR2-2,Q6PHR2,0.717288292,43.97463002,205,472,substitution
P07093-3,P07093,0.947434691,96.58536585,2,330,substitution
Q9NUU7-2,Q9NUU7,0.66735672,79.91631799,2,98,substitution
Q96LZ7-4,Q96LZ7,0.78113231,62.80193237,2,151,substitution
Q9H6Q4-2,Q9H6Q4,0.708641793,48.94957983,2,244,deletion
Q9NZQ9-2,Q9NZQ9,0.608262253,80.0,95,163,deletion
Q6JVE9-2,Q6JVE9,0.906956871,82.85714286,2,31,substitution
Q96EX2-4,Q96EX2,0.704979402,43.24324324,2,253,deletion
Q8N118-3,Q8N118,0.919414365,87.22986248,3,67,deletion
Q8N999-3,Q8N999,0.931488195,90.79754601,2,140,substitution
Q5VUJ9-3,Q5VUJ9,0.553053099,46.8401487,2,144,substitution
Q96DD0-2,Q96DD0,0.968327914,93.58600583,318,335,substitution
P54868-2,P54868,0.864354553,91.73228346,188,229,deletion
Q11206-4,Q11206,0.97025873,97.93510324,61,61,substitution
P43353-2,P43353,0.822998243,92.09401709,55,91,deletion
Q96PM5-4,Q96PM5,0.781559984,66.91449814,180,261,substitution
P35813-3,P35813,0.90917352,83.95604396,,,insertion
O75679-2,O75679,0.904781182,90.85173502,2,30,deletion
Q3B7J2-2,Q3B7J2,0.841009036,72.72727273,2,106,deletion
Q13609-2,Q13609,0.907313944,90.16393443,78,107,deletion
Q99720-2,Q99720,0.810799043,91.03139013,32,51,deletion
Q00005-2,Q00005,0.962532251,93.81898455,2,21,substitution
Q6AZZ1-2,Q6AZZ1,0.688963213,42.06185567,2,282,substitution
Q6TCH4-3,Q6TCH4,0.790318979,69.18604651,2,107,deletion
Q9Y305-3,Q9Y305,0.925743598,86.33257403,2,61,deletion
Q8TC12-2,Q8TC12,0.974549362,95.91194969,53,65,deletion
O60921-2,O60921,0.950842343,92.5,2,22,deletion
Q9Y484-3,Q9Y484,0.986446188,99.72299169,,,insertion
Q03013-3,Q03013,0.544747362,72.01834862,60,120,deletion
A0AVF1-3,A0AVF1,0.918221925,94.40433213,48,78,deletion
Q99538-3,Q99538,0.851937939,81.06235566,341,433,substitution
Q9H490-2,Q9H490,0.970328397,95.40229885,66,85,deletion
P49961-2,P49961,0.974683557,97.87234043,2,4,substitution
A6NK59-2,A6NK59,0.746812548,48.99328859,2,296,substitution
Q7LGA3-3,Q7LGA3,0.61580086,64.3258427,230,356,deletion
P49326-3,P49326,0.898714801,78.20512821,419,533,substitution
O95551-3,O95551,0.705298883,78.45303867,62,139,deletion
Q9BZW4-2,Q9BZW4,0.910438506,92.83819629,327,353,deletion
P13378-3,P13378,0.552045018,23.10344828,2,290,substitution
Q9NZA1-2,Q9NZA1,0.780841823,58.29268293,2,176,substitution
Q96CX3-2,Q96CX3,0.785645327,79.33579336,144,199,deletion
Q7L5L3-1,Q7L5L3,0.893712522,80.50314465,2,63,deletion
Q4LDG9-3,Q4LDG9,0.882650739,79.47368421,2,40,deletion
O15091-4,O15091,0.905014749,83.70497427,2,96,deletion
Q8NFU3-2,Q8NFU3,0.777684515,61.73913043,4,44,deletion
Q9UMR2-3,Q9UMR2,0.682862506,77.24425887,2,110,deletion
P12081-3,P12081,0.821826631,88.21218075,61,174,substitution
P27544-2,P27544,0.953078279,96.28571429,338,350,deletion
Q9Y2T4-4,Q9Y2T4,0.961818309,95.53571429,2,23,substitution
Q86UY6-4,Q86UY6,0.866499344,78.99159664,2,51,substitution
O75340-2,O75340,0.953654118,98.95287958,122,123,deletion
Q9UKB1-2,Q9UKB1,0.890123439,93.72693727,16,49,deletion
P13674-2,P13674,0.981415403,98.12734082,361,380,substitution
Q9NPQ8-4,Q9NPQ8,0.994398837,99.81167608,210,210,deletion
Q5VTY9-5,Q5VTY9,0.915630484,86.81541582,92,156,deletion
Q96MA6-2,Q96MA6,0.691003819,57.41127349,2,205,deletion
P11168-2,P11168,0.846191202,76.71755725,2,123,substitution
Q9UIJ7-2,Q9UIJ7,0.666955284,69.16299559,2,71,deletion
Q7Z5G4-3,Q7Z5G4,0.901509642,89.05109489,123,137,substitution
Q9Y680-1,Q9Y680,0.636655246,55.85585586,125,222,substitution
P57727-2,P57727,0.849301933,72.02643172,2,128,deletion
Q99643-3,Q99643,0.778828916,79.8816568,27,60,deletion
Q9H857-4,Q9H857,0.827146793,75.0,2,131,deletion
P61086-3,P61086,0.792848411,78.5,134,176,deletion
Q96DC9-2,Q96DC9,0.627293146,31.1965812,74,234,deletion
P36639-2,P36639,0.899209634,87.15083799,,,insertion
Q3LIE5-3,Q3LIE5,0.724142432,58.55072464,202,342,substitution
Q9BVK2-2,Q9BVK2,0.924058496,85.12241055,451,526,substitution
Q96FL9-4,Q96FL9,0.941234343,92.58589512,2,43,substitution
P12081-2,P12081,0.831320305,92.14145383,61,100,deletion
Q9NXC2-2,Q9NXC2,0.834128855,73.58974359,2,104,deletion
Q96DX5-2,Q96DX5,0.908458851,84.71760797,255,294,substitution
Q16851-2,Q16851,0.985655815,97.83464567,3,13,deletion
Q9BUK6-5,Q9BUK6,0.828286156,68.59649123,2,499,substitution
O76054-4,O76054,0.963747509,90.12345679,361,403,substitution
Q9HCH3-2,Q9HCH3,0.68968083,50.75885329,2,293,deletion
Q11206-2,Q11206,0.903720163,98.1981982,2,6,substitution
P0DPH7-2,P0DPH7,0.943374961,92.88888889,393,424,deletion
Q96PM5-2,Q96PM5,0.89630128,96.55172414,171,179,deletion
O75635-2,O75635,0.958912091,95.52631579,57,73,deletion
P53384-2,P53384,0.97486881,96.5625,110,120,deletion
Q9UNK4-2,Q9UNK4,0.48276773,42.75862069,62,144,deletion
P04818-3,P04818,0.632757988,73.48242812,70,152,deletion
Q9NSK7-2,Q9NSK7,0.358777523,50.65789474,3,66,deletion
Q8IWW8-3,Q8IWW8,0.710248286,64.02569593,299,467,substitution
P05108-2,P05108,0.821520991,69.67370441,2,159,deletion
O60832-2,O60832,0.829058192,81.51750973,420,514,substitution
P84022-4,P84022,0.69935041,54.11764706,2,196,deletion
P04179-2,P04179,0.541325656,82.43243243,77,115,deletion
O75072-2,O75072,0.872221447,92.19088937,426,461,substitution
Q4LDG9-2,Q4LDG9,0.646537554,40.52631579,2,114,deletion
Q95460-5,Q95460,0.726391377,62.75659824,203,329,deletion
Q96PP8-2,Q96PP8,0.901792316,83.27645051,489,586,substitution
P49590-2,P49590,0.917659161,95.05928854,37,61,deletion
P22570-5,P22570,0.922884345,98.3706721,91,98,deletion
Q9UKU7-2,Q9UKU7,0.826159299,69.15662651,37,164,substitution
Q13228-3,Q13228,0.907235639,86.86440678,61,122,deletion
Q92947-2,Q92947,0.913546993,94.97716895,415,438,substitution
Q9BWP8-8,Q9BWP8,0.662034117,64.41281139,2,91,substitution
P54108-2,P54108,0.927591045,94.96124031,,,insertion
Q14982-3,Q14982,0.845855166,88.11594203,2,42,deletion
P32322-2,P32322,0.898536337,93.75,290,319,substitution
P05166-2,P05166,0.972284033,96.42218247,,,insertion
P55058-4,P55058,0.854468543,82.15010142,2,89,deletion
O95864-4,O95864,0.91243598,82.42950108,2,69,substitution
Q5XG92-5,Q5XG92,0.860888061,76.11683849,439,561,substitution
Q8WWY3-3,Q8WWY3,0.732463248,55.71142285,2,499,substitution
Q9Y5K5-4,Q9Y5K5,0.988077001,95.48192771,246,328,substitution
Q9NY97-2,Q9NY97,0.890908438,97.98488665,2,11,substitution
Q9NUZ1-2,Q9NUZ1,0.89158763,94.51553931,354,383,deletion
A0AVF1-2,A0AVF1,0.876818001,85.79136691,474,554,substitution
Q9H9T3-4,Q9H9T3,0.886689405,76.6848816,2,131,substitution
Q99489-2,Q99489,0.900817609,82.69794721,95,153,deletion
P51649-2,P51649,0.966297414,97.62773723,,,insertion
O76083-9,O76083,0.704708637,72.34401349,2,165,substitution
P52298-3,P52298,0.752026429,65.38461538,40,93,substitution
Q9H115-2,Q9H115,0.868039601,86.91275168,60,98,deletion
P61086-2,P61086,0.790636031,74.5,22,72,deletion
P05538-2,P05538,0.76206418,84.70149254,2,257,substitution
P00390-3,P00390,0.903598743,94.44444444,267,295,deletion
Q9NPF2-2,Q9NPF2,0.892302784,98.29545455,35,40,substitution
P49753-2,P49753,0.728103476,62.31884058,2,214,substitution
Q16635-9,Q16635,0.859449053,76.71232877,2,164,substitution
Q9NQR9-3,Q9NQR9,0.619517347,40.99722992,148,355,substitution
Q96IF1-2,Q96IF1,0.557934347,22.49070632,2,418,deletion
Q15646-3,Q15646,0.523574257,74.70817121,220,349,deletion
Q2VPA4-2,Q2VPA4,0.545763722,31.6344464,2,569,substitution
Q8N2K0-3,Q8N2K0,0.923937676,90.45226131,12,49,deletion
Q8N3R3-4,Q8N3R3,0.777773907,70.96774194,2,145,deletion
Q12794-4,Q12794,0.646465456,47.5862069,208,435,substitution
Q10588-2,Q10588,0.838343496,80.50314465,6,63,deletion
P36873-2,P36873,0.937492967,93.76854599,315,323,substitution
Q5JVF3-3,Q5JVF3,0.95432055,94.23558897,94,116,deletion
Q6NT32-3,Q6NT32,0.865637905,81.56521739,2,107,deletion
P50135-3,P50135,0.470902822,15.75342466,47,292,substitution
Q8IUF8-4,Q8IUF8,0.96111793,99.78494624,297,297,deletion
Q15777-2,Q15777,0.953426684,87.07482993,256,293,substitution
P20839-3,P20839,0.944512826,91.29662522,,,insertion
P36980-2,P36980,0.590885114,89.62962963,144,171,substitution
Q5JTJ3-3,Q5JTJ3,0.747566899,63.2,2,47,deletion
P61916-2,P61916,0.81188633,80.13245033,122,147,deletion
Q86Y78-2,Q86Y78,0.321342868,42.69005848,73,171,substitution
Q9UFF9-2,Q9UFF9,0.708775843,63.69863014,2,107,deletion
Q86TS9-2,Q86TS9,0.701809503,52.03252033,2,60,deletion
Q9BXM7-2,Q9BXM7,0.714345706,45.26678141,2,320,substitution
Q8TAP4-3,Q8TAP4,0.875905568,92.94871795,,,insertion
P30085-3,P30085,0.929261473,85.96491228,,,insertion
Q6P4E1-3,Q6P4E1,0.507014486,37.98627002,163,436,substitution
Q9P2R7-2,Q9P2R7,0.917809166,95.24838013,26,47,deletion
Q14116-2,Q14116,0.872240784,97.92746114,27,30,deletion
P55735-4,P55735,0.973858726,99.07692308,,,insertion
P11802-2,P11802,0.736207448,60.3960396,2,121,deletion
Q9BQT8-2,Q9BQT8,0.978326924,99.66555184,299,299,deletion
Q02252-2,Q02252,0.925956061,97.57009346,104,116,deletion
Q9NSB8-2,Q9NSB8,0.853720975,96.89265537,130,140,deletion
Q12933-4,Q12933,0.67561154,95.00998004,177,201,deletion
Q13740-3,Q13740,0.532818632,22.46998285,132,583,substitution
Q6PHR2-3,Q6PHR2,0.946776543,99.57627119,444,445,deletion
Q9H237-2,Q9H237,0.989964277,98.9154013,236,240,deletion
Q15907-2,Q15907,0.866210974,74.88986784,171,218,substitution
Q6GPH4-4,Q6GPH4,0.338763956,40.53156146,57,301,substitution
O95445-2,O95445,0.692634366,61.70212766,2,73,deletion
Q9NXR7-3,Q9NXR7,0.859132722,94.77806789,363,383,substitution
Q3SY77-2,Q3SY77,0.926576617,93.49904398,32,65,deletion
O14775-3,O14775,0.849850176,71.64556962,2,209,substitution
O15460-2,O15460,0.974954064,97.75700935,436,451,substitution
Q9H944-2,Q9H944,0.704157086,54.71698113,117,212,substitution
P46736-4,P46736,0.780117504,63.92405063,2,115,deletion
Q3MHD2-2,Q3MHD2,0.898032961,97.97979798,42,42,substitution
P47870-3,P47870,0.758396432,57.11538462,2,512,substitution
Q8N1L4-2,Q8N1L4,0.850509895,85.88235294,293,340,deletion
Q9Y5L3-2,Q9Y5L3,0.75725879,95.35353535,384,406,deletion
Q01638-2,Q01638,0.714441389,58.45323741,324,556,substitution
Q8WZ04-2,Q8WZ04,0.840617012,86.25429553,28,67,deletion
Q9H5I1-2,Q9H5I1,0.917053586,85.36585366,2,61,deletion
P06493-2,P06493,0.815462595,80.80808081,107,163,deletion
Q8TAS1-3,Q8TAS1,0.89219013,79.23627685,2,89,substitution
P30047-2,P30047,0.674356534,86.9047619,13,23,deletion
Q96AB3-2,Q96AB3,0.946409881,92.760181,,,insertion
O43402-2,O43402,0.77093758,60.0,127,210,deletion
Q13404-8,Q13404,0.690533677,71.42857143,58,99,deletion
Q8N5T2-2,Q8N5T2,0.876607658,87.64258555,34,98,deletion
P04075-2,P04075,0.92823201,87.08133971,,,insertion
O75600-2,O75600,0.923170854,94.15730337,,,insertion
Q8WY98-3,Q8WY98,0.824092885,82.31707317,131,164,substitution
P04179-3,P04179,0.540695928,72.97297297,116,175,deletion
Q9BZW5-2,Q9BZW5,0.953384095,91.62162162,237,267,deletion
P25786-2,P25786,0.907687336,97.39776952,,,insertion
Q6IB77-2,Q6IB77,0.685091995,54.72972973,163,296,substitution
Q9H313-2,Q9H313,0.977582198,99.77827051,,,insertion
O95498-5,O95498,0.530274144,22.11538462,116,520,substitution
P61764-2,P61764,0.939763085,95.87458746,576,594,substitution
Q07812-6,Q07812,0.535212207,59.375,2,79,deletion
Q16539-2,Q16539,0.981004229,96.11111111,230,254,substitution
Q86YQ8-2,Q86YQ8,0.689724484,41.31205674,2,332,deletion
Q9C0J1-2,Q9C0J1,0.88277741,93.38624339,3,27,deletion
O75419-2,O75419,0.912826209,91.87279152,69,114,deletion
P22307-7,P22307,0.709095203,91.95612431,68,111,deletion
Q8TAM2-2,Q8TAM2,0.650706495,46.21072089,40,330,deletion
Q9NYA1-3,Q9NYA1,0.970390815,96.48241206,,,insertion
Q9BRQ3-3,Q9BRQ3,0.895009235,89.10891089,161,193,deletion
Q9UBQ5-2,Q9UBQ5,0.894731591,95.87155963,210,218,substitution
Q8TBG4-2,Q8TBG4,0.908081863,98.79759519,59,64,deletion
Q8WU10-2,Q8WU10,0.883665167,85.8,2,72,deletion
Q9H257-3,Q9H257,0.50398823,67.7238806,360,536,substitution
Q8TDB8-2,Q8TDB8,0.962728988,94.61538462,2,29,substitution
Q8NEA4-3,Q8NEA4,0.650424288,82.9787234,2,32,deletion
P18754-2,P18754,0.922803188,93.14159292,,,insertion
Q15485-2,Q15485,0.817083894,87.85942492,34,71,deletion
Q8IUC8-2,Q8IUC8,0.898923542,84.71223022,466,556,substitution
Q96AZ6-2,Q96AZ6,0.667920858,40.0,77,181,substitution
P41221-2,P41221,0.957315226,96.05263158,2,16,deletion
P28482-2,P28482,0.72434569,87.77777778,242,285,deletion
Q7KYR7-4,Q7KYR7,0.579629635,62.5,328,527,substitution
P61328-2,P61328,0.747393984,72.83950617,2,66,substitution
P04899-2,P04899,0.939870862,88.36565097,2,39,substitution
Q9Y639-4,Q9Y639,0.775394265,81.40703518,320,398,substitution
Q15528-2,Q15528,0.666118282,68.5,138,200,substitution
Q9NRW4-2,Q9NRW4,0.904831492,83.98058252,170,184,substitution
P61244-3,P61244,0.71701589,61.25,99,159,substitution
Q14994-6,Q14994,0.890845522,86.70360111,2,274,substitution
P33260-2,P33260,0.890641911,87.95918367,215,273,deletion
P04899-4,P04899,0.948282852,86.49350649,332,355,substitution
Q86WD7-5,Q86WD7,0.824144443,68.58513189,2,132,deletion
P36269-2,P36269,0.786458657,94.53924915,103,134,deletion
P80188-2,P80188,0.960310327,97.47474747,193,197,substitution
Q9P1P5-2,Q9P1P5,0.915365142,87.17948718,2,46,deletion
Q8WTT0-2,Q8WTT0,0.855201578,85.44600939,11,41,deletion
P29016-2,P29016,0.755325245,83.48348348,242,296,deletion
P07098-3,P07098,0.963067851,97.54901961,,,insertion
P49961-6,P49961,0.963225346,96.74329502,2,5,substitution
Q9Y285-2,Q9Y285,0.626505045,93.8976378,169,199,deletion
Q8NHW4-2,Q8NHW4,0.719955862,94.56521739,65,69,deletion
Q9C035-5,Q9C035,0.453022332,50.9127789,249,491,substitution
Q6QAJ8-2,Q6QAJ8,0.930111457,93.75,26,35,deletion
Q99873-5,Q99873,0.780000224,76.81940701,13,253,substitution
Q13642-5,Q13642,0.713543485,71.09144543,3,323,substitution
O00154-5,O00154,0.91730062,87.10526316,2,58,substitution
Q8TB92-2,Q8TB92,0.878456757,91.89189189,37,66,deletion
Q9Y2T4-2,Q9Y2T4,0.961411362,93.85964912,3,23,substitution
Q08722-3,Q08722,0.938348077,93.80804954,304,323,substitution
Q9Y303-2,Q9Y303,0.957257009,93.16628702,,,insertion
P62070-2,P62070,0.743197587,62.25490196,2,78,deletion
O43759-2,O43759,0.843158278,72.53218884,162,233,substitution
Q9BYB4-2,Q9BYB4,0.770744457,64.22018349,211,327,substitution
O43820-4,O43820,0.528298473,32.85371703,2,328,substitution
A4QPB2-2,A4QPB2,0.91181417,86.9047619,220,252,substitution
P53365-2,P53365,0.789126492,67.32954545,2,105,substitution
P33316-2,P33316,0.71165828,63.49206349,2,93,substitution
Q92759-2,Q92759,0.669510122,47.4025974,2,462,substitution
Q9Y251-3,Q9Y251,0.863044433,86.37200737,329,402,deletion
P22307-8,P22307,0.777488259,95.61243144,44,67,deletion
Q15051-3,Q15051,0.719595666,48.19078947,293,598,substitution
O75602-4,O75602,0.592220543,53.04518664,97,335,deletion
Q9H477-2,Q9H477,0.863442544,82.46153846,266,322,substitution
P00973-2,P00973,0.924128118,84.46601942,347,400,substitution
Q99832-3,Q99832,0.934667415,91.89686924,2,45,deletion
Q9H310-2,Q9H310,0.928847493,85.33333333,2,63,substitution
Q92485-2,Q92485,0.830369308,72.88135593,336,455,substitution
P61326-2,P61326,0.818117825,74.65753425,50,86,deletion
Q7L5Y1-5,Q7L5Y1,0.909883001,79.96070727,3,306,substitution
Q6ZS86-2,Q6ZS86,0.726099154,52.24719101,273,529,substitution
Q7KYR7-6,Q7KYR7,0.579536513,62.23908918,328,527,substitution
Q9HDC9-2,Q9HDC9,0.718579094,68.50961538,283,416,substitution
Q9NZN4-2,Q9NZN4,0.861507541,74.95395948,2,137,deletion
O75469-2,O75469,0.74070468,87.32718894,2,56,deletion
Q9NXR8-3,Q9NXR8,0.513847195,21.29186603,90,418,substitution
Q15833-3,Q15833,0.954155977,98.17880795,,,insertion
Q11203-2,Q11203,0.89263724,95.8974359,40,40,substitution
P00973-4,P00973,0.932047736,84.84107579,347,400,substitution
Q658P3-3,Q658P3,0.920884889,99.79508197,353,353,deletion
O60256-4,O60256,0.803887703,76.69376694,2,87,deletion
Q8IUF8-2,Q8IUF8,0.720892494,57.20430108,263,465,substitution
O00182-2,O00182,0.901298393,90.98591549,149,180,deletion
Q9UJT1-2,Q9UJT1,0.899734019,87.85871965,258,312,deletion
Q9H227-2,Q9H227,0.527214389,34.54157783,96,402,deletion
Q9BT40-2,Q9BT40,0.88578015,83.03571429,2,77,deletion
Q9BWD1-2,Q9BWD1,0.957139634,89.71962617,2,19,substitution
Q11206-7,Q11206,0.935874692,95.1951952,2,34,substitution
A2RU49-2,A2RU49,0.671985674,43.43163539,160,373,substitution
P78556-2,P78556,0.878445612,98.95833333,27,27,deletion
P60174-3,P60174,0.932660095,87.06293706,,,insertion
P08559-4,P08559,0.915716518,91.12149533,,,insertion
Q06124-3,Q06124,0.880508038,77.40303541,460,592,deletion
Q9Y600-2,Q9Y600,0.784706384,70.18255578,43,189,deletion
O15392-6,O15392,0.728146342,52.11267606,74,142,substitution
Q16653-10,Q16653,0.703213855,59.4488189,146,247,substitution
O60243-2,O60243,0.728158397,57.90754258,2,175,substitution
Q99832-2,Q99832,0.766815303,62.0626151,3,206,deletion
Q8TE04-4,Q8TE04,0.770146332,61.96013289,2,235,substitution
Q9Y574-2,Q9Y574,0.866046573,77.46478873,328,426,substitution
Q9NXR8-2,Q9NXR8,0.511440057,21.53110048,90,418,substitution
Q5TC63-2,Q5TC63,0.802641202,64.72222222,2,336,substitution
Q6ZNC8-2,Q6ZNC8,0.809414527,68.08080808,2,158,substitution
P25800-2,P25800,0.953165639,98.71794872,2,6,substitution
Q9C035-6,Q9C035,0.402358122,51.31845842,249,493,substitution
P22570-7,P22570,0.916446146,92.72030651,27,34,substitution
Q8WTV0-2,Q8WTV0,0.923726287,84.97316637,468,552,substitution
P53609-2,P53609,0.858608258,79.57559682,205,281,deletion
Q9UI12-2,Q9UI12,0.969926708,96.27329193,176,193,deletion
Q9BUZ4-2,Q9BUZ4,0.582895159,42.12765957,158,429,deletion
O43820-2,O43820,0.922025048,92.8057554,299,328,deletion
Q02083-3,Q02083,0.707350199,54.87465181,198,359,substitution
Q7Z3S9-2,Q7Z3S9,0.882439649,90.29535865,212,236,substitution
Q8N6D5-3,Q8N6D5,0.879086191,89.03654485,242,274,deletion
Q9BV20-2,Q9BV20,0.903406205,81.84281843,125,200,substitution
P48426-2,P48426,0.915034189,85.4679803,2,60,deletion
Q8TD10-2,Q8TD10,0.415889298,59.04977376,2,182,deletion
O00743-3,O00743,0.940304832,89.18128655,,,insertion
Q6UWM5-2,Q6UWM5,0.867613679,95.8677686,204,213,substitution
Q9P126-2,Q9P126,0.852602919,85.15283843,22,55,substitution
Q9NVX2-2,Q9NVX2,0.655879096,39.79381443,3,294,deletion
Q96I15-2,Q96I15,0.791842674,69.12751678,308,445,substitution
Q5VTE6-2,Q5VTE6,0.796581358,68.93382353,2,170,deletion
Q9C029-4,Q9C029,0.617168365,61.25244618,2,206,substitution
Q6ZN54-4,Q6ZN54,0.778709856,76.3671875,2,122,deletion
Q9NPQ8-3,Q9NPQ8,0.95968947,98.88268156,,,insertion
Q9BY76-3,Q9BY76,0.746730018,58.86699507,2,168,deletion
P04798-2,P04798,0.620497688,36.71875,189,512,substitution
P49593-2,P49593,0.779372769,74.44933921,2,119,substitution
P17693-5,P17693,0.874484744,89.08554572,299,338,substitution
Q8NDH3-2,Q8NDH3,0.872161949,73.99617591,376,523,substitution
P54108-3,P54108,0.87592528,91.41791045,,,insertion
Q96FM1-3,Q96FM1,0.89865632,93.4375,145,165,deletion
P11172-4,P11172,0.547469637,42.70833333,2,424,substitution
P59998-3,P59998,0.931685653,89.30481283,,,insertion
Q1MX18-3,Q1MX18,0.735795313,52.73972603,4,319,substitution
Q71U36-2,Q71U36,0.929775116,92.23946785,2,36,deletion
O75436-2,O75436,0.864238025,74.31192661,244,327,substitution
P55345-7,P55345,0.696842647,63.97228637,278,433,deletion
Q6ZV70-2,Q6ZV70,0.941795746,86.04651163,368,420,substitution
Q9HD40-3,Q9HD40,0.907597003,92.32283465,2,38,substitution
Q13114-2,Q13114,0.384552252,85.38732394,191,273,deletion
O60260-4,O60260,0.642234978,58.92473118,2,192,deletion
O94766-2,O94766,0.796346166,89.9408284,304,335,substitution
P11117-2,P11117,0.544454145,36.0,151,423,substitution
Q14994-8,Q14994,0.944560458,98.59943978,,,insertion
Q96M95-2,Q96M95,0.486488879,76.58227848,165,238,deletion
Q6P4A7-3,Q6P4A7,0.817726446,65.57863501,2,117,deletion
P51606-2,P51606,0.747970913,54.77855478,230,427,substitution
Q99471-3,Q99471,0.632697409,70.77922078,25,69,deletion
P15882-3,P15882,0.937363878,94.33551198,184,209,deletion
A6H8Z2-2,A6H8Z2,0.648866362,38.55721393,2,247,deletion
Q96P11-5,Q96P11,0.918274572,91.14219114,74,111,deletion
O60825-2,O60825,0.867810538,90.0990099,451,505,substitution
Q9UI42-2,Q9UI42,0.744243348,92.16152019,96,128,deletion
P17693-2,P17693,0.488654573,72.4852071,115,207,substitution
Q9BZG8-2,Q9BZG8,0.804695942,81.94130926,2,76,deletion
P48728-3,P48728,0.866314722,89.08188586,114,157,deletion
Q969X2-2,Q969X2,0.80632962,89.78978979,2,35,deletion
O75897-2,O75897,0.831468282,75.16556291,99,173,deletion
Q96PM5-3,Q96PM5,0.79413802,68.58237548,180,261,deletion
P17812-2,P17812,0.755482065,60.91370558,2,232,deletion
Q71UI9-5,Q71UI9,0.601590726,51.5625,67,128,deletion
Q7L5D6-2,Q7L5D6,0.869624167,83.79204893,2,54,deletion
Q5TC63-3,Q5TC63,0.940152073,86.38888889,308,336,substitution
Q6TCH7-3,Q6TCH7,0.843325292,85.20900322,265,311,substitution
Q9Y5Z0-4,Q9Y5Z0,0.865482046,84.74903475,2,80,deletion
Q9NZL9-3,Q9NZL9,0.764171578,70.84548105,241,334,substitution
Q15007-2,Q15007,0.484782586,37.87878788,151,396,substitution
O43293-2,O43293,0.834477924,69.16299559,313,454,substitution
P46597-3,P46597,0.94508363,92.49329759,,,insertion
O00458-2,O00458,0.92408625,88.9135255,2,51,deletion
Q6P587-3,Q6P587,0.945004757,86.29032258,210,221,substitution
P07288-3,P07288,0.831474965,83.14176245,69,112,substitution
Q9Y664-2,Q9Y664,0.70643146,44.95412844,2,241,deletion
P68363-2,P68363,0.84558175,74.27937916,110,225,deletion
P55345-3,P55345,0.721456478,76.44341801,219,320,deletion
P22694-2,P22694,0.929404196,85.42713568,2,16,substitution
Q969Z3-2,Q969Z3,0.712799112,73.60703812,251,335,substitution
P28039-2,P28039,0.893028409,94.43478261,43,74,deletion
Q9H974-2,Q9H974,0.767484173,70.36144578,2,124,deletion
Q9UIR0-4,Q9UIR0,0.676878775,53.84615385,28,482,substitution
O14796-2,O14796,0.724791606,58.33333333,67,121,deletion
Q15392-2,Q15392,0.915845381,82.80373832,2,76,substitution
O43734-4,O43734,0.54794483,18.98954704,2,466,deletion
Q14240-2,Q14240,0.952099629,99.75490196,,,insertion
Q8TE99-2,Q8TE99,0.914183704,94.375,2,27,substitution
P54619-2,P54619,0.935451625,90.33232628,2,33,deletion
Q7Z7A4-2,Q7Z7A4,0.89691656,88.23529412,510,578,substitution
Q00888-2,Q00888,0.605027315,77.56563246,237,330,substitution
P33763-2,P33763,0.91509451,83.63636364,,,insertion
Q8IZD6-2,Q8IZD6,0.708818214,44.42413163,244,547,substitution
Q8WTV0-4,Q8WTV0,0.866525652,77.81753131,2,552,substitution
Q1ZYL8-4,Q1ZYL8,0.807295486,68.10344828,159,232,deletion
Q86YJ6-2,Q86YJ6,0.864889621,75.05070994,360,484,substitution
Q86WQ0-2,Q86WQ0,0.907309631,82.63473054,139,139,substitution
P49802-2,P49802,0.948682203,92.12121212,454,495,substitution
Q9Y221-2,Q9Y221,0.844085647,73.88888889,95,141,deletion
O95249-2,O95249,0.478474084,74.0,2,66,deletion
Q9Y251-2,Q9Y251,0.905318571,89.13443831,167,225,substitution
P49903-2,P49903,0.884740464,81.8877551,251,321,deletion
Q9NUZ1-4,Q9NUZ1,0.841467534,84.42622951,354,547,substitution
Q96DC7-2,Q96DC7,0.897913053,98.79759519,,,insertion
Q9NVV5-3,Q9NVV5,0.851942662,78.1512605,48,99,deletion
Q8WTV0-5,Q8WTV0,0.943856476,85.48387097,468,552,substitution
P61599-2,P61599,0.736504939,58.42696629,103,178,substitution
P01112-2,P01112,0.839955513,80.41237113,152,189,substitution
Q5W5X9-3,Q5W5X9,0.865693133,85.14412417,382,447,substitution
Q9H5U6-2,Q9H5U6,0.659758071,44.63937622,230,513,deletion
P36404-2,P36404,0.870501495,85.32608696,114,140,deletion
Q3SXZ7-2,Q3SXZ7,0.810147602,68.79120879,2,439,substitution
Q13404-7,Q13404,0.891391688,82.35294118,2,7,substitution
Q8IUX1-5,Q8IUX1,0.879893302,86.95652174,2,31,deletion
Q969W1-2,Q969W1,0.906897716,95.75596817,231,246,deletion
P40933-2,P40933,0.782786659,75.5952381,2,37,substitution
Q16774-2,Q16774,0.94849099,90.36697248,,,insertion
Q8TBG4-3,Q8TBG4,0.846364194,88.17635271,2,59,deletion
P51948-2,P51948,0.658302513,86.40776699,188,229,deletion
P35030-2,P35030,0.869858209,85.19736842,2,45,deletion
Q07812-7,Q07812,0.949119615,90.10416667,2,20,deletion
Q8IW45-4,Q8IW45,0.814342195,62.53521127,2,129,substitution
Q8N336-2,Q8N336,0.735750084,56.88622754,2,215,substitution
Q9Y3A2-2,Q9Y3A2,0.652734314,57.31225296,146,253,substitution
P62166-2,P62166,0.935946694,88.42105263,2,22,substitution
Q9NXK8-2,Q9NXK8,0.902704885,83.74233129,2,54,deletion
Q9Y305-2,Q9Y305,0.951762575,92.25512528,5,39,substitution
Q9BYT1-3,Q9BYT1,0.696473959,48.16513761,210,436,substitution
Q9NYY1-2,Q9NYY1,0.666230894,85.79545455,127,151,deletion
Q53H96-2,Q53H96,0.907973718,92.70072993,113,132,deletion
Q13510-2,Q13510,0.921823525,90.55690073,2,26,substitution
Q9Y2G5-2,Q9Y2G5,0.855778649,88.11188811,379,429,substitution
Q13303-3,Q13303,0.861755307,76.83486239,2,166,substitution
P55212-2,P55212,0.722577222,69.62457338,14,102,deletion
Q9H1K1-2,Q9H1K1,0.860504463,77.84431138,2,38,substitution
P49758-16,P49758,0.907924816,96.8220339,457,472,substitution
O00748-2,O00748,0.946933828,96.9588551,458,474,substitution
Q9NP91-2,Q9NP91,0.956067546,93.75,195,231,deletion
Q6P1Q0-5,Q6P1Q0,0.590353803,27.77777778,2,261,deletion
Q9UDW1-2,Q9UDW1,0.874547328,72.85714286,51,63,substitution
Q9Y5Z0-5,Q9Y5Z0,0.847154431,81.66023166,2,96,deletion
Q969K4-2,Q969K4,0.823779261,70.29288703,2,143,deletion
P62136-3,P62136,0.847191939,86.66666667,19,62,deletion
P45880-1,P45880,0.967244984,90.44585987,2,11,substitution
Q8NBZ7-2,Q8NBZ7,0.880475934,98.82352941,,,insertion
Q96JD6-5,Q96JD6,0.719894229,69.375,154,251,deletion
P61204-2,P61204,0.610513282,79.55801105,51,87,deletion
Q9NWM0-2,Q9NWM0,0.891750715,90.45045045,283,335,deletion
Q96LZ7-3,Q96LZ7,0.686225255,48.06763285,2,410,substitution
Q8N149-3,Q8N149,0.886894928,87.57763975,13,483,substitution
P23280-3,P23280,0.807949773,80.51948052,27,86,deletion
Q96PS8-2,Q96PS8,0.84435656,78.75816993,236,300,substitution
Q53GQ0-2,Q53GQ0,0.434869368,30.12820513,95,312,substitution
Q8WV74-2,Q8WV74,0.770925374,57.62711864,137,236,substitution
P47804-2,P47804,0.973607697,98.6440678,,,insertion
Q3SXM5-2,Q3SXM5,0.875284191,83.33333333,106,160,deletion
Q71UI9-2,Q71UI9,0.888932237,85.15625,109,128,substitution
O95498-3,O95498,0.611019874,35.12476008,180,520,substitution
P14373-2,P14373,0.663623765,69.20077973,354,513,substitution
P24462-2,P24462,0.958347496,93.27102804,500,503,substitution
Q13362-3,Q13362,0.873753328,92.55725191,443,481,deletion
Q9Y286-4,Q9Y286,0.556038977,30.83511777,145,467,substitution
Q9NPI0-2,Q9NPI0,0.796098632,62.34567901,101,162,substitution
O75419-3,O75419,0.943847348,94.64882943,,,insertion
Q8N5D6-3,Q8N5D6,0.871530803,94.81268012,46,63,substitution
Q9H974-4,Q9H974,0.929443614,97.18969555,,,insertion
P08397-4,P08397,0.87720479,84.21052632,2,257,substitution
Q9UGJ0-2,Q9UGJ0,0.779672923,57.64499121,2,242,deletion
P08962-2,P08962,0.830078117,90.33613445,23,45,deletion
Q30201-8,Q30201,0.809077296,79.02298851,275,348,substitution
Q6ZWL3-2,Q6ZWL3,0.888091416,95.80952381,42,63,deletion
Q6X784-2,Q6X784,0.943864814,93.49112426,18,39,deletion
Q9UJ70-2,Q9UJ70,0.932535918,88.20512821,,,insertion
Q9UMR7-4,Q9UMR7,0.71689482,69.62025316,28,99,deletion
A6NC86-4,A6NC86,0.712404798,56.8627451,2,89,deletion
O15519-4,O15519,0.663844595,48.95833333,2,246,deletion
Q5T215-2,Q5T215,0.690649749,53.59116022,2,85,deletion
Q6EIG7-2,Q6EIG7,0.818915076,85.64593301,11,40,deletion
Q75NE6-2,Q75NE6,0.248686579,26.02739726,14,70,substitution
Q1MX18-2,Q1MX18,0.893641549,91.88255613,2,48,deletion
Q9NPH2-3,Q9NPH2,0.815631439,90.32258065,41,94,deletion
Q9NZS2-2,Q9NZS2,0.59714349,78.35497835,63,112,deletion
P35520-2,P35520,0.681299949,97.34513274,518,518,substitution
Q9HCM9-2,Q9HCM9,0.515991916,94.20849421,269,298,deletion
Q53H76-2,Q53H76,0.829572101,81.79824561,374,456,substitution
Q08722-4,Q08722,0.965777098,96.28482972,312,323,deletion
Q86Y37-4,Q86Y37,0.698511268,66.66666667,2,124,deletion
Q9NZD8-2,Q9NZD8,0.946045864,91.23376623,76,102,deletion
P42679-3,P42679,0.861369053,91.91321499,2,42,deletion
O00481-4,O00481,0.422952178,89.86354776,145,196,deletion
P61224-4,P61224,0.842184249,77.17391304,20,61,deletion
Q969S2-4,Q969S2,0.761903865,65.06024096,48,163,deletion
Q5FYB1-2,Q5FYB1,0.795079648,74.86818981,2,144,deletion
Q9UHH9-3,Q9UHH9,0.446432684,16.1971831,70,426,substitution
O43570-2,O43570,0.774143036,96.89265537,292,302,deletion
Q9NXS3-2,Q9NXS3,0.728352398,52.53940455,301,571,deletion
Q7Z692-2,Q7Z692,0.630144425,47.0,142,300,substitution
O76083-11,O76083,0.692073678,77.06576728,2,165,substitution
Q96E66-2,Q96E66,0.80314068,71.56862745,147,192,substitution
Q9NRS4-4,Q9NRS4,0.947857068,90.38901602,2,53,substitution
Q9Y5L3-3,Q9Y5L3,0.800989674,90.70707071,383,428,deletion
P13688-11,P13688,0.717207071,68.63117871,320,525,substitution
Q9Y286-3,Q9Y286,0.554575025,30.83511777,145,467,substitution
Q7L5Y6-2,Q7L5Y6,0.987148477,98.03921569,,,insertion
Q96F44-3,Q96F44,0.701995308,99.78632479,169,169,deletion
P54315-3,P54315,0.5271233,23.55460385,111,467,substitution
Q9UM21-2,Q9UM21,0.543028545,71.68784029,2,535,substitution
Q15185-4,Q15185,0.759792388,86.875,126,146,deletion
Q8N5X7-2,Q8N5X7,0.71641078,52.67857143,2,107,deletion
P04217-2,P04217,0.822435051,75.35353535,2,123,deletion
Q92990-2,Q92990,0.83748233,68.34170854,406,594,substitution
Q7Z434-5,Q7Z434,0.502416709,19.59334566,98,540,substitution
P54819-6,P54819,0.690878827,79.91631799,2,49,deletion
Q9BWS9-2,Q9BWS9,0.905325553,94.01913876,,,insertion
P17693-4,P17693,0.66764619,72.78106509,207,298,deletion
Q3ZCQ8-3,Q3ZCQ8,0.821516872,64.87252125,2,124,substitution
O15379-2,O15379,0.93584308,95.62211982,2,15,substitution
Q8WVV5-2,Q8WVV5,0.566413191,62.85714286,327,523,substitution
Q6ICL3-3,Q6ICL3,0.966787191,86.25429553,2,194,substitution
Q16548-2,Q16548,0.889756784,79.00552486,141,175,substitution
P48059-4,P48059,0.520265065,98.78419453,,,insertion
Q658P3-2,Q658P3,0.911162296,97.99196787,,,insertion
Q9BYW1-3,Q9BYW1,0.971632944,98.59719439,2,7,substitution
Q86U10-3,Q86U10,0.671512048,98.96373057,,,insertion
Q8WUF8-3,Q8WUF8,0.929331021,88.94230769,2,47,deletion
A6NFU8-2,A6NFU8,0.742410201,72.44897959,2,55,deletion
Q8N0Z8-2,Q8N0Z8,0.631095956,46.86468647,2,162,deletion
Q9Y2I2-2,Q9Y2I2,0.803045225,67.16141002,363,539,substitution
Q9NZA1-3,Q9NZA1,0.709498434,44.12470024,2,410,substitution
P61224-3,P61224,0.865291738,89.67391304,43,61,deletion
P46736-2,P46736,0.935366071,92.08860759,184,208,deletion
Q7Z2E3-3,Q7Z2E3,0.592801727,79.7752809,104,175,deletion
Q5W0U4-2,Q5W0U4,0.670249412,46.0591133,187,401,substitution
O43854-2,O43854,0.840308584,97.91666667,66,75,deletion
Q8N490-3,Q8N490,0.837203911,78.90818859,3,79,substitution
Q96BI3-3,Q96BI3,0.758443177,70.56603774,39,120,substitution
Q9H2A2-3,Q9H2A2,0.650088152,30.42596349,148,487,substitution
Q641Q3-2,Q641Q3,0.80040495,73.63344051,2,83,deletion
Q9Y6P5-2,Q9Y6P5,0.888100369,83.63309353,2,34,substitution
Q86SQ9-4,Q86SQ9,0.916894911,89.48948949,147,181,substitution
O43929-3,O43929,0.87679212,83.02752294,2,75,deletion
Q16653-3,Q16653,0.799206527,86.23481781,198,236,substitution
P22570-6,P22570,0.8894696,91.46341463,60,131,substitution
Q01344-4,Q01344,0.886579619,87.85714286,365,420,substitution
Q8TD07-4,Q8TD07,0.843136821,78.70722433,208,263,substitution
P46926-2,P46926,0.71483507,73.35640138,71,147,deletion
Q13296-2,Q13296,0.772468293,96.77419355,79,81,deletion
A6NK59-3,A6NK59,0.905151786,98.80952381,60,245,substitution
Q99747-2,Q99747,0.723546315,73.71794872,2,83,deletion
Q13231-3,Q13231,0.751464281,93.77682403,344,372,deletion
Q86UV6-2,Q86UV6,0.896343559,99.6,243,243,deletion
P40926-2,P40926,0.480097843,87.5739645,144,185,deletion
Q7Z4G4-2,Q7Z4G4,0.965970027,98.92008639,416,420,deletion
Q16653-7,Q16653,0.753523713,82.67716535,198,247,substitution
O95954-2,O95954,0.934778583,90.08695652,514,541,substitution
Q9P0N5-2,Q9P0N5,0.749672258,55.40540541,3,143,substitution
Q8TDQ0-2,Q8TDQ0,0.658376259,44.18604651,132,301,substitution
P15692-10,P15692,0.620632479,57.32758621,2,387,substitution
Q8TAC2-2,Q8TAC2,0.673343744,77.65957447,50,91,deletion
P50579-2,P50579,0.816742031,94.9790795,51,109,substitution
Q9H974-3,Q9H974,0.792241331,73.4939759,2,111,substitution
Q9BTE6-2,Q9BTE6,0.862629322,76.57142857,2,13,substitution
Q8N136-2,Q8N136,0.906400773,77.44186047,325,415,substitution
P59998-4,P59998,0.627657215,46.42857143,2,91,deletion
Q8N6M5-2,Q8N6M5,0.608174462,41.43222506,2,230,deletion
Q9BZY9-2,Q9BZY9,0.524401534,59.05882353,249,425,substitution
Q9NR31-2,Q9NR31,0.775818993,78.28282828,2,44,deletion
Q4JDL3-4,Q4JDL3,0.849710105,80.71428571,2,82,deletion
Q9NV96-2,Q9NV96,0.837270097,90.02770083,80,115,deletion
Q9UKC9-2,Q9UKC9,0.814272812,83.92434988,135,202,deletion
Q92989-2,Q92989,0.887850788,84.94117647,139,202,deletion
Q9UQ72-2,Q9UQ72,0.758093023,63.28358209,22,144,substitution
Q53G44-2,Q53G44,0.666799236,35.39823009,161,452,substitution
Q15223-3,Q15223,0.75325769,65.37717602,335,517,substitution
Q96LB4-4,Q96LB4,0.666856773,94.35483871,28,28,substitution
P61923-3,P61923,0.881810567,87.00564972,7,29,deletion
Q9NQL2-2,Q9NQL2,0.784708158,62.25,2,152,deletion
Q9P1W8-2,Q9P1W8,0.927753528,91.47286822,2,34,deletion
Q9UHB4-3,Q9UHB4,0.794222047,85.0921273,138,597,substitution
Q9UQ74-2,Q9UQ74,0.795839158,68.54460094,22,426,substitution
Q99572-3,Q99572,0.504213645,20.33613445,122,595,substitution
Q9P0N9-2,Q9P0N9,0.870155511,90.78498294,38,64,deletion
Q969X5-2,Q969X5,0.723903571,68.27586207,2,93,deletion
O43837-2,O43837,0.878710513,96.36363636,361,385,substitution
Q9BXI9-3,Q9BXI9,0.703020201,48.56115108,2,147,substitution
Q9BYJ4-2,Q9BYJ4,0.626027519,52.52525253,259,488,substitution
Q13404-6,Q13404,0.744768768,63.94557823,2,57,substitution
O00587-2,O00587,0.936286652,94.70404984,86,102,substitution
Q16537-2,Q16537,0.922511653,98.71520343,430,435,substitution
Q9ULW5-2,Q9ULW5,0.860837333,74.21875,2,67,deletion
Q6P2H8-2,Q6P2H8,0.824612486,73.64620939,2,74,deletion
P14618-3,P14618,0.895781948,80.91872792,3,82,substitution
Q9NVQ4-3,Q9NVQ4,0.903987349,89.05472637,,,insertion
P05026-2,P05026,0.984043116,98.67986799,300,303,substitution
Q8N755-2,Q8N755,0.698367308,93.06930693,159,172,deletion
P10635-2,P10635,0.701148439,89.73843058,119,169,deletion
Q86XA0-2,Q86XA0,0.782961375,64.73684211,2,68,deletion
A5PLN9-2,A5PLN9,0.863574142,98.56115108,183,188,deletion
Q8TD07-3,Q8TD07,0.828748443,78.70722433,208,263,substitution
Q96T53-2,Q96T53,0.858515605,74.02298851,2,114,substitution
Q7L1Q6-2,Q7L1Q6,0.815375492,84.24821002,288,353,deletion
Q8TDB8-4,Q8TDB8,0.791223417,78.26923077,2,113,substitution
Q8TCA0-3,Q8TCA0,0.628409677,69.56521739,78,133,deletion
Q6ZN68-2,Q6ZN68,0.76713042,70.70707071,2,376,substitution
Q9H2P9-5,Q9H2P9,0.96933199,94.94949495,134,137,substitution
O76083-6,O76083,0.65413334,82.6306914,2,147,substitution
Q8WTR2-2,Q8WTR2,0.565273775,76.49769585,92,142,deletion
P35030-4,P35030,0.843994114,77.66990291,2,71,substitution
Q9NYR9-2,Q9NYR9,0.953340543,98.95287958,33,34,deletion
Q9H6L2-3,Q9H6L2,0.764439421,63.29113924,2,117,deletion
P62993-2,P62993,0.398127278,81.10599078,60,100,deletion
P28289-2,P28289,0.738709454,62.95264624,3,133,substitution
P46736-3,P46736,0.920328835,91.79810726,47,208,substitution
Q96DT0-7,Q96DT0,0.929203192,99.70326409,,,insertion
Q8TDW4-4,Q8TDW4,0.705771973,68.17391304,2,184,deletion
O00204-2,O00204,0.856212105,91.93548387,2,23,substitution
Q8NBT0-2,Q8NBT0,0.833796124,88.20638821,328,375,deletion
Q8N9B4-2,Q8N9B4,0.635435972,40.04796163,47,389,substitution
O95864-2,O95864,0.897150497,83.99122807,2,69,substitution
Q11206-3,Q11206,0.950453658,96.6966967,2,12,deletion
Q9H2R5-2,Q9H2R5,0.598250276,47.265625,122,256,deletion
P49758-5,P49758,0.913298624,96.21848739,457,472,substitution
O60909-2,O60909,0.832584777,71.77419355,2,119,substitution
Q9Y484-2,Q9Y484,0.960825547,97.03504043,,,insertion
P20151-3,P20151,0.667310167,62.83524904,165,261,deletion
Q96MV8-3,Q96MV8,0.970282822,97.32937685,47,55,deletion
Q92685-2,Q92685,0.902608085,81.93832599,2,66,substitution
P57054-2,P57054,0.654622929,84.81012658,3,26,deletion
Q8NE22-2,Q8NE22,0.919999744,90.30100334,271,299,substitution
Q9H488-2,Q9H488,0.723584315,47.16494845,182,388,substitution
P07108-2,P07108,0.907177872,80.76923077,2,3,substitution
Q8TE04-3,Q8TE04,0.741109994,51.17056856,2,495,substitution
P08686-2,P08686,0.949773904,93.53535354,69,98,deletion
O76083-3,O76083,0.676242894,77.90893761,2,147,substitution
O15229-2,O15229,0.940051602,97.32510288,367,379,deletion
Q8N9V3-2,Q8N9V3,0.526206153,80.67226891,226,317,deletion
Q9NZH8-2,Q9NZH8,0.799672607,78.69822485,19,54,substitution
Q9P1U1-3,Q9P1U1,0.813329379,83.25358852,318,387,deletion
Q9BTZ2-8,Q9BTZ2,0.850631157,81.29496403,2,136,substitution
Q15046-2,Q15046,0.941519003,93.29073482,2,21,substitution
A1XBS5-4,A1XBS5,0.815368487,71.65605096,220,289,substitution
O15519-13,O15519,0.626359261,42.08333333,203,480,deletion
P13688-8,P13688,0.841505289,87.07224335,459,525,substitution
Q7L5Y1-4,Q7L5Y1,0.941417164,83.91752577,3,306,substitution
P49758-8,P49758,0.907464468,96.62447257,457,472,substitution
Q6TCH4-5,Q6TCH4,0.955082909,99.12790698,16,18,deletion
Q7L9L4-2,Q7L9L4,0.952586399,94.64285714,2,5,substitution
Q96IZ2-3,Q96IZ2,0.927285664,86.2745098,220,230,substitution
O94810-3,O94810,0.927253793,95.50321199,2,22,deletion
Q96DA6-2,Q96DA6,0.711537693,78.44827586,2,26,deletion
Q6XZB0-3,Q6XZB0,0.947536849,98.47826087,330,336,substitution
P12694-2,P12694,0.913427612,90.0,20,331,substitution
Q6DHV7-2,Q6DHV7,0.833572238,72.3943662,258,355,substitution
Q8WW52-2,Q8WW52,0.635402815,68.03418803,307,493,deletion
P62068-2,P62068,0.789307536,59.83606557,2,366,substitution
O95816-2,O95816,0.732249852,81.99052133,2,38,substitution
Q8NBN7-2,Q8NBN7,0.850290012,78.54984894,2,72,deletion
Q8N7P1-4,Q8N7P1,0.902960998,88.24626866,2,63,deletion
Q5W5X9-2,Q5W5X9,0.862310473,85.68232662,382,446,substitution
Q9BYT1-2,Q9BYT1,0.967434299,96.55963303,2,19,substitution
P48643-2,P48643,0.904045874,82.80961183,3,110,substitution
Q99832-4,Q99832,0.88379759,83.60957643,3,89,deletion
Q5TCH4-2,Q5TCH4,0.814692304,68.40077071,356,519,deletion
Q9GZZ9-2,Q9GZZ9,0.833580094,86.13861386,3,58,deletion
Q9Y2U9-2,Q9Y2U9,0.718938816,58.29268293,239,406,substitution
Q8N4F4-3,Q8N4F4,0.98376283,99.63768116,533,534,substitution
Q86TN4-2,Q86TN4,0.824090522,80.63241107,2,50,deletion
O14717-3,O14717,0.909595014,88.23529412,85,130,deletion
Q13868-3,Q13868,0.877884332,89.76109215,91,120,deletion
P29466-4,P29466,0.714642585,65.0990099,20,335,substitution
O76095-2,O76095,0.735913184,76.02739726,2,38,substitution
Q06330-5,Q06330,0.903126395,93.0,2,36,deletion
Q99963-2,Q99963,0.680219916,80.11527378,2,70,deletion
P58872-2,P58872,0.841089083,75.74257426,2,99,deletion
P04053-2,P04053,0.877807751,99.80353635,454,454,deletion
Q8N3J6-4,Q8N3J6,0.592047109,65.97701149,2,354,substitution
Q96MI6-1,Q96MI6,0.764926,53.48837209,2,459,substitution
Q9HAC7-3,Q9HAC7,0.952083547,94.47983015,,,insertion
O43852-12,O43852,0.331825259,23.49206349,75,315,deletion
Q12933-3,Q12933,0.914619047,97.80439122,53,63,deletion
Q00532-3,Q00532,0.857269682,74.65181058,267,357,substitution
Q9NRS4-3,Q9NRS4,0.979269539,99.31350114,2,3,deletion
Q6P1Q0-2,Q6P1Q0,0.915703838,84.44444444,2,57,deletion
Q5VW32-2,Q5VW32,0.930701758,92.21411192,103,134,deletion
O00481-2,O00481,0.619981881,66.47173489,340,513,substitution
P36952-2,P36952,0.761885689,48.62155388,190,375,substitution
Q0D2J5-3,Q0D2J5,0.753940135,69.03553299,2,123,deletion
Q9H2V7-4,Q9H2V7,0.922512765,86.17424242,2,74,deletion
P50440-3,P50440,0.836422696,91.4893617,388,423,substitution
Q9UHJ9-3,Q9UHJ9,0.948374843,98.42519685,172,175,deletion
Q86YB7-2,Q86YB7,0.882161628,89.38356164,123,153,deletion
P50990-3,P50990,0.916251653,85.94890511,2,77,substitution
Q9BXW7-2,Q9BXW7,0.945578754,89.92974239,2,41,substitution
P27216-2,P27216,0.931953604,88.51540616,,,insertion
P24941-2,P24941,0.916647473,88.59060403,164,197,deletion
Q6SA08-3,Q6SA08,0.877341792,76.82926829,2,77,deletion
Q9BXM9-3,Q9BXM9,0.464414707,21.46892655,6,530,substitution
Q8N5Y8-3,Q8N5Y8,0.871886035,99.69040248,,,insertion
Q9P055-3,Q9P055,0.975747007,97.74919614,3,8,deletion
Q8IYS5-6,Q8IYS5,0.760510101,73.28767123,13,282,substitution
Q63ZY6-5,Q63ZY6,0.876368494,77.77777778,246,315,deletion
O15269-2,O15269,0.297726611,30.02114165,143,473,substitution
O95965-3,O95965,0.725239797,78.94736842,2,105,substitution
P63208-2,P63208,0.966437224,95.09202454,154,163,substitution
Q8IVS8-3,Q8IVS8,0.858991132,87.38049713,120,185,deletion
O43586-2,O43586,0.831784729,93.50961538,280,309,substitution
Q9Y5Z4-2,Q9Y5Z4,0.882319483,89.26829268,12,33,substitution
Q9H2P9-4,Q9H2P9,0.961241055,92.63157895,117,141,substitution
P24557-4,P24557,0.90194679,85.36585366,456,533,substitution
P42575-3,P42575,0.532648303,19.69026549,4,452,substitution
O14931-3,O14931,0.779946109,83.08457711,166,201,substitution
Q8N149-2,Q8N149,0.88168559,96.27329193,419,436,substitution
Q96BW9-2,Q96BW9,0.834391863,64.42516269,294,452,substitution
P55263-3,P55263,0.899096213,84.25414365,186,242,deletion
Q6NUN0-2,Q6NUN0,0.531036557,35.92400691,209,579,deletion
Q96FC7-2,Q96FC7,0.889647895,90.50131926,2,36,substitution
P62136-2,P62136,0.957954967,96.77419355,,,insertion
O43929-2,O43929,0.852694896,80.73394495,2,85,deletion
P05121-2,P05121,0.931195588,96.26865672,33,47,deletion
O95498-4,O95498,0.607581872,35.19230769,180,520,substitution
P10321-2,P10321,0.839162128,88.25136612,153,338,substitution
P61923-4,P61923,0.959447008,92.97297297,2,6,substitution
P63000-2,P63000,0.940168245,90.99526066,,,insertion
Q5VTY9-7,Q5VTY9,0.941104837,90.85603113,2,30,substitution
Q8N149-4,Q8N149,0.899470503,90.0621118,436,483,substitution
Q99447-4,Q99447,0.943392297,91.77377892,2,33,deletion
P78539-5,P78539,0.849696217,95.68965517,33,52,deletion
P56180-4,P56180,0.803986609,74.95462795,2,139,deletion
P49802-3,P49802,0.953090886,96.36363636,454,471,deletion
Q495M3-2,Q495M3,0.755370745,59.00621118,2,199,deletion
P20718-3,P20718,0.575782576,46.74796748,69,199,deletion
Q30201-2,Q30201,0.705378311,74.42528736,26,114,substitution
O95925-2,O95925,0.832850133,78.94736842,2,31,substitution
Q30201-6,Q30201,0.632411638,47.98850575,26,206,substitution
Q8NEB5-4,Q8NEB5,0.771219125,57.93357934,155,264,substitution
P30039-2,P30039,0.926073775,81.46964856,252,288,substitution
Q9H3H1-2,Q9H3H1,0.802714612,69.80728051,2,142,deletion
O60671-2,O60671,0.903551317,87.23404255,67,102,deletion
Q95460-4,Q95460,0.700475683,60.70381232,202,341,substitution
Q13241-3,Q13241,0.790381094,81.00558659,3,34,substitution
P36542-2,P36542,0.985644096,99.66442953,298,298,deletion
Q9Y3A3-3,Q9Y3A3,0.89275252,90.66666667,21,41,deletion
Q16539-5,Q16539,0.82539296,70.55555556,255,359,substitution
Q9P0N9-4,Q9P0N9,0.830124129,84.3003413,128,173,deletion
Q6XZB0-5,Q6XZB0,0.943240267,93.47826087,216,245,deletion
Q9NXA8-2,Q9NXA8,0.941356419,89.65517241,286,310,substitution
A6NM10-2,A6NM10,0.841727342,96.09120521,,,insertion
Q96PC3-2,Q96PC3,0.932026432,85.20710059,144,154,substitution
P30626-2,P30626,0.919435015,91.41414141,2,17,substitution
Q9H2P9-2,Q9H2P9,0.551478468,81.40350877,85,137,substitution
Q13231-4,Q13231,0.771348546,95.92274678,87,105,deletion
Q96A37-2,Q96A37,0.569933655,54.00843882,2,110,deletion
P52564-2,P52564,0.901623092,83.23353293,2,57,deletion
O75636-2,O75636,0.734074755,96.32107023,79,89,deletion
Q4G1C9-6,Q4G1C9,0.69975072,78.19767442,2,78,substitution
Q9NS23-3,Q9NS23,0.613661981,54.94186047,3,157,deletion
Q3KQV9-2,Q3KQV9,0.857779454,70.86614173,2,165,substitution
Q96Q80-5,Q96Q80,0.934434578,87.23404255,206,235,deletion
Q16875-2,Q16875,0.902392769,97.30769231,506,520,substitution
P36575-2,P36575,0.954003572,92.26804124,359,388,substitution
O15091-3,O15091,0.628291218,36.19210978,2,373,deletion
Q9NR22-2,Q9NR22,0.846956905,92.7680798,2,25,substitution
P19012-2,P19012,0.444724998,48.71794872,3,456,substitution
P35232-2,P35232,0.733253564,56.98529412,142,258,deletion
Q9BYW1-4,Q9BYW1,0.968104522,97.42063492,2,7,substitution
O75888-5,O75888,0.612590475,82.0,2,113,substitution
Q8N2U9-2,Q8N2U9,0.933329714,93.35793358,113,130,deletion
Q9BUB7-2,Q9BUB7,0.770755083,61.92307692,2,100,deletion
P15586-2,P15586,0.88294334,96.37681159,65,84,deletion
Q9BXK5-2,Q9BXK5,0.694312429,41.2371134,201,485,substitution
Q9H6F5-2,Q9H6F5,0.491460176,28.88888889,2,257,deletion
Q9NPH5-8,Q9NPH5,0.953370155,95.84775087,2,25,deletion
Q96AH0-3,Q96AH0,0.631491387,49.76303318,101,204,substitution
Q7L1Q6-3,Q7L1Q6,0.919486564,92.90465632,,,insertion
Q8N8Q3-2,Q8N8Q3,0.862923443,84.04255319,78,122,deletion
Q9UKB1-3,Q9UKB1,0.907570801,92.77978339,16,48,substitution
Q14168-5,Q14168,0.698993103,71.70138889,2,164,deletion
P78356-2,P78356,0.742416644,64.52380952,270,416,substitution
O75344-3,O75344,0.749854551,90.82568807,59,88,deletion
P52757-4,P52757,0.600460714,54.7008547,2,217,substitution
Q13702-2,Q13702,0.695464654,85.67961165,264,322,deletion
Q8N584-2,Q8N584,0.908833261,89.53687822,2,62,deletion
P48167-2,P48167,0.734695575,60.76458753,303,497,substitution
Q5H9S7-2,Q5H9S7,0.678542087,46.15384615,2,281,deletion
P41214-2,P41214,0.435375418,78.76712329,177,300,deletion
Q8IXY8-2,Q8IXY8,0.940984309,92.28486647,,,insertion
Q92496-2,Q92496,0.637980999,99.82698962,20,20,deletion
Q8N7P1-2,Q8N7P1,0.856958248,79.18968692,2,108,substitution
Q6UXH1-4,Q6UXH1,0.720563521,92.06798867,230,257,deletion
Q9GZS9-2,Q9GZS9,0.940680354,94.98806683,2,16,substitution
P21128-3,P21128,0.790728479,84.3902439,19,82,substitution
Q8IXH7-4,Q8IXH7,0.937557514,98.47457627,2,10,deletion
O14717-2,O14717,0.929550136,93.86189258,85,108,deletion
P22304-3,P22304,0.724804577,52.21238938,294,550,substitution
Q9BYV1-2,Q9BYV1,0.835150755,85.40856031,323,397,deletion
Q8IYS5-2,Q8IYS5,0.72933866,77.39726027,219,282,substitution
Q9HD33-2,Q9HD33,0.829518515,92.0,34,53,deletion
Q9H7X0-3,Q9H7X0,0.706696059,73.14049587,2,66,deletion
P13688-10,P13688,0.813897497,87.64258555,460,526,substitution
P49771-2,P49771,0.739881603,70.21276596,161,235,substitution
Q9UH17-3,Q9UH17,0.596976953,93.45549738,242,266,deletion
C9JRZ8-2,C9JRZ8,0.908373006,85.14285714,2,22,substitution
O76083-2,O76083,0.633235857,89.88195616,88,147,deletion
O15245-4,O15245,0.784752676,63.71841155,354,554,deletion
Q9UQB9-3,Q9UQB9,0.934276965,93.52750809,2,20,deletion
Q6ISS4-2,Q6ISS4,0.73783371,88.81578947,122,138,deletion
Q6P4F1-5,Q6P4F1,0.782843716,83.91752577,405,479,substitution
Q8TB61-5,Q8TB61,0.817262037,69.21296296,2,134,deletion
Q9Y639-5,Q9Y639,0.851691659,98.99497487,372,375,deletion
Q6XPS3-5,Q6XPS3,0.759887885,78.5440613,60,171,substitution
O15533-2,O15533,0.921735335,90.625,405,448,substitution
Q92963-2,Q92963,0.868062517,83.56164384,2,37,deletion
O95970-2,O95970,0.589621411,50.62836625,280,557,substitution
Q9Y5K1-2,Q9Y5K1,0.902269688,90.15151515,44,82,substitution
O15120-2,O15120,0.865494536,88.48920863,165,196,deletion
Q6PH85-2,Q6PH85,0.679383968,68.72586873,174,259,substitution
O75935-3,O75935,0.456126506,84.94623656,90,117,deletion
P11413-2,P11413,0.954900793,91.80035651,,,insertion
P15151-4,P15151,0.801527479,92.56594724,385,417,substitution
Q8TAS1-2,Q8TAS1,0.85302104,81.38424821,342,419,substitution
P31947-2,P31947,0.666510522,87.09677419,86,117,deletion
Q53FZ2-2,Q53FZ2,0.798233324,68.78130217,409,586,substitution
Q8TAX9-5,Q8TAX9,0.678256521,39.6593674,2,254,deletion
P56937-3,P56937,0.87563174,89.73607038,215,249,deletion
Q9Y3F4-2,Q9Y3F4,0.86398336,96.41873278,,,insertion
P19474-2,P19474,0.48607295,83.78947368,169,245,deletion
Q5JUR7-2,Q5JUR7,0.658059671,45.2173913,100,227,substitution
Q9H313-3,Q9H313,0.941140463,88.17427386,423,450,substitution
Q9Y5S8-3,Q9Y5S8,0.946304458,91.31205674,433,481,deletion
P40198-2,P40198,0.627783426,56.53846154,142,252,substitution
Q96FV3-3,Q96FV3,0.950024592,95.92592593,260,270,substitution
Q9H977-3,Q9H977,0.814190798,66.26865672,2,334,substitution
Q96IG2-2,Q96IG2,0.838764762,92.66055046,134,165,deletion
Q8WXF7-2,Q8WXF7,0.933599731,99.10394265,518,522,deletion
P11597-2,P11597,0.882682923,87.8296146,251,310,deletion
Q4G0S7-2,Q4G0S7,0.536181097,77.95275591,88,143,deletion
P38567-2,P38567,0.915391713,97.26027397,496,509,substitution
Q9H1B4-3,Q9H1B4,0.650422032,40.80604534,161,397,substitution
Q7Z5J1-5,Q7Z5J1,0.551339271,46.64634146,2,315,substitution
Q9NP81-2,Q9NP81,0.929396491,93.79699248,132,155,substitution
P09919-2,P09919,0.939315608,98.55072464,66,68,deletion
P15309-3,P15309,0.892237079,91.4507772,153,185,deletion
P52434-3,P52434,0.856426989,76.0,2,37,deletion
Q6PKH6-2,Q6PKH6,0.877662987,89.3877551,222,232,substitution
Q9H2F3-2,Q9H2F3,0.670874295,49.86449864,178,369,substitution
Q14722-2,Q14722,0.862258352,82.11764706,2,91,substitution
Q9Y230-2,Q9Y230,0.927818141,90.28077754,2,46,deletion
Q9UGI8-2,Q9UGI8,0.831117077,97.86223278,2,10,deletion
Q8N0X4-2,Q8N0X4,0.824426771,90.0,147,180,deletion
Q8WU08-3,Q8WU08,0.886588762,87.12121212,345,396,substitution
P04899-5,P04899,0.911852115,90.14084507,2,39,substitution
Q8IXY8-3,Q8IXY8,0.689893665,89.71061093,46,77,deletion
P07288-4,P07288,0.376201247,26.05363985,69,261,substitution
Q9BSI4-3,Q9BSI4,0.626328019,29.6460177,134,451,substitution
Q96FL9-2,Q96FL9,0.889058931,94.02173913,100,132,deletion
Q96SW2-2,Q96SW2,0.99149816,99.77375566,23,23,deletion
Q8TCX1-3,Q8TCX1,0.942805103,94.58689459,332,350,substitution
Q969J5-2,Q969J5,0.878847027,87.83269962,67,98,deletion
Q8WV60-2,Q8WV60,0.657794058,53.35051546,2,183,substitution
Q6P4F1-6,Q6P4F1,0.92331328,94.15448852,3,30,deletion
Q8TCD5-2,Q8TCD5,0.599533632,52.23880597,93,201,substitution
Q9BXM9-2,Q9BXM9,0.894034877,93.20754717,6,37,deletion
O15371-2,O15371,0.745813322,91.05839416,55,103,deletion
Q9P035-2,Q9P035,0.715971104,84.80662983,69,123,deletion
Q92688-2,Q92688,0.775842557,77.68924303,196,251,deletion
O60907-2,O60907,0.783552484,91.16117851,2,52,deletion
P0DTE4-4,P0DTE4,0.723485149,65.53595658,239,282,substitution
Q7Z4I7-3,Q7Z4I7,0.865141594,98.53372434,2,6,deletion
Q9Y575-3,Q9Y575,0.942468509,93.16546763,,,insertion
A1XBS5-3,A1XBS5,0.840540187,89.07849829,260,289,substitution
Q9BRT9-2,Q9BRT9,0.609935758,44.39461883,100,223,substitution
Q53FA7-2,Q53FA7,0.730343494,63.40057637,207,332,substitution
Q9NVN3-1,Q9NVN3,0.91816263,91.62011173,484,520,substitution
Q96P11-2,Q96P11,0.949549555,91.84549356,429,429,substitution
Q1MX18-4,Q1MX18,0.73480305,84.62867012,2,319,substitution
Q8WV16-4,Q8WV16,0.887326632,79.7979798,2,101,deletion
Q3KNT7-2,Q3KNT7,0.801105472,71.7791411,2,47,deletion
A5PLN9-4,A5PLN9,0.860966986,98.32535885,183,332,substitution
P55075-2,P55075,0.829385172,87.55364807,24,52,deletion
Q8WVZ1-2,Q8WVZ1,0.79562197,74.11003236,230,309,deletion
P49758-13,P49758,0.913213361,96.8487395,457,472,substitution
Q9H0R5-4,Q9H0R5,0.9503656,87.85357737,357,595,substitution
A0PJK1-5,A0PJK1,0.95140065,93.95973154,328,363,deletion
Q8NHH9-3,Q8NHH9,0.654873047,70.66895369,2,172,deletion
Q8N7P1-3,Q8N7P1,0.765729144,61.19402985,2,209,deletion
Q9Y2Q5-3,Q9Y2Q5,0.675634858,76.0,78,107,deletion
Q96PM5-8,Q96PM5,0.772312269,81.22605364,32,179,substitution
O43463-2,O43463,0.927916235,96.45390071,2,6,substitution
Q6PEZ8-3,Q6PEZ8,0.868394848,98.6328125,,,insertion
Q9BZZ5-2,Q9BZZ5,0.89491533,95.22900763,499,524,substitution
Q96HH6-2,Q96HH6,0.90292586,83.57771261,284,336,substitution
Q8N954-2,Q8N954,0.656297777,53.68421053,2,132,substitution
O60749-2,O60749,0.86001428,77.4566474,2,118,deletion
Q9H6D7-3,Q9H6D7,0.513246394,65.84022039,2,125,deletion
Q9NRG1-2,Q9NRG1,0.835620914,81.4159292,185,225,substitution
Q96PD7-2,Q96PD7,0.879829152,88.91752577,42,84,deletion
Q8NFR7-2,Q8NFR7,0.567099366,43.50758853,2,591,substitution
Q5R372-5,Q5R372,0.250900286,13.03520457,2,815,substitution
A5PLL7-2,A5PLL7,0.921240841,98.88888889,109,111,deletion
Q6UXH1-3,Q6UXH1,0.753826738,75.07082153,258,353,substitution
Q9NWZ3-2,Q9NWZ3,0.800290616,73.04347826,2,125,deletion
O60637-3,O60637,0.78311243,74.70355731,22,85,deletion
Q30201-5,Q30201,0.866870749,93.10344828,26,49,substitution
Q9H061-2,Q9H061,0.753079919,64.1025641,2,71,deletion
Q9BU02-2,Q9BU02,0.653419368,41.37931034,96,230,substitution
Q5NDL2-3,Q5NDL2,0.561487077,84.06072106,278,361,deletion
Q8N7C3-2,Q8N7C3,0.551451568,36.21867882,208,437,substitution
Q0P6D2-2,Q0P6D2,0.58483436,28.63961814,3,301,deletion
Q11203-7,Q11203,0.842075132,91.73333333,71,101,deletion
Q8NCU1-2,Q8NCU1,0.429272948,84.02777778,121,143,substitution
P49758-14,P49758,0.901191805,96.44351464,457,472,substitution
Q96E29-2,Q96E29,0.806289803,78.41726619,2,91,deletion
P39656-3,P39656,0.908961093,96.05263158,126,143,deletion
Q9NVN3-3,Q9NVN3,0.875343359,83.4264432,2,520,substitution
Q969V3-2,Q969V3,0.962419228,99.82238011,446,446,deletion
P15692-9,P15692,0.671528974,61.11111111,2,389,substitution
P40938-2,P40938,0.916052049,83.14606742,294,355,substitution
Q13057-2,Q13057,0.967205165,95.10961214,,,insertion
Q6ICL3-2,Q6ICL3,0.862923039,77.53623188,90,151,deletion
Q96AG3-2,Q96AG3,0.791191952,65.07177033,2,147,deletion
P12314-2,P12314,0.865378616,89.33333333,333,374,substitution
Q9NVV5-6,Q9NVV5,0.754593869,55.88235294,134,238,substitution
Q8TD08-2,Q8TD08,0.670877492,44.95412844,241,544,substitution
Q14722-3,Q14722,0.870340671,81.35198135,2,91,substitution
Q9BU64-2,Q9BU64,0.671066779,93.46405229,2,15,substitution
Q8NDV1-2,Q8NDV1,0.655143055,67.86885246,208,305,substitution
Q9UNH5-4,Q9UNH5,0.633853687,29.62962963,174,594,substitution
A0PJK1-4,A0PJK1,0.981057549,97.38562092,,,insertion
Q6NT32-4,Q6NT32,0.918916235,91.7218543,2,24,substitution
P29218-3,P29218,0.908740568,82.44047619,,,insertion
O14908-2,O14908,0.841122583,70.87087087,2,98,deletion
Q9HBI1-3,Q9HBI1,0.845026981,89.56043956,3,39,deletion
Q99571-2,Q99571,0.973061785,96.03960396,,,insertion
Q9NVH6-8,Q9NVH6,0.923486604,97.4537037,,,insertion
O95361-2,O95361,0.505961644,61.70212766,2,217,deletion
Q8IWX5-2,Q8IWX5,0.826741611,67.9197995,2,129,deletion
Q8N543-2,Q8N543,0.823894257,74.1697417,2,141,deletion
Q8NFW8-2,Q8NFW8,0.685769978,60.59907834,264,434,deletion
Q5XG92-2,Q5XG92,0.834856763,87.52228164,361,481,substitution
Q6PF18-2,Q6PF18,0.760880478,64.58333333,155,240,substitution
P42785-2,P42785,0.961673826,95.93810445,,,insertion
P10827-2,P10827,0.792767486,77.64227642,371,490,substitution
Q8WWZ8-2,Q8WWZ8,0.728452437,58.16513761,318,545,substitution
A5PLN9-5,A5PLN9,0.923429103,99.76076555,,,insertion
Q15084-3,Q15084,0.78275152,98.86363636,2,5,substitution
Q8TAM2-4,Q8TAM2,0.959176977,95.19408503,209,234,deletion
Q4G1C9-5,Q4G1C9,0.546078461,68.89534884,2,108,deletion
P45983-3,P45983,0.941975167,86.8852459,208,427,substitution
Q96A23-2,Q96A23,0.950603033,96.86956522,,,insertion
Q0VDG4-2,Q0VDG4,0.951804639,95.04716981,2,27,substitution
Q6UXH1-2,Q6UXH1,0.782944709,90.93484419,258,289,deletion
Q8N4H0-2,Q8N4H0,0.542951739,35.4679803,76,392,substitution
Q53F39-4,Q53F39,0.881928178,84.09090909,227,289,deletion
Q5SRE7-2,Q5SRE7,0.930165307,92.78350515,125,145,deletion
Q5EB52-3,Q5EB52,0.866323227,87.1641791,2,250,substitution
Q96S16-2,Q96S16,0.853155423,88.63636364,30,59,deletion
P41217-2,P41217,0.940007825,96.04316547,268,278,substitution
Q9UKR8-2,Q9UKR8,0.974518231,91.33858268,230,245,substitution
P49802-5,P49802,0.923704014,95.3815261,473,495,substitution
Q8TAP4-4,Q8TAP4,0.866328836,88.95705521,,,insertion
P0CL84-2,P0CL84,0.782995082,58.20895522,2,56,substitution
Q9HBH0-2,Q9HBH0,0.819475369,75.35545024,158,210,substitution
O75947-2,O75947,0.473831688,85.0931677,74,97,deletion
P08397-3,P08397,0.894360674,88.91966759,218,257,deletion
O96011-2,O96011,0.968578399,93.43629344,2,18,substitution
Q13557-12,Q13557,0.705378874,95.59118236,478,499,substitution
Q9UBX7-1,Q9UBX7,0.904438497,88.65248227,2,33,deletion
P52757-8,P52757,0.717091455,69.23076923,49,192,deletion
P00390-4,P00390,0.865222889,89.8467433,295,347,deletion
Q9H553-2,Q9H553,0.852888232,72.85714286,2,116,substitution
P09622-3,P09622,0.86203266,90.5697446,147,194,deletion
P48059-2,P48059,0.81378294,96.43916914,,,insertion
P50990-2,P50990,0.969260172,96.35036496,2,20,deletion
P22570-3,P22570,0.935934552,91.94756554,,,insertion
P17693-7,P17693,0.485278752,34.02366864,116,338,substitution
Q8WV37-3,Q8WV37,0.751037184,68.41121495,2,170,deletion
Q9UMY4-1,Q9UMY4,0.918536378,92.44186047,160,162,substitution
P51993-2,P51993,0.927103907,95.09536785,348,359,substitution
Q6XZB0-7,Q6XZB0,0.842324766,73.60515021,336,460,substitution
P57081-3,P57081,0.735868037,64.5631068,2,147,deletion
P35914-3,P35914,0.557225334,58.76923077,117,250,deletion
Q96S52-2,Q96S52,0.97986969,98.01801802,2,11,substitution
P55083-2,P55083,0.898220256,90.68100358,2,2,substitution
Q14916-2,Q14916,0.585015501,88.43683084,246,299,deletion
Q9C037-3,Q9C037,0.455076847,56.08782435,132,500,substitution
Q8TCV5-2,Q8TCV5,0.62380117,54.91071429,124,224,deletion
Q9BUY7-5,Q9BUY7,0.867596365,84.04907975,138,162,substitution
Q9Y232-3,Q9Y232,0.660541137,51.6722408,2,290,deletion
Q8NHW4-5,Q8NHW4,0.473631416,69.56521739,65,92,deletion
Q9H6V9-2,Q9H6V9,0.986796407,98.18731118,,,insertion
O75223-3,O75223,0.450063042,50.0,48,141,deletion
P15692-4,P15692,0.641083251,81.89655172,2,345,substitution
Q96IZ6-2,Q96IZ6,0.740977925,64.02116402,2,137,deletion
O43414-2,O43414,0.74681371,51.12359551,2,163,substitution
Q06330-2,Q06330,0.881416522,85.0,2,76,deletion
Q99471-2,Q99471,0.56024582,38.31168831,59,153,substitution
Q96I51-2,Q96I51,0.767068497,76.07758621,353,464,substitution
P00390-5,P00390,0.811407672,84.29118774,266,347,deletion
Q92747-2,Q92747,0.839967818,77.91878173,2,370,substitution
Q8WU08-2,Q8WU08,0.675938759,39.20595533,158,396,substitution
P49758-15,P49758,0.897305702,95.84199584,457,472,substitution
O00338-2,O00338,0.953880526,90.55374593,93,113,substitution
Q9Y4P1-6,Q9Y4P1,0.904603907,94.41624365,370,393,substitution
O00241-2,O00241,0.508004395,45.47738693,145,361,deletion
Q96Q11-2,Q96Q11,0.611941832,95.39170507,249,268,deletion
P11464-3,P11464,0.907272487,98.80668258,415,419,substitution
Q9NUE0-2,Q9NUE0,0.761328767,65.20618557,2,136,deletion
O15229-3,O15229,0.820123624,93.00411523,367,400,deletion
O00154-7,O00154,0.887974018,84.5177665,2,57,substitution
O14494-2,O14494,0.946154524,88.85017422,21,70,substitution
Q9NRN5-2,Q9NRN5,0.845701672,91.13300493,2,38,substitution
Q9ULI2-2,Q9ULI2,0.857148221,73.90180879,282,386,substitution
Q13557-8,Q13557,0.928924046,95.79158317,479,499,deletion
Q7Z4H8-3,Q7Z4H8,0.859782033,74.35897436,2,507,substitution
Q9UHQ1-3,Q9UHQ1,0.867849018,89.47368421,38,85,deletion
Q9UBX2-2,Q9UBX2,0.63212476,37.5,160,424,substitution
Q16539-3,Q16539,0.883508549,77.53424658,281,360,substitution
P20062-2,P20062,0.919161781,93.67681499,116,143,substitution
Q8IUQ4-3,Q8IUQ4,0.739953439,68.19787986,193,282,substitution
Q5R372-7,Q5R372,0.143953356,11.22740247,2,815,substitution
Q9BTZ2-6,Q9BTZ2,0.459358583,23.02158273,20,222,deletion
Q53GS9-2,Q53GS9,0.853745989,79.11504425,2,144,substitution
Q8TCE9-2,Q8TCE9,0.907570338,79.76190476,3,5,substitution
P14091-3,P14091,0.980581928,98.75311721,,,insertion
P48507-2,P48507,0.9177796,91.97080292,43,64,deletion
Q8TCT1-2,Q8TCT1,0.903431613,87.11864407,2,15,substitution
Q13087-2,Q13087,0.911993791,99.42857143,182,184,deletion
Q14654-2,Q14654,0.7806972,77.69230769,2,88,deletion
Q9H310-3,Q9H310,0.864172806,77.82426778,2,175,substitution
Q0VAM2-3,Q0VAM2,0.944664298,99.78858351,147,147,deletion
Q7Z3S9-3,Q7Z3S9,0.646235864,94.77911647,,,insertion
P13631-3,P13631,0.61745797,84.14096916,2,73,deletion
P40426-4,P40426,0.439100434,35.74660633,2,434,substitution
Q86TS9-3,Q86TS9,0.809717957,98.37398374,10,11,substitution
Q02094-2,Q02094,0.849912992,78.58880779,316,409,substitution
Q00973-2,Q00973,0.840361288,89.68105066,74,128,deletion
Q9BUY7-6,Q9BUY7,0.771881977,70.55214724,2,49,deletion
Q96PM5-7,Q96PM5,0.831350736,84.6743295,32,71,deletion
Q9BQ24-2,Q9BQ24,0.952940164,92.85714286,,,insertion
Q86X27-2,Q86X27,0.688122528,47.85591767,280,583,deletion
P17030-2,P17030,0.744190396,78.50877193,2,99,substitution
Q13740-2,Q13740,0.865259403,97.59862779,503,516,substitution
P13688-4,P13688,0.732893552,61.8147448,321,526,substitution
P30281-2,P30281,0.779144046,72.26027397,2,82,deletion
Q00888-3,Q00888,0.671885863,77.80429594,144,236,deletion
P06870-2,P06870,0.872259172,74.04580153,2,69,substitution
Q06323-3,Q06323,0.920782613,89.55823293,224,249,substitution
Q6IPT4-4,Q6IPT4,0.826444999,78.41269841,181,248,deletion
Q8WYN0-3,Q8WYN0,0.853276577,80.65326633,2,78,deletion
Q9H920-2,Q9H920,0.83720664,75.2293578,2,82,deletion
Q9BWP8-7,Q9BWP8,0.618736941,77.49077491,2,90,substitution
Q05932-2,Q05932,0.944276201,92.84497445,2,43,deletion
P47870-4,P47870,0.784248367,72.4609375,360,512,substitution
P50991-2,P50991,0.870605673,94.43413729,61,90,deletion
P15529-15,P15529,0.686102645,88.7755102,286,329,deletion
Q9UBM1-2,Q9UBM1,0.920424072,84.3220339,,,insertion
Q13241-2,Q13241,0.836813645,99.44444444,,,insertion
Q9BYV7-5,Q9BYV7,0.867049097,87.39205527,173,245,deletion
Q9NWU1-2,Q9NWU1,0.847705771,81.91721133,229,311,deletion
Q1MX18-6,Q1MX18,0.868815584,84.69387755,2,579,substitution
Q53RD9-4,Q53RD9,0.584794748,69.476082,136,269,deletion
Q7Z7D3-4,Q7Z7D3,0.711219788,66.31205674,2,96,deletion
Q63ZY6-4,Q63ZY6,0.602874351,37.14285714,3,315,substitution
Q96RS6-2,Q96RS6,0.907277143,93.0153322,2,39,substitution
Q9BPW9-4,Q9BPW9,0.916835821,84.16886544,,,insertion
O76036-2,O76036,0.721067989,94.40789474,228,244,deletion
Q6A555-2,Q6A555,0.712633708,85.03937008,108,127,substitution
Q8N3I7-2,Q8N3I7,0.747732894,93.84164223,207,227,deletion
P51157-2,P51157,0.901209091,91.85520362,193,219,substitution
Q9BUK6-7,Q9BUK6,0.926648964,91.92982456,106,499,substitution
A6NC86-2,A6NC86,0.929589672,89.47368421,,,insertion
Q06330-4,Q06330,0.919217562,95.62624254,2,20,substitution
Q5VVQ6-2,Q5VVQ6,0.67006217,83.62068966,2,61,substitution
P10809-2,P10809,0.517565442,24.57337884,144,573,substitution
P57727-5,P57727,0.974581627,99.77973568,350,350,deletion
Q8NFT2-3,Q8NFT2,0.875057012,81.83673469,396,490,substitution
P02679-2,P02679,0.890572166,95.58498896,434,453,substitution
Q5VT66-2,Q5VT66,0.933217953,95.19774011,,,insertion
Q96T75-4,Q96T75,0.516076953,30.3030303,28,97,substitution
O00115-2,O00115,0.845553485,84.72222222,117,171,deletion
Q2VPA4-3,Q2VPA4,0.730343375,77.85588752,444,569,substitution
P30511-2,P30511,0.64439832,73.41040462,204,295,deletion
P15692-8,P15692,0.644625091,79.39914163,2,395,substitution
O75602-3,O75602,0.932001358,87.00854701,,,insertion
P07098-2,P07098,0.901481803,91.70854271,75,107,deletion
Q96EZ8-4,Q96EZ8,0.47011724,58.65800866,2,192,deletion
P37287-3,P37287,0.615131261,50.82644628,2,238,substitution
A6NNP5-2,A6NNP5,0.64028371,50.93457944,106,214,substitution
Q86TD4-3,Q86TD4,0.937332314,91.1205074,2,43,deletion
Q96IJ6-2,Q96IJ6,0.940606401,88.794926,,,insertion
Q8TB36-2,Q8TB36,0.727734774,81.00558659,2,69,deletion
Q8WUD6-2,Q8WUD6,0.723431092,53.20197044,217,406,substitution
Q8IY31-2,Q8IY31,0.881346698,83.5443038,,,insertion
P49841-2,P49841,0.954308681,96.99769053,,,insertion
P20839-5,P20839,0.933968026,87.26655348,,,insertion
Q5R372-6,Q5R372,0.24859335,12.94005709,3,815,substitution
Q9UQ13-2,Q9UQ13,0.791203041,92.09621993,236,281,deletion
Q96T66-2,Q96T66,0.831559757,85.31746032,2,38,deletion
Q8TCC7-5,Q8TCC7,0.822404137,77.30627306,2,124,deletion
Q9NS00-2,Q9NS00,0.803103206,82.09366391,297,363,substitution
Q6X9E4-3,Q6X9E4,0.957807912,93.56223176,2,29,substitution
Q9Y265-2,Q9Y265,0.855463411,82.01754386,374,456,substitution
Q8TCT1-3,Q8TCT1,0.899701337,86.53198653,2,15,substitution
Q9BY67-2,Q9BY67,0.759405768,74.88687783,332,442,substitution
Q9BQI0-4,Q9BQI0,0.687319264,66.0,99,150,substitution
P35241-2,P35241,0.28325891,39.07284768,2,582,substitution
Q9Y6J8-2,Q9Y6J8,0.859891236,73.6677116,233,313,substitution
Q9P1W8-4,Q9P1W8,0.70614881,71.31782946,250,360,deletion
Q96I51-3,Q96I51,0.867002913,93.82978723,440,464,substitution
P63104-2,P63104,0.803436577,62.19512195,2,98,substitution
Q9H3H1-3,Q9H3H1,0.810081752,69.37901499,2,236,substitution
Q06330-6,Q06330,0.955908592,96.2,2,20,substitution
P15529-9,P15529,0.671805995,82.66331658,286,392,substitution
P85298-2,P85298,0.729192075,63.14655172,101,464,substitution
Q9UPE1-2,Q9UPE1,0.862062192,86.59611993,2,350,substitution
P55345-4,P55345,0.709026301,64.66512702,278,433,substitution
Q8N8Q3-6,Q8N8Q3,0.919786728,90.58441558,280,282,substitution
P35241-5,P35241,0.818714321,96.52317881,,,insertion
Q8TBZ3-8,Q8TBZ3,0.485835647,14.58699473,84,568,substitution
Q6XZB0-6,Q6XZB0,0.86391938,75.65217391,336,460,substitution
Q9P055-2,Q9P055,0.85347988,79.74276527,3,65,deletion
O60942-3,O60942,0.495679643,76.54941374,424,597,substitution
Q6XZB0-2,Q6XZB0,0.963724228,93.36099585,2,13,substitution
Q14108-2,Q14108,0.755910213,70.08368201,93,235,deletion
Q6ZVN8-3,Q6ZVN8,0.590485697,46.94835681,2,227,deletion
Q9UBL9-2,Q9UBL9,0.867406366,85.77494692,381,447,deletion
Q9NQS3-2,Q9NQS3,0.711553426,65.0273224,357,549,substitution
P60201-2,P60201,0.864707296,87.36462094,117,151,deletion
Q9BSJ1-2,Q9BSJ1,0.823083502,68.36283186,2,144,deletion
Q8N428-2,Q8N428,0.877437405,91.85840708,514,558,substitution
Q6UX27-3,Q6UX27,0.638394507,69.49152542,164,236,substitution
Q9H6J7-3,Q9H6J7,0.881573987,82.77945619,275,331,deletion
Q9Y680-3,Q9Y680,0.918884758,99.54954955,125,125,deletion
Q9NZZ3-2,Q9NZZ3,0.725015431,75.79908676,166,219,substitution
P55058-2,P55058,0.904869529,89.2494929,110,162,substitution
Q9Y6P5-3,Q9Y6P5,0.87737064,86.58536585,2,67,deletion
Q9NZ43-3,Q9NZ43,0.667636385,51.35135135,132,259,substitution
O76083-8,O76083,0.643859139,85.49747049,48,147,substitution
P13051-2,P13051,0.845280774,87.34177215,2,44,substitution
Q96P11-4,Q96P11,0.946237976,91.06382979,429,429,substitution
Q9UJP4-2,Q9UJP4,0.907286396,81.61290323,502,597,substitution
Q9NRM0-2,Q9NRM0,0.952736913,91.49722736,2,50,substitution
P15735-2,P15735,0.749767197,88.75305623,362,406,substitution
P50897-2,P50897,0.650704601,66.33986928,43,145,deletion
Q06330-7,Q06330,0.924870918,96.40718563,2,19,substitution
Q5VZM2-2,Q5VZM2,0.879257571,92.51336898,77,104,deletion
A1XBS5-5,A1XBS5,0.618101682,30.34482759,89,289,substitution
Q6DKJ4-2,Q6DKJ4,0.597999597,36.30136986,2,435,substitution
P55075-3,P55075,0.780707635,88.41201717,24,51,substitution
Q9P121-3,Q9P121,0.836242036,90.69767442,313,344,substitution
Q9UQ74-3,Q9UQ74,0.854368966,97.41784038,415,426,substitution
Q6UXG8-2,Q6UXG8,0.599019755,54.79704797,296,535,substitution
Q96JD6-2,Q96JD6,0.849844751,82.1875,196,252,deletion
Q16875-3,Q16875,0.834281986,94.82758621,3,26,substitution
P32322-3,P32322,0.854486852,92.19653179,,,insertion
A4D1E9-3,A4D1E9,0.55121745,27.90697674,107,387,substitution
Q9H6X2-4,Q9H6X2,0.684411445,56.23901582,319,564,substitution
Q6P4F1-4,Q6P4F1,0.810114654,78.1443299,3,479,substitution
Q9Y3C4-2,Q9Y3C4,0.859324279,81.14285714,15,47,deletion
Q9NWW6-2,Q9NWW6,0.92165903,87.43718593,106,130,substitution
Q15084-4,Q15084,0.846327854,97.75784753,2,6,substitution
Q7KYR7-5,Q7KYR7,0.464342518,88.42504744,3,63,deletion
O75553-2,O75553,0.56770023,33.78151261,200,588,substitution
P35240-3,P35240,0.963870323,97.4789916,580,595,substitution
P13674-3,P13674,0.941414131,94.75655431,361,434,substitution
Q13077-2,Q13077,0.763705454,70.67307692,2,123,deletion
Q13740-4,Q13740,0.562255248,52.31560892,2,330,substitution
Q9Y694-3,Q9Y694,0.976966958,96.00725953,132,548,substitution
Q6PHW0-7,Q6PHW0,0.776461595,59.8615917,2,289,substitution
Q6ZVN8-2,Q6ZVN8,0.766115085,73.4741784,2,114,deletion
P57054-3,P57054,0.614472125,67.08860759,3,52,deletion
Q9NUL5-3,Q9NUL5,0.725794463,56.0137457,164,291,deletion
P25705-3,P25705,0.89822389,96.02169982,140,161,deletion
Q4G148-2,Q4G148,0.856273698,92.95454545,75,105,deletion
Q96GS6-4,Q96GS6,0.669904988,56.77419355,177,310,deletion
Q9NR21-2,Q9NR21,0.774831445,73.45132743,4,89,substitution
Q8TB92-5,Q8TB92,0.814813868,83.24324324,37,161,substitution
O75648-2,O75648,0.888656212,84.79809976,341,421,substitution
Q16342-4,Q16342,0.7330835,63.95348837,221,344,substitution
Q9Y2B2-2,Q9Y2B2,0.732474254,68.58237548,177,251,substitution
Q96GD4-4,Q96GD4,0.86277805,88.08139535,2,42,deletion
O60258-2,O60258,0.766974674,94.90740741,25,35,deletion
Q9H0I3-2,Q9H0I3,0.55456241,85.67639257,77,130,deletion
Q6NYC1-3,Q6NYC1,0.911176964,97.34299517,,,insertion
P48729-2,P48729,0.927053109,92.32876712,,,insertion
Q08AH1-2,Q08AH1,0.528908939,35.35528596,205,577,deletion
Q92913-2,Q92913,0.73518432,75.10204082,3,62,substitution
Q13216-2,Q13216,0.715207699,46.3840399,185,396,substitution
P15529-7,P15529,0.679082032,83.20987654,286,392,substitution
Q9BQG2-2,Q9BQG2,0.807726408,96.1038961,52,69,deletion
P20941-2,P20941,0.828397829,78.86178862,2,53,deletion
Q9C030-3,Q9C030,0.797388088,64.13934426,2,176,deletion
O43242-2,O43242,0.811018882,66.29213483,2,534,substitution
Q9NZU7-3,Q9NZU7,0.576014134,18.91891892,2,301,deletion
Q9HBI0-3,Q9HBI0,0.728843378,56.19335347,187,331,substitution
Q0GE19-5,Q0GE19,0.578475496,43.85964912,146,340,substitution
Q9NVH6-5,Q9NVH6,0.85630673,90.26128266,380,421,substitution
P31948-3,P31948,0.730964048,95.5801105,75,98,deletion
Q7L1V2-2,Q7L1V2,0.83137901,71.29798903,2,158,substitution
Q9UJT9-2,Q9UJT9,0.909185603,90.42769857,2,48,deletion
Q8WVV5-3,Q8WVV5,0.423169664,45.62737643,148,523,substitution
Q9ULP0-4,Q9ULP0,0.865623528,96.30681818,291,303,deletion
Q96EN9-3,Q96EN9,0.736277913,89.05472637,62,83,deletion
Q9H313-4,Q9H313,0.667813035,52.54988914,2,437,substitution
P25685-2,P25685,0.667829216,70.58823529,2,101,deletion
Q6XPS3-3,Q6XPS3,0.772068598,85.05747126,40,171,substitution
Q9HB40-2,Q9HB40,0.719167959,65.04424779,295,452,substitution
P14679-2,P14679,0.785648434,66.85499058,346,529,substitution
Q13642-4,Q13642,0.713010471,68.46590909,2,323,substitution
P00797-2,P00797,0.960715152,99.26108374,231,233,deletion
Q96AP4-2,Q96AP4,0.240073126,10.20761246,2,520,deletion
P07948-2,P07948,0.925976581,95.8984375,25,45,deletion
Q9UBE0-2,Q9UBE0,0.797996334,71.34670487,245,346,substitution
Q8N9F7-3,Q8N9F7,0.905801499,81.90184049,266,314,substitution
Q6P3X8-2,Q6P3X8,0.620751703,57.60135135,2,252,deletion
Q9H867-1,Q9H867,0.648744886,49.39759036,123,229,substitution
Q9H2R5-5,Q9H2R5,0.925108895,99.609375,16,16,deletion
P21589-2,P21589,0.874659624,91.28919861,405,454,deletion
Q13133-3,Q13133,0.605122236,89.93288591,2,46,deletion
P17706-3,P17706,0.825718832,83.85542169,347,415,substitution
Q9H900-2,Q9H900,0.894924863,80.7106599,2,115,deletion
Q15661-2,Q15661,0.884415229,96.72727273,79,87,deletion
Q96T66-3,Q96T66,0.71952367,64.68253968,37,125,deletion
Q8TBF2-2,Q8TBF2,0.804186238,78.43137255,154,197,substitution
P20340-2,P20340,0.873890501,98.55769231,62,88,substitution
O00182-6,O00182,0.903427445,96.61971831,181,192,deletion
O14966-3,O14966,0.659572985,64.5320197,2,73,deletion
Q6H3X3-2,Q6H3X3,0.753492015,63.47305389,211,334,substitution
P15151-3,P15151,0.783654717,87.05035971,331,384,substitution
P39656-2,P39656,0.89601042,91.88596491,70,106,deletion
O95926-2,O95926,0.656623867,82.71604938,45,86,deletion
P16298-3,P16298,0.915756655,97.9047619,396,465,substitution
O15466-2,O15466,0.846526707,91.26213592,,,insertion
Q9UP65-2,Q9UP65,0.935863998,97.41219963,528,541,deletion
P17752-2,P17752,0.75870808,93.77682403,438,444,substitution
P57081-2,P57081,0.954040665,99.75728155,243,243,deletion
Q9ULP0-2,Q9ULP0,0.865730575,96.02272727,289,302,substitution
Q99437-2,Q99437,0.84950671,77.07317073,2,48,deletion
P29350-3,P29350,0.928064027,99.32998325,2,3,substitution
P33681-2,P33681,0.753909989,88.54166667,234,266,substitution
P50452-3,P50452,0.716879412,51.3368984,2,183,deletion
P46976-2,P46976,0.880476093,95.14285714,277,293,deletion
P23280-2,P23280,0.863231485,87.1559633,282,308,substitution
P49758-2,P49758,0.890818028,94.85596708,457,472,substitution
Q8IXL7-2,Q8IXL7,0.777877036,83.41708543,3,31,substitution
Q9UJX2-3,Q9UJX2,0.862617849,80.23450586,2,119,deletion
Q7Z4H3-3,Q7Z4H3,0.505123253,33.82352941,70,204,substitution
Q15173-2,Q15173,0.928349165,97.18309859,2,19,substitution
Q3SXZ7-3,Q3SXZ7,0.626028499,39.49044586,2,439,substitution
Q96CQ1-4,Q96CQ1,0.661790729,49.51768489,2,158,deletion
Q9UHD8-4,Q9UHD8,0.728898604,57.16723549,2,252,deletion
Q6XZB0-4,Q6XZB0,0.93472529,92.39130435,245,279,deletion
Q9NTX5-6,Q9NTX5,0.862050993,92.18241042,3,144,substitution
Q9NPI5-3,Q9NPI5,0.941673368,97.87234043,,,insertion
Q687X5-2,Q687X5,0.490013219,61.65577342,153,328,deletion
Q6XZB0-8,Q6XZB0,0.794091431,64.13043478,16,180,deletion
Q92769-3,Q92769,0.830459595,93.85245902,2,31,deletion
Q96RU8-2,Q96RU8,0.730267582,55.37634409,2,167,deletion
P30740-2,P30740,0.772551282,60.15831135,2,152,deletion
Q6QHF9-5,Q6QHF9,0.750878107,58.25242718,291,511,substitution
Q86TJ2-3,Q86TJ2,0.522426773,78.0952381,3,94,deletion
Q9H9Q2-2,Q9H9Q2,0.588326955,59.46969697,2,108,deletion
Q05932-3,Q05932,0.93906659,91.48211244,2,51,deletion
Q7RTP0-2,Q7RTP0,0.787499862,77.20364742,2,76,deletion
Q92526-3,Q92526,0.90272488,93.01886792,206,242,deletion
Q6Q8B3-2,Q6Q8B3,0.886679787,92.25092251,2,22,deletion
Q8NFV4-4,Q8NFV4,0.854669428,97.77777778,43,49,deletion
Q8IVI9-3,Q8IVI9,0.695628011,84.58498024,2,79,deletion
P68400-2,P68400,0.704192764,65.2173913,2,137,deletion
O14682-2,O14682,0.570292157,87.60611205,2,74,deletion
Q8N9N2-2,Q8N9N2,0.739616476,79.21760391,71,399,substitution
P20839-7,P20839,0.927278009,87.1024735,2,33,substitution
P00750-4,P00750,0.765448124,69.75088968,2,207,substitution
Q9Y572-3,Q9Y572,0.697778309,42.63862333,222,518,substitution
Q6PHR2-4,Q6PHR2,0.929468035,91.56378601,2,34,substitution
O76081-3,O76081,0.638973095,44.07216495,2,220,substitution
O43734-3,O43734,0.58111172,26.65505226,2,422,deletion
Q13418-2,Q13418,0.614454204,82.74336283,118,206,substitution
Q9NZN8-3,Q9NZN8,0.419398231,35.37037037,3,351,deletion
Q06124-1,Q06124,0.959796372,99.32998325,,,insertion
Q12981-2,Q12981,0.617449785,85.0877193,90,123,deletion
Q5EBM0-4,Q5EBM0,0.91872704,91.09131403,410,449,deletion
O75771-7,O75771,0.598826339,57.69230769,193,328,substitution
Q6ZRR5-4,Q6ZRR5,0.495853459,47.19101124,2,210,substitution
P62899-3,P62899,0.875920699,92.0,116,125,substitution
Q11203-16,Q11203,0.649448173,69.33333333,40,346,substitution
P15509-3,P15509,0.858815552,77.18446602,318,400,substitution
P56817-6,P56817,0.7619311,71.59763314,2,214,substitution
Q95460-3,Q95460,0.672704172,73.02052786,203,294,deletion
O15374-3,O15374,0.76111485,65.50308008,177,344,deletion
Q6ZNC8-3,Q6ZNC8,0.697555801,48.28282828,240,495,substitution
P04439-2,P04439,0.870814948,97.30458221,176,337,substitution
P00338-2,P00338,0.888794584,71.98795181,230,332,substitution
P13693-2,P13693,0.865203334,80.23255814,2,35,deletion
P48454-2,P48454,0.856084619,98.046875,442,451,deletion
P43251-2,P43251,0.957728675,95.84837545,,,insertion
P17693-6,P17693,0.4376886,61.6519174,115,338,substitution
Q14142-2,Q14142,0.66035718,52.45535714,232,441,substitution
A7E2S9-2,A7E2S9,0.709165334,79.10447761,206,258,substitution
Q9NTJ5-2,Q9NTJ5,0.864867856,78.66449511,2,110,substitution
Q8N8Q3-7,Q8N8Q3,0.909624822,90.29126214,280,282,substitution
Q8N999-2,Q8N999,0.185432137,10.42944785,31,325,substitution
O95297-3,O95297,0.728689826,75.55555556,203,269,substitution
P49758-3,P49758,0.889465015,96.32653061,,,insertion
Q96B02-2,Q96B02,0.941720891,93.20987654,,,insertion
P47755-2,P47755,0.774504349,50.34482759,143,286,substitution
P16871-4,P16871,0.665247269,51.06837607,237,459,substitution
P15151-2,P15151,0.824593788,89.20863309,340,384,deletion
P61224-2,P61224,0.79108638,74.45652174,62,108,deletion
Q9UII6-4,Q9UII6,0.83061241,79.83870968,,,insertion
Q5NDL2-2,Q5NDL2,0.62205664,39.27893738,208,527,substitution
Q8NER5-3,Q8NER5,0.700711886,83.77281947,102,181,deletion
P30048-2,P30048,0.822568576,92.96875,52,69,deletion
Q9NVH6-4,Q9NVH6,0.757180628,78.85985748,333,421,deletion
Q9BZD2-2,Q9BZD2,0.788590392,69.26315789,2,147,deletion
Q9H6R6-2,Q9H6R6,0.95010387,99.031477,90,93,deletion
Q92913-4,Q92913,0.737577176,75.51020408,2,62,substitution
P35240-8,P35240,0.768110606,92.60504202,335,595,substitution
Q9NZ43-2,Q9NZ43,0.63718487,54.44015444,142,259,substitution
P30046-2,P30046,0.90598749,82.35294118,96,118,substitution
Q15008-3,Q15008,0.890657499,89.71722365,10,49,substitution
Q53TN4-3,Q53TN4,0.754860306,77.97202797,2,64,substitution
O95471-2,O95471,0.836533922,74.88151659,159,211,deletion
Q00535-2,Q00535,0.91832529,89.04109589,105,136,deletion
Q11203-8,Q11203,0.671969157,73.86666667,250,347,deletion
Q8IV63-3,Q8IV63,0.81619008,89.45147679,49,98,deletion
Q96L92-2,Q96L92,0.814284572,76.86703097,2,541,substitution
P37058-2,P37058,0.735826445,83.87096774,225,274,deletion
P11464-2,P11464,0.887448712,96.72897196,415,419,substitution
Q9NPH5-2,Q9NPH5,0.895914552,87.19723183,2,75,deletion
Q8NCK3-2,Q8NCK3,0.756358073,79.36507937,2,92,deletion
Q9UIC8-2,Q9UIC8,0.904017358,80.0,2,37,substitution
Q8IXJ6-5,Q8IXJ6,0.859729397,80.71979434,6,76,substitution
P22557-2,P22557,0.787034343,93.6967632,102,138,deletion
Q9BRN9-2,Q9BRN9,0.814456078,89.47368421,32,57,deletion
P29350-2,P29350,0.87015144,92.94117647,2,44,substitution
O95150-2,O95150,0.737918269,66.15384615,2,85,substitution
O76082-3,O76082,0.968689725,95.86919105,,,insertion
O76083-16,O76083,0.678053735,76.06557377,2,147,substitution
Q9UJG1-2,Q9UJG1,0.797911777,74.64788732,150,203,deletion
Q9NZQ0-2,Q9NZQ0,0.522563013,29.67032967,81,272,substitution
P01241-4,P01241,0.70844183,78.80184332,118,163,deletion
Q9UM22-3,Q9UM22,0.715855093,63.83928571,2,89,substitution
P49643-2,P49643,0.586878585,30.25540275,154,509,substitution
Q6UX41-7,Q6UX41,0.734464682,73.8,2,133,substitution
Q14994-12,Q14994,0.625618702,88.02228412,311,352,substitution
Q8NA23-2,Q8NA23,0.87826253,99.72752044,40,40,deletion
P24666-3,P24666,0.84868337,78.48101266,41,74,deletion
Q93038-5,Q93038,0.596137292,43.40527578,182,417,deletion
O43903-2,O43903,0.6447514,43.76996805,137,313,substitution
P49961-3,P49961,0.625582243,52.41779497,2,510,substitution
P43251-3,P43251,0.897310342,97.26775956,,,insertion
Q15008-2,Q15008,0.893427603,86.32911392,2,49,substitution
Q9UK23-3,Q9UK23,0.717712604,59.61165049,307,515,substitution
Q15973-4,Q15973,0.72571257,82.33618234,73,134,deletion
P49758-6,P49758,0.850205669,88.44537815,286,472,substitution
Q8NDH3-3,Q8NDH3,0.817155403,63.55311355,335,523,substitution
O15160-2,O15160,0.969111687,84.55284553,308,346,substitution
P36897-3,P36897,0.683787991,84.69184891,115,191,deletion
Q93045-2,Q93045,0.824937619,85.9375,161,179,substitution
P29508-2,P29508,0.821946815,86.66666667,205,256,deletion
Q96A25-2,Q96A25,0.74152996,81.29770992,3,50,deletion
Q8TCX1-2,Q8TCX1,0.972947305,99.71590909,,,insertion
Q7RTN6-4,Q7RTN6,0.730307124,68.21345708,32,431,substitution
P17181-2,P17181,0.833671506,76.66068223,428,557,substitution
Q8TCC7-4,Q8TCC7,0.894660463,83.2103321,2,92,deletion
Q9UNP4-2,Q9UNP4,0.891159246,93.30143541,2,29,deletion
Q15631-2,Q15631,0.751566546,53.08641975,127,228,substitution
P22830-2,P22830,0.859363027,98.6013986,,,insertion
Q9NZ72-2,Q9NZ72,0.807868179,93.88888889,2,12,deletion
Q5QNW6-2,Q5QNW6,0.858278801,94.02985075,,,insertion
Q9BRV8-2,Q9BRV8,0.434820113,98.1042654,,,insertion
Q30201-7,Q30201,0.550583988,73.56321839,114,205,deletion
Q969J5-3,Q969J5,0.603293252,47.52851711,67,263,substitution
Q96A70-3,Q96A70,0.861302428,75.54112554,344,460,substitution
P00167-2,P00167,0.797527864,72.3880597,98,134,substitution
Q9Y639-3,Q9Y639,0.716390231,69.59798995,31,375,substitution
Q9NZL9-5,Q9NZL9,0.4812641,20.35928144,2,334,substitution
Q9H2S1-2,Q9H2S1,0.424100506,39.89637306,2,349,deletion
Q5T6J7-3,Q5T6J7,0.843480798,75.40106952,2,47,deletion
Q9NRS4-2,Q9NRS4,0.962089693,98.85583524,147,151,deletion
Q9NRC8-2,Q9NRC8,0.632062682,41.5,162,400,substitution
P10826-3,P10826,0.658994662,73.84615385,2,120,deletion
Q99489-4,Q99489,0.856722581,76.42276423,2,153,substitution
O95273-2,O95273,0.903711833,85.27777778,308,360,substitution
O43852-15,O43852,0.551965646,52.06349206,2,152,deletion
Q06330-3,Q06330,0.888593499,81.4,2,95,substitution
O43307-3,O43307,0.760430189,80.23255814,2,103,deletion
Q8N697-2,Q8N697,0.688560423,41.59445407,2,338,deletion
O95995-2,O95995,0.508600075,94.76987448,2,26,deletion
Q5PSV4-2,Q5PSV4,0.659208333,85.13931889,2,49,deletion
Q8IYS5-3,Q8IYS5,0.75255811,76.35135135,25,282,substitution
P49758-12,P49758,0.748083676,66.25514403,2,472,substitution
Q15109-3,Q15109,0.876347555,79.18660287,332,404,substitution
Q9BUK6-6,Q9BUK6,0.529302747,31.92982456,2,389,deletion
O95954-3,O95954,0.871023765,73.29931973,421,541,substitution
Q96SY0-4,Q96SY0,0.795852068,84.74903475,2,80,deletion
Q86VX2-2,Q86VX2,0.802175834,99.5,29,29,deletion
P20839-6,P20839,0.917821913,85.8096828,,,insertion
Q8N443-2,Q8N443,0.333726029,47.15025907,182,379,substitution
Q6P9H5-2,Q6P9H5,0.760874815,65.76271186,2,103,substitution
P78552-2,P78552,0.747040912,64.87119438,278,427,substitution
P15529-12,P15529,0.683389342,92.34693878,286,315,deletion
Q7Z4N8-2,Q7Z4N8,0.639789611,47.05882353,257,544,substitution
Q13155-2,Q13155,0.752417022,78.4375,46,114,deletion
Q5VTY9-3,Q5VTY9,0.964532407,88.25757576,465,493,substitution
P28907-2,P28907,0.42925552,40.33333333,122,300,substitution
Q5XG92-7,Q5XG92,0.774696586,58.70307167,2,561,substitution
O14807-2,O14807,0.720605763,63.46153846,2,77,deletion
Q86SE8-2,Q86SE8,0.739941538,57.47663551,123,214,substitution
Q9ULX9-2,Q9ULX9,0.821413552,82.31707317,2,30,deletion
Q7Z2X4-3,Q7Z2X4,0.688111989,63.6,2,92,substitution
Q13336-2,Q13336,0.889386911,87.41573034,,,insertion
Q9Y305-4,Q9Y305,0.91214288,97.99107143,,,insertion
Q8N2F6-2,Q8N2F6,0.811932452,89.79591837,47,81,deletion
Q99578-2,Q99578,0.715259068,66.51376147,143,217,substitution
Q6P461-2,Q6P461,0.628446179,37.21413721,2,480,substitution
P78539-2,P78539,0.905088861,90.21276596,2,52,substitution
Q08431-3,Q08431,0.867375589,86.56330749,291,342,deletion
P11464-4,P11464,0.914258279,97.41784038,415,419,substitution
Q13557-9,Q13557,0.904961164,93.7254902,329,499,substitution
P25103-3,P25103,0.852174736,76.41277641,312,407,deletion
Q9UNH6-2,Q9UNH6,0.772882979,86.82170543,312,362,deletion
Q9GZU0-2,Q9GZU0,0.810880857,82.53275109,2,43,substitution
Q9H2P9-3,Q9H2P9,0.867794207,80.70175439,88,143,substitution
Q8NHH9-5,Q8NHH9,0.772184227,93.6535163,2,39,substitution
B9EJG8-2,B9EJG8,0.699244682,72.28915663,142,210,deletion
P31948-2,P31948,0.756936483,91.52542373,3,3,substitution
Q9UJT1-5,Q9UJT1,0.8368129,86.75496689,359,420,substitution
Q8IXJ6-2,Q8IXJ6,0.90188126,90.48843188,2,38,deletion
O00463-2,O00463,0.421244342,98.06338028,,,insertion
P27361-2,P27361,0.692449491,88.39050132,259,302,deletion
Q9Y694-2,Q9Y694,0.990918384,99.6350365,132,133,deletion
Q9NVK5-2,Q9NVK5,0.430213915,84.98023715,133,170,deletion
A5PLN9-7,A5PLN9,0.809896627,70.04716981,183,417,substitution
Q9H6X2-2,Q9H6X2,0.7214427,64.53900709,365,564,substitution
P47804-3,P47804,0.846373327,86.94158076,212,249,deletion
Q4G1C9-2,Q4G1C9,0.688226021,63.84180791,225,344,substitution
Q16589-2,Q16589,0.887466689,88.08139535,304,344,substitution
P49758-11,P49758,0.843302992,88.8185654,286,472,substitution
Q969M1-2,Q969M1,0.899715409,88.96103896,93,126,deletion
Q9UBK9-2,Q9UBK9,0.911864876,92.89940828,,,insertion
O95870-2,O95870,0.853459125,86.41975309,2,85,substitution
Q9UMR7-2,Q9UMR7,0.635935761,85.65400844,67,100,substitution
Q96AZ1-3,Q96AZ1,0.778484226,58.33333333,2,97,substitution
P18510-3,P18510,0.855200838,82.29166667,2,21,substitution
P23416-3,P23416,0.867431999,80.30973451,2,90,deletion
Q9Y2D2-2,Q9Y2D2,0.940915912,88.55585831,,,insertion
P48048-2,P48048,0.943229032,95.14066496,2,20,deletion
Q13451-2,Q13451,0.675070683,48.31223629,223,457,substitution
Q8NG50-3,Q8NG50,0.695380328,46.85314685,134,284,substitution
Q9NXA8-3,Q9NXA8,0.913840036,94.19354839,189,206,deletion
Q9Y2C4-4,Q9Y2C4,0.845825253,86.41304348,56,105,deletion
Q6NT32-2,Q6NT32,0.731447713,91.30434783,425,474,deletion
Q8TCA0-2,Q8TCA0,0.743898292,72.82608696,28,77,deletion
Q9P2W7-2,Q9P2W7,0.869127672,96.25360231,,,insertion
Q9H1Z4-2,Q9H1Z4,0.806870011,81.03092784,2,93,deletion
Q9H4I8-3,Q9H4I8,0.56271488,39.18495298,14,193,deletion
P15692-5,P15692,0.623426277,74.13793103,2,395,substitution
P12532-2,P12532,0.86217576,93.08035714,,,insertion
P53367-3,P53367,0.552843161,51.74262735,32,211,deletion
Q9C035-4,Q9C035,0.734768271,61.05476673,299,493,substitution
O76083-4,O76083,0.746845005,76.5993266,24,165,substitution
P49368-2,P49368,0.914822885,93.02752294,32,69,deletion
Q9BZZ5-5,Q9BZZ5,0.798334461,84.92366412,24,524,substitution
Q9UNS2-2,Q9UNS2,0.93230961,95.27186761,2,21,deletion
P10599-2,P10599,0.774589851,80.95238095,44,63,deletion
Q8NBI6-3,Q8NBI6,0.672463933,34.55882353,2,262,substitution
P62495-2,P62495,0.778645496,92.44851259,2,34,deletion
P48048-3,P48048,0.911619241,95.71788413,2,12,substitution
Q9BXD5-4,Q9BXD5,0.817380169,68.11145511,203,320,substitution
Q9Y2C5-2,Q9Y2C5,0.904705669,89.13480885,2,55,deletion
Q9UHP7-6,Q9UHP7,0.732781613,80.62827225,21,57,deletion
Q9BXN2-5,Q9BXN2,0.672438737,68.01619433,36,114,deletion
O60259-3,O60259,0.571905545,45.76923077,24,164,deletion
Q8NER5-2,Q8NER5,0.605805565,68.15415822,102,258,deletion
Q86TW2-2,Q86TW2,0.870626377,98.67924528,74,80,deletion
Q5QGZ9-4,Q5QGZ9,0.864354615,87.16981132,31,64,substitution
P15529-4,P15529,0.718369594,86.66666667,286,392,substitution
Q9UJW3-2,Q9UJW3,0.944090313,99.74160207,,,insertion
P61019-2,P61019,0.894380414,88.67924528,18,41,deletion
P51157-3,P51157,0.909536456,87.78280543,192,221,substitution
Q7Z4H3-2,Q7Z4H3,0.818159185,83.33333333,70,103,deletion
P49407-2,P49407,0.910888379,98.0861244,334,341,deletion
Q9UIJ7-3,Q9UIJ7,0.778729156,82.37885463,51,90,deletion
Q8N635-2,Q8N635,0.686355067,93.84288747,,,insertion
O95925-3,O95925,0.73585657,72.77777778,131,133,substitution
P11511-2,P11511,0.623483593,41.74950298,210,503,substitution
Q7Z3Q1-3,Q7Z3Q1,0.874438017,83.73101952,2,76,deletion
P15538-2,P15538,0.847152669,86.87872763,401,466,deletion
Q7Z3Q1-2,Q7Z3Q1,0.959388033,99.56803456,,,insertion
P08631-3,P08631,0.963851217,95.81749049,3,76,substitution
Q96JD6-3,Q96JD6,0.849169774,77.8125,196,320,substitution
Q9BPV8-2,Q9BPV8,0.889986297,94.06779661,2,22,deletion
Q99436-2,Q99436,0.472544779,47.5177305,133,277,substitution
Q9BW60-2,Q9BW60,0.596715769,90.32258065,80,106,deletion
Q16635-5,Q16635,0.882903368,95.20547945,125,164,substitution
Q9BWP8-6,Q9BWP8,0.704244333,76.38376384,2,67,substitution
Q0VAM2-2,Q0VAM2,0.919645861,91.1205074,60,147,substitution
P08709-2,P08709,0.833752428,95.27896996,22,43,deletion
Q9P055-5,Q9P055,0.970563928,95.92476489,2,8,substitution
Q8TDB8-5,Q8TDB8,0.944862183,89.67391304,2,29,substitution
Q8TC84-3,Q8TC84,0.672447351,92.99191375,,,insertion
A2A288-3,A2A288,0.492711598,43.0740038,228,527,deletion
P55058-3,P55058,0.823703483,80.73022312,68,162,deletion
O75354-2,O75354,0.920181679,96.28099174,2,18,deletion
Q86VW1-3,Q86VW1,0.921384704,88.56152513,509,576,substitution
Q9Y421-3,Q9Y421,0.443357979,78.57142857,2,24,substitution
Q99447-2,Q99447,0.782827519,79.94858612,2,79,deletion
Q96SQ9-2,Q96SQ9,0.920435228,86.54867257,488,504,substitution
P20809-2,P20809,0.760912878,60.30150754,2,80,deletion
Q12887-2,Q12887,0.725321343,53.00668151,2,207,substitution
Q8N456-2,Q8N456,0.783383986,97.70114943,256,261,deletion
Q969M7-6,Q969M7,0.844486048,88.64864865,149,169,deletion
Q8N2H9-2,Q8N2H9,0.90217786,94.88272921,52,75,deletion
Q6P4A7-2,Q6P4A7,0.886587146,89.91097923,85,337,substitution
Q86YT9-3,Q86YT9,0.776373596,65.2284264,258,394,substitution
Q9UJ83-4,Q9UJ83,0.913009452,89.61937716,128,365,substitution
P0DMM9-2,P0DMM9,0.754156016,56.06557377,167,294,substitution
Q969K4-3,Q969K4,0.876606684,90.53497942,2,40,substitution
O60861-1,O60861,0.722793611,86.55462185,2,65,deletion
P31689-2,P31689,0.721008121,82.11586902,327,397,substitution
Q86WB7-2,Q86WB7,0.9124228,90.80962801,167,208,deletion
P67812-4,P67812,0.835083777,78.19148936,146,179,substitution
P08631-2,P08631,0.970879399,96.00760456,3,23,deletion
Q9UJA2-2,Q9UJA2,0.804480252,66.44518272,2,102,substitution
Q96PB7-5,Q96PB7,0.663243729,80.12552301,3,97,deletion
Q9Y639-1,Q9Y639,0.677247928,70.60301508,31,147,substitution
P51553-2,P51553,0.847186764,88.6977887,361,393,substitution
Q9NZI2-3,Q9NZI2,0.871569503,82.81938326,2,40,deletion
Q86Y07-2,Q86Y07,0.804340678,77.55905512,395,508,substitution
Q13454-2,Q13454,0.90169451,98.85057471,344,348,substitution
P55008-2,P55008,0.68100876,63.26530612,2,55,deletion
Q96P63-2,Q96P63,0.957281274,95.29411765,,,insertion
P06730-3,P06730,0.84864164,89.87341772,2,6,substitution
Q15131-2,Q15131,0.868960624,80.27777778,2,72,deletion
Q9ULV4-3,Q9ULV4,0.85031662,89.943074,,,insertion
Q16576-2,Q16576,0.931863964,89.33901919,3,6,substitution
Q99963-3,Q99963,0.752909403,94.08450704,2,14,substitution
Q9NQH7-3,Q9NQH7,0.69825156,51.66340509,265,506,substitution
Q6UXG8-3,Q6UXG8,0.591097776,60.44776119,320,535,substitution
Q8NG50-8,Q8NG50,0.705705195,46.83098592,134,284,substitution
P24071-5,P24071,0.751255946,69.6969697,12,287,substitution
Q495A1-2,Q495A1,0.688998593,68.03278689,167,244,substitution
Q5SWX8-3,Q5SWX8,0.842946377,73.34801762,334,454,substitution
Q96S37-2,Q96S37,0.845440533,80.47016275,170,277,deletion
P07101-3,P07101,0.862767201,94.12878788,31,61,deletion
Q7KYR7-3,Q7KYR7,0.500725898,71.15749526,2,153,deletion
Q99571-3,Q99571,0.940229204,93.04123711,149,175,deletion
Q08209-2,Q08209,0.833415121,98.0806142,448,457,deletion
P49842-3,P49842,0.774174614,70.10869565,,,insertion
P20813-2,P20813,0.764179244,54.78087649,2,321,substitution
Q0GE19-1,Q0GE19,0.708743931,93.01675978,332,340,substitution
Q13098-5,Q13098,0.894673148,99.18533605,104,107,deletion
Q7RTN6-5,Q7RTN6,0.893017248,86.54292343,3,60,deletion
O60671-3,O60671,0.505686652,23.75886525,67,282,substitution
Q6UXH1-6,Q6UXH1,0.898876514,91.42091153,337,353,substitution
Q00059-2,Q00059,0.559674534,86.99186992,149,180,deletion
Q8IYM9-2,Q8IYM9,0.658257418,99.19678715,174,177,deletion
Q96FM1-2,Q96FM1,0.628808705,84.0625,94,144,deletion
Q16619-2,Q16619,0.969538936,99.50248756,9,9,deletion
Q5T7W7-2,Q5T7W7,0.56708982,28.48837209,2,516,substitution
Q8WVV5-5,Q8WVV5,0.651234496,59.84703633,32,241,deletion
Q6GPH4-5,Q6GPH4,0.587226528,44.96855346,141,301,substitution
Q9UIB8-5,Q9UIB8,0.775163617,72.11267606,255,345,substitution
Q8NFJ9-2,Q8NFJ9,0.905042628,91.19496855,2,16,substitution
Q9UJX3-2,Q9UJX3,0.935319212,89.48247078,503,565,substitution
Q96DT0-3,Q96DT0,0.569872629,97.32142857,200,208,deletion
Q8IVS8-5,Q8IVS8,0.687362409,41.47727273,2,523,substitution
P16871-3,P16871,0.666858483,52.4838013,237,459,substitution
Q8IY49-3,Q8IY49,0.741885747,66.54545455,157,270,substitution
Q8NCQ5-2,Q8NCQ5,0.914470513,85.09803922,2,77,deletion
Q8IU57-4,Q8IU57,0.628287454,43.95393474,224,520,substitution
Q9H857-2,Q9H857,0.893392062,86.0670194,2,40,substitution
Q14558-2,Q14558,0.896283738,92.46753247,,,insertion
O75865-2,O75865,0.920518791,91.90751445,,,insertion
Q2HXU8-2,Q2HXU8,0.500994939,82.24637681,228,276,substitution
Q6XPS3-2,Q6XPS3,0.747416085,92.33716475,132,171,deletion
Q9NVS9-3,Q9NVS9,0.833455482,93.10344828,122,139,deletion
Q9Y5N1-6,Q9Y5N1,0.792457536,73.93258427,227,342,deletion
O00233-3,O00233,0.465306717,52.91479821,47,151,deletion
Q9UNP4-3,Q9UNP4,0.864511644,93.77990431,2,28,substitution
Q8NG50-12,Q8NG50,0.892210279,78.7456446,223,284,substitution
Q5VXD3-4,Q5VXD3,0.738318765,83.60655738,2,21,deletion
P37268-5,P37268,0.879120318,89.6882494,128,170,deletion
Q86UN3-2,Q86UN3,0.658560894,41.84397163,172,420,substitution
Q96GS6-3,Q96GS6,0.839113791,75.80645161,236,310,substitution
Q86TZ1-2,Q86TZ1,0.718692018,61.70886076,2,520,substitution
Q8TAV4-2,Q8TAV4,0.93304562,94.50171821,2,16,substitution
O15392-2,O15392,0.895955061,86.06060606,,,insertion
Q5RIA9-2,Q5RIA9,0.592480623,26.32911392,2,292,deletion
P10644-2,P10644,0.784020714,85.41666667,326,381,substitution
Q4U2R8-2,Q4U2R8,0.949443458,97.69094139,523,535,deletion
Q969N2-4,Q969N2,0.8435656,82.35294118,63,164,deletion
P49758-7,P49758,0.852350549,92.16101695,286,322,deletion
Q5VUD6-2,Q5VUD6,0.858988372,79.81438515,2,88,deletion
Q53EZ4-2,Q53EZ4,0.695664964,83.9055794,389,464,substitution
Q7Z5M8-2,Q7Z5M8,0.796879856,78.72928177,36,112,deletion
Q13505-3,Q13505,0.717051625,68.02575107,2,150,deletion
Q96CQ1-3,Q96CQ1,0.987750774,99.67845659,248,248,deletion
P27701-2,P27701,0.492914859,90.63670412,88,112,deletion
Q9H0T7-2,Q9H0T7,0.546786224,40.09433962,2,128,deletion
Q9BZZ5-1,Q9BZZ5,0.84046254,82.44274809,498,524,substitution
Q53H76-3,Q53H76,0.916482453,96.49122807,137,152,deletion
Q9Y281-3,Q9Y281,0.911478849,89.75903614,2,18,deletion
Q9BZ23-3,Q9BZ23,0.784707633,78.42105263,2,124,deletion
Q8IWU4-2,Q8IWU4,0.813699843,86.72086721,2,50,deletion
Q6UX73-2,Q6UX73,0.844022265,80.78817734,320,402,substitution
O43502-2,O43502,0.363556312,35.63829787,135,376,substitution
Q3KPI0-2,Q3KPI0,0.783329715,99.31740614,234,235,substitution
Q9UN36-2,Q9UN36,0.800874015,96.22641509,26,39,deletion
Q7Z3B1-2,Q7Z3B1,0.694664661,63.84180791,2,129,deletion
A6NC05-2,A6NC05,0.285862867,32.97297297,58,138,substitution
Q6UXX9-2,Q6UXX9,0.644662009,72.42798354,2,68,deletion
Q8TDX6-2,Q8TDX6,0.743630599,48.4962406,2,282,substitution
O43699-2,O43699,0.807473959,73.06034483,339,453,substitution
Q8N4S7-3,Q8N4S7,0.573042783,72.52747253,56,130,deletion
P27037-2,P27037,0.734796709,78.94736842,2,109,deletion
Q9NPH5-6,Q9NPH5,0.927652597,93.07958478,407,446,deletion
O60678-2,O60678,0.879202709,84.36911488,11,99,substitution
Q9NP99-2,Q9NP99,0.673656012,57.67634855,138,234,substitution
Q96IQ7-2,Q96IQ7,0.829289106,86.85015291,285,327,deletion
Q8TAM2-3,Q8TAM2,0.932182195,89.64879852,165,234,substitution
Q86V25-2,Q86V25,0.789723172,81.69014085,2,66,deletion
Q5JS13-4,Q5JS13,0.661129066,54.39856373,304,557,substitution
Q6ZUS6-3,Q6ZUS6,0.334097285,13.28413284,2,474,substitution
Q9NPQ8-2,Q9NPQ8,0.879634188,92.65536723,2,44,substitution
O75530-3,O75530,0.783011925,90.70294785,401,441,deletion
P60842-2,P60842,0.840445506,82.51231527,333,406,substitution
Q8TBF2-3,Q8TBF2,0.933351652,91.66666667,,,insertion
Q08623-3,Q08623,0.863403064,73.1092437,171,228,substitution
P32302-2,P32302,0.932404251,87.90322581,2,46,deletion
Q14773-2,Q14773,0.517378389,85.97785978,233,271,substitution
P15529-14,P15529,0.793464587,92.60204082,287,329,substitution
O43826-2,O43826,0.964111742,95.12195122,,,insertion
Q96MH6-2,Q96MH6,0.589169619,79.32098765,230,296,deletion
Q8NFU3-3,Q8NFU3,0.930016306,88.79310345,100,115,substitution
Q9NWS1-7,Q9NWS1,0.703249561,51.8134715,274,579,substitution
A4QPH2-4,A4QPH2,0.582519044,83.36134454,325,592,substitution
Q9HAC7-4,Q9HAC7,0.869322043,89.21348315,193,240,deletion
Q9H903-5,Q9H903,0.824579931,87.8962536,269,310,deletion
Q0VAA2-2,Q0VAA2,0.635831472,38.1147541,2,488,substitution
P13688-9,P13688,0.724028511,71.15749526,321,525,substitution
Q13868-2,Q13868,0.889778324,91.12627986,143,168,deletion
Q6UY01-4,Q6UY01,0.813404342,80.07246377,443,552,substitution
Q96GR4-2,Q96GR4,0.80326539,80.52434457,189,240,deletion
Q8NHH9-4,Q8NHH9,0.763973831,87.84246575,2,583,substitution
Q13363-2,Q13363,0.830108833,97.04545455,2,13,substitution
Q9Y226-2,Q9Y226,0.871103193,80.31914894,451,551,substitution
Q8NDZ6-3,Q8NDZ6,0.543494451,28.74743326,2,487,substitution
Q9P1W8-3,Q9P1W8,0.566889822,43.92764858,144,360,deletion
P60981-2,P60981,0.908100235,89.6969697,2,18,deletion
Q13557-5,Q13557,0.907717852,92.10019268,329,499,substitution
P53365-3,P53365,0.761425619,88.85630499,2,39,deletion
Q3KRA9-2,Q3KRA9,0.937059236,89.47368421,,,insertion
O43852-13,O43852,0.548083856,43.80952381,139,315,substitution
P48061-2,P48061,0.694036844,95.69892473,90,93,deletion
P37802-2,P37802,0.826061138,90.45454545,,,insertion
Q49AN0-2,Q49AN0,0.833705722,88.02698145,2,72,substitution
Q9NZN3-2,Q9NZN3,0.5445619,31.58878505,169,535,substitution
Q9H2U2-2,Q9H2U2,0.875685606,95.70200573,,,insertion
Q6PCB8-2,Q6PCB8,0.839929299,84.70948012,2,51,deletion
Q9Y6F1-2,Q9Y6F1,0.951324238,98.7037037,,,insertion
P83110-2,P83110,0.564274391,77.92494481,351,453,substitution
Q9Y3B3-2,Q9Y3B3,0.772687085,83.92857143,189,224,deletion
Q7Z5J1-7,Q7Z5J1,0.449150559,32.31707317,2,315,substitution
Q9BTE6-3,Q9BTE6,0.815054324,68.60068259,2,13,substitution
P24557-3,P24557,0.947339777,92.0552677,,,insertion
Q6UX41-4,Q6UX41,0.640344642,63.2,2,185,deletion
Q9NR63-2,Q9NR63,0.825994619,85.3515625,69,143,deletion
Q6ZNQ3-2,Q6ZNQ3,0.43275543,55.04322767,62,217,deletion
Q9BV86-2,Q9BV86,0.642290468,49.78354978,111,223,substitution
Q14790-3,Q14790,0.505292306,82.46346555,184,267,deletion
Q9H4I8-2,Q9H4I8,0.842724845,79.61783439,8,109,substitution
Q8N6C8-2,Q8N6C8,0.533586389,85.4214123,158,221,deletion
P36897-2,P36897,0.711059762,99.21104536,,,insertion
Q8TC17-2,Q8TC17,0.89302191,97.45762712,100,102,substitution
Q70IA6-2,Q70IA6,0.547105887,56.11814346,133,237,substitution
Q9H1P3-2,Q9H1P3,0.87849494,97.5,13,24,deletion
P61289-3,P61289,0.914138995,89.66789668,2,13,substitution
Q9Y5Y0-2,Q9Y5Y0,0.660412884,50.27027027,2,277,deletion
O95861-2,O95861,0.908805528,84.93975904,277,308,substitution
P19256-2,P19256,0.884360152,94.0,236,250,substitution
O95674-2,O95674,0.727578234,54.60674157,2,444,substitution
Q9NYJ1-2,Q9NYJ1,0.763477077,90.625,,,insertion
Q9NSC5-3,Q9NSC5,0.604774912,35.1800554,124,361,substitution
Q13907-2,Q13907,0.892403248,79.92957746,,,insertion
P62273-2,P62273,0.851797725,82.08955224,55,56,substitution
Q9H6D7-4,Q9H6D7,0.632185219,87.60330579,111,155,deletion
Q7Z4I7-4,Q7Z4I7,0.598410543,55.42521994,2,153,deletion
Q14994-13,Q14994,0.618525334,85.71428571,233,352,substitution
Q6XPS3-4,Q6XPS3,0.68720642,58.63377609,40,522,substitution
Q2TAY7-2,Q2TAY7,0.774424605,68.61598441,2,162,deletion
Q9Y6M0-2,Q9Y6M0,0.902919647,99.36305732,87,88,deletion
O60779-2,O60779,0.666514018,59.55734406,69,269,deletion
Q969M7-3,Q969M7,0.723959147,82.7027027,40,71,deletion
Q6ZVK8-2,Q6ZVK8,0.6818957,61.58536585,2,125,substitution
P19256-3,P19256,0.901283573,98.8,248,250,substitution
O60861-4,O60861,0.719289791,87.18487395,2,61,deletion
Q9NXR7-1,Q9NXR7,0.944090008,88.91566265,364,383,substitution
P17706-2,P17706,0.787194485,92.53012048,382,415,substitution
Q9UMY4-3,Q9UMY4,0.84319352,97.5308642,52,55,deletion
P45984-5,P45984,0.737966702,54.71698113,230,424,substitution
Q15109-5,Q15109,0.557595945,28.07881773,113,404,substitution
Q64LD2-2,Q64LD2,0.751298848,50.18382353,2,274,substitution
Q15438-2,Q15438,0.859746352,99.74874372,273,273,deletion
Q06609-3,Q06609,0.802178253,73.29545455,259,339,substitution
Q9UNF0-2,Q9UNF0,0.728896078,91.56378601,344,384,deletion
O00748-4,O00748,0.901829011,89.72712681,,,insertion
Q9NZJ7-3,Q9NZJ7,0.665970047,43.95886889,2,302,substitution
Q9NZH6-2,Q9NZH6,0.819722325,77.72727273,3,49,substitution
O75648-5,O75648,0.627789526,37.64705882,161,421,substitution
Q8NI22-2,Q8NI22,0.717836382,64.38356164,2,53,deletion
Q9BUP3-3,Q9BUP3,0.92761956,87.68115942,,,insertion
P07098-4,P07098,0.879795339,89.46078431,2,107,substitution
Q8N371-2,Q8N371,0.549284378,52.88461538,167,362,deletion
Q30201-3,Q30201,0.57865987,95.97701149,207,220,deletion
Q9Y371-3,Q9Y371,0.531641036,72.60273973,2,101,deletion
Q6ZMG9-2,Q6ZMG9,0.87968159,97.95918367,,,insertion
Q9GZX7-2,Q9GZX7,0.910029517,94.94949495,143,152,deletion
O00481-3,O00481,0.594300734,66.73076923,340,513,substitution
Q9BWP8-5,Q9BWP8,0.685622486,82.28782288,45,92,deletion
P36896-5,P36896,0.687654463,89.7029703,2,53,deletion
Q6ZMD2-2,Q6ZMD2,0.74696421,73.8791423,2,134,substitution
Q9NRC1-5,Q9NRC1,0.784230863,81.8336163,2,585,substitution
Q9BRV3-3,Q9BRV3,0.794688251,75.56561086,95,148,deletion
Q9BVC4-4,Q9BVC4,0.69421787,55.36231884,2,324,substitution
Q6PI73-2,Q6PI73,0.59142413,39.70893971,192,481,substitution
Q9BY41-7,Q9BY41,0.660791196,39.52254642,147,377,substitution
Q9HCJ1-2,Q9HCJ1,0.684957172,59.75609756,2,199,deletion
P38405-2,P38405,0.884445878,75.54585153,3,41,substitution
Q96N66-2,Q96N66,0.856131802,78.48101266,2,111,substitution
Q92600-2,Q92600,0.901110948,90.33232628,,,insertion
Q6UW15-2,Q6UW15,0.630646085,73.71428571,66,111,deletion
Q9H6A0-2,Q9H6A0,0.911981101,96.81528662,2,22,substitution
Q86VW1-2,Q86VW1,0.9220367,91.68110919,2,89,substitution
O00463-3,O00463,0.458905141,80.96947935,128,233,deletion
Q16635-2,Q16635,0.881073413,91.78082192,2,123,substitution
Q8N6Q1-2,Q8N6Q1,0.692553714,77.77777778,224,288,substitution
Q9C075-2,Q9C075,0.455957634,67.53554502,2,138,deletion
O43405-2,O43405,0.708462789,89.45454545,493,550,substitution
Q7Z7E8-2,Q7Z7E8,0.704058437,59.95260664,2,170,deletion
Q9UGQ3-2,Q9UGQ3,0.882479369,87.77120316,346,407,deletion
Q8TAQ9-2,Q8TAQ9,0.685419886,69.64769648,2,287,substitution
P56704-2,P56704,0.912328716,91.42857143,,,insertion
Q8IUN9-2,Q8IUN9,0.54364307,90.59561129,118,173,substitution
Q8N0S2-2,Q8N0S2,0.58460533,78.34757835,2,351,substitution
Q969N2-5,Q969N2,0.852842758,90.31141869,109,164,deletion
Q96A29-2,Q96A29,0.934147317,96.42857143,2,14,deletion
Q96M98-2,Q96M98,0.778481145,86.82432432,205,243,deletion
Q9C037-2,Q9C037,0.716072739,94.8,132,157,deletion
Q6P9G0-2,Q6P9G0,0.774408774,67.98245614,153,228,substitution
P35613-2,P35613,0.740678232,69.87012987,25,140,deletion
O75469-5,O75469,0.651228292,78.80184332,2,210,substitution
Q9H6D7-2,Q9H6D7,0.356909664,65.2892562,111,236,deletion
Q9NWM0-4,Q9NWM0,0.870149354,85.81196581,283,510,substitution
Q96LI5-2,Q96LI5,0.698996815,82.38434164,128,555,substitution
P05155-2,P05155,0.862622416,89.6,2,53,deletion
P15509-4,P15509,0.80850807,68.0,271,400,substitution
P32121-3,P32121,0.890457088,97.14964371,,,insertion
P31260-2,P31260,0.496902148,22.19512195,2,319,substitution
Q8TCC7-2,Q8TCC7,0.951103548,98.36660617,,,insertion
P48454-3,P48454,0.873528408,98.27255278,,,insertion
Q13404-2,Q13404,0.859558945,80.0,2,14,substitution
P62070-3,P62070,0.779435863,82.35294118,2,36,deletion
P48061-3,P48061,0.648229825,74.78991597,90,93,substitution
O43741-2,O43741,0.747327011,62.5,2,107,substitution
Q8WXH4-3,Q8WXH4,0.838650421,78.76106195,2,60,substitution
Q86Y07-5,Q86Y07,0.771887252,77.55905512,395,508,substitution
P07101-4,P07101,0.785433771,94.88636364,35,61,deletion
P56180-3,P56180,0.876753088,93.10344828,41,78,deletion
Q8TCF1-2,Q8TCF1,0.663779939,60.07462687,3,109,deletion
Q5JVF3-4,Q5JVF3,0.935543615,88.0794702,,,insertion
Q16270-2,Q16270,0.86484604,98.22695035,278,282,substitution
Q93097-2,Q93097,0.835444639,83.49753695,3,61,substitution
Q96S37-3,Q96S37,0.758792667,60.03616637,2,222,deletion
P43088-6,P43088,0.73526111,74.09470752,267,359,substitution
O14972-2,O14972,0.75941503,90.90909091,118,144,deletion
Q96RS6-3,Q96RS6,0.885033221,84.39108062,2,91,substitution
Q8WUT9-2,Q8WUT9,0.671370072,84.75073314,34,85,deletion
P27930-2,P27930,0.721133534,74.3718593,297,398,deletion
Q9H939-2,Q9H939,0.825438874,68.08510638,248,334,substitution
Q8NBJ7-5,Q8NBJ7,0.718076547,72.09302326,114,197,deletion
Q9P0W2-2,Q9P0W2,0.555483504,67.82334385,2,103,deletion
P26951-2,P26951,0.723496476,79.1005291,22,100,substitution
Q9UL15-2,Q9UL15,0.916231802,91.59836066,,,insertion
P61758-2,P61758,0.887454441,84.31372549,3,31,substitution
P16871-2,P16871,0.577437152,64.13043478,293,459,substitution
Q8N6C8-3,Q8N6C8,0.924098063,96.27192982,,,insertion
Q9Y573-2,Q9Y573,0.914920071,93.61344538,551,583,substitution
Q12933-2,Q12933,0.908184473,90.59674503,,,insertion
Q03181-3,Q03181,0.732319139,90.24943311,2,43,substitution
P21128-2,P21128,0.791231801,90.0,19,59,deletion
P48061-5,P48061,0.725744239,94.62365591,89,93,substitution
P17342-2,P17342,0.943706125,99.63031423,476,477,substitution
Q8NCF5-2,Q8NCF5,0.480162963,32.93556086,2,282,deletion
Q9NRC1-6,Q9NRC1,0.794190584,80.475382,2,585,substitution
Q495B1-2,Q495B1,0.783029908,93.8697318,356,387,deletion
Q8NC56-2,Q8NC56,0.542131568,39.96023857,2,303,deletion
Q15185-3,Q15185,0.69456094,81.25,96,125,deletion
Q3B8N2-2,Q3B8N2,0.972542308,99.71910112,210,210,deletion
P35914-2,P35914,0.825026706,78.15384615,118,188,deletion
P16298-4,P16298,0.931200515,99.80952381,,,insertion
O43172-2,O43172,0.702753893,99.80842912,10,10,deletion
O43837-3,O43837,0.76147657,53.51758794,2,177,substitution
Q9Y697-3,Q9Y697,0.835612753,88.84026258,137,187,deletion
P30626-3,P30626,0.890372814,87.0,2,198,substitution
P46734-2,P46734,0.901123969,91.6426513,2,30,deletion
Q9H1X3-2,Q9H1X3,0.739900285,66.11111111,2,123,deletion
P24071-10,P24071,0.724778147,95.81881533,12,23,deletion
Q99572-5,Q99572,0.625347565,42.66886326,206,595,substitution
O75414-2,O75414,0.711881262,63.97849462,65,131,deletion
Q8IVS8-4,Q8IVS8,0.744931289,65.53030303,340,523,substitution
Q75MW2-2,Q75MW2,0.724062166,69.67741935,109,155,substitution
P35240-9,P35240,0.514556915,25.71428571,150,579,deletion
Q96H96-3,Q96H96,0.802388831,86.25336927,318,371,substitution
Q9NVF9-3,Q9NVF9,0.468023607,89.37823834,173,213,deletion
Q9UKJ1-4,Q9UKJ1,0.60327763,51.14006515,152,303,substitution
Q8N819-3,Q8N819,0.514914039,26.04651163,2,319,deletion
Q6ZVZ8-2,Q6ZVZ8,0.866873555,85.62367865,2,68,substitution
O95379-4,O95379,0.856291824,90.52132701,2,10,substitution
Q9H633-3,Q9H633,0.801659959,75.75757576,123,154,substitution
Q9NQH7-5,Q9NQH7,0.692134805,53.25443787,265,506,substitution
Q8WXA2-2,Q8WXA2,0.704639173,90.47619048,31,42,deletion
O43709-2,O43709,0.781302221,61.16838488,171,281,substitution
Q9BZX2-2,Q9BZX2,0.540624945,42.52873563,2,151,deletion
Q92526-2,Q92526,0.945780069,91.50943396,68,112,deletion
Q8TAU3-2,Q8TAU3,0.620440819,65.39130435,2,200,deletion
Q9BUK6-2,Q9BUK6,0.966263722,99.8245614,500,500,deletion
Q13557-10,Q13557,0.889984385,93.17738791,330,499,substitution
Q8N9A8-2,Q8N9A8,0.907110154,88.02816901,,,insertion
Q8NBT0-3,Q8NBT0,0.692015644,90.66339066,2,39,deletion
Q9NVH1-2,Q9NVH1,0.819263276,93.20214669,465,502,deletion
Q9UIR0-3,Q9UIR0,0.447619753,58.24175824,143,482,substitution
Q9NQT6-2,Q9NQT6,0.774256699,60.39215686,2,498,substitution
Q9BV57-2,Q9BV57,0.868413316,80.66298343,2,40,substitution
Q8IXQ5-3,Q8IXQ5,0.552051433,25.88832487,149,586,substitution
Q8NG11-2,Q8NG11,0.905150515,93.7037037,28,44,deletion
Q9H8M1-2,Q9H8M1,0.851833623,81.93277311,2,44,deletion
Q9UGN5-2,Q9UGN5,0.885165896,97.77015437,68,80,deletion
O14931-2,O14931,0.705729941,82.77511962,167,201,substitution
O15315-2,O15315,0.899627381,89.6373057,346,384,substitution
Q9H0V9-2,Q9H0V9,0.824047572,96.93593315,,,insertion
Q6V702-1,Q6V702,0.656435255,93.2,,,insertion
P08887-2,P08887,0.812633358,76.11940299,356,468,substitution
Q15051-2,Q15051,0.375990833,77.75919732,196,328,deletion
Q8WWU5-3,Q8WWU5,0.842980653,87.47514911,2,64,deletion
Q8NFX7-2,Q8NFX7,0.743385239,96.66666667,204,210,substitution
Q6UX41-6,Q6UX41,0.673206927,76.8,17,132,deletion
Q8IZK6-2,Q8IZK6,0.96661471,95.05300353,3,30,deletion
Q9UGM6-2,Q9UGM6,0.690823025,59.44444444,212,360,substitution
P15529-6,P15529,0.744864746,86.91358025,287,392,substitution
Q9Y606-2,Q9Y606,0.937022047,93.44262295,2,29,deletion
P07307-3,P07307,0.635592147,92.2829582,24,86,substitution
Q969Q1-2,Q969Q1,0.614935271,92.06798867,106,133,deletion
Q9NR63-3,Q9NR63,0.929770433,85.20599251,2,67,substitution
Q92599-3,Q92599,0.770158706,76.39751553,2,483,substitution
Q9NZH6-4,Q9NZH6,0.801120573,89.90825688,28,49,substitution
Q9UMR7-3,Q9UMR7,0.722792036,83.12236287,28,67,substitution
O60942-2,O60942,0.762338732,96.14740369,424,446,deletion
Q13639-7,Q13639,0.943864678,92.5257732,360,388,deletion
C9JJ37-2,C9JJ37,0.615602397,48.65771812,139,291,substitution
Q8N9B8-2,Q8N9B8,0.984085827,98.36400818,,,insertion
Q11203-5,Q11203,0.874280039,92.0,249,278,deletion
P42679-2,P42679,0.872622684,94.00386847,2,24,substitution
O60493-4,O60493,0.729325381,86.41975309,33,54,deletion
Q6RFH5-2,Q6RFH5,0.830046378,95.06493506,308,326,deletion
Q15438-3,Q15438,0.876065409,85.1758794,2,60,deletion
Q16836-2,Q16836,0.901015307,80.51282051,2,236,substitution
O43688-3,O43688,0.788750699,80.55555556,2,57,deletion
P34998-5,P34998,0.706254387,54.05405405,2,176,deletion
Q13639-3,Q13639,0.926800329,92.5257732,360,388,substitution
P61313-2,P61313,0.801807582,55.90909091,121,204,substitution
O76083-5,O76083,0.632680728,85.54621849,74,165,substitution
P78314-2,P78314,0.46502144,14.74245115,81,561,substitution
Q9H492-2,Q9H492,0.88106117,83.33333333,2,13,substitution
Q8N983-2,Q8N983,0.729907218,80.53097345,177,215,substitution
Q9H2R5-3,Q9H2R5,0.651489831,62.5,161,256,substitution
P01009-2,P01009,0.820654353,84.92822967,356,418,substitution
P42126-2,P42126,0.861877845,94.37086093,172,188,deletion
O60931-2,O60931,0.945393247,90.5,363,367,substitution
Q16653-5,Q16653,0.930047559,96.06299213,244,247,substitution
O75678-3,O75678,0.677121489,76.82291667,2,88,substitution
P98173-2,P98173,0.772980983,92.60869565,112,128,deletion
P15692-3,P15692,0.573302836,90.0862069,2,345,substitution
P51959-2,P51959,0.60314899,54.57627119,2,135,deletion
Q9BXJ4-2,Q9BXJ4,0.668175,80.48780488,46,104,substitution
Q8NHH9-2,Q8NHH9,0.786244669,94.51114923,546,583,substitution
Q5R372-9,Q5R372,0.263595796,5.147058824,2,780,substitution
Q8TEB1-3,Q8TEB1,0.793538489,70.12302285,2,159,substitution
Q11203-23,Q11203,0.519966387,46.0106383,40,375,substitution
P49758-10,P49758,0.840658318,87.24279835,286,472,substitution
Q8N431-2,Q8N431,0.780041318,67.59656652,2,152,deletion
Q11203-21,Q11203,0.555969749,61.06666667,40,346,substitution
P43487-2,P43487,0.84048287,99.50248756,169,169,deletion
Q969S0-3,Q969S0,0.793568827,75.52870091,251,331,substitution
Q9BSH3-2,Q9BSH3,0.759546902,78.40375587,166,213,substitution
Q8IVI9-2,Q8IVI9,0.651417915,94.46640316,38,65,deletion
Q9HC07-2,Q9HC07,0.849126998,79.01234568,2,69,substitution
Q9UEU0-2,Q9UEU0,0.598191244,73.70689655,2,62,deletion
A6NEC2-3,A6NEC2,0.489419547,33.89121339,163,478,substitution
O76036-6,O76036,0.731987606,99.67105263,228,228,deletion
Q5T2R2-3,Q5T2R2,0.92193192,90.12048193,2,41,substitution
P36639-1,P36639,0.817453172,79.18781726,,,insertion
P00749-2,P00749,0.86579799,91.79954442,2,29,substitution
Q7Z5J1-2,Q7Z5J1,0.726534774,73.17073171,224,315,substitution
P15428-5,P15428,0.792837454,74.43609023,73,140,deletion
Q14449-2,Q14449,0.783392454,78.62318841,2,108,substitution
Q9NXP7-3,Q9NXP7,0.438636913,40.76190476,214,522,substitution
P15260-2,P15260,0.5915063,31.72690763,2,489,substitution
Q6ZP80-3,Q6ZP80,0.648233539,48.0349345,2,120,deletion
Q5XUX0-2,Q5XUX0,0.823074508,79.03525046,2,113,substitution
P58499-2,P58499,0.710981494,85.76642336,,,insertion
Q8TB61-3,Q8TB61,0.915442295,88.65740741,2,50,deletion
Q7LG56-2,Q7LG56,0.813190711,85.18518519,17,68,deletion
Q9UIR0-2,Q9UIR0,0.515924397,74.68879668,143,236,deletion
Q9BXN2-2,Q9BXN2,0.625209421,81.37651822,68,113,deletion
Q9BRX5-2,Q9BRX5,0.679729623,63.88888889,63,140,deletion
Q07812-4,Q07812,0.478134157,74.47916667,30,78,deletion
Q96QD8-2,Q96QD8,0.877585661,79.24901186,3,105,substitution
P35240-6,P35240,0.847963395,90.42016807,39,595,substitution
Q6YBV0-2,Q6YBV0,0.823442749,73.21428571,3,137,deletion
Q86W50-2,Q86W50,0.662931129,38.72113677,214,562,substitution
Q6UY01-2,Q6UY01,0.821791771,89.85507246,107,162,deletion
Q15109-10,Q15109,0.857713329,92.82178218,374,404,substitution
P41145-2,P41145,0.811059674,76.57894737,2,90,deletion
Q9NRC1-2,Q9NRC1,0.725130504,90.15280136,215,585,substitution
Q13371-2,Q13371,0.603292508,72.42524917,2,84,deletion
Q5JPH6-2,Q5JPH6,0.939079422,94.38202247,497,523,substitution
O14788-2,O14788,0.625649792,76.97160883,2,74,deletion
Q13257-2,Q13257,0.54714733,38.53658537,74,205,substitution
O43752-2,O43752,0.427784972,60.39215686,2,102,deletion
Q9NQ48-2,Q9NQ48,0.535741544,94.31438127,2,18,deletion
Q9UIV8-2,Q9UIV8,0.866261053,86.70076726,206,257,deletion
Q99536-3,Q99536,0.754777652,82.69720102,62,129,deletion
P51965-3,P51965,0.774673647,91.19170984,51,67,deletion
Q96FL8-3,Q96FL8,0.938717621,95.56313993,559,570,substitution
P13716-2,P13716,0.903905163,83.05555556,2,38,substitution
Q9BUK6-3,Q9BUK6,0.960038413,97.89473684,489,500,deletion
Q8TDH9-2,Q8TDH9,0.453163171,57.7540107,109,187,substitution
P40227-2,P40227,0.924867192,91.52542373,68,112,deletion
O43852-14,O43852,0.533569934,42.7244582,2,315,substitution
Q92633-2,Q92633,0.925658542,95.64032698,2,15,substitution
Q9NRC1-3,Q9NRC1,0.717352579,88.96434635,117,585,substitution
P14314-2,P14314,0.975496195,98.29545455,337,346,substitution
P54578-2,P54578,0.845085915,92.91497976,66,100,deletion
Q8NCL8-2,Q8NCL8,0.668590662,72.70029674,,,insertion
Q7Z7H5-2,Q7Z7H5,0.913692666,92.95154185,59,74,deletion
Q96L92-3,Q96L92,0.884745847,97.22735675,527,541,substitution
Q6IC98-2,Q6IC98,0.49402737,17.47404844,2,478,deletion
Q9BQ51-2,Q9BQ51,0.484207698,66.66666667,121,211,substitution
Q70HW3-2,Q70HW3,0.735721839,67.88321168,2,89,deletion
Q8TDQ1-3,Q8TDQ1,0.583630236,48.46416382,2,290,substitution
Q9BUY7-4,Q9BUY7,0.499997234,34.96932515,58,163,substitution
Q9NRA2-2,Q9NRA2,0.68115288,55.35353535,274,495,substitution
Q9UQ49-2,Q9UQ49,0.909802966,92.84164859,,,insertion
O60942-4,O60942,0.649843475,82.43902439,504,597,substitution
Q13362-4,Q13362,0.813061113,78.93835616,2,480,substitution
P56817-3,P56817,0.770031136,91.21756487,146,189,deletion
Q9BSA9-2,Q9BSA9,0.808758289,76.98412698,2,117,deletion
O14681-3,O14681,0.911751749,95.88235294,15,28,deletion
Q8TF66-2,Q8TF66,0.79876492,98.97785349,,,insertion
Q9Y2P8-2,Q9Y2P8,0.707548772,47.98927614,2,195,substitution
Q9NWM0-6,Q9NWM0,0.87882561,94.87179487,,,insertion
Q8NFJ9-3,Q8NFJ9,0.489782558,73.99328859,242,593,substitution
Q7RTN6-6,Q7RTN6,0.723223068,71.6937355,13,431,substitution
Q9Y2Q3-2,Q9Y2Q3,0.893407148,80.14184397,,,insertion
Q14982-2,Q14982,0.813113524,93.33333333,2,27,substitution
Q8N6F1-2,Q8N6F1,0.9319847,93.75,210,223,substitution
Q9HAC7-2,Q9HAC7,0.848205027,86.62420382,120,363,substitution
P29350-4,P29350,0.875382748,86.44067797,559,593,substitution
P16562-2,P16562,0.895802782,87.41007194,,,insertion
P60880-2,P60880,0.942640584,95.63106796,58,89,substitution
Q9BZZ5-6,Q9BZZ5,0.851377489,96.3740458,2,23,substitution
O15315-1,O15315,0.90111054,89.84375,346,384,substitution
Q567V2-2,Q567V2,0.615672547,87.86407767,117,141,deletion
Q96CM3-2,Q96CM3,0.835847012,91.77718833,211,241,deletion
P51159-2,P51159,0.91959734,96.3800905,146,153,deletion
Q9NVR7-2,Q9NVR7,0.816615725,80.2513465,2,112,substitution
Q9HBI0-2,Q9HBI0,0.713850199,81.87311178,272,331,substitution
Q96SY0-3,Q96SY0,0.674432378,85.27724665,4,74,substitution
P51686-2,P51686,0.972717544,96.74796748,2,13,deletion
O14735-3,O14735,0.837923555,78.87323944,16,60,deletion
Q96RQ9-2,Q96RQ9,0.879669324,95.58573854,2,5,substitution
O15371-3,O15371,0.742808161,97.26277372,139,153,deletion
O75586-3,O75586,0.653877748,64.0,156,246,substitution
P55210-4,P55210,0.85773903,88.77887789,2,36,substitution
Q8IX04-6,Q8IX04,0.785510588,95.32908705,43,64,deletion
P59901-2,P59901,0.768315276,86.77354709,2,67,deletion
Q9H040-2,Q9H040,0.585739852,49.0797546,240,489,substitution
Q8N371-3,Q8N371,0.937573282,91.62995595,,,insertion
O95273-3,O95273,0.723538803,64.44444444,3,130,deletion
Q96SY0-2,Q96SY0,0.515648852,15.05791506,75,518,substitution
Q6ZQW0-2,Q6ZQW0,0.575343863,39.04761905,146,407,substitution
P35241-4,P35241,0.6475375,74.27101201,2,156,substitution
Q9NSA0-2,Q9NSA0,0.760452282,80.18181818,353,461,substitution
Q15109-4,Q15109,0.647558651,76.26728111,142,404,substitution
O75888-4,O75888,0.603462381,88.8,87,114,deletion
Q5TAA0-2,Q5TAA0,0.762756256,60.03460208,341,569,substitution
Q9BY44-3,Q9BY44,0.796447163,95.72649573,34,58,deletion
Q16718-2,Q16718,0.947046551,94.82758621,2,7,substitution
Q8WU39-5,Q8WU39,0.325661538,31.21693122,60,189,substitution
Q7Z7A4-7,Q7Z7A4,0.730943619,85.64013841,2,84,deletion
Q71UI9-3,Q71UI9,0.691391673,70.3125,28,65,deletion
Q8ND76-3,Q8ND76,0.868020649,84.16422287,2,55,deletion
Q14168-6,Q14168,0.650696654,93.92361111,2,74,substitution
Q13555-10,Q13555,0.64952923,88.53046595,331,425,substitution
P24468-3,P24468,0.739370009,63.04347826,2,154,deletion
Q9HAW0-2,Q9HAW0,0.895422856,94.51073986,11,33,deletion
Q9Y274-2,Q9Y274,0.768093718,64.04833837,3,144,substitution
P62899-2,P62899,0.887081969,92.1875,116,125,substitution
Q8TCJ0-3,Q8TCJ0,0.719173694,70.29177719,2,337,substitution
O95169-2,O95169,0.790678125,86.02150538,157,186,substitution
P59910-2,P59910,0.615735055,36.53250774,2,201,substitution
Q9NVH6-6,Q9NVH6,0.828086564,85.74821853,61,120,substitution
Q9NVX0-2,Q9NVX0,0.546220456,60.0,2,95,deletion
O60909-3,O60909,0.837836857,92.7680798,,,insertion
P11279-2,P11279,0.627840166,87.29016787,136,188,deletion
Q7RTN6-2,Q7RTN6,0.798170927,73.70786517,5,431,substitution
P20138-2,P20138,0.670042391,84.61538462,309,364,substitution
P78380-3,P78380,0.447622335,68.86446886,189,273,substitution
Q9UBB4-2,Q9UBB4,0.876040843,86.52631579,40,103,deletion
Q8TBR7-1,Q8TBR7,0.682184358,87.54863813,137,168,deletion
Q9UPM9-2,Q9UPM9,0.752351845,65.55023923,136,204,substitution
P53805-3,P53805,0.377518528,66.66666667,2,84,substitution
Q9NVQ4-2,Q9NVQ4,0.914128184,84.03755869,,,insertion
Q9H4B0-3,Q9H4B0,0.746210998,66.9047619,274,414,substitution
O00762-3,O00762,0.663178755,83.79888268,44,72,deletion
Q12792-3,Q12792,0.720979748,98.03921569,,,insertion
P62068-4,P62068,0.938654996,96.72131148,40,51,deletion
Q8WW14-2,Q8WW14,0.35744405,65.81196581,155,234,deletion
Q8TEB1-2,Q8TEB1,0.848231573,95.23809524,45,70,deletion
Q86V25-6,Q86V25,0.677683737,70.70422535,3,106,deletion
P31995-4,P31995,0.697544314,66.66666667,216,323,substitution
Q03181-4,Q03181,0.70858959,77.77777778,44,141,deletion
P15529-11,P15529,0.705683704,96.17346939,287,301,deletion
Q8N414-2,Q8N414,0.84173395,80.26315789,2,110,substitution
Q10471-2,Q10471,0.656387245,39.07849829,2,571,substitution
Q9Y624-2,Q9Y624,0.54320483,83.61204013,81,129,deletion
Q9BVK8-2,Q9BVK8,0.834100512,78.125,2,50,deletion
Q86WD7-7,Q86WD7,0.933939286,95.86206897,,,insertion
Q9BQA1-2,Q9BQA1,0.575365543,81.28654971,101,164,deletion
O75838-3,O75838,0.834647457,77.00534759,2,44,deletion
Q96LB4-3,Q96LB4,0.706206659,27.96610169,28,117,substitution
Q9NVC3-2,Q9NVC3,0.797758284,74.45887446,345,462,deletion
P35240-2,P35240,0.925474008,92.96,580,595,substitution
P50579-3,P50579,0.797423058,94.9790795,109,132,substitution
Q9H7P6-2,Q9H7P6,0.67257089,69.27899687,222,319,deletion
P13473-3,P13473,0.867370978,93.91727494,366,410,substitution
Q8NER5-4,Q8NER5,0.800871137,89.85801217,2,51,deletion
P01011-2,P01011,0.587602218,50.59101655,215,423,substitution
Q08AI6-2,Q08AI6,0.759306528,94.58128079,66,87,deletion
Q9H497-3,Q9H497,0.711177535,45.59193955,2,217,deletion
Q96IU4-2,Q96IU4,0.79474478,65.31531532,2,69,substitution
Q9NPH5-9,Q9NPH5,0.842326204,88.92733564,2,446,substitution
Q5FWF6-3,Q5FWF6,0.298680518,12.67605634,51,425,substitution
Q9Y371-2,Q9Y371,0.692611589,94.55958549,,,insertion
Q9BV94-2,Q9BV94,0.888818395,93.59861592,36,72,deletion
P42685-2,P42685,0.777852942,69.7029703,2,155,substitution
O76083-12,O76083,0.658317638,77.90893761,24,165,substitution
P51955-3,P51955,0.814849492,72.35955056,323,445,substitution
Q8NG11-3,Q8NG11,0.538631113,54.44444444,28,150,deletion
Q9UBV4-2,Q9UBV4,0.941537226,89.12466844,2,32,substitution
Q8NFF5-4,Q8NFF5,0.673221709,43.77104377,2,587,substitution
Q86UX6-2,Q86UX6,0.769740842,75.92592593,2,118,deletion
P49758-9,P49758,0.821725836,88.7755102,286,456,substitution
Q6ICL3-5,Q6ICL3,0.697446391,53.47222222,2,126,substitution
P33681-3,P33681,0.561966591,55.90277778,140,266,substitution
P15529-13,P15529,0.686313001,96.42857143,317,330,deletion
Q9HBY8-3,Q9HBY8,0.890296162,93.38422392,,,insertion
Q5T5S1-2,Q5T5S1,0.331350924,84.26966292,427,515,substitution
Q9UBM8-2,Q9UBM8,0.927503306,94.2800789,,,insertion
Q86TP1-7,Q86TP1,0.483597445,48.78587196,2,233,deletion
Q9Y2Y0-2,Q9Y2Y0,0.911979239,92.02453988,2,13,substitution
P15812-3,P15812,0.771284767,68.62244898,268,388,substitution
Q13510-3,Q13510,0.867416783,82.14285714,2,101,substitution
O76036-4,O76036,0.444828273,63.15789474,25,244,substitution
Q9NRA1-4,Q9NRA1,0.519550518,52.75362319,2,164,deletion
Q8N4Z0-1,Q8N4Z0,0.565312755,48.16513761,2,114,deletion
Q30201-4,Q30201,0.430864653,70.40229885,26,219,substitution
Q8N1B3-2,Q8N1B3,0.848745695,91.93548387,220,239,deletion
P24071-4,P24071,0.781062965,73.73737374,217,287,substitution
Q6UXL0-3,Q6UXL0,0.571688266,43.40836013,2,311,substitution
Q96B02-3,Q96B02,0.917026376,83.88888889,,,insertion
Q49A26-5,Q49A26,0.634753224,85.35262206,99,179,deletion
Q9UQ53-2,Q9UQ53,0.816676132,99.81751825,348,348,deletion
Q9UKR0-2,Q9UKR0,0.939299361,89.05660377,236,248,substitution
Q969M7-4,Q969M7,0.740301231,63.24324324,118,185,substitution
Q5HYI7-5,Q5HYI7,0.660888738,80.44871795,2,62,deletion
O43665-2,O43665,0.88450588,90.60773481,2,17,substitution
P17706-4,P17706,0.786919334,87.67123288,166,415,substitution
Q9NP94-2,Q9NP94,0.503164025,26.53721683,83,309,substitution
O95045-2,O95045,0.887916566,84.75935829,,,insertion
O15204-2,O15204,0.79048646,83.19148936,2,80,deletion
P35610-3,P35610,0.883348383,88.18181818,2,66,deletion
P40198-3,P40198,0.641082731,74.11764706,182,252,substitution
Q9UDY6-2,Q9UDY6,0.386632426,76.33744856,369,481,substitution
Q99418-2,Q99418,0.754712496,99.75,272,272,deletion
Q14994-9,Q14994,0.668346259,76.30853994,2,352,substitution
Q9NZJ9-2,Q9NZJ9,0.95055557,99.44751381,,,insertion
P15509-8,P15509,0.607395629,66.75,2,134,deletion
Q53RD9-2,Q53RD9,0.541936778,89.52164009,178,223,deletion
Q6UWN5-2,Q6UWN5,0.787858803,82.8685259,2,44,deletion
O60729-2,O60729,0.878962042,92.1686747,449,487,deletion
Q9BY67-5,Q9BY67,0.700091223,93.66515837,333,360,deletion
P40123-3,P40123,0.506618434,45.49266247,75,334,deletion
Q9P272-3,Q9P272,0.271280016,11.67400881,53,454,substitution
Q9BRU9-2,Q9BRU9,0.730050486,45.52238806,122,249,substitution
Q8IZ02-3,Q8IZ02,0.791829644,93.10344828,220,251,deletion
Q9Y5X9-2,Q9Y5X9,0.821223698,69.46107784,346,499,substitution
O15442-2,O15442,0.908176871,90.80779944,,,insertion
Q86WD7-4,Q86WD7,0.836167009,69.12442396,2,416,substitution
P48551-3,P48551,0.613490067,46.01941748,238,515,substitution
Q96F15-2,Q96F15,0.880817495,85.01440922,2,14,substitution
Q9BYM8-3,Q9BYM8,0.504205921,89.60784314,2,55,substitution
Q8IUX1-2,Q8IUX1,0.888675847,89.78723404,2,19,substitution
Q7Z7A4-4,Q7Z7A4,0.840869977,97.05882353,35,51,deletion
Q8IXU6-3,Q8IXU6,0.845368031,87.43315508,2,48,deletion
Q8WWU5-2,Q8WWU5,0.84481067,83.92156863,2,78,substitution
Q8IW00-2,Q8IW00,0.617437492,48.92307692,153,320,substitution
Q9BXY5-2,Q9BXY5,0.629072659,52.93159609,2,538,substitution
P15529-8,P15529,0.670425208,86.4321608,287,392,substitution
Q95460-2,Q95460,0.751859875,86.80351906,110,154,deletion
Q9BZG2-2,Q9BZG2,0.525141921,78.16901408,91,183,deletion
Q8TDW4-5,Q8TDW4,0.219966677,9.436619718,545,575,substitution
Q9ULP0-8,Q9ULP0,0.849843695,91.35135135,8,302,substitution
O60880-4,O60880,0.842954941,97.65625,114,116,deletion
Q9UMR5-2,Q9UMR5,0.867451125,84.7133758,256,300,substitution
P01009-3,P01009,0.747320598,73.20574163,307,418,deletion
O95900-2,O95900,0.808937962,83.081571,2,57,deletion
P48059-5,P48059,0.493564293,89.77900552,,,insertion
Q5ZPR3-4,Q5ZPR3,0.463111574,98.69158879,528,533,substitution
P35613-3,P35613,0.590563553,45.71428571,2,210,deletion
Q9NVX0-3,Q9NVX0,0.430939359,86.80851064,32,62,deletion
Q9NSC5-5,Q9NSC5,0.354274662,90.02770083,102,137,deletion
P32856-2,P32856,0.903359446,93.40277778,264,288,substitution
O00341-2,O00341,0.505412483,26.42857143,145,560,substitution
P29372-5,P29372,0.8026145,94.29530201,2,18,deletion
Q8TDB8-3,Q8TDB8,0.469092204,30.96153846,2,360,deletion
O95139-2,O95139,0.48808601,88.28125,92,106,deletion
Q7Z6M1-2,Q7Z6M1,0.786471553,86.29032258,71,121,deletion
Q9BW66-3,Q9BW66,0.866771195,92.07048458,2,3,substitution
Q9UH03-2,Q9UH03,0.860771883,93.13186813,338,358,substitution
Q969W1-4,Q969W1,0.62269665,78.51458886,82,246,substitution
Q8IXJ6-3,Q8IXJ6,0.914118274,86.69950739,2,38,substitution
Q8N423-3,Q8N423,0.720084423,82.45033113,437,597,substitution
Q8N0S2-3,Q8N0S2,0.346360862,52.13675214,2,351,substitution
P51689-2,P51689,0.744193147,55.21172638,334,593,substitution
Q00005-4,Q00005,0.897198821,88.42315369,,,insertion
Q5ZPR3-2,Q5ZPR3,0.560043742,59.17602996,169,386,deletion
Q6UW02-2,Q6UW02,0.91680356,89.24731183,201,251,substitution
P29279-2,P29279,0.430656806,92.26361032,172,198,deletion
Q9HBE4-2,Q9HBE4,0.887863962,88.0239521,147,162,substitution
Q30201-10,Q30201,0.37727211,69.54022989,114,219,deletion
O00148-3,O00148,0.655391903,57.71028037,245,426,substitution
O95302-3,O95302,0.924665396,91.49277689,,,insertion
Q86SZ2-2,Q86SZ2,0.872260413,82.27848101,90,117,deletion
Q01081-3,Q01081,0.445434773,24.79338843,47,240,substitution
Q8N465-3,Q8N465,0.647378951,54.39252336,285,521,substitution
Q9UKY3-2,Q9UKY3,0.610729731,52.61324042,2,137,deletion
Q8N8Q3-5,Q8N8Q3,0.461784483,31.20567376,4,197,deletion
O43739-2,O43739,0.721818176,99.75,277,277,deletion
Q9UIK4-2,Q9UIK4,0.720579124,59.84251969,287,370,substitution
O43709-3,O43709,0.799260537,94.29530201,,,insertion
Q8WVV5-4,Q8WVV5,0.623324845,77.82026769,32,147,deletion
Q15629-2,Q15629,0.87909286,91.71122995,2,32,deletion
Q9HD47-4,Q9HD47,0.738902853,62.90322581,118,186,substitution
Q8IV77-2,Q8IV77,0.772320245,64.70588235,2,575,substitution
Q96BS2-3,Q96BS2,0.778171313,87.38317757,44,70,deletion
Q9BZ23-4,Q9BZ23,0.782165335,80.52631579,2,111,deletion
Q9NY26-2,Q9NY26,0.747598753,67.28395062,2,106,substitution
Q02161-3,Q02161,0.853369585,75.53956835,316,417,substitution
Q7Z5J1-8,Q7Z5J1,0.463199349,22.42990654,69,315,substitution
O75648-4,O75648,0.767753955,57.91962175,2,179,substitution
P55345-6,P55345,0.60128895,50.80831409,219,423,deletion
P53778-2,P53778,0.95232492,97.27520436,143,152,deletion
Q8IWU9-2,Q8IWU9,0.814975096,99.59349593,,,insertion
Q8TDF5-1,Q8TDF5,0.472783744,27.39212008,2,533,substitution
O15123-3,O15123,0.840056732,99.7983871,268,268,deletion
Q6TCH7-2,Q6TCH7,0.861490928,83.48909657,265,311,substitution
Q96CB9-2,Q96CB9,0.540859602,38.02083333,147,384,deletion
Q3KNV8-2,Q3KNV8,0.470034197,97.9757085,,,insertion
Q5TGZ0-2,Q5TGZ0,0.493765356,26.92307692,22,78,substitution
Q16563-2,Q16563,0.943843173,93.05019305,2,19,deletion
P55087-2,P55087,0.887008237,93.18885449,2,23,deletion
Q8N3J6-2,Q8N3J6,0.705870738,88.96396396,21,354,substitution
P80303-2,P80303,0.854630476,99.52380952,419,420,substitution
Q9BRL7-3,Q9BRL7,0.652124272,69.57928803,216,303,substitution
O15519-2,O15519,0.589804394,42.5,203,480,substitution
Q9UKT8-2,Q9UKT8,0.554139228,85.68281938,164,228,deletion
P40126-2,P40126,0.90088452,94.02173913,,,insertion
Q14790-6,Q14790,0.62869682,40.08264463,184,479,substitution
Q53T94-3,Q53T94,0.716910201,56.63265306,2,256,deletion
A1XBS5-2,A1XBS5,0.701535696,86.85121107,182,219,deletion
Q8TED4-2,Q8TED4,0.978243421,98.41584158,498,501,substitution
P30793-3,P30793,0.722778602,83.6,210,250,deletion
O14966-2,O14966,0.848149779,88.1773399,42,65,deletion
P49765-2,P49765,0.523666847,63.15789474,137,207,substitution
Q96K19-6,Q96K19,0.592815396,67.44186047,2,85,deletion
O15533-4,O15533,0.762825886,80.58035714,70,156,deletion
Q8WTV0-3,Q8WTV0,0.756246629,67.08407871,43,552,substitution
P78539-3,P78539,0.735656397,87.06896552,117,176,substitution
P22557-4,P22557,0.770752824,90.01636661,2,138,substitution
Q9C035-2,Q9C035,0.560313509,78.78787879,390,493,substitution
Q9H0A8-3,Q9H0A8,0.752295641,56.7839196,102,187,deletion
P42081-4,P42081,0.776668233,83.58662614,2,282,substitution
Q9BWQ8-2,Q9BWQ8,0.822533198,85.44303797,2,47,deletion
P30988-5,P30988,0.685144853,56.54008439,268,474,substitution
Q08209-5,Q08209,0.865880165,87.14011516,20,86,deletion
Q96SE0-3,Q96SE0,0.813569827,64.52380952,265,405,substitution
Q9NY57-2,Q9NY57,0.847968418,88.647343,2,48,deletion
Q96A70-4,Q96A70,0.841340419,73.62869198,152,460,substitution
Q13304-2,Q13304,0.900491775,92.37057221,2,29,deletion
Q9NZU5-2,Q9NZU5,0.846312174,80.0,2,74,deletion
P48307-2,P48307,0.863960162,95.31914894,30,40,deletion
P29466-2,P29466,0.713764844,94.8019802,92,112,deletion
Q9HAE3-2,Q9HAE3,0.793440533,74.88151659,20,72,substitution
Q9NY35-3,Q9NY35,0.697242118,61.66007905,2,97,substitution
P15529-3,P15529,0.701917653,90.37037037,287,392,substitution
Q9NQZ6-4,Q9NQZ6,0.702249003,57.5,133,224,substitution
Q8N8Q3-3,Q8N8Q3,0.80432648,75.72815534,78,282,substitution
P18577-7,P18577,0.85185324,75.53956835,314,409,deletion
Q9BWP8-4,Q9BWP8,0.656635875,86.34686347,2,43,substitution
Q6UX40-4,Q6UX40,0.898895961,95.20547945,52,52,substitution
P13473-2,P13473,0.83659425,94.3902439,367,410,substitution
P61266-2,P61266,0.733734222,90.81632653,263,288,substitution
P35610-2,P35610,0.900383876,89.27272727,2,59,deletion
O43665-1,O43665,0.858120928,91.16022099,2,16,substitution
Q86V25-4,Q86V25,0.53705186,46.76056338,167,355,substitution
P31995-3,P31995,0.700887864,79.56656347,255,323,substitution
Q9NZS9-2,Q9NZS9,0.770408987,64.42516269,2,156,substitution
P24903-2,P24903,0.802526295,61.49193548,303,490,substitution
Q8N6Q3-3,Q8N6Q3,0.537341684,30.89244851,129,437,substitution
P35790-2,P35790,0.808140094,96.06126915,155,172,deletion
O15123-2,O15123,0.682500592,89.51612903,97,148,deletion
Q8WUX1-2,Q8WUX1,0.916049606,89.19491525,2,52,deletion
Q9UET6-2,Q9UET6,0.903922964,99.39209726,220,221,deletion
O14788-3,O14788,0.736541154,85.17350158,2,48,deletion
O75530-2,O75530,0.829304155,94.63519313,,,insertion
P85298-5,P85298,0.741426402,62.63269639,101,463,substitution
Q7Z2H8-3,Q7Z2H8,0.848530412,81.09243697,387,476,deletion
Q5T9G4-3,Q5T9G4,0.832559056,97.05882353,231,240,deletion
Q15131-3,Q15131,0.847402192,78.61111111,2,311,substitution
Q9NWS1-4,Q9NWS1,0.55175431,22.27979275,130,579,substitution
O75840-5,O75840,0.354895831,37.08609272,57,246,deletion
Q9UIB8-6,Q9UIB8,0.734630952,61.82336182,214,345,substitution
Q12841-2,Q12841,0.623317958,88.63636364,22,56,deletion
P04637-8,P04637,0.609058531,50.89058524,2,393,substitution
Q15646-2,Q15646,0.67831585,44.66019417,220,514,substitution
Q9NY25-2,Q9NY25,0.830620783,99.46808511,116,116,deletion
Q96BJ3-3,Q96BJ3,0.574168527,73.20261438,155,236,deletion
Q9P2U7-2,Q9P2U7,0.858406265,88.03571429,2,68,deletion
O75354-3,O75354,0.868897363,99.79338843,19,19,deletion
Q8TD08-3,Q8TD08,0.669825811,46.34581105,96,544,substitution
P54819-5,P54819,0.874171008,93.30543933,137,239,substitution
P0DPI2-2,P0DPI2,0.814260677,88.43283582,144,174,deletion
Q9H6V9-3,Q9H6V9,0.83903346,85.23076923,52,99,deletion
O75771-4,O75771,0.738290002,86.2804878,116,160,deletion
Q9HCC8-3,Q9HCC8,0.946278547,91.3559322,,,insertion
Q0GE19-3,Q0GE19,0.815102369,96.17647059,133,145,deletion
Q8N5C7-2,Q8N5C7,0.836037467,71.05263158,2,88,deletion
O00560-2,O00560,0.824009214,99.66442953,81,81,deletion
A8MT69-2,A8MT69,0.557867194,77.77777778,30,47,deletion
Q9HC23-2,Q9HC23,0.693354786,83.72093023,75,95,deletion
Q96S37-4,Q96S37,0.918773949,93.67088608,187,221,substitution
Q9UH92-2,Q9UH92,0.595698927,71.81208054,15,110,substitution
Q9BTZ2-2,Q9BTZ2,0.689898645,69.0647482,137,222,deletion
P08631-4,P08631,0.970684702,99.80988593,76,76,deletion
Q969J3-2,Q969J3,0.645614115,75.51020408,20,67,deletion
Q9H6K4-2,Q9H6K4,0.756279154,77.3480663,52,178,substitution
Q5HYI7-2,Q5HYI7,0.690854,47.43589744,144,312,substitution
Q9BTM1-2,Q9BTM1,0.770852808,79.47019868,119,129,substitution
O00478-2,O00478,0.471694556,91.60958904,2,313,substitution
Q9Y6N9-3,Q9Y6N9,0.486698628,73.00724638,404,552,deletion
Q96MI6-3,Q96MI6,0.485108968,33.9869281,2,305,substitution
Q9Y2I2-1,Q9Y2I2,0.717125401,81.07606679,363,464,substitution
Q96A28-2,Q96A28,0.479879778,68.16608997,131,222,substitution
Q9UMX1-2,Q9UMX1,0.775678874,89.25619835,433,484,substitution
Q9HD89-2,Q9HD89,0.449174542,75.0,40,66,substitution
Q8IZL9-5,Q8IZL9,0.927717379,93.93063584,168,188,deletion
O15530-2,O15530,0.898368463,91.00719424,2,51,deletion
Q96FL9-3,Q96FL9,0.848944249,87.84722222,44,99,substitution
Q8NBS9-2,Q8NBS9,0.576062643,75.0,2,109,deletion
O43766-2,O43766,0.7687478,85.75268817,320,372,substitution
O60729-4,O60729,0.848621219,86.7816092,449,498,substitution
P22748-2,P22748,0.564894036,29.80769231,90,312,substitution
Q13007-2,Q13007,0.864601891,99.51690821,,,insertion
Q7Z2E3-7,Q7Z2E3,0.642135494,96.06741573,2,15,deletion
Q6NUS8-2,Q6NUS8,0.659794842,44.35946463,2,523,substitution
Q96AY3-2,Q96AY3,0.652926268,45.72317263,2,354,substitution
P63165-2,P63165,0.791800193,72.27722772,5,29,deletion
Q9UN36-6,Q9UN36,0.781878296,93.7007874,2,39,substitution
Q9UNW1-3,Q9UNW1,0.69679134,57.28952772,279,487,substitution
Q9NVG8-2,Q9NVG8,0.757227792,68.75,182,306,deletion
P12931-2,P12931,0.868433794,98.89298893,,,insertion
Q9BSM1-3,Q9BSM1,0.521669451,67.95366795,2,84,deletion
Q9Y236-2,Q9Y236,0.91681205,91.98542805,,,insertion
O00748-5,O00748,0.905620689,86.99839486,2,474,substitution
Q96T55-3,Q96T55,0.701768824,89.71061093,269,309,substitution
O60729-3,O60729,0.83499292,90.76305221,449,498,substitution
Q96MS3-3,Q96MS3,0.538567733,32.40223464,108,346,substitution
B6A8C7-2,B6A8C7,0.83624179,89.00343643,2,12,substitution
Q6PEZ8-2,Q6PEZ8,0.769496358,81.25,2,217,substitution
Q9NWM0-5,Q9NWM0,0.75524075,61.36752137,2,510,substitution
Q6NUK1-2,Q6NUK1,0.924847604,90.77568134,2,61,substitution
Q9H5U6-3,Q9H5U6,0.919600049,99.41520468,470,472,deletion
Q7RTN6-3,Q7RTN6,0.884693663,90.48723898,5,41,deletion
O75311-2,O75311,0.897263013,96.76724138,358,372,deletion
O60573-2,O60573,0.855253839,90.6122449,223,245,substitution
Q86X40-3,Q86X40,0.808058985,66.21253406,2,128,substitution
O94810-2,O94810,0.949215207,96.78800857,107,123,substitution
Q9NZD1-2,Q9NZD1,0.837540877,86.37681159,299,345,substitution
Q13951-2,Q13951,0.917527715,86.15384615,166,182,substitution
Q49MI3-5,Q49MI3,0.745320629,67.74193548,227,558,substitution
Q9BPZ7-4,Q9BPZ7,0.48207592,63.2183908,2,193,deletion
Q8N2K0-2,Q8N2K0,0.864718401,96.28712871,387,398,substitution
Q86X67-2,Q86X67,0.621694846,74.71590909,198,286,deletion
Q96DY2-2,Q96DY2,0.593980248,77.28285078,244,345,deletion
Q14994-3,Q14994,0.782597017,88.06818182,232,274,substitution
Q96E93-2,Q96E93,0.621553089,95.38461538,187,195,substitution
Q12974-4,Q12974,0.816145875,85.02994012,108,132,deletion
Q9UJT1-4,Q9UJT1,0.734270915,52.31788079,2,217,deletion
Q8TB40-2,Q8TB40,0.632401241,46.06741573,163,342,substitution
Q9ULP9-2,Q9ULP9,0.627417521,98.92665474,322,327,deletion
Q15131-7,Q15131,0.795161724,76.66666667,2,194,substitution
Q30201-9,Q30201,0.590514181,42.24137931,144,348,substitution
Q969H6-2,Q969H6,0.638639979,69.32515337,55,104,deletion
P51674-3,P51674,0.960254462,95.68345324,2,12,deletion
Q8WW22-3,Q8WW22,0.861400893,88.80597015,2,44,substitution
P04278-3,P04278,0.688702512,71.39303483,285,402,substitution
Q6ZP80-2,Q6ZP80,0.685255766,58.07860262,3,98,deletion
Q96PB7-4,Q96PB7,0.28146382,38.62212944,2,478,substitution
P56180-2,P56180,0.735628143,96.73321234,41,58,deletion
Q14168-2,Q14168,0.669622884,95.83333333,51,74,deletion
Q9NNX6-8,Q9NNX6,0.673185291,66.33663366,16,212,substitution
Q96H22-2,Q96H22,0.790948917,52.16138329,178,339,substitution
Q15389-2,Q15389,0.759688481,99.79919679,269,269,deletion
P30411-2,P30411,0.881001761,93.09462916,2,28,deletion
Q16623-3,Q16623,0.796983244,79.79452055,227,288,substitution
Q9NYG2-2,Q9NYG2,0.892338022,91.13149847,204,204,substitution
P09132-2,P09132,0.875105632,70.13888889,101,144,substitution
Q6UXX9-3,Q6UXX9,0.417936859,73.25102881,32,143,substitution
Q8NBW4-4,Q8NBW4,0.859951086,88.77005348,2,64,deletion
P15529-5,P15529,0.7160426,90.61728395,317,392,substitution
Q99836-2,Q99836,0.484277941,84.7972973,110,154,deletion
P09919-3,P09919,0.55845992,82.60869565,69,104,deletion
Q15813-2,Q15813,0.875961621,91.17647059,,,insertion
Q0PNE2-2,Q0PNE2,0.916998738,81.49466192,225,266,substitution
Q8IX04-2,Q8IX04,0.463518922,79.61783439,376,471,substitution
O15498-2,O15498,0.877585877,82.82828283,154,187,deletion
Q7Z7A4-5,Q7Z7A4,0.696563906,76.29757785,2,138,deletion
Q8IUQ4-2,Q8IUQ4,0.870631451,90.09584665,,,insertion
Q96QS1-3,Q96QS1,0.784168043,76.25,241,320,substitution
Q5JS37-2,Q5JS37,0.76167452,80.69164265,129,195,deletion
O15540-2,O15540,0.877413223,71.68674699,117,132,substitution
Q15750-2,Q15750,0.779732703,85.52123552,436,504,substitution
Q15118-2,Q15118,0.968436171,95.39473684,137,137,substitution
Q5JS13-5,Q5JS13,0.551999319,37.16337522,205,557,substitution
Q96CW9-2,Q96CW9,0.717990035,70.0,352,530,substitution
P09110-2,P09110,0.816393929,78.06603774,150,331,substitution
P51955-2,P51955,0.754653501,83.632287,371,445,substitution
P15882-2,P15882,0.542264417,59.83263598,2,183,substitution
O60880-3,O60880,0.630594053,38.75968992,47,128,substitution
Q96EY1-3,Q96EY1,0.704484552,55.83333333,3,480,substitution
Q99623-2,Q99623,0.717582716,87.2909699,204,241,deletion
Q9H074-3,Q9H074,0.627441552,76.61795407,2,113,deletion
Q8N5B7-2,Q8N5B7,0.844366908,83.41836735,2,65,substitution
P43897-2,P43897,0.895141698,93.93063584,,,insertion
Q99447-3,Q99447,0.961866405,95.57739558,,,insertion
Q9BPX7-2,Q9BPX7,0.924391171,87.8914405,,,insertion
Q49MI3-2,Q49MI3,0.895867461,95.34050179,227,252,deletion
Q86VF5-3,Q86VF5,0.905175234,79.1005291,291,341,substitution
Q9NR21-1,Q9NR21,0.738462066,97.92899408,2,8,deletion
P80370-2,P80370,0.555324162,80.93994778,229,301,deletion
P25942-2,P25942,0.652376576,57.77027027,166,276,substitution
Q9NUL3-5,Q9NUL3,0.286741879,17.54385965,2,570,substitution
O00476-2,O00476,0.700438811,84.3373494,,,insertion
Q70EL3-2,Q70EL3,0.984523205,98.2300885,83,88,substitution
Q9BQ75-2,Q9BQ75,0.845407318,92.47311828,2,21,substitution
O60888-3,O60888,0.799041766,87.15083799,2,24,deletion
P62070-4,P62070,0.862053502,97.14285714,,,insertion
Q13838-2,Q13838,0.958973756,96.61399549,,,insertion
Q9H3H1-5,Q9H3H1,0.83532464,82.44111349,59,236,substitution
Q8NAU1-2,Q8NAU1,0.704886506,84.43396226,228,260,substitution
Q8IWT1-2,Q8IWT1,0.60607256,51.75438596,2,111,deletion
Q8WXK4-2,Q8WXK4,0.932812066,97.16981132,,,insertion
Q96I99-2,Q96I99,0.87720006,91.17647059,397,432,substitution
Q6PF05-2,Q6PF05,0.739162615,77.83933518,281,361,substitution
P16410-5,P16410,0.677224661,70.85201794,153,223,substitution
Q9GZM7-3,Q9GZM7,0.697865762,93.36188437,126,156,deletion
Q9BWF3-3,Q9BWF3,0.456111549,38.46153846,139,364,substitution
Q02161-2,Q02161,0.867085597,75.7793765,314,409,deletion
P43088-5,P43088,0.773173224,76.60167131,268,359,substitution
Q6ZMM2-2,Q6ZMM2,0.622928444,98.33679834,11,18,substitution
P23415-2,P23415,0.905996754,98.24945295,354,361,deletion
Q9UIB8-4,Q9UIB8,0.715803634,76.23188406,261,345,substitution
P30519-2,P30519,0.875442387,90.82278481,2,30,deletion
Q9BWP8-3,Q9BWP8,0.655688326,91.14391144,69,92,deletion
Q15973-1,Q15973,0.667900087,80.91168091,2,72,substitution
Q9GZP4-2,Q9GZP4,0.857828413,99.52606635,53,53,deletion
Q7L4P6-2,Q7L4P6,0.478713167,59.85748219,2,170,deletion
Q9HA90-2,Q9HA90,0.41795753,26.92307692,2,438,deletion
Q9GZT6-2,Q9GZT6,0.814407243,86.69201521,2,33,substitution
Q8N815-2,Q8N815,0.562705397,38.78787879,2,203,deletion
Q5TC12-3,Q5TC12,0.794538972,72.86585366,2,89,deletion
Q9BY44-4,Q9BY44,0.787106822,89.57264957,98,158,deletion
Q05513-2,Q05513,0.778920199,69.08783784,2,184,deletion
P46779-5,P46779,0.702838035,50.34965035,70,137,substitution
Q9BYC5-2,Q9BYC5,0.558539393,47.38617201,280,575,substitution
Q8NA56-2,Q8NA56,0.900924658,94.8,,,insertion
Q8N3J6-3,Q8N3J6,0.723492037,93.93258427,2,20,substitution
Q96Q77-2,Q96Q77,0.747454287,73.79679144,19,67,deletion
P30793-2,P30793,0.729631173,83.6,210,250,substitution
O15155-2,O15155,0.736251969,69.49152542,80,118,substitution
Q8TCT7-4,Q8TCT7,0.873960852,85.04201681,506,592,substitution
P29466-3,P29466,0.782657576,76.98019802,20,112,deletion
Q9NXN4-2,Q9NXN4,0.66372056,97.39478958,483,497,substitution
Q96T52-2,Q96T52,0.666420769,59.42857143,103,175,substitution
O95630-2,O95630,0.742855306,79.71698113,336,424,substitution
Q15628-2,Q15628,0.614605051,80.76923077,2,61,deletion
Q96LB8-2,Q96LB8,0.695946434,98.92761394,47,50,deletion
Q9UMS0-3,Q9UMS0,0.867250566,90.5511811,2,25,deletion
Q9BRK5-2,Q9BRK5,0.7184399,71.54696133,3,105,deletion
Q8NG04-2,Q8NG04,0.812054079,75.53191489,410,563,substitution
Q969S2-2,Q969S2,0.846597145,95.18072289,81,96,deletion
Q7L5N7-2,Q7L5N7,0.643181193,50.36764706,2,271,deletion
Q9NPH5-4,Q9NPH5,0.633148309,46.88581315,52,358,deletion
Q10713-2,Q10713,0.834171707,64.24682396,2,177,substitution
Q86X76-3,Q86X76,0.839476046,80.8,2,327,substitution
Q86TJ2-2,Q86TJ2,0.557142406,82.14285714,16,90,deletion
P41217-3,P41217,0.807349845,88.11881188,5,278,substitution
O75838-4,O75838,0.752432412,73.79679144,18,66,deletion
P15692-2,P15692,0.58267158,92.67241379,2,181,deletion
Q9UP65-3,Q9UP65,0.914071872,95.82577132,2,13,substitution
Q15831-2,Q15831,0.81108086,88.73563218,371,432,substitution
P41223-2,P41223,0.903314792,87.91946309,129,144,substitution
P63241-2,P63241,0.896000701,83.69565217,,,insertion
Q14790-2,Q14790,0.793189929,96.86847599,184,198,deletion
Q9NZH6-5,Q9NZH6,0.70786664,72.01834862,28,88,deletion
Q9H1J5-2,Q9H1J5,0.953042518,97.74647887,348,351,substitution
Q13303-5,Q13303,0.874722576,86.75,340,367,substitution
P46098-3,P46098,0.926109575,95.60669456,2,22,substitution
Q9UFF9-3,Q9UFF9,0.808794093,81.50684932,105,158,deletion
Q9Y5N1-3,Q9Y5N1,0.794637088,82.02247191,275,354,deletion
Q11203-17,Q11203,0.446607695,46.03174603,40,375,substitution
P31995-2,P31995,0.821013911,82.35294118,267,323,substitution
P43088-7,P43088,0.7324684,72.87671233,267,359,substitution
Q8TAV0-2,Q8TAV0,0.595566258,90.55374593,172,200,deletion
O00238-2,O00238,0.82663458,94.36090226,,,insertion
Q7Z4I7-2,Q7Z4I7,0.749744058,92.62295082,2,4,substitution
O95264-2,O95264,0.814834308,96.37188209,2,17,substitution
O76083-14,O76083,0.61370131,92.74873524,2,46,substitution
Q9NRZ7-3,Q9NRZ7,0.871447055,78.0952381,2,60,substitution
Q96LA6-4,Q96LA6,0.53228736,39.49191686,2,429,substitution
P11049-2,P11049,0.699080381,75.80071174,2,69,deletion
O15244-3,O15244,0.633791873,39.29824561,225,555,substitution
P20340-4,P20340,0.802227629,82.69230769,2,88,substitution
P53805-2,P53805,0.464326289,69.44444444,2,83,substitution
Q86YM7-3,Q86YM7,0.556415766,49.43502825,176,354,substitution
Q16635-6,Q16635,0.819357045,86.98630137,2,164,substitution
Q15109-7,Q15109,0.867867806,96.53465347,54,67,deletion
O15260-2,O15260,0.636674908,58.73605948,157,269,substitution
P54819-3,P54819,0.807461348,70.03891051,178,239,substitution
Q9NYS7-2,Q9NYS7,0.930412183,95.24940618,2,4,substitution
O75487-2,O75487,0.878605915,87.41007194,2,71,deletion
Q16875-4,Q16875,0.851096565,92.75092937,2,26,substitution
Q6ZN54-3,Q6ZN54,0.84510555,86.1328125,2,145,substitution
P15812-2,P15812,0.829163707,96.90721649,334,345,deletion
Q86X67-4,Q86X67,0.700863309,53.17460317,198,352,substitution
Q9Y4P1-3,Q9Y4P1,0.749939392,63.25,2,393,substitution
Q9H5I1-3,Q9H5I1,0.442822456,56.09756098,105,284,deletion
O75365-2,O75365,0.80314407,85.54913295,111,135,deletion
Q1W4C9-2,Q1W4C9,0.64922929,57.44680851,2,41,deletion
Q8TCT7-2,Q8TCT7,0.644530551,53.88513514,320,592,deletion
Q6PIL6-3,Q6PIL6,0.837813612,75.2,2,63,deletion
O43759-3,O43759,0.784856687,59.67078189,2,233,substitution
O00231-2,O00231,0.944054667,99.76359338,,,insertion
A0PJK1-2,A0PJK1,0.935926506,95.46979866,187,213,deletion
O75800-2,O75800,0.900934272,92.84116331,200,233,substitution
Q86YJ6-5,Q86YJ6,0.655039786,43.0020284,2,484,substitution
Q86TP1-3,Q86TP1,0.534415817,59.82339956,2,183,deletion
O95081-2,O95081,0.581072981,30.12295082,145,481,substitution
P82912-2,P82912,0.705330215,99.48453608,23,23,deletion
Q13491-2,Q13491,0.936381353,92.45283019,2,20,deletion
Q9H1B4-6,Q9H1B4,0.580333215,91.43576826,361,397,substitution
Q13477-3,Q13477,0.696433185,76.96335079,223,310,substitution
P53779-2,P53779,0.882548012,89.87068966,418,464,substitution
P49763-2,P49763,0.589341472,67.42081448,132,203,deletion
Q9BRX5-3,Q9BRX5,0.815640835,84.70588235,,,insertion
O95498-2,O95498,0.476298101,57.5,180,400,deletion
Q9UHH9-6,Q9UHH9,0.482323128,16.47331787,69,426,substitution
O00154-3,O00154,0.814999834,59.29648241,2,380,substitution
P23416-2,P23416,0.894407213,99.55752212,85,86,substitution
O60729-5,O60729,0.879502044,87.45098039,2,53,substitution
P61201-2,P61201,0.951891353,98.44444444,,,insertion
Q53RD9-3,Q53RD9,0.621520396,87.01594533,2,58,deletion
Q6P1Q9-2,Q6P1Q9,0.804136202,82.27513228,2,67,substitution
Q9Y6I7-4,Q9Y6I7,0.705729417,44.52214452,2,237,substitution
Q9Y2G2-7,Q9Y2G2,0.834151836,78.58472998,2,116,substitution
O15245-3,O15245,0.886185066,87.18411552,463,533,deletion
Q9H3U5-3,Q9H3U5,0.675253156,88.60215054,55,110,substitution
Q8NB16-2,Q8NB16,0.547652495,52.86624204,179,413,substitution
Q03060-23,Q03060,0.445240202,25.79710145,2,345,substitution
O75663-2,O75663,0.677936385,63.97058824,173,272,substitution
Q13277-2,Q13277,0.780657961,87.19723183,226,262,deletion
P00167-3,P00167,0.690313211,92.53731343,87,96,deletion
Q9UBD9-2,Q9UBD9,0.913775384,95.55555556,2,11,deletion
P0DI81-3,P0DI81,0.886341327,80.45977011,,,insertion
Q9BTC8-2,Q9BTC8,0.6126149,85.85858586,509,594,substitution
Q8NG50-4,Q8NG50,0.600647521,35.15358362,2,284,substitution
P23396-2,P23396,0.898288205,93.82239382,,,insertion
Q52LJ0-1,Q52LJ0,0.468558045,65.57734205,301,433,substitution
Q9NRC1-4,Q9NRC1,0.791514951,85.7385399,2,585,substitution
Q13642-3,Q13642,0.679828316,60.0619195,168,296,deletion
P17693-3,P17693,0.428586237,45.56213018,115,298,deletion
Q13557-3,Q13557,0.678342932,97.84313725,,,insertion
Q00005-5,Q00005,0.90700619,87.03339882,,,insertion
Q8N8Q3-4,Q8N8Q3,0.463537751,17.37588652,4,282,substitution
O75971-2,O75971,0.469270261,69.3877551,31,60,deletion
Q8IX04-5,Q8IX04,0.558690137,42.70833333,205,471,substitution
O15151-3,O15151,0.481900309,24.89795918,109,490,substitution
P52757-3,P52757,0.70474708,58.57142857,2,192,substitution
Q6ICL3-4,Q6ICL3,0.925249918,81.19122257,2,18,substitution
Q16585-2,Q16585,0.482908175,77.98742138,12,81,deletion
Q6ZN68-3,Q6ZN68,0.629808844,50.0,2,376,substitution
O14958-2,O14958,0.588688193,81.95488722,107,178,substitution
Q14790-8,Q14790,0.582433844,53.02713987,184,479,substitution
Q9UK23-2,Q9UK23,0.782747333,93.39805825,392,425,deletion
A8MUH7-2,A8MUH7,0.711801324,65.42288557,144,402,substitution
Q86YT5-4,Q86YT5,0.948117977,92.42957746,35,77,deletion
P48061-6,P48061,0.69445507,89.0,90,93,substitution
Q9H5Z6-2,Q9H5Z6,0.725235594,55.82417582,245,455,substitution
P54619-3,P54619,0.90309473,97.35294118,,,insertion
O95256-2,O95256,0.801974667,76.29382304,2,143,deletion
O00219-2,O00219,0.639653649,45.60143627,247,553,substitution
P46098-4,P46098,0.900475304,98.76033058,,,insertion
Q5VZ52-2,Q5VZ52,0.813867597,77.77777778,147,161,substitution
P15529-10,P15529,0.726959542,98.7244898,301,305,deletion
A6NI73-4,A6NI73,0.743753169,77.66666667,31,299,substitution
A8MV23-2,A8MV23,0.958625309,93.39622642,392,424,substitution
Q8N118-2,Q8N118,0.901066448,87.87878788,2,59,substitution
O43699-4,O43699,0.497556232,70.68965517,143,453,substitution
Q8WYN0-5,Q8WYN0,0.828015035,93.96984925,41,64,deletion
Q7Z7H8-2,Q7Z7H8,0.700378304,88.88888889,2,17,substitution
Q5VVX9-2,Q5VVX9,0.659622822,70.40498442,227,321,deletion
Q658P3-4,Q658P3,0.852754933,76.51515152,353,488,substitution
Q8WXQ8-3,Q8WXQ8,0.888393329,80.62360802,347,436,substitution
O60493-2,O60493,0.533654349,80.24691358,55,86,deletion
Q14565-2,Q14565,0.85704263,83.52941176,141,196,substitution
Q8N7R7-3,Q8N7R7,0.835872627,80.50139276,2,71,deletion
Q99961-2,Q99961,0.467825623,86.95652174,63,110,deletion
Q96AJ9-1,Q96AJ9,0.563524933,83.62831858,188,217,substitution
Q9H1B4-2,Q9H1B4,0.588286945,91.18387909,361,397,substitution
Q86TN4-4,Q86TN4,0.916837116,99.21568627,,,insertion
Q9BR77-2,Q9BR77,0.728185297,93.44262295,2,33,deletion
Q92599-2,Q92599,0.856194192,88.81987578,430,483,deletion
Q8TC41-2,Q8TC41,0.414808727,40.24604569,2,542,substitution
Q0VAA5-2,Q0VAA5,0.898422536,91.48264984,289,303,substitution
Q9Y6E2-2,Q9Y6E2,0.612644283,44.86873508,182,419,substitution
Q13286-7,Q13286,0.908988871,94.52054795,75,98,deletion
Q9UJW0-3,Q9UJW0,0.838726363,98.50107066,,,insertion
Q9Y3Q3-2,Q9Y3Q3,0.56601711,61.37339056,140,216,substitution
P78560-2,P78560,0.697681203,50.25125628,101,199,substitution
Q96DE0-3,Q96DE0,0.763520023,58.29596413,2,195,substitution
P54709-2,P54709,0.717874841,57.80141844,2,279,substitution
Q86VN1-2,Q86VN1,0.632349549,84.97409326,2,59,deletion
Q9NPH5-5,Q9NPH5,0.668182904,37.19723183,211,578,substitution
Q6MZQ0-4,Q6MZQ0,0.687756924,53.65853659,196,368,substitution
Q9Y3B7-2,Q9Y3B7,0.823501039,86.45833333,16,41,deletion
Q8N3J6-5,Q8N3J6,0.586543829,75.17241379,2,109,deletion
P22891-2,P22891,0.806548,94.54976303,24,24,substitution
Q8IYS5-4,Q8IYS5,0.690210534,95.74468085,13,24,substitution
Q9HB55-4,Q9HB55,0.685663942,44.03846154,224,503,substitution
Q13557-6,Q13557,0.657832309,97.27095517,,,insertion
O60565-2,O60565,0.594588911,77.7173913,40,80,deletion
O15547-2,O15547,0.785509706,94.10430839,30,55,deletion
Q9H295-2,Q9H295,0.599731199,59.14893617,277,469,substitution
Q99928-2,Q99928,0.695413215,51.17773019,239,467,substitution
Q12792-4,Q12792,0.546875017,72.0,2,99,deletion
Q8N2H9-3,Q8N2H9,0.846536641,86.56716418,49,111,deletion
P21953-2,P21953,0.616570887,54.45292621,212,392,substitution
P00973-3,P00973,0.891292077,81.14942529,347,400,substitution
Q6ZN54-5,Q6ZN54,0.774601953,88.0859375,2,62,deletion
Q9UHP7-2,Q9UHP7,0.573566618,80.62827225,155,191,deletion
P56377-2,P56377,0.850858246,72.27722772,2,157,substitution
P28062-2,P28062,0.835506676,82.80701754,2,49,substitution
Q9C035-3,Q9C035,0.606768406,60.03937008,299,493,substitution
Q9Y5X0-2,Q9Y5X0,0.503802306,58.20895522,2,85,deletion
Q99784-5,Q99784,0.591986582,88.66396761,2,50,substitution
P51878-3,P51878,0.781551895,66.58986175,3,145,substitution
P48444-2,P48444,0.570399236,82.58317025,2,89,deletion
Q9H4A5-2,Q9H4A5,0.698281451,84.56140351,62,105,deletion
Q9HB71-3,Q9HB71,0.797971257,81.14035088,2,44,deletion
Q96A70-2,Q96A70,0.958316352,95.83333333,,,insertion
Q9BS86-2,Q9BS86,0.901059356,99.71509972,112,112,deletion
O60260-6,O60260,0.707394095,67.95698925,58,206,deletion
Q9NVA1-5,Q9NVA1,0.773120039,77.25752508,44,111,deletion
Q9BR01-2,Q9BR01,0.88765451,87.67605634,248,284,substitution
Q9UPI3-2,Q9UPI3,0.76543627,58.36501901,2,223,substitution
Q8WYN0-2,Q8WYN0,0.805253757,84.42211055,211,272,deletion
Q13277-3,Q13277,0.799087845,92.38754325,266,289,substitution
P53779-3,P53779,0.857391272,91.81034483,3,40,deletion
Q92963-3,Q92963,0.867916092,92.79661017,,,insertion
Q9BUX1-2,Q9BUX1,0.440706786,79.72972973,104,148,deletion
Q16854-3,Q16854,0.789206085,86.28158845,49,86,deletion
Q6Q0C1-2,Q6Q0C1,0.379675189,7.792207792,25,308,substitution
Q8TBH0-2,Q8TBH0,0.817902773,85.74938575,2,91,substitution
Q7Z5A7-3,Q7Z5A7,0.468351042,35.60606061,2,87,substitution
Q9ULZ3-2,Q9ULZ3,0.499492562,90.25641026,93,111,deletion
Q9Y4P1-4,Q9Y4P1,0.742411714,78.7654321,2,369,substitution
Q9Y296-2,Q9Y296,0.640833367,75.34246575,82,135,deletion
Q99836-5,Q99836,0.762826319,92.56756757,4,24,deletion
P30281-4,P30281,0.515183024,32.87671233,2,197,deletion
Q9NQZ6-5,Q9NQZ6,0.662342271,93.30357143,2,17,substitution
Q07973-2,Q07973,0.863768426,87.15953307,413,478,deletion
Q8TBB0-2,Q8TBB0,0.472537771,81.08108108,97,138,deletion
Q10472-2,Q10472,0.239493002,18.78354204,106,559,deletion
Q9H3U5-6,Q9H3U5,0.930006106,90.46692607,,,insertion
Q8NBK3-4,Q8NBK3,0.73299163,93.31550802,149,173,deletion
P29372-2,P29372,0.842331989,95.30201342,2,196,substitution
Q8IX04-4,Q8IX04,0.489139102,71.54989384,2,471,substitution
P56817-4,P56817,0.715025518,86.22754491,146,214,deletion
P43088-3,P43088,0.741585748,74.37325905,267,358,substitution
Q8WUF8-4,Q8WUF8,0.822293499,73.55769231,2,189,substitution
P05112-2,P05112,0.618393044,89.54248366,46,61,deletion
Q6ZNA5-2,Q6ZNA5,0.819761244,85.82677165,533,591,substitution
Q8NDZ6-2,Q8NDZ6,0.715315598,62.01232033,302,487,substitution
Q69YN2-3,Q69YN2,0.56296448,74.53531599,2,138,deletion
Q7Z3B4-3,Q7Z3B4,0.85806766,90.33530572,51,99,substitution
Q96FV3-4,Q96FV3,0.850961994,82.0668693,,,insertion
Q7Z5S9-2,Q7Z5S9,0.636681309,48.11594203,167,345,substitution
Q9BZG1-2,Q9BZG1,0.898621512,96.91119691,164,171,deletion
Q9Y2G2-1,Q9Y2G2,0.822402872,76.72253259,2,258,substitution
Q16517-2,Q16517,0.589816488,66.66666667,27,53,deletion
Q9NVA1-3,Q9NVA1,0.742767208,55.48172757,2,136,substitution
Q99961-3,Q99961,0.578336749,82.60869565,81,144,deletion
Q14994-7,Q14994,0.889399194,87.78409091,232,274,deletion
Q8IVI9-4,Q8IVI9,0.747982451,89.87566607,,,insertion
Q9NS18-2,Q9NS18,0.767297318,75.13812155,2,40,substitution
P30281-3,P30281,0.723597524,75.34246575,67,138,deletion
Q9UL16-2,Q9UL16,0.285046008,84.57350272,2,86,deletion
Q96BS2-2,Q96BS2,0.751470925,61.30434783,139,214,substitution
Q6ZMB0-3,Q6ZMB0,0.837545157,96.12403101,317,335,substitution
Q00013-2,Q00013,0.91646138,92.70386266,2,34,substitution
P46736-5,P46736,0.807721296,77.84810127,183,252,substitution
P62195-2,P62195,0.939868458,98.02955665,2,9,deletion
Q9NUN5-3,Q9NUN5,0.908093005,86.48148148,2,74,deletion
Q96PB7-3,Q96PB7,0.580543914,92.48434238,2,43,substitution
Q14002-2,Q14002,0.562680499,64.90566038,143,235,deletion
Q7Z5J1-6,Q7Z5J1,0.544595002,48.47560976,25,315,substitution
Q96EU6-2,Q96EU6,0.561172951,97.68339768,18,23,deletion
P62256-2,P62256,0.782570651,83.06010929,69,99,deletion
Q9NRY7-1,Q9NRY7,0.82670963,75.42087542,2,74,deletion
Q14982-4,Q14982,0.701752183,97.45762712,,,insertion
P51674-2,P51674,0.968403304,95.69892473,2,12,substitution
Q4ZJI4-2,Q4ZJI4,0.619087794,41.73076923,2,515,substitution
Q96N38-3,Q96N38,0.730337846,72.20216606,2,155,deletion
Q96H22-4,Q96H22,0.689344994,93.80530973,73,93,substitution
Q16623-2,Q16623,0.799464194,71.92429022,227,288,substitution
Q12824-2,Q12824,0.935961522,97.66233766,69,77,deletion
Q9BUK0-2,Q9BUK0,0.909184999,87.62886598,,,insertion
Q9H1A3-2,Q9H1A3,0.986899309,99.68553459,251,251,deletion
P29372-4,P29372,0.805101802,95.97315436,2,12,substitution
P41597-2,P41597,0.817404837,84.375,314,374,substitution
Q9Y694-4,Q9Y694,0.657705945,42.51824818,2,317,substitution
Q9NZC7-2,Q9NZC7,0.821769915,85.74879227,353,414,substitution
Q9UHW5-2,Q9UHW5,0.939466876,96.59863946,,,insertion
Q99963-4,Q99963,0.779263792,85.47945205,311,347,substitution
Q86X76-5,Q86X76,0.720206822,73.08868502,240,326,substitution
Q9GZZ7-2,Q9GZZ7,0.672531096,82.0,132,197,substitution
P00739-2,P00739,0.891809991,90.12987013,,,insertion
Q86W34-5,Q86W34,0.841624118,83.88888889,96,153,deletion
Q9Y570-4,Q9Y570,0.880173392,96.5,,,insertion
A6NI73-2,A6NI73,0.692388952,95.98662207,31,42,deletion
Q15435-3,Q15435,0.730274344,75.96685083,274,360,substitution
Q8WW12-3,Q8WW12,0.375585979,30.8988764,2,124,deletion
P20851-2,P20851,0.743326873,99.6031746,20,20,deletion
Q14994-10,Q14994,0.730151621,75.27173913,2,352,substitution
Q01105-3,Q01105,0.775676614,88.96551724,2,37,substitution
Q9NVK5-3,Q9NVK5,0.526654424,67.58893281,171,253,substitution
Q7Z7A4-6,Q7Z7A4,0.78552775,94.29065744,35,67,deletion
P67775-2,P67775,0.861707023,82.52427184,194,247,deletion
Q11203-25,Q11203,0.472793499,10.4,40,375,substitution
Q6NTF7-4,Q6NTF7,0.843425605,68.62745098,140,199,substitution
Q13362-5,Q13362,0.86782961,90.81081081,2,30,substitution
Q8NCT3-5,Q8NCT3,0.593942091,64.96478873,2,289,substitution
Q9C030-2,Q9C030,0.689380164,94.57364341,,,insertion
Q9P121-2,Q9P121,0.832333397,91.45299145,2,27,substitution
Q16635-4,Q16635,0.861557272,90.75342466,125,150,substitution
Q15084-2,Q15084,0.742006524,88.43813387,2,6,substitution
Q3KP31-2,Q3KP31,0.863985027,94.44444444,2,33,deletion
Q8WVC6-2,Q8WVC6,0.633940359,48.91774892,106,231,substitution
Q9NWS1-6,Q9NWS1,0.707182067,46.1409396,274,579,substitution
P35240-4,P35240,0.802970884,83.52941176,39,595,substitution
P19235-3,P19235,0.659942952,59.53757225,306,508,substitution
P43088-4,P43088,0.744069705,75.48746518,267,359,substitution
O15533-3,O15533,0.874785928,88.29365079,446,448,substitution
Q9H4A9-2,Q9H4A9,0.736197991,82.09876543,43,129,deletion
Q9HA47-2,Q9HA47,0.744187009,62.5,170,277,substitution
Q6ZUS6-2,Q6ZUS6,0.274763526,50.47258979,2,474,substitution
P11234-2,P11234,0.90968951,90.35087719,,,insertion
Q5SGD2-4,Q5SGD2,0.457410253,53.33333333,192,360,substitution
O95922-4,O95922,0.898411928,93.14420804,298,326,deletion
P13688-6,P13688,0.651152523,81.55893536,320,416,substitution
Q9HD40-2,Q9HD40,0.380156554,7.784431138,39,501,substitution
P32121-4,P32121,0.874432166,95.11627907,,,insertion
Q96E66-5,Q96E66,0.768695507,76.21359223,146,192,substitution
Q9BWP8-2,Q9BWP8,0.647833989,91.14391144,46,69,deletion
Q6IPU0-2,Q6IPU0,0.628302435,35.05154639,2,188,substitution
Q9Y279-2,Q9Y279,0.673426647,80.45112782,322,399,deletion
P49662-4,P49662,0.534638535,69.49602122,261,377,substitution
P18577-11,P18577,0.877935401,82.9736211,163,313,substitution
Q13639-4,Q13639,0.90410476,92.09183673,359,388,substitution
P53985-2,P53985,0.661805817,82.14285714,411,500,substitution
P55735-3,P55735,0.880048505,87.5,,,insertion
Q9NXE8-2,Q9NXE8,0.29827793,18.35294118,2,348,deletion
Q92629-2,Q92629,0.837843503,99.65517241,,,insertion
O15519-8,O15519,0.579811632,92.70833333,203,237,deletion
P55209-3,P55209,0.736213484,82.60869565,2,143,substitution
Q1MX18-5,Q1MX18,0.762818946,86.64495114,2,239,substitution
O76083-13,O76083,0.646454503,88.02698145,2,73,substitution
P54750-2,P54750,0.801159285,94.04096834,2,34,substitution
Q92599-4,Q92599,0.817983112,89.44099379,429,483,substitution
Q92851-7,Q92851,0.618974958,44.3378119,229,521,substitution
Q15084-5,Q15084,0.781439269,89.16155419,2,6,substitution
Q8WVF1-4,Q8WVF1,0.683922813,46.92307692,38,389,substitution
P31749-2,P31749,0.748855868,87.08333333,2,63,deletion
A0PJK1-3,A0PJK1,0.861082104,79.04468413,2,414,substitution
Q9HBK9-2,Q9HBK9,0.840093993,74.4,58,153,deletion
O15315-4,O15315,0.900942666,89.23076923,347,384,substitution
Q9GZZ1-2,Q9GZZ1,0.360844964,47.92899408,37,124,deletion
Q9UGV2-2,Q9UGV2,0.865743915,96.8,20,31,deletion
Q11203-6,Q11203,0.531214377,49.6,187,375,substitution
O95069-4,O95069,0.522380105,48.00936768,2,426,substitution
O00141-4,O00141,0.864531196,93.36384439,2,25,substitution
Q8N4T0-2,Q8N4T0,0.773360109,65.29680365,280,437,substitution
P40121-2,P40121,0.899845423,95.68965517,209,223,deletion
Q9UBX7-4,Q9UBX7,0.858501011,81.43322476,2,98,substitution
Q9Y3A6-2,Q9Y3A6,0.516756841,71.24463519,158,229,substitution
O00453-9,O00453,0.32218996,6.18556701,7,97,substitution
Q96LT7-2,Q96LT7,0.68647881,45.94594595,222,481,substitution
P07992-4,P07992,0.639921948,75.75757576,36,107,deletion
Q969N2-2,Q969N2,0.597813141,66.43598616,63,256,deletion
Q92737-2,Q92737,0.646708377,56.65024631,116,203,deletion
Q06609-4,Q06609,0.921507909,86.32478632,76,114,substitution
P15812-13,P15812,0.672244465,74.22680412,20,119,substitution
Q11203-19,Q11203,0.797798977,83.44988345,40,70,substitution
Q96KB5-2,Q96KB5,0.946536495,96.6966967,,,insertion
P18859-2,P18859,0.692918935,93.10344828,,,insertion
P56817-2,P56817,0.771788848,95.00998004,190,214,deletion
Q9NSC5-2,Q9NSC5,0.467812354,99.16897507,299,301,deletion
Q9NZQ7-2,Q9NZQ7,0.664237085,60.68965517,19,132,deletion
Q8NFR7-3,Q8NFR7,0.423956984,43.14720812,256,591,deletion
P61244-2,P61244,0.80835419,94.375,13,21,deletion
P35372-15,P35372,0.76221603,72.25,2,400,substitution
Q9NUN7-2,Q9NUN7,0.680060218,46.8164794,3,145,substitution
P43007-2,P43007,0.501474883,43.98496241,2,345,substitution
P58418-4,P58418,0.896372493,94.69387755,,,insertion
Q1ZYL8-2,Q1ZYL8,0.845600456,91.81034483,185,203,substitution
Q14194-2,Q14194,0.811389139,81.63265306,2,13,substitution
Q9H9C1-2,Q9H9C1,0.727017879,90.06085193,67,115,deletion
Q8WWU5-6,Q8WWU5,0.900918754,89.98035363,2,46,substitution
Q9Y3C4-3,Q9Y3C4,0.898784388,81.77570093,,,insertion
Q11203-10,Q11203,0.441592932,49.6,187,375,deletion
Q8NFR7-4,Q8NFR7,0.569837196,48.39255499,2,591,substitution
Q96NB1-2,Q96NB1,0.547028131,57.47126437,76,149,deletion
P07101-2,P07101,0.760314394,99.24242424,31,34,deletion
O95433-2,O95433,0.537761259,82.99120235,283,338,substitution
P32856-3,P32856,0.765472227,90.10238908,263,288,substitution
Q9Y282-3,Q9Y282,0.949972431,98.71134021,,,insertion
Q9BRF8-3,Q9BRF8,0.502615545,31.15264798,97,314,substitution
Q9NWW5-2,Q9NWW5,0.843156252,84.92753623,2,28,substitution
Q9NRM6-2,Q9NRM6,0.697298636,49.90176817,250,502,substitution
Q9ULP0-7,Q9ULP0,0.821277653,88.48167539,8,302,substitution
Q9H9Q2-3,Q9H9Q2,0.830394351,79.00355872,213,264,substitution
P49802-4,P49802,0.813755162,85.65656566,76,471,substitution
Q9H0A8-2,Q9H0A8,0.765625352,69.84924623,128,187,substitution
Q9Y6M0-3,Q9Y6M0,0.875297513,95.54140127,222,235,deletion
O00214-2,O00214,0.917454866,88.30083565,,,insertion
Q8N769-2,Q8N769,0.1889196,19.67213115,25,122,deletion
Q7L5Y9-3,Q7L5Y9,0.858433883,89.64646465,153,193,deletion
Q7L2R6-2,Q7L2R6,0.35163292,9.560229446,48,523,substitution
P15509-6,P15509,0.656103767,54.22885572,216,400,substitution
Q9ULP0-5,Q9ULP0,0.839620973,91.08108108,43,302,substitution
Q5QGZ9-1,Q5QGZ9,0.832834936,96.36363636,,,insertion
Q6UY01-3,Q6UY01,0.695335023,60.32608696,331,552,substitution
Q15645-2,Q15645,0.626915455,45.37037037,171,406,deletion
P18847-5,P18847,0.676429792,68.50828729,2,58,deletion
P61020-2,P61020,0.756307639,80.93023256,107,147,deletion
Q15131-5,Q15131,0.5954782,48.61111111,48,360,substitution
P48730-2,P48730,0.906737969,95.48693587,400,415,substitution
Q9H867-2,Q9H867,0.660622366,45.88744589,2,229,substitution
Q8WY64-2,Q8WY64,0.485348455,30.11235955,2,444,substitution
Q13557-4,Q13557,0.887490911,96.14643545,,,insertion
Q13477-2,Q13477,0.718849925,70.68062827,223,334,substitution
Q9NRD0-2,Q9NRD0,0.759220418,87.14733542,59,99,deletion
P15529-2,P15529,0.806245734,94.07407407,377,392,substitution
O95544-3,O95544,0.80681732,84.76821192,11,87,substitution
Q495M3-3,Q495M3,0.532267909,41.82194617,2,281,substitution
Q8WWB3-2,Q8WWB3,0.72081046,91.30434783,169,177,substitution
P24071-3,P24071,0.500488248,66.55052265,121,216,deletion
P20718-2,P20718,0.501442189,65.04065041,114,199,deletion
O14874-3,O14874,0.882005702,88.59223301,366,412,deletion
Q86XE5-3,Q86XE5,0.54697214,50.1529052,72,234,deletion
Q8N2K1-2,Q8N2K1,0.62423893,83.78378378,2,44,substitution
Q86U44-2,Q86U44,0.511555015,35.34482759,2,580,substitution
Q9UKR8-3,Q9UKR8,0.477232623,81.49606299,90,245,substitution
Q9Y572-2,Q9Y572,0.697038027,43.62934363,220,518,substitution
Q13098-7,Q13098,0.870011332,90.20715631,2,106,substitution
P54578-3,P54578,0.956542154,97.77327935,55,65,deletion
P18627-2,P18627,0.684217616,67.61904762,353,525,substitution
P15509-2,P15509,0.773092157,92.21411192,376,400,substitution
Q8WVN8-4,Q8WVN8,0.685009972,90.66666667,95,129,deletion
Q9P121-4,Q9P121,0.788004016,96.90140845,,,insertion
O96017-13,O96017,0.714088524,59.30018416,3,223,deletion
Q9Y3B1-2,Q9Y3B1,0.86676258,84.53608247,68,97,deletion
Q6QHF9-4,Q6QHF9,0.863059893,83.87715931,412,511,substitution
Q6JVE6-2,Q6JVE6,0.760954872,82.69230769,87,109,substitution
Q8NCF5-3,Q8NCF5,0.421093348,30.31026253,3,294,deletion
P07101-6,P07101,0.725486232,76.32575758,31,357,substitution
P06239-2,P06239,0.709871145,67.44186047,348,509,substitution
Q8NHS4-2,Q8NHS4,0.589671298,79.18088737,2,123,deletion
Q14994-11,Q14994,0.682840849,76.35869565,2,352,substitution
Q9NY56-2,Q9NY56,0.7272932,75.56818182,131,170,substitution
Q15758-3,Q15758,0.676050845,57.85582255,2,229,deletion
P55209-2,P55209,0.819530291,92.83887468,364,391,substitution
Q8N465-2,Q8N465,0.677778695,52.91902072,165,521,substitution
Q9NPH3-3,Q9NPH3,0.692368248,52.48713551,302,570,substitution
Q8N9S9-2,Q8N9S9,0.742871651,74.88789238,2,107,substitution
Q96GJ1-3,Q96GJ1,0.830311132,91.07142857,102,146,deletion
Q8WWR8-3,Q8WWR8,0.847801492,97.38430584,,,insertion
Q9Y3D3-2,Q9Y3D3,0.70044412,69.71830986,93,137,substitution
Q8N4B1-3,Q8N4B1,0.488455362,27.30923695,64,248,substitution
Q14195-2,Q14195,0.825933109,82.01754386,2,13,substitution
Q93038-6,Q93038,0.420991807,32.61390887,54,417,substitution
Q4G1C9-4,Q4G1C9,0.575919897,46.80232558,161,344,substitution
Q9NVS2-3,Q9NVS2,0.675192525,64.28571429,127,196,substitution
A9UHW6-2,A9UHW6,0.903639685,86.71875,,,insertion
Q6DKI1-2,Q6DKI1,0.595418102,60.0,151,255,substitution
Q14168-3,Q14168,0.681992495,91.73693086,2,74,substitution
Q9UJW0-2,Q9UJW0,0.605787435,87.60869565,2,58,deletion
Q9NYA1-2,Q9NYA1,0.867698797,81.70212766,,,insertion
Q9UN36-3,Q9UN36,0.776416125,97.03504043,262,272,deletion
O75144-2,O75144,0.788533798,96.76375405,300,302,substitution
Q9NUP7-2,Q9NUP7,0.521158546,34.85477178,168,481,substitution
Q9NYK5-2,Q9NYK5,0.897458696,92.63456091,324,338,substitution
Q9H3H1-6,Q9H3H1,0.550110598,34.04710921,2,309,substitution
P06241-2,P06241,0.911578226,94.41340782,234,287,substitution
Q13555-3,Q13555,0.865218847,93.90681004,331,364,deletion
Q96IZ2-2,Q96IZ2,0.928546066,92.74193548,,,insertion
Q9BQI0-3,Q9BQI0,0.803288171,94.66666667,62,69,deletion
Q5T1Q4-2,Q5T1Q4,0.722649664,85.53921569,2,60,deletion
Q9ULP0-3,Q9ULP0,0.817868445,86.23376623,2,302,substitution
Q9UM11-3,Q9UM11,0.785586859,81.4516129,130,483,substitution
O75367-3,O75367,0.670274526,99.7311828,161,226,substitution
O60256-2,O60256,0.830663784,89.1598916,41,80,deletion
P49279-2,P49279,0.832587649,76.72727273,2,131,substitution
P43003-2,P43003,0.901888297,91.51291513,430,475,substitution
Q9UBU8-3,Q9UBU8,0.648802575,64.91712707,2,128,deletion
P16152-2,P16152,0.727346453,49.64285714,133,277,substitution
Q15796-2,Q15796,0.876179677,93.57601713,79,108,deletion
Q9H857-3,Q9H857,0.822545913,81.65784832,2,126,substitution
Q8NFQ6-2,Q8NFQ6,0.567491427,52.07100592,2,383,substitution
P35240-5,P35240,0.768900918,90.58823529,82,595,substitution
Q9Y243-2,Q9Y243,0.814537119,94.36325678,452,479,substitution
P36406-3,P36406,0.767384716,94.07665505,541,574,substitution
Q9H6X2-6,Q9H6X2,0.658539362,54.25170068,315,564,substitution
Q5TGP6-2,Q5TGP6,0.790125342,61.68757127,533,573,substitution
Q06323-2,Q06323,0.921513187,85.22727273,224,249,substitution
P49137-2,P49137,0.798557438,88.14814815,354,400,substitution
Q8N6Q3-2,Q8N6Q3,0.645259665,49.88558352,210,437,substitution
P07585-2,P07585,0.633187831,69.63788301,71,179,deletion
P61289-2,P61289,0.855548921,95.13108614,,,insertion
Q8N3Y1-2,Q8N3Y1,0.82913592,88.9632107,41,106,deletion
Q9H3H3-3,Q9H3H3,0.853983226,99.65870307,,,insertion
P49281-5,P49281,0.943623585,93.05555556,2,568,substitution
Q9NWZ5-4,Q9NWZ5,0.876156643,94.35336976,2,38,substitution
Q6UXG3-2,Q6UXG3,0.469171287,64.86486486,128,332,substitution
Q8WW22-2,Q8WW22,0.860556922,93.19248826,,,insertion
Q15293-2,Q15293,0.840284378,74.56140351,2,85,substitution
Q9BX67-2,Q9BX67,0.587653055,83.5483871,86,136,deletion
Q5VXD3-2,Q5VXD3,0.732666856,93.44262295,2,10,substitution
Q13946-2,Q13946,0.765238654,89.61303462,2,46,substitution
A1A5D9-2,A1A5D9,0.324520446,59.2519685,2,208,deletion
O00182-5,O00182,0.721203311,57.60869565,149,355,substitution
Q969N2-6,Q969N2,0.611755848,88.23529412,345,412,substitution
Q8NG50-9,Q8NG50,0.569299553,35.05154639,2,284,substitution
O75478-2,O75478,0.402557161,60.91703057,275,443,substitution
P15692-6,P15692,0.634866369,73.70689655,2,389,substitution
O00254-2,O00254,0.848825053,94.11764706,2,23,deletion
Q15109-6,Q15109,0.850700226,96.19047619,,,insertion
Q16854-5,Q16854,0.826976829,87.72563177,48,85,substitution
O95150-3,O95150,0.768047609,57.08955224,2,100,substitution
B7ZAQ6-4,B7ZAQ6,0.499223239,23.36244541,106,455,substitution
Q8TDW4-7,Q8TDW4,0.738540314,94.95652174,545,575,substitution
P00750-3,P00750,0.682907139,91.63701068,39,85,substitution
A4QPH2-2,A4QPH2,0.516051034,64.63022508,325,592,substitution
Q6UX41-2,Q6UX41,0.628471856,51.11940299,263,500,substitution
P35372-12,P35372,0.755406206,75.0,2,101,deletion
Q6UXG3-3,Q6UXG3,0.491196867,64.15662651,128,332,substitution
P04278-2,P04278,0.697987085,63.05418719,2,402,substitution
Q9UN36-5,Q9UN36,0.785751651,91.91374663,26,287,substitution
Q99619-2,Q99619,0.832971954,84.67153285,222,263,substitution
Q5VSG8-3,Q5VSG8,0.50000368,54.04814004,247,457,substitution
Q8WWR8-2,Q8WWR8,0.915936257,97.58064516,,,insertion
Q13639-5,Q13639,0.906526636,93.31619537,359,388,substitution
P04637-7,P04637,0.535087627,66.41221374,2,133,deletion
Q9NVA2-2,Q9NVA2,0.905494077,94.18344519,2,9,substitution
Q6UX07-2,Q6UX07,0.801336137,86.73740053,2,51,deletion
Q8NC96-2,Q8NC96,0.658503207,36.72727273,102,275,substitution
Q9BY44-2,Q9BY44,0.569419659,62.41496599,2,219,substitution
Q9H2V7-2,Q9H2V7,0.592451121,90.15151515,271,322,deletion
Q9P0V9-3,Q9P0V9,0.807122156,94.9339207,11,33,deletion
Q6P1K2-2,Q6P1K2,0.820407457,78.28054299,55,89,substitution
Q9NVS9-4,Q9NVS9,0.708346088,83.52490421,140,182,deletion
O00425-2,O00425,0.593534935,34.19689119,2,382,deletion
Q13555-5,Q13555,0.876221142,87.2193437,316,425,substitution
Q2MV58-4,Q2MV58,0.605083229,87.01517707,2,73,substitution
O75908-2,O75908,0.814648599,96.16858238,93,112,deletion
Q8IVS8-7,Q8IVS8,0.560058204,33.70786517,178,523,substitution
Q8NHV5-3,Q8NHV5,0.458514973,20.95808383,36,167,substitution
Q7Z4G1-2,Q7Z4G1,0.772338696,86.73469388,,,insertion
Q99784-3,Q99784,0.586168429,91.13402062,2,50,substitution
Q8WXU2-3,Q8WXU2,0.571672892,84.83412322,351,420,substitution
Q8WVF1-3,Q8WVF1,0.906921253,97.42930591,38,47,deletion
Q9H169-3,Q9H169,0.742699978,85.71428571,2,188,substitution
P78310-2,P78310,0.811007019,93.15068493,340,365,substitution
Q7Z2E3-8,Q7Z2E3,0.552976935,94.66292135,175,193,deletion
O15315-5,O15315,0.734769756,58.80829016,2,384,substitution
Q16342-5,Q16342,0.580365856,54.36046512,32,344,substitution
Q9Y2Z9-3,Q9Y2Z9,0.918558303,89.57446809,2,54,substitution
Q15291-2,Q15291,0.849783012,92.93680297,492,529,deletion
P58872-3,P58872,0.793807345,98.01980198,38,45,deletion
Q9NQQ7-2,Q9NQQ7,0.817955436,94.24657534,137,157,deletion
Q01196-6,Q01196,0.530617593,38.61171367,178,453,substitution
P56134-2,P56134,0.570813648,93.61702128,5,10,deletion
Q9UHD8-9,Q9UHD8,0.733380593,58.78378378,2,240,substitution
Q8N4F4-1,Q8N4F4,0.697362345,50.89605735,278,552,substitution
P51636-2,P51636,0.544179377,91.97530864,2,14,deletion
Q8N413-3,Q8N413,0.725549062,63.88888889,2,113,substitution
P58005-4,P58005,0.773449727,71.74796748,2,175,substitution
Q8N8Q1-3,Q8N8Q1,0.890343221,87.64940239,50,62,substitution
Q14508-3,Q14508,0.499078382,61.29032258,27,74,deletion
Q6QEF8-4,Q6QEF8,0.555782069,45.85062241,2,432,substitution
Q7L0Q8-2,Q7L0Q8,0.794087966,74.80620155,2,66,substitution
Q8WXF1-2,Q8WXF1,0.779778883,73.99617591,387,523,substitution
Q14790-5,Q14790,0.603392195,42.82744283,199,479,substitution
Q86XR8-3,Q86XR8,0.550035483,53.8,270,500,substitution
Q8WWV3-3,Q8WWV3,0.632587472,53.5,208,396,substitution
Q5SWX8-2,Q5SWX8,0.885036849,94.9339207,238,260,deletion
Q9H5X1-2,Q9H5X1,0.638852095,60.625,97,160,substitution
Q9NSU2-2,Q9NSU2,0.907711509,96.81528662,2,11,deletion
O15375-2,O15375,0.87906025,83.66972477,3,505,substitution
Q9H0I2-2,Q9H0I2,0.443321988,56.8627451,2,149,substitution
Q9P0J1-2,Q9P0J1,0.929871362,95.55160142,,,insertion
Q5T0U0-2,Q5T0U0,0.456555414,75.24429967,225,273,substitution
Q86UB9-2,Q86UB9,0.927175195,95.19650655,133,154,deletion
Q8TAE7-2,Q8TAE7,0.945871945,97.47706422,212,222,deletion
Q8IXS2-2,Q8IXS2,0.711618234,95.98393574,478,484,substitution
P16298-2,P16298,0.884497867,83.78378378,138,524,substitution
Q96SI1-2,Q96SI1,0.738893693,82.04225352,232,283,substitution
A6NI73-3,A6NI73,0.7546281,81.66666667,239,299,substitution
O95741-2,O95741,0.866458048,91.0130719,,,insertion
Q9UHC3-2,Q9UHC3,0.934726934,88.90876565,487,531,substitution
P51398-3,P51398,0.847737812,91.45728643,57,90,deletion
P43088-2,P43088,0.716131213,75.76601671,267,359,substitution
Q9UBU8-2,Q9UBU8,0.587876235,88.95027624,52,91,substitution
Q8TC26-3,Q8TC26,0.598292752,28.02768166,2,209,deletion
O00142-3,O00142,0.792448145,90.56603774,53,77,deletion
Q8NCC5-2,Q8NCC5,0.957742051,96.7611336,377,392,deletion
Q6PHW0-3,Q6PHW0,0.688785314,80.27681661,230,289,substitution
Q9UM00-1,Q9UM00,0.7741674,78.66108787,2,52,deletion
O15527-3,O15527,0.866081646,79.51219512,317,345,substitution
P80217-2,P80217,0.624188159,99.30555556,,,insertion
Q2I0M5-2,Q2I0M5,0.621498539,73.5042735,137,198,deletion
Q6RW13-2,Q6RW13,0.796919794,95.59748428,116,122,deletion
Q01105-4,Q01105,0.81578947,88.27586207,2,37,substitution
Q8IXJ6-4,Q8IXJ6,0.691063459,68.38046272,266,389,substitution
O75379-2,O75379,0.81088948,99.29078014,39,39,deletion
Q9H0A9-2,Q9H0A9,0.669262447,54.70588235,2,155,deletion
Q7L099-4,Q7L099,0.387625626,62.82051282,2,469,substitution
Q9BTM9-3,Q9BTM9,0.657820623,62.37623762,64,101,deletion
P84022-3,P84022,0.734442181,75.29411765,2,106,deletion
P54750-6,P54750,0.772186171,90.12797075,2,535,substitution
Q9NY99-2,Q9NY99,0.813635607,76.43784787,71,197,deletion
Q8NA29-2,Q8NA29,0.932511446,97.60589319,77,89,deletion
Q4U2R8-3,Q4U2R8,0.841819231,89.87566607,455,534,substitution
Q8IZL9-4,Q8IZL9,0.902770004,90.52924791,26,188,substitution
Q8N4T4-3,Q8N4T4,0.737554247,54.02985075,182,335,substitution
P49798-5,P49798,0.828451989,91.2195122,2,19,deletion
Q6STE5-2,Q6STE5,0.863985463,93.2790224,2,26,substitution
Q9NSN8-2,Q9NSN8,0.875175388,92.84332689,429,465,deletion
Q7Z4I7-5,Q7Z4I7,0.490192789,93.11294766,,,insertion
Q8NBI5-2,Q8NBI5,0.959240925,97.42063492,,,insertion
Q32ZL2-2,Q32ZL2,0.920795557,98.4423676,307,311,deletion
O15539-3,O15539,0.756847063,97.83783784,,,insertion
Q9BRR6-5,Q9BRR6,0.771771855,54.82041588,2,497,substitution
Q8WWZ1-2,Q8WWZ1,0.836185612,79.24528302,9,39,substitution
Q8WU39-4,Q8WU39,0.298688934,30.76923077,60,189,substitution
Q7Z2E3-9,Q7Z2E3,0.625946785,81.74157303,2,356,substitution
Q9H257-2,Q9H257,0.795926764,89.11439114,482,536,substitution
Q11203-13,Q11203,0.816610892,87.41258741,,,insertion
O75935-2,O75935,0.412932866,74.35897436,138,186,substitution
Q9UIF7-6,Q9UIF7,0.86475351,95.42124542,2,63,substitution
O75771-3,O75771,0.615153844,65.85365854,50,161,deletion
P15529-16,P15529,0.601135123,78.27160494,33,392,substitution
Q96EW2-3,Q96EW2,0.687266668,52.25409836,250,488,substitution
Q7Z7A4-3,Q7Z7A4,0.570754746,60.89965398,2,227,deletion
Q07326-2,Q07326,0.783212118,81.30434783,183,219,substitution
P04278-5,P04278,0.833050235,95.52238806,186,203,deletion
P19793-2,P19793,0.615025116,79.004329,2,98,deletion
P35236-2,P35236,0.866926582,90.22556391,,,insertion
O60683-2,O60683,0.787246367,94.21965318,,,insertion
P11234-3,P11234,0.908421017,90.74889868,36,37,substitution
Q03405-2,Q03405,0.850505114,74.12790698,253,335,substitution
P78383-2,P78383,0.936693485,89.69359331,,,insertion
Q8WVF1-2,Q8WVF1,0.865004267,87.14652956,329,378,deletion
Q8WV99-2,Q8WV99,0.470366655,68.48249027,177,257,deletion
Q92851-2,Q92851,0.431152586,81.83520599,229,521,substitution
Q9NQZ6-3,Q9NQZ6,0.640358976,89.73214286,2,24,deletion
Q9NSY0-5,Q9NSY0,0.446949109,21.71314741,2,501,substitution
Q07001-2,Q07001,0.854473618,97.09864603,67,81,deletion
Q4ZJI4-3,Q4ZJI4,0.752435449,86.34615385,445,515,substitution
Q5T124-5,Q5T124,0.483599176,40.0,2,313,deletion
Q13557-11,Q13557,0.669181466,95.22900763,,,insertion
O43699-5,O43699,0.754763781,79.74137931,236,453,substitution
O43307-2,O43307,0.72891165,87.98449612,2,63,substitution
O75715-2,O75715,0.337778962,36.68122271,81,221,substitution
O43934-2,O43934,0.855125662,88.41870824,114,165,deletion
P45984-4,P45984,0.900316224,97.87735849,216,230,substitution
Q8WVZ1-3,Q8WVZ1,0.888378327,85.11326861,259,309,substitution
Q9UM22-2,Q9UM22,0.389514722,40.17857143,91,224,deletion
Q9HCP0-2,Q9HCP0,0.80767701,87.94326241,370,422,substitution
P57087-3,P57087,0.881314503,89.71962617,289,298,substitution
Q9NZU7-2,Q9NZU7,0.436544781,41.35135135,3,218,substitution
Q14141-2,Q14141,0.876008508,98.38709677,428,434,deletion
P07101-5,P07101,0.767871434,77.08333333,35,357,substitution
Q8IV42-2,Q8IV42,0.797571367,76.50429799,262,348,substitution
Q9NNX1-3,Q9NNX1,0.503918791,84.87179487,21,79,deletion
P78348-1,P78348,0.857059532,91.98606272,,,insertion
Q5T9C9-2,Q5T9C9,0.662562084,48.47715736,2,204,deletion
Q9NY30-2,Q9NY30,0.60247117,78.92376682,172,222,substitution
O95388-2,O95388,0.472703508,76.02179837,117,204,substitution
Q9UQ53-3,Q9UQ53,0.792676557,90.45138889,2,32,substitution
Q9BT76-3,Q9BT76,0.488317853,50.55555556,29,320,substitution
Q9Y2I2-5,Q9Y2I2,0.722457965,83.11688312,364,464,substitution
P36406-2,P36406,0.886105253,95.5017301,551,574,substitution
O43852-11,O43852,0.552839296,52.06349206,165,315,substitution
Q9UPY8-2,Q9UPY8,0.734494837,94.66192171,142,156,deletion
P49281-2,P49281,0.943381143,95.45454545,544,568,substitution
O43736-2,O43736,0.760870998,83.26996198,38,81,deletion
Q8NBU5-2,Q8NBU5,0.772015267,77.56232687,278,361,substitution
Q8IXQ5-4,Q8IXQ5,0.513190705,19.46308725,2,586,substitution
P24864-3,P24864,0.905200075,96.34146341,2,16,deletion
Q86UA6-3,Q86UA6,0.326671592,64.84018265,143,219,deletion
O95551-2,O95551,0.708489029,92.34693878,,,insertion
O00182-4,O00182,0.724434734,60.86956522,149,355,substitution
Q9Y320-2,Q9Y320,0.658999872,86.82432432,84,122,substitution
O60256-3,O60256,0.785480482,86.72086721,269,317,deletion
Q2M3R5-2,Q2M3R5,0.876196825,99.7260274,60,60,deletion
P06239-3,P06239,0.867600073,94.43413729,,,insertion
Q8IW40-2,Q8IW40,0.504990144,38.1147541,93,242,substitution
Q5TYM5-2,Q5TYM5,0.555901398,72.48322148,11,51,substitution
Q14790-7,Q14790,0.609215339,56.15866388,269,479,substitution
P18577-10,P18577,0.507319413,74.82014388,164,268,deletion
Q8IXH7-3,Q8IXH7,0.454707783,31.01694915,178,590,substitution
Q9NQ25-5,Q9NQ25,0.74355219,77.8425656,258,335,substitution
Q9UK97-3,Q9UK97,0.691906656,90.15659955,2,45,deletion
Q9H6S1-4,Q9H6S1,0.529078166,54.5,216,392,substitution
Q99627-2,Q99627,0.712534634,76.55502392,2,50,deletion
Q9H3K6-2,Q9H3K6,0.773146595,62.79069767,55,86,substitution
P04637-9,P04637,0.599553964,51.39949109,2,393,substitution
Q9P2X3-2,Q9P2X3,0.572437442,63.125,2,119,deletion
Q8WWU5-4,Q8WWU5,0.8649209,91.84890656,2,42,substitution
Q13356-2,Q13356,0.538589217,93.22033898,490,520,substitution
O76013-2,O76013,0.704459591,88.86509636,2,52,substitution
Q5JU67-2,Q5JU67,0.505089902,72.31638418,380,520,substitution
P42081-3,P42081,0.798629078,98.17629179,2,7,deletion
Q13324-5,Q13324,0.869528726,89.05109489,366,410,substitution
O15151-2,O15151,0.482516061,22.65306122,109,490,substitution
Q8TED4-4,Q8TED4,0.466344976,25.1497006,2,376,deletion
Q6P2C8-2,Q6P2C8,0.554400142,88.4244373,192,227,deletion
Q16653-13,Q16653,0.663421209,82.77027027,245,247,substitution
Q13555-4,Q13555,0.844111094,94.62365591,396,425,substitution
O00148-2,O00148,0.828328697,68.11926606,289,427,substitution
Q96MP8-2,Q96MP8,0.807492421,99.65397924,289,289,deletion
Q6IEG0-2,Q6IEG0,0.356363356,41.00294985,136,336,substitution
P46734-3,P46734,0.880406806,94.60227273,2,16,substitution
O75019-2,O75019,0.583687873,59.1002045,222,421,deletion
Q9BZM2-2,Q9BZM2,0.814083408,79.62085308,,,insertion
P55344-2,P55344,0.890668668,80.46511628,,,insertion
Q9NZ01-2,Q9NZ01,0.73085455,50.97402597,20,170,deletion
P49788-2,P49788,0.734078834,76.35135135,225,294,substitution
P36896-2,P36896,0.623596032,90.11627907,465,505,substitution
P24752-2,P24752,0.49315496,34.66042155,146,427,substitution
Q9Y2D2-3,Q9Y2D2,0.793445608,64.93902439,212,325,substitution
P04085-2,P04085,0.752607226,91.50943396,194,211,substitution
B7ZAQ6-3,B7ZAQ6,0.936272562,94.50549451,2,26,deletion
Q6UWV2-2,Q6UWV2,0.800626248,94.89361702,25,36,deletion
Q6UX41-3,Q6UX41,0.590118314,49.00181488,263,500,substitution
Q13639-2,Q13639,0.899732567,90.04975124,360,388,substitution
A2A288-4,A2A288,0.567404875,58.63377609,300,526,substitution
P04278-4,P04278,0.643695,71.39303483,239,353,deletion
Q92187-2,Q92187,0.472815012,46.79665738,169,359,deletion
Q6UXB8-2,Q6UXB8,0.626504825,58.31533477,232,424,deletion
Q6P9F5-2,Q6P9F5,0.384581334,88.75968992,148,176,deletion
Q96JB5-4,Q96JB5,0.902437109,94.91525424,2,2,substitution
Q9H1R2-2,Q9H1R2,0.563021416,48.17073171,143,295,substitution
Q9H336-2,Q9H336,0.576067877,59.0,2,209,substitution
Q99933-4,Q99933,0.656267342,66.66666667,2,116,deletion
Q01518-2,Q01518,0.495228193,99.78947368,38,38,deletion
Q6PF05-3,Q6PF05,0.818356959,90.68010076,360,361,substitution
Q8WWW0-2,Q8WWW0,0.577098005,54.18604651,2,193,substitution
Q8NEZ5-3,Q8NEZ5,0.731018335,65.7635468,266,403,substitution
Q9UHC3-3,Q9UHC3,0.899330888,93.80692168,506,531,substitution
Q8N6G5-2,Q8N6G5,0.556963473,60.11029412,327,542,substitution
O43557-2,O43557,0.708894085,85.0,38,73,deletion
Q01081-2,Q01081,0.922045096,97.08333333,47,66,substitution
Q9Y5Z9-2,Q9Y5Z9,0.623679301,52.07100592,177,337,substitution
Q6DN72-3,Q6DN72,0.697772439,88.24884793,383,434,substitution
Q96F85-2,Q96F85,0.716940246,69.6969697,111,164,substitution
Q6UXS9-3,Q6UXS9,0.824816034,74.78005865,4,309,substitution
Q8TBZ3-3,Q8TBZ3,0.574036251,26.48083624,145,569,substitution
Q9UIF7-5,Q9UIF7,0.877751511,95.6043956,2,62,substitution
Q6W5P4-4,Q6W5P4,0.826820555,91.51193634,343,371,substitution
Q495N2-2,Q495N2,0.846307208,78.47358121,2,134,substitution
Q6P461-3,Q6P461,0.896389749,94.86166008,,,insertion
Q8TED0-2,Q8TED0,0.536873839,63.32046332,2,191,deletion
Q00325-2,Q00325,0.962987389,96.40883978,54,83,substitution
Q9UPT9-2,Q9UPT9,0.924076886,89.64218456,2,57,substitution
Q86YT5-2,Q86YT5,0.892561346,91.90140845,480,525,deletion
P26641-2,P26641,0.742318005,88.91170431,3,4,substitution
P15812-9,P15812,0.526256439,45.12820513,20,344,substitution
Q969D9-2,Q969D9,0.551967319,39.62264151,3,98,deletion
P42575-2,P42575,0.468091754,62.31263383,2,452,substitution
Q01064-2,Q01064,0.854123124,93.84328358,2,38,substitution
Q9Y6K9-3,Q9Y6K9,0.604407372,76.37231504,174,304,substitution
P07585-4,P07585,0.454114874,47.91086351,109,295,deletion
Q15233-2,Q15233,0.658655406,81.10403397,2,90,deletion
Q8WU39-3,Q8WU39,0.590608551,46.84210526,2,101,substitution
O75783-2,O75783,0.829620727,81.98198198,2,77,substitution
Q8TBF2-4,Q8TBF2,0.730280758,81.81818182,129,164,deletion
P57772-2,P57772,0.952836404,94.79865772,3,31,substitution
Q9Y2G5-1,Q9Y2G5,0.84120128,89.04109589,380,429,substitution
Q9Y4P8-2,Q9Y4P8,0.856618193,93.6123348,26,417,substitution
Q9Y587-3,Q9Y587,0.689154865,69.28104575,99,144,substitution
P35250-2,P35250,0.864768952,90.39548023,111,144,deletion
Q9BUP0-2,Q9BUP0,0.463083845,58.33333333,2,101,substitution
Q14520-2,Q14520,0.865388874,95.35714286,2,27,deletion
P30874-2,P30874,0.875603898,89.83957219,333,369,substitution
Q6QHF9-6,Q6QHF9,0.44578067,11.93737769,62,511,substitution
Q9NZN9-3,Q9NZN9,0.585935579,83.59375,93,155,deletion
Q5T089-2,Q5T089,0.636705034,69.41649899,346,497,substitution
Q8N7S2-2,Q8N7S2,0.303666392,21.91780822,38,189,substitution
P20151-2,P20151,0.776300735,81.6091954,211,261,substitution
Q9NYL4-2,Q9NYL4,0.683849967,61.79245283,130,201,substitution
Q9H841-1,Q9H841,0.826012979,89.28571429,347,383,substitution
Q6NUK4-2,Q6NUK4,0.727889898,54.90196078,140,254,substitution
P53805-4,P53805,0.369515302,46.42857143,2,136,deletion
O15194-2,O15194,0.755334969,96.01449275,79,89,deletion
Q9NRC1-7,Q9NRC1,0.570768738,67.52136752,215,585,substitution
O75469-4,O75469,0.592175145,91.47465438,174,210,deletion
Q7Z7H5-3,Q7Z7H5,0.777831917,79.29515419,179,227,substitution
Q8WWY3-2,Q8WWY3,0.711374971,67.52988048,333,499,substitution
Q6UXZ0-2,Q6UXZ0,0.781015966,81.67938931,214,262,substitution
Q9NYR9-3,Q9NYR9,0.708928288,70.68062827,58,113,deletion
Q8N9I9-2,Q8N9I9,0.461864463,97.71428571,2,7,substitution
Q6UX01-2,Q6UX01,0.974135943,99.59100204,53,54,deletion
P55075-4,P55075,0.764118768,95.49180328,,,insertion
Q9NVN3-4,Q9NVN3,0.634910826,44.9905482,2,520,substitution
Q9H1R2-3,Q9H1R2,0.558348251,46.98795181,2,295,substitution
O00422-2,O00422,0.86037103,88.95348837,,,insertion
O43913-2,O43913,0.793497452,68.96551724,294,435,substitution
Q9Y282-2,Q9Y282,0.570864173,59.53002611,229,383,substitution
P51685-2,P51685,0.74353158,75.21126761,2,91,substitution
Q5VTY9-2,Q5VTY9,0.872368037,75.9469697,92,493,substitution
Q9UNW8-3,Q9UNW8,0.856348944,97.10526316,2,11,substitution
Q08209-3,Q08209,0.755066585,90.01919386,319,456,substitution
Q5EBL4-2,Q5EBL4,0.581262384,81.40096618,2,403,substitution
Q969R8-2,Q969R8,0.595101386,30.75221239,136,447,substitution
O76036-5,O76036,0.434139867,62.17105263,12,118,deletion
Q9UPQ4-2,Q9UPQ4,0.492288391,87.6984127,146,205,substitution
Q9BTY2-2,Q9BTY2,0.538050758,31.04925054,138,467,substitution
P24071-11,P24071,0.636170276,88.1533101,12,216,substitution
O43852-4,O43852,0.732451986,90.40247678,2,137,substitution
Q9HA47-3,Q9HA47,0.837671126,96.75090253,28,36,deletion
Q9NP72-3,Q9NP72,0.664724125,68.93203883,63,126,deletion
Q9Y679-3,Q9Y679,0.857824232,88.29268293,360,410,substitution
A5D8V7-2,A5D8V7,0.291493816,85.36184211,2,81,substitution
Q7Z5Y7-3,Q7Z5Y7,0.664670273,65.39379475,2,146,deletion
Q8WW43-2,Q8WW43,0.807406668,84.04669261,119,159,deletion
Q14994-15,Q14994,0.497127845,76.04456825,232,352,substitution
Q9BYG4-2,Q9BYG4,0.509861653,26.86170213,99,376,substitution
Q9H2R5-4,Q9H2R5,0.671470757,66.796875,122,206,deletion
Q16342-2,Q16342,0.558827565,54.36046512,32,344,substitution
Q4G0J3-2,Q4G0J3,0.542537965,36.76975945,2,369,deletion
Q14141-3,Q14141,0.766188677,60.59907834,263,434,substitution
Q5T9L3-2,Q5T9L3,0.94596522,91.42857143,36,541,substitution
O14717-6,O14717,0.492929373,15.0,59,391,substitution
Q8N3G9-2,Q8N3G9,0.772594782,97.24137931,374,385,deletion
Q9GZU7-2,Q9GZU7,0.831641271,99.61685824,73,73,deletion
Q9NXT0-3,Q9NXT0,0.710696631,89.30348259,2,44,deletion
Q13137-5,Q13137,0.553693018,83.85650224,2,73,deletion
Q06609-2,Q06609,0.610620463,71.38643068,77,173,deletion
Q15223-2,Q15223,0.709342085,70.32755299,336,517,substitution
P32121-5,P32121,0.855661077,96.33251834,39,53,deletion
Q14626-2,Q14626,0.700062967,92.41706161,391,422,deletion
Q70IA6-3,Q70IA6,0.841023857,86.19402985,2,6,substitution
Q8NFV4-6,Q8NFV4,0.437861769,81.9047619,146,202,deletion
O96000-2,O96000,0.850681486,77.52808989,137,172,substitution
Q9BUK0-4,Q9BUK0,0.858911915,77.27272727,,,insertion
P30988-3,P30988,0.781954244,90.08438819,2,48,deletion
Q16342-3,Q16342,0.820983621,90.40697674,32,64,deletion
Q969S0-2,Q969S0,0.731734734,67.67371601,225,331,substitution
O00541-2,O00541,0.932684998,99.14965986,306,310,deletion
Q9H2U2-3,Q9H2U2,0.842690979,91.31736527,148,176,deletion
Q9H6Y2-2,Q9H6Y2,0.590298461,43.08093995,2,219,deletion
Q9Y6M1-1,Q9Y6M1,0.491121201,92.82136895,358,400,deletion
Q7Z7D3-2,Q7Z7D3,0.563942587,58.86524823,33,148,deletion
Q9UHJ9-2,Q9UHJ9,0.865964153,80.63492063,,,insertion
Q53F39-5,Q53F39,0.729315131,57.32009926,227,396,substitution
Q92985-3,Q92985,0.511325813,30.61630219,152,503,substitution
Q5QGZ9-5,Q5QGZ9,0.532339422,80.37735849,214,265,deletion
P48546-2,P48546,0.876376778,85.92750533,400,466,substitution
O00141-3,O00141,0.86916668,90.90909091,2,25,substitution
Q6NXP6-2,Q6NXP6,0.794280796,61.33333333,229,359,substitution
Q8N434-2,Q8N434,0.818195703,68.15415822,3,157,substitution
O76036-3,O76036,0.391950981,68.75,25,119,deletion
Q8TB03-2,Q8TB03,0.373729589,62.69592476,2,120,deletion
P61244-4,P61244,0.669851328,55.97826087,99,160,substitution
Q9BTZ2-3,Q9BTZ2,0.470144184,56.83453237,103,222,deletion
Q86TN4-3,Q86TN4,0.865015282,84.98023715,187,224,substitution
Q9HC97-2,Q9HC97,0.925175723,90.88235294,,,insertion
P24046-3,P24046,0.785252818,81.83716075,2,88,deletion
P85298-4,P85298,0.891067881,93.31896552,101,131,deletion
Q96GR4-3,Q96GR4,0.904903823,82.91925466000001,,,insertion
O95388-5,O95388,0.605568125,45.77656676,2,203,substitution
P16949-2,P16949,0.721848866,69.51871658,127,149,substitution
Q9NVA4-2,Q9NVA4,0.742484216,59.5890411,262,438,deletion
P55259-3,P55259,0.616174816,99.44134078,179,181,deletion
Q7KZN9-2,Q7KZN9,0.851268466,87.23404255,368,410,substitution
P35613-4,P35613,0.606973199,51.16883117,2,191,substitution
P36544-3,P36544,0.311237748,16.73306773,81,502,substitution
Q9GZT9-3,Q9GZT9,0.640646538,73.4741784,58,175,substitution
Q9H2U2-6,Q9H2U2,0.729114002,69.46107784,75,176,deletion
P15812-4,P15812,0.61694407,82.73195876,248,344,substitution
Q15560-2,Q15560,0.60336049,90.96989967,2,28,deletion
Q9BZV1-2,Q9BZV1,0.884065201,87.98185941,2,54,deletion
Q8N8Q9-2,Q8N8Q9,0.922313656,94.44444444,47,66,substitution
Q8N2F6-4,Q8N2F6,0.501265348,72.59475219,47,234,substitution
P08174-4,P08174,0.764559435,94.75065617,361,381,substitution
Q9UN42-2,Q9UN42,0.876042384,98.87955182,107,110,deletion
P13726-2,P13726,0.732351052,66.88741722,199,295,substitution
Q9GZU7-3,Q9GZU7,0.780491634,93.89312977,2,73,substitution
Q9H4A9-3,Q9H4A9,0.55519839,51.02880658,245,485,substitution
Q8NFZ5-2,Q8NFZ5,0.439965564,75.05827506,2,108,deletion
P48664-2,P48664,0.628580111,55.31914894,313,564,deletion
P54750-3,P54750,0.77779288,86.58088235,3,72,substitution
Q96LD1-2,Q96LD1,0.653462526,95.83333333,,,insertion
P32297-1,P32297,0.856611293,99.00990099,2,6,substitution
Q96IY4-2,Q96IY4,0.84024664,80.13856813,198,423,substitution
Q9UHI5-2,Q9UHI5,0.734386159,62.05607477,2,204,deletion
Q9H6J7-4,Q9H6J7,0.835245337,81.03448276,275,331,substitution
Q9H6X2-3,Q9H6X2,0.642667155,47.30434783,268,564,substitution
Q8IZ96-16,Q8IZ96,0.51960672,33.33333333,2,169,substitution
Q92551-2,Q92551,0.741956735,62.58503401,2,166,deletion
O95639-3,O95639,0.704501702,90.33457249,191,216,deletion
Q03060-9,Q03060,0.431936791,25.79710145,2,345,substitution
P07585-3,P07585,0.595765758,59.05292479,73,219,deletion
P18577-5,P18577,0.874049822,83.68298368,359,417,substitution
Q8TDN1-2,Q8TDN1,0.598214067,48.56046065,253,519,substitution
Q01638-3,Q01638,0.587539347,36.64921466,204,556,substitution
Q03405-3,Q03405,0.783291326,86.26865672,158,203,substitution
O14931-6,O14931,0.694920417,70.64676617,66,201,substitution
Q9UHC3-4,Q9UHC3,0.792267549,66.12021858,356,531,substitution
O75955-2,O75955,0.370909354,88.7587822,71,118,deletion
Q14451-4,Q14451,0.803260566,93.60902256,49,82,deletion
P31751-2,P31751,0.668965766,91.06029106,278,320,deletion
P30988-6,P30988,0.668495695,54.69387755,175,474,substitution
P31994-2,P31994,0.745366426,93.87096774,255,273,deletion
P48788-2,P48788,0.649445661,97.8021978,2,5,substitution
Q96GS6-2,Q96GS6,0.897800772,85.87257618,,,insertion
Q9UI10-3,Q9UI10,0.734073943,99.80879541,71,71,deletion
Q9Y5K3-2,Q9Y5K3,0.796623049,87.53387534,321,369,substitution
Q96M93-3,Q96M93,0.764282902,96.875,2,19,deletion
P04637-5,P04637,0.658062955,74.55470738,2,393,substitution
Q9UJT1-3,Q9UJT1,0.627500728,43.92935982,58,311,deletion
Q8TAC1-2,Q8TAC1,0.852519296,74.76190476,,,insertion
Q9P016-2,Q9P016,0.638591221,72.44444444,161,225,substitution
O96013-2,O96013,0.651994017,71.91201354,120,285,substitution
Q8NCF0-2,Q8NCF0,0.537213033,73.99103139,329,446,substitution
P01732-2,P01732,0.639850857,83.82978723,172,209,substitution
Q9BY67-4,Q9BY67,0.655218663,97.57174393,,,insertion
O14519-2,O14519,0.604573419,75.65217391,2,29,deletion
Q13555-11,Q13555,0.860290385,89.29188256,316,425,substitution
Q86SG2-2,Q86SG2,0.594371993,86.2295082,101,142,deletion
Q9H8M7-2,Q9H8M7,0.468334539,30.56179775,137,445,deletion
Q9H239-2,Q9H239,0.358922214,24.42307692,128,520,substitution
P52434-5,P52434,0.666008803,56.66666667,2,112,substitution
O75771-5,O75771,0.863850932,96.04863222,88,101,substitution
P15812-6,P15812,0.461999798,73.45360825,119,344,substitution
Q8IYS5-7,Q8IYS5,0.666083272,98.6013986,,,insertion
Q9BUT1-2,Q9BUT1,0.753301681,58.96414343,141,245,substitution
O75888-3,O75888,0.624592981,98.4,247,249,deletion
O60880-6,O60880,0.615523567,39.0625,47,128,substitution
Q9NZI8-2,Q9NZI8,0.478233801,75.90987868,136,274,deletion
Q9NVJ2-2,Q9NVJ2,0.614447678,64.64646465,125,186,substitution
Q14318-2,Q14318,0.764174074,99.75786925,,,insertion
Q9H0B8-5,Q9H0B8,0.376740785,24.14486922,121,497,deletion
Q6ZQR2-2,Q6ZQR2,0.231604756,88.75,67,102,deletion
Q16181-2,Q16181,0.686222661,99.77116705,21,21,deletion
P61073-2,P61073,0.925115416,97.47191011,2,5,substitution
P43034-2,P43034,0.463085721,35.6097561,12,410,substitution
Q9NVH6-2,Q9NVH6,0.794963343,77.98165138,333,421,substitution
Q9H8S9-2,Q9H8S9,0.739691438,64.35185185,138,216,substitution
P60153-2,P60153,0.751391485,97.61904762,,,insertion
P49459-2,P49459,0.854423576,80.26315789,51,80,deletion
Q86YW5-2,Q86YW5,0.527192359,62.05787781,190,311,substitution
P84022-2,P84022,0.769448327,84.34579439,3,68,substitution
P82673-2,P82673,0.609140596,55.07692308,176,323,substitution
P35462-3,P35462,0.826101576,91.5,287,320,substitution
Q86YT5-3,Q86YT5,0.919432319,97.00704225,124,140,deletion
Q8TB03-3,Q8TB03,0.523919167,37.87878788,118,319,substitution
Q15370-2,Q15370,0.79832751,72.67080745,118,118,substitution
Q13137-2,Q13137,0.422496963,90.58295964,140,181,deletion
O95954-4,O95954,0.546293742,23.54014599,123,541,substitution
P27824-3,P27824,0.746369061,81.75675676,2,109,deletion
Q8IU85-2,Q8IU85,0.882504404,90.38961039,348,385,substitution
P54750-4,P54750,0.843633372,95.96330275,522,535,substitution
Q8N5J2-2,Q8N5J2,0.659498616,69.7228145,2,143,deletion
Q9NRW1-2,Q9NRW1,0.793178238,89.90384615,2,23,substitution
Q8N6V9-2,Q8N6V9,0.719027344,80.81841432,2,76,deletion
Q13829-2,Q13829,0.654036452,67.08860759,2,105,deletion
O14662-6,O14662,0.668059173,83.69230769,3,55,deletion
Q9UBG7-2,Q9UBG7,0.9271692,99.8065764,427,427,deletion
Q9NZD1-3,Q9NZD1,0.829380186,85.55240793,299,345,substitution
Q495C1-3,Q495C1,0.618668613,64.64646465,193,297,deletion
Q9NP55-2,Q9NP55,0.90082964,94.53125,18,31,deletion
Q6P4F1-2,Q6P4F1,0.855771913,91.92307692,27,27,substitution
Q13555-7,Q13555,0.886290642,92.23985891,331,397,substitution
Q4JDL3-3,Q4JDL3,0.814334546,88.7587822,2,43,substitution
Q9UHD1-2,Q9UHD1,0.584446978,94.27710843,40,58,deletion
P78310-6,P78310,0.81344204,93.69863014,340,364,substitution
Q14141-4,Q14141,0.939897809,98.38709677,428,434,substitution
P20827-2,P20827,0.716974266,89.26829268,131,152,deletion
Q9H4E5-2,Q9H4E5,0.763190408,89.71962617,113,134,deletion
A6NFY4-2,A6NFY4,0.418551653,32.37410072,2,417,substitution
Q8TDW4-6,Q8TDW4,0.773891725,90.25641026,69,575,substitution
P10966-2,P10966,0.766066333,93.66515837,208,210,substitution
Q9Y2H1-2,Q9Y2H1,0.819261559,79.95689655,2,102,substitution
Q9H0E2-2,Q9H0E2,0.59268334,74.81751825,2,70,deletion
Q9UH17-2,Q9UH17,0.653062158,51.62907268,191,382,substitution
Q9BZJ3-2,Q9BZJ3,0.806066153,96.28099174,86,94,deletion
Q92569-3,Q92569,0.293744185,79.39262473,36,314,substitution
Q9H4I3-2,Q9H4I3,0.886836907,87.76595745,30,75,deletion
A6NFN9-1,A6NFN9,0.795624347,81.87250996,411,502,substitution
O00560-3,O00560,0.712578071,97.98657718,12,17,deletion
Q6ZP29-3,Q6ZP29,0.670102158,77.66323024,2,66,deletion
Q8IYV9-2,Q8IYV9,0.641118923,49.28774929,167,350,substitution
Q9GZZ7-3,Q9GZZ7,0.541488182,41.07142857,132,299,substitution
Q9UIY3-2,Q9UIY3,0.826447833,77.73972603,2,66,substitution
Q16534-2,Q16534,0.634978651,71.18644068,2,86,deletion
Q9UJ68-4,Q9UJ68,0.784059088,82.9787234,71,110,deletion
P31994-5,P31994,0.676183481,93.5483871,46,272,substitution
Q05513-3,Q05513,0.716040749,81.41891892,2,112,substitution
Q9NUM3-3,Q9NUM3,0.706049095,75.24429967,232,307,substitution
Q9BXD5-2,Q9BXD5,0.810986979,70.9039548,2,77,substitution
Q9UK41-2,Q9UK41,0.465102278,73.91304348,184,221,substitution
P54750-8,P54750,0.782839172,82.85198556,3,535,substitution
Q8NA47-2,Q8NA47,0.559747832,92.89520426,2,41,deletion
Q8WW34-2,Q8WW34,0.547260301,77.94871795,2,44,deletion
Q8TDQ1-4,Q8TDQ1,0.527056095,43.9628483,2,290,substitution
Q9BUK6-4,Q9BUK6,0.4427023,17.01754386,98,570,substitution
Q5UCC4-2,Q5UCC4,0.733616901,85.60885609,228,262,substitution
O75575-4,O75575,0.514627439,45.94594595,4,80,deletion
A6NKQ9-2,A6NKQ9,0.710282673,81.81818182,3,35,substitution
Q9H0S4-2,Q9H0S4,0.824261329,89.23076923,251,299,deletion
Q9NWS1-3,Q9NWS1,0.536482362,28.79310345,166,579,substitution
Q8N2F6-6,Q8N2F6,0.609382208,65.59766764,47,259,substitution
P52798-2,P52798,0.724806245,73.18181818,157,201,substitution
P04637-6,P04637,0.673751718,75.06361323,2,393,substitution
Q6GTX8-4,Q6GTX8,0.670185688,72.82229965,210,287,deletion
Q9NSP4-2,Q9NSP4,0.690799588,54.35897436,104,180,substitution
P54750-7,P54750,0.82989073,87.36654804,2,535,substitution
O00499-9,O00499,0.670086543,68.97133221,174,487,substitution
Q9H1X3-3,Q9H1X3,0.326762516,31.63538874,113,360,substitution
Q96DX5-3,Q96DX5,0.730337497,81.39534884,145,294,substitution
P15509-5,P15509,0.763251347,72.85067873,316,400,substitution
Q9BYG5-2,Q9BYG5,0.512414069,27.15053763,97,370,substitution
O60858-3,O60858,0.470485469,99.26829268,,,insertion
Q9UMX3-2,Q9UMX3,0.600284344,63.20754717,2,79,deletion
P17181-4,P17181,0.737150917,87.61220826,2,70,deletion
Q8IUF8-3,Q8IUF8,0.596702361,43.87096774,2,261,substitution
Q8IW41-2,Q8IW41,0.804886712,99.57716702,407,408,deletion
Q13324-6,Q13324,0.837961884,89.05109489,367,411,deletion
Q9NVH1-3,Q9NVH1,0.502813046,90.69767442,367,418,deletion
Q9GZT3-2,Q9GZT3,0.825419323,98.16513761,90,91,deletion
Q9UIF7-4,Q9UIF7,0.838720881,97.43589744,2,15,deletion
Q8WXI3-3,Q8WXI3,0.869537811,81.4893617,2,106,substitution
O95260-2,O95260,0.837108986,94.59459459,274,314,substitution
P78334-2,P78334,0.798848064,71.93675889,365,506,substitution
P37173-2,P37173,0.605838237,95.60810811,32,32,substitution
P52565-2,P52565,0.835719868,77.94117647,139,183,substitution
Q12904-2,Q12904,0.726349855,92.85714286,,,insertion
Q9P2U7-3,Q9P2U7,0.893883712,96.78571429,2,21,substitution
Q8IUQ0-2,Q8IUQ0,0.671394464,42.22222222,151,354,substitution
Q15758-2,Q15758,0.684533486,62.47689464,2,203,deletion
Q9BYM8-4,Q9BYM8,0.347580977,39.45841393,2,509,substitution
Q8NES3-3,Q8NES3,0.820881144,94.4591029,359,379,substitution
P51148-2,P51148,0.883147059,86.74698795,,,insertion
Q96G97-3,Q96G97,0.54946971,60.09975062,225,398,substitution
Q96CS7-5,Q96CS7,0.595625193,64.75770925,142,222,substitution
Q00887-2,Q00887,0.452928909,65.65656566,237,426,substitution
Q8IVS2-2,Q8IVS2,0.501890539,44.61538462,172,390,substitution
P52823-2,P52823,0.571066402,72.06477733,2,70,deletion
Q96NT5-2,Q96NT5,0.934964896,93.89978214,362,389,deletion
Q6XPS3-7,Q6XPS3,0.894388876,88.84688091,466,522,substitution
Q969I3-2,Q969I3,0.935450266,82.5443787,2,24,substitution
Q07812-8,Q07812,0.843160958,93.22916667,159,171,deletion
O43674-2,O43674,0.699387106,72.48677249,42,93,deletion
Q9NUQ3-2,Q9NUQ3,0.517051472,75.0,35,166,deletion
P15927-2,P15927,0.841113982,95.68345324,2,4,substitution
Q8TD46-3,Q8TD46,0.644915924,44.47761194,23,347,substitution
O15105-2,O15105,0.588554264,49.53051643,2,216,deletion
Q96BZ9-3,Q96BZ9,0.752660447,93.92523364,,,insertion
P78348-3,P78348,0.822335565,72.4738676,2,185,substitution
P20333-2,P20333,0.565780535,56.8329718,263,461,substitution
Q13555-9,Q13555,0.834809673,93.82716049,331,397,substitution
Q9H0V9-3,Q9H0V9,0.5804079,51.2465374,2,169,substitution
P26436-10,P26436,0.581055489,45.66037736,42,185,deletion
P01241-3,P01241,0.70535562,82.48847926,111,148,deletion
P43897-3,P43897,0.499362066,49.53846154,162,325,substitution
Q86X40-2,Q86X40,0.703226025,80.48780488,291,367,substitution
P55211-3,P55211,0.454744765,36.29807692,152,416,substitution
Q9UJX2-2,Q9UJX2,0.507730814,21.40468227,125,597,substitution
Q53H12-2,Q53H12,0.328082463,11.61137441,48,422,substitution
Q9Y2I2-4,Q9Y2I2,0.68822309,81.71846435,364,464,substitution
Q6UWQ5-2,Q6UWQ5,0.848348721,76.28865979,,,insertion
Q8TED0-3,Q8TED0,0.666549048,96.33204633,31,49,deletion
Q9BTE1-2,Q9BTE1,0.90323996,82.41758242,151,182,substitution
Q15973-2,Q15973,0.435357878,38.46153846,2,322,substitution
P61236-2,P61236,0.801795868,75.79617834,,,insertion
Q5TZF3-1,Q5TZF3,0.807313418,94.32624113,,,insertion
Q92754-2,Q92754,0.640833678,62.44444444,2,170,deletion
Q96JB5-2,Q96JB5,0.804818511,79.0513834,2,111,substitution
Q9BTZ2-5,Q9BTZ2,0.729107399,71.58273381,103,222,substitution
Q9BYD3-2,Q9BYD3,0.753506676,76.54320988,248,310,substitution
Q9H2V7-3,Q9H2V7,0.555381503,85.98484848,81,322,substitution
Q9UNT1-2,Q9UNT1,0.971814604,99.56331878,,,insertion
Q9C029-1,Q9C029,0.387414045,40.90019569,207,511,substitution
P48059-3,P48059,0.480374417,83.97932817,,,insertion
Q9NQQ7-3,Q9NQQ7,0.882743097,92.63959391,,,insertion
P78539-4,P78539,0.708472412,79.52586207,364,464,substitution
O75920-2,O75920,0.378188868,38.18181818,39,110,substitution
Q8N126-3,Q8N126,0.430839806,88.19095477,185,231,substitution
P78381-2,P78381,0.922250856,98.23677582,389,396,substitution
Q14142-3,Q14142,0.538892668,87.33031674,381,442,substitution
P41146-2,P41146,0.816253015,98.64864865,74,78,deletion
Q86SG7-2,Q86SG7,0.740349456,82.0754717,175,212,substitution
P55055-2,P55055,0.636883062,78.69565217,61,158,substitution
Q7RTY3-2,Q7RTY3,0.787930607,86.92307692,96,129,substitution
Q86TP1-2,Q86TP1,0.5796112,84.98896247,45,112,substitution
Q9Y570-2,Q9Y570,0.559206523,51.55440415,2,188,deletion
Q6ZMY6-2,Q6ZMY6,0.775365392,87.92372881,415,472,substitution
Q02161-5,Q02161,0.862234557,86.5248227,358,417,substitution
Q8IZ96-11,Q8IZ96,0.193616821,15.97633136,28,169,substitution
Q5T9G4-2,Q5T9G4,0.782646413,92.64305177,,,insertion
O95084-2,O95084,0.827754968,91.64490862,51,82,deletion
Q13568-6,Q13568,0.544892196,23.03262956,120,498,substitution
Q9NUJ1-3,Q9NUJ1,0.572339616,62.45954693,193,306,substitution
P18577-6,P18577,0.853379246,81.81818182,358,417,substitution
O60828-4,O60828,0.328035761,64.1509434,98,192,deletion
Q9Y2U2-3,Q9Y2U2,0.813539401,79.47882736,241,307,substitution
P35052-2,P35052,0.691396158,42.70462633,3,558,substitution
Q8IZ96-12,Q8IZ96,0.451104903,15.11627907,8,169,substitution
O43852-9,O43852,0.393634455,48.88888889,98,258,deletion
Q9UK97-2,Q9UK97,0.6807822,97.53914989,2,11,deletion
Q6UW56-3,Q6UW56,0.819091798,80.63380282,,,insertion
P29972-4,P29972,0.647030232,52.38095238,2,128,substitution
Q9BUE6-2,Q9BUE6,0.809919678,73.29545455,,,insertion
Q495N2-3,Q495N2,0.909915295,91.97651663,,,insertion
Q9HC98-3,Q9HC98,0.8798981,94.56193353,,,insertion
P43351-4,P43351,0.476191999,23.1678487,94,418,substitution
Q9NP87-2,Q9NP87,0.669970553,86.51911469,279,356,substitution
Q96GE6-2,Q96GE6,0.744657363,61.2244898,2,77,deletion
Q7Z5L0-2,Q7Z5L0,0.265036613,32.17821782,66,202,substitution
Q96LA6-3,Q96LA6,0.748387286,78.55477855,296,429,substitution
Q9C0B1-3,Q9C0B1,0.492011814,10.4950495,2,455,substitution
Q7Z4W2-2,Q7Z4W2,0.836383151,76.28865979,,,insertion
Q32NB8-3,Q32NB8,0.653467167,58.81294964,328,556,substitution
Q9NYZ4-3,Q9NYZ4,0.73862037,83.30019881,416,499,substitution
Q9UBK7-2,Q9UBK7,0.841506742,99.56331878,,,insertion
Q9H6S1-3,Q9H6S1,0.485948987,54.52261307,216,392,substitution
Q12974-3,Q12974,0.847497027,81.43712575,33,63,deletion
P39905-5,P39905,0.528828874,75.35545024,2,53,deletion
Q9Y2U2-2,Q9Y2U2,0.866116314,79.15309446,241,307,substitution
O15232-2,O15232,0.566518352,91.35802469,267,308,deletion
Q96H22-5,Q96H22,0.820910311,89.97050147,178,211,deletion
Q96MU8-3,Q96MU8,0.711885092,96.0,31,389,substitution
O43852-8,O43852,0.546877406,56.50793651,75,285,substitution
Q9HBL6-2,Q9HBL6,0.665002295,77.97101449,2,77,deletion
Q99640-4,Q99640,0.743860461,85.37074148,5,73,deletion
P24071-9,P24071,0.507450716,62.36933798,12,210,substitution
Q9H1Q7-4,Q9H1Q7,0.548921089,29.95594714,133,454,substitution
Q9Y6M4-5,Q9Y6M4,0.705772758,74.50549451,2,430,substitution
Q8N126-2,Q8N126,0.712525013,92.12962963,,,insertion
Q13291-2,Q13291,0.808426654,86.30952381,289,335,substitution
Q86V88-3,Q86V88,0.652826789,45.27363184,89,176,substitution
P10966-7,P10966,0.711242914,85.71428571,166,195,deletion
Q9HD47-2,Q9HD47,0.859678624,78.49462366,147,186,deletion
Q9UM11-2,Q9UM11,0.741429567,99.39516129,481,483,deletion
Q6P656-2,Q6P656,0.740852238,56.31067961,2,301,substitution
Q9Y343-2,Q9Y343,0.72768752,87.5739645,148,169,substitution
O60609-2,O60609,0.550003452,92.25,127,157,deletion
Q92913-5,Q92913,0.681392291,77.2,2,62,substitution
Q96HE8-2,Q96HE8,0.72847743,74.07407407,3,6,substitution
P49662-2,P49662,0.776616666,85.14588859,3,58,deletion
O75469-3,O75469,0.724056498,94.74835886,,,insertion
P46098-2,P46098,0.864364554,93.7254902,,,insertion
Q7Z2E3-5,Q7Z2E3,0.63135882,80.8988764,2,112,substitution
O75426-4,O75426,0.79703913,97.75862069,2,13,deletion
Q9NZR1-2,Q9NZR1,0.354277296,89.74358974,209,244,deletion
P27105-2,P27105,0.335300489,42.70833333,56,220,deletion
Q5JT25-2,Q5JT25,0.863015332,99.54954955,42,42,deletion
P07288-5,P07288,0.7851499749999999,82.37547893,211,260,substitution
O75648-3,O75648,0.579835204,42.78959811,2,421,substitution
Q9UN36-4,Q9UN36,0.421305393,88.4097035,26,185,substitution
O96013-3,O96013,0.611223015,74.11167513,69,221,deletion
Q16627-2,Q16627,0.655212001,84.40366972,27,27,substitution
Q03181-2,Q03181,0.764716783,81.40589569,360,441,substitution
Q969W1-3,Q969W1,0.704569496,89.65517241,176,214,deletion
Q92692-2,Q92692,0.701668218,70.87912088,351,536,substitution
Q01105-2,Q01105,0.802796417,89.65517241,2,37,substitution
Q8WUA7-4,Q8WUA7,0.706549101,90.90909091,2,48,deletion
Q92629-3,Q92629,0.72594288,80.06756757,2,289,substitution
P0CAP1-8,P0CAP1,0.604251275,80.25751073,374,466,substitution
P24071-2,P24071,0.608786113,92.33449477,195,216,deletion
O95639-2,O95639,0.707041975,90.7063197,192,216,deletion
P48549-2,P48549,0.628582276,46.70658683,235,501,substitution
Q9H579-2,Q9H579,0.448641484,46.27831715,332,483,substitution
Q92993-2,Q92993,0.760986712,89.86354776,96,147,deletion
P28472-3,P28472,0.83055999,83.08668076,3,80,substitution
Q8TDW4-8,Q8TDW4,0.645574483,51.46299484,2,575,substitution
P41235-7,P41235,0.591886854,72.59713701,2,474,substitution
Q5EG05-2,Q5EG05,0.71898618,46.70050761,92,197,substitution
Q6P4F1-3,Q6P4F1,0.739426764,56.21414914,2,479,substitution
Q6UX01-3,Q6UX01,0.932063078,95.91002045,337,356,deletion
Q96DR4-2,Q96DR4,0.849442489,64.95327103,134,204,substitution
P55957-4,P55957,0.681530505,50.76923077,3,98,deletion
Q9NTN3-2,Q9NTN3,0.77466257,65.22911051,2,355,substitution
P05155-3,P05155,0.940677214,99.00990099,,,insertion
P53367-2,P53367,0.760278473,91.42091153,69,100,deletion
Q9H0R8-2,Q9H0R8,0.856378866,69.8630137,97,117,substitution
O43236-5,O43236,0.711483621,69.24686192,3,667,deletion
P24468-2,P24468,0.70603775,64.97584541,2,147,substitution
Q7Z434-2,Q7Z434,0.470731493,19.7080292,99,540,substitution
Q9Y6W5-2,Q9Y6W5,0.574936417,55.02008032,275,498,substitution
P49354-2,P49354,0.784132158,82.32189974,68,134,deletion
P49336-2,P49336,0.788651061,99.78448276,371,371,deletion
Q8N6Y2-2,Q8N6Y2,0.45574685,70.06802721,310,441,substitution
Q96PB7-2,Q96PB7,0.268583742,46.0251046,218,478,substitution
Q9NQ25-4,Q9NQ25,0.516450608,38.2183908,127,335,substitution
Q6UX41-5,Q6UX41,0.611602333,48.38709677,263,500,substitution
Q99733-2,Q99733,0.924225704,96.89119171,375,375,substitution
Q03060-11,Q03060,0.469201229,29.85507246,2,244,substitution
Q9BW66-2,Q9BW66,0.581042372,48.58490566,103,212,substitution
P46098-5,P46098,0.894938021,92.63565891,3,305,substitution
Q9BRL7-2,Q9BRL7,0.641151687,77.34627832,238,303,substitution
Q9BX73-2,Q9BX73,0.744547346,67.75700935,2,76,substitution
Q8N3G9-3,Q8N3G9,0.602703184,73.79310345,29,385,substitution
Q13825-2,Q13825,0.749779577,91.44542773,140,168,deletion
P13861-2,P13861,0.794433155,94.55445545,292,313,deletion
P45378-4,P45378,0.687326395,89.21933086,23,252,substitution
P30988-4,P30988,0.844596137,87.14285714,2,174,substitution
Q8N5J2-4,Q8N5J2,0.68963271,79.74413645999999,2,96,deletion
Q86UA6-9,Q86UA6,0.319441288,65.29680365,143,218,substitution
O60443-3,O60443,0.662484193,66.93548387,2,165,deletion
Q9NVZ3-3,Q9NVZ3,0.725626648,59.92647059,164,263,substitution
Q9UIF7-3,Q9UIF7,0.894551772,97.98534799,54,64,deletion
P57727-3,P57727,0.580084428,69.24731183,318,454,substitution
Q08AI8-3,Q08AI8,0.75489881,61.74496644,2,171,substitution
Q8TCI5-3,Q8TCI5,0.25993869,82.72251309,54,86,deletion
Q8TD07-6,Q8TD07,0.67241626,93.92857143,,,insertion
P55061-2,P55061,0.888251263,80.33898305,,,insertion
Q8WUA7-2,Q8WUA7,0.815801659,84.91295938,22,212,substitution
O00232-2,O00232,0.900727658,95.61403509,37,56,deletion
P49763-3,P49763,0.548214462,66.96428571,132,213,substitution
A9UHW6-3,A9UHW6,0.810900712,84.41064639,,,insertion
Q9Y4P8-4,Q9Y4P8,0.933428928,96.03524229,26,43,deletion
Q6IEE8-2,Q6IEE8,0.867300725,94.65153971,2,4,substitution
Q9H074-2,Q9H074,0.694694851,83.50730689,10,88,deletion
O15245-2,O15245,0.86586986,83.42151675,462,554,substitution
P45379-5,P45379,0.854709715,99.66442953,201,201,deletion
Q9NZC7-3,Q9NZC7,0.32233071,40.99526066,173,414,substitution
Q16515-2,Q16515,0.858898299,70.03484321,2,185,substitution
Q15109-8,Q15109,0.797049468,69.60784314,275,404,substitution
Q05932-4,Q05932,0.689816351,95.57069847,168,193,deletion
Q9UIF7-2,Q9UIF7,0.895745621,98.16849817,53,62,deletion
P32121-2,P32121,0.829373126,93.58669834,39,360,substitution
Q9UBS8-2,Q9UBS8,0.616658307,73.41772152,2,127,deletion
P10747-7,P10747,0.677206991,88.03418803,2,17,substitution
Q96MF6-3,Q96MF6,0.794435467,78.68217054,2,45,substitution
O76081-5,O76081,0.5914201,56.70103093,4,171,deletion
Q9BQ65-2,Q9BQ65,0.394614961,93.20754717,151,168,deletion
Q8N9A8-3,Q8N9A8,0.442752849,27.2,33,125,substitution
Q9BRP0-2,Q9BRP0,0.648015545,52.0,2,133,deletion
P45379-10,P45379,0.780219162,98.99328859,201,203,deletion
Q15561-2,Q15561,0.694355066,70.2764977,2,130,deletion
Q9NY93-2,Q9NY93,0.810634277,92.68738574,298,337,deletion
Q9NSD4-2,Q9NSD4,0.638323061,87.64568765,2,54,deletion
Q7Z569-2,Q7Z569,0.476983856,69.76351351,2,249,substitution
P45379-3,P45379,0.855375516,99.66442953,55,55,deletion
P03372-4,P03372,0.482411985,47.86184211,2,594,substitution
Q92925-3,Q92925,0.82614712,87.57062147,2,71,substitution
Q9UPE1-4,Q9UPE1,0.958582214,99.82363316,259,259,deletion
Q7L5A3-3,Q7L5A3,0.592636517,43.30855019,2,306,deletion
Q6UXH1-5,Q6UXH1,0.548971143,87.81094527,,,insertion
Q9NZJ9-3,Q9NZJ9,0.650731117,70.71823204,2,85,substitution
Q9UNW8-2,Q9UNW8,0.50813518,50.52631579,2,189,deletion
Q9BYG7-5,Q9BYG7,0.842400544,80.95238095,2,33,substitution
Q6GTS8-2,Q6GTS8,0.668276624,57.30337079,302,502,substitution
Q9Y6M4-6,Q9Y6M4,0.657952574,66.00877193,2,430,substitution
O15162-2,O15162,0.786047846,66.46341463,2,104,substitution
P78382-2,P78382,0.670196405,82.1958457,192,251,substitution
Q93086-1,Q93086,0.850952568,99.52606635,205,349,substitution
Q49MI3-3,Q49MI3,0.844064581,82.79569892,205,300,substitution
Q01081-4,Q01081,0.687814854,69.58333333,2,74,deletion
Q9C0H2-4,Q9C0H2,0.838828752,94.23791822,501,523,substitution
Q9NY35-2,Q9NY35,0.773993365,71.14624506,181,253,substitution
P13631-2,P13631,0.820969755,88.72017354,2,61,substitution
Q86VH5-2,Q86VH5,0.795117894,88.12392427,513,581,substitution
Q6P2M8-6,Q6P2M8,0.91498159,95.27777778,,,insertion
Q14186-2,Q14186,0.574388729,74.3902439,2,361,substitution
Q9UMX2-2,Q9UMX2,0.664056098,74.46808511,2,76,substitution
Q4U2R8-4,Q4U2R8,0.84258572,92.18472469,455,498,deletion
P0C7I6-8,P0C7I6,0.35199657,47.38562092,141,297,substitution
P45378-5,P45378,0.711554733,91.07806691,23,46,deletion
P49450-2,P49450,0.389798653,81.42857143,72,97,deletion
P55259-4,P55259,0.473384171,72.06703911,32,181,deletion
Q96GC9-2,Q96GC9,0.567251306,52.70935961,2,193,deletion
Q9UNH6-3,Q9UNH6,0.864968407,85.80931264,,,insertion
Q9H446-2,Q9H446,0.411795501,60.49382716,2,97,deletion
Q5XUX1-2,Q5XUX1,0.819652129,91.80327869,128,294,substitution
Q6SA08-2,Q6SA08,0.913378871,97.04142012,,,insertion
Q8TDX6-3,Q8TDX6,0.383130956,53.0726257,285,532,substitution
Q9Y577-2,Q9Y577,0.622318409,63.5610766,295,477,substitution
Q15036-2,Q15036,0.815339775,94.68085106,22,46,deletion
P36957-2,P36957,0.60938444,75.87719298,2,109,substitution
P0CAP1-5,P0CAP1,0.594373535,81.15631692,375,466,substitution
Q15555-5,Q15555,0.828836006,86.85015291,2,44,deletion
Q86VH4-2,Q86VH4,0.759348746,87.62711864,518,590,substitution
Q9NR81-4,Q9NR81,0.665940655,61.21673004,2,204,substitution
Q8TCT9-4,Q8TCT9,0.86421744,89.84771574,348,377,substitution
Q9Y6E0-2,Q9Y6E0,0.841473121,95.03386005,2,26,substitution
P14672-2,P14672,0.775165528,67.22846442,342,509,substitution
Q5MNZ9-2,Q5MNZ9,0.851789116,98.65470852,2,6,deletion
Q9NW81-4,Q9NW81,0.781997971,94.73684211,2,6,substitution
Q7Z2E3-11,Q7Z2E3,0.573985961,85.6741573,306,356,substitution
Q16864-2,Q16864,0.877904339,80.95238095,,,insertion
Q96Q80-3,Q96Q80,0.915543344,84.67741935,206,235,substitution
O14662-2,O14662,0.663499603,93.53846154,28,48,deletion
Q9UBC1-2,Q9UBC1,0.753942887,93.96325459,2,24,deletion
Q9NZN9-5,Q9NZN9,0.510744681,93.75,215,238,deletion
Q5TFE4-2,Q5TFE4,0.864563807,80.81896552,2,85,substitution
P18577-2,P18577,0.799991827,69.16299559,314,417,substitution
Q9HAD4-2,Q9HAD4,0.829388361,88.01742919,18,72,deletion
Q96KA5-2,Q96KA5,0.791043268,93.30855019,325,360,deletion
Q9BYV6-4,Q9BYV6,0.36691296,43.97810219,202,508,deletion
Q96A37-3,Q96A37,0.467069573,65.82278481,40,120,deletion
P22307-6,P22307,0.508575632,25.59414991,2,414,substitution
Q96CG8-3,Q96CG8,0.654979109,83.53909465,2,50,substitution
Q9NR46-2,Q9NR46,0.845518303,97.52475248,188,280,substitution
Q7Z412-2,Q7Z412,0.72097684,83.93442623,223,271,deletion
Q96CV9-3,Q96CV9,0.483620598,90.12131716,2,58,deletion
Q8TBY0-2,Q8TBY0,0.74596458,87.61726079,468,532,substitution
Q14296-2,Q14296,0.761227089,74.31693989,28,169,substitution
Q9NP79-2,Q9NP79,0.625253088,69.38110749,2,259,substitution
P15509-7,P15509,0.719803905,92.16589862,,,insertion
P61006-2,P61006,0.784338794,79.43925234,161,205,substitution
O14874-2,O14874,0.74032494,81.31067961,283,412,substitution
Q9C0B1-2,Q9C0B1,0.566125678,19.10331384,2,413,substitution
P55259-2,P55259,0.426401663,72.62569832,32,178,deletion
Q4JDL3-9,Q4JDL3,0.298824591,19.26605505,2,420,substitution
P45379-2,P45379,0.851472151,99.66442953,25,25,deletion
Q7L5Y9-2,Q7L5Y9,0.756323019,88.27930175,153,265,substitution
P09326-2,P09326,0.570071247,55.10204082,129,243,substitution
Q9BXD5-5,Q9BXD5,0.512873041,24.39759036,78,320,substitution
P09603-3,P09603,0.522585019,46.20938628,182,479,deletion
P52434-2,P52434,0.81059123,80.66666667,84,112,substitution
Q9HA47-4,Q9HA47,0.915384872,95.39007092,28,36,substitution
Q5VT79-2,Q5VT79,0.698620597,65.20547945,39,247,substitution
Q9H6Q3-4,Q9H6Q3,0.747669384,59.70149254,2,261,substitution
O14893-3,O14893,0.88628937,88.57142857,249,280,substitution
Q11203-4,Q11203,0.795577468,84.23423423,40,70,substitution
Q9NV23-2,Q9NV23,0.900162788,83.01886792,55,55,substitution
Q9UBI4-5,Q9UBI4,0.596546365,88.69346734,2,264,substitution
Q9ULP0-6,Q9ULP0,0.80132695,81.97530864,2,302,substitution
P20339-2,P20339,0.759682289,93.48837209,55,68,deletion
Q49A26-2,Q49A26,0.742514814,96.92585895,228,244,deletion
Q6PH81-2,Q6PH81,0.350539632,60.38961039,56,116,deletion
Q8WXU2-2,Q8WXU2,0.519421111,84.86997636,350,420,substitution
Q92643-2,Q92643,0.56966522,80.75949367,51,126,deletion
P22749-2,P22749,0.679320662,88.27586207,2,17,substitution
Q8WVQ1-2,Q8WVQ1,0.508887316,56.10972569,220,401,substitution
Q6IN84-2,Q6IN84,0.503766173,43.90934844,2,199,deletion
Q969U6-2,Q969U6,0.700893364,64.61267606,367,566,substitution
P20226-2,P20226,0.62316437,94.10029499,2,21,deletion
Q9NZC7-5,Q9NZC7,0.316145309,56.52173913,173,352,deletion
P0C7I6-6,P0C7I6,0.358512431,45.4248366,2,297,substitution
Q5JS54-3,Q5JS54,0.671730025,69.91869919,84,123,substitution
Q14508-4,Q14508,0.564424152,58.4,71,124,substitution
P0CAP1-7,P0CAP1,0.623583392,86.26609442,402,466,substitution
Q00005-7,Q00005,0.866428504,80.69216758,,,insertion
P43115-4,P43115,0.913945061,90.47619048,360,390,substitution
O75489-2,O75489,0.509166522,48.10606061,128,264,substitution
Q15973-5,Q15973,0.288518637,20.7977208,74,351,deletion
Q15406-3,Q15406,0.652947984,94.375,9,52,substitution
O75223-2,O75223,0.667238935,52.65957447,97,188,substitution
P20073-2,P20073,0.729532731,95.49180328,146,167,deletion
Q13286-4,Q13286,0.671560344,73.28767123,322,438,deletion
Q8N2I9-3,Q8N2I9,0.809355136,84.96583144,364,435,substitution
Q6KCM7-6,Q6KCM7,0.728756937,78.03837953,2,104,deletion
P45379-4,P45379,0.777987925,99.32885906,25,54,substitution
O60895-2,O60895,0.697849918,97.22222222,,,insertion
O75888-2,O75888,0.535147051,93.2,113,129,substitution
Q9BWP8-9,Q9BWP8,0.633296288,69.50819672,2,67,substitution
Q8N6V4-2,Q8N6V4,0.819600019,80.20833333,74,93,substitution
Q9Y508-2,Q9Y508,0.663946868,75.10729614,173,228,substitution
Q96P16-3,Q96P16,0.636791345,81.11455108,2,51,substitution
Q5SWX8-4,Q5SWX8,0.905967544,92.95154185,79,110,deletion
P19438-5,P19438,0.497891468,41.1637931,184,455,substitution
Q8N5A5-4,Q8N5A5,0.348048441,35.40489642,2,344,deletion
Q8TDW4-3,Q8TDW4,0.763932381,97.04347826,69,85,deletion
Q6UXE8-2,Q6UXE8,0.475121995,78.88446215,158,269,substitution
O43852-3,O43852,0.866195582,97.52321981,,,insertion
Q7Z2E3-4,Q7Z2E3,0.623029004,71.34831461,2,103,deletion
Q9BY67-3,Q9BY67,0.679678434,93.84288747,,,insertion
Q8WTU2-2,Q8WTU2,0.348447471,46.95652174,271,574,substitution
P45379-8,P45379,0.868667975,98.32214765,19,23,deletion
Q9UQN3-2,Q9UQN3,0.456734932,80.28169014,2,42,deletion
P30518-2,P30518,0.782133269,82.74932615,305,371,substitution
P49238-3,P49238,0.931006872,98.06629834,,,insertion
Q8TAM2-6,Q8TAM2,0.618043052,35.67467652,194,541,substitution
O43852-10,O43852,0.716749423,68.57142857,216,315,substitution
Q6X9E4-2,Q6X9E4,0.890921406,84.9137931,136,205,deletion
A8MVW5-2,A8MVW5,0.78048853,93.19148936,2,26,substitution
O75674-2,O75674,0.482085493,72.26890756,345,476,substitution
O60828-10,O60828,0.206880809,22.64150943,60,265,substitution
Q11203-24,Q11203,0.632736925,46.96569921,40,375,substitution
Q6P444-2,Q6P444,0.281524117,6.12244898,22,385,substitution
Q96B86-3,Q96B86,0.888469499,96.44444444,2,17,deletion
P0CAP1-6,P0CAP1,0.664739727,86.50963597,402,466,substitution
Q5XG92-8,Q5XG92,0.787875544,66.88102894,88,561,substitution
Q2VIR3-2,Q2VIR3,0.952660212,93.2346723,437,472,substitution
P45378-6,P45378,0.383263021,95.16728625,36,48,deletion
Q8N142-2,Q8N142,0.889139347,79.53216374,2,64,substitution
Q32M84-2,Q32M84,0.885046125,99.80276134,,,insertion
Q99808-2,Q99808,0.909684828,85.23364486,,,insertion
Q9H169-2,Q9H169,0.67837711,87.5,,,insertion
Q9Y2Z0-2,Q9Y2Z0,0.754436557,90.95890411,110,142,substitution
P13688-5,P13688,0.655259928,83.26996198,321,416,substitution
Q8N6T7-2,Q8N6T7,0.798213347,92.3943662,179,205,deletion
Q9H6S1-5,Q9H6S1,0.479598289,54.0,216,392,substitution
Q9HCN4-2,Q9HCN4,0.739439499,78.87700535,2,80,deletion
Q5EBM0-3,Q5EBM0,0.824966778,72.31759657,332,449,substitution
Q03923-3,Q03923,0.421165951,12.94117647,77,595,substitution
Q9H313-5,Q9H313,0.700237725,59.14893617,2,450,substitution
Q8WTW4-2,Q8WTW4,0.663100031,51.57894737,2,380,substitution
P09651-3,P09651,0.651175337,71.77419355,206,310,deletion
Q13889-2,Q13889,0.835743251,86.68831169,3,43,deletion
Q9UHD0-2,Q9UHD0,0.904268387,82.3255814,,,insertion
Q9NZI2-4,Q9NZI2,0.815511754,80.89430894,2,31,substitution
Q4G0N4-2,Q4G0N4,0.83175422,92.760181,288,319,deletion
P32239-3,P32239,0.853765629,85.23489933,2,67,deletion
P51955-4,P51955,0.869102232,98.20224719,371,378,deletion
Q8TDD5-2,Q8TDD5,0.774619109,89.87341772,77,132,deletion
O75886-2,O75886,0.408970626,65.14285714,343,525,deletion
P45379-7,P45379,0.812152754,94.96644295,19,33,deletion
Q9NPA1-4,Q9NPA1,0.862201807,91.7562724,2,23,deletion
P07108-4,P07108,0.826781157,65.11627907,,,insertion
Q8IWE2-2,Q8IWE2,0.654194271,63.23268206,2,208,deletion
Q9NQ48-3,Q9NQ48,0.581566817,70.70063694,2,299,substitution
Q8IZR5-2,Q8IZR5,0.831762921,88.88888889,209,234,deletion
P40123-2,P40123,0.519929533,86.58280922,149,212,deletion
O60259-2,O60259,0.825385816,85.24590164,,,insertion
P45379-11,P45379,0.753267525,95.63758389,24,203,substitution
P14866-2,P14866,0.511345501,77.41935484,2,134,deletion
Q99788-2,Q99788,0.840906551,99.46380697,2,3,deletion
Q9HCN6-2,Q9HCN6,0.624722169,94.69026549,204,221,deletion
P35372-13,P35372,0.769787974,77.0,2,96,substitution
Q8TDM0-2,Q8TDM0,0.461187824,58.13953488,119,211,substitution
Q9UBE0-3,Q9UBE0,0.819889236,65.11627907,245,346,substitution
P39905-2,P39905,0.522102161,87.20379147,25,51,substitution
P67812-3,P67812,0.774052881,71.78217822,145,179,substitution
Q9BY14-2,Q9BY14,0.841109723,93.25842697,,,insertion
Q9UBX8-2,Q9UBX8,0.836838882,89.79057592,158,196,deletion
O60260-3,O60260,0.523835102,45.61027837,2,465,substitution
Q86UA6-7,Q86UA6,0.311240682,47.48858447,105,219,substitution
Q6P4H8-2,Q6P4H8,0.668921206,92.70386266,149,165,deletion
P78324-4,P78324,0.685656293,99.8015873,131,131,deletion
Q8NCE0-4,Q8NCE0,0.819584692,87.31182796,173,231,deletion
Q6DN72-2,Q6DN72,0.737260573,89.569161,3,434,substitution
Q5R372-8,Q5R372,0.203622466,8.341143393,3,815,substitution
Q93086-4,Q93086,0.814543761,97.22222222,328,444,substitution
Q96ET8-3,Q96ET8,0.497493877,58.27338129,155,276,substitution
P36896-4,P36896,0.634763348,92.30769231,271,271,substitution
Q92851-3,Q92851,0.595485098,45.77861163,241,521,substitution
P06028-2,P06028,0.498702086,63.73626374,13,45,deletion
Q86VZ5-2,Q86VZ5,0.683912761,49.87893462,2,208,substitution
Q9Y6M1-5,Q9Y6M1,0.497272316,79.47019868,2,400,substitution
Q9BRQ3-2,Q9BRQ3,0.753035151,57.89473684,161,303,substitution
P25445-7,P25445,0.612201851,64.7761194,218,335,substitution
Q15554-4,Q15554,0.557344594,52.02205882,281,542,substitution
P10276-2,P10276,0.810585311,86.09958506,2,60,substitution
P54750-5,P54750,0.769943181,93.03571429,522,535,substitution
O60828-9,O60828,0.235327536,23.68421053,61,265,substitution
P18621-3,P18621,0.775971362,75.0,170,184,substitution
P10827-3,P10827,0.813446333,92.04081633,371,409,deletion
Q9H095-2,Q9H095,0.690245372,77.87810384,2,99,deletion
O43660-2,O43660,0.76060505,98.24902724,97,105,deletion
Q8N0U7-3,Q8N0U7,0.382480771,25.27472527,2,409,deletion
Q96L94-2,Q96L94,0.72681678,62.1761658,121,193,deletion
Q7Z7K6-3,Q7Z7K6,0.644375432,98.90909091,22,24,deletion
Q9H6J7-2,Q9H6J7,0.887388941,98.21958457,,,insertion
Q9P104-2,Q9P104,0.548547183,64.70588235,2,109,deletion
Q9Y5S9-2,Q9Y5S9,0.537624248,99.42528736,44,44,deletion
Q9NZN9-4,Q9NZN9,0.603148252,94.27083333,34,55,deletion
P10826-2,P10826,0.784881162,84.87394958,2,60,substitution
P45378-7,P45378,0.577388455,92.93680297,23,45,substitution
P24071-7,P24071,0.653346567,58.47750865,12,120,deletion
Q13555-2,Q13555,0.868897082,98.02867384,331,341,deletion
Q53T94-2,Q53T94,0.787574716,88.7755102,523,588,deletion
Q9Y4P9-2,Q9Y4P9,0.656367373,54.47470817,141,236,substitution
P78369-2,P78369,0.815974447,75.54585153,2,73,substitution
P62318-2,P62318,0.752286806,76.8115942,107,126,substitution
Q9Y5X5-2,Q9Y5X5,0.739643844,80.45977011,3,104,deletion
Q13426-3,Q13426,0.761066649,90.17857143,298,336,substitution
Q9GZM8-3,Q9GZM8,0.563140029,91.88405797,316,345,substitution
O43688-2,O43688,0.798282461,86.43533123,2,17,substitution
Q9UKR8-4,Q9UKR8,0.444491694,62.85714286,151,245,substitution
P43351-3,P43351,0.521464493,27.57009346,117,417,substitution
Q96LW9-2,Q96LW9,0.571554437,60.83743842,2,160,deletion
Q8WUD1-2,Q8WUD1,0.679706535,66.2037037,2,76,substitution
Q14168-4,Q14168,0.633555591,88.88888889,2,74,substitution
Q9H9P8-2,Q9H9P8,0.888338841,84.02489627,400,463,substitution
Q16539-4,Q16539,0.82932394,70.4787234,255,360,substitution
P45378-2,P45378,0.805448292,95.91078067,23,33,deletion
Q63ZY6-2,Q63ZY6,0.687777507,40.95238095,129,315,substitution
Q9BXI9-1,Q9BXI9,0.661869645,93.16546763,2,20,deletion
P23760-3,P23760,0.512033595,41.33611691,196,479,substitution
Q8IUH3-2,Q8IUH3,0.615686884,68.69747899,225,476,substitution
Q7KYR7-1,Q7KYR7,0.488215798,83.36283186,247,527,substitution
O75469-6,O75469,0.564280345,86.65207877,2,210,substitution
P45378-3,P45378,0.409269364,97.0260223,39,46,deletion
Q9Y6I4-2,Q9Y6I4,0.870135192,91.34615385,51,95,substitution
Q13324-7,Q13324,0.827783768,99.756691,106,106,deletion
O00499-10,O00499,0.643107475,67.26973684,174,487,substitution
Q96EE3-1,Q96EE3,0.806244393,84.79809976,358,360,substitution
P21731-2,P21731,0.849136121,81.81818182,329,343,substitution
Q9H0B8-3,Q9H0B8,0.519696026,74.44668008,371,497,substitution
Q16570-2,Q16570,0.829567607,97.64011799,2,7,substitution
Q9H825-2,Q9H825,0.662400227,82.81786942,2,51,deletion
Q9NRZ5-2,Q9NRZ5,0.638722878,56.87830688,60,222,substitution
Q96GC5-3,Q96GC5,0.648206718,84.90566038,2,37,substitution
Q96T55-5,Q96T55,0.738732192,84.78964401,222,268,deletion
P07307-2,P07307,0.777981973,93.89067524,24,42,deletion
P31994-4,P31994,0.702293765,99.67741935,46,46,deletion
Q8NBK3-5,Q8NBK3,0.810134761,94.65240642,319,338,deletion
Q53GS9-3,Q53GS9,0.761843637,84.27561837,477,565,substitution
Q8N370-3,Q8N370,0.935565902,99.30191972,,,insertion
P48651-2,P48651,0.708044577,69.13319239,2,147,deletion
O75909-1,O75909,0.572123628,60.51724138,351,580,substitution
Q9HAJ7-3,Q9HAJ7,0.453344872,77.59562842,69,109,deletion
O43278-2,O43278,0.810170897,96.97542533,306,321,deletion
O15519-15,O15519,0.640289415,80.0,2,97,deletion
P0CAP1-10,P0CAP1,0.425918947,85.19313305,107,175,deletion
P58335-3,P58335,0.614456912,60.36217304,290,489,substitution
Q9H0A6-4,Q9H0A6,0.714581184,62.98342541,229,362,substitution
P78324-2,P78324,0.678565249,99.21259843,,,insertion
P10828-2,P10828,0.678849221,77.48478702,2,93,substitution
A8MT69-3,A8MT69,0.399198634,71.60493827,30,77,substitution
Q9BQC3-3,Q9BQC3,0.761838543,65.0887574,2,161,substitution
P43004-3,P43004,0.89137642,95.01718213,553,574,substitution
Q9H115-3,Q9H115,0.80301409,61.51315789,2,114,substitution
O14818-4,O14818,0.755615533,50.40322581,117,248,substitution
Q16890-4,Q16890,0.337453242,48.52941176,2,204,substitution
Q9UI10-2,Q9UI10,0.717452466,94.30147059,2,71,substitution
Q14956-2,Q14956,0.818318316,97.9020979,340,351,deletion
P21754-3,P21754,0.510968,87.97169811,2,52,deletion
O00233-2,O00233,0.661715883,80.60344828,186,223,substitution
Q8N468-2,Q8N468,0.785773408,83.07392996,144,230,deletion
Q9Y6K8-3,Q9Y6K8,0.490532093,95.37366548,2,27,deletion
P35998-2,P35998,0.775544847,68.36027714,2,138,deletion
Q9H7H0-3,Q9H7H0,0.873868194,89.02691511,423,456,substitution
Q92597-2,Q92597,0.716707418,83.24873096,2,67,deletion
Q99542-3,Q99542,0.606279613,41.56862745,2,298,substitution
P61018-2,P61018,0.850134618,83.87096774,2,5,substitution
P41440-3,P41440,0.791541919,77.66497462,432,591,substitution
Q2MV58-5,Q2MV58,0.342719171,77.5374376,2,498,substitution
Q4JDL3-2,Q4JDL3,0.818939473,97.38095238,2,11,substitution
Q9HC98-2,Q9HC98,0.840221282,90.20172911,,,insertion
Q86X45-2,Q86X45,0.730400254,87.58029979,409,466,substitution
Q9HCN4-4,Q9HCN4,0.823979946,90.78947368,2,37,substitution
Q5T9L3-3,Q5T9L3,0.805192443,82.99445471,36,127,substitution
Q8NG50-10,Q8NG50,0.6666244,58.45070423,134,251,deletion
Q8WUW1-2,Q8WUW1,0.779856476,70.75471698,,,insertion
P47870-1,P47870,0.810755003,92.578125,360,397,deletion
Q9BQA9-2,Q9BQA9,0.664886045,92.51336898,29,42,deletion
P45379-6,P45379,0.798018544,96.6442953,24,33,deletion
Q96Q40-4,Q96Q40,0.849946908,88.27586207,2,52,deletion
Q9UHI7-2,Q9UHI7,0.945624384,99.33554817,,,insertion
P28472-4,P28472,0.668499,82.02959831,2,86,deletion
O15400-2,O15400,0.830830464,89.27203065,232,261,substitution
P49281-3,P49281,0.89876887,90.84858569,2,568,substitution
Q9BWL3-3,Q9BWL3,0.604399353,74.70355731,190,253,deletion
P15812-8,P15812,0.493914074,48.20512821,20,208,deletion
O00142-6,O00142,0.874169888,86.31921824,,,insertion
Q9UBX7-3,Q9UBX7,0.837750146,91.85667752,,,insertion
Q8WW14-3,Q8WW14,0.442872665,41.02564103,92,234,substitution
Q3KNT7-3,Q3KNT7,0.66508229,58.5,2,162,substitution
Q6ZT62-2,Q6ZT62,0.629508518,89.3648449,3,74,deletion
Q70UQ0-4,Q70UQ0,0.469454178,34.2364532,100,350,substitution
Q86UT5-5,Q86UT5,0.410687612,33.50694444,2,570,substitution
O14662-4,O14662,0.635656273,94.76923077,28,44,deletion
Q8TBG9-2,Q8TBG9,0.753782446,90.1754386,2,8,substitution
O76083-15,O76083,0.631552658,95.61551433,48,73,deletion
P43115-3,P43115,0.873251435,92.30769231,360,390,substitution
P0CAP1-2,P0CAP1,0.769091305,92.75053305,435,466,substitution
Q13568-5,Q13568,0.543073747,82.53012048,161,247,substitution
Q15008-4,Q15008,0.890597759,88.00904977,,,insertion
Q96EV8-2,Q96EV8,0.535979988,78.91737892,272,351,substitution
P37231-2,P37231,0.773716219,94.45544554,2,29,deletion
Q68CL5-3,Q68CL5,0.836281187,73.33333333,220,300,substitution
Q9Y3B7-3,Q9Y3B7,0.807656976,81.44329897,158,192,substitution
Q14CB8-5,Q14CB8,0.668737176,57.45967742,281,494,substitution
Q8IX04-3,Q8IX04,0.527929085,74.94692144,43,471,substitution
Q12805-2,Q12805,0.678489289,98.37728195,3,10,deletion
P10909-4,P10909,0.930992914,92.65033408,2,34,deletion
Q9H9Q4-2,Q9H9Q4,0.822811034,87.5,276,299,substitution
Q8N688-2,Q8N688,0.485451956,28.57142857,20,67,substitution
Q9UJA5-2,Q9UJA5,0.825527661,74.8502994,372,497,substitution
Q969M7-2,Q969M7,0.874960448,77.98165138,170,185,substitution
Q13183-3,Q13183,0.938658537,92.35569423,,,insertion
O15527-4,O15527,0.860730928,75.75757576,317,345,substitution
Q96DB5-2,Q96DB5,0.492585427,90.44585987,166,195,deletion
P54750-9,P54750,0.748649725,80.31634446,3,535,substitution
Q13601-2,Q13601,0.561453092,85.03937008,221,277,deletion
P00750-2,P00750,0.519682367,48.57651246,269,562,substitution
Q9Y6M4-4,Q9Y6M4,0.777490501,90.78947368,283,430,substitution
P00740-2,P00740,0.711186492,91.75704989,94,131,deletion
Q9H410-3,Q9H410,0.723260607,67.69662921,13,119,deletion
Q96GD4-5,Q96GD4,0.814371421,99.71014493,,,insertion
Q9UIX4-2,Q9UIX4,0.549809872,49.80769231,259,513,substitution
Q9Y6M4-3,Q9Y6M4,0.774263518,90.98901099,363,430,substitution
Q9UJG1-3,Q9UJG1,0.851142102,99.06542056,150,150,substitution
Q86UA6-6,Q86UA6,0.295271049,47.48858447,105,218,substitution
Q13131-2,Q13131,0.871551363,97.38675958,,,insertion
Q9H665-2,Q9H665,0.522808045,47.04225352,53,240,deletion
O95273-4,O95273,0.654922642,48.26666667,3,360,substitution
P31994-3,P31994,0.624200486,97.74193548,39,45,deletion
Q96K37-3,Q96K37,0.38174903,23.90243902,2,410,substitution
P37287-2,P37287,0.625636036,65.08264463,115,283,deletion
P42081-6,P42081,0.635049175,75.07598784,2,83,deletion
O00506-2,O00506,0.598488569,81.92488263,11,87,deletion
P14136-3,P14136,0.741063728,89.97722096,391,432,substitution
O43541-2,O43541,0.555723232,45.2,2,273,substitution
Q9UNW1-2,Q9UNW1,0.705171412,57.11422846,279,487,substitution
O75569-3,O75569,0.5782109,92.01277955,2,26,deletion
A5X5Y0-3,A5X5Y0,0.888738726,89.91769547,2,22,substitution
Q9HC98-4,Q9HC98,0.86986462,92.6035503,,,insertion
Q8IWT0-2,Q8IWT0,0.759733853,64.57142857,110,167,substitution
P49798-2,P49798,0.843718422,99.51219512,173,173,substitution
Q9Y5Z0-2,Q9Y5Z0,0.789248133,90.34749035,329,378,deletion
Q8NFH3-2,Q8NFH3,0.558243523,74.47368421,168,264,substitution
Q9UH92-3,Q9UH92,0.559789942,81.87919463,15,68,deletion
Q8TCF1-4,Q8TCF1,0.63300146,81.71641791,213,268,substitution
Q969S2-3,Q969S2,0.766181517,81.62650602,2,62,deletion
Q9BQQ3-2,Q9BQQ3,0.634062069,40.35087719,176,440,substitution
Q9H1R2-4,Q9H1R2,0.260862136,17.68292683,3,295,substitution
Q96SA4-2,Q96SA4,0.94949296,97.82608696,4,13,substitution
Q6PII5-3,Q6PII5,0.66179719,43.20987654,134,290,substitution
Q9Y5X5-3,Q9Y5X5,0.786400391,80.84291188,2,100,deletion
Q32NB8-2,Q32NB8,0.784194653,80.03597122,112,556,substitution
Q9NZI2-2,Q9NZI2,0.862351867,95.15418502,22,32,deletion
Q49MI3-4,Q49MI3,0.572431591,75.08960573,162,300,deletion
P51677-2,P51677,0.903534351,94.41489362,,,insertion
Q8N135-2,Q8N135,0.554383038,41.05839416,210,537,substitution
Q92569-2,Q92569,0.316718704,87.20173536,256,314,deletion
A6NJ78-2,A6NJ78,0.653703724,63.59223301,260,407,substitution
Q3KPI0-3,Q3KPI0,0.548868458,48.8372093,142,292,substitution
P62191-2,P62191,0.834014532,83.40909091,2,74,deletion
Q13555-8,Q13555,0.846820669,96.2962963,331,397,substitution
Q9UBC1-3,Q9UBC1,0.440277124,96.06299213,172,186,deletion
P03372-3,P03372,0.564649348,70.92436975,2,174,deletion
Q16828-2,Q16828,0.533265102,61.67979003,134,279,deletion
P10909-6,P10909,0.956481634,95.32293987,2,21,deletion
Q96NY8-2,Q96NY8,0.375507195,42.94117647,2,436,substitution
Q14714-3,Q14714,0.621413241,57.61316872,2,104,deletion
P22307-5,P22307,0.197382728,7.789855072,2,546,substitution
Q92890-3,Q92890,0.745454586,86.64495114,267,307,deletion
P43004-2,P43004,0.919335985,98.43205575,2,10,deletion
O14545-2,O14545,0.473442206,24.06779661,134,582,substitution
Q5H9L4-3,Q5H9L4,0.600377747,65.36796537,2,390,substitution
O60260-2,O60260,0.865637154,93.97849462,179,206,deletion
O60636-2,O60636,0.678225348,87.33031674,173,200,deletion
P20941-3,P20941,0.91956485,86.92579505,,,insertion
P62508-2,P62508,0.691391188,94.97816594,2,24,deletion
P57771-2,P57771,0.83104988,87.37373737,2,9,substitution
Q9BV35-4,Q9BV35,0.894636015,83.60655738,408,468,substitution
O00506-3,O00506,0.542717171,77.9342723,2,95,deletion
O75426-3,O75426,0.779487557,92.7184466,2,12,substitution
Q8IXU6-2,Q8IXU6,0.803449378,85.90425532,314,374,substitution
Q9H2V7-5,Q9H2V7,0.59941672,42.26415094,223,528,substitution
Q8TCU3-2,Q8TCU3,0.778726972,83.61702128,221,470,substitution
Q9NPJ8-3,Q9NPJ8,0.846944756,72.08121827,,,insertion
P49771-3,P49771,0.425289776,65.10638298,2,83,deletion
Q2VPK5-5,Q2VPK5,0.897694575,90.99616858,474,515,substitution
O15304-2,O15304,0.499258405,62.85714286,40,104,deletion
Q03060-24,Q03060,0.438283251,25.79710145,2,345,substitution
Q13137-3,Q13137,0.68432572,95.50321199,,,insertion
P02741-2,P02741,0.467643529,40.625,67,199,deletion
Q5BKX5-3,Q5BKX5,0.624652819,41.97183099,2,216,substitution
Q86VE9-3,Q86VE9,0.937975572,97.39952719,413,423,substitution
O76082-2,O76082,0.566918764,37.16337522,2,351,substitution
Q92597-3,Q92597,0.686362923,79.44162437,2,82,deletion
Q96CG8-2,Q96CG8,0.683057679,82.11382114,2,243,substitution
P13688-7,P13688,0.386762515,47.90874525,143,416,deletion
Q9H2X3-7,Q9H2X3,0.549524703,64.41102757,44,261,substitution
A0PJE2-2,A0PJE2,0.757141291,63.27160494,2,317,substitution
Q9NNX1-2,Q9NNX1,0.570460131,93.58974359,21,45,deletion
Q8IXM6-2,Q8IXM6,0.467856423,77.48091603,111,169,deletion
Q9NZN9-2,Q9NZN9,0.652014482,84.375,33,92,deletion
P35398-4,P35398,0.576190237,87.57170172,2,65,substitution
P30793-4,P30793,0.741299308,85.6,210,250,substitution
Q9H9P2-4,Q9H9P2,0.611737132,89.16967509,2,27,substitution
Q9UG56-2,Q9UG56,0.785392017,78.01932367,2,107,substitution
O14828-2,O14828,0.693951376,92.50720461,23,48,deletion
Q9BY08-5,Q9BY08,0.645564491,58.73786408,81,206,substitution
Q5NUL3-1,Q5NUL3,0.899206888,95.75596817,,,insertion
O75144-3,O75144,0.475466643,61.25827815,19,135,deletion
Q9H6L2-2,Q9H6L2,0.826799309,77.68595041,2,46,substitution
Q9NZL4-3,Q9NZL4,0.755884993,87.90123457,2,27,substitution
Q14994-16,Q14994,0.534824427,65.56473829,2,352,substitution
Q9HB71-2,Q9HB71,0.439795177,32.45614035,73,228,substitution
Q5SQN1-4,Q5SQN1,0.387651893,47.84482759,2,243,deletion
P0CAP1-3,P0CAP1,0.537019234,93.34763948,108,138,deletion
Q8NHQ8-2,Q8NHQ8,0.686055482,90.69212411,380,419,substitution
P50995-2,P50995,0.770445972,93.46534653,2,34,deletion
P29218-2,P29218,0.71318689,53.95189003,153,277,substitution
P60866-2,P60866,0.855348115,80.28169014,112,119,substitution
Q7LGA3-2,Q7LGA3,0.659264814,65.11627907,2,356,substitution
Q96HR3-2,Q96HR3,0.553259233,80.33707865,113,147,deletion
Q5SQI0-7,Q5SQI0,0.565350818,71.02137767,195,421,substitution
Q96DU3-2,Q96DU3,0.731475714,99.69879518,266,266,deletion
P57727-4,P57727,0.578362373,57.9175705,261,454,substitution
Q9BX59-3,Q9BX59,0.719104103,78.41880342,302,402,deletion
Q96F24-2,Q96F24,0.429592967,82.57839721,91,140,deletion
P55211-4,P55211,0.733755337,80.04807692,2,84,deletion
O15393-2,O15393,0.764139278,93.00567108,,,insertion
Q5SRR4-2,Q5SRR4,0.752707956,88.74172185,2,19,substitution
P35372-14,P35372,0.763665482,70.12048193,2,400,substitution
Q969M3-2,Q969M3,0.734495299,78.98832685,2,55,deletion
Q02750-2,Q02750,0.890412865,93.38422392,147,172,deletion
Q8TBY0-3,Q8TBY0,0.801593971,87.99249531,469,533,substitution
O15519-5,O15519,0.553404055,93.33333333,449,480,substitution
P10827-4,P10827,0.806116466,91.42857143,371,412,deletion
Q15771-2,Q15771,0.781681941,63.54679803,120,203,substitution
Q96CV9-2,Q96CV9,0.675098727,98.96013865,210,215,deletion
Q13639-9,Q13639,0.852606455,85.3427896,359,388,substitution
O43766-3,O43766,0.469231965,88.44086022,203,245,deletion
Q9HBY8-1,Q9HBY8,0.887088741,85.94847775,,,insertion
Q8WYH8-2,Q8WYH8,0.729459517,94.16666667,227,240,deletion
Q9C0K7-3,Q9C0K7,0.692720301,66.98564593,2,139,deletion
Q16613-2,Q16613,0.809470661,82.14285714,,,insertion
Q13137-4,Q13137,0.654423742,94.89361702,,,insertion
P04637-4,P04637,0.752459996,90.07633588,2,40,deletion
Q53EV4-2,Q53EV4,0.753144123,75.0,254,343,substitution
Q8WUY9-2,Q8WUY9,0.486390149,88.27977316,415,476,deletion
Q92783-2,Q92783,0.374265805,73.33333333,392,540,substitution
Q86UA6-5,Q86UA6,0.319164893,47.48858447,105,219,substitution
P01242-3,P01242,0.886195058,93.0875576,58,72,deletion
Q9UMX1-3,Q9UMX1,0.886852165,86.41732283,433,484,substitution
Q9BTX3-2,Q9BTX3,0.725825593,57.80346821,101,173,deletion
Q9NZS2-3,Q9NZS2,0.476722348,26.83982684,62,231,substitution
Q6W5P4-3,Q6W5P4,0.835520054,84.9382716,343,371,substitution
Q8WXF5-2,Q8WXF5,0.617597427,54.54545455,91,181,substitution
P32297-3,P32297,0.710937904,90.67961165,464,505,substitution
Q9Y2I8-2,Q9Y2I8,0.73261391,99.7979798,,,insertion
Q8IV63-2,Q8IV63,0.743266958,84.96868476,407,474,substitution
Q86YD1-3,Q86YD1,0.61311316,54.56730769,2,190,deletion
P61011-2,P61011,0.835041621,88.88888889,2,57,substitution
O60259-4,O60259,0.217080882,9.230769231,25,260,substitution
Q9UIB8-3,Q9UIB8,0.738407978,94.7826087,254,271,substitution
P62508-3,P62508,0.522447902,93.33333333,2,234,substitution
Q86UA6-4,Q86UA6,0.385087711,65.29680365,142,219,substitution
P11473-2,P11473,0.777595648,89.51781971,,,insertion
A5X5Y0-2,A5X5Y0,0.908745781,96.71052632,79,93,deletion
P61956-2,P61956,0.478148562,74.73684211,52,75,deletion
P04234-2,P04234,0.628134216,73.68421053,92,136,substitution
Q5VTL8-2,Q5VTL8,0.498638256,34.06593407,187,546,substitution
P18577-4,P18577,0.753605096,63.78896882,163,313,deletion
Q15406-2,Q15406,0.709227027,98.95833333,48,52,substitution
O43781-2,O43781,0.74614634,95.57823129,2,26,substitution
P08174-3,P08174,0.797197569,94.54545455,361,381,substitution
P51878-6,P51878,0.744240647,83.87096774,2,71,deletion
Q9UBF9-2,Q9UBF9,0.500585045,63.05220884,2,185,deletion
Q49MI3-7,Q49MI3,0.562180214,37.45519713,205,557,substitution
P85298-3,P85298,0.558217159,98.92241379,128,132,deletion
Q96SA4-3,Q96SA4,0.949816456,95.06437768,2,13,substitution
Q13639-6,Q13639,0.865392085,96.51741294,,,insertion
P53634-2,P53634,0.434263505,24.78448276,107,463,substitution
Q12846-2,Q12846,0.671198506,83.80952381,2,44,substitution
P11049-3,P11049,0.692129008,65.85365854,2,281,substitution
Q6KB66-2,Q6KB66,0.391721667,90.78947368,413,452,substitution
Q9BUB5-3,Q9BUB5,0.671935975,72.68817204,165,465,substitution
O60869-3,O60869,0.461104799,89.18918919,129,148,substitution
Q13007-3,Q13007,0.660032772,73.91304348,15,153,substitution
Q9Y4P8-6,Q9Y4P8,0.848695882,97.57709251,407,417,deletion
P59998-2,P59998,0.37832179,19.32907348,111,168,substitution
A0A0K2S4Q6-2,A0A0K2S4Q6,0.702588569,70.64676617,140,200,substitution
Q96RK4-3,Q96RK4,0.741487931,66.85934489,2,173,deletion
Q9NTK5-3,Q9NTK5,0.794048955,63.0,245,396,substitution
Q9ULV8-2,Q9ULV8,0.794158398,90.29535865,262,307,deletion
Q9Y3E7-2,Q9Y3E7,0.434830906,70.27027027,2,67,deletion
Q96MF2-3,Q96MF2,0.559245812,48.9010989,2,187,deletion
Q9UMR2-2,Q9UMR2,0.628489353,93.52818372,100,130,deletion
P52738-2,P52738,0.681916243,77.46170678,2,104,deletion
Q9NS23-4,Q9NS23,0.643506398,65.52706553,2,123,substitution
Q6PL45-2,Q6PL45,0.735010309,87.69230769,199,230,deletion
Q9HCN4-5,Q9HCN4,0.801535299,96.39175258,,,insertion
Q8WVN8-2,Q8WVN8,0.475515708,77.54569191,296,375,substitution
Q8N0Z9-2,Q8N0Z9,0.822870261,99.62962963,473,474,deletion
Q6P2M8-3,Q6P2M8,0.674215386,70.26239067,2,103,deletion
Q9Y2C5-3,Q9Y2C5,0.573772297,53.722334,100,329,deletion
Q6ZTW0-2,Q6ZTW0,0.802186805,93.44827586,248,266,deletion
Q9UHP7-3,Q9UHP7,0.679057906,79.5,155,191,substitution
P05230-2,P05230,0.47250412,36.12903226,57,155,substitution
Q96FJ0-2,Q96FJ0,0.837254544,91.32321041,420,436,substitution
Q8TCC3-3,Q8TCC3,0.715386593,70.41420118,119,161,substitution
Q9UK53-2,Q9UK53,0.314271207,57.41176471,2,189,substitution
Q86UA6-2,Q86UA6,0.335715353,78.53881279,164,210,deletion
Q9H0X4-2,Q9H0X4,0.905047586,94.20289855,516,552,substitution
Q9UHH9-2,Q9UHH9,0.400491846,16.55172414,69,426,substitution
P78381-4,P78381,0.871238175,91.76470588,31,396,substitution
Q13324-3,Q13324,0.855046803,90.90909091,2,34,substitution
Q7L099-3,Q7L099,0.476964578,72.11538462,446,469,substitution
Q13286-2,Q13286,0.799641616,89.04109589,178,225,deletion
Q5VZ19-2,Q5VZ19,0.629933685,92.68292683,342,366,substitution
Q2MV58-2,Q2MV58,0.344396393,99.15540541,,,insertion
Q92527-2,Q92527,0.866694002,92.70072993,,,insertion
O00482-4,O00482,0.586312754,86.69131238,2,73,deletion
Q01892-3,Q01892,0.528558842,58.39694656,2,113,substitution
P17342-3,P17342,0.529576,52.44122966,2,477,substitution
Q9ULR0-2,Q9ULR0,0.456578677,92.50814332,140,140,substitution
Q08AI8-2,Q08AI8,0.755578931,63.53467562,2,171,substitution
Q9UBP9-4,Q9UBP9,0.808861716,91.88311688,282,304,substitution
Q5W111-2,Q5W111,0.794387941,80.10204082,37,75,deletion
O95258-2,O95258,0.920410204,99.07692308,23,25,deletion
Q8N8F6-3,Q8N8F6,0.336144096,22.5,40,255,substitution
Q96EC8-2,Q96EC8,0.815663098,81.77966102,20,62,deletion
P82663-2,P82663,0.778215577,63.5359116,111,173,substitution
Q9UJA5-4,Q9UJA5,0.658730204,65.79476861,2,171,deletion
P41219-2,P41219,0.815120866,99.78768577,,,insertion
Q6P2C8-4,Q6P2C8,0.432900763,36.79245283,117,311,substitution
Q8IXQ4-2,Q8IXQ4,0.291535956,56.17647059,2,150,deletion
Q9NRP0-2,Q9NRP0,0.803662081,84.79532164,145,149,substitution
Q12805-4,Q12805,0.748068998,99.79716024,106,106,deletion
Q96EW2-2,Q96EW2,0.628829987,39.67611336,191,488,substitution
P34810-2,P34810,0.678165888,83.89830508,17,112,substitution
P24071-8,P24071,0.695779622,57.82747604,12,287,substitution
Q12805-3,Q12805,0.670406001,99.79716024,58,58,deletion
O75529-2,O75529,0.371757818,55.00848896,325,589,substitution
P01241-5,P01241,0.520726384,81.56682028,58,97,deletion
Q16854-2,Q16854,0.676253836,68.23104693,149,236,deletion
P19438-4,P19438,0.514739201,39.00414938,184,455,substitution
Q8N8E2-3,Q8N8E2,0.472793555,38.26247689,2,335,deletion
P11230-2,P11230,0.856008368,85.62874251,2,73,deletion
O00584-2,O00584,0.335626275,33.7037037,88,256,substitution
Q03060-27,Q03060,0.45133592,29.85507246,2,244,substitution
Q8IYJ2-2,Q8IYJ2,0.432830978,33.2123412,184,551,substitution
Q96DZ9-4,Q96DZ9,0.314825593,33.1838565,43,191,deletion
Q96N03-2,Q96N03,0.597644805,73.03921569,98,204,substitution
Q96Q80-2,Q96Q80,0.889785668,89.16666667,206,235,substitution
Q9Y5P8-2,Q9Y5P8,0.332997131,30.60869565,2,400,deletion
P32241-5,P32241,0.896743829,91.02844639,2,42,deletion
A6ND91-2,A6ND91,0.661490445,58.27586207,2,144,substitution
Q9H7X0-2,Q9H7X0,0.804107727,79.62264151,2,36,substitution
Q92913-3,Q92913,0.658293042,69.20289855,2,62,substitution
Q5SQH8-2,Q5SQH8,0.671541992,54.6031746,2,144,deletion
Q4AE62-6,Q4AE62,0.694973801,71.83406114,2,130,deletion
Q9BQI4-2,Q9BQI4,0.436447584,53.7037037,2,126,deletion
Q6PIL6-2,Q6PIL6,0.839869399,86.0,21,55,substitution
Q96PJ5-2,Q96PJ5,0.823465423,87.07224335,454,515,substitution
Q9Y5N1-7,Q9Y5N1,0.781864362,93.25842697,234,263,deletion
Q9BV35-2,Q9BV35,0.91733368,87.63326226,408,468,substitution
P15812-5,P15812,0.453263066,76.54639175,119,209,substitution
Q13322-3,Q13322,0.816952785,90.23569024,2,59,deletion
P09455-3,P09455,0.605376661,44.44444444,2,135,substitution
P68036-3,P68036,0.854309718,69.81132075,2,9,substitution
O95232-2,O95232,0.42395482,13.56321839,56,432,substitution
Q9H0R1-2,Q9H0R1,0.723349761,47.56335283,241,490,substitution
P41235-3,P41235,0.774201229,79.55010225,378,474,substitution
O00445-2,O00445,0.453390518,77.56097561,2,237,substitution
Q9Y3E7-3,Q9Y3E7,0.793730066,83.26693227,2,15,substitution
Q9Y264-2,Q9Y264,0.590580859,81.11332008,408,503,substitution
Q2VPK5-3,Q2VPK5,0.815803792,83.10679612,2,88,deletion
Q8N1S5-2,Q8N1S5,0.896040601,97.95321637,144,150,deletion
Q53EL6-2,Q53EL6,0.767174355,96.80170576,2,15,substitution
P22307-2,P22307,0.492961385,26.14259598,2,405,deletion
Q9NZI7-4,Q9NZI7,0.484232676,93.33333333,274,309,deletion
Q9BWF3-4,Q9BWF3,0.464112927,38.62433862,140,364,substitution
P20290-2,P20290,0.62466199,78.6407767,2,45,deletion
Q7Z2E3-10,Q7Z2E3,0.582269669,84.83146067,59,112,deletion
Q96SA4-4,Q96SA4,0.951923704,95.68965517,2,13,substitution
Q9UNP9-2,Q9UNP9,0.567890541,92.73927393,280,301,substitution
Q9Y5Z0-3,Q9Y5Z0,0.746431203,73.79576108,379,518,substitution
Q96JB5-3,Q96JB5,0.534041112,55.53359684,2,226,deletion
Q15406-5,Q15406,0.64054743,98.75,48,197,substitution
Q8TAV0-5,Q8TAV0,0.402023227,73.94136808,68,199,substitution
Q96LA5-4,Q96LA5,0.477248531,19.28166352,2,508,substitution
Q8TDW4-2,Q8TDW4,0.624032643,94.60869565,468,498,deletion
Q14406-4,Q14406,0.683700352,57.65765766,2,95,deletion
Q9GZN8-2,Q9GZN8,0.732950134,87.43718593,,,insertion
P28472-2,P28472,0.735254917,92.43353783,2,26,substitution
P84101-4,P84101,0.615591036,76.27118644,2,15,deletion
Q9Y6N9-2,Q9Y6N9,0.474093853,94.38405797,2,32,deletion
Q9NXS2-3,Q9NXS2,0.67771602,75.39267016,118,211,deletion
Q92777-2,Q92777,0.699333246,77.4789916,458,582,substitution
O95983-2,O95983,0.543554375,89.00343643,5,36,deletion
P25101-5,P25101,0.593583084,47.30679157,2,226,deletion
Q969G3-6,Q969G3,0.293962057,66.90821256,2,411,substitution
Q13258-2,Q13258,0.831555719,79.72222222,283,359,substitution
Q6ZMJ2-3,Q6ZMJ2,0.352709104,69.41649899,38,495,substitution
Q9ULK6-3,Q9ULK6,0.835175919,91.55251142,402,438,substitution
P32241-4,P32241,0.7889464,86.65207877,3,134,substitution
Q9UJZ1-2,Q9UJZ1,0.396254177,87.35955056,149,193,deletion
P10276-3,P10276,0.692216419,79.004329,61,157,deletion
O75365-3,O75365,0.292642611,50.28901734,41,126,deletion
P49281-4,P49281,0.888991902,95.14237856,,,insertion
Q8N3F0-2,Q8N3F0,0.730870747,68.53146853,95,131,substitution
O14893-2,O14893,0.784053841,94.64285714,174,188,deletion
Q8NET6-2,Q8NET6,0.58504859,56.46067416,191,341,substitution
Q5TDH0-3,Q5TDH0,0.733143463,94.74940334,395,399,substitution
Q8WWB5-3,Q8WWB5,0.556618893,86.03174603,272,315,substitution
Q7Z3H0-1,Q7Z3H0,0.437963707,47.16981132,2,452,substitution
P14416-2,P14416,0.711442699,93.4537246,242,270,deletion
Q8NDF8-2,Q8NDF8,0.745722207,76.41025641,445,572,substitution
O15091-2,O15091,0.841559886,97.25557461,330,345,deletion
O15374-5,O15374,0.795899404,90.14373717,75,122,deletion
Q8TDQ1-2,Q8TDQ1,0.478511168,56.30769231,2,290,substitution
Q8WUP2-3,Q8WUP2,0.608921781,73.99463807,84,180,deletion
Q6PF15-2,Q6PF15,0.654675605,65.78512397,295,583,substitution
Q9HB21-2,Q9HB21,0.739922454,74.57212714,301,404,substitution
Q4JDL3-5,Q4JDL3,0.457834208,46.9047619,2,306,substitution
Q96SL1-2,Q96SL1,0.806351061,80.33472803,380,478,substitution
Q9H8T0-2,Q9H8T0,0.696272437,99.65870307,,,insertion
Q7Z5L0-4,Q7Z5L0,0.540455067,53.20197044,104,202,substitution
P23193-2,P23193,0.508606503,93.02325581,22,42,deletion
P49760-3,P49760,0.872275642,99.7995992,134,134,deletion
Q8N2G4-3,Q8N2G4,0.654924555,87.2611465,2,5,substitution
O75469-7,O75469,0.684906631,91.54334038,,,insertion
Q14849-2,Q14849,0.646494505,95.95505618,126,143,deletion
Q86SU0-3,Q86SU0,0.642038822,47.8021978,260,546,substitution
Q5EBM0-2,Q5EBM0,0.698444454,61.25541126,280,449,substitution
Q86VE9-4,Q86VE9,0.78445029,89.58785249,414,423,substitution
Q9Y6W8-2,Q9Y6W8,0.731646311,83.91959799,168,199,substitution
O15374-2,O15374,0.82299293,85.45081967,2,73,substitution
Q9NR20-2,Q9NR20,0.773618432,99.80769231,441,441,deletion
Q9NUL5-2,Q9NUL5,0.656223158,78.00687285,4,65,substitution
P51878-2,P51878,0.69212771,85.94470046,5,62,deletion
Q96MF6-2,Q96MF6,0.812704227,79.53667954,2,44,substitution
Q86VE9-2,Q86VE9,0.978635723,99.05437352,413,416,substitution
Q9P127-2,Q9P127,0.58730893,64.66876972,2,114,substitution
Q14183-2,Q14183,0.437577409,38.65336658,2,399,substitution
Q15121-2,Q15121,0.657284707,86.09271523,,,insertion
Q5T2T1-2,Q5T2T1,0.685668463,60.2058319,3,576,substitution
Q8WUF8-2,Q8WUF8,0.608869799,63.94230769,263,416,substitution
O96017-7,O96017,0.397447789,61.87845304,337,543,substitution
O00499-7,O00499,0.6303711,74.03035413,174,456,substitution
Q96DY2-3,Q96DY2,0.548412739,53.43035343,245,449,substitution
Q9HAT0-2,Q9HAT0,0.436067315,21.59624413,39,212,substitution
P13805-2,P13805,0.378630202,90.28776978,25,219,substitution
Q9P0V8-2,Q9P0V8,0.621681518,61.75438596,14,122,deletion
Q6ZMI3-2,Q6ZMI3,0.583564726,77.49546279,2,125,deletion
P01241-2,P01241,0.837120149,93.0875576,58,72,deletion
Q8IU57-3,Q8IU57,0.595350438,33.14711359,171,520,substitution
Q86UY5-3,Q86UY5,0.57959131,77.06013363,345,433,substitution
P55211-2,P55211,0.406276013,63.94230769,140,289,deletion
O14931-4,O14931,0.643455912,87.56218905,66,90,deletion
P78310-4,P78310,0.561428674,41.96185286,139,365,substitution
O76081-6,O76081,0.559508744,56.59898477,2,170,substitution
Q92925-2,Q92925,0.804107432,90.01883239,49,123,substitution
Q30201-11,Q30201,0.311515165,14.44444444,26,298,substitution
Q15019-3,Q15019,0.842238935,97.30458221,,,insertion
P06730-2,P06730,0.802864639,87.5,,,insertion
Q13324-4,Q13324,0.832920277,86.79245283,366,411,substitution
Q8TED4-3,Q8TED4,0.755786796,68.14671815,347,501,substitution
O60888-2,O60888,0.731449447,84.84848485,2,14,substitution
Q5VV52-3,Q5VV52,0.752390627,90.15873016,2,32,deletion
O00141-5,O00141,0.844849602,87.2611465,2,25,substitution
Q9H7C9-2,Q9H7C9,0.869546001,63.15789474,77,122,substitution
Q14994-4,Q14994,0.748349043,76.96629213,2,274,substitution
Q9UNL4-8,Q9UNL4,0.644714174,68.27309237,168,249,substitution
Q5BJH7-2,Q5BJH7,0.788387366,90.12738854,2,32,deletion
Q9NUN5-2,Q9NUN5,0.648912582,66.6061706,362,538,substitution
Q8NES3-4,Q8NES3,0.769438284,56.54205607,2,144,substitution
Q12800-4,Q12800,0.55734351,99.80079681,491,491,deletion
Q9BXR0-2,Q9BXR0,0.696560104,45.30120482,178,403,substitution
Q9H2W1-2,Q9H2W1,0.837797582,88.04780876,218,248,substitution
Q9HB55-6,Q9HB55,0.815096635,69.36758893,56,224,substitution
O75909-2,O75909,0.606719959,52.23880597,308,580,substitution
Q9C0K7-2,Q9C0K7,0.799388891,88.99521531,372,418,substitution
Q96RK4-2,Q96RK4,0.812491038,97.15370019,3,8,substitution
Q8TBZ3-2,Q8TBZ3,0.796722443,97.24612737,565,569,substitution
Q8NFF5-5,Q8NFF5,0.628028413,44.42595674,2,587,substitution
Q8ND76-2,Q8ND76,0.775890788,92.6686217,52,76,deletion
Q9NR20-5,Q9NR20,0.807530469,99.42307692,380,382,deletion
P46779-3,P46779,0.825575872,64.20454545,109,136,substitution
P40426-2,P40426,0.470593001,76.69683258,338,434,substitution
Q96IP4-2,Q96IP4,0.876976512,95.87852495,,,insertion
Q96M93-2,Q96M93,0.684316931,98.09027778,283,293,deletion
Q13477-4,Q13477,0.465299167,52.09424084,18,310,substitution
Q9UHQ1-2,Q9UHQ1,0.880982311,90.83665339,,,insertion
O60870-2,O60870,0.751129086,94.91094148,374,393,substitution
P25021-2,P25021,0.873103164,90.42821159,,,insertion
Q5JXA9-2,Q5JXA9,0.489850894,55.84795322,54,342,substitution
Q9Y2B0-2,Q9Y2B0,0.371514579,38.91891892,70,182,substitution
P18577-14,P18577,0.696801053,54.91606715,227,417,substitution
O14653-3,O14653,0.677761385,77.16894977,160,212,substitution
Q5TEU4-2,Q5TEU4,0.811260454,86.37681159,110,160,substitution
Q9P289-2,Q9P289,0.705735349,81.49038462,15,91,deletion
Q96EY5-3,Q96EY5,0.673053888,94.13919414,238,253,deletion
Q9Y5K3-3,Q9Y5K3,0.724325068,90.81081081,2,39,substitution
P43115-2,P43115,0.86230694,92.3857868,360,390,substitution
Q96TC7-2,Q96TC7,0.640233501,72.55319149,2,130,deletion
Q96MC5-2,Q96MC5,0.720796865,83.90243902,2,36,substitution
Q92466-5,Q92466,0.687614371,55.26932084,236,427,substitution
Q6J4K2-2,Q6J4K2,0.809622434,90.4109589,177,232,deletion
Q9Y4P8-3,Q9Y4P8,0.826912144,80.69414317,2,417,substitution
Q4AE62-5,Q4AE62,0.816810836,87.25701944,2,59,substitution
P45985-2,P45985,0.772954338,97.31707317,,,insertion
Q969T9-2,Q969T9,0.599309709,82.75862069,133,177,deletion
Q8TCC3-2,Q8TCC3,0.800174158,84.29319372,,,insertion
Q8N3F0-4,Q8N3F0,0.542151302,68.70229008,55,95,deletion
P52757-9,P52757,0.449301141,83.97790055,2,15,substitution
Q15109-9,Q15109,0.645034253,71.42857143,276,404,substitution
Q8N1N0-2,Q8N1N0,0.453420079,94.41624365,554,589,substitution
Q5SQI0-6,Q5SQI0,0.559962673,71.02137767,195,421,substitution
P08493-2,P08493,0.433682887,80.46875,,,insertion
Q8N4Y2-3,Q8N4Y2,0.378697368,67.1679198,263,399,substitution
Q8WUE5-2,Q8WUE5,0.774156338,91.66666667,243,264,deletion
P39905-4,P39905,0.490159847,80.70175439,2,51,substitution
Q5JPI3-2,Q5JPI3,0.738845856,99.39209726,2,3,deletion
Q49MI3-8,Q49MI3,0.454227741,29.21146953,161,557,substitution
Q12805-5,Q12805,0.543707005,72.00811359,2,293,substitution
P11474-2,P11474,0.642446768,99.76359338,192,192,deletion
Q9NYZ2-4,Q9NYZ2,0.595830226,55.32544379,2,152,deletion
O94772-2,O94772,0.758946485,86.95652174,,,insertion
Q15561-3,Q15561,0.601717475,90.0921659,119,161,deletion
Q68D91-2,Q68D91,0.747096864,53.3557047,153,278,substitution
Q8N5Y8-2,Q8N5Y8,0.61418185,64.28571429,59,173,deletion
Q92851-6,Q92851,0.407156595,77.34082397,241,521,substitution
Q8IYS5-5,Q8IYS5,0.702758116,97.87234043,129,134,deletion
P10600-2,P10600,0.772896472,75.0,310,412,deletion
Q9H5V9-2,Q9H5V9,0.42515686,77.92792793,2,50,deletion
O75461-2,O75461,0.762771439,73.30960854,2,76,deletion
P12318-2,P12318,0.709837006,99.68454259,37,37,deletion
Q4VXA5-2,Q4VXA5,0.687774032,69.19831224,2,74,deletion
Q7Z6J9-2,Q7Z6J9,0.534954793,30.17077799,157,526,substitution
P54219-2,P54219,0.792893509,81.71846435,445,525,substitution
Q3KNT9-2,Q3KNT9,0.771748608,95.10869565,110,110,substitution
Q14790-9,Q14790,0.803821034,89.03345725,,,insertion
Q13163-4,Q13163,0.718718215,90.22222222,2,45,substitution
Q96H22-3,Q96H22,0.795138073,87.29281768,313,339,substitution
Q8NEF3-2,Q8NEF3,0.465245549,84.3100189,,,insertion
Q9NYP7-2,Q9NYP7,0.877528892,91.71779141,,,insertion
P46779-2,P46779,0.831956619,65.69767442,109,137,substitution
Q8TEB7-2,Q8TEB7,0.582401106,73.89277389,2,161,substitution
Q8N2G4-2,Q8N2G4,0.621368916,85.97560976,,,insertion
Q9UMX9-4,Q9UMX9,0.718661047,85.55347092,457,530,substitution
Q9UBP9-2,Q9UBP9,0.626857251,43.71069182,134,304,substitution
Q96B86-4,Q96B86,0.796752951,97.37991266,2,4,substitution
P28799-2,P28799,0.376017147,73.86172007,380,534,deletion
Q9Y6V7-2,Q9Y6V7,0.632445731,43.31983806,2,483,substitution
Q9NQX7-2,Q9NQX7,0.748160372,82.39700375,41,87,deletion
Q14296-4,Q14296,0.729108531,93.80692168,2,35,deletion
O95456-2,O95456,0.819437944,92.70833333,134,154,deletion
Q9Y4P1-2,Q9Y4P1,0.812463171,77.17842324,2,393,substitution
P30511-3,P30511,0.74246614,78.05429864,346,346,substitution
Q9UHJ9-5,Q9UHJ9,0.85773132,80.38585209,2,175,substitution
Q99496-2,Q99496,0.430239251,78.57142857,84,155,deletion
O00142-4,O00142,0.800274754,93.20754717,78,95,deletion
Q99706-5,Q99706,0.615317941,81.43236074,219,288,deletion
Q15406-4,Q15406,0.83112466,99.79166667,199,199,deletion
Q9H3H1-4,Q9H3H1,0.892452222,94.43254818,311,336,deletion
Q8TC21-2,Q8TC21,0.677360865,86.11111111,48,117,deletion
P43686-2,P43686,0.84708987,92.58373206,46,76,deletion
Q9NPH3-5,Q9NPH3,0.789915752,70.74927954,449,570,substitution
Q3KQZ1-3,Q3KQZ1,0.935338882,89.03654485,265,300,substitution
Q99259-4,Q99259,0.673237513,63.42668863,374,594,substitution
P0C7I6-7,P0C7I6,0.626109532,97.97979798,2,6,substitution
Q9HAJ7-2,Q9HAJ7,0.400804188,74.86338798,68,113,deletion
Q9H2U2-4,Q9H2U2,0.571421028,50.0,53,219,substitution
Q9H169-4,Q9H169,0.621875214,79.16666667,37,188,substitution
P10909-5,P10909,0.946296017,97.60869565,,,insertion
P78346-2,P78346,0.813165721,82.29813665,266,268,substitution
Q6UVW9-2,Q6UVW9,0.524560329,78.02197802,138,174,substitution
Q9BZ67-3,Q9BZ67,0.798501228,92.67241379,85,118,deletion
Q9BWV3-4,Q9BWV3,0.399070991,26.07003891,2,381,deletion
Q07866-8,Q07866,0.718116522,94.77351916,542,573,substitution
Q9UGM5-2,Q9UGM5,0.875198447,90.31413613,76,112,deletion
O96017-5,O96017,0.429180203,36.64825046,199,543,substitution
P54710-2,P54710,0.537180878,86.95652174,2,8,substitution
A2RRL7-2,A2RRL7,0.487092804,76.63551402,28,52,substitution
O15530-3,O15530,0.741351908,95.32374101,238,263,deletion
Q8NHP6-2,Q8NHP6,0.384607192,87.83783784,2,64,deletion
O15519-14,O15519,0.474235316,90.625,436,480,deletion
Q6P2M8-2,Q6P2M8,0.871037003,93.44262295,179,179,substitution
Q9UKB3-2,Q9UKB3,0.667517772,49.75124378,100,198,substitution
Q92185-2,Q92185,0.415406558,36.31284916,128,356,substitution
Q15185-2,Q15185,0.445931864,79.375,63,95,deletion
Q6KCM7-2,Q6KCM7,0.797241458,85.14851485,2,52,substitution
Q96L15-2,Q96L15,0.779787909,68.72964169,196,290,substitution
Q8NHS3-2,Q8NHS3,0.478201954,28.95752896,2,518,substitution
Q9BVX2-2,Q9BVX2,0.611007233,92.4,167,185,deletion
Q96MZ0-4,Q96MZ0,0.829938091,95.07772021,,,insertion
Q9Y6M1-6,Q9Y6M1,0.778889805,88.64774624,2,69,deletion
Q8TBX8-3,Q8TBX8,0.880512011,95.72446556,84,101,deletion
Q5TBB1-2,Q5TBB1,0.830602211,77.25856698,248,312,substitution
P21781-2,P21781,0.41813789,48.96907216,96,194,substitution
Q8WWU5-5,Q8WWU5,0.889472775,96.31782946,2,47,substitution
Q96MU8-2,Q96MU8,0.708164651,95.73170732,31,473,substitution
Q8N5A5-3,Q8N5A5,0.482053735,94.5386064,282,310,deletion
P37840-2,P37840,0.731122804,80.0,103,130,deletion
Q9H0B8-2,Q9H0B8,0.498604674,86.36363636,436,497,substitution
Q9UL41-2,Q9UL41,0.45889431,95.03239741,436,463,substitution
P52757-5,P52757,0.528429077,46.73469388,2,304,substitution
Q9GZX9-2,Q9GZX9,0.416484097,33.1838565,75,223,substitution
Q9Y6N9-4,Q9Y6N9,0.537235967,96.55797101,274,292,deletion
Q5SYC1-2,Q5SYC1,0.518197162,55.35168196,2,147,deletion
Q6P087-2,Q6P087,0.794695291,95.72649573,89,103,deletion
Q96A99-2,Q96A99,0.636024605,88.53118712,3,47,substitution
P10082-2,P10082,0.676135446,92.78350515,91,97,deletion
Q5T4I8-2,Q5T4I8,0.337358334,42.76315789,2,88,deletion
Q96EY5-2,Q96EY5,0.599525485,85.34798535,139,178,deletion
A6NNP5-5,A6NNP5,0.491046353,52.3364486,2,103,deletion
P54284-2,P54284,0.805499518,91.32231405,440,484,substitution
Q9H0C5-2,Q9H0C5,0.708682202,74.89626556,353,482,substitution
Q9HC16-3,Q9HC16,0.399374636,15.07537688,59,384,substitution
Q9UNL4-7,Q9UNL4,0.797925215,98.79518072,128,130,deletion
Q6P1R3-2,Q6P1R3,0.709054567,58.85509839,2,231,deletion
Q8TBF2-7,Q8TBF2,0.758446395,72.07207207,108,197,substitution
Q6P1Q0-7,Q6P1Q0,0.795694788,96.51474531,,,insertion
Q9H9P2-2,Q9H9P2,0.559517845,84.98168498,2,42,deletion
Q86VF5-2,Q86VF5,0.733575412,66.01123596,224,341,substitution
Q96LA5-3,Q96LA5,0.479974075,26.80608365,2,508,substitution
Q8WWU5-7,Q8WWU5,0.854307451,97.48062016,,,insertion
O75426-2,O75426,0.532784244,51.60744501,94,580,substitution
Q9P287-3,Q9P287,0.816870791,90.76433121,285,314,substitution
Q9Y2Q5-2,Q9Y2Q5,0.810887964,66.87116564,109,125,substitution
Q13183-2,Q13183,0.896506179,85.49141966,3,77,substitution
P34969-3,P34969,0.786463842,90.18789144,433,479,deletion
Q14508-2,Q14508,0.553207498,41.93548387,2,74,substitution
Q9UBI4-6,Q9UBI4,0.515325438,82.16080402,264,334,deletion
P57727-6,P57727,0.880420226,84.3866171,,,insertion
Q99640-2,Q99640,0.725504929,89.57915832,439,498,substitution
Q8WV60-3,Q8WV60,0.613288652,71.64948454,74,183,substitution
Q9H7Z6-2,Q9H7Z6,0.905095668,93.43220339,438,458,substitution
Q15526-2,Q15526,0.809472007,96.0,173,184,deletion
Q9HAP6-2,Q9HAP6,0.331217883,66.18357488,77,146,deletion
Q0D2I5-2,Q0D2I5,0.35769975,35.59928444,2,361,deletion
O43508-2,O43508,0.441680709,55.19287834,167,249,substitution
P43630-2,P43630,0.703152342,96.26373626,318,334,deletion
Q9NS61-3,Q9NS61,0.757862667,81.48148148,25,74,deletion
Q9UNL4-4,Q9UNL4,0.879257503,98.3935743,129,132,deletion
Q9BYE2-2,Q9BYE2,0.743592655,95.90443686,560,586,substitution
Q16671-2,Q16671,0.523947688,75.86206897,430,573,substitution
Q9H6Q3-3,Q9H6Q3,0.710217713,89.65517241,2,28,deletion
Q92993-4,Q92993,0.777794848,83.6996337,5,147,substitution
Q9H8W5-2,Q9H8W5,0.612775467,96.89655172,390,407,deletion
P09455-2,P09455,0.612714469,42.63959391,2,135,substitution
Q9NZJ7-2,Q9NZJ7,0.806088532,95.62982005,286,302,deletion
Q6ZNE5-2,Q6ZNE5,0.707607034,77.03252033,2,114,deletion
Q86VW2-2,Q86VW2,0.780849005,81.72413793,2,107,deletion
Q6P9G9-3,Q6P9G9,0.386281451,22.79693487,119,518,substitution
Q7Z2E3-13,Q7Z2E3,0.436760848,49.5890411,2,356,substitution
P56378-2,P56378,0.830875941,77.33333333,,,insertion
Q9H5N1-2,Q9H5N1,0.341142793,93.67311072,299,478,substitution
O43189-2,O43189,0.673462058,66.95957821,350,567,substitution
Q5R372-4,Q5R372,0.561299844,98.1595092,478,492,deletion
P41227-2,P41227,0.75231611,93.19148936,114,129,substitution
P06241-3,P06241,0.491406176,89.75791434,233,287,deletion
O95069-2,O95069,0.737489642,96.24413146,2,16,deletion
P41235-6,P41235,0.741934837,90.50632911,2,428,substitution
Q8NDX2-2,Q8NDX2,0.466025061,91.51103565,302,351,deletion
Q14790-4,Q14790,0.6595503,90.80234834,103,198,substitution
O00421-2,O00421,0.878153217,96.62921348,,,insertion
P42771-4,P42771,0.850951537,91.01796407,153,156,substitution
Q8WZA0-2,Q8WZA0,0.878855232,90.04739336,,,insertion
Q8NEJ9-2,Q8NEJ9,0.563479203,98.41269841,311,315,substitution
Q8TBF5-2,Q8TBF5,0.78905582,93.47826087,,,insertion
Q49A26-3,Q49A26,0.685129186,98.91500904,303,308,deletion
P19878-3,P19878,0.4746497,91.44486692,123,167,deletion
P21554-2,P21554,0.799546796,81.72268908,2,89,substitution
Q7Z5L0-3,Q7Z5L0,0.475298874,48.01980198,98,202,substitution
Q9NRA1-3,Q9NRA1,0.554087642,44.15954416,155,345,substitution
Q9BZ67-2,Q9BZ67,0.801063845,87.93103448,29,84,deletion
Q16625-5,Q16625,0.424990952,38.31417625,2,323,deletion
Q9NNX6-4,Q9NNX6,0.336327338,41.58415842,74,309,deletion
Q59EK9-4,Q59EK9,0.727203086,81.61434978,365,446,deletion
O14931-5,O14931,0.65971129,70.81339713,66,201,substitution
Q96QS1-5,Q96QS1,0.734588481,69.41896024,210,320,substitution
Q96MD7-1,Q96MD7,0.626584073,63.38797814,109,179,substitution
P24522-2,P24522,0.721443145,78.78787879,15,49,substitution
Q7Z419-2,Q7Z419,0.417710586,61.78343949,2,110,substitution
Q8TAV0-4,Q8TAV0,0.704897283,81.23167155,49,199,substitution
Q9UHD8-3,Q9UHD8,0.673347347,72.01365188,2,165,deletion
Q96MI6-2,Q96MI6,0.380221626,57.88336933,266,459,substitution
Q9H0A6-2,Q9H0A6,0.66718594,91.98895028,141,169,substitution
Q6DN72-4,Q6DN72,0.552640342,69.12442396,107,434,substitution
P17181-3,P17181,0.689288309,89.04847397,414,479,substitution
Q9UMS0-2,Q9UMS0,0.520413789,44.48818898,2,142,deletion
Q86Y07-3,Q86Y07,0.681902812,95.47244094,2,24,deletion
Q5VX71-3,Q5VX71,0.521940588,51.31845842,242,490,substitution
P43629-2,P43629,0.629435783,78.6036036,25,119,deletion
A6NDA9-2,A6NDA9,0.671670537,98.21428571,,,insertion
Q14CZ8-2,Q14CZ8,0.62055686,73.4741784,293,416,substitution
O43316-2,O43316,0.51736267,70.85714286,239,350,substitution
Q92952-2,Q92952,0.864439449,96.79144385,,,insertion
Q8N423-4,Q8N423,0.570697671,80.60200669,3,436,substitution
Q9UJ41-4,Q9UJ41,0.74640322,97.22772277,,,insertion
Q9UNL4-6,Q9UNL4,0.869497875,99.59839357,131,131,deletion
P68402-4,P68402,0.768918504,57.6,139,229,substitution
Q8IYM1-2,Q8IYM1,0.739220024,87.15083799,126,171,deletion
Q9H3F6-2,Q9H3F6,0.524117955,92.65175719,176,198,deletion
Q9NVH6-3,Q9NVH6,0.799802246,79.40503432,333,421,substitution
Q93038-3,Q93038,0.564416377,47.03087886,182,417,substitution
P49768-6,P49768,0.776285372,87.58029979,319,376,deletion
P46976-3,P46976,0.727466169,61.70798898,204,350,substitution
Q96DL1-3,Q96DL1,0.531704702,55.53633218,309,559,substitution
P46095-2,P46095,0.796412056,96.02122016,,,insertion
Q93062-4,Q93062,0.59801169,65.51724138,133,196,substitution
Q9UMR2-4,Q9UMR2,0.637564065,88.93442623,3,130,substitution
Q8TB37-2,Q8TB37,0.561700856,53.9184953,173,319,substitution
Q5TDH0-2,Q5TDH0,0.409107763,52.88220551,212,399,deletion
P62508-4,P62508,0.558446174,86.4628821,2,196,substitution
Q9BWF3-2,Q9BWF3,0.433148952,40.10989011,139,364,substitution
P34969-2,P34969,0.832057198,89.8340249,433,479,substitution
Q86UT5-2,Q86UT5,0.843744548,82.98611111,2,105,substitution
Q9P0W2-3,Q9P0W2,0.547628873,92.42902208,84,107,deletion
P48551-2,P48551,0.555328131,54.71698113,281,515,substitution
P15812-10,P15812,0.449803902,17.51269036,20,388,substitution
Q9UEW8-2,Q9UEW8,0.64829017,96.51376147,30,48,deletion
Q8NDF8-4,Q8NDF8,0.62772757,64.16083916,368,572,substitution
Q8IYX8-2,Q8IYX8,0.62925232,84.56521739,389,460,substitution
P55210-3,P55210,0.807999671,90.17857143,,,insertion
Q8N2K1-3,Q8N2K1,0.742827553,94.18181818,,,insertion
P35372-11,P35372,0.842047749,97.0,389,400,substitution
Q13163-2,Q13163,0.679745798,97.76785714,349,358,deletion
Q8WVN8-3,Q8WVN8,0.58986835,83.29048843,2,60,substitution
Q9UNL4-5,Q9UNL4,0.707069677,98.3935743,128,131,substitution
Q8N2G8-3,Q8N2G8,0.9004582,92.64150943,103,141,deletion
Q9NP72-2,Q9NP72,0.81502981,87.65957447,,,insertion
Q969G3-5,Q969G3,0.430111044,75.36231884,18,411,substitution
Q96A33-2,Q96A33,0.782625985,91.23505976,458,483,substitution
Q9UNZ2-4,Q9UNZ2,0.376784118,91.62162162,149,179,deletion
O14713-2,O14713,0.40271421,75.0,128,177,deletion
Q12926-2,Q12926,0.655798334,96.37883008,239,251,deletion
Q9BWP8-10,Q9BWP8,0.616341257,95.0877193,,,insertion
Q68DY1-3,Q68DY1,0.438604689,15.31190926,77,528,substitution
O15244-2,O15244,0.822898029,75.83187391,427,555,substitution
P40424-2,P40424,0.723570782,76.25570776,334,430,substitution
Q9NXW2-2,Q9NXW2,0.501419881,98.14323607,369,375,substitution
P14136-2,P14136,0.624673275,84.94623656,391,432,substitution
Q9NXR1-1,Q9NXR1,0.58761903,92.48554913,318,335,substitution
P41586-3,P41586,0.950218615,95.51282051,89,109,deletion
Q03060-8,Q03060,0.398887311,29.56521739,2,345,substitution
Q63ZE4-2,Q63ZE4,0.647220522,43.75,2,541,substitution
Q96C03-3,Q96C03,0.752311965,97.6344086,,,insertion
Q8TCJ0-2,Q8TCJ0,0.77852699,97.54768392,331,339,deletion
P10415-2,P10415,0.829956244,82.98755187,196,239,substitution
Q86XS8-2,Q86XS8,0.723452494,91.40811456,384,419,substitution
Q9UJQ1-2,Q9UJQ1,0.723876317,84.28571429,80,123,deletion
Q2TBF2-2,Q2TBF2,0.674311689,96.58119658,,,insertion
Q9Y5K3-4,Q9Y5K3,0.763650999,90.54054054,2,39,substitution
Q9Y5N1-5,Q9Y5N1,0.721540473,73.25842697,197,315,deletion
Q8IXQ4-3,Q8IXQ4,0.307228518,50.0,2,171,deletion
Q13163-3,Q13163,0.659297297,95.59471366,349,448,substitution
O95859-2,O95859,0.400667137,60.98360656,3,120,substitution
Q8N2F6-5,Q8N2F6,0.584965338,82.79883382,47,259,substitution
Q9BYG7-6,Q9BYG7,0.598972831,79.03225806,144,195,deletion
Q53GI3-3,Q53GI3,0.392513599,27.58007117,153,561,substitution
Q8TB61-4,Q8TB61,0.820031408,71.3963964,2,120,substitution
Q9BYW1-2,Q9BYW1,0.588520248,37.47572816,2,496,substitution
P32780-2,P32780,0.864044918,78.83211679,2,117,deletion
Q96HS1-2,Q96HS1,0.746939472,83.61774744,240,288,substitution
Q03060-10,Q03060,0.425155773,33.62318841,2,232,substitution
Q9Y6M1-3,Q9Y6M1,0.763272392,86.58940397,2,80,substitution
Q96DZ1-2,Q96DZ1,0.611517045,88.81987578,294,347,deletion
P13805-3,P13805,0.393223822,94.24460432,205,220,deletion
Q5EBL4-3,Q5EBL4,0.433598886,62.03473945,2,153,substitution
Q15825-2,Q15825,0.845067558,96.96356275,74,88,deletion
Q12974-2,Q12974,0.604327216,37.5,64,167,substitution
Q8N2I9-4,Q8N2I9,0.808310397,98.86363636,,,insertion
O00330-2,O00330,0.4515574,54.69061876,115,341,deletion
P04637-2,P04637,0.63812804,84.4783715,332,393,substitution
O75525-2,O75525,0.590961099,77.74566474,270,346,substitution
Q9UNL4-2,Q9UNL4,0.792385659,99.19678715,131,132,substitution
Q96Q35-2,Q96Q35,0.576344451,94.83146067,316,338,deletion
P35348-5,P35348,0.737576444,63.30472103,296,466,substitution
Q96ER9-2,Q96ER9,0.532979154,73.47931873,2,110,deletion
Q9UJA5-3,Q9UJA5,0.65284828,69.67871486,344,497,substitution
Q9UM44-2,Q9UM44,0.742464478,73.64705882,2,108,substitution
Q96EX2-3,Q96EX2,0.680871698,68.50220264,2,444,substitution
P35372-8,P35372,0.842418316,97.25,389,400,substitution
Q9BPY8-3,Q9BPY8,0.760074809,80.21978022,,,insertion
Q8N4A0-2,Q8N4A0,0.720823277,50.99009901,3,292,substitution
Q6PIY7-2,Q6PIY7,0.747296837,99.17355372,225,228,deletion
Q9NWZ5-3,Q9NWZ5,0.553738492,70.18181818,386,548,substitution
Q9NVF7-2,Q9NVF7,0.488827643,47.01086957,173,368,substitution
Q9BXY4-2,Q9BXY4,0.815011151,91.09589041,266,272,substitution
Q9H228-2,Q9H228,0.675855174,52.23214286,214,398,substitution
P04637-3,P04637,0.641100967,84.98727735,332,393,substitution
Q8TCF1-3,Q8TCF1,0.585111685,97.3880597,161,167,deletion
Q9P0I2-2,Q9P0I2,0.901446751,83.90804598,220,261,deletion
O00482-3,O00482,0.422685675,68.20702403,200,371,deletion
Q6ZN54-6,Q6ZN54,0.715150478,84.765625,2,411,substitution
Q13190-2,Q13190,0.705576686,84.78873239,2,55,deletion
Q9Y2Z9-2,Q9Y2Z9,0.856463366,71.7791411,2,461,substitution
Q8N8R3-3,Q8N8R3,0.595964951,78.21782178,2,67,deletion
P18577-3,P18577,0.532558414,59.20745921,164,417,substitution
Q6N075-2,Q6N075,0.895661267,80.78994614,,,insertion
Q9GZP0-2,Q9GZP0,0.429226332,98.37837838,42,47,deletion
Q3YBR2-3,Q3YBR2,0.529103351,45.49878345,2,225,deletion
Q7Z6B0-2,Q7Z6B0,0.694073957,91.83673469,2,36,substitution
Q9NZC2-2,Q9NZC2,0.631326085,70.35573123,162,230,substitution
Q9UN19-2,Q9UN19,0.425969687,88.73720137,259,279,substitution
Q9BRP8-2,Q9BRP8,0.340960706,94.17475728,2,12,substitution
Q9UK58-5,Q9UK58,0.458441311,30.94339623,163,526,substitution
P52757-7,P52757,0.404172022,48.97959184,2,377,substitution
O75575-2,O75575,0.646530908,77.7027027,16,48,deletion
P78329-2,P78329,0.492435484,30.14981273,2,520,substitution
Q4AE62-2,Q4AE62,0.711233686,81.44104803,293,377,deletion
P52798-3,P52798,0.734028261,75.90909091,157,201,substitution
Q68G75-4,Q68G75,0.456083914,37.56906077,69,181,substitution
Q8N7B6-2,Q8N7B6,0.637829903,89.11290323,204,230,deletion
Q96KP6-2,Q96KP6,0.624630866,74.93670886,2,325,substitution
Q9H1B4-5,Q9H1B4,0.686975406,75.31486146,19,397,substitution
O60828-7,O60828,0.403585592,38.34586466,99,265,substitution
O00499-8,O00499,0.620472995,72.20394737,174,456,substitution
Q9UQ07-6,Q9UQ07,0.883877308,99.76133652,138,138,deletion
P47902-2,P47902,0.473690108,49.05660377,2,136,deletion
Q9UNL4-3,Q9UNL4,0.635608491,89.95983936,13,37,substitution
P06748-2,P06748,0.639285419,90.13605442,195,223,deletion
Q86UA6-8,Q86UA6,0.587968557,92.64069264,211,219,substitution
P21741-2,P21741,0.451916699,60.83916084,26,81,deletion
Q14318-3,Q14318,0.488303534,61.40776699,98,256,deletion
Q01344-5,Q01344,0.430430997,50.23809524,124,332,deletion
Q5H913-2,Q5H913,0.74772138,86.55172414,249,290,substitution
Q99784-4,Q99784,0.345693529,22.4742268,2,485,substitution
O15264-2,O15264,0.652157238,56.18556701,204,364,substitution
Q17RN3-2,Q17RN3,0.465154769,76.50429799,186,306,substitution
Q86XR8-2,Q86XR8,0.50310822,94.8,270,295,deletion
P10747-5,P10747,0.327156058,23.63636364,40,220,substitution
Q86U70-3,Q86U70,0.655730719,72.59615385,2,411,substitution
O14662-3,O14662,0.342817573,35.07692308,28,325,substitution
Q6ZS27-2,Q6ZS27,0.667484602,74.64788732,2,109,deletion
Q9BQI0-2,Q9BQI0,0.67209082,85.22727273,,,insertion
Q8TE02-2,Q8TE02,0.798971028,75.60240964,231,300,substitution
O60664-2,O60664,0.702707228,57.83410138,2,184,deletion
Q9HA72-2,Q9HA72,0.609134226,54.02298851,186,323,substitution
Q5TBK1-2,Q5TBK1,0.538155127,53.46153846,133,243,substitution
O14733-3,O14733,0.938438479,96.09195402,42,42,substitution
Q86SX3-4,Q86SX3,0.280861334,50.1010101,2,297,substitution
Q9UBL9-4,Q9UBL9,0.86407574,94.76861167,,,insertion
Q29983-2,Q29983,0.428654669,74.93472585,109,204,deletion
Q9NYG8-2,Q9NYG8,0.737859938,93.7947494,,,insertion
Q08209-4,Q08209,0.337236954,55.47024952,87,318,deletion
Q2MV58-6,Q2MV58,0.497823127,35.18518519,2,587,substitution
Q07866-3,Q07866,0.582380795,98.42931937,542,550,deletion
Q16651-2,Q16651,0.703764181,84.25655977,62,115,deletion
Q6ZMB0-2,Q6ZMB0,0.670798244,63.80208333,25,319,substitution
Q6ZSG1-2,Q6ZSG1,0.49729117,44.50867052,2,193,deletion
Q9BX59-7,Q9BX59,0.864451524,83.7164751,431,468,substitution
Q7L513-5,Q7L513,0.413026991,61.00278552,27,166,deletion
Q9HCN4-3,Q9HCN4,0.697417231,71.69312169,2,104,substitution
O75787-2,O75787,0.703961141,90.85714286,101,132,deletion
Q9UKP3-2,Q9UKP3,0.544128162,93.9481268,3,21,substitution
Q8TC44-2,Q8TC44,0.653139842,91.21338912,2,43,deletion
Q9C0K1-2,Q9C0K1,0.74937012,84.38177874,2,72,substitution
Q9HBI1-2,Q9HBI1,0.805015491,82.10784314,2,37,substitution
Q2MKA7-2,Q2MKA7,0.722364365,88.21292776,2,32,substitution
Q92552-2,Q92552,0.932013055,96.72897196,,,insertion
A6NEM1-2,A6NEM1,0.426491174,63.42592593,2,159,deletion
P52797-2,P52797,0.730192345,88.65546218,170,196,substitution
P30988-1,P30988,0.869337481,96.73469388,,,insertion
Q86VZ4-2,Q86VZ4,0.409999244,41.78217822,205,500,substitution
Q969N2-3,Q969N2,0.375927986,60.7266436,2,412,substitution
Q9HBU1-2,Q9HBU1,0.378695225,39.37007874,2,155,deletion
P78381-5,P78381,0.739255522,82.87153652,31,396,substitution
P41586-5,P41586,0.825371648,87.82051282,53,109,deletion
O95069-3,O95069,0.772961683,96.95550351,2,16,substitution
Q9NSI2-2,Q9NSI2,0.416015268,93.47826087,81,95,deletion
Q8N6U8-2,Q8N6U8,0.775266448,76.18147448,403,529,substitution
O43852-2,O43852,0.772086881,92.6984127,75,137,substitution
Q03923-2,Q03923,0.766391412,94.45378151,44,76,deletion
Q9BY76-2,Q9BY76,0.486137852,90.39408867,183,221,substitution
Q00765-2,Q00765,0.504097008,62.88659794,118,189,substitution
Q9Y6J8-3,Q9Y6J8,0.787473014,71.46974063,234,313,substitution
Q96HR9-2,Q96HR9,0.894927667,87.20379147,174,200,deletion
Q01196-3,Q01196,0.570934712,53.64238411,242,453,substitution
Q92844-2,Q92844,0.408164004,26.11764706,111,425,substitution
Q9NQ25-3,Q9NQ25,0.750577779,89.21282799,258,296,substitution
Q6NSZ9-4,Q6NSZ9,0.392316032,24.95446266,131,544,substitution
Q14451-3,Q14451,0.801659053,95.85585586,,,insertion
Q969K7-2,Q969K7,0.441839046,90.99099099,71,90,deletion
Q7LG56-6,Q7LG56,0.838325894,79.02097902,2,16,substitution
Q9BZW8-3,Q9BZW8,0.495809067,87.2972973,127,370,substitution
Q9BZG1-4,Q9BZG1,0.786521585,91.50579151,51,72,deletion
Q13324-2,Q13324,0.851404494,85.5233853,2,34,substitution
Q92466-4,Q92466,0.755437607,85.0117096,89,152,deletion
Q86XE0-2,Q86XE0,0.608527553,58.93719807,238,403,substitution
Q8N144-2,Q8N144,0.762260783,84.86842105,246,294,substitution
Q86UD5-2,Q86UD5,0.644683521,78.41328413,420,537,substitution
P38117-2,P38117,0.859571205,69.36416185,2,19,substitution
Q92851-4,Q92851,0.473768928,89.88764045,473,521,substitution
P24864-2,P24864,0.687669703,89.51219512,154,196,deletion
Q9Y272-2,Q9Y272,0.47272464,35.2739726,96,281,substitution
Q9Y275-2,Q9Y275,0.459253259,93.33333333,142,160,deletion
Q96DI7-2,Q96DI7,0.863933733,83.69829684,343,357,substitution
P41235-5,P41235,0.708855771,92.82700422,2,38,substitution
Q18PE1-4,Q18PE1,0.582156073,37.07224335,175,504,substitution
Q49MI3-9,Q49MI3,0.861150195,91.93548387,161,205,substitution
Q8TBX8-2,Q8TBX8,0.776937635,88.59857482,124,171,deletion
Q0D2I5-6,Q0D2I5,0.32385245,35.53571429,2,450,substitution
P52741-2,P52741,0.682287212,77.64976959,2,91,substitution
P61244-6,P61244,0.453351854,36.19631902,58,160,substitution
P43307-2,P43307,0.542868969,90.55944056,68,94,deletion
Q7RTX9-2,Q7RTX9,0.62474986,65.88235294,2,175,deletion
Q8N1N4-2,Q8N1N4,0.477233824,74.95256167,2,127,substitution
P35372-2,P35372,0.83001528,97.25,389,400,substitution
Q96NG5-2,Q96NG5,0.727709468,82.33830846,2,72,deletion
P61812-2,P61812,0.907850424,93.43891403,116,116,substitution
P10966-6,P10966,0.744216474,85.18518519,208,210,substitution
Q6UY27-2,Q6UY27,0.450391333,61.94690265,26,68,deletion
P24001-3,P24001,0.739843367,76.06837607,2,64,substitution
Q9GZV1-2,Q9GZV1,0.48786503,90.83333333,246,278,deletion
Q8IZ96-15,Q8IZ96,0.195369788,15.97633136,28,169,substitution
P13631-4,P13631,0.599724566,77.89699571,2,111,substitution
O00451-2,O00451,0.544549894,69.39655172,14,146,deletion
P13646-3,P13646,0.520097335,90.82969432,416,457,substitution
P47869-2,P47869,0.742340835,72.95719844,2,353,substitution
Q9BYE2-6,Q9BYE2,0.794905189,95.40816327,560,586,substitution
Q9UIL8-2,Q9UIL8,0.372509535,88.21752266,2,40,deletion
Q16560-2,Q16560,0.721160296,98.00796813,,,insertion
Q96DZ9-2,Q96DZ9,0.446982485,69.95515695,94,160,deletion
Q9H2L5-3,Q9H2L5,0.557749977,78.19314642,2,71,deletion
Q5JS13-7,Q5JS13,0.638563247,84.02061856,347,557,substitution
O14662-5,O14662,0.635372485,98.76923077,45,48,deletion
P41162-2,P41162,0.463468403,26.11218569,135,512,substitution
Q13561-3,Q13561,0.206875512,99.50372208,,,insertion
Q06265-2,Q06265,0.776241971,96.27192982,,,insertion
Q96CP7-2,Q96CP7,0.730790604,71.9844358,2,65,substitution
Q13555-6,Q13555,0.799455639,94.72789116,316,397,substitution
Q9NQS3-3,Q9NQS3,0.619833127,59.82758621,3,547,substitution
P23443-4,P23443,0.798426237,85.14285714,448,525,substitution
P24046-2,P24046,0.766608183,96.45093946,41,57,deletion
Q9Y5U5-3,Q9Y5U5,0.61240204,96.68049793,194,201,substitution
O43291-2,O43291,0.458763095,77.38095238,36,92,deletion
P0CAP1-11,P0CAP1,0.545192701,79.81818182,435,466,substitution
Q86UT5-3,Q86UT5,0.604817882,80.55555556,2,285,substitution
Q9BVP2-2,Q9BVP2,0.697867272,97.81420765,2,13,deletion
P26378-5,P26378,0.728333877,94.55958549,2,276,substitution
Q8N983-6,Q8N983,0.687412888,67.32283465,157,215,substitution
Q8TC71-2,Q8TC71,0.486054977,93.866171,141,173,substitution
Q9NR21-5,Q9NR21,0.441202412,68.93491124,234,338,substitution
Q8N4Y2-2,Q8N4Y2,0.39929185,42.24343675,2,399,substitution
Q9BYE2-3,Q9BYE2,0.791886125,89.28571429,151,586,substitution
Q8IUK5-3,Q8IUK5,0.639816164,65.2173913,330,499,substitution
Q8IZJ6-3,Q8IZJ6,0.556393458,66.52173913,97,230,substitution
P30040-2,P30040,0.247324103,18.77394636,49,261,substitution
Q5T7P8-2,Q5T7P8,0.611644598,83.33333333,2,86,deletion
Q86W74-1,Q86W74,0.697349492,86.8852459,213,228,substitution
O43678-2,O43678,0.774528673,70.70707071,71,99,substitution
Q6PP77-2,Q6PP77,0.674670034,54.56570156,2,205,deletion
Q96LA6-2,Q96LA6,0.842526353,99.76689977,396,396,deletion
O75192-2,O75192,0.777150442,87.04453441,58,89,substitution
Q8WWY3-4,Q8WWY3,0.496532175,84.49612403,426,499,substitution
Q92844-3,Q92844,0.401675368,26.11764706,111,425,substitution
Q8NEP7-2,Q8NEP7,0.758359474,68.6440678,230,349,substitution
Q9H1B4-4,Q9H1B4,0.666873344,75.31486146,19,397,substitution
P35348-7,P35348,0.714125205,64.59227468,296,466,substitution
Q8N0S6-2,Q8N0S6,0.820813623,88.20512821,,,insertion
Q9Y6Y9-2,Q9Y6Y9,0.771150205,80.625,38,68,substitution
P08138-2,P08138,0.36855634,77.98594848,2,95,deletion
Q7L513-4,Q7L513,0.427716124,62.11699164,29,166,substitution
O60260-8,O60260,0.829012369,89.24731183,312,361,deletion
P50539-2,P50539,0.551500772,84.21052632,2,37,deletion
Q96GJ1-2,Q96GJ1,0.815020532,91.97651663,464,504,substitution
Q9UBF6-4,Q9UBF6,0.449816503,85.84070796,59,74,deletion
Q96GE6-3,Q96GE6,0.631143735,41.32653061,2,116,deletion
Q13286-3,Q13286,0.808313198,94.74885845,280,302,substitution
Q8WVP7-3,Q8WVP7,0.891986575,92.09039548,253,253,substitution
Q9BXI6-2,Q9BXI6,0.807681688,98.6407767,,,insertion
P43115-9,P43115,0.833762276,89.65517241,360,390,substitution
Q86XW9-2,Q86XW9,0.534442358,76.66666667,2,329,substitution
Q9H3S4-2,Q9H3S4,0.709393942,37.8600823,2,243,substitution
Q9BQA5-2,Q9BQA5,0.762035962,70.92592593,381,516,substitution
Q86XR8-5,Q86XR8,0.457544157,97.0,2,15,substitution
Q9Y5W9-2,Q9Y5W9,0.637332683,95.55555556,2,14,substitution
P82650-2,P82650,0.47294665,46.38888889,58,360,substitution
A8MVW5-3,A8MVW5,0.706532896,95.25773196,,,insertion
Q8TDM0-3,Q8TDM0,0.484381798,79.53488372,164,211,substitution
P10966-9,P10966,0.649824367,75.43859649,166,210,substitution
Q8TDQ1-5,Q8TDQ1,0.507616653,54.66237942,150,290,substitution
P0CAP1-9,P0CAP1,0.508130427,78.75,108,466,substitution
P78369-3,P78369,0.754620377,74.67248908,2,73,substitution
P23760-2,P23760,0.48962421,40.0,196,479,substitution
Q86XR8-4,Q86XR8,0.544745887,96.4,2,500,substitution
Q14653-3,Q14653,0.503433602,36.06557377,2,327,substitution
Q9UIB8-2,Q9UIB8,0.743765494,98.26086957,255,260,deletion
Q9NVF9-2,Q9NVF9,0.860566978,86.38613861,339,386,substitution
Q5SQI0-5,Q5SQI0,0.593757479,76.72209026,324,421,deletion
Q86WD7-2,Q86WD7,0.731199717,72.87356322,2,172,substitution
Q9NSU2-1,Q9NSU2,0.719703946,85.09485095,,,insertion
Q8TBZ3-7,Q8TBZ3,0.81988991,94.83333333,,,insertion
O75569-2,O75569,0.622835992,93.92971246,2,21,substitution
Q8N682-2,Q8N682,0.615018295,53.78151261,115,224,deletion
Q15286-2,Q15286,0.720524584,58.0952381,118,201,substitution
Q96EV8-3,Q96EV8,0.435622521,76.92307692,3,83,deletion
Q86SQ3-2,Q86SQ3,0.323763673,27.94411178,13,457,substitution
Q9P0N8-2,Q9P0N8,0.375296456,71.54471545,125,194,deletion
Q9BRK3-3,Q9BRK3,0.66293107,95.29147982,2,17,substitution
Q96IY1-2,Q96IY1,0.388158633,60.13745704,167,281,substitution
P0CAP1-4,P0CAP1,0.545392615,93.99141631,374,401,deletion
Q7Z2H8-4,Q7Z2H8,0.575804193,50.6302521,242,476,substitution
Q8TBN0-2,Q8TBN0,0.482321217,71.32867133,2,219,substitution
Q8NBW4-3,Q8NBW4,0.699792636,87.34402852,3,353,substitution
P40259-3,P40259,0.474874324,99.56521739,,,insertion
Q14542-3,Q14542,0.648702843,62.23175966,290,456,substitution
O00124-3,O00124,0.417531238,86.2962963,30,66,deletion
A5X5Y0-4,A5X5Y0,0.844694152,86.83127572,2,93,substitution
O43679-3,O43679,0.645625833,93.02949062,2,297,substitution
Q8NHP1-3,Q8NHP1,0.687108003,58.25825826,170,331,substitution
Q8N5A5-2,Q8N5A5,0.392388194,96.23352166,300,319,deletion
Q2MKA7-3,Q2MKA7,0.532076446,76.04562738,146,208,deletion
Q49A26-4,Q49A26,0.639089865,87.52260398,2,70,deletion
P49759-3,P49759,0.805433404,92.01520913,,,insertion
Q14802-5,Q14802,0.311688999,37.25490196,33,87,substitution
Q9UBM1-3,Q9UBM1,0.716091533,61.83206107,2,199,substitution
Q96H12-2,Q96H12,0.445335391,53.09090909,140,275,substitution
P36544-2,P36544,0.880280769,94.5386064,,,insertion
Q15717-2,Q15717,0.682976033,92.35127479,,,insertion
P78380-2,P78380,0.422539435,53.7366548,142,273,substitution
Q8WU90-2,Q8WU90,0.318804714,29.26267281,2,426,substitution
P56545-3,P56545,0.708121673,82.46628131,2,19,substitution
O43776-2,O43776,0.568310558,27.40471869,141,547,substitution
O00482-2,O00482,0.56291867,91.49722736,22,67,deletion
Q96EY1-2,Q96EY1,0.640433958,93.54166667,448,480,substitution
Q15555-3,Q15555,0.76978374,89.60244648,2,40,substitution
Q8N2G8-2,Q8N2G8,0.829966863,80.2559415,430,530,substitution
O14653-2,O14653,0.638388721,85.58951965,196,212,substitution
Q13491-4,Q13491,0.824503948,75.30487805,21,265,substitution
P21754-2,P21754,0.491092671,86.08490566,364,424,substitution
P62995-2,P62995,0.20705978,5.555555556,13,288,substitution
Q9H0F6-2,Q9H0F6,0.644823327,78.48101266,309,387,substitution
Q2QL34-2,Q2QL34,0.711960389,51.61290323,104,196,substitution
Q9NR12-3,Q9NR12,0.400152212,30.41575492,134,457,substitution
Q9Y5Q8-3,Q9Y5Q8,0.75990853,98.66920152,,,insertion
Q96H72-2,Q96H72,0.74979618,98.11320755,307,313,deletion
Q86XW9-3,Q86XW9,0.502934184,76.06060606,66,329,substitution
Q9NNX6-3,Q9NNX6,0.4828649,77.22772277,158,249,deletion
Q8IUX4-2,Q8IUX4,0.400577682,15.46391753,59,373,substitution
Q7Z6B0-3,Q7Z6B0,0.595989763,91.83673469,219,254,deletion
Q96EZ8-3,Q96EZ8,0.399022776,97.18614719,2,14,deletion
O14737-2,O14737,0.60899528,68.57142857,89,125,substitution
Q13360-2,Q13360,0.559809792,66.73596674,113,272,deletion
Q7L8J4-2,Q7L8J4,0.668730959,82.96296296,2,61,substitution
Q13426-2,Q13426,0.680255099,99.10714286,298,300,substitution
Q86V25-5,Q86V25,0.717567197,87.32394366,122,166,substitution
Q14188-7,Q14188,0.484972894,69.50672646,2,137,deletion
Q86UB2-2,Q86UB2,0.578445701,53.7254902,2,406,substitution
Q6PCB0-2,Q6PCB0,0.356597872,52.35955056,2,213,deletion
O60260-5,O60260,0.472827745,75.0,291,465,substitution
Q9GZM8-2,Q9GZM8,0.511513633,87.22826087,316,345,substitution
Q86SX3-6,Q86SX3,0.51616591,86.06060606,229,297,deletion
A2A2Y4-5,A2A2Y4,0.65345147,91.95979899,2,49,substitution
Q9Y2G2-4,Q9Y2G2,0.805157298,90.68901304,21,70,deletion
Q5SQI0-4,Q5SQI0,0.555026746,76.72209026,323,421,substitution
O94905-3,O94905,0.654783065,44.6685879,142,339,substitution
Q9BUB5-2,Q9BUB5,0.798331722,91.1827957,165,205,deletion
P18846-2,P18846,0.370660013,50.18450185,2,136,deletion
Q8NBB4-2,Q8NBB4,0.481987726,32.92978208,124,408,substitution
Q6YP21-2,Q6YP21,0.541415891,33.69803063,152,454,substitution
Q8N531-2,Q8N531,0.869125408,98.88682746,208,213,deletion
Q68D86-2,Q68D86,0.352486412,93.00970874,479,513,substitution
Q8N2F6-3,Q8N2F6,0.472298376,82.79883382,177,235,deletion
Q8TE02-3,Q8TE02,0.699469554,50.94936709,138,300,substitution
Q9NRW7-2,Q9NRW7,0.780517111,67.69230769,2,569,substitution
Q6ZVK1-2,Q6ZVK1,0.771096765,73.66255144,175,233,substitution
Q9Y3V2-4,Q9Y3V2,0.612659777,69.66292135,177,267,substitution
P49458-2,P49458,0.758121347,49.53271028,48,86,substitution
O75023-3,O75023,0.828684896,99.83079526,,,insertion
P49238-2,P49238,0.889338214,91.73126615,,,insertion
Q86XR7-2,Q86XR7,0.556458472,53.56265356,2,20,substitution
Q5T5S1-4,Q5T5S1,0.334779605,51.75438596,2,534,substitution
Q9BUV8-2,Q9BUV8,0.819139533,87.59124088,118,137,substitution
O60711-2,O60711,0.783918695,97.69820972,2,4,substitution
Q9Y5N1-2,Q9Y5N1,0.888073477,98.23399558,,,insertion
Q9NZC2-3,Q9NZC2,0.627540453,74.35897436,162,230,substitution
Q96K21-4,Q96K21,0.392679572,62.84501062,2,176,deletion
Q86UD7-2,Q86UD7,0.756130556,75.98425197,183,249,substitution
P43115-5,P43115,0.8624356,84.81308411,360,390,substitution
Q5T124-8,Q5T124,0.495393155,85.57692308,2,76,deletion
O60493-3,O60493,0.429036583,54.70588235,87,162,substitution
Q96P71-3,Q96P71,0.584088288,45.40942928,176,396,substitution
Q9BW11-3,Q9BW11,0.539083465,83.25358852,169,206,substitution
P26378-4,P26378,0.664855848,94.28571429,3,276,substitution
O75023-2,O75023,0.5412143,82.91032149,120,435,substitution
Q9UMX9-2,Q9UMX9,0.555089449,51.75600739,188,530,substitution
Q1ZYL8-3,Q1ZYL8,0.624539896,57.32758621,124,232,substitution
Q9H875-2,Q9H875,0.656771101,48.81516588,2,183,substitution
Q8TB61-2,Q8TB61,0.625950155,90.74074074,273,312,deletion
Q14541-2,Q14541,0.559554378,91.68539326,,,insertion
Q9Y228-2,Q9Y228,0.53905371,96.37023593,98,117,deletion
Q9BSG1-4,Q9BSG1,0.68840415,91.05882353,54,91,deletion
Q8TCT9-2,Q8TCT9,0.836503325,88.49765258,,,insertion
Q5JS13-3,Q5JS13,0.670861686,54.85519591,304,557,substitution
Q9NSP4-3,Q9NSP4,0.407718018,26.66666667,2,134,substitution
Q07866-2,Q07866,0.563059932,95.16407599,551,573,substitution
P62633-7,P62633,0.536948112,90.39548023,35,51,deletion
Q7L2K0-2,Q7L2K0,0.292433143,61.43187067,2,168,deletion
P27824-2,P27824,0.814767525,94.41786284,,,insertion
Q9HA92-2,Q9HA92,0.542098717,39.503386,46,441,substitution
Q9BX59-4,Q9BX59,0.684906653,50.84033613,236,468,substitution
Q9BRK3-2,Q9BRK3,0.700514167,96.03524229,408,442,substitution
Q6ZMJ2-2,Q6ZMJ2,0.310695916,78.06841046,386,495,substitution
Q9Y6M4-2,Q9Y6M4,0.785941172,98.02197802,430,430,substitution
Q96HL8-2,Q96HL8,0.833680801,94.44444444,263,281,deletion
Q7Z465-2,Q7Z465,0.74138568,77.03081232,2,83,deletion
Q14849-3,Q14849,0.567391548,87.03296703,122,183,substitution
P51522-2,P51522,0.77088513,94.57364341,271,298,deletion
O95866-7,O95866,0.638836159,72.37354086,182,241,substitution
Q9H9L4-4,Q9H9L4,0.388126126,29.11646586,145,492,substitution
P0DN86-2,P0DN86,0.858535628,88.95027624,2,4,substitution
Q13530-2,Q13530,0.854510818,88.37209302,2,56,deletion
Q96PD5-2,Q96PD5,0.893646101,87.89308176,548,576,substitution
Q01196-4,Q01196,0.570447015,56.73289183,258,453,deletion
Q8TAA9-2,Q8TAA9,0.865517327,99.61832061,67,68,deletion
Q15013-3,Q15013,0.7898524,83.97435897,3,15,substitution
Q96KP6-3,Q96KP6,0.636845876,73.6318408,2,325,substitution
Q00013-3,Q00013,0.632169366,95.70815451,161,180,deletion
O95243-6,O95243,0.421521875,45.0,83,401,substitution
Q96GM5-2,Q96GM5,0.735693762,92.03883495,424,464,deletion
Q6UWP7-2,Q6UWP7,0.633823201,61.70212766,249,414,substitution
Q9BX59-2,Q9BX59,0.807130558,92.12598425,,,insertion
Q13639-8,Q13639,0.862989629,90.65420561,,,insertion
A6NKF1-2,A6NKF1,0.632930483,58.76777251,239,404,substitution
P10966-4,P10966,0.762779581,84.14634146,208,210,substitution
Q6GTX8-3,Q6GTX8,0.456896891,93.728223,24,138,substitution
O00330-3,O00330,0.665521053,89.60784314,2,53,substitution
Q147U1-3,Q147U1,0.50935529,39.39962477,2,533,substitution
A4D1S5-2,A4D1S5,0.834989746,82.1969697,,,insertion
Q8WV16-2,Q8WV16,0.66392865,87.07070707,432,495,substitution
Q5VZ03-3,Q5VZ03,0.75946214,60.35502959,101,156,substitution
P23443-3,P23443,0.76622055,89.9047619,2,54,deletion
P24071-6,P24071,0.569230689,84.66453674,25,216,substitution
Q99871-3,Q99871,0.48013475,87.77173913,311,358,substitution
Q8WTP8-2,Q8WTP8,0.816931218,90.50445104,304,325,substitution
O75908-3,O75908,0.722964326,84.29118774,93,260,substitution
Q8N413-2,Q8N413,0.634888957,85.41666667,2,43,deletion
Q9Y535-2,Q9Y535,0.56670105,85.78431373,71,99,deletion
O96013-4,O96013,0.610399631,84.7715736,132,221,deletion
P15812-7,P15812,0.320347229,59.27835052,119,344,substitution
O14763-3,O14763,0.292701974,26.81818182,119,440,deletion
P55036-2,P55036,0.703375844,67.90450928,255,377,substitution
P21554-3,P21554,0.724297265,93.00847458,22,54,deletion
Q8IZ96-13,Q8IZ96,0.278222995,16.56804734,28,169,substitution
Q96F44-2,Q96F44,0.610224141,61.61616162,288,468,substitution
Q9ULW6-2,Q9ULW6,0.619126839,69.13043478,2,143,deletion
O75123-2,O75123,0.803999695,92.53731343,2,41,deletion
Q9UIL1-2,Q9UIL1,0.581327068,64.59627329,2,60,substitution
Q86UY5-2,Q86UY5,0.618272688,67.05069124,161,434,substitution
B2RUY7-2,B2RUY7,0.563734102,59.45945946,131,222,substitution
Q9H2H8-2,Q9H2H8,0.865592746,75.41899441,27,58,substitution
Q70HW3-3,Q70HW3,0.308673116,22.99270073,2,274,substitution
Q5SZJ8-3,Q5SZJ8,0.485995131,64.15770609,2,100,substitution
P21757-2,P21757,0.406494624,77.0419426,345,451,substitution
Q96RD7-2,Q96RD7,0.766780887,99.06103286,401,404,deletion
Q6UY09-5,Q6UY09,0.788060955,97.31543624,580,596,substitution
Q6UX27-2,Q6UX27,0.56392595,86.44067797,132,163,substitution
Q6ZTN6-2,Q6ZTN6,0.34161512,48.16955684,2,357,substitution
Q9NZL4-2,Q9NZL4,0.525346507,71.3091922,206,308,deletion
Q9BW71-2,Q9BW71,0.35200973,43.70503597,101,413,deletion
Q9P2X0-2,Q9P2X0,0.655197693,75.40983607,,,insertion
O43581-6,O43581,0.736519613,90.15659955,,,insertion
Q969E2-2,Q969E2,0.497107179,85.15283843,99,132,deletion
Q99836-3,Q99836,0.596372871,48.61538462,156,296,substitution
Q9P0J0-2,Q9P0J0,0.781586725,63.96396396,143,144,substitution
Q9H0Z9-2,Q9H0Z9,0.532978609,50.62761506,122,239,deletion
P30050-2,P30050,0.812974551,80.0,38,70,deletion
Q9NUM3-2,Q9NUM3,0.805968075,92.50814332,135,157,deletion
Q96J88-2,Q96J88,0.485754696,96.5408805,220,230,deletion
Q6UXD7-2,Q6UXD7,0.889538607,99.82142857,242,242,deletion
Q9UIL1-3,Q9UIL1,0.59071776,63.97515528,2,85,substitution
Q9H410-2,Q9H410,0.695680453,75.90027701,2,84,substitution
Q9NUL5-4,Q9NUL5,0.729472973,87.62886598,164,199,deletion
P35372-6,P35372,0.811211366,96.2962963,389,400,substitution
Q9BUB4-2,Q9BUB4,0.603048719,70.3187251,2,150,deletion
Q8WVV9-4,Q8WVV9,0.435379114,98.52398524,2,8,substitution
Q96PQ1-2,Q96PQ1,0.6357978,77.01342282,4,141,substitution
Q5SSG8-2,Q5SSG8,0.858638372,94.96644295,,,insertion
Q14576-2,Q14576,0.813155899,98.09264305,251,257,deletion
Q6UY09-2,Q6UY09,0.701410961,97.98657718,526,537,deletion
Q8IZC7-2,Q8IZC7,0.636445448,72.47706422,2,121,deletion
Q13508-2,Q13508,0.774259228,94.0874036,324,346,substitution
O15519-6,O15519,0.71412627,87.78467909,2,480,substitution
Q02161-6,Q02161,0.810270358,72.58426966,314,417,substitution
P51809-2,P51809,0.750193123,54.73684211,145,220,substitution
Q9Y2G2-2,Q9Y2G2,0.638149,48.78957169,2,536,substitution
Q9NQ40-2,Q9NQ40,0.823042653,82.81573499,401,469,substitution
Q9BQ51-3,Q9BQ51,0.531769219,44.48275862,121,273,substitution
Q9Y5Q8-2,Q9Y5Q8,0.793610509,98.07321773,57,66,deletion
O95866-4,O95866,0.557912616,50.17793594,137,241,substitution
O95388-4,O95388,0.416046676,35.2303523,117,367,substitution
Q9NQ25-2,Q9NQ25,0.627248857,68.05970149,19,125,deletion
Q9NS61-4,Q9NS61,0.777897078,74.45255474,2,73,substitution
Q86VI4-2,Q86VI4,0.693074611,71.29337539,2,92,deletion
Q9Y232-4,Q9Y232,0.578242369,68.89632107,2,187,deletion
Q6P1K2-3,Q6P1K2,0.606294912,61.64383562,124,205,substitution
Q6WN34-4,Q6WN34,0.428088114,28.47222222,2,429,substitution
Q9BY43-2,Q9BY43,0.489588054,83.77358491,,,insertion
Q53HV7-2,Q53HV7,0.640058794,46.82274247,136,270,substitution
Q6GTX8-2,Q6GTX8,0.485903914,94.07665505,122,138,deletion
Q5JU69-2,Q5JU69,0.654620671,63.85542169,198,321,substitution
Q8N6K7-3,Q8N6K7,0.582033178,95.58823529,,,insertion
P82912-3,P82912,0.557964708,82.98969072,62,94,deletion
Q6P499-3,Q6P499,0.53766759,52.18446602,213,406,substitution
A2A2Y4-2,A2A2Y4,0.674911555,92.46231156,553,597,substitution
Q96FV3-2,Q96FV3,0.416456732,54.72972973,30,247,substitution
Q9Y5Y5-2,Q9Y5Y5,0.904103877,92.24137931,318,336,substitution
P43115-8,P43115,0.842872879,91.02244389,360,390,substitution
Q9GZN1-2,Q9GZN1,0.56123768,33.57664234,127,395,substitution
Q9UL19-2,Q9UL19,0.798350621,79.8816568,131,164,substitution
Q96D53-2,Q96D53,0.790626148,92.46323529,123,163,deletion
Q96A46-2,Q96A46,0.54031086,48.62637363,2,188,deletion
Q96N28-2,Q96N28,0.900730536,87.79069767,2,22,deletion
A4IF30-2,A4IF30,0.784638698,69.48176583,2,160,deletion
Q5JS54-2,Q5JS54,0.828297899,75.92592593,,,insertion
Q8WUH1-2,Q8WUH1,0.79868785,98.57142857,59,59,substitution
Q9Y257-2,Q9Y257,0.493910907,57.1884984,2,135,deletion
Q8IZ96-9,Q8IZ96,0.416011092,47.12643678,81,169,substitution
A6NFN9-3,A6NFN9,0.712975885,92.09558824,502,502,substitution
Q5BJH7-6,Q5BJH7,0.79119722,93.05993691,2,20,substitution
Q6PHW0-6,Q6PHW0,0.688683877,82.19178082,230,289,substitution
Q6UY11-2,Q6UY11,0.341809965,53.26370757,2,180,deletion
Q9BYI3-3,Q9BYI3,0.724246507,66.66666667,331,521,substitution
Q14406-3,Q14406,0.706483025,61.26126126,4,86,deletion
Q9NPA1-3,Q9NPA1,0.837238124,89.96539792,2,22,substitution
Q9Y6M1-4,Q9Y6M1,0.764212692,85.73770492,2,113,substitution
Q96QD5-2,Q96QD5,0.83454288,95.49902153,2,24,substitution
O95990-3,O95990,0.302824819,83.72093023,,,insertion
Q9HC73-3,Q9HC73,0.558354198,69.81132075,2,113,deletion
Q96LT4-2,Q96LT4,0.602776953,76.14457831,315,415,substitution
Q9BR84-2,Q9BR84,0.36539307,15.05576208,82,538,substitution
Q8NI32-2,Q8NI32,0.574528029,87.43961353,,,insertion
Q12849-5,Q12849,0.479543378,66.25,2,163,deletion
Q16653-12,Q16653,0.37815751,39.27125506,30,236,substitution
Q5T4W7-3,Q5T4W7,0.524210399,96.49122807,,,insertion
Q9UBI4-3,Q9UBI4,0.758353152,99.74874372,264,264,deletion
Q9BUN8-2,Q9BUN8,0.688631298,92.03187251,170,189,deletion
P01732-3,P01732,0.574586131,85.14492754,,,insertion
Q9ULB1-3,Q9ULB1,0.79421883,49.63211426,259,1239,substitution
Q9BXJ1-2,Q9BXJ1,0.685508929,96.56357388,,,insertion
Q9NRS6-2,Q9NRS6,0.472489003,74.56140351,222,308,substitution
Q9GZN2-2,Q9GZN2,0.266665733,25.86206897,65,237,substitution
Q8N884-2,Q8N884,0.632865855,85.05747126,445,522,substitution
Q86TI4-1,Q86TI4,0.857748757,76.57841141,,,insertion
Q6PD74-2,Q6PD74,0.370918259,65.3968254,2,110,deletion
P18847-4,P18847,0.361861438,50.0,14,181,substitution
P31483-2,P31483,0.559049639,96.89119171,93,104,substitution
P08621-2,P08621,0.587666675,97.94050343,223,231,deletion
Q8N2Z9-2,Q8N2Z9,0.633299255,60.60606061,93,138,substitution
Q5T5M9-3,Q5T5M9,0.706959993,97.12793734,,,insertion
Q9BXY5-3,Q9BXY5,0.553335789,52.6032316,2,316,substitution
Q07866-7,Q07866,0.566804733,92.54237288,542,573,substitution
P62508-5,P62508,0.504605887,92.64705882,2,234,substitution
Q03060-29,Q03060,0.446768835,33.62318841,2,232,substitution
Q9H3U5-5,Q9H3U5,0.663441902,79.96108949,2,110,substitution
O95990-2,O95990,0.306083127,72.15189873,110,144,substitution
Q6UWZ7-2,Q6UWZ7,0.645965354,73.34963325,2,110,deletion
Q13491-3,Q13491,0.848046839,86.8852459,,,insertion
Q9GZU3-4,Q9GZU3,0.64604359,59.55284553,2,200,deletion
Q13190-3,Q13190,0.774816222,70.42253521,2,355,substitution
P0DPB3-4,P0DPB3,0.469956353,48.45995893,2,253,substitution
Q8TAX9-6,Q8TAX9,0.958038993,98.78345499,234,242,deletion
P0CAP2-2,P0CAP2,0.19301029,57.33695652,39,195,deletion
Q9NZS2-4,Q9NZS2,0.397706955,26.27118644,62,231,substitution
Q9HBU9-2,Q9HBU9,0.698950206,88.77284595,337,364,substitution
Q96PU9-3,Q96PU9,0.21673975,81.49606299,179,225,deletion
Q93038-4,Q93038,0.56375269,49.29577465,200,416,substitution
Q9P0V9-2,Q9P0V9,0.781345562,89.26441352,450,454,substitution
O15519-9,O15519,0.535061126,47.08249497,203,480,substitution
Q99816-2,Q99816,0.466485824,73.07692308,15,119,deletion
Q8WVD3-2,Q8WVD3,0.539812609,61.63265306,38,131,deletion
Q9NTX5-5,Q9NTX5,0.518203546,37.96296296,3,307,substitution
Q7L513-14,Q7L513,0.393271313,58.24468085,2,166,substitution
P31483-3,P31483,0.381360001,49.62025316,195,386,substitution
Q86Y07-4,Q86Y07,0.565365305,76.77165354,2,119,deletion
P78310-7,P78310,0.533367706,88.49315068,191,232,substitution
Q9UIB8-7,Q9UIB8,0.520784393,61.44927536,16,271,substitution
Q8WWB5-2,Q8WWB5,0.54532606,86.98412698,272,315,substitution
Q9NWD8-2,Q9NWD8,0.529383344,63.69426752,200,314,substitution
Q5BJH7-3,Q5BJH7,0.764150124,99.04458599,17,19,deletion
O15392-3,O15392,0.635111942,44.44444444,74,142,substitution
O75461-3,O75461,0.826166507,87.54448399,2,36,substitution
Q9UQB8-3,Q9UQB8,0.541937259,92.75362319,513,552,deletion
P26378-2,P26378,0.720350202,94.54545455,2,276,substitution
Q96LW4-2,Q96LW4,0.652813344,99.82142857,366,366,deletion
O15527-5,O15527,0.7713086,63.46153846,250,345,substitution
O60828-5,O60828,0.322843425,62.26415094,70,169,deletion
Q8NG50-2,Q8NG50,0.747190505,86.94158076,2,32,substitution
Q5BN46-2,Q5BN46,0.514277844,55.79710145,75,136,substitution
Q6NT04-2,Q6NT04,0.617910723,91.98542805,505,549,substitution
Q9H3Z4-2,Q9H3Z4,0.595579389,82.82828283,165,198,substitution
Q92915-2,Q92915,0.707659944,71.27272727,2,64,substitution
Q9Y3V2-2,Q9Y3V2,0.583457905,71.91011236,192,267,substitution
Q99640-3,Q99640,0.664882389,98.19639279,2,10,deletion
O15488-4,O15488,0.695288737,85.82834331,378,448,deletion
Q9Y2C4-2,Q9Y2C4,0.563417402,27.5862069,3,368,substitution
Q06265-3,Q06265,0.683616187,80.86560364,2,85,deletion
Q8WU68-3,Q8WU68,0.634888193,82.27272727,45,83,deletion
Q8N413-4,Q8N413,0.681965292,91.66666667,28,51,deletion
O75346-2,O75346,0.614002985,84.76953908,2,77,deletion
Q9H040-3,Q9H040,0.530716015,40.28629857,108,489,substitution
Q8NCR3-2,Q8NCR3,0.618233893,70.56962025,28,313,substitution
Q13561-2,Q13561,0.204916428,98.76847291,,,insertion
Q13133-2,Q13133,0.484003523,86.57718121,237,296,deletion
Q8IY95-2,Q8IY95,0.675687365,96.67896679,2,9,substitution
Q9NXF8-2,Q9NXF8,0.823048577,89.27536232,,,insertion
P13646-2,P13646,0.387499311,74.45414847,65,458,substitution
Q8TCX1-5,Q8TCX1,0.489301245,32.76353276,108,351,substitution
P24530-2,P24530,0.824915143,89.11111111,399,442,substitution
Q7L5Y1-3,Q7L5Y1,0.4358126,14.02061856,65,443,substitution
Q9BZJ4-2,Q9BZJ4,0.927570288,97.49303621,64,72,substitution
Q9UHK6-4,Q9UHK6,0.529640262,37.8516624,132,382,substitution
Q99836-6,Q99836,0.738932905,97.36842105,,,insertion
P36896-3,P36896,0.615576414,79.81481481,422,505,substitution
Q6UX01-5,Q6UX01,0.766990164,74.74541752,363,489,substitution
Q15776-2,Q15776,0.431662839,24.48979592,142,578,substitution
P25189-2,P25189,0.771534856,79.74276527,,,insertion
O75387-2,O75387,0.9070201,91.59369527,513,559,substitution
Q96AQ7-2,Q96AQ7,0.489120826,68.90756303,2,75,deletion
Q9NTX5-4,Q9NTX5,0.458787362,14.81481481,2,307,substitution
P04070-2,P04070,0.64137946,89.34108527,2,133,substitution
Q96AJ1-2,Q96AJ1,0.309441778,59.8062954,2,167,deletion
Q5R372-3,Q5R372,0.544727062,98.54897219,,,insertion
Q8WZ73-3,Q8WZ73,0.371483944,90.08264463,198,303,substitution
Q9NPA1-2,Q9NPA1,0.82608389,91.90140845,2,22,substitution
A4GXA9-2,A4GXA9,0.61553522,54.14507772,2,190,substitution
P25445-6,P25445,0.409495356,93.73134328,169,189,deletion
Q70Z53-2,Q70Z53,0.52171557,87.3015873,276,315,substitution
O00744-2,O00744,0.422637713,45.50128535,172,389,substitution
O95866-6,O95866,0.596137058,77.51004016,181,241,substitution
P49682-2,P49682,0.86979586,87.71084337,2,4,substitution
Q9HD47-3,Q9HD47,0.816700809,62.06896552,119,186,substitution
O95297-2,O95297,0.589346228,99.62825279,42,42,deletion
P07510-2,P07510,0.793841685,89.74854932,117,169,substitution
Q13946-3,Q13946,0.67575825,86.54244306,416,482,substitution
Q9BY41-6,Q9BY41,0.458856477,34.82849604,56,377,substitution
Q8WYQ4-2,Q8WYQ4,0.785844295,73.85620915,84,148,substitution
O15519-7,O15519,0.584018607,64.92985972,2,480,substitution
Q7Z4N8-3,Q7Z4N8,0.921666976,82.83828383,490,544,substitution
P26436-11,P26436,0.324403187,30.56603774,42,225,deletion
Q96IK1-2,Q96IK1,0.399164042,65.24064171,122,184,substitution
Q6ZMJ2-4,Q6ZMJ2,0.323823111,54.54545455,81,305,deletion
P48546-3,P48546,0.775862851,92.27467811,58,93,deletion
O75586-2,O75586,0.508663599,97.23320158,,,insertion
Q3KQZ1-2,Q3KQZ1,0.929452954,90.3654485,269,300,substitution
Q9HC21-2,Q9HC21,0.739482344,82.1875,97,153,deletion
P61960-2,P61960,0.80587142,65.42056075,2,20,substitution
Q6UX07-3,Q6UX07,0.694393648,78.51458886,44,124,deletion
Q8N6K7-2,Q8N6K7,0.289254259,41.92307692,219,520,substitution
P35372-4,P35372,0.822762455,95.57739558,389,400,substitution
Q5HYJ3-2,Q5HYJ3,0.630171032,68.14159292,231,339,substitution
Q9NR28-3,Q9NR28,0.811023858,81.58995816,62,105,deletion
O43148-2,O43148,0.757116981,92.26190476,465,476,substitution
Q8IZ96-14,Q8IZ96,0.215557189,17.15976331,28,169,substitution
O14733-4,O14733,0.911398853,98.35680751,,,insertion
P54284-3,P54284,0.872413555,96.90082645,2,15,substitution
O00322-2,O00322,0.614721053,75.94501718,217,258,substitution
Q9BWU1-2,Q9BWU1,0.684702101,88.04780876,2,61,deletion
P09496-5,P09496,0.343879587,66.93548387,75,192,substitution
Q9BXJ2-2,Q9BXJ2,0.671369067,97.63513514,,,insertion
Q9UNP9-3,Q9UNP9,0.546146899,89.7515528,280,301,substitution
O95292-2,O95292,0.62273822,30.86419753,71,243,substitution
Q99784-2,Q99784,0.322905706,31.34020619,153,485,substitution
Q9NX14-2,Q9NX14,0.688018452,93.86503067,,,insertion
Q9UJW2-2,Q9UJW2,0.544972926,69.95798319,120,300,substitution
Q9Y286-2,Q9Y286,0.459066342,79.87152034,145,238,substitution
Q5JW98-2,Q5JW98,0.432035391,40.76433121,2,187,deletion
Q8TAC9-2,Q8TAC9,0.865935132,96.70781893,,,insertion
Q8IVS8-2,Q8IVS8,0.536188723,33.69369369,179,523,substitution
Q5JS13-2,Q5JS13,0.637675447,82.64604811,347,557,substitution
Q14232-2,Q14232,0.757151582,57.32899023,162,305,substitution
Q9UBK7-3,Q9UBK7,0.862657222,95.79831933,,,insertion
O15530-5,O15530,0.645797136,80.57553957,448,556,substitution
Q96BR6-2,Q96BR6,0.696838665,81.25,2,87,deletion
Q6UX04-2,Q6UX04,0.473572693,81.3559322,385,472,substitution
Q9UHI5-3,Q9UHI5,0.642990226,52.23880597,2,263,substitution
P43115-7,P43115,0.862385855,90.54726368,360,390,substitution
Q8N9K5-2,Q8N9K5,0.648278955,92.57884972,2,41,deletion
Q96DZ7-2,Q96DZ7,0.614653145,87.55980861,72,97,deletion
P34810-3,P34810,0.648151842,92.37288136,17,43,deletion
Q8TCX1-4,Q8TCX1,0.643431226,49.16201117,170,351,substitution
Q96AB3-3,Q96AB3,0.699026958,65.85365854,47,116,deletion
Q9UKJ1-3,Q9UKJ1,0.529428521,75.90759076,152,224,deletion
O14757-3,O14757,0.660330051,92.85714286,412,445,deletion
O00499-4,O00499,0.624491051,80.10118044,174,421,substitution
Q9ULR0-1,Q9ULR0,0.567367475,85.80060423,285,285,substitution
Q03936-2,Q03936,0.73299064,88.22525597,2,70,deletion
Q96P71-2,Q96P71,0.54210976,91.41414141,242,275,deletion
Q53HC0-2,Q53HC0,0.571944877,94.86404834,2,18,deletion
O96017-8,O96017,0.353638549,51.55393053,283,543,substitution
Q9H4W6-2,Q9H4W6,0.573418661,92.28187919,252,557,substitution
Q13291-3,Q13291,0.647317484,91.04477612,234,263,deletion
P52757-6,P52757,0.625288682,44.65811966,2,377,substitution
Q5TBC7-2,Q5TBC7,0.28039642,26.47058824,44,163,substitution
Q9UJU6-2,Q9UJU6,0.393204486,99.76798144,,,insertion
O00258-2,O00258,0.530881206,80.45977011,3,36,deletion
Q9NZH0-2,Q9NZH0,0.787513207,96.07843137,390,403,substitution
Q9GZT8-3,Q9GZT8,0.474837509,66.4021164,243,377,substitution
P41235-2,P41235,0.766636168,97.67932489,418,428,substitution
O75121-3,O75121,0.299254671,24.44987775,101,409,substitution
Q9NYN1-2,Q9NYN1,0.841244194,84.83754513,2,34,substitution
P35249-2,P35249,0.771036646,73.45844504,269,363,substitution
Q86TP1-6,Q86TP1,0.273511846,37.08609272,2,311,substitution
Q92564-3,Q92564,0.685467708,84.22619048,2,9,substitution
Q6UX01-4,Q6UX01,0.870446119,88.8,2,52,substitution
Q8NCL8-3,Q8NCL8,0.673871436,76.54723127,2,13,substitution
Q96LA5-5,Q96LA5,0.356691103,39.76377953,104,486,substitution
Q6FI81-3,Q6FI81,0.551157333,95.51282051,53,66,substitution
Q5FWF6-2,Q5FWF6,0.665255035,77.64705882,2,96,deletion
P07288-2,P07288,0.747065351,78.75457875,211,261,substitution
Q9UKA8-2,Q9UKA8,0.426350426,95.85062241,124,133,deletion
O00305-2,O00305,0.792164664,89.7338403,2,49,substitution
Q9UJ41-3,Q9UJ41,0.555503216,92.46704331,,,insertion
Q5HYJ3-3,Q5HYJ3,0.635023953,67.84660767,231,339,substitution
Q8N0U4-3,Q8N0U4,0.694082704,70.15306122,71,187,deletion
Q6BAA4-3,Q6BAA4,0.576523448,49.4199536,11,426,substitution
Q86UN6-2,Q86UN6,0.374397463,69.54314721,88,147,deletion
Q86YT9-4,Q86YT9,0.619539793,90.10152284,2,40,deletion
P62633-3,P62633,0.52659146,94.35028249,42,51,deletion
Q9H6X2-5,Q9H6X2,0.668717679,93.26241135,525,560,deletion
P35372-7,P35372,0.784453376,96.0591133,389,400,substitution
Q8NCR0-2,Q8NCR0,0.474683911,51.94085028,38,500,substitution
Q13188-2,Q13188,0.827313846,93.06358382,2,8,substitution
O95760-4,O95760,0.633744953,52.96296296,31,157,substitution
Q9H633-4,Q9H633,0.750262382,95.0617284,,,insertion
P54829-3,P54829,0.588905526,95.75221239,2,25,deletion
P34998-4,P34998,0.76844693,90.31531532,356,369,deletion
Q8WV16-5,Q8WV16,0.895298146,98.38709677,270,335,substitution
Q5TKA1-3,Q5TKA1,0.543970643,93.54243542,54,88,deletion
Q9Y466-2,Q9Y466,0.803554688,88.94117647,2,9,substitution
Q6W5P4-2,Q6W5P4,0.670885889,82.21024259,94,159,deletion
O43679-2,O43679,0.69332726,81.50134048,298,373,substitution
Q9NNX6-6,Q9NNX6,0.610036558,94.05940594,36,59,deletion
P08697-2,P08697,0.803112018,86.38211382,56,122,substitution
P21583-2,P21583,0.667785645,89.37728938,174,202,substitution
Q9UHI7-3,Q9UHI7,0.417388418,43.31103679,92,430,deletion
Q9UBL9-3,Q9UBL9,0.796088544,94.9044586,104,127,deletion
O96008-2,O96008,0.811337027,87.60330579,317,361,substitution
Q93062-5,Q93062,0.553920861,77.55102041,133,176,deletion
P35236-3,P35236,0.833856627,77.41935484,,,insertion
P45379-9,P45379,0.343777197,86.91275168,99,137,deletion
Q8TCT9-5,Q8TCT9,0.767372628,88.85941645,181,222,deletion
O14730-2,O14730,0.685895757,99.42196532,449,451,deletion
Q96NL0-4,Q96NL0,0.532420832,86.04651163,80,385,substitution
Q8IZN3-2,Q8IZN3,0.730400921,96.92622951,357,371,deletion
Q8IUH3-3,Q8IUH3,0.476654202,99.57983193,225,226,deletion
O75771-8,O75771,0.743655401,83.42696629,49,88,substitution
Q9UNZ2-5,Q9UNZ2,0.763440496,99.46236559,,,insertion
Q8WUB8-3,Q8WUB8,0.38881188,90.562249,2,48,deletion
Q14406-2,Q14406,0.885621837,89.63963964,64,86,deletion
Q8WXI3-2,Q8WXI3,0.762455144,91.86295503,369,406,deletion
P49682-3,P49682,0.543664718,52.95566502,210,368,substitution
Q8NEZ2-3,Q8NEZ2,0.495831038,37.40648379,140,397,substitution
Q6ZTI6-2,Q6ZTI6,0.331855185,62.5,2,82,deletion
Q02641-3,Q02641,0.694543971,73.37662338,445,598,substitution
P18577-13,P18577,0.618206615,39.08872902,163,409,deletion
O95944-3,O95944,0.493358982,76.816609,216,276,substitution
P51572-2,P51572,0.807709328,78.5942492,,,insertion
Q5QP82-2,Q5QP82,0.743057504,93.38103757,352,388,deletion
P30542-2,P30542,0.386525572,35.25835866,115,326,substitution
Q8WV16-3,Q8WV16,0.802118133,87.5,118,269,substitution
Q5JW98-3,Q5JW98,0.385160576,54.45859873,2,144,deletion
Q7Z5Y7-2,Q7Z5Y7,0.512869164,60.14319809,54,220,substitution
P26436-9,P26436,0.553617755,56.22641509,43,159,substitution
O95760-3,O95760,0.658837844,84.44444444,74,115,deletion
P62820-2,P62820,0.630275788,68.7804878,33,96,deletion
Q9BV35-3,Q9BV35,0.574007563,76.26168224,162,468,substitution
Q9UQB8-4,Q9UQB8,0.634334822,93.11594203,512,552,substitution
Q12981-1,Q12981,0.460449085,84.13284133,,,insertion
Q9BST9-3,Q9BST9,0.768765631,91.11900533,2,51,deletion
Q9UNT1-3,Q9UNT1,0.907415847,95.79831933,,,insertion
Q15131-6,Q15131,0.562164365,36.55913978,48,360,substitution
P26368-2,P26368,0.545875707,99.15789474,345,348,deletion
Q6ZMN8-3,Q6ZMN8,0.760503152,99.72972973,,,insertion
P54219-3,P54219,0.591710285,93.9047619,308,339,deletion
Q99704-2,Q99704,0.452849372,31.38832998,153,481,substitution
P54274-2,P54274,0.596622815,95.44419134,296,315,deletion
Q13322-4,Q13322,0.781115099,97.48322148,2,17,substitution
Q8N988-2,Q8N988,0.74647396,98.37209302,,,insertion
P11229-2,P11229,0.773670196,98.69565217,455,460,deletion
Q8WUG5-2,Q8WUG5,0.92692423,96.46840149,499,517,substitution
Q8N2G4-4,Q8N2G4,0.482335634,63.12056738,2,53,deletion
P50539-4,P50539,0.517955685,79.8245614,2,77,substitution
Q9NQ55-2,Q9NQ55,0.835534778,97.25158562,444,456,deletion
P24666-4,P24666,0.682972248,54.71698113,78,158,substitution
P34998-3,P34998,0.74216882,84.23423423,41,81,substitution
Q16854-4,Q16854,0.559118692,54.51263538,49,236,substitution
Q99836-4,Q99836,0.489033249,36.92810458,110,296,substitution
Q96M60-2,Q96M60,0.240791046,59.84251969,216,508,substitution
Q8IZM9-2,Q8IZM9,0.895040245,83.36520076,431,455,substitution
Q9GZS1-1,Q9GZS1,0.749863456,81.9301848,2,25,substitution
Q9H898-2,Q9H898,0.522554145,66.81222707,117,192,deletion
Q92843-2,Q92843,0.631510511,48.20359281,145,193,substitution
Q8N0U4-2,Q8N0U4,0.410313723,36.73469388,145,392,deletion
O15260-3,O15260,0.476740075,44.60966543,120,269,substitution
Q9NVV4-2,Q9NVV4,0.817149552,74.68879668,3,52,substitution
Q96K49-2,Q96K49,0.826839491,99.81981982,167,167,deletion
P45379-12,P45379,0.351782657,85.5704698,55,203,substitution
P49238-4,P49238,0.882133586,91.73126615,,,insertion
Q9P2A4-2,Q9P2A4,0.368487004,98.36065574,90,95,deletion
P46108-2,P46108,0.538417698,66.77631579,204,304,substitution
Q9UNZ2-6,Q9UNZ2,0.608606988,67.02702703,2,124,substitution
P09496-3,P09496,0.413696904,95.16129032,181,192,deletion
Q8WXF8-2,Q8WXF8,0.448017609,98.46625767,146,150,deletion
Q9NRY2-2,Q9NRY2,0.515794284,40.38461538,43,104,substitution
Q9ULK6-2,Q9ULK6,0.441115674,90.4109589,204,245,deletion
Q9Y6J8-5,Q9Y6J8,0.483822208,32.38993711,103,313,substitution
O75900-3,O75900,0.586970264,93.97590361,,,insertion
Q9Y603-8,Q9Y603,0.534479961,55.71847507,2,152,deletion
O43598-2,O43598,0.634828937,68.08510638,126,174,substitution
P18507-3,P18507,0.831070305,90.48543689,211,211,substitution
Q9NZH6-3,Q9NZH6,0.719909902,81.19266055,49,89,substitution
Q32NB8-4,Q32NB8,0.27700488,8.633093525,49,556,substitution
Q13508-3,Q13508,0.73340101,97.1722365,324,334,deletion
P10747-2,P10747,0.346211038,45.90909091,19,137,deletion
Q9UHP7-5,Q9UHP7,0.39668892,63.87434555,120,191,substitution
P19878-4,P19878,0.372269471,84.60076046,124,204,deletion
Q96CA5-2,Q96CA5,0.462812781,93.95973154,218,235,deletion
Q96Q40-3,Q96Q40,0.751644689,91.95402299,401,435,deletion
Q9UK58-6,Q9UK58,0.693708117,79.27756654,411,526,substitution
Q5SR56-2,Q5SR56,0.739477133,54.24710425,2,506,substitution
Q495Y8-2,Q495Y8,0.571657005,64.17910448,2,145,deletion
Q9NSE2-2,Q9NSE2,0.771721938,93.6802974,2,7,substitution
Q8TCW7-2,Q8TCW7,0.44159648,96.28770302,,,insertion
Q15555-2,Q15555,0.610271044,77.43902439,252,327,substitution
Q86X27-3,Q86X27,0.603676229,95.54030875,416,441,deletion
Q93086-5,Q93086,0.768029824,94.31279621,97,349,substitution
Q5SSG8-3,Q5SSG8,0.665409159,73.49823322,188,337,deletion
P55773-2,P55773,0.56511663,86.86131387,46,46,substitution
P35372-5,P35372,0.745333014,91.54929577,389,400,substitution
Q9H2L5-4,Q9H2L5,0.340775254,32.71028037,95,321,substitution
Q01196-5,Q01196,0.497502656,37.44855967,178,453,substitution
Q96LW2-3,Q96LW2,0.580910106,65.85365854,271,410,substitution
Q5SZJ8-2,Q5SZJ8,0.393061303,35.68904594,100,279,substitution
Q9Y6I7-3,Q9Y6I7,0.625802426,56.53206651,239,421,substitution
Q6FI81-2,Q6FI81,0.356009668,34.61538462,2,205,deletion
Q9NWV8-2,Q9NWV8,0.598135942,45.85798817,2,329,substitution
Q9NR12-2,Q9NR12,0.734930711,91.46608315,94,133,substitution
P07992-2,P07992,0.523122101,91.91919192,235,258,deletion
Q8NFG4-2,Q8NFG4,0.535422995,52.40549828,291,579,substitution
Q8TD46-2,Q8TD46,0.544885234,41.62011173,174,347,substitution
Q6UXG3-5,Q6UXG3,0.690349856,79.21686747,127,332,substitution
O60637-2,O60637,0.600412434,90.11857708,86,110,deletion
Q6P3W2-2,Q6P3W2,0.701176818,55.70469799,84,149,substitution
Q8TBF2-6,Q8TBF2,0.796720911,81.46341463,130,164,substitution
Q9HD23-2,Q9HD23,0.79244595,91.87358916,408,443,substitution
Q5J8X5-2,Q5J8X5,0.475218202,73.68421053,63,102,deletion
P43115-11,P43115,0.821159581,85.64705882,360,390,substitution
Q6KCM7-3,Q6KCM7,0.775683615,82.9787234,2,125,substitution
Q8NFV4-3,Q8NFV4,0.332779146,30.47619048,88,306,substitution
Q7L513-11,Q7L513,0.396318649,59.30851064,2,166,substitution
Q6P093-3,Q6P093,0.271869844,11.3022113,47,401,substitution
Q8NCB2-3,Q8NCB2,0.66097749,93.81237525,352,382,deletion
Q9Y587-4,Q9Y587,0.673756397,57.45856354,103,144,substitution
Q96HJ5-3,Q96HJ5,0.536269471,42.52336449,2,124,deletion
Q92785-2,Q92785,0.263135674,52.94117647,156,339,deletion
Q9ULB1-2,Q9ULB1,0.796521721,53.13674812,379,1375,substitution
Q92851-5,Q92851,0.398959062,91.74664107,229,271,deletion
P39905-3,P39905,0.465962357,92.54385965,,,insertion
Q8N819-2,Q8N819,0.649147131,50.30674847,2,430,substitution
Q9BYV6-2,Q9BYV6,0.69160597,82.48175182,413,508,deletion
Q9NR50-2,Q9NR50,0.925693479,87.74617068,402,452,substitution
Q9UQB8-5,Q9UQB8,0.522019928,92.93478261,512,552,substitution
O96017-12,O96017,0.570329678,94.65930018,337,365,deletion
Q9NUL3-4,Q9NUL3,0.311460244,50.87719298,2,569,substitution
Q99593-2,Q99593,0.590534537,64.86486486,328,518,substitution
P18847-2,P18847,0.275820185,63.5359116,116,181,substitution
P57087-2,P57087,0.755114937,87.91946309,45,80,deletion
Q14296-3,Q14296,0.647172994,95.08196721,202,228,deletion
Q16671-3,Q16671,0.464279061,83.42059337,381,475,deletion
P54829-2,P54829,0.628010992,94.33628319,99,130,deletion
B7ZAQ6-2,B7ZAQ6,0.689524757,73.62637363,2,121,deletion
P15622-3,P15622,0.687121199,99.10714286,15,19,deletion
Q9BQC3-2,Q9BQC3,0.509711324,53.37423313,162,389,deletion
Q8N8S7-3,Q8N8S7,0.551573371,90.18612521,268,533,substitution
Q96G74-4,Q96G74,0.523808739,61.12084063,2,308,substitution
Q6BAA4-2,Q6BAA4,0.581427823,51.04408353,193,426,substitution
Q15109-2,Q15109,0.702597092,64.66512702,54,404,substitution
O43521-7,O43521,0.388345245,39.39393939,42,198,substitution
P54284-4,P54284,0.90061771,96.53061224,2,15,substitution
P31350-2,P31350,0.847039672,86.63697105,,,insertion
Q9UHW5-3,Q9UHW5,0.878863526,83.33333333,2,16,substitution
A5X5Y0-6,A5X5Y0,0.840309066,82.421875,2,129,substitution
Q9H4X1-2,Q9H4X1,0.381836652,85.40145985,6,25,deletion
Q8IUK5-4,Q8IUK5,0.711033799,80.47808765,2,358,substitution
Q5BJH2-2,Q5BJH2,0.793932135,78.82352941,2,32,substitution
Q9HD26-3,Q9HD26,0.560625415,66.23376623,305,462,substitution
Q8WW01-2,Q8WW01,0.631319108,70.76023392,120,171,substitution
Q14106-2,Q14106,0.457317069,71.22093023,245,344,substitution
Q9UKW6-4,Q9UKW6,0.534047239,60.0,2,146,substitution
Q9UQB8-6,Q9UQB8,0.637801154,92.94755877,357,552,substitution
Q8N690-2,Q8N690,0.487022093,39.36170213,21,84,substitution
P41586-4,P41586,0.904398878,90.12096774,89,348,substitution
Q68G75-2,Q68G75,0.467537977,14.91712707,28,181,substitution
Q96LL3-2,Q96LL3,0.443941207,63.44827586,2,43,substitution
O95990-4,O95990,0.285822426,82.28571429,,,insertion
O00499-3,O00499,0.646412167,85.32883642,335,421,deletion
Q8N8M0-2,Q8N8M0,0.338009341,28.99728997,105,369,substitution
Q8NFH5-3,Q8NFH5,0.47459771,58.58895706,2,136,deletion
Q92564-2,Q92564,0.645060927,88.01369863,206,240,deletion
Q9NS23-2,Q9NS23,0.904927688,98.54651163,84,88,substitution
Q9NPJ6-2,Q9NPJ6,0.584374464,82.96296296,2,47,deletion
Q5DX21-2,Q5DX21,0.668943523,96.32183908,2,17,substitution
Q8NBN3-3,Q8NBN3,0.79310687,87.74774775,3,69,substitution
Q9H3M7-2,Q9H3M7,0.635969678,77.94486216,2,83,substitution
Q12800-3,Q12800,0.512308149,89.84063745,189,239,deletion
O95866-5,O95866,0.557983905,81.74273859,137,180,deletion
P49023-4,P49023,0.562965188,71.7428088,2,311,substitution
Q9H160-2,Q9H160,0.348269439,80.35714286,2,58,substitution
Q9H6Q3-2,Q9H6Q3,0.682668768,69.7761194,179,261,substitution
Q9NR12-6,Q9NR12,0.351160059,43.07359307,191,457,substitution
Q9Y2E8-2,Q9Y2E8,0.905960803,97.319933,,,insertion
Q14188-6,Q14188,0.447479768,75.88495575,2,103,substitution
Q14206-2,Q14206,0.458947882,70.51792829,2,28,substitution
Q7L2H7-2,Q7L2H7,0.773787817,61.21372032,15,146,deletion
Q8TBM8-2,Q8TBM8,0.526337718,71.79487179,2,102,substitution
Q08648-5,Q08648,0.235868738,6.896551724,2,103,substitution
Q86U70-2,Q86U70,0.663216198,91.24087591,2,37,deletion
Q9NR12-5,Q9NR12,0.35460823,41.79431072,192,457,deletion
Q96HL8-5,Q96HL8,0.530411968,28.65497076,98,342,substitution
P43626-2,P43626,0.617516548,92.78074866,239,239,substitution
O43699-3,O43699,0.659861337,96.24724062,236,252,substitution
P15170-2,P15170,0.801444871,78.17896389,2,8,substitution
O00451-3,O00451,0.654186084,77.37068966,14,118,deletion
O75908-4,O75908,0.478490386,55.93869732,289,521,substitution
P42081-5,P42081,0.572008452,65.95744681,22,133,deletion
Q9UNL2-2,Q9UNL2,0.806534349,93.43434343,,,insertion
Q9NPB6-2,Q9NPB6,0.793850551,99.71098266,96,96,deletion
P54252-1,P54252,0.620501316,91.08108108,332,361,substitution
Q9Y6K9-2,Q9Y6K9,0.461253714,86.03696099,,,insertion
Q9UK53-4,Q9UK53,0.322072114,55.21327014,2,189,substitution
Q99755-2,Q99755,0.832044352,88.96797153,30,504,substitution
Q13309-2,Q13309,0.723068817,82.28699552,355,424,substitution
P55327-8,P55327,0.313269705,60.17316017,136,224,substitution
Q8IUK5-2,Q8IUK5,0.656381527,66.73306773,331,500,substitution
Q9UQ07-4,Q9UQ07,0.329030671,15.13002364,2,419,substitution
P22692-2,P22692,0.494941777,61.24031008,2,101,deletion
P07602-2,P07602,0.580180697,99.61977186,,,insertion
Q5VXU1-2,Q5VXU1,0.865535523,74.42922374,159,208,substitution
P43897-4,P43897,0.6413349,57.73809524,192,325,substitution
Q9NR81-3,Q9NR81,0.818569809,92.19330855,2,32,substitution
Q12800-2,Q12800,0.431488502,89.64143426,189,491,substitution
Q9NX61-2,Q9NX61,0.674675389,78.49686848,96,198,deletion
P21757-3,P21757,0.427859019,85.80931264,345,408,substitution
Q99674-2,Q99674,0.382509125,37.73584906,115,318,substitution
Q6P597-2,Q6P597,0.525974507,99.8015873,164,164,deletion
Q5R3K3-2,Q5R3K3,0.538050409,44.44444444,2,175,substitution
Q5EBL8-2,Q5EBL8,0.774318544,81.28654971,,,insertion
O95944-2,O95944,0.474276731,73.42192691,177,276,substitution
P26378-1,P26378,0.667486765,98.18181818,2,7,substitution
A6NDV4-2,A6NDV4,0.683033957,61.55462185,274,472,substitution
Q96EZ8-2,Q96EZ8,0.437334511,96.63157895,2,3,substitution
P09466-2,P09466,0.670327684,87.77777778,33,54,deletion
P23763-2,P23763,0.809654799,95.76271186,114,118,substitution
Q9BRG2-2,Q9BRG2,0.636640742,72.81713344,2,423,substitution
O43581-2,O43581,0.672007615,84.30962343,,,insertion
Q9UKA8-3,Q9UKA8,0.498091571,55.10204082,124,241,substitution
Q7Z7C8-2,Q7Z7C8,0.375211662,98.71382637,308,310,substitution
P56856-2,P56856,0.845174447,91.95402299,2,69,substitution
Q5J8X5-3,Q5J8X5,0.526059421,61.18421053,44,102,deletion
Q8N5C7-3,Q8N5C7,0.321841096,29.11392405,89,304,substitution
O14733-2,O14733,0.849319031,90.69264069,,,insertion
P24001-2,P24001,0.728206871,80.34188034,19,64,deletion
Q9Y3E7-4,Q9Y3E7,0.421856131,81.98198198,74,113,deletion
Q13239-3,Q13239,0.84336631,94.19795222,,,insertion
Q14094-2,Q14094,0.654760599,86.07594937,2,38,substitution
Q5VX71-4,Q5VX71,0.432411196,36.41618497,186,490,substitution
Q96NL0-3,Q96NL0,0.408914789,34.88372093,2,385,substitution
Q96K19-5,Q96K19,0.284171213,42.08494208,109,258,substitution
Q969G3-3,Q969G3,0.318535926,82.96836983,2,71,deletion
P58335-4,P58335,0.68585552,97.35234216,477,489,substitution
Q9UBL9-5,Q9UBL9,0.706911613,80.4670913,36,127,deletion
Q92993-3,Q92993,0.745929991,93.22344322,,,insertion
Q5T124-4,Q5T124,0.494960782,92.69230769,2,39,deletion
P51911-2,P51911,0.470100859,92.92929293,2,21,deletion
Q16653-4,Q16653,0.449877013,53.03643725,30,145,deletion
Q03060-28,Q03060,0.459104861,40.0,3,244,substitution
O14979-3,O14979,0.406840544,58.0952381,3,397,substitution
Q07812-2,Q07812,0.818927979,74.88789238,159,192,substitution
Q5HYL7-3,Q5HYL7,0.584046142,48.31460674,2,178,substitution
Q96HC4-3,Q96HC4,0.336480636,29.58677686,98,596,substitution
P09496-2,P09496,0.424255093,87.90322581,163,192,deletion
Q3YBR2-2,Q3YBR2,0.567600924,54.98783455,2,197,substitution
Q9NPH5-7,Q9NPH5,0.324526901,8.981001727,52,577,substitution
Q9UJU6-6,Q9UJU6,0.296582312,88.39907193,111,234,substitution
Q59EK9-2,Q59EK9,0.521572233,88.59060403,75,446,substitution
O00305-3,O00305,0.785838962,95.96153846,2,21,substitution
Q01085-2,Q01085,0.629731663,95.66326531,,,insertion
P54252-5,P54252,0.177941835,50.41551247,2,180,deletion
Q8TAV0-3,Q8TAV0,0.645301659,89.73607038,49,49,substitution
Q15019-2,Q15019,0.758092415,91.16161616,,,insertion
Q6UX46-2,Q6UX46,0.535723374,59.86842105,18,152,substitution
P10646-2,P10646,0.539908246,63.39285714,210,304,substitution
Q5JXA9-3,Q5JXA9,0.448387991,71.34502924,54,151,deletion
Q8NEZ5-2,Q8NEZ5,0.234230812,11.41439206,47,403,deletion
O14593-3,O14593,0.624994622,91.15384615,91,113,substitution
P56159-2,P56159,0.917031297,98.92473118,140,144,deletion
O14524-2,O14524,0.453496933,83.55855856,110,182,deletion
P09497-2,P09497,0.392159078,92.13973799,156,173,deletion
Q0VAK6-2,Q0VAK6,0.515432304,61.78571429,2,559,substitution
Q96QE5-4,Q96QE5,0.400377296,46.38888889,166,359,substitution
Q9NW64-2,Q9NW64,0.749252849,88.33333333,43,91,deletion
P35348-3,P35348,0.804406233,90.77253219,424,466,substitution
P60006-2,P60006,0.323456907,96.8,,,insertion
Q15070-2,Q15070,0.765557225,95.40229885,2,21,substitution
P09496-4,P09496,0.391148778,92.33870968,162,180,substitution
O95947-2,O95947,0.622193344,63.28828829,281,435,substitution
P25791-3,P25791,0.778544899,69.60352423,,,insertion
Q2KHT4-3,Q2KHT4,0.753184799,93.40974212,109,131,deletion
P12872-2,P12872,0.370240425,91.30434783,106,113,substitution
Q6UY09-4,Q6UY09,0.597938611,82.38255034,344,537,substitution
A6NNP5-4,A6NNP5,0.433516353,77.17842324,183,214,substitution
Q9NQ30-2,Q9NQ30,0.55325086,72.82608696,101,150,deletion
Q96I82-2,Q96I82,0.515098061,64.74358974,182,304,substitution
Q8IZP1-2,Q8IZP1,0.649888656,45.37521815,255,549,substitution
Q9UKA8-6,Q9UKA8,0.339634375,48.13278008,2,126,deletion
O00499-6,O00499,0.614039674,81.28161889,174,456,substitution
O75688-3,O75688,0.344114518,40.08350731,2,288,deletion
Q14493-2,Q14493,0.681987623,85.55555556,21,59,deletion
Q9P287-4,Q9P287,0.738942437,80.24316109,259,314,substitution
Q7L8A9-2,Q7L8A9,0.512510908,50.1369863,177,365,substitution
Q86YT9-2,Q86YT9,0.807847585,96.70050761,2,14,substitution
P51809-3,P51809,0.546762487,81.36363636,28,68,deletion
P41586-2,P41586,0.93094405,94.35483871,,,insertion
Q7L099-2,Q7L099,0.553228552,70.86330935,2,469,substitution
Q9H930-3,Q9H930,0.259588688,21.89655172,2,580,substitution
Q10587-2,Q10587,0.569455299,85.24590164,2,52,substitution
Q8NBZ0-2,Q8NBZ0,0.387943137,54.09836066,133,244,substitution
Q8NFX7-3,Q8NFX7,0.409255304,27.54237288,4,150,substitution
O15488-5,O15488,0.698552782,81.03792415,407,501,deletion
P08174-2,P08174,0.683248559,83.18181818,362,381,substitution
P18577-8,P18577,0.728243178,61.95899772,268,417,substitution
P53990-2,P53990,0.604515185,90.98360656,238,282,substitution
Q5T124-2,Q5T124,0.47549918,93.65384615,34,66,deletion
Q96FE7-4,Q96FE7,0.495353639,64.63878327,171,263,substitution
Q9BQS2-2,Q9BQS2,0.388777856,90.02375297,376,421,substitution
Q5VSY0-2,Q5VSY0,0.462536492,86.06557377,197,247,deletion
Q9UK53-5,Q9UK53,0.43344264,61.84834123,29,189,substitution
Q8IWS0-3,Q8IWS0,0.418685127,99.7260274,140,140,deletion
Q00987-6,Q00987,0.309438087,21.42857143,30,388,deletion
Q9UQB8-2,Q9UQB8,0.539952742,95.66787004,529,552,substitution
O00453-8,O00453,0.194196162,15.15151515,7,97,substitution
O76064-3,O76064,0.414856179,82.50497018,413,485,substitution
Q9UMY1-2,Q9UMY1,0.345340786,53.05343511,140,257,substitution
Q13243-2,Q13243,0.493793137,35.48387097,100,272,substitution
Q9BTF0-2,Q9BTF0,0.659465627,59.00990099,298,503,substitution
Q6UWU4-3,Q6UWU4,0.705628518,69.45244957,2,107,deletion
P68543-2,P68543,0.346504368,79.53667954,142,194,deletion
Q9BW11-2,Q9BW11,0.563004466,95.63106796,60,68,deletion
Q53RY4-2,Q53RY4,0.735430565,92.5,3,20,deletion
Q8WV37-2,Q8WV37,0.596060979,85.60747664,3,79,deletion
Q9UBY9-2,Q9UBY9,0.67961099,97.14285714,,,insertion
P14921-4,P14921,0.440212347,51.02040816,28,243,deletion
P23443-2,P23443,0.766166186,95.61904762,2,24,deletion
Q4G1C9-3,Q4G1C9,0.263982799,24.2074928,79,344,substitution
P56211-2,P56211,0.323126594,85.71428571,2,17,deletion
O43699-6,O43699,0.598828384,88.30022075,23,252,substitution
O15519-12,O15519,0.536003373,56.25,265,480,substitution
Q9NYN1-3,Q9NYN1,0.759433377,92.85714286,35,53,deletion
Q5T4F4-5,Q5T4F4,0.256493854,77.12895377,66,299,substitution
Q9NYZ4-2,Q9NYZ4,0.422873977,81.16232465,152,245,substitution
P15170-3,P15170,0.795105829,78.33594976,,,insertion
Q8N8Q8-3,Q8N8Q8,0.358010896,33.72434018,112,333,substitution
O75323-2,O75323,0.694822542,79.02097902,79,148,substitution
Q5T5M9-2,Q5T5M9,0.746041914,99.7311828,194,194,deletion
Q495C1-5,Q495C1,0.614930828,65.90163934,192,297,substitution
Q86YV6-2,Q86YV6,0.85980253,95.88688946,234,252,substitution
Q8IYJ3-2,Q8IYJ3,0.606591233,97.86476868,154,165,deletion
P10966-8,P10966,0.65609619,73.81974249,165,210,substitution
Q7L5Y9-4,Q7L5Y9,0.446497573,66.42335766,152,300,substitution
Q9BST9-2,Q9BST9,0.791572296,92.5087108,2,36,substitution
Q9Y2W7-3,Q9Y2W7,0.784668133,75.18796992,2,60,substitution
Q99504-2,Q99504,0.583120716,78.0104712,2,127,deletion
P49842-2,P49842,0.737261343,98.91304348,,,insertion
Q13568-4,Q13568,0.509506268,97.99196787,175,184,deletion
Q68DY1-2,Q68DY1,0.726365728,85.60606061,2,77,deletion
O15530-4,O15530,0.343493881,76.97841727,110,237,substitution
Q7Z624-2,Q7Z624,0.433482529,39.00928793,126,323,substitution
O60260-7,O60260,0.788262453,83.22580645,179,361,substitution
O15519-11,O15519,0.569378271,87.9759519,436,480,substitution
P0DPB3-3,P0DPB3,0.443633676,48.28282828,22,253,deletion
P20783-2,P20783,0.655744216,95.18518519,,,insertion
O96017-9,O96017,0.622325441,92.66211604,,,insertion
Q8NG50-5,Q8NG50,0.696976026,88.38028169,190,222,deletion
Q6P499-2,Q6P499,0.68681279,79.80295567,2,83,deletion
Q9NX04-2,Q9NX04,0.498447933,36.44859813,75,203,substitution
K7EJ46-2,K7EJ46,0.558765571,94.31818182,,,insertion
O43236-2,O43236,0.763646744,95.81589958,2,538,deletion
O14745-2,O14745,0.395031586,56.42458101,2,157,deletion
P19235-2,P19235,0.636146391,40.15748031,196,508,substitution
Q9H426-2,Q9H426,0.749257367,99.62962963,,,insertion
Q5JW98-4,Q5JW98,0.370397039,48.72611465,2,164,substitution
Q8IVW4-2,Q8IVW4,0.66181736,76.85810811,456,592,deletion
P53634-3,P53634,0.452441913,23.57894737,107,463,substitution
Q9UK53-3,Q9UK53,0.311966683,49.76303318,2,213,deletion
O96017-4,O96017,0.651125102,83.2412523,107,197,deletion
Q496A3-2,Q496A3,0.202707693,61.66666667,3,117,deletion
Q9HB29-2,Q9HB29,0.701155997,70.28380634,2,218,substitution
Q96RI1-2,Q96RI1,0.565417216,93.2238193,2,210,substitution
Q96GM8-2,Q96GM8,0.784692561,82.54901961,19,111,substitution
Q9C0H2-2,Q9C0H2,0.428279745,93.88145315,210,241,deletion
P18577-9,P18577,0.70270132,58.51318945,213,385,deletion
P16389-2,P16389,0.643623403,61.43141153,299,499,substitution
O00453-10,O00453,0.264555503,68.04123711,7,37,deletion
Q9Y5X4-2,Q9Y5X4,0.504777817,89.51219512,368,410,deletion
P48023-2,P48023,0.295910683,42.70462633,117,281,substitution
O15105-3,O15105,0.882108169,99.76525822,223,223,deletion
O75570-2,O75570,0.745558362,86.25,2,445,substitution
Q9UL45-2,Q9UL45,0.449425913,43.60465116,76,172,substitution
Q6PIL6-5,Q6PIL6,0.810726383,78.8,2,55,substitution
Q86YB8-2,Q86YB8,0.273081841,30.62098501,144,466,deletion
Q9H808-2,Q9H808,0.632897826,78.4965035,2,124,deletion
Q07866-5,Q07866,0.592665671,93.01948052,,,insertion
Q96MZ0-2,Q96MZ0,0.437157969,34.5844504,125,367,substitution
Q5BLP8-3,Q5BLP8,0.415767103,74.21875,,,insertion
O95780-2,O95780,0.720776474,84.73895582,2,77,deletion
O00124-2,O00124,0.407820749,84.81481481,95,135,deletion
O15173-2,O15173,0.756125078,90.28340081,,,insertion
Q9H4F8-2,Q9H4F8,0.547498614,99.77011494,,,insertion
Q8IZP0-10,Q8IZP0,0.535330913,76.18110236,155,389,substitution
Q14593-2,Q14593,0.645944069,88.57644991,2,66,deletion
Q8N2I9-2,Q8N2I9,0.194665041,34.25287356,2,295,substitution
Q8IWS0-5,Q8IWS0,0.426694915,90.68493151,47,80,deletion
P43115-6,P43115,0.855478458,85.71428571,360,390,substitution
Q9Y303-3,Q9Y303,0.837160148,67.50841751,325,409,substitution
P06748-3,P06748,0.63302068,87.41496599,258,294,substitution
Q6P597-3,Q6P597,0.514868528,97.2972973,,,insertion
Q6P6C2-3,Q6P6C2,0.727106691,92.63959391,2,32,substitution
P32119-2,P32119,0.646207473,48.30917874,87,198,substitution
O94921-2,O94921,0.736280032,91.1205074,2,41,substitution
P23560-3,P23560,0.615031918,94.27480916,,,insertion
O94941-2,O94941,0.545853035,90.01848429,419,472,deletion
Q6V702-3,Q6V702,0.47550482,48.37398374,112,233,substitution
Q96A70-5,Q96A70,0.630410086,41.34199134,94,460,substitution
P19878-2,P19878,0.340784623,79.84790875,124,526,substitution
Q9HBQ8-2,Q9HBQ8,0.495694858,67.36111111,98,144,deletion
Q9NS23-5,Q9NS23,0.863037904,97.4137931,84,123,substitution
Q8N228-2,Q8N228,0.404184758,85.99033816,2,59,deletion
Q4AE62-3,Q4AE62,0.547803501,63.75545852,293,458,deletion
O95718-1,O95718,0.635314346,85.23622047,,,insertion
P78396-3,P78396,0.74272297,90.53763441,2,45,deletion
Q9BYG7-2,Q9BYG7,0.524911183,61.9047619,2,195,substitution
P05388-2,P05388,0.437851979,80.44164038,156,217,deletion
Q9BRY0-2,Q9BRY0,0.341773042,23.6196319,71,314,substitution
Q99933-3,Q99933,0.687312481,79.42028986,2,72,deletion
O15519-3,O15519,0.605523055,68.73747495,2,480,substitution
Q9BPX6-5,Q9BPX6,0.663498795,53.49794239,2,218,substitution
Q63ZY6-6,Q63ZY6,0.694291319,92.38095238,145,168,deletion
P07602-3,P07602,0.499409865,99.43074004,,,insertion
Q99576-3,Q99576,0.501833806,49.51923077,2,40,substitution
Q99259-3,Q99259,0.433986686,36.02693603,214,594,substitution
Q9UJU6-3,Q9UJU6,0.530594233,97.9498861,235,250,substitution
Q14919-2,Q14919,0.635573552,96.68246445,111,111,substitution
Q5VXU1-3,Q5VXU1,0.85900911,92.38095238,3,18,substitution
P50221-3,P50221,0.448252201,54.72440945,2,116,deletion
P43115-10,P43115,0.788400632,83.87096774,360,390,substitution
Q9H788-2,Q9H788,0.345026235,87.66519824,2,60,substitution
Q7Z2X4-4,Q7Z2X4,0.619282207,81.88976378,2,43,substitution
Q86UN6-3,Q86UN6,0.350365356,45.17766497,88,197,substitution
Q04323-2,Q04323,0.403679807,88.4375,283,297,substitution
Q8WWV6-2,Q8WWV6,0.437027635,32.55395683,173,531,substitution
P35398-3,P35398,0.530960009,92.40740741,38,65,substitution
P17676-3,P17676,0.44791085,42.60869565,2,199,deletion
O00624-2,O00624,0.827698961,81.79824561,355,439,substitution
Q9NUL3-8,Q9NUL3,0.538553246,82.80701754,2,569,substitution
P20815-2,P20815,0.495455075,22.31075697,107,502,substitution
Q5JUX0-2,Q5JUX0,0.230862402,29.06976744,76,258,substitution
O75953-4,O75953,0.662924964,82.85714286,,,insertion
O14757-2,O14757,0.54638755,79.62184874,2,97,substitution
Q969G3-2,Q969G3,0.411255604,83.81642512,344,411,substitution
O95866-2,O95866,0.535376781,78.0,182,241,substitution
Q96QS1-4,Q96QS1,0.362084132,31.75074184,2,320,substitution
Q15555-4,Q15555,0.401314323,75.30120482,2,83,substitution
P23560-2,P23560,0.673938898,96.8627451,,,insertion
O00453-5,O00453,0.519557399,40.77669903,38,97,substitution
Q2KHT4-6,Q2KHT4,0.741361804,89.22651934,2,131,substitution
Q9H497-2,Q9H497,0.743986745,80.60453401,315,397,substitution
Q96PU8-5,Q96PU8,0.675489444,89.73607038,213,341,substitution
Q8IWF9-3,Q8IWF9,0.350054145,75.78692494,2,292,substitution
Q6UX40-3,Q6UX40,0.749837688,90.4109589,52,118,substitution
Q8TE67-2,Q8TE67,0.453424801,94.94097808,413,442,deletion
Q8IX04-7,Q8IX04,0.416601185,41.61358811,66,470,substitution
P20138-3,P20138,0.385115173,61.85286104,13,139,deletion
Q86TS9-4,Q86TS9,0.608221975,44.6969697,53,123,substitution
Q8N7C4-2,Q8N7C4,0.870670673,88.36206897,202,229,substitution
Q5T4W7-2,Q5T4W7,0.477112749,81.92771084,2,19,substitution
Q93038-2,Q93038,0.672297873,99.76076555,,,insertion
P19525-2,P19525,0.552500772,92.55898367,263,303,deletion
P35372-9,P35372,0.78335183,94.04761905,389,400,substitution
Q9Y587-2,Q9Y587,0.677531762,63.31360947,103,144,substitution
Q6ZTQ3-2,Q6ZTQ3,0.746500798,91.32791328,2,33,deletion
Q59EK9-3,Q59EK9,0.533364158,89.70917226,401,446,substitution
Q9BTT0-3,Q9BTT0,0.530915318,82.08955224,2,49,deletion
Q7Z6J6-2,Q7Z6J6,0.749610457,97.36842105,81,95,deletion
Q9BQ16-7,Q9BQ16,0.592684503,72.47706422,2,121,deletion
Q9BWX1-2,Q9BWX1,0.606771162,89.76377953,228,266,deletion
Q9BRT8-3,Q9BRT8,0.826698766,95.18987342,236,254,deletion
P51654-3,P51654,0.83866209,96.18573798,,,insertion
Q7Z7F7-2,Q7Z7F7,0.582676247,78.04878049,,,insertion
P83111-2,P83111,0.600924227,68.19012797,374,547,deletion
A0PG75-2,A0PG75,0.816076551,95.57195572,52,63,deletion
Q93038-7,Q93038,0.315854937,27.57793765,54,417,substitution
Q7Z628-2,Q7Z628,0.736956958,86.74496644,2,85,substitution
Q9GZW5-2,Q9GZW5,0.497143423,43.21766562,135,306,substitution
Q8TCB7-2,Q8TCB7,0.704010584,64.28571429,178,284,substitution
Q8N0U7-2,Q8N0U7,0.337771403,27.65567766,3,397,substitution
Q15043-3,Q15043,0.857765097,95.93495935,156,199,substitution
Q5T6J7-2,Q5T6J7,0.829895208,74.35897436,2,17,substitution
Q6UE05-2,Q6UE05,0.451110152,11.80811808,25,265,substitution
Q9BRK5-4,Q9BRK5,0.476408667,53.86740331,193,362,substitution
Q8IX05-2,Q8IX05,0.373888175,74.56896552,99,157,substitution
Q8NHE4-4,Q8NHE4,0.758088785,62.30769231,,,insertion
Q969P5-2,Q969P5,0.362691032,73.8028169,125,217,deletion
Q8IYT4-2,Q8IYT4,0.664864532,86.61710037,3,74,deletion
P05787-2,P05787,0.381813996,94.52054795,,,insertion
Q9NZE8-2,Q9NZE8,0.509162275,90.42553191,171,188,deletion
P59780-2,P59780,0.594784162,48.70466321,92,193,substitution
Q5JTY5-2,Q5JTY5,0.83778989,94.93670886,145,164,deletion
P51513-2,P51513,0.343606666,34.51676529,174,507,substitution
P18847-3,P18847,0.296792239,65.59139785,117,181,substitution
O95758-7,O95758,0.470399186,82.60869565,2,96,deletion
Q2MV58-3,Q2MV58,0.370270932,92.64214047,238,274,substitution
Q9NSE2-3,Q9NSE2,0.803566192,91.63636364,2,7,substitution
Q9UIK5-3,Q9UIK5,0.344482467,39.84168865,147,373,substitution
P10966-3,P10966,0.644432854,72.83950617,166,210,substitution
Q93086-2,Q93086,0.808265904,93.83886256,97,349,substitution
Q9HCU8-2,Q9HCU8,0.321441071,58.77192982,63,107,substitution
Q8IZ96-7,Q8IZ96,0.448168415,35.50295858,28,169,substitution
P40426-3,P40426,0.387217976,58.29493088,2,182,deletion
Q6P1K2-6,Q6P1K2,0.52696957,52.89256198,123,205,substitution
Q9BU40-3,Q9BU40,0.322947565,82.49452954,101,328,substitution
P58753-2,P58753,0.643207405,93.19148936,216,221,substitution
Q16774-3,Q16774,0.800777346,66.0,2,197,substitution
Q9HBH9-2,Q9HBH9,0.654934186,81.47368421,386,465,substitution
Q16625-7,Q16625,0.202071508,10.53639847,52,522,substitution
P26378-3,P26378,0.659816823,91.9395466,2,276,substitution
Q07866-10,Q07866,0.536757803,89.64401294,551,573,substitution
Q96NL0-2,Q96NL0,0.437595817,69.34460888,2,385,substitution
P10909-2,P10909,0.858945607,89.62075848,,,insertion
Q99706-2,Q99706,0.589429923,95.49071618,220,236,deletion
Q14451-2,Q14451,0.592876348,78.71559633,425,532,substitution
Q8IVA1-2,Q8IVA1,0.568407522,87.5,2,17,deletion
P0C024-3,P0C024,0.729665032,46.61654135,117,238,substitution
P43268-3,P43268,0.467998097,42.76859504,2,278,deletion
Q8NA72-2,Q8NA72,0.540170031,69.39130435,2,528,substitution
P14927-2,P14927,0.778491624,65.0,87,111,substitution
Q13424-2,Q13424,0.529038549,85.14851485,255,329,deletion
O75838-2,O75838,0.917700697,86.66666667,181,187,substitution
P43628-2,P43628,0.385841812,71.26099707,119,216,deletion
O43852-6,O43852,0.657325639,84.12698413,227,276,deletion
Q9BPX6-3,Q9BPX6,0.878929445,99.58158996,,,insertion
Q9BQS2-3,Q9BQS2,0.689164129,75.0,2,71,substitution
Q9Y228-3,Q9Y228,0.443382612,63.70235935,352,551,substitution
Q04206-4,Q04206,0.642801191,99.45553539,143,145,deletion
Q86WB0-3,Q86WB0,0.726870714,85.85657371,341,411,deletion
Q86UR1-2,Q86UR1,0.757279523,98.55072464,,,insertion
Q8N539-2,Q8N539,0.399588457,33.19755601,2,461,substitution
P58335-2,P58335,0.431325609,78.93660532,213,315,deletion
P0DMS9-2,P0DMS9,0.382850186,60.36745407,2,36,substitution
Q9HD64-4,Q9HD64,0.232923145,43.67816092,33,81,substitution
Q6ZP29-2,Q6ZP29,0.544505382,61.8556701,2,112,deletion
Q96MF2-2,Q96MF2,0.580009431,89.28571429,2,40,deletion
O75914-4,O75914,0.900882034,96.64902998,93,107,substitution
P08174-5,P08174,0.676161857,83.18181818,361,381,substitution
Q02641-2,Q02641,0.638865921,67.47352496,210,598,substitution
Q6ZUS5-2,Q6ZUS5,0.497578289,63.18181818,,,insertion
Q5SQH8-3,Q5SQH8,0.66470281,57.46031746,25,158,deletion
Q99689-2,Q99689,0.284801203,26.53061224,105,392,deletion
P62633-2,P62633,0.667610252,96.04519774,36,42,deletion
Q9NPB0-2,Q9NPB0,0.533939847,62.29508197,2,69,substitution
O96017-2,O96017,0.415224934,37.54578755,198,543,substitution
Q9BU76-2,Q9BU76,0.371419559,50.0,125,263,substitution
O43236-3,O43236,0.761114781,95.63409563,2,535,substitution
Q6W5P4-5,Q6W5P4,0.787567924,88.59416446,95,371,substitution
Q9NPJ4-2,Q9NPJ4,0.306092297,63.30935252,2,54,substitution
Q86YN1-2,Q86YN1,0.66556106,81.93277311,155,197,deletion
P41271-2,P41271,0.687775875,83.7962963,,,insertion
Q03936-3,Q03936,0.6844355,94.53924915,44,75,deletion
Q71RS6-2,Q71RS6,0.804045998,87.8,41,101,substitution
P35398-1,P35398,0.532164236,83.15789474,2,66,substitution
Q9NXB0-3,Q9NXB0,0.586317878,95.88550984,3,26,substitution
O95389-2,O95389,0.6967567,95.16129032,,,insertion
Q96AZ1-2,Q96AZ1,0.635971745,43.42629482,98,226,substitution
Q7Z465-3,Q7Z465,0.488548427,56.58263305,2,357,substitution
Q9BWV2-3,Q9BWV2,0.375906839,50.78740157,127,254,substitution
Q6UY09-3,Q6UY09,0.626097052,84.39597315,344,437,substitution
Q8N6I4-2,Q8N6I4,0.501172618,80.36809816,2,33,deletion
Q9BV29-3,Q9BV29,0.341071533,71.89189189,134,185,substitution
Q9NXB0-2,Q9NXB0,0.783027695,82.44406196,471,559,substitution
Q8NCT3-6,Q8NCT3,0.550080596,81.16197183,2,289,substitution
Q9BSG1-3,Q9BSG1,0.68789504,90.11764706,2,43,deletion
Q9NS61-2,Q9NS61,0.776107502,92.96296296,57,75,substitution
Q9NR50-3,Q9NR50,0.91404157,88.71681416,402,452,deletion
Q8TAX9-2,Q8TAX9,0.876023074,95.62043796,221,243,substitution
Q07866-6,Q07866,0.543966178,87.42038217,542,573,substitution
Q6PI97-2,Q6PI97,0.309341847,76.53061224,114,169,substitution
Q7Z6G3-2,Q7Z6G3,0.463710663,70.20725389,2,121,substitution
Q9UHP7-7,Q9UHP7,0.352869894,44.5026178,21,191,substitution
O75914-2,O75914,0.860387103,97.31663685,93,107,deletion
Q9H813-2,Q9H813,0.706772647,85.15815085,,,insertion
P82663-3,P82663,0.636447291,51.12359551,81,173,substitution
Q2TBC4-2,Q2TBC4,0.669711516,67.79661017,224,344,substitution
Q13568-3,Q13568,0.682147136,96.62698413,161,175,substitution
Q13043-2,Q13043,0.682786759,88.68686869,436,486,substitution
Q68G75-5,Q68G75,0.351717174,43.09392265,69,181,substitution
Q8WVV9-5,Q8WVV9,0.484272755,93.54243542,211,245,substitution
Q70Z53-4,Q70Z53,0.44856624,88.88888889,276,315,substitution
Q9NUL3-3,Q9NUL3,0.634354404,82.98245614,2,569,substitution
Q3B7J2-3,Q3B7J2,0.561838706,25.06459948,88,384,substitution
Q8NEZ2-2,Q8NEZ2,0.569672942,93.45088161,42,67,substitution
P32241-2,P32241,0.860628381,89.63414634,2,32,substitution
Q8IZ96-3,Q8IZ96,0.415694209,53.25443787,2,169,substitution
Q9H7C4-2,Q9H7C4,0.627198435,92.68292683,454,482,substitution
Q70Z53-3,Q70Z53,0.43412103,87.73006135,277,314,substitution
Q6UWU4-2,Q6UWU4,0.625590216,98.02259887,,,insertion
O75564-2,O75564,0.543931049,92.0552677,528,556,substitution
Q9UNM6-2,Q9UNM6,0.936622786,88.65979381,32,69,substitution
Q6KB66-3,Q6KB66,0.405288388,66.6061706,2,190,substitution
Q96IZ5-2,Q96IZ5,0.420262365,98.062954,406,413,deletion
Q6PHW0-5,Q6PHW0,0.680817489,79.8679868,230,289,substitution
O60869-2,O60869,0.489848315,84.41558442,130,148,substitution
O60828-6,O60828,0.395803076,55.8490566,149,265,substitution
P26436-7,P26436,0.572610074,62.26415094,43,155,substitution
P78310-3,P78310,0.364008474,21.36986301,71,365,substitution
P07992-3,P07992,0.644446667,86.10271903,282,297,substitution
O14656-2,O14656,0.666937035,46.74556213,149,332,substitution
Q9NQ25-7,Q9NQ25,0.421290202,56.11940299,19,255,substitution
Q96JY0-2,Q96JY0,0.610818846,92.85714286,45,75,deletion
Q969G3-4,Q969G3,0.32974861,91.48418491,18,52,deletion
Q96DU3-3,Q96DU3,0.529903129,66.56626506,18,128,deletion
Q05195-2,Q05195,0.493674706,95.47511312,59,68,deletion
Q5T4F4-7,Q5T4F4,0.312473812,73.55769231,2,299,substitution
Q5JTJ3-2,Q5JTJ3,0.592146027,59.375,2,40,substitution
Q9UGV2-3,Q9UGV2,0.721965048,76.26666667,47,135,deletion
P17023-2,P17023,0.726443757,97.37991266,2,13,deletion
O76050-2,O76050,0.430123899,95.6445993,3,28,substitution
Q9NR81-2,Q9NR81,0.749510451,88.20422535,2,32,substitution
Q13352-3,Q13352,0.267818961,62.71186441,112,177,deletion
Q9NQ29-2,Q9NQ29,0.575520594,87.60107817,326,371,deletion
P07910-4,P07910,0.392536654,81.69934641,108,194,substitution
Q9UHJ9-4,Q9UHJ9,0.703953301,69.54887218,176,254,substitution
O00292-2,O00292,0.789787375,90.71038251,95,128,deletion
Q9BWL3-2,Q9BWL3,0.678182505,86.56126482,23,56,deletion
Q86XK7-2,Q86XK7,0.676960435,91.4893617,,,insertion
Q93038-10,Q93038,0.590171921,90.88729017,200,237,substitution
Q13568-2,Q13568,0.634969925,96.88715953,,,insertion
Q6ZUK4-2,Q6ZUK4,0.598353628,54.08970976,203,368,substitution
P28347-2,P28347,0.601104773,82.09302326,3,291,substitution
Q16611-2,Q16611,0.537399036,51.08225108,117,211,substitution
O75764-2,O75764,0.385296196,42.81609195,149,348,substitution
Q6ICG6-3,Q6ICG6,0.809661613,91.58415842,2,35,deletion
Q9UBP9-3,Q9UBP9,0.292292626,66.11842105,31,133,deletion
Q6UWN0-2,Q6UWN0,0.698898838,82.92682927,24,70,substitution
Q9H8M2-4,Q9H8M2,0.380162654,31.49350649,2,597,substitution
Q15080-3,Q15080,0.568190748,75.13812155,254,339,substitution
Q9NQ25-6,Q9NQ25,0.463313079,60.89552239,127,257,deletion
O00305-4,O00305,0.748283729,88.07692308,373,434,deletion
O00499-11,O00499,0.601999699,79.27631579,174,456,substitution
P53990-4,P53990,0.585099772,99.45355191,,,insertion
Q7Z6M3-3,Q7Z6M3,0.486571002,73.76093294,33,122,deletion
Q8WVV9-3,Q8WVV9,0.314180947,48.15498155,2,542,substitution
Q8IUD6-2,Q8IUD6,0.421350246,39.55555556,173,432,substitution
O15374-4,O15374,0.70885701,67.26546906,2,487,substitution
Q6QEF8-2,Q6QEF8,0.4709826,47.55102041,2,251,substitution
Q86SX3-2,Q86SX3,0.489725951,79.39393939,196,297,deletion
Q6FIF0-2,Q6FIF0,0.532667754,94.23076923,52,63,deletion
Q6P2D0-2,Q6P2D0,0.670593663,86.48648649,2,56,deletion
P55345-2,P55345,0.620247665,54.25287356,219,433,substitution
Q68CL5-1,Q68CL5,0.37919445,85.66666667,85,127,deletion
Q96PQ6-3,Q96PQ6,0.544705373,80.33613445,2,128,substitution
O14986-3,O14986,0.842536,92.96296296,503,540,deletion
Q9H6H4-2,Q9H6H4,0.552902996,57.47126437,140,257,substitution
Q6P1S2-2,Q6P1S2,0.669365244,85.37414966,3,45,deletion
O43521-9,O43521,0.347947339,38.88888889,42,198,substitution
O75528-2,O75528,0.349771112,85.41666667,370,432,deletion
Q9NQT5-2,Q9NQT5,0.681401056,57.24637681,159,275,substitution
P51878-4,P51878,0.506898434,20.22988506,5,434,substitution
Q9UHI5-4,Q9UHI5,0.802403233,71.77570093,2,169,substitution
Q86TP1-5,Q86TP1,0.348459382,48.12362031,2,311,substitution
Q3SYC2-3,Q3SYC2,0.756637964,69.55223881,218,334,substitution
Q5T4F4-2,Q5T4F4,0.56711697,98.29683698,294,300,deletion
Q5SSJ5-3,Q5SSJ5,0.468268598,72.51356239,3,154,deletion
P13232-3,P13232,0.542970905,36.15819209,2,138,substitution
Q8N4B1-4,Q8N4B1,0.576241939,95.03816794,,,insertion
Q9BUP3-2,Q9BUP3,0.654480472,41.73228346,102,242,substitution
Q96PU9-2,Q96PU9,0.190578606,44.35797665,104,254,substitution
Q9Y603-7,Q9Y603,0.506933872,77.41935484,145,221,deletion
Q8TE67-3,Q8TE67,0.364701495,99.83164983,,,insertion
P58658-2,P58658,0.270771823,11.84210526,54,441,substitution
O95847-2,O95847,0.754447069,73.374613,236,323,substitution
P15622-2,P15622,0.557691179,79.10714286,15,470,substitution
Q6UW88-2,Q6UW88,0.666515772,83.76623377,36,154,substitution
Q8WZ73-2,Q8WZ73,0.432958632,97.79614325,296,303,deletion
Q5T4F4-6,Q5T4F4,0.307614959,69.5863747,67,299,substitution
O43521-6,O43521,0.359297417,38.38383838,42,198,substitution
Q96BF3-2,Q96BF3,0.617819653,98.58156028,186,189,deletion
Q96D96-2,Q96D96,0.709225024,86.44688645,66,102,deletion
Q9H171-6,Q9H171,0.373632987,53.84615385,225,429,substitution
Q96PU8-8,Q96PU8,0.651043738,91.49560117,313,341,substitution
Q7LG56-3,Q7LG56,0.500563671,34.62603878,17,228,deletion
Q6QEF8-3,Q6QEF8,0.440218862,47.34693878,2,432,substitution
Q5F1R6-3,Q5F1R6,0.514035773,97.61029412,,,insertion
O75251-2,O75251,0.759270325,81.65938865,183,213,substitution
Q9UKT5-2,Q9UKT5,0.399389306,77.51937984,300,387,substitution
Q14188-3,Q14188,0.543778435,82.55033557,2,173,substitution
Q9NP50-2,Q9NP50,0.366151289,33.03167421,2,149,deletion
P55822-2,P55822,0.321337633,53.55648536,2,112,deletion
Q11203-20,Q11203,0.553000667,45.08816121,40,375,substitution
Q07444-2,Q07444,0.476042316,87.07224335,227,240,substitution
Q9BSY4-2,Q9BSY4,0.469503482,65.82278481,104,110,substitution
Q96RI1-4,Q96RI1,0.606979901,99.17695473,207,210,deletion
P43115-12,P43115,0.828213791,86.01398601,360,390,substitution
Q8NDC4-2,Q8NDC4,0.77774578,61.76470588,2,22,substitution
O14763-2,O14763,0.426062587,93.40909091,185,213,deletion
Q5H9L4-2,Q5H9L4,0.49736096,81.38528139,2,87,deletion
Q29980-2,Q29980,0.582885267,88.77284595,109,151,deletion
Q3SXY8-3,Q3SXY8,0.416414911,75.93457944,2,104,deletion
Q9UMX9-3,Q9UMX9,0.677348042,88.86792453,129,187,deletion
Q14CB8-7,Q14CB8,0.757337377,96.96356275,332,346,deletion
Q9P0L0-2,Q9P0L0,0.576230196,84.69387755,,,insertion
P57796-2,P57796,0.517659953,55.31914894,3,122,substitution
O15519-10,O15519,0.49293552,55.99173554,266,480,substitution
Q7Z692-3,Q7Z692,0.49750685,99.66666667,283,283,deletion
Q9C0K1-3,Q9C0K1,0.506641948,92.82608696,423,460,substitution
Q96HC4-2,Q96HC4,0.33301074,33.06055646,98,596,substitution
P17028-2,P17028,0.463103425,51.63043478,190,368,substitution
Q9H2G9-2,Q9H2G9,0.282321339,39.75308642,158,400,substitution
Q9BZW8-2,Q9BZW8,0.494195385,98.64864865,127,131,deletion
O75618-2,O75618,0.65604861,91.09195402,194,194,substitution
Q9H2B2-2,Q9H2B2,0.484615686,95.76470588,12,29,deletion
P09132-3,P09132,0.264339015,19.23076923,15,144,substitution
O95718-2,O95718,0.69601473,86.4,433,433,substitution
O60499-2,O60499,0.494208249,80.32128514,78,126,deletion
Q9BUR5-2,Q9BUR5,0.316483771,86.86868687,80,109,substitution
Q8WUK0-2,Q8WUK0,0.527027092,68.15920398,86,149,deletion
Q9P2K3-4,Q9P2K3,0.46035361,68.89692586,2,495,substitution
Q9NPH5-3,Q9NPH5,0.44657183,39.96539792,52,446,substitution
Q6ZRI8-5,Q6ZRI8,0.812045919,91.22486289,2,49,deletion
Q8IZP0-8,Q8IZP0,0.467061357,77.36220472,274,388,deletion
Q12837-2,Q12837,0.461872391,64.79217604,2,145,deletion
O96017-6,O96017,0.329859011,27.17391304,150,543,substitution
Q9BRQ4-3,Q9BRQ4,0.598973157,34.082397,91,267,substitution
Q15306-2,Q15306,0.483879521,99.77827051,165,165,deletion
Q8TDQ1-6,Q8TDQ1,0.485833466,95.56313993,2,14,substitution
P56134-4,P56134,0.43185036,51.06382979,5,86,substitution
Q13115-2,Q13115,0.489319288,65.17412935,2,144,substitution
P49768-2,P49768,0.839037662,99.14346895,26,29,deletion
Q8NB15-1,Q8NB15,0.532392587,84.24908425,228,252,substitution
Q8NAU1-4,Q8NAU1,0.344687067,64.62264151,2,124,deletion
Q8N6S4-2,Q8N6S4,0.787078363,93.34565619,158,193,substitution
Q6UWV7-2,Q6UWV7,0.451701431,58.0,110,190,substitution
Q13291-4,Q13291,0.711043946,73.36814621,264,335,substitution
P48547-2,P48547,0.767218996,86.00682594,502,511,substitution
Q9NNX6-10,Q9NNX6,0.509004362,89.51219512,2,59,substitution
Q14257-2,Q14257,0.904254488,94.62686567,,,insertion
Q9H0A6-5,Q9H0A6,0.526670561,47.23756906,170,352,deletion
Q9NWM0-3,Q9NWM0,0.480977831,34.23423423,146,510,deletion
Q5T2W1-2,Q5T2W1,0.463567699,78.61271676,155,265,deletion
P49768-7,P49768,0.696424045,92.93361884,257,289,deletion
Q7L513-2,Q7L513,0.692567679,98.35616438,,,insertion
Q96AP7-2,Q96AP7,0.391334329,27.54342432,24,390,substitution
P22732-2,P22732,0.574191811,38.06818182,192,501,substitution
Q6P2M8-5,Q6P2M8,0.820616807,80.51643192,,,insertion
Q68CQ7-2,Q68CQ7,0.534662679,58.99470899,216,371,substitution
Q06265-4,Q06265,0.656725645,77.85087719,2,385,substitution
Q8TAF7-2,Q8TAF7,0.735962444,77.44227353,2,128,deletion
Q9H2L5-2,Q9H2L5,0.602476275,87.06896552,29,94,substitution
O60830-2,O60830,0.753777428,77.47747748,,,insertion
Q8IYR6-2,Q8IYR6,0.568676775,83.81201044,2,65,substitution
Q06055-3,Q06055,0.637855494,89.8089172,,,insertion
Q6UWB4-2,Q6UWB4,0.718048644,69.23076923,248,352,substitution
Q8TAQ9-3,Q8TAQ9,0.62451418,85.31855956,2,61,substitution
Q03060-19,Q03060,0.343197499,42.65927978,2,232,substitution
Q99766-3,Q99766,0.558296798,57.20930233,107,200,substitution
Q8WYR4-2,Q8WYR4,0.663086051,87.70226537,19,56,deletion
Q96M20-3,Q96M20,0.544629953,73.4375,424,576,deletion
Q14188-2,Q14188,0.540748337,82.73542601,2,118,substitution
Q9UNH5-5,Q9UNH5,0.768368175,95.91503268,586,594,substitution
Q9Y483-3,Q9Y483,0.498573141,82.79932546,2,103,deletion
Q9UKA9-3,Q9UKA9,0.727853717,98.88268156,302,489,substitution
P58658-3,P58658,0.500679418,99.31972789,285,287,deletion
Q9NP97-2,Q9NP97,0.444029998,28.30188679,28,96,substitution
Q96GD4-2,Q96GD4,0.73856656,87.20930233,86,133,substitution
Q6XR72-3,Q6XR72,0.419390348,44.32989691,214,485,substitution
O00141-2,O00141,0.767357356,75.27675277,2,25,substitution
Q93038-11,Q93038,0.495750513,94.60093897,182,200,substitution
Q6B8I1-4,Q6B8I1,0.535494182,64.5631068,123,188,substitution
A4D1E9-2,A4D1E9,0.62733819,79.58656331,77,155,deletion
O43294-2,O43294,0.758992242,96.31236443,2,18,deletion
Q8N587-2,Q8N587,0.58181987,72.01646091,2,137,deletion
Q04206-2,Q04206,0.652750353,97.45916515,13,506,substitution
Q9NQ31-2,Q9NQ31,0.32250645,87.14285714,137,163,deletion
Q7Z6M3-2,Q7Z6M3,0.355468709,72.303207,123,217,deletion
Q02548-5,Q02548,0.597036709,68.54219949,261,391,substitution
Q5SZQ8-4,Q5SZQ8,0.605472161,89.24731183,258,307,deletion
Q96NL0-5,Q96NL0,0.423971678,96.40591966,80,96,deletion
P20142-2,P20142,0.659415469,56.14457831,217,387,substitution
Q13190-4,Q13190,0.735401914,85.63380282,303,355,substitution
Q05D32-2,Q05D32,0.588443918,84.54935622,159,230,deletion
Q3ZCU0-2,Q3ZCU0,0.639180468,47.26027397,128,254,substitution
Q96K19-2,Q96K19,0.337944914,65.70397112,170,258,substitution
O14948-3,O14948,0.446463314,55.3314121,61,347,substitution
Q9NNX6-9,Q9NNX6,0.406915981,7.178217822,30,404,substitution
Q9BRV3-2,Q9BRV3,0.510611254,54.1322314,2,94,substitution
Q9UQ07-3,Q9UQ07,0.188157863,17.42243437,2,347,deletion
Q6PI26-2,Q6PI26,0.673546251,90.15280136,2,48,substitution
Q9NRA1-2,Q9NRA1,0.516568732,81.73913043,246,308,deletion
Q9BU76-3,Q9BU76,0.326237471,56.6539924,150,262,substitution
Q86T90-4,Q86T90,0.383079915,22.01039861,2,577,substitution
Q6UXS9-2,Q6UXS9,0.363529324,30.81395349,87,341,substitution
Q658L1-2,Q658L1,0.339101612,95.72864322,2,18,substitution
Q8TAX9-3,Q8TAX9,0.864595422,96.10705596,221,234,substitution
Q9BPX6-4,Q9BPX6,0.639946902,54.46985447,2,218,substitution
Q9UBX3-2,Q9UBX3,0.774882157,96.95945946,,,insertion
Q9NZC4-2,Q9NZC4,0.437871188,92.33333333,159,181,deletion
Q9BYT3-2,Q9BYT3,0.685373667,87.15953307,383,448,deletion
Q6WBX8-1,Q6WBX8,0.749606917,96.24413146,409,426,substitution
P12034-2,P12034,0.234697526,44.40298507,120,268,substitution
Q9UBR5-3,Q9UBR5,0.434848086,44.07894737,27,111,deletion
Q13322-2,Q13322,0.656906186,92.25589226,283,328,deletion
Q6B8I1-2,Q6B8I1,0.377582317,26.9035533,52,188,substitution
Q9Y232-2,Q9Y232,0.513794329,89.96655518,2,62,substitution
O43521-5,O43521,0.257206552,53.53535354,42,198,substitution
O00453-13,O00453,0.322903706,63.46153846,7,45,substitution
Q7L2K0-3,Q7L2K0,0.366553169,36.77130045,2,433,substitution
Q6KCM7-4,Q6KCM7,0.703079843,87.07070707,3,53,substitution
Q9BWT1-5,Q9BWT1,0.433156977,88.67924528,8,49,deletion
P09651-2,P09651,0.636266437,86.02150538,252,303,deletion
Q6UXY1-2,Q6UXY1,0.767821276,97.35349716,441,454,deletion
Q8TDF5-2,Q8TDF5,0.682071763,98.12382739,2,10,substitution
Q86T20-2,Q86T20,0.479227098,80.39215686,19,38,deletion
Q9BYV6-3,Q9BYV6,0.492257557,90.61946903,509,548,substitution
Q5TKA1-2,Q5TKA1,0.524497162,97.13261649,,,insertion
Q96Q40-5,Q96Q40,0.761235546,98.62068966,400,405,deletion
Q5QJU3-3,Q5QJU3,0.571857544,42.06896552,2,275,substitution
Q8NC67-3,Q8NC67,0.552954241,98.66666667,169,175,deletion
Q15822-2,Q15822,0.854450889,97.16446125,84,98,deletion
P21583-3,P21583,0.558199884,84.24908425,2,43,substitution
Q5T7M9-2,Q5T7M9,0.459102619,37.38317757,159,428,substitution
Q9BYE0-2,Q9BYE0,0.497331292,97.82608696,,,insertion
Q8IWF9-2,Q8IWF9,0.405119236,93.01801802,,,insertion
Q96J77-3,Q96J77,0.619697517,88.57142857,124,140,substitution
Q7L513-8,Q7L513,0.437335176,73.53760446,167,261,deletion
P24001-4,P24001,0.482169966,55.98290598,19,210,substitution
Q9H5V9-3,Q9H5V9,0.536818037,93.69369369,82,95,deletion
Q6PHW0-4,Q6PHW0,0.674136471,76.75159236,230,289,substitution
Q9BRK5-6,Q9BRK5,0.789250455,82.88770053,305,362,substitution
Q6P531-2,Q6P531,0.814688961,93.50912779,116,147,deletion
Q5MJ70-1,Q5MJ70,0.764362164,90.41533546,284,313,substitution
Q15853-4,Q15853,0.484629684,62.13872832,77,207,deletion
Q96AQ7-4,Q96AQ7,0.790477832,95.96774194,,,insertion
Q8N8S7-2,Q8N8S7,0.575122777,96.44670051,514,534,deletion
Q6UWT2-2,Q6UWT2,0.668699676,65.85365854,48,75,substitution
Q9BZQ4-2,Q9BZQ4,0.801061755,90.38461538,2,28,substitution
Q96E52-2,Q96E52,0.661008425,87.78625954,456,523,substitution
Q86VG3-2,Q86VG3,0.316609497,66.5158371,46,119,deletion
Q9NRG9-2,Q9NRG9,0.67194195,93.95604396,149,182,substitution
Q9H633-2,Q9H633,0.752206961,87.00564972,,,insertion
O60248-2,O60248,0.477583049,76.39484979,179,233,deletion
Q9BQ16-6,Q9BQ16,0.608917607,72.27272727,2,120,substitution
Q6NXT4-4,Q6NXT4,0.709054179,93.49240781,2,30,deletion
Q309B1-2,Q309B1,0.373766835,18.76606684,68,348,substitution
Q8N1A0-2,Q8N1A0,0.525783323,86.44067797,2,41,deletion
Q00536-3,Q00536,0.813907533,98.80478088,,,insertion
Q29980-3,Q29980,0.260204083,7.216494845,24,383,substitution
P58753-3,P58753,0.608674737,86.2745098,221,221,substitution
O60880-5,O60880,0.52606191,36.43410853,40,128,substitution
Q9H7E9-2,Q9H7E9,0.51930076,94.62809917,,,insertion
Q6ICL3-6,Q6ICL3,0.604047666,42.63322884,2,276,substitution
Q9NVZ3-2,Q9NVZ3,0.662739848,84.7826087,223,263,substitution
Q13884-2,Q13884,0.771077832,70.63197026,379,538,substitution
Q8N5Z5-2,Q8N5Z5,0.656939225,92.52336449,238,261,deletion
Q02548-4,Q02548,0.592219044,69.56521739,261,390,substitution
Q96PU8-9,Q96PU8,0.658858736,92.10526316,313,341,substitution
P23763-3,P23763,0.808528929,95.76271186,114,118,substitution
A0A1B0GTI8-2,A0A1B0GTI8,0.497576192,64.17112299,2,67,deletion
Q9BX93-2,Q9BX93,0.818432668,99.48717949,157,157,deletion
Q9NNX6-7,Q9NNX6,0.59667625,89.10891089,16,59,deletion
Q9Y6R9-2,Q9Y6R9,0.401129964,64.84375,185,364,deletion
P29558-4,P29558,0.209847913,6.601466993,26,406,substitution
Q8NEP7-3,Q8NEP7,0.630841542,53.35120643,176,349,substitution
Q96JA3-2,Q96JA3,0.45636294,87.47591522,455,518,deletion
P49810-2,P49810,0.70206654,92.41071429,263,296,deletion
Q6PI97-3,Q6PI97,0.311862035,86.2244898,,,insertion
P54252-3,P54252,0.509831505,84.76454294,10,64,deletion
Q07869-2,Q07869,0.325325487,36.32478632,171,468,substitution
P31785-2,P31785,0.320497079,46.34146341,2,198,substitution
Q8TCI5-2,Q8TCI5,0.244071654,65.02463054,130,191,substitution
Q0D2K0-2,Q0D2K0,0.679083981,95.92274678,94,112,deletion
Q9UKA9-4,Q9UKA9,0.678079334,99.06716418,,,insertion
Q96I24-2,Q96I24,0.430238523,41.62348877,2,548,substitution
O95758-6,O95758,0.607560355,93.87387387,2,39,substitution
P07910-2,P07910,0.411867935,95.75163399,108,120,deletion
Q14CN4-3,Q14CN4,0.445220284,91.78082192,322,363,deletion
Q86UR1-3,Q86UR1,0.500288129,86.95652174,169,431,substitution
Q7L1S5-2,Q7L1S5,0.311356114,15.76576577,68,443,substitution
P61923-2,P61923,0.555649385,50.79365079,2,87,substitution
Q5VZI3-2,Q5VZI3,0.868151439,90.96209913,2,35,substitution
Q68G75-6,Q68G75,0.303511637,21.8579235,28,181,substitution
Q9HD26-2,Q9HD26,0.467442312,98.26839827,151,158,deletion
P16333-2,P16333,0.463163794,80.37135279,2,76,substitution
P29972-2,P29972,0.683654095,56.133829,2,128,substitution
Q5VX71-2,Q5VX71,0.433686724,97.15447154,242,490,substitution
Q9Y483-4,Q9Y483,0.745536153,90.38785835,331,387,deletion
O76081-2,O76081,0.529931687,70.36082474,56,170,deletion
Q9NRY7-3,Q9NRY7,0.851493579,95.62289562,2,14,substitution
P49763-4,P49763,0.466886773,91.32231405,,,insertion
Q9XRX5-3,Q9XRX5,0.400762922,46.21848739,54,114,substitution
P24001-5,P24001,0.581870643,71.79487179,21,86,deletion
Q70Z53-5,Q70Z53,0.463448831,88.08777429,276,315,substitution
P55327-2,P55327,0.544790684,79.46428571,3,46,substitution
Q8N8B7-2,Q8N8B7,0.573792211,92.12598425,,,insertion
Q6PI47-2,Q6PI47,0.485155169,51.98135198,222,426,substitution
P37840-3,P37840,0.356735926,90.0,41,54,deletion
Q6PK18-2,Q6PK18,0.717627491,81.8443804,276,319,substitution
Q6ZMT1-2,Q6ZMT1,0.435234915,65.45012165,2,143,deletion
Q9UKW6-2,Q9UKW6,0.550559251,96.22641509,2,11,deletion
Q92876-3,Q92876,0.19308947,5.836575875,14,244,substitution
Q8IY31-3,Q8IY31,0.60837582,49.68553459,72,132,substitution
Q96RR4-6,Q96RR4,0.643046118,83.16326531,442,588,substitution
Q13239-2,Q13239,0.380056145,60.86956522,2,109,deletion
O15488-6,O15488,0.640899597,92.81437126,413,448,deletion
O00453-12,O00453,0.496658144,38.18181818,38,97,substitution
Q7Z614-2,Q7Z614,0.273442738,48.10126582,121,284,deletion
O14896-2,O14896,0.530824314,79.65738758,2,96,deletion
Q9Y603-3,Q9Y603,0.483297224,76.24633431,2,82,deletion
O95073-2,O95073,0.393874142,52.84280936,2,142,deletion
Q16625-4,Q16625,0.344893146,51.91570881,2,252,deletion
Q5T6S3-2,Q5T6S3,0.301231922,28.13559322,156,580,substitution
P04233-4,P04233,0.713222425,94.59459459,2,17,deletion
O43521-16,O43521,0.258312881,36.86868687,42,198,substitution
Q8WUB8-2,Q8WUB8,0.373703389,99.59839357,109,110,deletion
Q15906-2,Q15906,0.436600583,97.06666667,,,insertion
Q9UKA9-2,Q9UKA9,0.712326955,99.81203008,,,insertion
Q93038-12,Q93038,0.510840021,47.40406321,182,417,substitution
Q9NVV5-5,Q9NVV5,0.590880339,56.30252101,135,238,substitution
Q96D96-4,Q96D96,0.83542405,92.67399267,2,21,deletion
O43556-3,O43556,0.593070983,92.17391304,347,437,substitution
Q86SK9-2,Q86SK9,0.691298298,59.06432749,190,330,substitution
Q03060-14,Q03060,0.357687454,55.65217391,2,245,substitution
Q07812-5,Q07812,0.738275997,60.37735849,125,192,substitution
A6NDV4-3,A6NDV4,0.559531234,42.85714286,2,472,substitution
O43556-4,O43556,0.59938197,94.58874459,,,insertion
Q5SZQ8-2,Q5SZQ8,0.513947826,99.78494624,331,331,deletion
Q92466-3,Q92466,0.455897811,35.34883721,153,427,substitution
O00716-2,O00716,0.561289568,69.93603412,2,175,substitution
Q96MW1-2,Q96MW1,0.660481515,64.73214286,144,224,substitution
Q8N5N7-2,Q8N5N7,0.556633598,71.76470588,123,158,substitution
Q8NCC3-2,Q8NCC3,0.666631678,63.33333333,43,208,substitution
Q5T5A4-2,Q5T5A4,0.403885697,85.20710059,2,27,substitution
P24001-7,P24001,0.286080364,63.24786325,21,113,substitution
O95793-2,O95793,0.516007173,85.96187175,2,82,deletion
Q7Z5L9-3,Q7Z5L9,0.41658481,27.76831346,4,427,deletion
Q5BLP8-2,Q5BLP8,0.401767262,68.34532374,,,insertion
O95758-1,O95758,0.808370064,94.38405797,2,32,deletion
Q96N38-2,Q96N38,0.722561251,93.50180505,516,554,substitution
Q9UGI9-2,Q9UGI9,0.731592797,94.88752556,2,26,deletion
Q9BQS2-4,Q9BQS2,0.420184878,78.82352941,333,421,substitution
P26599-2,P26599,0.869330336,96.54545455,298,304,deletion
Q6ZVM7-5,Q6ZVM7,0.37404489,84.70149254,168,426,substitution
Q9UNH5-2,Q9UNH5,0.70431144,94.06099518,586,594,substitution
Q3ZCQ8-2,Q3ZCQ8,0.70475874,77.4122807,,,insertion
Q7Z614-4,Q7Z614,0.194905588,29.74683544,95,316,substitution
P12872-3,P12872,0.311156532,98.26086957,114,114,deletion
P41235-4,P41235,0.752108488,94.04761905,,,insertion
O75486-4,O75486,0.806965242,80.61797753,2,34,substitution
Q9UJU6-5,Q9UJU6,0.274604903,76.04651163,3,105,deletion
Q99755-3,Q99755,0.839287207,97.68683274,30,52,substitution
Q8N3R3-2,Q8N3R3,0.439575633,21.97580645,107,496,substitution
Q15417-2,Q15417,0.464491324,87.53799392,2,42,deletion
Q969T3-2,Q969T3,0.282745977,52.54691689,197,373,substitution
Q07866-4,Q07866,0.617155098,86.97017268,551,573,substitution
P62633-8,P62633,0.580498614,95.50561798,36,72,substitution
Q13239-4,Q13239,0.669251198,79.18088737,2,161,substitution
Q6XYB7-2,Q6XYB7,0.550566774,71.28712871,2,69,substitution
Q9BTZ2-7,Q9BTZ2,0.570908921,53.14685315,137,277,substitution
Q9H8G2-2,Q9H8G2,0.25325669,59.83379501,2,146,deletion
Q96LW7-2,Q96LW7,0.548261819,52.10084034,102,228,substitution
P26436-6,P26436,0.609213517,64.1509434,43,137,deletion
Q969T3-3,Q969T3,0.200254129,40.21447721,150,373,substitution
Q07866-9,Q07866,0.63785428,89.6713615,,,insertion
Q14CB8-3,Q14CB8,0.868445402,96.36363636,2,19,substitution
Q86SE5-3,Q86SE5,0.396722074,95.72368421,,,insertion
Q9Y279-3,Q9Y279,0.431932592,76.19047619,138,232,substitution
P52926-6,P52926,0.281732629,76.14678899,84,109,substitution
P53990-5,P53990,0.578169858,96.04221636,2,228,substitution
Q7LG56-5,Q7LG56,0.277171789,11.68091168,42,350,substitution
P30044-4,P30044,0.468443282,58.41121495,59,147,deletion
Q9BQB4-2,Q9BQB4,0.636561209,95.41284404,64,73,substitution
Q96HZ4-3,Q96HZ4,0.786050038,99.10714286,57,58,deletion
P40426-5,P40426,0.671138905,82.71889401,2,76,deletion
Q96CS7-3,Q96CS7,0.581713156,99.54954955,142,142,deletion
Q9UF11-2,Q9UF11,0.545319843,85.59670782,131,165,deletion
Q7Z3K6-5,Q7Z3K6,0.194335258,19.67509025,106,550,substitution
A8MYP8-2,A8MYP8,0.259970449,32.17054264,3,253,substitution
Q8NHW4-7,Q8NHW4,0.41389941,28.0,26,91,substitution
Q9NS61-7,Q9NS61,0.724543471,79.42238267,25,116,substitution
Q6UW88-5,Q6UW88,0.398313394,66.88311688,36,135,substitution
Q9BT25-2,Q9BT25,0.405186197,85.12195122,2,62,deletion
P50591-2,P50591,0.382964726,31.92982456,91,281,substitution
O96017-11,O96017,0.355414774,41.43646409,77,394,deletion
P59103-3,P59103,0.378756908,53.59477124,2,72,deletion
O75449-2,O75449,0.41509797,62.52545825,168,491,substitution
Q5SSQ6-2,Q5SSQ6,0.434943059,83.14606742,,,insertion
P48061-4,P48061,0.595262976,62.85714286,89,93,substitution
Q86TP1-4,Q86TP1,0.390248239,51.21412804,15,311,substitution
Q16890-3,Q16890,0.383821428,62.74509804,129,204,substitution
O15488-2,O15488,0.642741905,93.61277445,3,33,deletion
Q9H3F6-3,Q9H3F6,0.552429363,44.12698413,2,175,substitution
P78310-5,P78310,0.637355197,51.52284264,191,365,substitution
Q9NP64-2,Q9NP64,0.610915972,90.04149378,2,25,deletion
Q8WTV1-3,Q8WTV1,0.529612385,99.58158996,90,90,deletion
Q8IXX5-2,Q8IXX5,0.356619511,62.76595745,237,376,deletion
Q9NST1-2,Q9NST1,0.87252524,99.16839917,59,62,deletion
Q14188-5,Q14188,0.439053919,86.12975391,2,173,substitution
Q9BU40-5,Q9BU40,0.298085739,99.78118162,,,insertion
O43435-2,O43435,0.72076382,83.21167883,338,398,substitution
Q5T124-3,Q5T124,0.513758144,76.92307692,67,186,deletion
P29692-3,P29692,0.464316835,91.45907473,40,63,deletion
Q86WV1-2,Q86WV1,0.550302753,99.72144847,293,293,deletion
Q8N370-4,Q8N370,0.709461059,72.05623902,2,167,substitution
O60268-3,O60268,0.695876672,97.56690998,328,337,deletion
Q14CN4-2,Q14CN4,0.391208542,99.80430528,363,363,deletion
Q9H2W1-5,Q9H2W1,0.742364567,79.21146953,2,248,substitution
Q5SVS4-2,Q5SVS4,0.724604411,82.4742268,2,52,deletion
Q9HAF1-2,Q9HAF1,0.714346596,90.86294416,178,190,substitution
Q9UKW6-3,Q9UKW6,0.517056867,45.66037736,2,264,substitution
P82675-2,P82675,0.502745738,52.18390805,226,430,substitution
Q92988-2,Q92988,0.48378601,63.3744856,2,94,substitution
Q96RR4-5,Q96RR4,0.632734061,80.0,442,588,substitution
Q8NBK3-3,Q8NBK3,0.706566811,82.00934579,340,373,substitution
Q6UXG3-4,Q6UXG3,0.686448496,89.75903614,296,332,substitution
Q9UI08-5,Q9UI08,0.427894763,94.25837321,2,361,substitution
Q9HAF1-4,Q9HAF1,0.712731186,91.83673469,179,191,substitution
Q96DB5-3,Q96DB5,0.453853989,86.30573248,166,266,substitution
Q96MD7-2,Q96MD7,0.312608447,18.99441341,35,179,substitution
Q5TAB7-2,Q5TAB7,0.39253019,54.6875,2,59,deletion
P51654-2,P51654,0.683578662,90.68965517,59,112,deletion
Q07002-3,Q07002,0.811766059,94.04761905,,,insertion
Q96S94-5,Q96S94,0.577972385,42.30769231,221,520,substitution
P24001-6,P24001,0.316280816,76.4957265,19,93,substitution
Q96HL8-4,Q96HL8,0.476813428,66.08187135,2,280,substitution
Q14129-2,Q14129,0.363204067,44.53781513,92,220,substitution
Q8WVB3-2,Q8WVB3,0.730117175,64.89184692,355,486,substitution
Q8WVV9-2,Q8WVV9,0.351476147,49.27007299,268,541,substitution
Q9UBI4-2,Q9UBI4,0.33301919,87.43718593,81,130,deletion
O15444-3,O15444,0.534082203,99.33333333,109,109,deletion
Q9NUH8-2,Q9NUH8,0.361121566,70.1754386,34,67,deletion
P14416-3,P14416,0.78415301,99.5505618,,,insertion
P58418-1,P58418,0.359938687,45.14767932,2,232,substitution
Q93015-2,Q93015,0.725992586,92.85714286,,,insertion
Q8IUN9-3,Q8IUN9,0.334166338,59.0778098,118,316,substitution
Q96L50-2,Q96L50,0.505571189,26.13908873,95,414,substitution
O15488-3,O15488,0.638254751,91.61676647,3,42,deletion
O95238-2,O95238,0.412927143,95.2238806,213,228,deletion
Q86UD3-2,Q86UD3,0.364088084,51.5625,132,253,substitution
Q9H000-2,Q9H000,0.639094845,89.66346154,11,53,deletion
Q8N668-2,Q8N668,0.666852419,82.63157895,155,190,substitution
O95758-5,O95758,0.78839173,99.45945946,,,insertion
Q9UKJ1-2,Q9UKJ1,0.478192631,87.45980707,264,303,substitution
Q5TGI0-2,Q5TGI0,0.307040389,31.5403423,2,281,deletion
Q14653-2,Q14653,0.328869985,70.25761124,201,327,deletion
Q6NXT6-2,Q6NXT6,0.752199224,97.5308642,551,567,substitution
Q9NX52-3,Q9NX52,0.357522687,43.56435644,133,303,deletion
Q08648-3,Q08648,0.26015367,60.8,72,103,substitution
P19438-2,P19438,0.326412741,76.26373626,3,110,deletion
P62820-3,P62820,0.648324235,62.92682927,65,140,deletion
Q8N4L8-2,Q8N4L8,0.417192593,88.27361564,43,78,deletion
O75953-5,O75953,0.520158952,75.32467532,,,insertion
Q9UF11-4,Q9UF11,0.577568793,77.77777778,2,165,substitution
O95758-4,O95758,0.765100271,96.95340502,3,14,substitution
Q9BV29-2,Q9BV29,0.289908069,95.36082474,,,insertion
Q86SX3-3,Q86SX3,0.501914753,69.41649899,2,297,substitution
Q6UXV1-2,Q6UXV1,0.687760183,55.29411765,136,221,substitution
P61244-5,P61244,0.393471303,37.95180723,58,160,substitution
Q99801-5,Q99801,0.595591548,81.1965812,40,83,deletion
Q16831-2,Q16831,0.162192016,5.3125,15,310,substitution
Q9NX07-2,Q9NX07,0.326766214,61.67247387,2,111,deletion
O15151-4,O15151,0.321145825,28.54291417,27,352,deletion
P52744-2,P52744,0.730268658,86.34812287,2,12,substitution
Q8N3J5-3,Q8N3J5,0.334066332,39.51612903,148,372,substitution
Q96S94-2,Q96S94,0.57904372,42.30769231,221,520,substitution
Q96DH6-3,Q96DH6,0.429104893,42.98780488,2,328,substitution
Q92565-2,Q92565,0.705816488,76.55172414,270,405,deletion
Q9UH73-2,Q9UH73,0.57254282,94.75465313,162,259,substitution
Q9NS23-9,Q9NS23,0.184586616,9.971509972,2,344,substitution
O60663-2,O60663,0.781514883,98.25870647,345,351,deletion
Q0GE19-7,Q0GE19,0.388613349,19.70588235,62,340,substitution
Q96T75-5,Q96T75,0.326248116,44.32989691,2,55,deletion
Q9BQ16-4,Q9BQ16,0.632992285,83.74717833,2,66,substitution
O60828-2,O60828,0.501255737,99.62264151,193,193,deletion
P28074-2,P28074,0.613320657,62.90909091,169,263,substitution
Q86SX3-5,Q86SX3,0.491736611,69.6969697,2,297,substitution
Q9BQ95-4,Q9BQ95,0.57202148,62.03703704,266,431,substitution
O43236-4,O43236,0.730037019,93.93939394,2,537,substitution
Q96PU8-3,Q96PU8,0.664428646,97.65395894,213,220,deletion
P49810-3,P49810,0.829293133,99.77678571,325,325,deletion
Q9P1A2-3,Q9P1A2,0.546203043,65.30120482,2,144,deletion
Q9NVS2-2,Q9NVS2,0.779474234,72.59259259,,,insertion
Q9NXR5-2,Q9NXR5,0.536206268,38.30275229,152,420,substitution
Q9BU40-4,Q9BU40,0.329505014,99.56331878,101,328,substitution
Q8TCB0-2,Q8TCB0,0.490581633,22.27171492,2,443,substitution
Q92985-2,Q92985,0.43592744,94.23459245,228,256,deletion
Q9UIK5-2,Q9UIK5,0.461360948,91.73333333,344,374,substitution
P22003-2,P22003,0.656159138,91.85022026,369,405,deletion
Q13239-5,Q13239,0.723332948,87.34177215,,,insertion
Q9H3U7-2,Q9H3U7,0.548313896,97.59299781,,,insertion
O60268-2,O60268,0.443460437,73.23600973,302,411,deletion
Q96NL3-2,Q96NL3,0.393308001,13.4551495,81,588,substitution
P32239-2,P32239,0.822656902,86.62790698,,,insertion
Q14188-4,Q14188,0.457613798,86.32286996,2,62,deletion
Q9NZC7-4,Q9NZC7,0.279181207,8.45410628,36,414,substitution
Q7Z422-2,Q7Z422,0.33492076,76.62337662,2,35,substitution
O00499-2,O00499,0.592232748,87.35244519,174,421,substitution
P50539-3,P50539,0.534469283,73.55932203,2,25,substitution
O60828-8,O60828,0.205636024,19.71326165,55,265,substitution
O75347-2,O75347,0.754961838,66.15384615,83,108,substitution
O00264-2,O00264,0.351703507,72.82051282,110,162,substitution
Q96HQ0-6,Q96HQ0,0.662673313,90.98039216,12,99,substitution
Q9BPX6-2,Q9BPX6,0.679289955,82.08333333,394,476,substitution
Q96DZ1-3,Q96DZ1,0.598806953,94.61697723,410,435,deletion
Q92731-9,Q92731,0.660053125,87.99249531,469,530,substitution
Q96RI1-1,Q96RI1,0.720660606,94.04517454,2,36,substitution
Q14508-5,Q14508,0.473868005,50.33557047,75,124,substitution
Q6XR72-2,Q6XR72,0.524395806,49.48453608,3,247,deletion
Q53GG5-2,Q53GG5,0.381036261,75.54945055,111,221,substitution
Q9UPM6-2,Q9UPM6,0.587801023,90.43715847,324,363,substitution
Q99801-3,Q99801,0.532908495,67.94871795,13,87,deletion
P05937-2,P05937,0.793661527,78.16091954,2,58,deletion
P50479-2,P50479,0.367040485,69.18429003,225,330,substitution
Q68CL5-4,Q68CL5,0.612061912,88.33333333,85,119,deletion
Q9BXJ4-3,Q9BXJ4,0.562307,77.11598746,,,insertion
O75829-2,O75829,0.543300248,99.7005988,265,265,deletion
Q7L513-7,Q7L513,0.261554301,34.54038997,27,261,deletion
Q8N983-7,Q8N983,0.64860929,60.93189964,157,214,substitution
Q07817-3,Q07817,0.765598047,83.26180258,189,233,substitution
O75900-2,O75900,0.703430583,90.48723898,,,insertion
Q9NXG6-3,Q9NXG6,0.735679542,89.1651865,,,insertion
Q96E66-4,Q96E66,0.716460151,56.06060606,146,192,substitution
O43353-2,O43353,0.458056331,74.62962963,2,138,deletion
Q15366-7,Q15366,0.612539337,86.84931507,169,279,substitution
Q5QGZ9-3,Q5QGZ9,0.293428406,24.52830189,64,265,substitution
P14635-2,P14635,0.627917475,91.45496536,363,399,deletion
Q8WUA7-3,Q8WUA7,0.435254099,57.33333333,2,517,substitution
Q70YC5-2,Q70YC5,0.54431424,77.14987715,309,407,substitution
P54252-4,P54252,0.570221114,95.84487535,64,78,deletion
Q9UHX1-4,Q9UHX1,0.436116068,89.26654741,2,116,substitution
Q6NZI2-3,Q6NZI2,0.304754829,50.51282051,4,195,deletion
O96001-2,O96001,0.227803048,67.09677419,28,78,deletion
Q8TD07-2,Q8TD07,0.65859138,86.31178707,28,63,deletion
Q9Y5N1-4,Q9Y5N1,0.771801791,96.85393258,85,98,deletion
Q9BQ65-3,Q9BQ65,0.555649134,58.95522388,150,265,substitution
Q96T75-6,Q96T75,0.293888053,35.05154639,2,65,substitution
Q96PU8-6,Q96PU8,0.656612638,92.08211144,312,341,substitution
P26436-5,P26436,0.503126402,66.41509434,43,184,substitution
A2A2Y4-3,A2A2Y4,0.412914124,59.29648241,2,597,substitution
Q6UXI9-5,Q6UXI9,0.370170756,94.69026549,387,416,substitution
P68106-2,P68106,0.750937321,66.66666667,67,108,substitution
Q9BWG6-2,Q9BWG6,0.374261877,84.7826087,2,36,deletion
Q9NVT9-2,Q9NVT9,0.472716878,47.05882353,2,155,substitution
Q6GPH4-2,Q6GPH4,0.434582389,93.68770764,57,75,deletion
P51878-5,P51878,0.616607233,96.6442953,,,insertion
P14678-2,P14678,0.430562534,95.41666667,230,240,substitution
P15927-3,P15927,0.553653807,74.30167598,,,insertion
Q96HQ0-4,Q96HQ0,0.644441684,97.45098039,12,24,substitution
Q7Z449-2,Q7Z449,0.399315952,29.96323529,164,544,substitution
Q5VZI3-3,Q5VZI3,0.930246249,99.70845481,,,insertion
Q9Y5R5-2,Q9Y5R5,0.310924567,37.78966132,210,561,substitution
Q13352-2,Q13352,0.466759736,90.05524862,162,177,substitution
Q9BSK1-2,Q9BSK1,0.558190615,87.83505155,96,154,deletion
O76075-4,O76075,0.475145721,24.56140351,81,338,substitution
P07305-2,P07305,0.62505047,90.20618557,3,19,deletion
Q9UKR0-3,Q9UKR0,0.399824322,33.73015873,66,248,substitution
Q86T03-2,Q86T03,0.433565456,97.53521127,,,insertion
Q96JA3-3,Q96JA3,0.372014215,83.8150289,434,519,substitution
Q96G25-3,Q96G25,0.374315968,66.79104478,2,90,deletion
O75911-2,O75911,0.456182828,40.25559105,115,301,substitution
Q08116-2,Q08116,0.454282213,72.72727273,149,209,substitution
Q96MG8-2,Q96MG8,0.626136673,60.82191781,2,137,substitution
Q9UKM9-2,Q9UKM9,0.518386027,94.77124183,110,125,deletion
P62633-5,P62633,0.64014997,94.97206704,36,72,substitution
Q9BWG6-3,Q9BWG6,0.356297067,60.43478261,134,230,substitution
Q96G25-2,Q96G25,0.666702877,89.03654485,,,insertion
Q5T4F4-3,Q5T4F4,0.580499698,98.79807692,,,insertion
Q7L5Y9-5,Q7L5Y9,0.491192456,41.56769596,153,396,substitution
Q8NI22-3,Q8NI22,0.69704357,68.66666667,2,50,substitution
P23560-5,P23560,0.653891429,89.49275362,,,insertion
Q9Y4P8-5,Q9Y4P8,0.764806273,81.05263158,2,417,substitution
P43351-2,P43351,0.549502816,41.94312796,157,418,substitution
O43566-6,O43566,0.411360662,61.02292769,55,351,substitution
Q86Y37-2,Q86Y37,0.564930803,79.94579946,296,369,substitution
P37231-3,P37231,0.292296823,35.44554455,2,504,substitution
P01135-2,P01135,0.724467824,99.375,32,32,deletion
Q5T7V8-2,Q5T7V8,0.325447849,59.89159892,222,369,deletion
O14986-2,O14986,0.745080929,86.37931034,25,540,substitution
Q6UXH8-3,Q6UXH8,0.261007952,52.95566502,3,193,deletion
Q969K3-2,Q969K3,0.42805924,99.46380697,,,insertion
P61296-2,P61296,0.581898259,82.94930876,27,101,substitution
O43399-6,O43399,0.359285083,79.12621359,7,125,substitution
Q9UK58-4,Q9UK58,0.464778541,42.96577947,226,526,substitution
Q9NT62-2,Q9NT62,0.873615247,93.31210191,290,314,substitution
F5H4B4-2,F5H4B4,0.632258175,82.80701754,2,98,substitution
O60784-3,O60784,0.50529343,90.85365854,123,167,deletion
Q13432-2,Q13432,0.772639889,84.48979592,204,240,substitution
Q7Z422-4,Q7Z422,0.290734657,80.26315789,2,34,substitution
P35348-6,P35348,0.748295769,66.73819742,295,466,substitution
Q9BYC9-2,Q9BYC9,0.626648053,62.35294118,93,149,substitution
A0JLT2-2,A0JLT2,0.546656672,78.68852459,191,244,substitution
O43581-5,O43581,0.626889653,77.20306513,,,insertion
P60484-2,P60484,0.785820679,69.96527778,,,insertion
Q9NQ55-3,Q9NQ55,0.769474413,86.99808795,448,473,substitution
Q96I27-2,Q96I27,0.690134762,82.25806452,,,insertion
Q8N4T0-3,Q8N4T0,0.240537478,14.34782609,65,437,substitution
Q6UXH8-2,Q6UXH8,0.261696635,25.71428571,2,305,substitution
O75914-3,O75914,0.774610468,96.37931034,,,insertion
Q9GZT9-2,Q9GZT9,0.576016597,94.83568075,338,359,deletion
Q00987-4,Q00987,0.246643177,40.12219959,28,300,deletion
Q07955-3,Q07955,0.419508136,75.0,185,248,substitution
P30968-2,P30968,0.590064397,54.57142857,176,328,substitution
Q8TDC0-3,Q8TDC0,0.280593892,22.22222222,2,251,substitution
Q9UBI4-4,Q9UBI4,0.329262194,87.18592965,81,264,substitution
P09630-2,P09630,0.504574809,65.10638298,2,83,deletion
P59052-2,P59052,0.202016631,38.0952381,52,145,substitution
Q8NC06-2,Q8NC06,0.65080194,65.2866242,192,268,substitution
Q8IZP0-7,Q8IZP0,0.490135507,82.87401575,274,360,substitution
Q8IU60-2,Q8IU60,0.793377616,91.66666667,315,349,deletion
Q96J77-2,Q96J77,0.393224127,90.0,125,140,substitution
Q9NZN8-2,Q9NZN8,0.544708751,67.59259259,2,176,deletion
Q9UHY8-2,Q9UHY8,0.419339942,92.89473684,,,insertion
Q6BAA4-5,Q6BAA4,0.538070934,51.24153499,11,426,substitution
Q9H0W8-2,Q9H0W8,0.668835155,95.19230769,496,520,deletion
P63162-2,P63162,0.559779542,97.95081967,,,insertion
Q6P5X5-2,Q6P5X5,0.38957083,69.3877551,65,105,substitution
P18577-12,P18577,0.509344632,39.20187793,163,417,substitution
Q9Y336-2,Q9Y336,0.719816628,80.15717092,402,463,substitution
P35348-4,P35348,0.703221489,87.47433265,424,466,substitution
Q96LA5-2,Q96LA5,0.405122682,41.63498099,2,295,substitution
Q8IZS5-4,Q8IZS5,0.350885745,49.35064935,115,230,substitution
Q15329-2,Q15329,0.644243841,99.71098266,295,295,deletion
Q96DP5-2,Q96DP5,0.490193419,35.98971722,141,389,substitution
Q9BRT8-4,Q9BRT8,0.306081715,28.60759494,114,395,deletion
Q9NQW5-2,Q9NQW5,0.532047122,24.9500998,2,492,substitution
Q96Q45-4,Q96Q45,0.657241402,76.71568627,36,130,deletion
O95793-3,O95793,0.302893099,85.07718696,2,203,substitution
Q14135-3,Q14135,0.276111845,8.13559322,22,290,substitution
P01222-2,P01222,0.592716767,60.86956522,2,54,substitution
Q9NQ29-3,Q9NQ29,0.532214178,94.60916442,2,20,substitution
Q9BPZ7-2,Q9BPZ7,0.507383081,93.10344828,321,356,deletion
Q9NQR9-2,Q9NQR9,0.433090345,23.59550562,74,355,substitution
Q8NCV1-2,Q8NCV1,0.691740581,87.66917293,141,244,substitution
Q9BY08-4,Q9BY08,0.400545091,37.1559633,81,206,substitution
P29692-4,P29692,0.380709375,93.23843416,78,96,deletion
P35372-3,P35372,0.781284594,86.09271523,389,400,substitution
Q6ZN11-3,Q6ZN11,0.690023701,76.84729064,2,95,deletion
Q7Z6Z6-2,Q7Z6Z6,0.598523251,73.42657343,66,179,deletion
Q92731-6,Q92731,0.668671211,88.30188679,469,530,substitution
Q96RR4-3,Q96RR4,0.670784743,87.16666667,520,588,substitution
Q8N2H9-4,Q8N2H9,0.633439912,64.60554371,282,469,substitution
Q969M7-5,Q969M7,0.404010104,36.58536585,72,185,substitution
Q6UX15-2,Q6UX15,0.465914227,97.90575916,29,36,deletion
Q5T2R2-2,Q5T2R2,0.635256368,68.02884615,279,415,substitution
Q7Z6A9-2,Q7Z6A9,0.426721417,83.39100346,135,182,deletion
P52926-3,P52926,0.264824551,77.06422018,84,109,substitution
Q9Y6S9-4,Q9Y6S9,0.53619739,41.74228675,223,549,substitution
Q9HAV5-3,Q9HAV5,0.542875827,99.33110368,,,insertion
P98153-3,P98153,0.410062415,57.81818182,315,550,substitution
Q8IZP0-2,Q8IZP0,0.484100873,87.79527559,155,388,substitution
P59103-2,P59103,0.298661437,9.803921569,16,153,substitution
Q96RR4-2,Q96RR4,0.693626039,90.47619048,533,588,substitution
Q6ZN17-2,Q6ZN17,0.307826137,72.0,2,71,deletion
Q9UHX1-6,Q9UHX1,0.438876268,91.77101968,9,116,substitution
O75822-3,O75822,0.54380188,81.00775194,50,98,deletion
Q96HJ9-2,Q96HJ9,0.468814857,19.82570806,88,113,substitution
Q9BYV8-2,Q9BYV8,0.469284132,80.69705094,254,325,deletion
Q53GG5-3,Q53GG5,0.388267904,35.82887701,111,364,substitution
Q9BQ95-2,Q9BQ95,0.536740606,63.10904872,267,431,substitution
Q9UJU6-4,Q9UJU6,0.32490887,75.17401392,2,234,substitution
Q6UW88-3,Q6UW88,0.404577493,72.72727273,96,137,deletion
P62633-4,P62633,0.539260988,99.43820225,,,insertion
Q96DH6-2,Q96DH6,0.364610451,69.81707317,2,328,substitution
Q9NQ84-2,Q9NQ84,0.643021235,97.35099338,,,insertion
Q4JDL3-14,Q4JDL3,0.432916652,28.80952381,2,420,substitution
Q9UI08-4,Q9UI08,0.439665188,92.78846154,368,397,deletion
P10620-2,P10620,0.734200682,50.96774194,75,155,substitution
Q9NP84-2,Q9NP84,0.540988038,72.86821705,33,67,deletion
Q96F24-3,Q96F24,0.522665144,83.77483444,2,38,substitution
Q9NVA1-2,Q9NVA1,0.406808708,91.30434783,192,217,deletion
Q6ZUS6-5,Q6ZUS6,0.311427403,89.60302457,,,insertion
Q9H3N8-2,Q9H3N8,0.708813232,77.43589744,65,152,deletion
Q7RTT9-2,Q7RTT9,0.889355641,91.77570093,139,182,substitution
Q9BWL3-5,Q9BWL3,0.326781338,59.28853755,96,253,substitution
Q96J88-3,Q96J88,0.585951607,77.31707317,318,318,substitution
P29353-3,P29353,0.420479403,73.41337907,2,156,deletion
Q05084-3,Q05084,0.743337673,99.79296066,7,7,deletion
Q7L592-2,Q7L592,0.779508464,77.77777778,73,227,substitution
O75616-2,O75616,0.517898281,60.18306636,257,437,substitution
Q6NZ63-2,Q6NZ63,0.710564271,69.00584795,29,245,substitution
Q8TBB0-3,Q8TBB0,0.544501482,63.51351351,139,220,substitution
Q6ICG6-2,Q6ICG6,0.839088544,95.11002445,2,21,substitution
Q8WTV1-4,Q8WTV1,0.475637238,59.76095618,112,239,substitution
Q9NP99-3,Q9NP99,0.551372538,85.89211618,201,234,substitution
Q9BU76-4,Q9BU76,0.361542294,68.44106464,178,263,substitution
Q86WI0-3,Q86WI0,0.456265869,18.63636364,2,180,deletion
Q5T9C2-2,Q5T9C2,0.511994513,96.35416667,371,384,deletion
Q6ZRI8-2,Q6ZRI8,0.815956316,94.14990859,2,32,deletion
Q96HQ0-3,Q96HQ0,0.760490599,97.45098039,12,24,deletion
Q9NR56-3,Q9NR56,0.345477071,77.83505155,116,287,substitution
Q04206-3,Q04206,0.578231676,98.18511797,222,231,deletion
Q5JQS6-2,Q5JQS6,0.251764886,85.18518519,10,29,deletion
O00453-4,O00453,0.199041263,52.57731959,2,46,substitution
Q6PJE2-5,Q6PJE2,0.329647622,61.4973262,116,187,deletion
Q8WVP7-2,Q8WVP7,0.554515959,42.85714286,206,467,deletion
P04921-2,P04921,0.343748144,83.59375,2,22,deletion
P60323-2,P60323,0.466447515,90.10416667,,,insertion
P50749-2,P50749,0.32731711,41.49253731,2,326,substitution
Q5VTB9-3,Q5VTB9,0.378552628,55.23648649,2,331,substitution
Q9BXQ6-2,Q9BXQ6,0.495953075,38.58131488,2,356,deletion
Q9NP64-3,Q9NP64,0.543329069,92.53112033,2,22,substitution
O00499-5,O00499,0.667354402,92.74873524,335,377,deletion
Q8IUB3-2,Q8IUB3,0.531852494,49.0,2,31,substitution
P55001-3,P55001,0.491216151,83.60655738,13,42,deletion
Q8TBZ3-6,Q8TBZ3,0.749841495,86.74698795,84,569,substitution
Q6ZTQ3-3,Q6ZTQ3,0.663247674,85.09485095,23,80,substitution
Q96QS1-2,Q96QS1,0.617887132,90.625,2,31,deletion
O95755-2,O95755,0.664591891,93.39339339,55,76,deletion
Q5SQN1-3,Q5SQN1,0.385453222,38.34745763,2,464,substitution
A1Z1Q3-1,A1Z1Q3,0.661486084,94.86607143,,,insertion
Q6BAA4-4,Q6BAA4,0.572392322,52.82167043,192,426,substitution
Q96Q11-3,Q96Q11,0.20478806,11.72413793,50,434,substitution
P10747-3,P10747,0.364550083,61.36363636,40,124,substitution
Q96T55-4,Q96T55,0.667587977,65.55555556,222,309,substitution
Q96CS7-6,Q96CS7,0.564653291,96.52173913,,,insertion
Q6PK81-2,Q6PK81,0.733227449,99.77375566,12,12,deletion
O60784-4,O60784,0.316864419,92.90060852,2,442,substitution
Q96FC7-3,Q96FC7,0.197732015,9.685863874,36,376,substitution
P43354-2,P43354,0.646875048,89.46488294,2,64,deletion
Q96L08-2,Q96L08,0.540723804,86.64122137,2,30,substitution
Q68G74-2,Q68G74,0.654934753,97.19101124,2,11,deletion
P20366-4,P20366,0.363264209,73.64341085,74,115,substitution
Q92664-2,Q92664,0.549219014,92.62295082,164,190,substitution
Q9UHX1-5,Q9UHX1,0.441055919,94.81216458,9,37,deletion
Q9BSQ5-3,Q9BSQ5,0.401222936,79.5045045,158,248,deletion
Q00537-2,Q00537,0.726316968,97.34848485,513,523,substitution
Q8IZR5-3,Q8IZR5,0.64812622,76.4957265,34,234,substitution
Q6ZMN8-2,Q6ZMN8,0.752523363,95.84415584,,,insertion
Q03060-30,Q03060,0.34664035,63.76811594,42,245,substitution
Q6NW29-2,Q6NW29,0.241314903,49.46808511,2,96,deletion
O95780-3,O95780,0.619615703,93.57429719,2,33,deletion
Q6PIL6-4,Q6PIL6,0.848348225,80.8,3,55,substitution
Q9H8M2-2,Q9H8M2,0.270243809,34.50586265,2,392,deletion
Q99801-4,Q99801,0.53536212,70.51282051,15,83,deletion
Q9UHQ4-2,Q9UHQ4,0.754696938,66.66666667,231,241,substitution
Q8TCQ1-2,Q8TCQ1,0.723068422,79.93421053,2,54,substitution
Q92731-5,Q92731,0.685243672,88.67924528,469,530,substitution
P54284-5,P54284,0.633119876,91.52892562,57,97,deletion
Q9BUV8-3,Q9BUV8,0.75656623,92.70072993,118,127,substitution
O60784-2,O60784,0.713535027,99.59432049,442,442,substitution
P28223-2,P28223,0.707111738,72.68907563,2,138,substitution
P15812-12,P15812,0.271406872,31.02564103,20,344,substitution
Q6UWQ7-2,Q6UWQ7,0.692408957,88.46153846,2,6,substitution
Q8N9L1-4,Q8N9L1,0.545878594,38.32335329,25,230,deletion
Q9BPZ7-3,Q9BPZ7,0.44094569,90.99616858,357,403,deletion
Q96BK5-2,Q96BK5,0.296767881,42.72727273,133,328,substitution
Q7Z698-2,Q7Z698,0.837302062,98.0861244,2,9,substitution
Q96L11-2,Q96L11,0.367899258,36.06557377,45,122,substitution
Q8N594-2,Q8N594,0.330476989,84.03193613,283,412,substitution
Q03060-7,Q03060,0.392854533,70.72463768,2,244,substitution
Q9UN30-1,Q9UN30,0.388087645,63.2218845,2,122,deletion
Q13153-2,Q13153,0.658941155,94.40433213,518,545,substitution
Q15043-2,Q15043,0.623873126,91.8699187,445,492,substitution
Q06643-2,Q06643,0.270733037,23.7704918,55,244,substitution
Q9H410-4,Q9H410,0.784151499,95.50561798,2,17,deletion
Q7Z6K5-2,Q7Z6K5,0.62926312,56.85279188,225,226,substitution
Q7L513-3,Q7L513,0.387238372,75.20891365,78,166,deletion
Q9UGJ0-3,Q9UGJ0,0.643989117,92.26713533,2,45,deletion
Q96GE9-2,Q96GE9,0.600875061,96.55172414,93,96,deletion
Q5T124-7,Q5T124,0.371544263,48.32089552,34,520,substitution
Q6H3X3-3,Q6H3X3,0.506618244,52.69461078,118,334,substitution
O95866-3,O95866,0.520945574,81.52610442,138,180,substitution
Q6W5P4-8,Q6W5P4,0.366963438,34.77088949,130,371,substitution
Q5T8I3-2,Q5T8I3,0.499555123,96.66666667,347,360,substitution
Q13098-6,Q13098,0.724600336,62.12361331,12,491,substitution
Q99706-6,Q99706,0.376320632,61.00795756,27,270,substitution
Q96C92-4,Q96C92,0.446695315,83.2183908,24,96,deletion
Q8TBZ3-5,Q8TBZ3,0.75497147,89.27943761,84,144,deletion
O43768-2,O43768,0.310956833,96.69421488,118,121,deletion
Q9BQQ3-3,Q9BQQ3,0.486992635,53.39366516,2,440,substitution
P85299-3,P85299,0.602044852,97.68041237,2,10,deletion
Q9UI08-2,Q9UI08,0.555207182,99.28229665,,,insertion
P15407-2,P15407,0.288158526,62.36162362,34,135,deletion
P30044-3,P30044,0.629423344,79.43925234,103,146,deletion
Q86V40-2,Q86V40,0.635587519,90.2970297,225,273,deletion
Q8TB45-2,Q8TB45,0.336746179,75.30562347,43,143,deletion
Q8NCE0-2,Q8NCE0,0.744789065,96.34408602,304,320,deletion
Q96CS7-4,Q96CS7,0.614651611,45.12195122,99,222,substitution
Q9NUL3-7,Q9NUL3,0.414867271,76.64473684,2,509,substitution
Q96FG2-2,Q96FG2,0.469185171,63.23907455,247,381,substitution
O15126-2,O15126,0.362742688,46.44970414,158,338,deletion
Q96HQ0-2,Q96HQ0,0.611355222,93.34637965,25,99,substitution
Q9BRK3-4,Q9BRK3,0.46895878,77.14932127,25,125,deletion
Q5SQI0-3,Q5SQI0,0.566592171,94.29928741,195,218,substitution
Q8IZP0-4,Q8IZP0,0.33173293,88.77952756,274,388,substitution
P84103-2,P84103,0.639710933,69.51219512,115,164,substitution
P57789-4,P57789,0.73225122,96.52650823,2,12,substitution
Q92838-3,Q92838,0.586849914,99.48849105,308,309,deletion
Q9Y6I8-2,Q9Y6I8,0.313760471,28.77358491,59,212,substitution
Q15366-8,Q15366,0.673348892,87.94520548,198,279,substitution
Q9UHX1-3,Q9UHX1,0.655090831,92.30769231,2,44,deletion
Q13352-4,Q13352,0.224090687,35.02824859,63,177,deletion
Q96HC4-4,Q96HC4,0.482376502,81.7114094,98,206,deletion
Q96G97-4,Q96G97,0.752246815,86.14718615,,,insertion
Q8TBZ3-4,Q8TBZ3,0.732855926,87.69771529,2,144,substitution
Q16670-2,Q16670,0.583026391,67.9916318,3,155,deletion
Q96HQ0-5,Q96HQ0,0.595401848,99.80430528,,,insertion
P35348-2,P35348,0.718850973,88.86597938,424,466,substitution
Q9UBC7-2,Q9UBC7,0.272311767,25.98425197,30,115,substitution
Q15599-3,Q15599,0.584428898,61.0619469,3,138,substitution
Q12981-3,Q12981,0.480296904,71.58671587,60,123,substitution
P10747-4,P10747,0.386401284,55.45454545,40,137,substitution
P35638-2,P35638,0.35380309,88.02083333,,,insertion
Q8NDF8-3,Q8NDF8,0.739449253,86.91437803,445,572,substitution
Q9HAF1-3,Q9HAF1,0.679703996,94.52736318,178,178,substitution
Q9P287-2,Q9P287,0.73046411,80.83832335,259,314,substitution
P04921-3,P04921,0.447259797,85.15625,23,41,deletion
O75638-2,O75638,0.412170035,62.38938053,135,210,substitution
O43399-2,O43399,0.385163926,90.29126214,107,126,deletion
Q6IPR3-2,Q6IPR3,0.72262318,87.25868726,86,118,deletion
Q5F1R6-2,Q5F1R6,0.607982684,92.1875,,,insertion
P57789-3,P57789,0.675473825,96.16788321,2,12,substitution
Q96RI1-5,Q96RI1,0.57927135,83.57289528,2,209,substitution
Q99766-2,Q99766,0.549076121,54.75113122,106,200,substitution
O95922-2,O95922,0.406536798,10.40189125,39,423,substitution
Q86TE4-4,Q86TE4,0.509330109,75.14450867,3,88,deletion
O14668-2,O14668,0.379809946,23.96694215,58,217,substitution
Q02548-3,Q02548,0.502705015,71.06598985,261,390,substitution
P54849-2,P54849,0.710231075,68.51851852,106,157,substitution
Q6ZUS6-4,Q6ZUS6,0.340348933,89.60302457,,,insertion
Q15366-4,Q15366,0.664663541,90.16393443,169,279,substitution
P49662-3,P49662,0.392658826,23.3933162,88,377,substitution
Q9NS73-5,Q9NS73,0.468137147,99.70930233,310,310,deletion
Q8IWT1-3,Q8IWT1,0.337158666,40.78947368,21,155,substitution
Q9BRR6-6,Q9BRR6,0.285244747,15.69416499,79,497,deletion
Q9NUG4-3,Q9NUG4,0.467399978,38.17863398,215,570,substitution
Q9NZI2-5,Q9NZI2,0.795451028,85.71428571,22,96,substitution
P10747-6,P10747,0.221857597,35.90909091,40,207,substitution
Q8IY50-2,Q8IY50,0.809335262,81.42857143,2,26,substitution
Q8IZ96-4,Q8IZ96,0.441181656,66.86390533,114,169,substitution
Q86WI0-2,Q86WI0,0.719414185,85.0,129,161,deletion
Q9Y442-2,Q9Y442,0.21930105,17.5,28,160,substitution
P14598-2,P14598,0.580833939,50.0,193,390,substitution
P40200-2,P40200,0.420274658,97.26495726,183,198,deletion
O43316-4,O43316,0.430713091,85.55555556,2,350,substitution
Q9BVS4-2,Q9BVS4,0.706262211,84.7826087,467,552,substitution
Q96RP7-2,Q96RP7,0.754202267,72.74549098,2,142,substitution
Q96EB1-3,Q96EB1,0.721292666,79.59183673,172,424,substitution
Q14CB8-2,Q14CB8,0.814058448,95.16441006,493,494,substitution
Q93062-2,Q93062,0.537221164,81.65137615,177,196,substitution
Q6P087-3,Q6P087,0.381811509,38.74643875,137,351,deletion
P25101-4,P25101,0.455134156,74.47306792,141,249,deletion
Q8IZJ6-2,Q8IZJ6,0.620953392,78.26086957,97,146,deletion
Q96C92-3,Q96C92,0.56251048,86.66666667,2,59,deletion
Q8N6I1-2,Q8N6I1,0.295468131,79.23728814,43,91,deletion
Q6ZTQ3-4,Q6ZTQ3,0.595122585,82.11382114,2,255,substitution
Q86WB0-2,Q86WB0,0.711927182,89.80392157,2,49,substitution
Q13286-6,Q13286,0.693013407,73.05936073,99,226,substitution
Q9H1Q7-3,Q9H1Q7,0.567838589,68.72246696,69,354,substitution
Q9BSQ5-4,Q9BSQ5,0.479105846,86.93693694,11,68,deletion
Q9BXN2-10,Q9BXN2,0.258425447,31.4516129,68,247,substitution
Q92784-4,Q92784,0.432566142,47.75725594,178,378,substitution
Q8IZP0-11,Q8IZP0,0.291065023,64.56692913,96,389,substitution
Q99801-2,Q99801,0.517225799,77.77777778,8,56,deletion
Q3KQZ1-4,Q3KQZ1,0.845854412,79.93630573,244,300,substitution
P54725-3,P54725,0.255160072,99.72451791,227,227,deletion
Q8N4Q1-2,Q8N4Q1,0.718232549,89.03225806,2,6,substitution
Q8N6F1-3,Q8N6F1,0.62921276,67.10526316,131,224,substitution
O60663-3,O60663,0.683848986,95.64164649,296,350,substitution
Q15599-2,Q15599,0.807746389,96.73590504,286,296,deletion
P50219-2,P50219,0.340363728,43.3915212,2,231,substitution
Q9UBL9-7,Q9UBL9,0.704861672,58.77712032,104,447,substitution
Q6KCM7-5,Q6KCM7,0.693612717,84.81262327,3,125,substitution
Q5SZQ8-3,Q5SZQ8,0.413417632,99.78494624,93,93,deletion
Q86Y33-2,Q86Y33,0.670794002,99.22928709,484,487,deletion
Q6NSZ9-3,Q6NSZ9,0.229484993,9.417596035,2,217,deletion
Q9UHD8-8,Q9UHD8,0.62652687,54.04191617,2,240,substitution
Q96LT9-2,Q96LT9,0.452484121,99.8065764,299,299,deletion
Q1HG43-3,Q1HG43,0.675487827,86.88046647,69,113,deletion
Q93038-9,Q93038,0.402459336,89.20863309,54,98,deletion
Q96M20-2,Q96M20,0.686638028,99.30555556,424,427,deletion
O95628-5,O95628,0.618653346,72.88428325,419,575,substitution
Q8N0Y2-2,Q8N0Y2,0.423592485,99.6941896,136,136,deletion
Q8N5S9-2,Q8N5S9,0.684647025,88.76611418,229,505,substitution
P01135-3,P01135,0.682397756,96.91358025,32,160,substitution
Q9BYE7-3,Q9BYE7,0.313919769,78.28571429,186,261,substitution
Q06710-5,Q06710,0.505956516,59.77777778,260,450,substitution
Q8TAG5-2,Q8TAG5,0.679035988,88.21138211,213,236,substitution
Q9BXN2-7,Q9BXN2,0.320152338,51.01214575,68,247,substitution
O43852-5,O43852,0.56104922,72.6984127,166,251,deletion
Q9Y6F8-2,Q9Y6F8,0.52548769,95.16994633,532,540,substitution
Q16625-6,Q16625,0.211950066,9.962406015,50,522,substitution
Q9NRD5-2,Q9NRD5,0.711854687,63.28293737,279,415,substitution
Q96PQ6-4,Q96PQ6,0.605849092,85.71428571,2,86,deletion
Q8NCC5-3,Q8NCC5,0.752628753,71.84466019,342,494,substitution
Q8NDD1-5,Q8NDD1,0.373319976,99.65986395,,,insertion
P23760-4,P23760,0.515195468,81.83716075,393,479,substitution
P51815-2,P51815,0.390087263,81.37254902,138,232,deletion
Q96K21-2,Q96K21,0.250953189,78.96825397,2,93,substitution
Q96S94-4,Q96S94,0.561401541,42.99424184,221,520,substitution
Q96N11-2,Q96N11,0.431006327,78.39643653,65,292,substitution
Q49AH0-2,Q49AH0,0.427632179,45.45454545,2,103,deletion
Q15366-5,Q15366,0.608583409,91.2568306,198,279,substitution
Q8N4B1-2,Q8N4B1,0.217794893,44.97991968,2,138,substitution
Q14653-5,Q14653,0.399824117,12.05073996,56,427,substitution
Q9UBL9-6,Q9UBL9,0.652733624,78.34394904,38,152,substitution
Q9HA72-3,Q9HA72,0.552781851,57.89473684,181,322,substitution
Q96H86-2,Q96H86,0.558093619,99.75490196,104,104,deletion
Q8IZP0-3,Q8IZP0,0.436142855,88.97637795,274,388,substitution
Q2T9K0-4,Q2T9K0,0.555301943,70.3187251,205,475,substitution
P78396-2,P78396,0.75188743,99.78494624,38,38,deletion
Q9BSF8-2,Q9BSF8,0.620399263,91.05691057,2,33,substitution
Q9UK00-2,Q9UK00,0.230220164,87.65432099,60,79,deletion
Q5R372-2,Q5R372,0.457804856,63.88235294,10,815,substitution
P28702-3,P28702,0.758837676,99.25512104,,,insertion
P50461-2,P50461,0.392064273,20.58823529,38,194,substitution
P14921-2,P14921,0.334976517,80.27210884,245,331,deletion
P15812-11,P15812,0.283072205,34.1025641,20,301,substitution
Q6ZVM7-3,Q6ZVM7,0.472493784,91.12426036,123,167,deletion
Q9UHC7-4,Q9UHC7,0.397465256,68.25726141,330,482,deletion
Q07817-2,Q07817,0.368256864,72.96137339,126,188,deletion
Q06587-2,Q06587,0.37624236,92.85714286,2,30,deletion
Q9NQ94-2,Q9NQ94,0.632763551,98.65319865,381,388,deletion
Q9BY08-3,Q9BY08,0.456017491,28.125,58,206,substitution
Q8N801-2,Q8N801,0.190289795,69.75806452,174,248,substitution
Q03060-2,Q03060,0.318411604,60.94182825,2,245,substitution
P09131-2,P09131,0.713793824,93.92033543,120,148,deletion
Q9H2X3-4,Q9H2X3,0.25642163,55.63909774,170,399,substitution
Q92956-2,Q92956,0.414455445,66.07773852,2,100,substitution
Q7Z614-3,Q7Z614,0.21285134,30.76923077,95,316,substitution
Q9UMX0-4,Q9UMX0,0.310352428,26.14601019,150,589,substitution
O43852-7,O43852,0.484523089,41.58730159,75,315,substitution
Q6ZRI8-4,Q6ZRI8,0.809187632,92.5,2,31,substitution
P40424-3,P40424,0.577011194,92.23744292,401,430,substitution
O95299-2,O95299,0.808669874,74.88687783,184,355,substitution
Q9UGN4-3,Q9UGN4,0.286555167,31.10367893,14,209,deletion
P17036-2,P17036,0.220484513,21.20535714,92,446,substitution
O60239-2,O60239,0.318356422,65.49450549,2,158,deletion
Q7Z422-3,Q7Z422,0.512015058,88.15789474,18,35,deletion
Q9BXN2-9,Q9BXN2,0.3447788,27.53036437,69,247,substitution
Q9Y616-2,Q9Y616,0.644562794,89.76510067,45,105,deletion
Q9NS73-2,Q9NS73,0.351201542,86.3372093,298,344,substitution
Q6PI98-4,Q6PI98,0.521056062,84.21052632,,,insertion
Q8IUX8-2,Q8IUX8,0.358742668,99.81949458,,,insertion
P25686-2,P25686,0.629496743,84.56790123,275,324,substitution
Q9NR56-4,Q9NR56,0.341138606,75.5,116,338,substitution
Q02548-11,Q02548,0.468122229,67.49379653,261,391,substitution
Q96NA2-2,Q96NA2,0.318890361,46.88279302,2,213,substitution
Q9UPM6-5,Q9UPM6,0.481898173,86.19791667,2,363,substitution
Q8WUR7-3,Q8WUR7,0.580126619,75.28735632,123,153,substitution
P62633-6,P62633,0.608275324,98.88268156,,,insertion
Q8IXM2-3,Q8IXM2,0.594986122,89.0625,172,172,substitution
Q13938-3,Q13938,0.663209529,90.18181818,217,243,deletion
Q16890-2,Q16890,0.366782819,69.60784314,143,204,substitution
Q96B36-2,Q96B36,0.263389751,49.21875,2,131,deletion
Q8NCE0-3,Q8NCE0,0.655061432,94.40860215,278,303,deletion
Q9Y3V2-3,Q9Y3V2,0.488791448,58.39416058,2,267,substitution
Q9NS61-5,Q9NS61,0.693598925,80.0,25,163,substitution
P35372-10,P35372,0.752890387,81.13590264,,,insertion
Q8IZV2-2,Q8IZV2,0.370028547,66.47398844,50,107,deletion
Q9NR56-6,Q9NR56,0.388592074,84.06169666,270,388,substitution
O75386-2,O75386,0.569388223,87.4251497,437,442,substitution
Q92838-9,Q92838,0.551072263,98.72122762,265,308,substitution
O60928-2,O60928,0.2805509,22.22222222,76,360,substitution
Q8N584-3,Q8N584,0.23028881,10.58020478,57,583,substitution
Q9UJL9-2,Q9UJL9,0.596909683,80.8988764,3,104,deletion
Q9BWK5-2,Q9BWK5,0.322739525,70.37037037,2,45,substitution
Q86WG3-3,Q86WG3,0.628859016,97.87798408,370,370,substitution
Q9UH03-3,Q9UH03,0.222569746,19.55307263,68,358,substitution
O15178-2,O15178,0.587647855,86.43678161,244,302,substitution
Q9BWV3-3,Q9BWV3,0.387799755,28.21011673,144,514,substitution
Q86SI9-3,Q86SI9,0.332003592,47.82608696,67,135,substitution
Q9NSY0-2,Q9NSY0,0.306852291,46.65354331,2,280,substitution
A6NFC5-2,A6NFC5,0.739032357,87.44394619,64,91,substitution
Q9BRK5-5,Q9BRK5,0.403748795,35.91160221,2,233,deletion
O00294-2,O00294,0.56230729,90.22140221,64,116,deletion
Q6NXT4-3,Q6NXT4,0.613776945,95.01084599,273,295,deletion
Q96E14-2,Q96E14,0.642761525,35.66878981,2,98,substitution
Q99439-2,Q99439,0.479284005,87.37864078,131,169,deletion
Q9Y3I1-3,Q9Y3I1,0.619232102,78.16091954,2,115,deletion
P30307-4,P30307,0.545957226,82.45243129,66,153,substitution
Q6YI46-2,Q6YI46,0.343462247,30.52631579,2,265,substitution
Q8NDD1-6,Q8NDD1,0.543169422,99.65870307,151,151,deletion
Q969W8-2,Q969W8,0.588504769,99.76133652,,,insertion
Q9NUL3-2,Q9NUL3,0.321818962,93.50877193,2,38,substitution
O43464-3,O43464,0.64155253,91.02564103,314,403,substitution
Q92466-2,Q92466,0.510510569,55.73770492,153,341,deletion
Q8TC26-2,Q8TC26,0.447216016,29.89690722,2,289,substitution
Q9BZB8-4,Q9BZB8,0.63636555,85.86572438,2,357,substitution
Q86U42-2,Q86U42,0.451083486,96.07843137,295,306,substitution
Q8NEM1-2,Q8NEM1,0.410097624,17.9245283,85,530,substitution
Q32NC0-2,Q32NC0,0.228109901,60.0,2,89,deletion
Q9BSA4-2,Q9BSA4,0.299197099,39.88764045,3,323,deletion
P41440-2,P41440,0.659216456,90.01692047,2,63,substitution
P53990-3,P53990,0.593068699,78.51458886,238,364,substitution
P28799-3,P28799,0.276754781,59.27750411,2,251,substitution
Q96RR4-7,Q96RR4,0.745273676,90.81632653,533,588,substitution
Q8N9V6-2,Q8N9V6,0.515949377,54.18894831,302,530,substitution
Q99706-3,Q99706,0.57551497,90.71618037,236,270,deletion
Q96DZ9-3,Q96DZ9,0.420244437,52.46636771,43,160,substitution
Q8WVI7-2,Q8WVI7,0.234891585,93.96551724,,,insertion
Q8IZU0-2,Q8IZU0,0.514786317,66.10878661,2,93,substitution
Q5BKX5-2,Q5BKX5,0.577359733,28.73239437,2,349,substitution
Q9BXN2-6,Q9BXN2,0.309292892,47.43083004,68,247,substitution
Q9HA38-2,Q9HA38,0.448155822,99.65397924,220,220,deletion
Q96JF0-2,Q96JF0,0.563918035,83.64661654,441,529,substitution
Q9NQ94-3,Q9NQ94,0.610627723,92.80936455,2,388,substitution
Q8N2H4-2,Q8N2H4,0.558076226,48.71794872,77,156,deletion
P16410-2,P16410,0.35906695,25.11210762,38,204,deletion
Q96FG2-6,Q96FG2,0.645258492,81.34328358,315,381,substitution
Q9NQX7-3,Q9NQX7,0.610396513,86.1423221,151,187,deletion
Q9NRX4-2,Q9NRX4,0.710631872,74.62686567,96,125,substitution
Q8N370-2,Q8N370,0.654051331,67.68982229,407,569,substitution
Q5DX21-3,Q5DX21,0.475779203,90.57471264,2,235,substitution
P35680-3,P35680,0.654768784,62.30366492,350,557,substitution
Q6P6C2-1,Q6P6C2,0.730264561,82.65524625,386,394,substitution
Q96K21-3,Q96K21,0.303635757,85.5626327,276,343,deletion
Q96HC4-7,Q96HC4,0.461225537,79.2358804,98,596,substitution
Q3SXY8-2,Q3SXY8,0.381817717,75.0,21,127,deletion
Q9BTM9-2,Q9BTM9,0.720333118,50.9202454,80,101,substitution
Q92563-2,Q92563,0.254112505,15.09433962,64,424,substitution
O43247-2,O43247,0.194987104,69.64285714,2,86,deletion
Q9NVA1-4,Q9NVA1,0.670492664,90.96989967,109,135,deletion
Q719I0-3,Q719I0,0.563433665,45.81939799,2,163,deletion
Q6WBX8-2,Q6WBX8,0.638493298,80.04694836,2,426,substitution
Q9NQ34-2,Q9NQ34,0.365986245,62.62626263,2,75,deletion
Q9BU19-4,Q9BU19,0.229371179,12.75797373,61,519,substitution
Q03060-32,Q03060,0.343367344,57.06371191,2,345,substitution
O43566-4,O43566,0.225288841,34.98233216,2,566,substitution
Q8N108-20,Q8N108,0.25729408,10.96408318,2,512,substitution
Q92890-1,Q92890,0.622120952,89.50437318,,,insertion
Q96NA8-2,Q96NA8,0.727793179,99.80506823,329,329,deletion
Q96RR4-4,Q96RR4,0.588784083,92.68707483,442,484,deletion
O14512-2,O14512,0.488155798,56.9707401,2,251,deletion
Q96HH9-5,Q96HH9,0.412574649,75.69444444,2,105,deletion
Q92782-3,Q92782,0.388763151,67.68867925,2,56,deletion
O00167-2,O00167,0.598056493,95.53903346,99,122,deletion
Q9H1N7-3,Q9H1N7,0.569961271,64.63414634,261,401,substitution
Q8NA29-3,Q8NA29,0.762987184,63.05084746,2,186,substitution
Q8N5H3-1,Q8N5H3,0.396522478,93.12169312,98,110,deletion
Q6NT76-2,Q6NT76,0.507026275,89.36170213,344,420,substitution
Q969X2-3,Q969X2,0.617873621,73.00771208,272,333,substitution
Q6ICL7-2,Q6ICL7,0.542500252,60.28571429,208,350,substitution
Q96A73-3,Q96A73,0.339422964,32.13114754,2,208,deletion
Q68EN5-2,Q68EN5,0.641718974,78.09330629,385,471,substitution
Q9NQ69-3,Q9NQ69,0.474408563,74.00990099,2,397,substitution
P41134-2,P41134,0.422632486,92.25806452,143,155,substitution
Q9UI08-3,Q9UI08,0.386311036,83.67816092,2,416,substitution
Q9BWK5-3,Q9BWK5,0.226380349,64.96815287,2,56,deletion
O76075-3,O76075,0.455342389,23.28767123,81,338,substitution
Q6P4E1-2,Q6P4E1,0.465923389,86.9266055,358,414,substitution
P11686-2,P11686,0.484332207,96.95431472,146,151,deletion
Q9BZB8-2,Q9BZB8,0.604603504,86.74911661,2,76,deletion
Q9H1Y3-2,Q9H1Y3,0.597571759,75.87064677,126,231,substitution
Q3SX64-2,Q3SX64,0.299530339,87.5432526,43,78,deletion
Q92985-4,Q92985,0.481766999,96.70542636,2,6,substitution
Q9Y225-2,Q9Y225,0.796612252,87.5739645,,,insertion
Q96MH6-3,Q96MH6,0.277790985,36.11111111,110,324,substitution
P52429-2,P52429,0.440515145,27.02237522,156,567,substitution
Q7L513-9,Q7L513,0.6595994,95.4787234,,,insertion
Q9H7Y0-2,Q9H7Y0,0.432511892,38.0952381,167,433,substitution
Q4AE62-4,Q4AE62,0.675846598,70.71129707,329,457,substitution
Q9UK59-2,Q9UK59,0.423418143,56.59340659,2,237,substitution
P24530-3,P24530,0.794196978,83.08270677,,,insertion
Q96AN5-2,Q96AN5,0.497844099,78.21350763,89,188,deletion
Q96HJ3-2,Q96HJ3,0.351731134,53.80577428,203,373,substitution
P22626-2,P22626,0.619150027,96.03399433,3,14,deletion
Q9NUL3-6,Q9NUL3,0.237993857,69.8245614,2,173,deletion
Q9NUK0-2,Q9NUK0,0.514696341,85.63685637,260,354,substitution
Q9UJV8-2,Q9UJV8,0.662089954,85.14285714,289,347,substitution
Q96FZ5-2,Q96FZ5,0.375550897,81.14285714,112,144,deletion
Q96G28-2,Q96G28,0.419487616,93.1880109,,,insertion
Q4JDL3-11,Q4JDL3,0.414956677,63.57142857,2,306,substitution
Q9UPM6-4,Q9UPM6,0.485544635,83.79746835,2,363,substitution
P52926-2,P52926,0.255829172,79.09090909,84,109,substitution
Q9UHX1-2,Q9UHX1,0.418157251,96.9588551,103,119,deletion
A2A2Y4-4,A2A2Y4,0.224679257,27.55775578,2,597,substitution
O95258-3,O95258,0.837343113,90.4494382,23,198,substitution
Q03060-13,Q03060,0.324010204,54.31754875,2,245,substitution
Q07699-2,Q07699,0.629269808,54.91525424,150,218,substitution
Q9BZE9-4,Q9BZE9,0.350082188,58.09352518,2,553,substitution
Q9NR83-4,Q9NR83,0.333652937,48.8372093,2,199,deletion
Q400G9-2,Q400G9,0.599464719,44.63937622,201,498,substitution
Q9C010-2,Q9C010,0.246269093,91.76470588,,,insertion
Q16775-3,Q16775,0.460078586,51.38461538,146,308,substitution
P10909-3,P10909,0.450815975,61.02449889,2,176,deletion
O94864-4,O94864,0.403009138,66.18357488,5,140,substitution
Q06547-2,Q06547,0.492160728,96.96202532,195,206,deletion
P55001-2,P55001,0.625217888,99.45355191,13,13,deletion
Q86XK3-3,Q86XK3,0.498916468,94.69387755,2,14,deletion
Q7L513-10,Q7L513,0.639287106,93.97905759,2,26,substitution
Q8NBM4-4,Q8NBM4,0.232701105,45.63953488,2,188,deletion
Q9Y5P2-3,Q9Y5P2,0.249585569,37.79527559,2,105,substitution
Q96GE6-4,Q96GE6,0.557900518,76.02040816,55,101,deletion
Q9Y250-3,Q9Y250,0.379924825,94.46308725,473,505,deletion
Q8IWS0-2,Q8IWS0,0.444049659,77.35849057,141,365,substitution
Q9BT17-2,Q9BT17,0.620598187,58.21727019,193,334,substitution
Q8TD07-5,Q8TD07,0.593414207,83.26996198,165,208,substitution
Q8WU39-2,Q8WU39,0.349512264,40.20100503,60,189,substitution
Q4G0J3-3,Q4G0J3,0.846856978,98.81154499,,,insertion
Q9UN86-2,Q9UN86,0.421708377,93.15352697,243,275,deletion
P17936-2,P17936,0.59784592,97.97979798,,,insertion
Q96NJ3-2,Q96NJ3,0.534058094,73.72881356,2,156,deletion
Q02548-9,Q02548,0.496765484,81.58567775,159,366,substitution
Q5T124-6,Q5T124,0.324597121,54.47761194,286,520,substitution
Q96A59-2,Q96A59,0.617747413,62.06088993,199,401,substitution
P23760-5,P23760,0.628979598,81.83716075,393,478,substitution
P35348-8,P35348,0.70175761,65.41666667,295,466,substitution
Q9Y3T6-3,Q9Y3T6,0.599602991,90.45454545,104,145,deletion
Q9NSI8-2,Q9NSI8,0.267704891,54.95978552,20,187,deletion
Q8IWS0-4,Q8IWS0,0.439845614,77.2972973,140,365,substitution
Q8NHW4-8,Q8NHW4,0.379339803,27.35849057,26,91,substitution
P19438-3,P19438,0.343414823,49.01098901,2,233,deletion
Q8N5J2-3,Q8N5J2,0.680167573,90.71566731,,,insertion
Q9NP85-2,Q9NP85,0.487033013,82.24543081,179,246,deletion
Q99729-3,Q99729,0.665893444,83.18318318,26,310,substitution
Q99729-4,Q99729,0.667308707,83.78378378,26,310,substitution
P36941-2,P36941,0.570216907,93.56321839,2,32,substitution
P29353-5,P29353,0.29608669,62.43567753,2,221,substitution
Q9Y543-2,Q9Y543,0.399256052,29.18918919,48,173,substitution
P13727-2,P13727,0.6384935,95.04504505,112,122,deletion
Q9BWL3-4,Q9BWL3,0.47978519,79.0513834,23,114,substitution
Q9NYB9-2,Q9NYB9,0.55630816,82.28782288,155,398,substitution
Q8N7N1-2,Q8N7N1,0.469085005,43.70860927,81,114,deletion
P55854-2,P55854,0.727303165,73.04964539,,,insertion
Q05084-2,Q05084,0.716473308,94.3359375,,,insertion
Q9H902-2,Q9H902,0.55120981,80.58252427,2,35,substitution
Q9Y2I8-3,Q9Y2I8,0.387123715,49.59839357,243,494,substitution
O00273-2,O00273,0.388863413,78.85196375,262,331,substitution
Q96GE6-5,Q96GE6,0.180992882,24.36548223,45,196,substitution
Q9BSI4-2,Q9BSI4,0.597371521,78.49223947,355,451,deletion
Q15366-3,Q15366,0.857481809,98.63387978,169,279,substitution
Q01196-7,Q01196,0.447811923,53.42163355,138,453,substitution
Q9H9L7-2,Q9H9L7,0.242973843,76.5625,121,165,deletion
Q5BJH7-5,Q5BJH7,0.658662513,79.51807229,17,314,substitution
A2IDD5-2,A2IDD5,0.321195841,42.69406393,188,438,deletion
Q8IVM8-2,Q8IVM8,0.506665064,33.45259392,169,553,substitution
Q9UHD8-7,Q9UHD8,0.60975651,96.75767918,7,25,deletion
Q8IV50-2,Q8IV50,0.275584713,57.6744186,2,92,deletion
P54821-2,P54821,0.49518316,82.04081633,200,245,substitution
P22674-2,P22674,0.209611347,37.42857143,129,350,substitution
Q9BZE9-3,Q9BZE9,0.544622569,82.1799308,2,434,substitution
Q7Z7C8-4,Q7Z7C8,0.364270606,79.76539589,261,310,substitution
P0DI81-2,P0DI81,0.627601247,45.97701149,3,140,substitution
O60291-4,O60291,0.725196323,96.01449275,356,377,deletion
Q8N5Y2-4,Q8N5Y2,0.677865705,68.13819578,2,167,deletion
Q9H6L4-2,Q9H6L4,0.406659486,32.53588517,58,198,substitution
O96017-10,O96017,0.25255793,24.67771639,131,543,substitution
O00453-11,O00453,0.526692491,93.26923077,,,insertion
Q2TAL5-2,Q2TAL5,0.377004635,68.76355748,2,145,deletion
O95544-2,O95544,0.712259344,75.29610829,88,131,substitution
Q8NG50-6,Q8NG50,0.589682824,75.60137457,2,222,substitution
Q8N8Q8-4,Q8N8Q8,0.217563622,33.62318841,113,333,substitution
O95971-3,O95971,0.698433101,76.4957265,180,181,substitution
Q99719-2,Q99719,0.72210287,65.52567237,2,369,substitution
O60667-3,O60667,0.445567266,65.73604061,237,390,substitution
Q96NX5-2,Q96NX5,0.637127562,94.12997904,448,476,substitution
Q13360-3,Q13360,0.229481197,23.90852391,113,481,substitution
Q9NQ69-4,Q9NQ69,0.505023877,77.97029703,313,397,substitution
Q9BZW8-4,Q9BZW8,0.362349137,73.78378378,128,224,deletion
Q9NQR1-2,Q9NQR1,0.612260386,87.59493671,2,57,substitution
P20366-2,P20366,0.258163187,85.27131783,97,115,substitution
P42696-2,P42696,0.213793431,51.03926097,220,430,substitution
Q9Y603-2,Q9Y603,0.48008931,72.09302326,2,102,substitution
Q9UKA8-5,Q9UKA8,0.223875705,75.93360996,66,123,deletion
O43768-6,O43768,0.340433987,79.36507937,2,121,substitution
Q9BX59-6,Q9BX59,0.702672748,50.9202454,236,468,substitution
Q6GPH4-7,Q6GPH4,0.355211756,94.01993355,57,74,substitution
Q8NAU1-3,Q8NAU1,0.320245356,59.64912281,2,260,substitution
Q49AR2-3,Q49AR2,0.35177269,22.05567452,2,353,substitution
Q86SE5-2,Q86SE5,0.323292586,71.91780822,3,86,substitution
Q96FX2-2,Q96FX2,0.572893033,69.51219512,37,61,deletion
Q8IX29-2,Q8IX29,0.413538817,95.89041096,34,45,deletion
Q99504-5,Q99504,0.69341645,91.97207679,121,166,deletion
Q96J87-3,Q96J87,0.5507442,94.38669439,365,391,deletion
Q5VIY5-2,Q5VIY5,0.548942287,89.8467433,2,54,deletion
Q9UBR5-5,Q9UBR5,0.71098756,73.68421053,112,152,substitution
Q96DZ9-5,Q96DZ9,0.400694122,47.08520179,43,160,deletion
Q7Z5M8-5,Q7Z5M8,0.605901098,48.71794872,36,362,substitution
Q9UHD8-5,Q9UHD8,0.576453109,94.30485762,2,25,substitution
P35241-3,P35241,0.49295237,29.63576159,34,582,substitution
Q9NR56-7,Q9NR56,0.347493641,78.57142857,270,370,substitution
Q9BT25-3,Q9BT25,0.457763715,99.75609756,77,77,deletion
Q6UXI9-4,Q6UXI9,0.345577108,89.91596639,90,416,substitution
Q15329-3,Q15329,0.378871067,53.46820809,2,162,deletion
Q9H0A6-6,Q9H0A6,0.245872531,25.13812155,92,362,substitution
Q7Z422-5,Q7Z422,0.572999339,99.34210526,34,34,deletion
P41587-2,P41587,0.740364031,76.5625,2,119,substitution
Q9UHD8-2,Q9UHD8,0.63810064,95.7337884,2,25,substitution
Q8TAA5-2,Q8TAA5,0.34425911,33.46774194,78,225,substitution
Q9Y2Q1-4,Q9Y2Q1,0.643555751,94.13854352,53,85,deletion
P14091-2,P14091,0.73266602,63.49206349,263,395,substitution
Q9Y3Q8-2,Q9Y3Q8,0.328518009,39.49367089,2,240,deletion
P60602-2,P60602,0.497249627,56.09756098,44,79,substitution
Q96NT0-2,Q96NT0,0.60759169,57.14285714,2,180,substitution
Q5HYR2-2,Q5HYR2,0.437460738,66.14583333,42,106,deletion
Q14188-8,Q14188,0.520165083,86.94690265,2,62,substitution
Q96GM1-2,Q96GM1,0.693437445,66.37168142,23,343,substitution
Q9P2K3-2,Q9P2K3,0.408316688,56.9664903,2,495,substitution
Q02548-7,Q02548,0.556017164,83.88746803,305,367,deletion
Q9BYV8-5,Q9BYV8,0.528011485,76.13941019,33,325,substitution
P08118-2,P08118,0.29783528,34.92063492,37,114,substitution
P26436-4,P26436,0.509291274,73.58490566,43,112,deletion
O75575-3,O75575,0.641675311,65.51724138,2,46,substitution
Q96GD4-3,Q96GD4,0.355551859,38.26086957,71,344,substitution
Q8TCT6-3,Q8TCT6,0.496566177,44.01041667,2,216,deletion
Q9NW81-6,Q9NW81,0.517158768,57.03703704,145,256,substitution
Q9NVZ3-4,Q9NVZ3,0.576089637,90.11406844,6,31,deletion
Q9BPZ7-5,Q9BPZ7,0.488061081,61.30268199,321,522,substitution
P49768-5,P49768,0.600839657,69.13319239,319,466,substitution
O60664-3,O60664,0.619698833,99.76958525,321,321,deletion
Q3B8N5-2,Q3B8N5,0.297250779,61.65540541,245,471,deletion
Q9BQY9-3,Q9BQY9,0.205415297,37.45173745,2,259,substitution
P36551-2,P36551,0.503454179,60.13215859,272,454,substitution
Q9HD23-4,Q9HD23,0.74109803,94.61883408,139,159,substitution
Q68EN5-3,Q68EN5,0.582581541,42.49512671,2,282,substitution
P01135-4,P01135,0.796468804,96.93251534,159,160,substitution
Q8IW45-2,Q8IW45,0.751635304,75.61576355,299,347,substitution
Q92731-2,Q92731,0.669866596,88.93058161,469,529,substitution
Q8NHJ6-3,Q8NHJ6,0.645987229,99.5545657,330,330,substitution
Q8NDW4-2,Q8NDW4,0.356935064,19.17808219,111,579,substitution
Q3KP22-3,Q3KP22,0.261574152,37.16475096,50,176,substitution
Q93062-3,Q93062,0.480937055,79.55555556,177,195,substitution
P05549-5,P05549,0.629769065,97.02517162,3,15,substitution
Q9BQ16-9,Q9BQ16,0.460701059,71.10091743,64,436,substitution
Q96FE7-2,Q96FE7,0.459101667,71.02473498,197,263,substitution
O76064-2,O76064,0.485950769,16.36726547,82,485,substitution
Q6WBX8-3,Q6WBX8,0.527484502,59.85915493,2,426,substitution
Q5TID7-3,Q5TID7,0.281450438,99.80353635,406,406,deletion
O43566-5,O43566,0.402573636,72.83950617,2,351,substitution
Q16630-3,Q16630,0.318950003,86.75136116,190,262,deletion
P17096-2,P17096,0.241712484,89.71962617,35,45,deletion
Q5SQ64-2,Q5SQ64,0.631795721,70.83333333,268,297,substitution
Q9NQW5-1,Q9NQW5,0.38196067,30.0,2,492,substitution
Q6UWT4-2,Q6UWT4,0.809659309,82.75862069,73,87,deletion
Q15654-3,Q15654,0.188052302,10.76604555,37,476,substitution
Q6ZRI8-3,Q6ZRI8,0.583986022,75.13711152,2,137,deletion
Q8IZL9-2,Q8IZL9,0.602950228,51.80055402,168,346,substitution
Q8N565-2,Q8N565,0.685316612,92.85714286,208,214,substitution
Q9NVL1-3,Q9NVL1,0.234498691,80.47337278,54,87,substitution
O43602-2,O43602,0.539712081,98.63013699,311,315,deletion
Q96D96-3,Q96D96,0.798478304,92.30769231,253,273,substitution
Q9UHC7-2,Q9UHC7,0.592958172,86.7219917,2,65,deletion
O00453-6,O00453,0.207139542,52.57731959,7,60,substitution
Q9BQP9-2,Q9BQP9,0.623192821,85.43307087,93,129,substitution
P16410-3,P16410,0.400908331,20.1793722,38,223,substitution
Q8IZ73-2,Q8IZ73,0.599871424,88.80733945,142,202,deletion
P07910-3,P07910,0.291423206,73.52941176,39,119,substitution
Q96CQ1-2,Q96CQ1,0.369345486,41.47909968,130,311,substitution
O43521-13,O43521,0.193752121,21.21212121,43,198,substitution
Q08648-4,Q08648,0.371801513,59.12408759,72,103,substitution
P17544-4,P17544,0.372776591,63.5610766,135,310,deletion
Q16890-5,Q16890,0.336320583,85.78431373,2,30,deletion
P52926-5,P52926,0.226938048,77.98165138,84,109,substitution
Q9UGK3-2,Q9UGK3,0.609104006,89.75501114,,,insertion
Q99755-4,Q99755,0.701964228,92.70462633,42,410,substitution
Q01534-2,Q01534,0.680340015,90.58441558,275,308,substitution
P57721-2,P57721,0.54139126,92.99191375,201,240,substitution
Q53GL0-2,Q53GL0,0.392760852,91.68704156,142,175,deletion
Q8IY57-3,Q8IY57,0.225475969,76.66666667,10,51,deletion
Q9NTX7-2,Q9NTX7,0.702564704,99.72144847,2,2,deletion
O60664-4,O60664,0.61825382,97.23502304,118,129,deletion
Q7L513-15,Q7L513,0.237266673,32.9787234,2,261,substitution
Q96B36-3,Q96B36,0.452744149,92.75362319,,,insertion
P61619-3,P61619,0.788827078,74.78991597,2,121,deletion
Q92734-4,Q92734,0.438363012,68.0,239,400,substitution
Q6UX71-2,Q6UX71,0.568734855,90.73724008,109,157,deletion
Q15366-6,Q15366,0.853142726,98.90410959,169,172,deletion
Q9NS73-3,Q9NS73,0.429097372,78.19767442,264,344,substitution
Q6NT76-3,Q6NT76,0.330004408,99.52380952,344,345,deletion
Q8N5N4-2,Q8N5N4,0.394490733,50.98039216,73,141,substitution
P54725-2,P54725,0.27299258,84.84848485,272,326,deletion
P85299-4,P85299,0.46400317,75.51546392,2,96,deletion
O14521-4,O14521,0.387788666,69.56521739,106,159,substitution
Q3ZCV2-2,Q3ZCV2,0.213414411,95.45454545,396,418,substitution
Q8N2U9-3,Q8N2U9,0.400766254,42.08633094,114,271,substitution
Q9Y262-2,Q9Y262,0.798800131,91.4893617,146,193,deletion
Q8IVP9-2,Q8IVP9,0.636201871,86.31840796,346,402,substitution
Q99504-4,Q99504,0.612321125,90.7504363,2,54,deletion
Q9C0H2-3,Q9C0H2,0.435120261,60.52631579,2,208,substitution
Q5RI15-2,Q5RI15,0.694281794,90.76923077,,,insertion
Q92879-3,Q92879,0.577079299,98.97330595,231,297,substitution
Q6IPT2-2,Q6IPT2,0.741557303,93.52226721,121,136,deletion
P07585-5,P07585,0.247130681,20.05571031,72,359,substitution
Q96GU1-2,Q96GU1,0.327593794,84.61538462,2,21,deletion
O43281-3,O43281,0.38128929,68.8057041,7,261,substitution
P05549-6,P05549,0.640695678,97.02517162,2,15,substitution
P49768-3,P49768,0.588422383,68.28752643,26,466,substitution
Q9BQB6-2,Q9BQB6,0.609300921,55.85106383,95,163,substitution
Q9Y383-2,Q9Y383,0.470427649,94.72361809,2,21,substitution
Q16637-4,Q16637,0.505517413,83.67346939,210,294,substitution
Q5SQN1-2,Q5SQN1,0.636721236,89.61864407,417,464,substitution
Q8NBW4-2,Q8NBW4,0.696194675,76.50176678,428,561,substitution
O60512-2,O60512,0.430756301,31.72588832,118,393,substitution
P01282-2,P01282,0.360166312,99.41176471,113,113,deletion
Q14CB8-6,Q14CB8,0.555565481,94.12955466,281,309,deletion
Q03060-25,Q03060,0.241990609,36.52173913,42,345,substitution
Q9UKA9-5,Q9UKA9,0.499438798,65.53672316,349,531,substitution
Q9NNX6-11,Q9NNX6,0.575681382,78.29268293,2,212,substitution
Q9UK80-3,Q9UK80,0.622872354,97.52212389,500,513,deletion
O43521-20,O43521,0.299788261,36.86868687,42,166,deletion
P85299-5,P85299,0.566058526,93.43065693,2,5,substitution
P08651-4,P08651,0.496100888,77.16535433,2,508,substitution
P58340-5,P58340,0.588170739,90.67164179,2,26,deletion
Q9Y383-3,Q9Y383,0.732593877,95.67430025,2,20,substitution
Q00987-3,Q00987,0.25604104,54.9898167,28,300,substitution
Q9Y6N1-2,Q9Y6N1,0.505719116,77.30496454,217,276,substitution
Q8NHW4-6,Q8NHW4,0.516657036,69.07216495,65,92,substitution
Q9ULK6-4,Q9ULK6,0.445822808,61.58940397,2,161,substitution
P49023-2,P49023,0.645130695,94.24703892,278,311,deletion
Q9Y6S9-2,Q9Y6S9,0.563428316,90.55944056,131,548,substitution
Q8NEY8-7,Q8NEY8,0.181481104,25.54585153,2,458,substitution
Q92482-2,Q92482,0.616129954,56.45645646,165,292,substitution
Q9Y250-2,Q9Y250,0.41708384,96.1409396,508,530,deletion
Q7Z4T8-2,Q7Z4T8,0.231467448,28.15315315,124,442,substitution
Q8NA61-2,Q8NA61,0.485450225,88.83928571,2,52,substitution
A2RRL7-3,A2RRL7,0.617195967,99.06542056,28,28,deletion
Q9BRA0-2,Q9BRA0,0.614616862,60.69364162,3,27,substitution
Q8N6U8-6,Q8N6U8,0.825791406,96.35701275,,,insertion
Q9BTT0-2,Q9BTT0,0.449752387,84.70149254,69,109,deletion
P49798-3,P49798,0.645074928,67.8807947,,,insertion
Q8N2C3-2,Q8N2C3,0.228243395,17.68707483,53,293,substitution
Q7LFX5-2,Q7LFX5,0.61652709,78.55917667,451,561,substitution
Q02161-4,Q02161,0.844721587,72.97830375,359,417,substitution
Q5XKK7-3,Q5XKK7,0.309100178,60.28037383,127,198,substitution
B4DS77-3,B4DS77,0.351794999,44.90740741,189,422,substitution
Q5XKR9-5,Q5XKR9,0.236259659,34.48275862,41,115,substitution
Q8WW12-2,Q8WW12,0.227159649,62.76595745,119,178,substitution
P20340-3,P20340,0.375458507,50.0,62,165,deletion
O60828-3,O60828,0.354428552,71.58671587,193,265,substitution
Q5SSJ5-2,Q5SSJ5,0.624074118,93.1283906,2,39,deletion
Q00536-2,Q00536,0.736536462,87.01754386,,,insertion
Q8NHJ6-2,Q8NHJ6,0.489190344,99.77678571,348,348,deletion
Q96BR9-2,Q96BR9,0.381080752,75.28344671,332,441,substitution
Q8WWW0-3,Q8WWW0,0.502656951,78.80952381,331,418,substitution
Q15366-2,Q15366,0.595905618,99.72677596,,,insertion
A6NNE9-2,A6NNE9,0.350336048,39.30348259,2,245,deletion
Q69YI7-2,Q69YI7,0.539093421,51.98776758,171,327,substitution
Q9Y2Q1-2,Q9Y2Q1,0.587759129,95.02664298,181,208,deletion
Q9BZI7-2,Q9BZI7,0.358418394,97.30848861,270,282,deletion
P29353-2,P29353,0.429475891,81.13207547,2,111,deletion
Q96J87-4,Q96J87,0.55853456,71.51767152,2,364,substitution
Q9BUK0-5,Q9BUK0,0.373639418,30.10752688,19,85,substitution
Q6NSZ9-2,Q6NSZ9,0.456501011,86.76470588,197,268,deletion
Q5SQQ9-2,Q5SQQ9,0.271221267,44.3148688,144,334,substitution
Q86YH6-2,Q86YH6,0.619169567,53.9800995,211,398,substitution
P55327-3,P55327,0.421149333,65.59139785,2,46,substitution
E9PKD4-2,E9PKD4,0.332755648,61.29943503,215,350,substitution
O75952-4,O75952,0.293276393,39.35091278,181,493,substitution
P35348-9,P35348,0.70504626,65.82809224,296,466,substitution
P40337-2,P40337,0.364584343,80.75117371,114,154,deletion
Q9NXX6-2,Q9NXX6,0.323150626,71.6080402,282,385,substitution
Q04900-3,Q04900,0.422934547,93.40101523,111,123,deletion
Q6P4F2-2,Q6P4F2,0.380057916,73.65591398,133,183,substitution
A0AV96-2,A0AV96,0.662231439,88.36424958,375,443,deletion
Q8N228-3,Q8N228,0.428501768,66.19047619,2,414,substitution
Q9NNX6-5,Q9NNX6,0.472659542,95.36585366,2,15,substitution
P01135-5,P01135,0.764601225,96.3190184,32,160,substitution
Q9NRG1-3,Q9NRG1,0.620488219,51.00401606,114,225,substitution
P57721-5,P57721,0.717196427,94.60916442,267,286,deletion
Q9BQ16-1,Q9BQ16,0.655396182,99.31192661,64,66,deletion
Q92784-2,Q92784,0.393486034,77.15736041,291,378,substitution
Q96M27-3,Q96M27,0.492773004,94.37229437,434,445,substitution
Q9UN30-2,Q9UN30,0.336376454,91.4893617,12,39,substitution
Q9NZ81-2,Q9NZ81,0.267707029,66.21621622,8,57,deletion
Q9H930-2,Q9H930,0.60569198,93.96551724,287,321,deletion
P57721-4,P57721,0.641926117,99.73045822,240,240,deletion
P52926-4,P52926,0.228160005,77.98165138,84,109,substitution
Q9UKA9-6,Q9UKA9,0.486569671,64.92537313,302,531,substitution
Q8IZP0-9,Q8IZP0,0.475890417,94.68503937,274,300,deletion
Q6NT76-4,Q6NT76,0.337882719,67.9245283,284,420,substitution
Q9NWZ5-2,Q9NWZ5,0.490931376,57.16753022,303,548,substitution
Q8N878-2,Q8N878,0.671342296,87.06739526,2,71,substitution
Q7Z398-2,Q7Z398,0.600156046,92.41706161,53,84,deletion
Q9GZR2-2,Q9GZR2,0.416412616,49.88235294,76,304,substitution
Q96HY6-2,Q96HY6,0.542132679,83.54037267,244,299,substitution
Q92731-4,Q92731,0.674695098,90.56603774,470,530,substitution
P29353-7,P29353,0.422567933,80.99315068,2,417,substitution
Q8N5U1-2,Q8N5U1,0.412418486,61.25,2,94,deletion
Q8N7R7-2,Q8N7R7,0.595118377,83.28690808,111,173,substitution
Q8N9Z0-2,Q8N9Z0,0.642629266,90.69264069,65,107,deletion
Q9HAV5-2,Q9HAV5,0.480069569,93.39622642,,,insertion
Q16637-2,Q16637,0.494539005,89.11564626,210,241,deletion
Q6UWJ8-2,Q6UWJ8,0.639898474,99.42528736,174,174,deletion
Q96PQ6-2,Q96PQ6,0.604409878,94.62184874,97,128,deletion
Q96DE0-4,Q96DE0,0.711607167,54.78927203,138,195,substitution
Q9BSY9-2,Q9BSY9,0.64533711,82.98969072,39,71,deletion
Q14696-2,Q14696,0.263143196,34.81781377,72,234,substitution
Q8N5Y2-6,Q8N5Y2,0.600141187,70.24952015,2,155,substitution
Q9NQ31-3,Q9NQ31,0.321225667,87.14285714,75,101,deletion
Q5T4F4-8,Q5T4F4,0.259581438,90.51094891,59,299,substitution
Q99735-2,Q99735,0.513397425,37.5,53,147,substitution
Q96KR7-3,Q96KR7,0.432432936,80.1431127,2,250,substitution
Q13398-5,Q13398,0.600265492,89.18439716,3,63,deletion
Q7Z2X4-2,Q7Z2X4,0.695676018,80.75471698,2,43,substitution
Q86YD3-4,Q86YD3,0.656749147,91.71122995,344,366,substitution
Q5FBB7-5,Q5FBB7,0.318979064,44.74153298,159,561,substitution
Q9H3P2-7,Q9H3P2,0.321733028,50.18939394,2,264,deletion
Q9BSG5-3,Q9BSG5,0.648529872,95.81589958,,,insertion
Q9Y250-4,Q9Y250,0.442343895,90.10067114,468,526,deletion
Q5JVG8-2,Q5JVG8,0.570987819,92.79279279,44,75,deletion
Q9NQ69-2,Q9NQ69,0.630515302,95.9697733,2,18,substitution
Q6NZI2-2,Q6NZI2,0.367103402,76.92307692,98,187,deletion
Q6YI46-3,Q6YI46,0.29882684,35.26315789,2,317,substitution
Q8IYI0-2,Q8IYI0,0.346646615,73.65853659,143,196,deletion
Q9Y3I1-2,Q9Y3I1,0.638503824,82.31939163,2,91,substitution
Q96HZ4-4,Q96HZ4,0.418955637,30.20408163,71,224,substitution
Q6P1K2-5,Q6P1K2,0.483877394,55.33596838,123,205,substitution
Q15942-2,Q15942,0.512346005,72.55244755,2,158,deletion
Q15583-4,Q15583,0.315138692,62.84289277,2,150,deletion
Q5JS13-6,Q5JS13,0.210795613,14.54219031,73,557,substitution
Q9H8X9-2,Q9H8X9,0.260276129,16.47058824,2,412,substitution
Q15390-2,Q15390,0.252370998,90.09009009,23,55,deletion
Q8IZP0-12,Q8IZP0,0.452519142,91.23809524,40,388,substitution
Q07666-2,Q07666,0.589402973,94.35665914,40,64,deletion
Q12982-2,Q12982,0.620515501,83.5106383,,,insertion
P56693-2,P56693,0.323365106,61.37339056,262,441,deletion
O95297-4,O95297,0.282521347,53.90334572,2,125,deletion
Q9Y2Q1-3,Q9Y2Q1,0.688577758,94.31616341,2,33,deletion
Q93038-8,Q93038,0.373088915,56.11510791,54,236,deletion
Q99502-2,Q99502,0.544429456,93.24324324,2,41,substitution
Q5JRV8-3,Q5JRV8,0.771596931,93.12320917,143,166,deletion
Q9NR56-2,Q9NR56,0.335872349,95.36082474,270,287,deletion
Q92481-2,Q92481,0.661544673,98.08102345,,,insertion
Q86UQ8-2,Q86UQ8,0.192844702,44.13407821,2,101,deletion
Q00987-5,Q00987,0.253152553,65.37678208,53,222,deletion
Q03060-26,Q03060,0.339935959,60.38781163,2,345,substitution
P15336-8,P15336,0.194268628,24.3083004,35,395,deletion
Q9BU19-3,Q9BU19,0.428755702,66.85934489,88,259,deletion
Q16595-2,Q16595,0.434831022,77.61904762,161,210,substitution
O75771-2,O75771,0.370912642,14.63414634,49,328,substitution
Q92879-2,Q92879,0.57325666,99.17695473,231,234,deletion
P28069-2,P28069,0.684797028,91.79810726,,,insertion
Q6X4W1-2,Q6X4W1,0.46095244,99.62264151,236,237,deletion
Q8N7H5-3,Q8N7H5,0.474130527,64.41515651,17,531,substitution
O43521-2,O43521,0.392015988,69.6969697,42,101,deletion
Q9BSQ5-2,Q9BSQ5,0.597674399,92.78131635,2,10,substitution
O14948-4,O14948,0.48150459,73.8028169,2,89,substitution
Q9BXN2-8,Q9BXN2,0.202410566,14.4,36,247,substitution
Q04900-4,Q04900,0.357055211,90.35532995,124,142,deletion
Q96EX2-5,Q96EX2,0.64175671,88.32599119,401,444,substitution
Q86Y97-2,Q86Y97,0.269637312,10.1910828,37,462,substitution
Q0D2J5-2,Q0D2J5,0.908133838,98.99244332,,,insertion
Q2T9K0-2,Q2T9K0,0.600966529,90.10526316,205,251,deletion
Q86X95-2,Q86X95,0.31337022,38.66666667,162,450,substitution
O75143-2,O75143,0.562987924,92.84332689,265,301,deletion
P28908-2,P28908,0.159305252,22.18487395,2,464,deletion
Q9BQ16-2,Q9BQ16,0.4338868,71.78899083,314,436,substitution
Q6P1R3-3,Q6P1R3,0.543832378,90.69767442,171,222,deletion
O43193-2,O43193,0.755803701,72.76887872,301,412,substitution
P07108-5,P07108,0.767543707,56.75675676,2,3,substitution
Q8TD35-2,Q8TD35,0.386602931,73.66255144,176,194,substitution
Q2VYF4-4,Q2VYF4,0.509934787,56.21181263,2,215,deletion
Q8IY57-5,Q8IY57,0.306939639,88.23529412,,,insertion
Q92988-3,Q92988,0.321443814,34.00809717,2,240,substitution
Q15004-2,Q15004,0.276710843,40.51724138,43,110,substitution
Q96IZ5-3,Q96IZ5,0.33414486,50.32967033,175,413,substitution
Q9NQ94-4,Q9NQ94,0.64504875,92.71523179,3,388,substitution
P56134-3,P56134,0.349753576,57.44680851,47,86,substitution
Q6NT76-5,Q6NT76,0.450835109,94.36936937,344,375,substitution
Q2NKX9-3,Q2NKX9,0.279168525,51.1627907,76,166,substitution
Q9HC73-2,Q9HC73,0.584558257,45.2020202,162,371,substitution
Q6UXF7-2,Q6UXF7,0.404360761,46.16977226,73,455,substitution
Q9GZP8-2,Q9GZP8,0.27630634,49.05660377,47,106,substitution
Q9UBR5-4,Q9UBR5,0.383942735,78.94736842,80,111,deletion
Q8TD10-3,Q8TD10,0.282649479,37.55656109,165,442,substitution
Q9BQ16-5,Q9BQ16,0.552236548,77.52293578,64,161,deletion
Q9UPY6-2,Q9UPY6,0.526895934,90.67460317,181,239,substitution
O43555-3,O43555,0.454080398,94.16666667,52,58,deletion
Q9UK76-3,Q9UK76,0.205938304,70.12987013,2,47,deletion
Q9Y5J3-2,Q9Y5J3,0.773308697,98.7012987,,,insertion
Q9H6P5-2,Q9H6P5,0.397290575,21.57303371,95,420,substitution
Q5VZF2-2,Q5VZF2,0.410136143,88.94736842,332,373,substitution
Q5FBB7-7,Q5FBB7,0.289668169,38.32442068,177,522,deletion
Q5BJH7-4,Q5BJH7,0.678988563,84.39490446,17,314,substitution
Q9H300-2,Q9H300,0.595599537,86.54353562,203,253,substitution
P57721-3,P57721,0.534671945,93.26145553,201,225,deletion
Q6ZV89-2,Q6ZV89,0.599908559,80.14184397,2,85,deletion
O14770-5,O14770,0.425940978,63.10272537,301,477,substitution
Q70UQ0-3,Q70UQ0,0.290919136,18.0,60,349,substitution
Q99704-3,Q99704,0.363229168,71.1018711,2,140,deletion
Q9NQ94-6,Q9NQ94,0.399382328,90.74074074,203,257,deletion
Q01543-4,Q01543,0.382270552,56.4159292,3,197,substitution
Q9UFG5-2,Q9UFG5,0.377561043,49.72067039,83,118,substitution
Q6UWH4-2,Q6UWH4,0.68176545,93.76181474,304,329,substitution
O75381-2,O75381,0.434478951,88.59416446,58,100,deletion
P25101-3,P25101,0.399508443,42.62295082,183,427,substitution
Q8WUX9-2,Q8WUX9,0.436991685,25.82781457,101,452,substitution
Q6UXI9-6,Q6UXI9,0.355703037,97.0790378,,,insertion
O43581-4,O43581,0.603990886,65.79378069,72,72,substitution
Q6UXI9-2,Q6UXI9,0.314736594,89.55752212,387,564,substitution
Q5JTD0-3,Q5JTD0,0.233860206,7.719928187,44,557,deletion
Q3KNT9-3,Q3KNT9,0.706453813,64.86486486,139,176,substitution
Q16629-3,Q16629,0.511533735,54.20168067,130,238,substitution
Q9H3J6-2,Q9H3J6,0.299399111,62.04819277,95,166,substitution
Q15697-2,Q15697,0.358460643,51.19047619,210,407,substitution
Q96A61-2,Q96A61,0.493335018,91.91919192,272,297,substitution
Q6UW88-6,Q6UW88,0.313628939,61.03896104,36,135,substitution
Q9Y275-3,Q9Y275,0.287016884,56.64335664,162,285,substitution
Q2TBC4-3,Q2TBC4,0.681750578,88.80208333,3,3,substitution
P25445-5,P25445,0.383081612,33.62831858,112,335,substitution
Q13261-5,Q13261,0.370739383,72.5,95,267,substitution
C9JBD0-2,C9JBD0,0.653543553,71.11111111,94,127,substitution
Q8NF99-3,Q8NF99,0.359464765,35.58052434,186,534,substitution
P30279-2,P30279,0.69654064,49.83606557,138,289,substitution
Q8IWD4-2,Q8IWD4,0.390671209,58.06451613,12,120,deletion
Q8IYV9-3,Q8IYV9,0.262715223,16.28571429,57,350,substitution
Q9H2X3-5,Q9H2X3,0.617772909,81.20300752,44,261,substitution
Q16629-2,Q16629,0.536039257,54.20168067,130,238,substitution
O43768-9,O43768,0.260938757,85.40145985,62,121,substitution
Q8IZ96-2,Q8IZ96,0.675586864,85.79881657,2,26,substitution
Q9NR12-4,Q9NR12,0.295076358,43.35378323,191,456,substitution
Q9BY79-2,Q9BY79,0.374967796,66.05657238,301,505,substitution
Q6ZUS6-6,Q6ZUS6,0.47442026,84.81012658,2,73,deletion
Q92734-3,Q92734,0.325315106,69.0,274,400,substitution
O75143-3,O75143,0.534235591,74.33460076,265,517,substitution
Q8WWH4-2,Q8WWH4,0.721440155,98.10526316,388,396,deletion
Q9NZC4-3,Q9NZC4,0.383401332,93.16770186,,,insertion
Q96J42-2,Q96J42,0.776866055,95.27777778,47,63,deletion
Q8WYJ6-2,Q8WYJ6,0.565094076,39.33161954,153,372,substitution
Q8N4V1-2,Q8N4V1,0.469324839,66.83673469,,,insertion
Q6UWF3-3,Q6UWF3,0.392964417,95.17241379,44,50,deletion
P22415-2,P22415,0.559323154,80.96774194,2,60,deletion
Q8N9Z9-2,Q8N9Z9,0.494200948,75.0,2,98,deletion
Q5SZJ8-4,Q5SZJ8,0.413993651,64.87455197,181,279,substitution
Q6P9H5-3,Q6P9H5,0.20740239,11.98630137,31,292,substitution
Q9NYB9-4,Q9NYB9,0.566596839,98.83040936,155,160,deletion
P40259-2,P40259,0.363380884,54.58515284,41,144,deletion
Q9C0E8-2,Q9C0E8,0.46346357,97.89719626,2,9,substitution
P08174-6,P08174,0.663007605,72.38095238,327,327,substitution
Q96GN5-5,Q96GN5,0.506775665,89.86784141,56,101,deletion
P11308-2,P11308,0.394504494,75.782881,2,248,substitution
Q8N4S9-3,Q8N4S9,0.460347023,97.84946237,383,394,deletion
Q5VXU3-2,Q5VXU3,0.565086554,91.07142857,189,208,deletion
Q92879-5,Q92879,0.527217462,96.2962963,2,104,substitution
Q9NW68-8,Q9NW68,0.343787875,86.97674419,64,119,deletion
Q96N95-2,Q96N95,0.421964517,56.80473373,188,335,substitution
Q9NUN5-4,Q9NUN5,0.348531576,29.58257713,2,538,substitution
Q96DX4-2,Q96DX4,0.209028357,20.13888889,117,576,substitution
O95256-3,O95256,0.364607497,23.20534224,133,599,substitution
Q8IZP0-5,Q8IZP0,0.399275294,93.7007874,155,300,substitution
Q6V9R5-2,Q6V9R5,0.642324411,83.09859155,9,80,deletion
Q86VW2-3,Q86VW2,0.723032593,87.67772512,2,32,substitution
Q16610-3,Q16610,0.32302804,29.25925926,2,540,substitution
Q4VC12-2,Q4VC12,0.532913484,33.93939394,2,309,substitution
O75319-2,O75319,0.549685684,54.20792079,166,330,substitution
Q8TCY5-2,Q8TCY5,0.305871079,43.18181818,69,172,substitution
Q49AM3-2,Q49AM3,0.302393903,54.33526012,281,519,substitution
P19484-2,P19484,0.45565575,82.14285714,72,156,deletion
Q5SXH7-1,Q5SXH7,0.314190538,78.52882704,311,465,substitution
Q8NBN3-2,Q8NBN3,0.390351405,30.57553957,169,555,substitution
Q6B8I1-5,Q6B8I1,0.29354865,27.65957447,51,188,substitution
Q96AY2-2,Q96AY2,0.622126357,97.77015437,,,insertion
Q9Y2W6-3,Q9Y2W6,0.618386817,91.97860963,108,152,deletion
Q16637-3,Q16637,0.444544057,94.55782313,279,294,substitution
Q8NBJ7-3,Q8NBJ7,0.728784285,63.53887399,227,301,substitution
Q9UHF0-3,Q9UHF0,0.393147013,84.29752066,80,98,substitution
Q06710-4,Q06710,0.467709439,58.05084746,261,450,substitution
Q8NCB2-2,Q8NCB2,0.572976026,94.41117764,188,215,deletion
Q13261-3,Q13261,0.37861085,87.2659176,95,128,substitution
P16220-3,P16220,0.329060839,63.3431085,88,258,substitution
Q8N8F6-4,Q8N8F6,0.248467405,42.70462633,94,256,substitution
Q13882-2,Q13882,0.343772208,21.35076253,78,451,substitution
Q9ULZ3-3,Q9ULZ3,0.524870792,69.23076923,26,85,deletion
P02808-2,P02808,0.42931941,83.87096774,25,34,deletion
P60484-3,P60484,0.562750454,35.37735849,55,403,substitution
Q9BRK5-3,Q9BRK5,0.423058451,52.20779221,193,362,substitution
Q6P4E1-5,Q6P4E1,0.47467722,94.95412844,3,23,deletion
P07492-2,P07492,0.385080809,85.13513514,122,148,substitution
O60291-2,O60291,0.700246292,93.93414211,540,552,substitution
Q03060-12,Q03060,0.531571228,68.80222841,2,244,substitution
O60356-2,O60356,0.47672463,82.0,,,insertion
Q11203-18,Q11203,0.29072269,32.36074271,40,375,substitution
Q16610-4,Q16610,0.7371608,95.0617284,74,74,substitution
P57077-1,P57077,0.60404269,50.6122449,2,23,substitution
Q2T9K0-6,Q2T9K0,0.567060599,88.06584362,205,439,substitution
P50607-2,P50607,0.538270335,88.59180036,2,13,substitution
Q9Y3Y2-4,Q9Y3Y2,0.363592413,81.4516129,136,181,deletion
P30307-3,P30307,0.511054545,88.58350951,66,123,substitution
Q8N769-3,Q8N769,0.245492312,24.59016393,30,122,substitution
O60936-1,O60936,0.391110658,49.6,96,208,substitution
Q13247-2,Q13247,0.387266231,27.32394366,86,344,substitution
Q9HCS2-2,Q9HCS2,0.315872108,17.9389313,90,524,substitution
Q7Z5B4-3,Q7Z5B4,0.247522896,50.67750678,43,224,deletion
P51991-2,P51991,0.566060788,93.91534392,3,24,deletion
Q8NHP7-3,Q8NHP7,0.613825861,88.28671329,2,9,substitution
Q8IYU4-2,Q8IYU4,0.324025508,54.73684211,129,343,deletion
Q9P2K3-3,Q9P2K3,0.435372754,89.51175407,,,insertion
O43914-3,O43914,0.441788944,90.26548673,21,31,deletion
O75208-2,O75208,0.239672581,40.12539185,127,318,substitution
Q70YC5-4,Q70YC5,0.515357106,96.44549763,,,insertion
Q0D2I5-7,Q0D2I5,0.259092699,99.46619217,358,450,substitution
Q9H098-2,Q9H098,0.452107129,42.81045752,,,insertion
Q11203-22,Q11203,0.419165949,23.42105263,40,375,substitution
Q96C92-2,Q96C92,0.525647598,94.71264368,75,97,deletion
O60291-3,O60291,0.721794993,90.12131716,356,552,substitution
A6NDY0-4,A6NDY0,0.601840488,93.07958478,267,278,substitution
P30307-2,P30307,0.535529846,93.65750529,124,153,deletion
Q8NBM4-3,Q8NBM4,0.357602181,67.15116279,2,114,deletion
Q6P9G9-2,Q6P9G9,0.345214534,24.29906542,120,518,substitution
Q6IA17-2,Q6IA17,0.631986707,69.71428571,358,410,substitution
P55916-3,P55916,0.722515189,66.98717949,114,216,deletion
Q00987-7,Q00987,0.370594372,17.07317073,76,491,substitution
Q9NRQ2-2,Q9NRQ2,0.496240067,68.08510638,2,208,substitution
Q86UF4-2,Q86UF4,0.344002092,66.55629139,63,301,substitution
Q9NR56-5,Q9NR56,0.368675273,92.5,270,338,substitution
O95319-5,O95319,0.586623579,94.53125,2,359,substitution
Q8IXT2-2,Q8IXT2,0.354302719,48.65591398,150,367,substitution
Q9NX55-3,Q9NX55,0.255268196,51.14503817,55,121,substitution
Q9UBK5-2,Q9UBK5,0.67377502,98.92473118,81,81,deletion
Q8TBK6-2,Q8TBK6,0.517780402,88.54166667,15,36,deletion
Q6P4D5-2,Q6P4D5,0.30292803,62.94416244,116,195,substitution
Q01130-2,Q01130,0.539083234,94.57013575,109,120,deletion
Q14498-2,Q14498,0.37206684,98.86792453,392,397,deletion
Q15742-2,Q15742,0.319957799,60.76190476,320,525,substitution
P26436-3,P26436,0.498416613,79.24528302,43,97,deletion
O75052-2,O75052,0.288345762,37.37957611,2,312,substitution
Q9GZY8-4,Q9GZY8,0.272110729,63.74269006,2,271,substitution
Q6NXT1-2,Q6NXT1,0.421487495,34.46153846,2,198,substitution
Q5EBM4-2,Q5EBM4,0.502331414,85.88235294,43,66,deletion
P18615-4,P18615,0.425596802,92.10526316,137,166,deletion
O43567-2,O43567,0.391523057,63.75321337,3,137,substitution
A6NH52-2,A6NH52,0.631841039,80.75117371,31,77,substitution
Q8TCC7-3,Q8TCC7,0.379071605,12.5,2,542,substitution
Q03060-16,Q03060,0.450601409,78.67036011,2,244,substitution
Q5RL73-2,Q5RL73,0.606438649,89.11917098,341,367,substitution
Q96M27-2,Q96M27,0.464008974,92.55319149,433,443,substitution
Q96ET8-2,Q96ET8,0.529860403,54.96453901,155,276,substitution
Q5XKK7-2,Q5XKK7,0.340855866,53.03030303,103,198,substitution
Q2M3X9-2,Q2M3X9,0.437225423,98.96729776,80,85,deletion
O43399-3,O43399,0.359580286,81.22270742,107,157,substitution
O43521-3,O43521,0.321832023,54.54545455,42,131,deletion
P18505-2,P18505,0.270356115,12.14574899,59,474,substitution
Q14498-3,Q14498,0.45129501,95.8490566,100,121,deletion
Q9Y250-5,Q9Y250,0.385747683,84.56375839,456,547,deletion
Q96GN5-4,Q96GN5,0.608692165,92.51101322,3,36,deletion
Q13610-2,Q13610,0.196679374,27.23658052,136,501,substitution
Q7L513-6,Q7L513,0.223809208,48.74651811,78,261,deletion
Q9Y6N9-5,Q9Y6N9,0.622717702,59.77777778,404,552,substitution
Q8IZ96-5,Q8IZ96,0.467258496,69.23076923,28,80,substitution
Q9UHC7-3,Q9UHC7,0.491969903,78.26086957,366,482,substitution
Q9NW81-5,Q9NW81,0.63257136,89.49416342,73,99,deletion
Q9H2X3-8,Q9H2X3,0.613992383,94.23558897,187,209,deletion
Q11203-26,Q11203,0.395614978,11.59793814,40,374,substitution
Q6S5H5-2,Q6S5H5,0.610331765,91.65048544,470,508,substitution
Q9BVC5-2,Q9BVC5,0.321963555,70.37037037,2,172,substitution
P61978-3,P61978,0.449020082,93.75,111,462,substitution
Q00987-10,Q00987,0.486149424,88.79837067,115,169,deletion
Q01851-2,Q01851,0.529144015,79.9522673,2,85,deletion
Q8IZ96-10,Q8IZ96,0.2561693,27.21893491,28,157,substitution
Q5VX52-4,Q5VX52,0.372410576,77.9956427,359,459,deletion
Q9UKT9-16,Q9UKT9,0.189051608,51.47347741,2,248,deletion
P35659-2,P35659,0.44002319,90.93333333,49,82,deletion
Q15583-2,Q15583,0.365570006,66.83291771,2,133,substitution
Q0D2I5-5,Q0D2I5,0.302950201,99.28952043,358,450,substitution
Q7Z5M8-4,Q7Z5M8,0.230429686,12.43093923,36,361,substitution
Q13261-10,Q13261,0.335787111,86.51685393,2,37,deletion
Q9NY12-2,Q9NY12,0.560106375,91.70506912,185,202,deletion
P53539-9,P53539,0.310447768,43.78698225,44,284,substitution
Q8IZ96-6,Q8IZ96,0.414250307,68.63905325,28,80,deletion
Q92879-6,Q92879,0.504425482,99.79423868,104,104,deletion
Q5VZF2-3,Q5VZF2,0.369316143,96.78284182,320,331,deletion
Q96JY6-2,Q96JY6,0.35548241,50.42016807,154,352,substitution
P15692-11,P15692,0.476602873,46.11650485,321,345,substitution
O43768-4,O43768,0.266826611,81.25,62,121,substitution
P26367-2,P26367,0.542692238,96.78899083,,,insertion
Q4KMZ1-2,Q4KMZ1,0.260548475,49.35622318,231,466,deletion
Q9Y603-4,Q9Y603,0.439991791,83.87096774,49,103,deletion
Q9BT09-2,Q9BT09,0.287825577,18.27956989,51,278,substitution
Q8N8Q8-2,Q8N8Q8,0.241820653,34.83483483,112,333,substitution
O43474-6,O43474,0.166317373,9.356725146,43,513,substitution
Q14938-6,Q14938,0.577423168,83.06772908,2,502,substitution
Q0D2I5-4,Q0D2I5,0.293309112,99.46619217,,,insertion
O75840-6,O75840,0.254153702,13.60759494,35,302,substitution
Q9UHK6-2,Q9UHK6,0.510379833,37.37623762,132,382,substitution
Q05940-2,Q05940,0.310064097,39.80582524,204,514,substitution
Q5HYL7-4,Q5HYL7,0.711581711,96.62921348,50,55,deletion
Q6NTF9-2,Q6NTF9,0.683431169,88.99755501,,,insertion
Q8N684-2,Q8N684,0.30821473,98.08917197,176,184,deletion
Q99742-2,Q99742,0.498729844,33.22033898,2,590,substitution
Q9NWH7-2,Q9NWH7,0.377790976,96.72131148,383,398,deletion
Q9BZB8-3,Q9BZB8,0.561541733,98.76325088,3,357,substitution
Q8N3R3-3,Q8N3R3,0.196800165,12.09677419,56,496,substitution
Q6ZSJ8-2,Q6ZSJ8,0.303995359,42.72727273,2,64,deletion
Q8IZP0-6,Q8IZP0,0.285758067,94.48818898,274,301,deletion
Q8N490-2,Q8N490,0.153121735,21.18226601,80,385,substitution
A0PJE2-3,A0PJE2,0.773396286,50.43478261,2,317,substitution
Q14938-3,Q14938,0.583829777,84.86055777,419,502,substitution
Q5TC79-3,Q5TC79,0.429309024,61.23260437,309,503,deletion
Q9C0F1-2,Q9C0F1,0.402282411,89.95098039,363,390,substitution
Q9H4M3-2,Q9H4M3,0.563599253,47.01986755,123,254,substitution
P51513-5,P51513,0.443040885,95.26627219,150,173,deletion
O95072-2,O95072,0.376049773,96.89213894,272,288,deletion
P23443-5,P23443,0.680490151,95.61904762,105,127,deletion
O14979-2,O14979,0.579149158,71.66666667,3,121,deletion
Q6NZ36-5,Q6NZ36,0.349521584,90.0,158,180,substitution
Q9BQY9-2,Q9BQY9,0.224222768,62.16216216,2,99,deletion
P08651-3,P08651,0.549851506,81.88976378,2,508,substitution
Q99952-2,Q99952,0.481228262,76.73913043,32,138,deletion
Q6NXT4-2,Q6NXT4,0.6834452,92.01596806,,,insertion
Q00994-2,Q00994,0.480938558,90.99099099,2,11,deletion
Q2T9K0-7,Q2T9K0,0.564623325,88.24742268,205,439,substitution
Q9BUK0-3,Q9BUK0,0.367466235,26.66666667,2,85,substitution
A6NNP5-3,A6NNP5,0.431890483,34.85477178,2,214,substitution
A6NJ78-4,A6NJ78,0.594644945,52.28915663,201,407,substitution
Q96S21-2,Q96S21,0.751376834,93.23843416,115,133,deletion
O75781-2,O75781,0.369052519,88.63049096,168,211,deletion
O14770-7,O14770,0.360240696,77.29166667,2,477,substitution
Q68CL5-5,Q68CL5,0.730864568,73.18611987,220,300,substitution
Q96EP5-2,Q96EP5,0.446619327,84.92822967,350,407,substitution
Q9H8M2-3,Q9H8M2,0.297761867,76.56765677,2,133,substitution
Q9UL40-3,Q9UL40,0.383350885,89.11564626,95,126,deletion
Q9BWT1-6,Q9BWT1,0.41943934,91.37931034,,,insertion
Q5VXD3-3,Q5VXD3,0.470934816,47.54098361,2,74,substitution
Q13361-2,Q13361,0.606768062,94.21965318,73,82,deletion
P08651-6,P08651,0.540276372,83.85826772,424,508,substitution
Q14103-4,Q14103,0.587828052,80.56338028,79,334,substitution
Q9NS61-6,Q9NS61,0.656862704,94.38596491,57,57,substitution
Q9NYP7-3,Q9NYP7,0.265965684,7.738095238,20,299,substitution
Q6UXI9-3,Q6UXI9,0.3342481,94.95798319,,,insertion
Q9NUQ6-2,Q9NUQ6,0.466268974,87.6344086,149,217,deletion
Q96FG2-3,Q96FG2,0.265904066,42.25721785,162,381,deletion
Q5FBB7-4,Q5FBB7,0.299670045,47.77183601,176,561,substitution
Q9HAT1-3,Q9HAT1,0.44421992,96.57794677,240,258,substitution
Q9Y2W7-2,Q9Y2W7,0.52584739,91.40625,103,124,deletion
O43768-5,O43768,0.364115711,82.53968254,2,19,substitution
Q12972-2,Q12972,0.193282603,59.54415954,2,143,deletion
Q8IZS5-5,Q8IZS5,0.315663623,50.0,115,231,substitution
Q6UXD7-3,Q6UXD7,0.609100447,78.75,46,195,substitution
Q6ZT89-3,Q6ZT89,0.420934915,46.62379421,141,311,substitution
Q8NB59-3,Q8NB59,0.620589489,93.15315315,2,39,deletion
Q9NX45-2,Q9NX45,0.503307668,50.23364486,215,425,substitution
O75298-3,O75298,0.341013743,37.6146789,3,342,deletion
Q9NR11-2,Q9NR11,0.585332219,80.9623431,72,169,substitution
Q9UKY7-3,Q9UKY7,0.195132429,41.47286822,2,258,substitution
P15692-15,P15692,0.486039428,44.79418886,321,395,substitution
Q96G74-2,Q96G74,0.534155416,94.92119089,17,308,substitution
Q96S90-2,Q96S90,0.399857914,72.10300429,2,60,substitution
Q92784-5,Q92784,0.342003631,73.01980198,2,378,substitution
O43521-15,O43521,0.29118737,35.85858586,42,198,substitution
O95704-3,O95704,0.599428594,98.77800407,210,210,substitution
P22736-2,P22736,0.776061683,97.87234043,,,insertion
Q6UWF3-2,Q6UWF3,0.360764292,54.70588235,44,145,substitution
Q9UBY9-3,Q9UBY9,0.21105125,39.41176471,68,170,substitution
Q9H9S3-2,Q9H9S3,0.801983123,83.70221328,416,476,substitution
Q8IY57-4,Q8IY57,0.23835285,32.8042328,52,180,substitution
Q96DZ9-6,Q96DZ9,0.318376978,56.05381166,94,191,deletion
Q99643-2,Q99643,0.438102,46.5,81,169,substitution
Q86U06-4,Q86U06,0.344108197,92.02733485,60,152,substitution
Q02548-2,Q02548,0.570417508,92.5831202,340,368,deletion
Q3KNS6-3,Q3KNS6,0.59933442,84.21052632,,,insertion
Q9HD42-2,Q9HD42,0.303250786,34.69387755,2,129,deletion
Q96HL8-3,Q96HL8,0.441423535,71.6374269,2,97,deletion
P35372-17,P35372,0.242807692,24.0,97,400,substitution
Q8NDX9-2,Q8NDX9,0.656418344,72.63681592,2,56,deletion
Q8WY98-2,Q8WY98,0.626082831,58.91089109,111,164,substitution
Q96H15-2,Q96H15,0.408075162,92.59259259,254,281,deletion
Q9BQ95-3,Q9BQ95,0.490346003,50.34802784,35,248,deletion
P08651-5,P08651,0.643079377,83.46456693,424,503,deletion
Q5T4F4-4,Q5T4F4,0.213694132,66.10576923,2,411,substitution
Q9UNE0-2,Q9UNE0,0.676528967,93.33333333,,,insertion
Q96AG3-3,Q96AG3,0.644771785,80.62200957,228,308,deletion
P18615-3,P18615,0.349251331,98.19121447,,,insertion
O00453-7,O00453,0.284482661,14.40677966,7,97,substitution
O95319-2,O95319,0.567952287,94.16342412,2,358,substitution
Q9NQ94-5,Q9NQ94,0.605583159,85.85858586,2,85,deletion
Q9NW81-3,Q9NW81,0.523974123,53.40501792,2,256,substitution
P55327-4,P55327,0.511927558,72.06477733,3,169,substitution
P55327-7,P55327,0.608350387,96.13733906,,,insertion
Q6W5P4-7,Q6W5P4,0.351345337,34.77088949,129,371,substitution
Q02548-8,Q02548,0.47879879,89.00255754,159,201,deletion
Q5TDP6-2,Q5TDP6,0.401547443,34.73282443,177,509,substitution
Q01543-2,Q01543,0.607813139,82.53275109,2,76,substitution
P42771-2,P42771,0.615540834,67.30769231,2,52,deletion
Q9UNY5-2,Q9UNY5,0.437296145,97.84172662,209,217,deletion
P60985-2,P60985,0.423874325,85.85858586,45,58,deletion
Q96JY6-4,Q96JY6,0.388523117,73.86363636,256,352,substitution
Q9H7X0-4,Q9H7X0,0.64629061,50.58365759,113,242,substitution
Q9H9P2-3,Q9H9P2,0.570937414,60.60606061,2,273,substitution
Q6PDA7-4,Q6PDA7,0.264910398,58.53658537,72,123,substitution
P54315-2,P54315,0.517539179,24.21875,111,467,substitution
Q8WV28-2,Q8WV28,0.412321441,94.95614035,203,225,deletion
Q96MV8-2,Q96MV8,0.413874581,34.98542274,47,337,substitution
Q5JWF2-2,Q5JWF2,0.539733791,78.29457364,714,729,substitution
Q8IZ96-8,Q8IZ96,0.211594756,16.25615764,28,169,substitution
O60936-3,O60936,0.360322548,77.03703704,,,insertion
P20366-3,P20366,0.239862998,88.37209302,74,88,deletion
Q86U06-2,Q86U06,0.36555742,96.12756264,60,76,substitution
Q13352-5,Q13352,0.508046838,81.01851852,,,insertion
Q6ZS10-3,Q6ZS10,0.332940312,79.36507937,299,378,substitution
Q6UW88-4,Q6UW88,0.400738218,66.88311688,87,137,deletion
Q4JDL3-10,Q4JDL3,0.207226303,49.04761905,165,378,deletion
Q14CW9-2,Q14CW9,0.405532945,98.02259887,,,insertion
Q9H9S3-3,Q9H9S3,0.845761534,95.37815126,27,48,deletion
Q92731-8,Q92731,0.320441641,68.34264432,365,530,substitution
Q16610-2,Q16610,0.313536725,76.85185185,239,363,deletion
Q9UHR5-2,Q9UHR5,0.561977391,94.80519481,73,88,deletion
P78545-2,P78545,0.423619636,93.80053908,173,195,deletion
Q8IXM6-6,Q8IXM6,0.253968254,15.96091205,45,262,substitution
Q11203-14,Q11203,0.42904438,36.0,133,375,substitution
O43236-6,O43236,0.417306857,52.30125523,2,996,substitution
P85299-2,P85299,0.441231222,72.42268041,2,107,substitution
P0C1Z6-2,P0C1Z6,0.537400931,96.44268775,2,10,deletion
Q00987-2,Q00987,0.331598546,60.28513238,28,222,deletion
A8K8V0-2,A8K8V0,0.533022094,96.2962963,98,112,deletion
O60759-2,O60759,0.450754421,70.4735376,2,107,deletion
Q7L8W6-2,Q7L8W6,0.605950398,44.19475655,105,267,substitution
O14770-8,O14770,0.604228246,78.75,2,477,substitution
Q9UJD0-2,Q9UJD0,0.181090694,41.88311688,121,308,substitution
Q9GZM7-2,Q9GZM7,0.540894798,32.24043716,2,467,substitution
Q6X4W1-4,Q6X4W1,0.514839337,94.33962264,278,307,deletion
P61978-2,P61978,0.53608978,98.92241379,459,462,substitution
P49023-3,P49023,0.570974637,90.06410256,278,311,substitution
Q9HAK2-2,Q9HAK2,0.33776109,40.77834179,2,575,substitution
Q86W11-3,Q86W11,0.384547112,38.4,187,494,substitution
Q6P4F1-7,Q6P4F1,0.347795097,16.875,2,479,substitution
Q14938-5,Q14938,0.561218869,83.66533865,2,502,substitution
Q1HG43-2,Q1HG43,0.674091336,69.15113872,331,343,substitution
Q9BRK0-2,Q9BRK0,0.633050491,99.21259843,,,insertion
Q96JC9-2,Q96JC9,0.169156763,58.58208955,2,112,substitution
P58340-4,P58340,0.552639886,85.86572438,2,65,substitution
Q5VTY9-4,Q5VTY9,0.270285787,10.68548387,2,493,substitution
Q9UPM6-6,Q9UPM6,0.328315218,48.48484848,2,188,deletion
Q9H902-3,Q9H902,0.663004653,89.20187793,2,11,substitution
Q9UPM6-3,Q9UPM6,0.57743781,92.60204082,,,insertion
Q9NZU7-1,Q9NZU7,0.365928543,47.2972973,3,218,substitution
Q6ZS10-2,Q6ZS10,0.246246812,65.45454545,248,378,substitution
Q6ZVM7-4,Q6ZVM7,0.193943082,47.33727811,2,268,deletion
O43541-4,O43541,0.382852392,64.27145709,318,496,substitution
O14770-3,O14770,0.578171561,80.0,346,477,substitution
Q9NZR4-6,Q9NZR4,0.250243994,57.80821918,210,365,substitution
O75494-5,O75494,0.500683125,55.72519084,146,262,substitution
Q06055-2,Q06055,0.522764533,71.21212121,,,insertion
Q14CB8-4,Q14CB8,0.254758426,22.67206478,2,383,deletion
Q8IZS5-3,Q8IZS5,0.404359116,49.03474903,115,231,substitution
Q5T0J7-3,Q5T0J7,0.462370857,79.39914163,182,233,substitution
Q02509-3,Q02509,0.446031432,96.55172414,227,227,substitution
A6NNP5-6,A6NNP5,0.416210922,34.02489627,2,214,substitution
Q8NEK5-2,Q8NEK5,0.589338987,97.24770642,,,insertion
Q9NW68-9,Q9NW68,0.335618836,77.90697674,25,119,deletion
P56537-2,P56537,0.767413418,64.28571429,36,123,substitution
Q96ME7-2,Q96ME7,0.345708436,86.41975309,2,78,deletion
Q8NFA2-2,Q8NFA2,0.734015431,99.73404255,50,50,deletion
Q15011-3,Q15011,0.349132865,59.33503836,76,302,substitution
P43364-2,P43364,0.677464974,91.84149184,2,36,deletion
Q6ZVM7-2,Q6ZVM7,0.383870707,90.13806706,73,122,deletion
P35680-4,P35680,0.462128987,72.40143369,96,557,substitution
O95684-3,O95684,0.221064823,31.95121951,2,399,substitution
Q96HJ5-2,Q96HJ5,0.467856131,78.5046729,53,98,deletion
Q7M4L6-2,Q7M4L6,0.331070708,88.88888889,218,264,deletion
Q9Y483-2,Q9Y483,0.20459937,44.18212479,2,332,deletion
O75052-3,O75052,0.582997173,99.01185771,91,95,deletion
Q7L513-13,Q7L513,0.275450813,46.54255319,2,261,substitution
Q03060-17,Q03060,0.403526125,56.7867036,2,244,substitution
Q401N2-2,Q401N2,0.451485872,45.05747126,182,411,substitution
P78314-3,P78314,0.536583658,95.24617997,,,insertion
Q14802-4,Q14802,0.663600063,61.94690265,59,87,substitution
Q13422-6,Q13422,0.16890787,55.68400771,54,283,deletion
Q8WV48-3,Q8WV48,0.280450019,48.40989399,138,283,substitution
Q70YC5-5,Q70YC5,0.175842365,12.53071253,3,358,deletion
Q8WVE7-2,Q8WVE7,0.367120418,84.02777778,80,102,deletion
Q9BPZ7-6,Q9BPZ7,0.510865931,68.58237548,357,522,substitution
O43914-2,O43914,0.570329172,99.11504425,78,78,deletion
Q96P11-3,Q96P11,0.593825268,46.35193133,2,429,substitution
Q7LFL8-2,Q7LFL8,0.381397112,70.49689441,2,96,deletion
P08174-7,P08174,0.660964905,69.14700544,,,insertion
Q9HBT8-2,Q9HBT8,0.609548179,97.88867562,2,11,deletion
Q96J87-2,Q96J87,0.333911173,72.42798354,2,131,substitution
Q5RIA9-3,Q5RIA9,0.536388155,87.84810127,193,254,substitution
Q5FBB7-3,Q5FBB7,0.323693453,51.87165775,159,428,substitution
Q9UGQ2-2,Q9UGQ2,0.36850811,75.0,65,107,substitution
Q5HYL7-2,Q5HYL7,0.482151971,58.42696629,2,75,deletion
O75386-3,O75386,0.145813078,32.46753247,2,442,substitution
Q9NWS1-2,Q9NWS1,0.584655582,86.01036269,2,82,deletion
Q9BPY8-2,Q9BPY8,0.591067907,57.89473684,49,73,substitution
Q96N06-2,Q96N06,0.207193558,90.71428571,2,12,substitution
Q86X24-3,Q86X24,0.518278705,79.69543147,2,80,substitution
Q9Y421-2,Q9Y421,0.442614745,68.42105263,74,112,substitution
Q8N6N3-3,Q8N6N3,0.241958023,49.73262032,93,182,substitution
Q5XKR9-4,Q5XKR9,0.230317958,71.77419355,2,115,substitution
O75822-2,O75822,0.233015422,78.68217054,137,191,substitution
Q9BW71-3,Q9BW71,0.291360953,20.34782609,101,556,substitution
P35372-16,P35372,0.250653622,23.18501171,99,400,substitution
O43555-2,O43555,0.391923952,93.33333333,53,60,deletion
P15391-2,P15391,0.608048987,99.82046679,,,insertion
Q6X4T0-2,Q6X4T0,0.312196528,51.1627907,57,127,substitution
Q7LG56-4,Q7LG56,0.197239903,14.97175141,17,301,deletion
Q5T0J7-5,Q5T0J7,0.609334748,85.16949153,196,233,substitution
O43768-3,O43768,0.216781184,88.32116788,,,insertion
Q6WBX8-4,Q6WBX8,0.460203072,63.61502347,2,156,deletion
O00559-2,O00559,0.363006089,82.55813953,,,insertion
Q9NYB9-3,Q9NYB9,0.289899207,69.06614786,2,344,substitution
Q8IU57-2,Q8IU57,0.494561354,94.42307692,268,296,deletion
Q8N5Y2-5,Q8N5Y2,0.350677692,74.7148289,391,521,substitution
Q495B1-6,Q495B1,0.182875168,2.979515829,13,522,substitution
Q5TAQ9-2,Q5TAQ9,0.258942013,41.83333333,242,597,substitution
Q9NP31-4,Q9NP31,0.485492924,94.60154242,2,21,substitution
Q9UKS7-8,Q9UKS7,0.184775503,43.72623574,48,343,deletion
Q86W33-2,Q86W33,0.563657521,56.26666667,204,373,substitution
O14770-2,O14770,0.491628335,81.45833333,384,477,substitution
Q9UKS7-5,Q9UKS7,0.169575419,8.935361217,47,526,substitution
Q9H0Q3-2,Q9H0Q3,0.560960343,55.26315789,58,95,substitution
Q14439-3,Q14439,0.612967142,96.32495164,58,78,substitution
O75190-2,O75190,0.624345284,71.7791411,232,326,substitution
Q9NNX6-2,Q9NNX6,0.52352193,98.51485149,301,306,deletion
P32314-2,P32314,0.309227328,76.33410673,2,105,substitution
O14771-2,O14771,0.516581382,58.15450644,2,199,substitution
Q14103-3,Q14103,0.594040817,85.91549296,285,334,substitution
Q13227-2,Q13227,0.461579183,91.74311927,301,327,substitution
P58340-2,P58340,0.378089339,74.62686567,2,136,substitution
Q9UF11-3,Q9UF11,0.557179438,92.18106996,2,20,deletion
Q9C0I9-2,Q9C0I9,0.515696247,86.98113208,2,70,substitution
Q5T6S3-3,Q5T6S3,0.367383833,21.26929674,122,580,substitution
Q8NDF8-5,Q8NDF8,0.667293918,81.94842407,2,443,substitution
Q8NCT3-2,Q8NCT3,0.521927442,88.36772983,2,60,substitution
Q96GF1-2,Q96GF1,0.288372539,70.83333333,66,121,deletion
O75475-2,O75475,0.337839758,61.35084428,326,530,substitution
Q8TB92-4,Q8TB92,0.269822155,10.66666667,37,370,substitution
P62847-4,P62847,0.683090816,45.32871972,131,133,substitution
Q9Y241-2,Q9Y241,0.541772449,86.91588785,,,insertion
O00712-4,O00712,0.597756061,87.47346072,2,10,substitution
Q8IXQ4-4,Q8IXQ4,0.283127089,40.17094017,137,339,substitution
Q8WUR7-2,Q8WUR7,0.501408951,78.26086957,123,153,substitution
Q2I0M4-2,Q2I0M4,0.225935599,13.17365269,3,291,deletion
H3BTG2-2,H3BTG2,0.425142967,65.58441558,3,54,substitution
Q71RG4-2,Q71RG4,0.556474107,93.7694704,2,21,deletion
P57768-2,P57768,0.360951761,91.56976744,126,154,deletion
Q02548-6,Q02548,0.528581234,91.30434783,305,338,deletion
Q2VYF4-2,Q2VYF4,0.72651875,90.42769857,2,48,deletion
Q92879-4,Q92879,0.4809275,94.54191033,2,104,substitution
Q8WWN9-2,Q8WWN9,0.485304698,99.7716895,,,insertion
Q96T49-2,Q96T49,0.497662815,92.59259259,233,274,deletion
Q9UL40-2,Q9UL40,0.470537315,92.1630094,,,insertion
Q9H7X0-5,Q9H7X0,0.535656237,40.61433447,113,242,substitution
P30305-3,P30305,0.510417975,92.93103448,154,194,deletion
Q8NCT3-3,Q8NCT3,0.573306505,88.65384615,2,59,substitution
P17947-2,P17947,0.492338765,99.63099631,,,insertion
Q96K19-3,Q96K19,0.293808792,53.90334572,133,258,substitution
Q96CS7-2,Q96CS7,0.488542686,47.72036474,142,222,substitution
Q5TBE3-2,Q5TBE3,0.530008204,76.36363636,81,101,substitution
Q9BQ16-8,Q9BQ16,0.282711811,89.90825688,64,240,substitution
Q9H902-4,Q9H902,0.355633358,41.46341463,62,201,substitution
O14893-4,O14893,0.197905736,11.07142857,31,280,substitution
Q96GN5-2,Q96GN5,0.501496089,99.77973568,56,56,deletion
Q96CJ1-2,Q96CJ1,0.174809137,50.0,2,131,deletion
Q8N6U8-3,Q8N6U8,0.485034593,75.04725898,2,133,deletion
O43399-4,O43399,0.373032125,84.54545455,107,157,substitution
Q9UBU3-2,Q9UBU3,0.703088112,99.14529915,37,37,deletion
Q99909-2,Q99909,0.448341922,78.89447236,157,188,substitution
P56179-3,P56179,0.382813936,59.72696246,,,insertion
Q6ZN18-3,Q6ZN18,0.343587049,56.84007707,2,223,substitution
P0CAP2-3,P0CAP2,0.306425726,86.05263158,323,368,substitution
Q9BZE9-2,Q9BZE9,0.71200936,85.47140649,,,insertion
P15692-18,P15692,0.410244352,32.2815534,312,389,deletion
Q96FE7-3,Q96FE7,0.370722295,40.30418251,2,158,deletion
P14921-5,P14921,0.315630737,59.41043084,262,441,substitution
Q9NP87-3,Q9NP87,0.49428933,61.34453782,234,494,substitution
Q96GQ5-2,Q96GQ5,0.519359515,28.91566265,2,338,substitution
O43399-7,O43399,0.343279927,89.95633188,,,insertion
Q13118-3,Q13118,0.227186245,16.45833333,2,480,substitution
Q15583-3,Q15583,0.367162954,67.33167082,2,134,substitution
Q9BX59-5,Q9BX59,0.524108263,54.27350427,189,402,deletion
Q15417-3,Q15417,0.282184176,86.01823708,83,128,deletion
Q96HH9-4,Q96HH9,0.413178369,94.67592593,2,28,substitution
O43521-18,O43521,0.238540972,52.02020202,42,166,substitution
Q8N5Y2-2,Q8N5Y2,0.585884437,88.29174664,2,61,substitution
Q15287-3,Q15287,0.648168368,87.54098361,2,82,substitution
Q14592-2,Q14592,0.555776919,92.70462633,2,42,deletion
O95214-2,O95214,0.454307837,52.68817204,94,131,substitution
Q13506-2,Q13506,0.403618731,94.04517454,336,364,deletion
Q8NFA2-4,Q8NFA2,0.834240349,98.40425532,50,78,substitution
Q00613-2,Q00613,0.404306674,86.48148148,462,529,substitution
Q14781-2,Q14781,0.263660808,23.74768089,97,532,substitution
Q6NZ36-4,Q6NZ36,0.727454344,92.30769231,180,180,substitution
Q8N7B6-3,Q8N7B6,0.26637608,49.59677419,70,229,substitution
Q96K19-4,Q96K19,0.344202836,51.34099617,2,132,substitution
Q6ZWJ1-2,Q6ZWJ1,0.235213281,42.65232975,2,553,substitution
Q03060-31,Q03060,0.341597979,74.79224377,2,345,substitution
Q8NCR6-3,Q8NCR6,0.196812035,20.77464789,2,262,substitution
Q8NFA2-3,Q8NFA2,0.635223015,98.67021277,75,79,deletion
P15692-12,P15692,0.45829567,34.5410628,322,389,deletion
Q9BUF7-2,Q9BUF7,0.571167699,82.8125,101,119,substitution
Q330K2-3,Q330K2,0.248583431,30.38348083,100,333,substitution
Q9UBU3-6,Q9UBU3,0.300081127,68.37606838,76,117,substitution
Q6H9L7-4,Q6H9L7,0.261583819,8.658743633,48,571,substitution
Q15742-3,Q15742,0.446873007,87.80952381,426,489,deletion
Q6P1Q0-6,Q6P1Q0,0.284603223,25.06811989,93,360,substitution
Q96G74-3,Q96G74,0.486762375,97.72329247,304,571,substitution
Q16630-2,Q16630,0.358868815,93.70748299,,,insertion
Q5SXH7-2,Q5SXH7,0.37103486,80.77709611,390,465,substitution
Q8N8Q1-4,Q8N8Q1,0.242176234,25.59055118,50,229,substitution
Q15041-2,Q15041,0.730634942,85.71428571,2,30,deletion
Q8NA72-3,Q8NA72,0.536851408,95.13043478,2,28,substitution
O14593-2,O14593,0.497075804,85.38461538,63,172,substitution
Q9H019-2,Q9H019,0.413303028,56.84931507,151,292,substitution
Q9BQI9-2,Q9BQI9,0.518851077,96.08540925,81,91,deletion
Q15544-2,Q15544,0.252620591,63.72093023,137,211,substitution
Q96B96-2,Q96B96,0.324163319,87.02702703,,,insertion
Q8NFH5-2,Q8NFH5,0.48365166,94.78527607,2,18,deletion
O76090-3,O76090,0.584413718,78.46385542,2,585,substitution
P15692-17,P15692,0.500087367,41.74757282,321,395,substitution
Q9GZY8-5,Q9GZY8,0.237698325,69.59064327,2,251,substitution
O94864-2,O94864,0.600870099,99.03381643,2,4,substitution
Q9BSG5-2,Q9BSG5,0.616060825,87.7394636,,,insertion
P15692-16,P15692,0.465580286,50.72815534,340,345,deletion
Q08495-4,Q08495,0.331590392,90.12345679,7,97,substitution
Q03060-21,Q03060,0.286568066,70.91412742,2,345,substitution
Q01113-2,Q01113,0.52993891,95.96928983,3,23,deletion
Q03060-22,Q03060,0.463678161,72.1448468,2,89,substitution
Q96LI6-2,Q96LI6,0.397200425,44.38902743,172,401,substitution
P29558-2,P29558,0.500385417,99.26108374,250,252,deletion
Q9H8M2-1,Q9H8M2,0.295101248,74.12140575,2,239,substitution
Q8IX90-3,Q8IX90,0.35703834,89.0736342,374,412,substitution
Q5JUW0-3,Q5JUW0,0.40430958,46.7032967,85,171,substitution
Q92731-7,Q92731,0.483219508,82.83018868,319,409,deletion
O60224-2,O60224,0.475849333,57.00483092,111,188,substitution
Q13422-8,Q13422,0.313451968,42.38921002,198,519,substitution
Q96HH9-3,Q96HH9,0.531242582,92.17002237,3,28,substitution
Q13261-4,Q13261,0.518172788,84.64285714,232,267,substitution
P01011-3,P01011,0.250622498,17.68867925,64,423,substitution
O75438-2,O75438,0.512699939,55.23809524,,,insertion
Q96FT9-4,Q96FT9,0.21551413,39.81900452,83,208,substitution
Q08495-3,Q08495,0.219974711,88.39506173,7,341,substitution
Q8N690-3,Q8N690,0.368489643,28.57142857,21,84,substitution
Q9UBU3-5,Q9UBU3,0.325218108,38.46153846,2,75,substitution
Q9NYK6-3,Q9NYK6,0.356405376,99.66329966,243,243,deletion
Q96KR7-2,Q96KR7,0.397179755,92.66547406,2,42,deletion
Q08117-2,Q08117,0.523806202,71.59090909,2,9,substitution
Q8IUX1-3,Q8IUX1,0.418085443,44.7826087,2,230,substitution
Q96NX9-3,Q96NX9,0.383504302,63.43906511,3,221,deletion
Q8N0W5-2,Q8N0W5,0.248130049,54.51505017,159,287,substitution
O75030-11,O75030,0.359205942,65.53672316,2,298,substitution
Q6XE24-5,Q6XE24,0.464220088,96.33867277,351,366,deletion
Q14847-3,Q14847,0.311140699,68.65671642,2,83,substitution
Q12857-2,Q12857,0.593421492,93.38521401,474,509,substitution
Q8NHW4-10,Q8NHW4,0.431317339,58.92857143,65,92,substitution
O75909-4,O75909,0.54502199,96.66666667,,,insertion
P57723-2,P57723,0.336002365,89.33002481,130,172,deletion
Q6ZS27-3,Q6ZS27,0.491301416,80.28747433,2,84,substitution
Q86XK3-2,Q86XK3,0.452362122,78.50162866,2,4,substitution
Q8WY98-4,Q8WY98,0.449463347,49.3902439,79,164,substitution
Q9Y3C1-3,Q9Y3C1,0.57778202,55.24193548,132,178,substitution
A1Z1Q3-6,A1Z1Q3,0.149971146,16.77852349,2,411,substitution
P15408-3,P15408,0.510043307,88.03680982,2,40,deletion
Q9NQC8-2,Q9NQC8,0.544637881,85.63380282,,,insertion
Q07812-3,Q07812,0.184448782,10.1010101,12,192,substitution
Q14201-2,Q14201,0.484393869,85.13513514,,,insertion
Q96K30-2,Q96K30,0.288348902,61.33828996,161,269,substitution
Q6XE24-4,Q6XE24,0.505992868,96.10983982,351,437,substitution
Q6UWV2-3,Q6UWV2,0.41599165,34.14634146,81,235,substitution
Q92529-2,Q92529,0.499422948,75.92592593,2,155,substitution
Q96AH0-2,Q96AH0,0.280700199,60.78431373,2,81,deletion
Q5TID7-2,Q5TID7,0.235276001,79.60784314,406,509,substitution
A6NK97-2,A6NK97,0.515836746,38.86178862,213,555,substitution
Q9NVS9-2,Q9NVS9,0.180170662,17.94871795,47,261,substitution
Q96J86-3,Q96J86,0.484946222,72.95597484,112,154,substitution
Q14714-2,Q14714,0.407987462,54.32098765,108,218,deletion
Q9UBW5-3,Q9UBW5,0.485775659,95.22123894,2,27,deletion
Q96Q45-2,Q96Q45,0.607214075,96.56862745,2,14,substitution
Q9NZR4-5,Q9NZR4,0.397654698,72.97297297,270,365,substitution
Q8WXS3-6,Q8WXS3,0.247584724,37.24137931,55,145,deletion
Q9Y5U2-2,Q9Y5U2,0.194492582,78.72340426,8,71,deletion
P14316-2,P14316,0.612173793,99.4269341,177,178,deletion
Q86UC2-2,Q86UC2,0.30338956,82.85714286,212,307,deletion
P78317-2,P78317,0.149773923,38.7254902,72,190,substitution
Q86UT5-4,Q86UT5,0.565356943,62.47848537,355,571,substitution
Q8N4P6-2,Q8N4P6,0.523073095,53.76712329,2,558,substitution
Q96G74-5,Q96G74,0.463939334,99.12434326,304,308,deletion
Q9P2T0-2,Q9P2T0,0.18588909,93.66754617,145,168,deletion
Q96Q40-6,Q96Q40,0.4279607,70.3539823,182,435,substitution
Q9C0E8-4,Q9C0E8,0.399815438,93.24618736,,,insertion
P52943-2,P52943,0.429003383,69.14893617,2,14,substitution
Q719I0-2,Q719I0,0.49120693,47.4916388,2,157,substitution
Q7Z7D3-3,Q7Z7D3,0.286101863,12.98701299,33,282,substitution
Q9Y548-2,Q9Y548,0.326434964,40.19607843,2,184,deletion
Q9NP61-2,Q9NP61,0.283715766,91.47286822,88,131,deletion
Q6P5S7-2,Q6P5S7,0.639499573,54.90196078,2,65,substitution
O95319-4,O95319,0.572812354,95.36679537,2,358,substitution
Q9NY56-4,Q9NY56,0.695389394,56.43153527,130,170,substitution
P05408-2,P05408,0.313605078,99.52830189,126,126,deletion
Q03060-20,Q03060,0.323164371,74.79224377,2,244,substitution
O95704-4,O95704,0.611584454,98.5801217,,,insertion
Q9BYE2-4,Q9BYE2,0.468031966,70.87378641,428,585,substitution
Q16378-2,Q16378,0.28579316,30.65693431,34,134,substitution
Q96EN9-2,Q96EN9,0.485172034,54.50643777,2,201,substitution
Q496M5-2,Q496M5,0.56568509,88.98809524,239,275,deletion
Q71RG4-4,Q71RG4,0.228634727,27.16049383,2,320,substitution
Q969K4-4,Q969K4,0.469397185,52.63157895,24,478,substitution
Q11203-11,Q11203,0.386245912,27.46666667,102,375,substitution
Q96PE5-3,Q96PE5,0.532412945,82.9787234,2,24,deletion
P54727-2,P54727,0.286117222,82.39608802,2,73,deletion
Q99729-2,Q99729,0.620714888,97.2972973,26,165,substitution
P14317-2,P14317,0.238408627,31.30081301,134,486,substitution
P49116-2,P49116,0.585552505,96.91056911,,,insertion
Q5TDP6-3,Q5TDP6,0.158842922,13.52941176,55,509,substitution
P07492-3,P07492,0.386756391,95.27027027,128,134,deletion
Q96A46-3,Q96A46,0.408533952,47.8021978,2,192,substitution
P55327-5,P55327,0.402113342,93.69747899,169,169,substitution
Q15056-2,Q15056,0.556982333,91.93548387,138,157,deletion
Q15651-2,Q15651,0.321802729,77.77777778,76,99,substitution
Q8WV48-2,Q8WV48,0.294139817,50.88339223,138,283,substitution
Q9BUV8-4,Q9BUV8,0.343854535,58.39416058,74,137,substitution
Q8N108-19,Q8N108,0.486125432,66.73040153,2,512,substitution
Q9UGN4-2,Q9UGN4,0.255400091,62.20735786,14,126,deletion
Q8NDD1-7,Q8NDD1,0.192141985,50.99337748,151,293,substitution
Q12901-2,Q12901,0.59570473,97.0856102,2,5,substitution
O96017-3,O96017,0.156237666,29.83425414,107,487,deletion
Q6W5P4-9,Q6W5P4,0.332053251,25.06738544,94,371,substitution
Q8IVM0-2,Q8IVM0,0.395419291,63.48547718,,,insertion
Q01543-3,Q01543,0.602777019,92.69911504,2,34,deletion
Q9Y215-7,Q9Y215,0.174449901,60.0,272,455,substitution
Q04941-2,Q04941,0.558287236,75.1552795,117,151,substitution
O95319-3,O95319,0.590955702,93.20754717,2,358,substitution
Q14135-5,Q14135,0.402673391,70.68965517,2,85,deletion
O14770-6,O14770,0.506898019,61.45833333,3,477,substitution
Q9BUN5-3,Q9BUN5,0.522139616,76.85950413,183,200,substitution
Q15853-3,Q15853,0.529161401,80.63583815,77,143,deletion
Q9H1J1-3,Q9H1J1,0.214654571,31.72268908,2,326,deletion
P16989-2,P16989,0.383856608,81.4516129,192,260,deletion
Q8NE31-5,Q8NE31,0.236604859,85.64102564,2,445,substitution
Q96N21-2,Q96N21,0.300420651,62.9005059,2,175,substitution
O95297-5,O95297,0.459158558,44.23791822,87,236,deletion
Q8NFV4-5,Q8NFV4,0.466412999,38.99371069,43,306,substitution
Q14938-2,Q14938,0.563169749,91.63346614,318,359,deletion
O75674-3,O75674,0.364830903,83.82352941,2,78,deletion
K7EIQ3-2,K7EIQ3,0.225541447,40.95238095,32,104,substitution
Q9BQE9-2,Q9BQE9,0.226177958,55.14018692,2,88,substitution
Q96M27-4,Q96M27,0.23949771,69.66292135,311,445,substitution
Q15287-2,Q15287,0.57702741,92.13114754,2,24,deletion
Q6X4W1-6,Q6X4W1,0.517093322,95.28301887,236,260,deletion
Q9H171-5,Q9H171,0.354485336,22.37442922,87,429,substitution
Q6IQ49-2,Q6IQ49,0.616319685,97.33924612,55,66,deletion
Q8NG50-11,Q8NG50,0.547855176,46.39175258,2,251,substitution
Q53TN4-2,Q53TN4,0.401593813,26.51006711,66,286,substitution
Q11203-12,Q11203,0.36357743,36.87002653,133,375,substitution
O95704-2,O95704,0.637508503,99.58847737,211,212,deletion
Q9Y215-5,Q9Y215,0.242229748,98.02197802,124,132,deletion
Q96JY0-3,Q96JY0,0.180840356,35.25345622,2,281,substitution
Q53S99-2,Q53S99,0.315687275,45.22292994,64,150,substitution
Q9NUI1-2,Q9NUI1,0.580549037,30.68783069,51,291,substitution
P16410-4,P16410,0.279210421,26.38297872,58,223,substitution
Q8N6H7-2,Q8N6H7,0.282964248,79.46257198,2,160,substitution
Q13398-2,Q13398,0.572729943,81.65584416,3,72,substitution
Q9GZY8-3,Q9GZY8,0.239338423,71.05263158,2,271,substitution
P11912-2,P11912,0.313963807,82.74336283,89,127,substitution
P49918-2,P49918,0.434469551,96.51898734,2,12,deletion
O75494-4,O75494,0.57930862,63.74045802,164,262,substitution
Q11203-9,Q11203,0.319553885,27.73333333,102,375,substitution
P23760-7,P23760,0.619469121,97.53593429,475,479,substitution
Q96AQ7-3,Q96AQ7,0.31264884,33.46938776,70,238,substitution
Q9NP31-3,Q9NP31,0.426513332,92.80205656,2,29,deletion
Q86SG4-3,Q86SG4,0.352896482,87.20930233,2,23,deletion
Q99593-3,Q99593,0.46787955,90.34749035,2,51,deletion
A0PK05-2,A0PK05,0.199454403,57.09090909,2,119,deletion
O75554-2,O75554,0.344514705,94.41489362,26,46,deletion
P02724-3,P02724,0.398267186,78.0,13,45,deletion
Q7Z7G1-2,Q7Z7G1,0.157568248,39.25233645,3,428,substitution
P78314-4,P78314,0.536479096,90.77669903,,,insertion
Q12857-3,Q12857,0.576959059,98.23182711,2,9,deletion
Q9Y215-3,Q9Y215,0.206016957,92.52747253,74,107,deletion
P35240-10,P35240,0.409482035,30.18242123,39,595,substitution
P26436-2,P26436,0.529950966,92.83018868,167,185,deletion
O75494-3,O75494,0.598479043,64.1221374,165,262,substitution
B9A064-2,B9A064,0.254524135,34.57943925,70,214,substitution
O75394-2,O75394,0.283415347,32.0,14,64,substitution
Q14439-2,Q14439,0.620271101,89.32038835,2,56,substitution
Q8NE31-4,Q8NE31,0.250053922,85.81196581,2,84,deletion
Q9NW68-4,Q9NW68,0.371680853,69.14660832,2,430,substitution
Q8N6N3-2,Q8N6N3,0.287565626,87.91208791,159,182,substitution
Q49A92-3,Q49A92,0.426790907,52.41635688,2,538,substitution
P23760-6,P23760,0.574854577,97.33059548,108,479,substitution
Q5XKR9-3,Q5XKR9,0.308220421,76.0,41,115,substitution
Q6XE24-3,Q6XE24,0.46497853,95.88100686,26,313,substitution
Q02962-4,Q02962,0.506335892,80.77803204,206,417,substitution
Q9GZY8-2,Q9GZY8,0.257588625,85.0877193,2,198,substitution
Q9H6Z4-3,Q9H6Z4,0.452798054,88.00705467,27,94,deletion
Q9Y5R6-3,Q9Y5R6,0.254521961,32.4120603,120,373,substitution
P11836-2,P11836,0.190944162,43.77104377,38,204,deletion
Q9NPI0-3,Q9NPI0,0.541449892,71.73913043,126,162,substitution
Q8N6W0-2,Q8N6W0,0.483845374,75.14910537,299,485,substitution
Q8N8G2-2,Q8N8G2,0.265615585,41.32492114,131,304,deletion
Q9UD71-2,Q9UD71,0.34262143,82.35294118,2,37,deletion
Q12972-3,Q12972,0.209572931,36.18233618,2,225,deletion
Q9Y6I3-3,Q9Y6I3,0.447784033,95.48611111,202,393,substitution
Q08495-2,Q08495,0.235581964,94.56790123,320,341,deletion
Q99871-2,Q99871,0.381607602,86.18266979,,,insertion
Q6PB30-2,Q6PB30,0.498805638,75.94936709,57,78,substitution
Q9UBR5-2,Q9UBR5,0.483586619,65.13157895,27,79,deletion
Q9C0E8-3,Q9C0E8,0.258312369,71.26168224,2,124,deletion
Q1HG44-2,Q1HG44,0.18514405,19.58456973,50,320,substitution
Q53FD0-2,Q53FD0,0.29606605,60.30701754,276,456,deletion
Q76EJ3-2,Q76EJ3,0.545106694,73.88724036,164,251,deletion
Q13398-6,Q13398,0.662882327,96.45390071,2,21,deletion
Q8N5Y2-3,Q8N5Y2,0.536638027,92.62759924,3,34,substitution
Q9NQV5-2,Q9NQV5,0.473087961,93.34637965,2,35,deletion
Q9HB65-2,Q9HB65,0.419484623,86.39798489,2,56,substitution
Q6ZV65-2,Q6ZV65,0.329665078,63.23529412,2,223,substitution
Q8IXM2-2,Q8IXM2,0.229771093,80.23255814,41,74,deletion
Q9BWT1-4,Q9BWT1,0.192468054,41.60401003,155,371,substitution
Q9NPF0-2,Q9NPF0,0.254806393,85.10638298,49,90,deletion
Q8TAC9-3,Q8TAC9,0.391897921,58.43621399,2,98,substitution
Q6X4W1-3,Q6X4W1,0.443632904,95.66037736,238,260,deletion
Q86X24-4,Q86X24,0.534167174,77.41116751,2,109,substitution
Q96LR9-2,Q96LR9,0.770807747,88.53046595,2,32,deletion
Q06547-4,Q06547,0.483844234,85.06329114,195,395,substitution
Q8N108-16,Q8N108,0.593051126,78.77629063,412,512,substitution
Q5FBB7-2,Q5FBB7,0.345198508,54.90196078,176,428,substitution
P03372-2,P03372,0.476291429,81.17647059,255,366,deletion
Q14135-6,Q14135,0.389748667,71.03448276,2,85,substitution
Q96FT9-2,Q96FT9,0.390517081,85.98130841,72,98,substitution
P30304-2,P30304,0.478649219,92.36641221,144,183,deletion
P30926-2,P30926,0.333761313,26.64165103,120,498,substitution
Q86V59-2,Q86V59,0.545484306,83.29571106,367,439,substitution
Q96JY6-3,Q96JY6,0.387899844,88.29787234,328,352,substitution
Q9UKX7-2,Q9UKX7,0.58548794,94.01709402,3,30,deletion
Q6PCB0-3,Q6PCB0,0.209108335,7.726269316,26,445,substitution
Q7Z309-5,Q7Z309,0.245779928,56.48854962,2,247,substitution
Q6MZQ0-2,Q6MZQ0,0.16228246,35.67567568,2,237,substitution
Q6PDA7-3,Q6PDA7,0.240476402,58.87096774,72,123,substitution
Q9BWT1-3,Q9BWT1,0.250497595,86.52291105,267,316,deletion
Q8WYN3-2,Q8WYN3,0.51436271,86.24161074,2,508,substitution
Q8NBL3-2,Q8NBL3,0.30922426,26.84563758,66,297,substitution
O00257-3,O00257,0.308415001,51.78571429,129,398,deletion
P30305-2,P30305,0.44246981,97.5862069,68,81,deletion
O43581-3,O43581,0.535858174,58.60058309,72,72,substitution
P09603-2,P09603,0.554863091,79.06137184,365,480,deletion
Q9BQE9-4,Q9BQE9,0.377122621,71.78217822,89,145,deletion
Q9H930-1,Q9H930,0.370482152,75.51724138,439,580,deletion
Q86Y33-3,Q86Y33,0.629389479,91.90751445,406,447,deletion
Q8TAP4-2,Q8TAP4,0.438939737,77.97619048,50,69,substitution
O95760-2,O95760,0.621129294,84.44444444,115,156,deletion
Q8NB59-5,Q8NB59,0.514404732,95.35283993,452,452,substitution
Q9NUK0-5,Q9NUK0,0.336904074,72.88135593,2,97,deletion
Q8IUD6-3,Q8IUD6,0.370380731,52.63157895,228,432,substitution
P52952-3,P52952,0.195322897,34.25925926,112,324,substitution
Q9NWK9-2,Q9NWK9,0.593344127,91.70212766,82,120,deletion
Q04900-2,Q04900,0.336116198,89.0,175,197,substitution
Q5SSJ5-5,Q5SSJ5,0.172386407,20.95914742,117,553,substitution
Q9UGN4-4,Q9UGN4,0.22507687,50.16722408,14,258,substitution
Q9BSD3-2,Q9BSD3,0.31563783,94.11764706,44,57,deletion
Q9UIL1-4,Q9UIL1,0.413236804,82.38993711,85,112,deletion
Q9NZR4-7,Q9NZR4,0.248880581,57.25806452,210,365,substitution
Q8TDX7-2,Q8TDX7,0.398719517,23.75,67,302,substitution
P51858-2,P51858,0.399975396,87.75510204,2,29,substitution
Q9C0I9-4,Q9C0I9,0.370591185,67.85046729,359,530,substitution
Q9H1Q7-2,Q9H1Q7,0.656998048,88.76651982,69,119,deletion
Q6UYE1-2,Q6UYE1,0.390754535,70.13574661,154,221,substitution
O75494-6,O75494,0.555043666,63.74045802,147,262,substitution
P15336-3,P15336,0.189752188,41.38613861,210,505,deletion
Q8IYB5-3,Q8IYB5,0.417560002,85.23206751,139,467,substitution
O43464-2,O43464,0.35296669,78.8209607,238,403,substitution
Q8NB59-6,Q8NB59,0.501944391,96.68989547,,,insertion
P53539-7,P53539,0.412712242,74.55621302,43,284,substitution
Q6UX71-3,Q6UX71,0.244001589,28.54442344,2,379,deletion
Q9NUK0-4,Q9NUK0,0.451950336,80.50847458,2,319,substitution
O15504-2,O15504,0.435788168,47.91666667,204,423,substitution
O14836-2,O14836,0.341913807,84.3003413,21,67,substitution
P62995-3,P62995,0.547455188,65.27777778,3,102,deletion
Q15041-3,Q15041,0.412252201,74.38423645,105,156,deletion
Q96HZ4-2,Q96HZ4,0.31769123,39.85765125,84,224,substitution
Q86U06-3,Q86U06,0.423553754,71.29840547,311,439,substitution
Q92731-3,Q92731,0.300667384,60.0,319,530,substitution
Q86SG4-2,Q86SG4,0.365842399,93.60465116,2,12,substitution
Q9Y215-4,Q9Y215,0.259919539,99.12087912,74,77,deletion
Q9NUK0-3,Q9NUK0,0.438537983,83.89830508,2,57,substitution
Q13425-2,Q13425,0.308115804,49.07407407,266,540,substitution
Q99504-3,Q99504,0.651132854,83.58208955,121,572,substitution
Q8N9W6-4,Q8N9W6,0.490059884,97.92387543,,,insertion
Q9H3Y8-2,Q9H3Y8,0.415297786,59.64912281,67,114,substitution
Q96HR8-2,Q96HR8,0.471487645,70.6,346,494,substitution
P98153-2,P98153,0.346607809,92.54545455,28,68,deletion
Q9NVV9-2,Q9NVV9,0.343559074,12.17391304,25,213,substitution
O43474-5,O43474,0.138187789,11.17424242,43,513,substitution
Q8N6I4-3,Q8N6I4,0.507601541,96.44970414,,,insertion
Q70Z44-3,Q70Z44,0.468074373,48.80174292,2,306,substitution
Q9BZC1-5,Q9BZC1,0.497033267,91.97530864,140,444,substitution
Q96MX0-2,Q96MX0,0.248078058,25.82417582,43,182,substitution
O95758-2,O95758,0.478579175,83.33333333,2,552,substitution
Q00987-11,Q00987,0.311086342,98.79275654,,,insertion
Q6WN34-2,Q6WN34,0.256107749,82.40343348,374,426,substitution
Q8N5H3-4,Q8N5H3,0.340171722,55.95854922,98,189,substitution
Q4JDL3-12,Q4JDL3,0.292965805,37.70491803,2,420,substitution
Q8TF68-3,Q8TF68,0.457430213,79.89601386,102,353,substitution
P01100-2,P01100,0.361027317,70.0,2,115,deletion
O14836-3,O14836,0.401616775,48.56230032,150,293,substitution
Q9Y215-6,Q9Y215,0.209238509,54.17558887,240,455,substitution
Q8N684-3,Q8N684,0.320196913,91.63424125,,,insertion
Q2VYF4-3,Q2VYF4,0.457060952,80.65173116,2,215,substitution
P08620-2,P08620,0.228677119,55.82524272,114,206,substitution
Q9UKA8-4,Q9UKA8,0.237961239,32.37704918,68,241,substitution
O75631-2,O75631,0.342941656,57.4912892,70,191,substitution
Q13501-2,Q13501,0.289199111,80.90909091,3,86,deletion
Q66K41-2,Q66K41,0.175713761,41.23222749,2,249,deletion
Q96AW1-4,Q96AW1,0.367126666,89.53488372,2,18,deletion
P15336-6,P15336,0.198943957,22.44094488,2,394,substitution
Q9BXS6-6,Q9BXS6,0.287176058,96.59863946,103,117,deletion
A5D8T8-2,A5D8T8,0.350174576,18.52678571,2,371,substitution
Q9NSK7-3,Q9NSK7,0.282186745,62.02531646,98,141,substitution
Q9BWT1-2,Q9BWT1,0.404893313,82.44444444,,,insertion
P23560-4,P23560,0.597469067,75.07598784,,,insertion
Q9UKT9-10,Q9UKT9,0.214178372,71.90569745,55,197,deletion
Q96PM9-2,Q96PM9,0.297582276,73.83419689,2,221,substitution
Q8N365-2,Q8N365,0.159584223,31.68831169,123,385,substitution
Q8NCR9-2,Q8NCR9,0.537931236,66.37168142,2,76,substitution
Q9BXJ8-2,Q9BXJ8,0.377780059,56.69291339,189,343,substitution
Q9BY77-2,Q9BY77,0.348876517,93.11163895,151,179,deletion
O76021-2,O76021,0.229090441,55.10204082,2,221,deletion
P29972-3,P29972,0.670141877,57.76173285,2,128,substitution
Q14802-2,Q14802,0.484254801,76.99115044,,,insertion
Q9UHF4-3,Q9UHF4,0.530383827,91.13924051,2,50,deletion
P84157-3,P84157,0.287632852,81.95121951,168,204,substitution
Q9NRH1-2,Q9NRH1,0.345178176,43.93305439,84,226,substitution
Q9BXS6-4,Q9BXS6,0.286622638,96.37188209,103,221,substitution
O75475-3,O75475,0.291120931,61.32075472,326,530,substitution
Q13118-4,Q13118,0.234244759,17.33067729,2,480,substitution
Q9Y4X0-3,Q9Y4X0,0.597390267,88.88888889,159,195,deletion
Q14247-3,Q14247,0.229193906,93.27272727,266,302,deletion
Q9NPH6-3,Q9NPH6,0.169810861,15.81632653,25,170,substitution
Q6ZN11-2,Q6ZN11,0.45483550699999997,89.408867,362,404,substitution
Q8N5M4-2,Q8N5M4,0.413399939,25.98684211,2,171,substitution
Q9UKT9-11,Q9UKT9,0.185496601,64.24361493,55,236,deletion
Q8NHS9-2,Q8NHS9,0.506139029,88.15426997,15,57,deletion
Q96AW1-3,Q96AW1,0.372966912,91.27906977,2,18,substitution
Q5XKR9-6,Q5XKR9,0.238756151,68.21705426,2,115,substitution
O14948-2,O14948,0.422722148,91.6426513,61,89,deletion
Q96AW1-2,Q96AW1,0.37468607,91.86046512,4,18,substitution
Q96NZ9-4,Q96NZ9,0.295020463,94.0397351,80,88,deletion
Q8IVW6-3,Q8IVW6,0.366074876,66.72325976,390,561,substitution
Q9UIG5-2,Q9UIG5,0.596371671,63.81578947,2,56,substitution
Q8N9Z9-3,Q8N9Z9,0.431595653,79.89690722,2,83,substitution
Q8N4S9-2,Q8N4S9,0.504895222,78.49462366,431,557,substitution
Q6P6B1-2,Q6P6B1,0.241722626,10.16042781,20,337,deletion
Q3C1V1-2,Q3C1V1,0.283473331,84.57711443,166,192,substitution
Q99828-2,Q99828,0.764159256,82.68398268,,,insertion
P14678-3,P14678,0.479246043,82.35294118,227,228,substitution
Q13398-4,Q13398,0.612192336,94.41535777,2,30,substitution
Q6PII5-4,Q6PII5,0.474776997,39.47368421,97,290,substitution
Q5SQI0-2,Q5SQI0,0.547767013,92.19858156,2,36,substitution
Q86T90-3,Q86T90,0.290702067,36.0,2,577,substitution
Q13519-2,Q13519,0.257217704,63.63636364,2,65,deletion
P01258-2,P01258,0.352737866,95.03546099,134,141,substitution
Q14134-2,Q14134,0.593801281,96.59863946,569,588,substitution
Q9NZR4-2,Q9NZR4,0.236325617,60.0,211,365,substitution
Q9GZY6-2,Q9GZY6,0.298444964,45.67901235,112,243,deletion
P36402-8,P36402,0.370045746,63.8961039,2,384,substitution
P0CL80-2,P0CL80,0.343697536,64.1025641,70,111,deletion
Q9NZR4-8,Q9NZR4,0.444456987,73.6,270,365,substitution
Q96LI6-3,Q96LI6,0.354016257,44.52736318,173,401,substitution
P24855-2,P24855,0.590646769,29.17933131,2,282,substitution
Q9H019-3,Q9H019,0.306591763,95.89041096,151,162,deletion
O43521-14,O43521,0.236042408,67.17171717,132,198,substitution
O75143-4,O75143,0.350768964,77.56286267,2,299,substitution
Q04900-5,Q04900,0.405694321,72.0,143,197,substitution
Q96KN8-3,Q96KN8,0.572453827,96.41577061,50,59,deletion
Q8WXS3-4,Q8WXS3,0.241602434,33.74233129,54,145,substitution
Q8N5H3-2,Q8N5H3,0.418468235,79.36507937,51,97,substitution
Q8WXA9-2,Q8WXA9,0.460367698,81.41025641,,,insertion
Q8N9W6-3,Q8N9W6,0.473818919,95.93220339,,,insertion
Q96ME7-3,Q96ME7,0.342924811,94.88536155,31,152,substitution
Q03060-15,Q03060,0.470890968,81.99445983,2,88,substitution
Q9H3U5-2,Q9H3U5,0.285565592,15.69892473,73,465,substitution
P15976-3,P15976,0.376883808,79.9031477,3,85,deletion
P53990-6,P53990,0.226315613,59.01639344,2,228,substitution
Q5T9C2-3,Q5T9C2,0.250292281,63.02083333,2,143,deletion
Q9BXN2-3,Q9BXN2,0.474747812,69.63562753,165,247,substitution
O43521-4,O43521,0.27208081,83.83838384,167,198,substitution
Q9UKT9-12,Q9UKT9,0.17864347,56.58153242,55,275,deletion
Q9UHF0-2,Q9UHF0,0.324176063,71.83098592,98,121,substitution
Q6XE24-2,Q6XE24,0.488089732,93.33333333,249,437,substitution
G9CGD6-2,G9CGD6,0.463621267,99.88888889,,,insertion
P14209-2,P14209,0.442476447,85.40540541,159,185,substitution
Q3ZAQ7-2,Q3ZAQ7,0.541106634,55.625,2,17,substitution
Q9UBU3-4,Q9UBU3,0.381659556,72.64957265,2,36,substitution
P53539-8,P53539,0.260957239,57.69230769,44,186,deletion
Q8IYB5-2,Q8IYB5,0.417333753,94.21841542,139,165,deletion
Q96FT9-3,Q96FT9,0.237179272,46.51162791,99,208,substitution
O95684-2,O95684,0.39758431,94.98746867,174,193,deletion
Q99542-4,Q99542,0.204955209,11.41732283,58,508,substitution
Q13117-3,Q13117,0.657666155,95.69892473,341,364,deletion
Q8NB59-2,Q8NB59,0.360050573,81.08108108,450,555,substitution
Q5SVJ3-2,Q5SVJ3,0.252003432,78.23129252,52,83,deletion
Q96AD5-2,Q96AD5,0.198179116,35.71428571,2,325,deletion
Q1A5X6-2,Q1A5X6,0.309145733,56.97674419,98,159,substitution
Q9GZW8-2,Q9GZW8,0.456184139,81.25,50,94,deletion
Q96Q45-5,Q96Q45,0.652631499,98.78934625,,,insertion
Q9H6Y5-3,Q9H6Y5,0.448223764,67.13483146,2,231,substitution
P36402-10,P36402,0.411927009,63.28125,2,384,substitution
Q86TI4-4,Q86TI4,0.646551866,55.3816047,243,376,substitution
Q8N4F7-2,Q8N4F7,0.43728879,35.63535912,3,328,substitution
Q3B7T3-2,Q3B7T3,0.317120419,57.91505792,2,110,deletion
O75791-2,O75791,0.288303665,56.66666667,2,152,substitution
Q5VTD9-2,Q5VTD9,0.442826945,86.06060606,171,216,deletion
P02724-2,P02724,0.367730786,82.66666667,2,27,deletion
Q96PM9-1,Q96PM9,0.402891799,94.81865285,2,21,deletion
P15814-2,P15814,0.193740557,34.74178404,70,213,substitution
Q9UBF6-3,Q9UBF6,0.247814208,51.5625,57,113,substitution
Q96DE0-2,Q96DE0,0.581687286,42.14559387,2,195,substitution
P55327-6,P55327,0.418103914,90.68825911,,,insertion
O76090-4,O76090,0.501302375,85.12820513,2,316,substitution
Q96LY2-2,Q96LY2,0.392451364,82.63157895,100,165,deletion
Q8IW70-2,Q8IW70,0.280944808,34.72949389,194,566,substitution
Q9NSY2-3,Q9NSY2,0.411047045,17.03056769,34,213,substitution
Q96HH9-2,Q96HH9,0.590772803,84.34004474,2,68,substitution
Q9NWM3-2,Q9NWM3,0.32954528,92.74611399,233,260,deletion
Q6MZQ0-3,Q6MZQ0,0.246318498,64.94565217,2,194,substitution
Q9H910-2,Q9H910,0.255962469,91.57894737,2,17,deletion
Q02962-3,Q02962,0.486720398,94.48441247,206,228,deletion
Q9BUL5-3,Q9BUL5,0.292267805,83.37468983,54,120,deletion
Q9GZU3-3,Q9GZU3,0.736932396,62.19512195,2,492,substitution
O00712-5,O00712,0.542467262,84.21052632,,,insertion
Q9BQE9-3,Q9BQE9,0.498839986,80.1980198,163,202,substitution
P08651-2,P08651,0.572450368,98.03149606,2,10,deletion
Q15797-2,Q15797,0.178897787,18.87966805,2,465,substitution
Q86UD7-3,Q86UD7,0.252016032,25.95419847,67,250,substitution
P31314-2,P31314,0.349473029,77.87878788,258,330,deletion
Q14938-4,Q14938,0.699318612,98.20717131,2,9,deletion
Q8WXD2-2,Q8WXD2,0.537356932,50.42735043,2,233,deletion
Q86YD5-2,Q86YD5,0.357815824,85.50724638,16,65,substitution
O43435-3,O43435,0.601027874,67.82273603,337,398,substitution
P33947-2,P33947,0.55464106,49.80237154,118,212,substitution
Q9C0K3-2,Q9C0K3,0.196621243,22.38095238,2,164,deletion
Q96PE5-4,Q96PE5,0.469615077,92.19858156,14,24,deletion
Q5TC79-2,Q5TC79,0.398610296,67.77996071,343,503,substitution
O94763-4,O94763,0.372236692,82.80373832,2,535,substitution
O43281-2,O43281,0.372950787,82.35294118,7,99,deletion
Q96M53-2,Q96M53,0.181627655,66.94915254,231,351,substitution
Q86VR2-2,Q86VR2,0.184563562,58.15450644,2,196,deletion
Q9NUQ6-4,Q9NUQ6,0.59640896,98.58657244,,,insertion
O14770-4,O14770,0.572095417,98.53249476,346,352,deletion
O43760-2,O43760,0.651106516,52.20125786,160,224,substitution
Q8N108-14,Q8N108,0.627511317,75.74074074,2,512,substitution
P30405-2,P30405,0.585419374,67.46411483,139,206,substitution
Q13247-3,Q13247,0.565839592,92.15116279,313,344,substitution
Q9C073-2,Q9C073,0.143935975,39.95584989,2,273,deletion
O15156-2,O15156,0.323801981,94.06631763,,,insertion
O60238-2,O60238,0.304171032,81.73515982,2,41,deletion
P15336-2,P15336,0.349954612,63.56435644,2,185,substitution
Q9BYV8-4,Q9BYV8,0.215719407,8.740359897,34,373,substitution
O43521-8,O43521,0.260295908,84.34343434,167,198,substitution
P15692-14,P15692,0.505027928,56.31067961,,,insertion
Q2KHT4-5,Q2KHT4,0.550859728,78.7965616,109,198,substitution
P40225-3,P40225,0.466110903,88.95184136,160,198,deletion
Q9UBS0-2,Q9UBS0,0.381336569,31.53526971,153,482,substitution
Q8WV48-5,Q8WV48,0.338784805,90.45936396,175,201,deletion
Q9BXS6-5,Q9BXS6,0.25221955,99.77324263,103,103,deletion
Q9BZC1-3,Q9BZC1,0.599652826,99.38271605,150,268,substitution
Q9UKS7-6,Q9UKS7,0.362149425,45.05703422,238,526,substitution
Q5JTD0-2,Q5JTD0,0.476385307,98.20466786,120,129,deletion
Q7Z5B4-2,Q7Z5B4,0.25916579,31.29973475,118,369,substitution
P55347-2,P55347,0.454256907,84.61538462,368,436,substitution
Q569K4-5,Q569K4,0.333162057,80.73770492,2,471,substitution
P31431-2,P31431,0.195924506,74.74747475,149,198,substitution
P24844-2,P24844,0.417819151,68.60465116,63,116,deletion
O43399-5,O43399,0.466372981,93.63636364,,,insertion
P12272-2,P12272,0.328901208,98.8700565,176,177,deletion
Q9UK12-2,Q9UK12,0.585646828,90.83503055,2,47,substitution
Q9Y2V3-2,Q9Y2V3,0.167894251,28.32369942,97,346,substitution
P36402-6,P36402,0.396377997,62.43654822,2,116,deletion
Q96PE5-2,Q96PE5,0.538382473,90.78014184,2,13,substitution
Q86YJ5-2,Q86YJ5,0.361033118,52.80898876,2,170,substitution
Q9UMX0-2,Q9UMX0,0.415384673,95.24617997,418,445,deletion
O75030-12,O75030,0.329930191,88.97338403,2,298,substitution
Q00973-3,Q00973,0.493464417,48.15498155,238,533,substitution
P23760-8,P23760,0.560075052,94.85148515,475,479,substitution
P48651-3,P48651,0.545340664,49.8015873,2,473,substitution
Q9H6Y5-2,Q9H6Y5,0.442889569,68.53932584,2,92,substitution
P55957-2,P55957,0.78051938,80.91286307,,,insertion
P29353-6,P29353,0.435046359,99.82876712,,,insertion
Q9Y6B2-2,Q9Y6B2,0.197101945,87.70053476,65,87,deletion
Q8NCE0-5,Q8NCE0,0.589383705,84.15417559,278,465,substitution
Q6JBY9-2,Q6JBY9,0.188054986,25.48076923,3,312,deletion
Q96EB1-2,Q96EB1,0.741770161,71.76684882,382,424,substitution
Q9UMX0-3,Q9UMX0,0.285754481,69.94906621,61,237,deletion
Q2NL68-3,Q2NL68,0.21070146,38.125,147,480,substitution
Q13875-2,Q13875,0.271066423,99.45355191,183,183,deletion
O43670-2,O43670,0.35777812,90.48582996,185,290,substitution
O15130-2,O15130,0.336794542,65.38461538,2,34,substitution
P05386-2,P05386,0.314395623,78.07017544,25,49,deletion
P28906-2,P28906,0.592985809,84.41558442,325,385,substitution
Q96D05-2,Q96D05,0.356965263,74.23312883,,,insertion
P42568-2,P42568,0.406247803,99.29577465,2,4,deletion
P35680-2,P35680,0.570425741,95.33213645,184,209,deletion
Q5JU69-5,Q5JU69,0.221277552,17.75700935,51,321,substitution
Q86U06-5,Q86U06,0.383299879,72.19917012,2,100,substitution
Q14192-2,Q14192,0.269790849,22.65372168,53,279,substitution
Q8IWD4-4,Q8IWD4,0.278176849,72.75985663,80,155,substitution
A2IDD5-4,A2IDD5,0.245940916,37.89473684,165,438,substitution
Q9Y215-2,Q9Y215,0.28490886,93.88646288,2,35,substitution
Q6ZSS3-2,Q6ZSS3,0.336246904,33.40909091,148,439,substitution
Q13243-3,Q13243,0.718444441,98.89705882,43,45,deletion
Q96KR7-4,Q96KR7,0.385724702,93.13380282,2,39,substitution
P12524-3,P12524,0.36813067,92.3857868,,,insertion
P36402-16,P36402,0.402875444,63.1443299,2,384,substitution
P13378-2,P13378,0.436225619,99.65517241,194,194,deletion
O75398-4,O75398,0.386851103,87.96460177,2,69,deletion
O43516-4,O43516,0.228330783,71.17296223,222,366,deletion
Q8N8Q1-2,Q8N8Q1,0.239507364,24.35424354,50,229,substitution
Q9BY08-2,Q9BY08,0.393018229,40.51724138,81,206,substitution
Q9BX40-2,Q9BX40,0.30395579,81.36020151,143,220,substitution
Q9NZH5-2,Q9NZH5,0.32711606,85.64593301,179,202,substitution
Q9UJU2-3,Q9UJU2,0.412980225,71.17794486,2,116,deletion
Q96AN5-3,Q96AN5,0.227028995,18.72427984,89,459,substitution
Q8TE12-2,Q8TE12,0.153428493,34.81675393,2,250,deletion
O00470-2,O00470,0.529791016,80.34188034,2,390,substitution
P16989-3,P16989,0.536937171,91.66666667,340,372,substitution
Q99933-2,Q99933,0.530206764,87.31988473,302,345,substitution
O75143-5,O75143,0.504510696,94.0,,,insertion
Q8TEY5-2,Q8TEY5,0.72036183,94.93670886,39,58,deletion
Q16625-3,Q16625,0.475226486,90.99616858,476,521,substitution
Q8N3F0-3,Q8N3F0,0.270574779,57.85714286,2,54,substitution
Q96Q45-3,Q96Q45,0.668794442,92.12962963,2,14,substitution
Q9NRR8-2,Q9NRR8,0.335179256,21.59090909,19,79,substitution
Q6IQ49-3,Q6IQ49,0.264467855,67.88008565,2,142,substitution
Q9NP74-2,Q9NP74,0.224189161,82.94010889,2,99,substitution
Q15011-2,Q15011,0.379797017,99.74424552,76,76,deletion
Q02962-2,Q02962,0.542315602,86.04118993,364,417,substitution
Q12796-2,Q12796,0.185991304,75.84097859,103,181,deletion
Q9NQ60-2,Q9NQ60,0.237237006,42.5170068,126,294,substitution
Q96IZ7-2,Q96IZ7,0.348080517,82.63473054,108,165,deletion
Q8TEB9-2,Q8TEB9,0.27866867,31.74603175,2,218,substitution
Q2NL68-4,Q2NL68,0.25476034,38.33333333,182,480,substitution
Q8TF74-2,Q8TF74,0.173475126,65.90909091,2,151,deletion
A6NJ78-3,A6NJ78,0.256648178,22.35872236,91,407,substitution
Q9BXS6-2,Q9BXS6,0.313172199,99.77324263,222,222,deletion
Q96HA4-3,Q96HA4,0.220793834,46.07329843,25,380,substitution
O75190-3,O75190,0.663281117,93.55828221,301,326,substitution
Q13398-3,Q13398,0.724403804,92.2813036,2,30,substitution
Q9UEE9-2,Q9UEE9,0.278474927,72.57525084,218,299,deletion
Q96NX9-4,Q96NX9,0.372955598,72.12020033,2,168,deletion
Q8N6T0-5,Q8N6T0,0.718249817,85.98726115,3,390,substitution
Q9BXS6-3,Q9BXS6,0.296277452,99.54648526,103,221,substitution
O43521-17,O43521,0.261303867,33.48017621,42,198,substitution
Q9H1X1-2,Q9H1X1,0.722373999,67.60124611,132,276,substitution
Q92784-3,Q92784,0.359986167,65.33333333,2,378,substitution
Q5SXH7-3,Q5SXH7,0.277307678,64.00817996,2,465,substitution
P13232-2,P13232,0.613276728,75.14124294,77,120,deletion
O43521-12,O43521,0.378729625,82.43902439,42,75,substitution
O75340-3,O75340,0.360434687,36.12565445,70,191,deletion
Q8WUG5-3,Q8WUG5,0.441832024,31.38297872,287,649,substitution
Q9GZM3-2,Q9GZM3,0.567302497,38.7755102,48,115,substitution
Q15049-2,Q15049,0.444002869,92.04244032,60,89,deletion
Q6ZV65-1,Q6ZV65,0.336518817,86.83544304,343,393,substitution
Q9Y3C1-2,Q9Y3C1,0.643548917,54.15019763,132,178,substitution
P09086-4,P09086,0.496794123,80.58455115,168,479,substitution
Q15070-3,Q15070,0.270617675,51.8018018,147,434,substitution
Q86YW5-3,Q86YW5,0.205314317,64.30868167,15,125,deletion
Q9BRS8-2,Q9BRS8,0.174239443,13.33333333,67,491,substitution
Q5JTV8-3,Q5JTV8,0.472352309,99.82876712,,,insertion
Q4JDL3-15,Q4JDL3,0.172454306,24.48036952,2,420,substitution
Q96PM9-3,Q96PM9,0.265851714,79.01554404,141,221,deletion
Q9BRJ7-2,Q9BRJ7,0.609639033,59.38697318,140,211,substitution
P56179-2,P56179,0.373777885,66.03773585,,,insertion
Q96AP0-2,Q96AP0,0.468877104,99.34497817,34,36,deletion
Q7L513-12,Q7L513,0.399695687,71.80851064,2,166,substitution
P53539-10,P53539,0.350337591,85.50295858,2,50,deletion
Q9BZC1-2,Q9BZC1,0.624546769,99.17695473,150,389,substitution
Q9H1N7-2,Q9H1N7,0.24245689,35.66084788,141,401,substitution
Q14653-4,Q14653,0.654635988,69.45010183,328,427,substitution
Q569K4-3,Q569K4,0.241494782,78.34394904,2,103,deletion
Q9NX70-2,Q9NX70,0.376758879,63.84976526,121,200,substitution
Q96NX9-2,Q96NX9,0.531101219,95.15859766,163,598,substitution
Q7Z5J1-4,Q7Z5J1,0.412253512,57.46031746,2,135,deletion
Q9BXN2-4,Q9BXN2,0.330761857,68.25396825,165,247,substitution
G9CGD6-3,G9CGD6,0.431104575,92.32480534,475,543,deletion
P81605-3,P81605,0.267490191,32.78688525,33,110,substitution
Q9UKT4-2,Q9UKT4,0.30784857,89.70917226,2,47,deletion
Q9UEW3-2,Q9UEW3,0.325122222,85.0,2,79,deletion
P36402-2,P36402,0.401970664,70.05208333,2,384,substitution
Q9NYP3-2,Q9NYP3,0.286532766,46.28975265,263,566,substitution
Q8N108-18,Q8N108,0.578337719,80.71161049,2,512,substitution
P55916-2,P55916,0.89952233,88.14102564,276,312,deletion
O75494-2,O75494,0.677719505,99.61832061,147,147,deletion
Q99697-3,Q99697,0.41344078,85.48895899,16,61,deletion
P14921-3,P14921,0.397007987,84.84848485,2,27,substitution
Q96L08-3,Q96L08,0.232736447,53.7254902,2,119,deletion
O15266-2,O15266,0.393337864,69.9669967,212,292,substitution
P36508-2,P36508,0.498237629,90.35087719,445,499,deletion
Q9NRN5-3,Q9NRN5,0.321683439,38.25503356,134,406,substitution
Q9BWK5-4,Q9BWK5,0.204135355,30.48780488,47,157,substitution
Q96LW2-2,Q96LW2,0.343496574,39.51219512,160,410,substitution
Q9Y603-5,Q9Y603,0.446840402,86.11898017,304,341,substitution
Q9H6Z4-2,Q9H6Z4,0.522101608,99.11816578,227,231,deletion
P08949-2,P08949,0.345530365,72.72727273,111,121,substitution
Q6UW88-7,Q6UW88,0.273998164,47.4025974,16,135,substitution
P51636-3,P51636,0.256135324,38.23529412,51,162,substitution
P59190-2,P59190,0.557222421,53.78151261,109,212,substitution
Q9H0F5-5,Q9H0F5,0.334580164,64.46601942,2,184,deletion
Q86UU9-4,Q86UU9,0.23210602,67.25663717,36,103,substitution
Q96SR6-2,Q96SR6,0.509946685,99.45454545,2,3,substitution
Q71RG4-3,Q71RG4,0.185648324,56.07476636,2,320,substitution
P42857-2,P42857,0.485487913,78.91891892,45,83,deletion
Q8N3Z6-2,Q8N3Z6,0.181330084,37.56906077,205,543,substitution
Q8TAI7-2,Q8TAI7,0.283377525,13.1147541,18,183,substitution
Q6P4D5-3,Q6P4D5,0.193022836,29.004329,3,195,substitution
Q9H4H8-2,Q9H4H8,0.314771987,97.26495726,125,140,deletion
Q8TDL5-2,Q8TDL5,0.417227911,21.96531792,2,483,substitution
Q9NUQ6-3,Q9NUQ6,0.597834076,94.89795918,,,insertion
O75030-9,O75030,0.367129046,77.21280603,2,118,substitution
Q9BRR0-2,Q9BRR0,0.366426352,72.49070632,3,150,deletion
Q5JTD0-4,Q5JTD0,0.362665476,86.35547576,2,129,substitution
P08621-4,P08621,0.195303099,62.25596529,2,159,substitution
Q4KMG9-2,Q4KMG9,0.323452575,81.81818182,2,33,substitution
Q56VL3-2,Q56VL3,0.253700737,58.44155844,89,154,substitution
Q9NYK6-2,Q9NYK6,0.305114024,74.41077441,222,297,deletion
Q4JDL3-8,Q4JDL3,0.353205771,45.47619048,2,420,substitution
P17861-2,P17861,0.357441286,41.76334107,167,261,substitution
Q9NP74-3,Q9NP74,0.249976936,68.23956443,3,177,deletion
Q96Q83-2,Q96Q83,0.350682616,42.39482201,73,286,substitution
P33240-2,P33240,0.311686597,97.05372617,237,253,deletion
Q15038-3,Q15038,0.48566205,80.95238095,45,76,deletion
O95628-3,O95628,0.528148686,97.04347826,2,18,deletion
A6PVY3-2,A6PVY3,0.317677643,46.66666667,81,158,substitution
P84101-3,P84101,0.320114627,30.07518797,39,59,substitution
Q13398-7,Q13398,0.626950807,97.74696707,,,insertion
Q99612-3,Q99612,0.204485637,80.91872792,227,283,substitution
Q6AW86-2,Q6AW86,0.523603119,83.42059337,2,79,substitution
Q00987-8,Q00987,0.296966961,87.57637475,2,62,deletion
Q9BQB6-3,Q9BQB6,0.461233205,35.55555556,59,163,substitution
Q8IZ96-17,Q8IZ96,0.515029126,59.09090909,,,insertion
Q14103-2,Q14103,0.58876938,94.64788732,79,97,deletion
P36402-14,P36402,0.37629558,64.32291667,2,384,substitution
Q8IXQ8-2,Q8IXQ8,0.315275614,73.86363636,2,70,substitution
Q5SXH7-4,Q5SXH7,0.392069054,70.10309278,2,465,substitution
O15151-5,O15151,0.368747775,89.79591837,225,274,deletion
Q8N3J5-2,Q8N3J5,0.405571089,49.8687664,181,372,substitution
Q9H4D5-2,Q9H4D5,0.340327518,40.11299435,2,531,substitution
Q9HC62-2,Q9HC62,0.526094649,94.11764706,2,33,substitution
Q9Y5A9-2,Q9Y5A9,0.434783674,91.36442142,3,52,deletion
Q7Z3D4-3,Q7Z3D4,0.199889617,32.37179487,86,306,substitution
O60304-2,O60304,0.309573054,90.22869023,434,480,substitution
O43768-7,O43768,0.284832951,73.23943662,2,61,substitution
P47710-3,P47710,0.454135528,95.67567568,66,73,deletion
Q9NS68-2,Q9NS68,0.620881566,98.10874704,416,423,substitution
Q86X24-5,Q86X24,0.500236122,77.91878173,2,100,substitution
Q8N6H7-3,Q8N6H7,0.209716651,48.36852207,2,270,deletion
Q86YD3-5,Q86YD3,0.630658174,79.67914439,226,366,substitution
Q6PGN9-4,Q6PGN9,0.153216281,44.90358127,2,242,substitution
P30305-4,P30305,0.449918158,92.03252033,68,194,substitution
O60381-3,O60381,0.374075736,99.02723735,510,514,substitution
Q86X24-2,Q86X24,0.574671223,98.22335025,94,100,deletion
Q9Y3Y2-3,Q9Y3Y2,0.46954541,99.59839357,,,insertion
Q9NPA1-5,Q9NPA1,0.405913862,48.94366197,2,279,substitution
Q9NV64-2,Q9NV64,0.294744654,28.68852459,141,488,substitution
Q9UHH9-4,Q9UHH9,0.340962116,16.02434077,3,426,substitution
O15444-2,O15444,0.408221348,47.33333333,65,150,substitution
Q06710-3,Q06710,0.445979371,72.86652079,300,450,substitution
P12272-3,P12272,0.246864148,83.73205742,176,177,substitution
A1Z1Q3-5,A1Z1Q3,0.144335558,44.70588235,2,236,deletion
Q06710-2,Q06710,0.469474051,86.0,300,362,deletion
Q86YL7-5,Q86YL7,0.291736683,72.22222222,2,161,substitution
Q16625-2,Q16625,0.444121625,89.65517241,244,297,deletion
Q6ZUT1-2,Q6ZUT1,0.300589599,99.65870307,,,insertion
Q9BZC1-4,Q9BZC1,0.57893368,99.79423868,268,268,deletion
Q96SR6-3,Q96SR6,0.553278945,99.81818182,79,79,deletion
Q9NWV8-3,Q9NWV8,0.236415183,47.61904762,116,329,substitution
Q3YBM2-2,Q3YBM2,0.420514817,86.2962963,70,106,deletion
P35575-2,P35575,0.448261805,33.42175066,115,356,substitution
Q15654-2,Q15654,0.202750963,11.8609407,37,476,substitution
O95628-2,O95628,0.626752638,99.30434783,271,274,substitution
Q12857-4,Q12857,0.52119691,91.87725632,,,insertion
O75030-10,O75030,0.336489177,76.08286252,2,298,substitution
P57773-2,P57773,0.675896975,85.07462687,441,515,substitution
P42081-2,P42081,0.21059446,30.69908815,2,234,substitution
Q99502-3,Q99502,0.465243954,94.08783784,141,380,substitution
Q96A00-2,Q96A00,0.288112165,81.63265306,68,94,deletion
Q96NZ9-3,Q96NZ9,0.282364452,98.68421053,43,43,substitution
Q8NHW4-9,Q8NHW4,0.307669082,28.94736842,26,92,substitution
Q96A83-2,Q96A83,0.296805706,99.54648526,94,95,deletion
Q14802-3,Q14802,0.516496712,60.41666667,,,insertion
Q5T0J7-2,Q5T0J7,0.45473446,82.57261411,14,233,substitution
A0PJY2-2,A0PJY2,0.478461088,89.47368421,144,193,deletion
P58340-3,P58340,0.486393133,84.38538206,2,65,substitution
O95971-2,O95971,0.254888286,39.77900552,25,133,deletion
Q9NYP3-3,Q9NYP3,0.276956939,46.38447972,263,566,substitution
Q8NB59-7,Q8NB59,0.480180245,86.59127625,3,452,substitution
Q96KD3-2,Q96KD3,0.517290661,99.41860465,270,271,deletion
Q8N7B6-4,Q8N7B6,0.425253556,61.83206107,70,248,substitution
Q14135-2,Q14135,0.44593235,89.31034483,2,32,deletion
P28324-2,P28324,0.40029694,84.70319635,361,431,substitution
Q96S94-3,Q96S94,0.220611496,57.30769231,2,223,deletion
Q4KMZ8-3,Q4KMZ8,0.490144714,65.70048309,2,91,substitution
Q96KN3-2,Q96KN3,0.402322805,84.95762712,2,75,substitution
Q96NZ9-2,Q96NZ9,0.279165875,56.29139073,80,151,substitution
A6NJB7-2,A6NJB7,0.22247814,59.5505618,202,356,substitution
Q5BVD1-2,Q5BVD1,0.291324514,61.29032258,133,216,substitution
Q6ZU67-4,Q6ZU67,0.311187,76.5917603,33,157,deletion
P56178-2,P56178,0.292255691,62.97577855,182,289,substitution
Q8NHW4-3,Q8NHW4,0.470518517,64.1509434,65,92,substitution
Q86SE9-2,Q86SE9,0.327273862,14.453125,38,256,substitution
P84157-2,P84157,0.234746959,81.8627451,168,204,substitution
Q8ND56-3,Q8ND56,0.325108221,91.14470842,139,179,deletion
Q06547-3,Q06547,0.476116562,88.10126582,346,395,substitution
O75352-2,O75352,0.370801819,44.61538462,101,247,substitution
Q96QU6-2,Q96QU6,0.239500013,23.85496183,117,501,substitution
Q9Y5R6-2,Q9Y5R6,0.393975125,73.45844504,275,373,substitution
P56270-2,P56270,0.372539541,86.75889328,428,477,substitution
Q7Z434-6,Q7Z434,0.217634032,12.2965642,40,540,substitution
Q6E0U4-15,Q6E0U4,0.232570673,14.67505241,2,413,substitution
Q3KP22-4,Q3KP22,0.265350123,74.43181818,2,49,substitution
O43889-3,O43889,0.495335176,95.41778976,229,245,deletion
O95998-3,O95998,0.278042931,43.65482234,79,194,substitution
P20963-3,P20963,0.403938697,99.3902439,101,101,deletion
Q9Y2C5-4,Q9Y2C5,0.432145499,36.76190476,2,497,substitution
Q9NW68-7,Q9NW68,0.508671756,96.19686801,,,insertion
Q8NE31-3,Q8NE31,0.251439104,83.24786325,315,412,deletion
P14651-3,P14651,0.351402,69.37354988,2,133,deletion
Q96B01-3,Q96B01,0.31830182,85.79545455,258,307,deletion
O43561-4,O43561,0.263972199,88.54961832,83,142,substitution
P15408-2,P15408,0.261381426,85.42274052,2,154,substitution
Q8N108-17,Q8N108,0.539832705,94.7265625,2,28,deletion
Q8N8F7-2,Q8N8F7,0.228763402,34.35114504,43,131,substitution
Q9NR90-2,Q9NR90,0.58731621,90.12345679,263,310,deletion
P17676-2,P17676,0.347812737,93.33333333,2,24,deletion
Q8N6V4-3,Q8N6V4,0.622336291,48.125,74,92,substitution
Q96A59-3,Q96A59,0.200464823,25.47169811,102,401,substitution
Q9NXP7-2,Q9NXP7,0.349185828,9.792843691,47,522,substitution
Q8NDY8-2,Q8NDY8,0.31419603,78.03738318,2,57,substitution
Q9NWW0-2,Q9NWW0,0.234323531,85.50724638,32,51,substitution
P17544-3,P17544,0.513989513,93.52226721,90,134,substitution
Q9BXS6-7,Q9BXS6,0.210553234,85.71428571,32,374,substitution
Q6W5P4-6,Q6W5P4,0.321602515,29.94652406,94,371,substitution
Q9UNE2-2,Q9UNE2,0.519589224,90.79365079,118,146,deletion
Q9NZ09-2,Q9NZ09,0.261540748,87.84860558,362,422,deletion
P17544-2,P17544,0.432904616,95.65217391,114,134,deletion
Q15011-4,Q15011,0.36809632,93.60613811,76,100,deletion
O43561-2,O43561,0.249654665,88.93129771,114,142,deletion
Q9UK80-2,Q9UK80,0.397944212,65.72438163,372,565,substitution
Q8N6T3-3,Q8N6T3,0.484232806,66.81514477,279,406,substitution
Q99687-3,Q99687,0.429785153,95.46666667,150,166,deletion
O15535-2,O15535,0.424530291,88.53932584,,,insertion
Q9BU19-2,Q9BU19,0.284202744,91.13680154,175,220,substitution
A6NH21-2,A6NH21,0.458933461,46.2406015,2,282,substitution
Q8IW50-7,Q8IW50,0.380338793,64.58333333,115,185,substitution
P07311-2,P07311,0.485926033,27.5862069,29,99,substitution
Q4JDL3-7,Q4JDL3,0.348826285,48.0952381,195,420,substitution
Q6WN34-3,Q6WN34,0.234161933,12.89640592,2,429,substitution
Q9H1E3-2,Q9H1E3,0.181848185,83.53909465,16,55,deletion
Q96A56-2,Q96A56,0.235813928,66.25,159,240,substitution
Q96QD9-3,Q96QD9,0.233047061,78.93081761,2,68,deletion
O95236-2,O95236,0.6286928,81.5920398,2,74,substitution
Q9BWV2-2,Q9BWV2,0.451103244,70.07874016,51,126,deletion
Q96JZ2-2,Q96JZ2,0.397996279,80.11363636,2,72,substitution
Q86YL7-6,Q86YL7,0.292263375,74.07407407,2,43,deletion
Q8WVV4-1,Q8WVV4,0.352491202,98.82352941,589,589,substitution
P31942-2,P31942,0.581237194,95.66473988,132,146,deletion
Q8N108-15,Q8N108,0.596896161,71.00694444,2,512,substitution
Q11203-3,Q11203,0.352109578,35.20408163,40,375,substitution
Q8N7H5-2,Q8N7H5,0.356215178,71.07142857,17,508,substitution
Q63HQ0-2,Q63HQ0,0.289734514,89.07284768,95,127,deletion
Q13422-5,Q13422,0.185279911,72.44701349,142,284,deletion
Q70Z44-4,Q70Z44,0.762449709,70.2811245,2,306,substitution
Q8NF99-2,Q8NF99,0.293378683,40.54545455,216,534,substitution
P25445-4,P25445,0.319042172,33.42857143,112,335,substitution
P53539-3,P53539,0.516749388,88.46153846,43,81,deletion
Q9ULG3-2,Q9ULG3,0.456715852,72.61613692,2,113,deletion
O15165-7,O15165,0.221518843,75.32467532,2,130,substitution
Q02080-2,Q02080,0.360320928,68.87254902,257,365,substitution
P53539-4,P53539,0.37499512,86.09467456,238,284,deletion
Q9NXG6-2,Q9NXG6,0.440606409,73.52941176,359,502,substitution
Q9NY27-3,Q9NY27,0.358406547,86.57074341,3,58,deletion
Q8N9M1-2,Q8N9M1,0.242991273,84.12322275,2,68,deletion
Q9UL49-2,Q9UL49,0.279425819,54.6,2,228,deletion
Q96DB9-2,Q96DB9,0.466664106,48.08743169,2,97,substitution
Q8N128-2,Q8N128,0.355805985,90.25423729,,,insertion
P79522-2,P79522,0.404103652,88.82978723,36,56,deletion
Q9P0W8-3,Q9P0W8,0.261814471,76.46076795,428,568,deletion
Q71F23-3,Q71F23,0.256656958,77.64705882,331,418,substitution
Q6PI98-3,Q6PI98,0.446926157,78.60696517,150,192,substitution
Q6H9L7-5,Q6H9L7,0.451293057,85.81436077,129,209,deletion
Q03933-2,Q03933,0.606047312,96.64179104,393,410,deletion
Q9NV72-2,Q9NV72,0.435514948,87.57062147,2,67,deletion
Q0D2I5-3,Q0D2I5,0.257407,46.51162791,259,559,substitution
O14735-2,O14735,0.38956586,37.5,2,213,substitution
Q96M27-5,Q96M27,0.443250179,85.55555556,377,445,substitution
Q13398-8,Q13398,0.655205659,89.66613672,31,72,substitution
Q9NR83-3,Q9NR83,0.282112264,72.86821705,2,106,deletion
Q8N9L1-2,Q8N9L1,0.460454556,69.32153392,231,334,substitution
Q8N6V4-4,Q8N6V4,0.626602136,48.125,74,92,substitution
Q08648-2,Q08648,0.333241562,35.9223301,2,71,substitution
Q9H1J1-2,Q9H1J1,0.290340162,93.06722689,141,173,deletion
Q07666-3,Q07666,0.312562415,91.19638826,170,208,deletion
P02686-6,P02686,0.233132922,52.63157895,2,250,substitution
Q96T75-2,Q96T75,0.354372975,67.01030928,2,32,substitution
Q8NFW5-2,Q8NFW5,0.320662711,98.69109948,52,56,deletion
P23759-2,P23759,0.384979246,88.32391714,151,505,substitution
Q15054-2,Q15054,0.280810715,91.63090129,2,40,deletion
Q9UBB5-3,Q9UBB5,0.253778933,55.22727273,235,411,substitution
Q5BJD5-3,Q5BJD5,0.288247378,43.29896907,123,291,substitution
Q9Y570-3,Q9Y570,0.384062275,18.59956236,2,386,substitution
O76076-2,O76076,0.342657818,46.73913043,93,250,substitution
Q9HD23-3,Q9HD23,0.204513954,23.0248307,101,443,substitution
Q8WWR9-2,Q8WWR9,0.437263763,94.04761905,79,83,substitution
Q7Z572-2,Q7Z572,0.628901533,89.89473684,2,48,substitution
Q9BUL5-2,Q9BUL5,0.193348924,38.70967742,151,402,substitution
Q6PDB4-2,Q6PDB4,0.391254086,14.3847487,80,577,substitution
Q9NS61-9,Q9NS61,0.45128669,62.09386282,25,270,substitution
Q5GAN6-2,Q5GAN6,0.508004356,88.52459016,,,insertion
Q8N114-3,Q8N114,0.225745425,56.66666667,2,104,deletion
O75030-4,O75030,0.317291941,92.58555133,2,298,substitution
Q96HC4-6,Q96HC4,0.435533262,66.21253406,98,307,substitution
Q8NEY8-6,Q8NEY8,0.227321646,62.58064516,2,458,substitution
Q569K4-4,Q569K4,0.225136897,35.88110403,2,471,substitution
Q969W3-2,Q969W3,0.372975034,89.85507246,,,insertion
Q9NZN8-5,Q9NZN8,0.489883181,90.74074074,234,283,deletion
Q12912-2,Q12912,0.351380462,89.90990991,2,57,deletion
Q9C004-2,Q9C004,0.200730817,33.44481605,97,299,substitution
O43918-2,O43918,0.251556614,50.27124774,2,292,substitution
Q4VC05-2,Q4VC05,0.367871799,90.90909091,,,insertion
Q9H3Q1-2,Q9H3Q1,0.19537906,80.33707865,58,127,deletion
O00165-5,O00165,0.427400366,82.79569892,19,66,deletion
O75398-3,O75398,0.30640353,97.34513274,15,29,substitution
Q8IWD4-3,Q8IWD4,0.302981036,93.5483871,63,80,deletion
Q8N6U8-5,Q8N6U8,0.549299509,76.93761815,2,125,substitution
Q96FW1-2,Q96FW1,0.699195662,49.44134078,2,112,substitution
Q9H2W1-4,Q9H2W1,0.306377669,37.87878788,95,248,substitution
Q8N9L1-5,Q8N9L1,0.508909292,89.78494624,,,insertion
P26436-8,P26436,0.234635319,58.49056604,43,224,substitution
Q8TDC0-2,Q8TDC0,0.25527961,81.67330677,188,233,deletion
O75190-4,O75190,0.376013992,82.20858896,2,59,substitution
Q6IPX3-2,Q6IPX3,0.369501564,89.0,175,200,substitution
Q8TF68-2,Q8TF68,0.466363908,89.42807626,307,367,deletion
P49768-4,P49768,0.24037149,36.46055437,162,467,substitution
Q6UXT8-2,Q6UXT8,0.384806215,84.49612403,110,129,substitution
Q9H8Y8-2,Q9H8Y8,0.39491929,84.95575221,2,69,deletion
Q6NW34-2,Q6NW34,0.23252349,87.47795414,114,184,substitution
Q9NVD7-2,Q9NVD7,0.371699205,34.9127182,134,372,substitution
Q9BVL2-2,Q9BVL2,0.525584763,80.0,480,599,substitution
O15165-8,O15165,0.224585817,63.34405145,2,111,substitution
Q5VWP3-2,Q5VWP3,0.168932512,47.95698925,2,974,substitution
Q7L0R7-2,Q7L0R7,0.307679883,81.25,2,82,deletion
Q96LC9-3,Q96LC9,0.196047627,55.26315789,98,184,substitution
Q9NYR9-4,Q9NYR9,0.497238837,31.37254902,57,191,substitution
O75030-3,O75030,0.372691917,93.72623574,2,34,substitution
Q13952-6,Q13952,0.412272113,65.72052402,189,418,substitution
Q6ZQY2-2,Q6ZQY2,0.463355876,35.96938776,139,392,substitution
Q5BJD5-2,Q5BJD5,0.349746386,43.93442623,124,291,substitution
O60902-2,O60902,0.392291727,96.37462236,235,246,deletion
P0DPB3-2,P0DPB3,0.468038255,97.33059548,241,253,deletion
Q8N6T3-2,Q8N6T3,0.511548061,97.11538462,240,280,substitution
Q96EK2-3,Q96EK2,0.426286,92.09039548,189,230,deletion
O75840-2,O75840,0.382073436,88.74172185,2,34,deletion
Q01892-2,Q01892,0.180679827,62.17228464,163,262,substitution
Q969W9-2,Q969W9,0.188183473,87.10801394,2,37,substitution
Q0VD86-2,Q0VD86,0.326952994,93.6440678,67,81,deletion
O95243-2,O95243,0.399917692,98.96551724,395,400,deletion
Q6NZ36-3,Q6NZ36,0.602834514,68.48739496,2,21,substitution
Q02548-10,Q02548,0.221606899,74.42455243,72,337,substitution
Q8IXQ8-3,Q8IXQ8,0.35075512,77.27272727,11,70,deletion
O75840-4,O75840,0.336361326,89.07284768,2,34,substitution
Q86UU9-3,Q86UU9,0.310891927,76.99115044,36,103,substitution
Q96HA4-4,Q96HA4,0.317158395,52.10526316,25,349,substitution
Q16629-4,Q16629,0.428787539,94.95798319,212,223,deletion
Q9HBU6-2,Q9HBU6,0.456616534,52.43362832,228,452,substitution
P16220-1,P16220,0.363904148,95.89442815,,,insertion
O00165-3,O00165,0.346181749,90.68100358,2,27,deletion
Q6UXU4-3,Q6UXU4,0.627806741,84.59214502,134,184,deletion
Q92734-2,Q92734,0.33245566,99.0,239,242,deletion
P11308-1,P11308,0.345099502,93.00411523,2,248,substitution
P23759-1,P23759,0.41691998,88.70056497,468,505,substitution
P57082-2,P57082,0.49877357,99.81684982,,,insertion
Q5XKR9-2,Q5XKR9,0.36177186,99.13793103,,,insertion
Q9UBU3-3,Q9UBU3,0.393477569,73.5042735,2,33,substitution
Q7L4E1-3,Q7L4E1,0.271753798,57.16694772,338,593,substitution
Q8WV28-3,Q8WV28,0.227023298,88.59649123,366,417,deletion
Q9Y250-7,Q9Y250,0.193357522,9.228187919,55,596,substitution
P17544-1,P17544,0.446455552,97.77327935,,,insertion
Q86T90-2,Q86T90,0.437815216,96.38554217,2,20,substitution
P55082-2,P55082,0.297615615,59.66850829,2,147,deletion
Q86SU0-4,Q86SU0,0.205008209,37.65996344,93,546,substitution
Q6B8I1-3,Q6B8I1,0.365169949,33.5106383,51,188,substitution
Q8N131-2,Q8N131,0.45834213,90.86538462,34,52,deletion
Q15038-6,Q15038,0.442959202,86.9047619,65,86,deletion
P28335-2,P28335,0.331178854,37.73987207,153,458,substitution
Q99674-3,Q99674,0.199771294,19.38461538,3,318,substitution
Q92838-2,Q92838,0.276128866,33.75959079,133,391,substitution
O43670-4,O43670,0.361905934,96.7611336,,,insertion
Q9Y215-8,Q9Y215,0.173136026,60.08403361,273,455,substitution
Q8N108-13,Q8N108,0.461709087,96.21928166,2,3,substitution
Q9H425-3,Q9H425,0.289631167,88.37920489,3,40,deletion
Q64ET8-2,Q64ET8,0.450746563,99.64157706,,,insertion
Q9Y2G2-3,Q9Y2G2,0.507794641,72.06703911,388,536,substitution
O75030-2,O75030,0.330238754,98.85931559,294,299,deletion
O75030-7,O75030,0.444227005,91.44981413,2,35,substitution
Q9UKS7-3,Q9UKS7,0.177514644,25.93984962,137,526,substitution
Q9BUB7-3,Q9BUB7,0.168465259,40.76923077,107,259,deletion
Q15884-1,Q15884,0.256217184,64.22222222,2,162,deletion
Q8N0W5-3,Q8N0W5,0.278849423,60.27874564,159,287,substitution
Q9BZR8-3,Q9BZR8,0.214380353,72.72727273,227,327,substitution
Q5BKY9-2,Q5BKY9,0.248606621,95.951417,2,11,deletion
Q8TAG6-2,Q8TAG6,0.213208511,49.05660377,94,206,substitution
Q8N114-4,Q8N114,0.279850806,46.25,2,239,substitution
Q9H8Y8-3,Q9H8Y8,0.50855836,94.39655172,2,21,substitution
Q9BUL5-4,Q9BUL5,0.359511321,97.51861042,2,11,substitution
Q6GPH4-6,Q6GPH4,0.23345668,56.10561056,2,140,substitution
Q6UX15-3,Q6UX15,0.229648124,50.37974684,2,188,substitution
Q9NS61-8,Q9NS61,0.450576884,40.48442907,2,162,substitution
Q8N0V3-2,Q8N0V3,0.360022801,53.16091954,164,343,substitution
Q8NBV8-1,Q8NBV8,0.225118621,32.78301887,120,387,substitution
Q96A57-2,Q96A57,0.571051497,65.57377049,,,insertion
O43768-8,O43768,0.225099528,40.90909091,62,121,substitution
Q8N6F7-3,Q8N6F7,0.272087681,91.57303371,34,48,deletion
Q9BT81-2,Q9BT81,0.170446029,67.94055202,2,79,substitution
Q18PE1-3,Q18PE1,0.441601921,82.40131579,500,504,substitution
Q8N8E2-2,Q8N8E2,0.350394944,88.53974122,2,63,deletion
Q13148-4,Q13148,0.406914286,67.30310263,2,134,substitution
Q9BPY8-4,Q9BPY8,0.544801787,48.67256637,2,73,substitution
Q8NBM4-2,Q8NBM4,0.400438563,61.99460916,2,130,substitution
P31942-4,P31942,0.332895902,62.13872832,2,132,deletion
P33241-2,P33241,0.310851517,81.71091445,2,63,deletion
P47710-4,P47710,0.409378024,95.13513514,52,100,substitution
Q6S5H5-4,Q6S5H5,0.445342582,51.01663586,271,507,substitution
Q14142-4,Q14142,0.2255111,28.0334728,2,442,substitution
Q9NZR4-4,Q9NZR4,0.147146096,38.63013699,142,365,substitution
Q8WXS3-5,Q8WXS3,0.289208941,37.41935484,55,145,substitution
Q6ZUT1-3,Q6ZUT1,0.296629143,89.76109215,2,124,substitution
Q96NZ1-3,Q96NZ1,0.350401664,63.63636364,2,198,substitution
Q9Y5U5-2,Q9Y5U5,0.358487702,53.02013423,135,241,substitution
Q9H2W1-3,Q9H2W1,0.300743942,64.51612903,149,248,substitution
Q8IYA8-3,Q8IYA8,0.236751311,23.45276873,133,594,substitution
Q8WV83-2,Q8WV83,0.246295592,45.12428298,2,523,substitution
Q13950-2,Q13950,0.481700422,96.35316699,2,19,substitution
Q96HA4-2,Q96HA4,0.248349115,39.75,25,380,substitution
P47710-2,P47710,0.66473808,99.45945946,52,52,deletion
O43310-2,O43310,0.472064183,99.66666667,,,insertion
Q569K4-2,Q569K4,0.259257899,82.59023355,2,84,substitution
P15863-2,P15863,0.324068527,62.36933798,2,534,substitution
O43521-10,O43521,0.236363641,66.66666667,133,198,substitution
P56545-2,P56545,0.55230119,43.75634518,2,20,substitution
Q9NWS0-3,Q9NWS0,0.497640879,45.27687296,113,290,substitution
Q9UM00-2,Q9UM00,0.684225627,92.05020921,115,133,deletion
Q8TD55-2,Q8TD55,0.263006063,89.3877551,5,54,deletion
Q96A84-3,Q96A84,0.238769585,99.54853273,,,insertion
Q9NQ60-3,Q9NQ60,0.421435729,89.79591837,97,126,substitution
P14651-2,P14651,0.423231423,83.06264501,2,74,deletion
Q13761-2,Q13761,0.539786861,95.13888889,2,5,substitution
Q01196-9,Q01196,0.566925929,98.46491228,2,5,substitution
Q6ZNR0-4,Q6ZNR0,0.403240466,69.76744186,121,172,substitution
O43918-4,O43918,0.239618022,49.46808511,2,292,substitution
Q96QD9-4,Q96QD9,0.197316141,40.25157233,129,318,substitution
Q9H910-3,Q9H910,0.18990989,87.1559633,,,insertion
P52434-4,P52434,0.743635196,69.66292135,113,150,substitution
Q16854-6,Q16854,0.220961134,18.30508475,48,277,substitution
Q86VV4-3,Q86VV4,0.563439259,94.89795918,,,insertion
Q8N9L1-3,Q8N9L1,0.586760441,86.97916667,,,insertion
P52952-2,P52952,0.192693535,38.48484848,112,324,substitution
Q96EK2-4,Q96EK2,0.44832516,88.90977444,2,230,substitution
Q66PJ3-7,Q66PJ3,0.232768494,53.68171021,43,53,deletion
Q6NZ36-6,Q6NZ36,0.195007106,30.27027027,22,180,substitution
Q7Z309-3,Q7Z309,0.301087174,92.85714286,,,insertion
P29692-2,P29692,0.298926865,43.43122102,,,insertion
Q13286-5,Q13286,0.572519624,55.47945205,155,438,substitution
Q96JQ5-2,Q96JQ5,0.303321347,77.82426778,130,182,deletion
Q70YC5-3,Q70YC5,0.484141276,64.08730159,309,407,substitution
Q86UU9-2,Q86UU9,0.243919123,84.95575221,36,83,substitution
P09086-2,P09086,0.633136862,97.49478079,468,479,deletion
O15165-4,O15165,0.203494029,74.18300654,2,130,substitution
P26439-2,P26439,0.552640415,29.28571429,103,371,substitution
Q9BZS1-2,Q9BZS1,0.475866825,91.87935035,72,106,deletion
A1Z1Q3-4,A1Z1Q3,0.118045338,42.41071429,2,410,substitution
Q8WV48-4,Q8WV48,0.301257986,37.41258741,107,283,substitution
Q6N063-3,Q6N063,0.337563568,19.94680851,64,350,substitution
Q6H9L7-3,Q6H9L7,0.424518442,85.81436077,48,128,deletion
O15165-3,O15165,0.225722183,80.06535948,2,61,substitution
Q9NY27-2,Q9NY27,0.267265146,86.0911271,39,96,substitution
P17544-5,P17544,0.269937315,17.71653543,90,483,substitution
O94763-3,O94763,0.299233077,90.5380334,2,51,substitution
Q99687-2,Q99687,0.551575036,89.0736342,,,insertion
P46937-5,P46937,0.200623677,89.28571429,230,343,substitution
Q8ND83-3,Q8ND83,0.125777122,33.45070423,2,398,substitution
Q07955-2,Q07955,0.336826892,54.49275362,185,248,substitution
O75553-4,O75553,0.367150424,91.32653061,187,274,substitution
O75030-8,O75030,0.330292575,90.33457249,2,298,substitution
Q8N9U0-2,Q8N9U0,0.406725909,86.93877551,286,349,deletion
Q9NQG6-2,Q9NQG6,0.20657941,25.26766595,108,463,substitution
Q96SQ7-2,Q96SQ7,0.394014779,76.92307692,321,321,substitution
O15165-6,O15165,0.238836798,81.16883117,2,61,substitution
Q9BSU1-2,Q9BSU1,0.46457791,31.02119461,2,422,substitution
Q86YL7-2,Q86YL7,0.283601278,13.52313167,2,162,substitution
P02686-2,P02686,0.235834498,63.48684211,193,304,substitution
O43237-2,O43237,0.571276348,84.14634146,100,177,substitution
Q6PGN9-3,Q6PGN9,0.208568564,66.20879121,222,363,substitution
P25445-3,P25445,0.308551225,20.59701493,66,335,substitution
Q92838-7,Q92838,0.23432839,33.5,133,391,substitution
Q8N9N5-3,Q8N9N5,0.428132965,79.54971857,2,446,substitution
Q8ND25-2,Q8ND25,0.428300803,81.65467626,,,insertion
Q9NPH6-2,Q9NPH6,0.511263271,50.23923445,93,170,substitution
Q9NW68-3,Q9NW68,0.430676244,88.60759494,64,430,substitution
Q9UKY7-2,Q9UKY7,0.254987354,80.62015504,209,258,substitution
Q9NZC7-7,Q9NZC7,0.308594307,35.46910755,138,413,substitution
O75553-6,O75553,0.385438795,94.3877551,242,274,deletion
O95727-2,O95727,0.202799542,45.93908629,3,216,substitution
P14209-3,P14209,0.461228236,91.35135135,34,49,deletion
Q9C0D0-2,Q9C0D0,0.285278222,83.10344828,483,580,substitution
O00453-3,O00453,0.28573964,61.61616162,2,45,substitution
O43464-4,O43464,0.482086549,70.87794433,314,458,substitution
Q9UKI9-3,Q9UKI9,0.558951112,97.71689498,2,9,substitution
Q99697-2,Q99697,0.422164965,78.71720117,2,61,substitution
O75121-2,O75121,0.311981929,74.81662592,2,104,deletion
Q96FE7-5,Q96FE7,0.297216127,69.96197719,24,102,deletion
Q15054-3,Q15054,0.195554824,77.25321888,2,107,deletion
Q53FE4-2,Q53FE4,0.158469098,50.69252078,183,359,substitution
P25445-2,P25445,0.272062073,19.06077348,66,335,substitution
Q16595-3,Q16595,0.433667666,72.60869565,161,210,substitution
Q4JDL3-13,Q4JDL3,0.174916826,27.02078522,114,420,substitution
Q86TD4-1,Q86TD4,0.703824704,48.03817603,,,insertion
Q16385-2,Q16385,0.395367341,72.0,157,188,substitution
O75030-5,O75030,0.356506972,94.16195857,2,34,substitution
P46937-4,P46937,0.305478266,64.68253968,2,179,deletion
P48060-2,P48060,0.579142985,50.48859935,142,266,substitution
Q8WWR9-3,Q8WWR9,0.356880155,89.77272727,79,84,substitution
Q6ZNR0-3,Q6ZNR0,0.36384199,69.76744186,121,172,substitution
Q9UGB7-2,Q9UGB7,0.432786023,44.77124183,114,285,substitution
Q9BT67-2,Q9BT67,0.269363656,35.77235772,76,221,substitution
Q9BUV8-5,Q9BUV8,0.325871191,57.14285714,74,137,substitution
Q8N6T0-4,Q8N6T0,0.708600717,85.22895126,3,390,substitution
Q9ULV5-2,Q9ULV5,0.452500493,87.01825558,245,319,substitution
Q86UU9-5,Q86UU9,0.225925652,94.69026549,36,41,deletion
O14521-3,O14521,0.257328471,39.62264151,57,158,substitution
B0YJ81-2,B0YJ81,0.256736863,44.82758621,126,288,substitution
P15018-2,P15018,0.228147287,7.692307692,7,202,substitution
Q5JVS0-2,Q5JVS0,0.243581646,74.57627119,172,276,deletion
Q6PEV8-2,Q6PEV8,0.313580836,88.91752577,290,332,deletion
Q13887-3,Q13887,0.217466786,25.10729614,105,457,substitution
Q7L804-2,Q7L804,0.373130169,96.05263158,422,422,substitution
E5RJM6-3,E5RJM6,0.253452955,16.04010025,65,399,substitution
Q01196-2,Q01196,0.535116168,94.06779661,440,453,substitution
Q8N108-12,Q8N108,0.54270026,90.08849558,2,3,substitution
P31942-3,P31942,0.489979103,85.83815029,3,51,deletion
Q16656-2,Q16656,0.438171482,86.87872763,257,322,deletion
O95704-5,O95704,0.359394218,39.5959596,196,486,substitution
Q569H4-3,Q569H4,0.234194959,84.21052632,2,53,substitution
Q8NB59-4,Q8NB59,0.21042945,47.02702703,2,555,substitution
O95628-8,O95628,0.533604456,84.30769231,271,575,substitution
P32241-3,P32241,0.231630583,39.87854251,2,263,substitution
Q9NPE2-3,Q9NPE2,0.26797,19.93127148,55,291,substitution
Q8NAV1-2,Q8NAV1,0.165412329,40.06410256,2,188,deletion
Q8N8W4-2,Q8N8W4,0.385090443,82.14285714,2,96,deletion
O15165-2,O15165,0.231752131,94.11764706,113,130,deletion
P49798-4,P49798,0.279812137,37.07317073,72,205,substitution
Q6PI47-3,Q6PI47,0.14003269,41.21621622,2,254,substitution
O00453-2,O00453,0.243098223,60.3960396,2,45,substitution
Q9NW68-2,Q9NW68,0.364192527,88.81278539,386,430,substitution
O75030-6,O75030,0.323939852,93.03201507,2,298,substitution
Q01196-10,Q01196,0.557801929,95.32908705,2,5,substitution
Q8N9Y4-2,Q8N9Y4,0.251386492,82.48587571,2,63,deletion
Q8N7X2-4,Q8N7X2,0.224069055,68.56435644,267,386,substitution
Q13950-3,Q13950,0.524969967,95.77735125,341,362,deletion
Q8N9N5-6,Q8N9N5,0.44278858,86.90702087,55,446,substitution
Q12951-2,Q12951,0.30016448,74.86772487,192,286,deletion
O60381-2,O60381,0.421586082,89.88326848,463,514,deletion
Q00987-9,Q00987,0.31428678,90.83503055,53,97,deletion
Q8N9M1-3,Q8N9M1,0.215814423,66.58767773,2,142,deletion
P02686-5,P02686,0.208104228,56.25,2,134,deletion
Q9H8M2-6,Q9H8M2,0.298852448,76.276771,2,155,substitution
O15165-5,O15165,0.204284522,74.83660131,2,78,deletion
Q7Z5J1-3,Q7Z5J1,0.529213041,74.28571429,25,105,deletion
Q9BZR8-2,Q9BZR8,0.223184283,69.46107784,227,327,substitution
A1A519-3,A1A519,0.512455253,85.45454545,25,330,substitution
O94763-2,O94763,0.19284965,85.79439252,2,77,deletion
Q9Y458-2,Q9Y458,0.41694261,76.92307692,2,121,deletion
Q7Z309-2,Q7Z309,0.380980123,99.59677419,,,insertion
Q96QD9-2,Q96QD9,0.406700662,88.47352025,2,35,substitution
Q06889-2,Q06889,0.330719499,84.88664987,2,51,substitution
P11308-3,P11308,0.338589603,97.94238683,2,4,substitution
Q9H9R9-2,Q9H9R9,0.258038316,81.52173913,2,10,substitution
Q9H4I0-2,Q9H4I0,0.296075961,79.96604414,437,556,substitution
P25101-2,P25101,0.36524952,33.33333333,141,427,substitution
Q9BUH6-2,Q9BUH6,0.554338733,36.58536585,61,204,substitution
O15504-3,O15504,0.212582921,46.09929078,2,229,deletion
Q9UHH9-5,Q9UHH9,0.352327482,15.92741935,2,426,substitution
Q92838-6,Q92838,0.221776086,33.92405063,133,391,substitution
Q9NX45-3,Q9NX45,0.502871196,81.51093439,2,16,substitution
Q86W33-3,Q86W33,0.5515049,59.0078329,204,373,substitution
P50221-2,P50221,0.144359874,63.38582677,157,254,substitution
P81605-2,P81605,0.616740528,83.47107438,98,110,substitution
Q9ULB1-4,Q9ULB1,0.168037785,0.626079447,2,1375,substitution
Q9HBI0-5,Q9HBI0,0.225669083,14.08045977,49,331,substitution
O15405-2,O15405,0.428216792,93.22033898,2,52,substitution
Q96B01-2,Q96B01,0.232806125,95.17045455,71,87,deletion
P50135-2,P50135,0.497792296,25.85034014,64,292,substitution
Q8IX15-3,Q8IX15,0.359756251,96.94244604,2,13,substitution
P13224-2,P13224,0.507238556,49.39172749,2,3,substitution
Q9NVL1-2,Q9NVL1,0.338018648,79.39393939,54,87,deletion
Q9H2X3-10,Q9H2X3,0.301994847,51.87969925,16,399,substitution
Q9NZ09-4,Q9NZ09,0.277505441,86.74911661,2,11,substitution
Q02930-4,Q02930,0.35085441,70.07874016,2,155,substitution
Q96BW1-2,Q96BW1,0.251089789,50.64516129,144,309,substitution
Q86SU0-2,Q86SU0,0.42237808,91.94139194,216,259,deletion
Q8WU67-2,Q8WU67,0.234170679,14.79820628,56,409,substitution
Q70Z44-2,Q70Z44,0.47375204,57.08061002,2,306,substitution
O43521-11,O43521,0.228666413,66.16161616,132,198,substitution
Q9UJU2-7,Q9UJU2,0.367763864,75.43859649,2,241,substitution
Q5SRR4-3,Q5SRR4,0.591337163,47.54098361,2,40,substitution
Q86WH2-2,Q86WH2,0.194898222,30.32786885,74,238,substitution
Q6PGN9-2,Q6PGN9,0.266766637,91.73553719,213,242,deletion
Q9NPI6-2,Q9NPI6,0.411447716,93.47079038,171,208,deletion
Q8NHE4-3,Q8NHE4,0.574120532,39.57219251,75,81,substitution
O15079-2,O15079,0.402644061,91.82156134,,,insertion
Q5T8D3-2,Q5T8D3,0.354517124,91.76029963,2,172,substitution
Q8N9W8-2,Q8N9W8,0.476970708,94.78672986,323,344,deletion
Q9UKT9-14,Q9UKT9,0.466592164,46.78362573,237,509,substitution
Q68CJ9-2,Q68CJ9,0.527587731,99.78308026,53,53,deletion
O43561-5,O43561,0.375748811,99.61832061,83,83,deletion
Q8WUZ0-2,Q8WUZ0,0.397098898,73.01587302,177,217,substitution
Q96N95-3,Q96N95,0.360621873,90.35087719,303,335,substitution
P15336-5,P15336,0.524136861,96.43564356,2,19,deletion
O60902-3,O60902,0.3469782,93.23943662,,,insertion
P78358-2,P78358,0.351199417,70.40816327,135,180,substitution
Q96LC9-2,Q96LC9,0.314034381,88.58695652,131,151,deletion
Q9UKT9-13,Q9UKT9,0.222587808,73.67387033,144,277,deletion
P17096-3,P17096,0.204908056,36.54822335,66,107,substitution
Q8ND56-2,Q8ND56,0.285625989,98.70410367,458,463,substitution
P06454-2,P06454,0.5623147,99.0990991,40,40,deletion
Q9H2W2-2,Q9H2W2,0.404184315,96.66666667,,,insertion
P15336-7,P15336,0.186062701,38.4765625,2,505,substitution
Q9BQ15-2,Q9BQ15,0.250436786,53.08056872,2,100,deletion
Q7RTV3-2,Q7RTV3,0.359975983,78.99159664,278,350,substitution
Q9UKT9-5,Q9UKT9,0.189386421,81.33595285,142,236,deletion
P46937-3,P46937,0.18589623,89.68253968,230,343,substitution
Q9UKI9-2,Q9UKI9,0.520361007,97.50566893,2,9,substitution
Q92838-5,Q92838,0.239611942,35.54987212,133,391,substitution
Q7Z309-4,Q7Z309,0.303735815,71.78571429,60,247,substitution
Q8NEY8-9,Q8NEY8,0.25701035,71.1790393,171,458,substitution
Q8N6U8-4,Q8N6U8,0.458058142,72.03539823,2,125,substitution
Q9NUV7-2,Q9NUV7,0.231174635,18.51851852,102,552,substitution
Q7Z434-3,Q7Z434,0.291795571,13.51819757,64,540,substitution
Q969W9-3,Q969W9,0.174427604,82.57839721,2,51,deletion
Q9HDD0-2,Q9HDD0,0.659520036,61.53846154,,,insertion
P46937-6,P46937,0.20497412,92.46031746,230,267,deletion
Q8IZJ4-2,Q8IZJ4,0.604981833,93.90243902,461,473,substitution
O95628-4,O95628,0.540213479,84.92307692,544,575,substitution
O75865-3,O75865,0.25668783,24.06417112,29,159,substitution
Q8N5S3-2,Q8N5S3,0.274707995,57.83972125,2,122,deletion
Q9H2X3-9,Q9H2X3,0.266020895,71.67919799,16,399,substitution
P09086-3,P09086,0.636765177,96.65970772,168,183,deletion
Q8N5G0-2,Q8N5G0,0.345518324,39.88095238,,,insertion
Q86SU0-6,Q86SU0,0.460474326,87.34402852,3,259,substitution
O43561-3,O43561,0.30003345,78.18791946,3,142,substitution
P32243-2,P32243,0.560716627,97.30639731,,,insertion
Q68CJ9-4,Q68CJ9,0.434961183,99.56616052,193,194,deletion
Q96FG2-5,Q96FG2,0.317592821,44.88188976,163,381,substitution
Q8WU79-2,Q8WU79,0.332247362,92.30769231,2,33,substitution
Q8N114-2,Q8N114,0.219324682,87.08333333,2,32,deletion
Q99612-2,Q99612,0.163482988,77.70491803,227,283,substitution
Q9H6P5-3,Q9H6P5,0.378699264,25.2900232,96,420,substitution
P41439-4,P41439,0.213192886,32.22222222,57,245,substitution
Q8NCT3-4,Q8NCT3,0.181030157,45.77861163,2,519,substitution
P34820-2,P34820,0.584829582,68.73563218,226,402,substitution
Q16674-2,Q16674,0.293362385,37.40458015,43,130,substitution
Q6ZN04-3,Q6ZN04,0.202890775,17.66723842,87,569,substitution
Q96L11-3,Q96L11,0.727963712,82.99319728,,,insertion
A6NFC5-3,A6NFC5,0.508864577,67.26457399,65,137,deletion
Q86YL5-2,Q86YL5,0.188961052,84.15841584,167,185,substitution
Q92838-8,Q92838,0.210660177,34.27109974,133,391,substitution
Q86YD3-2,Q86YD3,0.603091635,87.97814208,226,269,deletion
Q8TCZ2-3,Q8TCZ2,0.377871267,72.13740458,44,116,substitution
O00762-4,O00762,0.650995046,64.92146597,73,140,substitution
Q8TC21-3,Q8TC21,0.274709888,26.38888889,2,504,substitution
P35372-18,P35372,0.24248631,25.34562212,98,400,substitution
P01344-2,P01344,0.724478793,97.81420765,53,53,substitution
Q9BUG6-2,Q9BUG6,0.401248841,74.39516129,2,128,substitution
Q14135-4,Q14135,0.235216214,88.23529412,2,22,substitution
Q9BSJ6-2,Q9BSJ6,0.565022124,92.74193548,229,248,substitution
Q13261-8,Q13261,0.221444362,63.29588015,30,127,deletion
Q8NE00-2,Q8NE00,0.505016262,49.23954373,244,496,substitution
Q9UHG0-2,Q9UHG0,0.156650933,35.25896414,2,307,substitution
O60225-2,O60225,0.427553724,82.09606987,,,insertion
Q9NYZ2-2,Q9NYZ2,0.313029428,43.78698225,149,338,substitution
Q01196-8,Q01196,0.559810339,93.54166667,2,5,substitution
Q8IV13-2,Q8IV13,0.347041309,16.22718053,2,435,substitution
Q9UJU2-5,Q9UJU2,0.325212413,92.98245614,214,241,deletion
P56270-3,P56270,0.522539531,91.73553719,2,34,substitution
Q9UBF6-2,Q9UBF6,0.273767225,51.5625,60,113,substitution
Q96N03-3,Q96N03,0.180626245,24.89082969,41,204,substitution
Q6TCH7-4,Q6TCH7,0.238776569,22.04472843,62,311,substitution
Q5J8M3-3,Q5J8M3,0.210092105,43.08510638,68,183,substitution
A2IDD5-6,A2IDD5,0.277662535,33.7972167,136,438,substitution
Q6ZNR0-5,Q6ZNR0,0.334154092,66.85082873,122,171,substitution
Q03060-1,Q03060,0.344117841,92.24376731,2,244,substitution
Q86Y39-2,Q86Y39,0.647010074,50.43859649,105,141,substitution
Q5VX52-2,Q5VX52,0.387877416,54.09482759,243,459,substitution
Q9NP66-2,Q9NP66,0.243068648,22.76657061,80,347,substitution
Q9HBI0-4,Q9HBI0,0.238951364,11.80722892,2,331,substitution
Q9NW68-6,Q9NW68,0.213674661,9.628008753,2,430,substitution
P43268-2,P43268,0.407236556,91.94214876,2,40,deletion
Q49A92-2,Q49A92,0.174781126,79.36802974,2,112,deletion
Q2KHT4-2,Q2KHT4,0.540282999,85.38681948,148,198,deletion
Q9UHF4-2,Q9UHF4,0.360553381,76.43884892,2,135,substitution
O75223-4,O75223,0.569123468,47.11111111,97,188,substitution
P31942-6,P31942,0.347216169,31.14754098,2,346,substitution
A2IDD5-3,A2IDD5,0.246687397,35.98409543,165,438,substitution
Q86SQ6-2,Q86SQ6,0.542205611,82.67857143,2,98,deletion
Q9BUU2-2,Q9BUU2,0.222986678,42.58373206,172,404,substitution
Q01196-11,Q01196,0.374490413,76.82119205,2,106,deletion
Q7Z3K6-3,Q7Z3K6,0.57415208,99.81818182,277,277,deletion
Q9NSI8-3,Q9NSI8,0.383459947,80.2247191,2,19,substitution
O95415-2,O95415,0.188099024,63.15789474,83,125,substitution
Q9NW68-5,Q9NW68,0.330934802,33.33333333,146,430,substitution
Q8N9N5-2,Q8N9N5,0.422142241,86.41509434,55,446,substitution
P19544-6,P19544,0.39153163,66.59242762,2,410,substitution
Q569H4-2,Q569H4,0.225205943,76.97368421,2,71,deletion
B3KU38-2,B3KU38,0.461732084,95.20426288,26,52,deletion
O94817-4,O94817,0.220037151,40.71428571,56,140,substitution
P05549-2,P05549,0.384263083,68.42105263,296,437,substitution
Q7Z5B4-5,Q7Z5B4,0.316245402,99.72899729,174,174,deletion
Q03060-6,Q03060,0.506949945,88.36565097,2,345,substitution
O75444-1,O75444,0.40280605,92.30769231,373,373,substitution
Q8N8W4-3,Q8N8W4,0.385247336,80.77634011,2,168,substitution
Q8NEY8-8,Q8NEY8,0.202721997,75.54585153,342,458,substitution
Q8IVW6-4,Q8IVW6,0.333316047,99.82174688,474,474,deletion
A6PVL3-2,A6PVL3,0.382928641,81.4516129,52,74,deletion
P36402-7,P36402,0.595463633,93.76623377,359,384,substitution
Q8IZD0-2,Q8IZD0,0.33369897,93.70786517,,,insertion
Q14847-2,Q14847,0.425199006,58.26330532,201,261,substitution
O95600-3,O95600,0.187663191,70.75208914,254,359,substitution
Q6UXB0-2,Q6UXB0,0.312448092,76.77595628,2,86,deletion
W5XKT8-2,W5XKT8,0.178303226,26.10966057,72,324,substitution
P11308-5,P11308,0.291120406,62.75720165,2,479,substitution
P05019-3,P05019,0.480027849,58.41584158,2,195,substitution
P28908-3,P28908,0.229436986,81.17647059,2,446,substitution
Q96MN9-2,Q96MN9,0.192482984,68.52941176,2,108,deletion
P46937-7,P46937,0.20783571,91.73228346,230,327,substitution
Q7Z5V6-2,Q7Z5V6,0.170977994,95.29411765,230,249,deletion
Q13875-3,Q13875,0.284882864,38.79781421,70,183,substitution
Q9NP31-2,Q9NP31,0.53248303,97.49373434,,,insertion
Q86WP2-4,Q86WP2,0.303808093,63.84778013,2,172,deletion
Q96A73-2,Q96A73,0.506824183,93.7704918,2,20,deletion
Q96S66-2,Q96S66,0.415682348,90.92558984,114,163,deletion
Q7Z7G1-3,Q7Z7G1,0.394097469,91.35514019,147,183,deletion
Q969K7-3,Q969K7,0.316702458,76.12612613,71,123,deletion
Q9H2X3-3,Q9H2X3,0.200046239,78.69674185,313,399,substitution
Q99592-2,Q99592,0.256029949,98.30508475,,,insertion
A6NDY0-2,A6NDY0,0.247893592,73.77622378,190,278,substitution
Q8N9Z9-5,Q8N9Z9,0.431793901,92.66503667,2,9,substitution
Q9BW11-4,Q9BW11,0.437543131,46.2915601,169,206,substitution
Q96MY1-2,Q96MY1,0.463351296,88.30275229,382,436,substitution
P55008-3,P55008,0.342425313,30.98591549,2,147,substitution
Q86VK4-2,Q86VK4,0.20514175,51.33470226,245,478,substitution
Q6ZN18-2,Q6ZN18,0.238015172,97.29206963,504,517,deletion
Q9HCQ7-2,Q9HCQ7,0.282428405,91.83673469,181,196,deletion
O43516-2,O43516,0.194081369,95.86614173,487,503,substitution
Q8TCZ2-2,Q8TCZ2,0.339561182,81.29770992,45,93,deletion
Q9UHD0-3,Q9UHD0,0.605778647,50.0,122,177,substitution
Q8NC06-3,Q8NC06,0.615475246,66.48199446,168,268,substitution
Q8N6N2-2,Q8N6N2,0.413333751,59.4488189,143,239,substitution
Q68G75-3,Q68G75,0.274146459,76.79558011,28,69,substitution
P55957-3,P55957,0.348414062,40.95238095,75,195,substitution
Q5J8M3-2,Q5J8M3,0.266566975,63.21243523,119,181,substitution
P01242-4,P01242,0.581534337,60.6741573,151,217,substitution
Q9H0Y0-2,Q9H0Y0,0.406562656,32.6446281,73,220,substitution
Q6UN15-3,Q6UN15,0.268427328,87.54208754,29,307,substitution
O43516-3,O43516,0.179536899,98.62745098,,,insertion
P11161-2,P11161,0.279965782,89.49579832,2,51,deletion
Q5T0D9-2,Q5T0D9,0.603922024,78.30882353,99,157,deletion
Q99217-3,Q99217,0.252924791,93.17073171,,,insertion
Q9NWS1-5,Q9NWS1,0.248886896,50.77720207,2,286,deletion
Q8N6S4-3,Q8N6S4,0.1947082,26.987061,145,541,substitution
Q8TAM6-2,Q8TAM6,0.188612273,95.62289562,,,insertion
P25791-4,P25791,0.190285764,13.75,15,158,substitution
Q7Z3K6-2,Q7Z3K6,0.604257435,99.0990991,,,insertion
Q96C03-2,Q96C03,0.183703055,26.06924644,104,454,substitution
Q9Y250-6,Q9Y250,0.142854915,31.18811881,187,572,deletion
Q13505-2,Q13505,0.461683296,93.34763948,227,257,deletion
Q9H305-3,Q9H305,0.526854407,62.01923077,42,120,deletion
P36402-13,P36402,0.534584817,94.27083333,359,384,substitution
Q9BXU9-1,Q9BXU9,0.810887763,83.90804598,2,43,deletion
Q8NE31-2,Q8NE31,0.318583943,75.29610829,445,585,substitution
Q96HC4-5,Q96HC4,0.216668285,9.400324149,33,596,substitution
Q9C0I9-3,Q9C0I9,0.375250996,59.55882353,310,530,substitution
Q9H9S0-2,Q9H9S0,0.326311006,94.75409836,168,183,deletion
Q96BT3-2,Q96BT3,0.242303892,51.15044248,289,561,substitution
Q16612-2,Q16612,0.358674527,59.82142857,,,insertion
Q96S66-4,Q96S66,0.191068432,66.4246824,114,298,deletion
Q8NHW4-4,Q8NHW4,0.584987101,66.99029126,65,92,substitution
Q8IUX4-3,Q8IUX4,0.42312018,17.80104712,59,373,substitution
Q86UQ0-2,Q86UQ0,0.376990135,87.4015748,2,75,substitution
Q96BY9-2,Q96BY9,0.214483448,49.26253687,2,173,deletion
P02686-4,P02686,0.201750737,48.48484848,2,250,substitution
Q8WUP2-2,Q8WUP2,0.46128074,76.86567164,298,373,substitution
Q99217-2,Q99217,0.260475739,91.62303665,19,34,deletion
Q96LZ7-2,Q96LZ7,0.540612682,43.42948718,2,410,substitution
Q9HCN2-3,Q9HCN2,0.281770594,34.59119497,50,124,substitution
Q6YI46-4,Q6YI46,0.361993062,86.31578947,267,318,deletion
O95628-7,O95628,0.458445957,80.81991215,544,575,substitution
Q7Z3K6-4,Q7Z3K6,0.530043577,88.54545455,2,64,deletion
Q8NEY8-2,Q8NEY8,0.219465825,74.40860215,2,458,substitution
Q5SRE7-3,Q5SRE7,0.619379322,53.7993921,146,291,substitution
Q9GZU3-2,Q9GZU3,0.215528474,27.52293578,146,492,substitution
O75553-5,O75553,0.389312611,94.04761905,187,221,deletion
Q04743-2,Q04743,0.197847674,55.90551181,137,252,substitution
Q96K30-3,Q96K30,0.411078667,91.80887372,,,insertion
Q3B7T3-3,Q3B7T3,0.190374997,20.17804154,2,259,substitution
P46937-2,P46937,0.327901792,96.82539683,329,344,deletion
Q9H6K1-2,Q9H6K1,0.362646474,77.85234899,105,170,deletion
P19544-9,P19544,0.383821448,63.47438753,2,266,substitution
P05019-4,P05019,0.469613483,78.97435897,152,194,substitution
P50549-5,P50549,0.254053258,85.35564854,2,79,substitution
Q14011-2,Q14011,0.405913943,45.45454545,84,167,substitution
Q9P0K8-2,Q9P0K8,0.268037036,89.72125436,513,574,substitution
Q8NG50-7,Q8NG50,0.30733143,25.87412587,33,284,substitution
Q9NZ09-3,Q9NZ09,0.302193187,82.61648746,2,53,substitution
Q5T8D3-4,Q5T8D3,0.17910731,77.90262172,2,172,substitution
O95243-3,O95243,0.239418518,92.75862069,539,580,substitution
O00409-2,O00409,0.481263994,95.30612245,249,271,substitution
Q6ZN54-2,Q6ZN54,0.25747636,32.95454545,2,512,substitution
Q7Z3D4-2,Q7Z3D4,0.176307838,31.81818182,87,306,substitution
P36402-9,P36402,0.473371149,93.22916667,359,384,substitution
O95998-4,O95998,0.488992653,72.16494845,128,194,substitution
Q02930-2,Q02930,0.493314653,98.62204724,2,8,deletion
P49662-5,P49662,0.227548374,34.12073491,125,377,substitution
Q9H972-2,Q9H972,0.329739651,92.56505576,438,477,deletion
Q8TCY5-1,Q8TCY5,0.735038462,99.42196532,,,insertion
Q9Y2G2-6,Q9Y2G2,0.222605144,13.03538175,71,537,deletion
Q8N4H0-3,Q8N4H0,0.219543674,85.20408163,60,117,deletion
O00165-2,O00165,0.438662899,97.21254355,,,insertion
P46937-8,P46937,0.340607163,97.22222222,329,343,substitution
Q5T292-4,Q5T292,0.560152761,67.15328467,91,105,substitution
Q8N9W6-5,Q8N9W6,0.195323642,58.45070423,2,118,substitution
Q06413-3,Q06413,0.435803213,93.2346723,368,399,deletion
P01344-3,P01344,0.59197586,76.27118644,,,insertion
O95243-5,O95243,0.291152077,95.38461538,557,580,substitution
Q9UJU2-6,Q9UJU2,0.351620795,87.46987952,214,399,substitution
Q5T8D3-3,Q5T8D3,0.352657632,97.01492537,2,172,substitution
Q6UN15-4,Q6UN15,0.214637717,63.46801347,29,594,substitution
Q96IQ9-2,Q96IQ9,0.239812556,79.23076923,310,312,substitution
Q07687-2,Q07687,0.312863917,58.52941176,197,328,substitution
Q9UII2-2,Q9UII2,0.365051238,61.32075472,61,106,substitution
Q8NHP7-2,Q8NHP7,0.307426707,56.04606526,2,229,substitution
Q6ZU67-3,Q6ZU67,0.445419351,69.65265082,2,534,substitution
O43918-3,O43918,0.205221817,24.36823105,2,545,substitution
Q9BRL6-2,Q9BRL6,0.430149089,97.5177305,121,127,deletion
Q8WVK7-2,Q8WVK7,0.196050313,1.666666667,2,121,substitution
O95600-4,O95600,0.190103394,63.1147541,2,359,substitution
Q8N9N5-7,Q8N9N5,0.512876008,93.77358491,55,446,substitution
Q9UII2-3,Q9UII2,0.39125479,56.60377358,61,106,deletion
O60667-2,O60667,0.240852764,71.28205128,13,124,deletion
A1A519-4,A1A519,0.411469785,65.45454545,25,330,substitution
Q06413-2,Q06413,0.360797756,98.30866808,271,278,deletion
P55210-2,P55210,0.43419926,49.42857143,149,303,substitution
Q8WUU8-2,Q8WUU8,0.44812324,86.41975309,210,243,substitution
O95196-3,O95196,0.35656674,70.84805654,2,513,substitution
Q9NWB1-3,Q9NWB1,0.460726848,92.94710327,226,253,substitution
P36402-15,P36402,0.463903323,92.78350515,359,384,substitution
Q8N4S0-2,Q8N4S0,0.186495493,61.02941176,331,544,substitution
Q4ZJI4-5,Q4ZJI4,0.18289118,13.98058252,71,515,substitution
Q8N9N5-4,Q8N9N5,0.428021754,90.56603774,55,392,substitution
Q8TCZ2-6,Q8TCZ2,0.322539518,72.13740458,93,165,deletion
Q6P5X7-3,Q6P5X7,0.289613861,78.6440678,163,225,deletion
A8K830-3,A8K830,0.194517456,40.63324538,,,insertion
Q99932-1,Q99932,0.36444239,86.80412371,422,485,substitution
P49759-2,P49759,0.191970128,26.85950413,131,484,substitution
P52594-2,P52594,0.397071159,92.88256228,232,271,deletion
O15503-2,O15503,0.359137767,51.41843972,138,277,substitution
P15976-2,P15976,0.416132888,73.25301205,290,413,substitution
Q8NEY8-3,Q8NEY8,0.296632082,82.41308793,26,375,substitution
Q6ZRY4-2,Q6ZRY4,0.213235895,46.88995215,2,112,deletion
Q9Y6I3-1,Q9Y6I3,0.2998696,80.20378457,2,226,substitution
Q6ZNE9-3,Q6ZNE9,0.339017019,18.95093063,94,571,substitution
A2RU30-3,A2RU30,0.206272132,71.61654135,2,521,substitution
P08247-2,P08247,0.443546454,62.30031949,2,119,deletion
Q8IZA3-2,Q8IZA3,0.15996941,59.8265896,4,142,deletion
P78411-3,P78411,0.287764961,83.85093168,2,83,substitution
Q6RW13-3,Q6RW13,0.269649784,24.21052632,21,159,substitution
Q96A84-2,Q96A84,0.203492415,99.54648526,72,73,deletion
Q5T3I0-3,Q5T3I0,0.229828473,97.57174393,2,5,substitution
P51608-2,P51608,0.548169502,95.98393574,2,9,substitution
P15336-4,P15336,0.33078247,86.44400786,2,66,substitution
Q9BX46-5,Q9BX46,0.224949043,75.42372881,2,59,deletion
O43521-19,O43521,0.228333039,82.32323232,132,166,deletion
Q6IPW1-2,Q6IPW1,0.324061241,77.7027027,115,123,substitution
Q9H400-2,Q9H400,0.23244552,67.79661017,2,96,deletion
Q2NL68-2,Q2NL68,0.289548027,64.18219462,147,480,substitution
Q7L4I2-2,Q7L4I2,0.493068112,84.66819222,2,69,substitution
Q8IUX1-4,Q8IUX1,0.373528771,73.91304348,171,230,deletion
P53539-5,P53539,0.258713699,77.81065089,43,185,substitution
Q9P0W8-2,Q9P0W8,0.28854454,94.65776294,33,64,deletion
P01298-2,P01298,0.332031445,53.37078652,,,insertion
Q9H425-2,Q9H425,0.239505475,60.24464832,2,131,deletion
P05019-2,P05019,0.456507418,67.82178218,135,195,substitution
P50549-2,P50549,0.332137248,96.01677149,61,79,substitution
O75840-3,O75840,0.164931323,58.17610063,179,302,substitution
Q6ZNR0-2,Q6ZNR0,0.332939175,69.54022989,121,172,substitution
P17022-2,P17022,0.31455153,99.81785064,251,251,deletion
Q8N9N5-5,Q8N9N5,0.425617301,89.36567164,24,392,substitution
Q5JXC2-2,Q5JXC2,0.255439644,73.17073171,282,388,substitution
Q9H171-3,Q9H171,0.444268682,87.41258741,376,429,substitution
Q9Y692-2,Q9Y692,0.454882016,98.2547993,44,53,deletion
Q9BT76-2,Q9BT76,0.495094664,82.8125,29,83,deletion
Q9NX40-4,Q9NX40,0.552907715,79.18367347,183,233,deletion
Q96BA8-2,Q96BA8,0.522646878,83.04431599,111,198,deletion
P51858-3,P51858,0.446644232,81.50943396,2,29,substitution
Q6E0U4-13,Q6E0U4,0.415433241,25.84033613,2,354,deletion
Q8NFG4-3,Q8NFG4,0.371865421,25.34246575,134,579,substitution
Q8N8F6-2,Q8N8F6,0.268862963,62.98932384,143,256,substitution
Q15853-2,Q15853,0.556784478,97.68786127,275,282,deletion
P50549-3,P50549,0.303130575,95.17819706,268,290,deletion
O95628-9,O95628,0.463517762,75.10373444,271,575,substitution
O00167-3,O00167,0.40364541,85.31598513,401,479,deletion
P50549-4,P50549,0.357639228,74.38016529,2,184,substitution
Q9Y259-2,Q9Y259,0.248945474,20.74074074,75,395,substitution
Q9UBW5-2,Q9UBW5,0.261031968,94.33628319,105,136,deletion
A8K830-4,A8K830,0.182864148,53.84615385,,,insertion
Q9BYI3-2,Q9BYI3,0.136543359,34.54894434,2,342,deletion
Q96JY6-5,Q96JY6,0.445128955,58.4717608,,,insertion
Q9UKQ9-2,Q9UKQ9,0.152482379,8.582089552,16,250,substitution
Q96Q80-4,Q96Q80,0.255712768,27.60736196,2,205,substitution
Q6NS38-2,Q6NS38,0.357482311,40.30418251,95,261,substitution
Q96S66-3,Q96S66,0.226025586,78.0399274,114,234,deletion
P23771-2,P23771,0.416343924,99.77477477,,,insertion
Q92904-2,Q92904,0.580011942,93.33333333,,,insertion
P53539-6,P53539,0.261648865,75.44378698,150,284,substitution
P43694-2,P43694,0.412203791,99.77426637,,,insertion
P40225-2,P40225,0.519919745,98.86685552,133,136,deletion
Q8N5S1-2,Q8N5S1,0.227822339,37.5,122,370,substitution
Q53S33-2,Q53S33,0.490190899,47.32824427,58,107,substitution
P55808-2,P55808,0.302488054,99.44751381,,,insertion
Q6J272-2,Q6J272,0.247006542,68.97590361,218,317,substitution
Q9P2B7-2,Q9P2B7,0.194437805,82.61682243,441,532,substitution
O43251-9,O43251,0.323826144,74.38423645,2,390,substitution
Q9BUN1-2,Q9BUN1,0.217300047,48.97360704,167,341,substitution
Q8WU79-3,Q8WU79,0.222988399,81.35198135,2,81,deletion
Q9NNX6-12,Q9NNX6,0.245548634,65.20681265,2,404,substitution
P04233-3,P04233,0.294290037,50.33783784,148,296,substitution
A2RU30-2,A2RU30,0.219075874,73.51247601,2,139,deletion
O95628-10,O95628,0.461427444,75.65698479,543,575,substitution
Q15038-2,Q15038,0.282647164,76.0,127,168,substitution
Q3MIW9-2,Q3MIW9,0.242117738,41.04046243,2,316,substitution
P84101-2,P84101,0.279919851,21.8579235,40,59,substitution
Q9H6X4-3,Q9H6X4,0.251700333,66.66666667,136,195,substitution
Q8WXS3-1,Q8WXS3,0.261351398,80.55555556,,,insertion
P14138-3,P14138,0.354327887,80.32128514,198,238,substitution
Q8N9W6-2,Q8N9W6,0.478996914,81.71091445,4,283,substitution
Q6UWH4-3,Q6UWH4,0.359347927,58.60113422,304,519,substitution
Q13261-9,Q13261,0.238687197,49.64285714,30,267,substitution
Q13887-2,Q13887,0.320422334,66.73960613,88,239,deletion
P46937-9,P46937,0.31471363,99.21259843,,,insertion
Q8N7W2-3,Q8N7W2,0.402088079,89.80769231,3,413,substitution
P55808-3,P55808,0.270856525,92.30769231,,,insertion
P02686-3,P02686,0.213254068,51.81818182,2,191,substitution
Q68CJ9-5,Q68CJ9,0.194979627,55.62632696,239,461,substitution
Q3SY05-2,Q3SY05,0.496526496,78.125,101,128,substitution
Q9BX46-2,Q9BX46,0.329210441,74.48559671,2,56,substitution
Q8NBM4-5,Q8NBM4,0.218798612,20.33898305,54,344,substitution
Q6S545-2,Q6S545,0.365288793,52.8440367,289,545,deletion
Q9BXK5-4,Q9BXK5,0.195658269,66.59793814,2,163,deletion
A2RRL7-4,A2RRL7,0.465362932,47.54098361,52,107,substitution
Q96J86-6,Q96J86,0.282201493,39.61038961,60,154,substitution
P55317-2,P55317,0.350948865,93.00847458,2,34,deletion
P53539-2,P53539,0.254039478,89.34911243,150,185,deletion
Q8N5U1-3,Q8N5U1,0.315004408,82.91666667,76,116,deletion
O75865-4,O75865,0.294847673,23.38308458,29,159,substitution
Q8NFV4-2,Q8NFV4,0.221094827,30.79365079,87,306,substitution
Q6PDA7-2,Q6PDA7,0.354775748,61.06870229,72,123,substitution
Q6RW13-5,Q6RW13,0.270771796,23.23232323,21,159,substitution
Q9HB09-3,Q9HB09,0.431871874,99.7005988,36,36,deletion
Q02930-3,Q02930,0.427033969,93.50393701,3,35,deletion
Q9NZN8-4,Q9NZN8,0.346683091,86.2962963,465,540,substitution
Q96BT3-3,Q96BT3,0.157550818,14.90467938,68,561,substitution
Q70SY1-3,Q70SY1,0.169926169,37.80260708,195,520,substitution
Q49A92-4,Q49A92,0.187048922,27.16049383,2,538,substitution
P78381-3,P78381,0.342036882,38.29787234,143,396,substitution
O95971-4,O95971,0.231601805,29.91452991,25,181,substitution
P31942-5,P31942,0.350224162,35.75418994,2,346,substitution
Q9Y261-2,Q9Y261,0.448090997,98.70410367,,,insertion
Q16558-2,Q16558,0.35021323,51.20772947,103,191,substitution
Q9NX40-3,Q9NX40,0.54856802,76.32653061,188,245,deletion
Q96JN0-2,Q96JN0,0.285986172,93.30254042,405,433,substitution
Q99218-1,Q99218,0.332272141,93.2038835,35,48,deletion
Q8WZ71-2,Q8WZ71,0.437636698,95.33333333,273,286,deletion
Q6ZUT6-3,Q6ZUT6,0.273699061,34.89208633,2,534,substitution
P57682-2,P57682,0.157151071,67.24637681,233,345,deletion
Q8TAZ6-2,Q8TAZ6,0.359846383,78.62903226,96,148,deletion
Q13401-3,Q13401,0.298279381,52.97619048,85,168,substitution
Q9NW75-2,Q9NW75,0.203810927,68.59813084,367,528,substitution
Q6E0U4-11,Q6E0U4,0.393421138,27.31092437,2,346,substitution
Q9Y4X4-2,Q9Y4X4,0.120944117,66.91542289,270,402,deletion
Q9H305-2,Q9H305,0.473974281,81.25,82,120,deletion
A1A519-2,A1A519,0.624493631,99.6969697,330,330,deletion
Q9BZG2-3,Q9BZG2,0.176640747,11.26126126,39,426,substitution
Q6X4W1-5,Q6X4W1,0.177787238,62.83185841,350,530,substitution
Q96LP6-3,Q96LP6,0.178899533,24.65753425,87,360,substitution
O00165-4,O00165,0.202687943,38.16254417,106,279,substitution
Q9H0F5-3,Q9H0F5,0.282858092,83.88349515,2,84,deletion
P36402-3,P36402,0.394034729,73.53535354,359,384,substitution
O43251-4,O43251,0.375903523,75.80246914,2,390,substitution
Q9Y603-6,Q9Y603,0.345932713,70.53824363,49,341,substitution
O75771-6,O75771,0.301714382,28.10650888,88,328,substitution
P12524-2,P12524,0.181224826,41.54589372,2,364,substitution
Q15464-2,Q15464,0.1580225,55.99214145,280,509,substitution
Q6NUJ5-2,Q6NUJ5,0.166381333,84.06779661,497,590,substitution
Q8IZS5-2,Q8IZS5,0.217919559,69.56521739,2,137,substitution
P40305-4,P40305,0.330545809,60.6557377,2,49,deletion
P81877-2,P81877,0.358331806,82.54847645,95,352,substitution
O60320-2,O60320,0.197072058,63.63636364,2,197,deletion
Q7Z5L9-2,Q7Z5L9,0.379297331,97.27427598,334,349,deletion
Q9UC07-2,Q9UC07,0.186838969,26.32508834,22,566,substitution
P52594-3,P52594,0.518361886,99.64412811,514,515,deletion
Q06413-5,Q06413,0.274498981,91.24236253,107,278,substitution
Q8WXS3-3,Q8WXS3,0.228773394,60.55555556,54,145,substitution
Q70SY1-2,Q70SY1,0.424992256,83.10940499,424,520,substitution
Q9Y5P2-2,Q9Y5P2,0.350876401,86.61417323,89,105,deletion
P50549-6,P50549,0.355779454,87.39669421,2,60,substitution
Q13401-2,Q13401,0.748342554,94.11764706,159,168,substitution
Q86YL7-3,Q86YL7,0.322754994,68.06722689,,,insertion
Q16656-4,Q16656,0.294537568,96.36015326,,,insertion
Q9UDX5-2,Q9UDX5,0.320437336,42.30769231,67,166,substitution
Q8N6T3-5,Q8N6T3,0.30776129,83.41346154,2,280,substitution
Q6ISU1-2,Q6ISU1,0.301261405,61.92170819,21,127,deletion
Q14542-2,Q14542,0.346250365,22.28796844,93,456,substitution
P04233-2,P04233,0.355012952,78.37837838,209,272,deletion
Q9NVD3-2,Q9NVD3,0.391706037,19.9556541,70,440,substitution
Q96K37-2,Q96K37,0.27759455,26.82926829,2,301,deletion
P42772-2,P42772,0.415597535,40.27777778,54,138,substitution
Q9BWV3-2,Q9BWV3,0.236629098,17.12062257,85,514,substitution
Q9Y448-3,Q9Y448,0.295703281,71.73913043,229,316,substitution
Q9BU19-5,Q9BU19,0.384078675,99.04580153,,,insertion
Q6UN15-5,Q6UN15,0.260714712,96.0199005,29,388,substitution
Q9Y448-2,Q9Y448,0.259255515,86.70886076,275,315,substitution
Q14247-2,Q14247,0.213981413,74.66467958,266,550,substitution
Q7Z6I8-2,Q7Z6I8,0.187063399,77.65957447,144,188,substitution
Q9BVL2-3,Q9BVL2,0.611122477,97.9966611,85,96,deletion
P56177-2,P56177,0.219679696,43.02325581,106,255,substitution
Q969M3-3,Q969M3,0.570097667,90.7063197,242,256,substitution
Q5M7Z0-2,Q5M7Z0,0.178938141,45.28735632,198,435,substitution
Q8WUK0-3,Q8WUK0,0.269741943,26.53846154,59,201,substitution
Q6ZSG2-2,Q6ZSG2,0.200214368,94.98956159,396,419,deletion
Q9NZR4-3,Q9NZR4,0.216254292,43.8,142,365,substitution
Q9HB09-2,Q9HB09,0.232978657,38.7283237,37,250,substitution
Q9UK76-2,Q9UK76,0.265344021,57.89473684,100,154,substitution
Q86TI4-2,Q86TI4,0.398907012,32.06278027,2,376,substitution
Q969X5-3,Q969X5,0.403834409,27.8125,2,290,substitution
Q6ZT89-2,Q6ZT89,0.632992966,74.617737,228,311,substitution
Q06413-4,Q06413,0.260767669,88.16067653,87,278,substitution
P15863-3,P15863,0.368068276,82.85198556,2,95,substitution
Q86YL7-4,Q86YL7,0.307003967,66.80672269,2,161,substitution
Q9H0F5-2,Q9H0F5,0.264920042,89.51456311,5,54,deletion
P14138-2,P14138,0.477681515,93.27731092,181,196,substitution
P0C7X2-5,P0C7X2,0.396848882,77.66323024,2,65,substitution
Q9NS23-7,Q9NS23,0.299054023,24.22680412,84,344,substitution
Q8NC67-2,Q8NC67,0.153112938,38.0952381,2,333,substitution
Q99966-2,Q99966,0.252556085,88.12785388,,,insertion
O95704-6,O95704,0.375069237,44.53441296,210,486,substitution
Q06413-6,Q06413,0.315091423,92.81183932,87,278,substitution
Q86VK4-4,Q86VK4,0.476711464,84.72803347,57,129,deletion
Q13118-2,Q13118,0.271338008,97.5,2,12,deletion
Q9UL58-2,Q9UL58,0.306374315,52.2556391,269,517,substitution
Q13261-6,Q13261,0.259813419,75.65543071,31,95,deletion
Q6P1L5-2,Q6P1L5,0.16562117,48.22335025,283,589,substitution
Q9ULC0-2,Q9ULC0,0.17331585,68.19923372,140,222,deletion
Q99542-5,Q99542,0.334352398,44.63276836,175,508,substitution
Q5T0J7-4,Q5T0J7,0.205327745,49.42084942,2,232,substitution
Q96JP5-2,Q96JP5,0.289749802,92.28070175,526,570,substitution
Q9H9R9-3,Q9H9R9,0.288747188,52.46478873,2,11,substitution
B4DS77-2,B4DS77,0.30073533,81.13207547,2,81,deletion
A8MV65-2,A8MV65,0.307056406,96.3190184,314,326,substitution
Q9BTE1-3,Q9BTE1,0.409190929,21.53110048,40,182,substitution
P56270-4,P56270,0.200589013,36.05870021,65,369,deletion
P41161-2,P41161,0.45719105,92.39130435,,,insertion
P23769-2,P23769,0.24330987,97.08333333,340,353,deletion
Q6ZTU2-5,Q6ZTU2,0.268939324,69.1206544,51,488,substitution
Q6URK8-2,Q6URK8,0.26875367,90.93959732,,,insertion
Q9Y3Y4-2,Q9Y3Y4,0.28076803,97.13603819,2,16,substitution
Q86VV4-2,Q86VV4,0.217023574,64.69344609,302,465,substitution
Q9NWF4-2,Q9NWF4,0.21907282,19.91247265,45,448,substitution
O95600-5,O95600,0.3046763,76.60167131,216,299,deletion
Q9H0F5-4,Q9H0F5,0.310649311,74.76808905,2,118,substitution
Q7Z5B4-6,Q7Z5B4,0.293943845,77.77777778,143,224,substitution
Q6ZUT6-2,Q6ZUT6,0.181130606,59.92509363,2,215,substitution
Q6ISU1-3,Q6ISU1,0.364909546,88.25622776,21,59,substitution
P04554-2,P04554,0.263270905,65.71428571,91,102,substitution
Q658T7-2,Q658T7,0.23537098,57.45140389,267,463,deletion
Q9BPW4-3,Q9BPW4,0.500911763,96.01139601,2,111,substitution
Q9NWS0-2,Q9NWS0,0.228159228,19.57186544,31,290,substitution
P49760-2,P49760,0.173815352,26.85370741,134,499,substitution
Q8TCZ2-5,Q8TCZ2,0.283949883,95.95588235,69,219,substitution
P09466-3,P09466,0.351853614,47.77777778,33,126,deletion
Q5JRV8-2,Q5JRV8,0.233666128,52.72206304,2,165,deletion
Q9NWS9-2,Q9NWS9,0.316068554,93.77777778,418,445,deletion
Q9H6X4-2,Q9H6X4,0.318574029,92.30769231,136,150,deletion
P80723-2,P80723,0.242060162,76.21145374,88,141,deletion
O95429-2,O95429,0.336566322,92.12253829,91,126,deletion
P33241-3,P33241,0.296565875,68.93617021,3,18,substitution
Q8IYK8-2,Q8IYK8,0.169134623,41.6,149,340,substitution
Q8WWA1-3,Q8WWA1,0.329497662,66.9527897,25,101,substitution
Q6UX40-2,Q6UX40,0.250964484,29.18918919,30,140,substitution
P01100-3,P01100,0.243400942,90.52631579,132,167,deletion
P81877-4,P81877,0.363873083,91.68975069,95,124,deletion
P04233-5,P04233,0.300349607,72.97297297,2,272,substitution
Q8NC51-2,Q8NC51,0.407131911,98.52941176,203,208,deletion
Q99643-4,Q99643,0.295651759,29.5,27,169,substitution
P32970-2,P32970,0.595647638,72.64573991,151,193,substitution
Q02078-3,Q02078,0.27112031,98.02761341,289,421,substitution
P43699-3,P43699,0.440802147,92.51870324,,,insertion
Q9NWQ4-1,Q9NWQ4,0.185562415,68.45360825,329,482,substitution
Q401N2-3,Q401N2,0.205829641,20.04662005,75,412,substitution
Q8TCZ2-4,Q8TCZ2,0.221708431,27.34082397,44,262,substitution
Q8WWV6-4,Q8WWV6,0.377732078,82.70676692,441,532,deletion
Q13261-7,Q13261,0.227629646,61.42857143,31,267,substitution
Q8NEY8-5,Q8NEY8,0.156665405,53.5483871,2,458,substitution
Q9Y5R5-3,Q9Y5R5,0.160734385,58.46702317,2,234,deletion
O15446-2,O15446,0.368896183,99.609375,,,insertion
Q8TCY5-3,Q8TCY5,0.226214488,65.69767442,2,60,deletion
Q9NX40-2,Q9NX40,0.554167516,74.69387755,184,245,substitution
Q5FBB7-6,Q5FBB7,0.390784194,92.86987522,522,561,substitution
Q9BZS1-3,Q9BZS1,0.427888057,80.65173116,72,382,substitution
Q05519-2,Q05519,0.280260396,99.79338843,420,420,deletion
O95628-6,O95628,0.488095864,70.3989704,543,575,substitution
Q8WVR3-2,Q8WVR3,0.245808469,28.61952862,2,468,substitution
Q8NHE4-2,Q8NHE4,0.371178736,34.14634146,51,81,substitution
Q9BYJ9-2,Q9BYJ9,0.148612818,25.17605634,2,559,substitution
Q9BX40-3,Q9BX40,0.144789219,33.62068966,2,385,substitution
Q96T75-3,Q96T75,0.24650236,93.81443299,29,34,deletion
Q6P1Q0-3,Q6P1Q0,0.230440502,26.96335079,92,360,substitution
P81877-3,P81877,0.402959346,94.4598338,125,144,deletion
Q9NU63-3,Q9NU63,0.450382275,82.2761194,2,78,substitution
Q96NM4-3,Q96NM4,0.20343541,84.85436893,2,302,substitution
P10451-4,P10451,0.164127551,92.99363057,95,116,deletion
Q9NSY0-4,Q9NSY0,0.246902039,36.61202186,2,501,substitution
Q9BQE6-2,Q9BQE6,0.161122012,91.00346021,51,76,deletion
P98177-2,P98177,0.359342539,89.10891089,58,112,deletion
Q02078-5,Q02078,0.298825336,98.42209073,289,296,deletion
A6NGG3-2,A6NGG3,0.304076693,71.2962963,,,insertion
Q8N1L9-2,Q8N1L9,0.164348027,68.97810219,2,86,deletion
Q7Z4B0-2,Q7Z4B0,0.358802934,86.60714286,12,26,deletion
A0PJY2-3,A0PJY2,0.422320636,99.15789474,265,268,deletion
Q6DJT9-2,Q6DJT9,0.383980567,83.6,4,85,deletion
P11308-6,P11308,0.255163932,51.77865613,2,479,substitution
Q99732-3,Q99732,0.258311031,74.71264368,127,161,substitution
Q96KN8-2,Q96KN8,0.496502528,84.94623656,234,279,substitution
Q9NWS8-3,Q9NWS8,0.172411313,45.43429844,205,449,substitution
Q96BU1-2,Q96BU1,0.189685521,83.82352941,343,408,deletion
A1L170-2,A1L170,0.244069229,86.34920635,,,insertion
Q9UKT9-7,Q9UKT9,0.404358366,93.32023576,21,54,deletion
P48061-7,P48061,0.20958173,41.52542373,39,93,substitution
Q99946-2,Q99946,0.519495201,65.69579288,2,113,substitution
P0CK97-2,P0CK97,0.27251782,91.72932331,245,266,substitution
Q9NX94-2,Q9NX94,0.334625589,92.83746556,2,8,substitution
Q7L4E1-2,Q7L4E1,0.15259683,40.03241491,226,593,substitution
Q9NWB1-4,Q9NWB1,0.493648811,83.72641509,2,383,substitution
P17677-2,P17677,0.195354871,84.67153285,2,10,substitution
Q9UM63-2,Q9UM63,0.283624213,88.76889849,4,55,deletion
Q8IYJ0-2,Q8IYJ0,0.574472218,97.87234043,277,282,deletion
Q8WVR3-3,Q8WVR3,0.395350173,31.03448276,2,413,substitution
Q8N0U8-2,Q8N0U8,0.358393665,42.85714286,66,176,substitution
Q9NWB1-5,Q9NWB1,0.344660835,73.58916479,2,397,substitution
Q6NTF9-3,Q6NTF9,0.230315583,61.26373626,2,142,deletion
Q00587-2,Q00587,0.343292722,98.20971867,258,264,deletion
Q8N6F7-2,Q8N6F7,0.412460052,98.88888889,,,insertion
Q9HCN2-2,Q9HCN2,0.315504846,67.74193548,85,123,substitution
Q8IYA8-2,Q8IYA8,0.398162384,90.18003273,2,117,substitution
Q8NAA5-2,Q8NAA5,0.271123654,38.00539084,126,344,substitution
O00321-2,O00321,0.48272139,92.43243243,,,insertion
Q8NCR6-2,Q8NCR6,0.171570083,35.35353535,2,262,substitution
Q8NC51-4,Q8NC51,0.408830829,94.85294118,203,247,substitution
Q5M7Z0-3,Q5M7Z0,0.23670913,47.5,198,435,substitution
O75553-3,O75553,0.232714519,79.76190476,103,221,deletion
P52594-4,P52594,0.421054961,95.39249147,272,514,substitution
Q02078-4,Q02078,0.252623497,91.91321499,87,421,substitution
O14901-2,O14901,0.224067549,96.6796875,2,18,deletion
O43493-6,O43493,0.241711661,64.3020595,71,309,substitution
Q9BZS1-4,Q9BZS1,0.416732843,93.73549884,246,272,deletion
Q8TBJ5-2,Q8TBJ5,0.164755139,64.27015251,296,459,substitution
O43251-5,O43251,0.35691471,94.35897436,2,265,substitution
Q9BPW4-2,Q9BPW4,0.527711415,96.2962963,2,15,substitution
Q8NAV2-2,Q8NAV2,0.253949878,97.80821918,294,301,deletion
Q6NTE8-3,Q6NTE8,0.210403032,83.96501458,43,97,deletion
Q02078-2,Q02078,0.270984293,93.88560158,87,132,substitution
P10451-3,P10451,0.166342379,91.40127389,32,58,deletion
Q02078-6,Q02078,0.241837317,92.30769231,87,295,substitution
Q07820-2,Q07820,0.330419076,65.73816156,231,350,substitution
P58512-2,P58512,0.202134684,36.09756098,72,204,substitution
Q9BQY9-4,Q9BQY9,0.266725895,78.49462366,2,53,substitution
Q9UJU2-4,Q9UJU2,0.138927603,42.1686747,2,399,substitution
O43251-2,O43251,0.376033826,95.39641944,2,94,substitution
Q8NC51-3,Q8NC51,0.411304086,96.32352941,233,247,deletion
A4D2B8-2,A4D2B8,0.518363318,86.57718121,380,440,substitution
Q13952-2,Q13952,0.478881096,73.1441048,277,418,substitution
Q7L2R6-3,Q7L2R6,0.308492428,10.65719361,48,523,substitution
Q14773-3,Q14773,0.411814752,44.3148688,132,271,substitution
Q8ND83-2,Q8ND83,0.14947798,53.6971831,2,264,deletion
Q15532-2,Q15532,0.300037616,92.58373206,295,325,deletion
Q9BWW4-2,Q9BWW4,0.305390817,93.04123711,123,149,deletion
P81877-5,P81877,0.334789678,89.70189702,95,189,substitution
Q8WWW8-3,Q8WWW8,0.324705609,93.18568995,126,548,substitution
Q5VYS4-2,Q5VYS4,0.433771632,49.17491749,2,262,substitution
Q15038-4,Q15038,0.245178263,51.19047619,45,126,deletion
Q1A5X6-3,Q1A5X6,0.285583071,83.01886792,26,52,deletion
Q96HA4-5,Q96HA4,0.206600022,66.84210526,2,127,deletion
Q6ZSJ9-2,Q6ZSJ9,0.357867945,93.98496241,,,insertion
Q8WUH1-3,Q8WUH1,0.52556162,61.80555556,59,112,substitution
O43251-10,O43251,0.315647095,95.64102564,2,18,substitution
Q86T96-3,Q86T96,0.341658196,13.65935919,78,592,substitution
Q86WP2-2,Q86WP2,0.212581055,98.54166667,,,insertion
Q3SY00-2,Q3SY00,0.134931368,63.08243728,336,556,substitution
Q8N8R3-2,Q8N8R3,0.172101579,9.631728045,13,303,substitution
Q9NXJ0-2,Q9NXJ0,0.322769872,82.77153558,93,138,deletion
P10451-5,P10451,0.187023631,95.54140127,59,72,deletion
Q96IT1-2,Q96IT1,0.358356281,94.22150883,,,insertion
Q14153-2,Q14153,0.292572923,71.56398104,303,422,substitution
Q13952-7,Q13952,0.475206313,72.92576419,277,419,substitution
Q8N720-2,Q8N720,0.161926132,11.69284468,46,491,substitution
Q96B23-2,Q96B23,0.265748154,84.9009901,239,299,deletion
Q96NZ1-2,Q96NZ1,0.134747144,29.25989673,120,517,substitution
Q6NZ36-2,Q6NZ36,0.537384345,56.0137457,2,21,substitution
Q6P5X7-2,Q6P5X7,0.313356081,93.55932203,105,123,deletion
P22794-2,P22794,0.380564652,91.11969112,,,insertion
Q8N2R0-3,Q8N2R0,0.505371558,72.05542725,,,insertion
Q96NM4-4,Q96NM4,0.198413737,83.11688312,2,302,substitution
Q8WU68-2,Q8WU68,0.388273223,39.85765125,45,220,substitution
Q86WP2-3,Q86WP2,0.291825108,95.41666667,22,283,substitution
Q6RW13-4,Q6RW13,0.193301279,16.66666667,10,159,substitution
O00592-2,O00592,0.380514622,94.08602151,236,268,substitution
Q5JTV8-2,Q5JTV8,0.279064939,64.7260274,185,486,substitution
O43670-3,O43670,0.173055426,76.72064777,48,184,substitution
P07108-6,P07108,0.431989496,36.09022556,43,87,substitution
Q86Y22-2,Q86Y22,0.138814862,39.18439716,2,540,substitution
Q5JUK2-2,Q5JUK2,0.277092059,82.94573643,317,328,substitution
Q86T96-2,Q86T96,0.309550704,68.50921273,410,592,substitution
A6NJ46-2,A6NJ46,0.213762087,35.47169811,2,184,substitution
Q9UJU2-2,Q9UJU2,0.154098277,69.87951807,283,399,substitution
P78411-2,P78411,0.31999618,99.79296066,220,220,deletion
Q5SQH8-4,Q5SQH8,0.499597478,63.50806452,,,insertion
Q96BN6-2,Q96BN6,0.318576514,90.37800687,334,582,substitution
Q86YD1-2,Q86YD1,0.411334605,75.58139535,2,397,substitution
Q9NUG4-2,Q9NUG4,0.479570817,59.09090909,357,571,substitution
Q5T292-3,Q5T292,0.54087039,56.79012346,91,105,substitution
Q9NU63-2,Q9NU63,0.447993798,85.65891473,2,78,substitution
Q6ZSJ9-3,Q6ZSJ9,0.335658807,90.74410163,,,insertion
Q3KRA9-3,Q3KRA9,0.464597047,24.56140351,2,238,substitution
Q6E0U4-12,Q6E0U4,0.356282068,26.53061224,2,429,substitution
Q99967-2,Q99967,0.26133723,78.88888889,159,215,deletion
Q92802-2,Q92802,0.338131241,86.5648855,567,583,substitution
P04808-2,P04808,0.232542045,41.53846154,71,185,substitution
P50548-2,P50548,0.189601229,86.31386861,2,76,deletion
Q9BWW4-3,Q9BWW4,0.33884162,94.84536082,151,170,deletion
Q86VQ3-2,Q86VQ3,0.28615211,87.88426763,2,68,deletion
Q9UKT9-2,Q9UKT9,0.236423837,88.99803536,142,197,deletion
Q01113-3,Q01113,0.350927927,39.35264055,2,521,substitution
O43251-7,O43251,0.314421816,77.15617716,261,390,substitution
Q8NBM8-2,Q8NBM8,0.246837256,6.666666667,30,493,substitution
Q96NM4-2,Q96NM4,0.213412604,94.75728155,,,insertion
P17509-2,P17509,0.178265207,62.05357143,140,223,deletion
Q9H8J5-2,Q9H8J5,0.248737844,92.11136891,14,47,deletion
O43734-2,O43734,0.461081599,98.43205575,2,10,deletion
Q9Y4X4-3,Q9Y4X4,0.149012869,70.97560976,290,402,substitution
Q9UL49-1,Q9UL49,0.251383527,90.4,2,49,deletion
P09912-2,P09912,0.574924741,97.01492537,,,insertion
Q9HCI7-2,Q9HCI7,0.248925541,87.17504333,2,75,deletion
P25063-2,P25063,0.285316381,44.52554745,2,23,substitution
Q6UXU4-2,Q6UXU4,0.322433842,53.17220544,2,156,deletion
Q86XD5-2,Q86XD5,0.478172276,88.88888889,2,30,substitution
Q99932-2,Q99932,0.303961664,84.52611219,422,485,substitution
Q13952-5,Q13952,0.466269191,77.29257642,316,419,deletion
P09086-5,P09086,0.506521287,77.74086379,468,479,substitution
Q9Y4X0-2,Q9Y4X0,0.200736434,47.14714715,158,333,deletion
Q9H2X3-2,Q9H2X3,0.223444621,65.91478697,262,399,substitution
Q5JRV8-4,Q5JRV8,0.363586331,69.05444126,142,249,deletion
P42771-3,P42771,0.427432487,42.94871795,52,156,substitution
Q9UKT9-3,Q9UKT9,0.294955072,92.33791749,198,236,deletion
Q7Z6L0-3,Q7Z6L0,0.194458323,86.47058824,294,340,substitution
P40305-1,P40305,0.538664925,97.54098361,44,46,deletion
Q6UXU4-4,Q6UXU4,0.335995288,50.42979943,2,277,substitution
Q9UKT9-8,Q9UKT9,0.312292731,85.65815324,21,236,substitution
Q96PG8-1,Q96PG8,0.161416175,38.69731801,30,189,deletion
O43474-4,O43474,0.262494209,83.62573099,2,400,substitution
Q96EI5-2,Q96EI5,0.247509887,60.05586592,,,insertion
Q86SU0-5,Q86SU0,0.257616461,83.51648352,127,216,substitution
P35637-2,P35637,0.322291689,99.61977186,64,65,substitution
Q6ZTU2-4,Q6ZTU2,0.225869244,63.65461847,51,488,substitution
Q8NCR6-5,Q8NCR6,0.246838175,48.47328244,2,136,deletion
Q9UGQ2-4,Q9UGQ2,0.533851037,64.52991453,144,172,substitution
Q8TBC5-2,Q8TBC5,0.285561979,99.80392157,280,280,deletion
O95196-2,O95196,0.328412788,95.22968198,487,513,deletion
Q8IYD9-2,Q8IYD9,0.472243644,69.79362101,,,insertion
Q8N2R0-2,Q8N2R0,0.351533575,79.87616099,253,312,substitution
O95256-4,O95256,0.289494646,19.86644407,118,599,substitution
Q8NHS9-3,Q8NHS9,0.217332473,73.55371901,268,363,substitution
O43474-1,O43474,0.249828333,93.37231969,367,400,deletion
Q5T292-2,Q5T292,0.53633738,52.57142857,91,105,substitution
Q8WWW8-2,Q8WWW8,0.429600245,99.82964225,,,insertion
Q86UQ0-3,Q86UQ0,0.345109253,71.55555556,2,364,substitution
Q5XG99-2,Q5XG99,0.248165175,70.66246057,2,93,substitution
O43251-6,O43251,0.345110168,86.66666667,,,insertion
P40305-3,P40305,0.363641812,64.75409836,2,44,deletion
Q6E0U4-10,Q6E0U4,0.415596937,29.41176471,2,346,substitution
Q6TCH4-2,Q6TCH4,0.523070096,35.60767591,2,344,substitution
Q9NQ32-2,Q9NQ32,0.437035326,86.08137045,403,467,substitution
Q6RVD6-2,Q6RVD6,0.212173131,33.89830508,31,104,substitution
O43251-8,O43251,0.345926366,86.47450111,2,94,substitution
Q13117-2,Q13117,0.256673213,65.59139785,199,390,deletion
P52744-3,P52744,0.350076987,8.787878788,2,262,substitution
P38159-3,P38159,0.308857616,18.25902335,73,391,substitution
Q8N0S6-3,Q8N0S6,0.383185426,45.11494253,141,344,substitution
Q9NWB1-2,Q9NWB1,0.397670281,89.85849057,2,310,substitution
Q8N7X2-3,Q8N7X2,0.22666638,85.75129534,165,219,deletion
Q8N7U9-2,Q8N7U9,0.498049952,44.11764706,72,141,substitution
Q66PJ3-2,Q66PJ3,0.222731186,98.09976247,2,61,substitution
Q8TB05-2,Q8TB05,0.195233219,58.7962963,2,61,substitution
Q86T03-3,Q86T03,0.174384684,26.10169492,48,277,substitution
O75414-3,O75414,0.389255777,39.02439024,65,186,substitution
O75398-5,O75398,0.213499189,79.96545769,223,501,substitution
Q9UGQ2-3,Q9UGQ2,0.253773404,46.15384615,65,172,substitution
A6NGU7-2,A6NGU7,0.361597592,64.04494382,56,62,substitution
Q9H1M0-2,Q9H1M0,0.163742038,35.86956522,65,184,substitution
Q03989-5,Q03989,0.265572539,88.55218855,2,69,deletion
Q6PIV2-2,Q6PIV2,0.200590686,47.86885246,129,291,substitution
Q66PJ3-6,Q66PJ3,0.190095205,55.5808656,2,237,substitution
Q8N720-3,Q8N720,0.491267334,93.3460076,,,insertion
Q86XD5-3,Q86XD5,0.459864539,92.22222222,,,insertion
Q9UKT9-15,Q9UKT9,0.268508179,83.23699422,142,263,substitution
Q16656-3,Q16656,0.341131364,67.99204771,2,162,deletion
Q969F2-2,Q969F2,0.320650237,61.67400881,265,451,substitution
Q6E0U4-14,Q6E0U4,0.259733087,25.10204082,2,429,substitution
O75298-2,O75298,0.3352897,86.60550459,272,344,deletion
P22736-3,P22736,0.16879969,48.28711256,293,598,substitution
P01242-2,P01242,0.667466685,53.89830508,153,217,substitution
Q99732-2,Q99732,0.309184397,55.88235294,127,161,substitution
Q7Z6K1-2,Q7Z6K1,0.286270884,89.36708861,2,43,deletion
Q96LP6-2,Q96LP6,0.229077232,73.61111111,2,96,deletion
Q9NS68-3,Q9NS68,0.14681402,66.90307329,2,423,substitution
P09912-3,P09912,0.627007514,94.20289855,,,insertion
Q8N8C0-2,Q8N8C0,0.416140606,92.11267606,328,355,deletion
Q9BWG4-2,Q9BWG4,0.339121059,94.28571429,124,145,deletion
Q6NTE8-2,Q6NTE8,0.250231881,49.10485934,2,343,substitution
Q8NCR6-4,Q8NCR6,0.200551515,34.43708609,2,262,substitution
P04090-2,P04090,0.263629065,41.88481675,71,185,substitution
Q9UNN4-2,Q9UNN4,0.254060075,92.88702929,8,41,deletion
G3V211-3,G3V211,0.338016287,43.33333333,45,115,substitution
Q9ULC0-3,Q9ULC0,0.338476563,94.63601533,126,139,substitution
P38159-2,P38159,0.22057028,96.67519182,45,57,deletion
A6NDY0-3,A6NDY0,0.19845934,53.21637427,154,278,substitution
Q86VQ3-3,Q86VQ3,0.315598478,97.2875226,318,332,deletion
Q66PJ3-5,Q66PJ3,0.21757226,86.69833729,54,180,substitution
Q9HCN6-3,Q9HCN6,0.45368187,42.39631336,260,339,substitution
Q8IVW1-2,Q8IVW1,0.525621695,45.5,87,177,substitution
Q96EX2-2,Q96EX2,0.224364281,48.80952381,238,444,substitution
O43734-5,O43734,0.456467348,98.25783972,2,463,substitution
Q6E0U4-9,Q6E0U4,0.391282663,29.70711297,2,346,substitution
Q6PGQ7-2,Q6PGQ7,0.187505097,84.84848485,2,87,substitution
P19544-3,P19544,0.328901922,96.21380846,250,266,deletion
Q8WWA1-2,Q8WWA1,0.417472347,87.12446352,71,100,deletion
Q9XRX5-2,Q9XRX5,0.302693728,43.15068493,55,114,substitution
P19544-4,P19544,0.35004417,99.33184855,408,410,deletion
Q8N9Z9-4,Q8N9Z9,0.248525134,82.88508557,2,245,substitution
Q16538-2,Q16538,0.176447203,50.76142132,2,289,substitution
Q8IVJ8-2,Q8IVJ8,0.303601741,45.88235294,79,170,deletion
Q9H2X3-6,Q9H2X3,0.276706276,59.14786967,44,399,substitution
Q9NWQ4-4,Q9NWQ4,0.153177713,96.49484536,351,369,substitution
Q86Y33-5,Q86Y33,0.201239386,33.71868979,22,519,substitution
Q66PJ3-3,Q66PJ3,0.209697288,95.48693587,2,61,substitution
Q8TBC5-3,Q8TBC5,0.296572204,90.10600707,,,insertion
O60481-2,O60481,0.507977209,88.60759494,409,467,substitution
Q6H9L7-2,Q6H9L7,0.145495564,36.11111111,210,571,substitution
Q7Z434-4,Q7Z434,0.178275643,73.88888889,3,143,deletion
Q2KHT4-4,Q2KHT4,0.462324918,43.68421053,109,349,substitution
Q8WXC6-1,Q8WXC6,0.254196212,22.22222222,2,57,substitution
Q92567-3,Q92567,0.205204369,52.45901639,51,208,substitution
P23511-2,P23511,0.309375537,91.6426513,26,54,deletion
Q66PJ3-4,Q66PJ3,0.211649893,89.55916473,2,237,substitution
Q9H171-4,Q9H171,0.282489883,94.63869464,87,109,deletion
Q14242-2,Q14242,0.261778606,96.26168224,,,insertion
Q8N720-4,Q8N720,0.189955944,10.40462428,46,491,substitution
Q9H171-2,Q9H171,0.390971438,79.53091684,365,429,substitution
Q5BVD1-3,Q5BVD1,0.241054781,51.82481752,133,217,substitution
Q8TBC5-4,Q8TBC5,0.221463985,73.33333333,3,280,substitution
Q13422-7,Q13422,0.271788583,91.90751445,198,239,deletion
Q6UXB0-1,Q6UXB0,0.30037213,75.40106952,2,108,substitution
Q9H321-2,Q9H321,0.193770051,87.80487805,169,198,deletion
Q9H0B8-4,Q9H0B8,0.289090126,20.0,81,497,substitution
Q02078-7,Q02078,0.155051491,80.8678501,19,132,substitution
P19544-2,P19544,0.346948068,95.54565702,250,410,substitution
P35452-2,P35452,0.171807081,70.10676157,193,270,substitution
Q8N205-2,Q8N205,0.226855271,72.02970297,94,206,deletion
Q9ULZ0-3,Q9ULZ0,0.246886501,64.92537313,81,124,substitution
Q9NRJ3-2,Q9NRJ3,0.384480144,50.0,64,127,substitution
Q9NZC7-6,Q9NZC7,0.341603853,37.09327549,137,414,substitution
Q9BUV0-3,Q9BUV0,0.178445235,77.5862069,225,290,substitution
Q8N6T3-4,Q8N6T3,0.156871538,65.45012165,2,147,substitution
Q9BV97-2,Q9BV97,0.546537194,99.47643979,78,329,substitution
P78413-2,P78413,0.244154769,95.2293578,,,insertion
Q96N77-3,Q96N77,0.443406345,87.72727273,2,150,substitution
A2IDD5-5,A2IDD5,0.253047247,31.36915078,22,438,substitution
Q6ZUT6-4,Q6ZUT6,0.155623873,78.96678967,2,121,substitution
O43251-3,O43251,0.278039808,89.74358974,2,265,substitution
Q86VK4-3,Q86VK4,0.487013935,90.16736402,377,423,deletion
O14791-3,O14791,0.72085647,95.47738693,16,33,deletion
Q02078-8,Q02078,0.143852297,79.28994083,19,295,substitution
Q8N7X2-1,Q8N7X2,0.25871851,98.97172237,266,266,substitution
A4D1S0-2,A4D1S0,0.15530992,62.41134752,253,409,substitution
P34910-2,P34910,0.26286434,96.76025918,,,insertion
Q2VPJ9-2,Q2VPJ9,0.259222357,23.61516035,60,315,substitution
Q2KHT4-7,Q2KHT4,0.41573284,47.22222222,2,349,substitution
Q6E0U4-8,Q6E0U4,0.411103245,36.55462185,2,306,substitution
A1KXE4-2,A1KXE4,0.311422474,43.41463415,78,195,substitution
Q8WVX3-2,Q8WVX3,0.28477854,33.16582915,,,insertion
P19544-8,P19544,0.325672704,82.75862069,2,266,substitution
P56181-2,P56181,0.296816999,22.62156448,57,57,substitution
A4D2B8-3,A4D2B8,0.533399298,86.13636364,380,440,substitution
Q15415-2,Q15415,0.247064369,79.20792079,397,496,substitution
Q6UWP8-2,Q6UWP8,0.253959222,41.86440678,126,468,deletion
Q7L5A3-2,Q7L5A3,0.249726577,80.44280443,436,538,substitution
O75177-2,O75177,0.251774572,94.19191919,2,23,deletion
Q9Y5P3-2,Q9Y5P3,0.165856794,90.56603774,47,96,deletion
Q8N387-2,Q8N387,0.177180573,85.02994012,232,281,deletion
Q8IZ20-2,Q8IZ20,0.362631166,96.18320611,382,401,deletion
Q8ND83-4,Q8ND83,0.178914422,65.37162162,2,187,substitution
Q15723-4,Q15723,0.434384224,81.98653199,2,203,substitution
Q15723-3,Q15723,0.315107715,86.86868687,2,79,substitution
P98182-3,P98182,0.545017618,99.74683544,156,156,deletion
Q9UKJ0-3,Q9UKJ0,0.219899014,12.72264631,4,227,substitution
O14791-2,O14791,0.65621985,96.1352657,,,insertion
Q9UKS7-2,Q9UKS7,0.302285631,95.05703422,111,136,deletion
Q92804-2,Q92804,0.336082349,99.49324324,60,62,deletion
P59103-4,P59103,0.604133551,59.63855422,95,153,substitution
P0DJD3-2,P0DJD3,0.300983014,92.54032258,331,367,deletion
Q9BUV0-2,Q9BUV0,0.186687246,78.00687285,225,289,substitution
Q96N77-4,Q96N77,0.511015676,96.80365297,2,15,deletion
P0C7P1-2,P0C7P1,0.279071241,92.54032258,331,367,deletion
Q9H7T9-2,Q9H7T9,0.226693357,94.07008086,349,357,substitution
Q86SG3-2,Q86SG3,0.519459946,67.18480138,167,509,substitution
Q76KD6-2,Q76KD6,0.16720568,73.4006734,436,591,substitution
P19544-7,P19544,0.339859929,86.01532567,,,insertion
Q6ZTU2-2,Q6ZTU2,0.253900866,80.72289157,51,488,substitution
Q6UWE3-2,Q6UWE3,0.440584613,48.73417722,70,100,substitution
Q8IWV1-3,Q8IWV1,0.192971289,93.2160804,2,29,substitution
P19532-2,P19532,0.133466068,13.72212693,77,575,substitution
Q8IWV1-2,Q8IWV1,0.188442551,80.90452261,2,77,deletion
O43493-4,O43493,0.242228323,86.72768879,252,309,deletion
P49639-2,P49639,0.176910305,35.90504451,119,335,substitution
Q6ZU67-2,Q6ZU67,0.264684541,82.20973783,440,534,substitution
O75363-2,O75363,0.263135569,84.30769231,310,584,substitution
Q6ZQX7-3,Q6ZQX7,0.373688841,95.58498896,220,239,deletion
Q15723-2,Q15723,0.311203858,84.84848485,2,128,substitution
Q86VK4-5,Q86VK4,0.39698766,90.15444015,57,478,substitution
Q6ZQX7-2,Q6ZQX7,0.319819295,93.37748344,275,367,substitution
Q7Z6L0-2,Q7Z6L0,0.336857373,85.53299492,,,insertion
P51460-2,P51460,0.297270269,40.32258065,64,131,substitution
Q6ZQX7-4,Q6ZQX7,0.314892401,93.37748344,245,274,deletion
Q6ZTU2-6,Q6ZTU2,0.253941745,96.11451943,466,488,substitution
O43493-3,O43493,0.386607717,96.24724062,437,437,substitution
Q9HCN2-4,Q9HCN2,0.321474883,96.77419355,87,90,deletion
Q9UKS7-4,Q9UKS7,0.219337334,85.93155894,111,285,substitution
Q8N9Z2-2,Q8N9Z2,0.196083605,40.05763689,103,235,substitution
P98182-2,P98182,0.523662052,99.74683544,114,114,deletion
Q6P387-2,Q6P387,0.233640217,96.70886076,382,395,substitution
Q9H2S9-2,Q9H2S9,0.325858472,89.15254237,2,61,substitution
Q96KN4-2,Q96KN4,0.280687145,45.6,146,292,substitution
Q13952-3,Q13952,0.440876526,95.85152838,277,295,deletion
O95399-2,O95399,0.279163871,74.64788732,2,27,substitution
Q96N77-2,Q96N77,0.344814635,87.44292237,2,438,substitution
Q9NYG5-2,Q9NYG5,0.335525255,19.38325991,38,84,substitution
Q13422-3,Q13422,0.269455449,83.23699422,197,283,deletion
Q9UKT9-9,Q9UKT9,0.338998565,82.90766208,55,141,deletion
O75678-2,O75678,0.238092145,12.08226221,41,378,substitution
Q9HAH7-1,Q9HAH7,0.509115536,90.14373717,429,459,substitution
Q495C1-4,Q495C1,0.350125541,37.24340176,83,297,substitution
Q13952-4,Q13952,0.228843609,64.84716157,60,418,substitution
Q2KHT4-8,Q2KHT4,0.416927809,57.76081425,109,280,substitution
Q8N319-4,Q8N319,0.198047494,19.52191235,28,242,substitution
Q13316-2,Q13316,0.227914929,96.88109162,46,61,deletion
Q495C1-6,Q495C1,0.343422777,38.0239521,83,297,substitution
O43493-5,O43493,0.301833185,97.53914989,437,437,substitution
Q6ZU67-5,Q6ZU67,0.291184008,58.80149813,33,534,substitution
Q4KMZ1-3,Q4KMZ1,0.261379794,85.34798535,,,insertion
O43493-7,O43493,0.272043282,96.03524229,437,437,substitution
Q9H171-7,Q9H171,0.259510834,82.51748252,12,86,deletion
Q15723-1,Q15723,0.450341233,97.97639123,118,129,deletion
O95236-3,O95236,0.180861278,50.24875622,2,201,deletion
Q9UKS7-7,Q9UKS7,0.235864776,86.31178707,111,237,substitution
Q14011-3,Q14011,0.160318163,35.35353535,2,167,substitution
Q6P1W5-2,Q6P1W5,0.170415011,68.22742475,2,191,deletion
Q6UX39-2,Q6UX39,0.184015279,99.5215311,19,19,deletion
Q8N883-2,Q8N883,0.290854022,28.28282828,161,585,substitution
Q13794-2,Q13794,0.446581609,19.85294118,20,54,substitution
G3V211-2,G3V211,0.315398569,44.26229508,45,115,substitution
Q96LM9-2,Q96LM9,0.494314728,52.31481481,2,50,substitution
Q15038-5,Q15038,0.28039292,46.21848739,101,168,substitution
Q13887-4,Q13887,0.27439105,80.08752735,2,92,deletion
Q8N7U7-2,Q8N7U7,0.26486894,99.02676399,208,211,deletion
P04732-2,P04732,0.372999442,25.89928058,33,61,substitution
Q8NCQ7-3,Q8NCQ7,0.426783571,91.48351648,2,58,substitution
Q8N4C9-2,Q8N4C9,0.367409774,50.54545455,131,275,substitution
P14653-2,P14653,0.138511197,66.33663366,193,301,substitution
Q8IVJ8-3,Q8IVJ8,0.261789129,47.72727273,77,170,substitution
Q17RF5-2,Q17RF5,0.218540429,23.80952381,23,130,substitution
Q9NQ76-3,Q9NQ76,0.312898413,78.47619048,2,114,deletion
Q6E0U4-7,Q6E0U4,0.213400808,75.625,330,476,substitution
P49639-3,P49639,0.139265338,65.37313433,219,335,substitution
Q5JUW0-2,Q5JUW0,0.546105747,97.07602339,80,84,deletion
Q6ZUL3-2,Q6ZUL3,0.295392061,45.60669456,106,223,substitution
E9PAV3-2,E9PAV3,0.160212802,8.007033998,602,1774,substitution
Q96KD3-3,Q96KD3,0.230924606,56.97674419,2,271,substitution
Q8NCQ7-2,Q8NCQ7,0.395774784,91.20879121,27,58,substitution
O75952-3,O75952,0.218519493,42.17557252,181,493,substitution
Q5SRN2-2,Q5SRN2,0.20353061,92.56055363,87,193,substitution
O75177-5,O75177,0.172247472,87.65432099,2,49,substitution
Q8NC26-2,Q8NC26,0.379573301,91.84652278,2,35,deletion
Q8N2B8-2,Q8N2B8,0.277131344,56.32183908,94,174,substitution
Q5JWF2-3,Q5JWF2,0.146178045,51.96441809,691,1036,substitution
Q8N5D6-2,Q8N5D6,0.280264372,38.48101266,120,347,substitution
O75177-4,O75177,0.150972154,66.91919192,2,132,deletion
O43236-8,O43236,0.124670463,8.374384236,536,996,substitution
Q6UXF1-2,Q6UXF1,0.189894471,84.17391304,485,574,substitution
Q8WVV4-3,Q8WVV4,0.171825899,49.40778342,284,589,substitution
Q6E0U4-5,Q6E0U4,0.214555673,77.23577236,347,476,substitution
Q9UKT9-6,Q9UKT9,0.382406337,84.67583497,198,275,deletion
Q9BYZ8-2,Q9BYZ8,0.362474087,32.0,56,158,substitution
Q9UKT9-4,Q9UKT9,0.356143481,92.33791749,237,275,deletion
Q6E0U4-3,Q6E0U4,0.217464261,79.16666667,379,476,substitution
Q13422-2,Q13422,0.316222773,83.23699422,54,140,deletion
Q9Y4I5-3,Q9Y4I5,0.192411481,49.21259843,251,508,substitution
Q8IVW1-4,Q8IVW1,0.550663855,86.20689655,176,177,substitution
Q2M2W7-2,Q2M2W7,0.322708097,31.93277311,278,339,substitution
Q9NS23-6,Q9NS23,0.221301582,24.70930233,85,344,substitution
Q13422-4,Q13422,0.223672822,74.75915222,10,283,substitution
Q15759-3,Q15759,0.408844257,26.27906977,2,364,substitution
O75952-2,O75952,0.265763877,96.34888438,49,66,deletion
Q4VC12-3,Q4VC12,0.22908824,5.307855626,2,460,substitution
Q66K80-2,Q66K80,0.169269796,55.32786885,119,236,substitution
O00712-6,O00712,0.156373017,29.23351159,2,420,substitution
Q9UBQ7-2,Q9UBQ7,0.449316554,28.03970223,2,328,substitution
Q96MR7-2,Q96MR7,0.221307353,47.97687861,80,158,substitution
P0C7A2-2,P0C7A2,0.504589111,83.20413437,322,387,substitution
Q5VWP3-4,Q5VWP3,0.185030186,37.52515091,2,993,substitution
Q5SRN2-3,Q5SRN2,0.183909262,92.89428076,87,183,substitution
Q9NW81-2,Q9NW81,0.382699491,47.03703704,73,256,substitution
P0DJD3-3,P0DJD3,0.135019024,71.77419355,2,141,deletion
O75177-3,O75177,0.119651138,79.29292929,2,83,deletion
Q9NY56-3,Q9NY56,0.389249592,46.40883978,25,129,substitution
Q92567-2,Q92567,0.196849288,96.31147541,51,59,deletion
Q6E0U4-6,Q6E0U4,0.193983946,71.69811321,347,476,substitution
C9JL84-2,C9JL84,0.242986052,57.37410072,2,225,substitution
Q8NBJ7-4,Q8NBJ7,0.456332496,31.7016317,114,301,substitution
Q86SQ6-1,Q86SQ6,0.442603336,5.384615385,2,167,substitution
Q32M92-2,Q32M92,0.394076922,92.69662921,166,178,deletion
Q92802-3,Q92802,0.12909295,9.023178808,8,583,substitution
Q96BZ9-2,Q96BZ9,0.24051126,8.855291577,2,403,substitution
Q9NP70-2,Q9NP70,0.227148274,96.6442953,99,113,deletion
A6H8Z2-3,A6H8Z2,0.192166355,62.35294118,248,402,substitution
Q86SI9-2,Q86SI9,0.446176861,53.09734513,112,138,substitution
Q9Y4I5-2,Q9Y4I5,0.225512983,60.23622047,307,508,deletion
O14603-2,O14603,0.257758856,43.53741497,63,147,substitution
Q96AQ8-2,Q96AQ8,0.174524949,50.12987013,179,359,substitution
Q8N816-2,Q8N816,0.32068579,73.25581395,190,258,deletion
Q8TA94-2,Q8TA94,0.310821438,41.71779141,199,476,substitution
Q9NQ76-2,Q9NQ76,0.224589851,94.42446043,,,insertion
Q9Y5X3-2,Q9Y5X3,0.211729961,9.546539379,18,404,substitution
Q6E0U4-4,Q6E0U4,0.363165428,81.37254902,247,429,substitution
Q9NXT0-2,Q9NXT0,0.235908916,11.29032258,13,402,substitution
Q8N6C7-2,Q8N6C7,0.306773814,63.63636364,83,128,substitution
Q6E0U4-16,Q6E0U4,0.379763434,78.8973384,247,346,substitution
O75952-6,O75952,0.240779077,59.22920892,2,202,deletion
Q86YD3-3,Q86YD3,0.377372304,59.28961749,24,268,substitution
P58512-3,P58512,0.212031197,64.28571429,2,204,substitution
Q8N1D0-2,Q8N1D0,0.233366143,59.28853755,2,104,deletion
O00165-6,O00165,0.183939102,33.86075949,85,279,substitution
Q9UKJ0-2,Q9UKJ0,0.199864087,18.4501845,23,227,substitution
Q9NXC2-3,Q9NXC2,0.250866996,1.411290323,2,390,substitution
Q7Z2F6-2,Q7Z2F6,0.234652296,19.35483871,2,126,substitution
P04279-2,P04279,0.123691992,87.01298701,312,371,deletion
O75952-5,O75952,0.190236715,23.47328244,2,493,substitution
Q9ULZ0-1,Q9ULZ0,0.195338134,90.90909091,121,123,substitution
Q86WD7-3,Q86WD7,0.209765339,8.230452675,2,417,substitution
Q9Y6Z4-2,Q9Y6Z4,0.272930633,48.63636364,2,85,substitution
