iso,pae_reg2rest,pae_global,protL
A0A0K2S4Q6-2,23.889286041259766,17.37919807434082,201
A0A1B0GTI8-2,11.18501091003418,10.67702865600586,187
A0AV96-2,29.407596588134766,23.2820987701416,593
A0AVF1-3,11.371615409851074,9.21000862121582,554
A0AVF1-2,12.998525619506836,9.21000862121582,554
A0JLT2-2,29.400243759155273,24.620380401611328,244
A0PG75-2,12.516570091247559,15.042360305786133,271
A0PJE2-2,12.314873695373535,3.469155788421631,317
A0PJE2-3,12.314873695373535,3.469155788421631,317
A0PJK1-5,6.608308792114258,7.2421088218688965,596
A0PJK1-2,6.094121932983398,7.2421088218688965,596
A0PJK1-3,8.00515365600586,7.2421088218688965,596
A0PJY2-2,28.57225799560547,24.733314514160156,475
A0PJY2-3,21.421709060668945,24.733314514160156,475
A0PK05-2,28.346269607543945,24.71477699279785,275
A1A519-3,30.04690933227539,26.53667640686035,330
A1A519-4,30.04690933227539,26.53667640686035,330
A1A519-2,28.338905334472656,26.53667640686035,330
A1A5D9-2,27.33403968811035,23.61137580871582,508
A1KXE4-2,29.86968994140625,27.010650634765625,195
A1XBS5-4,23.64008331298828,12.799391746520996,289
A1XBS5-3,24.783977508544922,12.799391746520996,289
A1XBS5-5,11.620872497558594,12.799391746520996,289
A1XBS5-2,10.177867889404297,12.799391746520996,289
A1Z1Q3-6,28.921871185302734,20.806400299072266,425
A1Z1Q3-5,28.268352508544922,20.806400299072266,425
A1Z1Q3-4,28.968673706054688,20.806400299072266,425
A2A288-3,27.599987030029297,25.12571907043457,527
A2A288-4,29.679332733154297,25.12571907043457,527
A2A2Y4-5,22.03388786315918,19.04269027709961,597
A2A2Y4-2,27.244503021240234,19.04269027709961,597
A2A2Y4-3,29.318790435791016,19.04269027709961,597
A2A2Y4-4,29.318790435791016,19.04269027709961,597
A2IDD5-2,28.68838119506836,25.478456497192383,438
A2IDD5-4,29.342008590698242,25.478456497192383,438
A2IDD5-6,29.6041316986084,25.478456497192383,438
A2IDD5-3,29.342008590698242,25.478456497192383,438
A2IDD5-5,29.83413314819336,25.478456497192383,438
A2RRL7-2,24.794878005981445,19.430517196655273,107
A2RRL7-3,19.49056625366211,19.430517196655273,107
A2RRL7-4,23.20938491821289,19.430517196655273,107
A2RU30-3,28.82596206665039,27.822330474853516,521
A2RU30-2,29.446626663208008,27.822330474853516,521
A2RU49-3,5.702317237854004,5.297277927398682,373
A2RU49-2,5.994915962219238,5.297277927398682,373
A2RUC4-2,4.204310417175293,3.8271403312683105,315
A2VDF0-2,5.337629795074463,2.8844239711761475,154
A4D1E9-3,17.741220474243164,14.49870777130127,387
A4D1E9-2,15.316311836242676,14.49870777130127,387
A4D1S0-2,28.328201293945312,25.19635772705078,409
A4D2B8-2,23.890480041503906,22.34955596923828,440
A4D2B8-3,23.890480041503906,22.34955596923828,440
A4GXA9-2,16.069061279296875,14.661628723144531,379
A4IF30-2,26.71474838256836,19.360759735107422,521
A4QPB2-2,17.956552505493164,7.515274524688721,252
A4QPH2-4,16.012880325317383,14.809481620788574,592
A4QPH2-2,16.012880325317383,14.809481620788574,592
A5D8T8-2,24.659299850463867,20.3761043548584,446
A5D8V7-2,28.469392776489258,24.810592651367188,595
A5PLL7-2,10.157927513122559,7.990631103515625,270
A5PLN9-2,19.870033264160156,13.805928230285645,417
A5PLN9-4,14.143033981323242,13.805928230285645,417
A5PLN9-7,16.96868133544922,13.805928230285645,417
A5X5Y0-3,27.913410186767578,14.231513977050781,456
A5X5Y0-2,9.94678783416748,14.231513977050781,456
A5X5Y0-4,16.449325561523438,14.231513977050781,456
A5X5Y0-6,15.842046737670898,14.231513977050781,456
A6H8Z2-2,26.071060180664062,23.335567474365234,402
A6H8Z2-3,26.06946563720703,23.335567474365234,402
A6NC05-2,22.6314697265625,20.908946990966797,138
A6NC86-4,9.1748628616333,7.693843841552734,204
A6ND91-2,4.8574676513671875,4.339284896850586,283
A6NDV4-2,17.91997528076172,14.926488876342773,472
A6NDV4-3,28.569002151489258,14.926488876342773,472
A6NDY0-4,29.341007232666016,24.575746536254883,278
A6NDY0-2,25.791688919067383,24.575746536254883,278
A6NDY0-3,27.22671890258789,24.575746536254883,278
A6NEC2-2,9.931063652038574,8.596409797668457,478
A6NEC2-3,11.612683296203613,8.596409797668457,478
A6NEM1-2,28.286115646362305,24.900999069213867,432
A6NFC5-2,16.369781494140625,13.391220092773438,223
A6NFC5-3,13.348310470581055,13.391220092773438,223
A6NFN9-1,27.874961853027344,18.129898071289062,502
A6NFN9-3,26.035926818847656,18.129898071289062,502
A6NFU8-2,6.9782867431640625,7.147855281829834,196
A6NFY4-2,28.762020111083984,18.464618682861328,417
A6NGU7-2,23.040260314941406,20.21826171875,62
A6NH21-2,17.24694061279297,16.271198272705078,518
A6NH52-2,13.520828247070312,14.770129203796387,213
A6NI73-4,29.207311630249023,17.49766731262207,299
A6NI73-2,24.90955352783203,17.49766731262207,299
A6NI73-3,28.50667953491211,17.49766731262207,299
A6NJ46-2,26.68276023864746,25.218584060668945,265
A6NJ78-2,12.340028762817383,11.851095199584961,407
A6NJ78-4,12.686086654663086,11.851095199584961,407
A6NJ78-3,19.585540771484375,11.851095199584961,407
A6NJB7-2,29.85259246826172,27.56955337524414,356
A6NK59-2,15.282081604003906,11.863823890686035,587
A6NK59-3,14.038726806640625,11.863823890686035,587
A6NK97-2,10.585243225097656,9.654745101928711,555
A6NKF1-2,10.927154541015625,10.435503005981445,404
A6NKQ9-2,28.21202278137207,18.42732048034668,187
A6NLP5-2,15.331942558288574,11.140673637390137,189
A6NNE9-2,25.50918197631836,24.27841567993164,402
A6NNP5-2,26.619354248046875,21.75825309753418,214
A6NNP5-5,26.648372650146484,21.75825309753418,214
A6NNP5-4,28.767255783081055,21.75825309753418,214
A6NNP5-3,27.47887420654297,21.75825309753418,214
A6NNP5-6,27.47887420654297,21.75825309753418,214
A6PVL3-2,21.413259506225586,21.73302459716797,124
A6PVY3-2,27.503524780273438,23.196964263916016,158
A6XGL0-2,24.209117889404297,12.178778648376465,299
A7E2S9-2,25.098251342773438,15.810077667236328,258
A8K8V0-2,28.626323699951172,22.240854263305664,405
A8MT69-2,3.9911816120147705,5.105014324188232,81
A8MT69-3,6.508522987365723,5.105014324188232,81
A8MUH7-2,20.849327087402344,18.7003173828125,402
A8MV23-2,19.170734405517578,11.133343696594238,424
A8MV65-2,29.17793083190918,26.912586212158203,326
A8MVW5-2,28.379085540771484,18.449405670166016,462
A8MYP8-2,28.312747955322266,25.51219367980957,253
B0YJ81-2,16.822330474853516,14.080018043518066,288
B2RUY7-2,22.699790954589844,18.733707427978516,222
B3KU38-2,28.221981048583984,26.826065063476562,563
B4DS77-3,29.67302131652832,27.34223175048828,424
B4DS77-2,28.67176628112793,27.34223175048828,424
B6A8C7-2,26.99685287475586,14.313312530517578,271
B7ZAQ6-4,10.458993911743164,10.892621994018555,455
B7ZAQ6-3,9.586697578430176,10.892621994018555,455
B7ZAQ6-2,10.651653289794922,10.892621994018555,455
B9A064-2,28.82668685913086,19.668617248535156,214
B9EJG8-2,6.534299850463867,7.640054225921631,249
C9JBD0-2,22.158323287963867,17.80133056640625,128
C9JJ37-2,8.342687606811523,6.666961669921875,291
C9JL84-2,28.976646423339844,26.845319747924805,531
C9JRZ8-2,2.8000807762145996,2.6252903938293457,316
E5RJM6-3,14.870522499084473,10.030533790588379,399
E9PAV3-2,28.562442779541016,27.998123168945312,2078
E9PKD4-2,29.547279357910156,25.933191299438477,350
F5H4B4-2,26.874412536621094,22.641979217529297,570
G3V211-3,24.430217742919922,21.863061904907227,115
G3V211-2,24.430217742919922,21.863061904907227,115
G9CGD6-3,27.1864070892334,25.59040069580078,899
H3BTG2-2,22.91945457458496,20.17198371887207,121
K7EIQ3-2,24.194652557373047,21.224666595458984,104
O00115-2,4.743666172027588,6.24381160736084,360
O00124-3,26.02488136291504,22.59716033935547,270
O00124-2,25.024442672729492,22.59716033935547,270
O00141-4,26.454391479492188,13.166332244873047,431
O00141-3,26.454391479492188,13.166332244873047,431
O00141-5,26.454391479492188,13.166332244873047,431
O00141-2,26.454391479492188,13.166332244873047,431
O00142-5,14.779424667358398,11.059181213378906,265
O00142-2,27.602664947509766,11.059181213378906,265
O00142-3,8.212833404541016,11.059181213378906,265
O00142-4,8.181510925292969,11.059181213378906,265
O00148-3,11.548295974731445,9.957253456115723,427
O00148-2,10.80062198638916,9.957253456115723,427
O00154-6,25.181243896484375,10.641890525817871,380
O00154-4,25.181243896484375,10.641890525817871,380
O00154-2,25.99007797241211,10.641890525817871,380
O00154-5,24.835018157958984,10.641890525817871,380
O00154-7,25.181243896484375,10.641890525817871,380
O00154-3,28.24802017211914,10.641890525817871,380
O00161-2,18.395612716674805,12.805933952331543,211
O00165-5,28.628877639770508,25.910367965698242,279
O00165-3,28.130966186523438,25.910367965698242,279
O00165-4,28.360973358154297,25.910367965698242,279
O00165-6,28.59142303466797,25.910367965698242,279
O00167-2,28.754581451416016,22.089820861816406,538
O00167-3,18.173437118530273,22.089820861816406,538
O00182-3,25.755043029785156,11.326006889343262,355
O00182-2,24.546632766723633,11.326006889343262,355
O00182-6,28.299564361572266,11.326006889343262,355
O00182-5,11.713751792907715,11.326006889343262,355
O00182-4,11.713751792907715,11.326006889343262,355
O00204-2,19.64232635498047,10.852452278137207,365
O00219-2,6.770033836364746,6.281620025634766,553
O00232-2,15.778154373168945,13.284943580627441,456
O00233-3,19.127883911132812,17.322528839111328,223
O00233-2,19.725605010986328,17.322528839111328,223
O00241-2,18.06515121459961,14.888165473937988,398
O00254-2,27.385847091674805,15.094083786010742,374
O00257-3,29.46795654296875,27.93194580078125,560
O00258-2,16.439285278320312,16.3350830078125,174
O00264-2,14.41848373413086,15.649835586547852,195
O00273-2,27.04017448425293,23.558748245239258,331
O00292-2,14.435506820678711,15.755979537963867,366
O00294-2,26.265289306640625,22.02616310119629,542
O00305-2,29.715904235839844,20.04216766357422,520
O00305-3,29.5843505859375,20.04216766357422,520
O00305-4,20.422523498535156,20.04216766357422,520
O00322-2,7.225253105163574,8.288429260253906,258
O00330-2,23.477066040039062,21.865427017211914,501
O00330-3,29.59664535522461,21.865427017211914,501
O00338-2,3.236363410949707,3.7828707695007324,296
O00341-2,15.251986503601074,15.573341369628906,560
O00409-2,29.184341430664062,26.691057205200195,490
O00425-2,27.542160034179688,22.65717124938965,579
O00445-2,22.383419036865234,18.62525749206543,386
O00451-2,17.341819763183594,17.235782623291016,464
O00451-3,17.250564575195312,17.235782623291016,464
O00453-9,22.11080551147461,20.351791381835938,97
O00453-8,22.11080551147461,20.351791381835938,97
O00453-10,23.013195037841797,20.351791381835938,97
O00453-5,24.763288497924805,20.351791381835938,97
O00453-13,24.442970275878906,20.351791381835938,97
O00453-12,24.763288497924805,20.351791381835938,97
O00453-4,26.08953094482422,20.351791381835938,97
O00453-6,25.897502899169922,20.351791381835938,97
O00453-7,22.11080551147461,20.351791381835938,97
O00453-3,25.922168731689453,20.351791381835938,97
O00453-2,25.922168731689453,20.351791381835938,97
O00458-2,28.502418518066406,12.650178909301758,451
O00463-3,22.657081604003906,21.17511749267578,557
O00470-2,29.075836181640625,24.77088165283203,390
O00478-2,29.011394500732422,21.987741470336914,584
O00481-4,20.675621032714844,19.91628646850586,513
O00481-2,26.924118041992188,19.91628646850586,513
O00481-3,26.924118041992188,19.91628646850586,513
O00482-4,28.100805282592773,21.285924911499023,541
O00482-3,23.22144317626953,21.285924911499023,541
O00482-2,28.573583602905273,21.285924911499023,541
O00499-9,24.799436569213867,23.555988311767578,593
O00499-10,24.799436569213867,23.555988311767578,593
O00499-7,24.81163215637207,23.555988311767578,593
O00499-8,24.81163215637207,23.555988311767578,593
O00499-4,24.744102478027344,23.555988311767578,593
O00499-3,28.187213897705078,23.555988311767578,593
O00499-6,24.81163215637207,23.555988311767578,593
O00499-11,24.81163215637207,23.555988311767578,593
O00499-2,24.744102478027344,23.555988311767578,593
O00499-5,28.233402252197266,23.555988311767578,593
O00506-2,14.662858963012695,16.668325424194336,426
O00506-3,15.716531753540039,16.668325424194336,426
O00541-2,18.344768524169922,15.441829681396484,588
O00560-2,26.372055053710938,15.875287055969238,298
O00560-3,17.97231674194336,15.875287055969238,298
O00584-2,12.851764678955078,10.20867919921875,256
O00587-2,6.969814300537109,9.731291770935059,321
O00592-2,28.710968017578125,27.230382919311523,558
O00624-2,8.605334281921387,9.046097755432129,439
O00712-2,25.223865509033203,21.67267608642578,420
O00712-4,24.962963104248047,21.67267608642578,420
O00712-6,27.113365173339844,21.67267608642578,420
O00716-2,28.86797332763672,25.692371368408203,465
O00743-2,2.837616443634033,3.4221768379211426,305
O00744-2,14.809686660766602,13.754125595092773,389
O00746-2,13.949999809265137,10.778803825378418,187
O00748-2,7.853755474090576,7.193864822387695,559
O00748-5,7.861952304840088,7.193864822387695,559
O00762-2,18.286813735961914,9.030866622924805,179
O00762-3,7.061264514923096,9.030866622924805,179
O00762-4,8.46316909790039,9.030866622924805,179
O00764-3,3.652433156967163,3.3997371196746826,312
O00764-2,3.287034749984741,3.3997371196746826,312
O14494-2,8.080085754394531,9.466697692871094,284
O14512-2,29.327903747558594,26.386821746826172,581
O14519-2,28.74774169921875,19.64559555053711,115
O14520-2,28.239002227783203,12.652713775634766,342
O14521-2,24.279701232910156,15.289308547973633,159
O14521-4,15.107760429382324,15.289308547973633,159
O14521-3,25.270381927490234,15.289308547973633,159
O14524-2,18.833696365356445,20.13176727294922,444
O14530-2,23.49122428894043,13.79714584350586,226
O14545-2,28.86132049560547,27.428741455078125,582
O14593-3,13.702073097229004,17.349231719970703,260
O14593-2,18.216968536376953,17.349231719970703,260
O14603-2,24.97229766845703,22.614513397216797,147
O14645-2,17.109485626220703,14.532360076904297,258
O14653-3,25.499406814575195,18.255584716796875,212
O14653-2,24.354902267456055,18.255584716796875,212
O14656-2,11.179439544677734,9.775130271911621,332
O14662-6,22.98664665222168,16.990039825439453,325
O14662-2,25.050674438476562,16.990039825439453,325
O14662-4,24.893430709838867,16.990039825439453,325
O14662-3,19.84632110595703,16.990039825439453,325
O14662-5,24.141355514526367,16.990039825439453,325
O14668-2,25.353017807006836,23.85870361328125,218
O14681-3,10.630805969238281,12.483685493469238,340
O14682-2,20.659034729003906,15.642687797546387,589
O14713-2,13.686399459838867,15.754124641418457,200
O14717-4,6.977425575256348,8.835309982299805,391
O14717-5,6.977425575256348,8.835309982299805,391
O14717-3,9.151763916015625,8.835309982299805,391
O14717-2,11.631300926208496,8.835309982299805,391
O14717-6,6.977425575256348,8.835309982299805,391
O14730-2,15.289405822753906,20.036767959594727,519
O14732-2,7.322460174560547,4.178216457366943,288
O14733-3,27.37799072265625,14.888768196105957,419
O14735-3,5.314285755157471,5.779012203216553,213
O14735-2,18.193395614624023,5.779012203216553,213
O14737-2,19.615787506103516,15.530816078186035,125
O14745-2,27.783748626708984,21.81810760498047,358
O14757-3,12.890338897705078,13.923169136047363,476
O14757-2,12.66672134399414,13.923169136047363,476
O14763-3,27.069257736206055,24.92995834350586,440
O14763-2,28.922351837158203,24.92995834350586,440
O14770-5,28.698719024658203,26.387805938720703,477
O14770-7,28.804622650146484,26.387805938720703,477
O14770-8,28.804622650146484,26.387805938720703,477
O14770-3,29.752832412719727,26.387805938720703,477
O14770-2,29.92257308959961,26.387805938720703,477
O14770-6,28.865262985229492,26.387805938720703,477
O14770-4,27.310791015625,26.387805938720703,477
O14771-2,28.738893508911133,24.225549697875977,459
O14773-2,7.794637203216553,6.822342395782471,563
O14775-2,23.572372436523438,8.203550338745117,395
O14775-3,8.671226501464844,8.203550338745117,395
O14788-2,28.852262496948242,20.806167602539062,317
O14788-3,29.328014373779297,20.806167602539062,317
O14791-3,25.166446685791016,23.448896408081055,398
O14796-2,11.863163948059082,10.999885559082031,132
O14807-2,10.734748840332031,10.391803741455078,208
O14818-2,5.337921142578125,4.725269794464111,248
O14818-4,5.090811252593994,4.725269794464111,248
O14828-2,28.290199279785156,21.012266159057617,347
O14832-2,12.508991241455078,9.281546592712402,338
O14836-2,25.8477783203125,25.724714279174805,293
O14836-3,29.53691291809082,25.724714279174805,293
O14874-3,9.436054229736328,11.319156646728516,412
O14874-2,11.556451797485352,11.319156646728516,412
O14893-3,11.821887969970703,14.263150215148926,280
O14893-2,11.346792221069336,14.263150215148926,280
O14893-4,26.402732849121094,14.263150215148926,280
O14896-2,27.145870208740234,21.977807998657227,467
O14901-2,28.00570297241211,27.018009185791016,512
O14908-2,18.94281768798828,13.911794662475586,333
O14929-2,8.571821212768555,6.9765777587890625,419
O14931-3,28.475168228149414,16.820127487182617,201
O14931-2,28.59991455078125,16.820127487182617,201
O14931-6,17.372398376464844,16.820127487182617,201
O14931-4,13.82022762298584,16.820127487182617,201
O14931-5,17.372398376464844,16.820127487182617,201
O14933-2,4.096482276916504,3.6553890705108643,153
O14948-3,29.033100128173828,25.162221908569336,347
O14948-4,28.487255096435547,25.162221908569336,347
O14948-2,27.05990982055664,25.162221908569336,347
O14958-2,6.783936500549316,8.46156120300293,399
O14966-3,8.903520584106445,8.676745414733887,203
O14966-2,6.930167198181152,8.676745414733887,203
O14972-2,6.242112159729004,6.190876007080078,297
O14979-3,29.493417739868164,25.64818000793457,420
O14979-2,29.906864166259766,25.64818000793457,420
O14986-3,27.323469161987305,18.737932205200195,540
O14986-2,26.7976016998291,18.737932205200195,540
O15091-4,27.143754959106445,14.14487361907959,583
O15091-3,15.068071365356445,14.14487361907959,583
O15091-2,11.05726432800293,14.14487361907959,583
O15105-2,18.159406661987305,16.73617935180664,426
O15105-3,27.584705352783203,16.73617935180664,426
O15120-2,5.295160293579102,6.789503574371338,278
O15123-3,25.88888931274414,20.960214614868164,496
O15123-2,24.554096221923828,20.960214614868164,496
O15126-2,23.842294692993164,19.601362228393555,338
O15130-2,27.402084350585938,23.55337142944336,113
O15151-3,27.429779052734375,26.303569793701172,490
O15151-2,27.429779052734375,26.303569793701172,490
O15151-4,28.598655700683594,26.303569793701172,490
O15151-5,29.363750457763672,26.303569793701172,490
O15155-2,21.327491760253906,16.909868240356445,118
O15160-2,6.453436851501465,6.264317035675049,346
O15162-2,24.48539161682129,17.586864471435547,318
O15165-7,29.896772384643555,27.054092407226562,306
O15165-8,29.796451568603516,27.054092407226562,306
O15165-4,29.896772384643555,27.054092407226562,306
O15165-3,29.481674194335938,27.054092407226562,306
O15165-6,29.481674194335938,27.054092407226562,306
O15165-2,29.061534881591797,27.054092407226562,306
O15165-5,29.35623550415039,27.054092407226562,306
O15178-2,29.528038024902344,23.27625274658203,435
O15194-2,24.720413208007812,14.386381149291992,276
O15204-2,22.12104606628418,15.174753189086914,470
O15217-2,3.003209114074707,2.7307238578796387,222
O15229-2,11.11733627319336,8.962141990661621,486
O15229-3,9.524401664733887,8.962141990661621,486
O15232-2,22.250885009765625,21.796485900878906,486
O15244-3,10.866132736206055,9.864676475524902,555
O15244-2,11.2382173538208,9.864676475524902,555
O15245-4,10.480916976928711,9.796224594116211,554
O15245-3,8.844778060913086,9.796224594116211,554
O15245-2,12.12680435180664,9.796224594116211,554
O15260-2,11.198236465454102,10.088984489440918,269
O15260-3,11.015462875366211,10.088984489440918,269
O15264-2,6.603382587432861,6.15991735458374,365
O15266-2,28.375869750976562,25.542749404907227,292
O15269-2,12.748957633972168,8.160492897033691,473
O15304-2,25.937692642211914,21.510072708129883,175
O15305-2,4.318037033081055,4.0360565185546875,246
O15315-2,26.855331420898438,12.43935775756836,384
O15315-1,26.855331420898438,12.43935775756836,384
O15315-4,27.18508529663086,12.43935775756836,384
O15315-5,15.966056823730469,12.43935775756836,384
O15371-2,27.250869750976562,16.12628173828125,548
O15371-3,22.863727569580078,16.12628173828125,548
O15374-3,16.048112869262695,12.08210563659668,487
O15374-5,9.126352310180664,12.08210563659668,487
O15374-2,11.73045539855957,12.08210563659668,487
O15374-4,26.323043823242188,12.08210563659668,487
O15375-2,22.55168914794922,12.439388275146484,505
O15379-2,6.0491719245910645,7.7133917808532715,428
O15382-2,8.363080024719238,5.790347576141357,392
O15392-7,5.287472724914551,4.608807563781738,142
O15392-4,6.934848785400391,4.608807563781738,142
O15392-5,6.213436126708984,4.608807563781738,142
O15392-6,5.287472724914551,4.608807563781738,142
O15392-3,5.287472724914551,4.608807563781738,142
O15400-2,24.848773956298828,15.459843635559082,261
O15405-2,29.446144104003906,27.427650451660156,576
O15444-3,22.919464111328125,19.32715606689453,150
O15444-2,21.26926040649414,19.32715606689453,150
O15460-2,13.491209030151367,10.212779998779297,535
O15488-4,28.867000579833984,20.931724548339844,501
O15488-5,29.175331115722656,20.931724548339844,501
O15488-6,28.937335968017578,20.931724548339844,501
O15488-2,27.415821075439453,20.931724548339844,501
O15488-3,24.62725067138672,20.931724548339844,501
O15498-2,5.84675407409668,5.421079635620117,198
O15503-2,20.613008499145508,17.966779708862305,277
O15504-2,29.59366226196289,27.144290924072266,423
O15504-3,30.015621185302734,27.144290924072266,423
O15511-2,5.890000343322754,6.026841163635254,151
O15519-4,27.873817443847656,20.104124069213867,480
O15519-13,28.67245864868164,20.104124069213867,480
O15519-2,28.67245864868164,20.104124069213867,480
O15519-8,28.576114654541016,20.104124069213867,480
O15519-15,24.51036262512207,20.104124069213867,480
O15519-5,18.33150863647461,20.104124069213867,480
O15519-14,18.737445831298828,20.104124069213867,480
O15519-6,23.43737030029297,20.104124069213867,480
O15519-9,28.67245864868164,20.104124069213867,480
O15519-7,23.43737030029297,20.104124069213867,480
O15519-12,26.454896926879883,20.104124069213867,480
O15519-11,18.737445831298828,20.104124069213867,480
O15519-3,23.43737030029297,20.104124069213867,480
O15519-10,26.381256103515625,20.104124069213867,480
O15527-8,16.871835708618164,6.0851922035217285,345
O15527-2,17.366436004638672,6.0851922035217285,345
O15527-6,6.722614765167236,6.0851922035217285,345
O15527-7,16.871835708618164,6.0851922035217285,345
O15527-3,16.871835708618164,6.0851922035217285,345
O15527-4,16.871835708618164,6.0851922035217285,345
O15527-5,8.15302848815918,6.0851922035217285,345
O15530-2,29.01035499572754,19.469606399536133,556
O15530-3,17.026342391967773,19.469606399536133,556
O15530-5,25.64952850341797,19.469606399536133,556
O15530-4,18.615032196044922,19.469606399536133,556
O15533-2,23.885913848876953,12.08313274383545,448
O15533-4,11.089008331298828,12.08313274383545,448
O15533-3,26.42584228515625,12.08313274383545,448
O15539-2,14.768709182739258,14.101401329040527,181
O15540-2,2.7381465435028076,2.762798547744751,132
O15547-2,13.919833183288574,14.982008934020996,441
O43148-2,10.995959281921387,15.93963623046875,476
O43172-2,28.585411071777344,14.5064697265625,522
O43174-2,10.758617401123047,6.976839065551758,497
O43189-2,27.81032371520996,20.186473846435547,567
O43193-2,16.766056060791016,14.734642028808594,412
O43237-2,19.83129119873047,22.382762908935547,492
O43242-2,29.312381744384766,17.373823165893555,534
O43247-2,29.36039161682129,25.323251724243164,280
O43251-9,29.42287826538086,27.071104049682617,390
O43251-4,29.42287826538086,27.071104049682617,390
O43251-5,30.09619903564453,27.071104049682617,390
O43251-2,30.189800262451172,27.071104049682617,390
O43251-10,29.999919891357422,27.071104049682617,390
O43251-7,30.085857391357422,27.071104049682617,390
O43251-8,30.189800262451172,27.071104049682617,390
O43251-3,30.09619903564453,27.071104049682617,390
O43278-2,24.679153442382812,17.287145614624023,529
O43280-2,4.634357929229736,6.6824493408203125,583
O43281-3,29.21221160888672,26.503820419311523,561
O43281-2,28.840858459472656,26.503820419311523,561
O43291-2,25.36756706237793,22.29930305480957,252
O43293-2,24.388172149658203,14.746123313903809,454
O43294-2,29.266427993774414,23.1817569732666,461
O43307-3,23.97869873046875,15.667928695678711,516
O43307-2,23.564674377441406,15.667928695678711,516
O43316-2,29.47345733642578,23.38447380065918,350
O43316-4,26.117477416992188,23.38447380065918,350
O43324-2,6.537533760070801,4.971099376678467,174
O43353-2,18.711605072021484,19.672033309936523,540
O43399-6,28.55607032775879,24.65673065185547,206
O43399-2,25.14650535583496,24.65673065185547,206
O43399-3,26.741239547729492,24.65673065185547,206
O43399-4,26.741239547729492,24.65673065185547,206
O43402-2,5.699263095855713,5.549796104431152,210
O43405-2,17.664546966552734,17.90673065185547,550
O43414-3,18.968507766723633,18.253952026367188,337
O43414-2,23.730546951293945,18.253952026367188,337
O43427-2,19.083833694458008,6.748407363891602,364
O43435-2,28.38935661315918,21.14196014404297,398
O43435-3,28.41556167602539,21.14196014404297,398
O43447-2,3.8456692695617676,3.178109645843506,177
O43463-2,25.413021087646484,9.197951316833496,412
O43464-3,15.350211143493652,17.705263137817383,458
O43464-2,17.470136642456055,17.705263137817383,458
O43464-4,17.04412269592285,17.705263137817383,458
O43474-6,29.60638427734375,27.224145889282227,513
O43474-5,29.60638427734375,27.224145889282227,513
O43474-4,28.382259368896484,27.224145889282227,513
O43474-1,29.001197814941406,27.224145889282227,513
O43493-6,29.995203018188477,28.26295280456543,437
O43493-4,30.036460876464844,28.26295280456543,437
O43493-3,28.462156295776367,28.26295280456543,437
O43493-5,28.462156295776367,28.26295280456543,437
O43493-7,28.462156295776367,28.26295280456543,437
O43502-2,17.634174346923828,13.444043159484863,376
O43508-2,19.34685707092285,19.175127029418945,249
O43516-4,29.667356491088867,28.156204223632812,503
O43516-2,28.922779083251953,28.156204223632812,503
O43521-7,29.482755661010742,25.741914749145508,198
O43521-9,29.482755661010742,25.741914749145508,198
O43521-6,29.482755661010742,25.741914749145508,198
O43521-5,29.482755661010742,25.741914749145508,198
O43521-16,29.482755661010742,25.741914749145508,198
O43521-13,29.49420166015625,25.741914749145508,198
O43521-20,28.670684814453125,25.741914749145508,198
O43521-2,29.160869598388672,25.741914749145508,198
O43521-3,28.702983856201172,25.741914749145508,198
O43521-15,29.482755661010742,25.741914749145508,198
O43521-18,28.670684814453125,25.741914749145508,198
O43521-14,28.855133056640625,25.741914749145508,198
O43521-4,28.562782287597656,25.741914749145508,198
O43521-8,28.562782287597656,25.741914749145508,198
O43521-17,29.482755661010742,25.741914749145508,198
O43521-12,28.949695587158203,25.741914749145508,198
O43521-10,28.846073150634766,25.741914749145508,198
O43521-11,28.855133056640625,25.741914749145508,198
O43521-19,26.62051010131836,25.741914749145508,198
O43541-2,20.4664363861084,19.266746520996094,496
O43541-4,19.453746795654297,19.266746520996094,496
O43555-3,26.77876091003418,23.415138244628906,120
O43555-2,26.99051284790039,23.415138244628906,120
O43556-3,28.718826293945312,20.170839309692383,437
O43557-2,25.398624420166016,16.862464904785156,240
O43561-4,29.86200523376465,27.502302169799805,262
O43561-2,29.565561294555664,27.502302169799805,262
O43561-5,27.994253158569336,27.502302169799805,262
O43561-3,29.615222930908203,27.502302169799805,262
O43566-6,27.705406188964844,24.99807357788086,566
O43566-4,29.801769256591797,24.99807357788086,566
O43566-5,27.85417938232422,24.99807357788086,566
O43567-2,22.564212799072266,20.691322326660156,381
O43570-2,21.516035079956055,12.796817779541016,354
O43581-4,27.170398712158203,20.369037628173828,403
O43581-3,27.170398712158203,20.369037628173828,403
O43586-2,23.57897186279297,16.168853759765625,416
O43598-2,10.097959518432617,9.477936744689941,174
O43602-2,28.158889770507812,24.38817024230957,365
O43617-2,7.683971405029297,6.049444675445557,180
O43660-2,27.912212371826172,18.41952896118164,514
O43665-2,28.563068389892578,14.219101905822754,181
O43665-1,28.551204681396484,14.219101905822754,181
O43670-2,29.541324615478516,27.144899368286133,478
O43670-3,28.085771560668945,27.144899368286133,478
O43674-2,16.507648468017578,15.915875434875488,189
O43678-2,8.068225860595703,8.342617988586426,99
O43679-3,29.668590545654297,20.604799270629883,373
O43679-2,29.682571411132812,20.604799270629883,373
O43684-2,14.82822036743164,3.747471809387207,328
O43688-3,8.996805191040039,10.165485382080078,288
O43688-2,9.829044342041016,10.165485382080078,288
O43699-2,28.369476318359375,18.844758987426758,453
O43699-4,20.382488250732422,18.844758987426758,453
O43699-5,22.249618530273438,18.844758987426758,453
O43699-3,16.82373046875,18.844758987426758,453
O43699-6,22.364213943481445,18.844758987426758,453
O43708-2,3.173856735229492,2.642639636993408,216
O43708-3,2.4619593620300293,2.642639636993408,216
O43709-2,19.245309829711914,13.860880851745605,281
O43731-2,11.071576118469238,4.6236572265625,214
O43734-4,25.77242660522461,26.41067886352539,574
O43734-3,27.561447143554688,26.41067886352539,574
O43734-2,29.248476028442383,26.41067886352539,574
O43734-5,25.886760711669922,26.41067886352539,574
O43736-2,20.97364044189453,15.471931457519531,263
O43739-2,21.416040420532227,16.47369384765625,400
O43741-2,22.548080444335938,17.6854190826416,272
O43752-2,22.67985725402832,18.636524200439453,255
O43759-2,21.77669906616211,14.379266738891602,233
O43759-3,22.26293182373047,14.379266738891602,233
O43760-2,19.885486602783203,13.041414260864258,224
O43766-2,9.957738876342773,10.966073036193848,372
O43766-3,8.00201416015625,10.966073036193848,372
O43768-2,27.427349090576172,23.516767501831055,121
O43768-6,27.27916717529297,23.516767501831055,121
O43768-9,27.798358917236328,23.516767501831055,121
O43768-4,27.798358917236328,23.516767501831055,121
O43768-5,27.730043411254883,23.516767501831055,121
O43768-7,27.725000381469727,23.516767501831055,121
O43768-8,27.798358917236328,23.516767501831055,121
O43776-2,15.585803031921387,9.04820442199707,548
O43781-2,28.71978759765625,16.493295669555664,588
O43820-3,7.170503616333008,6.842399597167969,417
O43820-4,7.70665979385376,6.842399597167969,417
O43820-2,4.986606597900391,6.842399597167969,417
O43837-2,9.309499740600586,9.370302200317383,385
O43837-3,10.553107261657715,9.370302200317383,385
O43852-12,24.198945999145508,15.557580947875977,315
O43852-15,17.147613525390625,15.557580947875977,315
O43852-13,17.561901092529297,15.557580947875977,315
O43852-14,29.195859909057617,15.557580947875977,315
O43852-11,16.670387268066406,15.557580947875977,315
O43852-4,17.549251556396484,15.557580947875977,315
O43852-9,18.43256378173828,15.557580947875977,315
O43852-8,21.586196899414062,15.557580947875977,315
O43852-10,15.802395820617676,15.557580947875977,315
O43852-2,13.574295043945312,15.557580947875977,315
O43852-6,14.085358619689941,15.557580947875977,315
O43852-5,15.469152450561523,15.557580947875977,315
O43852-7,24.198945999145508,15.557580947875977,315
O43854-2,25.06999969482422,14.135117530822754,480
O43865-2,25.876062393188477,10.672762870788574,530
O43889-3,25.180789947509766,25.226037979125977,371
O43903-2,13.75166130065918,13.192561149597168,313
O43913-2,14.58425521850586,11.349699974060059,435
O43914-3,23.4246883392334,21.488134384155273,113
O43914-2,22.58035659790039,21.488134384155273,113
O43918-2,29.458358764648438,26.80125617980957,545
O43918-4,29.458358764648438,26.80125617980957,545
O43918-3,26.02113914489746,26.80125617980957,545
O43929-3,11.315608024597168,10.051874160766602,436
O43929-2,11.000288009643555,10.051874160766602,436
O43934-2,7.356616973876953,7.81372594833374,449
O60224-2,28.52447509765625,22.798749923706055,188
O60238-2,29.30405044555664,26.061487197875977,219
O60239-2,22.26731300354004,22.102930068969727,455
O60243-2,13.818431854248047,12.340827941894531,411
O60248-2,29.80658721923828,24.172374725341797,233
O60256-4,10.339715957641602,9.046151161193848,369
O60256-2,7.237423896789551,9.046151161193848,369
O60256-3,6.873501777648926,9.046151161193848,369
O60258-2,15.789800643920898,13.712770462036133,216
O60259-3,9.418350219726562,8.692218780517578,260
O60259-4,28.920814514160156,8.692218780517578,260
O60260-4,16.580760955810547,14.500779151916504,465
O60260-6,17.863445281982422,14.500779151916504,465
O60260-3,16.69719886779785,14.500779151916504,465
O60260-2,13.009725570678711,14.500779151916504,465
O60260-8,14.344747543334961,14.500779151916504,465
O60260-5,14.790837287902832,14.500779151916504,465
O60260-7,14.439647674560547,14.500779151916504,465
O60268-3,22.887531280517578,19.038135528564453,411
O60268-2,18.032196044921875,19.038135528564453,411
O60291-4,27.41509437561035,20.683055877685547,552
O60291-2,28.343013763427734,20.683055877685547,552
O60291-3,26.92962074279785,20.683055877685547,552
O60304-2,25.589603424072266,24.962486267089844,480
O60320-2,28.718257904052734,25.921289443969727,539
O60381-3,28.51885986328125,25.544841766357422,514
O60381-2,27.45294189453125,25.544841766357422,514
O60427-2,8.178274154663086,5.074182510375977,444
O60443-2,12.412532806396484,12.826702117919922,496
O60443-3,14.35057258605957,12.826702117919922,496
O60481-2,28.698009490966797,26.324487686157227,467
O60493-4,8.891233444213867,10.710943222045898,162
O60493-2,8.563581466674805,10.710943222045898,162
O60493-3,11.434669494628906,10.710943222045898,162
O60499-2,17.127090454101562,18.268592834472656,249
O60512-2,15.04648208618164,12.207091331481934,393
O60547-2,16.57826042175293,5.3149495124816895,372
O60565-2,26.155466079711914,19.476428985595703,184
O60573-2,24.669702529907227,13.951570510864258,245
O60609-2,15.396713256835938,14.26219367980957,400
O60636-2,6.766746997833252,8.322331428527832,221
O60637-3,9.6052827835083,8.799981117248535,253
O60637-2,6.892894744873047,8.799981117248535,253
O60656-2,9.728046417236328,7.287294387817383,530
O60663-2,28.212657928466797,24.091049194335938,402
O60663-3,28.815876007080078,24.091049194335938,402
O60664-2,29.085025787353516,21.489700317382812,434
O60664-3,19.994226455688477,21.489700317382812,434
O60664-4,27.105844497680664,21.489700317382812,434
O60667-3,29.11528778076172,25.40143394470215,390
O60667-2,27.565086364746094,25.40143394470215,390
O60671-2,7.167852401733398,7.525577068328857,282
O60671-3,8.635942459106445,7.525577068328857,282
O60678-2,27.11357879638672,17.95447540283203,531
O60701-2,5.706071853637695,5.960206508636475,494
O60701-3,5.79026985168457,5.960206508636475,494
O60711-2,28.52045249938965,20.588794708251953,386
O60729-2,25.637338638305664,14.054357528686523,498
O60729-4,26.550537109375,14.054357528686523,498
O60729-3,26.550537109375,14.054357528686523,498
O60729-5,24.431224822998047,14.054357528686523,498
O60749-2,28.916751861572266,17.27317237854004,519
O60759-2,26.083805084228516,24.526432037353516,359
O60779-2,13.483821868896484,12.36868667602539,497
O60784-3,23.2866268157959,24.68631935119629,492
O60784-4,29.563846588134766,24.68631935119629,492
O60784-2,27.53360366821289,24.68631935119629,492
O60825-2,26.408203125,10.79727840423584,505
O60828-4,28.36520004272461,24.798917770385742,265
O60828-10,27.347457885742188,24.798917770385742,265
O60828-9,27.328617095947266,24.798917770385742,265
O60828-7,28.69198226928711,24.798917770385742,265
O60828-5,27.08760643005371,24.798917770385742,265
O60828-6,28.698890686035156,24.798917770385742,265
O60828-2,25.808712005615234,24.798917770385742,265
O60828-8,27.47661018371582,24.798917770385742,265
O60828-3,28.422588348388672,24.798917770385742,265
O60832-2,28.364288330078125,15.993925094604492,514
O60858-2,25.72845458984375,21.29737663269043,407
O60861-2,27.65915298461914,17.628870010375977,476
O60861-1,26.717594146728516,17.628870010375977,476
O60861-4,26.53832244873047,17.628870010375977,476
O60869-3,13.229297637939453,11.644813537597656,148
O60869-2,13.378417015075684,11.644813537597656,148
O60870-2,22.10107421875,22.70316505432129,393
O60880-2,12.20993423461914,10.5677490234375,128
O60880-4,23.619998931884766,10.5677490234375,128
O60880-3,10.178552627563477,10.5677490234375,128
O60880-6,10.178552627563477,10.5677490234375,128
O60880-5,9.812446594238281,10.5677490234375,128
O60888-3,28.75766372680664,16.253456115722656,179
O60888-2,28.48586654663086,16.253456115722656,179
O60902-2,28.570270538330078,26.28420639038086,331
O60907-2,27.28494644165039,17.194236755371094,577
O60909-2,22.10326385498047,13.356782913208008,372
O60921-2,8.705368041992188,10.30789566040039,280
O60928-2,14.8197660446167,12.840262413024902,360
O60931-2,22.683425903320312,8.463155746459961,367
O60936-1,27.989240646362305,22.25351333618164,208
O60942-3,19.750638961791992,17.804763793945312,597
O60942-2,16.326919555664062,17.804763793945312,597
O60942-4,19.58884048461914,17.804763793945312,597
O75019-2,19.131834030151367,16.570707321166992,489
O75023-2,23.656173706054688,19.64211082458496,590
O75030-11,29.248180389404297,26.703327178955078,526
O75030-12,29.248180389404297,26.703327178955078,526
O75030-9,29.535106658935547,26.703327178955078,526
O75030-10,29.248180389404297,26.703327178955078,526
O75030-4,29.248180389404297,26.703327178955078,526
O75030-3,29.685199737548828,26.703327178955078,526
O75030-2,26.645992279052734,26.703327178955078,526
O75030-7,29.687828063964844,26.703327178955078,526
O75030-8,29.248180389404297,26.703327178955078,526
O75030-5,29.685199737548828,26.703327178955078,526
O75030-6,29.248180389404297,26.703327178955078,526
O75031-2,22.902496337890625,12.029912948608398,334
O75052-2,28.527851104736328,24.92339324951172,506
O75052-3,24.300199508666992,24.92339324951172,506
O75072-2,8.024051666259766,9.103001594543457,461
O75121-3,24.79694175720215,23.779735565185547,409
O75121-2,24.736801147460938,23.779735565185547,409
O75123-2,27.885005950927734,22.11687660217285,536
O75143-2,28.626970291137695,24.54410743713379,517
O75143-3,28.805404663085938,24.54410743713379,517
O75143-4,28.722946166992188,24.54410743713379,517
O75144-2,28.55183982849121,16.032508850097656,302
O75144-3,17.025318145751953,16.032508850097656,302
O75177-2,27.516529083251953,27.829423904418945,396
O75177-5,27.68627166748047,27.829423904418945,396
O75177-4,29.60038948059082,27.829423904418945,396
O75177-3,29.146087646484375,27.829423904418945,396
O75190-2,28.817611694335938,24.375362396240234,326
O75190-3,29.585514068603516,24.375362396240234,326
O75190-4,24.015052795410156,24.375362396240234,326
O75191-2,4.813438415527344,4.280867099761963,536
O75192-2,7.237863540649414,7.782327175140381,247
O75208-2,22.796772003173828,17.82508659362793,318
O75223-3,5.485061168670654,5.078146457672119,188
O75223-2,5.329314231872559,5.078146457672119,188
O75223-4,5.329314231872559,5.078146457672119,188
O75251-2,10.510190963745117,13.569419860839844,213
O75298-3,29.00525665283203,27.219951629638672,545
O75298-2,28.44237518310547,27.219951629638672,545
O75311-2,20.86273193359375,13.7276029586792,464
O75319-2,21.2774658203125,18.671064376831055,330
O75323-2,10.125463485717773,11.954117774963379,286
O75340-2,4.875661373138428,6.892053604125977,191
O75340-3,8.689534187316895,6.892053604125977,191
O75344-2,23.471683502197266,9.104976654052734,327
O75344-3,8.341694831848145,9.104976654052734,327
O75346-2,28.784435272216797,23.35297393798828,499
O75347-2,5.420496940612793,4.516546726226807,108
O75352-2,9.073877334594727,7.994984149932861,247
O75354-2,29.12054443359375,13.195076942443848,484
O75354-3,27.881988525390625,13.195076942443848,484
O75355-2,14.97673225402832,9.662225723266602,529
O75363-2,29.543489456176758,28.3813533782959,584
O75365-2,5.177162170410156,6.749607563018799,173
O75365-3,7.192395210266113,6.749607563018799,173
O75367-3,19.150115966796875,18.655107498168945,369
O75379-2,24.600000381469727,23.302650451660156,141
O75381-2,27.914531707763672,26.25250244140625,377
O75386-2,18.72840118408203,19.922964096069336,442
O75386-3,28.99886703491211,19.922964096069336,442
O75387-2,15.580597877502441,12.749283790588379,559
O75394-2,13.550420761108398,6.69633150100708,65
O75398-4,29.054370880126953,26.9580078125,565
O75398-3,27.775577545166016,26.9580078125,565
O75398-5,28.150400161743164,26.9580078125,565
O75414-2,4.8875579833984375,4.936784744262695,186
O75414-3,5.124615669250488,4.936784744262695,186
O75419-2,5.0289506912231445,6.1885151863098145,566
O75426-4,28.943294525146484,14.889266014099121,580
O75426-3,28.964210510253906,14.889266014099121,580
O75426-2,19.078128814697266,14.889266014099121,580
O75431-2,19.84130096435547,5.574057579040527,263
O75436-2,11.416593551635742,8.91339111328125,327
O75444-1,27.997310638427734,25.767438888549805,373
O75449-2,29.211244583129883,19.66721534729004,491
O75461-2,27.3067626953125,22.151771545410156,281
O75461-3,29.353425979614258,22.151771545410156,281
O75469-2,26.984432220458984,16.25845718383789,434
O75469-5,21.13549041748047,16.25845718383789,434
O75469-4,17.55626678466797,16.25845718383789,434
O75469-6,21.13549041748047,16.25845718383789,434
O75475-2,29.273906707763672,26.771595001220703,530
O75475-3,29.273906707763672,26.771595001220703,530
O75478-2,25.63066291809082,20.74271011352539,443
O75486-4,19.938274383544922,12.99697494506836,317
O75487-2,17.10601043701172,13.717645645141602,556
O75489-2,13.198229789733887,11.986584663391113,264
O75494-5,29.430150985717773,24.490297317504883,262
O75494-4,29.44676971435547,24.490297317504883,262
O75494-3,29.45053482055664,24.490297317504883,262
O75494-6,29.42823028564453,24.490297317504883,262
O75494-2,27.254789352416992,24.490297317504883,262
O75521-2,28.72677993774414,15.698343276977539,394
O75525-2,29.92980194091797,23.119632720947266,346
O75528-2,22.587129592895508,23.230865478515625,432
O75529-2,21.26862907409668,18.072463989257812,589
O75530-3,7.631707191467285,10.475645065307617,441
O75553-2,29.082088470458984,26.525253295898438,588
O75553-4,28.761568069458008,26.525253295898438,588
O75553-6,27.986949920654297,26.525253295898438,588
O75553-5,28.391036987304688,26.525253295898438,588
O75553-3,26.076892852783203,26.525253295898438,588
O75554-2,24.317304611206055,26.275606155395508,376
O75564-2,28.9549503326416,22.32427406311035,556
O75569-3,27.46319580078125,20.47283363342285,313
O75569-2,28.255374908447266,20.47283363342285,313
O75570-2,28.913288116455078,13.166110038757324,445
O75575-4,13.058074951171875,11.371941566467285,148
O75575-2,12.706060409545898,11.371941566467285,148
O75575-3,12.478317260742188,11.371941566467285,148
O75586-3,27.85108184814453,19.07077407836914,246
O75602-2,12.696706771850586,7.130430221557617,509
O75602-5,10.660604476928711,7.130430221557617,509
O75602-4,7.636502265930176,7.130430221557617,509
O75608-2,3.4002628326416016,3.728034019470215,230
O75616-2,15.108026504516602,15.060481071472168,437
O75618-2,16.542587280273438,20.548307418823242,318
O75631-2,19.174293518066406,17.571063995361328,287
O75635-2,14.718846321105957,6.556883811950684,380
O75636-2,18.464330673217773,14.499837875366211,299
O75638-2,27.34549331665039,25.215465545654297,210
O75648-2,10.6896333694458,7.679323673248291,421
O75648-5,8.283967971801758,7.679323673248291,421
O75648-4,8.189600944519043,7.679323673248291,421
O75648-3,19.22142791748047,7.679323673248291,421
O75663-2,10.413895606994629,9.995471954345703,272
O75674-2,28.794639587402344,24.21245765686035,476
O75674-3,23.834423065185547,24.21245765686035,476
O75678-3,25.844491958618164,16.034278869628906,378
O75678-2,25.22281837463379,16.034278869628906,378
O75679-2,24.690372467041016,11.199295043945312,317
O75688-5,20.85397720336914,13.161069869995117,479
O75688-4,28.542144775390625,13.161069869995117,479
O75688-2,28.542144775390625,13.161069869995117,479
O75688-3,17.930438995361328,13.161069869995117,479
O75689-3,5.136336326599121,4.164431571960449,374
O75689-2,5.708333492279053,4.164431571960449,374
O75715-2,10.129166603088379,7.674167156219482,221
O75764-2,28.884206771850586,22.672117233276367,348
O75771-7,10.759957313537598,9.797516822814941,328
O75771-4,8.000039100646973,9.797516822814941,328
O75771-3,9.160135269165039,9.797516822814941,328
O75771-5,6.929594993591309,9.797516822814941,328
O75771-8,9.780120849609375,9.797516822814941,328
O75771-2,16.22425651550293,9.797516822814941,328
O75771-6,13.89743423461914,9.797516822814941,328
O75781-2,24.87877655029297,25.187488555908203,387
O75783-2,28.43468475341797,17.734710693359375,438
O75787-2,11.685190200805664,14.693665504455566,350
O75791-2,27.57303237915039,22.40668487548828,330
O75800-2,7.316248893737793,9.437318801879883,440
O75818-2,4.5943732261657715,5.881808280944824,363
O75822-3,28.869104385375977,24.62200355529785,258
O75822-2,24.60174560546875,24.62200355529785,258
O75829-2,25.995494842529297,22.480636596679688,334
O75832-2,5.598404884338379,4.590120792388916,226
O75838-3,10.209383010864258,7.982670307159424,187
O75838-4,8.731143951416016,7.982670307159424,187
O75838-2,11.98452377319336,7.982670307159424,187
O75840-5,25.61797332763672,23.6456298828125,302
O75840-6,26.008010864257812,23.6456298828125,302
O75840-2,25.90982437133789,23.6456298828125,302
O75840-4,25.90982437133789,23.6456298828125,302
O75840-3,27.231990814208984,23.6456298828125,302
O75865-3,6.81488561630249,4.85775899887085,159
O75865-4,6.81488561630249,4.85775899887085,159
O75884-2,3.375969886779785,2.7539310455322266,186
O75886-2,29.251811981201172,25.402938842773438,525
O75888-5,28.03002166748047,19.376672744750977,250
O75888-4,25.224178314208984,19.376672744750977,250
O75888-3,13.742239952087402,19.376672744750977,250
O75888-2,15.755491256713867,19.376672744750977,250
O75897-2,3.613274574279785,4.252927303314209,302
O75908-2,14.151443481445312,13.371423721313477,522
O75908-3,12.71780014038086,13.371423721313477,522
O75908-4,13.912328720092773,13.371423721313477,522
O75909-1,27.77872085571289,23.1796817779541,580
O75909-2,27.79326629638672,23.1796817779541,580
O75911-2,5.259963035583496,4.588932514190674,302
O75914-4,23.705883026123047,18.445825576782227,559
O75914-2,23.705883026123047,18.445825576782227,559
O75920-2,28.057565689086914,23.205289840698242,110
O75935-3,17.21733856201172,17.62247085571289,186
O75935-2,22.227989196777344,17.62247085571289,186
O75947-2,11.457877159118652,12.158404350280762,161
O75952-4,29.421592712402344,27.556476593017578,493
O75952-3,29.421592712402344,27.556476593017578,493
O75952-2,26.021696090698242,27.556476593017578,493
O75952-6,29.41141128540039,27.556476593017578,493
O75952-5,27.053861618041992,27.556476593017578,493
O75955-2,18.411911010742188,20.51232147216797,427
O75971-2,21.589950561523438,19.85006332397461,98
O76013-2,28.26185417175293,23.854379653930664,467
O76021-2,24.842735290527344,22.283132553100586,490
O76036-2,27.063743591308594,16.899877548217773,304
O76036-6,27.27887725830078,16.899877548217773,304
O76036-4,26.852272033691406,16.899877548217773,304
O76036-5,17.320484161376953,16.899877548217773,304
O76036-3,16.67197036743164,16.899877548217773,304
O76050-2,29.946868896484375,23.145151138305664,574
O76054-5,4.549811840057373,5.113706588745117,403
O76054-4,7.930426597595215,5.113706588745117,403
O76062-2,4.756843566894531,4.622787952423096,418
O76064-3,25.335250854492188,23.415287017822266,485
O76064-2,25.10901641845703,23.415287017822266,485
O76075-2,10.545181274414062,8.394707679748535,338
O76075-4,12.247964859008789,8.394707679748535,338
O76075-3,12.247964859008789,8.394707679748535,338
O76076-2,25.777313232421875,19.206512451171875,250
O76081-4,26.925813674926758,23.647804260253906,388
O76081-3,28.052160263061523,23.647804260253906,388
O76081-5,28.235836029052734,23.647804260253906,388
O76081-6,28.195819854736328,23.647804260253906,388
O76081-2,29.05499267578125,23.647804260253906,388
O76082-2,10.51268482208252,9.463292121887207,557
O76083-10,28.226058959960938,19.18246078491211,593
O76083-7,28.202590942382812,19.18246078491211,593
O76083-9,28.38949203491211,19.18246078491211,593
O76083-11,28.38949203491211,19.18246078491211,593
O76083-6,28.447486877441406,19.18246078491211,593
O76083-3,28.447486877441406,19.18246078491211,593
O76083-2,28.975704193115234,19.18246078491211,593
O76083-8,27.90453338623047,19.18246078491211,593
O76083-16,28.447486877441406,19.18246078491211,593
O76083-4,27.94027328491211,19.18246078491211,593
O76083-5,28.289226531982422,19.18246078491211,593
O76083-12,27.94027328491211,19.18246078491211,593
O76083-14,26.335906982421875,19.18246078491211,593
O76083-13,27.38936996459961,19.18246078491211,593
O76083-15,25.58340072631836,19.18246078491211,593
O76090-3,20.106164932250977,18.808198928833008,585
O76090-4,24.125503540039062,18.808198928833008,585
O76095-2,21.29531478881836,15.300947189331055,146
O94760-2,3.8402857780456543,3.4593167304992676,285
O94763-4,29.202247619628906,26.438493728637695,535
O94763-3,26.435691833496094,26.438493728637695,535
O94763-2,25.959293365478516,26.438493728637695,535
O94766-2,9.29615306854248,11.43579387664795,335
O94788-4,7.515525817871094,4.364950656890869,518
O94788-3,14.5764799118042,4.364950656890869,518
O94788-2,3.406524181365967,4.364950656890869,518
O94810-3,17.088565826416016,11.315752029418945,467
O94810-2,11.50810432434082,11.315752029418945,467
O94817-4,24.79465103149414,16.383010864257812,140
O94864-4,23.10247802734375,22.39411163330078,414
O94864-2,29.07542610168457,22.39411163330078,414
O94889-2,17.282665252685547,12.054924011230469,574
O94905-2,18.658588409423828,15.915802955627441,339
O94905-3,18.658588409423828,15.915802955627441,339
O94921-2,27.199621200561523,17.10870933532715,469
O94941-2,29.08179473876953,24.188730239868164,541
O95050-2,2.9408397674560547,2.8239963054656982,263
O95069-4,29.05176544189453,18.314178466796875,426
O95069-2,29.60908317565918,18.314178466796875,426
O95069-3,29.60908317565918,18.314178466796875,426
O95072-2,29.31975555419922,26.536775588989258,547
O95073-2,28.042081832885742,23.117258071899414,299
O95081-2,29.089309692382812,26.660755157470703,481
O95084-2,10.993989944458008,11.792956352233887,383
O95139-2,11.28230094909668,10.6531982421875,128
O95150-2,28.767322540283203,17.926984786987305,251
O95150-3,26.080575942993164,17.926984786987305,251
O95168-2,9.720413208007812,6.285079002380371,129
O95169-3,25.55962562561035,11.965285301208496,186
O95169-2,14.19359016418457,11.965285301208496,186
O95196-3,29.849048614501953,27.810317993164062,566
O95196-2,29.355493545532227,27.810317993164062,566
O95198-3,20.954456329345703,12.875247955322266,593
O95198-2,29.235790252685547,12.875247955322266,593
O95199-2,26.073291778564453,14.058013916015625,551
O95214-2,13.110922813415527,12.26204776763916,131
O95219-2,15.731430053710938,12.181022644042969,450
O95232-2,23.182540893554688,22.881725311279297,432
O95236-2,28.605424880981445,22.55118751525879,402
O95236-3,23.787464141845703,22.55118751525879,402
O95238-2,23.092575073242188,22.81507682800293,335
O95243-6,29.259082794189453,26.46471405029297,580
O95243-2,29.058507919311523,26.46471405029297,580
O95243-3,23.808086395263672,26.46471405029297,580
O95243-5,23.188098907470703,26.46471405029297,580
O95249-2,18.970104217529297,17.564624786376953,250
O95256-2,24.1933536529541,19.882843017578125,599
O95256-3,24.04461097717285,19.882843017578125,599
O95256-4,24.05734634399414,19.882843017578125,599
O95258-2,24.076087951660156,11.651976585388184,325
O95258-3,12.56518840789795,11.651976585388184,325
O95260-2,10.661553382873535,14.295836448669434,518
O95264-2,28.019926071166992,13.780364036560059,441
O95273-2,9.6370849609375,9.902847290039062,360
O95273-3,10.630640029907227,9.902847290039062,360
O95273-4,28.057960510253906,9.902847290039062,360
O95292-2,20.803054809570312,20.62991714477539,243
O95297-3,29.085044860839844,20.459806442260742,269
O95297-2,14.766790390014648,20.459806442260742,269
O95297-4,22.97677993774414,20.459806442260742,269
O95297-5,22.095882415771484,20.459806442260742,269
O95299-2,9.734193801879883,9.454163551330566,355
O95302-2,16.7878360748291,13.44400691986084,570
O95319-5,28.65845489501953,25.17770767211914,508
O95319-2,28.66330909729004,25.17770767211914,508
O95319-4,28.66330909729004,25.17770767211914,508
O95319-3,28.66330909729004,25.17770767211914,508
O95361-2,22.625564575195312,19.093481063842773,564
O95379-2,27.893299102783203,8.915799140930176,198
O95379-3,27.759307861328125,8.915799140930176,198
O95379-4,27.893299102783203,8.915799140930176,198
O95388-2,26.6727352142334,22.58879280090332,367
O95388-5,29.079986572265625,22.58879280090332,367
O95388-4,28.222129821777344,22.58879280090332,367
O95394-3,15.345656394958496,4.0909504890441895,542
O95399-2,23.062599182128906,21.677419662475586,124
O95415-2,26.40258026123047,23.545215606689453,125
O95429-2,29.2311954498291,27.519561767578125,457
O95433-2,20.745758056640625,19.177461624145508,338
O95445-2,9.271312713623047,7.548070430755615,188
O95456-2,7.42955207824707,10.99389934539795,288
O95471-2,15.303140640258789,11.00222396850586,211
O95498-6,13.686335563659668,8.225276947021484,520
O95498-5,9.702308654785156,8.225276947021484,520
O95498-3,9.006889343261719,8.225276947021484,520
O95498-4,9.006889343261719,8.225276947021484,520
O95498-2,8.099775314331055,8.225276947021484,520
O95544-3,23.652254104614258,13.485843658447266,446
O95544-2,10.33836555480957,13.485843658447266,446
O95551-3,19.76058578491211,14.751991271972656,362
O95600-3,27.646076202392578,25.268573760986328,359
O95600-4,25.42178726196289,25.268573760986328,359
O95600-5,26.819805145263672,25.268573760986328,359
O95620-2,5.314998626708984,4.639284133911133,317
O95628-5,29.522842407226562,25.606647491455078,575
O95628-3,26.507801055908203,25.606647491455078,575
O95628-2,28.60879898071289,25.606647491455078,575
O95628-8,29.262603759765625,25.606647491455078,575
O95628-4,29.906219482421875,25.606647491455078,575
O95628-7,29.906219482421875,25.606647491455078,575
O95628-9,29.262603759765625,25.606647491455078,575
O95628-10,29.920440673828125,25.606647491455078,575
O95628-6,29.920440673828125,25.606647491455078,575
O95630-2,15.029548645019531,15.352733612060547,424
O95639-3,28.18012046813965,20.544492721557617,269
O95639-2,28.147048950195312,20.544492721557617,269
O95670-3,15.474658966064453,11.014291763305664,118
O95670-2,11.487018585205078,11.014291763305664,118
O95674-2,26.675506591796875,12.737927436828613,445
O95684-3,27.67336654663086,26.197404861450195,399
O95684-2,28.96240234375,26.197404861450195,399
O95704-3,21.37113380432129,23.49327278137207,486
O95704-2,20.872934341430664,23.49327278137207,486
O95704-5,26.17523956298828,23.49327278137207,486
O95704-6,26.438690185546875,23.49327278137207,486
O95718-2,19.358795166015625,20.270586013793945,433
O95727-2,27.57317352294922,21.209699630737305,393
O95749-2,5.258393287658691,4.110477924346924,300
O95755-2,7.170686721801758,10.155115127563477,267
O95758-7,28.081274032592773,24.663755416870117,552
O95758-6,29.572906494140625,24.663755416870117,552
O95758-1,29.496562957763672,24.663755416870117,552
O95758-4,29.486188888549805,24.663755416870117,552
O95758-2,29.552631378173828,24.663755416870117,552
O95760-4,21.562305450439453,19.501535415649414,270
O95760-3,24.935985565185547,19.501535415649414,270
O95760-2,17.241802215576172,19.501535415649414,270
O95780-2,28.16653060913086,23.0740909576416,498
O95780-3,26.283363342285156,23.0740909576416,498
O95793-2,28.735923767089844,25.727083206176758,577
O95793-3,28.64696502685547,25.727083206176758,577
O95816-2,18.300249099731445,12.082904815673828,211
O95825-2,5.706890106201172,5.237674713134766,349
O95847-2,11.96235466003418,11.495681762695312,323
O95859-2,15.724939346313477,14.808395385742188,305
O95861-3,4.020157814025879,3.2175114154815674,308
O95861-4,4.082210063934326,3.2175114154815674,308
O95861-2,3.204710006713867,3.2175114154815674,308
O95864-3,4.347963809967041,4.972841262817383,444
O95864-4,8.80508804321289,4.972841262817383,444
O95864-2,8.80508804321289,4.972841262817383,444
O95866-7,29.316205978393555,22.22218894958496,241
O95866-4,28.667858123779297,22.22218894958496,241
O95866-6,29.329143524169922,22.22218894958496,241
O95866-5,27.76696014404297,22.22218894958496,241
O95866-2,29.316205978393555,22.22218894958496,241
O95866-3,27.755756378173828,22.22218894958496,241
O95870-2,13.02620792388916,8.152207374572754,558
O95900-2,12.11935043334961,11.87329387664795,331
O95922-4,6.651890277862549,9.6282377243042,423
O95922-2,9.207210540771484,9.6282377243042,423
O95925-2,19.543527603149414,9.922719955444336,133
O95925-3,16.296154022216797,9.922719955444336,133
O95926-2,17.230987548828125,15.103219032287598,243
O95944-3,27.10419464111328,21.72672462463379,276
O95944-2,27.499971389770508,21.72672462463379,276
O95947-2,28.37232208251953,22.77472496032715,436
O95954-2,8.277046203613281,7.180599212646484,541
O95954-3,9.283096313476562,7.180599212646484,541
O95954-4,8.5117769241333,7.180599212646484,541
O95965-2,26.787845611572266,22.14272117614746,494
O95965-3,27.578746795654297,22.14272117614746,494
O95970-3,12.762340545654297,11.320752143859863,557
O95970-2,14.884408950805664,11.320752143859863,557
O95971-3,26.42737579345703,16.062299728393555,181
O95971-2,22.76325225830078,16.062299728393555,181
O95971-4,25.30453872680664,16.062299728393555,181
O95983-2,24.262849807739258,20.859968185424805,291
O95990-2,27.01769256591797,21.208189010620117,144
O95995-2,27.133333206176758,22.355661392211914,478
O95998-3,21.26232147216797,16.88245391845703,194
O95998-4,17.521095275878906,16.88245391845703,194
O96000-2,7.987438678741455,6.668773651123047,172
O96001-2,27.618778228759766,25.286785125732422,155
O96008-2,12.817475318908691,14.850791931152344,361
O96011-2,7.88770055770874,8.114473342895508,259
O96013-2,28.949390411376953,21.518823623657227,591
O96013-3,27.890552520751953,21.518823623657227,591
O96013-4,28.657485961914062,21.518823623657227,591
O96017-13,25.691991806030273,19.473785400390625,543
O96017-7,21.17303466796875,19.473785400390625,543
O96017-5,26.71428108215332,19.473785400390625,543
O96017-8,22.927644729614258,19.473785400390625,543
O96017-12,14.985106468200684,19.473785400390625,543
O96017-4,24.385868072509766,19.473785400390625,543
O96017-2,26.692108154296875,19.473785400390625,543
O96017-6,26.396892547607422,19.473785400390625,543
O96017-11,21.973655700683594,19.473785400390625,543
O96017-10,26.670795440673828,19.473785400390625,543
O96017-3,25.613677978515625,19.473785400390625,543
O96019-2,9.31619930267334,7.432354927062988,429
P00167-2,25.01003074645996,14.197983741760254,134
P00167-3,13.83709716796875,14.197983741760254,134
P00325-2,3.035820960998535,2.665066719055176,375
P00338-5,3.5333685874938965,3.535219192504883,332
P00338-4,3.850931406021118,3.535219192504883,332
P00338-2,3.5643997192382812,3.535219192504883,332
P00367-2,11.822534561157227,8.061568260192871,558
P00367-3,12.91726303100586,8.061568260192871,558
P00374-2,3.082122564315796,3.0115244388580322,187
P00387-2,24.968486785888672,6.499641418457031,301
P00387-3,27.510452270507812,6.499641418457031,301
P00390-2,28.433265686035156,7.712405204772949,522
P00390-3,5.351437568664551,7.712405204772949,522
P00390-4,6.143158912658691,7.712405204772949,522
P00390-5,6.153963088989258,7.712405204772949,522
P00505-2,4.720930099487305,5.847436428070068,430
P00558-2,4.189129829406738,3.9846913814544678,417
P00740-2,18.026689529418945,16.402820587158203,461
P00749-2,29.089994430541992,17.14877700805664,431
P00750-4,27.805007934570312,19.073692321777344,562
P00750-3,24.560009002685547,19.073692321777344,562
P00750-2,25.55628776550293,19.073692321777344,562
P00797-2,14.617866516113281,9.018691062927246,406
P00973-2,24.17876434326172,9.897931098937988,400
P00973-4,24.17876434326172,9.897931098937988,400
P00973-3,24.17876434326172,9.897931098937988,400
P01009-2,8.556248664855957,8.863224029541016,418
P01009-3,8.116071701049805,8.863224029541016,418
P01011-2,10.299646377563477,9.535670280456543,423
P01011-3,20.178638458251953,9.535670280456543,423
P01100-2,29.02072525024414,26.569923400878906,380
P01100-3,24.71628761291504,26.569923400878906,380
P01112-2,12.98614501953125,7.509028434753418,189
P01116-2,11.320056915283203,7.299011707305908,189
P01135-2,22.474842071533203,20.422773361206055,160
P01135-3,22.233932495117188,20.422773361206055,160
P01135-4,26.00316619873047,20.422773361206055,160
P01135-5,22.233932495117188,20.422773361206055,160
P01222-2,10.618535041809082,9.468388557434082,138
P01241-4,11.969869613647461,11.54031753540039,217
P01241-3,11.125919342041016,11.54031753540039,217
P01241-5,12.432697296142578,11.54031753540039,217
P01241-2,11.98663330078125,11.54031753540039,217
P01242-3,13.65032958984375,12.626643180847168,217
P01242-4,13.118009567260742,12.626643180847168,217
P01242-2,13.183502197265625,12.626643180847168,217
P01258-2,28.538063049316406,23.86801528930664,141
P01282-2,22.973373413085938,23.350173950195312,170
P01344-2,22.907821655273438,23.811542510986328,180
P01732-2,26.419315338134766,19.78670883178711,235
P02679-2,28.945554733276367,16.841527938842773,453
P02686-6,30.080028533935547,27.568147659301758,304
P02686-2,29.392555236816406,27.568147659301758,304
P02686-5,30.026798248291016,27.568147659301758,304
P02686-4,30.080028533935547,27.568147659301758,304
P02686-3,29.38534164428711,27.568147659301758,304
P02724-3,27.04726791381836,24.334089279174805,150
P02724-2,26.34429168701172,24.334089279174805,150
P02741-2,6.719738960266113,5.429388523101807,224
P02774-2,8.508453369140625,6.107176780700684,474
P02808-2,21.005769729614258,19.35848045349121,62
P03372-4,29.269393920898438,23.494529724121094,595
P03372-3,29.252437591552734,23.494529724121094,595
P03372-2,23.16844940185547,23.494529724121094,595
P04053-2,9.759841918945312,14.699746131896973,509
P04062-4,13.703939437866211,6.275026321411133,536
P04062-3,28.79906463623047,6.275026321411133,536
P04062-2,29.337984085083008,6.275026321411133,536
P04062-5,4.523530006408691,6.275026321411133,536
P04070-2,20.71240997314453,14.18958568572998,461
P04085-2,28.13442611694336,16.979896545410156,211
P04090-2,22.502483367919922,20.85089874267578,185
P04179-4,13.399209976196289,6.559126853942871,222
P04179-2,5.007075786590576,6.559126853942871,222
P04179-3,5.660854339599609,6.559126853942871,222
P04181-2,8.430004119873047,5.877330303192139,439
P04217-2,14.3277587890625,11.04967212677002,495
P04233-4,28.78247833251953,24.851978302001953,296
P04233-3,28.391841888427734,24.851978302001953,296
P04233-2,27.31239891052246,24.851978302001953,296
P04233-5,28.665313720703125,24.851978302001953,296
P04234-2,20.588096618652344,18.60658073425293,171
P04278-3,11.050130844116211,10.567418098449707,402
P04278-2,28.889026641845703,10.567418098449707,402
P04278-5,7.863063812255859,10.567418098449707,402
P04278-4,11.07229232788086,10.567418098449707,402
P04279-2,29.515380859375,28.29167366027832,462
P04424-2,3.5257320404052734,4.380471706390381,464
P04424-3,3.1323323249816895,4.380471706390381,464
P04439-2,14.371389389038086,13.341414451599121,365
P04554-2,28.52592658996582,24.34275245666504,102
P04637-8,29.06122398376465,20.58616828918457,393
P04637-7,23.927188873291016,20.58616828918457,393
P04637-9,29.06122398376465,20.58616828918457,393
P04637-5,29.06122398376465,20.58616828918457,393
P04637-6,29.06122398376465,20.58616828918457,393
P04637-4,29.36495018005371,20.58616828918457,393
P04637-2,26.650911331176758,20.58616828918457,393
P04637-3,26.650911331176758,20.58616828918457,393
P04732-2,8.919181823730469,6.506584167480469,61
P04798-3,25.09784698486328,4.874919891357422,512
P04798-2,5.657588005065918,4.874919891357422,512
P04808-2,23.75198745727539,21.65253448486328,185
P04818-2,4.746468544006348,6.022190570831299,313
P04818-3,5.290151596069336,6.022190570831299,313
P04899-6,9.192593574523926,5.878651142120361,355
P04899-3,11.204092025756836,5.878651142120361,355
P04899-2,11.204092025756836,5.878651142120361,355
P04899-4,9.534869194030762,5.878651142120361,355
P04899-5,11.204092025756836,5.878651142120361,355
P04921-2,29.316421508789062,23.99884033203125,128
P04921-3,28.131820678710938,23.99884033203125,128
P05019-3,27.69072151184082,24.07084846496582,195
P05019-4,28.618267059326172,24.07084846496582,195
P05019-2,28.943723678588867,24.07084846496582,195
P05026-2,7.539297580718994,7.832162380218506,303
P05089-3,2.849625587463379,2.9900660514831543,322
P05091-2,3.2839293479919434,4.054600238800049,517
P05108-2,9.639572143554688,6.913819313049316,521
P05112-2,8.80246353149414,10.116835594177246,153
P05121-2,5.4421186447143555,8.383332252502441,402
P05155-2,29.159576416015625,14.7985200881958,500
P05186-3,11.167242050170898,6.437594890594482,524
P05186-2,8.197195053100586,6.437594890594482,524
P05230-2,7.327020645141602,5.731029987335205,155
P05386-2,17.635730743408203,18.758386611938477,114
P05388-2,13.138994216918945,15.125616073608398,317
P05408-2,22.992891311645508,24.31011962890625,212
P05538-2,27.693195343017578,14.853349685668945,268
P05549-5,29.03183937072754,22.51506805419922,437
P05549-6,29.089834213256836,22.51506805419922,437
P05549-2,22.891429901123047,22.51506805419922,437
P05937-2,12.958547592163086,10.767149925231934,261
P05976-2,19.920570373535156,11.225342750549316,194
P06028-2,22.343782424926758,17.654268264770508,91
P06133-3,6.824042320251465,6.284904956817627,528
P06133-2,7.517717361450195,6.284904956817627,528
P06239-2,12.806774139404297,12.645740509033203,509
P06241-2,11.779196739196777,13.189399719238281,537
P06241-3,11.790682792663574,13.189399719238281,537
P06454-2,24.959091186523438,23.99983787536621,111
P06493-2,6.8292036056518555,5.78230094909668,297
P06730-3,28.588680267333984,8.768183708190918,217
P06744-2,3.186241626739502,3.1261866092681885,558
P06748-2,28.9871826171875,22.729001998901367,294
P06748-3,24.94536781311035,22.729001998901367,294
P06753-7,24.818660736083984,17.42442512512207,285
P06753-3,24.818660736083984,17.42442512512207,285
P06753-2,24.818660736083984,17.42442512512207,285
P06753-4,24.818660736083984,17.42442512512207,285
P06753-5,24.818660736083984,17.42442512512207,285
P06753-6,22.65521240234375,17.42442512512207,285
P06865-2,27.493370056152344,5.6124587059021,529
P06870-2,10.59244155883789,6.741827487945557,262
P07093-2,11.135732650756836,7.932009220123291,398
P07093-3,9.656314849853516,7.932009220123291,398
P07098-2,5.278165340423584,7.168278694152832,398
P07098-4,9.557411193847656,7.168278694152832,398
P07101-3,27.876062393188477,15.554121017456055,528
P07101-4,28.220632553100586,15.554121017456055,528
P07101-2,24.685592651367188,15.554121017456055,528
P07101-6,16.08487319946289,15.554121017456055,528
P07101-5,16.123409271240234,15.554121017456055,528
P07108-3,4.5676469802856445,2.5418152809143066,87
P07108-2,4.5676469802856445,2.5418152809143066,87
P07108-5,4.5676469802856445,2.5418152809143066,87
P07108-6,2.678306818008423,2.5418152809143066,87
P07288-3,5.5981879234313965,6.499023914337158,261
P07288-4,10.834007263183594,6.499023914337158,261
P07288-5,5.043507099151611,6.499023914337158,261
P07288-2,5.091223239898682,6.499023914337158,261
P07305-2,27.19076156616211,23.049659729003906,194
P07306-2,23.833765029907227,16.813936233520508,291
P07307-3,27.5506591796875,19.99445915222168,311
P07307-2,28.448810577392578,19.99445915222168,311
P07311-2,4.277414321899414,3.4235281944274902,99
P07492-2,29.713499069213867,24.63951873779297,148
P07492-3,27.849544525146484,24.63951873779297,148
P07510-2,12.070978164672852,14.733782768249512,517
P07585-2,9.22965145111084,10.111366271972656,359
P07585-4,11.518964767456055,10.111366271972656,359
P07585-3,10.151744842529297,10.111366271972656,359
P07585-5,21.695104598999023,10.111366271972656,359
P07741-2,2.529595375061035,2.7447221279144287,180
P07902-2,8.9808349609375,6.894535541534424,379
P07910-4,28.98871612548828,25.173160552978516,306
P07910-2,28.34851837158203,25.173160552978516,306
P07910-3,26.013690948486328,25.173160552978516,306
P07948-2,23.829357147216797,12.106338500976562,512
P07951-3,24.902481079101562,17.33832550048828,284
P07951-2,22.776748657226562,17.33832550048828,284
P07992-4,23.51583480834961,18.47931671142578,297
P07992-2,18.420635223388672,18.47931671142578,297
P07992-3,18.697620391845703,18.47931671142578,297
P08118-2,15.718482971191406,9.824254035949707,114
P08138-2,24.815187454223633,23.460540771484375,427
P08174-4,29.02532958984375,18.32249641418457,381
P08174-3,29.02532958984375,18.32249641418457,381
P08174-2,28.99930763244629,18.32249641418457,381
P08174-5,29.02532958984375,18.32249641418457,381
P08174-6,27.01447296142578,18.32249641418457,381
P08243-2,5.406525611877441,4.536366939544678,561
P08243-3,5.227643013000488,4.536366939544678,561
P08247-2,20.332942962646484,19.785085678100586,313
P08319-2,5.0839996337890625,2.4569945335388184,380
P08397-2,23.858070373535156,6.969022750854492,361
P08397-4,7.62881326675415,6.969022750854492,361
P08397-3,4.970950126647949,6.969022750854492,361
P08559-3,4.070671081542969,5.466712474822998,390
P08620-2,19.616806030273438,16.563884735107422,206
P08621-3,25.41131591796875,23.709611892700195,437
P08621-2,27.249481201171875,23.709611892700195,437
P08621-4,25.37871551513672,23.709611892700195,437
P08631-3,29.046607971191406,12.551645278930664,526
P08631-2,29.467987060546875,12.551645278930664,526
P08631-4,23.5047607421875,12.551645278930664,526
P08651-4,27.366863250732422,24.24362564086914,508
P08651-3,27.366863250732422,24.24362564086914,508
P08651-6,30.068389892578125,24.24362564086914,508
P08651-5,30.069860458374023,24.24362564086914,508
P08651-2,25.936094284057617,24.24362564086914,508
P08686-2,4.416559219360352,6.046991348266602,495
P08697-2,13.347578048706055,14.080313682556152,491
P08709-2,28.79668426513672,14.706233978271484,466
P08887-2,29.29936408996582,19.414133071899414,468
P08949-2,26.947521209716797,22.956287384033203,121
P08962-3,8.802689552307129,7.044082164764404,238
P08962-2,8.922245025634766,7.044082164764404,238
P09086-4,29.64714813232422,26.578784942626953,479
P09086-2,29.219039916992188,26.578784942626953,479
P09086-3,29.372907638549805,26.578784942626953,479
P09086-5,29.219039916992188,26.578784942626953,479
P09104-2,3.312995433807373,3.1286818981170654,434
P09110-2,5.656593322753906,5.730459213256836,424
P09131-2,23.44415855407715,18.314002990722656,477
P09132-2,16.46306800842285,10.90345287322998,144
P09132-3,14.700275421142578,10.90345287322998,144
P09326-2,15.975000381469727,13.63399887084961,243
P09417-2,3.1877176761627197,3.6124696731567383,244
P09455-3,11.611940383911133,2.5398080348968506,135
P09455-2,11.611940383911133,2.5398080348968506,135
P09466-2,7.034666061401367,9.54771614074707,180
P09466-3,10.997464179992676,9.54771614074707,180
P09471-2,5.877252101898193,6.131579399108887,354
P09488-2,2.168732166290283,2.240741491317749,218
P09493-2,25.363956451416016,17.416112899780273,284
P09493-5,25.363956451416016,17.416112899780273,284
P09493-8,22.77069664001465,17.416112899780273,284
P09493-7,22.77069664001465,17.416112899780273,284
P09493-9,22.588916778564453,17.416112899780273,284
P09493-3,22.901954650878906,17.416112899780273,284
P09493-6,19.637142181396484,17.416112899780273,284
P09493-10,22.901954650878906,17.416112899780273,284
P09493-4,17.325801849365234,17.416112899780273,284
P09496-5,26.720762252807617,23.555849075317383,248
P09496-3,25.013418197631836,23.555849075317383,248
P09496-2,23.745948791503906,23.555849075317383,248
P09496-4,21.919214248657227,23.555849075317383,248
P09497-2,22.493680953979492,23.146316528320312,229
P09525-2,4.0533342361450195,3.323807716369629,319
P09543-2,27.337282180786133,8.770464897155762,421
P09603-3,29.332351684570312,26.565813064575195,554
P09603-2,30.02080535888672,26.565813064575195,554
P09622-2,11.554914474487305,6.0398406982421875,509
P09622-3,4.895968914031982,6.0398406982421875,509
P09630-2,28.538219451904297,23.99089241027832,235
P09651-3,29.576332092285156,22.508338928222656,372
P09651-2,29.387348175048828,22.508338928222656,372
P09914-2,8.028902053833008,5.863132476806641,478
P09919-2,11.26388931274414,11.433965682983398,207
P09919-3,10.635883331298828,11.433965682983398,207
P0C024-2,3.949770450592041,4.397023677825928,238
P0C024-3,4.700395584106445,4.397023677825928,238
P0C1Z6-2,29.405738830566406,24.817182540893555,253
P0C7A2-2,28.498371124267578,26.90185546875,387
P0C7I6-8,25.775772094726562,22.361572265625,297
P0C7I6-6,28.85472869873047,22.361572265625,297
P0C7I6-7,28.967464447021484,22.361572265625,297
P0C7P1-2,29.58935546875,28.148351669311523,496
P0C7U1-2,23.06934356689453,9.52293872833252,165
P0C7X2-5,27.37337875366211,24.90559959411621,276
P0CAP1-8,27.894088745117188,23.75579833984375,466
P0CAP1-5,27.885549545288086,23.75579833984375,466
P0CAP1-7,28.105121612548828,23.75579833984375,466
P0CAP1-6,28.105121612548828,23.75579833984375,466
P0CAP1-10,24.50419807434082,23.75579833984375,466
P0CAP1-2,28.64879608154297,23.75579833984375,466
P0CAP1-3,24.17397117614746,23.75579833984375,466
P0CAP1-11,28.64879608154297,23.75579833984375,466
P0CAP1-9,27.79695701599121,23.75579833984375,466
P0CAP1-4,24.97309112548828,23.75579833984375,466
P0CAP2-2,28.290624618530273,26.154802322387695,368
P0CAP2-3,28.00577163696289,26.154802322387695,368
P0CK97-2,25.764251708984375,23.889846801757812,266
P0CL80-2,27.87793731689453,24.8337345123291,117
P0CL84-2,6.713693618774414,5.6700825691223145,134
P0CL85-2,9.941091537475586,5.705390930175781,134
P0DI81-2,11.065217971801758,4.95285701751709,140
P0DJD3-2,29.784372329711914,28.131715774536133,496
P0DJD3-3,29.829906463623047,28.131715774536133,496
P0DJI9-2,6.208802223205566,5.645055294036865,122
P0DMM9-2,3.187406539916992,3.078011989593506,295
P0DMS9-2,28.98998260498047,19.427780151367188,266
P0DN86-2,24.731481552124023,15.76657485961914,165
P0DPB3-4,29.05352020263672,26.34349822998047,487
P0DPB3-3,29.037609100341797,26.34349822998047,487
P0DPB3-2,27.19676971435547,26.34349822998047,487
P0DPH7-2,5.700321197509766,6.058069229125977,450
P0DPI2-2,6.255002021789551,8.681415557861328,268
P0DTE4-4,22.91586685180664,9.285378456115723,527
P0DTE5-2,6.494340896606445,6.976125717163086,536
P10082-2,26.008731842041016,18.449995040893555,97
P10155-3,5.530236721038818,5.431223392486572,538
P10155-5,5.530236721038818,5.431223392486572,538
P10155-4,5.708428382873535,5.431223392486572,538
P10155-2,5.775203704833984,5.431223392486572,538
P10276-2,29.10219955444336,20.305086135864258,462
P10276-3,28.19501495361328,20.305086135864258,462
P10321-2,14.067383766174316,13.154797554016113,366
P10415-2,18.819347381591797,15.331209182739258,239
P10451-4,29.398038864135742,28.080358505249023,314
P10451-3,29.48031997680664,28.080358505249023,314
P10451-5,29.24333381652832,28.080358505249023,314
P10599-2,2.2158823013305664,2.2183220386505127,105
P10600-2,22.30752182006836,17.404144287109375,412
P10619-2,4.1405792236328125,5.583372592926025,480
P10620-2,13.650568008422852,11.768990516662598,155
P10632-2,7.305991172790527,5.458521366119385,490
P10635-2,5.02031135559082,4.494747161865234,497
P10644-2,13.600796699523926,14.32703685760498,381
P10646-2,27.760387420654297,22.65957260131836,304
P10747-7,25.941789627075195,18.142623901367188,220
P10747-5,19.580535888671875,18.142623901367188,220
P10747-2,25.261127471923828,18.142623901367188,220
P10747-3,20.194988250732422,18.142623901367188,220
P10747-4,21.756481170654297,18.142623901367188,220
P10747-6,21.06770896911621,18.142623901367188,220
P10809-2,13.54159164428711,11.698811531066895,573
P10826-3,23.232616424560547,16.28312110900879,455
P10826-2,29.308765411376953,16.28312110900879,455
P10827-2,25.627635955810547,18.90263557434082,490
P10827-3,22.51498031616211,18.90263557434082,490
P10827-4,22.6517333984375,18.90263557434082,490
P10828-2,26.802064895629883,16.927650451660156,461
P10909-4,24.703561782836914,16.702476501464844,449
P10909-6,28.691665649414062,16.702476501464844,449
P10909-3,17.090229034423828,16.702476501464844,449
P10966-2,25.047504425048828,17.735578536987305,210
P10966-7,25.386943817138672,17.735578536987305,210
P10966-6,25.047504425048828,17.735578536987305,210
P10966-9,26.987945556640625,17.735578536987305,210
P10966-4,25.047504425048828,17.735578536987305,210
P10966-8,27.047454833984375,17.735578536987305,210
P10966-3,26.987945556640625,17.735578536987305,210
P11049-2,10.395608901977539,10.147186279296875,281
P11049-3,20.203571319580078,10.147186279296875,281
P11117-2,10.866300582885742,10.041423797607422,423
P11161-2,29.002981185913086,26.87354278564453,476
P11168-2,12.29484748840332,9.236870765686035,524
P11172-2,23.376060485839844,14.580286026000977,480
P11172-3,19.25578498840332,14.580286026000977,480
P11172-4,14.829662322998047,14.580286026000977,480
P11177-2,19.18792724609375,5.690016269683838,359
P11177-3,4.157298564910889,5.690016269683838,359
P11229-2,27.294788360595703,17.072935104370117,460
P11230-2,17.160110473632812,14.817195892333984,501
P11234-3,6.678921699523926,8.765953063964844,206
P11279-2,19.63907241821289,19.17178726196289,417
P11308-2,29.234704971313477,26.237808227539062,479
P11308-1,29.234704971313477,26.237808227539062,479
P11308-3,29.43102264404297,26.237808227539062,479
P11308-5,29.364017486572266,26.237808227539062,479
P11308-6,29.364017486572266,26.237808227539062,479
P11464-3,22.685989379882812,14.033498764038086,419
P11464-2,22.685989379882812,14.033498764038086,419
P11464-4,22.685989379882812,14.033498764038086,419
P11474-2,22.65521240234375,19.9334659576416,423
P11511-2,8.221104621887207,7.283143997192383,503
P11597-2,6.62613582611084,8.03596019744873,493
P11686-2,20.602094650268555,22.158056259155273,197
P11712-2,7.379251480102539,6.0771803855896,490
P11802-2,8.177459716796875,6.972442626953125,303
P11836-2,25.913841247558594,19.830198287963867,297
P11912-2,17.030988693237305,19.620859146118164,226
P12034-2,23.094806671142578,20.38286590576172,268
P12081-4,8.436963081359863,9.336910247802734,509
P12081-3,8.190061569213867,9.336910247802734,509
P12081-2,6.427185535430908,9.336910247802734,509
P12272-2,28.307144165039062,25.432729721069336,177
P12272-3,28.307144165039062,25.432729721069336,177
P12314-2,28.532272338867188,15.397937774658203,374
P12318-2,16.868671417236328,18.816835403442383,317
P12524-2,29.09917449951172,26.249055862426758,364
P12694-2,8.255952835083008,7.283236980438232,445
P12872-2,23.632007598876953,21.9066162109375,115
P12872-3,25.311403274536133,21.9066162109375,115
P12955-2,2.4113965034484863,3.0498828887939453,493
P12955-3,3.0273165702819824,3.0498828887939453,493
P13051-2,29.03673553466797,12.899212837219238,313
P13224-2,26.802696228027344,12.5065279006958,206
P13232-3,13.610036849975586,14.271697044372559,177
P13232-2,12.592874526977539,14.271697044372559,177
P13378-3,27.401384353637695,25.246503829956055,290
P13378-2,24.482698440551758,25.246503829956055,290
P13473-3,24.560274124145508,19.209999084472656,410
P13473-2,24.684364318847656,19.209999084472656,410
P13631-3,29.262798309326172,16.122726440429688,454
P13631-2,29.248435974121094,16.122726440429688,454
P13631-4,24.543048858642578,16.122726440429688,454
P13646-3,28.533166885375977,24.19498634338379,458
P13646-2,28.759002685546875,24.19498634338379,458
P13674-2,14.034873962402344,10.80738639831543,534
P13674-3,10.364439010620117,10.80738639831543,534
P13688-3,23.513439178466797,18.117494583129883,526
P13688-2,27.94312286376953,18.117494583129883,526
P13688-11,23.500144958496094,18.117494583129883,526
P13688-8,28.637676239013672,18.117494583129883,526
P13688-10,28.650066375732422,18.117494583129883,526
P13688-4,23.545326232910156,18.117494583129883,526
P13688-9,23.53191375732422,18.117494583129883,526
P13688-6,20.000492095947266,18.117494583129883,526
P13688-5,20.001174926757812,18.117494583129883,526
P13688-7,21.51946449279785,18.117494583129883,526
P13693-2,6.006926536560059,7.609147071838379,172
P13716-2,4.953740119934082,3.5113956928253174,330
P13726-2,18.316463470458984,14.92402172088623,295
P13727-2,12.218009948730469,17.374217987060547,222
P13804-2,6.143467903137207,5.754989147186279,333
P13805-2,25.29576873779297,22.56301498413086,278
P13805-3,25.192150115966797,22.56301498413086,278
P13861-2,12.37827205657959,15.083778381347656,404
P13928-3,5.937583923339844,4.926465034484863,327
P13928-2,5.5267767906188965,4.926465034484863,327
P13929-2,2.77665376663208,2.756450653076172,434
P13929-3,3.0572261810302734,2.756450653076172,434
P13995-2,11.790698051452637,8.640881538391113,350
P14091-2,7.065639495849609,7.351698875427246,396
P14136-3,28.671581268310547,22.98243522644043,432
P14136-2,28.671581268310547,22.98243522644043,432
P14138-3,29.77578353881836,26.665348052978516,238
P14138-2,27.682010650634766,26.665348052978516,238
P14209-2,28.658111572265625,25.67214012145996,185
P14209-3,28.497779846191406,25.67214012145996,185
P14314-2,26.614381790161133,16.096071243286133,528
P14316-2,28.211814880371094,25.329044342041016,349
P14317-2,29.255233764648438,27.383304595947266,486
P14324-2,28.107370376586914,10.602211952209473,419
P14373-2,19.683101654052734,17.804548263549805,513
P14416-2,26.967557907104492,18.110532760620117,443
P14598-2,24.27041244506836,18.82237434387207,390
P14618-2,3.5624144077301025,3.941725969314575,531
P14618-3,4.70726203918457,3.941725969314575,531
P14635-2,12.612373352050781,17.109243392944336,433
P14651-3,29.46484375,27.494991302490234,431
P14651-2,29.733009338378906,27.494991302490234,431
P14653-2,28.285812377929688,26.150869369506836,301
P14672-2,9.879433631896973,8.421906471252441,509
P14678-2,29.043270111083984,24.721717834472656,240
P14678-3,28.223739624023438,24.721717834472656,240
P14679-2,13.297723770141602,10.254926681518555,529
P14866-2,28.44109344482422,24.065568923950195,589
P14868-2,9.549089431762695,6.171561241149902,501
P14921-4,29.115947723388672,24.76274299621582,441
P14921-2,26.846725463867188,24.76274299621582,441
P14921-5,29.202896118164062,24.76274299621582,441
P14921-3,29.631465911865234,24.76274299621582,441
P14927-2,5.917209625244141,5.879230499267578,111
P15018-2,28.909862518310547,9.661430358886719,202
P15151-4,28.675071716308594,15.85922622680664,417
P15151-3,25.291526794433594,15.85922622680664,417
P15151-2,25.87936019897461,15.85922622680664,417
P15170-2,29.219802856445312,11.969188690185547,499
P15260-2,29.1014347076416,23.51933479309082,489
P15289-2,6.443023204803467,4.161459445953369,507
P15309-2,25.401809692382812,7.295987606048584,386
P15309-3,5.371877670288086,7.295987606048584,386
P15336-8,28.378395080566406,27.039430618286133,505
P15336-3,28.909584045410156,27.039430618286133,505
P15336-6,28.550708770751953,27.039430618286133,505
P15336-2,29.02475357055664,27.039430618286133,505
P15336-5,29.011920928955078,27.039430618286133,505
P15336-7,28.827381134033203,27.039430618286133,505
P15336-4,28.866275787353516,27.039430618286133,505
P15407-2,26.77639389038086,25.25419044494629,271
P15408-3,29.490798950195312,25.943439483642578,326
P15408-2,27.867372512817383,25.943439483642578,326
P15428-4,3.5528061389923096,3.1617813110351562,266
P15428-2,3.8161745071411133,3.1617813110351562,266
P15428-3,3.369962692260742,3.1617813110351562,266
P15428-5,2.828914165496826,3.1617813110351562,266
P15509-3,26.618030548095703,16.212343215942383,400
P15509-4,20.90562629699707,16.212343215942383,400
P15509-8,17.6607666015625,16.212343215942383,400
P15509-6,18.87110137939453,16.212343215942383,400
P15509-2,29.340641021728516,16.212343215942383,400
P15509-5,26.329299926757812,16.212343215942383,400
P15529-15,27.473712921142578,18.82200050354004,392
P15529-9,28.222806930541992,18.82200050354004,392
P15529-7,28.222806930541992,18.82200050354004,392
P15529-12,27.083425521850586,18.82200050354004,392
P15529-4,28.222806930541992,18.82200050354004,392
P15529-14,27.658859252929688,18.82200050354004,392
P15529-6,28.328983306884766,18.82200050354004,392
P15529-11,25.871795654296875,18.82200050354004,392
P15529-13,27.4527587890625,18.82200050354004,392
P15529-8,28.328983306884766,18.82200050354004,392
P15529-3,28.328983306884766,18.82200050354004,392
P15529-5,28.78218650817871,18.82200050354004,392
P15529-10,27.868732452392578,18.82200050354004,392
P15529-2,28.223403930664062,18.82200050354004,392
P15529-16,26.877689361572266,18.82200050354004,392
P15538-2,5.940121650695801,6.697366714477539,503
P15559-3,2.1429526805877686,2.38840651512146,274
P15559-2,2.1973652839660645,2.38840651512146,274
P15586-2,5.9414472579956055,8.596766471862793,552
P15622-3,27.907207489013672,22.298513412475586,560
P15622-2,24.166770935058594,22.298513412475586,560
P15692-10,27.18667221069336,25.895587921142578,395
P15692-9,27.255706787109375,25.895587921142578,395
P15692-4,29.111007690429688,25.895587921142578,395
P15692-8,29.32868003845215,25.895587921142578,395
P15692-5,29.32868003845215,25.895587921142578,395
P15692-3,29.111007690429688,25.895587921142578,395
P15692-2,29.4599609375,25.895587921142578,395
P15692-6,27.255706787109375,25.895587921142578,395
P15692-11,27.86935043334961,25.895587921142578,395
P15692-15,29.384063720703125,25.895587921142578,395
P15692-18,28.668163299560547,25.895587921142578,395
P15692-12,29.06801986694336,25.895587921142578,395
P15692-17,29.384063720703125,25.895587921142578,395
P15692-16,26.92502212524414,25.895587921142578,395
P15735-2,27.621360778808594,14.655282020568848,406
P15812-3,21.11794662475586,14.993749618530273,388
P15812-2,26.650264739990234,14.993749618530273,388
P15812-13,14.063385009765625,14.993749618530273,388
P15812-9,27.826007843017578,14.993749618530273,388
P15812-4,16.683494567871094,14.993749618530273,388
P15812-6,17.084766387939453,14.993749618530273,388
P15812-8,17.2081298828125,14.993749618530273,388
P15812-5,13.28192138671875,14.993749618530273,388
P15812-10,25.83169174194336,14.993749618530273,388
P15812-7,17.084766387939453,14.993749618530273,388
P15812-12,27.826007843017578,14.993749618530273,388
P15812-11,25.623661041259766,14.993749618530273,388
P15814-2,28.71261215209961,19.792743682861328,213
P15848-2,7.009862422943115,6.772919654846191,533
P15863-2,28.753284454345703,27.523292541503906,534
P15863-3,29.581188201904297,27.523292541503906,534
P15882-3,19.963537216186523,10.48740005493164,459
P15882-2,12.366753578186035,10.48740005493164,459
P15907-2,12.034137725830078,11.806965827941895,406
P15927-2,28.885143280029297,19.801137924194336,270
P15976-3,29.94852066040039,26.78119659423828,413
P15976-2,28.687549591064453,26.78119659423828,413
P16118-2,9.745126724243164,6.103506565093994,471
P16152-2,2.6807994842529297,2.4288599491119385,277
P16220-3,28.417190551757812,25.649187088012695,327
P16298-3,20.912757873535156,11.949769973754883,524
P16298-2,11.589487075805664,11.949769973754883,524
P16333-2,27.04706382751465,22.862863540649414,377
P16389-2,17.541561126708984,16.126998901367188,499
P16410-5,24.134681701660156,17.660781860351562,223
P16410-2,26.132110595703125,17.660781860351562,223
P16410-3,25.893272399902344,17.660781860351562,223
P16410-4,20.921791076660156,17.660781860351562,223
P16520-2,3.6946206092834473,3.9539101123809814,340
P16671-2,6.532313346862793,6.279557704925537,472
P16671-4,6.593972206115723,6.279557704925537,472
P16671-3,5.0651092529296875,6.279557704925537,472
P16870-2,28.189929962158203,8.095985412597656,476
P16871-4,28.46537971496582,23.211181640625,459
P16871-3,28.46537971496582,23.211181640625,459
P16871-2,29.575382232666016,23.211181640625,459
P16930-2,2.8887228965759277,2.7587618827819824,419
P16949-2,20.1055908203125,15.208189010620117,149
P16989-2,29.353038787841797,26.400768280029297,372
P16989-3,29.61830711364746,26.400768280029297,372
P17022-2,23.736312866210938,25.442089080810547,549
P17023-2,28.357810974121094,21.720924377441406,458
P17028-2,29.034391403198242,23.848106384277344,368
P17030-2,29.105247497558594,20.72199058532715,456
P17036-2,27.908357620239258,22.38076400756836,446
P17096-2,26.328125,24.25984764099121,107
P17096-3,28.851465225219727,24.25984764099121,107
P17174-2,5.3485260009765625,3.604412317276001,413
P17181-2,28.275869369506836,19.99678611755371,557
P17181-4,22.852787017822266,19.99678611755371,557
P17181-3,25.092838287353516,19.99678611755371,557
P17342-2,27.34647560119629,14.264113426208496,541
P17342-3,28.78156089782715,14.264113426208496,541
P17509-2,26.53295135498047,23.717235565185547,224
P17544-4,29.051063537597656,26.70130157470703,483
P17544-3,29.163496017456055,26.70130157470703,483
P17544-2,29.009380340576172,26.70130157470703,483
P17544-5,28.404193878173828,26.70130157470703,483
P17612-2,16.383743286132812,4.081363201141357,351
P17676-3,28.831701278686523,26.442041397094727,345
P17676-2,29.284971237182617,26.442041397094727,345
P17677-2,27.874576568603516,26.78491973876953,238
P17693-5,24.32516860961914,10.758157730102539,338
P17693-2,9.684595108032227,10.758157730102539,338
P17693-4,10.230978012084961,10.758157730102539,338
P17693-7,11.633535385131836,10.758157730102539,338
P17693-6,11.632068634033203,10.758157730102539,338
P17693-3,12.376182556152344,10.758157730102539,338
P17706-3,24.645137786865234,13.38509464263916,415
P17706-2,26.539371490478516,13.38509464263916,415
P17706-4,13.631479263305664,13.38509464263916,415
P17707-2,5.089635848999023,4.682625770568848,334
P17752-2,18.805164337158203,11.973231315612793,444
P17812-2,6.74027156829834,6.286648750305176,591
P17861-2,29.027267456054688,24.83629035949707,261
P18505-2,21.23808479309082,16.599721908569336,474
P18507-3,11.707805633544922,16.647462844848633,475
P18510-4,24.640888214111328,10.64582347869873,177
P18510-2,28.40318489074707,10.64582347869873,177
P18510-3,28.40318489074707,10.64582347869873,177
P18577-7,8.564787864685059,8.266112327575684,417
P18577-11,8.556901931762695,8.266112327575684,417
P18577-10,8.716498374938965,8.266112327575684,417
P18577-5,8.88443374633789,8.266112327575684,417
P18577-6,8.935107231140137,8.266112327575684,417
P18577-2,9.081454277038574,8.266112327575684,417
P18577-4,8.556901931762695,8.266112327575684,417
P18577-14,8.721540451049805,8.266112327575684,417
P18577-3,8.822617530822754,8.266112327575684,417
P18577-13,8.992616653442383,8.266112327575684,417
P18577-8,8.600799560546875,8.266112327575684,417
P18577-9,8.737930297851562,8.266112327575684,417
P18577-12,8.813580513000488,8.266112327575684,417
P18615-4,29.13542938232422,25.7401180267334,380
P18621-2,7.448179244995117,8.710243225097656,184
P18621-3,24.299606323242188,8.710243225097656,184
P18627-2,23.82232093811035,18.90880012512207,525
P18846-2,27.95299530029297,25.060523986816406,271
P18847-5,26.010116577148438,20.35004997253418,181
P18847-4,28.337913513183594,20.35004997253418,181
P18847-2,23.472991943359375,20.35004997253418,181
P18847-3,23.435211181640625,20.35004997253418,181
P19012-2,28.63656234741211,24.246017456054688,456
P19224-2,7.972907066345215,7.424197196960449,532
P19224-3,9.939020156860352,7.424197196960449,532
P19235-3,28.67070960998535,23.011442184448242,508
P19235-2,24.70889663696289,23.011442184448242,508
P19256-2,27.420852661132812,15.316384315490723,250
P19256-3,27.446693420410156,15.316384315490723,250
P19419-2,27.807334899902344,26.778785705566406,428
P19438-5,28.594764709472656,24.501176834106445,455
P19438-4,28.594764709472656,24.501176834106445,455
P19438-2,26.0289249420166,24.501176834106445,455
P19438-3,29.434532165527344,24.501176834106445,455
P19440-3,5.967144966125488,6.007817268371582,569
P19440-2,5.967801094055176,6.007817268371582,569
P19474-2,14.255644798278809,14.434353828430176,475
P19484-2,29.1124267578125,26.610496520996094,476
P19525-2,17.336894989013672,21.065954208374023,551
P19532-2,29.416439056396484,27.18631935119629,575
P19544-6,26.342575073242188,26.365633010864258,449
P19544-9,29.119556427001953,26.365633010864258,449
P19544-3,28.683345794677734,26.365633010864258,449
P19544-4,26.050823211669922,26.365633010864258,449
P19544-2,27.955108642578125,26.365633010864258,449
P19544-8,29.119556427001953,26.365633010864258,449
P19793-2,29.497966766357422,19.597570419311523,462
P19878-3,21.149133682250977,23.384706497192383,526
P19878-4,22.434539794921875,23.384706497192383,526
P19878-2,24.10179901123047,23.384706497192383,526
P19883-2,26.044340133666992,11.824719429016113,344
P19961-2,3.5485353469848633,3.478640079498291,511
P20062-2,5.360678672790527,6.69008207321167,427
P20073-2,23.13412094116211,17.198148727416992,488
P20138-2,29.36844825744629,19.181106567382812,364
P20138-3,19.593074798583984,19.181106567382812,364
P20142-2,7.092610836029053,6.6136345863342285,388
P20151-4,7.924497604370117,6.408963680267334,261
P20151-3,5.8690595626831055,6.408963680267334,261
P20151-2,4.961251258850098,6.408963680267334,261
P20226-2,29.263479232788086,20.467485427856445,339
P20290-2,29.646324157714844,22.565156936645508,206
P20333-2,29.276325225830078,24.4749698638916,461
P20339-2,8.77398681640625,11.394613265991211,215
P20340-2,9.553611755371094,11.078680038452148,208
P20340-4,11.45511531829834,11.078680038452148,208
P20340-3,12.560928344726562,11.078680038452148,208
P20366-4,27.609878540039062,23.640766143798828,129
P20366-2,26.398563385009766,23.640766143798828,129
P20366-3,26.538597106933594,23.640766143798828,129
P20711-2,3.842578411102295,3.57729172706604,480
P20711-3,3.7632827758789062,3.57729172706604,480
P20711-4,3.727348566055298,3.57729172706604,480
P20718-3,6.718121528625488,6.149844646453857,246
P20718-2,5.649272918701172,6.149844646453857,246
P20809-2,14.416930198669434,11.645438194274902,199
P20813-2,5.030071258544922,5.210555553436279,491
P20815-2,6.11025333404541,5.0604119300842285,502
P20827-2,13.547565460205078,15.754955291748047,205
P20839-4,4.094695568084717,6.303732872009277,514
P20839-2,4.428343772888184,6.303732872009277,514
P20839-7,10.74277114868164,6.303732872009277,514
P20851-2,24.384462356567383,18.72565460205078,252
P20941-2,14.54931640625,11.540997505187988,246
P20963-3,25.401840209960938,24.891544342041016,164
P21128-3,28.653518676757812,16.25644874572754,410
P21128-2,28.285114288330078,16.25644874572754,410
P21397-2,4.2618794441223145,3.6410350799560547,527
P21554-2,28.018022537231445,18.27136993408203,472
P21554-3,28.4923038482666,18.27136993408203,472
P21583-2,28.7545223236084,21.045969009399414,273
P21583-3,22.06931495666504,21.045969009399414,273
P21589-2,6.756106853485107,8.121578216552734,574
P21695-2,3.2740063667297363,3.5041749477386475,349
P21731-2,27.458332061767578,9.48696517944336,343
P21741-2,23.5115966796875,19.994083404541016,143
P21754-3,27.456342697143555,21.96442222595215,424
P21754-2,28.090503692626953,21.96442222595215,424
P21757-2,28.94723892211914,25.287776947021484,451
P21757-3,26.207929611206055,25.287776947021484,451
P21781-2,17.68649673461914,14.386969566345215,194
P21953-2,8.284097671508789,8.013288497924805,392
P22003-2,14.171300888061523,16.672208786010742,454
P22061-2,15.139999389648438,3.258010149002075,227
P22234-2,3.089622735977173,4.447153091430664,425
P22304-2,6.351107120513916,6.281136989593506,550
P22304-3,6.418254852294922,6.281136989593506,550
P22307-4,11.377351760864258,12.544060707092285,547
P22307-3,11.512033462524414,12.544060707092285,547
P22307-7,9.723749160766602,12.544060707092285,547
P22307-8,8.990638732910156,12.544060707092285,547
P22307-6,27.23632049560547,12.544060707092285,547
P22307-5,25.578439712524414,12.544060707092285,547
P22307-2,26.021488189697266,12.544060707092285,547
P22309-2,10.116079330444336,7.672204971313477,533
P22310-2,10.19045639038086,7.780008316040039,534
P22415-2,28.66118621826172,24.843547821044922,310
P22557-3,26.41962432861328,13.257431983947754,587
P22557-2,23.373931884765625,13.257431983947754,587
P22557-4,26.958328247070312,13.257431983947754,587
P22570-4,18.039560317993164,7.0708723068237305,491
P22570-5,4.918607711791992,7.0708723068237305,491
P22570-7,23.58359146118164,7.0708723068237305,491
P22570-6,5.494431495666504,7.0708723068237305,491
P22626-2,25.74095916748047,21.148216247558594,353
P22674-2,19.624366760253906,13.718448638916016,350
P22692-2,16.637784957885742,15.350460052490234,258
P22694-4,18.099567413330078,4.460864543914795,351
P22694-3,16.218841552734375,4.460864543914795,351
P22694-5,18.099567413330078,4.460864543914795,351
P22694-8,4.338671684265137,4.460864543914795,351
P22694-7,17.49410057067871,4.460864543914795,351
P22694-6,17.53465461730957,4.460864543914795,351
P22694-9,16.93195343017578,4.460864543914795,351
P22694-10,5.613429069519043,4.460864543914795,351
P22694-2,16.828571319580078,4.460864543914795,351
P22732-2,7.485686302185059,7.175258159637451,501
P22736-3,28.2867431640625,23.75971221923828,598
P22748-2,10.347810745239258,8.90592098236084,312
P22749-2,27.890989303588867,16.763471603393555,145
P22891-2,26.685462951660156,12.977849960327148,400
P23141-3,7.591872692108154,5.867980003356934,567
P23193-2,23.003061294555664,20.343814849853516,301
P23280-3,7.426982879638672,8.746500015258789,308
P23280-2,19.114076614379883,8.746500015258789,308
P23368-2,5.791193008422852,5.289996147155762,584
P23381-2,22.622943878173828,9.32859992980957,471
P23415-2,24.40283966064453,13.730072975158691,457
P23416-3,18.635665893554688,13.601789474487305,452
P23416-2,9.550555229187012,13.601789474487305,452
P23443-4,28.26436996459961,17.597009658813477,525
P23443-3,27.433563232421875,17.597009658813477,525
P23443-2,28.06188201904297,17.597009658813477,525
P23443-5,12.780659675598145,17.597009658813477,525
P23510-2,25.83240509033203,14.405147552490234,183
P23511-2,27.84195327758789,25.790239334106445,347
P23526-2,3.37062406539917,2.5252699851989746,432
P23759-2,27.831153869628906,26.370607376098633,505
P23759-1,29.710357666015625,26.370607376098633,505
P23760-3,28.76084327697754,26.03479766845703,479
P23760-2,28.76084327697754,26.03479766845703,479
P23760-4,29.87156867980957,26.03479766845703,479
P23760-5,29.865982055664062,26.03479766845703,479
P23760-7,29.015399932861328,26.03479766845703,479
P23760-6,26.985816955566406,26.03479766845703,479
P23760-8,29.015399932861328,26.03479766845703,479
P23763-2,22.177875518798828,23.186080932617188,118
P23763-3,22.177875518798828,23.186080932617188,118
P23769-2,25.223329544067383,27.368003845214844,480
P23919-2,2.720855474472046,3.2152233123779297,212
P23946-2,7.266759395599365,6.6622467041015625,247
P24001-3,18.872133255004883,17.365385055541992,234
P24001-2,19.213634490966797,17.365385055541992,234
P24001-4,23.456844329833984,17.365385055541992,234
P24001-5,18.404041290283203,17.365385055541992,234
P24001-7,18.531496047973633,17.365385055541992,234
P24001-6,18.23605728149414,17.365385055541992,234
P24046-3,25.492755889892578,17.10837173461914,479
P24046-2,28.39514923095703,17.10837173461914,479
P24071-5,27.900691986083984,15.756922721862793,287
P24071-10,25.594545364379883,15.756922721862793,287
P24071-4,25.308879852294922,15.756922721862793,287
P24071-3,15.33082389831543,15.756922721862793,287
P24071-11,25.31311798095703,15.756922721862793,287
P24071-9,24.132823944091797,15.756922721862793,287
P24071-2,11.380188941955566,15.756922721862793,287
P24071-7,16.966215133666992,15.756922721862793,287
P24071-8,27.900691986083984,15.756922721862793,287
P24071-6,25.00246810913086,15.756922721862793,287
P24390-2,4.526773929595947,4.675507068634033,212
P24462-2,21.937124252319336,5.742408275604248,503
P24468-3,28.308666229248047,19.326553344726562,414
P24468-2,28.177684783935547,19.326553344726562,414
P24522-2,7.361318588256836,9.030487060546875,165
P24530-2,24.0213565826416,15.828171730041504,442
P24557-2,9.121260643005371,6.536338806152344,533
P24557-4,5.492307662963867,6.536338806152344,533
P24666-2,3.0952324867248535,3.1186509132385254,158
P24666-3,3.0952324867248535,3.1186509132385254,158
P24666-4,3.3686065673828125,3.1186509132385254,158
P24752-2,7.97926139831543,5.821311950683594,427
P24844-2,13.520322799682617,14.012168884277344,172
P24855-2,24.14590835571289,5.318608283996582,282
P24863-2,6.092543125152588,6.925595283508301,283
P24864-3,29.35232162475586,14.59794807434082,410
P24864-2,10.241430282592773,14.59794807434082,410
P24903-2,5.778824806213379,5.823092460632324,491
P24941-2,5.445075988769531,6.576922416687012,298
P25063-2,19.815048217773438,18.08953094482422,80
P25101-5,15.20966911315918,14.595736503601074,427
P25101-4,13.062171936035156,14.595736503601074,427
P25101-3,15.453767776489258,14.595736503601074,427
P25101-2,16.511274337768555,14.595736503601074,427
P25103-3,23.72203254699707,14.474641799926758,407
P25445-7,26.98621368408203,21.501840591430664,335
P25445-6,23.194873809814453,21.501840591430664,335
P25445-5,25.38943862915039,21.501840591430664,335
P25445-4,25.38943862915039,21.501840591430664,335
P25445-3,26.67048454284668,21.501840591430664,335
P25445-2,26.67048454284668,21.501840591430664,335
P25685-2,26.65827178955078,18.57619285583496,340
P25686-2,29.958576202392578,24.500524520874023,324
P25705-2,27.870933532714844,9.206958770751953,553
P25705-3,6.65395450592041,9.206958770751953,553
P25774-2,6.102455139160156,5.4117889404296875,331
P25788-2,3.4072580337524414,4.666512966156006,255
P25789-2,5.501779079437256,4.783928394317627,261
P25791-4,25.37971305847168,10.813772201538086,158
P25800-2,16.464900970458984,8.798323631286621,156
P25942-2,24.504396438598633,19.185222625732422,277
P26368-2,27.074310302734375,22.468042373657227,475
P26373-2,5.540088176727295,5.921475410461426,211
P26378-5,28.17406463623047,22.909833908081055,385
P26378-4,28.156639099121094,22.909833908081055,385
P26378-2,28.17406463623047,22.909833908081055,385
P26378-1,27.54639434814453,22.909833908081055,385
P26378-3,28.17406463623047,22.909833908081055,385
P26436-10,28.970012664794922,25.364912033081055,265
P26436-11,26.323471069335938,25.364912033081055,265
P26436-9,29.627685546875,25.364912033081055,265
P26436-7,29.646541595458984,25.364912033081055,265
P26436-6,29.714488983154297,25.364912033081055,265
P26436-5,29.053646087646484,25.364912033081055,265
P26436-4,29.75802230834961,25.364912033081055,265
P26436-3,29.638874053955078,25.364912033081055,265
P26436-2,27.141313552856445,25.364912033081055,265
P26436-8,26.364356994628906,25.364912033081055,265
P26439-2,4.820640563964844,4.472554683685303,372
P26440-2,4.334848403930664,5.916958808898926,426
P26599-2,28.982467651367188,24.41426658630371,557
P26641-2,15.481034278869629,17.683780670166016,437
P26951-2,14.502159118652344,15.109641075134277,378
P27037-2,28.520587921142578,18.881195068359375,513
P27105-2,16.955974578857422,13.464433670043945,288
P27338-2,17.760116577148438,4.36512565612793,520
P27352-2,23.210407257080078,7.316011905670166,417
P27361-2,7.656105995178223,7.994987487792969,379
P27544-2,24.577835083007812,8.311044692993164,350
P27701-2,6.826528549194336,8.464489936828613,267
P27824-3,22.64219856262207,19.181631088256836,592
P27930-2,19.74228286743164,14.877111434936523,398
P28039-2,5.371604919433594,6.697418689727783,575
P28062-2,23.794132232666016,11.024876594543457,276
P28065-2,20.904544830322266,5.812034606933594,219
P28066-2,5.5394287109375,4.424183368682861,241
P28074-3,16.10515785217285,12.352947235107422,263
P28074-2,11.986654281616211,12.352947235107422,263
P28161-2,2.1627440452575684,2.0608954429626465,218
P28223-2,20.166473388671875,18.041940689086914,471
P28289-2,27.47574234008789,19.318967819213867,359
P28324-2,29.477893829345703,26.379013061523438,431
P28332-2,11.801090240478516,3.4601917266845703,368
P28335-2,17.130870819091797,16.90545654296875,458
P28347-2,20.21905517578125,19.944923400878906,426
P28472-3,18.18859100341797,15.792038917541504,473
P28472-4,17.818056106567383,15.792038917541504,473
P28472-2,28.550804138183594,15.792038917541504,473
P28482-2,6.233386039733887,5.867685317993164,360
P28799-2,28.290292739868164,25.82697296142578,593
P28799-3,28.813884735107422,25.82697296142578,593
P28906-2,29.881019592285156,25.30436897277832,385
P28907-2,11.7572603225708,9.355544090270996,300
P28908-2,29.670143127441406,27.137348175048828,595
P28908-3,29.730690002441406,27.137348175048828,595
P29016-2,8.148953437805176,9.855188369750977,333
P29218-2,3.557342052459717,3.2068839073181152,277
P29279-2,24.97544288635254,19.557933807373047,349
P29350-3,14.666948318481445,11.31578254699707,595
P29350-2,11.102670669555664,11.31578254699707,595
P29350-4,27.810100555419922,11.31578254699707,595
P29353-3,28.097497940063477,25.439416885375977,583
P29353-5,26.841705322265625,25.439416885375977,583
P29353-2,29.000431060791016,25.439416885375977,583
P29353-7,29.1912784576416,25.439416885375977,583
P29372-5,28.496755599975586,14.966994285583496,298
P29372-2,14.388847351074219,14.966994285583496,298
P29372-4,28.433164596557617,14.966994285583496,298
P29466-5,16.26125717163086,17.283863067626953,404
P29466-4,16.26125717163086,17.283863067626953,404
P29466-2,27.84707260131836,17.283863067626953,404
P29466-3,27.654582977294922,17.283863067626953,404
P29508-2,5.678225994110107,6.67188024520874,390
P29558-4,30.076744079589844,24.83942222595215,406
P29558-2,28.12076187133789,24.83942222595215,406
P29692-3,27.575227737426758,24.16957664489746,281
P29692-4,25.690839767456055,24.16957664489746,281
P29972-4,6.044527053833008,5.845386505126953,269
P29972-2,6.044527053833008,5.845386505126953,269
P29972-3,6.044527053833008,5.845386505126953,269
P30038-2,11.026093482971191,4.385653018951416,563
P30038-3,3.8894379138946533,4.385653018951416,563
P30039-2,3.7967050075531006,3.978238344192505,288
P30040-2,22.076486587524414,13.597363471984863,261
P30044-2,27.400108337402344,12.594331741333008,214
P30044-4,12.94296646118164,12.594331741333008,214
P30044-3,10.04525375366211,12.594331741333008,214
P30046-2,2.650343179702759,2.1783251762390137,118
P30047-2,2.0006227493286133,2.101757287979126,84
P30048-2,15.677754402160645,12.738800048828125,256
P30050-2,12.077249526977539,12.253443717956543,165
P30085-2,3.2279605865478516,2.907278299331665,196
P30279-2,9.513734817504883,8.864309310913086,289
P30281-2,10.113831520080566,9.9960355758667,292
P30281-4,13.27721118927002,9.9960355758667,292
P30281-3,8.466793060302734,9.9960355758667,292
P30304-2,29.01482391357422,25.172807693481445,524
P30305-3,29.194805145263672,25.65656089782715,580
P30305-2,28.76470184326172,25.65656089782715,580
P30305-4,29.399253845214844,25.65656089782715,580
P30307-4,29.428749084472656,23.7760009765625,473
P30307-3,29.241252899169922,23.7760009765625,473
P30307-2,29.10767364501953,23.7760009765625,473
P30405-2,9.804168701171875,10.918598175048828,207
P30411-2,20.94800567626953,13.718330383300781,391
P30419-2,28.970836639404297,13.005056381225586,496
P30511-2,10.386255264282227,11.244077682495117,346
P30511-3,26.978260040283203,11.244077682495117,346
P30518-2,18.466638565063477,14.091048240661621,371
P30519-2,24.228702545166016,14.328102111816406,316
P30542-2,6.448651313781738,6.7415313720703125,326
P30566-2,5.314316749572754,4.062047481536865,484
P30613-2,28.783615112304688,8.133038520812988,574
P30626-2,28.77798843383789,12.88322639465332,198
P30626-3,28.565990447998047,12.88322639465332,198
P30711-2,2.608675956726074,2.419374942779541,240
P30740-2,5.568258285522461,5.344358444213867,379
P30793-3,9.58694076538086,11.760479927062988,250
P30793-2,9.58694076538086,11.760479927062988,250
P30793-4,9.58694076538086,11.760479927062988,250
P30874-2,28.08576202392578,13.885202407836914,369
P30926-2,15.842708587646484,14.634316444396973,498
P30968-2,10.506275177001953,10.177536010742188,328
P30988-5,17.498119354248047,16.017887115478516,474
P30988-3,23.053939819335938,16.017887115478516,474
P30988-6,18.441781997680664,16.017887115478516,474
P30988-4,18.41431427001953,16.017887115478516,474
P31153-2,24.935279846191406,3.883704423904419,395
P31260-2,28.579181671142578,27.213314056396484,410
P31314-2,26.47308349609375,25.353479385375977,330
P31431-2,27.688377380371094,26.007932662963867,198
P31483-2,24.8366756439209,23.859458923339844,386
P31483-3,28.97653579711914,23.859458923339844,386
P31689-2,23.335391998291016,18.566776275634766,397
P31749-2,20.77897834777832,14.281779289245605,480
P31751-2,13.142136573791504,14.881441116333008,481
P31785-2,23.136112213134766,20.51995086669922,369
P31939-2,12.938159942626953,4.31883430480957,592
P31942-2,29.127490997314453,25.222393035888672,346
P31942-4,28.958049774169922,25.222393035888672,346
P31942-3,25.46993637084961,25.222393035888672,346
P31942-6,28.846378326416016,25.222393035888672,346
P31942-5,28.846378326416016,25.222393035888672,346
P31947-2,5.136935710906982,6.1308369636535645,248
P31948-3,22.193199157714844,19.68397331237793,543
P31948-2,22.88376235961914,19.68397331237793,543
P31994-2,27.213150024414062,18.382122039794922,310
P31994-5,27.349346160888672,18.382122039794922,310
P31994-4,17.087379455566406,18.382122039794922,310
P31994-3,21.382366180419922,18.382122039794922,310
P31995-4,25.650623321533203,18.982555389404297,323
P31995-3,28.75231170654297,18.982555389404297,323
P31995-2,29.14163589477539,18.982555389404297,323
P32119-2,2.8650331497192383,2.681741714477539,198
P32121-5,10.245347023010254,11.448509216308594,409
P32121-2,15.727226257324219,11.448509216308594,409
P32189-1,9.006165504455566,8.280993461608887,559
P32189-2,16.565099716186523,8.280993461608887,559
P32189-4,28.060312271118164,8.280993461608887,559
P32239-3,22.858108520507812,17.446231842041016,447
P32241-5,23.659738540649414,17.680280685424805,457
P32241-4,22.77465057373047,17.680280685424805,457
P32241-2,25.55645179748535,17.680280685424805,457
P32241-3,19.312360763549805,17.680280685424805,457
P32297-1,28.540800094604492,15.109487533569336,505
P32297-3,13.991668701171875,15.109487533569336,505
P32302-2,25.42504119873047,12.826070785522461,372
P32314-2,28.76032066345215,26.375978469848633,431
P32322-2,28.32658576965332,8.521289825439453,319
P32754-2,3.688251495361328,3.5862905979156494,393
P32780-2,24.924100875854492,20.355056762695312,548
P32856-2,24.350341796875,14.723017692565918,288
P32856-3,24.373165130615234,14.723017692565918,288
P32929-2,3.1164379119873047,3.8166987895965576,405
P32929-3,3.1746397018432617,3.8166987895965576,405
P32970-2,12.027907371520996,14.122204780578613,193
P33240-2,29.376102447509766,27.434389114379883,577
P33241-2,28.962677001953125,27.181941986083984,339
P33241-3,29.245258331298828,27.181941986083984,339
P33260-2,5.760450839996338,5.495489597320557,490
P33316-2,29.029041290283203,19.59018325805664,252
P33681-2,24.3564453125,15.164786338806152,288
P33681-3,16.615028381347656,15.164786338806152,288
P33947-2,4.9295549392700195,4.307738304138184,212
P34810-2,28.762678146362305,20.536922454833984,354
P34810-3,27.518688201904297,20.536922454833984,354
P34820-2,15.915079116821289,15.037208557128906,402
P34896-4,4.508569717407227,3.796689987182617,483
P34896-3,3.616361618041992,3.796689987182617,483
P34896-2,4.152951240539551,3.796689987182617,483
P34897-3,29.187124252319336,6.4200520515441895,504
P34897-2,4.608603477478027,6.4200520515441895,504
P34913-3,14.163211822509766,10.252629280090332,555
P34913-2,13.935070991516113,10.252629280090332,555
P34949-2,4.793115139007568,3.756450891494751,423
P34969-3,27.74258804321289,17.02556610107422,479
P34969-2,27.74258804321289,17.02556610107422,479
P34998-5,19.311725616455078,16.448251724243164,415
P34998-4,12.359992980957031,16.448251724243164,415
P34998-3,21.140701293945312,16.448251724243164,415
P35030-5,29.028615951538086,13.686429023742676,304
P35030-3,29.028615951538086,13.686429023742676,304
P35030-2,28.622028350830078,13.686429023742676,304
P35030-4,29.0202693939209,13.686429023742676,304
P35052-2,28.129047393798828,14.329312324523926,558
P35080-2,3.433159828186035,3.6630101203918457,140
P35232-2,14.601543426513672,12.328949928283691,272
P35240-7,14.470108032226562,13.473570823669434,595
P35240-3,12.406357765197754,13.473570823669434,595
P35240-8,16.922149658203125,13.473570823669434,595
P35240-9,13.435110092163086,13.473570823669434,595
P35240-6,18.045284271240234,13.473570823669434,595
P35240-2,12.406357765197754,13.473570823669434,595
P35240-4,18.045284271240234,13.473570823669434,595
P35240-5,14.417015075683594,13.473570823669434,595
P35240-10,18.045284271240234,13.473570823669434,595
P35241-2,15.33433723449707,13.18033504486084,583
P35241-4,12.151627540588379,13.18033504486084,583
P35241-3,11.358673095703125,13.18033504486084,583
P35249-2,11.836331367492676,11.03664779663086,363
P35250-2,9.833272933959961,10.029047012329102,354
P35348-5,22.3331356048584,17.742042541503906,466
P35348-7,22.3331356048584,17.742042541503906,466
P35348-3,27.19129753112793,17.742042541503906,466
P35348-6,22.26129150390625,17.742042541503906,466
P35348-4,27.19129753112793,17.742042541503906,466
P35348-2,27.19129753112793,17.742042541503906,466
P35348-8,22.26129150390625,17.742042541503906,466
P35348-9,22.3331356048584,17.742042541503906,466
P35372-15,29.098997116088867,15.764374732971191,400
P35372-12,21.07211685180664,15.764374732971191,400
P35372-13,21.622486114501953,15.764374732971191,400
P35372-14,29.098997116088867,15.764374732971191,400
P35372-11,28.646156311035156,15.764374732971191,400
P35372-8,28.646156311035156,15.764374732971191,400
P35372-2,28.646156311035156,15.764374732971191,400
P35372-6,28.646156311035156,15.764374732971191,400
P35372-4,28.646156311035156,15.764374732971191,400
P35372-7,28.646156311035156,15.764374732971191,400
P35372-5,28.646156311035156,15.764374732971191,400
P35372-9,28.646156311035156,15.764374732971191,400
P35372-3,28.646156311035156,15.764374732971191,400
P35372-17,21.69651222229004,15.764374732971191,400
P35372-16,21.450298309326172,15.764374732971191,400
P35372-18,21.568950653076172,15.764374732971191,400
P35398-4,29.290050506591797,21.36147117614746,523
P35398-3,28.257251739501953,21.36147117614746,523
P35398-1,29.239151000976562,21.36147117614746,523
P35452-2,28.118789672851562,25.722318649291992,270
P35462-3,24.47440528869629,15.70233154296875,400
P35503-3,10.01547622680664,7.561618804931641,534
P35504-2,10.064541816711426,7.643665313720703,534
P35520-2,19.87181854248047,12.358519554138184,551
P35557-2,10.102787017822266,5.080268383026123,465
P35557-3,10.102787017822266,5.080268383026123,465
P35575-2,5.8817644119262695,5.707616329193115,357
P35610-3,29.171371459960938,14.479877471923828,550
P35610-2,29.182979583740234,14.479877471923828,550
P35613-2,15.74825382232666,14.343801498413086,385
P35613-3,17.786523818969727,14.343801498413086,385
P35613-4,17.340957641601562,14.343801498413086,385
P35637-2,28.900285720825195,27.88260269165039,526
P35659-2,27.320640563964844,25.406455993652344,375
P35680-3,29.97724151611328,25.929502487182617,557
P35680-4,29.788665771484375,25.929502487182617,557
P35680-2,26.787700653076172,25.929502487182617,557
P35790-2,20.051443099975586,12.691930770874023,457
P35813-2,9.079082489013672,4.784531593322754,382
P35914-3,6.14694881439209,6.1775431632995605,325
P35914-2,5.346983432769775,6.1775431632995605,325
P35998-2,19.413604736328125,13.759623527526855,433
P36268-2,5.146422386169434,6.485948085784912,569
P36268-3,6.105379104614258,6.485948085784912,569
P36269-2,6.284154891967773,7.0912299156188965,586
P36402-8,29.562664031982422,27.13272476196289,384
P36402-10,29.562664031982422,27.13272476196289,384
P36402-6,29.913009643554688,27.13272476196289,384
P36402-16,29.562664031982422,27.13272476196289,384
P36402-2,29.562664031982422,27.13272476196289,384
P36402-14,29.562664031982422,27.13272476196289,384
P36402-7,29.676300048828125,27.13272476196289,384
P36402-13,29.676300048828125,27.13272476196289,384
P36402-9,29.676300048828125,27.13272476196289,384
P36402-15,29.676300048828125,27.13272476196289,384
P36402-3,29.676300048828125,27.13272476196289,384
P36404-2,3.5812692642211914,4.21875,184
P36406-3,18.157407760620117,19.794052124023438,574
P36406-2,18.360454559326172,19.794052124023438,574
P36508-2,28.399822235107422,25.08176612854004,570
P36537-2,5.741795539855957,6.752485752105713,528
P36542-2,18.031986236572266,9.161028861999512,298
P36543-2,15.082776069641113,8.998218536376953,226
P36543-3,7.809438705444336,8.998218536376953,226
P36544-3,16.547794342041016,15.365565299987793,502
P36551-2,14.792339324951172,14.64184284210205,454
P36575-2,16.271926879882812,8.888617515563965,388
P36871-3,3.856560707092285,3.252342939376831,562
P36871-2,3.6089587211608887,3.252342939376831,562
P36873-2,27.77370834350586,5.884394645690918,323
P36896-5,28.204853057861328,18.222684860229492,505
P36896-2,14.741458892822266,18.222684860229492,505
P36896-4,14.8630952835083,18.222684860229492,505
P36896-3,15.740371704101562,18.222684860229492,505
P36897-3,25.44933319091797,17.73422622680664,503
P36941-2,27.95480728149414,24.105403900146484,435
P36952-2,4.26166296005249,3.9248995780944824,375
P36957-2,25.891666412353516,19.350481033325195,453
P36980-2,14.143594741821289,14.460864067077637,270
P37058-2,4.755807876586914,5.622143745422363,310
P37173-2,26.12897491455078,19.606801986694336,567
P37231-2,28.21900177001953,16.854673385620117,505
P37231-3,23.166500091552734,16.854673385620117,505
P37268-2,11.697237968444824,9.053752899169922,417
P37268-3,10.380191802978516,9.053752899169922,417
P37268-4,9.605606079101562,9.053752899169922,417
P37268-5,7.004756927490234,9.053752899169922,417
P37287-3,9.708015441894531,9.334697723388672,484
P37287-2,8.87010383605957,9.334697723388672,484
P37840-2,28.58561897277832,23.89642906188965,140
P37840-3,23.41241455078125,23.89642906188965,140
P38117-2,4.545241355895996,4.390434265136719,255
P38159-3,28.225074768066406,27.428071975708008,391
P38159-2,24.630647659301758,27.428071975708008,391
P38405-3,7.155616760253906,6.644181251525879,381
P38405-2,15.415241241455078,6.644181251525879,381
P38567-2,28.859378814697266,9.957642555236816,509
P38571-2,11.126605033874512,6.810710906982422,399
P39656-3,7.168251991271973,9.718485832214355,456
P39656-2,8.072502136230469,9.718485832214355,456
P39905-5,29.140724182128906,22.126861572265625,211
P39905-2,28.71084976196289,22.126861572265625,211
P39905-4,29.16229820251465,22.126861572265625,211
P40121-2,13.477678298950195,10.862655639648438,348
P40123-3,24.968584060668945,21.516887664794922,477
P40123-2,20.768802642822266,21.516887664794922,477
P40198-2,25.58136749267578,19.67102813720703,252
P40198-3,28.635826110839844,19.67102813720703,252
P40200-2,24.632469177246094,24.70890235900879,585
P40225-3,24.910377502441406,23.853302001953125,353
P40225-2,20.95343780517578,23.853302001953125,353
P40227-2,6.012917518615723,7.04266881942749,531
P40259-2,24.82561492919922,20.39080047607422,229
P40305-4,23.749435424804688,20.601987838745117,122
P40305-1,18.956581115722656,20.601987838745117,122
P40305-3,23.52781867980957,20.601987838745117,122
P40337-3,28.008079528808594,14.036191940307617,213
P40337-2,11.289350509643555,14.036191940307617,213
P40394-2,16.754344940185547,4.110392093658447,386
P40424-2,28.6859073638916,22.903146743774414,430
P40424-3,29.406291961669922,22.903146743774414,430
P40426-4,29.484989166259766,22.48647689819336,434
P40426-2,28.642417907714844,22.48647689819336,434
P40426-3,24.336666107177734,22.48647689819336,434
P40426-5,26.447242736816406,22.48647689819336,434
P40616-2,18.408716201782227,7.275113582611084,181
P40925-2,3.1272644996643066,2.8854477405548096,334
P40926-2,4.005429267883301,5.498608112335205,338
P40933-2,24.096891403198242,12.423830032348633,162
P40937-2,21.943424224853516,8.807076454162598,340
P40938-2,9.37930679321289,7.667757987976074,356
P41134-2,27.57123565673828,22.79429817199707,155
P41145-2,20.135913848876953,14.240470886230469,380
P41146-2,9.061369895935059,13.204543113708496,370
P41162-2,29.347675323486328,27.336589813232422,512
P41214-2,27.198062896728516,22.739368438720703,584
P41217-2,25.149131774902344,13.81320858001709,278
P41217-3,28.184307098388672,13.81320858001709,278
P41221-2,29.219268798828125,10.67456340789795,380
P41223-2,5.96142578125,5.148919582366943,144
P41227-2,10.037956237792969,13.61622428894043,235
P41235-7,28.904863357543945,19.80769157409668,474
P41235-3,28.751401901245117,19.80769157409668,474
P41235-6,28.899620056152344,19.80769157409668,474
P41235-5,27.918270111083984,19.80769157409668,474
P41235-2,28.370018005371094,19.80769157409668,474
P41247-2,3.823639392852783,3.783327341079712,253
P41439-4,15.637518882751465,9.065239906311035,245
P41440-3,24.37930679321289,16.928979873657227,591
P41440-2,17.432357788085938,16.928979873657227,591
P41586-3,25.858741760253906,17.141067504882812,468
P41586-5,21.907756805419922,17.141067504882812,468
P41586-4,18.658802032470703,17.141067504882812,468
P41587-2,21.107959747314453,16.53223991394043,438
P41597-2,26.009559631347656,14.734707832336426,374
P42081-4,29.247737884521484,17.597185134887695,329
P42081-3,28.82094955444336,17.597185134887695,329
P42081-6,18.023378372192383,17.597185134887695,329
P42081-5,18.17406463623047,17.597185134887695,329
P42081-2,27.528789520263672,17.597185134887695,329
P42126-2,5.8497419357299805,8.429969787597656,302
P42330-2,3.0166006088256836,2.816340684890747,323
P42568-2,25.436874389648438,26.447099685668945,568
P42575-3,29.32071304321289,18.6506290435791,452
P42575-2,29.22283935546875,18.6506290435791,452
P42679-3,28.725086212158203,12.998164176940918,507
P42679-2,29.201580047607422,12.998164176940918,507
P42685-2,13.272699356079102,10.888900756835938,505
P42696-2,25.896318435668945,23.39349365234375,430
P42771-4,25.18503189086914,12.047090530395508,156
P42771-2,13.740802764892578,12.047090530395508,156
P42771-3,13.908683776855469,12.047090530395508,156
P42772-2,9.668035507202148,7.315374851226807,138
P42857-2,28.21408462524414,25.86556625366211,185
P43003-2,12.55919075012207,14.645331382751465,542
P43004-3,28.881011962890625,14.43029499053955,574
P43004-2,29.147689819335938,14.43029499053955,574
P43007-2,15.538215637207031,13.834367752075195,532
P43034-2,24.169286727905273,12.364104270935059,410
P43088-6,17.207130432128906,12.937996864318848,359
P43088-5,17.315380096435547,12.937996864318848,359
P43088-7,17.207130432128906,12.937996864318848,359
P43088-3,17.10967254638672,12.937996864318848,359
P43088-4,17.207130432128906,12.937996864318848,359
P43088-2,17.207130432128906,12.937996864318848,359
P43115-4,25.505571365356445,13.742748260498047,390
P43115-3,25.505571365356445,13.742748260498047,390
P43115-2,25.505571365356445,13.742748260498047,390
P43115-9,25.505571365356445,13.742748260498047,390
P43115-5,25.505571365356445,13.742748260498047,390
P43115-8,25.505571365356445,13.742748260498047,390
P43115-7,25.505571365356445,13.742748260498047,390
P43115-11,25.505571365356445,13.742748260498047,390
P43115-6,25.505571365356445,13.742748260498047,390
P43115-10,25.505571365356445,13.742748260498047,390
P43115-12,25.505571365356445,13.742748260498047,390
P43166-2,3.776012897491455,2.906522512435913,264
P43250-3,27.933231353759766,7.82996940612793,576
P43250-2,27.933231353759766,7.82996940612793,576
P43268-3,29.761783599853516,27.31525421142578,484
P43268-2,29.845548629760742,27.31525421142578,484
P43307-2,19.430072784423828,20.543987274169922,286
P43351-4,21.46780776977539,22.535266876220703,418
P43351-3,22.089588165283203,22.535266876220703,418
P43351-2,24.082477569580078,22.535266876220703,418
P43353-2,3.864739418029785,4.252771377563477,468
P43354-2,27.674959182739258,23.866167068481445,598
P43364-2,29.04543113708496,21.512989044189453,429
P43487-2,14.522500038146973,14.8718843460083,201
P43626-2,26.644092559814453,19.603059768676758,348
P43628-2,19.20147705078125,19.533233642578125,341
P43629-2,18.724220275878906,19.13896942138672,444
P43630-2,26.33884048461914,19.12338638305664,455
P43686-2,17.18667221069336,14.246405601501465,418
P43897-3,11.898822784423828,10.745211601257324,325
P43897-4,11.191529273986816,10.745211601257324,325
P45378-4,27.210758209228516,22.04018783569336,269
P45378-5,27.552125930786133,22.04018783569336,269
P45378-6,27.779897689819336,22.04018783569336,269
P45378-7,27.484447479248047,22.04018783569336,269
P45378-2,26.29245948791504,22.04018783569336,269
P45378-3,27.51915740966797,22.04018783569336,269
P45379-5,22.76430892944336,22.618305206298828,298
P45379-10,23.152542114257812,22.618305206298828,298
P45379-3,25.092594146728516,22.618305206298828,298
P45379-2,24.287879943847656,22.618305206298828,298
P45379-4,26.489116668701172,22.618305206298828,298
P45379-8,24.88395881652832,22.618305206298828,298
P45379-7,25.417430877685547,22.618305206298828,298
P45379-11,26.420127868652344,22.618305206298828,298
P45379-6,24.89896011352539,22.618305206298828,298
P45379-9,23.685279846191406,22.618305206298828,298
P45379-12,26.613510131835938,22.618305206298828,298
P45880-2,22.404754638671875,6.69653844833374,294
P45880-1,23.100000381469727,6.69653844833374,294
P45954-2,13.27987289428711,7.073254108428955,432
P45983-3,11.881731033325195,11.277103424072266,427
P45984-5,12.809853553771973,11.581406593322754,424
P45984-4,8.55370807647705,11.581406593322754,424
P46098-3,26.529644012451172,14.158050537109375,478
P46098-5,18.42648696899414,14.158050537109375,478
P46108-2,27.886796951293945,21.88934898376465,304
P46597-2,4.840461254119873,4.036118507385254,345
P46734-2,29.48086166381836,11.935802459716797,347
P46734-3,29.488754272460938,11.935802459716797,347
P46736-4,11.373197555541992,10.519457817077637,316
P46736-2,23.933128356933594,10.519457817077637,316
P46736-3,11.197530746459961,10.519457817077637,316
P46736-5,13.062369346618652,10.519457817077637,316
P46779-4,6.657075881958008,6.0053277015686035,137
P46779-5,6.711103916168213,6.0053277015686035,137
P46779-3,10.265235900878906,6.0053277015686035,137
P46779-2,10.685823440551758,6.0053277015686035,137
P46926-2,4.655354022979736,5.347505569458008,289
P46937-5,28.680837631225586,27.502071380615234,504
P46937-4,29.25363540649414,27.502071380615234,504
P46937-3,28.680837631225586,27.502071380615234,504
P46937-6,27.347639083862305,27.502071380615234,504
P46937-7,28.451858520507812,27.502071380615234,504
P46937-2,27.886333465576172,27.502071380615234,504
P46937-8,27.84532928466797,27.502071380615234,504
P46952-2,3.904003143310547,3.6032936573028564,286
P46976-2,24.450626373291016,13.119550704956055,350
P46976-3,17.44792366027832,13.119550704956055,350
P47710-3,26.131710052490234,25.429365158081055,185
P47710-4,27.753074645996094,25.429365158081055,185
P47710-2,23.54619598388672,25.429365158081055,185
P47755-2,7.359277248382568,6.644811630249023,286
P47804-3,6.191283226013184,6.6302714347839355,291
P47869-2,21.025524139404297,14.408709526062012,451
P47870-3,28.885517120361328,17.559673309326172,512
P47870-4,24.433612823486328,17.559673309326172,512
P47870-1,27.12466812133789,17.559673309326172,512
P47902-2,28.362735748291016,25.11705207824707,265
P48023-2,28.337539672851562,20.46552085876465,281
P48048-2,27.586376190185547,13.521157264709473,391
P48048-3,27.619138717651367,13.521157264709473,391
P48060-2,12.991828918457031,11.96121883392334,266
P48061-2,15.738763809204102,12.922187805175781,93
P48061-3,15.738763809204102,12.922187805175781,93
P48061-5,15.284090995788574,12.922187805175781,93
P48061-6,15.738763809204102,12.922187805175781,93
P48061-4,15.284090995788574,12.922187805175781,93
P48061-7,18.713157653808594,12.922187805175781,93
P48163-2,5.4933061599731445,4.39520263671875,572
P48167-2,20.190711975097656,16.6036376953125,497
P48307-2,9.108968734741211,12.108918190002441,235
P48426-2,16.503223419189453,10.51526927947998,406
P48444-2,23.54580307006836,19.878032684326172,511
P48454-2,23.123605728149414,11.753650665283203,512
P48507-2,5.3761725425720215,5.458308696746826,274
P48546-2,24.917461395263672,16.85261344909668,466
P48546-3,19.27667999267578,16.85261344909668,466
P48547-2,28.632036209106445,15.752639770507812,511
P48549-2,20.34258270263672,18.96942710876465,501
P48551-3,29.038232803344727,24.828523635864258,515
P48551-2,29.715782165527344,24.828523635864258,515
P48637-2,3.832005500793457,4.022022724151611,474
P48643-2,10.686628341674805,8.890666007995605,541
P48651-2,13.521815299987793,13.181867599487305,473
P48651-3,28.117584228515625,13.181867599487305,473
P48664-2,16.83895492553711,15.316712379455566,564
P48728-4,5.165017127990723,5.971731662750244,403
P48728-2,4.843222618103027,5.971731662750244,403
P48728-3,4.404596328735352,5.971731662750244,403
P48729-3,28.176538467407227,7.449559211730957,337
P48730-2,28.852209091186523,14.093017578125,415
P48735-2,22.075767517089844,7.887618541717529,452
P48739-2,8.716666221618652,4.160564422607422,271
P48739-3,3.4600629806518555,4.160564422607422,271
P48788-2,18.726825714111328,17.218421936035156,182
P49023-4,28.375438690185547,25.212379455566406,591
P49023-2,28.940860748291016,25.212379455566406,591
P49023-3,28.940860748291016,25.212379455566406,591
P49137-2,17.03007698059082,13.179574966430664,400
P49189-2,3.4130053520202637,2.916840076446533,494
P49279-2,13.091657638549805,10.289355278015137,550
P49281-5,29.128747940063477,11.329702377319336,568
P49281-2,24.089393615722656,11.329702377319336,568
P49281-3,29.128747940063477,11.329702377319336,568
P49326-2,5.094701766967773,4.836491584777832,533
P49326-3,7.189931392669678,4.836491584777832,533
P49336-2,23.61231231689453,13.84602165222168,464
P49354-2,8.684198379516602,10.210030555725098,379
P49356-2,9.579814910888672,4.941702365875244,437
P49366-3,7.272042274475098,5.006837368011475,369
P49366-2,3.7873992919921875,5.006837368011475,369
P49368-2,8.107573509216309,9.001443862915039,545
P49407-2,20.05777359008789,12.3391752243042,418
P49419-2,26.639467239379883,5.13948392868042,539
P49419-4,4.258881568908691,5.13948392868042,539
P49447-2,6.762707710266113,6.2427897453308105,251
P49450-2,14.045209884643555,15.752142906188965,140
P49458-2,7.459083557128906,6.356679439544678,86
P49459-3,4.393853187561035,3.918022871017456,152
P49459-2,3.3241803646087646,3.918022871017456,152
P49590-2,19.028066635131836,10.334566116333008,506
P49593-2,11.459607124328613,9.254453659057617,454
P49639-2,29.78704261779785,26.58420181274414,335
P49639-3,28.621501922607422,26.58420181274414,335
P49643-2,14.790748596191406,13.751660346984863,509
P49662-4,17.406328201293945,16.964200973510742,377
P49662-2,28.115070343017578,16.964200973510742,377
P49662-3,29.08462142944336,16.964200973510742,377
P49662-5,25.161529541015625,16.964200973510742,377
P49682-2,28.974885940551758,14.259466171264648,368
P49682-3,15.043874740600586,14.259466171264648,368
P49753-2,10.784141540527344,9.128479957580566,483
P49758-16,26.671737670898438,10.942702293395996,472
P49758-5,26.671737670898438,10.942702293395996,472
P49758-8,26.671737670898438,10.942702293395996,472
P49758-13,26.671737670898438,10.942702293395996,472
P49758-14,26.671737670898438,10.942702293395996,472
P49758-15,26.671737670898438,10.942702293395996,472
P49758-2,26.671737670898438,10.942702293395996,472
P49758-6,12.855755805969238,10.942702293395996,472
P49758-12,26.607219696044922,10.942702293395996,472
P49758-11,12.855755805969238,10.942702293395996,472
P49758-7,8.933893203735352,10.942702293395996,472
P49758-10,12.855755805969238,10.942702293395996,472
P49758-9,12.174322128295898,10.942702293395996,472
P49759-2,27.45363998413086,14.935352325439453,484
P49760-3,25.552207946777344,15.432793617248535,499
P49760-2,27.48782730102539,15.432793617248535,499
P49763-2,26.932466506958008,21.518457412719727,221
P49763-3,26.933408737182617,21.518457412719727,221
P49765-2,28.077102661132812,21.171836853027344,207
P49768-6,26.974117279052734,17.423995971679688,467
P49768-2,28.284557342529297,17.423995971679688,467
P49768-7,15.95112419128418,17.423995971679688,467
P49768-5,18.370933532714844,17.423995971679688,467
P49768-3,29.012775421142578,17.423995971679688,467
P49768-4,19.067367553710938,17.423995971679688,467
P49771-2,28.36574935913086,18.38228988647461,235
P49771-3,18.72553062438965,18.38228988647461,235
P49788-2,16.361351013183594,14.961751937866211,294
P49798-5,28.58318519592285,16.214847564697266,205
P49798-2,10.94362735748291,16.214847564697266,205
P49798-4,21.245216369628906,16.214847564697266,205
P49802-2,27.485492706298828,12.214349746704102,495
P49802-3,26.25780487060547,12.214349746704102,495
P49802-5,27.934459686279297,12.214349746704102,495
P49802-4,16.005064010620117,12.214349746704102,495
P49810-2,15.768755912780762,16.64937973022461,448
P49810-3,27.842281341552734,16.64937973022461,448
P49821-2,24.39096450805664,5.745039463043213,464
P49862-2,11.944368362426758,7.4523115158081055,253
P49902-2,10.331727981567383,9.297494888305664,561
P49903-3,10.159518241882324,6.577057838439941,392
P49903-4,8.927887916564941,6.577057838439941,392
P49903-2,5.289346694946289,6.577057838439941,392
P49914-2,3.6507654190063477,3.565701723098755,203
P49918-2,29.168703079223633,26.39105224609375,316
P49961-5,12.454325675964355,10.07095718383789,510
P49961-4,11.37842845916748,10.07095718383789,510
P49961-2,25.60552215576172,10.07095718383789,510
P49961-6,25.513092041015625,10.07095718383789,510
P49961-3,26.283889770507812,10.07095718383789,510
P50053-2,3.427433967590332,2.8036575317382812,298
P50135-3,4.276599407196045,3.439892530441284,292
P50135-2,3.9547722339630127,3.439892530441284,292
P50213-2,10.464298248291016,6.567641735076904,366
P50219-2,29.181629180908203,26.870548248291016,401
P50221-3,28.854644775390625,25.511655807495117,254
P50221-2,28.376176834106445,25.511655807495117,254
P50225-2,3.3633484840393066,3.0216028690338135,295
P50395-2,4.483333587646484,4.534018516540527,445
P50440-2,29.20747184753418,8.879454612731934,423
P50440-3,6.324073791503906,8.879454612731934,423
P50452-2,6.5084733963012695,5.8473219871521,374
P50452-3,6.291122913360596,5.8473219871521,374
P50461-2,22.95197105407715,20.69723129272461,194
P50479-2,29.20853614807129,25.18313980102539,330
P50539-2,28.823566436767578,23.468490600585938,228
P50539-4,27.23052215576172,23.468490600585938,228
P50539-3,28.374897003173828,23.468490600585938,228
P50548-2,27.141521453857422,27.400131225585938,548
P50549-5,29.365978240966797,27.12765884399414,477
P50549-2,28.39105987548828,27.12765884399414,477
P50549-3,29.18133544921875,27.12765884399414,477
P50549-4,29.535045623779297,27.12765884399414,477
P50549-6,29.258129119873047,27.12765884399414,477
P50579-2,26.588871002197266,12.2926025390625,478
P50579-3,8.902532577514648,12.2926025390625,478
P50591-2,27.395957946777344,18.451019287109375,281
P50607-2,29.300777435302734,21.785511016845703,506
P50749-2,26.11846160888672,16.174047470092773,326
P50897-2,6.444330215454102,7.301433086395264,306
P50990-3,9.915825843811035,8.640497207641602,548
P50990-2,16.375335693359375,8.640497207641602,548
P50991-2,8.275343894958496,9.398611068725586,539
P50995-2,28.981605529785156,17.633827209472656,505
P51157-2,25.419912338256836,10.995536804199219,221
P51157-3,25.357154846191406,10.995536804199219,221
P51159-2,7.948356628417969,11.071210861206055,221
P51398-2,23.444217681884766,10.206225395202637,398
P51398-3,8.46400260925293,10.206225395202637,398
P51452-2,4.653540134429932,3.4597225189208984,185
P51460-2,20.789682388305664,18.3486385345459,131
P51513-2,26.31327247619629,24.52177619934082,507
P51513-5,26.53403091430664,24.52177619934082,507
P51522-2,17.99085235595703,21.069076538085938,516
P51553-2,9.003493309020996,8.613717079162598,393
P51606-2,5.180660247802734,4.8461079597473145,427
P51608-2,29.410564422607422,27.797332763671875,486
P51636-2,28.359060287475586,18.790313720703125,162
P51636-3,24.834732055664062,18.790313720703125,162
P51648-2,24.810291290283203,4.86030387878418,485
P51654-2,13.64837646484375,17.071495056152344,580
P51674-3,25.440074920654297,12.207287788391113,278
P51674-2,25.440074920654297,12.207287788391113,278
P51685-2,14.22693920135498,12.862765312194824,355
P51686-2,29.470470428466797,12.669508934020996,369
P51689-3,7.491672039031982,7.2039079666137695,593
P51689-2,7.346656322479248,7.2039079666137695,593
P51809-2,19.697689056396484,12.8765287399292,220
P51809-3,10.625152587890625,12.8765287399292,220
P51815-2,27.598857879638672,25.177297592163086,510
P51854-4,7.795734405517578,5.027099132537842,596
P51854-1,5.6410980224609375,5.027099132537842,596
P51857-2,3.3690199851989746,2.9198501110076904,326
P51857-3,2.638981580734253,2.9198501110076904,326
P51858-2,21.17983627319336,23.847257614135742,240
P51858-3,21.17983627319336,23.847257614135742,240
P51878-3,29.27057647705078,19.578786849975586,434
P51878-6,27.910144805908203,19.578786849975586,434
P51878-2,27.784597396850586,19.578786849975586,434
P51878-4,27.867443084716797,19.578786849975586,434
P51911-2,22.336732864379883,21.3066463470459,297
P51948-2,22.746253967285156,17.657764434814453,309
P51955-3,28.415796279907227,17.8603515625,445
P51955-2,28.63311767578125,17.8603515625,445
P51955-4,27.923198699951172,17.8603515625,445
P51959-2,9.997404098510742,9.691709518432617,295
P51965-2,24.270124435424805,11.859969139099121,193
P51965-3,8.602272987365723,11.859969139099121,193
P51991-2,28.798328399658203,23.158967971801758,378
P51993-2,10.048151016235352,11.056323051452637,359
P52209-2,4.903436660766602,3.8803458213806152,483
P52298-2,11.113282203674316,5.483029365539551,156
P52298-3,4.975762367248535,5.483029365539551,156
P52429-2,14.135053634643555,10.871283531188965,567
P52434-3,8.155092239379883,8.015600204467773,150
P52434-5,7.5926313400268555,8.015600204467773,150
P52434-2,9.842120170593262,8.015600204467773,150
P52434-4,7.430098533630371,8.015600204467773,150
P52564-2,20.1807861328125,10.975688934326172,334
P52565-2,5.737176895141602,6.918468952178955,204
P52594-2,29.541378021240234,27.12859535217285,562
P52594-3,28.918750762939453,27.12859535217285,562
P52594-4,29.765430450439453,27.12859535217285,562
P52738-2,28.140941619873047,22.683034896850586,457
P52741-2,27.390323638916016,21.341991424560547,427
P52744-2,28.296451568603516,20.056188583374023,262
P52744-3,28.61111068725586,20.056188583374023,262
P52757-4,17.92957305908203,14.12171745300293,468
P52757-8,17.252262115478516,14.12171745300293,468
P52757-3,18.298362731933594,14.12171745300293,468
P52757-9,28.974353790283203,14.12171745300293,468
P52757-5,16.673946380615234,14.12171745300293,468
P52757-7,14.554594039916992,14.12171745300293,468
P52757-6,14.554594039916992,14.12171745300293,468
P52788-2,6.622912883758545,4.781622409820557,366
P52797-2,26.193523406982422,19.076248168945312,238
P52798-2,25.932050704956055,14.858196258544922,201
P52798-3,25.932050704956055,14.858196258544922,201
P52823-2,19.711732864379883,16.788145065307617,247
P52895-2,3.2984349727630615,3.0254673957824707,323
P52926-6,28.923076629638672,24.0935115814209,109
P52926-3,28.923076629638672,24.0935115814209,109
P52926-2,28.923076629638672,24.0935115814209,109
P52926-5,28.923076629638672,24.0935115814209,109
P52926-4,28.923076629638672,24.0935115814209,109
P52943-2,21.29763412475586,21.599111557006836,208
P52952-3,29.554075241088867,26.31501579284668,324
P52952-2,29.554075241088867,26.31501579284668,324
P53365-2,23.116519927978516,15.515320777893066,341
P53365-3,26.2415771484375,15.515320777893066,341
P53367-3,18.482311248779297,17.524282455444336,373
P53367-2,28.09320068359375,17.524282455444336,373
P53370-2,11.284546852111816,10.238062858581543,316
P53384-2,7.9504265785217285,8.553906440734863,320
P53539-9,29.63524055480957,26.354320526123047,338
P53539-7,29.636234283447266,26.354320526123047,338
P53539-8,27.969390869140625,26.354320526123047,338
P53539-10,29.734764099121094,26.354320526123047,338
P53539-3,28.47916030883789,26.354320526123047,338
P53539-4,28.854938507080078,26.354320526123047,338
P53539-5,27.974824905395508,26.354320526123047,338
P53539-6,28.5778865814209,26.354320526123047,338
P53539-2,24.434051513671875,26.354320526123047,338
P53609-2,4.1613850593566895,4.977014064788818,377
P53634-2,9.42754077911377,6.789400577545166,463
P53634-3,9.42754077911377,6.789400577545166,463
P53677-2,8.58949089050293,7.060907363891602,418
P53680-2,2.7723937034606934,2.8282086849212646,142
P53778-2,4.585574150085449,6.994884490966797,367
P53779-2,28.756441116333008,14.042903900146484,464
P53779-3,28.701414108276367,14.042903900146484,464
P53805-3,25.998502731323242,22.915266036987305,252
P53805-2,26.06714630126953,22.915266036987305,252
P53805-4,26.894365310668945,22.915266036987305,252
P53985-2,16.443889617919922,11.687224388122559,500
P53990-2,29.221525192260742,21.967697143554688,364
P53990-5,29.735055923461914,21.967697143554688,364
P53990-3,29.807086944580078,21.967697143554688,364
P53990-6,29.735055923461914,21.967697143554688,364
P54107-2,7.118565559387207,7.373880863189697,249
P54219-2,18.820446014404297,14.38980484008789,525
P54219-3,10.39290714263916,14.38980484008789,525
P54252-1,29.091793060302734,21.025161743164062,361
P54252-5,26.88713264465332,21.025161743164062,361
P54252-3,18.994443893432617,21.025161743164062,361
P54252-4,17.614643096923828,21.025161743164062,361
P54274-2,27.38597869873047,21.782608032226562,439
P54284-2,27.8653507232666,18.21109390258789,484
P54284-3,29.405471801757812,18.21109390258789,484
P54284-4,29.405471801757812,18.21109390258789,484
P54284-5,13.58319091796875,18.21109390258789,484
P54315-3,7.579132080078125,5.483449459075928,467
P54315-2,7.579132080078125,5.483449459075928,467
P54578-2,23.007781982421875,15.327430725097656,494
P54578-3,25.904102325439453,15.327430725097656,494
P54619-2,21.685985565185547,8.372441291809082,331
P54687-4,28.05194854736328,5.064276695251465,386
P54687-2,6.31471061706543,5.064276695251465,386
P54687-5,28.05194854736328,5.064276695251465,386
P54687-3,3.697824001312256,5.064276695251465,386
P54709-2,25.316547393798828,8.361018180847168,279
P54710-2,22.52300262451172,15.858126640319824,66
P54725-3,26.940608978271484,25.719114303588867,363
P54725-2,27.51165771484375,25.719114303588867,363
P54727-2,28.447391510009766,26.027671813964844,409
P54750-2,26.861011505126953,14.013649940490723,535
P54750-6,28.590824127197266,14.013649940490723,535
P54750-3,26.82394790649414,14.013649940490723,535
P54750-4,18.377365112304688,14.013649940490723,535
P54750-8,28.55206298828125,14.013649940490723,535
P54750-7,28.590824127197266,14.013649940490723,535
P54750-5,18.377365112304688,14.013649940490723,535
P54750-9,28.55206298828125,14.013649940490723,535
P54819-4,26.62605094909668,6.393497943878174,239
P54819-2,16.647186279296875,6.393497943878174,239
P54819-6,8.427846908569336,6.393497943878174,239
P54819-5,6.795331001281738,6.393497943878174,239
P54819-3,6.685757637023926,6.393497943878174,239
P54821-2,27.048120498657227,23.57349395751953,245
P54829-3,29.642444610595703,21.047840118408203,565
P54829-2,28.384614944458008,21.047840118408203,565
P54845-2,25.58376121520996,22.47385597229004,237
P54849-2,5.769688606262207,5.523104190826416,157
P54868-3,5.102588653564453,6.75058126449585,508
P54868-2,4.804184436798096,6.75058126449585,508
P55001-3,27.226470947265625,23.034996032714844,183
P55001-2,26.667583465576172,23.034996032714844,183
P55008-2,10.007665634155273,9.426628112792969,147
P55008-3,24.510272979736328,9.426628112792969,147
P55036-2,29.328052520751953,22.266983032226562,377
P55055-2,25.185138702392578,19.054811477661133,460
P55058-4,10.975111961364746,9.265670776367188,493
P55058-2,9.721012115478516,9.265670776367188,493
P55058-3,10.063726425170898,9.265670776367188,493
P55075-2,24.418357849121094,16.010738372802734,233
P55075-3,24.85148048400879,16.010738372802734,233
P55082-2,27.384592056274414,24.78961944580078,362
P55083-2,27.937007904052734,7.8640828132629395,255
P55084-2,28.96273422241211,7.801113605499268,474
P55087-2,26.11627960205078,13.851948738098145,323
P55209-3,18.947776794433594,16.578731536865234,391
P55209-2,29.201200485229492,16.578731536865234,391
P55210-4,28.372493743896484,12.96792221069336,303
P55210-2,14.020597457885742,12.96792221069336,303
P55211-3,26.316543579101562,18.046823501586914,416
P55211-4,26.573917388916016,18.046823501586914,416
P55211-2,19.541690826416016,18.046823501586914,416
P55212-2,10.853437423706055,10.71928596496582,293
P55259-3,21.952247619628906,21.723447799682617,537
P55259-4,28.684005737304688,21.723447799682617,537
P55259-2,28.546974182128906,21.723447799682617,537
P55263-2,22.436767578125,5.602370262145996,362
P55263-4,10.139130592346191,5.602370262145996,362
P55263-3,4.420103549957275,5.602370262145996,362
P55317-2,29.695037841796875,27.290693283081055,472
P55327-8,28.827299118041992,25.151168823242188,224
P55327-2,29.653535842895508,25.151168823242188,224
P55327-3,29.71117401123047,25.151168823242188,224
P55327-4,28.758586883544922,25.151168823242188,224
P55327-5,24.233184814453125,25.151168823242188,224
P55345-7,10.790336608886719,11.060537338256836,433
P55345-3,9.228940963745117,11.060537338256836,433
P55345-4,10.790336608886719,11.060537338256836,433
P55345-6,12.409370422363281,11.060537338256836,433
P55345-2,12.844335556030273,11.060537338256836,433
P55347-2,29.237472534179688,25.378366470336914,436
P55735-2,8.763450622558594,7.77841329574585,322
P55773-2,21.348739624023438,17.575347900390625,120
P55789-2,27.96179962158203,18.531492233276367,205
P55809-2,6.30632209777832,6.710395812988281,520
P55822-2,24.00742530822754,22.619930267333984,239
P55916-3,14.89327335357666,14.058781623840332,312
P55916-2,14.837247848510742,14.058781623840332,312
P55957-4,16.66061782836914,14.680578231811523,195
P55957-3,18.11787986755371,14.680578231811523,195
P56134-2,21.440340042114258,14.142258644104004,94
P56134-4,21.82621955871582,14.142258644104004,94
P56134-3,16.575925827026367,14.142258644104004,94
P56159-2,24.574565887451172,18.06492805480957,465
P56177-2,29.173397064208984,25.300899505615234,255
P56178-2,28.325531005859375,26.21964454650879,289
P56180-4,22.884567260742188,14.876821517944336,551
P56180-3,26.68236541748047,14.876821517944336,551
P56180-2,28.423389434814453,14.876821517944336,551
P56181-2,23.485980987548828,21.602195739746094,108
P56211-2,26.89225196838379,22.606664657592773,112
P56270-2,29.380468368530273,26.318470001220703,477
P56270-3,29.68912124633789,26.318470001220703,477
P56270-4,28.25910186767578,26.318470001220703,477
P56282-3,7.822108268737793,8.41342830657959,527
P56282-2,6.47447395324707,8.41342830657959,527
P56377-2,5.464743614196777,5.405128002166748,157
P56537-2,7.035972595214844,6.959017276763916,245
P56545-3,27.031551361083984,13.319726943969727,445
P56545-2,26.820606231689453,13.319726943969727,445
P56693-2,29.955516815185547,27.3487491607666,466
P56705-2,14.416738510131836,8.406311988830566,351
P56817-5,16.591144561767578,11.740324020385742,501
P56817-6,12.779057502746582,11.740324020385742,501
P56817-3,8.441316604614258,11.740324020385742,501
P56817-4,8.759477615356445,11.740324020385742,501
P56817-2,8.016596794128418,11.740324020385742,501
P56856-2,15.71910285949707,16.565053939819336,261
P56937-2,12.344407081604004,6.170156955718994,341
P56937-3,7.254995346069336,6.170156955718994,341
P57054-2,25.168842315673828,15.560887336730957,158
P57054-3,19.607685089111328,15.560887336730957,158
P57077-1,27.506439208984375,14.919559478759766,142
P57081-3,10.018526077270508,9.704596519470215,412
P57081-2,11.512165069580078,9.704596519470215,412
P57087-3,28.0703125,15.24347972869873,298
P57087-2,13.763782501220703,15.24347972869873,298
P57682-2,28.596200942993164,26.020801544189453,345
P57721-2,25.414840698242188,22.032787322998047,371
P57721-5,28.37186622619629,22.032787322998047,371
P57721-4,26.5770263671875,22.032787322998047,371
P57721-3,24.133699417114258,22.032787322998047,371
P57723-2,20.597900390625,23.017024993896484,403
P57727-2,16.996761322021484,11.256850242614746,454
P57727-5,17.232891082763672,11.256850242614746,454
P57727-3,10.504467010498047,11.256850242614746,454
P57727-4,11.655848503112793,11.256850242614746,454
P57768-2,18.695293426513672,22.95775604248047,344
P57771-2,28.185684204101562,12.691543579101562,180
P57772-2,11.393693923950195,12.650314331054688,596
P57773-2,29.808015823364258,23.663637161254883,515
P57789-4,25.170433044433594,21.28511619567871,538
P57789-3,25.170433044433594,21.28511619567871,538
P57796-2,27.41443634033203,22.571319580078125,275
P58005-4,12.24944019317627,11.573835372924805,492
P58335-3,27.34442138671875,22.17538070678711,489
P58335-4,28.464771270751953,22.17538070678711,489
P58335-2,23.373735427856445,22.17538070678711,489
P58340-5,16.071687698364258,18.402456283569336,268
P58340-4,21.061809539794922,18.402456283569336,268
P58340-2,19.89933204650879,18.402456283569336,268
P58340-3,21.061809539794922,18.402456283569336,268
P58418-1,16.670995712280273,7.4067888259887695,232
P58499-3,24.346813201904297,11.290611267089844,235
P58512-2,29.185375213623047,26.04051399230957,204
P58512-3,27.99014663696289,26.04051399230957,204
P58658-2,27.305484771728516,23.19538116455078,441
P58658-3,27.109207153320312,23.19538116455078,441
P58753-2,13.694574356079102,17.086977005004883,221
P58753-3,16.575000762939453,17.086977005004883,221
P58872-2,26.073678970336914,15.31795883178711,404
P58872-3,22.996055603027344,15.31795883178711,404
P59052-2,27.307050704956055,23.488466262817383,145
P59103-3,23.906646728515625,21.121492385864258,153
P59103-2,23.22488021850586,21.121492385864258,153
P59103-4,24.440135955810547,21.121492385864258,153
P59190-2,10.359820365905762,9.225458145141602,212
P59780-2,14.64000129699707,12.868077278137207,193
P59901-2,20.637571334838867,17.196279525756836,499
P59910-2,19.86931037902832,16.46659278869629,316
P59998-4,4.430270671844482,4.0432257652282715,168
P59998-2,4.357366561889648,4.0432257652282715,168
P60174-4,3.09226655960083,2.7530524730682373,249
P60201-2,21.75897216796875,13.717355728149414,277
P60484-3,11.264486312866211,10.718993186950684,403
P60602-2,11.174419403076172,10.21198558807373,79
P60604-2,4.385036468505859,3.8023507595062256,165
P60660-2,3.903846025466919,4.347177982330322,151
P60842-2,10.971670150756836,9.360594749450684,406
P60866-2,9.138513565063477,9.165878295898438,119
P60880-2,12.665498733520508,12.00881290435791,206
P60891-2,4.426562309265137,3.975001096725464,318
P60900-3,4.129500389099121,3.662353754043579,246
P60900-2,6.767361640930176,3.662353754043579,246
P60953-1,9.688271522521973,5.184397220611572,191
P60981-2,7.0359697341918945,6.19338846206665,165
P60985-2,20.44285774230957,19.90082550048828,99
P61006-2,17.53504753112793,10.076687812805176,207
P61011-2,14.795997619628906,16.366182327270508,504
P61018-2,10.886363983154297,7.600586414337158,213
P61019-2,8.313054084777832,8.497663497924805,212
P61020-2,8.942878723144531,11.302845001220703,215
P61073-2,27.784841537475586,12.073782920837402,352
P61077-2,2.8933823108673096,2.8498311042785645,147
P61077-3,3.1241135597229004,2.8498311042785645,147
P61086-3,3.7544069290161133,3.3605499267578125,200
P61086-2,3.463679313659668,3.3605499267578125,200
P61204-2,8.725037574768066,8.028264999389648,181
P61224-4,6.444919586181641,6.203243255615234,184
P61224-3,5.640191555023193,6.203243255615234,184
P61224-2,5.967075347900391,6.203243255615234,184
P61244-3,24.560606002807617,18.313241958618164,160
P61244-2,22.256439208984375,18.313241958618164,160
P61244-4,24.6396484375,18.313241958618164,160
P61244-6,20.34185028076172,18.313241958618164,160
P61244-5,20.34185028076172,18.313241958618164,160
P61266-2,24.778112411499023,14.218098640441895,288
P61289-3,12.707988739013672,9.68910026550293,254
P61296-2,26.940563201904297,22.865934371948242,217
P61313-2,4.3336310386657715,3.883650541305542,204
P61326-2,3.6183981895446777,3.89847993850708,146
P61328-2,28.018192291259766,17.57801055908203,243
P61599-2,4.227167129516602,3.5199785232543945,178
P61619-3,12.75627326965332,11.784610748291016,476
P61758-2,20.63793182373047,12.234868049621582,197
P61764-2,9.197437286376953,7.808599472045898,594
P61812-2,21.926151275634766,15.307888984680176,414
P61916-2,5.102769374847412,6.771895885467529,151
P61923-5,17.831066131591797,9.360177040100098,177
P61923-3,7.7792205810546875,9.360177040100098,177
P61923-4,18.43488311767578,9.360177040100098,177
P61923-2,10.66560173034668,9.360177040100098,177
P61956-2,8.100645065307617,8.967866897583008,95
P61960-2,4.694577217102051,4.921107292175293,85
P61962-2,5.792024612426758,5.275059223175049,342
P61966-2,9.822961807250977,4.961143970489502,158
P61978-3,24.94498634338379,24.12628746032715,463
P61978-2,26.21023941040039,24.12628746032715,463
P62068-3,25.649295806884766,7.545917987823486,366
P62068-2,28.100000381469727,7.545917987823486,366
P62068-4,5.0915727615356445,7.545917987823486,366
P62070-2,11.202934265136719,10.206026077270508,204
P62070-3,11.310312271118164,10.206026077270508,204
P62136-3,5.237285614013672,6.811331272125244,330
P62166-2,11.900957107543945,8.196703910827637,190
P62191-2,26.242656707763672,15.437050819396973,440
P62195-2,28.443782806396484,13.576451301574707,406
P62256-2,6.5339555740356445,8.549643516540527,183
P62258-2,6.610807418823242,6.770672798156738,255
P62273-2,8.574073791503906,4.610969543457031,56
P62316-2,10.854166030883789,6.622378826141357,118
P62318-2,27.626888275146484,14.436382293701172,126
P62491-2,15.01335620880127,10.690950393676758,216
P62495-2,11.815107345581055,12.043917655944824,437
P62508-2,29.043228149414062,21.068191528320312,458
P62508-3,28.50117301940918,21.068191528320312,458
P62508-4,28.60747718811035,21.068191528320312,458
P62508-5,28.50117301940918,21.068191528320312,458
P62633-7,25.7045955657959,22.06999969482422,177
P62633-3,24.999101638793945,22.06999969482422,177
P62633-2,25.55924415588379,22.06999969482422,177
P62633-8,25.39488410949707,22.06999969482422,177
P62633-5,25.39488410949707,22.06999969482422,177
P62820-2,9.74722957611084,9.938203811645508,205
P62820-3,9.764484405517578,9.938203811645508,205
P62837-2,3.6966686248779297,2.763894557952881,147
P62847-3,20.232051849365234,7.293685436248779,133
P62847-2,20.232051849365234,7.293685436248779,133
P62847-4,20.232051849365234,7.293685436248779,133
P62873-2,3.053353786468506,3.4685380458831787,340
P62879-2,4.164729118347168,3.8130364418029785,340
P62899-3,8.596086502075195,8.33414363861084,125
P62899-2,8.596086502075195,8.33414363861084,125
P62913-2,21.776836395263672,5.579756259918213,178
P62937-2,2.0986506938934326,2.088374614715576,165
P62993-2,12.683619499206543,13.51753044128418,217
P62995-2,29.49471664428711,25.079235076904297,288
P62995-3,29.09066390991211,25.079235076904297,288
P63096-2,9.034194946289062,5.785135269165039,354
P63104-2,6.038172245025635,5.560883045196533,245
P63151-2,24.862106323242188,6.64592170715332,447
P63165-2,14.00657844543457,10.481423377990723,101
P63208-2,12.571895599365234,6.981143474578857,163
P63267-2,6.600356101989746,4.665834426879883,376
P67775-2,3.735257863998413,4.042689323425293,309
P67812-2,12.64240837097168,7.28251314163208,179
P67812-4,8.571196556091309,7.28251314163208,179
P67812-3,8.49384880065918,7.28251314163208,179
P67936-2,21.389619827270508,15.909843444824219,248
P68036-2,4.0678791999816895,3.541111469268799,154
P68036-3,4.542380332946777,3.541111469268799,154
P68106-2,3.952200412750244,3.779406785964966,108
P68363-2,6.033890724182129,6.520611763000488,451
P68366-2,4.750962257385254,6.235097408294678,448
P68400-2,8.815037727355957,9.344326972961426,391
P68402-3,5.090869903564453,4.528975486755371,229
P68402-2,5.172484874725342,4.528975486755371,229
P68402-4,5.1897196769714355,4.528975486755371,229
P68543-2,23.837608337402344,22.675512313842773,259
P78310-2,28.770309448242188,18.197927474975586,365
P78310-6,28.72470474243164,18.197927474975586,365
P78310-4,19.734310150146484,18.197927474975586,365
P78310-7,14.500221252441406,18.197927474975586,365
P78310-3,18.883995056152344,18.197927474975586,365
P78310-5,21.477022171020508,18.197927474975586,365
P78314-2,25.20541763305664,25.833192825317383,561
P78317-2,29.28080177307129,23.98504066467285,190
P78324-4,17.033798217773438,19.704050064086914,504
P78329-2,27.508670806884766,6.3095598220825195,520
P78334-2,23.736080169677734,18.139781951904297,506
P78346-2,27.558490753173828,8.55695915222168,268
P78348-3,12.993048667907715,12.993456840515137,528
P78356-2,13.240699768066406,11.77978229522705,416
P78358-2,22.72055435180664,22.524723052978516,180
P78369-2,13.240028381347656,13.318713188171387,228
P78369-3,13.240028381347656,13.318713188171387,228
P78371-2,10.65137767791748,8.013335227966309,535
P78380-3,19.591333389282227,17.17532730102539,273
P78380-2,24.39321517944336,17.17532730102539,273
P78381-2,28.91478729248047,13.03435230255127,396
P78381-4,26.057605743408203,13.03435230255127,396
P78381-5,26.057605743408203,13.03435230255127,396
P78381-3,13.694007873535156,13.03435230255127,396
P78382-2,6.625812530517578,7.581109046936035,337
P78396-3,28.985883712768555,19.514245986938477,465
P78396-2,27.54418182373047,19.514245986938477,465
P78410-3,19.429916381835938,14.369805335998535,334
P78410-2,23.550065994262695,14.369805335998535,334
P78411-3,29.829147338867188,27.897762298583984,483
P78411-2,29.061203002929688,27.897762298583984,483
P78417-3,4.127347469329834,3.344742774963379,241
P78417-2,4.703816890716553,3.344742774963379,241
P78539-5,27.43468475341797,16.469371795654297,464
P78539-2,28.71908187866211,16.469371795654297,464
P78539-3,17.298288345336914,16.469371795654297,464
P78539-4,18.155864715576172,16.469371795654297,464
P78545-2,28.662981033325195,23.64512062072754,371
P78552-2,20.311840057373047,16.093019485473633,427
P78556-2,16.06842041015625,11.69249153137207,96
P78560-2,25.60252571105957,15.834196090698242,199
P79522-2,29.06330108642578,26.554182052612305,188
P80188-2,6.612435340881348,7.432175159454346,198
P80303-2,27.861244201660156,13.87924575805664,420
P80370-2,26.961421966552734,23.633516311645508,383
P80723-2,29.47264862060547,27.02047348022461,227
P81605-3,26.5759220123291,21.66975212097168,110
P81605-2,23.613401412963867,21.66975212097168,110
P81877-2,28.86319351196289,27.126832962036133,361
P81877-4,28.461933135986328,27.126832962036133,361
P81877-3,28.662317276000977,27.126832962036133,361
P81877-5,29.382192611694336,27.126832962036133,361
P82650-2,28.349458694458008,12.703664779663086,360
P82663-2,10.824747085571289,7.2019782066345215,173
P82663-3,8.575605392456055,7.2019782066345215,173
P82673-2,16.491119384765625,14.00919246673584,323
P82675-2,17.314990997314453,14.887106895446777,430
P82912-2,26.378238677978516,14.79859733581543,194
P82912-3,12.163089752197266,14.79859733581543,194
P83110-2,21.06475830078125,17.226778030395508,453
P83111-2,13.703914642333984,14.843015670776367,547
P84022-4,19.176040649414062,15.39423656463623,425
P84022-3,17.847440719604492,15.39423656463623,425
P84022-2,17.096858978271484,15.39423656463623,425
P84101-4,18.669841766357422,13.214305877685547,59
P84101-3,17.736215591430664,13.214305877685547,59
P84101-2,17.591026306152344,13.214305877685547,59
P84103-2,29.441402435302734,21.72810173034668,164
P84157-3,25.319629669189453,25.086936950683594,204
P84157-2,25.319629669189453,25.086936950683594,204
P85298-2,22.54370880126953,19.182994842529297,464
P85298-5,22.580638885498047,19.182994842529297,464
P85298-4,26.52722930908203,19.182994842529297,464
P85298-3,20.742919921875,19.182994842529297,464
P85299-3,29.233949661254883,22.036720275878906,388
P85299-4,21.838298797607422,22.036720275878906,388
P85299-5,29.2333984375,22.036720275878906,388
P85299-2,21.89508819580078,22.036720275878906,388
P98153-3,29.092182159423828,25.85244369506836,550
P98153-2,28.526737213134766,25.85244369506836,550
P98173-3,28.5084285736084,12.802533149719238,230
P98173-2,9.317316055297852,12.802533149719238,230
P98177-2,28.25961685180664,27.618806838989258,505
P98182-3,26.554569244384766,24.88072395324707,395
P98182-2,26.633249282836914,24.88072395324707,395
Q00005-6,22.954166412353516,7.534351825714111,443
Q00005-3,24.482446670532227,7.534351825714111,443
Q00005-2,24.482446670532227,7.534351825714111,443
Q00013-2,26.210756301879883,17.310680389404297,466
Q00013-3,13.345964431762695,17.310680389404297,466
Q00059-2,9.94874382019043,12.429224967956543,246
Q00325-2,10.469125747680664,13.103812217712402,362
Q00532-3,19.572399139404297,11.513734817504883,357
Q00535-2,3.9703726768493652,5.628682613372803,292
Q00537-2,27.743785858154297,17.924972534179688,523
Q00587-2,28.670944213867188,27.914169311523438,391
Q00613-2,29.823753356933594,26.43793487548828,529
Q00765-2,23.568851470947266,18.550796508789062,189
Q00796-2,3.2641489505767822,2.6077725887298584,357
Q00887-2,18.893722534179688,14.58415412902832,426
Q00888-2,14.168331146240234,13.596835136413574,419
Q00888-3,12.779949188232422,13.596835136413574,419
Q00973-2,11.251616477966309,10.410361289978027,533
Q00973-3,12.784161567687988,10.410361289978027,533
Q00987-6,27.6982364654541,26.367719650268555,491
Q00987-4,28.3782958984375,26.367719650268555,491
Q00987-3,28.3782958984375,26.367719650268555,491
Q00987-5,28.23917007446289,26.367719650268555,491
Q00987-7,27.145448684692383,26.367719650268555,491
Q00987-10,29.421831130981445,26.367719650268555,491
Q00987-2,28.980560302734375,26.367719650268555,491
Q00987-8,26.869176864624023,26.367719650268555,491
Q00987-9,25.60164451599121,26.367719650268555,491
Q00994-2,27.71584129333496,22.303709030151367,111
Q01064-2,27.569814682006836,15.493790626525879,536
Q01081-3,14.629875183105469,14.931319236755371,240
Q01081-2,16.291362762451172,14.931319236755371,240
Q01081-4,15.195840835571289,14.931319236755371,240
Q01105-3,25.846237182617188,16.870439529418945,290
Q01105-4,25.846237182617188,16.870439529418945,290
Q01105-2,25.846237182617188,16.870439529418945,290
Q01113-2,29.23080825805664,24.137636184692383,521
Q01113-3,29.6019229888916,24.137636184692383,521
Q01130-2,27.10147476196289,23.322986602783203,221
Q01196-6,28.395408630371094,25.748184204101562,453
Q01196-3,29.750322341918945,25.748184204101562,453
Q01196-4,29.802806854248047,25.748184204101562,453
Q01196-5,28.395408630371094,25.748184204101562,453
Q01196-7,26.484222412109375,25.748184204101562,453
Q01196-9,29.541481018066406,25.748184204101562,453
Q01196-2,29.129758834838867,25.748184204101562,453
Q01196-10,29.541481018066406,25.748184204101562,453
Q01196-8,29.541481018066406,25.748184204101562,453
Q01196-11,25.90369415283203,25.748184204101562,453
Q01344-3,26.10333251953125,15.067658424377441,420
Q01344-2,26.10333251953125,15.067658424377441,420
Q01344-4,28.07415199279785,15.067658424377441,420
Q01344-5,17.39226531982422,15.067658424377441,420
Q01415-2,6.071267127990723,4.20851993560791,458
Q01518-2,23.98839569091797,21.464359283447266,475
Q01534-2,20.192840576171875,18.208477020263672,308
Q01543-4,28.692676544189453,25.830575942993164,452
Q01543-2,29.51883316040039,25.830575942993164,452
Q01543-3,29.288639068603516,25.830575942993164,452
Q01638-4,28.83873748779297,19.696985244750977,556
Q01638-2,27.618896484375,19.696985244750977,556
Q01638-3,25.112491607666016,19.696985244750977,556
Q01740-2,4.284614562988281,5.446615695953369,532
Q01851-2,29.19546890258789,26.141124725341797,419
Q01892-3,29.3675594329834,24.118465423583984,262
Q01892-2,28.408056259155273,24.118465423583984,262
Q02045-2,19.421100616455078,14.544355392456055,173
Q02078-3,29.59221649169922,27.441118240356445,507
Q02078-5,29.015907287597656,27.441118240356445,507
Q02078-4,29.140653610229492,27.441118240356445,507
Q02078-2,28.42914581298828,27.441118240356445,507
Q02078-6,29.171077728271484,27.441118240356445,507
Q02078-7,28.705236434936523,27.441118240356445,507
Q02078-8,28.963592529296875,27.441118240356445,507
Q02080-2,29.827138900756836,26.516719818115234,365
Q02083-2,5.272101879119873,6.153249740600586,359
Q02083-3,6.203265190124512,6.153249740600586,359
Q02094-2,4.0680341720581055,4.168052673339844,409
Q02161-3,8.878307342529297,8.11172103881836,417
Q02161-2,8.424373626708984,8.11172103881836,417
Q02161-5,8.881582260131836,8.11172103881836,417
Q02161-6,8.913615226745605,8.11172103881836,417
Q02161-4,8.834603309631348,8.11172103881836,417
Q02252-2,4.007589340209961,5.69230842590332,535
Q02509-3,28.34558868408203,22.591102600097656,477
Q02548-5,29.69446563720703,25.9053897857666,391
Q02548-4,29.684673309326172,25.9053897857666,391
Q02548-3,29.684673309326172,25.9053897857666,391
Q02548-11,29.69446563720703,25.9053897857666,391
Q02548-9,29.50609588623047,25.9053897857666,391
Q02548-7,29.24578857421875,25.9053897857666,391
Q02548-2,28.843780517578125,25.9053897857666,391
Q02548-8,29.142005920410156,25.9053897857666,391
Q02548-6,28.86393928527832,25.9053897857666,391
Q02548-10,27.237428665161133,25.9053897857666,391
Q02641-3,29.53577995300293,21.81609535217285,598
Q02641-2,22.805335998535156,21.81609535217285,598
Q02750-2,7.301509380340576,10.909173965454102,393
Q02928-2,6.690887928009033,6.689402103424072,519
Q02930-4,28.94074249267578,26.92837142944336,508
Q02930-2,28.59865951538086,26.92837142944336,508
Q02930-3,28.149377822875977,26.92837142944336,508
Q02962-4,29.653472900390625,26.351896286010742,417
Q02962-3,29.235488891601562,26.351896286010742,417
Q02962-2,29.706331253051758,26.351896286010742,417
Q02985-2,13.80227279663086,13.628806114196777,330
Q03013-2,2.432858943939209,2.306497812271118,218
Q03013-3,2.2973790168762207,2.306497812271118,218
Q03060-23,29.03924560546875,26.039209365844727,345
Q03060-9,29.03924560546875,26.039209365844727,345
Q03060-11,28.47210121154785,26.039209365844727,345
Q03060-24,29.03924560546875,26.039209365844727,345
Q03060-27,28.47210121154785,26.039209365844727,345
Q03060-8,29.03924560546875,26.039209365844727,345
Q03060-10,28.58077049255371,26.039209365844727,345
Q03060-29,28.58077049255371,26.039209365844727,345
Q03060-28,28.472537994384766,26.039209365844727,345
Q03060-19,28.58077049255371,26.039209365844727,345
Q03060-14,28.46356201171875,26.039209365844727,345
Q03060-30,28.69574737548828,26.039209365844727,345
Q03060-7,28.47210121154785,26.039209365844727,345
Q03060-2,28.46356201171875,26.039209365844727,345
Q03060-32,29.03924560546875,26.039209365844727,345
Q03060-13,28.46356201171875,26.039209365844727,345
Q03060-25,29.504894256591797,26.039209365844727,345
Q03060-26,29.03924560546875,26.039209365844727,345
Q03060-12,28.47210121154785,26.039209365844727,345
Q03060-16,28.47210121154785,26.039209365844727,345
Q03060-17,28.47210121154785,26.039209365844727,345
Q03060-31,29.03924560546875,26.039209365844727,345
Q03060-21,29.03924560546875,26.039209365844727,345
Q03060-22,29.215755462646484,26.039209365844727,345
Q03060-20,28.47210121154785,26.039209365844727,345
Q03060-15,29.224117279052734,26.039209365844727,345
Q03060-1,28.47210121154785,26.039209365844727,345
Q03060-6,29.03924560546875,26.039209365844727,345
Q03154-4,4.083339691162109,4.545709609985352,408
Q03154-2,3.9581265449523926,4.545709609985352,408
Q03154-3,5.493137359619141,4.545709609985352,408
Q03181-3,29.412311553955078,15.581332206726074,441
Q03181-4,21.948339462280273,15.581332206726074,441
Q03181-2,13.669797897338867,15.581332206726074,441
Q03405-2,16.58665657043457,12.352568626403809,335
Q03405-3,10.034978866577148,12.352568626403809,335
Q03923-3,29.103158950805664,23.223953247070312,595
Q03923-2,28.01412582397461,23.223953247070312,595
Q03933-2,28.41092872619629,26.5565242767334,536
Q03936-2,28.647254943847656,23.753511428833008,586
Q03936-3,27.61910629272461,23.753511428833008,586
Q03989-5,28.659626007080078,27.761829376220703,594
Q04206-4,16.917274475097656,21.766328811645508,551
Q04206-2,28.766815185546875,21.766328811645508,551
Q04206-3,16.408409118652344,21.766328811645508,551
Q04323-2,22.525768280029297,22.86527442932129,297
Q04743-2,28.389389038085938,24.6507625579834,252
Q04760-2,3.9254438877105713,4.484552383422852,184
Q04900-3,26.60116958618164,24.279315948486328,197
Q04900-4,28.15035629272461,24.279315948486328,197
Q04900-2,26.327587127685547,24.279315948486328,197
Q04900-5,27.989051818847656,24.279315948486328,197
Q04941-2,20.72380828857422,17.432695388793945,152
Q05084-3,28.00103759765625,20.78790283203125,483
Q05195-2,19.510663986206055,23.300731658935547,221
Q05513-2,26.757137298583984,18.04998016357422,592
Q05513-3,25.28143310546875,18.04998016357422,592
Q05519-2,28.70703887939453,27.65536880493164,484
Q05932-2,26.532983779907227,11.293038368225098,587
Q05932-3,23.47955322265625,11.293038368225098,587
Q05932-4,9.786576271057129,11.293038368225098,587
Q05940-2,15.543661117553711,13.791279792785645,514
Q05D32-2,27.455495834350586,21.378557205200195,466
Q06124-3,16.05965232849121,11.934531211853027,593
Q06265-3,14.549983024597168,17.418838500976562,439
Q06265-4,29.263256072998047,17.418838500976562,439
Q06323-3,9.89030647277832,7.891679286956787,249
Q06323-2,9.89030647277832,7.891679286956787,249
Q06330-5,21.621904373168945,11.362651824951172,500
Q06330-2,14.00230598449707,11.362651824951172,500
Q06330-4,28.306270599365234,11.362651824951172,500
Q06330-6,28.306270599365234,11.362651824951172,500
Q06330-7,28.457353591918945,11.362651824951172,500
Q06330-3,13.00413990020752,11.362651824951172,500
Q06413-3,28.87531852722168,27.405942916870117,473
Q06413-2,29.068145751953125,27.405942916870117,473
Q06413-5,29.70360565185547,27.405942916870117,473
Q06413-4,29.37947654724121,27.405942916870117,473
Q06413-6,29.37947654724121,27.405942916870117,473
Q06547-2,27.81494903564453,23.041339874267578,395
Q06547-4,28.84978485107422,23.041339874267578,395
Q06547-3,27.930404663085938,23.041339874267578,395
Q06587-2,21.01463508605957,22.421472549438477,406
Q06609-3,6.654870986938477,6.226190090179443,339
Q06609-4,5.276880264282227,6.226190090179443,339
Q06609-2,5.448155403137207,6.226190090179443,339
Q06643-2,29.169883728027344,17.669342041015625,244
Q06710-5,29.944854736328125,26.8951358795166,450
Q06710-4,29.943077087402344,26.8951358795166,450
Q06710-3,29.819774627685547,26.8951358795166,450
Q06710-2,29.773265838623047,26.8951358795166,450
Q06889-2,29.641483306884766,25.877811431884766,387
Q07001-2,9.74050521850586,13.94116497039795,517
Q07020-2,5.704077243804932,4.521899223327637,188
Q07326-2,5.376002311706543,4.841079235076904,219
Q07444-2,20.112199783325195,21.51376724243164,240
Q07666-2,29.47933006286621,25.90285873413086,443
Q07666-3,22.54541015625,25.90285873413086,443
Q07687-2,28.397438049316406,26.385847091674805,328
Q07699-2,17.279884338378906,12.172186851501465,218
Q07812-6,8.659862518310547,7.440212726593018,192
Q07812-7,15.17112922668457,7.440212726593018,192
Q07812-4,8.175039291381836,7.440212726593018,192
Q07812-8,7.415341377258301,7.440212726593018,192
Q07812-2,7.820550918579102,7.440212726593018,192
Q07812-5,7.332127571105957,7.440212726593018,192
Q07812-3,23.248619079589844,7.440212726593018,192
Q07817-3,18.0614070892334,15.115437507629395,233
Q07817-2,13.014286041259766,15.115437507629395,233
Q07820-2,23.309873580932617,22.693403244018555,350
Q07866-8,28.725305557250977,21.331207275390625,573
Q07866-3,27.420703887939453,21.331207275390625,573
Q07866-2,28.930830001831055,21.331207275390625,573
Q07866-7,28.725305557250977,21.331207275390625,573
Q07866-10,28.930830001831055,21.331207275390625,573
Q07866-6,28.725305557250977,21.331207275390625,573
Q07866-4,28.930830001831055,21.331207275390625,573
Q07869-2,25.094650268554688,17.30118179321289,468
Q07955-3,26.302309036254883,20.34145736694336,248
Q07955-2,26.302309036254883,20.34145736694336,248
Q07973-3,12.033235549926758,8.252528190612793,514
Q07973-2,6.577549934387207,8.252528190612793,514
Q08116-2,14.64427375793457,15.854467391967773,209
Q08117-2,28.68783187866211,20.23651695251465,197
Q08209-2,17.272701263427734,11.173654556274414,521
Q08209-5,8.509336471557617,11.173654556274414,521
Q08209-3,14.688661575317383,11.173654556274414,521
Q08209-4,11.77163314819336,11.173654556274414,521
Q08257-2,3.861438274383545,3.347723960876465,329
Q08257-3,3.4700398445129395,3.347723960876465,329
Q08431-2,15.10741901397705,11.073980331420898,387
Q08431-4,15.587980270385742,11.073980331420898,387
Q08431-3,10.598478317260742,11.073980331420898,387
Q08477-2,5.581655979156494,6.401653289794922,520
Q08495-4,28.977619171142578,26.859363555908203,405
Q08495-3,28.546524047851562,26.859363555908203,405
Q08495-2,28.04705810546875,26.859363555908203,405
Q08623-2,3.1605279445648193,2.6432747840881348,228
Q08623-3,2.6555275917053223,2.6432747840881348,228
Q08648-5,26.088233947753906,22.841455459594727,103
Q08648-3,26.51276397705078,22.841455459594727,103
Q08648-4,26.51276397705078,22.841455459594727,103
Q08648-2,26.425975799560547,22.841455459594727,103
Q08722-2,25.420734405517578,12.376721382141113,323
Q08722-3,28.069719314575195,12.376721382141113,323
Q08722-4,28.351821899414062,12.376721382141113,323
Q08AH1-2,8.504508018493652,7.5263166427612305,577
Q08AI6-2,5.6323981285095215,7.0061516761779785,406
Q08AI8-3,10.223455429077148,9.129889488220215,447
Q08AI8-2,10.223455429077148,9.129889488220215,447
Q09028-3,17.5854549407959,6.39962911605835,425
Q09028-4,7.796337127685547,6.39962911605835,425
Q09028-2,13.619104385375977,6.39962911605835,425
Q0D2I5-2,28.216840744018555,26.15367317199707,559
Q0D2I5-6,28.17214012145996,26.15367317199707,559
Q0D2I5-7,28.132816314697266,26.15367317199707,559
Q0D2I5-5,28.132816314697266,26.15367317199707,559
Q0D2I5-3,28.15737533569336,26.15367317199707,559
Q0D2J5-3,26.692291259765625,20.435943603515625,394
Q0D2K0-2,13.715652465820312,15.066482543945312,404
Q0GE19-6,10.069158554077148,7.780925750732422,340
Q0GE19-4,8.056843757629395,7.780925750732422,340
Q0GE19-5,8.00442123413086,7.780925750732422,340
Q0GE19-1,18.022994995117188,7.780925750732422,340
Q0GE19-3,5.803811073303223,7.780925750732422,340
Q0GE19-7,10.069158554077148,7.780925750732422,340
Q0P6D2-2,11.446794509887695,11.32262897491455,419
Q0PNE2-2,9.245535850524902,6.034993648529053,266
Q0VAA2-2,28.860368728637695,14.369343757629395,488
Q0VAA5-2,27.044597625732422,12.768169403076172,305
Q0VAK6-2,27.545249938964844,24.037206649780273,560
Q0VAM2-3,11.08580493927002,8.865833282470703,473
Q0VAM2-2,9.136348724365234,8.865833282470703,473
Q0VD86-2,28.134689331054688,26.491615295410156,236
Q0VDG4-2,5.881571292877197,5.485982418060303,424
Q10471-2,28.8868408203125,10.587493896484375,571
Q10472-2,17.57276153564453,9.7487211227417,559
Q10587-2,29.54590606689453,22.976646423339844,303
Q10588-2,14.666013717651367,10.991229057312012,318
Q10713-2,11.172375679016113,8.823912620544434,525
Q11203-15,16.324844360351562,8.81033992767334,375
Q11203-2,21.2486629486084,8.81033992767334,375
Q11203-7,7.986871719360352,8.81033992767334,375
Q11203-16,16.637310028076172,8.81033992767334,375
Q11203-8,7.629042625427246,8.81033992767334,375
Q11203-5,7.191352844238281,8.81033992767334,375
Q11203-23,25.98324966430664,8.81033992767334,375
Q11203-21,16.637310028076172,8.81033992767334,375
Q11203-17,25.98324966430664,8.81033992767334,375
Q11203-25,25.98324966430664,8.81033992767334,375
Q11203-6,9.76308536529541,8.81033992767334,375
Q11203-19,12.750843048095703,8.81033992767334,375
Q11203-10,9.76308536529541,8.81033992767334,375
Q11203-4,12.750843048095703,8.81033992767334,375
Q11203-24,25.98324966430664,8.81033992767334,375
Q11203-20,25.98324966430664,8.81033992767334,375
Q11203-18,25.98324966430664,8.81033992767334,375
Q11203-22,25.98324966430664,8.81033992767334,375
Q11203-26,25.437911987304688,8.81033992767334,375
Q11203-14,12.513405799865723,8.81033992767334,375
Q11203-11,15.17646598815918,8.81033992767334,375
Q11203-12,12.513405799865723,8.81033992767334,375
Q11203-9,15.17646598815918,8.81033992767334,375
Q11203-3,25.98324966430664,8.81033992767334,375
Q11206-5,18.413414001464844,8.617040634155273,333
Q11206-6,23.765758514404297,8.617040634155273,333
Q11206-4,11.953312873840332,8.617040634155273,333
Q11206-2,25.50579261779785,8.617040634155273,333
Q11206-7,23.765758514404297,8.617040634155273,333
Q11206-3,25.16600799560547,8.617040634155273,333
Q12765-3,4.266321182250977,4.3381876945495605,414
Q12792-4,23.94693374633789,19.34352684020996,350
Q12794-3,6.062274932861328,5.3275041580200195,435
Q12794-5,5.528628349304199,5.3275041580200195,435
Q12794-6,5.667112350463867,5.3275041580200195,435
Q12794-7,5.471861839294434,5.3275041580200195,435
Q12794-2,4.033621311187744,5.3275041580200195,435
Q12794-4,5.9081807136535645,5.3275041580200195,435
Q12796-2,29.64028549194336,27.605260848999023,327
Q12800-4,24.58083724975586,21.989015579223633,502
Q12800-3,19.637189865112305,21.989015579223633,502
Q12800-2,23.75530242919922,21.989015579223633,502
Q12805-2,29.039302825927734,20.269283294677734,493
Q12805-4,27.61178970336914,20.269283294677734,493
Q12805-3,26.26422882080078,20.269283294677734,493
Q12805-5,24.05579948425293,20.269283294677734,493
Q12824-2,25.205821990966797,15.967865943908691,385
Q12837-2,29.023635864257812,26.095317840576172,409
Q12841-2,23.013919830322266,17.728506088256836,308
Q12846-2,23.332950592041016,16.452651977539062,297
Q12849-5,28.800888061523438,25.307283401489258,480
Q12857-2,29.69080352783203,23.906728744506836,509
Q12857-3,25.66292381286621,23.906728744506836,509
Q12887-2,20.597537994384766,16.791439056396484,443
Q12901-2,28.102996826171875,24.047626495361328,538
Q12912-2,29.907386779785156,26.62135124206543,555
Q12926-2,27.580257415771484,21.86121368408203,359
Q12933-4,22.45806884765625,20.12295913696289,501
Q12933-3,20.00027847290039,20.12295913696289,501
Q12951-2,27.749860763549805,26.297157287597656,378
Q12972-2,29.108749389648438,24.772478103637695,351
Q12972-3,29.586841583251953,24.772478103637695,351
Q12974-4,4.570563316345215,5.929864883422852,167
Q12974-3,5.259250640869141,5.929864883422852,167
Q12974-2,6.234813690185547,5.929864883422852,167
Q12981-2,17.783428192138672,17.908876419067383,228
Q12981-3,17.950408935546875,17.908876419067383,228
Q13007-3,13.43203067779541,13.041756629943848,206
Q13043-2,22.557069778442383,17.294017791748047,487
Q13077-2,28.628080368041992,20.760372161865234,416
Q13087-2,11.634418487548828,14.374211311340332,525
Q13098-5,13.631673812866211,11.694596290588379,491
Q13098-7,14.278238296508789,11.694596290588379,491
Q13098-6,28.84640121459961,11.694596290588379,491
Q13114-2,24.27084732055664,21.83220672607422,568
Q13115-2,18.469799041748047,15.998821258544922,394
Q13117-3,17.01970100402832,20.754480361938477,558
Q13117-2,21.583105087280273,20.754480361938477,558
Q13118-3,29.294363021850586,26.741180419921875,480
Q13118-4,29.294363021850586,26.741180419921875,480
Q13118-2,29.497093200683594,26.741180419921875,480
Q13133-3,26.881507873535156,19.200620651245117,447
Q13133-2,16.439233779907227,19.200620651245117,447
Q13137-5,24.661598205566406,22.706615447998047,446
Q13137-2,23.09526824951172,22.706615447998047,446
Q13148-4,27.81197738647461,25.32021713256836,414
Q13153-2,14.093292236328125,18.082630157470703,545
Q13155-2,24.766498565673828,16.598554611206055,320
Q13163-4,25.55833625793457,17.33687973022461,448
Q13163-2,14.244292259216309,17.33687973022461,448
Q13163-3,16.778907775878906,17.33687973022461,448
Q13183-2,10.342450141906738,10.563124656677246,592
Q13188-2,24.464580535888672,17.05727195739746,491
Q13190-2,29.200443267822266,20.700607299804688,355
Q13190-3,28.98446273803711,20.700607299804688,355
Q13190-4,25.623485565185547,20.700607299804688,355
Q13216-2,7.681591033935547,7.399346828460693,396
Q13227-2,29.933456420898438,26.371488571166992,327
Q13228-2,4.647690773010254,3.365201234817505,472
Q13228-3,3.2442760467529297,3.365201234817505,472
Q13231-2,26.350345611572266,11.119033813476562,466
Q13231-3,7.518858909606934,11.119033813476562,466
Q13231-4,7.581360816955566,11.119033813476562,466
Q13239-2,20.46963119506836,19.44076919555664,276
Q13239-4,25.44824981689453,19.44076919555664,276
Q13241-3,26.644664764404297,14.380887031555176,179
Q13243-2,28.537307739257812,23.921348571777344,272
Q13243-3,21.832714080810547,23.921348571777344,272
Q13247-2,28.999839782714844,25.65103530883789,344
Q13247-3,29.91876983642578,25.65103530883789,344
Q13257-2,5.245848655700684,4.61663293838501,205
Q13258-2,14.494704246520996,11.684049606323242,359
Q13261-5,27.221559524536133,24.987810134887695,267
Q13261-3,27.212574005126953,24.987810134887695,267
Q13261-10,25.380229949951172,24.987810134887695,267
Q13261-4,29.3790283203125,24.987810134887695,267
Q13261-8,27.974098205566406,24.987810134887695,267
Q13261-9,26.54629135131836,24.987810134887695,267
Q13261-6,26.015384674072266,24.987810134887695,267
Q13261-7,26.43551254272461,24.987810134887695,267
Q13277-2,20.532390594482422,14.653823852539062,289
Q13277-3,24.30864715576172,14.653823852539062,289
Q13283-2,26.62451934814453,25.132112503051758,466
Q13286-7,22.310890197753906,12.107681274414062,438
Q13286-4,10.938413619995117,12.107681274414062,438
Q13286-2,9.398050308227539,12.107681274414062,438
Q13286-3,8.682032585144043,12.107681274414062,438
Q13286-6,10.680379867553711,12.107681274414062,438
Q13286-5,14.420511245727539,12.107681274414062,438
Q13291-2,29.48733139038086,19.800355911254883,335
Q13291-3,25.198471069335938,19.800355911254883,335
Q13291-4,29.207304000854492,19.800355911254883,335
Q13296-2,5.231481552124023,7.739160537719727,93
Q13303-4,13.931516647338867,6.669824600219727,367
Q13303-2,15.95892333984375,6.669824600219727,367
Q13303-3,7.514911651611328,6.669824600219727,367
Q13303-5,7.712810516357422,6.669824600219727,367
Q13304-2,29.408660888671875,13.439523696899414,367
Q13309-4,13.883932113647461,12.406350135803223,424
Q13309-2,11.319168090820312,12.406350135803223,424
Q13316-2,29.418575286865234,28.474458694458008,513
Q13322-3,27.67226791381836,18.587705612182617,594
Q13322-4,28.911602020263672,18.587705612182617,594
Q13322-2,15.06396770477295,18.587705612182617,594
Q13324-5,22.828689575195312,16.014663696289062,411
Q13324-6,23.17762565612793,16.014663696289062,411
Q13324-7,13.757316589355469,16.014663696289062,411
Q13324-3,24.9031982421875,16.014663696289062,411
Q13324-4,22.966407775878906,16.014663696289062,411
Q13324-2,24.9031982421875,16.014663696289062,411
Q13325-2,7.31895637512207,6.694207191467285,482
Q13352-3,23.289039611816406,21.817644119262695,177
Q13352-2,26.09278106689453,21.817644119262695,177
Q13352-4,28.523212432861328,21.817644119262695,177
Q13356-2,29.42892074584961,21.154415130615234,520
Q13360-2,27.327980041503906,23.219867706298828,481
Q13360-3,29.02117156982422,23.219867706298828,481
Q13361-2,24.99448013305664,23.108089447021484,173
Q13362-2,27.017410278320312,13.191349983215332,524
Q13362-3,25.226354598999023,13.191349983215332,524
Q13362-4,28.232219696044922,13.191349983215332,524
Q13362-5,23.214942932128906,13.191349983215332,524
Q13363-2,27.19655418395996,12.98483943939209,440
Q13371-2,22.938873291015625,18.15530776977539,301
Q13398-5,27.552082061767578,23.18002700805664,564
Q13398-2,27.564300537109375,23.18002700805664,564
Q13398-6,28.718795776367188,23.18002700805664,564
Q13398-4,28.517047882080078,23.18002700805664,564
Q13398-3,28.517047882080078,23.18002700805664,564
Q13398-8,26.30788230895996,23.18002700805664,564
Q13401-3,24.15433692932129,20.5416316986084,168
Q13401-2,24.862974166870117,20.5416316986084,168
Q13404-1,20.68732452392578,4.935813903808594,147
Q13404-8,4.281179428100586,4.935813903808594,147
Q13404-7,21.521276473999023,4.935813903808594,147
Q13404-6,5.9795918464660645,4.935813903808594,147
Q13404-2,13.76234245300293,4.935813903808594,147
Q13418-3,21.571212768554688,14.310409545898438,452
Q13418-2,17.70842170715332,14.310409545898438,452
Q13422-6,28.784399032592773,26.566856384277344,519
Q13422-8,28.665353775024414,26.566856384277344,519
Q13422-5,27.543827056884766,26.566856384277344,519
Q13422-7,26.706947326660156,26.566856384277344,519
Q13422-3,27.677284240722656,26.566856384277344,519
Q13422-2,27.645288467407227,26.566856384277344,519
Q13422-4,28.868568420410156,26.566856384277344,519
Q13424-2,15.432497024536133,17.976520538330078,505
Q13425-2,22.41101837158203,17.93920135498047,540
Q13426-3,29.043296813964844,19.383556365966797,336
Q13426-2,27.224224090576172,19.383556365966797,336
Q13432-2,11.317867279052734,14.30946159362793,240
Q13451-2,11.256775856018066,9.49463939666748,457
Q13454-2,24.167346954345703,15.356230735778809,348
Q13477-3,28.391136169433594,21.386873245239258,382
Q13477-2,28.32925033569336,21.386873245239258,382
Q13477-4,29.114948272705078,21.386873245239258,382
Q13491-2,25.591676712036133,11.686920166015625,265
Q13491-4,25.80877685546875,11.686920166015625,265
Q13501-2,27.305662155151367,25.685791015625,440
Q13505-3,28.40324592590332,20.4278621673584,466
Q13505-2,15.393733978271484,20.4278621673584,466
Q13506-2,28.076570510864258,25.68751335144043,487
Q13508-2,28.625919342041016,17.146297454833984,389
Q13508-3,28.071910858154297,17.146297454833984,389
Q13509-2,6.687610626220703,6.893916130065918,450
Q13510-2,23.64681053161621,6.102130889892578,395
Q13510-3,9.186677932739258,6.102130889892578,395
Q13519-2,28.63546371459961,24.312532424926758,176
Q13530-2,15.924009323120117,12.778607368469238,473
Q13555-10,26.849994659423828,17.55155372619629,558
Q13555-3,27.8798828125,17.55155372619629,558
Q13555-5,26.65960693359375,17.55155372619629,558
Q13555-4,26.916854858398438,17.55155372619629,558
Q13555-11,26.65960693359375,17.55155372619629,558
Q13555-7,26.79330825805664,17.55155372619629,558
Q13555-9,26.79330825805664,17.55155372619629,558
Q13555-2,28.25353240966797,17.55155372619629,558
Q13555-8,26.79330825805664,17.55155372619629,558
Q13555-6,26.61416244506836,17.55155372619629,558
Q13557-12,28.34634017944336,15.576338768005371,499
Q13557-8,28.455669403076172,15.576338768005371,499
Q13557-9,25.16799545288086,15.576338768005371,499
Q13557-5,25.16799545288086,15.576338768005371,499
Q13557-10,25.158920288085938,15.576338768005371,499
Q13564-3,5.062492370605469,4.789069652557373,534
Q13564-2,8.00404167175293,4.789069652557373,534
Q13568-6,28.666736602783203,22.744367599487305,498
Q13568-5,28.14276885986328,22.744367599487305,498
Q13568-4,28.684017181396484,22.744367599487305,498
Q13568-3,28.05631446838379,22.744367599487305,498
Q13572-2,20.602813720703125,11.63569164276123,414
Q13601-2,16.96225929260254,17.50937271118164,381
Q13609-2,6.16193962097168,6.746358394622803,305
Q13610-2,21.8839111328125,15.0693941116333,501
Q13639-7,28.67332649230957,13.29372787475586,388
Q13639-3,28.67332649230957,13.29372787475586,388
Q13639-4,28.664058685302734,13.29372787475586,388
Q13639-5,28.664058685302734,13.29372787475586,388
Q13639-2,28.67332649230957,13.29372787475586,388
Q13639-9,28.664058685302734,13.29372787475586,388
Q13642-1,25.591327667236328,19.68163299560547,323
Q13642-5,24.802959442138672,19.68163299560547,323
Q13642-4,25.15372657775879,19.68163299560547,323
Q13642-3,24.89924430847168,19.68163299560547,323
Q13702-2,4.540860652923584,5.3155927658081055,412
Q13740-3,20.110687255859375,16.699216842651367,583
Q13740-2,24.450603485107422,16.699216842651367,583
Q13740-4,21.42742919921875,16.699216842651367,583
Q13761-2,29.427616119384766,25.590024948120117,415
Q13794-2,21.62706756591797,13.384430885314941,54
Q13795-4,6.419110298156738,6.107546806335449,201
Q13795-2,6.876341819763184,6.107546806335449,201
Q13795-3,7.765749931335449,6.107546806335449,201
Q13825-2,8.609621047973633,11.727952003479004,339
Q13829-2,23.8336124420166,18.290048599243164,316
Q13868-3,11.47718620300293,11.868023872375488,293
Q13868-2,9.97760009765625,11.868023872375488,293
Q13875-2,27.80494499206543,25.44420623779297,183
Q13875-3,28.011760711669922,25.44420623779297,183
Q13882-2,18.33210563659668,13.433552742004395,451
Q13884-2,18.863956451416016,18.073392868041992,538
Q13887-3,29.534717559814453,26.985990524291992,457
Q13887-2,28.972110748291016,26.985990524291992,457
Q13887-4,29.602684020996094,26.985990524291992,457
Q13889-2,10.421758651733398,11.60970401763916,308
Q13938-4,26.62224578857422,17.926055908203125,275
Q13938-3,16.045175552368164,17.926055908203125,275
Q13946-2,28.294050216674805,15.929141998291016,482
Q13946-3,16.33823013305664,15.929141998291016,482
Q13950-2,29.54318618774414,26.35919761657715,521
Q13950-3,28.957096099853516,26.35919761657715,521
Q13951-2,22.808914184570312,11.266242027282715,182
Q13952-6,28.65506362915039,25.90679931640625,458
Q13952-2,28.78562355041504,25.90679931640625,458
Q13952-7,28.787921905517578,25.90679931640625,458
Q13952-5,28.916095733642578,25.90679931640625,458
Q13952-3,28.14578628540039,25.90679931640625,458
Q13952-4,26.436031341552734,25.90679931640625,458
Q14002-2,13.880908012390137,13.623510360717773,265
Q14011-2,27.759605407714844,21.73025894165039,172
Q14011-3,26.994476318359375,21.73025894165039,172
Q14094-2,16.845191955566406,17.498933792114258,377
Q14103-4,29.5047550201416,24.587574005126953,355
Q14103-3,29.364818572998047,24.587574005126953,355
Q14103-2,24.206375122070312,24.587574005126953,355
Q14106-2,29.62710952758789,24.800703048706055,344
Q14108-2,6.845381259918213,6.869461536407471,478
Q14116-2,20.005290985107422,9.698649406433105,193
Q14129-2,11.234304428100586,10.703864097595215,220
Q14134-2,29.47935676574707,25.145721435546875,588
Q14135-3,29.329971313476562,27.352567672729492,290
Q14135-5,29.712291717529297,27.352567672729492,290
Q14135-6,29.712291717529297,27.352567672729492,290
Q14135-2,29.632394790649414,27.352567672729492,290
Q14135-4,29.291378021240234,27.352567672729492,290
Q14141-2,27.719972610473633,15.84032917022705,434
Q14141-3,19.999101638793945,15.84032917022705,434
Q14141-4,27.719972610473633,15.84032917022705,434
Q14142-2,26.721080780029297,19.16873550415039,442
Q14142-3,19.520160675048828,19.16873550415039,442
Q14142-4,28.602041244506836,19.16873550415039,442
Q14153-2,29.908485412597656,28.05805206298828,422
Q14168-5,27.72817611694336,19.79973602294922,576
Q14168-6,27.392017364501953,19.79973602294922,576
Q14168-2,25.30729103088379,19.79973602294922,576
Q14168-3,27.392017364501953,19.79973602294922,576
Q14168-4,27.392017364501953,19.79973602294922,576
Q14181-2,27.268007278442383,14.219793319702148,598
Q14183-2,27.37311553955078,16.3258056640625,400
Q14186-2,29.420917510986328,21.984954833984375,410
Q14188-7,27.407684326171875,23.189908981323242,446
Q14188-6,28.17188262939453,23.189908981323242,446
Q14188-3,26.164817810058594,23.189908981323242,446
Q14188-2,28.25035858154297,23.189908981323242,446
Q14188-5,26.164817810058594,23.189908981323242,446
Q14188-4,27.909517288208008,23.189908981323242,446
Q14188-8,27.909517288208008,23.189908981323242,446
Q14192-2,19.49462127685547,14.459912300109863,279
Q14194-2,23.011234283447266,9.360525131225586,572
Q14195-2,22.324298858642578,9.123213768005371,570
Q14206-2,18.712528228759766,18.8248348236084,197
Q14232-2,5.73641300201416,5.202472686767578,305
Q14247-3,28.177967071533203,27.5148983001709,550
Q14247-2,29.555320739746094,27.5148983001709,550
Q14296-2,26.7823486328125,18.845674514770508,549
Q14296-4,27.244089126586914,18.845674514770508,549
Q14296-3,18.845075607299805,18.845674514770508,549
Q14318-3,17.12921714782715,16.538982391357422,412
Q14344-2,11.352575302124023,8.038521766662598,377
Q14376-2,2.948575496673584,2.792376756668091,348
Q14406-4,14.424991607666016,12.658164978027344,222
Q14406-3,14.534151077270508,12.658164978027344,222
Q14406-2,16.573081970214844,12.658164978027344,222
Q14439-3,16.850730895996094,21.337268829345703,515
Q14439-2,23.221107482910156,21.337268829345703,515
Q14449-2,27.88404083251953,18.0756893157959,540
Q14451-4,28.624969482421875,16.696502685546875,532
Q14451-2,14.490041732788086,16.696502685546875,532
Q14493-2,28.53191375732422,23.081302642822266,270
Q14498-2,27.841920852661133,25.604328155517578,530
Q14498-3,29.34480094909668,25.604328155517578,530
Q14508-3,14.582784652709961,13.433467864990234,124
Q14508-4,16.079233169555664,13.433467864990234,124
Q14508-2,15.892693519592285,13.433467864990234,124
Q14508-5,15.889324188232422,13.433467864990234,124
Q14520-2,29.670482635498047,20.26804542541504,560
Q14542-3,10.556047439575195,10.653460502624512,456
Q14542-2,11.828655242919922,10.653460502624512,456
Q14554-2,24.272586822509766,17.684823989868164,519
Q14565-2,5.532507419586182,6.587231636047363,340
Q14576-2,27.676982879638672,22.11138916015625,367
Q14592-2,28.35920524597168,23.740001678466797,562
Q14593-2,27.924877166748047,23.697053909301758,569
Q14626-2,29.053844451904297,17.716398239135742,422
Q14653-3,18.517690658569336,18.310598373413086,427
Q14653-2,19.11627197265625,18.310598373413086,427
Q14653-5,23.582355499267578,18.310598373413086,427
Q14653-4,18.48648452758789,18.310598373413086,427
Q14654-2,15.566802978515625,12.856627464294434,390
Q14696-2,28.72924041748047,22.15941619873047,234
Q14714-3,19.657974243164062,17.917272567749023,243
Q14714-2,19.38667106628418,17.917272567749023,243
Q14722-2,22.703411102294922,10.845683097839355,419
Q14722-3,22.703411102294922,10.845683097839355,419
Q14773-2,24.618921279907227,15.371944427490234,271
Q14773-3,17.443401336669922,15.371944427490234,271
Q14781-2,28.893157958984375,27.936994552612305,532
Q14790-3,21.308650970458984,18.812896728515625,479
Q14790-6,28.038795471191406,18.812896728515625,479
Q14790-2,25.551437377929688,18.812896728515625,479
Q14790-8,28.038795471191406,18.812896728515625,479
Q14790-5,28.40444564819336,18.812896728515625,479
Q14790-7,24.309595108032227,18.812896728515625,479
Q14790-4,23.769882202148438,18.812896728515625,479
Q147U1-3,28.581768035888672,22.656185150146484,533
Q14802-5,20.12698745727539,17.430572509765625,87
Q14802-4,25.116230010986328,17.430572509765625,87
Q14847-3,28.459667205810547,24.236196517944336,261
Q14847-2,28.11721420288086,24.236196517944336,261
Q14849-2,19.812580108642578,18.361671447753906,445
Q14849-3,21.250041961669922,18.361671447753906,445
Q14914-2,2.7446908950805664,2.942406415939331,329
Q14916-2,8.686664581298828,8.359174728393555,467
Q14919-2,26.151962280273438,22.08690071105957,205
Q14938-6,27.553892135620117,24.94346046447754,502
Q14938-3,29.94463348388672,24.94346046447754,502
Q14938-5,27.553892135620117,24.94346046447754,502
Q14938-2,29.337188720703125,24.94346046447754,502
Q14938-4,26.371837615966797,24.94346046447754,502
Q14956-2,28.78400230407715,18.406461715698242,572
Q14982-3,26.355262756347656,13.327998161315918,345
Q14982-2,28.427417755126953,13.327998161315918,345
Q14994-2,17.11314582824707,11.88924503326416,352
Q14994-5,11.901962280273438,11.88924503326416,352
Q14994-6,11.171234130859375,11.88924503326416,352
Q14994-12,10.46862506866455,11.88924503326416,352
Q14994-13,12.009931564331055,11.88924503326416,352
Q14994-9,27.317665100097656,11.88924503326416,352
Q14994-3,10.103033065795898,11.88924503326416,352
Q14994-7,10.103033065795898,11.88924503326416,352
Q14994-10,27.317665100097656,11.88924503326416,352
Q14994-11,27.317665100097656,11.88924503326416,352
Q14994-15,12.056473731994629,11.88924503326416,352
Q14994-16,27.317665100097656,11.88924503326416,352
Q14994-4,11.171234130859375,11.88924503326416,352
Q14CB8-5,23.958887100219727,20.166213989257812,494
Q14CB8-7,24.635700225830078,20.166213989257812,494
Q14CB8-3,29.011262893676758,20.166213989257812,494
Q14CB8-2,28.648881912231445,20.166213989257812,494
Q14CB8-6,15.92895793914795,20.166213989257812,494
Q14CB8-4,28.36701774597168,20.166213989257812,494
Q14CN4-3,24.363208770751953,24.825149536132812,511
Q14CN4-2,22.117647171020508,24.825149536132812,511
Q14CZ8-2,29.295154571533203,21.330413818359375,416
Q15004-2,28.2930908203125,24.050888061523438,111
Q15007-2,28.400432586669922,24.997634887695312,396
Q15008-3,11.620881080627441,9.582371711730957,389
Q15008-2,12.983076095581055,9.582371711730957,389
Q15011-3,28.591609954833984,26.520954132080078,391
Q15011-2,24.455127716064453,26.520954132080078,391
Q15011-4,26.253114700317383,26.520954132080078,391
Q15013-3,29.108016967773438,13.857491493225098,274
Q15036-2,8.452763557434082,11.340656280517578,470
Q15038-3,26.821460723876953,23.611465454101562,168
Q15038-6,26.315380096435547,23.611465454101562,168
Q15038-2,24.29865837097168,23.611465454101562,168
Q15038-4,25.29332160949707,23.611465454101562,168
Q15038-5,27.195661544799805,23.611465454101562,168
Q15041-2,19.835216522216797,16.950180053710938,203
Q15041-3,18.919193267822266,16.950180053710938,203
Q15043-3,15.63935661315918,18.91236686706543,492
Q15043-2,16.701623916625977,18.91236686706543,492
Q15046-2,28.792678833007812,10.117435455322266,597
Q15049-2,13.792747497558594,17.049440383911133,377
Q15051-3,28.056921005249023,21.313947677612305,598
Q15051-2,21.686992645263672,21.313947677612305,598
Q15054-2,22.661983489990234,25.92422866821289,466
Q15054-3,26.17536735534668,25.92422866821289,466
Q15056-2,28.390789031982422,24.671728134155273,248
Q15070-2,28.728073120117188,18.715486526489258,435
Q15070-3,24.26862335205078,18.715486526489258,435
Q15080-3,19.105777740478516,16.582626342773438,339
Q15084-3,28.54558563232422,17.873693466186523,440
Q15084-4,28.572643280029297,17.873693466186523,440
Q15084-2,28.572643280029297,17.873693466186523,440
Q15084-5,28.572643280029297,17.873693466186523,440
Q15109-3,29.366697311401367,18.01490020751953,404
Q15109-5,19.753456115722656,18.01490020751953,404
Q15109-10,29.146631240844727,18.01490020751953,404
Q15109-4,19.645092010498047,18.01490020751953,404
Q15109-7,16.030860900878906,18.01490020751953,404
Q15109-8,24.54861068725586,18.01490020751953,404
Q15109-9,24.583229064941406,18.01490020751953,404
Q15109-2,20.250551223754883,18.01490020751953,404
Q15118-2,6.60804557800293,9.22168254852295,436
Q15119-2,8.09800910949707,6.445466041564941,407
Q15124-2,4.497387886047363,3.7220277786254883,567
Q15131-2,12.971466064453125,9.919621467590332,360
Q15131-3,14.531871795654297,9.919621467590332,360
Q15131-7,10.941841125488281,9.919621467590332,360
Q15131-5,15.700360298156738,9.919621467590332,360
Q15131-6,15.700360298156738,9.919621467590332,360
Q15165-1,7.134453773498535,3.212087869644165,354
Q15165-3,2.8276071548461914,3.212087869644165,354
Q15172-2,22.632863998413086,10.655464172363281,486
Q15173-2,28.458477020263672,12.251630783081055,497
Q15185-4,25.800617218017578,13.619999885559082,160
Q15185-3,14.602051734924316,13.619999885559082,160
Q15185-2,11.204485893249512,13.619999885559082,160
Q15223-3,28.546104431152344,20.65155601501465,517
Q15223-2,28.622791290283203,20.65155601501465,517
Q15233-2,23.806194305419922,19.95427894592285,471
Q15257-2,23.575408935546875,9.202654838562012,358
Q15257-4,13.651546478271484,9.202654838562012,358
Q15257-3,15.730415344238281,9.202654838562012,358
Q15286-2,8.605566024780273,7.477092266082764,201
Q15287-3,29.657352447509766,25.436452865600586,305
Q15287-2,29.813213348388672,25.436452865600586,305
Q15291-2,29.10255241394043,15.708651542663574,538
Q15293-2,21.66693115234375,15.1735200881958,331
Q15306-2,27.918888092041016,22.641525268554688,451
Q15329-2,27.408695220947266,23.1862735748291,346
Q15329-3,26.093671798706055,23.1862735748291,346
Q15366-7,27.506792068481445,21.92707061767578,365
Q15366-8,28.762474060058594,21.92707061767578,365
Q15366-4,27.506792068481445,21.92707061767578,365
Q15366-5,28.762474060058594,21.92707061767578,365
Q15366-3,27.506792068481445,21.92707061767578,365
Q15366-6,20.377422332763672,21.92707061767578,365
Q15369-2,12.162434577941895,6.270089149475098,112
Q15370-2,25.367521286010742,6.719908237457275,118
Q15389-2,25.986923217773438,21.12592124938965,498
Q15390-2,28.343433380126953,27.033926010131836,333
Q15392-2,10.288692474365234,5.885211944580078,516
Q15404-2,4.990650177001953,4.183528900146484,277
Q15406-3,28.96445083618164,20.58074188232422,480
Q15406-2,27.040210723876953,20.58074188232422,480
Q15406-5,28.421979904174805,20.58074188232422,480
Q15406-4,26.82776641845703,20.58074188232422,480
Q15415-2,30.168460845947266,28.158546447753906,496
Q15417-2,20.821308135986328,22.09522247314453,329
Q15417-3,19.47430419921875,22.09522247314453,329
Q15435-5,26.753482818603516,9.788788795471191,360
Q15435-2,25.70071792602539,9.788788795471191,360
Q15435-4,23.55925178527832,9.788788795471191,360
Q15435-3,8.684770584106445,9.788788795471191,360
Q15438-2,21.273300170898438,16.31760597229004,398
Q15438-3,24.360157012939453,16.31760597229004,398
Q15464-2,29.453296661376953,27.075050354003906,509
Q15485-2,28.3416748046875,15.084710121154785,313
Q15493-2,2.470663070678711,2.426673173904419,299
Q15526-2,9.494213104248047,13.668088912963867,300
Q15528-2,26.727725982666016,17.9450740814209,200
Q15532-2,29.773609161376953,27.912273406982422,418
Q15544-2,22.648479461669922,21.020620346069336,211
Q15554-4,28.205780029296875,24.30854034423828,542
Q15555-5,27.449886322021484,21.539255142211914,327
Q15555-3,28.125043869018555,21.539255142211914,327
Q15555-2,27.38721466064453,21.539255142211914,327
Q15555-4,22.88399887084961,21.539255142211914,327
Q15560-2,23.948394775390625,20.915414810180664,299
Q15561-2,27.114295959472656,19.72319984436035,434
Q15561-3,22.267620086669922,19.72319984436035,434
Q15573-2,17.972312927246094,11.907471656799316,450
Q15583-4,29.335758209228516,26.722042083740234,401
Q15583-2,29.331798553466797,26.722042083740234,401
Q15583-3,29.332046508789062,26.722042083740234,401
Q15599-3,28.492774963378906,22.55499267578125,337
Q15599-2,28.444229125976562,22.55499267578125,337
Q15628-2,19.64748764038086,19.031702041625977,312
Q15629-2,13.06747817993164,10.509315490722656,374
Q15631-2,7.473039150238037,6.529393672943115,228
Q15645-2,8.97685718536377,8.139108657836914,432
Q15646-3,9.485336303710938,10.978815078735352,514
Q15646-2,12.497268676757812,10.978815078735352,514
Q15651-2,28.14611053466797,23.91551971435547,99
Q15654-3,29.346275329589844,24.810346603393555,476
Q15654-2,29.346275329589844,24.810346603393555,476
Q15661-2,7.59440279006958,7.627702713012695,275
Q15697-2,29.192947387695312,25.18694305419922,407
Q15723-4,29.4227294921875,27.461217880249023,593
Q15723-3,29.58055877685547,27.461217880249023,593
Q15723-2,29.47889518737793,27.461217880249023,593
Q15723-1,29.15167808532715,27.461217880249023,593
Q15742-2,27.920108795166016,26.232391357421875,525
Q15742-3,28.943634033203125,26.232391357421875,525
Q15750-2,29.60128402709961,16.366283416748047,504
Q15758-3,16.279987335205078,14.966980934143066,541
Q15758-2,16.252262115478516,14.966980934143066,541
Q15759-3,19.214876174926758,6.21858024597168,364
Q15771-2,10.333833694458008,8.747797966003418,203
Q15776-2,28.869396209716797,24.394670486450195,578
Q15777-2,3.876387596130371,4.13619327545166,294
Q15782-5,9.213459968566895,5.040019512176514,390
Q15782-6,20.63184356689453,5.040019512176514,390
Q15796-2,26.247024536132812,17.582307815551758,467
Q15797-2,28.08189582824707,15.643454551696777,465
Q15800-2,6.341933250427246,5.613204479217529,293
Q15822-2,12.146821975708008,16.65962791442871,529
Q15825-2,10.975364685058594,15.6578950881958,494
Q15831-2,28.144489288330078,15.027814865112305,433
Q15833-2,6.150847434997559,7.455957412719727,593
Q15853-4,28.955583572387695,25.465526580810547,346
Q15853-3,28.521907806396484,25.465526580810547,346
Q15853-2,21.713943481445312,25.465526580810547,346
Q15884-1,29.20444107055664,26.266672134399414,450
Q15907-2,20.836397171020508,10.850769996643066,218
Q15942-2,28.05236053466797,25.681737899780273,572
Q15973-4,24.76852798461914,19.813135147094727,351
Q15973-1,28.69509506225586,19.813135147094727,351
Q15973-2,21.732345581054688,19.813135147094727,351
Q15973-5,28.739009857177734,19.813135147094727,351
Q16181-2,26.84174346923828,17.30065155029297,437
Q16222-2,23.5445556640625,5.784904956817627,522
Q16222-3,15.904030799865723,5.784904956817627,522
Q16270-2,24.30974578857422,13.421332359313965,282
Q16342-4,10.372396469116211,9.627138137817383,344
Q16342-5,9.806760787963867,9.627138137817383,344
Q16342-2,9.806760787963867,9.627138137817383,344
Q16342-3,6.864269256591797,9.627138137817383,344
Q16378-2,29.208221435546875,25.8027400970459,134
Q16385-2,28.108774185180664,23.204193115234375,188
Q16401-2,5.5585432052612305,6.674583435058594,504
Q16515-2,12.001060485839844,11.90610122680664,512
Q16517-2,18.69753074645996,16.254533767700195,81
Q16534-2,28.601736068725586,22.688180923461914,295
Q16537-3,17.287353515625,9.830289840698242,467
Q16537-2,10.908170700073242,9.830289840698242,467
Q16538-2,24.927661895751953,21.964508056640625,588
Q16539-2,6.313910484313965,6.217291831970215,360
Q16539-5,6.323398590087891,6.217291831970215,360
Q16539-3,6.4117631912231445,6.217291831970215,360
Q16539-4,6.4090776443481445,6.217291831970215,360
Q16548-2,11.152755737304688,6.313959121704102,175
Q16555-2,13.202503204345703,9.430397033691406,572
Q16558-2,11.125027656555176,10.914448738098145,191
Q16563-2,26.27708625793457,12.782158851623535,259
Q16570-2,22.55252456665039,13.91212272644043,336
Q16576-2,15.155878067016602,6.723653793334961,425
Q16585-2,26.804838180541992,21.62264060974121,318
Q16589-2,28.164936065673828,14.259210586547852,344
Q16595-2,16.86806297302246,18.76154136657715,210
Q16595-3,16.86806297302246,18.76154136657715,210
Q16610-3,29.781076431274414,23.164030075073242,540
Q16610-4,28.596473693847656,23.164030075073242,540
Q16610-2,22.814632415771484,23.164030075073242,540
Q16611-2,10.541923522949219,10.042564392089844,211
Q16619-2,24.790000915527344,9.373208999633789,201
Q16623-3,22.271623611450195,14.035626411437988,288
Q16623-2,22.271623611450195,14.035626411437988,288
Q16625-5,28.543773651123047,24.021543502807617,522
Q16625-7,28.722034454345703,24.021543502807617,522
Q16625-4,27.530372619628906,24.021543502807617,522
Q16625-6,28.86801528930664,24.021543502807617,522
Q16625-3,24.56224822998047,24.021543502807617,522
Q16625-2,22.8505859375,24.021543502807617,522
Q16627-2,13.85326099395752,12.44328784942627,93
Q16629-3,29.073535919189453,24.38761329650879,238
Q16629-2,29.073535919189453,24.38761329650879,238
Q16629-4,28.000185012817383,24.38761329650879,238
Q16630-3,29.94133758544922,27.313379287719727,551
Q16635-7,4.589717864990234,3.7710068225860596,262
Q16635-8,4.75052547454834,3.7710068225860596,262
Q16635-9,4.25103759765625,3.7710068225860596,262
Q16635-5,3.625,3.7710068225860596,262
Q16635-2,4.033431053161621,3.7710068225860596,262
Q16635-6,4.25103759765625,3.7710068225860596,262
Q16635-4,3.0587515830993652,3.7710068225860596,262
Q16637-4,28.250350952148438,25.487192153930664,294
Q16637-2,28.34726905822754,25.487192153930664,294
Q16637-3,26.48538589477539,25.487192153930664,294
Q16651-2,9.741829872131348,12.655033111572266,343
Q16653-2,20.93534278869629,14.418577194213867,247
Q16653-8,21.38898468017578,14.418577194213867,247
Q16653-6,21.38898468017578,14.418577194213867,247
Q16653-11,21.38898468017578,14.418577194213867,247
Q16653-9,21.38898468017578,14.418577194213867,247
Q16653-10,19.18911361694336,14.418577194213867,247
Q16653-3,20.93534278869629,14.418577194213867,247
Q16653-7,21.38898468017578,14.418577194213867,247
Q16653-5,21.231481552124023,14.418577194213867,247
Q16653-13,21.50204849243164,14.418577194213867,247
Q16653-12,21.919261932373047,14.418577194213867,247
Q16653-4,17.383686065673828,14.418577194213867,247
Q16656-2,26.51128387451172,25.907968521118164,503
Q16656-3,29.106197357177734,25.907968521118164,503
Q16667-2,9.780595779418945,7.4746575355529785,212
Q16670-2,29.302532196044922,24.16716194152832,478
Q16671-2,21.767005920410156,20.306503295898438,573
Q16671-3,17.676239013671875,20.306503295898438,573
Q16674-2,16.67388916015625,10.918944358825684,131
Q16698-2,28.795019149780273,7.881399154663086,335
Q16718-2,13.902273178100586,6.652943134307861,116
Q16719-2,4.582365036010742,4.19770622253418,465
Q16769-2,5.122939586639404,6.837355613708496,361
Q16773-2,2.4572579860687256,2.6745636463165283,422
Q16773-3,2.7326855659484863,2.6745636463165283,422
Q16774-3,15.60204029083252,4.159963130950928,197
Q16775-2,21.785457611083984,7.776743412017822,308
Q16775-3,8.982315063476562,7.776743412017822,308
Q16828-2,21.82476043701172,20.099254608154297,381
Q16831-2,24.838924407958984,4.863392353057861,310
Q16836-2,5.144411563873291,4.389945030212402,314
Q16850-2,15.804479598999023,8.040504455566406,509
Q16851-2,26.10892677307129,7.041179656982422,508
Q16854-3,8.958765029907227,9.353960037231445,277
Q16854-5,8.63664436340332,9.353960037231445,277
Q16854-2,8.231000900268555,9.353960037231445,277
Q16854-4,13.104768753051758,9.353960037231445,277
Q16854-6,20.765586853027344,9.353960037231445,277
Q16875-2,29.23940658569336,9.522921562194824,520
Q16875-3,11.056367874145508,9.522921562194824,520
Q16875-4,11.301131248474121,9.522921562194824,520
Q16877-3,13.848140716552734,5.9768595695495605,469
Q16877-2,5.065767288208008,5.9768595695495605,469
Q16890-4,28.85714340209961,24.981569290161133,204
Q16890-3,29.367033004760742,24.981569290161133,204
Q16890-2,29.129316329956055,24.981569290161133,204
Q16890-5,29.290836334228516,24.981569290161133,204
Q17RF5-2,27.356691360473633,24.98792839050293,130
Q17RN3-2,24.036121368408203,19.87398338317871,349
Q18PE1-4,26.372421264648438,24.02881622314453,504
Q18PE1-3,27.913227081298828,24.02881622314453,504
Q1A5X6-2,27.83496856689453,24.864166259765625,159
Q1A5X6-3,26.361671447753906,24.864166259765625,159
Q1HG43-3,10.10879898071289,12.859565734863281,343
Q1HG43-2,29.053611755371094,12.859565734863281,343
Q1HG44-2,12.735145568847656,10.970566749572754,320
Q1MX18-3,14.639336585998535,13.141441345214844,579
Q1MX18-2,26.156055450439453,13.141441345214844,579
Q1MX18-4,14.623201370239258,13.141441345214844,579
Q1MX18-6,29.086505889892578,13.141441345214844,579
Q1MX18-5,17.018390655517578,13.141441345214844,579
Q1W4C9-2,17.40115737915039,12.738908767700195,94
Q1ZYL8-4,17.183244705200195,12.925664901733398,232
Q1ZYL8-2,20.04867935180664,12.925664901733398,232
Q1ZYL8-3,15.87816047668457,12.925664901733398,232
Q29980-2,14.211901664733887,17.640470504760742,383
Q29980-3,26.133272171020508,17.640470504760742,383
Q29983-2,15.37082576751709,16.69343376159668,383
Q2HXU8-2,14.047964096069336,15.485795974731445,276
Q2I0M4-2,28.303306579589844,16.979238510131836,334
Q2I0M5-2,23.015426635742188,19.569490432739258,234
Q2KHT4-3,24.521472930908203,18.872711181640625,349
Q2KHT4-6,20.35242462158203,18.872711181640625,349
Q2KHT4-5,18.176532745361328,18.872711181640625,349
Q2KHT4-2,15.717988967895508,18.872711181640625,349
Q2KHT4-4,19.641464233398438,18.872711181640625,349
Q2KHT4-7,24.056034088134766,18.872711181640625,349
Q2KHT4-8,20.571590423583984,18.872711181640625,349
Q2M2W7-2,21.95397186279297,23.99634552001953,339
Q2M3R5-2,23.199176788330078,12.593087196350098,365
Q2M3X9-2,28.53521728515625,24.878501892089844,581
Q2MKA7-2,29.303253173828125,21.66231918334961,263
Q2MKA7-3,24.732261657714844,21.66231918334961,263
Q2MV58-4,29.044700622558594,21.952085494995117,587
Q2MV58-5,22.575777053833008,21.952085494995117,587
Q2MV58-6,29.43600845336914,21.952085494995117,587
Q2MV58-3,20.374103546142578,21.952085494995117,587
Q2NKX9-3,28.88227081298828,22.074865341186523,166
Q2NL68-3,29.43434715270996,27.58575439453125,480
Q2NL68-4,29.39798355102539,27.58575439453125,480
Q2NL68-2,29.43434715270996,27.58575439453125,480
Q2QL34-2,9.446496963500977,8.409699440002441,196
Q2T9K0-4,25.619998931884766,24.212556838989258,475
Q2T9K0-2,27.824939727783203,24.212556838989258,475
Q2T9K0-6,25.738235473632812,24.212556838989258,475
Q2T9K0-7,25.738235473632812,24.212556838989258,475
Q2TAA2-2,5.10914421081543,4.8795037269592285,248
Q2TAL5-2,28.094417572021484,25.317262649536133,461
Q2TAY7-2,27.141693115234375,18.0783748626709,513
Q2TBC4-2,26.061464309692383,19.10212516784668,344
Q2TBC4-3,28.430028915405273,19.10212516784668,344
Q2VIR3-2,8.5015287399292,7.467457294464111,472
Q2VPA4-2,28.630281448364258,20.68572235107422,569
Q2VPA4-3,25.53615379333496,20.68572235107422,569
Q2VPJ9-2,17.65128517150879,15.759163856506348,315
Q2VPK5-5,15.296662330627441,13.534696578979492,515
Q2VPK5-3,14.459138870239258,13.534696578979492,515
Q2VYF4-4,24.557212829589844,22.434181213378906,491
Q2VYF4-2,29.44601821899414,22.434181213378906,491
Q2VYF4-3,24.557212829589844,22.434181213378906,491
Q30201-8,19.660608291625977,12.677764892578125,348
Q30201-2,11.931282997131348,12.677764892578125,348
Q30201-6,15.748817443847656,12.677764892578125,348
Q30201-5,12.11271858215332,12.677764892578125,348
Q30201-7,11.549210548400879,12.677764892578125,348
Q30201-3,10.537318229675293,12.677764892578125,348
Q30201-4,16.100732803344727,12.677764892578125,348
Q30201-10,11.681526184082031,12.677764892578125,348
Q30201-9,13.758672714233398,12.677764892578125,348
Q30201-11,24.696949005126953,12.677764892578125,348
Q309B1-2,24.409650802612305,17.1837100982666,348
Q32M92-2,26.40862464904785,24.53146743774414,178
Q32NB8-3,10.497615814208984,10.482114791870117,556
Q32NB8-2,19.643333435058594,10.482114791870117,556
Q32NB8-4,27.78463363647461,10.482114791870117,556
Q32NC0-2,22.152332305908203,20.32444190979004,220
Q32ZL2-2,27.773418426513672,12.780097007751465,321
Q330K2-2,22.69583511352539,9.85946273803711,333
Q330K2-3,15.97606372833252,9.85946273803711,333
Q3B7J2-2,5.4193196296691895,5.725282669067383,385
Q3B7J2-3,5.630949974060059,5.725282669067383,385
Q3B7T3-2,29.617584228515625,26.561277389526367,259
Q3B7T3-3,29.11821746826172,26.561277389526367,259
Q3B8N2-2,24.635211944580078,11.56515121459961,356
Q3B8N5-2,28.25659942626953,26.77663803100586,592
Q3C1V1-2,27.40997314453125,25.637466430664062,193
Q3I5F7-2,4.90137243270874,4.441206932067871,421
Q3KNS6-2,27.940902709960938,20.856685638427734,432
Q3KNT7-2,4.792827606201172,4.553652763366699,163
Q3KNT7-3,16.486024856567383,4.553652763366699,163
Q3KNT9-2,10.171428680419922,12.416128158569336,176
Q3KNT9-3,19.454614639282227,12.416128158569336,176
Q3KP22-3,26.584444046020508,24.460290908813477,176
Q3KP22-4,26.45475196838379,24.460290908813477,176
Q3KP31-2,28.103572845458984,22.113277435302734,576
Q3KPI0-2,14.403779983520508,14.814977645874023,293
Q3KPI0-3,16.940839767456055,14.814977645874023,293
Q3KQV9-2,5.570948600769043,5.260689735412598,507
Q3KQZ1-3,7.515361785888672,6.973989009857178,300
Q3KQZ1-2,7.699568748474121,6.973989009857178,300
Q3KQZ1-4,7.256551742553711,6.973989009857178,300
Q3KRA9-3,18.251054763793945,5.680407524108887,238
Q3LIE5-3,4.859567642211914,4.831221580505371,342
Q3LXA3-2,9.343694686889648,7.572364330291748,575
Q3MHD2-2,8.201030731201172,10.151373863220215,195
Q3MIW9-2,29.818904876708984,28.486783981323242,517
Q3SX64-2,28.048309326171875,26.13682746887207,289
Q3SXM5-2,5.633454322814941,6.321322441101074,330
Q3SXY8-3,18.77831268310547,20.287437438964844,428
Q3SXY8-2,18.478805541992188,20.287437438964844,428
Q3SXZ7-2,28.77054786682129,11.803783416748047,439
Q3SXZ7-3,28.77054786682129,11.803783416748047,439
Q3SY00-2,29.40581512451172,27.418996810913086,556
Q3SY05-2,27.84035873413086,24.85870361328125,128
Q3SY77-2,7.632142066955566,7.391658782958984,523
Q3SYC2-2,4.433023452758789,3.7469162940979004,334
Q3SYC2-3,4.1150102615356445,3.7469162940979004,334
Q3YBM2-2,17.23141098022461,20.116666793823242,270
Q3YBR2-3,22.542827606201172,21.14437484741211,411
Q3YBR2-2,23.56037139892578,21.14437484741211,411
Q3ZAQ7-2,24.98786735534668,18.00970458984375,101
Q3ZCQ8-3,20.186532974243164,14.386906623840332,353
Q3ZCU0-2,27.753612518310547,23.024412155151367,254
Q3ZCV2-2,28.51573944091797,26.135534286499023,418
Q400G9-2,16.21687126159668,16.145280838012695,498
Q401N2-2,16.911895751953125,15.4235258102417,412
Q401N2-3,21.177494049072266,15.4235258102417,412
Q494R4-2,20.853479385375977,15.933945655822754,210
Q495A1-2,28.261005401611328,21.03604507446289,244
Q495B1-1,24.880638122558594,10.045686721801758,522
Q495B1-2,8.14260196685791,10.045686721801758,522
Q495B1-6,19.869199752807617,10.045686721801758,522
Q495C1-2,26.04075813293457,22.463966369628906,297
Q495C1-3,27.512771606445312,22.463966369628906,297
Q495C1-5,27.503604888916016,22.463966369628906,297
Q495C1-4,23.619455337524414,22.463966369628906,297
Q495C1-6,23.619455337524414,22.463966369628906,297
Q495M3-2,12.34787368774414,10.903120040893555,483
Q495M3-3,10.742162704467773,10.903120040893555,483
Q495N2-2,12.610918998718262,9.96667766571045,470
Q495Y8-2,28.59187889099121,24.0483341217041,402
Q496A3-2,29.16895294189453,26.153644561767578,300
Q496M5-2,20.547094345092773,21.12140464782715,336
Q49A26-5,29.2679443359375,19.998449325561523,553
Q49A26-2,24.31672477722168,19.998449325561523,553
Q49A26-3,15.101158142089844,19.998449325561523,553
Q49A26-4,27.665977478027344,19.998449325561523,553
Q49A92-3,29.364990234375,28.00513458251953,538
Q49A92-2,29.70276641845703,28.00513458251953,538
Q49A92-4,29.364990234375,28.00513458251953,538
Q49AH0-2,16.53985023498535,14.65975570678711,187
Q49AM3-2,26.512649536132812,24.559465408325195,519
Q49AN0-2,13.666990280151367,11.391702651977539,593
Q49AR2-2,11.121532440185547,11.22719669342041,442
Q49AR2-3,9.781975746154785,11.22719669342041,442
Q49MI3-5,15.248800277709961,13.394034385681152,558
Q49MI3-2,22.789546966552734,13.394034385681152,558
Q49MI3-3,14.78006649017334,13.394034385681152,558
Q49MI3-4,13.63129997253418,13.394034385681152,558
Q49MI3-7,15.536895751953125,13.394034385681152,558
Q49MI3-8,16.986873626708984,13.394034385681152,558
Q49MI3-9,9.9456787109375,13.394034385681152,558
Q4AE62-6,11.086626052856445,12.209254264831543,458
Q4AE62-5,9.651164054870605,12.209254264831543,458
Q4AE62-2,9.87405776977539,12.209254264831543,458
Q4AE62-3,11.615283012390137,12.209254264831543,458
Q4AE62-4,10.685693740844727,12.209254264831543,458
Q4G0J3-2,24.87920379638672,22.361433029174805,582
Q4G0N4-3,14.64112663269043,11.731266021728516,442
Q4G0N4-2,8.482622146606445,11.731266021728516,442
Q4G0S7-2,18.355655670166016,18.757020950317383,254
Q4G148-2,27.929410934448242,14.195469856262207,440
Q4G1C9-6,19.279050827026367,16.162696838378906,344
Q4G1C9-5,17.296680450439453,16.162696838378906,344
Q4G1C9-2,21.166759490966797,16.162696838378906,344
Q4G1C9-4,17.27515411376953,16.162696838378906,344
Q4G1C9-3,19.389869689941406,16.162696838378906,344
Q4JDL3-6,17.945430755615234,14.715606689453125,420
Q4JDL3-4,27.242469787597656,14.715606689453125,420
Q4JDL3-3,29.06749153137207,14.715606689453125,420
Q4JDL3-9,28.89737319946289,14.715606689453125,420
Q4JDL3-2,29.030120849609375,14.715606689453125,420
Q4JDL3-5,12.871732711791992,14.715606689453125,420
Q4JDL3-14,28.89737319946289,14.715606689453125,420
Q4JDL3-11,12.871732711791992,14.715606689453125,420
Q4JDL3-10,17.164833068847656,14.715606689453125,420
Q4JDL3-12,28.89737319946289,14.715606689453125,420
Q4JDL3-15,28.89737319946289,14.715606689453125,420
Q4JDL3-8,28.89737319946289,14.715606689453125,420
Q4JDL3-7,18.037349700927734,14.715606689453125,420
Q4JDL3-13,27.262964248657227,14.715606689453125,420
Q4KMG9-2,25.267486572265625,24.07939910888672,183
Q4KMZ1-2,29.585832595825195,27.669458389282227,466
Q4KMZ8-3,17.101329803466797,16.120773315429688,207
Q4LDG9-3,7.373323440551758,6.442991733551025,190
Q4LDG9-2,8.049592018127441,6.442991733551025,190
Q4U2R8-2,17.9788818359375,10.661102294921875,563
Q4U2R8-3,10.727277755737305,10.661102294921875,563
Q4U2R8-4,8.307649612426758,10.661102294921875,563
Q4VC12-2,9.498878479003906,9.325898170471191,460
Q4VC12-3,28.018518447875977,9.325898170471191,460
Q4VXA5-2,25.450050354003906,19.45366668701172,237
Q4ZJI4-2,29.04863739013672,12.701796531677246,515
Q4ZJI4-3,12.224749565124512,12.701796531677246,515
Q4ZJI4-5,27.001733779907227,12.701796531677246,515
Q52LJ0-1,29.058197021484375,22.631092071533203,433
Q53EL6-2,29.568132400512695,18.620227813720703,469
Q53EV4-2,10.63667106628418,9.610918998718262,343
Q53EZ4-2,28.334270477294922,23.90709114074707,464
Q53F39-3,8.548660278320312,8.23435115814209,396
Q53F39-2,11.59339714050293,8.23435115814209,396
Q53F39-4,8.071881294250488,8.23435115814209,396
Q53F39-5,8.548660278320312,8.23435115814209,396
Q53FA7-2,3.151275157928467,2.979206085205078,332
Q53FD0-2,29.680391311645508,27.47772789001465,456
Q53FE4-2,29.460777282714844,27.2012939453125,359
Q53FZ2-2,12.433396339416504,9.416682243347168,586
Q53G44-2,16.30126190185547,10.882386207580566,452
Q53GG5-2,28.928443908691406,25.055889129638672,364
Q53GG5-3,28.806568145751953,25.055889129638672,364
Q53GI3-3,29.34476089477539,25.45223617553711,561
Q53GL0-2,27.442352294921875,25.302490234375,409
Q53GQ0-2,6.452811241149902,4.8570637702941895,312
Q53GS9-2,22.912647247314453,15.043903350830078,565
Q53GS9-3,13.344196319580078,15.043903350830078,565
Q53H12-2,11.612539291381836,9.471603393554688,422
Q53H76-4,10.498018264770508,8.620623588562012,456
Q53H76-2,9.671855926513672,8.620623588562012,456
Q53H76-3,6.327130317687988,8.620623588562012,456
Q53H96-2,3.683169364929199,4.44424295425415,274
Q53HC0-2,27.329898834228516,24.05293846130371,331
Q53HV7-2,6.9526472091674805,6.425335884094238,270
Q53RD9-4,23.554929733276367,21.404720306396484,439
Q53RD9-2,22.815189361572266,21.404720306396484,439
Q53RD9-3,29.067283630371094,21.404720306396484,439
Q53RY4-2,16.081457138061523,15.750659942626953,240
Q53S33-2,14.207544326782227,12.477945327758789,107
Q53S99-2,28.354042053222656,24.91288948059082,150
Q53T94-3,18.209110260009766,15.646723747253418,588
Q53T94-2,15.831010818481445,15.646723747253418,588
Q53TN4-3,9.59345817565918,11.412758827209473,286
Q53TN4-2,9.72951602935791,11.412758827209473,286
Q567V2-2,7.264640808105469,9.21403980255127,206
Q569H4-3,27.990995407104492,26.912504196166992,304
Q569H4-2,28.72429656982422,26.912504196166992,304
Q569K4-5,29.37234115600586,27.659738540649414,471
Q569K4-3,29.660980224609375,27.659738540649414,471
Q569K4-4,29.37234115600586,27.659738540649414,471
Q569K4-2,29.524049758911133,27.659738540649414,471
Q56VL3-2,23.923294067382812,22.220273971557617,154
Q59EK9-4,27.684551239013672,21.03630256652832,446
Q59EK9-2,19.832134246826172,21.03630256652832,446
Q59EK9-3,27.300762176513672,21.03630256652832,446
Q5BJD5-3,15.62093734741211,13.668957710266113,291
Q5BJD5-2,15.569879531860352,13.668957710266113,291
Q5BJH2-2,23.347858428955078,15.406905174255371,165
Q5BJH7-2,29.474864959716797,17.78059959411621,314
Q5BJH7-6,29.593042373657227,17.78059959411621,314
Q5BJH7-3,28.052518844604492,17.78059959411621,314
Q5BJH7-5,29.674495697021484,17.78059959411621,314
Q5BJH7-4,29.674495697021484,17.78059959411621,314
Q5BKX5-3,13.071426391601562,13.399721145629883,351
Q5BKX5-2,23.274904251098633,13.399721145629883,351
Q5BKY9-2,27.199155807495117,26.230310440063477,247
Q5BN46-2,20.801654815673828,16.860294342041016,136
Q5BVD1-2,19.438058853149414,18.205886840820312,217
Q5BVD1-3,19.551959991455078,18.205886840820312,217
Q5DX21-2,27.635692596435547,21.317014694213867,431
Q5DX21-3,27.496875762939453,21.317014694213867,431
Q5EB52-2,19.102249145507812,5.572724342346191,335
Q5EB52-3,5.358830451965332,5.572724342346191,335
Q5EBL4-2,26.70771026611328,23.77548599243164,403
Q5EBL4-3,27.550941467285156,23.77548599243164,403
Q5EBM0-4,8.297830581665039,8.513683319091797,449
Q5EBM0-3,8.435288429260254,8.513683319091797,449
Q5EBM0-2,8.799262046813965,8.513683319091797,449
Q5EBM4-2,26.515697479248047,21.86200714111328,170
Q5EG05-2,23.372539520263672,19.066015243530273,197
Q5FBB7-5,29.218997955322266,28.018863677978516,561
Q5FBB7-7,29.387317657470703,28.018863677978516,561
Q5FBB7-4,29.28618812561035,28.018863677978516,561
Q5FBB7-3,29.491147994995117,28.018863677978516,561
Q5FBB7-2,29.55233383178711,28.018863677978516,561
Q5FBB7-6,29.239395141601562,28.018863677978516,561
Q5FWF6-3,26.61957359313965,24.211442947387695,425
Q5FWF6-2,28.198165893554688,24.211442947387695,425
Q5FYB1-2,12.217350006103516,10.265754699707031,569
Q5H913-2,24.351383209228516,16.830820083618164,290
Q5H9L4-3,27.3223934173584,24.466594696044922,462
Q5H9L4-2,29.568004608154297,24.466594696044922,462
Q5H9S7-2,10.663408279418945,9.464803695678711,520
Q5HYI7-4,27.395233154296875,13.134060859680176,312
Q5HYI7-5,11.879400253295898,13.134060859680176,312
Q5HYI7-2,14.121694564819336,13.134060859680176,312
Q5HYJ3-2,27.90013885498047,21.911670684814453,339
Q5HYJ3-3,27.90013885498047,21.911670684814453,339
Q5HYL7-3,19.6807918548584,14.21711254119873,178
Q5HYL7-4,12.163759231567383,14.21711254119873,178
Q5HYL7-2,14.949974060058594,14.21711254119873,178
Q5HYR2-2,29.13131332397461,26.43752670288086,192
Q5J8M3-3,26.309059143066406,20.024038314819336,183
Q5J8M3-2,21.101058959960938,20.024038314819336,183
Q5J8X5-2,8.54073715209961,8.628851890563965,152
Q5J8X5-3,8.656734466552734,8.628851890563965,152
Q5JPH6-2,9.997087478637695,9.095046997070312,523
Q5JPI3-2,25.11315155029297,18.859018325805664,329
Q5JQS6-2,27.198261260986328,24.696460723876953,135
Q5JR12-2,13.255523681640625,11.306930541992188,505
Q5JRV8-3,26.537307739257812,22.513410568237305,349
Q5JRV8-2,23.954368591308594,22.513410568237305,349
Q5JRV8-4,23.21474838256836,22.513410568237305,349
Q5JS13-4,27.99982452392578,21.4752254486084,557
Q5JS13-5,23.25814437866211,21.4752254486084,557
Q5JS13-7,28.516273498535156,21.4752254486084,557
Q5JS13-3,27.99982452392578,21.4752254486084,557
Q5JS13-2,28.516273498535156,21.4752254486084,557
Q5JS13-6,23.746021270751953,21.4752254486084,557
Q5JS37-2,7.333581924438477,9.017756462097168,347
Q5JS54-3,8.908132553100586,9.100072860717773,123
Q5JT25-2,9.144796371459961,13.744684219360352,222
Q5JTD0-3,27.829586029052734,25.954626083374023,557
Q5JTD0-2,21.526050567626953,25.954626083374023,557
Q5JTD0-4,26.53350830078125,25.954626083374023,557
Q5JTJ3-3,26.74325942993164,18.53036880493164,125
Q5JTJ3-2,27.644454956054688,18.53036880493164,125
Q5JTV8-2,25.919464111328125,24.928146362304688,583
Q5JTY5-2,11.501667022705078,13.609037399291992,395
Q5JU67-2,27.934101104736328,24.050243377685547,520
Q5JU69-2,9.238496780395508,9.184460639953613,321
Q5JU69-5,22.34859848022461,9.184460639953613,321
Q5JUK2-2,29.415611267089844,26.564294815063477,328
Q5JUR7-2,4.220604419708252,3.819460868835449,227
Q5JUW0-3,23.147851943969727,20.91361427307129,171
Q5JUW0-2,25.507831573486328,20.91361427307129,171
Q5JUX0-2,18.744443893432617,12.626420021057129,258
Q5JVF3-2,7.689784049987793,4.749819278717041,399
Q5JVF3-3,4.519715309143066,4.749819278717041,399
Q5JVG8-2,26.475234985351562,23.06020736694336,444
Q5JVS0-2,29.862632751464844,28.091476440429688,413
Q5JW98-2,18.636402130126953,15.954988479614258,314
Q5JW98-3,16.977325439453125,15.954988479614258,314
Q5JW98-4,17.561166763305664,15.954988479614258,314
Q5JWF2-2,24.61915397644043,25.323802947998047,1037
Q5JWF2-3,27.812644958496094,25.323802947998047,1037
Q5JXA9-2,23.487171173095703,18.377662658691406,342
Q5JXA9-3,17.93645477294922,18.377662658691406,342
Q5JXC2-2,28.654621124267578,26.9374942779541,388
Q5M7Z0-2,23.31193733215332,18.871665954589844,435
Q5M7Z0-3,23.31193733215332,18.871665954589844,435
Q5MJ70-1,24.697290420532227,19.578580856323242,313
Q5MNZ9-2,27.632652282714844,14.617959022521973,446
Q5MY95-2,6.763867378234863,8.294419288635254,495
Q5NDL2-3,5.5675859451293945,6.798984050750732,527
Q5NDL2-2,7.891885757446289,6.798984050750732,527
Q5PSV4-2,27.700225830078125,22.571903228759766,323
Q5QGZ9-4,21.2144775390625,15.080583572387695,265
Q5QGZ9-5,15.148113250732422,15.080583572387695,265
Q5QGZ9-3,24.697547912597656,15.080583572387695,265
Q5QJU3-2,6.409698486328125,5.4222412109375,275
Q5QJU3-3,21.6770076751709,5.4222412109375,275
Q5QP82-2,27.723308563232422,17.87910270690918,559
Q5R372-5,29.122234344482422,22.016111373901367,815
Q5R372-7,29.122234344482422,22.016111373901367,815
Q5R372-6,29.007686614990234,22.016111373901367,815
Q5R372-9,21.596973419189453,22.016111373901367,815
Q5R372-8,29.007686614990234,22.016111373901367,815
Q5R372-4,24.746959686279297,22.016111373901367,815
Q5R372-2,28.96670913696289,22.016111373901367,815
Q5R3K3-2,12.833006858825684,10.815520286560059,315
Q5RIA9-2,13.430131912231445,13.237436294555664,395
Q5RIA9-3,10.85704231262207,13.237436294555664,395
Q5RL73-2,28.238018035888672,23.52110481262207,367
Q5SGD2-3,16.91925811767578,11.887430191040039,360
Q5SGD2-2,13.481959342956543,11.887430191040039,360
Q5SGD2-4,12.943166732788086,11.887430191040039,360
Q5SQ64-2,29.669538497924805,18.603498458862305,297
Q5SQH8-2,28.1007080078125,23.064077377319336,315
Q5SQH8-3,26.494722366333008,23.064077377319336,315
Q5SQI0-7,28.85830307006836,23.095428466796875,421
Q5SQI0-6,28.85830307006836,23.095428466796875,421
Q5SQI0-5,29.411434173583984,23.095428466796875,421
Q5SQI0-4,29.416839599609375,23.095428466796875,421
Q5SQI0-3,27.225440979003906,23.095428466796875,421
Q5SQI0-2,19.631420135498047,23.095428466796875,421
Q5SQN1-4,22.94640350341797,22.12103271484375,464
Q5SQN1-3,29.22462272644043,22.12103271484375,464
Q5SQN1-2,25.032550811767578,22.12103271484375,464
Q5SQQ9-2,27.863874435424805,25.712297439575195,334
Q5SR56-2,29.142574310302734,14.124798774719238,506
Q5SRE7-2,3.5859787464141846,4.604409694671631,291
Q5SRE7-3,4.931884765625,4.604409694671631,291
Q5SRN2-2,29.194406509399414,28.26555824279785,563
Q5SRN2-3,29.131885528564453,28.26555824279785,563
Q5SRR4-2,28.855850219726562,17.560443878173828,150
Q5SRR4-3,28.68861198425293,17.560443878173828,150
Q5SSG8-3,18.79251480102539,19.554244995117188,566
Q5SSJ5-3,28.254003524780273,24.97603416442871,553
Q5SSJ5-2,30.03582000732422,24.97603416442871,553
Q5SSJ5-5,30.079845428466797,24.97603416442871,553
Q5SVJ3-2,25.505298614501953,23.646026611328125,147
Q5SVS4-2,14.317974090576172,11.477875709533691,291
Q5SWX8-3,16.61221694946289,12.294174194335938,454
Q5SWX8-2,16.089982986450195,12.294174194335938,454
Q5SWX8-4,9.714788436889648,12.294174194335938,454
Q5SXH7-1,28.073694229125977,25.202131271362305,465
Q5SXH7-2,27.611671447753906,25.202131271362305,465
Q5SXH7-3,28.33297348022461,25.202131271362305,465
Q5SXH7-4,28.33297348022461,25.202131271362305,465
Q5SYC1-2,10.971921920776367,10.578131675720215,327
Q5SZJ8-3,27.395145416259766,23.087575912475586,279
Q5SZJ8-2,27.421716690063477,23.087575912475586,279
Q5SZJ8-4,26.978900909423828,23.087575912475586,279
Q5SZQ8-4,29.445205688476562,24.753910064697266,465
Q5SZQ8-2,27.821121215820312,24.753910064697266,465
Q5SZQ8-3,22.628232955932617,24.753910064697266,465
Q5T013-2,10.219202995300293,3.0313570499420166,277
Q5T013-3,5.289271354675293,3.0313570499420166,277
Q5T013-4,3.1135172843933105,3.0313570499420166,277
Q5T089-2,21.171825408935547,18.02399444580078,497
Q5T0D9-2,12.153696060180664,14.584424018859863,272
Q5T0J7-3,29.12106704711914,25.02342987060547,233
Q5T0J7-5,29.415653228759766,25.02342987060547,233
Q5T0J7-2,28.24667739868164,25.02342987060547,233
Q5T0J7-4,28.136363983154297,25.02342987060547,233
Q5T0U0-2,23.788583755493164,18.907405853271484,273
Q5T124-5,29.270965576171875,25.64825439453125,520
Q5T124-8,29.652481079101562,25.64825439453125,520
Q5T124-4,29.64653778076172,25.64825439453125,520
Q5T124-2,29.372844696044922,25.64825439453125,520
Q5T124-3,28.86081314086914,25.64825439453125,520
Q5T124-7,29.67544174194336,25.64825439453125,520
Q5T124-6,28.99968719482422,25.64825439453125,520
Q5T1Q4-2,25.255233764648438,14.629295349121094,408
Q5T215-2,8.04798698425293,7.553493499755859,181
Q5T292-4,26.37740707397461,19.967164993286133,105
Q5T292-3,26.37740707397461,19.967164993286133,105
Q5T292-2,26.37740707397461,19.967164993286133,105
Q5T2R2-3,28.509733200073242,12.40235710144043,415
Q5T2R2-2,11.443666458129883,12.40235710144043,415
Q5T2T1-2,28.283100128173828,18.454038619995117,576
Q5T2W1-2,21.719263076782227,21.65276336669922,519
Q5T3I0-3,27.52092742919922,27.192729949951172,446
Q5T4B2-2,13.101807594299316,8.9804105758667,595
Q5T4F4-5,26.94576072692871,23.71544075012207,411
Q5T4F4-7,29.202693939208984,23.71544075012207,411
Q5T4F4-2,27.067184448242188,23.71544075012207,411
Q5T4F4-6,26.88905143737793,23.71544075012207,411
Q5T4F4-8,27.384780883789062,23.71544075012207,411
Q5T4F4-4,29.336585998535156,23.71544075012207,411
Q5T4I8-2,27.306720733642578,24.127294540405273,152
Q5T4W7-2,29.424779891967773,22.32501983642578,220
Q5T5A4-2,23.230365753173828,20.256853103637695,169
Q5T5M9-2,12.156333923339844,16.16289520263672,372
Q5T5S1-3,28.132049560546875,24.463855743408203,534
Q5T5S1-2,27.74401092529297,24.463855743408203,534
Q5T5S1-4,28.01688575744629,24.463855743408203,534
Q5T6J7-3,5.497224807739258,6.279104232788086,187
Q5T6J7-2,5.4453582763671875,6.279104232788086,187
Q5T6S3-2,19.413867950439453,19.697277069091797,580
Q5T6S3-3,19.19614028930664,19.697277069091797,580
Q5T7M9-2,13.278656005859375,10.831448554992676,428
Q5T7P8-2,29.47403335571289,23.565658569335938,510
Q5T7V8-2,26.376224517822266,23.96651840209961,369
Q5T7W7-2,29.038833618164062,16.891672134399414,516
Q5T8D3-2,29.25457191467285,26.86827850341797,534
Q5T8D3-4,29.25457191467285,26.86827850341797,534
Q5T8D3-3,29.25457191467285,26.86827850341797,534
Q5T8I3-2,27.82917022705078,23.226064682006836,360
Q5T9C2-2,28.105693817138672,23.774169921875,384
Q5T9C2-3,27.017038345336914,23.774169921875,384
Q5T9C9-2,11.710430145263672,10.811332702636719,394
Q5T9G4-3,9.229242324829102,12.991859436035156,340
Q5T9L3-2,11.147741317749023,11.064671516418457,541
Q5T9L3-3,11.666542053222656,11.064671516418457,541
Q5TAA0-2,9.257102966308594,7.601922512054443,569
Q5TAB7-2,26.784975051879883,22.572021484375,128
Q5TAQ9-2,19.756038665771484,16.95270538330078,597
Q5TBB1-2,28.548927307128906,17.013580322265625,312
Q5TBC7-2,12.521221160888672,8.040761947631836,163
Q5TBE3-2,27.914583206176758,22.055091857910156,101
Q5TBK1-2,16.90465545654297,15.81613540649414,243
Q5TC12-2,24.01750946044922,18.335365295410156,328
Q5TC12-3,27.706485748291016,18.335365295410156,328
Q5TC63-2,24.392536163330078,4.243436336517334,336
Q5TC63-3,4.867572784423828,4.243436336517334,336
Q5TC79-3,29.41879653930664,25.410160064697266,503
Q5TC79-2,29.268386840820312,25.410160064697266,503
Q5TCH4-2,7.355264663696289,7.39070987701416,519
Q5TDH0-3,27.139087677001953,22.060344696044922,399
Q5TDH0-2,27.742311477661133,22.060344696044922,399
Q5TDP6-2,16.05376434326172,12.82576847076416,509
Q5TDP6-3,28.93929672241211,12.82576847076416,509
Q5TEU4-2,8.83540153503418,11.262003898620605,345
Q5TFE4-2,6.073273658752441,7.507363796234131,455
Q5TGI0-2,20.505023956298828,17.719985961914062,409
Q5TGP6-2,25.351802825927734,13.130058288574219,573
Q5TGZ0-2,13.534669876098633,12.569690704345703,78
Q5TID7-3,25.720474243164062,26.630563735961914,509
Q5TID7-2,28.182598114013672,26.630563735961914,509
Q5TKA1-3,28.969314575195312,23.313369750976562,542
Q5TYM5-2,7.531729698181152,8.425971984863281,149
Q5U3C3-2,7.502902507781982,7.148726463317871,297
Q5UCC4-2,26.71051025390625,17.487077713012695,262
Q5VIY5-2,28.30713653564453,23.925092697143555,522
Q5VSG8-2,12.61754035949707,11.867866516113281,457
Q5VSG8-3,12.61740493774414,11.867866516113281,457
Q5VST6-2,10.456294059753418,5.876688003540039,288
Q5VSY0-2,28.576875686645508,25.502761840820312,366
Q5VT66-3,7.58091926574707,8.664899826049805,337
Q5VT79-2,5.605101108551025,4.8323655128479,327
Q5VTB9-3,29.443405151367188,27.480052947998047,566
Q5VTD9-2,20.966014862060547,22.095611572265625,330
Q5VTE6-2,25.00240707397461,16.50716781616211,544
Q5VTL8-2,26.45315170288086,25.119863510131836,546
Q5VTY9-6,5.781001091003418,5.1962690353393555,493
Q5VTY9-5,5.0728254318237305,5.1962690353393555,493
Q5VTY9-7,5.322421073913574,5.1962690353393555,493
Q5VTY9-3,6.651605129241943,5.1962690353393555,493
Q5VTY9-2,5.945560455322266,5.1962690353393555,493
Q5VTY9-4,12.663618087768555,5.1962690353393555,493
Q5VUD6-2,15.348536491394043,11.140368461608887,431
Q5VUJ9-2,27.981342315673828,22.53183364868164,269
Q5VUJ9-3,27.21625518798828,22.53183364868164,269
Q5VV52-3,26.866764068603516,20.24112892150879,315
Q5VVQ6-2,27.097309112548828,18.709192276000977,348
Q5VVX9-2,28.236352920532227,20.543540954589844,321
Q5VW32-2,4.096264839172363,5.539637088775635,411
Q5VWP3-2,29.557785034179688,28.8248233795166,993
Q5VWP3-4,29.664817810058594,28.8248233795166,993
Q5VWZ2-2,3.1849546432495117,3.6224074363708496,237
Q5VX52-4,28.625560760498047,25.312562942504883,459
Q5VX52-2,29.11832046508789,25.312562942504883,459
Q5VX71-3,26.8529052734375,23.3758602142334,490
Q5VX71-4,25.594497680664062,23.3758602142334,490
Q5VX71-2,26.8529052734375,23.3758602142334,490
Q5VXD3-4,26.51372528076172,15.190271377563477,122
Q5VXD3-2,26.636184692382812,15.190271377563477,122
Q5VXD3-3,16.367767333984375,15.190271377563477,122
Q5VXU1-2,20.80556869506836,16.008737564086914,208
Q5VXU1-3,14.05322265625,16.008737564086914,208
Q5VXU3-2,13.892524719238281,17.33266830444336,224
Q5VYS4-2,29.245119094848633,15.090426445007324,303
Q5VYX0-2,3.7150650024414062,3.2514448165893555,342
Q5VYY2-2,20.331777572631836,7.956122398376465,423
Q5VZ03-3,6.013214111328125,5.300172805786133,156
Q5VZ19-2,23.917007446289062,20.070247650146484,366
Q5VZ52-2,15.067123413085938,12.042976379394531,161
Q5VZF2-2,29.773773193359375,24.991130828857422,373
Q5VZF2-3,28.46502685546875,24.991130828857422,373
Q5VZI3-2,26.51761817932129,17.569320678710938,342
Q5VZM2-2,23.051868438720703,12.104599952697754,374
Q5W0U4-2,13.042196273803711,10.525915145874023,402
Q5W111-2,6.055936813354492,7.820048809051514,196
Q5W5X9-3,20.5388126373291,11.9751615524292,447
Q5W5X9-2,20.413713455200195,11.9751615524292,447
Q5XG92-4,7.023329257965088,5.9683942794799805,561
Q5XG92-6,9.388879776000977,5.9683942794799805,561
Q5XG92-5,6.531035423278809,5.9683942794799805,561
Q5XG92-2,5.710640907287598,5.9683942794799805,561
Q5XG92-7,26.633928298950195,5.9683942794799805,561
Q5XG92-8,10.289453506469727,5.9683942794799805,561
Q5XG99-2,28.497947692871094,26.45924186706543,296
Q5XKK7-3,29.8363094329834,26.138608932495117,198
Q5XKK7-2,29.68770408630371,26.138608932495117,198
Q5XKR9-5,29.04366683959961,24.796749114990234,115
Q5XKR9-4,28.127193450927734,24.796749114990234,115
Q5XKR9-3,29.04366683959961,24.796749114990234,115
Q5XKR9-6,28.127193450927734,24.796749114990234,115
Q5XUX0-2,19.517595291137695,13.137714385986328,539
Q5XUX1-2,10.717081069946289,11.048907279968262,458
Q5ZPR3-4,28.530303955078125,20.010366439819336,534
Q5ZPR3-2,21.175161361694336,20.010366439819336,534
Q63HQ0-2,23.844993591308594,25.687294006347656,302
Q63ZE4-2,14.801851272583008,7.972891807556152,541
Q63ZY6-5,25.256240844726562,12.77804946899414,315
Q63ZY6-4,11.361821174621582,12.77804946899414,315
Q63ZY6-2,12.825931549072266,12.77804946899414,315
Q63ZY6-6,9.145546913146973,12.77804946899414,315
Q641Q3-2,20.48562240600586,13.386358261108398,311
Q64LD2-2,23.704912185668945,19.681316375732422,544
Q658L1-2,28.700016021728516,26.447046279907227,398
Q658P3-3,8.881930351257324,10.37130069732666,488
Q658P3-4,11.91733169555664,10.37130069732666,488
Q658T7-2,29.81918716430664,28.369035720825195,463
Q66K41-2,29.687847137451172,27.501432418823242,422
Q66K80-2,29.790542602539062,27.649112701416016,236
Q66PJ3-7,28.21540641784668,25.706457138061523,237
Q66PJ3-2,29.124340057373047,25.706457138061523,237
Q66PJ3-6,28.67160987854004,25.706457138061523,237
Q66PJ3-5,28.12670135498047,25.706457138061523,237
Q66PJ3-3,29.124340057373047,25.706457138061523,237
Q66PJ3-4,28.67160987854004,25.706457138061523,237
Q687X5-2,8.76910400390625,8.931384086608887,459
Q68CJ9-2,27.958694458007812,26.833362579345703,461
Q68CJ9-4,27.808822631835938,26.833362579345703,461
Q68CJ9-5,28.602630615234375,26.833362579345703,461
Q68CL5-3,26.194656372070312,17.00405502319336,300
Q68CL5-1,16.34969711303711,17.00405502319336,300
Q68CL5-4,15.551644325256348,17.00405502319336,300
Q68CL5-5,26.194656372070312,17.00405502319336,300
Q68CQ7-2,12.139505386352539,12.00972843170166,371
Q68D86-2,24.858516693115234,24.99203109741211,513
Q68D91-2,5.301353454589844,4.699901103973389,279
Q68DY1-3,28.7784423828125,23.16118621826172,528
Q68DY1-2,28.751527786254883,23.16118621826172,528
Q68EN5-2,11.892525672912598,14.800149917602539,471
Q68EN5-3,14.93362045288086,14.800149917602539,471
Q68G74-2,22.768207550048828,23.568307876586914,356
Q68G75-4,27.14849090576172,23.9702091217041,181
Q68G75-2,23.216812133789062,23.9702091217041,181
Q68G75-5,27.14849090576172,23.9702091217041,181
Q68G75-6,23.216812133789062,23.9702091217041,181
Q68G75-3,25.539825439453125,23.9702091217041,181
Q69YI7-2,27.417926788330078,23.142749786376953,327
Q69YN2-2,28.138702392578125,18.488489151000977,538
Q69YN2-3,20.684856414794922,18.488489151000977,538
Q6A555-2,12.104206085205078,10.127409934997559,127
Q6AW86-2,28.90549659729004,24.56966781616211,544
Q6AZZ1-2,18.809696197509766,15.07862663269043,485
Q6B8I1-4,6.469200134277344,7.000820636749268,188
Q6B8I1-2,10.312150955200195,7.000820636749268,188
Q6B8I1-5,10.450434684753418,7.000820636749268,188
Q6B8I1-3,10.450434684753418,7.000820636749268,188
Q6BAA4-3,28.365745544433594,19.465681076049805,426
Q6BAA4-2,21.538917541503906,19.465681076049805,426
Q6BAA4-5,28.365745544433594,19.465681076049805,426
Q6BAA4-4,21.492870330810547,19.465681076049805,426
Q6BCY4-2,3.730600595474243,3.6440610885620117,276
Q6DHV7-3,4.312894821166992,4.879484176635742,355
Q6DHV7-2,4.431489944458008,4.879484176635742,355
Q6DJT9-2,26.640636444091797,26.100027084350586,500
Q6DKI1-2,16.36018943786621,14.481476783752441,255
Q6DKJ4-3,13.617819786071777,10.085115432739258,435
Q6DKJ4-2,17.65207290649414,10.085115432739258,435
Q6DN72-3,27.940269470214844,19.096555709838867,434
Q6DN72-2,28.185184478759766,19.096555709838867,434
Q6DN72-4,20.017704010009766,19.096555709838867,434
Q6E0U4-15,29.162242889404297,27.755529403686523,476
Q6E0U4-13,29.029434204101562,27.755529403686523,476
Q6E0U4-11,29.108882904052734,27.755529403686523,476
Q6E0U4-12,29.111225128173828,27.755529403686523,476
Q6E0U4-10,29.108882904052734,27.755529403686523,476
Q6E0U4-14,29.111225128173828,27.755529403686523,476
Q6E0U4-9,29.108882904052734,27.755529403686523,476
Q6E0U4-8,29.293346405029297,27.755529403686523,476
Q6E0U4-7,29.194766998291016,27.755529403686523,476
Q6E0U4-5,29.105669021606445,27.755529403686523,476
Q6E0U4-3,28.854469299316406,27.755529403686523,476
Q6E0U4-6,29.105669021606445,27.755529403686523,476
Q6E0U4-4,29.361515045166016,27.755529403686523,476
Q6E0U4-16,30.025558471679688,27.755529403686523,476
Q6EIG7-2,21.800838470458984,11.5393648147583,209
Q6FI81-3,15.762104034423828,19.85354995727539,312
Q6FI81-2,28.65515899658203,19.85354995727539,312
Q6FIF0-2,27.80633544921875,23.84120750427246,208
Q6GPH4-3,26.433155059814453,22.216245651245117,301
Q6GPH4-4,21.65357208251953,22.216245651245117,301
Q6GPH4-5,26.4063663482666,22.216245651245117,301
Q6GPH4-2,18.73637580871582,22.216245651245117,301
Q6GPH4-7,18.690616607666016,22.216245651245117,301
Q6GPH4-6,26.358070373535156,22.216245651245117,301
Q6GTS8-2,7.666575908660889,7.807082653045654,502
Q6GTX8-4,29.514598846435547,23.50833511352539,287
Q6GTX8-3,27.60272979736328,23.50833511352539,287
Q6GTX8-2,26.218082427978516,23.50833511352539,287
Q6H3X3-2,26.08899688720703,19.305774688720703,334
Q6H3X3-3,19.461971282958984,19.305774688720703,334
Q6H9L7-4,29.68954086303711,25.014909744262695,571
Q6H9L7-5,28.891748428344727,25.014909744262695,571
Q6H9L7-3,29.094444274902344,25.014909744262695,571
Q6H9L7-2,29.210540771484375,25.014909744262695,571
Q6IA17-2,29.410179138183594,20.164979934692383,410
Q6IB77-2,3.9705638885498047,3.5963523387908936,296
Q6IC98-2,27.470182418823242,25.008895874023438,578
Q6ICG6-3,17.20941925048828,17.101816177368164,404
Q6ICG6-2,17.54772186279297,17.101816177368164,404
Q6ICL3-3,3.8137524127960205,3.501063346862793,276
Q6ICL3-2,3.4449050426483154,3.501063346862793,276
Q6ICL3-5,3.7057483196258545,3.501063346862793,276
Q6ICL3-4,5.776288986206055,3.501063346862793,276
Q6ICL3-6,7.7690911293029785,3.501063346862793,276
Q6ICL7-2,11.942350387573242,11.89980411529541,350
Q6IEE8-2,26.908832550048828,12.496916770935059,588
Q6IEG0-2,25.755695343017578,23.327669143676758,339
Q6IN84-2,15.983414649963379,14.875940322875977,353
Q6IPR3-2,9.699382781982422,12.968769073486328,259
Q6IPT2-2,18.13825798034668,18.83151626586914,247
Q6IPT4-3,8.625364303588867,7.145880699157715,315
Q6IPT4-4,6.173255920410156,7.145880699157715,315
Q6IPU0-2,14.308572769165039,13.452244758605957,288
Q6IPW1-2,25.501949310302734,24.957828521728516,123
Q6IPX3-2,30.023099899291992,26.642900466918945,200
Q6IQ49-2,24.007972717285156,25.628414154052734,451
Q6IQ49-3,27.62262725830078,25.628414154052734,451
Q6ISS4-2,23.074291229248047,14.819988250732422,152
Q6ISU1-2,27.095043182373047,23.237661361694336,281
Q6ISU1-3,20.957565307617188,23.237661361694336,281
Q6J272-2,26.07741928100586,23.993471145629883,317
Q6J4K2-2,9.761025428771973,12.319414138793945,584
Q6JBY9-2,30.126659393310547,28.28714942932129,416
Q6JVE6-2,22.223224639892578,15.750779151916504,187
Q6JVE9-2,24.489768981933594,10.995885848999023,175
Q6KB66-2,28.32678985595703,23.770944595336914,452
Q6KB66-3,27.554729461669922,23.770944595336914,452
Q6KCM7-6,24.892210006713867,16.78110694885254,469
Q6KCM7-2,26.508865356445312,16.78110694885254,469
Q6KCM7-3,24.83349609375,16.78110694885254,469
Q6KCM7-4,26.389881134033203,16.78110694885254,469
Q6KCM7-5,24.790849685668945,16.78110694885254,469
Q6MZQ0-4,25.46508026123047,21.552265167236328,368
Q6MZQ0-2,28.904788970947266,21.552265167236328,368
Q6MZQ0-3,25.36800765991211,21.552265167236328,368
Q6N063-2,6.674456596374512,5.255420207977295,350
Q6N063-4,5.451662063598633,5.255420207977295,350
Q6N063-3,6.8714399337768555,5.255420207977295,350
Q6NS38-2,17.379409790039062,12.139413833618164,261
Q6NSZ9-4,28.9531307220459,25.13466453552246,544
Q6NSZ9-3,29.39808464050293,25.13466453552246,544
Q6NSZ9-2,28.067989349365234,25.13466453552246,544
Q6NT04-2,28.52839469909668,21.67049789428711,549
Q6NT32-3,10.835036277770996,7.5845232009887695,575
Q6NT32-4,27.484561920166016,7.5845232009887695,575
Q6NT32-2,5.988171577453613,7.5845232009887695,575
Q6NT76-2,28.921131134033203,25.35433578491211,420
Q6NT76-3,22.570575714111328,25.35433578491211,420
Q6NT76-4,27.83692741394043,25.35433578491211,420
Q6NT76-5,27.629066467285156,25.35433578491211,420
Q6NTE8-3,26.619443893432617,26.557804107666016,343
Q6NTE8-2,25.735380172729492,26.557804107666016,343
Q6NTF7-3,22.243967056274414,6.848474979400635,200
Q6NTF7-2,22.243967056274414,6.848474979400635,200
Q6NTF7-4,9.340714454650879,6.848474979400635,200
Q6NTF9-3,21.417232513427734,20.578176498413086,364
Q6NUJ5-2,27.41842269897461,27.130401611328125,590
Q6NUK1-2,21.74932098388672,15.233763694763184,477
Q6NUK4-2,28.00049591064453,22.87872314453125,255
Q6NUN0-2,8.558683395385742,7.536808013916016,579
Q6NUS8-2,25.494253158569336,7.139049053192139,523
Q6NW29-2,21.857723236083984,16.761119842529297,188
Q6NW34-2,17.997629165649414,21.313295364379883,567
Q6NXE6-2,23.805713653564453,7.715579032897949,501
Q6NXP6-2,8.891355514526367,7.96433162689209,359
Q6NXT1-2,20.43014144897461,19.171600341796875,300
Q6NXT4-4,19.726932525634766,17.514753341674805,461
Q6NXT4-3,14.101052284240723,17.514753341674805,461
Q6NXT6-2,28.932353973388672,18.660953521728516,567
Q6NYC1-2,28.544897079467773,9.405248641967773,403
Q6NZ36-5,24.922595977783203,23.926820755004883,180
Q6NZ36-4,23.486034393310547,23.926820755004883,180
Q6NZ36-3,28.387344360351562,23.926820755004883,180
Q6NZ36-6,28.501197814941406,23.926820755004883,180
Q6NZ36-2,28.387344360351562,23.926820755004883,180
Q6NZ63-2,29.24086570739746,12.16742992401123,245
Q6NZI2-3,29.294981002807617,25.729494094848633,390
Q6NZI2-2,26.877887725830078,25.729494094848633,390
Q6P087-2,7.9480156898498535,11.268455505371094,351
Q6P087-3,14.756532669067383,11.268455505371094,351
Q6P093-3,7.087569236755371,3.8175694942474365,401
Q6P1A2-2,6.61081075668335,6.409294605255127,487
Q6P1K2-4,22.146968841552734,13.920119285583496,205
Q6P1K2-2,14.092605590820312,13.920119285583496,205
Q6P1K2-3,16.95825958251953,13.920119285583496,205
Q6P1K2-6,16.946327209472656,13.920119285583496,205
Q6P1K2-5,16.946327209472656,13.920119285583496,205
Q6P1L5-2,29.777057647705078,28.412399291992188,589
Q6P1N9-2,2.771744728088379,2.470428228378296,297
Q6P1Q0-4,15.396739959716797,12.216326713562012,360
Q6P1Q0-5,10.995903968811035,12.216326713562012,360
Q6P1Q0-2,27.396028518676758,12.216326713562012,360
Q6P1Q0-6,21.695266723632812,12.216326713562012,360
Q6P1Q0-3,21.858592987060547,12.216326713562012,360
Q6P1Q9-2,15.260902404785156,12.583745956420898,378
Q6P1R3-2,29.3941650390625,23.1589412689209,559
Q6P1R3-3,27.057180404663086,23.1589412689209,559
Q6P1S2-2,25.62651824951172,17.398387908935547,294
Q6P1W5-2,29.877727508544922,28.556806564331055,598
Q6P2C8-2,18.083534240722656,20.207162857055664,311
Q6P2C8-4,28.946971893310547,20.207162857055664,311
Q6P2D0-2,26.474302291870117,21.265338897705078,407
Q6P2H8-2,11.829673767089844,10.07104206085205,277
Q6P2M8-3,10.085000991821289,10.507041931152344,343
Q6P2M8-2,7.467836380004883,10.507041931152344,343
Q6P387-2,28.42875862121582,27.996660232543945,395
Q6P3W2-2,20.23311424255371,14.184586524963379,149
Q6P3X8-2,16.726367950439453,15.524955749511719,592
Q6P444-2,26.54186248779297,26.938196182250977,385
Q6P461-2,28.528182983398438,8.929847717285156,480
Q6P499-3,16.532848358154297,15.368978500366211,406
Q6P499-2,16.052318572998047,15.368978500366211,406
Q6P4A7-3,11.49960994720459,9.23346996307373,337
Q6P4A7-2,13.52757453918457,9.23346996307373,337
Q6P4D5-2,27.60951042175293,23.98208999633789,195
Q6P4D5-3,28.378238677978516,23.98208999633789,195
Q6P4E1-3,27.562742233276367,25.354963302612305,436
Q6P4E1-2,29.09792709350586,25.354963302612305,436
Q6P4E1-5,26.869478225708008,25.354963302612305,436
Q6P4F1-5,10.433894157409668,10.924455642700195,479
Q6P4F1-6,27.691795349121094,10.924455642700195,479
Q6P4F1-4,27.907756805419922,10.924455642700195,479
Q6P4F1-2,25.087865829467773,10.924455642700195,479
Q6P4F1-3,28.031381607055664,10.924455642700195,479
Q6P4F1-7,28.031381607055664,10.924455642700195,479
Q6P4F2-2,16.85658073425293,17.40711784362793,183
Q6P4H8-2,10.181100845336914,14.162924766540527,233
Q6P531-2,11.962615013122559,17.014148712158203,493
Q6P587-2,4.614035129547119,3.1165003776550293,221
Q6P587-3,4.614035129547119,3.1165003776550293,221
Q6P597-2,27.93936538696289,22.52979278564453,504
Q6P5S7-2,22.147903442382812,18.844743728637695,137
Q6P5X5-2,12.66882610321045,9.723809242248535,105
Q6P5X7-3,29.231151580810547,25.868968963623047,295
Q6P5X7-2,26.811498641967773,25.868968963623047,295
Q6P656-2,22.903331756591797,8.940618515014648,301
Q6P6B1-2,29.3875789642334,28.04802894592285,374
Q6P6B7-2,8.89175033569336,6.086424827575684,361
Q6P6C2-3,28.192127227783203,19.587305068969727,394
Q6P6C2-1,29.19249725341797,19.587305068969727,394
Q6P9F5-2,22.677457809448242,17.730831146240234,258
Q6P9G0-2,9.1342191696167,7.797379970550537,228
Q6P9G9-3,28.92538070678711,24.29054832458496,518
Q6P9G9-2,28.940397262573242,24.29054832458496,518
Q6P9H5-2,13.091718673706055,10.157299995422363,292
Q6P9H5-3,28.70012664794922,10.157299995422363,292
Q6PB30-2,28.556007385253906,22.94099235534668,78
Q6PCB0-2,24.905134201049805,19.545991897583008,445
Q6PCB0-3,25.754619598388672,19.545991897583008,445
Q6PCB8-2,28.698665618896484,17.227365493774414,327
Q6PD74-2,19.665828704833984,18.02680778503418,315
Q6PDA7-4,27.886104583740234,23.977922439575195,123
Q6PDA7-3,27.886104583740234,23.977922439575195,123
Q6PDA7-2,27.886104583740234,23.977922439575195,123
Q6PDB4-2,28.52572250366211,23.9741268157959,577
Q6PEV8-2,28.85557746887207,26.59547996520996,388
Q6PEZ8-2,12.558065414428711,10.651691436767578,512
Q6PF05-2,11.421053886413574,11.536336898803711,361
Q6PF05-3,20.532730102539062,11.536336898803711,361
Q6PF15-2,14.396265029907227,10.942792892456055,583
Q6PF18-2,11.410941123962402,8.944565773010254,240
Q6PGN9-4,29.721464157104492,27.834657669067383,363
Q6PGN9-3,29.748693466186523,27.834657669067383,363
Q6PGN9-2,29.58228302001953,27.834657669067383,363
Q6PGQ7-2,28.742280960083008,28.025121688842773,559
Q6PH81-2,27.66887092590332,23.691558837890625,154
Q6PH85-2,9.665042877197266,8.46822452545166,259
Q6PHR2-2,15.176727294921875,12.626355171203613,472
Q6PHR2-3,20.306915283203125,12.626355171203613,472
Q6PHR2-4,14.310277938842773,12.626355171203613,472
Q6PHW0-7,27.71701431274414,11.410304069519043,289
Q6PHW0-3,9.172234535217285,11.410304069519043,289
Q6PHW0-6,9.172234535217285,11.410304069519043,289
Q6PHW0-5,9.172234535217285,11.410304069519043,289
Q6PHW0-4,9.172234535217285,11.410304069519043,289
Q6PI26-2,20.001667022705078,19.092805862426758,577
Q6PI47-2,27.311641693115234,23.890024185180664,426
Q6PI47-3,28.527530670166016,23.890024185180664,426
Q6PI73-2,17.684049606323242,15.273554801940918,481
Q6PI97-2,26.930545806884766,23.607542037963867,169
Q6PI98-3,22.07530975341797,22.10701560974121,192
Q6PID8-2,15.342996597290039,10.387829780578613,442
Q6PII5-2,20.82638931274414,12.110023498535156,290
Q6PII5-3,13.689477920532227,12.110023498535156,290
Q6PII5-4,11.671794891357422,12.110023498535156,290
Q6PIL6-3,24.439687728881836,15.670063972473145,250
Q6PIL6-2,23.15767478942871,15.670063972473145,250
Q6PIL6-5,24.349395751953125,15.670063972473145,250
Q6PIL6-4,24.26199722290039,15.670063972473145,250
Q6PIU2-3,4.6159257888793945,3.9044837951660156,408
Q6PIU2-2,3.511056423187256,3.9044837951660156,408
Q6PIV2-2,29.032005310058594,23.18996238708496,292
Q6PIY5-2,12.343097686767578,9.258899688720703,440
Q6PIY7-2,21.284894943237305,16.00880241394043,484
Q6PJE2-5,18.59088134765625,17.599016189575195,187
Q6PK18-2,9.053306579589844,12.197895050048828,319
Q6PK81-2,26.56689453125,21.788482666015625,442
Q6PKH6-2,20.690044403076172,9.25061321258545,232
Q6PL45-2,26.969024658203125,19.00155258178711,260
Q6PP77-2,13.258723258972168,12.354859352111816,449
Q6Q0C1-2,12.658523559570312,11.160651206970215,308
Q6Q8B3-2,23.432857513427734,14.632862091064453,271
Q6QAJ8-2,4.447000026702881,4.724687576293945,160
Q6QEF8-5,8.71667194366455,10.536273002624512,472
Q6QEF8-4,28.057212829589844,10.536273002624512,472
Q6QEF8-2,11.825712203979492,10.536273002624512,472
Q6QEF8-3,28.057212829589844,10.536273002624512,472
Q6QHF9-5,5.928748607635498,5.778527736663818,511
Q6QHF9-4,6.482919692993164,5.778527736663818,511
Q6QHF9-6,8.238287925720215,5.778527736663818,511
Q6QNY1-2,24.513858795166016,15.83321762084961,142
Q6RFH5-2,11.264883041381836,12.614107131958008,385
Q6RVD6-2,28.907148361206055,24.8182315826416,105
Q6RW13-2,20.08035659790039,15.368339538574219,159
Q6RW13-3,14.183453559875488,15.368339538574219,159
Q6RW13-5,14.183453559875488,15.368339538574219,159
Q6RW13-4,16.937036514282227,15.368339538574219,159
Q6S545-2,23.78143882751465,22.418718338012695,545
Q6S5H5-2,26.796401977539062,21.685550689697266,508
Q6S5H5-4,23.033863067626953,21.685550689697266,508
Q6SA08-3,10.945932388305664,8.652494430541992,328
Q6STE5-2,27.465808868408203,17.723356246948242,483
Q6T311-2,10.009971618652344,7.707340717315674,187
Q6TCH4-4,7.676822662353516,6.172567844390869,344
Q6TCH4-3,6.14864444732666,6.172567844390869,344
Q6TCH4-5,4.972140789031982,6.172567844390869,344
Q6TCH4-2,20.123905181884766,6.172567844390869,344
Q6TCH7-3,7.283164024353027,6.930253028869629,311
Q6TCH7-2,7.283164024353027,6.930253028869629,311
Q6TCH7-4,12.853507995605469,6.930253028869629,311
Q6UE05-2,27.383472442626953,24.165510177612305,265
Q6UN15-3,29.59140396118164,28.220882415771484,594
Q6UN15-4,29.509056091308594,28.220882415771484,594
Q6UN15-5,29.590641021728516,28.220882415771484,594
Q6UVW9-2,11.695304870605469,13.202041625976562,174
Q6UW02-2,8.108415603637695,7.5524210929870605,462
Q6UW15-2,9.409420013427734,11.15451431274414,175
Q6UW56-2,16.366657257080078,11.85654354095459,229
Q6UW88-2,25.17346954345703,20.759613037109375,154
Q6UW88-5,25.147499084472656,20.759613037109375,154
Q6UW88-3,21.662521362304688,20.759613037109375,154
Q6UW88-6,25.147499084472656,20.759613037109375,154
Q6UW88-4,21.845516204833984,20.759613037109375,154
Q6UW88-7,24.934314727783203,20.759613037109375,154
Q6UWB4-2,17.101869583129883,15.34391975402832,352
Q6UWE3-2,11.794529914855957,11.732000350952148,100
Q6UWF3-3,22.923912048339844,24.32765769958496,145
Q6UWF3-2,27.916439056396484,24.32765769958496,145
Q6UWF7-2,10.013664245605469,9.464083671569824,544
Q6UWH4-2,14.424520492553711,19.101770401000977,519
Q6UWH4-3,20.65850067138672,19.101770401000977,519
Q6UWJ8-2,26.199420928955078,22.330657958984375,174
Q6UWM5-2,16.652585983276367,11.33558177947998,242
Q6UWM7-2,8.607215881347656,7.9693922996521,567
Q6UWN0-2,11.571046829223633,12.378148078918457,246
Q6UWN5-2,16.338159561157227,11.748242378234863,251
Q6UWP2-2,2.5400376319885254,2.3951330184936523,260
Q6UWP7-3,24.008888244628906,7.985559940338135,414
Q6UWP7-2,7.935410976409912,7.985559940338135,414
Q6UWP8-2,29.007583618164062,23.24276351928711,590
Q6UWQ7-2,27.423683166503906,20.533367156982422,119
Q6UWT2-2,27.450149536132812,19.18317222595215,76
Q6UWT4-2,26.10555648803711,19.924297332763672,87
Q6UWU4-3,29.51117706298828,20.988895416259766,347
Q6UWV2-2,15.76588249206543,17.034513473510742,235
Q6UWV2-3,18.19814682006836,17.034513473510742,235
Q6UWV7-2,28.870540618896484,23.432409286499023,190
Q6UWW8-2,6.85230827331543,6.627203464508057,571
Q6UWZ7-2,17.04970932006836,18.1650333404541,409
Q6UX01-2,18.26642608642578,11.93448543548584,489
Q6UX01-3,12.842164993286133,11.93448543548584,489
Q6UX01-5,12.420716285705566,11.93448543548584,489
Q6UX01-4,12.468820571899414,11.93448543548584,489
Q6UX04-2,28.772327423095703,23.64091682434082,472
Q6UX07-2,14.016788482666016,12.81828498840332,377
Q6UX07-3,10.520374298095703,12.81828498840332,377
Q6UX15-2,23.86798095703125,23.221965789794922,382
Q6UX15-3,27.939544677734375,23.221965789794922,382
Q6UX27-3,28.94322967529297,21.384910583496094,236
Q6UX27-2,25.418197631835938,21.384910583496094,236
Q6UX39-2,26.963943481445312,26.41411590576172,209
Q6UX40-4,3.7014389038085938,4.623061180114746,140
Q6UX40-3,4.682068824768066,4.623061180114746,140
Q6UX40-2,5.669928550720215,4.623061180114746,140
Q6UX41-7,23.22906494140625,18.64476776123047,500
Q6UX41-4,24.59687042236328,18.64476776123047,500
Q6UX41-6,22.44927406311035,18.64476776123047,500
Q6UX41-2,26.107566833496094,18.64476776123047,500
Q6UX41-3,26.107566833496094,18.64476776123047,500
Q6UX41-5,26.107566833496094,18.64476776123047,500
Q6UX46-2,28.650108337402344,21.621191024780273,152
Q6UX71-2,17.74022102355957,21.292558670043945,529
Q6UX71-3,27.558691024780273,21.292558670043945,529
Q6UX73-2,25.113664627075195,15.065740585327148,402
Q6UXB0-2,28.52045249938965,26.81599235534668,366
Q6UXB0-1,28.607078552246094,26.81599235534668,366
Q6UXB8-2,28.201927185058594,23.506080627441406,463
Q6UXD7-2,14.537567138671875,15.493925094604492,560
Q6UXD7-3,13.837227821350098,15.493925094604492,560
Q6UXE8-2,19.30002784729004,17.035802841186523,466
Q6UXF1-2,29.502599716186523,28.7276611328125,575
Q6UXF7-2,24.032184600830078,20.512773513793945,455
Q6UXG3-2,27.14031219482422,23.588003158569336,332
Q6UXG3-3,27.14031219482422,23.588003158569336,332
Q6UXG3-5,27.054882049560547,23.588003158569336,332
Q6UXG3-4,28.85318374633789,23.588003158569336,332
Q6UXG8-2,27.655975341796875,20.16693115234375,535
Q6UXG8-3,26.478374481201172,20.16693115234375,535
Q6UXH1-4,11.202472686767578,13.526366233825684,353
Q6UXH1-3,18.134241104125977,13.526366233825684,353
Q6UXH1-2,12.327102661132812,13.526366233825684,353
Q6UXH1-6,27.89679718017578,13.526366233825684,353
Q6UXH8-3,28.260112762451172,25.22813606262207,406
Q6UXH8-2,28.10553741455078,25.22813606262207,406
Q6UXI9-5,26.57651138305664,25.1743221282959,565
Q6UXI9-4,28.385732650756836,25.1743221282959,565
Q6UXI9-2,29.127086639404297,25.1743221282959,565
Q6UXL0-3,27.006450653076172,16.355899810791016,311
Q6UXS9-3,15.30312728881836,16.845975875854492,341
Q6UXS9-2,27.11463737487793,16.845975875854492,341
Q6UXT8-2,19.33050537109375,21.073974609375,129
Q6UXU4-3,15.5223388671875,18.4676570892334,331
Q6UXU4-2,19.769390106201172,18.4676570892334,331
Q6UXU4-4,28.703556060791016,18.4676570892334,331
Q6UXV1-2,18.41261863708496,14.051247596740723,221
Q6UXX9-2,22.741689682006836,18.355636596679688,243
Q6UXX9-3,22.633689880371094,18.355636596679688,243
Q6UXY1-2,28.400415420532227,23.55982208251953,529
Q6UXZ0-2,23.174762725830078,14.842855453491211,262
Q6UY01-4,10.835633277893066,10.611547470092773,552
Q6UY01-2,8.888896942138672,10.611547470092773,552
Q6UY01-3,11.507991790771484,10.611547470092773,552
Q6UY09-5,25.994766235351562,20.31417465209961,596
Q6UY09-2,27.996004104614258,20.31417465209961,596
Q6UY09-4,23.6496639251709,20.31417465209961,596
Q6UY09-3,19.837203979492188,20.31417465209961,596
Q6UY11-2,24.541133880615234,21.59588623046875,383
Q6UY27-2,11.564949989318848,11.766465187072754,113
Q6UYE1-2,16.76225471496582,17.41364860534668,221
Q6V702-3,18.319339752197266,12.71985149383545,233
Q6V9R5-2,28.056320190429688,23.78031349182129,426
Q6W5P4-4,26.931285858154297,13.56612491607666,371
Q6W5P4-3,26.931285858154297,13.56612491607666,371
Q6W5P4-2,11.080625534057617,13.56612491607666,371
Q6W5P4-5,16.7120361328125,13.56612491607666,371
Q6W5P4-8,14.984159469604492,13.56612491607666,371
Q6W5P4-7,15.021926879882812,13.56612491607666,371
Q6W5P4-9,16.80030059814453,13.56612491607666,371
Q6W5P4-6,16.80030059814453,13.56612491607666,371
Q6WBX8-1,22.095996856689453,18.157381057739258,426
Q6WBX8-2,16.57882308959961,18.157381057739258,426
Q6WBX8-3,16.57882308959961,18.157381057739258,426
Q6WBX8-4,18.639863967895508,18.157381057739258,426
Q6WN34-4,29.413551330566406,24.736400604248047,429
Q6WN34-2,26.245708465576172,24.736400604248047,429
Q6WN34-3,29.413551330566406,24.736400604248047,429
Q6X4T0-2,27.58563804626465,23.936077117919922,127
Q6X4W1-2,26.531723022460938,24.47376251220703,530
Q6X4W1-4,28.635799407958984,24.47376251220703,530
Q6X4W1-6,27.20003890991211,24.47376251220703,530
Q6X4W1-3,27.082839965820312,24.47376251220703,530
Q6X4W1-5,27.206438064575195,24.47376251220703,530
Q6X784-2,15.118239402770996,10.182854652404785,338
Q6X9E4-3,10.544397354125977,7.550312042236328,464
Q6X9E4-2,6.773005485534668,7.550312042236328,464
Q6XE24-5,27.963035583496094,25.18353271484375,437
Q6XE24-4,29.73261070251465,25.18353271484375,437
Q6XE24-3,29.73859405517578,25.18353271484375,437
Q6XE24-2,29.683456420898438,25.18353271484375,437
Q6XPS3-6,15.561971664428711,13.977069854736328,522
Q6XPS3-5,19.38467025756836,13.977069854736328,522
Q6XPS3-3,20.493589401245117,13.977069854736328,522
Q6XPS3-2,17.92510223388672,13.977069854736328,522
Q6XPS3-4,29.335033416748047,13.977069854736328,522
Q6XPS3-7,11.950462341308594,13.977069854736328,522
Q6XQN6-3,4.615824222564697,5.297853946685791,538
Q6XR72-3,21.032241821289062,20.016712188720703,485
Q6XR72-2,21.29739761352539,20.016712188720703,485
Q6XYB7-2,26.973812103271484,22.01471710205078,198
Q6XZB0-3,5.695521831512451,7.859116077423096,460
Q6XZB0-5,7.292635917663574,7.859116077423096,460
Q6XZB0-7,9.928680419921875,7.859116077423096,460
Q6XZB0-6,9.928680419921875,7.859116077423096,460
Q6XZB0-2,27.261531829833984,7.859116077423096,460
Q6XZB0-4,6.684941291809082,7.859116077423096,460
Q6XZB0-8,8.355274200439453,7.859116077423096,460
Q6YBV0-2,15.23648452758789,12.041304588317871,504
Q6YI46-2,22.392160415649414,21.43293571472168,380
Q6YI46-3,24.14633560180664,21.43293571472168,380
Q6YI46-4,19.325252532958984,21.43293571472168,380
Q6YP21-3,27.810083389282227,7.222321510314941,454
Q6YP21-2,9.677715301513672,7.222321510314941,454
Q6ZMB0-3,8.345926284790039,11.35198974609375,384
Q6ZMB0-2,14.644487380981445,11.35198974609375,384
Q6ZMD2-2,12.016881942749023,10.217182159423828,512
Q6ZMI3-2,28.803070068359375,22.69236183166504,551
Q6ZMJ2-3,29.485984802246094,24.291492462158203,495
Q6ZMJ2-2,28.569644927978516,24.291492462158203,495
Q6ZMJ2-4,28.445201873779297,24.291492462158203,495
Q6ZMM2-2,29.142837524414062,19.264745712280273,481
Q6ZMT1-2,27.512500762939453,24.675464630126953,411
Q6ZMU5-2,17.72921371459961,14.642937660217285,477
Q6ZMY6-2,27.095619201660156,16.74983024597168,472
Q6ZN04-3,28.490718841552734,26.91745376586914,569
Q6ZN11-3,28.216907501220703,22.626253128051758,406
Q6ZN11-2,22.813505172729492,22.626253128051758,406
Q6ZN17-2,23.882261276245117,22.629056930541992,250
Q6ZN18-3,29.356176376342773,26.486263275146484,517
Q6ZN18-2,27.274070739746094,26.486263275146484,517
Q6ZN54-4,25.491683959960938,17.943592071533203,512
Q6ZN54-3,25.465730667114258,17.943592071533203,512
Q6ZN54-5,26.832195281982422,17.943592071533203,512
Q6ZN54-6,17.122440338134766,17.943592071533203,512
Q6ZN54-2,28.68395233154297,17.943592071533203,512
Q6ZN68-2,20.236000061035156,12.424880981445312,376
Q6ZN68-3,20.236000061035156,12.424880981445312,376
Q6ZNA5-2,15.679269790649414,14.174545288085938,592
Q6ZNC8-2,7.533580780029297,6.937398433685303,495
Q6ZNC8-3,7.544684886932373,6.937398433685303,495
Q6ZNE5-2,26.565357208251953,20.54682159423828,492
Q6ZNE9-3,23.97869873046875,24.52739715576172,571
Q6ZNQ3-2,7.413713455200195,7.100291728973389,347
Q6ZNR0-4,23.812179565429688,22.319259643554688,172
Q6ZNR0-3,23.812179565429688,22.319259643554688,172
Q6ZNR0-5,23.62950897216797,22.319259643554688,172
Q6ZNR0-2,23.812179565429688,22.319259643554688,172
Q6ZP29-3,14.552450180053711,13.357246398925781,291
Q6ZP29-2,13.527877807617188,13.357246398925781,291
Q6ZP80-3,7.540221214294434,6.970309257507324,229
Q6ZP80-2,7.902568817138672,6.970309257507324,229
Q6ZQR2-2,28.696399688720703,24.486982345581055,320
Q6ZQW0-2,5.5741777420043945,5.010829925537109,407
Q6ZQX7-3,21.576618194580078,24.728437423706055,453
Q6ZQX7-2,23.69554901123047,24.728437423706055,453
Q6ZQX7-4,20.95626449584961,24.728437423706055,453
Q6ZQY2-2,15.60334587097168,11.830279350280762,392
Q6ZQY3-3,5.236435890197754,5.768645763397217,521
Q6ZRI8-5,27.21816635131836,19.215354919433594,547
Q6ZRI8-2,28.569705963134766,19.215354919433594,547
Q6ZRI8-4,28.603933334350586,19.215354919433594,547
Q6ZRI8-3,20.405170440673828,19.215354919433594,547
Q6ZRR5-2,5.306733131408691,5.066888809204102,245
Q6ZRR5-4,11.54133415222168,5.066888809204102,245
Q6ZRY4-2,27.79155158996582,22.305692672729492,209
Q6ZS10-3,23.18997573852539,23.59995460510254,378
Q6ZS10-2,26.938066482543945,23.59995460510254,378
Q6ZS27-2,29.009811401367188,22.69312286376953,426
Q6ZS27-3,29.02996253967285,22.69312286376953,426
Q6ZS86-3,6.168867111206055,5.3738908767700195,529
Q6ZS86-2,6.18174934387207,5.3738908767700195,529
Q6ZSG1-2,28.957996368408203,25.80999183654785,346
Q6ZSG2-2,26.4605770111084,27.7493953704834,479
Q6ZSJ8-2,26.829788208007812,22.164215087890625,110
Q6ZSS3-2,28.559734344482422,24.200393676757812,439
Q6ZT21-2,7.491880416870117,6.409226894378662,453
Q6ZT62-2,25.03195571899414,22.685237884521484,677
Q6ZT89-3,16.274728775024414,14.913586616516113,311
Q6ZT89-2,15.387717247009277,14.913586616516113,311
Q6ZTI6-2,29.107818603515625,25.06438636779785,216
Q6ZTN6-2,19.481590270996094,16.597990036010742,605
Q6ZTQ3-2,29.686386108398438,20.386667251586914,369
Q6ZTQ3-3,20.645305633544922,20.386667251586914,369
Q6ZTQ3-4,20.432950973510742,20.386667251586914,369
Q6ZTU2-5,29.529361724853516,27.698854446411133,488
Q6ZTU2-4,29.529361724853516,27.698854446411133,488
Q6ZTU2-2,29.529361724853516,27.698854446411133,488
Q6ZTU2-6,30.14305877685547,27.698854446411133,488
Q6ZTW0-2,13.991649627685547,12.976016998291016,290
Q6ZU67-4,29.64914321899414,26.95069694519043,534
Q6ZU67-3,29.465290069580078,26.95069694519043,534
Q6ZU67-2,27.510921478271484,26.95069694519043,534
Q6ZU67-5,29.952938079833984,26.95069694519043,534
Q6ZUK4-2,16.55440902709961,14.814863204956055,368
Q6ZUL3-2,27.788742065429688,25.473848342895508,223
Q6ZUS6-3,27.22515869140625,25.875389099121094,474
Q6ZUS6-2,27.22515869140625,25.875389099121094,474
Q6ZUS6-6,27.63507080078125,25.875389099121094,474
Q6ZUT1-3,29.055707931518555,26.41796112060547,292
Q6ZUT6-3,29.398685455322266,28.33477020263672,534
Q6ZUT6-2,29.826927185058594,28.33477020263672,534
Q6ZUT6-4,29.376510620117188,28.33477020263672,534
Q6ZV65-2,29.09541130065918,26.70325469970703,393
Q6ZV65-1,27.93991470336914,26.70325469970703,393
Q6ZV70-2,4.250604152679443,4.791831016540527,420
Q6ZV89-2,15.961564064025879,16.56330108642578,423
Q6ZVK1-2,12.936635971069336,9.095820426940918,233
Q6ZVK8-2,4.530636787414551,4.382654666900635,323
Q6ZVM7-5,28.78249168395996,24.322587966918945,507
Q6ZVM7-3,23.342376708984375,24.322587966918945,507
Q6ZVM7-4,27.46926498413086,24.322587966918945,507
Q6ZVM7-2,22.593610763549805,24.322587966918945,507
Q6ZVN8-3,20.867774963378906,18.380512237548828,426
Q6ZVN8-2,28.271297454833984,18.380512237548828,426
Q6ZVZ8-2,19.892269134521484,13.776128768920898,466
Q6ZWJ1-2,29.33152198791504,24.838579177856445,553
Q6ZWL3-2,7.137131690979004,6.786173343658447,525
Q70EL3-2,13.560060501098633,11.153931617736816,339
Q70HW3-2,8.454607009887695,7.6629815101623535,274
Q70HW3-3,19.950550079345703,7.6629815101623535,274
Q70IA6-2,11.710966110229492,11.04671573638916,237
Q70IA6-3,28.20215606689453,11.04671573638916,237
Q70SY1-3,29.29520606994629,27.274988174438477,520
Q70SY1-2,29.325145721435547,27.274988174438477,520
Q70UQ0-2,26.625715255737305,21.01630210876465,350
Q70UQ0-4,26.703327178955078,21.01630210876465,350
Q70UQ0-3,27.438995361328125,21.01630210876465,350
Q70YC5-2,28.87750816345215,24.669675827026367,407
Q70YC5-5,29.11965560913086,24.669675827026367,407
Q70YC5-3,28.87750816345215,24.669675827026367,407
Q70Z44-3,24.630992889404297,21.629276275634766,454
Q70Z44-4,24.630992889404297,21.629276275634766,454
Q70Z44-2,24.630992889404297,21.629276275634766,454
Q70Z53-2,28.374862670898438,22.332548141479492,315
Q70Z53-4,28.374862670898438,22.332548141479492,315
Q70Z53-3,28.343341827392578,22.332548141479492,315
Q70Z53-5,28.374862670898438,22.332548141479492,315
Q719I0-3,26.089595794677734,19.82645606994629,299
Q719I0-2,25.51506233215332,19.82645606994629,299
Q71F23-2,28.435047149658203,25.156818389892578,418
Q71F23-3,25.524742126464844,25.156818389892578,418
Q71RG4-2,29.30174446105957,24.709823608398438,321
Q71RG4-4,26.57523536682129,24.709823608398438,321
Q71RG4-3,26.57523536682129,24.709823608398438,321
Q71RS6-2,13.252511978149414,14.242719650268555,500
Q71U36-2,5.081490516662598,6.344457626342773,451
Q71UI9-4,13.941364288330078,8.89239501953125,128
Q71UI9-5,10.262584686279297,8.89239501953125,128
Q71UI9-2,13.71273136138916,8.89239501953125,128
Q71UI9-3,8.26871395111084,8.89239501953125,128
Q75MW2-2,26.923267364501953,19.322830200195312,155
Q75NE6-2,17.22064781188965,16.243877410888672,70
Q76EJ3-2,13.15452766418457,12.983728408813477,337
Q76KD6-2,29.095571517944336,26.86970329284668,591
Q7KYR7-4,27.723102569580078,20.872760772705078,527
Q7KYR7-6,27.723102569580078,20.872760772705078,527
Q7KYR7-5,23.691110610961914,20.872760772705078,527
Q7KYR7-3,25.04734230041504,20.872760772705078,527
Q7KYR7-1,29.234521865844727,20.872760772705078,527
Q7KZN9-2,8.310816764831543,10.918191909790039,410
Q7L099-4,29.22008514404297,21.878501892089844,469
Q7L099-3,25.462360382080078,21.878501892089844,469
Q7L099-2,29.22008514404297,21.878501892089844,469
Q7L0Q8-2,19.98409652709961,13.987215042114258,258
Q7L0R7-2,29.68775177001953,26.888154983520508,432
Q7L1Q6-2,9.027170181274414,9.18432903289795,419
Q7L1S5-2,28.283998489379883,16.90839195251465,443
Q7L1V2-2,20.000587463378906,14.13363265991211,547
Q7L266-2,3.7816624641418457,3.772737741470337,308
Q7L2H7-2,23.304908752441406,19.79025650024414,374
Q7L2K0-2,28.406780242919922,25.871822357177734,433
Q7L2K0-3,28.46180534362793,25.871822357177734,433
Q7L2R6-2,27.630966186523438,23.879526138305664,523
Q7L2R6-3,27.630966186523438,23.879526138305664,523
Q7L4E1-3,27.29471206665039,23.286516189575195,593
Q7L4E1-2,28.81673240661621,23.286516189575195,593
Q7L4I2-2,29.669700622558594,27.54163360595703,434
Q7L4P6-2,29.41693687438965,24.59224510192871,421
Q7L513-5,20.849674224853516,20.08366584777832,359
Q7L513-4,20.808544158935547,20.08366584777832,359
Q7L513-14,21.32617950439453,20.08366584777832,359
Q7L513-11,21.32617950439453,20.08366584777832,359
Q7L513-8,19.491846084594727,20.08366584777832,359
Q7L513-7,27.489826202392578,20.08366584777832,359
Q7L513-3,18.866500854492188,20.08366584777832,359
Q7L513-10,28.720001220703125,20.08366584777832,359
Q7L513-15,27.384750366210938,20.08366584777832,359
Q7L513-6,25.909954071044922,20.08366584777832,359
Q7L513-13,27.384750366210938,20.08366584777832,359
Q7L513-12,21.32617950439453,20.08366584777832,359
Q7L592-2,9.08294677734375,9.280073165893555,441
Q7L5A3-3,28.791473388671875,25.27156639099121,538
Q7L5A3-2,24.207956314086914,25.27156639099121,538
Q7L5A8-2,10.158856391906738,9.891382217407227,372
Q7L5D6-2,15.038734436035156,10.105836868286133,327
Q7L5L3-1,5.958070755004883,5.464133262634277,318
Q7L5N7-2,17.02168846130371,14.550105094909668,544
Q7L5Y1-7,3.1444478034973145,3.0297529697418213,443
Q7L5Y1-6,3.2483973503112793,3.0297529697418213,443
Q7L5Y1-2,3.2620606422424316,3.0297529697418213,443
Q7L5Y1-5,3.243527412414551,3.0297529697418213,443
Q7L5Y1-4,3.243527412414551,3.0297529697418213,443
Q7L5Y1-3,3.3337318897247314,3.0297529697418213,443
Q7L5Y9-3,6.973273754119873,8.961668014526367,396
Q7L5Y9-2,9.454126358032227,8.961668014526367,396
Q7L5Y9-4,9.492256164550781,8.961668014526367,396
Q7L5Y9-5,10.26509952545166,8.961668014526367,396
Q7L804-2,28.460861206054688,25.759624481201172,512
Q7L8A9-2,16.514760971069336,15.742330551147461,365
Q7L8J4-2,27.68951416015625,19.866188049316406,393
Q7L8W6-2,6.588190078735352,6.325057029724121,267
Q7L9L4-2,25.653301239013672,8.072723388671875,216
Q7LFL8-2,29.57505226135254,26.427587509155273,322
Q7LFX5-2,12.35632610321045,14.992142677307129,561
Q7LG56-2,10.607023239135742,9.629751205444336,351
Q7LG56-6,28.05367088317871,9.629751205444336,351
Q7LG56-3,11.579814910888672,9.629751205444336,351
Q7LG56-5,19.75639533996582,9.629751205444336,351
Q7LG56-4,20.132694244384766,9.629751205444336,351
Q7LGA3-3,10.616631507873535,10.911768913269043,356
Q7LGA3-2,27.874649047851562,10.911768913269043,356
Q7M4L6-2,29.40479278564453,26.441761016845703,423
Q7RTN6-4,18.053146362304688,12.14443302154541,431
Q7RTN6-5,21.838911056518555,12.14443302154541,431
Q7RTN6-6,15.999601364135742,12.14443302154541,431
Q7RTN6-2,22.070842742919922,12.14443302154541,431
Q7RTN6-3,20.07881736755371,12.14443302154541,431
Q7RTP0-2,11.84931755065918,9.187433242797852,329
Q7RTT9-2,12.00965690612793,15.592214584350586,530
Q7RTV3-2,28.53417205810547,25.14637565612793,350
Q7RTX9-2,12.246698379516602,12.513113975524902,510
Q7RTY3-2,9.035398483276367,9.670251846313477,260
Q7Z2E3-12,28.591548919677734,18.56824493408203,356
Q7Z2E3-6,28.591548919677734,18.56824493408203,356
Q7Z2E3-2,25.506362915039062,18.56824493408203,356
Q7Z2E3-3,26.091964721679688,18.56824493408203,356
Q7Z2E3-7,26.9378662109375,18.56824493408203,356
Q7Z2E3-8,18.740745544433594,18.56824493408203,356
Q7Z2E3-9,28.591548919677734,18.56824493408203,356
Q7Z2E3-5,25.231033325195312,18.56824493408203,356
Q7Z2E3-11,17.50861358642578,18.56824493408203,356
Q7Z2E3-4,24.644878387451172,18.56824493408203,356
Q7Z2E3-10,21.310890197753906,18.56824493408203,356
Q7Z2E3-13,28.591548919677734,18.56824493408203,356
Q7Z2F6-2,19.604000091552734,15.411879539489746,126
Q7Z2H8-3,10.474568367004395,10.105390548706055,476
Q7Z2H8-4,10.434343338012695,10.105390548706055,476
Q7Z2X4-3,23.5708065032959,17.874591827392578,250
Q7Z2X4-4,23.859317779541016,17.874591827392578,250
Q7Z2X4-2,23.859317779541016,17.874591827392578,250
Q7Z309-5,28.406503677368164,27.141569137573242,247
Q7Z309-4,29.420574188232422,27.141569137573242,247
Q7Z398-2,25.922555923461914,21.060218811035156,422
Q7Z3B1-2,18.158531188964844,15.05447006225586,354
Q7Z3B4-2,22.899452209472656,18.98806381225586,507
Q7Z3B4-3,27.999820709228516,18.98806381225586,507
Q7Z3D4-3,27.82084083557129,25.940898895263672,306
Q7Z3D4-2,27.817546844482422,25.940898895263672,306
Q7Z3H0-1,27.87915802001953,22.36300277709961,452
Q7Z3K6-5,29.537111282348633,26.418804168701172,550
Q7Z3K6-3,25.501821517944336,26.418804168701172,550
Q7Z3K6-4,29.138391494750977,26.418804168701172,550
Q7Z3Q1-3,8.995786666870117,8.246234893798828,461
Q7Z3S9-2,24.906539916992188,12.626005172729492,236
Q7Z412-2,27.514629364013672,18.817243576049805,305
Q7Z419-2,16.74373435974121,15.134016990661621,303
Q7Z422-2,26.528165817260742,23.56656837463379,152
Q7Z422-4,26.427934646606445,23.56656837463379,152
Q7Z422-3,25.09722137451172,23.56656837463379,152
Q7Z422-5,24.23841094970703,23.56656837463379,152
Q7Z434-5,28.984106063842773,27.735877990722656,540
Q7Z434-2,29.0300350189209,27.735877990722656,540
Q7Z434-6,25.934797286987305,27.735877990722656,540
Q7Z434-3,27.10002899169922,27.735877990722656,540
Q7Z434-4,29.55621337890625,27.735877990722656,540
Q7Z449-2,12.781105041503906,8.555606842041016,544
Q7Z465-2,28.660066604614258,20.759567260742188,357
Q7Z465-3,29.051965713500977,20.759567260742188,357
Q7Z4B0-2,19.930240631103516,20.462692260742188,112
Q7Z4G4-3,9.792141914367676,8.411211967468262,463
Q7Z4G4-2,7.010043621063232,8.411211967468262,463
Q7Z4H3-3,5.622437000274658,4.564494609832764,204
Q7Z4H3-2,3.869723320007324,4.564494609832764,204
Q7Z4H8-2,12.232065200805664,6.398527145385742,507
Q7Z4H8-3,28.48320198059082,6.398527145385742,507
Q7Z4I7-3,27.32053565979004,20.276269912719727,341
Q7Z4I7-4,26.336257934570312,20.276269912719727,341
Q7Z4I7-2,27.734222412109375,20.276269912719727,341
Q7Z4L9-2,20.100975036621094,11.691792488098145,309
Q7Z4N8-2,10.948662757873535,9.549419403076172,544
Q7Z4N8-3,8.793939590454102,9.549419403076172,544
Q7Z4T8-2,21.50567626953125,12.38095474243164,443
Q7Z569-2,25.366121292114258,22.005510330200195,592
Q7Z572-2,30.07623291015625,24.59820556640625,469
Q7Z5A7-2,22.833995819091797,13.889233589172363,132
Q7Z5A7-3,14.840116500854492,13.889233589172363,132
Q7Z5B4-3,29.337913513183594,27.492666244506836,369
Q7Z5B4-2,29.88712501525879,27.492666244506836,369
Q7Z5B4-5,27.375,27.492666244506836,369
Q7Z5B4-6,29.297697067260742,27.492666244506836,369
Q7Z5G4-3,13.784425735473633,9.519153594970703,137
Q7Z5J1-5,22.85987091064453,16.11455726623535,315
Q7Z5J1-7,22.85987091064453,16.11455726623535,315
Q7Z5J1-2,26.24475860595703,16.11455726623535,315
Q7Z5J1-8,15.107614517211914,16.11455726623535,315
Q7Z5J1-6,19.405426025390625,16.11455726623535,315
Q7Z5J1-4,17.00985336303711,16.11455726623535,315
Q7Z5J1-3,14.342329025268555,16.11455726623535,315
Q7Z5L0-2,15.246940612792969,11.53124713897705,202
Q7Z5L0-4,12.376483917236328,11.53124713897705,202
Q7Z5L0-3,12.782670974731445,11.53124713897705,202
Q7Z5L9-3,29.339881896972656,27.859485626220703,587
Q7Z5L9-2,29.43744659423828,27.859485626220703,587
Q7Z5M8-2,13.319799423217773,10.640593528747559,362
Q7Z5M8-5,28.356443405151367,10.640593528747559,362
Q7Z5M8-4,27.843517303466797,10.640593528747559,362
Q7Z5P4-2,4.558186054229736,5.181210994720459,300
Q7Z5S9-2,6.866123676300049,6.739625930786133,345
Q7Z5V6-2,28.018394470214844,27.42426109313965,425
Q7Z5Y7-3,24.792247772216797,20.26401138305664,419
Q7Z5Y7-2,21.50867462158203,20.26401138305664,419
Q7Z614-2,16.12393569946289,13.726415634155273,316
Q7Z614-4,22.692710876464844,13.726415634155273,316
Q7Z614-3,22.692710876464844,13.726415634155273,316
Q7Z624-2,14.663352966308594,10.487773895263672,323
Q7Z628-2,28.264892578125,20.040769577026367,596
Q7Z692-2,28.25529670715332,23.23456573486328,300
Q7Z692-3,27.098663330078125,23.23456573486328,300
Q7Z698-2,22.983535766601562,21.945222854614258,418
Q7Z6A9-2,27.281208038330078,23.911304473876953,289
Q7Z6B0-2,28.559852600097656,23.259063720703125,441
Q7Z6B0-3,21.377880096435547,23.259063720703125,441
Q7Z6G3-2,25.060510635375977,22.405702590942383,386
Q7Z6I8-2,29.691530227661133,26.641212463378906,188
Q7Z6J6-2,14.589189529418945,18.597122192382812,570
Q7Z6J9-2,21.710386276245117,20.750282287597656,526
Q7Z6K1-2,25.390396118164062,25.941875457763672,395
Q7Z6K5-2,27.420759201049805,15.349870681762695,226
Q7Z6L0-3,27.453998565673828,27.49331283569336,340
Q7Z6M1-2,6.5517683029174805,7.793090343475342,372
Q7Z6M3-3,18.91058349609375,19.731021881103516,343
Q7Z6M3-2,19.117382049560547,19.731021881103516,343
Q7Z6V5-2,9.920212745666504,8.022175788879395,191
Q7Z6Z6-2,10.47169303894043,12.115876197814941,429
Q7Z7A4-2,27.481876373291016,13.271329879760742,578
Q7Z7A4-7,12.34760856628418,13.271329879760742,578
Q7Z7A4-4,9.8851318359375,13.271329879760742,578
Q7Z7A4-5,12.198205947875977,13.271329879760742,578
Q7Z7A4-6,9.757936477661133,13.271329879760742,578
Q7Z7A4-3,13.11538314819336,13.271329879760742,578
Q7Z7C8-2,26.980457305908203,21.486587524414062,310
Q7Z7C8-4,26.792808532714844,21.486587524414062,310
Q7Z7D3-4,13.313566207885742,11.534643173217773,282
Q7Z7D3-2,11.944303512573242,11.534643173217773,282
Q7Z7D3-3,22.416439056396484,11.534643173217773,282
Q7Z7E8-2,25.205848693847656,18.713315963745117,422
Q7Z7G1-2,29.492958068847656,26.174758911132812,428
Q7Z7G1-3,29.079456329345703,26.174758911132812,428
Q7Z7H5-2,14.905657768249512,14.420500755310059,227
Q7Z7H5-3,18.96193504333496,14.420500755310059,227
Q7Z7H8-2,28.345535278320312,15.280295372009277,261
Q7Z7K6-2,22.057405471801758,20.394868850708008,275
Q7Z7K6-3,27.75918960571289,20.394868850708008,275
Q86SE5-2,27.024009704589844,24.32119369506836,291
Q86SE8-2,27.811386108398438,20.402393341064453,214
Q86SE9-2,20.287670135498047,18.761138916015625,256
Q86SG2-2,16.472389221191406,17.719892501831055,305
Q86SG3-2,28.0406494140625,25.575265884399414,579
Q86SG4-3,27.30105972290039,24.567705154418945,172
Q86SG4-2,27.372953414916992,24.567705154418945,172
Q86SG7-2,7.638309001922607,9.840401649475098,212
Q86SI9-3,25.37933349609375,22.485769271850586,138
Q86SI9-2,27.255420684814453,22.485769271850586,138
Q86SK9-2,7.851607799530029,7.655693531036377,330
Q86SQ3-2,28.363483428955078,18.434667587280273,457
Q86SQ6-2,20.521610260009766,22.895694732666016,560
Q86SQ6-1,22.512292861938477,22.895694732666016,560
Q86SQ9-3,3.9093408584594727,4.404702186584473,333
Q86SQ9-4,3.611121654510498,4.404702186584473,333
Q86SU0-3,29.4224853515625,25.904125213623047,546
Q86SU0-4,24.829870223999023,25.904125213623047,546
Q86SU0-2,28.35181999206543,25.904125213623047,546
Q86SU0-6,29.399600982666016,25.904125213623047,546
Q86SU0-5,24.41704559326172,25.904125213623047,546
Q86SX3-4,24.40077018737793,23.035400390625,495
Q86SX3-6,26.695039749145508,23.035400390625,495
Q86SX3-2,26.44181251525879,23.035400390625,495
Q86SX3-3,24.40077018737793,23.035400390625,495
Q86SX3-5,24.40077018737793,23.035400390625,495
Q86SZ2-2,4.817032814025879,4.270349502563477,158
Q86T03-3,29.539546966552734,23.32820701599121,277
Q86T20-2,20.575305938720703,20.584678649902344,102
Q86T90-4,29.43315887451172,27.356266021728516,577
Q86T90-3,29.43315887451172,27.356266021728516,577
Q86T90-2,29.507404327392578,27.356266021728516,577
Q86T96-3,27.824787139892578,26.850048065185547,592
Q86T96-2,29.340208053588867,26.850048065185547,592
Q86TD4-3,21.52264976501465,10.901165962219238,473
Q86TE4-3,25.842308044433594,22.793418884277344,346
Q86TE4-2,25.845989227294922,22.793418884277344,346
Q86TE4-4,25.248905181884766,22.793418884277344,346
Q86TI4-4,9.28575611114502,7.668550491333008,376
Q86TI4-2,22.25466537475586,7.668550491333008,376
Q86TJ2-3,22.866283416748047,19.523849487304688,420
Q86TJ2-2,21.913681030273438,19.523849487304688,420
Q86TN4-2,15.112545013427734,10.968332290649414,253
Q86TN4-3,8.687943458557129,10.968332290649414,253
Q86TP1-7,13.756563186645508,11.578044891357422,453
Q86TP1-3,12.025272369384766,11.578044891357422,453
Q86TP1-2,9.174541473388672,11.578044891357422,453
Q86TP1-6,17.896347045898438,11.578044891357422,453
Q86TP1-5,17.896347045898438,11.578044891357422,453
Q86TP1-4,16.698383331298828,11.578044891357422,453
Q86TS9-2,15.550979614257812,12.921012878417969,123
Q86TS9-3,24.107437133789062,12.921012878417969,123
Q86TS9-4,16.091278076171875,12.921012878417969,123
Q86TU7-3,12.090208053588867,11.153635025024414,594
Q86TU7-2,12.090208053588867,11.153635025024414,594
Q86TW2-2,13.130565643310547,9.920516014099121,530
Q86TZ1-2,25.083816528320312,9.873790740966797,520
Q86U06-4,29.04437828063965,25.155757904052734,439
Q86U06-2,28.726512908935547,25.155757904052734,439
Q86U06-3,27.422292709350586,25.155757904052734,439
Q86U06-5,29.61296844482422,25.155757904052734,439
Q86U42-2,29.42913818359375,24.86389923095703,306
Q86U44-2,28.861831665039062,21.866058349609375,580
Q86U70-3,28.918292999267578,21.800504684448242,411
Q86U70-2,29.737220764160156,21.800504684448242,411
Q86UA6-3,21.599414825439453,18.40493392944336,219
Q86UA6-9,21.47083282470703,18.40493392944336,219
Q86UA6-7,25.23298454284668,18.40493392944336,219
Q86UA6-6,25.03989028930664,18.40493392944336,219
Q86UA6-5,25.23298454284668,18.40493392944336,219
Q86UA6-4,21.698217391967773,18.40493392944336,219
Q86UA6-2,18.875804901123047,18.40493392944336,219
Q86UA6-8,16.327512741088867,18.40493392944336,219
Q86UB2-2,26.860530853271484,22.11543083190918,503
Q86UB9-2,7.705223083496094,9.439265251159668,458
Q86UC2-2,27.582435607910156,26.00194549560547,560
Q86UD3-2,21.102554321289062,18.597993850708008,253
Q86UD5-2,12.836343765258789,13.421772003173828,537
Q86UD7-2,17.027240753173828,14.21343994140625,250
Q86UD7-3,19.090003967285156,14.21343994140625,250
Q86UF4-2,27.871952056884766,26.40455436706543,302
Q86UN3-2,16.250499725341797,15.633764266967773,420
Q86UN6-2,14.764598846435547,15.03535270690918,197
Q86UN6-3,18.451515197753906,15.03535270690918,197
Q86UQ0-2,27.428844451904297,24.400049209594727,364
Q86UQ0-3,29.176307678222656,24.400049209594727,364
Q86UQ8-2,27.817848205566406,24.532567977905273,179
Q86UR1-3,25.271820068359375,22.054656982421875,476
Q86UT5-5,27.939807891845703,19.981645584106445,571
Q86UT5-2,28.41305923461914,19.981645584106445,571
Q86UT5-3,21.248455047607422,19.981645584106445,571
Q86UT5-4,22.388879776000977,19.981645584106445,571
Q86UU9-4,26.853267669677734,23.928028106689453,113
Q86UU9-3,26.853267669677734,23.928028106689453,113
Q86UU9-2,26.59455108642578,23.928028106689453,113
Q86UU9-5,23.388629913330078,23.928028106689453,113
Q86UV6-2,20.409639358520508,17.64664077758789,250
Q86UX6-2,21.912376403808594,15.817278861999512,486
Q86UY5-3,28.970428466796875,20.9642276763916,434
Q86UY5-2,22.52684783935547,20.9642276763916,434
Q86UY6-3,10.751432418823242,6.435168743133545,237
Q86UY6-4,7.379732608795166,6.435168743133545,237
Q86UY8-2,11.737293243408203,9.934642791748047,548
Q86V25-3,28.79096031188965,14.532989501953125,355
Q86V25-2,21.70034408569336,14.532989501953125,355
Q86V25-6,17.004615783691406,14.532989501953125,355
Q86V25-4,15.25329875946045,14.532989501953125,355
Q86V25-5,10.598100662231445,14.532989501953125,355
Q86V40-2,15.316214561462402,17.870126724243164,505
Q86V59-2,29.27116584777832,26.050186157226562,439
Q86V88-2,6.692857265472412,5.361537933349609,176
Q86V88-3,5.848527908325195,5.361537933349609,176
Q86VE9-3,19.768535614013672,12.010473251342773,423
Q86VE9-4,20.326513290405273,12.010473251342773,423
Q86VE9-2,16.37291145324707,12.010473251342773,423
Q86VF5-3,4.8878631591796875,5.3885416984558105,341
Q86VF5-2,5.638994216918945,5.3885416984558105,341
Q86VG3-2,28.190475463867188,25.540653228759766,221
Q86VH4-2,29.184335708618164,20.30388069152832,590
Q86VH5-2,28.926715850830078,19.983917236328125,581
Q86VI4-2,29.291088104248047,22.64053726196289,317
Q86VK4-2,27.4019718170166,24.981372833251953,478
Q86VK4-4,28.26044464111328,24.981372833251953,478
Q86VK4-3,28.133460998535156,24.981372833251953,478
Q86VK4-5,28.618209838867188,24.981372833251953,478
Q86VN1-2,22.81568145751953,20.547035217285156,386
Q86VQ3-2,29.457740783691406,27.217252731323242,553
Q86VQ3-3,28.724411010742188,27.217252731323242,553
Q86VR2-2,27.849361419677734,25.738155364990234,466
Q86VV4-2,27.60365867614746,25.630971908569336,465
Q86VW1-3,16.787240982055664,10.314529418945312,577
Q86VW1-2,11.781116485595703,10.314529418945312,577
Q86VW2-2,26.16898536682129,19.87169647216797,580
Q86VW2-3,25.910572052001953,19.87169647216797,580
Q86VX2-2,11.497488021850586,14.078749656677246,200
Q86VZ4-2,29.103355407714844,25.652551651000977,500
Q86VZ5-2,19.97957420349121,17.45978546142578,413
Q86W11-3,29.295148849487305,23.709726333618164,494
Q86W33-2,19.63254165649414,17.7418155670166,373
Q86W33-3,19.63254165649414,17.7418155670166,373
Q86W34-5,5.383478164672852,6.396627902984619,360
Q86W50-2,21.852676391601562,19.512914657592773,562
Q86W74-1,28.316036224365234,19.005020141601562,228
Q86WA6-2,27.374942779541016,7.704278469085693,291
Q86WB0-3,28.932697296142578,20.82406997680664,502
Q86WB0-2,29.659690856933594,20.82406997680664,502
Q86WB7-2,11.722776412963867,8.68937873840332,457
Q86WD7-6,15.177133560180664,9.195405960083008,417
Q86WD7-5,11.510422706604004,9.195405960083008,417
Q86WD7-4,20.438554763793945,9.195405960083008,417
Q86WD7-2,10.350473403930664,9.195405960083008,417
Q86WD7-3,28.788461685180664,9.195405960083008,417
Q86WG3-3,28.31216049194336,21.346220016479492,371
Q86WH2-2,20.170568466186523,16.2104549407959,238
Q86WI0-3,18.56540298461914,9.293925285339355,220
Q86WI0-2,7.868497848510742,9.293925285339355,220
Q86WP2-4,29.48915672302246,28.07265853881836,473
Q86WP2-3,29.53792381286621,28.07265853881836,473
Q86WQ0-2,5.753623008728027,2.8592722415924072,139
Q86WT6-2,23.589277267456055,15.661687850952148,500
Q86WT6-3,21.058311462402344,15.661687850952148,500
Q86WT6-4,18.296924591064453,15.661687850952148,500
Q86WU2-2,22.546531677246094,7.202284336090088,507
Q86WV1-2,25.243017196655273,24.09632110595703,359
Q86X24-3,17.190195083618164,19.350601196289062,394
Q86X24-4,17.874141693115234,19.350601196289062,394
Q86X24-5,17.57647705078125,19.350601196289062,394
Q86X24-2,13.220561027526855,19.350601196289062,394
Q86X27-2,27.27957534790039,22.130937576293945,583
Q86X27-3,28.106822967529297,22.130937576293945,583
Q86X40-3,15.434563636779785,14.590567588806152,367
Q86X40-2,21.15673828125,14.590567588806152,367
Q86X45-2,29.330101013183594,20.538917541503906,466
Q86X67-3,9.7108793258667,7.8447346687316895,352
Q86X67-2,7.233370304107666,7.8447346687316895,352
Q86X67-4,9.07981014251709,7.8447346687316895,352
Q86X76-2,28.347461700439453,8.983793258666992,327
Q86X76-4,28.60047721862793,8.983793258666992,327
Q86X76-3,28.027606964111328,8.983793258666992,327
Q86X76-5,7.797054767608643,8.983793258666992,327
Q86X83-2,13.496969223022461,10.691143989562988,199
Q86X95-2,29.449687957763672,27.2122859954834,450
Q86XA0-2,3.7718117237091064,3.8934903144836426,190
Q86XD5-2,29.646923065185547,27.365219116210938,332
Q86XE0-2,8.608421325683594,8.27733039855957,403
Q86XE5-3,5.88667106628418,5.578131198883057,327
Q86XK3-3,29.346485137939453,23.97201156616211,245
Q86XK3-2,28.8347110748291,23.97201156616211,245
Q86XR7-2,28.681041717529297,17.882299423217773,235
Q86XR8-3,29.07695770263672,25.118764877319336,500
Q86XR8-2,27.396137237548828,25.118764877319336,500
Q86XR8-5,28.92070770263672,25.118764877319336,500
Q86XR8-4,28.68236541748047,25.118764877319336,500
Q86XS8-2,24.8699951171875,20.50275421142578,419
Q86XW9-2,28.06402587890625,19.170835494995117,330
Q86XW9-3,22.81881332397461,19.170835494995117,330
Q86Y07-2,28.942670822143555,17.84146499633789,508
Q86Y07-5,28.942670822143555,17.84146499633789,508
Q86Y07-3,16.893232345581055,17.84146499633789,508
Q86Y07-4,16.180648803710938,17.84146499633789,508
Q86Y22-2,28.941558837890625,26.966920852661133,540
Q86Y33-2,13.33568000793457,18.159029006958008,519
Q86Y33-3,14.033617973327637,18.159029006958008,519
Q86Y33-5,27.842464447021484,18.159029006958008,519
Q86Y37-4,27.745555877685547,19.682302474975586,369
Q86Y37-2,21.86064910888672,19.682302474975586,369
Q86Y39-2,5.045088768005371,4.497711181640625,141
Q86Y78-2,13.645763397216797,12.21750259399414,171
Q86Y97-2,16.7303409576416,20.713171005249023,462
Q86YB7-2,4.2264862060546875,6.178199291229248,292
Q86YB8-2,18.069690704345703,14.328760147094727,467
Q86YD1-3,26.16075897216797,21.997722625732422,416
Q86YD1-2,24.312562942504883,21.997722625732422,416
Q86YD3-4,27.85936164855957,22.180776596069336,366
Q86YD3-5,28.065263748168945,22.180776596069336,366
Q86YD3-2,26.28500747680664,22.180776596069336,366
Q86YD3-3,28.70134925842285,22.180776596069336,366
Q86YD5-2,27.283153533935547,25.902894973754883,345
Q86YH6-2,11.617008209228516,10.841747283935547,399
Q86YJ5-2,24.29279899597168,22.526371002197266,346
Q86YJ6-4,3.877572536468506,4.064690113067627,484
Q86YJ6-2,4.696913719177246,4.064690113067627,484
Q86YJ6-5,6.948240280151367,4.064690113067627,484
Q86YL5-2,28.29819107055664,25.629188537597656,185
Q86YL7-5,26.474998474121094,25.41495132446289,162
Q86YL7-6,28.582141876220703,25.41495132446289,162
Q86YL7-2,26.493789672851562,25.41495132446289,162
Q86YL7-4,26.474998474121094,25.41495132446289,162
Q86YM7-2,24.08135223388672,20.482372283935547,354
Q86YM7-3,27.038753509521484,20.482372283935547,354
Q86YN1-2,5.696064472198486,7.194283485412598,238
Q86YQ8-2,11.28939437866211,10.428791999816895,564
Q86YT5-4,7.7891693115234375,9.224326133728027,568
Q86YT5-2,7.506392478942871,9.224326133728027,568
Q86YT5-3,6.675936698913574,9.224326133728027,568
Q86YT9-3,28.74939727783203,20.102657318115234,394
Q86YT9-4,22.020296096801758,20.102657318115234,394
Q86YT9-2,28.384918212890625,20.102657318115234,394
Q86YV6-2,8.64969253540039,11.81653881072998,388
Q86YW5-2,29.561519622802734,24.46662139892578,311
Q86YW5-3,27.900901794433594,24.46662139892578,311
Q8IU57-4,28.509090423583984,24.49106216430664,520
Q8IU57-3,25.729167938232422,24.49106216430664,520
Q8IU57-2,29.14309310913086,24.49106216430664,520
Q8IU60-2,28.652616500854492,19.396984100341797,420
Q8IU85-2,29.024646759033203,14.417675971984863,385
Q8IUB3-2,18.40116310119629,11.991555213928223,73
Q8IUC8-3,10.467092514038086,8.936199188232422,556
Q8IUC8-2,10.575836181640625,8.936199188232422,556
Q8IUD6-2,26.786113739013672,21.429054260253906,432
Q8IUD6-3,27.13266372680664,21.429054260253906,432
Q8IUF8-4,10.029094696044922,7.781486988067627,465
Q8IUF8-2,8.66534423828125,7.781486988067627,465
Q8IUF8-3,8.679259300231934,7.781486988067627,465
Q8IUH3-2,29.000186920166016,22.922056198120117,476
Q8IUH3-3,27.484704971313477,22.922056198120117,476
Q8IUI8-2,27.524829864501953,16.903217315673828,442
Q8IUK5-3,24.11175537109375,20.054000854492188,500
Q8IUK5-4,26.21759605407715,20.054000854492188,500
Q8IUK5-2,24.152406692504883,20.054000854492188,500
Q8IUN9-2,22.59158706665039,19.749658584594727,316
Q8IUN9-3,27.04690170288086,19.749658584594727,316
Q8IUQ0-2,12.781600952148438,12.405614852905273,354
Q8IUQ4-3,10.315942764282227,10.08592414855957,282
Q8IUX1-5,29.56041717529297,14.557561874389648,230
Q8IUX1-2,29.256420135498047,14.557561874389648,230
Q8IUX1-3,28.257640838623047,14.557561874389648,230
Q8IUX1-4,13.530294418334961,14.557561874389648,230
Q8IUX4-2,13.925506591796875,10.666849136352539,373
Q8IUX4-3,13.925506591796875,10.666849136352539,373
Q8IUZ5-3,4.108862400054932,3.823441982269287,450
Q8IUZ5-2,4.698305130004883,3.823441982269287,450
Q8IV13-2,23.05645179748535,17.6378173828125,435
Q8IV42-2,27.33289337158203,15.970603942871094,348
Q8IV50-2,26.45068359375,24.135944366455078,215
Q8IV63-3,28.582286834716797,15.389436721801758,474
Q8IV63-2,12.426488876342773,15.389436721801758,474
Q8IV77-2,29.077526092529297,14.809073448181152,575
Q8IVA1-2,28.540624618530273,23.844451904296875,136
Q8IVI9-3,15.827132225036621,17.497722625732422,506
Q8IVI9-2,14.131089210510254,17.497722625732422,506
Q8IVJ8-2,27.06549644470215,24.421972274780273,170
Q8IVJ8-3,27.07866668701172,24.421972274780273,170
Q8IVM8-2,10.807010650634766,9.372415542602539,553
Q8IVP9-2,23.602161407470703,21.229703903198242,402
Q8IVS2-2,9.917434692382812,8.77607536315918,390
Q8IVS8-6,7.916253089904785,7.331423759460449,523
Q8IVS8-3,6.1384687423706055,7.331423759460449,523
Q8IVS8-5,27.80938720703125,7.331423759460449,523
Q8IVS8-4,7.854318618774414,7.331423759460449,523
Q8IVS8-7,8.535572052001953,7.331423759460449,523
Q8IVS8-2,8.519752502441406,7.331423759460449,523
Q8IVW1-2,26.61583137512207,22.210987091064453,177
Q8IVW1-4,24.751428604125977,22.210987091064453,177
Q8IVW4-2,28.164674758911133,21.447925567626953,592
Q8IVW6-3,29.44091796875,26.91903305053711,561
Q8IVW6-4,28.641963958740234,26.91903305053711,561
Q8IW00-2,26.79336929321289,21.8346004486084,320
Q8IW40-2,26.37521743774414,17.657861709594727,242
Q8IW41-2,25.885879516601562,17.468965530395508,473
Q8IW45-3,8.177656173706055,8.763439178466797,347
Q8IW45-4,11.68448543548584,8.763439178466797,347
Q8IW45-2,6.698774337768555,8.763439178466797,347
Q8IW50-7,29.141464233398438,25.915237426757812,185
Q8IW70-2,22.574920654296875,22.070796966552734,566
Q8IWD4-2,29.3212890625,26.97227668762207,279
Q8IWD4-4,29.102832794189453,26.97227668762207,279
Q8IWD4-3,28.32854461669922,26.97227668762207,279
Q8IWE2-2,28.7080078125,23.105731964111328,563
Q8IWF9-3,28.923553466796875,24.216493606567383,413
Q8IWS0-3,26.266483306884766,22.078033447265625,365
Q8IWS0-5,22.10378646850586,22.078033447265625,365
Q8IWS0-2,28.412715911865234,22.078033447265625,365
Q8IWS0-4,28.39165687561035,22.078033447265625,365
Q8IWT0-2,4.656675338745117,4.708845615386963,167
Q8IWT1-2,17.57650375366211,15.769871711730957,228
Q8IWT1-3,22.122940063476562,15.769871711730957,228
Q8IWU4-2,27.082141876220703,11.801939964294434,369
Q8IWV1-3,30.018436431884766,28.100439071655273,398
Q8IWV1-2,29.618911743164062,28.100439071655273,398
Q8IWW8-2,21.71154022216797,6.955440044403076,467
Q8IWW8-4,27.988170623779297,6.955440044403076,467
Q8IWW8-3,6.804694175720215,6.955440044403076,467
Q8IWX5-2,13.972123146057129,10.970685005187988,399
Q8IX04-6,21.513565063476562,16.792892456054688,471
Q8IX04-2,16.527667999267578,16.792892456054688,471
Q8IX04-5,25.636253356933594,16.792892456054688,471
Q8IX04-4,25.03084945678711,16.792892456054688,471
Q8IX04-3,22.85714340209961,16.792892456054688,471
Q8IX04-7,23.519529342651367,16.792892456054688,471
Q8IX05-2,14.660820960998535,15.450244903564453,232
Q8IX15-3,29.58976173400879,26.950443267822266,550
Q8IX29-2,19.249107360839844,22.101659774780273,292
Q8IX90-2,25.66417694091797,26.586584091186523,412
Q8IX90-3,29.532068252563477,26.586584091186523,412
Q8IXA5-2,26.67058753967285,16.109161376953125,215
Q8IXH7-4,28.5516357421875,12.944987297058105,590
Q8IXH7-3,20.274078369140625,12.944987297058105,590
Q8IXJ6-5,20.96731185913086,13.394195556640625,389
Q8IXJ6-2,29.031633377075195,13.394195556640625,389
Q8IXJ6-3,29.031633377075195,13.394195556640625,389
Q8IXJ6-4,14.586244583129883,13.394195556640625,389
Q8IXK2-2,8.335386276245117,7.609946250915527,581
Q8IXL6-2,17.101621627807617,16.30773162841797,584
Q8IXL7-2,26.06875228881836,12.72303581237793,192
Q8IXM2-3,27.57602310180664,22.072673797607422,172
Q8IXM2-2,20.504688262939453,22.072673797607422,172
Q8IXM6-2,7.779201507568359,8.729488372802734,262
Q8IXM6-6,9.851751327514648,8.729488372802734,262
Q8IXQ4-2,29.090831756591797,25.703269958496094,340
Q8IXQ4-3,28.81174659729004,25.703269958496094,340
Q8IXQ4-4,29.20835304260254,25.703269958496094,340
Q8IXQ5-5,21.853683471679688,14.047740936279297,586
Q8IXQ5-2,22.470211029052734,14.047740936279297,586
Q8IXQ5-3,20.373411178588867,14.047740936279297,586
Q8IXQ5-4,28.21709442138672,14.047740936279297,586
Q8IXQ8-2,23.842845916748047,23.505165100097656,264
Q8IXQ8-3,23.106412887573242,23.505165100097656,264
Q8IXS2-2,27.702007293701172,22.930931091308594,484
Q8IXT2-2,29.393064498901367,26.989665985107422,367
Q8IXU6-3,19.12687873840332,11.904443740844727,374
Q8IXU6-2,18.90795135498047,11.904443740844727,374
Q8IXX5-2,18.5080509185791,17.912961959838867,376
Q8IXY8-3,6.549227237701416,7.536129474639893,311
Q8IY31-4,16.14840316772461,11.698863983154297,132
Q8IY31-3,16.79589080810547,11.698863983154297,132
Q8IY45-2,17.074420928955078,6.149089813232422,258
Q8IY49-2,17.090530395507812,8.312359809875488,270
Q8IY49-3,8.860576629638672,8.312359809875488,270
Q8IY50-2,24.172626495361328,14.424772262573242,421
Q8IY57-3,26.330917358398438,24.30052375793457,180
Q8IY57-4,27.15131378173828,24.30052375793457,180
Q8IY95-2,29.208648681640625,19.002395629882812,271
Q8IYA8-3,28.93267059326172,27.377113342285156,594
Q8IYA8-2,29.236618041992188,27.377113342285156,594
Q8IYB5-3,29.043291091918945,26.128007888793945,467
Q8IYB5-2,27.81148910522461,26.128007888793945,467
Q8IYI0-2,21.74969482421875,21.606185913085938,205
Q8IYJ0-2,28.96074867248535,27.295230865478516,282
Q8IYJ2-2,28.546558380126953,26.165212631225586,551
Q8IYJ3-2,28.201892852783203,23.611482620239258,562
Q8IYK8-2,24.63802146911621,21.06852912902832,340
Q8IYM1-2,10.394509315490723,13.401657104492188,358
Q8IYM9-2,15.180920600891113,18.245040893554688,498
Q8IYR6-2,28.828323364257812,25.471759796142578,380
Q8IYS5-6,28.88071060180664,17.334943771362305,282
Q8IYS5-2,28.597190856933594,17.334943771362305,282
Q8IYS5-3,28.38275146484375,17.334943771362305,282
Q8IYS5-4,26.847684860229492,17.334943771362305,282
Q8IYS5-5,12.435990333557129,17.334943771362305,282
Q8IYT4-2,26.586238861083984,19.95813751220703,538
Q8IYU4-2,29.22817611694336,26.76786231994629,475
Q8IYV9-2,19.098447799682617,16.938783645629883,350
Q8IYV9-3,17.68230628967285,16.938783645629883,350
Q8IYX1-2,5.348750114440918,5.092855453491211,336
Q8IYX8-2,28.459030151367188,24.534196853637695,460
Q8IZ02-3,7.433810710906982,9.865687370300293,464
Q8IZ20-2,25.84424591064453,26.49980354309082,524
Q8IZ73-2,13.547046661376953,16.758068084716797,545
Q8IZ96-16,28.315475463867188,18.48958396911621,169
Q8IZ96-11,26.20813751220703,18.48958396911621,169
Q8IZ96-12,28.32892417907715,18.48958396911621,169
Q8IZ96-15,26.20813751220703,18.48958396911621,169
Q8IZ96-13,26.20813751220703,18.48958396911621,169
Q8IZ96-9,21.70842742919922,18.48958396911621,169
Q8IZ96-14,26.20813751220703,18.48958396911621,169
Q8IZ96-7,26.20813751220703,18.48958396911621,169
Q8IZ96-3,28.315475463867188,18.48958396911621,169
Q8IZ96-4,21.9563045501709,18.48958396911621,169
Q8IZ96-2,26.257083892822266,18.48958396911621,169
Q8IZ96-5,19.704620361328125,18.48958396911621,169
Q8IZ96-10,26.438756942749023,18.48958396911621,169
Q8IZ96-6,19.704620361328125,18.48958396911621,169
Q8IZ96-8,26.20813751220703,18.48958396911621,169
Q8IZA3-2,29.40581512451172,26.64163589477539,346
Q8IZC7-2,29.05966567993164,24.038969039916992,436
Q8IZD6-2,11.884029388427734,11.212760925292969,547
Q8IZJ4-2,18.160367965698242,21.114646911621094,473
Q8IZJ6-3,17.125350952148438,14.065122604370117,230
Q8IZJ6-2,11.543444633483887,14.065122604370117,230
Q8IZK6-2,26.446163177490234,13.27236270904541,566
Q8IZL9-5,6.750622749328613,8.935279846191406,346
Q8IZL9-4,9.123453140258789,8.935279846191406,346
Q8IZL9-2,9.321613311767578,8.935279846191406,346
Q8IZM9-2,7.734617233276367,9.457487106323242,456
Q8IZN3-2,21.465396881103516,18.29952049255371,488
Q8IZP0-10,28.9023380279541,25.8182430267334,508
Q8IZP0-8,29.321361541748047,25.8182430267334,508
Q8IZP0-7,29.399391174316406,25.8182430267334,508
Q8IZP0-2,28.905235290527344,25.8182430267334,508
Q8IZP0-4,29.321361541748047,25.8182430267334,508
Q8IZP0-11,27.770416259765625,25.8182430267334,508
Q8IZP0-3,29.321361541748047,25.8182430267334,508
Q8IZP0-9,29.12112045288086,25.8182430267334,508
Q8IZP0-12,27.534698486328125,25.8182430267334,508
Q8IZP0-5,29.24199676513672,25.8182430267334,508
Q8IZP0-6,29.137611389160156,25.8182430267334,508
Q8IZP1-2,22.92607879638672,20.96038818359375,549
Q8IZR5-2,28.251850128173828,17.553966522216797,234
Q8IZR5-3,28.904794692993164,17.553966522216797,234
Q8IZS5-4,29.18362045288086,26.336837768554688,231
Q8IZS5-5,29.229270935058594,26.336837768554688,231
Q8IZS5-3,29.229270935058594,26.336837768554688,231
Q8IZS5-2,28.860218048095703,26.336837768554688,231
Q8IZU0-2,25.16009521484375,20.171897888183594,186
Q8IZV2-2,22.23748207092285,20.626081466674805,173
Q8N0S2-2,27.53714370727539,22.186954498291016,351
Q8N0S2-3,27.53714370727539,22.186954498291016,351
Q8N0S6-3,13.619625091552734,11.352876663208008,344
Q8N0U4-3,12.534809112548828,12.567790985107422,392
Q8N0U4-2,16.849952697753906,12.567790985107422,392
Q8N0U7-3,29.629093170166016,26.56804084777832,546
Q8N0U7-2,29.614845275878906,26.56804084777832,546
Q8N0U8-2,7.142065048217773,6.366929054260254,176
Q8N0V3-2,26.01903533935547,24.216278076171875,343
Q8N0V5-2,6.790368556976318,7.593469142913818,402
Q8N0V5-3,6.7194414138793945,7.593469142913818,402
Q8N0W5-2,24.11370277404785,21.743738174438477,287
Q8N0W5-3,24.11370277404785,21.743738174438477,287
Q8N0X4-2,6.138312339782715,8.231358528137207,340
Q8N0Y2-2,27.383434295654297,24.215749740600586,327
Q8N0Z8-2,7.160222053527832,6.588199615478516,303
Q8N0Z9-2,27.532062530517578,18.38066864013672,540
Q8N108-20,29.543052673339844,26.295440673828125,512
Q8N108-19,29.543052673339844,26.295440673828125,512
Q8N108-16,29.866987228393555,26.295440673828125,512
Q8N108-14,29.543052673339844,26.295440673828125,512
Q8N108-18,29.543052673339844,26.295440673828125,512
Q8N108-17,29.69121742248535,26.295440673828125,512
Q8N108-15,29.543052673339844,26.295440673828125,512
Q8N108-13,29.629411697387695,26.295440673828125,512
Q8N108-12,29.629411697387695,26.295440673828125,512
Q8N114-3,29.374460220336914,26.131284713745117,240
Q8N114-4,28.113445281982422,26.131284713745117,240
Q8N114-2,27.400371551513672,26.131284713745117,240
Q8N118-3,10.300485610961914,6.740633010864258,509
Q8N118-2,10.472532272338867,6.740633010864258,509
Q8N126-3,12.50345516204834,15.992960929870605,398
Q8N131-2,28.700082778930664,26.112865447998047,208
Q8N135-2,14.03541088104248,9.283317565917969,537
Q8N136-2,4.072547912597656,4.207252025604248,415
Q8N138-4,4.5958027839660645,5.820240020751953,153
Q8N142-2,11.429136276245117,5.72674036026001,457
Q8N144-2,29.085296630859375,17.040607452392578,294
Q8N145-2,10.9801607131958,10.774505615234375,548
Q8N149-3,29.29308319091797,15.891499519348145,483
Q8N149-2,26.124553680419922,15.891499519348145,483
Q8N149-4,29.51264190673828,15.891499519348145,483
Q8N1A0-2,23.009607315063477,21.750669479370117,295
Q8N1B3-2,7.0322370529174805,8.279169082641602,248
Q8N1D0-2,29.01223373413086,26.62686538696289,253
Q8N1L4-2,6.026790618896484,6.769801139831543,340
Q8N1L9-2,28.044288635253906,25.522523880004883,274
Q8N1N0-2,25.751605987548828,24.596527099609375,589
Q8N1N4-2,28.32428741455078,24.998231887817383,520
Q8N1S5-2,27.731769561767578,14.576887130737305,342
Q8N205-2,27.343353271484375,25.59676742553711,404
Q8N228-2,29.97827911376953,24.8944091796875,414
Q8N228-3,29.43220329284668,24.8944091796875,414
Q8N2B8-2,27.117483139038086,24.812854766845703,174
Q8N2C3-2,28.612503051757812,24.11399269104004,294
Q8N2F6-2,28.304683685302734,13.886968612670898,343
Q8N2F6-4,14.912542343139648,13.886968612670898,343
Q8N2F6-6,15.561882019042969,13.886968612670898,343
Q8N2F6-5,15.561882019042969,13.886968612670898,343
Q8N2F6-3,10.631237030029297,13.886968612670898,343
Q8N2G4-3,25.30109405517578,15.694381713867188,141
Q8N2G4-4,17.439605712890625,15.694381713867188,141
Q8N2G8-3,14.349183082580566,10.412132263183594,530
Q8N2G8-2,10.679094314575195,10.412132263183594,530
Q8N2H4-2,7.963980197906494,7.4491286277771,156
Q8N2H9-2,21.356225967407227,11.619555473327637,469
Q8N2H9-3,14.761299133300781,11.619555473327637,469
Q8N2H9-4,12.050456047058105,11.619555473327637,469
Q8N2I9-3,26.142141342163086,14.69223403930664,435
Q8N2I9-2,20.267513275146484,14.69223403930664,435
Q8N2K0-3,28.960491180419922,11.904807090759277,398
Q8N2K0-2,18.106002807617188,11.904807090759277,398
Q8N2K1-2,14.585002899169922,16.015100479125977,259
Q8N2R0-2,21.434986114501953,22.475191116333008,312
Q8N2U9-2,18.024154663085938,9.595484733581543,271
Q8N2U9-3,9.877058029174805,9.595484733581543,271
Q8N2Z9-3,11.434677124023438,9.640411376953125,138
Q8N2Z9-2,14.867202758789062,9.640411376953125,138
Q8N319-4,29.495349884033203,27.126220703125,242
Q8N323-2,14.614753723144531,9.32159423828125,547
Q8N336-3,20.042179107666016,8.208029747009277,334
Q8N336-2,8.989622116088867,8.208029747009277,334
Q8N365-2,29.12285614013672,26.67473030090332,385
Q8N370-4,12.073283195495605,12.458202362060547,569
Q8N370-2,12.194883346557617,12.458202362060547,569
Q8N371-2,8.448179244995117,7.852596759796143,416
Q8N387-2,28.74595069885254,27.880338668823242,334
Q8N3F0-2,21.42898178100586,12.061884880065918,131
Q8N3F0-4,11.014363288879395,12.061884880065918,131
Q8N3F0-3,12.632558822631836,12.061884880065918,131
Q8N3G9-2,27.057525634765625,18.269838333129883,435
Q8N3G9-3,28.651350021362305,18.269838333129883,435
Q8N3I7-2,7.653347969055176,8.22461986541748,341
Q8N3J5-3,15.472335815429688,12.440484046936035,372
Q8N3J5-2,13.719141006469727,12.440484046936035,372
Q8N3J6-4,28.932098388671875,17.624372482299805,435
Q8N3J6-2,28.59656524658203,17.624372482299805,435
Q8N3J6-3,27.059968948364258,17.624372482299805,435
Q8N3J6-5,18.02288055419922,17.624372482299805,435
Q8N3R3-4,29.191387176513672,18.221078872680664,496
Q8N3R3-2,27.751548767089844,18.221078872680664,496
Q8N3R3-3,26.710430145263672,18.221078872680664,496
Q8N3Y1-2,28.368534088134766,16.751567840576172,598
Q8N3Y7-2,3.9949827194213867,4.627821445465088,309
Q8N3Z6-2,29.846643447875977,27.39297103881836,543
Q8N413-3,11.922027587890625,10.648690223693848,288
Q8N413-2,10.631145477294922,10.648690223693848,288
Q8N413-4,10.96464729309082,10.648690223693848,288
Q8N414-2,19.91885757446289,12.301198959350586,524
Q8N423-3,29.263690948486328,19.802608489990234,597
Q8N423-4,29.252120971679688,19.802608489990234,597
Q8N428-2,19.514251708984375,13.692154884338379,558
Q8N431-2,10.988183975219727,9.011351585388184,466
Q8N434-2,10.284952163696289,9.458593368530273,492
Q8N443-3,26.02531623840332,21.36043357849121,379
Q8N443-2,26.870582580566406,21.36043357849121,379
Q8N456-2,28.16830062866211,15.905374526977539,261
Q8N461-2,16.36250114440918,12.850083351135254,479
Q8N465-3,6.535924434661865,6.289200782775879,521
Q8N465-2,8.972612380981445,6.289200782775879,521
Q8N468-2,19.158536911010742,14.418042182922363,514
Q8N490-4,25.923004150390625,11.868766784667969,385
Q8N490-3,25.65949249267578,11.868766784667969,385
Q8N490-2,25.75750732421875,11.868766784667969,385
Q8N4A0-2,10.355207443237305,9.170340538024902,578
Q8N4B1-3,19.499408721923828,20.236770629882812,249
Q8N4B1-2,28.028839111328125,20.236770629882812,249
Q8N4C9-2,28.802227020263672,26.219411849975586,275
Q8N4F4-3,17.092727661132812,8.929436683654785,552
Q8N4F4-1,9.831762313842773,8.929436683654785,552
Q8N4F7-2,29.040645599365234,13.027541160583496,328
Q8N4H0-2,25.79564666748047,26.138315200805664,392
Q8N4H0-3,25.115604400634766,26.138315200805664,392
Q8N4L8-2,23.810474395751953,23.90965461730957,307
Q8N4P3-2,2.574042320251465,2.2480571269989014,179
Q8N4P6-2,27.52737808227539,19.23114776611328,559
Q8N4Q0-2,7.435903549194336,5.555157661437988,377
Q8N4Q1-2,19.040145874023438,16.91822052001953,142
Q8N4S0-2,28.710357666015625,24.647981643676758,544
Q8N4S7-2,3.7453432083129883,4.004817008972168,273
Q8N4S7-3,3.7315826416015625,4.004817008972168,273
Q8N4S9-3,26.319442749023438,24.648691177368164,558
Q8N4S9-2,28.384254455566406,24.648691177368164,558
Q8N4T0-2,6.996846675872803,7.390031814575195,437
Q8N4T0-3,15.526788711547852,7.390031814575195,437
Q8N4T4-2,11.171379089355469,7.755803108215332,335
Q8N4T4-4,8.287904739379883,7.755803108215332,335
Q8N4T4-3,9.857860565185547,7.755803108215332,335
Q8N4T8-2,3.6252169609069824,2.9212021827697754,237
Q8N4Y2-3,26.99256134033203,22.788959503173828,399
Q8N4Y2-2,28.69472312927246,22.788959503173828,399
Q8N4Z0-1,9.998313903808594,9.376252174377441,218
Q8N531-2,11.042839050292969,14.640084266662598,539
Q8N539-2,29.288043975830078,20.7984619140625,461
Q8N543-2,11.190165519714355,10.25061321258545,542
Q8N565-2,27.851966857910156,17.246309280395508,214
Q8N584-2,14.937551498413086,9.583799362182617,583
Q8N584-3,15.947818756103516,9.583799362182617,583
Q8N587-2,28.826671600341797,23.870229721069336,486
Q8N594-2,23.941349029541016,22.667518615722656,471
Q8N5A5-4,25.902324676513672,23.93108558654785,531
Q8N5A5-3,28.965105056762695,23.93108558654785,531
Q8N5A5-2,29.002397537231445,23.93108558654785,531
Q8N5B7-2,11.995689392089844,11.012592315673828,392
Q8N5C7-2,15.291196823120117,12.830029487609863,304
Q8N5C7-3,15.405460357666016,12.830029487609863,304
Q8N5D6-3,15.005403518676758,10.470372200012207,347
Q8N5D6-2,14.642580032348633,10.470372200012207,347
Q8N5H3-1,21.26376724243164,23.8974552154541,189
Q8N5H3-4,27.109760284423828,23.8974552154541,189
Q8N5H3-2,25.927631378173828,23.8974552154541,189
Q8N5J2-2,25.49791145324707,20.976882934570312,469
Q8N5J2-4,29.788726806640625,20.976882934570312,469
Q8N5M4-2,11.029411315917969,5.791662216186523,171
Q8N5N4-2,28.18739891052246,24.039384841918945,141
Q8N5N7-2,14.353711128234863,15.759774208068848,158
Q8N5S1-2,18.686298370361328,13.573389053344727,370
Q8N5S3-2,29.757469177246094,26.918865203857422,287
Q8N5S9-2,20.202198028564453,18.594188690185547,505
Q8N5T2-2,8.604421615600586,6.507969379425049,526
Q8N5U1-2,23.696949005126953,20.26404571533203,240
Q8N5U1-3,17.903053283691406,20.26404571533203,240
Q8N5X7-2,16.805164337158203,14.804588317871094,224
Q8N5Y2-4,29.334583282470703,23.351917266845703,521
Q8N5Y2-6,29.457517623901367,23.351917266845703,521
Q8N5Y2-5,23.44805145263672,23.351917266845703,521
Q8N5Y2-2,26.864154815673828,23.351917266845703,521
Q8N5Y2-3,25.623497009277344,23.351917266845703,521
Q8N5Y8-2,10.228187561035156,10.681966781616211,322
Q8N5Z0-2,6.191038131713867,3.0681190490722656,425
Q8N5Z5-2,28.47507095336914,22.67902374267578,314
Q8N668-2,16.376712799072266,12.48578929901123,190
Q8N682-2,4.521732807159424,4.292546272277832,238
Q8N684-2,25.857624053955078,26.659563064575195,471
Q8N688-2,18.50383758544922,11.132323265075684,67
Q8N690-2,24.287500381469727,16.339569091796875,84
Q8N690-3,24.287500381469727,16.339569091796875,84
Q8N697-2,10.468681335449219,9.948517799377441,577
Q8N6C7-2,24.282344818115234,22.19140625,128
Q8N6C8-2,11.863353729248047,12.33984375,439
Q8N6D5-3,7.29624605178833,6.415768146514893,301
Q8N6F1-2,28.584354400634766,12.790657043457031,224
Q8N6F1-3,14.748281478881836,12.790657043457031,224
Q8N6F7-3,27.161758422851562,26.407018661499023,178
Q8N6G5-2,14.237730026245117,13.928007125854492,542
Q8N6H7-2,28.99039077758789,25.95672035217285,521
Q8N6H7-3,28.959144592285156,25.95672035217285,521
Q8N6I1-2,29.10820770263672,26.294815063476562,236
Q8N6I4-2,27.628101348876953,20.71425437927246,163
Q8N6K7-2,28.382511138916016,22.213550567626953,520
Q8N6M0-2,27.40585708618164,17.246944427490234,293
Q8N6M5-2,8.701277732849121,6.950046062469482,391
Q8N6N2-2,17.869028091430664,16.623676300048828,239
Q8N6N3-3,29.02324867248535,25.36209487915039,182
Q8N6N3-2,28.531646728515625,25.36209487915039,182
Q8N6Q1-2,28.382959365844727,22.782804489135742,288
Q8N6Q3-3,14.779138565063477,12.793102264404297,437
Q8N6Q3-2,15.830406188964844,12.793102264404297,437
Q8N6S4-2,11.502365112304688,15.405858039855957,541
Q8N6S4-3,23.732200622558594,15.405858039855957,541
Q8N6T0-5,28.249948501586914,19.079265594482422,511
Q8N6T0-4,28.249948501586914,19.079265594482422,511
Q8N6T3-3,29.27633285522461,24.9841365814209,406
Q8N6T3-2,28.63992691040039,24.9841365814209,406
Q8N6T3-5,29.184825897216797,24.9841365814209,406
Q8N6T3-4,29.091373443603516,24.9841365814209,406
Q8N6T7-2,7.1936540603637695,10.189597129821777,355
Q8N6U8-2,28.788928985595703,20.15833282470703,529
Q8N6U8-3,19.047096252441406,20.15833282470703,529
Q8N6U8-5,18.96356964111328,20.15833282470703,529
Q8N6U8-4,18.96356964111328,20.15833282470703,529
Q8N6V4-2,3.4571917057037354,3.247427463531494,93
Q8N6V4-3,3.1731863021850586,3.247427463531494,93
Q8N6V4-4,3.1731863021850586,3.247427463531494,93
Q8N6V9-2,28.46554946899414,23.049331665039062,391
Q8N6W0-2,28.831974029541016,25.024364471435547,485
Q8N6Y2-2,24.240646362304688,20.68431854248047,441
Q8N720-2,29.360389709472656,25.98006820678711,491
Q8N720-4,29.360389709472656,25.98006820678711,491
Q8N755-2,6.122720241546631,6.564969062805176,202
Q8N769-2,25.262968063354492,19.902713775634766,122
Q8N769-3,24.850204467773438,19.902713775634766,122
Q8N7B6-2,12.787498474121094,15.831783294677734,248
Q8N7B6-3,23.96533966064453,15.831783294677734,248
Q8N7B6-4,28.444822311401367,15.831783294677734,248
Q8N7C3-2,13.295568466186523,11.699993133544922,437
Q8N7C4-2,27.82089614868164,18.392135620117188,229
Q8N7H5-3,29.670024871826172,24.591861724853516,531
Q8N7H5-2,29.5042724609375,24.591861724853516,531
Q8N7N1-2,7.479580879211426,6.182938575744629,330
Q8N7P1-4,28.553422927856445,13.56156063079834,536
Q8N7P1-2,24.3367862701416,13.56156063079834,536
Q8N7P1-3,15.99482536315918,13.56156063079834,536
Q8N7R7-3,27.994388580322266,16.89635467529297,359
Q8N7R7-2,14.876314163208008,16.89635467529297,359
Q8N7S2-2,18.84575080871582,18.220739364624023,189
Q8N7U7-2,28.830772399902344,28.426258087158203,411
Q8N7U9-2,24.926860809326172,21.1112117767334,141
Q8N7W2-3,29.310218811035156,26.303525924682617,413
Q8N7X2-4,29.902568817138672,27.915863037109375,386
Q8N7X2-3,29.45858383178711,27.915863037109375,386
Q8N7X2-1,28.372726440429688,27.915863037109375,386
Q8N801-2,28.833641052246094,25.556549072265625,248
Q8N815-2,12.22799301147461,10.935463905334473,330
Q8N816-2,26.578521728515625,24.893455505371094,258
Q8N819-3,11.853394508361816,9.355792045593262,430
Q8N819-2,23.139860153198242,9.355792045593262,430
Q8N878-2,24.913227081298828,20.858224868774414,549
Q8N883-2,28.931514739990234,24.187532424926758,585
Q8N884-2,13.297398567199707,16.92298698425293,522
Q8N8C0-2,20.697467803955078,19.59792137145996,355
Q8N8E2-3,28.79848289489746,26.173290252685547,541
Q8N8E2-2,29.462421417236328,26.173290252685547,541
Q8N8F6-3,29.337730407714844,20.837982177734375,256
Q8N8F6-4,29.645061492919922,20.837982177734375,256
Q8N8F6-2,24.435230255126953,20.837982177734375,256
Q8N8F7-2,29.185527801513672,22.97581672668457,131
Q8N8G2-2,28.761253356933594,26.884235382080078,317
Q8N8M0-2,15.406476974487305,9.387504577636719,369
Q8N8N7-2,3.9001426696777344,3.5970730781555176,351
Q8N8Q1-5,7.365004062652588,6.707118511199951,229
Q8N8Q1-3,4.875178337097168,6.707118511199951,229
Q8N8Q1-4,9.178854942321777,6.707118511199951,229
Q8N8Q1-2,9.178854942321777,6.707118511199951,229
Q8N8Q3-2,6.259259223937988,7.837558269500732,282
Q8N8Q3-6,27.649940490722656,7.837558269500732,282
Q8N8Q3-7,27.649940490722656,7.837558269500732,282
Q8N8Q3-5,11.238138198852539,7.837558269500732,282
Q8N8Q3-3,7.7649030685424805,7.837558269500732,282
Q8N8Q3-4,24.21624755859375,7.837558269500732,282
Q8N8Q8-3,16.349828720092773,12.24070930480957,333
Q8N8Q8-4,16.24983787536621,12.24070930480957,333
Q8N8Q8-2,16.349828720092773,12.24070930480957,333
Q8N8Q9-2,12.585808753967285,12.508487701416016,360
Q8N8R3-3,9.654327392578125,10.168959617614746,303
Q8N8R3-2,9.48611068725586,10.168959617614746,303
Q8N8S7-3,29.231393814086914,26.458187103271484,591
Q8N8S7-2,28.732582092285156,26.458187103271484,591
Q8N8W4-2,19.039419174194336,21.64345359802246,532
Q8N8W4-3,21.381427764892578,21.64345359802246,532
Q8N945-2,7.23532772064209,6.953080654144287,189
Q8N945-3,13.293079376220703,6.953080654144287,189
Q8N954-2,22.428075790405273,17.77145004272461,285
Q8N983-4,27.95166778564453,15.652568817138672,215
Q8N983-3,27.95166778564453,15.652568817138672,215
Q8N983-2,28.28241539001465,15.652568817138672,215
Q8N983-6,28.031452178955078,15.652568817138672,215
Q8N983-7,27.992971420288086,15.652568817138672,215
Q8N987-2,27.782888412475586,21.79752540588379,351
Q8N999-3,5.97580623626709,5.167801380157471,325
Q8N999-2,7.088700294494629,5.167801380157471,325
Q8N9A8-3,10.169355392456055,9.315775871276855,125
Q8N9B4-2,25.46533203125,19.99683380126953,389
Q8N9F7-2,4.0,4.0094122886657715,314
Q8N9F7-3,3.844512939453125,4.0094122886657715,314
Q8N9I9-2,24.397850036621094,18.87140464782715,347
Q8N9K5-2,29.01340103149414,21.7759952545166,539
Q8N9L1-4,25.251346588134766,23.1562442779541,334
Q8N9L1-2,24.972366333007812,23.1562442779541,334
Q8N9M1-2,27.345407485961914,27.056489944458008,422
Q8N9M1-3,29.368427276611328,27.056489944458008,422
Q8N9N2-2,24.338775634765625,17.378887176513672,400
Q8N9N5-3,28.697708129882812,25.865570068359375,519
Q8N9N5-6,28.92374038696289,25.865570068359375,519
Q8N9N5-2,28.92374038696289,25.865570068359375,519
Q8N9N5-7,28.92374038696289,25.865570068359375,519
Q8N9N5-4,28.889028549194336,25.865570068359375,519
Q8N9N5-5,28.906097412109375,25.865570068359375,519
Q8N9S9-2,9.954087257385254,10.472153663635254,440
Q8N9U0-2,19.19989776611328,21.956668853759766,490
Q8N9V3-2,14.627830505371094,16.538063049316406,476
Q8N9V6-2,28.888202667236328,24.8809757232666,530
Q8N9W6-5,28.464731216430664,24.53394317626953,283
Q8N9W6-2,28.474403381347656,24.53394317626953,283
Q8N9W8-2,27.858068466186523,23.613265991210938,422
Q8N9Y4-2,29.82553482055664,27.337881088256836,354
Q8N9Z0-2,26.93381118774414,22.599159240722656,462
Q8N9Z2-2,27.169025421142578,24.740262985229492,235
Q8N9Z9-2,29.703227996826172,25.187047958374023,388
Q8N9Z9-3,29.644088745117188,25.187047958374023,388
Q8N9Z9-5,29.285362243652344,25.187047958374023,388
Q8N9Z9-4,28.163776397705078,25.187047958374023,388
Q8NA23-2,27.502731323242188,10.526835441589355,367
Q8NA29-2,20.928085327148438,11.152047157287598,543
Q8NA29-3,12.664434432983398,11.152047157287598,543
Q8NA47-2,27.487810134887695,24.460233688354492,563
Q8NA58-2,11.400318145751953,9.286941528320312,520
Q8NA61-2,29.250802993774414,26.88420295715332,448
Q8NA72-2,29.04494857788086,25.648027420043945,575
Q8NA72-3,29.052581787109375,25.648027420043945,575
Q8NAA5-2,18.172401428222656,16.54443359375,344
Q8NAU1-2,29.434587478637695,22.333372116088867,260
Q8NAU1-4,24.238147735595703,22.333372116088867,260
Q8NAU1-3,28.839767456054688,22.333372116088867,260
Q8NAV1-2,28.67972183227539,20.011547088623047,312
Q8NAV2-2,27.18662452697754,27.637672424316406,365
Q8NB15-1,27.80713653564453,21.12832260131836,252
Q8NB16-2,20.73721694946289,15.487295150756836,471
Q8NB59-3,29.201847076416016,24.85991668701172,555
Q8NB59-5,21.88086700439453,24.85991668701172,555
Q8NB59-2,25.560081481933594,24.85991668701172,555
Q8NB59-7,25.497386932373047,24.85991668701172,555
Q8NB59-4,29.383575439453125,24.85991668701172,555
Q8NBB4-2,28.794679641723633,25.87322235107422,408
Q8NBI6-2,13.641674041748047,12.702082633972168,393
Q8NBI6-3,11.80908203125,12.702082633972168,393
Q8NBJ7-2,10.424562454223633,7.439719200134277,301
Q8NBJ7-5,6.163430213928223,7.439719200134277,301
Q8NBJ7-3,6.913303852081299,7.439719200134277,301
Q8NBJ7-4,9.231548309326172,7.439719200134277,301
Q8NBK3-2,26.24002456665039,12.771683692932129,374
Q8NBK3-4,11.146820068359375,12.771683692932129,374
Q8NBK3-5,8.667231559753418,12.771683692932129,374
Q8NBK3-3,9.242776870727539,12.771683692932129,374
Q8NBL3-2,15.172479629516602,14.544966697692871,297
Q8NBM4-4,23.65906524658203,19.042421340942383,344
Q8NBM4-3,19.105831146240234,19.042421340942383,344
Q8NBM4-2,19.99093246459961,19.042421340942383,344
Q8NBM4-5,18.442035675048828,19.042421340942383,344
Q8NBM8-2,21.620975494384766,7.3568902015686035,494
Q8NBN3-3,19.44000816345215,17.41485595703125,555
Q8NBN3-2,19.665512084960938,17.41485595703125,555
Q8NBN7-2,8.068012237548828,7.020564079284668,331
Q8NBS9-2,24.99134063720703,20.84510040283203,432
Q8NBT0-2,28.261608123779297,15.029532432556152,407
Q8NBT0-3,13.695301055908203,15.029532432556152,407
Q8NBT2-2,17.35077667236328,16.306089401245117,197
Q8NBU5-2,14.281825065612793,12.878116607666016,361
Q8NBV8-1,26.92256736755371,20.339750289916992,387
Q8NBW4-4,28.091094970703125,14.413445472717285,561
Q8NBW4-3,13.938766479492188,14.413445472717285,561
Q8NBW4-2,12.540660858154297,14.413445472717285,561
Q8NBZ0-2,28.96083641052246,25.701038360595703,244
Q8NBZ7-3,14.46324634552002,11.8292236328125,420
Q8NC06-2,28.543075561523438,20.924482345581055,268
Q8NC06-3,26.56207275390625,20.924482345581055,268
Q8NC26-2,26.453962326049805,25.827430725097656,417
Q8NC51-2,28.146350860595703,28.10315704345703,408
Q8NC51-4,28.793970108032227,28.10315704345703,408
Q8NC51-3,28.566242218017578,28.10315704345703,408
Q8NC56-2,25.10541534423828,23.278160095214844,503
Q8NC67-3,19.12162208557129,21.07111167907715,525
Q8NC67-2,28.488786697387695,21.07111167907715,525
Q8NC96-2,24.16302490234375,22.439550399780273,275
Q8NCB2-3,28.90034294128418,19.32401466369629,501
Q8NCB2-2,13.952280044555664,19.32401466369629,501
Q8NCC3-2,6.288066864013672,6.490515232086182,412
Q8NCC5-2,8.291906356811523,10.033912658691406,494
Q8NCC5-3,9.838719367980957,10.033912658691406,494
Q8NCE0-4,27.27655029296875,17.160093307495117,465
Q8NCE0-2,12.12519645690918,17.160093307495117,465
Q8NCE0-3,14.547441482543945,17.160093307495117,465
Q8NCE0-5,17.88592529296875,17.160093307495117,465
Q8NCF0-2,26.753101348876953,20.64152717590332,446
Q8NCF5-2,28.038230895996094,25.818058013916016,419
Q8NCF5-3,27.535581588745117,25.818058013916016,419
Q8NCK3-2,29.004817962646484,21.72063636779785,441
Q8NCL8-3,24.496244430541992,16.635984420776367,245
Q8NCQ5-2,27.320533752441406,14.100984573364258,510
Q8NCQ7-3,28.50680160522461,27.491546630859375,364
Q8NCQ7-2,28.73206901550293,27.491546630859375,364
Q8NCR0-2,29.002918243408203,11.123379707336426,500
Q8NCR3-2,22.59563636779785,21.323949813842773,313
Q8NCR6-3,29.220306396484375,26.728527069091797,262
Q8NCR6-2,29.220306396484375,26.728527069091797,262
Q8NCR6-5,29.059200286865234,26.728527069091797,262
Q8NCR6-4,29.220306396484375,26.728527069091797,262
Q8NCR9-2,10.24203109741211,9.475252151489258,226
Q8NCT3-5,25.589611053466797,21.61631965637207,520
Q8NCT3-6,25.589611053466797,21.61631965637207,520
Q8NCT3-2,26.855106353759766,21.61631965637207,520
Q8NCT3-3,26.888042449951172,21.61631965637207,520
Q8NCT3-4,24.541988372802734,21.61631965637207,520
Q8NCU1-2,23.900724411010742,18.274097442626953,143
Q8NCV1-2,20.502910614013672,17.983041763305664,583
Q8NCW5-2,15.141826629638672,10.642867088317871,288
Q8ND56-3,29.467315673828125,27.575443267822266,463
Q8ND56-2,29.49398422241211,27.575443267822266,463
Q8ND76-3,27.91069793701172,15.047325134277344,341
Q8ND76-2,13.778291702270508,15.047325134277344,341
Q8ND83-3,29.768239974975586,28.228519439697266,568
Q8ND83-2,29.702829360961914,28.228519439697266,568
Q8ND83-4,30.07027244567871,28.228519439697266,568
Q8NDC4-2,4.97599983215332,3.2031338214874268,146
Q8NDD1-6,26.505136489868164,25.3590030670166,293
Q8NDD1-7,29.226503372192383,25.3590030670166,293
Q8NDF8-2,29.296409606933594,19.7093563079834,572
Q8NDF8-4,23.096092224121094,19.7093563079834,572
Q8NDF8-3,29.296409606933594,19.7093563079834,572
Q8NDF8-5,29.282806396484375,19.7093563079834,572
Q8NDH3-5,5.901227951049805,5.127814769744873,523
Q8NDH3-4,5.907861709594727,5.127814769744873,523
Q8NDH3-2,6.310819625854492,5.127814769744873,523
Q8NDH3-3,5.837943077087402,5.127814769744873,523
Q8NDH6-2,22.568159103393555,21.363298416137695,482
Q8NDN9-2,22.350793838500977,12.420681953430176,531
Q8NDV1-2,10.468204498291016,11.131416320800781,305
Q8NDW4-2,29.196269989013672,25.229835510253906,579
Q8NDX2-2,12.360279083251953,15.057646751403809,589
Q8NDX9-2,15.511768341064453,13.631815910339355,201
Q8NDY3-2,5.465948104858398,4.2286858558654785,354
Q8NDY8-2,27.232376098632812,25.436826705932617,209
Q8NDZ4-2,9.582709312438965,8.47793960571289,430
Q8NDZ6-3,21.025720596313477,10.762396812438965,487
Q8NDZ6-2,11.312623023986816,10.762396812438965,487
Q8NE00-2,11.490785598754883,10.993366241455078,496
Q8NE22-2,7.734099864959717,8.576257705688477,299
Q8NE31-5,29.11129379272461,27.400615692138672,585
Q8NE31-4,29.538148880004883,27.400615692138672,585
Q8NE31-3,28.32906723022461,27.400615692138672,585
Q8NE31-2,29.122692108154297,27.400615692138672,585
Q8NEA4-3,9.963735580444336,10.275747299194336,188
Q8NEB5-3,6.737668037414551,6.4460225105285645,264
Q8NEB5-2,10.532907485961914,6.4460225105285645,264
Q8NEB5-4,7.35720157623291,6.4460225105285645,264
Q8NEJ9-2,28.259998321533203,22.349468231201172,315
Q8NEM1-2,28.415386199951172,23.542118072509766,530
Q8NEP7-2,5.175182342529297,5.196558475494385,349
Q8NEP7-3,5.592397689819336,5.196558475494385,349
Q8NER5-3,25.014724731445312,17.370389938354492,493
Q8NER5-2,19.474872589111328,17.370389938354492,493
Q8NER5-4,27.675418853759766,17.370389938354492,493
Q8NES3-2,18.94719696044922,13.528547286987305,379
Q8NES3-3,11.88913345336914,13.528547286987305,379
Q8NES3-4,18.94719696044922,13.528547286987305,379
Q8NET6-2,10.070843696594238,9.741745948791504,341
Q8NEY4-2,24.611034393310547,11.568582534790039,427
Q8NEY8-7,29.6750545501709,27.674638748168945,458
Q8NEY8-6,29.6750545501709,27.674638748168945,458
Q8NEY8-9,29.840187072753906,27.674638748168945,458
Q8NEY8-8,29.26376724243164,27.674638748168945,458
Q8NEY8-2,29.6750545501709,27.674638748168945,458
Q8NEY8-3,29.45187759399414,27.674638748168945,458
Q8NEY8-5,29.6750545501709,27.674638748168945,458
Q8NEZ2-3,27.841907501220703,21.697860717773438,397
Q8NEZ2-2,21.514617919921875,21.697860717773438,397
Q8NEZ5-3,8.750587463378906,8.736393928527832,403
Q8NEZ5-2,16.699092864990234,8.736393928527832,403
Q8NF99-3,29.398303985595703,23.34853172302246,534
Q8NF99-2,29.17141342163086,23.34853172302246,534
Q8NFA2-2,18.597332000732422,22.249263763427734,376
Q8NFA2-4,21.923728942871094,22.249263763427734,376
Q8NFA2-3,23.777896881103516,22.249263763427734,376
Q8NFF5-2,27.062896728515625,13.397232055664062,587
Q8NFF5-3,28.405288696289062,13.397232055664062,587
Q8NFF5-4,28.405288696289062,13.397232055664062,587
Q8NFF5-5,28.405288696289062,13.397232055664062,587
Q8NFG4-2,25.694398880004883,19.622976303100586,579
Q8NFG4-3,23.1971492767334,19.622976303100586,579
Q8NFH3-2,7.728935241699219,8.592548370361328,380
Q8NFH5-3,29.909889221191406,25.95053482055664,326
Q8NFH5-2,29.862459182739258,25.95053482055664,326
Q8NFJ9-2,26.494983673095703,13.24405288696289,593
Q8NFJ9-3,15.272191047668457,13.24405288696289,593
Q8NFQ6-2,13.655340194702148,11.908892631530762,507
Q8NFR7-2,28.237287521362305,21.951045989990234,591
Q8NFR7-3,24.230619430541992,21.951045989990234,591
Q8NFR7-4,28.237287521362305,21.951045989990234,591
Q8NFT2-2,17.099637985229492,10.130311965942383,490
Q8NFT2-3,12.62939453125,10.130311965942383,490
Q8NFU3-2,3.3363547325134277,3.3431379795074463,115
Q8NFU3-3,4.1246843338012695,3.3431379795074463,115
Q8NFV4-4,6.637601852416992,8.582660675048828,306
Q8NFV4-6,7.517755031585693,8.582660675048828,306
Q8NFV4-3,14.000236511230469,8.582660675048828,306
Q8NFV4-5,25.17500877380371,8.582660675048828,306
Q8NFV4-2,14.125713348388672,8.582660675048828,306
Q8NFW5-2,26.129974365234375,26.251789093017578,382
Q8NFW8-2,15.165132522583008,11.78246021270752,434
Q8NFX7-2,23.619985580444336,13.838525772094727,210
Q8NFX7-3,23.966094970703125,13.838525772094727,210
Q8NFZ5-2,27.980003356933594,24.4212646484375,429
Q8NG04-2,25.53338050842285,15.507608413696289,563
Q8NG11-2,6.918623447418213,7.961714744567871,270
Q8NG11-3,8.437143325805664,7.961714744567871,270
Q8NG50-3,15.322859764099121,13.562834739685059,284
Q8NG50-8,15.322859764099121,13.562834739685059,284
Q8NG50-12,21.693294525146484,13.562834739685059,284
Q8NG50-4,15.473499298095703,13.562834739685059,284
Q8NG50-9,15.473499298095703,13.562834739685059,284
Q8NG50-10,14.775985717773438,13.562834739685059,284
Q8NG50-2,11.563304901123047,13.562834739685059,284
Q8NG50-5,10.302003860473633,13.562834739685059,284
Q8NG50-6,21.555376052856445,13.562834739685059,284
Q8NG50-11,25.86541175842285,13.562834739685059,284
Q8NG50-7,11.704488754272461,13.562834739685059,284
Q8NHE4-3,6.212355613708496,4.356500625610352,81
Q8NHE4-2,5.33258056640625,4.356500625610352,81
Q8NHH9-3,19.10344696044922,16.662425994873047,583
Q8NHH9-5,29.405359268188477,16.662425994873047,583
Q8NHH9-4,28.99828338623047,16.662425994873047,583
Q8NHH9-2,25.91120147705078,16.662425994873047,583
Q8NHJ6-3,27.230424880981445,23.559152603149414,448
Q8NHJ6-2,28.135345458984375,23.559152603149414,448
Q8NHP1-3,3.859759569168091,3.460766077041626,331
Q8NHP6-2,19.24777603149414,20.645442962646484,518
Q8NHP7-3,25.18292999267578,21.498600006103516,514
Q8NHP7-2,22.759353637695312,21.498600006103516,514
Q8NHQ8-2,28.916820526123047,23.689550399780273,419
Q8NHS3-2,28.01160430908203,9.9645357131958,518
Q8NHS4-2,28.021251678466797,21.795894622802734,586
Q8NHS9-2,29.218204498291016,24.976041793823242,363
Q8NHS9-3,25.550891876220703,24.976041793823242,363
Q8NHV5-3,7.153787612915039,7.068629264831543,167
Q8NHW4-2,9.025287628173828,11.611886024475098,92
Q8NHW4-5,11.915457725524902,11.611886024475098,92
Q8NHW4-7,21.76544189453125,11.611886024475098,92
Q8NHW4-8,21.76544189453125,11.611886024475098,92
Q8NHW4-6,11.915457725524902,11.611886024475098,92
Q8NHW4-10,11.915457725524902,11.611886024475098,92
Q8NHW4-9,22.328357696533203,11.611886024475098,92
Q8NHW4-3,11.915457725524902,11.611886024475098,92
Q8NHW4-4,11.915457725524902,11.611886024475098,92
Q8NI22-2,24.53580093383789,17.36446762084961,146
Q8NI22-3,24.98727035522461,17.36446762084961,146
Q8TA94-2,26.992841720581055,21.892534255981445,476
Q8TAA5-2,23.7921199798584,16.36568832397461,225
Q8TAA9-2,23.29549789428711,18.244348526000977,524
Q8TAC2-2,7.966487407684326,7.046316146850586,188
Q8TAC9-3,15.015575408935547,14.177600860595703,235
Q8TAE7-2,20.61614990234375,15.957942008972168,436
Q8TAF7-2,28.926162719726562,23.619489669799805,563
Q8TAG5-2,27.818397521972656,20.18062400817871,236
Q8TAG6-2,29.871963500976562,26.964550018310547,207
Q8TAI7-2,5.097803115844727,4.846188068389893,183
Q8TAM2-2,9.721614837646484,8.970633506774902,541
Q8TAM2-4,20.155227661132812,8.970633506774902,541
Q8TAM2-3,14.56076717376709,8.970633506774902,541
Q8TAM2-6,10.214632034301758,8.970633506774902,541
Q8TAP4-2,8.269399642944336,9.3969087600708,145
Q8TAQ9-2,18.612947463989258,20.305831909179688,357
Q8TAQ9-3,29.2726993560791,20.305831909179688,357
Q8TAS1-3,8.946100234985352,6.769732475280762,419
Q8TAS1-2,7.732836723327637,6.769732475280762,419
Q8TAU3-2,29.244789123535156,24.004491806030273,575
Q8TAV0-2,28.095012664794922,20.98238754272461,307
Q8TAV0-5,23.750301361083984,20.98238754272461,307
Q8TAV0-4,24.294872283935547,20.98238754272461,307
Q8TAV0-3,18.754901885986328,20.98238754272461,307
Q8TAV4-2,23.68550682067871,13.618875503540039,291
Q8TAX9-5,16.146305084228516,14.09687614440918,416
Q8TAX9-6,23.55337142944336,14.09687614440918,416
Q8TAX9-2,19.779014587402344,14.09687614440918,416
Q8TAX9-3,17.002132415771484,14.09687614440918,416
Q8TAZ6-2,18.206771850585938,20.363780975341797,248
Q8TB03-2,8.402521133422852,8.330028533935547,319
Q8TB03-3,8.39013671875,8.330028533935547,319
Q8TB05-2,28.479415893554688,24.534521102905273,177
Q8TB36-2,13.430679321289062,11.483973503112793,358
Q8TB37-2,11.811738967895508,11.084688186645508,319
Q8TB40-2,8.444461822509766,7.920915603637695,342
Q8TB45-2,18.184871673583984,18.584638595581055,409
Q8TB61-5,15.377260208129883,12.31192684173584,432
Q8TB61-3,19.810651779174805,12.31192684173584,432
Q8TB61-4,16.29568862915039,12.31192684173584,432
Q8TB61-2,9.107780456542969,12.31192684173584,432
Q8TB92-2,24.095439910888672,10.777917861938477,370
Q8TB92-5,11.460800170898438,10.777917861938477,370
Q8TB92-4,28.311336517333984,10.777917861938477,370
Q8TBB0-2,27.707012176513672,21.45154571533203,222
Q8TBB0-3,28.181880950927734,21.45154571533203,222
Q8TBC4-2,25.81403160095215,7.611683368682861,463
Q8TBC5-2,28.37622833251953,26.92933464050293,510
Q8TBC5-4,29.63572120666504,26.92933464050293,510
Q8TBF2-2,9.434990882873535,6.0548415184021,198
Q8TBF2-4,5.010288238525391,6.0548415184021,198
Q8TBF2-7,6.751646041870117,6.0548415184021,198
Q8TBF2-6,4.997546195983887,6.0548415184021,198
Q8TBG4-2,5.712643623352051,8.434680938720703,499
Q8TBG4-3,7.1725311279296875,8.434680938720703,499
Q8TBG9-2,17.554540634155273,17.100961685180664,265
Q8TBH0-2,14.55276870727539,15.62276840209961,407
Q8TBJ5-2,25.651229858398438,24.127107620239258,459
Q8TBK2-2,22.312408447265625,7.851870059967041,473
Q8TBK6-2,28.234893798828125,25.16422462463379,192
Q8TBM8-2,28.274147033691406,23.151355743408203,379
Q8TBN0-2,27.503677368164062,21.820133209228516,382
Q8TBR7-1,4.719791412353516,5.5090460777282715,257
Q8TBX8-3,13.547904968261719,13.157841682434082,421
Q8TBX8-2,10.312723159790039,13.157841682434082,421
Q8TBY0-2,28.62425994873047,21.01378059387207,533
Q8TBY0-3,28.708431243896484,21.01378059387207,533
Q8TBZ3-8,13.73210620880127,15.105284690856934,569
Q8TBZ3-3,13.771224975585938,15.105284690856934,569
Q8TBZ3-2,19.582801818847656,15.105284690856934,569
Q8TBZ3-6,13.643165588378906,15.105284690856934,569
Q8TBZ3-5,11.610300064086914,15.105284690856934,569
Q8TBZ3-4,13.70097541809082,15.105284690856934,569
Q8TC12-2,4.616393566131592,6.790741920471191,318
Q8TC17-2,12.381159782409668,11.344799995422363,118
Q8TC21-2,27.865421295166016,22.250444412231445,504
Q8TC21-3,28.634193420410156,22.250444412231445,504
Q8TC26-3,16.36283302307129,17.345230102539062,289
Q8TC26-2,29.01215362548828,17.345230102539062,289
Q8TC41-2,29.02033233642578,24.475881576538086,542
Q8TC44-2,14.677752494812012,17.706254959106445,478
Q8TC71-2,26.793880462646484,23.74456214904785,538
Q8TC84-2,15.501102447509766,10.251173973083496,345
Q8TCA0-3,3.9242467880249023,4.455665111541748,184
Q8TCA0-2,4.235447883605957,4.455665111541748,184
Q8TCB0-2,21.749435424804688,10.180174827575684,444
Q8TCB7-2,6.50720739364624,5.993738651275635,284
Q8TCC3-3,13.60603141784668,12.988426208496094,161
Q8TCC7-5,11.186380386352539,9.22928237915039,542
Q8TCC7-4,11.674471855163574,9.22928237915039,542
Q8TCC7-3,16.560073852539062,9.22928237915039,542
Q8TCD5-2,3.378739356994629,3.193188190460205,201
Q8TCE6-2,12.687542915344238,6.412376880645752,357
Q8TCE9-2,4.101716041564941,2.6835567951202393,139
Q8TCF1-2,28.139171600341797,20.148822784423828,268
Q8TCF1-4,20.35735321044922,20.148822784423828,268
Q8TCF1-3,16.010398864746094,20.148822784423828,268
Q8TCI5-3,26.169639587402344,23.950166702270508,191
Q8TCI5-2,28.461551666259766,23.950166702270508,191
Q8TCJ0-3,13.606182098388672,14.958244323730469,367
Q8TCJ0-2,15.881284713745117,14.958244323730469,367
Q8TCQ1-2,28.229454040527344,22.047760009765625,289
Q8TCT1-2,24.851778030395508,6.446646690368652,267
Q8TCT1-3,24.851778030395508,6.446646690368652,267
Q8TCT6-3,12.685220718383789,11.919270515441895,384
Q8TCT7-4,29.118412017822266,16.529621124267578,592
Q8TCT7-2,17.826345443725586,16.529621124267578,592
Q8TCT9-4,24.28664779663086,12.691681861877441,377
Q8TCT9-5,9.228607177734375,12.691681861877441,377
Q8TCU3-2,6.556445598602295,6.342458248138428,470
Q8TCV5-2,28.486557006835938,22.206134796142578,224
Q8TCX1-3,22.310955047607422,11.176094055175781,351
Q8TCX1-5,12.56375503540039,11.176094055175781,351
Q8TCX1-4,11.83856201171875,11.176094055175781,351
Q8TCY5-2,28.183469772338867,24.834707260131836,172
Q8TCY5-3,27.670242309570312,24.834707260131836,172
Q8TCZ2-3,29.468326568603516,26.76915740966797,262
Q8TCZ2-2,29.186405181884766,26.76915740966797,262
Q8TCZ2-6,29.358158111572266,26.76915740966797,262
Q8TCZ2-5,28.909461975097656,26.76915740966797,262
Q8TCZ2-4,28.74758529663086,26.76915740966797,262
Q8TD07-4,23.000518798828125,13.870881080627441,263
Q8TD07-3,23.000518798828125,13.870881080627441,263
Q8TD07-2,11.01119613647461,13.870881080627441,263
Q8TD07-5,12.21175765991211,13.870881080627441,263
Q8TD08-2,20.42508888244629,18.739561080932617,544
Q8TD08-3,15.9525146484375,18.739561080932617,544
Q8TD10-2,27.760852813720703,23.909671783447266,442
Q8TD10-3,27.63863182067871,23.909671783447266,442
Q8TD30-2,15.013298034667969,7.406125068664551,523
Q8TD35-2,25.983308792114258,22.85003662109375,194
Q8TD46-3,27.336856842041016,19.26650619506836,348
Q8TD46-2,20.773944854736328,19.26650619506836,348
Q8TD55-2,25.950159072875977,26.883773803710938,490
Q8TDB8-2,23.64931869506836,9.450173377990723,520
Q8TDB8-4,11.583518981933594,9.450173377990723,520
Q8TDB8-5,23.64931869506836,9.450173377990723,520
Q8TDB8-3,11.171456336975098,9.450173377990723,520
Q8TDC0-3,28.860000610351562,26.13009262084961,251
Q8TDC0-2,27.883880615234375,26.13009262084961,251
Q8TDD5-2,10.249443054199219,11.976619720458984,553
Q8TDF5-1,29.475563049316406,21.04020881652832,533
Q8TDF5-2,29.614927291870117,21.04020881652832,533
Q8TDH9-3,24.073806762695312,17.226171493530273,187
Q8TDH9-2,21.671295166015625,17.226171493530273,187
Q8TDL5-2,25.89004135131836,9.975693702697754,484
Q8TDM0-2,25.89206314086914,22.42072296142578,211
Q8TDM0-3,28.067867279052734,22.42072296142578,211
Q8TDN1-2,20.770999908447266,17.772647857666016,519
Q8TDQ0-2,25.77631378173828,22.109777450561523,301
Q8TDQ1-3,25.427335739135742,22.31285285949707,290
Q8TDQ1-4,25.427335739135742,22.31285285949707,290
Q8TDQ1-2,25.427335739135742,22.31285285949707,290
Q8TDQ1-5,27.711124420166016,22.31285285949707,290
Q8TDQ1-6,24.416133880615234,22.31285285949707,290
Q8TDQ7-3,4.938255310058594,2.5982067584991455,276
Q8TDQ7-4,2.471914052963257,2.5982067584991455,276
Q8TDQ7-2,2.665454387664795,2.5982067584991455,276
Q8TDQ7-5,2.305663585662842,2.5982067584991455,276
Q8TDW4-4,22.93669891357422,17.164445877075195,575
Q8TDW4-5,27.961902618408203,17.164445877075195,575
Q8TDW4-7,27.961902618408203,17.164445877075195,575
Q8TDW4-6,27.98166847229004,17.164445877075195,575
Q8TDW4-8,29.223867416381836,17.164445877075195,575
Q8TDW4-3,25.017658233642578,17.164445877075195,575
Q8TDW4-2,14.92733097076416,17.164445877075195,575
Q8TDX5-2,3.404935598373413,2.79815936088562,336
Q8TDX6-2,15.296897888183594,13.716897010803223,532
Q8TDX6-3,15.222114562988281,13.716897010803223,532
Q8TDX7-2,11.557716369628906,7.803901195526123,302
Q8TE02-2,28.16819953918457,16.672988891601562,300
Q8TE02-3,18.842191696166992,16.672988891601562,300
Q8TE04-2,28.067472457885742,18.957754135131836,598
Q8TE04-4,28.067472457885742,18.957754135131836,598
Q8TE04-3,15.623939514160156,18.957754135131836,598
Q8TE12-2,28.614730834960938,24.364004135131836,382
Q8TE67-2,29.118026733398438,24.964916229248047,593
Q8TE69-2,6.771081447601318,2.9337847232818604,158
Q8TE99-2,28.690994262695312,8.757491111755371,480
Q8TEB1-3,18.150495529174805,12.784942626953125,546
Q8TEB1-2,24.522411346435547,12.784942626953125,546
Q8TEB7-2,22.299137115478516,20.366357803344727,428
Q8TEB9-2,27.14781951904297,16.456134796142578,315
Q8TED0-2,14.384675979614258,13.439349174499512,518
Q8TED0-3,11.749762535095215,13.439349174499512,518
Q8TED4-2,22.855632781982422,9.8064546585083,501
Q8TED4-4,9.568751335144043,9.8064546585083,501
Q8TED4-3,9.619168281555176,9.8064546585083,501
Q8TEY5-2,28.978267669677734,26.040864944458008,395
Q8TF68-3,28.01363754272461,26.220291137695312,577
Q8TF68-2,25.24985694885254,26.220291137695312,577
Q8TF74-2,29.393712997436523,27.973569869995117,440
Q8WTP8-2,28.82328224182129,19.891427993774414,325
Q8WTR2-2,11.962733268737793,13.646775245666504,217
Q8WTT0-2,19.252126693725586,10.505212783813477,213
Q8WTU2-2,26.974916458129883,22.4842529296875,575
Q8WTV0-2,27.23571014404297,12.119630813598633,552
Q8WTV0-4,23.94373893737793,12.119630813598633,552
Q8WTV0-5,27.23571014404297,12.119630813598633,552
Q8WTV0-3,13.587839126586914,12.119630813598633,552
Q8WTV1-3,23.640756607055664,22.870887756347656,239
Q8WTV1-4,27.967201232910156,22.870887756347656,239
Q8WTW4-2,23.077835083007812,17.760297775268555,380
Q8WU08-3,15.797070503234863,9.418279647827148,396
Q8WU08-2,9.1661376953125,9.418279647827148,396
Q8WU10-2,7.576529502868652,7.168280124664307,500
Q8WU39-5,16.606843948364258,12.04353141784668,189
Q8WU39-4,16.606843948364258,12.04353141784668,189
Q8WU39-3,12.635225296020508,12.04353141784668,189
Q8WU39-2,16.606843948364258,12.04353141784668,189
Q8WU67-2,16.672779083251953,6.4613494873046875,409
Q8WU68-3,12.886669158935547,12.393470764160156,220
Q8WU68-2,12.715005874633789,12.393470764160156,220
Q8WU79-2,23.078834533691406,25.94350242614746,429
Q8WU79-3,25.316457748413086,25.94350242614746,429
Q8WU90-2,29.14588165283203,24.335311889648438,426
Q8WUA7-4,28.331892013549805,17.76744270324707,517
Q8WUA7-2,25.100261688232422,17.76744270324707,517
Q8WUA7-3,29.270347595214844,17.76744270324707,517
Q8WUB8-3,29.218639373779297,24.92329978942871,498
Q8WUB8-2,23.010080337524414,24.92329978942871,498
Q8WUD1-2,9.547422409057617,9.723572731018066,216
Q8WUD6-2,6.832638740539551,6.521827697753906,406
Q8WUE5-2,28.489482879638672,18.66629409790039,264
Q8WUF8-3,25.940746307373047,12.94849681854248,416
Q8WUF8-4,13.67493724822998,12.94849681854248,416
Q8WUF8-2,13.185647964477539,12.94849681854248,416
Q8WUG5-2,20.79903793334961,16.127397537231445,649
Q8WUG5-3,17.842151641845703,16.127397537231445,649
Q8WUH1-2,3.351351261138916,5.162069320678711,112
Q8WUH1-3,5.8004469871521,5.162069320678711,112
Q8WUJ1-3,12.297168731689453,10.108055114746094,264
Q8WUK0-2,6.635777473449707,7.200366497039795,201
Q8WUK0-3,9.211116790771484,7.200366497039795,201
Q8WUP2-3,28.998300552368164,22.78106689453125,373
Q8WUP2-2,23.302520751953125,22.78106689453125,373
Q8WUR7-3,14.099550247192383,16.008329391479492,153
Q8WUR7-2,14.099550247192383,16.008329391479492,153
Q8WUT9-2,7.6745076179504395,7.784031867980957,341
Q8WUU8-2,29.340274810791016,26.027706146240234,243
Q8WUX1-2,22.488449096679688,10.66147518157959,472
Q8WUX9-2,16.45769500732422,15.236933708190918,453
Q8WUY9-2,26.868980407714844,22.37150001525879,529
Q8WUZ0-2,29.924266815185547,25.508909225463867,217
Q8WV16-4,24.244152069091797,14.281143188476562,495
Q8WV16-2,11.513087272644043,14.281143188476562,495
Q8WV16-5,12.764303207397461,14.281143188476562,495
Q8WV16-3,14.45449447631836,14.281143188476562,495
Q8WV28-2,29.384727478027344,26.606369018554688,456
Q8WV28-3,24.615859985351562,26.606369018554688,456
Q8WV37-3,28.227827072143555,22.77667236328125,535
Q8WV37-2,28.12942886352539,22.77667236328125,535
Q8WV48-3,28.69985580444336,26.121177673339844,283
Q8WV48-2,28.69985580444336,26.121177673339844,283
Q8WV48-5,29.136356353759766,26.121177673339844,283
Q8WV48-4,29.345645904541016,26.121177673339844,283
Q8WV60-2,13.87455940246582,12.476604461669922,388
Q8WV60-3,11.648332595825195,12.476604461669922,388
Q8WV74-2,11.808897018432617,9.562338829040527,236
Q8WV83-2,29.042144775390625,17.44719886779785,523
Q8WV99-2,28.56067657470703,22.495920181274414,257
Q8WVB3-2,8.223421096801758,5.820683002471924,486
Q8WVC6-2,6.347089767456055,5.521691799163818,231
Q8WVD3-2,23.82918930053711,20.283798217773438,245
Q8WVE7-2,20.317283630371094,19.947290420532227,144
Q8WVF1-4,12.537200927734375,14.1677827835083,389
Q8WVF1-3,12.89168930053711,14.1677827835083,389
Q8WVF1-2,23.455310821533203,14.1677827835083,389
Q8WVK7-2,22.004165649414062,14.035789489746094,121
Q8WVN8-4,22.212772369384766,18.169174194335938,375
Q8WVN8-2,19.053497314453125,18.169174194335938,375
Q8WVN8-3,23.184162139892578,18.169174194335938,375
Q8WVP7-3,21.96012306213379,13.535659790039062,490
Q8WVP7-2,14.715490341186523,13.535659790039062,490
Q8WVQ1-3,24.230701446533203,11.86369514465332,401
Q8WVQ1-2,12.601322174072266,11.86369514465332,401
Q8WVR3-2,25.36276626586914,19.782413482666016,580
Q8WVR3-3,24.53500747680664,19.782413482666016,580
Q8WVV4-1,27.934524536132812,25.140899658203125,589
Q8WVV4-3,27.669647216796875,25.140899658203125,589
Q8WVV5-2,27.57095718383789,20.580904006958008,523
Q8WVV5-3,24.7431697845459,20.580904006958008,523
Q8WVV5-5,27.875558853149414,20.580904006958008,523
Q8WVV5-4,23.45462989807129,20.580904006958008,523
Q8WVV9-4,29.311214447021484,22.86846160888672,542
Q8WVV9-5,24.404733657836914,22.86846160888672,542
Q8WVV9-3,29.188539505004883,22.86846160888672,542
Q8WVV9-2,28.811416625976562,22.86846160888672,542
Q8WVZ1-2,20.008596420288086,13.839277267456055,309
Q8WVZ1-3,25.444862365722656,13.839277267456055,309
Q8WW01-2,15.433823585510254,14.881057739257812,171
Q8WW12-3,28.17538833618164,25.750789642333984,178
Q8WW12-2,28.375564575195312,25.750789642333984,178
Q8WW14-2,27.64866065979004,22.95182228088379,234
Q8WW14-3,26.451740264892578,22.95182228088379,234
Q8WW22-3,25.184207916259766,18.084735870361328,397
Q8WW34-2,29.363372802734375,22.604997634887695,195
Q8WW43-2,5.848972320556641,6.512407302856445,257
Q8WW52-2,9.247528076171875,8.675318717956543,585
Q8WWA1-3,29.6827335357666,26.357568740844727,233
Q8WWA1-2,29.211576461791992,26.357568740844727,233
Q8WWB3-2,27.42096519470215,17.602924346923828,177
Q8WWB5-3,22.620891571044922,18.586091995239258,315
Q8WWB5-2,22.620891571044922,18.586091995239258,315
Q8WWB7-2,14.25787353515625,9.796154975891113,406
Q8WWH4-2,26.686695098876953,22.23456573486328,475
Q8WWR9-2,26.574684143066406,22.24688148498535,84
Q8WWR9-3,26.913461685180664,22.24688148498535,84
Q8WWU5-3,26.601299285888672,15.527692794799805,503
Q8WWU5-2,25.08383560180664,15.527692794799805,503
Q8WWU5-6,29.004390716552734,15.527692794799805,503
Q8WWU5-4,29.422683715820312,15.527692794799805,503
Q8WWU5-5,28.87858009338379,15.527692794799805,503
Q8WWU7-2,20.459877014160156,7.615715980529785,325
Q8WWV3-2,12.349560737609863,7.244828224182129,396
Q8WWV3-3,7.689492225646973,7.244828224182129,396
Q8WWV6-2,28.917327880859375,26.916486740112305,532
Q8WWV6-4,29.158756256103516,26.916486740112305,532
Q8WWW0-2,28.47285270690918,23.66055679321289,418
Q8WWW0-3,24.26150131225586,23.66055679321289,418
Q8WWW8-3,29.23529815673828,27.703523635864258,586
Q8WWX0-2,26.756338119506836,11.967323303222656,329
Q8WWY3-3,26.947792053222656,16.043867111206055,499
Q8WWY3-2,20.602436065673828,16.043867111206055,499
Q8WWY3-4,24.509920120239258,16.043867111206055,499
Q8WWZ1-2,4.222873687744141,4.288175106048584,152
Q8WWZ8-2,22.946392059326172,17.926544189453125,545
Q8WXA2-2,22.046052932739258,15.185311317443848,126
Q8WXB1-2,6.389093399047852,5.410403251647949,218
Q8WXC6-1,24.91964340209961,20.532163619995117,57
Q8WXD2-2,30.063322067260742,27.077129364013672,468
Q8WXF1-2,29.6180362701416,21.978206634521484,523
Q8WXF5-2,17.206920623779297,14.041269302368164,182
Q8WXF7-2,24.612476348876953,14.81734561920166,558
Q8WXF8-2,27.261680603027344,22.125635147094727,326
Q8WXH4-3,27.113122940063477,12.122429847717285,323
Q8WXI3-3,20.043224334716797,14.45580005645752,467
Q8WXI3-2,15.132898330688477,14.45580005645752,467
Q8WXK3-2,7.163174629211426,6.358340740203857,278
Q8WXQ8-2,5.2913618087768555,6.49882698059082,436
Q8WXQ8-3,5.2913618087768555,6.49882698059082,436
Q8WXS3-6,29.452787399291992,26.25664710998535,145
Q8WXS3-4,29.441654205322266,26.25664710998535,145
Q8WXS3-5,29.452787399291992,26.25664710998535,145
Q8WXS3-3,29.441654205322266,26.25664710998535,145
Q8WXU2-3,22.152244567871094,20.0491886138916,420
Q8WXU2-2,22.179990768432617,20.0491886138916,420
Q8WY64-2,20.4266357421875,15.277959823608398,445
Q8WY91-2,28.507413864135742,25.615028381347656,577
Q8WY98-3,25.147510528564453,19.690250396728516,164
Q8WY98-2,23.616413116455078,19.690250396728516,164
Q8WY98-4,23.32461166381836,19.690250396728516,164
Q8WYA6-3,13.13780403137207,10.806646347045898,563
Q8WYA6-2,15.342906951904297,10.806646347045898,563
Q8WYA6-4,27.502384185791016,10.806646347045898,563
Q8WYH8-2,23.8927001953125,20.186424255371094,240
Q8WYJ6-2,16.4029598236084,15.807340621948242,372
Q8WYK0-2,13.036721229553223,11.374914169311523,555
Q8WYN0-3,12.14661979675293,10.714508056640625,398
Q8WYN0-5,7.383689880371094,10.714508056640625,398
Q8WYN0-2,9.363839149475098,10.714508056640625,398
Q8WYN3-2,29.236623764038086,24.727880477905273,585
Q8WYQ4-2,16.622983932495117,13.150566101074219,148
Q8WYR4-2,15.14920425415039,18.10426139831543,309
Q8WZ04-2,11.851593017578125,8.96261215209961,291
Q8WZ71-2,28.42332649230957,24.9246768951416,300
Q8WZ73-3,27.108470916748047,24.090930938720703,363
Q8WZ73-2,24.778345108032227,24.090930938720703,363
Q8WZ79-2,7.246794700622559,7.046692371368408,361
Q92185-2,12.736770629882812,9.51481819152832,356
Q92187-2,12.219396591186523,10.624855041503906,359
Q92466-5,10.803678512573242,10.584043502807617,427
Q92466-4,8.859546661376953,10.584043502807617,427
Q92466-3,13.8309326171875,10.584043502807617,427
Q92466-2,11.102195739746094,10.584043502807617,427
Q92482-2,7.237995147705078,6.49343204498291,292
Q92484-2,9.08146858215332,6.229210376739502,453
Q92485-2,8.544614791870117,6.574703693389893,455
Q92496-3,23.507606506347656,19.858184814453125,578
Q92496-2,24.639514923095703,19.858184814453125,578
Q92526-3,7.413600921630859,7.049768447875977,530
Q92526-2,6.026918411254883,7.049768447875977,530
Q92529-2,28.993507385253906,25.700902938842773,594
Q92551-2,17.80929946899414,15.535347938537598,441
Q92563-2,28.2943115234375,24.693540573120117,424
Q92564-3,26.62697982788086,15.549540519714355,292
Q92564-2,11.900611877441406,15.549540519714355,292
Q92565-2,13.23713207244873,13.692755699157715,580
Q92567-3,29.753385543823242,27.404830932617188,244
Q92567-2,27.73617172241211,27.404830932617188,244
Q92569-3,26.121726989746094,20.244728088378906,461
Q92569-2,18.840755462646484,20.244728088378906,461
Q92597-2,17.392946243286133,14.757691383361816,394
Q92597-3,16.12337875366211,14.757691383361816,394
Q92599-3,29.152488708496094,17.980419158935547,483
Q92599-2,28.415565490722656,17.980419158935547,483
Q92599-4,28.418670654296875,17.980419158935547,483
Q92600-3,9.632898330688477,6.5248823165893555,299
Q92629-3,28.21701431274414,17.09910011291504,289
Q92633-2,28.424999237060547,11.779231071472168,364
Q92643-2,12.622298240661621,15.27342414855957,395
Q92664-2,21.018573760986328,22.68864631652832,365
Q92685-2,14.2613525390625,8.178926467895508,438
Q92688-2,29.38200569152832,17.35923194885254,251
Q92692-2,27.744264602661133,20.429399490356445,538
Q92731-9,22.88587188720703,22.366016387939453,530
Q92731-6,22.88587188720703,22.366016387939453,530
Q92731-5,22.88587188720703,22.366016387939453,530
Q92731-2,22.780506134033203,22.366016387939453,530
Q92731-4,22.96029281616211,22.366016387939453,530
Q92731-8,22.706954956054688,22.366016387939453,530
Q92731-7,19.874238967895508,22.366016387939453,530
Q92731-3,24.584617614746094,22.366016387939453,530
Q92734-4,29.9586181640625,26.770856857299805,400
Q92734-3,30.023117065429688,26.770856857299805,400
Q92734-2,28.605113983154297,26.770856857299805,400
Q92737-2,10.914130210876465,9.924507141113281,203
Q92747-2,12.252033233642578,6.171322345733643,370
Q92754-2,29.44317626953125,22.85820770263672,450
Q92759-2,27.51626968383789,12.296391487121582,462
Q92769-3,11.218013763427734,12.219123840332031,488
Q92777-2,29.23763656616211,21.020099639892578,582
Q92782-3,26.7542724609375,24.375003814697266,387
Q92783-2,29.736804962158203,25.436412811279297,540
Q92784-4,28.82653045654297,23.710723876953125,378
Q92784-2,25.4066219329834,23.710723876953125,378
Q92784-5,28.834217071533203,23.710723876953125,378
Q92784-3,28.834217071533203,23.710723876953125,378
Q92785-2,25.88481903076172,24.202411651611328,391
Q92802-2,29.540220260620117,26.2573184967041,583
Q92802-3,29.65228271484375,26.2573184967041,583
Q92804-2,28.928691864013672,28.182180404663086,592
Q92838-3,18.830333709716797,23.94455909729004,391
Q92838-9,20.98483657836914,23.94455909729004,391
Q92838-2,29.33615493774414,23.94455909729004,391
Q92838-7,29.33615493774414,23.94455909729004,391
Q92838-6,29.33615493774414,23.94455909729004,391
Q92838-5,29.33615493774414,23.94455909729004,391
Q92838-8,29.33615493774414,23.94455909729004,391
Q92843-2,12.35274887084961,8.75816822052002,193
Q92844-2,29.17671012878418,27.273937225341797,425
Q92844-3,29.17671012878418,27.273937225341797,425
Q92851-7,28.33491325378418,21.812721252441406,521
Q92851-2,28.33491325378418,21.812721252441406,521
Q92851-3,28.227439880371094,21.812721252441406,521
Q92851-6,28.227439880371094,21.812721252441406,521
Q92851-4,26.19325065612793,21.812721252441406,521
Q92851-5,28.405517578125,21.812721252441406,521
Q92874-2,20.822885513305664,7.621726989746094,299
Q92876-2,7.022307395935059,6.267434597015381,244
Q92876-3,27.186145782470703,6.267434597015381,244
Q92879-3,28.57854461669922,24.850988388061523,486
Q92879-2,26.464988708496094,24.850988388061523,486
Q92879-5,27.182247161865234,24.850988388061523,486
Q92879-6,22.392784118652344,24.850988388061523,486
Q92879-4,27.182247161865234,24.850988388061523,486
Q92890-3,28.81368064880371,19.47132682800293,307
Q92913-2,27.64612579345703,17.28366470336914,245
Q92913-4,27.703269958496094,17.28366470336914,245
Q92913-5,27.703269958496094,17.28366470336914,245
Q92913-3,27.703269958496094,17.28366470336914,245
Q92915-2,27.762853622436523,17.27182960510254,247
Q92925-3,29.43252182006836,19.8638916015625,531
Q92925-2,29.151592254638672,19.8638916015625,531
Q92947-2,6.420340061187744,7.061424732208252,438
Q92956-2,22.549297332763672,20.808387756347656,283
Q92963-2,14.9017915725708,10.625174522399902,219
Q92985-3,28.961027145385742,22.950420379638672,503
Q92985-2,29.260658264160156,22.950420379638672,503
Q92985-4,27.9722900390625,22.950420379638672,503
Q92988-2,29.512252807617188,25.070417404174805,240
Q92988-3,28.286609649658203,25.070417404174805,240
Q92989-2,4.310790538787842,5.441323280334473,425
Q92990-2,12.670899391174316,9.322107315063477,594
Q92993-2,25.46220588684082,16.23371696472168,513
Q92993-4,19.907455444335938,16.23371696472168,513
Q93038-5,27.768997192382812,23.697336196899414,417
Q93038-6,26.854549407958984,23.697336196899414,417
Q93038-3,27.768997192382812,23.697336196899414,417
Q93038-4,28.359769821166992,23.697336196899414,417
Q93038-7,26.854549407958984,23.697336196899414,417
Q93038-10,26.29829216003418,23.697336196899414,417
Q93038-11,23.6754150390625,23.697336196899414,417
Q93038-12,27.768997192382812,23.697336196899414,417
Q93038-9,22.11421775817871,23.697336196899414,417
Q93038-8,27.946521759033203,23.697336196899414,417
Q93045-2,19.083717346191406,17.73808479309082,179
Q93062-4,29.14459228515625,21.63291358947754,196
Q93062-5,28.859973907470703,21.63291358947754,196
Q93062-2,28.914772033691406,21.63291358947754,196
Q93062-3,28.822032928466797,21.63291358947754,196
Q93086-1,14.119640350341797,14.915692329406738,444
Q93086-4,21.814109802246094,14.915692329406738,444
Q93086-5,18.150590896606445,14.915692329406738,444
Q93086-2,18.150590896606445,14.915692329406738,444
Q93097-2,27.764907836914062,12.64820384979248,391
Q95460-5,14.310508728027344,11.957602500915527,341
Q95460-4,14.857587814331055,11.957602500915527,341
Q95460-3,11.69379711151123,11.957602500915527,341
Q95460-2,9.509496688842773,11.957602500915527,341
Q969D9-2,12.964781761169434,12.563743591308594,159
Q969E2-3,13.790582656860352,12.110810279846191,229
Q969E2-2,9.899924278259277,12.110810279846191,229
Q969F2-2,30.01642608642578,27.93816566467285,451
Q969G3-6,29.168292999267578,24.975929260253906,411
Q969G3-5,29.656614303588867,24.975929260253906,411
Q969G3-3,27.541160583496094,24.975929260253906,411
Q969G3-2,28.71218490600586,24.975929260253906,411
Q969G3-4,27.953876495361328,24.975929260253906,411
Q969H6-2,7.21132755279541,7.595694065093994,163
Q969I3-2,4.8633317947387695,5.926231384277344,302
Q969J3-2,26.452983856201172,19.710954666137695,196
Q969J5-2,22.621551513671875,13.676227569580078,263
Q969J5-3,16.98296356201172,13.676227569580078,263
Q969K4-2,17.65338897705078,12.634521484375,478
Q969K4-3,20.18515396118164,12.634521484375,478
Q969K4-4,19.85633087158203,12.634521484375,478
Q969K7-2,10.384159088134766,14.055717468261719,222
Q969K7-3,11.839454650878906,14.055717468261719,222
Q969M1-2,8.561614990234375,9.535165786743164,308
Q969M3-2,30.0440616607666,21.017789840698242,257
Q969M3-3,16.161983489990234,21.017789840698242,257
Q969M7-7,18.210617065429688,8.410372734069824,185
Q969M7-6,6.892421722412109,8.410372734069824,185
Q969M7-3,6.577716827392578,8.410372734069824,185
Q969M7-4,8.237997055053711,8.410372734069824,185
Q969M7-2,6.723557472229004,8.410372734069824,185
Q969M7-5,11.602730751037598,8.410372734069824,185
Q969N2-4,8.604177474975586,10.52886962890625,578
Q969N2-5,8.215415000915527,10.52886962890625,578
Q969N2-2,9.798600196838379,10.52886962890625,578
Q969N2-6,9.093742370605469,10.52886962890625,578
Q969N2-3,12.595647811889648,10.52886962890625,578
Q969P5-2,12.41978645324707,13.637730598449707,355
Q969Q1-2,21.124340057373047,19.833173751831055,353
Q969Q6-2,17.616857528686523,11.772933959960938,453
Q969R8-2,10.154428482055664,10.166448593139648,447
Q969S0-3,9.855283737182617,7.619025230407715,331
Q969S0-2,9.09153938293457,7.619025230407715,331
Q969S2-4,18.262493133544922,13.11641788482666,332
Q969S2-2,28.31012725830078,13.11641788482666,332
Q969S2-3,11.152713775634766,13.11641788482666,332
Q969T3-2,20.32689094543457,17.53897476196289,373
Q969T3-3,24.825397491455078,17.53897476196289,373
Q969T7-2,9.973672866821289,5.061288833618164,300
Q969T9-2,25.29922866821289,21.45818519592285,261
Q969U6-2,11.060253143310547,11.344188690185547,566
Q969U7-2,4.942821502685547,5.5903496742248535,264
Q969V3-2,9.964412689208984,10.837968826293945,563
Q969W1-2,11.786617279052734,11.003849029541016,377
Q969W1-4,11.263178825378418,11.003849029541016,377
Q969W1-3,7.5606889724731445,11.003849029541016,377
Q969W9-2,29.172531127929688,27.24991226196289,287
Q969W9-3,28.823122024536133,27.24991226196289,287
Q969X2-2,29.017559051513672,13.05644416809082,333
Q969X2-3,10.900131225585938,13.05644416809082,333
Q969X5-2,10.343955993652344,9.4060640335083,290
Q969X5-3,23.463668823242188,9.4060640335083,290
Q969Z3-2,7.218023300170898,8.548736572265625,335
Q96A00-2,18.189815521240234,19.912675857543945,147
Q96A25-2,28.53071403503418,17.429563522338867,262
Q96A28-2,17.700313568115234,17.0465030670166,289
Q96A29-2,26.366973876953125,10.821088790893555,364
Q96A33-2,21.500715255737305,17.6367244720459,483
Q96A37-2,22.267345428466797,17.12165069580078,237
Q96A37-3,20.777856826782227,17.12165069580078,237
Q96A46-2,15.292743682861328,14.20274543762207,364
Q96A46-3,15.158626556396484,14.20274543762207,364
Q96A56-2,29.40371322631836,27.018592834472656,240
Q96A58-2,7.437280654907227,7.276735305786133,199
Q96A59-2,28.16997528076172,22.660730361938477,401
Q96A59-3,29.54024887084961,22.660730361938477,401
Q96A61-2,27.124467849731445,24.04104995727539,297
Q96A70-3,13.684471130371094,10.093175888061523,460
Q96A70-4,9.521550178527832,10.093175888061523,460
Q96A70-5,9.510913848876953,10.093175888061523,460
Q96A73-3,29.073795318603516,27.0900936126709,305
Q96A73-2,29.831247329711914,27.0900936126709,305
Q96A83-2,26.639522552490234,26.703636169433594,441
Q96A84-2,27.633258819580078,26.910675048828125,441
Q96A99-2,28.585655212402344,20.821020126342773,478
Q96AB3-3,3.8765079975128174,4.00354528427124,205
Q96AD5-2,23.61319351196289,17.908506393432617,504
Q96AG3-2,19.467567443847656,14.539250373840332,418
Q96AG3-3,13.501172065734863,14.539250373840332,418
Q96AH0-3,22.14913558959961,17.91640281677246,204
Q96AH0-2,19.209224700927734,17.91640281677246,204
Q96AJ1-2,28.415687561035156,23.71068572998047,413
Q96AJ9-1,24.331195831298828,17.38178825378418,217
Q96AN5-2,11.257980346679688,12.982428550720215,459
Q96AN5-3,17.66769790649414,12.982428550720215,459
Q96AP0-2,20.96923065185547,25.36227798461914,458
Q96AP4-2,15.400215148925781,19.16346549987793,578
Q96AP7-2,28.320934295654297,19.4185791015625,390
Q96AQ7-2,23.98467254638672,21.277029037475586,238
Q96AQ7-3,24.115985870361328,21.277029037475586,238
Q96AQ8-2,26.62306785583496,23.074277877807617,359
Q96AT9-5,3.1138787269592285,2.8023815155029297,228
Q96AT9-4,2.445676803588867,2.8023815155029297,228
Q96AT9-3,3.0902652740478516,2.8023815155029297,228
Q96AT9-2,2.9358973503112793,2.8023815155029297,228
Q96AW1-4,25.483871459960938,24.10566520690918,172
Q96AW1-3,25.483871459960938,24.10566520690918,172
Q96AW1-2,25.05095672607422,24.10566520690918,172
Q96AY3-2,16.848350524902344,12.87078857421875,582
Q96AZ1-3,9.028325080871582,7.6384406089782715,226
Q96AZ1-2,9.102413177490234,7.6384406089782715,226
Q96AZ6-2,4.359899520874023,3.95595383644104,181
Q96B01-3,29.189537048339844,27.481719970703125,352
Q96B01-2,28.548025131225586,27.481719970703125,352
Q96B23-2,29.527122497558594,28.090646743774414,404
Q96B36-2,29.299083709716797,25.227432250976562,256
Q96B42-2,12.798269271850586,7.051020622253418,140
Q96B86-3,29.82589340209961,18.310651779174805,450
Q96B86-4,29.63311004638672,18.310651779174805,450
Q96BA8-2,29.596023559570312,27.394886016845703,519
Q96BD8-2,22.46430015563965,18.873003005981445,255
Q96BF3-2,28.04046630859375,23.133859634399414,282
Q96BI3-2,23.71159553527832,7.410893440246582,265
Q96BI3-3,7.265093803405762,7.410893440246582,265
Q96BJ3-2,18.239803314208984,13.299243927001953,306
Q96BJ3-3,14.746297836303711,13.299243927001953,306
Q96BK5-2,27.14134979248047,24.895076751708984,328
Q96BN6-2,29.757389068603516,28.11039161682129,582
Q96BR6-2,29.228775024414062,22.80851936340332,464
Q96BR9-2,28.400657653808594,25.249921798706055,441
Q96BS2-3,6.702317237854004,8.073674201965332,214
Q96BS2-2,9.750238418579102,8.073674201965332,214
Q96BT3-2,29.49958038330078,27.573040008544922,561
Q96BT3-3,29.389266967773438,27.573040008544922,561
Q96BU1-2,28.227161407470703,27.53914451599121,408
Q96BW1-3,28.24026107788086,16.01939582824707,309
Q96BW1-2,20.3795166015625,16.01939582824707,309
Q96BW5-2,2.9432153701782227,2.672457456588745,349
Q96BW9-3,27.109384536743164,16.169052124023438,452
Q96BW9-2,24.587535858154297,16.169052124023438,452
Q96BY9-2,27.444263458251953,23.420759201049805,339
Q96BZ9-2,28.986318588256836,13.955827713012695,403
Q96C03-2,29.210105895996094,16.108020782470703,454
Q96C11-6,4.74398136138916,4.0752272605896,551
Q96C11-4,4.919408798217773,4.0752272605896,551
Q96C11-2,23.9654541015625,4.0752272605896,551
Q96C11-5,4.055418968200684,4.0752272605896,551
Q96C92-4,29.075721740722656,24.895261764526367,435
Q96C92-3,29.21704864501953,24.895261764526367,435
Q96C92-2,28.942012786865234,24.895261764526367,435
Q96CA5-2,26.240474700927734,21.079669952392578,298
Q96CB9-4,20.28787612915039,7.358160972595215,384
Q96CB9-3,7.247499465942383,7.358160972595215,384
Q96CB9-2,9.55375862121582,7.358160972595215,384
Q96CD2-2,7.755752086639404,6.869136810302734,204
Q96CG8-3,27.41810417175293,17.708309173583984,243
Q96CG8-2,28.508264541625977,17.708309173583984,243
Q96CJ1-2,28.84139060974121,23.065784454345703,260
Q96CM3-2,12.696159362792969,13.888728141784668,377
Q96CP7-2,7.298966884613037,6.7066168785095215,247
Q96CQ1-4,7.995078086853027,7.504957675933838,311
Q96CQ1-3,4.637096881866455,7.504957675933838,311
Q96CQ1-2,8.244739532470703,7.504957675933838,311
Q96CS2-2,19.56005859375,16.72454833984375,278
Q96CS7-5,29.407495498657227,21.133451461791992,222
Q96CS7-3,26.825790405273438,21.133451461791992,222
Q96CS7-4,26.230579376220703,21.133451461791992,222
Q96CS7-2,29.407495498657227,21.133451461791992,222
Q96CU9-2,9.859973907470703,8.586559295654297,486
Q96CU9-3,28.9851131439209,8.586559295654297,486
Q96CV9-3,28.418691635131836,25.278209686279297,577
Q96CV9-2,27.61558723449707,25.278209686279297,577
Q96CW1-2,18.379907608032227,8.738977432250977,435
Q96CW9-2,27.40337371826172,17.32856559753418,530
Q96CX3-2,10.876495361328125,12.183289527893066,271
Q96D53-2,14.814769744873047,13.987159729003906,544
Q96D96-2,22.754638671875,19.315502166748047,273
Q96D96-4,28.94219398498535,19.315502166748047,273
Q96D96-3,22.3887939453125,19.315502166748047,273
Q96DA6-2,20.843517303466797,12.804176330566406,116
Q96DB2-2,5.931457042694092,5.5587873458862305,347
Q96DB5-2,9.548239707946777,13.150452613830566,314
Q96DB5-3,12.212800979614258,13.150452613830566,314
Q96DB9-2,28.03213882446289,25.096357345581055,178
Q96DC8-2,10.767242431640625,8.822751998901367,303
Q96DC9-2,4.919764995574951,4.140057563781738,234
Q96DD0-2,22.768489837646484,9.382740020751953,335
Q96DE0-3,18.646907806396484,4.8210649490356445,195
Q96DE0-4,6.447017669677734,4.8210649490356445,195
Q96DE0-2,18.646907806396484,4.8210649490356445,195
Q96DH6-3,28.73088836669922,24.43988037109375,328
Q96DH6-2,28.73088836669922,24.43988037109375,328
Q96DI7-2,8.491910934448242,11.029486656188965,357
Q96DL1-3,10.807768821716309,10.369142532348633,559
Q96DP5-2,12.931770324707031,10.685846328735352,389
Q96DR4-2,3.076939105987549,3.078120231628418,205
Q96DT0-6,13.37260627746582,8.53177261352539,336
Q96DT0-2,15.351446151733398,8.53177261352539,336
Q96DT0-5,27.729515075683594,8.53177261352539,336
Q96DT0-4,8.99799633026123,8.53177261352539,336
Q96DT0-3,7.365443229675293,8.53177261352539,336
Q96DU3-2,26.679758071899414,18.13262176513672,332
Q96DU3-3,19.061351776123047,18.13262176513672,332
Q96DV4-2,15.790496826171875,13.792520523071289,380
Q96DX4-2,23.812152862548828,13.195520401000977,576
Q96DX5-2,7.012253761291504,7.382595062255859,294
Q96DX5-3,8.882522583007812,7.382595062255859,294
Q96DY2-2,22.69679832458496,20.120203018188477,449
Q96DY2-3,25.871292114257812,20.120203018188477,449
Q96DZ1-2,24.524044036865234,21.231760025024414,483
Q96DZ1-3,21.093965530395508,21.231760025024414,483
Q96DZ7-2,12.96532154083252,10.049793243408203,209
Q96DZ9-4,24.05573272705078,22.01097869873047,223
Q96DZ9-2,26.590173721313477,22.01097869873047,223
Q96DZ9-3,24.30742645263672,22.01097869873047,223
Q96DZ9-5,24.30742645263672,22.01097869873047,223
Q96DZ9-6,24.400897979736328,22.01097869873047,223
Q96E14-2,7.127010345458984,7.666065216064453,147
Q96E29-3,27.908405303955078,16.851680755615234,417
Q96E29-2,27.602054595947266,16.851680755615234,417
Q96E40-2,28.881072998046875,15.704285621643066,222
Q96E52-2,19.978376388549805,16.68400764465332,524
Q96E66-3,9.135199546813965,6.5771484375,192
Q96E66-6,10.657437324523926,6.5771484375,192
Q96E66-2,9.135199546813965,6.5771484375,192
Q96E66-5,9.049816131591797,6.5771484375,192
Q96E66-4,9.049816131591797,6.5771484375,192
Q96E93-2,18.982677459716797,16.54979705810547,195
Q96EB1-3,16.808704376220703,15.627013206481934,424
Q96EB1-2,25.659038543701172,15.627013206481934,424
Q96EC8-2,25.452945709228516,15.908754348754883,236
Q96EE3-1,27.925769805908203,9.196651458740234,360
Q96EK2-3,29.048664093017578,26.724720001220703,531
Q96EK2-4,29.124778747558594,26.724720001220703,531
Q96EN9-3,20.97168731689453,13.875919342041016,201
Q96EN9-2,28.415000915527344,13.875919342041016,201
Q96EP5-2,30.043670654296875,26.101661682128906,407
Q96ER9-2,25.81886863708496,23.794845581054688,411
Q96ET8-3,27.672822952270508,23.837678909301758,276
Q96ET8-2,27.672822952270508,23.837678909301758,276
Q96EU6-2,26.439064025878906,18.482297897338867,259
Q96EV8-2,28.816213607788086,22.537090301513672,351
Q96EV8-3,25.32558250427246,22.537090301513672,351
Q96EW2-3,15.256515502929688,13.893417358398438,488
Q96EW2-2,13.997041702270508,13.893417358398438,488
Q96EX2-4,21.60346221923828,20.084535598754883,444
Q96EX2-3,27.443565368652344,20.084535598754883,444
Q96EX2-5,18.27448844909668,20.084535598754883,444
Q96EX2-2,22.206558227539062,20.084535598754883,444
Q96EY1-3,28.44037628173828,21.59254264831543,480
Q96EY1-2,28.237476348876953,21.59254264831543,480
Q96EY5-3,26.163667678833008,19.47935676574707,273
Q96EY5-2,20.33712387084961,19.47935676574707,273
Q96EZ8-4,26.536766052246094,23.342409133911133,462
Q96EZ8-3,29.446290969848633,23.342409133911133,462
Q96EZ8-2,29.17934799194336,23.342409133911133,462
Q96F15-2,28.719650268554688,10.263111114501953,307
Q96F24-2,27.9975528717041,23.969987869262695,287
Q96F24-3,22.754810333251953,23.969987869262695,287
Q96F44-3,12.38329792022705,15.577041625976562,468
Q96F44-2,17.568588256835938,15.577041625976562,468
Q96F85-2,4.092761039733887,4.023795127868652,164
Q96FC7-2,29.11164665222168,11.893871307373047,376
Q96FC7-3,29.145370483398438,11.893871307373047,376
Q96FE7-4,28.74980926513672,24.245948791503906,263
Q96FE7-2,28.682113647460938,24.245948791503906,263
Q96FE7-3,28.898300170898438,24.245948791503906,263
Q96FE7-5,27.42742156982422,24.245948791503906,263
Q96FG2-2,17.26394271850586,17.040197372436523,381
Q96FG2-6,20.27017593383789,17.040197372436523,381
Q96FG2-3,20.300493240356445,17.040197372436523,381
Q96FG2-5,20.225955963134766,17.040197372436523,381
Q96FJ0-2,10.473676681518555,13.951324462890625,436
Q96FL8-2,10.30872917175293,9.756146430969238,570
Q96FL8-3,10.427642822265625,9.756146430969238,570
Q96FL9-4,28.685409545898438,14.606358528137207,552
Q96FL9-2,11.398727416992188,14.606358528137207,552
Q96FL9-3,13.766525268554688,14.606358528137207,552
Q96FM1-3,4.245978832244873,6.04470682144165,320
Q96FM1-2,5.019899368286133,6.04470682144165,320
Q96FN4-2,11.280576705932617,8.197036743164062,548
Q96FT9-4,29.032180786132812,24.890764236450195,208
Q96FT9-2,28.53304672241211,24.890764236450195,208
Q96FT9-3,28.945362091064453,24.890764236450195,208
Q96FV3-3,9.54334831237793,8.136076927185059,270
Q96FV3-2,11.554031372070312,8.136076927185059,270
Q96FW1-2,8.374127388000488,7.015250205993652,271
Q96FX2-2,8.033683776855469,8.728435516357422,82
Q96FZ5-2,17.013338088989258,17.562480926513672,175
Q96G04-2,6.061555862426758,5.183581352233887,330
Q96G25-3,20.94921875,20.046571731567383,268
Q96G74-4,27.005687713623047,25.004131317138672,571
Q96G74-2,26.98250961303711,25.004131317138672,571
Q96G74-3,26.916259765625,25.004131317138672,571
Q96G74-5,21.836219787597656,25.004131317138672,571
Q96G75-2,16.723648071289062,11.685870170593262,393
Q96G97-3,24.608978271484375,19.765283584594727,398
Q96GC5-3,28.675743103027344,16.18709945678711,212
Q96GC9-2,15.348788261413574,14.525273323059082,406
Q96GD4-4,24.643081665039062,12.08696460723877,344
Q96GD4-2,9.557010650634766,12.08696460723877,344
Q96GD4-3,24.68117904663086,12.08696460723877,344
Q96GE6-2,20.486074447631836,15.540035247802734,196
Q96GE6-3,17.841814041137695,15.540035247802734,196
Q96GE6-4,14.521990776062012,15.540035247802734,196
Q96GE6-5,27.722862243652344,15.540035247802734,196
Q96GE9-2,18.54910659790039,21.036043167114258,116
Q96GF1-2,23.849855422973633,22.83384895324707,192
Q96GJ1-3,11.998184204101562,11.075786590576172,504
Q96GJ1-2,8.299583435058594,11.075786590576172,504
Q96GM1-2,19.644081115722656,14.600735664367676,343
Q96GM5-2,18.440052032470703,19.65064811706543,515
Q96GM8-2,11.888450622558594,13.571833610534668,510
Q96GN5-5,28.919998168945312,25.62195587158203,454
Q96GN5-4,29.25885772705078,25.62195587158203,454
Q96GN5-2,28.008831024169922,25.62195587158203,454
Q96GQ5-2,9.827508926391602,9.254072189331055,468
Q96GR4-2,6.668783187866211,7.78030252456665,267
Q96GS6-4,8.569050788879395,8.27828311920166,310
Q96GS6-3,7.348936080932617,8.27828311920166,310
Q96GU1-2,29.282955169677734,25.498519897460938,130
Q96GX9-3,10.18466567993164,5.7794718742370605,242
Q96H12-2,27.88129425048828,23.119443893432617,275
Q96H15-2,29.20464324951172,24.314542770385742,378
Q96H22-2,12.486520767211914,10.284073829650879,339
Q96H22-4,8.491838455200195,10.284073829650879,339
Q96H22-5,8.325506210327148,10.284073829650879,339
Q96H22-3,10.17794418334961,10.284073829650879,339
Q96H72-2,20.25353240966797,14.869195938110352,371
Q96H86-2,27.853809356689453,23.140180587768555,408
Q96H96-3,11.561222076416016,10.881256103515625,371
Q96HA4-3,28.078184127807617,27.261503219604492,380
Q96HA4-4,29.009174346923828,27.261503219604492,380
Q96HA4-2,28.078184127807617,27.261503219604492,380
Q96HA4-5,29.531261444091797,27.261503219604492,380
Q96HA8-2,5.3559770584106445,4.47022008895874,205
Q96HA9-2,6.485213279724121,5.977272987365723,241
Q96HC4-3,27.211288452148438,25.35099983215332,596
Q96HC4-2,27.211288452148438,25.35099983215332,596
Q96HC4-4,28.12167739868164,25.35099983215332,596
Q96HC4-7,27.211288452148438,25.35099983215332,596
Q96HC4-6,28.403724670410156,25.35099983215332,596
Q96HC4-5,24.69273567199707,25.35099983215332,596
Q96HE8-2,26.60251808166504,18.41498374938965,143
Q96HH6-2,7.589539527893066,7.197695255279541,336
Q96HH9-5,29.576805114746094,25.76511001586914,432
Q96HH9-4,29.81751251220703,25.76511001586914,432
Q96HH9-3,29.778656005859375,25.76511001586914,432
Q96HH9-2,29.967941284179688,25.76511001586914,432
Q96HJ3-2,27.31244659423828,24.84916114807129,373
Q96HJ5-3,14.621504783630371,14.235457420349121,214
Q96HJ5-2,13.255240440368652,14.235457420349121,214
Q96HJ9-2,17.92860221862793,10.632156372070312,113
Q96HL8-2,24.456573486328125,15.907116889953613,342
Q96HL8-5,15.340668678283691,15.907116889953613,342
Q96HL8-4,22.279769897460938,15.907116889953613,342
Q96HL8-3,15.263973236083984,15.907116889953613,342
Q96HQ0-6,28.620624542236328,22.67416763305664,510
Q96HQ0-4,28.724037170410156,22.67416763305664,510
Q96HQ0-3,28.724037170410156,22.67416763305664,510
Q96HQ0-2,28.328750610351562,22.67416763305664,510
Q96HR3-2,22.93246841430664,19.37933921813965,178
Q96HR8-2,29.81373405456543,26.26519775390625,494
Q96HR9-2,27.103361129760742,20.986635208129883,211
Q96HS1-2,8.914838790893555,11.831539154052734,289
Q96HY6-2,23.594026565551758,23.161212921142578,314
Q96HZ4-3,21.006755828857422,21.425701141357422,224
Q96HZ4-4,23.251995086669922,21.425701141357422,224
Q96HZ4-2,23.271339416503906,21.425701141357422,224
Q96I15-2,7.281381130218506,7.186572551727295,445
Q96I24-2,29.29861068725586,26.594093322753906,572
Q96I51-2,7.912895679473877,9.36246395111084,464
Q96I51-3,6.642687797546387,9.36246395111084,464
Q96I82-2,17.46916389465332,15.596087455749512,304
Q96I99-2,9.016834259033203,8.662679672241211,432
Q96IF1-2,27.21477699279785,26.149749755859375,538
Q96IG2-2,6.006729602813721,8.413249015808105,436
Q96IK1-2,18.46630096435547,17.3837833404541,185
Q96IQ7-2,29.076030731201172,16.79149627685547,327
Q96IQ9-2,28.794498443603516,27.20895004272461,312
Q96IU4-2,3.4550020694732666,2.903106689453125,210
Q96IV6-2,24.061431884765625,8.30546760559082,333
Q96IY1-2,28.062335968017578,22.518091201782227,281
Q96IY4-2,5.668736934661865,5.153295516967773,423
Q96IZ2-3,16.830427169799805,5.568620204925537,230
Q96IZ5-2,28.84027862548828,23.698543548583984,413
Q96IZ5-3,28.189449310302734,23.698543548583984,413
Q96IZ6-2,14.504283905029297,12.566347122192383,378
Q96IZ7-2,28.939029693603516,27.152936935424805,334
Q96J42-2,28.690963745117188,22.570240020751953,360
Q96J77-3,25.781444549560547,20.54652976989746,140
Q96J77-2,25.777469635009766,20.54652976989746,140
Q96J86-3,29.684162139892578,23.756620407104492,154
Q96J86-6,26.74264144897461,23.756620407104492,154
Q96J87-3,27.798500061035156,25.10639190673828,481
Q96J87-4,29.00326919555664,25.10639190673828,481
Q96J87-2,27.842384338378906,25.10639190673828,481
Q96J88-2,25.111934661865234,23.259592056274414,318
Q96J88-3,27.143531799316406,23.259592056274414,318
Q96JA3-2,20.381919860839844,22.270584106445312,519
Q96JA3-3,21.043758392333984,22.270584106445312,519
Q96JB5-4,24.289108276367188,15.079246520996094,506
Q96JB5-2,18.264829635620117,15.079246520996094,506
Q96JB5-3,16.09164810180664,15.079246520996094,506
Q96JC9-2,28.01015853881836,23.29594612121582,268
Q96JD6-4,5.020774841308594,4.908593654632568,320
Q96JD6-5,4.5404486656188965,4.908593654632568,320
Q96JD6-2,4.457808017730713,4.908593654632568,320
Q96JD6-3,5.066420555114746,4.908593654632568,320
Q96JF0-2,15.23495864868164,18.13125228881836,529
Q96JJ7-2,14.57419204711914,13.317704200744629,454
Q96JN0-2,30.033458709716797,27.84235382080078,433
Q96JP5-2,29.27109146118164,27.524816513061523,570
Q96JQ5-2,15.839978218078613,16.98461151123047,239
Q96JY0-2,26.947450637817383,21.084228515625,434
Q96JY0-3,24.187883377075195,21.084228515625,434
Q96JY6-2,29.179359436035156,25.441987991333008,352
Q96JY6-4,29.172447204589844,25.441987991333008,352
Q96JY6-3,26.743484497070312,25.441987991333008,352
Q96JZ2-2,21.129894256591797,22.919187545776367,352
Q96K12-2,6.381591320037842,6.21942138671875,515
Q96K19-6,22.189895629882812,19.019845962524414,258
Q96K19-5,21.219074249267578,19.019845962524414,258
Q96K19-2,23.659099578857422,19.019845962524414,258
Q96K19-3,21.27798843383789,19.019845962524414,258
Q96K19-4,21.257617950439453,19.019845962524414,258
Q96K21-4,28.871458053588867,26.13745880126953,471
Q96K21-2,28.641849517822266,26.13745880126953,471
Q96K21-3,27.08538818359375,26.13745880126953,471
Q96K30-2,29.68899154663086,27.231077194213867,269
Q96K37-3,26.746944427490234,14.229470252990723,410
Q96K37-2,18.644878387451172,14.229470252990723,410
Q96K49-2,18.768951416015625,16.803224563598633,555
Q96KA5-2,10.880477905273438,13.013943672180176,538
Q96KD3-2,26.53435707092285,21.48729133605957,344
Q96KD3-3,25.52227210998535,21.48729133605957,344
Q96KE9-2,24.80647850036621,13.723984718322754,538
Q96KN3-2,28.40508270263672,25.5216121673584,472
Q96KN4-2,17.26218605041504,15.186444282531738,292
Q96KN8-3,27.809478759765625,23.027774810791016,279
Q96KN8-2,24.38164710998535,23.027774810791016,279
Q96KP4-2,3.051866292953491,3.0257019996643066,475
Q96KP6-2,27.831790924072266,22.78615951538086,325
Q96KP6-3,27.831790924072266,22.78615951538086,325
Q96KR7-3,29.55402374267578,27.092329025268555,559
Q96KR7-2,29.875953674316406,27.092329025268555,559
Q96KR7-4,29.84672737121582,27.092329025268555,559
Q96L08-2,28.278839111328125,23.359569549560547,255
Q96L08-3,27.054527282714844,23.359569549560547,255
Q96L11-2,25.228439331054688,22.516393661499023,122
Q96L15-2,9.212675094604492,8.552520751953125,291
Q96L50-2,19.433195114135742,12.193470001220703,414
Q96L92-2,29.12314796447754,17.272249221801758,541
Q96L92-3,22.638086318969727,17.272249221801758,541
Q96L94-2,28.076427459716797,20.36237144470215,193
Q96LA5-4,28.173568725585938,17.544113159179688,508
Q96LA5-3,28.173568725585938,17.544113159179688,508
Q96LA5-5,20.65993881225586,17.544113159179688,508
Q96LA5-2,22.168399810791016,17.544113159179688,508
Q96LA6-4,27.707942962646484,18.784982681274414,429
Q96LA6-3,28.13009262084961,18.784982681274414,429
Q96LA6-2,27.98247718811035,18.784982681274414,429
Q96LA8-2,8.034364700317383,7.3714704513549805,375
Q96LB4-4,10.512821197509766,11.331657409667969,118
Q96LB4-3,16.079761505126953,11.331657409667969,118
Q96LB8-2,23.640243530273438,16.861244201660156,373
Q96LC9-3,28.735336303710938,25.112918853759766,184
Q96LC9-2,23.634092330932617,25.112918853759766,184
Q96LI5-2,12.671756744384766,8.872422218322754,555
Q96LI6-2,27.894699096679688,25.889522552490234,401
Q96LI6-3,27.947750091552734,25.889522552490234,401
Q96LL3-2,27.645238876342773,22.631141662597656,132
Q96LM9-2,24.69091796875,21.841358184814453,149
Q96LP6-3,29.363689422607422,27.995872497558594,360
Q96LP6-2,29.38260269165039,27.995872497558594,360
Q96LR9-2,27.18450927734375,20.890995025634766,279
Q96LT4-2,16.980039596557617,17.545368194580078,415
Q96LT7-2,10.612957000732422,9.44603443145752,481
Q96LT9-2,28.07364273071289,25.90204620361328,517
Q96LW2-3,14.719841003417969,14.880047798156738,410
Q96LW2-2,18.94662857055664,14.880047798156738,410
Q96LW4-2,24.522361755371094,21.228954315185547,560
Q96LW7-2,27.72199249267578,21.589950561523438,228
Q96LW9-2,28.99211883544922,22.211992263793945,406
Q96LY2-2,29.205196380615234,27.372520446777344,380
Q96LZ7-4,27.60793685913086,18.689144134521484,410
Q96LZ7-3,28.41197967529297,18.689144134521484,410
Q96LZ7-2,28.41197967529297,18.689144134521484,410
Q96M20-3,21.969036102294922,20.106876373291016,576
Q96M20-2,17.643356323242188,20.106876373291016,576
Q96M27-3,19.70679473876953,23.646705627441406,445
Q96M27-2,18.91946029663086,23.646705627441406,445
Q96M27-4,24.275508880615234,23.646705627441406,445
Q96M27-5,20.743852615356445,23.646705627441406,445
Q96M53-2,27.843730926513672,26.23223876953125,351
Q96M60-2,24.11627197265625,21.69453239440918,508
Q96M93-3,25.14122772216797,14.950237274169922,576
Q96M93-2,10.421560287475586,14.950237274169922,576
Q96M95-2,19.949129104614258,19.253324508666992,316
Q96M98-2,24.72288703918457,15.707736015319824,296
Q96MA6-2,14.960838317871094,11.860395431518555,479
Q96MC5-2,22.675485610961914,17.99041175842285,204
Q96MD7-1,24.308490753173828,17.619487762451172,179
Q96MD7-2,19.3830623626709,17.619487762451172,179
Q96ME7-2,29.58347511291504,26.844797134399414,567
Q96ME7-3,29.40148162841797,26.844797134399414,567
Q96MF2-3,29.14377212524414,24.667205810546875,364
Q96MF2-2,29.350849151611328,24.667205810546875,364
Q96MF6-3,29.143863677978516,17.3004150390625,247
Q96MF6-2,29.13263702392578,17.3004150390625,247
Q96MG8-2,10.488537788391113,11.062346458435059,357
Q96MH6-2,8.075701713562012,9.571663856506348,324
Q96MH6-3,14.27768325805664,9.571663856506348,324
Q96MI6-4,9.866186141967773,9.005908966064453,459
Q96MI6-1,24.365718841552734,9.005908966064453,459
Q96MI6-3,8.913985252380371,9.005908966064453,459
Q96MI6-2,9.175169944763184,9.005908966064453,459
Q96MN5-2,17.38377571105957,13.551867485046387,208
Q96MN9-2,29.978862762451172,27.631895065307617,340
Q96MP8-2,13.58680534362793,14.304773330688477,289
Q96MR7-2,29.589969635009766,26.115446090698242,158
Q96MS3-2,4.766517639160156,4.242223262786865,346
Q96MS3-3,5.004301071166992,4.242223262786865,346
Q96MU8-3,28.05445098876953,18.07074546813965,473
Q96MU8-2,26.107563018798828,18.07074546813965,473
Q96MV8-3,7.690040588378906,8.995465278625488,337
Q96MV8-2,10.84976863861084,8.995465278625488,337
Q96MW1-2,28.879003524780273,22.386579513549805,224
Q96MX0-2,25.257652282714844,18.42733383178711,182
Q96MX6-2,3.837031841278076,3.671727418899536,357
Q96MY1-2,29.13803482055664,27.277633666992188,436
Q96MZ0-2,15.01875114440918,13.422083854675293,367
Q96N03-2,20.63575553894043,19.358299255371094,204
Q96N03-3,27.49390411376953,19.358299255371094,204
Q96N06-2,27.906959533691406,25.427410125732422,139
Q96N11-2,11.991754531860352,11.196313858032227,449
Q96N21-2,29.122074127197266,25.40363121032715,525
Q96N28-2,6.670135498046875,7.531030178070068,172
Q96N38-3,29.0587100982666,23.057039260864258,554
Q96N38-2,29.66153907775879,23.057039260864258,554
Q96N66-3,8.105173110961914,6.014906883239746,472
Q96N66-2,5.798367500305176,6.014906883239746,472
Q96N77-3,28.800098419189453,26.227153778076172,438
Q96N77-4,29.271564483642578,26.227153778076172,438
Q96N77-2,29.03546905517578,26.227153778076172,438
Q96N95-2,29.412578582763672,24.81037139892578,335
Q96N95-3,24.993980407714844,24.81037139892578,335
Q96NA2-2,28.996667861938477,24.674348831176758,401
Q96NA8-2,22.4287109375,24.45444107055664,513
Q96NB1-2,21.570945739746094,19.562591552734375,174
Q96NG5-2,28.3528995513916,21.204486846923828,402
Q96NI8-2,28.611392974853516,22.074630737304688,536
Q96NJ3-2,29.626895904541016,25.051843643188477,590
Q96NL0-4,23.56094741821289,21.207948684692383,473
Q96NL0-3,28.4598388671875,21.207948684692383,473
Q96NL0-2,28.4598388671875,21.207948684692383,473
Q96NL0-5,23.347782135009766,21.207948684692383,473
Q96NL3-2,29.26032257080078,23.373733520507812,588
Q96NM4-3,29.790725708007812,28.163589477539062,488
Q96NM4-4,29.790725708007812,28.163589477539062,488
Q96NT0-2,17.944133758544922,11.249691009521484,180
Q96NT5-2,7.480071067810059,8.579548835754395,459
Q96NX5-2,28.285388946533203,19.554105758666992,476
Q96NX9-3,29.080528259277344,26.53901481628418,599
Q96NX9-4,28.85955810546875,26.53901481628418,599
Q96NX9-2,28.721189498901367,26.53901481628418,599
Q96NY8-2,28.530635833740234,19.74976921081543,510
Q96NZ1-3,29.148357391357422,27.008840560913086,517
Q96NZ1-2,29.776771545410156,27.008840560913086,517
Q96NZ9-4,27.779735565185547,25.458444595336914,151
Q96NZ9-3,26.176666259765625,25.458444595336914,151
Q96NZ9-2,29.26397705078125,25.458444595336914,151
Q96P11-5,14.664759635925293,8.971060752868652,429
Q96P11-2,19.600467681884766,8.971060752868652,429
Q96P11-4,19.600467681884766,8.971060752868652,429
Q96P11-3,18.984813690185547,8.971060752868652,429
Q96P16-3,20.527061462402344,19.117069244384766,312
Q96P71-3,28.8006591796875,23.353025436401367,396
Q96P71-2,28.647993087768555,23.353025436401367,396
Q96PB7-6,27.9254207611084,19.323646545410156,478
Q96PB7-5,27.885364532470703,19.323646545410156,478
Q96PB7-4,28.119497299194336,19.323646545410156,478
Q96PB7-3,27.966690063476562,19.323646545410156,478
Q96PB7-2,27.31036376953125,19.323646545410156,478
Q96PC3-4,15.832803726196289,4.715803623199463,154
Q96PC3-3,6.325736999511719,4.715803623199463,154
Q96PC3-2,15.832803726196289,4.715803623199463,154
Q96PD5-2,25.938915252685547,13.062198638916016,576
Q96PD7-2,13.9031343460083,9.892901420593262,388
Q96PE5-3,29.418201446533203,25.12871551513672,141
Q96PE5-4,28.039859771728516,25.12871551513672,141
Q96PE5-2,29.185401916503906,25.12871551513672,141
Q96PG8-1,30.177196502685547,27.958250045776367,261
Q96PJ5-2,28.44329833984375,17.749130249023438,515
Q96PM5-6,15.675811767578125,8.62836742401123,261
Q96PM5-4,10.948766708374023,8.62836742401123,261
Q96PM5-2,6.6135358810424805,8.62836742401123,261
Q96PM5-3,10.948766708374023,8.62836742401123,261
Q96PM5-8,10.551063537597656,8.62836742401123,261
Q96PM5-7,8.029129028320312,8.62836742401123,261
Q96PM9-2,29.585063934326172,27.370655059814453,386
Q96PM9-1,30.10409927368164,27.370655059814453,386
Q96PM9-3,29.217426300048828,27.370655059814453,386
Q96PP8-2,25.89958953857422,14.39621353149414,586
Q96PQ1-2,27.6187801361084,21.446216583251953,595
Q96PQ6-3,28.746458053588867,25.518327713012695,595
Q96PQ6-4,28.320253372192383,25.518327713012695,595
Q96PQ6-2,27.77525520324707,25.518327713012695,595
Q96PS8-2,13.819784164428711,7.981733322143555,301
Q96PU8-5,29.636810302734375,21.336933135986328,341
Q96PU8-8,29.657438278198242,21.336933135986328,341
Q96PU8-9,29.657438278198242,21.336933135986328,341
Q96PU8-3,26.96978187561035,21.336933135986328,341
Q96PU8-6,29.668434143066406,21.336933135986328,341
Q96PU9-3,27.011255264282227,25.181427001953125,254
Q96PU9-2,28.323667526245117,25.181427001953125,254
Q96Q11-2,5.798128128051758,8.550102233886719,434
Q96Q11-3,17.961437225341797,8.550102233886719,434
Q96Q35-2,24.88404083251953,23.888872146606445,445
Q96Q40-4,29.401805877685547,16.09952163696289,435
Q96Q40-3,18.80753517150879,16.09952163696289,435
Q96Q40-5,11.347318649291992,16.09952163696289,435
Q96Q40-6,19.71147918701172,16.09952163696289,435
Q96Q45-4,29.629175186157227,24.116230010986328,408
Q96Q45-2,29.837390899658203,24.116230010986328,408
Q96Q45-3,29.837390899658203,24.116230010986328,408
Q96Q77-2,9.229000091552734,8.353941917419434,187
Q96Q80-5,21.239917755126953,10.031888008117676,235
Q96Q80-3,21.239917755126953,10.031888008117676,235
Q96Q80-2,21.239917755126953,10.031888008117676,235
Q96Q80-4,21.13954734802246,10.031888008117676,235
Q96Q83-2,24.844562530517578,13.313694953918457,286
Q96QD5-2,28.636804580688477,21.937576293945312,511
Q96QD8-2,19.83734893798828,12.727499008178711,506
Q96QD9-3,30.007938385009766,27.25604248046875,318
Q96QD9-4,29.594099044799805,27.25604248046875,318
Q96QD9-2,29.761390686035156,27.25604248046875,318
Q96QE5-4,23.774871826171875,17.1466121673584,360
Q96QG7-2,6.641873359680176,5.4242024421691895,549
Q96QS1-3,29.528255462646484,19.971494674682617,320
Q96QS1-5,26.191797256469727,19.971494674682617,320
Q96QS1-4,22.686519622802734,19.971494674682617,320
Q96QS1-2,16.62005615234375,19.971494674682617,320
Q96QU6-2,16.208295822143555,10.005398750305176,501
Q96RD7-2,28.62470245361328,16.047565460205078,426
Q96RI1-2,27.827346801757812,21.56206703186035,486
Q96RI1-4,23.6021785736084,21.56206703186035,486
Q96RI1-1,28.464492797851562,21.56206703186035,486
Q96RI1-5,27.83647918701172,21.56206703186035,486
Q96RK4-3,15.99354076385498,14.109125137329102,519
Q96RK4-2,29.166179656982422,14.109125137329102,519
Q96RP7-2,17.670665740966797,15.197213172912598,486
Q96RQ9-2,28.4693603515625,10.531119346618652,567
Q96RR4-6,26.16419219970703,21.326675415039062,588
Q96RR4-5,26.16419219970703,21.326675415039062,588
Q96RR4-3,29.672502517700195,21.326675415039062,588
Q96RR4-2,29.585962295532227,21.326675415039062,588
Q96RR4-7,29.585962295532227,21.326675415039062,588
Q96RR4-4,20.069297790527344,21.326675415039062,588
Q96RS6-2,12.776123046875,15.368626594543457,583
Q96RS6-3,13.038358688354492,15.368626594543457,583
Q96RU8-2,18.44161605834961,15.857649803161621,372
Q96S06-2,9.025124549865723,8.196364402770996,567
Q96S16-2,8.037464141845703,7.738693714141846,264
Q96S21-2,13.832965850830078,17.870328903198242,281
Q96S37-2,7.311777114868164,8.838412284851074,553
Q96S37-3,9.648653030395508,8.838412284851074,553
Q96S37-4,6.361804008483887,8.838412284851074,553
Q96S52-2,24.35440444946289,11.556496620178223,555
Q96S66-2,25.836048126220703,26.035058975219727,551
Q96S66-4,27.125520706176758,26.035058975219727,551
Q96S66-3,25.98935317993164,26.035058975219727,551
Q96S90-2,25.8400936126709,24.520366668701172,227
Q96S94-5,22.8956356048584,21.581480026245117,520
Q96S94-2,22.8956356048584,21.581480026245117,520
Q96S94-4,22.8956356048584,21.581480026245117,520
Q96S94-3,23.010059356689453,21.581480026245117,520
Q96SA4-2,23.529550552368164,11.548697471618652,455
Q96SA4-3,24.12641143798828,11.548697471618652,455
Q96SA4-4,24.12641143798828,11.548697471618652,455
Q96SE0-3,7.242128849029541,6.8925347328186035,405
Q96SI1-2,17.95354652404785,16.32220458984375,283
Q96SL1-2,9.434703826904297,10.030374526977539,478
Q96SQ7-2,25.610937118530273,25.480613708496094,321
Q96SQ9-2,13.085456848144531,5.947535037994385,504
Q96SR6-2,28.41742706298828,24.48360252380371,550
Q96SR6-3,28.531875610351562,24.48360252380371,550
Q96SW2-2,25.929704666137695,8.735795974731445,442
Q96SY0-4,11.753929138183594,12.804624557495117,518
Q96SY0-3,11.61987590789795,12.804624557495117,518
Q96SY0-2,11.641176223754883,12.804624557495117,518
Q96T49-2,16.615692138671875,20.998308181762695,567
Q96T52-2,8.834138870239258,8.348897933959961,175
Q96T53-2,7.074492931365967,6.864800930023193,435
Q96T55-3,26.492218017578125,12.316649436950684,309
Q96T55-5,10.826213836669922,12.316649436950684,309
Q96T55-4,16.861759185791016,12.316649436950684,309
Q96T60-2,25.251060485839844,14.159463882446289,521
Q96T66-2,5.55109977722168,7.252172946929932,252
Q96T66-3,7.866823196411133,7.252172946929932,252
Q96T75-4,26.121429443359375,22.04081153869629,97
Q96T75-5,27.407407760620117,22.04081153869629,97
Q96T75-6,27.433238983154297,22.04081153869629,97
Q96T75-2,26.321603775024414,22.04081153869629,97
Q96T75-3,20.738094329833984,22.04081153869629,97
Q96TC7-2,27.072189331054688,21.002092361450195,470
Q99217-2,27.351608276367188,25.924152374267578,191
Q99218-1,26.90066909790039,26.334291458129883,206
Q99259-4,8.427383422851562,9.04638957977295,594
Q99259-3,12.830893516540527,9.04638957977295,594
Q99418-2,21.233081817626953,16.070619583129883,400
Q99426-2,17.11353302001953,13.926985740661621,244
Q99436-2,9.85470199584961,9.122026443481445,277
Q99437-2,6.660921096801758,4.786056041717529,205
Q99439-2,21.671749114990234,21.778457641601562,309
Q99447-4,15.180147171020508,9.778094291687012,389
Q99447-2,10.361798286437988,9.778094291687012,389
Q99471-3,7.391946792602539,7.405000686645508,154
Q99471-2,7.680107116699219,7.405000686645508,154
Q99489-2,3.587360382080078,3.551302433013916,341
Q99489-4,3.6336846351623535,3.551302433013916,341
Q99496-2,22.148832321166992,21.01339340209961,336
Q99502-2,29.834964752197266,23.168048858642578,592
Q99502-3,25.019378662109375,23.168048858642578,592
Q99504-2,29.125289916992188,22.805601119995117,573
Q99504-5,29.155887603759766,22.805601119995117,573
Q99504-4,29.849254608154297,22.805601119995117,573
Q99504-3,29.041231155395508,22.805601119995117,573
Q99536-2,11.555667877197266,8.621227264404297,393
Q99536-3,6.7772626876831055,8.621227264404297,393
Q99538-2,5.0566911697387695,5.41320276260376,433
Q99538-3,5.684551239013672,5.41320276260376,433
Q99542-3,25.441747665405273,18.703632354736328,508
Q99542-4,22.967790603637695,18.703632354736328,508
Q99542-5,22.17467498779297,18.703632354736328,508
Q99571-3,10.730173110961914,9.993882179260254,388
Q99572-7,23.947811126708984,14.41224193572998,595
Q99572-2,20.259750366210938,14.41224193572998,595
Q99572-3,14.40213394165039,14.41224193572998,595
Q99572-5,16.291549682617188,14.41224193572998,595
Q99576-3,24.562213897705078,19.372020721435547,134
Q99578-2,11.967512130737305,10.187177658081055,217
Q99593-2,29.719287872314453,24.58057403564453,518
Q99593-3,27.051048278808594,24.58057403564453,518
Q99612-3,24.012962341308594,23.6602783203125,283
Q99612-2,24.012962341308594,23.6602783203125,283
Q99615-2,15.914974212646484,11.138557434082031,494
Q99619-2,19.979045867919922,10.865387916564941,263
Q99623-2,13.399727821350098,13.753503799438477,299
Q99627-2,11.939924240112305,11.541311264038086,209
Q99640-4,28.357398986816406,19.227867126464844,499
Q99640-2,29.35335922241211,19.227867126464844,499
Q99640-3,29.468820571899414,19.227867126464844,499
Q99643-5,15.387442588806152,10.459157943725586,169
Q99643-3,10.859804153442383,10.459157943725586,169
Q99643-2,12.964044570922852,10.459157943725586,169
Q99643-4,26.787521362304688,10.459157943725586,169
Q99674-2,26.674427032470703,25.133005142211914,318
Q99674-3,28.910602569580078,25.133005142211914,318
Q99685-2,5.216652870178223,5.042762756347656,303
Q99687-3,20.377094268798828,24.466388702392578,375
Q99689-2,29.210952758789062,26.016626358032227,392
Q99697-3,28.936145782470703,25.673635482788086,317
Q99697-2,29.195266723632812,25.673635482788086,317
Q99704-2,28.801692962646484,25.73490333557129,481
Q99704-3,28.908443450927734,25.73490333557129,481
Q99706-5,27.665542602539062,21.59770393371582,377
Q99706-2,25.919036865234375,21.59770393371582,377
Q99706-6,28.314002990722656,21.59770393371582,377
Q99706-3,27.3665828704834,21.59770393371582,377
Q99714-2,2.1715168952941895,2.956665277481079,261
Q99719-2,28.70244598388672,15.023715019226074,369
Q99720-4,6.214916229248047,5.610991477966309,223
Q99720-3,4.951949119567871,5.610991477966309,223
Q99720-5,5.4113240242004395,5.610991477966309,223
Q99720-2,5.450861930847168,5.610991477966309,223
Q99729-3,29.476707458496094,23.99215316772461,332
Q99729-4,29.476707458496094,23.99215316772461,332
Q99729-2,26.722023010253906,23.99215316772461,332
Q99732-3,22.232200622558594,22.380348205566406,161
Q99732-2,22.232200622558594,22.380348205566406,161
Q99733-2,28.372995376586914,15.731605529785156,375
Q99735-2,5.411538124084473,5.098338603973389,147
Q99742-2,29.32512664794922,21.100431442260742,590
Q99747-2,8.888998031616211,8.629673957824707,312
Q99755-2,28.624271392822266,18.827091217041016,562
Q99755-3,28.83548355102539,18.827091217041016,562
Q99755-4,25.126121520996094,18.827091217041016,562
Q99766-3,8.287936210632324,7.631100177764893,200
Q99766-2,8.33719253540039,7.631100177764893,200
Q99784-5,23.50856590270996,16.366470336914062,485
Q99784-3,23.50856590270996,16.366470336914062,485
Q99784-4,26.667354583740234,16.366470336914062,485
Q99784-2,23.725875854492188,16.366470336914062,485
Q99788-2,28.77627944946289,13.471253395080566,373
Q99801-5,28.894258499145508,24.464223861694336,234
Q99801-3,28.336353302001953,24.464223861694336,234
Q99801-4,28.242774963378906,24.464223861694336,234
Q99801-2,27.899890899658203,24.464223861694336,234
Q99807-2,26.743972778320312,10.530017852783203,217
Q99816-2,24.7744197845459,22.130762100219727,390
Q99832-3,10.973901748657227,9.133237838745117,543
Q99832-2,9.312084197998047,9.133237838745117,543
Q99832-4,9.411537170410156,9.133237838745117,543
Q99836-2,19.65936279296875,17.75752067565918,296
Q99836-5,23.87298583984375,17.75752067565918,296
Q99836-3,25.94051742553711,17.75752067565918,296
Q99836-4,25.865623474121094,17.75752067565918,296
Q99871-3,28.18682861328125,23.079172134399414,358
Q99873-2,28.159725189208984,8.822741508483887,371
Q99873-3,27.753541946411133,8.822741508483887,371
Q99873-5,8.783530235290527,8.822741508483887,371
Q99909-2,28.14142608642578,23.088247299194336,188
Q99928-2,18.648910522460938,16.490652084350586,467
Q99932-1,29.22830581665039,27.31646728515625,485
Q99932-2,29.22830581665039,27.31646728515625,485
Q99933-4,29.879962921142578,23.32046127319336,345
Q99933-3,30.103191375732422,23.32046127319336,345
Q99933-2,21.749622344970703,23.32046127319336,345
Q99946-2,29.927352905273438,26.70142936706543,306
Q99952-2,14.802520751953125,17.35699462890625,460
Q99961-2,15.925553321838379,17.25655746459961,368
Q99961-3,14.935803413391113,17.25655746459961,368
Q99963-2,14.619878768920898,15.325764656066895,347
Q99963-3,16.72777557373047,15.325764656066895,347
Q99963-4,25.91054916381836,15.325764656066895,347
Q99967-2,29.60831069946289,27.509876251220703,270
Q9BPV8-2,28.603103637695312,11.98757553100586,354
Q9BPW4-3,23.938514709472656,21.99900245666504,351
Q9BPW4-2,27.590503692626953,21.99900245666504,351
Q9BPW9-2,5.465274810791016,5.027446746826172,319
Q9BPW9-3,5.712186336517334,5.027446746826172,319
Q9BPX6-5,17.688325881958008,15.358798027038574,476
Q9BPX6-4,17.688325881958008,15.358798027038574,476
Q9BPX6-2,14.071476936340332,15.358798027038574,476
Q9BPY8-2,11.327083587646484,8.584349632263184,73
Q9BPY8-4,19.416667938232422,8.584349632263184,73
Q9BPZ7-4,27.96937370300293,23.405014038085938,522
Q9BPZ7-2,23.320987701416016,23.405014038085938,522
Q9BPZ7-3,22.428848266601562,23.405014038085938,522
Q9BPZ7-5,26.904680252075195,23.405014038085938,522
Q9BPZ7-6,26.200359344482422,23.405014038085938,522
Q9BQ13-2,27.111408233642578,11.695855140686035,255
Q9BQ15-2,24.76388931274414,19.752498626708984,211
Q9BQ16-7,28.84113883972168,25.047622680664062,436
Q9BQ16-6,28.83352279663086,25.047622680664062,436
Q9BQ16-4,28.571552276611328,25.047622680664062,436
Q9BQ16-9,28.627304077148438,25.047622680664062,436
Q9BQ16-1,27.259044647216797,25.047622680664062,436
Q9BQ16-2,27.39206314086914,25.047622680664062,436
Q9BQ16-5,28.897642135620117,25.047622680664062,436
Q9BQ16-8,27.428070068359375,25.047622680664062,436
Q9BQ51-2,14.45513916015625,14.461538314819336,273
Q9BQ51-3,16.633060455322266,14.461538314819336,273
Q9BQ65-2,9.961875915527344,13.627753257751465,265
Q9BQ65-3,14.508012771606445,13.627753257751465,265
Q9BQ75-2,26.535327911376953,15.084403038024902,279
Q9BQ95-4,19.14081573486328,17.657026290893555,431
Q9BQ95-2,19.14635467529297,17.657026290893555,431
Q9BQ95-3,19.299409866333008,17.657026290893555,431
Q9BQA1-2,5.880198955535889,7.082487106323242,342
Q9BQA5-2,27.25389862060547,20.876882553100586,517
Q9BQA9-2,13.05615234375,12.79353141784668,187
Q9BQB4-2,24.133251190185547,22.619586944580078,213
Q9BQB6-2,7.229108810424805,6.597237586975098,163
Q9BQB6-3,7.224630355834961,6.597237586975098,163
Q9BQC3-3,11.486540794372559,11.2113618850708,489
Q9BQC3-2,11.592046737670898,11.2113618850708,489
Q9BQE6-2,28.3120059967041,27.60875701904297,289
Q9BQE9-2,28.735782623291016,25.416282653808594,202
Q9BQE9-4,28.670116424560547,25.416282653808594,202
Q9BQE9-3,29.436187744140625,25.416282653808594,202
Q9BQG2-2,22.46390151977539,14.200647354125977,462
Q9BQI0-4,12.735674858093262,10.43648910522461,150
Q9BQI0-3,8.645687103271484,10.43648910522461,150
Q9BQI4-2,20.3937931060791,18.017696380615234,270
Q9BQI9-2,27.08148193359375,23.130014419555664,281
Q9BQP9-2,12.334412574768066,15.2127685546875,254
Q9BQQ3-2,26.230457305908203,23.372272491455078,440
Q9BQQ3-3,26.990886688232422,23.372272491455078,440
Q9BQS2-2,16.125595092773438,18.149147033691406,421
Q9BQS2-3,28.717967987060547,18.149147033691406,421
Q9BQS2-4,16.83049774169922,18.149147033691406,421
Q9BQT8-2,12.088926315307617,5.940392017364502,299
Q9BQY9-3,28.85271453857422,27.153888702392578,259
Q9BQY9-2,29.18414878845215,27.153888702392578,259
Q9BQY9-4,29.499813079833984,27.153888702392578,259
Q9BR01-2,6.283455848693848,7.255988597869873,284
Q9BR77-2,28.584636688232422,22.450437545776367,488
Q9BR84-2,28.01962661743164,24.144418716430664,538
Q9BRA0-2,26.21160125732422,14.889663696289062,125
Q9BRF8-2,3.8976826667785645,3.771045446395874,314
Q9BRF8-3,4.520881175994873,3.771045446395874,314
Q9BRG2-2,19.670963287353516,20.385751724243164,576
Q9BRJ7-2,5.135991096496582,4.713955402374268,211
Q9BRK3-3,28.21075439453125,20.161386489868164,442
Q9BRK3-2,29.033309936523438,20.161386489868164,442
Q9BRK3-4,18.59027099609375,20.161386489868164,442
Q9BRK5-2,17.55362319946289,13.166218757629395,362
Q9BRK5-4,13.727497100830078,13.166218757629395,362
Q9BRK5-6,13.12718391418457,13.166218757629395,362
Q9BRK5-5,13.619413375854492,13.166218757629395,362
Q9BRK5-3,13.727497100830078,13.166218757629395,362
Q9BRL6-2,28.048051834106445,25.325424194335938,282
Q9BRL7-3,23.88728904724121,17.458942413330078,303
Q9BRL7-2,22.29727554321289,17.458942413330078,303
Q9BRN9-2,26.800556182861328,15.272238731384277,247
Q9BRP0-2,26.661155700683594,22.925857543945312,275
Q9BRP4-3,5.549631118774414,4.468047142028809,392
Q9BRP4-2,6.135223388671875,4.468047142028809,392
Q9BRP8-2,27.292274475097656,22.910587310791016,204
Q9BRQ3-3,5.884006500244141,5.110337734222412,303
Q9BRQ3-2,5.570301532745361,5.110337734222412,303
Q9BRQ4-2,8.425477027893066,4.932163238525391,267
Q9BRQ4-3,6.156434535980225,4.932163238525391,267
Q9BRQ8-2,4.0142035484313965,4.200497150421143,373
Q9BRR0-2,28.675865173339844,24.817729949951172,538
Q9BRR6-4,8.956064224243164,8.87378215789795,497
Q9BRR6-3,10.236653327941895,8.87378215789795,497
Q9BRR6-2,12.118951797485352,8.87378215789795,497
Q9BRR6-5,28.641128540039062,8.87378215789795,497
Q9BRR6-6,19.4207820892334,8.87378215789795,497
Q9BRS8-2,29.658912658691406,25.671836853027344,491
Q9BRT8-3,11.252099990844727,13.5968599319458,395
Q9BRT8-4,18.759540557861328,13.5968599319458,395
Q9BRT9-2,9.710981369018555,8.373022079467773,223
Q9BRU9-2,17.80333137512207,15.172110557556152,249
Q9BRV3-3,6.212519645690918,6.051555156707764,221
Q9BRV3-2,6.363239288330078,6.051555156707764,221
Q9BRX5-2,8.60878849029541,8.910258293151855,216
Q9BRX8-2,23.51480484008789,8.7582426071167,229
Q9BRY0-2,10.681556701660156,11.883321762084961,314
Q9BS86-2,18.2257137298584,14.049650192260742,351
Q9BSA4-2,18.329105377197266,14.876625061035156,534
Q9BSA9-2,12.876988410949707,11.632207870483398,504
Q9BSD3-2,26.761478424072266,26.198591232299805,238
Q9BSF8-2,28.281496047973633,22.014427185058594,475
Q9BSG1-4,27.514280319213867,21.52863121032715,425
Q9BSG1-3,27.42770004272461,21.52863121032715,425
Q9BSH3-2,28.547096252441406,17.078929901123047,213
Q9BSI4-3,22.748722076416016,22.725133895874023,451
Q9BSI4-2,27.348155975341797,22.725133895874023,451
Q9BSJ1-2,12.45428466796875,9.924999237060547,452
Q9BSJ6-2,27.7618408203125,26.64299964904785,248
Q9BSK1-2,28.144046783447266,23.422983169555664,485
Q9BSM1-3,20.36264419555664,17.3944034576416,259
Q9BSQ5-3,23.6697998046875,22.959835052490234,444
Q9BSQ5-4,24.617563247680664,22.959835052490234,444
Q9BSQ5-2,29.950319290161133,22.959835052490234,444
Q9BST9-3,23.07801055908203,19.61585807800293,563
Q9BST9-2,26.48933982849121,19.61585807800293,563
Q9BSU1-2,10.76840877532959,9.147104263305664,422
Q9BSY4-2,25.225379943847656,12.927851676940918,110
Q9BSY9-2,8.671090126037598,10.706185340881348,194
Q9BT09-2,25.51802635192871,19.339954376220703,278
Q9BT17-2,8.336084365844727,7.938748359680176,334
Q9BT22-2,8.302299499511719,6.082988262176514,464
Q9BT25-2,29.514633178710938,25.787609100341797,410
Q9BT25-3,27.977994918823242,25.787609100341797,410
Q9BT40-2,9.814428329467773,8.439114570617676,448
Q9BT67-2,29.796573638916016,23.55748176574707,221
Q9BT76-3,28.976455688476562,23.345918655395508,320
Q9BT76-2,28.867408752441406,23.345918655395508,320
Q9BT78-2,15.061376571655273,8.247864723205566,406
Q9BT81-2,27.32783317565918,26.724367141723633,388
Q9BTC8-2,27.508342742919922,19.541027069091797,594
Q9BTE0-2,7.247572898864746,4.359121799468994,207
Q9BTE1-2,9.619791984558105,7.700277805328369,182
Q9BTE1-3,9.725030899047852,7.700277805328369,182
Q9BTE6-2,7.377500057220459,8.050982475280762,412
Q9BTE6-3,7.377500057220459,8.050982475280762,412
Q9BTF0-2,16.191755294799805,15.060811996459961,503
Q9BTM1-2,20.479969024658203,8.528213500976562,129
Q9BTM9-3,3.9208438396453857,3.510146141052246,101
Q9BTM9-2,4.342347621917725,3.510146141052246,101
Q9BTT0-3,16.586505889892578,19.113082885742188,268
Q9BTT0-2,15.536262512207031,19.113082885742188,268
Q9BTT6-2,12.045226097106934,11.824908256530762,524
Q9BTX3-2,15.622123718261719,13.54134750366211,173
Q9BTY2-2,8.664985656738281,6.298731327056885,467
Q9BTZ2-8,7.15635871887207,6.63330078125,278
Q9BTZ2-6,9.854154586791992,6.63330078125,278
Q9BTZ2-2,5.821765899658203,6.63330078125,278
Q9BTZ2-3,6.616850852966309,6.63330078125,278
Q9BTZ2-5,6.616850852966309,6.63330078125,278
Q9BTZ2-7,7.139462471008301,6.63330078125,278
Q9BU02-2,7.949824810028076,8.018865585327148,230
Q9BU19-4,28.13945198059082,26.824016571044922,519
Q9BU19-3,28.96005630493164,26.824016571044922,519
Q9BU19-2,28.21658706665039,26.824016571044922,519
Q9BU40-3,28.676380157470703,25.01036834716797,456
Q9BU40-4,28.676380157470703,25.01036834716797,456
Q9BU64-2,28.674699783325195,16.923189163208008,300
Q9BU76-2,29.046646118164062,25.561349868774414,263
Q9BU76-3,29.1669921875,25.561349868774414,263
Q9BU76-4,29.33625602722168,25.561349868774414,263
Q9BUB4-2,11.470321655273438,12.52811050415039,502
Q9BUB5-3,17.607831954956055,17.12677001953125,465
Q9BUB5-2,24.3079833984375,17.12677001953125,465
Q9BUB7-2,24.949180603027344,18.445709228515625,260
Q9BUB7-3,23.935955047607422,18.445709228515625,260
Q9BUF7-2,26.388744354248047,20.05145835876465,120
Q9BUG6-2,27.882551193237305,24.84665298461914,496
Q9BUH6-2,14.941145896911621,15.616782188415527,204
Q9BUK0-5,9.76243782043457,6.452871799468994,85
Q9BUK0-3,17.684524536132812,6.452871799468994,85
Q9BUK6-5,10.105798721313477,10.54675579071045,570
Q9BUK6-7,11.142961502075195,10.54675579071045,570
Q9BUK6-6,10.817520141601562,10.54675579071045,570
Q9BUK6-2,13.159929275512695,10.54675579071045,570
Q9BUK6-3,17.046445846557617,10.54675579071045,570
Q9BUK6-4,11.679529190063477,10.54675579071045,570
Q9BUL5-3,29.63121795654297,27.571884155273438,403
Q9BUL5-2,29.764480590820312,27.571884155273438,403
Q9BUL5-4,29.54949188232422,27.571884155273438,403
Q9BUN1-2,28.166522979736328,26.07630729675293,341
Q9BUN5-3,22.204822540283203,21.676549911499023,200
Q9BUN8-2,8.262121200561523,11.312042236328125,251
Q9BUP0-2,23.375288009643555,19.713817596435547,239
Q9BUP3-2,7.043606758117676,6.797998905181885,242
Q9BUR5-2,15.809821128845215,18.096162796020508,198
Q9BUT1-3,2.7915635108947754,2.621591091156006,245
Q9BUT1-2,2.91170072555542,2.621591091156006,245
Q9BUU2-3,17.123340606689453,15.794683456420898,404
Q9BUU2-2,21.446439743041992,15.794683456420898,404
Q9BUV0-3,29.75754165649414,27.489797592163086,290
Q9BUV0-2,29.741195678710938,27.489797592163086,290
Q9BUV8-2,19.981197357177734,17.093185424804688,137
Q9BUV8-3,17.106693267822266,17.093185424804688,137
Q9BUV8-4,19.99614715576172,17.093185424804688,137
Q9BUV8-5,19.99614715576172,17.093185424804688,137
Q9BUX1-2,9.257062911987305,10.123224258422852,222
Q9BUY7-2,13.637140274047852,8.962663650512695,163
Q9BUY7-3,22.133541107177734,8.962663650512695,163
Q9BUY7-5,10.023478507995605,8.962663650512695,163
Q9BUY7-6,10.960054397583008,8.962663650512695,163
Q9BUY7-4,10.834574699401855,8.962663650512695,163
Q9BUZ4-2,22.37607765197754,17.982019424438477,470
Q9BV20-2,3.7096731662750244,4.3958330154418945,369
Q9BV29-3,28.869722366333008,24.53846549987793,185
Q9BV35-4,15.11215591430664,15.480508804321289,468
Q9BV35-2,15.11215591430664,15.480508804321289,468
Q9BV35-3,24.424150466918945,15.480508804321289,468
Q9BV47-2,11.02037239074707,11.1366548538208,211
Q9BV57-2,3.1660256385803223,2.781810760498047,179
Q9BV79-2,16.234848022460938,7.93593692779541,373
Q9BV86-2,2.7974658012390137,2.628627061843872,223
Q9BV94-2,8.55840015411377,11.254528999328613,578
Q9BV97-2,28.229522705078125,24.354976654052734,330
Q9BVC4-5,5.619999885559082,6.810088634490967,326
Q9BVC4-3,8.309440612792969,6.810088634490967,326
Q9BVC4-4,20.031475067138672,6.810088634490967,326
Q9BVC5-2,28.8037109375,24.783367156982422,232
Q9BVG3-2,24.832233428955078,15.848066329956055,475
Q9BVK2-2,6.986447334289551,6.174623012542725,526
Q9BVK8-2,6.07282829284668,6.035215854644775,224
Q9BVL2-2,29.5224609375,26.668500900268555,599
Q9BVL2-3,28.76355743408203,26.668500900268555,599
Q9BVP2-2,27.349084854125977,19.241857528686523,549
Q9BVS4-2,29.391231536865234,21.291240692138672,552
Q9BVX2-2,12.588174819946289,16.174095153808594,250
Q9BW11-3,27.75438690185547,21.763338088989258,206
Q9BW11-2,17.8745059967041,21.763338088989258,206
Q9BW11-4,27.75438690185547,21.763338088989258,206
Q9BW60-2,5.297178268432617,6.159722805023193,279
Q9BW66-3,27.678571701049805,9.072379112243652,212
Q9BW66-2,10.146613121032715,9.072379112243652,212
Q9BW71-2,29.454456329345703,27.464963912963867,556
Q9BW71-3,29.175823211669922,27.464963912963867,556
Q9BW83-2,3.327026844024658,4.985662937164307,186
Q9BW91-2,28.307600021362305,10.895779609680176,350
Q9BWD1-2,5.383538722991943,3.081124782562256,397
Q9BWF3-3,28.03685760498047,24.737600326538086,364
Q9BWF3-4,28.102766036987305,24.737600326538086,364
Q9BWF3-2,28.03685760498047,24.737600326538086,364
Q9BWG4-2,29.405521392822266,27.58527946472168,385
Q9BWG6-2,24.28095245361328,23.954631805419922,230
Q9BWG6-3,28.63076400756836,23.954631805419922,230
Q9BWK5-2,29.27755355834961,25.192462921142578,157
Q9BWK5-3,28.69536590576172,25.192462921142578,157
Q9BWK5-4,29.30777359008789,25.192462921142578,157
Q9BWL3-3,26.34978485107422,19.415300369262695,253
Q9BWL3-2,22.108850479125977,19.415300369262695,253
Q9BWL3-5,22.027549743652344,19.415300369262695,253
Q9BWL3-4,20.306238174438477,19.415300369262695,253
Q9BWP8-8,27.742326736450195,19.102285385131836,271
Q9BWP8-7,27.719348907470703,19.102285385131836,271
Q9BWP8-6,27.496416091918945,19.102285385131836,271
Q9BWP8-5,27.452167510986328,19.102285385131836,271
Q9BWP8-4,28.085674285888672,19.102285385131836,271
Q9BWP8-3,26.985830307006836,19.102285385131836,271
Q9BWP8-2,26.22646713256836,19.102285385131836,271
Q9BWP8-9,27.496416091918945,19.102285385131836,271
Q9BWQ8-2,29.769805908203125,16.123327255249023,316
Q9BWS9-3,5.310996055603027,7.253300666809082,393
Q9BWT1-5,28.999347686767578,24.181594848632812,371
Q9BWT1-4,28.792491912841797,24.181594848632812,371
Q9BWT1-3,21.573894500732422,24.181594848632812,371
Q9BWU1-2,13.273152351379395,16.047714233398438,502
Q9BWV2-3,28.370628356933594,25.41575813293457,254
Q9BWV2-2,28.20513153076172,25.41575813293457,254
Q9BWV3-4,15.188953399658203,13.024039268493652,514
Q9BWV3-3,14.662940979003906,13.024039268493652,514
Q9BWV3-2,18.919546127319336,13.024039268493652,514
Q9BWW4-2,29.556324005126953,27.451974868774414,388
Q9BWW4-3,29.10808563232422,27.451974868774414,388
Q9BWX1-2,17.486881256103516,17.717424392700195,381
Q9BX40-2,29.661718368530273,26.834306716918945,385
Q9BX40-3,27.31640625,26.834306716918945,385
Q9BX46-5,24.114877700805664,23.76924705505371,236
Q9BX46-2,23.782020568847656,23.76924705505371,236
Q9BX59-3,15.406600952148438,15.930861473083496,468
Q9BX59-7,28.80312156677246,15.930861473083496,468
Q9BX59-4,17.84907341003418,15.930861473083496,468
Q9BX59-6,17.84907341003418,15.930861473083496,468
Q9BX59-5,17.43526840209961,15.930861473083496,468
Q9BX67-2,11.646566390991211,13.857325553894043,310
Q9BX70-2,22.436664581298828,18.06821632385254,525
Q9BX73-2,19.550647735595703,13.700170516967773,214
Q9BX93-2,12.77319622039795,16.444496154785156,195
Q9BXD5-3,9.235394477844238,5.227002143859863,320
Q9BXD5-4,6.517976760864258,5.227002143859863,320
Q9BXD5-2,4.912235736846924,5.227002143859863,320
Q9BXD5-5,5.062904357910156,5.227002143859863,320
Q9BXI9-3,25.97901153564453,20.524572372436523,278
Q9BXI9-1,29.070310592651367,20.524572372436523,278
Q9BXJ4-2,25.395767211914062,18.176746368408203,246
Q9BXJ8-2,10.280353546142578,8.897278785705566,343
Q9BXK5-2,28.2598876953125,24.26704216003418,485
Q9BXK5-4,25.60015106201172,24.26704216003418,485
Q9BXM7-2,15.778697967529297,14.788195610046387,581
Q9BXM9-3,27.748380661010742,16.1337947845459,530
Q9BXM9-2,23.895740509033203,16.1337947845459,530
Q9BXN2-5,26.950496673583984,19.642379760742188,247
Q9BXN2-2,26.988481521606445,19.642379760742188,247
Q9BXN2-10,28.207836151123047,19.642379760742188,247
Q9BXN2-7,28.207836151123047,19.642379760742188,247
Q9BXN2-9,28.203418731689453,19.642379760742188,247
Q9BXN2-6,28.207836151123047,19.642379760742188,247
Q9BXN2-8,29.379783630371094,19.642379760742188,247
Q9BXN2-3,20.370445251464844,19.642379760742188,247
Q9BXN2-4,20.370445251464844,19.642379760742188,247
Q9BXQ6-2,24.493785858154297,23.655248641967773,578
Q9BXR0-2,5.741400718688965,5.060938835144043,403
Q9BXS6-6,28.356103897094727,27.38649559020996,441
Q9BXS6-4,29.38894271850586,27.38649559020996,441
Q9BXS6-5,27.60909080505371,27.38649559020996,441
Q9BXS6-2,27.920455932617188,27.38649559020996,441
Q9BXS6-3,29.38894271850586,27.38649559020996,441
Q9BXS6-7,28.236019134521484,27.38649559020996,441
Q9BXU9-1,29.60110855102539,21.933177947998047,261
Q9BXW7-2,27.972192764282227,10.552766799926758,423
Q9BXY4-2,26.789487838745117,18.967208862304688,272
Q9BXY5-2,29.288639068603516,20.384492874145508,538
Q9BXY5-3,22.172183990478516,20.384492874145508,538
Q9BY08-5,5.734325408935547,4.99783182144165,206
Q9BY08-4,5.734325408935547,4.99783182144165,206
Q9BY08-3,6.270634651184082,4.99783182144165,206
Q9BY08-2,5.734325408935547,4.99783182144165,206
Q9BY32-2,3.4833831787109375,3.3848178386688232,194
Q9BY32-3,3.519049882888794,3.3848178386688232,194
Q9BY41-5,4.265228748321533,4.338143348693848,377
Q9BY41-4,4.714035987854004,4.338143348693848,377
Q9BY41-8,5.267553329467773,4.338143348693848,377
Q9BY41-7,5.267553329467773,4.338143348693848,377
Q9BY41-6,7.660587310791016,4.338143348693848,377
Q9BY44-3,11.822320938110352,14.552989959716797,585
Q9BY44-4,12.636371612548828,14.552989959716797,585
Q9BY44-2,14.885932922363281,14.552989959716797,585
Q9BY49-2,4.583958625793457,4.17788028717041,303
Q9BY64-2,7.127629280090332,6.713237285614014,529
Q9BY67-2,27.920021057128906,18.18682098388672,442
Q9BY67-5,25.671367645263672,18.18682098388672,442
Q9BY76-3,28.911571502685547,19.933303833007812,406
Q9BY76-2,16.29616355895996,19.933303833007812,406
Q9BY77-2,29.05172348022461,27.104455947875977,421
Q9BY79-2,26.60791015625,24.378673553466797,579
Q9BYB4-2,5.232702255249023,5.315340042114258,327
Q9BYC5-3,19.171279907226562,11.119688034057617,575
Q9BYC5-4,9.588235855102539,11.119688034057617,575
Q9BYC5-2,12.635571479797363,11.119688034057617,575
Q9BYC9-2,9.511918067932129,8.111751556396484,149
Q9BYD3-2,12.881048202514648,12.36279582977295,311
Q9BYE2-2,26.55184555053711,18.754825592041016,586
Q9BYE2-6,26.55184555053711,18.754825592041016,586
Q9BYE2-3,29.419334411621094,18.754825592041016,586
Q9BYE2-4,17.564836502075195,18.754825592041016,586
Q9BYE7-3,22.791946411132812,22.96454620361328,350
Q9BYG4-2,24.19446563720703,21.848722457885742,376
Q9BYG5-2,22.58818817138672,20.953296661376953,372
Q9BYG7-5,26.889902114868164,13.615212440490723,248
Q9BYG7-6,11.05180549621582,13.615212440490723,248
Q9BYG7-2,19.557178497314453,13.615212440490723,248
Q9BYI3-3,28.969451904296875,20.950286865234375,521
Q9BYI3-2,28.907161712646484,20.950286865234375,521
Q9BYJ4-2,21.79598045349121,18.045215606689453,488
Q9BYJ9-2,29.448028564453125,25.551408767700195,559
Q9BYM8-3,27.966537475585938,21.142471313476562,510
Q9BYM8-4,25.215059280395508,21.142471313476562,510
Q9BYT1-3,7.911630630493164,7.065619468688965,436
Q9BYT1-2,19.136695861816406,7.065619468688965,436
Q9BYT3-2,27.354537963867188,20.540550231933594,514
Q9BYV1-2,5.812969207763672,7.2988691329956055,514
Q9BYV6-4,26.892765045166016,24.321420669555664,548
Q9BYV6-2,28.594417572021484,24.321420669555664,548
Q9BYV6-3,29.22463035583496,24.321420669555664,548
Q9BYV7-6,14.044434547424316,8.242354393005371,579
Q9BYV7-2,28.048812866210938,8.242354393005371,579
Q9BYV7-4,6.900066375732422,8.242354393005371,579
Q9BYV7-5,6.635808944702148,8.242354393005371,579
Q9BYV8-2,19.60675048828125,20.328378677368164,373
Q9BYV8-5,26.470134735107422,20.328378677368164,373
Q9BYV8-4,23.049198150634766,20.328378677368164,373
Q9BYW1-3,17.757143020629883,7.484257221221924,496
Q9BYW1-4,17.757143020629883,7.484257221221924,496
Q9BYW1-2,20.526262283325195,7.484257221221924,496
Q9BYZ8-2,14.69849967956543,10.02447509765625,158
Q9BZ23-2,21.200464248657227,17.903785705566406,570
Q9BZ23-3,28.91006851196289,17.903785705566406,570
Q9BZ23-4,28.897579193115234,17.903785705566406,570
Q9BZ67-3,10.014431953430176,13.767580032348633,464
Q9BZ67-2,10.686405181884766,13.767580032348633,464
Q9BZB8-4,23.63513946533203,22.261783599853516,566
Q9BZB8-2,29.560787200927734,22.261783599853516,566
Q9BZB8-3,23.642566680908203,22.261783599853516,566
Q9BZC1-5,27.929073333740234,25.59221649169922,486
Q9BZC1-3,27.688068389892578,25.59221649169922,486
Q9BZC1-2,28.570343017578125,25.59221649169922,486
Q9BZC1-4,27.11855697631836,25.59221649169922,486
Q9BZD2-2,13.846442222595215,11.3472261428833,475
Q9BZE9-4,28.563405990600586,23.782262802124023,553
Q9BZE9-3,25.616580963134766,23.782262802124023,553
Q9BZG1-2,6.892928123474121,9.602510452270508,259
Q9BZG1-4,6.759109973907471,9.602510452270508,259
Q9BZG2-2,9.50996208190918,11.321078300476074,426
Q9BZG2-3,20.914506912231445,11.321078300476074,426
Q9BZG8-2,14.237520217895508,10.443506240844727,438
Q9BZI7-2,28.50245475769043,26.678647994995117,483
Q9BZJ3-2,8.884596824645996,10.243443489074707,242
Q9BZJ4-2,26.868730545043945,12.850380897521973,359
Q9BZP6-2,10.139379501342773,10.429017066955566,476
Q9BZP6-3,9.99415397644043,10.429017066955566,476
Q9BZQ4-2,10.761573791503906,13.909526824951172,307
Q9BZR8-3,19.804630279541016,20.365888595581055,327
Q9BZR8-2,19.804630279541016,20.365888595581055,327
Q9BZS1-2,27.993976593017578,25.589677810668945,431
Q9BZS1-3,27.848392486572266,25.589677810668945,431
Q9BZS1-4,25.39649772644043,25.589677810668945,431
Q9BZV1-2,28.787540435791016,19.003135681152344,441
Q9BZW4-2,4.983968257904053,5.872854709625244,377
Q9BZW5-2,4.707250595092773,4.990621089935303,370
Q9BZW8-3,27.304546356201172,23.420869827270508,370
Q9BZW8-2,20.959999084472656,23.420869827270508,370
Q9BZW8-4,25.837223052978516,23.420869827270508,370
Q9BZX2-2,10.96023941040039,9.816840171813965,261
Q9BZX4-2,18.880390167236328,13.701717376708984,212
Q9BZY9-2,22.614337921142578,20.175518035888672,425
Q9BZZ5-3,23.37480926513672,12.423744201660156,524
Q9BZZ5-2,29.668519973754883,12.423744201660156,524
Q9BZZ5-5,12.930877685546875,12.423744201660156,524
Q9BZZ5-1,29.670841217041016,12.423744201660156,524
Q9BZZ5-6,12.662169456481934,12.423744201660156,524
Q9C004-2,29.290409088134766,24.206317901611328,299
Q9C029-3,26.275894165039062,20.837692260742188,511
Q9C029-4,26.424964904785156,20.837692260742188,511
Q9C029-1,26.441476821899414,20.837692260742188,511
Q9C030-3,26.43808364868164,20.739410400390625,488
Q9C035-5,24.516075134277344,19.693164825439453,493
Q9C035-6,24.597728729248047,19.693164825439453,493
Q9C035-4,24.6120548248291,19.693164825439453,493
Q9C035-2,20.39199447631836,19.693164825439453,493
Q9C035-3,24.6120548248291,19.693164825439453,493
Q9C037-3,27.98627471923828,18.81971549987793,500
Q9C037-2,21.542274475097656,18.81971549987793,500
Q9C073-2,29.869129180908203,28.102602005004883,453
Q9C075-2,27.50823402404785,23.8284969329834,422
Q9C0B1-4,7.187071800231934,7.137558937072754,505
Q9C0B1-3,7.460136413574219,7.137558937072754,505
Q9C0B1-2,7.277377605438232,7.137558937072754,505
Q9C0D0-2,27.28921890258789,26.838165283203125,580
Q9C0E8-2,26.579315185546875,24.97136688232422,428
Q9C0E8-3,26.92316436767578,24.97136688232422,428
Q9C0F1-2,28.4110107421875,24.879987716674805,390
Q9C0H2-4,28.046607971191406,14.505485534667969,523
Q9C0H2-2,11.520589828491211,14.505485534667969,523
Q9C0H2-3,14.211329460144043,14.505485534667969,523
Q9C0I9-2,27.602251052856445,25.85996437072754,530
Q9C0I9-4,29.402908325195312,25.85996437072754,530
Q9C0I9-3,29.686487197875977,25.85996437072754,530
Q9C0J1-2,28.85297393798828,12.230844497680664,378
Q9C0K1-2,25.168270111083984,18.052324295043945,460
Q9C0K1-3,15.691537857055664,18.052324295043945,460
Q9C0K3-2,10.732215881347656,7.223015785217285,210
Q9C0K7-3,15.999015808105469,14.727496147155762,418
Q9C0K7-2,20.42071533203125,14.727496147155762,418
Q9GZM3-2,5.4339799880981445,4.926653861999512,115
Q9GZM7-3,9.626665115356445,12.439756393432617,467
Q9GZM7-2,28.787553787231445,12.439756393432617,467
Q9GZM8-3,28.796348571777344,21.993732452392578,345
Q9GZM8-2,28.796348571777344,21.993732452392578,345
Q9GZN1-2,6.846324920654297,5.76610803604126,396
Q9GZN2-2,25.288429260253906,24.231943130493164,237
Q9GZP0-2,22.65453338623047,22.963754653930664,370
Q9GZP4-2,9.833333969116211,13.561869621276855,211
Q9GZP8-2,28.838586807250977,24.624956130981445,106
Q9GZR2-2,24.088897705078125,22.98210334777832,422
Q9GZS1-1,25.6766357421875,19.972209930419922,419
Q9GZS9-2,29.052021026611328,10.554329872131348,411
Q9GZT3-2,7.880841255187988,11.456948280334473,109
Q9GZT6-3,23.106096267700195,18.479089736938477,254
Q9GZT6-2,27.714385986328125,18.479089736938477,254
Q9GZT8-2,24.58089828491211,8.069408416748047,377
Q9GZT8-3,7.9105448722839355,8.069408416748047,377
Q9GZT9-3,28.045894622802734,20.642839431762695,426
Q9GZT9-2,15.790335655212402,20.642839431762695,426
Q9GZU0-2,16.421886444091797,11.716500282287598,229
Q9GZU3-4,17.22353172302246,15.520915985107422,492
Q9GZU3-3,29.049898147583008,15.520915985107422,492
Q9GZU3-2,18.761154174804688,15.520915985107422,492
Q9GZU7-2,18.85769271850586,13.426182746887207,261
Q9GZU7-3,24.99603271484375,13.426182746887207,261
Q9GZV1-2,16.54420280456543,20.44478416442871,360
Q9GZW5-2,27.588272094726562,24.81241226196289,306
Q9GZW8-2,18.467578887939453,19.347881317138672,240
Q9GZX7-2,5.228191375732422,7.546372890472412,198
Q9GZX9-2,26.220932006835938,18.87872314453125,223
Q9GZY6-2,28.86414909362793,26.299665451049805,243
Q9GZY8-4,28.949382781982422,26.770870208740234,342
Q9GZY8-5,28.978609085083008,26.770870208740234,342
Q9GZY8-3,28.949382781982422,26.770870208740234,342
Q9GZY8-2,29.377647399902344,26.770870208740234,342
Q9GZZ1-2,6.510170936584473,5.99205207824707,169
Q9GZZ7-2,24.405742645263672,17.961320877075195,299
Q9GZZ7-3,18.943065643310547,17.961320877075195,299
Q9GZZ9-2,18.60357666015625,13.23486042022705,404
Q9H000-2,27.725387573242188,22.709938049316406,416
Q9H008-2,3.5249431133270264,3.0983128547668457,270
Q9H019-2,29.012840270996094,26.582448959350586,292
Q9H019-3,27.925594329833984,26.582448959350586,292
Q9H040-2,29.261028289794922,24.698152542114258,489
Q9H040-3,24.171344757080078,24.698152542114258,489
Q9H061-2,8.642913818359375,7.869217395782471,195
Q9H069-2,13.161304473876953,12.368435859680176,523
Q9H074-3,29.522235870361328,22.196224212646484,479
Q9H074-2,29.315807342529297,22.196224212646484,479
Q9H095-2,26.01901626586914,22.736488342285156,443
Q9H0A6-4,26.269344329833984,20.08761215209961,362
Q9H0A6-2,17.553691864013672,20.08761215209961,362
Q9H0A6-5,23.36297607421875,20.08761215209961,362
Q9H0A6-6,24.96135711669922,20.08761215209961,362
Q9H0A8-3,17.39617156982422,13.914750099182129,199
Q9H0A8-2,20.335372924804688,13.914750099182129,199
Q9H0A9-2,29.282100677490234,22.423295974731445,340
Q9H0B8-5,23.797557830810547,20.16117286682129,497
Q9H0B8-3,23.02337646484375,20.16117286682129,497
Q9H0B8-2,20.663515090942383,20.16117286682129,497
Q9H0B8-4,24.943105697631836,20.16117286682129,497
Q9H0C5-2,20.80375862121582,15.670666694641113,482
Q9H0E2-2,22.188159942626953,19.736066818237305,274
Q9H0F5-5,29.53244972229004,27.40397834777832,515
Q9H0F5-3,29.120342254638672,27.40397834777832,515
Q9H0F5-2,28.916000366210938,27.40397834777832,515
Q9H0F5-4,29.3721923828125,27.40397834777832,515
Q9H0F6-2,28.24504852294922,22.942176818847656,387
Q9H0F7-2,7.601474761962891,4.063475608825684,186
Q9H0I2-2,28.593128204345703,24.01222038269043,346
Q9H0I3-2,22.836200714111328,21.420040130615234,377
Q9H0P0-3,24.136188507080078,8.653176307678223,336
Q9H0P0-2,24.509824752807617,8.653176307678223,336
Q9H0P0-1,24.846477508544922,8.653176307678223,336
Q9H0Q3-2,24.67359161376953,18.28864288330078,95
Q9H0R1-2,15.35944938659668,11.953198432922363,490
Q9H0R3-2,13.998605728149414,12.173192024230957,208
Q9H0R4-2,4.165022850036621,3.8405957221984863,259
Q9H0R5-4,13.754201889038086,10.828483581542969,595
Q9H0R6-2,5.181957244873047,4.841544151306152,528
Q9H0R8-2,4.082341194152832,3.0884652137756348,117
Q9H0S4-2,12.33314037322998,13.285033226013184,455
Q9H0T7-2,11.043121337890625,10.009411811828613,212
Q9H0U3-2,16.759756088256836,13.626455307006836,335
Q9H0V9-3,15.3145170211792,14.412521362304688,348
Q9H0W8-2,14.256525039672852,18.9435977935791,520
Q9H0W9-2,3.198524236679077,2.8480825424194336,315
Q9H0W9-4,2.86674165725708,2.8480825424194336,315
Q9H0W9-3,2.67849063873291,2.8480825424194336,315
Q9H0X4-2,12.006244659423828,13.157126426696777,552
Q9H0Y0-2,13.622747421264648,12.247934341430664,220
Q9H0Z9-2,29.477622985839844,24.051067352294922,239
Q9H115-2,7.732204437255859,8.588655471801758,298
Q9H115-3,11.105476379394531,8.588655471801758,298
Q9H160-2,22.409725189208984,22.24894142150879,280
Q9H169-3,24.0013370513916,18.332998275756836,189
Q9H169-4,28.135845184326172,18.332998275756836,189
Q9H171-6,28.833168029785156,26.027145385742188,429
Q9H171-5,29.993507385253906,26.027145385742188,429
Q9H171-3,28.905776977539062,26.027145385742188,429
Q9H171-4,28.09632682800293,26.027145385742188,429
Q9H171-2,29.012130737304688,26.027145385742188,429
Q9H171-7,29.566421508789062,26.027145385742188,429
Q9H190-3,24.04657554626465,14.721875190734863,292
Q9H1A3-2,13.777602195739746,11.105929374694824,318
Q9H1B4-3,21.941654205322266,19.31702423095703,397
Q9H1B4-6,27.258708953857422,19.31702423095703,397
Q9H1B4-2,27.258708953857422,19.31702423095703,397
Q9H1B4-5,22.658750534057617,19.31702423095703,397
Q9H1B4-4,22.658750534057617,19.31702423095703,397
Q9H1E3-2,28.37419891357422,26.967485427856445,243
Q9H1J1-3,29.651695251464844,26.73826026916504,476
Q9H1J1-2,25.48505401611328,26.73826026916504,476
Q9H1J5-2,25.9636173248291,12.119277000427246,351
Q9H1K1-2,23.74074935913086,12.229229927062988,167
Q9H1M0-2,26.481250762939453,20.250205993652344,184
Q9H1N7-3,14.608142852783203,14.432765007019043,401
Q9H1N7-2,17.966419219970703,14.432765007019043,401
Q9H1P3-2,26.387908935546875,10.70738697052002,480
Q9H1Q7-4,16.64370346069336,17.91385841369629,454
Q9H1Q7-3,20.204504013061523,17.91385841369629,454
Q9H1Q7-2,13.845788955688477,17.91385841369629,454
Q9H1R2-2,24.527019500732422,18.1809139251709,295
Q9H1R2-3,20.261905670166016,18.1809139251709,295
Q9H1R2-4,19.412967681884766,18.1809139251709,295
Q9H1X1-2,5.971360683441162,5.335341930389404,276
Q9H1X3-2,20.485809326171875,15.303672790527344,360
Q9H1X3-3,20.84490203857422,15.303672790527344,360
Q9H1Y0-2,5.170571327209473,4.652204990386963,275
Q9H1Y3-2,12.541177749633789,14.54725170135498,402
Q9H1Z4-2,23.78844451904297,15.379942893981934,485
Q9H227-2,3.432028293609619,3.073103904724121,469
Q9H228-2,17.806888580322266,15.332674980163574,398
Q9H237-5,7.572826385498047,7.016445636749268,461
Q9H237-4,10.412118911743164,7.016445636749268,461
Q9H237-3,12.435808181762695,7.016445636749268,461
Q9H237-2,7.406359672546387,7.016445636749268,461
Q9H239-2,22.343292236328125,18.560775756835938,520
Q9H257-3,27.286144256591797,22.819774627685547,536
Q9H257-2,28.546852111816406,22.819774627685547,536
Q9H295-2,15.835628509521484,14.95930290222168,470
Q9H2A2-4,2.7859268188476562,3.4676876068115234,487
Q9H2A2-2,3.2696945667266846,3.4676876068115234,487
Q9H2A2-3,4.120648384094238,3.4676876068115234,487
Q9H2B2-2,28.425607681274414,22.10045051574707,425
Q9H2F3-2,5.181394577026367,4.795213222503662,369
Q9H2G9-2,26.886226654052734,22.760581970214844,400
Q9H2H8-2,2.598231554031372,2.9666292667388916,161
Q9H2L5-3,16.06420135498047,17.106714248657227,321
Q9H2L5-4,17.830677032470703,17.106714248657227,321
Q9H2L5-2,17.734493255615234,17.106714248657227,321
Q9H2M3-2,3.5813910961151123,3.6740052700042725,363
Q9H2P9-6,5.811619758605957,5.569221496582031,285
Q9H2P9-5,4.445284843444824,5.569221496582031,285
Q9H2P9-4,4.605923175811768,5.569221496582031,285
Q9H2P9-2,4.8047332763671875,5.569221496582031,285
Q9H2P9-3,4.8896989822387695,5.569221496582031,285
Q9H2R5-2,9.629875183105469,8.994476318359375,256
Q9H2R5-5,24.776470184326172,8.994476318359375,256
Q9H2R5-3,8.722135543823242,8.994476318359375,256
Q9H2R5-4,9.389439582824707,8.994476318359375,256
Q9H2S1-2,20.46419906616211,18.539220809936523,579
Q9H2S9-2,29.940032958984375,27.128944396972656,585
Q9H2U2-3,6.4266815185546875,8.965022087097168,334
Q9H2U2-6,8.440521240234375,8.965022087097168,334
Q9H2U2-4,9.402345657348633,8.965022087097168,334
Q9H2V7-4,19.113052368164062,10.348729133605957,528
Q9H2V7-2,8.330114364624023,10.348729133605957,528
Q9H2V7-3,10.731260299682617,10.348729133605957,528
Q9H2V7-5,11.524406433105469,10.348729133605957,528
Q9H2W1-2,28.168872833251953,18.276517868041992,248
Q9H2W1-5,29.15991973876953,18.276517868041992,248
Q9H2W1-4,19.53713035583496,18.276517868041992,248
Q9H2W1-3,19.837533950805664,18.276517868041992,248
Q9H2X3-7,26.790664672851562,23.100872039794922,399
Q9H2X3-4,29.285400390625,23.100872039794922,399
Q9H2X3-5,26.790664672851562,23.100872039794922,399
Q9H2X3-8,26.896276473999023,23.100872039794922,399
Q9H2X3-10,29.342185974121094,23.100872039794922,399
Q9H2X3-9,29.342185974121094,23.100872039794922,399
Q9H2X3-3,23.04776382446289,23.100872039794922,399
Q9H2X3-2,26.65685272216797,23.100872039794922,399
Q9H2X3-6,29.764339447021484,23.100872039794922,399
Q9H300-2,11.004453659057617,14.935463905334473,379
Q9H305-3,29.35796356201172,26.06511116027832,208
Q9H305-2,28.553709030151367,26.06511116027832,208
Q9H310-5,21.41356658935547,5.274994850158691,458
Q9H310-4,6.820200443267822,5.274994850158691,458
Q9H310-2,7.18037223815918,5.274994850158691,458
Q9H310-3,5.4687347412109375,5.274994850158691,458
Q9H313-3,25.518238067626953,9.243254661560059,450
Q9H313-4,26.474525451660156,9.243254661560059,450
Q9H313-5,21.03340721130371,9.243254661560059,450
Q9H321-2,25.73155975341797,26.20878791809082,246
Q9H336-2,25.5030460357666,19.65106773376465,500
Q9H3F6-2,14.933433532714844,17.60674285888672,313
Q9H3F6-3,21.705429077148438,17.60674285888672,313
Q9H3H1-2,11.585073471069336,11.474732398986816,467
Q9H3H1-3,12.148193359375,11.474732398986816,467
Q9H3H1-5,11.277817726135254,11.474732398986816,467
Q9H3H1-6,13.857673645019531,11.474732398986816,467
Q9H3H1-4,8.270015716552734,11.474732398986816,467
Q9H3H3-1,26.669954299926758,11.465600967407227,292
Q9H3H5-2,14.979999542236328,4.276792526245117,408
Q9H3H5-3,5.202968597412109,4.276792526245117,408
Q9H3J6-2,17.17501449584961,15.656880378723145,166
Q9H3K6-2,4.175636291503906,4.025419235229492,86
Q9H3M7-2,14.965723037719727,15.920330047607422,391
Q9H3N8-2,12.586770057678223,14.69130802154541,390
Q9H3P2-7,29.028064727783203,24.6148738861084,528
Q9H3Q1-2,29.256393432617188,27.69247055053711,356
Q9H3S4-2,10.75,2.5385358333587646,243
Q9H3U5-4,14.39601993560791,7.9029436111450195,465
Q9H3U5-3,6.350353240966797,7.9029436111450195,465
Q9H3U5-5,11.284287452697754,7.9029436111450195,465
Q9H3U5-2,14.841850280761719,7.9029436111450195,465
Q9H3Y8-2,28.92645263671875,24.45798683166504,114
Q9H3Z4-2,28.90324592590332,20.196409225463867,198
Q9H400-2,29.546552658081055,27.553577423095703,295
Q9H410-3,28.5047664642334,24.322521209716797,356
Q9H410-2,29.628250122070312,24.322521209716797,356
Q9H410-4,29.664337158203125,24.322521209716797,356
Q9H425-3,26.508831024169922,26.128150939941406,327
Q9H425-2,28.605857849121094,26.128150939941406,327
Q9H446-2,21.645408630371094,18.631832122802734,243
Q9H477-2,4.106488227844238,4.74928617477417,322
Q9H488-2,7.042810916900635,6.207068920135498,388
Q9H490-2,5.108975887298584,5.551819324493408,435
Q9H492-2,5.752676010131836,4.100334644317627,121
Q9H497-3,17.474716186523438,16.03022003173828,397
Q9H497-2,14.722661972045898,16.03022003173828,397
Q9H4A5-2,8.763673782348633,10.095783233642578,285
Q9H4A9-2,14.913605690002441,13.64830493927002,486
Q9H4A9-3,14.077491760253906,13.64830493927002,486
Q9H4B0-2,6.344175815582275,7.360236167907715,414
Q9H4B0-3,6.792300224304199,7.360236167907715,414
Q9H4D5-2,29.407546997070312,24.570823669433594,531
Q9H4E5-2,6.437855243682861,9.182548522949219,214
Q9H4H8-2,19.693925857543945,23.394577026367188,585
Q9H4I0-2,28.794189453125,26.46082305908203,556
Q9H4I3-2,14.560046195983887,13.887476921081543,376
Q9H4I8-3,5.811463356018066,5.286624431610107,314
Q9H4I8-2,4.859554290771484,5.286624431610107,314
Q9H4K7-2,22.00107192993164,17.390697479248047,406
Q9H4M3-2,6.202512741088867,5.457977771759033,255
Q9H4P4-2,19.818504333496094,15.809331893920898,317
Q9H4W6-2,27.135513305664062,23.183988571166992,596
Q9H4X1-2,27.377777099609375,24.47626495361328,137
Q9H4Y5-3,3.7911128997802734,2.7477011680603027,243
Q9H4Y5-2,2.9562342166900635,2.7477011680603027,243
Q9H553-2,8.528787612915039,6.656371116638184,416
Q9H579-2,17.536582946777344,16.058189392089844,483
Q9H5I1-2,17.003095626831055,9.442117691040039,410
Q9H5I1-3,9.617656707763672,9.442117691040039,410
Q9H5N1-2,27.619722366333008,25.40419578552246,569
Q9H5U6-2,13.111000061035156,12.708008766174316,513
Q9H5U6-3,25.183334350585938,12.708008766174316,513
Q9H5V9-2,19.672054290771484,19.258338928222656,222
Q9H5V9-3,16.921188354492188,19.258338928222656,222
Q9H5X1-2,10.45703125,10.209648132324219,160
Q9H5Z6-2,26.85063362121582,21.157560348510742,455
Q9H633-3,25.808273315429688,12.270787239074707,154
Q9H665-2,26.676965713500977,23.73207664489746,355
Q9H672-2,8.86532974243164,5.983159065246582,318
Q9H6A0-2,22.219417572021484,9.507989883422852,471
Q9H6D7-3,20.835098266601562,18.699731826782227,363
Q9H6D7-4,21.167434692382812,18.699731826782227,363
Q9H6D7-2,20.335693359375,18.699731826782227,363
Q9H6F5-2,28.18115234375,26.51656723022461,360
Q9H6H4-2,27.833404541015625,22.60321807861328,257
Q9H6J7-3,24.931968688964844,13.310293197631836,331
Q9H6J7-4,24.931968688964844,13.310293197631836,331
Q9H6K1-2,19.96695327758789,21.18393325805664,298
Q9H6K4-2,21.858646392822266,18.856464385986328,179
Q9H6L2-3,10.433168411254883,9.975484848022461,316
Q9H6L2-2,14.759943008422852,9.975484848022461,316
Q9H6L4-2,8.932499885559082,7.758213520050049,198
Q9H6P5-2,13.924829483032227,9.354109764099121,420
Q9H6P5-3,13.827190399169922,9.354109764099121,420
Q9H6Q3-4,28.778846740722656,18.238237380981445,261
Q9H6Q3-3,28.912235260009766,18.238237380981445,261
Q9H6Q3-2,24.389535903930664,18.238237380981445,261
Q9H6Q4-3,18.481178283691406,10.132043838500977,476
Q9H6Q4-2,10.673713684082031,10.132043838500977,476
Q9H6R6-2,8.707518577575684,9.801264762878418,413
Q9H6S1-4,28.813243865966797,25.243797302246094,392
Q9H6S1-3,28.813243865966797,25.243797302246094,392
Q9H6S1-5,28.813243865966797,25.243797302246094,392
Q9H6V9-4,6.402268409729004,5.72963809967041,325
Q9H6V9-3,5.440921783447266,5.72963809967041,325
Q9H6X2-4,28.250919342041016,22.204824447631836,564
Q9H6X2-2,29.034870147705078,22.204824447631836,564
Q9H6X2-6,28.047771453857422,22.204824447631836,564
Q9H6X2-3,25.48493003845215,22.204824447631836,564
Q9H6X2-5,29.527645111083984,22.204824447631836,564
Q9H6X4-3,25.992839813232422,24.277870178222656,195
Q9H6X4-2,23.0379638671875,24.277870178222656,195
Q9H6Y2-2,12.907367706298828,11.479490280151367,383
Q9H6Y5-3,29.806251525878906,25.74549102783203,334
Q9H6Y5-2,29.553611755371094,25.74549102783203,334
Q9H6Z4-3,29.740230560302734,26.52001190185547,567
Q9H6Z4-2,28.219749450683594,26.52001190185547,567
Q9H788-2,28.055652618408203,24.288089752197266,454
Q9H7B4-2,3.5485339164733887,3.0783092975616455,428
Q9H7B4-3,3.2706351280212402,3.0783092975616455,428
Q9H7C4-2,28.012863159179688,24.432584762573242,482
Q9H7C9-3,2.1258296966552734,2.0938591957092285,122
Q9H7C9-2,2.1358695030212402,2.0938591957092285,122
Q9H7H0-3,14.835203170776367,9.938774108886719,456
Q9H7P6-2,29.186260223388672,21.59446144104004,319
Q9H7T9-2,27.83716583251953,27.901105880737305,357
Q9H7X0-3,10.284223556518555,10.654207229614258,242
Q9H7X0-2,10.352242469787598,10.654207229614258,242
Q9H7X0-4,11.622252464294434,10.654207229614258,242
Q9H7X0-5,11.622252464294434,10.654207229614258,242
Q9H7Y0-2,14.017068862915039,11.096426963806152,433
Q9H7Z6-2,16.611637115478516,13.818414688110352,458
Q9H808-2,29.065448760986328,21.15519142150879,572
Q9H825-2,21.816680908203125,16.969709396362305,291
Q9H832-2,21.811012268066406,14.22872543334961,354
Q9H841-1,28.931533813476562,14.413834571838379,383
Q9H857-4,12.446243286132812,9.406708717346191,520
Q9H857-2,26.144515991210938,9.406708717346191,520
Q9H857-3,12.729022979736328,9.406708717346191,520
Q9H867-5,4.974005699157715,5.732842445373535,229
Q9H867-3,6.823836326599121,5.732842445373535,229
Q9H867-1,6.2086334228515625,5.732842445373535,229
Q9H867-2,27.164474487304688,5.732842445373535,229
Q9H871-2,17.288921356201172,11.588248252868652,391
Q9H875-2,25.83791160583496,16.32280921936035,184
Q9H898-2,24.77524185180664,21.621726989746094,229
Q9H8G2-2,28.620258331298828,26.814428329467773,361
Q9H8J5-2,24.584123611450195,26.41407585144043,431
Q9H8M1-2,28.92200469970703,15.834880828857422,238
Q9H8M2-4,29.425334930419922,26.842138290405273,597
Q9H8M2-2,29.40406036376953,26.842138290405273,597
Q9H8M2-3,29.325593948364258,26.842138290405273,597
Q9H8M2-1,29.17580795288086,26.842138290405273,597
Q9H8M2-6,28.63513946533203,26.842138290405273,597
Q9H8M7-2,10.808229446411133,9.152182579040527,445
Q9H8S9-2,7.934352874755859,8.608410835266113,216
Q9H8W5-2,18.604982376098633,19.897817611694336,580
Q9H8X9-2,28.228710174560547,16.672895431518555,412
Q9H8Y8-2,21.68022346496582,23.97333335876465,452
Q9H8Y8-3,21.23836898803711,23.97333335876465,452
Q9H900-2,15.96915054321289,12.502686500549316,591
Q9H902-2,21.988113403320312,21.282493591308594,201
Q9H902-3,20.823299407958984,21.282493591308594,201
Q9H902-4,23.147716522216797,21.282493591308594,201
Q9H903-1,23.105716705322266,9.177096366882324,347
Q9H903-2,7.915317058563232,9.177096366882324,347
Q9H903-3,28.342485427856445,9.177096366882324,347
Q9H903-5,7.8039422035217285,9.177096366882324,347
Q9H910-2,29.65894317626953,26.64470863342285,190
Q9H920-2,18.266437530517578,12.244302749633789,327
Q9H930-3,29.514680862426758,24.569028854370117,580
Q9H930-2,26.701913833618164,24.569028854370117,580
Q9H930-1,26.977731704711914,24.569028854370117,580
Q9H939-2,17.719764709472656,10.74489974975586,334
Q9H944-2,6.000988006591797,5.554312229156494,212
Q9H972-2,22.858760833740234,25.234222412109375,538
Q9H974-2,6.234602928161621,6.689516544342041,415
Q9H974-3,6.0982561111450195,6.689516544342041,415
Q9H977-3,9.986486434936523,4.82679557800293,334
Q9H9C1-2,28.392074584960938,17.01873779296875,493
Q9H9L4-4,28.7679500579834,25.722217559814453,492
Q9H9L7-2,22.790023803710938,22.93039321899414,192
Q9H9P2-4,25.497196197509766,18.975849151611328,273
Q9H9P2-2,21.532012939453125,18.975849151611328,273
Q9H9P2-3,28.19668960571289,18.975849151611328,273
Q9H9P8-2,7.280838966369629,8.7882719039917,463
Q9H9Q2-2,15.008869171142578,13.605055809020996,264
Q9H9Q2-3,24.932147979736328,13.605055809020996,264
Q9H9Q4-2,28.79204559326172,13.97835636138916,299
Q9H9R9-2,28.91051483154297,26.155624389648438,158
Q9H9R9-3,28.976688385009766,26.155624389648438,158
Q9H9S0-2,28.3182315826416,26.088233947753906,305
Q9H9S3-2,11.282501220703125,11.497153282165527,476
Q9H9S3-3,9.215508460998535,11.497153282165527,476
Q9H9T3-5,11.095078468322754,6.535060882568359,547
Q9H9T3-2,17.11277198791504,6.535060882568359,547
Q9H9T3-4,9.323436737060547,6.535060882568359,547
Q9HA38-2,27.48090362548828,25.674238204956055,289
Q9HA47-2,13.97085189819336,11.753105163574219,277
Q9HA47-3,7.854684829711914,11.753105163574219,277
Q9HA47-4,7.854684829711914,11.753105163574219,277
Q9HA72-2,15.25777530670166,13.318818092346191,323
Q9HA72-3,15.085304260253906,13.318818092346191,323
Q9HA90-2,29.25363540649414,25.332210540771484,598
Q9HA92-2,17.509031295776367,6.808557510375977,442
Q9HAB8-2,5.2482404708862305,4.73815393447876,311
Q9HAC7-4,4.612420082092285,5.9341654777526855,438
Q9HAC7-2,6.917747497558594,5.9341654777526855,438
Q9HAD4-2,9.502227783203125,11.116223335266113,459
Q9HAE3-2,7.179842472076416,6.781294345855713,211
Q9HAF1-2,28.568496704101562,21.675090789794922,191
Q9HAF1-4,28.652549743652344,21.675090789794922,191
Q9HAF1-3,26.826316833496094,21.675090789794922,191
Q9HAH7-1,30.131587982177734,28.28041648864746,460
Q9HAJ7-3,22.043800354003906,20.63740348815918,183
Q9HAJ7-2,21.665264129638672,20.63740348815918,183
Q9HAK2-2,29.628047943115234,22.668561935424805,575
Q9HAP6-2,15.018716812133789,14.288711547851562,207
Q9HAT0-2,25.235858917236328,13.813923835754395,212
Q9HAT1-3,19.433977127075195,23.4332218170166,526
Q9HAT2-2,17.57915687561035,6.860076904296875,523
Q9HAW0-2,24.636474609375,14.875940322875977,419
Q9HAW7-2,9.858292579650879,7.520986080169678,530
Q9HAW8-2,9.875823974609375,7.521641254425049,530
Q9HAW9-2,10.007686614990234,7.647194862365723,530
Q9HB09-3,27.423694610595703,24.92193603515625,250
Q9HB09-2,28.432762145996094,24.92193603515625,250
Q9HB21-2,29.520448684692383,23.855552673339844,404
Q9HB29-2,28.396846771240234,21.305458068847656,575
Q9HB40-2,7.251679420471191,7.781125068664551,452
Q9HB55-3,6.389924049377441,5.998003959655762,503
Q9HB55-4,6.243930339813232,5.998003959655762,503
Q9HB55-6,5.799835205078125,5.998003959655762,503
Q9HB65-2,25.98184585571289,24.162446975708008,397
Q9HB71-3,27.053112030029297,19.439250946044922,228
Q9HB71-2,27.163684844970703,19.439250946044922,228
Q9HBE4-2,13.819135665893555,11.99215030670166,162
Q9HBH0-2,6.284749984741211,6.4193525314331055,211
Q9HBH9-2,26.073652267456055,17.914907455444336,465
Q9HBI0-3,27.345773696899414,18.316408157348633,331
Q9HBI0-2,21.990467071533203,18.316408157348633,331
Q9HBI0-5,22.597503662109375,18.316408157348633,331
Q9HBI0-4,29.142425537109375,18.316408157348633,331
Q9HBI1-3,29.180469512939453,17.010988235473633,364
Q9HBI1-2,29.274940490722656,17.010988235473633,364
Q9HBK9-2,7.700791358947754,8.879403114318848,375
Q9HBL6-2,17.568038940429688,17.737686157226562,345
Q9HBQ8-2,27.718467712402344,23.50554656982422,144
Q9HBT8-2,29.27074432373047,23.14499282836914,521
Q9HBU1-2,26.730649948120117,25.01883316040039,254
Q9HBU6-2,14.182144165039062,12.440818786621094,452
Q9HBU9-2,28.618995666503906,18.796491622924805,364
Q9HC07-2,28.928970336914062,16.362882614135742,324
Q9HC16-3,10.66188907623291,7.659640789031982,384
Q9HC21-2,6.948068618774414,7.195986270904541,320
Q9HC23-2,23.238536834716797,17.13665008544922,129
Q9HC38-2,16.39830780029297,6.195061683654785,313
Q9HC38-3,5.257892608642578,6.195061683654785,313
Q9HC62-2,28.921398162841797,24.4276123046875,589
Q9HC73-3,21.191585540771484,20.60863494873047,371
Q9HC73-2,22.77947235107422,20.60863494873047,371
Q9HCC0-2,5.108119964599609,5.411967754364014,563
Q9HCC8-2,10.677903175354004,7.6757307052612305,539
Q9HCH3-2,12.680732727050781,11.509400367736816,593
Q9HCI7-2,25.947368621826172,26.867551803588867,577
Q9HCJ1-2,9.715900421142578,8.960704803466797,492
Q9HCM9-2,26.32602310180664,19.32191276550293,518
Q9HCN2-3,28.930747985839844,25.053070068359375,124
Q9HCN2-2,28.352188110351562,25.053070068359375,124
Q9HCN2-4,25.37291717529297,25.053070068359375,124
Q9HCN4-2,13.789422988891602,14.182353973388672,374
Q9HCN4-4,15.953402519226074,14.182353973388672,374
Q9HCN4-3,13.773689270019531,14.182353973388672,374
Q9HCN6-2,26.22481918334961,20.754640579223633,339
Q9HCN6-3,29.352388381958008,20.754640579223633,339
Q9HCP0-2,25.738994598388672,14.410204887390137,422
Q9HCQ7-2,29.350868225097656,26.533578872680664,196
Q9HCS2-2,10.299909591674805,6.585113048553467,524
Q9HCU8-2,16.031362533569336,14.273124694824219,107
Q9HD23-2,27.63882064819336,18.2139892578125,443
Q9HD23-4,14.590385437011719,18.2139892578125,443
Q9HD23-3,24.488529205322266,18.2139892578125,443
Q9HD26-3,25.42070960998535,22.579683303833008,462
Q9HD26-2,24.691354751586914,22.579683303833008,462
Q9HD33-3,18.285293579101562,14.844063758850098,250
Q9HD33-2,26.96902084350586,14.844063758850098,250
Q9HD40-3,7.355137348175049,6.426448345184326,501
Q9HD40-2,7.49667501449585,6.426448345184326,501
Q9HD42-2,24.889877319335938,18.350557327270508,196
Q9HD47-4,9.991514205932617,9.392097473144531,186
Q9HD47-2,11.808561325073242,9.392097473144531,186
Q9HD47-3,9.969217300415039,9.392097473144531,186
Q9HD64-4,20.304527282714844,17.638164520263672,81
Q9HD89-2,10.146318435668945,11.353652000427246,108
Q9HDC9-2,7.142955780029297,7.8834309577941895,416
Q9NNX1-3,27.946491241455078,23.32842254638672,390
Q9NNX1-2,27.628822326660156,23.32842254638672,390
Q9NNX6-8,27.915912628173828,23.062131881713867,404
Q9NNX6-4,24.805349349975586,23.062131881713867,404
Q9NNX6-3,25.43075942993164,23.062131881713867,404
Q9NNX6-6,28.14512062072754,23.062131881713867,404
Q9NNX6-10,29.359926223754883,23.062131881713867,404
Q9NNX6-9,29.62432098388672,23.062131881713867,404
Q9NNX6-7,28.932323455810547,23.062131881713867,404
Q9NNX6-11,28.017459869384766,23.062131881713867,404
Q9NNX6-5,29.461538314819336,23.062131881713867,404
Q9NNX6-2,18.880863189697266,23.062131881713867,404
Q9NNX6-12,29.277915954589844,23.062131881713867,404
Q9NP31-4,28.300949096679688,24.500585556030273,389
Q9NP31-3,26.667293548583984,24.500585556030273,389
Q9NP50-2,28.57159423828125,22.833274841308594,221
Q9NP55-2,28.787927627563477,14.284927368164062,256
Q9NP61-2,23.85443878173828,26.09967041015625,516
Q9NP64-2,20.270160675048828,21.554914474487305,241
Q9NP64-3,20.5419921875,21.554914474487305,241
Q9NP66-2,28.540550231933594,22.573694229125977,347
Q9NP70-2,28.851852416992188,28.36530303955078,447
Q9NP72-3,9.238006591796875,9.756032943725586,206
Q9NP74-2,27.33655548095703,25.795307159423828,551
Q9NP74-3,28.364307403564453,25.795307159423828,551
Q9NP79-2,27.509611129760742,19.33439064025879,307
Q9NP81-2,8.264211654663086,7.96592903137207,518
Q9NP84-2,23.77477264404297,19.342588424682617,129
Q9NP85-2,16.181745529174805,19.346147537231445,383
Q9NP87-2,12.178855895996094,14.71835708618164,494
Q9NP87-3,18.71800422668457,14.71835708618164,494
Q9NP91-2,5.018261432647705,5.820814609527588,592
Q9NP94-2,8.745890617370605,9.557106018066406,309
Q9NP97-2,6.282608509063721,4.880425453186035,96
Q9NP99-2,25.98551368713379,20.0028133392334,234
Q9NP99-3,27.592941284179688,20.0028133392334,234
Q9NPA1-4,24.01317596435547,17.408924102783203,279
Q9NPA1-3,23.89451789855957,17.408924102783203,279
Q9NPA1-2,23.89451789855957,17.408924102783203,279
Q9NPA1-5,24.278778076171875,17.408924102783203,279
Q9NPA8-2,14.352083206176758,5.3866286277771,101
Q9NPB0-2,28.908824920654297,23.519424438476562,183
Q9NPB6-2,20.371013641357422,20.190584182739258,346
Q9NPE2-3,27.808212280273438,24.55944061279297,291
Q9NPF0-2,26.887401580810547,25.731264114379883,282
Q9NPF2-2,25.025287628173828,10.5330171585083,352
Q9NPF8-2,7.981578826904297,6.241414546966553,381
Q9NPH0-2,7.600286483764648,7.748777389526367,428
Q9NPH2-2,6.757230758666992,7.2394914627075195,558
Q9NPH2-3,5.606757164001465,7.2394914627075195,558
Q9NPH3-2,26.613662719726562,17.742921829223633,570
Q9NPH3-3,23.931201934814453,17.742921829223633,570
Q9NPH3-5,23.927932739257812,17.742921829223633,570
Q9NPH5-8,9.606386184692383,10.803088188171387,578
Q9NPH5-2,9.39122200012207,10.803088188171387,578
Q9NPH5-6,8.576509475708008,10.803088188171387,578
Q9NPH5-9,11.275407791137695,10.803088188171387,578
Q9NPH5-4,11.880098342895508,10.803088188171387,578
Q9NPH5-5,11.170717239379883,10.803088188171387,578
Q9NPH5-7,9.894669532775879,10.803088188171387,578
Q9NPH5-3,10.974710464477539,10.803088188171387,578
Q9NPH6-3,21.036815643310547,8.346643447875977,170
Q9NPH6-2,8.683807373046875,8.346643447875977,170
Q9NPI0-2,10.033468246459961,8.573959350585938,162
Q9NPI0-3,11.692432403564453,8.573959350585938,162
Q9NPI6-2,29.378555297851562,26.816280364990234,582
Q9NPJ3-2,4.657391548156738,2.999234676361084,140
Q9NPJ4-2,28.320974349975586,23.752704620361328,139
Q9NPJ6-2,23.12616539001465,21.268943786621094,270
Q9NPJ8-4,5.146616458892822,4.325927257537842,142
Q9NPQ8-4,12.883962631225586,9.900007247924805,531
Q9NPQ8-2,11.111347198486328,9.900007247924805,531
Q9NQ25-5,28.75234603881836,19.629423141479492,335
Q9NQ25-4,21.591745376586914,19.629423141479492,335
Q9NQ25-3,27.576793670654297,19.629423141479492,335
Q9NQ25-2,20.608234405517578,19.629423141479492,335
Q9NQ25-7,28.129100799560547,19.629423141479492,335
Q9NQ25-6,21.04593276977539,19.629423141479492,335
Q9NQ29-2,29.4940128326416,20.53978157043457,371
Q9NQ29-3,22.094497680664062,20.53978157043457,371
Q9NQ30-2,18.39283561706543,18.293182373046875,184
Q9NQ31-2,28.17698860168457,24.916688919067383,210
Q9NQ31-3,26.226776123046875,24.916688919067383,210
Q9NQ32-2,30.376789093017578,26.471435546875,467
Q9NQ34-2,21.461475372314453,19.64572525024414,198
Q9NQ40-2,10.32054328918457,12.052200317382812,469
Q9NQ48-2,18.272735595703125,19.631927490234375,299
Q9NQ48-3,23.015100479125977,19.631927490234375,299
Q9NQ55-2,28.84096908569336,18.90472412109375,473
Q9NQ55-3,29.422733306884766,18.90472412109375,473
Q9NQ60-2,29.237632751464844,26.652969360351562,294
Q9NQ60-3,29.043371200561523,26.652969360351562,294
Q9NQ69-3,24.25,24.712440490722656,397
Q9NQ69-4,28.23235321044922,24.712440490722656,397
Q9NQ69-2,26.80565071105957,24.712440490722656,397
Q9NQ76-3,30.22539520263672,28.849435806274414,525
Q9NQ94-2,25.89206314086914,22.586891174316406,594
Q9NQ94-3,29.311874389648438,22.586891174316406,594
Q9NQ94-4,29.294944763183594,22.586891174316406,594
Q9NQ94-6,20.153297424316406,22.586891174316406,594
Q9NQ94-5,22.014589309692383,22.586891174316406,594
Q9NQG6-2,29.11302947998047,15.88288402557373,463
Q9NQH7-2,15.249260902404785,7.00492525100708,507
Q9NQH7-4,28.488994598388672,7.00492525100708,507
Q9NQH7-3,7.75252628326416,7.00492525100708,507
Q9NQH7-5,7.75252628326416,7.00492525100708,507
Q9NQL2-2,16.994813919067383,14.093843460083008,400
Q9NQQ7-2,8.230966567993164,9.575597763061523,365
Q9NQR1-2,29.621051788330078,23.276174545288086,393
Q9NQR9-3,7.150117874145508,6.763205528259277,355
Q9NQR9-2,5.89609432220459,6.763205528259277,355
Q9NQS3-2,27.988037109375,21.2708683013916,549
Q9NQS3-3,28.384174346923828,21.2708683013916,549
Q9NQT5-2,12.054473876953125,11.240251541137695,275
Q9NQT6-2,25.442657470703125,6.1735053062438965,498
Q9NQV5-2,25.893882751464844,24.577383041381836,511
Q9NQW5-2,29.43584442138672,24.769556045532227,492
Q9NQW5-1,29.43584442138672,24.769556045532227,492
Q9NQX7-2,21.52630615234375,16.406023025512695,267
Q9NQX7-3,12.597943305969238,16.406023025512695,267
Q9NQY0-2,8.868555068969727,7.719101905822754,253
Q9NQZ6-2,23.98426055908203,18.096799850463867,224
Q9NQZ6-4,24.03466796875,18.096799850463867,224
Q9NQZ6-5,19.235576629638672,18.096799850463867,224
Q9NQZ6-3,18.97296142578125,18.096799850463867,224
Q9NR11-2,27.591983795166016,23.784067153930664,478
Q9NR12-3,28.334251403808594,23.542890548706055,457
Q9NR12-2,28.314598083496094,23.542890548706055,457
Q9NR12-6,28.433116912841797,23.542890548706055,457
Q9NR12-5,28.436443328857422,23.542890548706055,457
Q9NR12-4,28.407068252563477,23.542890548706055,457
Q9NR20-2,27.554912567138672,15.667241096496582,520
Q9NR20-5,10.41876220703125,15.667241096496582,520
Q9NR21-2,26.05837059020996,16.71175765991211,338
Q9NR21-1,28.648250579833984,16.71175765991211,338
Q9NR21-5,17.34839630126953,16.71175765991211,338
Q9NR22-2,27.552082061767578,10.229682922363281,394
Q9NR28-2,25.085453033447266,13.944311141967773,239
Q9NR28-3,12.926572799682617,13.944311141967773,239
Q9NR31-2,8.161290168762207,7.124349594116211,198
Q9NR46-2,17.909564971923828,18.624271392822266,395
Q9NR50-2,12.642217636108398,11.912845611572266,452
Q9NR50-3,12.642217636108398,11.912845611572266,452
Q9NR56-3,28.585338592529297,24.811491012573242,388
Q9NR56-4,28.71706771850586,24.811491012573242,388
Q9NR56-6,28.755020141601562,24.811491012573242,388
Q9NR56-7,28.560285568237305,24.811491012573242,388
Q9NR56-2,27.65465545654297,24.811491012573242,388
Q9NR56-5,28.21343994140625,24.811491012573242,388
Q9NR63-2,5.982318878173828,6.930046081542969,512
Q9NR63-3,10.569286346435547,6.930046081542969,512
Q9NR81-4,19.305959701538086,17.35437774658203,526
Q9NR81-3,25.84998321533203,17.35437774658203,526
Q9NR81-2,25.84998321533203,17.35437774658203,526
Q9NR83-4,29.502431869506836,27.541988372802734,387
Q9NR83-3,29.834312438964844,27.541988372802734,387
Q9NR90-2,16.904632568359375,20.43701934814453,486
Q9NRA1-4,28.34443473815918,22.141263961791992,345
Q9NRA1-3,27.40868377685547,22.141263961791992,345
Q9NRA1-2,24.888973236083984,22.141263961791992,345
Q9NRA2-2,9.713485717773438,9.162771224975586,495
Q9NRC1-5,27.755136489868164,16.97549819946289,585
Q9NRC1-6,27.755136489868164,16.97549819946289,585
Q9NRC1-2,19.483688354492188,16.97549819946289,585
Q9NRC1-3,25.635835647583008,16.97549819946289,585
Q9NRC1-4,27.755136489868164,16.97549819946289,585
Q9NRC1-7,19.483688354492188,16.97549819946289,585
Q9NRC8-3,26.151628494262695,9.274587631225586,400
Q9NRC8-2,10.494906425476074,9.274587631225586,400
Q9NRD0-2,14.878223419189453,13.216575622558594,319
Q9NRD5-2,16.458620071411133,13.333883285522461,415
Q9NRG1-2,5.1464080810546875,6.191842079162598,225
Q9NRG1-3,6.484908103942871,6.191842079162598,225
Q9NRG4-2,3.8021669387817383,3.229832172393799,433
Q9NRG7-3,3.204179286956787,2.850691318511963,293
Q9NRG9-2,10.787453651428223,14.188668251037598,546
Q9NRH1-2,19.52902603149414,18.424015045166016,226
Q9NRJ3-2,18.081722259521484,16.203174591064453,127
Q9NRM0-2,26.894176483154297,10.862650871276855,540
Q9NRM6-2,26.743297576904297,20.81292724609375,502
Q9NRN5-2,27.992015838623047,16.730817794799805,406
Q9NRN5-3,27.809110641479492,16.730817794799805,406
Q9NRN7-2,6.9260735511779785,6.698589324951172,309
Q9NRP0-2,14.94861125946045,10.80870246887207,149
Q9NRQ2-2,18.064010620117188,17.92498207092285,329
Q9NRR8-2,25.164844512939453,16.550392150878906,79
Q9NRS4-4,22.34313201904297,10.21853256225586,437
Q9NRS4-3,28.628734588623047,10.21853256225586,437
Q9NRS4-2,7.929629802703857,10.21853256225586,437
Q9NRS6-2,26.75352668762207,22.25839614868164,342
Q9NRW1-2,13.167888641357422,11.270502090454102,208
Q9NRW4-2,15.231361389160156,4.25974702835083,184
Q9NRW7-2,17.126319885253906,6.987368583679199,570
Q9NRX4-2,7.116842269897461,6.482304096221924,125
Q9NRY2-2,26.408794403076172,18.350406646728516,104
Q9NRY7-1,26.627323150634766,16.271955490112305,297
Q9NRY7-3,28.481582641601562,16.271955490112305,297
Q9NRZ5-2,5.087929725646973,5.09835958480835,378
Q9NRZ7-2,4.970541477203369,5.484240531921387,376
Q9NRZ7-3,5.000213623046875,5.484240531921387,376
Q9NS00-2,11.232427597045898,10.158276557922363,363
Q9NS18-2,28.310256958007812,14.930732727050781,164
Q9NS23-3,22.7249698638916,20.42983627319336,344
Q9NS23-4,24.886260986328125,20.42983627319336,344
Q9NS23-2,23.366371154785156,20.42983627319336,344
Q9NS23-5,23.082895278930664,20.42983627319336,344
Q9NS23-9,26.91107940673828,20.42983627319336,344
Q9NS23-7,24.695655822753906,20.42983627319336,344
Q9NS23-6,24.708173751831055,20.42983627319336,344
Q9NS61-3,25.378864288330078,17.566173553466797,270
Q9NS61-4,26.306713104248047,17.566173553466797,270
Q9NS61-2,28.202556610107422,17.566173553466797,270
Q9NS61-7,22.020793914794922,17.566173553466797,270
Q9NS61-5,19.25061798095703,17.566173553466797,270
Q9NS61-6,26.669143676757812,17.566173553466797,270
Q9NS61-9,28.859163284301758,17.566173553466797,270
Q9NS61-8,18.89737319946289,17.566173553466797,270
Q9NS68-2,29.375150680541992,26.073392868041992,423
Q9NS68-3,27.57464599609375,26.073392868041992,423
Q9NS73-5,25.790088653564453,25.047449111938477,344
Q9NS73-2,28.05240249633789,25.047449111938477,344
Q9NS73-3,28.267356872558594,25.047449111938477,344
Q9NS85-2,14.238445281982422,9.242090225219727,328
Q9NSA0-2,7.274948596954346,8.493976593017578,550
Q9NSB8-2,26.076066970825195,19.840299606323242,354
Q9NSC5-4,27.373809814453125,22.55675506591797,361
Q9NSC5-3,27.785354614257812,22.55675506591797,361
Q9NSC5-5,23.156280517578125,22.55675506591797,361
Q9NSC5-2,21.76722526550293,22.55675506591797,361
Q9NSD4-2,28.646678924560547,22.5355167388916,429
Q9NSD9-2,6.963306427001953,6.183805465698242,589
Q9NSE2-2,28.168981552124023,17.996213912963867,258
Q9NSE2-3,28.168981552124023,17.996213912963867,258
Q9NSI2-2,27.204496383666992,23.68933868408203,230
Q9NSI8-2,28.47555160522461,26.12466812133789,373
Q9NSI8-3,29.780986785888672,26.12466812133789,373
Q9NSK7-2,24.039772033691406,20.753080368041992,141
Q9NSK7-3,25.661903381347656,20.753080368041992,141
Q9NSN8-2,14.467033386230469,15.820980072021484,517
Q9NSP4-4,8.458944320678711,7.536573886871338,180
Q9NSP4-2,8.545328140258789,7.536573886871338,180
Q9NSP4-3,9.368181228637695,7.536573886871338,180
Q9NST1-2,12.182127952575684,17.209991455078125,481
Q9NSU2-2,17.27927589416504,14.080672264099121,314
Q9NSY0-5,28.94900131225586,17.983793258666992,501
Q9NSY0-2,22.187808990478516,17.983793258666992,501
Q9NSY0-4,28.94900131225586,17.983793258666992,501
Q9NSY2-3,3.4070706367492676,2.735369920730591,213
Q9NT62-2,14.33321762084961,16.800214767456055,314
Q9NTG7-2,24.170616149902344,15.927984237670898,399
Q9NTJ5-2,8.528319358825684,7.870214462280273,587
Q9NTK5-2,8.171058654785156,7.348083019256592,396
Q9NTK5-3,7.634828090667725,7.348083019256592,396
Q9NTN3-2,28.983051300048828,12.125094413757324,355
Q9NTX5-3,9.733503341674805,6.838247776031494,307
Q9NTX5-2,25.665557861328125,6.838247776031494,307
Q9NTX5-6,7.541975975036621,6.838247776031494,307
Q9NTX5-5,26.87377166748047,6.838247776031494,307
Q9NTX5-4,27.11111068725586,6.838247776031494,307
Q9NTX7-2,28.842178344726562,23.080150604248047,359
Q9NU63-3,29.191341400146484,25.743778228759766,452
Q9NU63-2,29.191341400146484,25.743778228759766,452
Q9NUE0-2,16.258878707885742,13.564718246459961,388
Q9NUG4-3,27.3314208984375,25.309009552001953,571
Q9NUG4-2,29.389514923095703,25.309009552001953,571
Q9NUH8-2,22.924448013305664,20.450138092041016,114
Q9NUI1-3,3.2935876846313477,3.708892345428467,292
Q9NUI1-2,3.7428605556488037,3.708892345428467,292
Q9NUJ1-2,11.054930686950684,10.19314193725586,306
Q9NUJ1-3,9.694673538208008,10.19314193725586,306
Q9NUK0-2,29.034832000732422,24.76218605041504,354
Q9NUK0-5,27.86096954345703,24.76218605041504,354
Q9NUK0-4,29.751224517822266,24.76218605041504,354
Q9NUK0-3,25.13770294189453,24.76218605041504,354
Q9NUL3-5,26.83216094970703,25.591529846191406,570
Q9NUL3-4,27.78653335571289,25.591529846191406,570
Q9NUL3-8,27.78653335571289,25.591529846191406,570
Q9NUL3-3,27.78653335571289,25.591529846191406,570
Q9NUL3-7,29.47471046447754,25.591529846191406,570
Q9NUL3-2,25.021169662475586,25.591529846191406,570
Q9NUL3-6,27.777528762817383,25.591529846191406,570
Q9NUL5-3,13.712879180908203,12.076156616210938,291
Q9NUL5-2,13.692878723144531,12.076156616210938,291
Q9NUL5-4,12.933605194091797,12.076156616210938,291
Q9NUM3-3,12.07840633392334,10.937006950378418,307
Q9NUM3-2,12.493570327758789,10.937006950378418,307
Q9NUN5-3,10.336804389953613,10.820380210876465,540
Q9NUN5-2,11.021050453186035,10.820380210876465,540
Q9NUN5-4,25.34512710571289,10.820380210876465,540
Q9NUN7-2,4.740074157714844,4.320750713348389,267
Q9NUP7-2,15.72342586517334,14.372413635253906,481
Q9NUQ3-2,27.098636627197266,23.68673324584961,528
Q9NUQ6-2,28.739425659179688,26.39048194885254,558
Q9NUQ9-2,6.401011943817139,6.0104498863220215,324
Q9NUU7-2,19.273086547851562,13.203874588012695,478
Q9NUV7-2,17.006343841552734,9.40795612335205,552
Q9NUZ1-3,6.525780200958252,5.7319865226745605,547
Q9NUZ1-2,4.460412979125977,5.7319865226745605,547
Q9NUZ1-4,7.112482070922852,5.7319865226745605,547
Q9NV06-2,7.829358100891113,6.147582530975342,445
Q9NV23-2,3.7821969985961914,5.826172828674316,265
Q9NV64-2,18.676231384277344,15.793502807617188,488
Q9NV72-2,29.40447998046875,24.937313079833984,531
Q9NV96-3,11.736631393432617,9.474581718444824,361
Q9NV96-2,9.03166675567627,9.474581718444824,361
Q9NVA1-5,24.502769470214844,16.509681701660156,299
Q9NVA1-3,20.270484924316406,16.509681701660156,299
Q9NVA1-2,12.242321014404297,16.509681701660156,299
Q9NVA1-4,12.094430923461914,16.509681701660156,299
Q9NVA2-2,28.624404907226562,15.334561347961426,429
Q9NVA4-2,19.170032501220703,16.123361587524414,438
Q9NVC3-2,8.603567123413086,8.744893074035645,462
Q9NVD3-3,22.459636688232422,6.46198844909668,440
Q9NVD3-4,7.376583099365234,6.46198844909668,440
Q9NVD3-2,11.669557571411133,6.46198844909668,440
Q9NVD7-2,22.79431915283203,18.447660446166992,372
Q9NVF7-2,24.753055572509766,22.550189971923828,368
Q9NVF9-3,7.892930030822754,9.109533309936523,386
Q9NVF9-2,7.160348892211914,9.109533309936523,386
Q9NVG8-3,8.626327514648438,7.822937488555908,400
Q9NVG8-2,7.9076361656188965,7.822937488555908,400
Q9NVH1-2,17.82000732421875,15.470914840698242,559
Q9NVH1-3,12.630746841430664,15.470914840698242,559
Q9NVH6-7,21.52560043334961,9.50778865814209,421
Q9NVH6-5,7.128188133239746,9.50778865814209,421
Q9NVH6-4,7.838551044464111,9.50778865814209,421
Q9NVH6-6,8.824699401855469,9.50778865814209,421
Q9NVH6-2,7.838551044464111,9.50778865814209,421
Q9NVH6-3,7.838551044464111,9.50778865814209,421
Q9NVJ2-2,6.447710990905762,6.538588047027588,186
Q9NVK5-2,25.001285552978516,21.148775100708008,253
Q9NVK5-3,25.14550018310547,21.148775100708008,253
Q9NVL1-3,24.103839874267578,22.74159812927246,165
Q9NVL1-2,24.103839874267578,22.74159812927246,165
Q9NVN3-1,24.60740852355957,11.259319305419922,520
Q9NVN3-3,19.758190155029297,11.259319305419922,520
Q9NVN3-4,19.758190155029297,11.259319305419922,520
Q9NVR7-2,8.274229049682617,8.983281135559082,557
Q9NVS2-3,11.490985870361328,11.277645111083984,196
Q9NVS9-3,5.8805437088012695,8.880345344543457,261
Q9NVS9-4,7.602411270141602,8.880345344543457,261
Q9NVS9-2,19.69277000427246,8.880345344543457,261
Q9NVT9-2,25.104124069213867,20.29348373413086,282
Q9NVV4-2,27.55007553100586,12.365188598632812,582
Q9NVV5-4,6.919517517089844,5.023656368255615,238
Q9NVV5-1,14.159845352172852,5.023656368255615,238
Q9NVV5-3,4.973428726196289,5.023656368255615,238
Q9NVV5-6,5.46849250793457,5.023656368255615,238
Q9NVV5-5,5.481486797332764,5.023656368255615,238
Q9NVV9-2,21.323192596435547,21.950450897216797,213
Q9NVX0-2,26.599895477294922,21.33997344970703,235
Q9NVX0-3,22.643896102905273,21.33997344970703,235
Q9NVX2-2,6.8848748207092285,6.966653347015381,485
Q9NVZ3-3,29.68033790588379,21.97475814819336,263
Q9NVZ3-2,29.602008819580078,21.97475814819336,263
Q9NVZ3-4,18.87244415283203,21.97475814819336,263
Q9NW64-2,13.916634559631348,17.794801712036133,420
Q9NW68-8,27.362682342529297,26.121286392211914,430
Q9NW68-9,27.611955642700195,26.121286392211914,430
Q9NW68-4,28.66550064086914,26.121286392211914,430
Q9NW68-3,28.237014770507812,26.121286392211914,430
Q9NW68-2,28.899478912353516,26.121286392211914,430
Q9NW68-6,28.66550064086914,26.121286392211914,430
Q9NW68-5,27.448482513427734,26.121286392211914,430
Q9NW75-2,29.26336669921875,27.800609588623047,528
Q9NW81-4,28.207935333251953,14.052431106567383,257
Q9NW81-6,15.009082794189453,14.052431106567383,257
Q9NW81-5,11.040257453918457,14.052431106567383,257
Q9NW81-3,28.081371307373047,14.052431106567383,257
Q9NW81-2,20.8068790435791,14.052431106567383,257
Q9NWB1-3,29.49225616455078,27.09011459350586,397
Q9NWB1-4,29.304014205932617,27.09011459350586,397
Q9NWB1-5,29.424243927001953,27.09011459350586,397
Q9NWB1-2,29.95132827758789,27.09011459350586,397
Q9NWD8-2,19.50445556640625,18.14848518371582,314
Q9NWF4-2,8.959017753601074,10.212970733642578,448
Q9NWH7-2,27.212791442871094,25.325803756713867,488
Q9NWK9-2,28.16503143310547,23.679895401000977,470
Q9NWM0-2,16.18358612060547,9.263195991516113,555
Q9NWM0-4,9.432514190673828,9.263195991516113,555
Q9NWM0-5,8.05650520324707,9.263195991516113,555
Q9NWM0-3,9.893987655639648,9.263195991516113,555
Q9NWM3-2,24.52608871459961,26.693449020385742,386
Q9NWQ4-1,29.91407012939453,28.331024169921875,482
Q9NWQ4-4,29.54342269897461,28.331024169921875,482
Q9NWS0-3,21.56882095336914,19.11141586303711,290
Q9NWS0-2,27.598270416259766,19.11141586303711,290
Q9NWS1-7,21.348636627197266,19.276958465576172,579
Q9NWS1-4,17.2557373046875,19.276958465576172,579
Q9NWS1-6,21.348636627197266,19.276958465576172,579
Q9NWS1-3,18.399993896484375,19.276958465576172,579
Q9NWS1-2,15.79886245727539,19.276958465576172,579
Q9NWS1-5,21.94608497619629,19.276958465576172,579
Q9NWS8-2,22.14047622680664,18.178064346313477,449
Q9NWS8-3,22.74976921081543,18.178064346313477,449
Q9NWS9-2,26.435426712036133,26.169368743896484,450
Q9NWU1-2,4.6163482666015625,5.9384284019470215,459
Q9NWU5-3,15.589136123657227,11.859034538269043,206
Q9NWU5-2,14.758235931396484,11.859034538269043,206
Q9NWV8-2,28.57012176513672,15.354791641235352,329
Q9NWV8-3,21.673728942871094,15.354791641235352,329
Q9NWW0-2,28.37245750427246,25.217182159423828,138
Q9NWW5-2,28.499021530151367,10.579346656799316,311
Q9NWW6-2,3.4409193992614746,4.328830242156982,199
Q9NWZ3-2,19.52120590209961,13.240396499633789,460
Q9NWZ5-4,29.519886016845703,16.30727767944336,548
Q9NWZ5-3,17.780807495117188,16.30727767944336,548
Q9NWZ5-2,20.463979721069336,16.30727767944336,548
Q9NX04-2,5.52755069732666,4.856802940368652,203
Q9NX07-2,21.246456146240234,19.58060646057129,287
Q9NX40-4,28.656307220458984,24.63270378112793,245
Q9NX40-3,28.98746109008789,24.63270378112793,245
Q9NX40-2,29.066587448120117,24.63270378112793,245
Q9NX45-2,28.596126556396484,25.227664947509766,425
Q9NX45-3,27.274147033691406,25.227664947509766,425
Q9NX52-3,14.886407852172852,11.964339256286621,303
Q9NX55-3,28.391239166259766,22.083053588867188,121
Q9NX61-2,9.3464937210083,10.828740119934082,479
Q9NX70-2,23.26203155517578,20.246200561523438,200
Q9NX94-2,28.878890991210938,27.083341598510742,342
Q9NXA8-4,10.398514747619629,7.8139543533325195,310
Q9NXA8-2,7.643087387084961,7.8139543533325195,310
Q9NXA8-3,6.350742340087891,7.8139543533325195,310
Q9NXB0-3,18.270715713500977,19.285898208618164,559
Q9NXB0-2,22.9497127532959,19.285898208618164,559
Q9NXC2-2,5.190707206726074,5.5042338371276855,390
Q9NXC2-3,10.380462646484375,5.5042338371276855,390
Q9NXE8-2,28.28268051147461,26.169898986816406,425
Q9NXG6-2,13.5397367477417,14.761234283447266,502
Q9NXJ0-2,16.940635681152344,19.604385375976562,267
Q9NXJ5-2,4.450167655944824,4.281724452972412,209
Q9NXK8-2,8.661067962646484,7.476410388946533,326
Q9NXN4-2,25.865283966064453,19.855009078979492,497
Q9NXP7-3,22.780628204345703,21.912511825561523,522
Q9NXP7-2,23.47723388671875,21.912511825561523,522
Q9NXR1-1,27.988433837890625,21.872861862182617,335
Q9NXR5-2,25.949359893798828,23.772550582885742,420
Q9NXR7-4,9.79207992553711,7.255002021789551,383
Q9NXR7-3,9.709878921508789,7.255002021789551,383
Q9NXR7-1,9.79207992553711,7.255002021789551,383
Q9NXR8-3,26.76681137084961,25.63752555847168,418
Q9NXR8-2,26.76681137084961,25.63752555847168,418
Q9NXS2-3,8.711915969848633,10.667991638183594,382
Q9NXS3-2,21.798961639404297,14.614912986755371,571
Q9NXT0-3,27.362407684326172,20.66927146911621,402
Q9NXT0-2,28.591880798339844,20.66927146911621,402
Q9NXW2-2,22.359859466552734,22.965824127197266,375
Q9NXX6-2,27.219751358032227,24.242462158203125,385
Q9NY12-2,28.498184204101562,22.628746032714844,217
Q9NY25-2,11.016042709350586,15.641777992248535,188
Q9NY26-2,13.351271629333496,11.969354629516602,324
Q9NY27-3,23.865997314453125,25.86532211303711,417
Q9NY27-2,23.904067993164062,25.86532211303711,417
Q9NY30-2,28.92105484008789,18.194414138793945,223
Q9NY35-3,9.200703620910645,8.134778022766113,253
Q9NY35-2,8.176559448242188,8.134778022766113,253
Q9NY56-2,7.418269157409668,7.874948024749756,170
Q9NY56-4,7.40716552734375,7.874948024749756,170
Q9NY56-3,10.138387680053711,7.874948024749756,170
Q9NY57-2,11.907182693481445,10.3334379196167,414
Q9NY65-2,7.815392971038818,6.565344333648682,449
Q9NY93-2,17.235477447509766,14.703495025634766,547
Q9NY97-2,28.150516510009766,9.66139030456543,397
Q9NY99-2,19.61161231994629,14.853927612304688,539
Q9NYB9-2,29.098209381103516,26.044681549072266,513
Q9NYB9-4,27.02350425720215,26.044681549072266,513
Q9NYB9-3,29.396106719970703,26.044681549072266,513
Q9NYG2-2,13.506711959838867,8.361506462097168,299
Q9NYG5-2,7.1328349113464355,5.895266532897949,84
Q9NYK5-2,18.946439743041992,9.932320594787598,338
Q9NYK6-3,22.734798431396484,25.1931095123291,297
Q9NYK6-2,28.281227111816406,25.1931095123291,297
Q9NYL4-2,17.320144653320312,14.521471977233887,201
Q9NYN1-2,16.687931060791016,14.65638256072998,266
Q9NYN1-3,10.768697738647461,14.65638256072998,266
Q9NYP3-2,20.79983901977539,18.616764068603516,566
Q9NYP3-3,20.79983901977539,18.616764068603516,566
Q9NYP7-3,12.892480850219727,10.868021965026855,299
Q9NYR9-2,9.025132179260254,7.659768104553223,191
Q9NYR9-3,7.094576835632324,7.659768104553223,191
Q9NYR9-4,7.358068466186523,7.659768104553223,191
Q9NYS7-3,10.088119506835938,9.397424697875977,404
Q9NYS7-2,19.412717819213867,9.397424697875977,404
Q9NYY1-2,5.675893783569336,7.144369602203369,176
Q9NYZ2-4,12.899494171142578,11.545814514160156,338
Q9NYZ2-2,13.057184219360352,11.545814514160156,338
Q9NYZ4-3,28.424354553222656,19.450214385986328,499
Q9NYZ4-2,16.712005615234375,19.450214385986328,499
Q9NZ01-2,6.10566520690918,5.556396484375,308
Q9NZ09-2,26.48955535888672,26.53097915649414,502
Q9NZ09-4,29.585060119628906,26.53097915649414,502
Q9NZ09-3,28.309253692626953,26.53097915649414,502
Q9NZ43-3,27.617843627929688,22.42658805847168,259
Q9NZ43-2,27.642024993896484,22.42658805847168,259
Q9NZ72-2,25.627487182617188,17.774011611938477,180
Q9NZ81-2,28.855918884277344,25.209095001220703,148
Q9NZA1-2,27.1018123626709,19.880475997924805,410
Q9NZA1-3,29.187042236328125,19.880475997924805,410
Q9NZC2-2,28.996803283691406,20.14293098449707,230
Q9NZC2-3,28.996803283691406,20.14293098449707,230
Q9NZC4-2,27.372390747070312,23.06476593017578,300
Q9NZC7-2,11.378482818603516,13.754387855529785,414
Q9NZC7-3,17.971771240234375,13.754387855529785,414
Q9NZC7-5,14.887701034545898,13.754387855529785,414
Q9NZC7-4,25.62744140625,13.754387855529785,414
Q9NZC7-7,21.29250717163086,13.754387855529785,414
Q9NZC7-6,21.467666625976562,13.754387855529785,414
Q9NZD1-2,29.222763061523438,15.921680450439453,345
Q9NZD1-3,29.222763061523438,15.921680450439453,345
Q9NZD8-2,3.8078293800354004,4.777302265167236,308
Q9NZE8-2,16.94133949279785,19.6173038482666,188
Q9NZH0-2,29.15515899658203,18.292028427124023,403
Q9NZH5-2,28.646770477294922,26.038476943969727,202
Q9NZH6-2,28.619510650634766,14.78032112121582,218
Q9NZH6-4,27.30194854736328,14.78032112121582,218
Q9NZH6-5,16.625614166259766,14.78032112121582,218
Q9NZH6-3,12.783037185668945,14.78032112121582,218
Q9NZH7-2,21.789745330810547,17.72126007080078,164
Q9NZH8-2,6.467209815979004,7.405693054199219,169
Q9NZI2-3,27.450286865234375,14.48330020904541,227
Q9NZI2-4,27.939510345458984,14.48330020904541,227
Q9NZI2-2,24.779251098632812,14.48330020904541,227
Q9NZI2-5,16.97653579711914,14.48330020904541,227
Q9NZI7-4,27.041969299316406,22.691600799560547,540
Q9NZI8-2,24.093433380126953,22.12616539001465,577
Q9NZJ7-3,13.867355346679688,15.341499328613281,389
Q9NZJ7-2,21.534549713134766,15.341499328613281,389
Q9NZJ9-3,11.501115798950195,10.660740852355957,180
Q9NZK5-2,5.096023082733154,4.803007125854492,511
Q9NZL4-3,29.17169189453125,13.909746170043945,359
Q9NZL4-2,12.55523681640625,13.909746170043945,359
Q9NZL9-2,22.638614654541016,6.107614040374756,334
Q9NZL9-4,7.245366096496582,6.107614040374756,334
Q9NZL9-3,6.299313068389893,6.107614040374756,334
Q9NZL9-5,22.378379821777344,6.107614040374756,334
Q9NZN3-2,13.243804931640625,12.654394149780273,535
Q9NZN4-2,12.46084976196289,11.87436294555664,543
Q9NZN8-3,28.175430297851562,25.309410095214844,540
Q9NZN8-2,29.44089126586914,25.309410095214844,540
Q9NZN8-5,29.176898956298828,25.309410095214844,540
Q9NZN8-4,23.440109252929688,25.309410095214844,540
Q9NZN9-3,21.11563491821289,18.96688461303711,384
Q9NZN9-5,17.49317169189453,18.96688461303711,384
Q9NZN9-4,18.01557159423828,18.96688461303711,384
Q9NZN9-2,19.581918716430664,18.96688461303711,384
Q9NZQ0-3,11.403995513916016,8.641374588012695,273
Q9NZQ0-2,10.552436828613281,8.641374588012695,273
Q9NZQ7-3,17.594696044921875,13.424125671386719,290
Q9NZQ7-2,14.363985061645508,13.424125671386719,290
Q9NZQ9-2,23.23797607421875,18.251577377319336,345
Q9NZR1-2,16.748104095458984,20.132490158081055,351
Q9NZR4-6,28.627792358398438,26.80184555053711,365
Q9NZR4-5,29.68587303161621,26.80184555053711,365
Q9NZR4-7,28.627792358398438,26.80184555053711,365
Q9NZR4-2,28.645360946655273,26.80184555053711,365
Q9NZR4-8,29.68587303161621,26.80184555053711,365
Q9NZR4-4,29.74295425415039,26.80184555053711,365
Q9NZR4-3,29.74295425415039,26.80184555053711,365
Q9NZS2-2,26.1457462310791,19.472461700439453,231
Q9NZS2-3,28.160221099853516,19.472461700439453,231
Q9NZS2-4,28.160221099853516,19.472461700439453,231
Q9NZS9-2,27.618762969970703,18.231531143188477,450
Q9NZU5-2,14.325084686279297,10.831915855407715,365
Q9NZU7-3,25.6473331451416,24.90487289428711,370
Q9NZU7-2,27.935876846313477,24.90487289428711,370
Q9NZU7-1,27.935876846313477,24.90487289428711,370
Q9NZZ3-2,28.590965270996094,19.781448364257812,219
Q9P000-2,13.98145580291748,12.821523666381836,198
Q9P003-2,6.939870834350586,6.05434513092041,139
Q9P016-2,11.160528182983398,12.48416805267334,225
Q9P035-2,19.267250061035156,15.172797203063965,362
Q9P055-3,18.78306007385254,8.930159568786621,311
Q9P055-2,10.041475296020508,8.930159568786621,311
Q9P055-5,19.505168914794922,8.930159568786621,311
Q9P0I2-2,19.72858238220215,14.457318305969238,261
Q9P0J0-2,9.614437103271484,8.328751564025879,144
Q9P0K8-2,29.42359161376953,27.095661163330078,574
Q9P0N5-2,20.669326782226562,11.9553861618042,145
Q9P0N8-2,20.040218353271484,18.84964370727539,246
Q9P0N9-3,8.870789527893066,5.863317966461182,293
Q9P0N9-2,4.209691047668457,5.863317966461182,293
Q9P0N9-4,4.591357231140137,5.863317966461182,293
Q9P0V8-2,18.210800170898438,16.728052139282227,285
Q9P0V9-3,28.457530975341797,16.398134231567383,454
Q9P0V9-2,27.635189056396484,16.398134231567383,454
Q9P0W2-2,26.286182403564453,21.891490936279297,317
Q9P0W2-3,22.881683349609375,21.891490936279297,317
Q9P0W8-3,29.368663787841797,27.729097366333008,599
Q9P0W8-2,27.72563934326172,27.729097366333008,599
Q9P104-2,18.330081939697266,16.632993698120117,306
Q9P121-3,26.655750274658203,13.929852485656738,344
Q9P121-2,28.896892547607422,13.929852485656738,344
Q9P126-2,19.51485824584961,12.419939041137695,229
Q9P127-2,28.89311981201172,23.90155029296875,313
Q9P1A2-3,21.936935424804688,20.337947845458984,415
Q9P1P5-2,19.05134391784668,10.224446296691895,351
Q9P1U1-2,8.476600646972656,5.981863021850586,418
Q9P1U1-3,5.628879547119141,5.981863021850586,418
Q9P1W8-2,25.987417221069336,14.337292671203613,387
Q9P1W8-4,16.30828094482422,14.337292671203613,387
Q9P1W8-3,18.08747673034668,14.337292671203613,387
Q9P272-3,17.80510902404785,21.689199447631836,454
Q9P287-3,11.355691909790039,14.292943000793457,314
Q9P287-4,13.228681564331055,14.292943000793457,314
Q9P287-2,13.228681564331055,14.292943000793457,314
Q9P289-2,13.586809158325195,15.432050704956055,416
Q9P2A4-2,19.313888549804688,23.93354606628418,366
Q9P2B7-2,29.50008773803711,28.108917236328125,532
Q9P2K3-4,28.09412956237793,25.616744995117188,495
Q9P2K3-2,28.09412956237793,25.616744995117188,495
Q9P2R7-2,26.02958106994629,9.765582084655762,463
Q9P2T0-2,27.963790893554688,26.87106704711914,379
Q9P2T1-3,2.847377300262451,3.152777671813965,348
Q9P2U7-2,21.81092071533203,13.434049606323242,560
Q9P2U7-3,27.264259338378906,13.434049606323242,560
Q9P2W1-3,21.58608627319336,14.527320861816406,217
Q9P2W1-2,13.81910514831543,14.527320861816406,217
Q9P2X3-2,24.845592498779297,18.638465881347656,320
Q9UBB4-2,8.6820068359375,9.04892635345459,475
Q9UBB5-3,28.655765533447266,24.815629959106445,411
Q9UBC1-2,28.712594985961914,23.771625518798828,381
Q9UBC1-3,26.203460693359375,23.771625518798828,381
Q9UBC7-2,27.38701629638672,23.098617553710938,116
Q9UBD9-2,28.066513061523438,12.216967582702637,225
Q9UBE0-2,6.044258117675781,6.536778926849365,346
Q9UBE0-3,6.044258117675781,6.536778926849365,346
Q9UBF6-4,13.112113952636719,15.18787670135498,113
Q9UBF6-3,19.63330078125,15.18787670135498,113
Q9UBF6-2,18.824703216552734,15.18787670135498,113
Q9UBF9-2,28.747005462646484,24.573434829711914,498
Q9UBG7-2,10.341085433959961,13.93172550201416,517
Q9UBI4-5,29.078609466552734,21.33693504333496,398
Q9UBI4-6,25.90237808227539,21.33693504333496,398
Q9UBI4-3,27.246850967407227,21.33693504333496,398
Q9UBI4-2,19.720775604248047,21.33693504333496,398
Q9UBI4-4,25.672910690307617,21.33693504333496,398
Q9UBK5-2,22.619564056396484,19.18233299255371,93
Q9UBL9-2,27.412700653076172,16.03805923461914,471
Q9UBL9-3,12.539196014404297,16.03805923461914,471
Q9UBL9-5,13.625287055969238,16.03805923461914,471
Q9UBL9-7,17.74703598022461,16.03805923461914,471
Q9UBL9-6,14.363555908203125,16.03805923461914,471
Q9UBM1-3,19.037879943847656,5.013358116149902,199
Q9UBP9-4,27.919464111328125,19.744373321533203,304
Q9UBP9-2,22.914413452148438,19.744373321533203,304
Q9UBP9-3,20.702796936035156,19.744373321533203,304
Q9UBQ5-2,25.35885238647461,9.326740264892578,218
Q9UBQ7-2,19.018348693847656,3.525970458984375,328
Q9UBR5-3,19.46268653869629,16.743377685546875,152
Q9UBR5-5,19.042078018188477,16.743377685546875,152
Q9UBR5-4,16.572006225585938,16.743377685546875,152
Q9UBR5-2,18.2354679107666,16.743377685546875,152
Q9UBS0-2,17.174362182617188,16.092138290405273,482
Q9UBS8-2,21.413097381591797,19.40313148498535,474
Q9UBU3-2,24.357757568359375,22.75023651123047,117
Q9UBU3-6,27.53714370727539,22.75023651123047,117
Q9UBU3-5,27.410903930664062,22.75023651123047,117
Q9UBU3-4,26.95557403564453,22.75023651123047,117
Q9UBU3-3,26.808639526367188,22.75023651123047,117
Q9UBU8-3,25.844932556152344,19.685762405395508,362
Q9UBU8-2,23.01378059387207,19.685762405395508,362
Q9UBV4-2,28.884296417236328,12.239151954650879,365
Q9UBW5-3,24.806907653808594,24.31025505065918,565
Q9UBW5-2,19.39689826965332,24.31025505065918,565
Q9UBX2-2,28.367141723632812,25.240076065063477,424
Q9UBX7-1,29.26212501525879,12.465997695922852,282
Q9UBX7-4,17.277124404907227,12.465997695922852,282
Q9UBX8-2,8.761455535888672,12.327923774719238,382
Q9UBY9-3,28.413345336914062,20.095294952392578,170
Q9UC07-2,29.17221450805664,23.539724349975586,566
Q9UD71-2,27.988758087158203,25.654964447021484,204
Q9UDW1-2,7.536922931671143,5.135802268981934,63
Q9UDX3-2,7.835295677185059,5.340344429016113,406
Q9UDX4-2,4.4685869216918945,3.771437406539917,400
Q9UDX4-3,4.3836798667907715,3.771437406539917,400
Q9UDX5-2,13.891212463378906,11.99586296081543,166
Q9UDY6-2,20.342788696289062,18.68467903137207,481
Q9UEE9-2,27.015932083129883,25.535295486450195,299
Q9UET6-2,17.536697387695312,11.704483985900879,329
Q9UEU0-2,21.795368194580078,18.712749481201172,232
Q9UEW3-2,28.98200225830078,26.870285034179688,520
Q9UEW8-2,28.218631744384766,19.464876174926758,545
Q9UF11-2,22.71875,19.926637649536133,243
Q9UF11-4,26.421464920043945,19.926637649536133,243
Q9UF11-3,24.883575439453125,19.926637649536133,243
Q9UFF9-2,6.82181978225708,6.698677062988281,292
Q9UFF9-3,5.42094612121582,6.698677062988281,292
Q9UFG5-2,22.517616271972656,18.869577407836914,118
Q9UG56-2,23.391136169433594,14.163963317871094,409
Q9UGB7-2,7.141876220703125,5.733099460601807,285
Q9UGI8-2,25.79288101196289,11.698534965515137,421
Q9UGI9-2,23.999094009399414,17.675369262695312,489
Q9UGJ0-2,28.602766036987305,20.98605728149414,569
Q9UGJ0-3,27.7547607421875,20.98605728149414,569
Q9UGK8-2,14.06894302368164,11.162525177001953,458
Q9UGM5-2,10.030120849609375,13.240049362182617,382
Q9UGM6-2,8.742358207702637,8.314127922058105,360
Q9UGN4-3,28.562213897705078,23.122671127319336,299
Q9UGN4-2,26.05138397216797,23.122671127319336,299
Q9UGN4-4,28.943161010742188,23.122671127319336,299
Q9UGN5-2,26.77968978881836,12.976736068725586,583
Q9UGP5-2,22.708314895629883,18.508516311645508,575
Q9UGQ2-2,19.758338928222656,18.553070068359375,172
Q9UGQ2-4,23.47480010986328,18.553070068359375,172
Q9UGQ2-3,20.62572479248047,18.553070068359375,172
Q9UGQ3-2,15.329739570617676,10.591938018798828,507
Q9UGV2-2,19.43216323852539,12.840376853942871,375
Q9UGV2-3,10.554353713989258,12.840376853942871,375
Q9UH03-2,28.10647201538086,13.158148765563965,358
Q9UH03-3,21.233497619628906,13.158148765563965,358
Q9UH17-3,13.306778907775879,10.586236953735352,382
Q9UH17-2,16.362266540527344,10.586236953735352,382
Q9UH73-2,21.678146362304688,23.27475357055664,591
Q9UH77-2,26.605180740356445,15.188691139221191,587
Q9UH77-3,22.253814697265625,15.188691139221191,587
Q9UH92-2,28.141708374023438,22.51157569885254,298
Q9UH92-3,28.6920166015625,22.51157569885254,298
Q9UHA4-2,2.82600736618042,2.9542794227600098,124
Q9UHB4-4,5.4319610595703125,6.120266437530518,597
Q9UHB4-3,7.365772724151611,6.120266437530518,597
Q9UHC3-2,28.585620880126953,13.912636756896973,531
Q9UHC3-3,28.442459106445312,13.912636756896973,531
Q9UHC3-4,16.302738189697266,13.912636756896973,531
Q9UHC7-4,25.925363540649414,24.613948822021484,482
Q9UHC7-2,29.30661392211914,24.613948822021484,482
Q9UHC7-3,26.652042388916016,24.613948822021484,482
Q9UHD0-3,9.10861873626709,9.783587455749512,177
Q9UHD1-2,24.279720306396484,20.773788452148438,332
Q9UHD8-4,29.54707145690918,22.886384963989258,586
Q9UHD8-9,29.582103729248047,22.886384963989258,586
Q9UHD8-3,29.671619415283203,22.886384963989258,586
Q9UHD8-8,29.582103729248047,22.886384963989258,586
Q9UHD8-7,29.703842163085938,22.886384963989258,586
Q9UHD8-5,29.86806869506836,22.886384963989258,586
Q9UHD8-2,29.86806869506836,22.886384963989258,586
Q9UHF0-3,26.45923614501953,23.279010772705078,121
Q9UHF0-2,28.926116943359375,23.279010772705078,121
Q9UHF4-3,25.27219009399414,23.765962600708008,553
Q9UHF4-2,23.871807098388672,23.765962600708008,553
Q9UHG0-2,29.9174747467041,26.426231384277344,476
Q9UHG3-2,12.4888334274292,7.389157772064209,505
Q9UHH9-3,14.240592002868652,14.98133659362793,426
Q9UHH9-6,14.275406837463379,14.98133659362793,426
Q9UHH9-2,14.275406837463379,14.98133659362793,426
Q9UHH9-4,28.826061248779297,14.98133659362793,426
Q9UHH9-5,28.88470458984375,14.98133659362793,426
Q9UHI5-2,11.16360092163086,10.83023452758789,535
Q9UHI5-3,11.140557289123535,10.83023452758789,535
Q9UHI5-4,11.543734550476074,10.83023452758789,535
Q9UHI7-3,11.609657287597656,10.39728832244873,598
Q9UHJ9-3,9.38700008392334,6.933194637298584,254
Q9UHJ9-5,7.177873611450195,6.933194637298584,254
Q9UHJ9-4,7.047667503356934,6.933194637298584,254
Q9UHK6-5,16.20159149169922,4.147200107574463,382
Q9UHK6-4,4.350126266479492,4.147200107574463,382
Q9UHK6-2,4.350126266479492,4.147200107574463,382
Q9UHP7-6,26.32529067993164,16.06403350830078,191
Q9UHP7-2,13.96095085144043,16.06403350830078,191
Q9UHP7-3,13.96095085144043,16.06403350830078,191
Q9UHP7-5,17.272174835205078,16.06403350830078,191
Q9UHP7-7,28.84166717529297,16.06403350830078,191
Q9UHQ1-4,22.112239837646484,9.65745735168457,456
Q9UHQ1-3,11.461448669433594,9.65745735168457,456
Q9UHQ4-2,24.348617553710938,18.067663192749023,241
Q9UHR5-2,28.429794311523438,24.627635955810547,308
Q9UHW5-3,6.509417533874512,9.150676727294922,284
Q9UHX1-4,28.548599243164062,24.31157112121582,559
Q9UHX1-6,28.41495132446289,24.31157112121582,559
Q9UHX1-5,29.125633239746094,24.31157112121582,559
Q9UHX1-3,29.470569610595703,24.31157112121582,559
Q9UHX1-2,25.194812774658203,24.31157112121582,559
Q9UHY7-2,5.3751935958862305,4.626224040985107,261
Q9UI08-5,28.759647369384766,25.79621124267578,416
Q9UI08-4,27.774742126464844,25.79621124267578,416
Q9UI08-3,25.008434295654297,25.79621124267578,416
Q9UI10-3,27.545978546142578,17.233766555786133,523
Q9UI10-2,28.133743286132812,17.233766555786133,523
Q9UI12-2,19.85675048828125,10.866654396057129,483
Q9UI30-2,4.601666450500488,4.852223873138428,125
Q9UI42-2,5.133395671844482,5.21946382522583,421
Q9UIB8-5,29.2745304107666,20.26344871520996,345
Q9UIB8-6,27.61068344116211,20.26344871520996,345
Q9UIB8-4,29.376401901245117,20.26344871520996,345
Q9UIB8-3,27.561416625976562,20.26344871520996,345
Q9UIB8-2,26.746313095092773,20.26344871520996,345
Q9UIB8-7,28.89240264892578,20.26344871520996,345
Q9UIC8-3,5.089149475097656,5.410914897918701,334
Q9UIC8-2,14.995759010314941,5.410914897918701,334
Q9UIF7-6,28.68801498413086,15.011448860168457,546
Q9UIF7-5,28.683961868286133,15.011448860168457,546
Q9UIF7-4,27.835861206054688,15.011448860168457,546
Q9UIF7-3,28.421581268310547,15.011448860168457,546
Q9UIF7-2,28.50121307373047,15.011448860168457,546
Q9UIG5-2,28.994281768798828,25.87997817993164,152
Q9UII2-2,22.241304397583008,18.040761947631836,106
Q9UII2-3,22.241304397583008,18.040761947631836,106
Q9UIJ7-2,6.491355895996094,6.1267828941345215,227
Q9UIJ7-3,6.274799346923828,6.1267828941345215,227
Q9UIK4-2,18.739761352539062,10.347122192382812,370
Q9UIK5-3,28.37453842163086,25.3632869720459,374
Q9UIK5-2,28.804241180419922,25.3632869720459,374
Q9UIL1-2,28.47864532470703,23.13167953491211,159
Q9UIL1-3,27.809444427490234,23.13167953491211,159
Q9UIL1-4,23.341602325439453,23.13167953491211,159
Q9UIL8-2,27.985599517822266,22.05214500427246,331
Q9UIR0-4,27.614612579345703,19.003171920776367,482
Q9UIR0-3,24.156814575195312,19.003171920776367,482
Q9UIR0-2,21.080459594726562,19.003171920776367,482
Q9UIV1-2,14.195717811584473,6.676466464996338,285
Q9UIV8-2,6.570853233337402,7.712390899658203,391
Q9UIX4-2,20.136798858642578,16.874605178833008,513
Q9UIY3-2,20.67102813720703,17.21002960205078,292
Q9UJ68-2,13.122108459472656,8.717429161071777,235
Q9UJ68-5,27.758750915527344,8.717429161071777,235
Q9UJ68-3,16.892881393432617,8.717429161071777,235
Q9UJ68-4,6.4676923751831055,8.717429161071777,235
Q9UJ83-2,3.52577805519104,4.505675315856934,578
Q9UJ83-3,4.624065399169922,4.505675315856934,578
Q9UJ83-4,4.761073112487793,4.505675315856934,578
Q9UJA2-2,27.03762435913086,18.18425750732422,301
Q9UJA5-2,15.093120574951172,13.985260009765625,497
Q9UJA5-4,14.673844337463379,13.985260009765625,497
Q9UJA5-3,14.621370315551758,13.985260009765625,497
Q9UJD0-2,29.371564865112305,21.575654983520508,308
Q9UJG1-2,27.5736083984375,18.008398056030273,213
Q9UJG1-3,24.752357482910156,18.008398056030273,213
Q9UJL9-2,27.43136215209961,23.571834564208984,534
Q9UJP4-2,14.438840866088867,10.554574012756348,597
Q9UJQ1-2,9.743885040283203,12.608124732971191,280
Q9UJT1-6,8.014453887939453,6.046109199523926,453
Q9UJT1-2,5.931726455688477,6.046109199523926,453
Q9UJT1-5,5.56820821762085,6.046109199523926,453
Q9UJT1-4,6.545866966247559,6.046109199523926,453
Q9UJT1-3,6.461114883422852,6.046109199523926,453
Q9UJT9-2,29.119056701660156,14.461512565612793,491
Q9UJU2-3,29.863441467285156,27.204633712768555,399
Q9UJU2-7,29.493579864501953,27.204633712768555,399
Q9UJU2-5,29.12297821044922,27.204633712768555,399
Q9UJU2-6,29.581844329833984,27.204633712768555,399
Q9UJU2-4,29.369346618652344,27.204633712768555,399
Q9UJU2-2,29.180973052978516,27.204633712768555,399
Q9UJU6-6,25.83513832092285,24.24601936340332,430
Q9UJU6-3,27.645076751708984,24.24601936340332,430
Q9UJU6-5,25.82540512084961,24.24601936340332,430
Q9UJU6-4,28.618038177490234,24.24601936340332,430
Q9UJV8-2,26.23413848876953,21.693037033081055,347
Q9UJW0-2,9.97890853881836,12.558350563049316,460
Q9UJW2-2,15.132307052612305,15.314053535461426,476
Q9UJX2-3,12.854446411132812,10.583268165588379,597
Q9UJX2-2,12.825240135192871,10.583268165588379,597
Q9UJX3-2,22.957077026367188,11.231260299682617,565
Q9UJZ1-2,15.06041431427002,18.264881134033203,356
Q9UK00-2,25.167606353759766,25.27057647705078,162
Q9UK12-2,27.769298553466797,24.011621475219727,451
Q9UK23-3,21.010295867919922,16.59038543701172,515
Q9UK23-2,21.006542205810547,16.59038543701172,515
Q9UK41-2,15.239429473876953,13.184680938720703,221
Q9UK53-2,28.594539642333984,26.078323364257812,422
Q9UK53-4,28.594539642333984,26.078323364257812,422
Q9UK53-5,28.431713104248047,26.078323364257812,422
Q9UK53-3,28.229167938232422,26.078323364257812,422
Q9UK58-5,21.52096176147461,21.785737991333008,526
Q9UK58-6,29.72831153869629,21.785737991333008,526
Q9UK58-4,23.03371810913086,21.785737991333008,526
Q9UK59-2,14.841033935546875,14.356134414672852,544
Q9UK76-3,28.738224029541016,26.171276092529297,154
Q9UK76-2,29.35794448852539,26.171276092529297,154
Q9UK80-3,13.521195411682129,19.133394241333008,565
Q9UK80-2,18.838504791259766,19.133394241333008,565
Q9UK97-3,28.63946533203125,19.357126235961914,447
Q9UK97-2,27.515331268310547,19.357126235961914,447
Q9UK99-2,22.392690658569336,9.731473922729492,471
Q9UK99-3,14.578407287597656,9.731473922729492,471
Q9UKA8-2,22.32510757446289,21.942167282104492,241
Q9UKA8-3,26.54006576538086,21.942167282104492,241
Q9UKA8-6,26.74768829345703,21.942167282104492,241
Q9UKA8-5,22.060014724731445,21.942167282104492,241
Q9UKA8-4,24.4649600982666,21.942167282104492,241
Q9UKA9-3,27.128280639648438,23.981487274169922,531
Q9UKA9-5,28.438148498535156,23.981487274169922,531
Q9UKA9-6,29.375835418701172,23.981487274169922,531
Q9UKB1-2,27.218910217285156,13.529094696044922,542
Q9UKB1-3,27.171607971191406,13.529094696044922,542
Q9UKB3-2,26.63631248474121,20.601289749145508,198
Q9UKC9-2,5.425538539886475,6.8133673667907715,423
Q9UKF7-2,23.494483947753906,13.38227653503418,332
Q9UKI9-3,29.571699142456055,25.94770622253418,436
Q9UKI9-2,29.571699142456055,25.94770622253418,436
Q9UKJ0-3,28.255950927734375,18.86130142211914,227
Q9UKJ0-2,27.384700775146484,18.86130142211914,227
Q9UKJ1-4,28.362518310546875,23.140878677368164,303
Q9UKJ1-3,28.051162719726562,23.140878677368164,303
Q9UKJ1-2,29.26758575439453,23.140878677368164,303
Q9UKL6-2,5.170138835906982,4.60225772857666,214
Q9UKM9-2,27.897737503051758,25.1916561126709,306
Q9UKP3-2,25.225448608398438,21.46242332458496,347
Q9UKQ9-2,27.87560272216797,6.608943939208984,250
Q9UKR0-2,6.043535232543945,7.679110527038574,248
Q9UKR0-3,11.306852340698242,7.679110527038574,248
Q9UKR3-2,10.67110538482666,10.279815673828125,277
Q9UKR8-2,13.982532501220703,9.76596450805664,245
Q9UKR8-3,12.26318073272705,9.76596450805664,245
Q9UKR8-4,10.714139938354492,9.76596450805664,245
Q9UKS7-8,29.134597778320312,26.79277229309082,526
Q9UKS7-5,29.743999481201172,26.79277229309082,526
Q9UKS7-6,28.95101547241211,26.79277229309082,526
Q9UKS7-3,28.50906753540039,26.79277229309082,526
Q9UKS7-2,25.531845092773438,26.79277229309082,526
Q9UKS7-4,28.360700607299805,26.79277229309082,526
Q9UKS7-7,27.948808670043945,26.79277229309082,526
Q9UKT4-2,30.032581329345703,26.198974609375,447
Q9UKT5-2,10.491619110107422,12.693127632141113,387
Q9UKT8-2,9.464781761169434,10.882304191589355,454
Q9UKT9-16,28.94009017944336,26.277372360229492,509
Q9UKT9-10,27.923297882080078,26.277372360229492,509
Q9UKT9-11,28.443954467773438,26.277372360229492,509
Q9UKT9-12,28.93134880065918,26.277372360229492,509
Q9UKT9-14,28.79075050354004,26.277372360229492,509
Q9UKT9-13,27.354915618896484,26.277372360229492,509
Q9UKT9-5,26.38321876525879,26.277372360229492,509
Q9UKT9-7,29.27804946899414,26.277372360229492,509
Q9UKT9-2,25.17742919921875,26.277372360229492,509
Q9UKT9-3,25.74620819091797,26.277372360229492,509
Q9UKT9-8,28.66666603088379,26.277372360229492,509
Q9UKT9-15,27.169143676757812,26.277372360229492,509
Q9UKT9-9,27.274404525756836,26.277372360229492,509
Q9UKT9-6,27.054792404174805,26.277372360229492,509
Q9UKT9-4,26.709274291992188,26.277372360229492,509
Q9UKU7-3,28.427536010742188,5.590285778045654,415
Q9UKU7-2,4.833582878112793,5.590285778045654,415
Q9UKU9-2,25.69970703125,22.01017951965332,493
Q9UKW6-4,26.83962631225586,20.62372398376465,265
Q9UKW6-2,29.141765594482422,20.62372398376465,265
Q9UKW6-3,26.229087829589844,20.62372398376465,265
Q9UKX7-2,28.598093032836914,26.463123321533203,468
Q9UKY3-2,7.608151435852051,6.9408392906188965,287
Q9UKY7-3,27.35019302368164,26.562301635742188,258
Q9UKY7-2,28.837356567382812,26.562301635742188,258
Q9UL16-2,28.705907821655273,23.573209762573242,551
Q9UL19-2,26.87952423095703,14.746095657348633,164
Q9UL33-2,6.773381233215332,4.7811737060546875,140
Q9UL40-3,24.446327209472656,24.155942916870117,294
Q9UL41-2,28.773193359375,23.862825393676758,463
Q9UL45-2,22.61195945739746,17.617563247680664,172
Q9UL49-2,29.3099365234375,27.55221176147461,500
Q9UL49-1,29.57632827758789,27.55221176147461,500
Q9UL58-2,29.330238342285156,26.208194732666016,517
Q9ULB1-3,27.749263763427734,21.485681533813477,1477
Q9ULB1-2,27.10063934326172,21.485681533813477,1477
Q9ULB1-4,29.217594146728516,21.485681533813477,1477
Q9ULC0-2,29.15500259399414,27.316905975341797,261
Q9ULC0-3,29.00722885131836,27.316905975341797,261
Q9ULC4-3,2.8951311111450195,2.879399299621582,181
Q9ULC4-2,3.403869152069092,2.879399299621582,181
Q9ULG3-2,25.917388916015625,23.751150131225586,409
Q9ULI2-2,20.651906967163086,12.427152633666992,386
Q9ULK6-3,28.91888427734375,20.79800796508789,438
Q9ULK6-2,18.899532318115234,20.79800796508789,438
Q9ULK6-4,22.810195922851562,20.79800796508789,438
Q9ULP0-4,19.69264793395996,10.956336975097656,352
Q9ULP0-2,18.24418830871582,10.956336975097656,352
Q9ULP0-8,25.722211837768555,10.956336975097656,352
Q9ULP0-7,25.722211837768555,10.956336975097656,352
Q9ULP0-5,17.711538314819336,10.956336975097656,352
Q9ULP0-3,27.380661010742188,10.956336975097656,352
Q9ULP0-6,27.380661010742188,10.956336975097656,352
Q9ULP9-2,17.92420196533203,12.108902931213379,559
Q9ULR0-2,18.08979034423828,20.066261291503906,285
Q9ULR0-1,25.836267471313477,20.066261291503906,285
Q9ULV5-2,29.45697784423828,26.08993911743164,492
Q9ULV8-2,12.972267150878906,16.52128791809082,474
Q9ULW5-2,24.9622802734375,14.855484008789062,256
Q9ULW6-2,24.179433822631836,20.373384475708008,460
Q9ULX9-2,22.979949951171875,17.2487735748291,164
Q9ULZ0-3,27.858097076416016,24.764633178710938,124
Q9ULZ0-1,27.02479362487793,24.764633178710938,124
Q9ULZ3-2,23.700359344482422,18.42551040649414,195
Q9ULZ3-3,21.920124053955078,18.42551040649414,195
Q9UM00-1,26.538694381713867,17.695926666259766,239
Q9UM00-2,15.986244201660156,17.695926666259766,239
Q9UM11-3,22.26415252685547,14.54587459564209,496
Q9UM11-2,22.03110122680664,14.54587459564209,496
Q9UM21-2,28.90074920654297,17.26416015625,535
Q9UM22-3,13.343833923339844,10.587451934814453,224
Q9UM22-2,13.293781280517578,10.587451934814453,224
Q9UM44-2,17.31973648071289,15.712922096252441,414
Q9UM63-2,25.444133758544922,25.981639862060547,463
Q9UMR2-3,18.714950561523438,13.777912139892578,479
Q9UMR2-2,11.898113250732422,13.777912139892578,479
Q9UMR2-4,17.45263671875,13.777912139892578,479
Q9UMR5-2,5.758495330810547,7.659839630126953,302
Q9UMR7-4,17.206607818603516,13.580711364746094,237
Q9UMR7-2,14.05527400970459,13.580711364746094,237
Q9UMR7-3,20.030582427978516,13.580711364746094,237
Q9UMS0-3,29.553985595703125,15.05229663848877,254
Q9UMS0-2,16.0556697845459,15.05229663848877,254
Q9UMX0-4,29.584121704101562,26.731884002685547,589
Q9UMX0-2,27.255413055419922,26.731884002685547,589
Q9UMX0-3,27.913869857788086,26.731884002685547,589
Q9UMX1-2,12.771345138549805,13.096449851989746,484
Q9UMX1-3,12.771345138549805,13.096449851989746,484
Q9UMX2-2,22.555416107177734,16.45260238647461,235
Q9UMX3-2,14.292192459106445,13.314346313476562,212
Q9UMX9-4,12.457740783691406,12.957365989685059,530
Q9UMX9-2,13.526777267456055,12.957365989685059,530
Q9UMX9-3,10.689013481140137,12.957365989685059,530
Q9UMY1-2,28.314321517944336,23.932823181152344,257
Q9UMY4-1,12.248428344726562,8.098689079284668,162
Q9UMY4-3,5.2136077880859375,8.098689079284668,162
Q9UN19-2,21.945117950439453,19.387678146362305,280
Q9UN30-1,28.377521514892578,25.28127098083496,329
Q9UN30-2,29.353107452392578,25.28127098083496,329
Q9UN36-2,15.149259567260742,12.446822166442871,371
Q9UN36-6,22.24411392211914,12.446822166442871,371
Q9UN36-3,8.920202255249023,12.446822166442871,371
Q9UN36-5,20.10191535949707,12.446822166442871,371
Q9UN36-4,12.558708190917969,12.446822166442871,371
Q9UN42-2,14.434135437011719,14.299515724182129,357
Q9UN86-2,27.952892303466797,25.46282386779785,482
Q9UNE2-2,20.134132385253906,23.356412887573242,315
Q9UNE7-2,14.059823989868164,9.944167137145996,303
Q9UNF0-2,28.452972412109375,19.093481063842773,486
Q9UNH5-3,26.57244300842285,18.696552276611328,594
Q9UNH5-4,17.413700103759766,18.696552276611328,594
Q9UNH5-5,28.042449951171875,18.696552276611328,594
Q9UNH5-2,28.042449951171875,18.696552276611328,594
Q9UNH6-2,7.90595817565918,10.083368301391602,387
Q9UNH7-2,10.006658554077148,8.25578784942627,406
Q9UNK4-2,8.490866661071777,6.976979732513428,145
Q9UNL4-8,25.127939224243164,19.891517639160156,249
Q9UNL4-7,26.212059020996094,19.891517639160156,249
Q9UNL4-4,26.474489212036133,19.891517639160156,249
Q9UNL4-6,26.342742919921875,19.891517639160156,249
Q9UNL4-5,26.381122589111328,19.891517639160156,249
Q9UNL4-2,26.493927001953125,19.891517639160156,249
Q9UNL4-3,17.224374771118164,19.891517639160156,249
Q9UNM6-2,19.430824279785156,16.09046173095703,376
Q9UNN4-2,24.77749252319336,26.776702880859375,478
Q9UNP4-2,29.570695877075195,12.724193572998047,418
Q9UNP4-3,29.556644439697266,12.724193572998047,418
Q9UNP9-2,14.956826210021973,17.772563934326172,301
Q9UNP9-3,14.956826210021973,17.772563934326172,301
Q9UNS2-2,16.426116943359375,11.377440452575684,423
Q9UNW1-4,9.526775360107422,8.481247901916504,487
Q9UNW1-3,8.504964828491211,8.481247901916504,487
Q9UNW1-2,8.504964828491211,8.481247901916504,487
Q9UNW8-3,26.32729721069336,14.360228538513184,380
Q9UNW8-2,15.09376335144043,14.360228538513184,380
Q9UNY5-2,25.494380950927734,24.090835571289062,444
Q9UNZ2-4,26.033447265625,23.27104377746582,370
Q9UNZ2-6,27.879859924316406,23.27104377746582,370
Q9UP65-2,23.620967864990234,10.135823249816895,541
Q9UP65-3,11.641304016113281,10.135823249816895,541
Q9UPE1-2,14.581398963928223,14.416064262390137,567
Q9UPE1-4,21.242050170898438,14.416064262390137,567
Q9UPI3-2,14.632845878601074,12.954000473022461,526
Q9UPM6-2,24.5196590423584,22.670194625854492,363
Q9UPM6-5,28.715469360351562,22.670194625854492,363
Q9UPM6-4,28.715469360351562,22.670194625854492,363
Q9UPM6-6,25.659500122070312,22.670194625854492,363
Q9UPM9-2,15.36296272277832,11.84972095489502,204
Q9UPQ4-2,11.782621383666992,14.90918254852295,493
Q9UPT9-2,23.541919708251953,15.854690551757812,525
Q9UPY6-2,27.58551025390625,24.769439697265625,502
Q9UPY8-2,25.54974937438965,19.726003646850586,281
Q9UQ03-2,26.609893798828125,9.813090324401855,480
Q9UQ07-2,19.489280700683594,15.484641075134277,419
Q9UQ07-6,11.181818008422852,15.484641075134277,419
Q9UQ07-4,17.247608184814453,15.484641075134277,419
Q9UQ07-3,27.558834075927734,15.484641075134277,419
Q9UQ13-2,7.845757484436035,10.783968925476074,582
Q9UQ53-2,16.05941390991211,18.557119369506836,548
Q9UQ53-3,29.136363983154297,18.557119369506836,548
Q9UQ72-2,13.975034713745117,11.769258499145508,335
Q9UQ74-2,29.002174377441406,13.805031776428223,426
Q9UQ74-3,24.23540496826172,13.805031776428223,426
Q9UQ80-2,6.458768844604492,6.487612247467041,394
Q9UQB8-3,29.3154296875,22.858259201049805,552
Q9UQB8-4,29.312705993652344,22.858259201049805,552
Q9UQB8-5,29.312705993652344,22.858259201049805,552
Q9UQB8-6,28.627357482910156,22.858259201049805,552
Q9UQB8-2,29.47506332397461,22.858259201049805,552
Q9UQB9-2,26.853635787963867,9.667860984802246,309
Q9UQB9-3,28.359981536865234,9.667860984802246,309
Q9UQN3-2,16.28587532043457,17.617095947265625,213
Q9XRX5-3,25.134859085083008,20.61288070678711,114
Q9XRX5-2,25.074382781982422,20.61288070678711,114
Q9Y215-7,29.59424591064453,27.28751564025879,455
Q9Y215-5,27.3231201171875,27.28751564025879,455
Q9Y215-3,28.76620864868164,27.28751564025879,455
Q9Y215-4,28.439023971557617,27.28751564025879,455
Q9Y215-6,29.418643951416016,27.28751564025879,455
Q9Y215-2,29.828453063964844,27.28751564025879,455
Q9Y215-8,29.597637176513672,27.28751564025879,455
Q9Y221-2,4.679171562194824,4.511018753051758,180
Q9Y226-2,15.045764923095703,10.286517143249512,551
Q9Y228-2,28.363040924072266,25.130184173583984,551
Q9Y228-3,27.622507095336914,25.130184173583984,551
Q9Y230-2,15.119829177856445,11.106624603271484,463
Q9Y232-3,29.467575073242188,23.430540084838867,598
Q9Y232-4,29.73727035522461,23.430540084838867,598
Q9Y232-2,28.822938919067383,23.430540084838867,598
Q9Y243-2,20.392024993896484,14.137883186340332,479
Q9Y250-3,25.41008758544922,25.39655303955078,596
Q9Y250-2,25.607444763183594,25.39655303955078,596
Q9Y250-4,25.799135208129883,25.39655303955078,596
Q9Y250-5,26.09192657470703,25.39655303955078,596
Q9Y250-7,28.689987182617188,25.39655303955078,596
Q9Y250-6,28.482913970947266,25.39655303955078,596
Q9Y251-4,5.240607261657715,5.61904239654541,543
Q9Y251-3,4.172246932983398,5.61904239654541,543
Q9Y251-2,4.360904693603516,5.61904239654541,543
Q9Y255-2,15.713724136352539,10.532369613647461,219
Q9Y257-2,12.318727493286133,11.672059059143066,313
Q9Y259-2,19.150291442871094,10.183855056762695,395
Q9Y262-2,15.79594612121582,17.430967330932617,564
Q9Y264-2,20.72667121887207,21.523487091064453,503
Q9Y265-2,11.001518249511719,10.270837783813477,456
Q9Y272-2,11.286643981933594,11.11628532409668,281
Q9Y274-2,9.563194274902344,8.159363746643066,331
Q9Y275-2,16.649288177490234,20.8281192779541,285
Q9Y275-3,25.41539764404297,20.8281192779541,285
Q9Y279-2,29.144899368286133,20.924283981323242,399
Q9Y279-3,20.108638763427734,20.924283981323242,399
Q9Y281-3,7.537702560424805,6.8905863761901855,166
Q9Y282-2,12.787111282348633,12.387466430664062,383
Q9Y285-2,18.588253021240234,15.771215438842773,508
Q9Y286-4,19.957408905029297,18.936351776123047,467
Q9Y286-3,19.957408905029297,18.936351776123047,467
Q9Y286-2,16.52398681640625,18.936351776123047,467
Q9Y296-2,7.919528961181641,7.740455627441406,219
Q9Y2B0-2,10.88938045501709,9.515668869018555,182
Q9Y2B2-2,5.419735908508301,6.010928630828857,252
Q9Y2C4-3,13.225093841552734,10.331551551818848,368
Q9Y2C4-4,8.27537727355957,10.331551551818848,368
Q9Y2C4-2,28.896175384521484,10.331551551818848,368
Q9Y2C5-2,17.318180084228516,10.069920539855957,497
Q9Y2C5-3,10.354510307312012,10.069920539855957,497
Q9Y2C5-4,28.930442810058594,10.069920539855957,497
Q9Y2D2-3,7.204789161682129,6.733879089355469,325
Q9Y2F9-2,26.23404312133789,12.217036247253418,522
Q9Y2G2-7,28.728519439697266,20.473060607910156,537
Q9Y2G2-1,22.651870727539062,20.473060607910156,537
Q9Y2G2-4,28.571231842041016,20.473060607910156,537
Q9Y2G2-2,26.82289695739746,20.473060607910156,537
Q9Y2G2-3,23.240718841552734,20.473060607910156,537
Q9Y2G2-6,29.095916748046875,20.473060607910156,537
Q9Y2G5-2,6.645788192749023,8.020495414733887,429
Q9Y2G5-1,6.648205757141113,8.020495414733887,429
Q9Y2H1-2,12.702983856201172,9.820326805114746,464
Q9Y2I2-2,25.673986434936523,16.943679809570312,539
Q9Y2I2-1,23.078811645507812,16.943679809570312,539
Q9Y2I2-5,23.062841415405273,16.943679809570312,539
Q9Y2I2-4,23.062841415405273,16.943679809570312,539
Q9Y2I8-3,19.702831268310547,17.1966552734375,494
Q9Y2P8-2,5.925343990325928,5.4933624267578125,373
Q9Y2Q1-4,27.797256469726562,24.931886672973633,563
Q9Y2Q1-2,26.10367202758789,24.931886672973633,563
Q9Y2Q1-3,26.905132293701172,24.931886672973633,563
Q9Y2Q3-4,4.686046600341797,3.6552000045776367,226
Q9Y2Q3-3,3.148364543914795,3.6552000045776367,226
Q9Y2Q5-3,3.935438632965088,4.678719997406006,125
Q9Y2Q5-2,5.772603511810303,4.678719997406006,125
Q9Y2S2-2,6.125650405883789,3.559458017349243,319
Q9Y2T3-2,4.1637091636657715,3.0400502681732178,454
Q9Y2T4-3,22.78571319580078,8.555835723876953,447
Q9Y2T4-4,23.0924072265625,8.555835723876953,447
Q9Y2T4-2,22.78571319580078,8.555835723876953,447
Q9Y2U2-3,17.633365631103516,11.672707557678223,307
Q9Y2U2-2,17.633365631103516,11.672707557678223,307
Q9Y2U9-2,8.49287223815918,8.029647827148438,406
Q9Y2V0-2,5.8489460945129395,5.385709285736084,281
Q9Y2V3-2,29.138832092285156,26.089603424072266,346
Q9Y2W6-3,15.872566223144531,19.144041061401367,561
Q9Y2W7-3,24.892885208129883,15.970657348632812,256
Q9Y2W7-2,13.316239356994629,15.970657348632812,256
Q9Y2Y0-2,24.27814483642578,13.466107368469238,163
Q9Y2Z0-2,25.575027465820312,22.68532943725586,365
Q9Y2Z9-3,18.954694747924805,10.443024635314941,468
Q9Y2Z9-2,12.79293441772461,10.443024635314941,468
Q9Y303-3,4.985021591186523,5.018980026245117,409
Q9Y305-3,19.000812530517578,10.043742179870605,439
Q9Y305-2,23.926733016967773,10.043742179870605,439
Q9Y316-2,2.478419542312622,2.8657166957855225,297
Q9Y316-3,5.025369167327881,2.8657166957855225,297
Q9Y320-2,9.34665298461914,11.12955379486084,296
Q9Y336-2,29.203523635864258,19.45040512084961,463
Q9Y343-2,27.39440155029297,17.246139526367188,169
Q9Y371-3,16.874000549316406,16.970582962036133,365
Q9Y383-2,23.38548469543457,21.597797393798828,392
Q9Y383-3,23.285734176635742,21.597797393798828,392
Q9Y394-2,6.314844131469727,5.009824275970459,339
Q9Y3A0-2,28.72847557067871,9.047204971313477,265
Q9Y3A2-2,13.388920783996582,11.735318183898926,253
Q9Y3A3-2,10.562580108642578,6.432197570800781,225
Q9Y3A3-3,6.502450942993164,6.432197570800781,225
Q9Y3A6-2,23.61341094970703,18.667875289916992,229
Q9Y3B1-2,9.390853881835938,9.905515670776367,194
Q9Y3B3-2,18.53516387939453,14.902045249938965,224
Q9Y3B7-2,10.585380554199219,10.54665756225586,192
Q9Y3B7-3,13.273703575134277,10.54665756225586,192
Q9Y3C1-3,13.885740280151367,12.38356876373291,178
Q9Y3C1-2,13.885740280151367,12.38356876373291,178
Q9Y3C4-2,3.0460946559906006,3.224195957183838,175
Q9Y3D3-2,9.823188781738281,7.844690799713135,137
Q9Y3D8-2,2.375,2.8138182163238525,172
Q9Y3E7-2,13.781517028808594,14.619511604309082,222
Q9Y3E7-3,17.78777503967285,14.619511604309082,222
Q9Y3E7-4,12.011881828308105,14.619511604309082,222
Q9Y3I1-3,29.623687744140625,24.27436065673828,522
Q9Y3I1-2,29.472930908203125,24.27436065673828,522
Q9Y3Q3-2,16.120269775390625,13.260039329528809,217
Q9Y3Q8-2,29.528457641601562,27.207735061645508,395
Q9Y3T6-3,28.854780197143555,22.753429412841797,440
Q9Y3V2-4,21.041770935058594,16.526517868041992,267
Q9Y3V2-2,20.008575439453125,16.526517868041992,267
Q9Y3V2-3,22.56390953063965,16.526517868041992,267
Q9Y3Y2-4,29.481006622314453,26.66929054260254,248
Q9Y3Y4-2,29.901321411132812,27.76437759399414,419
Q9Y421-3,26.924034118652344,18.136878967285156,112
Q9Y421-2,21.12592315673828,18.136878967285156,112
Q9Y442-2,26.685882568359375,23.879531860351562,160
Q9Y448-3,27.195823669433594,25.07520866394043,316
Q9Y448-2,25.393878936767578,25.07520866394043,316
Q9Y458-2,26.43528175354004,24.93227767944336,520
Q9Y466-2,28.495357513427734,19.41225242614746,385
Q9Y471-4,24.69662857055664,6.4280900955200195,501
Q9Y483-3,21.93189239501953,21.253318786621094,593
Q9Y483-4,22.49472999572754,21.253318786621094,593
Q9Y483-2,26.563444137573242,21.253318786621094,593
Q9Y4I5-3,28.924331665039062,26.013620376586914,508
Q9Y4I5-2,28.75977897644043,26.013620376586914,508
Q9Y4P1-6,23.982892990112305,9.971634864807129,393
Q9Y4P1-3,21.79846954345703,9.971634864807129,393
Q9Y4P1-4,23.869619369506836,9.971634864807129,393
Q9Y4P1-2,21.79846954345703,9.971634864807129,393
Q9Y4P8-2,23.262836456298828,14.653908729553223,454
Q9Y4P8-4,19.76955795288086,14.653908729553223,454
Q9Y4P8-6,28.22193717956543,14.653908729553223,454
Q9Y4P8-3,28.930130004882812,14.653908729553223,454
Q9Y4P8-5,28.930130004882812,14.653908729553223,454
Q9Y4P9-2,28.2686767578125,20.439655303955078,236
Q9Y4X0-4,27.548702239990234,18.748207092285156,333
Q9Y4X0-3,14.725301742553711,18.748207092285156,333
Q9Y4X0-2,22.94348907470703,18.748207092285156,333
Q9Y4X4-2,28.528385162353516,26.233144760131836,402
Q9Y4X4-3,28.129268646240234,26.233144760131836,402
Q9Y4Y9-2,8.44771957397461,6.259026527404785,91
Q9Y508-2,22.422809600830078,17.595298767089844,228
Q9Y535-2,6.166699409484863,7.966238975524902,204
Q9Y543-2,23.146995544433594,20.76564598083496,173
Q9Y548-2,17.124860763549805,16.711702346801758,306
Q9Y570-2,12.285223007202148,11.890070915222168,386
Q9Y570-3,28.31298828125,11.890070915222168,386
Q9Y572-3,21.679981231689453,19.84458351135254,518
Q9Y572-2,21.5930118560791,19.84458351135254,518
Q9Y573-2,9.849282264709473,11.213082313537598,584
Q9Y574-2,8.31663703918457,6.6556291580200195,426
Q9Y575-2,11.989395141601562,8.248427391052246,518
Q9Y577-2,19.495344161987305,16.751340866088867,477
Q9Y587-3,4.172471046447754,3.4237558841705322,144
Q9Y587-4,4.208333492279053,3.4237558841705322,144
Q9Y587-2,4.208333492279053,3.4237558841705322,144
Q9Y5A9-2,30.078392028808594,25.810924530029297,579
Q9Y5B8-2,16.126266479492188,8.459589958190918,376
Q9Y5K1-2,7.661459445953369,6.7418694496154785,396
Q9Y5K2-2,28.51383399963379,7.851587295532227,254
Q9Y5K3-2,29.562053680419922,19.230087280273438,369
Q9Y5K3-3,27.87557601928711,19.230087280273438,369
Q9Y5K3-4,27.87557601928711,19.230087280273438,369
Q9Y5K5-3,16.850608825683594,7.526769161224365,329
Q9Y5K5-2,9.72237777709961,7.526769161224365,329
Q9Y5K5-4,9.72237777709961,7.526769161224365,329
Q9Y5L3-2,8.317888259887695,8.966019630432129,495
Q9Y5L3-3,7.897768020629883,8.966019630432129,495
Q9Y5N1-6,25.592823028564453,17.00094985961914,445
Q9Y5N1-3,25.084041595458984,17.00094985961914,445
Q9Y5N1-7,24.36478042602539,17.00094985961914,445
Q9Y5N1-5,22.064159393310547,17.00094985961914,445
Q9Y5N1-4,12.173848152160645,17.00094985961914,445
Q9Y5N5-2,5.014305114746094,4.261813163757324,214
Q9Y5P2-3,28.769649505615234,23.90148162841797,127
Q9Y5P2-2,27.978878021240234,23.90148162841797,127
Q9Y5P3-2,28.747936248779297,28.266714096069336,530
Q9Y5P8-2,17.819820404052734,16.935606002807617,575
Q9Y5Q8-2,11.480451583862305,15.182665824890137,519
Q9Y5R5-2,29.41246223449707,27.813199996948242,561
Q9Y5R5-3,29.361412048339844,27.813199996948242,561
Q9Y5R6-3,29.126514434814453,27.38431167602539,373
Q9Y5R6-2,29.91594696044922,27.38431167602539,373
Q9Y5S8-3,10.266693115234375,8.766426086425781,564
Q9Y5S9-2,22.222543716430664,13.73305606842041,174
Q9Y5U2-2,29.651592254638672,27.13530921936035,329
Q9Y5U5-3,24.96405601501465,20.543655395507812,241
Q9Y5U5-2,24.712371826171875,20.543655395507812,241
Q9Y5W9-2,23.651752471923828,19.40161895751953,270
Q9Y5X0-2,13.584249496459961,13.154006004333496,201
Q9Y5X3-2,20.6441707611084,8.597545623779297,404
Q9Y5X4-2,17.60015106201172,20.49347496032715,410
Q9Y5X5-2,29.037384033203125,19.774328231811523,522
Q9Y5X5-3,29.144161224365234,19.774328231811523,522
Q9Y5X9-2,13.950031280517578,12.039728164672852,500
Q9Y5Y0-2,16.193035125732422,15.23548412322998,555
Q9Y5Y5-2,12.435912132263184,12.349897384643555,336
Q9Y5Z0-4,25.505407333374023,13.592507362365723,518
Q9Y5Z0-5,22.335124969482422,13.592507362365723,518
Q9Y5Z0-2,10.346517562866211,13.592507362365723,518
Q9Y5Z0-3,15.957502365112305,13.592507362365723,518
Q9Y5Z4-2,13.104073524475098,9.016561508178711,205
Q9Y5Z9-2,8.475786209106445,7.848805904388428,338
Q9Y600-2,3.8117551803588867,3.8917007446289062,493
Q9Y603-8,27.498361587524414,23.010147094726562,341
Q9Y603-7,28.029983520507812,23.010147094726562,341
Q9Y603-3,25.70838165283203,23.010147094726562,341
Q9Y603-2,26.361942291259766,23.010147094726562,341
Q9Y603-4,24.050094604492188,23.010147094726562,341
Q9Y603-5,24.7344970703125,23.010147094726562,341
Q9Y603-6,26.6840877532959,23.010147094726562,341
Q9Y606-2,27.21160125732422,13.736844062805176,427
Q9Y616-2,26.797977447509766,21.498159408569336,596
Q9Y617-2,3.231179714202881,3.1435647010803223,370
Q9Y624-2,11.61306095123291,13.636458396911621,299
Q9Y639-4,20.085433959960938,13.783332824707031,398
Q9Y639-5,26.29346466064453,13.783332824707031,398
Q9Y639-3,26.839569091796875,13.783332824707031,398
Q9Y639-1,15.124311447143555,13.783332824707031,398
Q9Y664-2,9.036160469055176,8.160624504089355,436
Q9Y673-2,4.518650531768799,5.235396862030029,324
Q9Y679-3,27.88199806213379,17.542165756225586,410
Q9Y680-1,15.84282398223877,13.28544807434082,222
Q9Y680-3,11.142534255981445,13.28544807434082,222
Q9Y689-2,9.231348037719727,5.765238285064697,179
Q9Y692-2,27.705150604248047,26.87348747253418,573
Q9Y694-3,12.740998268127441,9.812359809875488,548
Q9Y694-2,13.455127716064453,9.812359809875488,548
Q9Y694-4,10.797284126281738,9.812359809875488,548
Q9Y697-2,25.093366622924805,8.95703125,457
Q9Y697-3,6.616053581237793,8.95703125,457
Q9Y6A2-2,6.695096015930176,4.749207973480225,500
Q9Y6A2-3,5.188577651977539,4.749207973480225,500
Q9Y6B2-2,28.773462295532227,25.695987701416016,187
Q9Y6E0-2,23.326984405517578,16.870725631713867,443
Q9Y6E2-2,12.922675132751465,10.032114028930664,419
Q9Y6F8-2,19.51904296875,22.067941665649414,540
Q9Y6I3-3,29.45747184753418,26.538833618164062,576
Q9Y6I3-1,29.488414764404297,26.538833618164062,576
Q9Y6I4-2,22.124561309814453,16.169692993164062,520
Q9Y6I7-2,11.682391166687012,9.179710388183594,421
Q9Y6I7-4,9.596163749694824,9.179710388183594,421
Q9Y6I7-3,9.55105209350586,9.179710388183594,421
Q9Y6I8-2,8.1817626953125,6.759033679962158,212
Q9Y6J8-4,9.41551399230957,6.9694085121154785,313
Q9Y6J8-2,6.832322120666504,6.9694085121154785,313
Q9Y6J8-3,6.825724124908447,6.9694085121154785,313
Q9Y6J8-5,8.611862182617188,6.9694085121154785,313
Q9Y6K8-2,27.7797794342041,21.641000747680664,562
Q9Y6K8-3,26.6583309173584,21.641000747680664,562
Q9Y6K9-3,24.730052947998047,22.614761352539062,419
Q9Y6M0-2,15.489583015441895,11.489279747009277,314
Q9Y6M0-3,8.822738647460938,11.489279747009277,314
Q9Y6M1-1,26.483959197998047,22.470104217529297,599
Q9Y6M1-5,26.680076599121094,22.470104217529297,599
Q9Y6M1-6,27.998336791992188,22.470104217529297,599
Q9Y6M1-3,28.151569366455078,22.470104217529297,599
Q9Y6M1-4,27.44073486328125,22.470104217529297,599
Q9Y6M4-5,29.021820068359375,16.25910186767578,447
Q9Y6M4-6,29.021820068359375,16.25910186767578,447
Q9Y6M4-4,20.269794464111328,16.25910186767578,447
Q9Y6M4-3,27.32034683227539,16.25910186767578,447
Q9Y6M4-2,27.52914810180664,16.25910186767578,447
Q9Y6N1-2,19.74047088623047,20.517013549804688,276
Q9Y6N9-3,28.987701416015625,22.30876922607422,552
Q9Y6N9-2,20.733638763427734,22.30876922607422,552
Q9Y6N9-4,22.617706298828125,22.30876922607422,552
Q9Y6N9-5,28.987701416015625,22.30876922607422,552
Q9Y6P5-2,26.775665283203125,11.145370483398438,492
Q9Y6P5-3,19.431320190429688,11.145370483398438,492
Q9Y6Q5-2,15.031990051269531,7.709382057189941,423
Q9Y6R9-2,28.034523010253906,24.778667449951172,512
Q9Y6S9-4,23.842025756835938,21.484886169433594,549
Q9Y6S9-2,27.018983840942383,21.484886169433594,549
Q9Y6V7-2,20.505186080932617,12.581335067749023,483
Q9Y6W5-2,28.199302673339844,24.799264907836914,498
Q9Y6W6-2,25.037960052490234,22.16142463684082,482
Q9Y6W8-2,28.150543212890625,18.543724060058594,199
Q9Y6Y9-2,7.140785217285156,8.579062461853027,160
Q9Y6Z4-2,26.508590698242188,24.22728157043457,181
W5XKT8-2,18.03228759765625,15.916199684143066,324
