iso,acc,tm,ident,kind,mean_rsa,buried_frac,helix_frac,strand_frac,structured_frac
P18577-9,P18577,0.70270132,58.51318945,deletion,0.23812204942328022,0.5780346820809249,0.8092485549132948,0.0,0.8092485549132948
O00453-6,O00453,0.207139542,52.57731959,substitution,0.5000341357376841,0.0,0.9814814814814815,0.0,0.9814814814814815
Q96KN4-2,Q96KN4,0.280687145,45.6,substitution,0.29027636792303524,0.5578231292517006,0.3333333333333333,0.23809523809523808,0.5714285714285714
Q9BWV2-3,Q9BWV2,0.375906839,50.78740157,substitution,0.6168150214943509,0.0078125,0.46875,0.0,0.46875
Q9UK53-3,Q9UK53,0.311966683,49.76303318,deletion,0.642695453922039,0.04245283018867924,0.27358490566037735,0.0,0.27358490566037735
Q96DH6-3,Q96DH6,0.429104893,42.98780488,substitution,0.5252546060942493,0.21712538226299694,0.11314984709480122,0.1712538226299694,0.28440366972477066
Q9H098-2,Q9H098,0.452107129,42.81045752,insertion,,,,,
P61313-2,P61313,0.801807582,55.90909091,substitution,0.34806340807424135,0.34523809523809523,0.4166666666666667,0.14285714285714285,0.5595238095238095
Q7Z7E8-2,Q7Z7E8,0.704058437,59.95260664,deletion,0.41394262379200253,0.35502958579881655,0.27218934911242604,0.1242603550295858,0.39644970414201186
A2A2Y4-3,A2A2Y4,0.412914124,59.29648241,substitution,0.38463461891400624,0.3540268456375839,0.3691275167785235,0.1342281879194631,0.5033557046979866
Q9H171-6,Q9H171,0.373632987,53.84615385,substitution,0.5472271389062188,0.16097560975609757,0.0,0.25365853658536586,0.25365853658536586
Q13422-8,Q13422,0.313451968,42.38921002,substitution,0.5955396111232776,0.08074534161490683,0.27639751552795033,0.037267080745341616,0.3136645962732919
Q5HYL7-2,Q5HYL7,0.482151971,58.42696629,deletion,0.2965677937789005,0.43243243243243246,0.8108108108108109,0.0,0.8108108108108109
Q8TA94-2,Q8TA94,0.310821438,41.71779141,substitution,0.36629045803358873,0.29136690647482016,0.42805755395683454,0.1366906474820144,0.564748201438849
Q9UKJ1-4,Q9UKJ1,0.60327763,51.14006515,substitution,0.6894909443644388,0.0,0.21710526315789475,0.0,0.21710526315789475
Q9C035-5,Q9C035,0.453022332,50.9127789,substitution,0.32032155371104926,0.4444444444444444,0.15637860082304528,0.2880658436213992,0.4444444444444444
O75688-3,O75688,0.344114518,40.08350731,deletion,0.22304391300662,0.6167247386759582,0.2961672473867596,0.2857142857142857,0.5818815331010453
Q9H579-2,Q9H579,0.448641484,46.27831715,substitution,0.2815570888479309,0.5197368421052632,0.6578947368421053,0.0,0.6578947368421053
Q8WUD6-2,Q8WUD6,0.723431092,53.20197044,substitution,0.3015219889857026,0.5157894736842106,0.6263157894736842,0.015789473684210527,0.6421052631578947
P47870-3,P47870,0.758396432,57.11538462,substitution,0.4140909824645426,0.31898238747553814,0.3639921722113503,0.19765166340508805,0.5616438356164384
P28799-3,P28799,0.276754781,59.27750411,substitution,0.38376735245931226,0.34,0.0,0.352,0.352
Q9HBU6-2,Q9HBU6,0.456616534,52.43362832,substitution,0.22888584396318384,0.6088888888888889,0.6133333333333333,0.07111111111111111,0.6844444444444444
Q9Y548-2,Q9Y548,0.326434964,40.19607843,deletion,0.4593798469921222,0.25136612021857924,0.4972677595628415,0.0,0.4972677595628415
O15305-2,O15305,0.707210142,47.15447154,substitution,0.25766564783820717,0.5307692307692308,0.3769230769230769,0.24615384615384617,0.6230769230769231
Q5VXD3-3,Q5VXD3,0.470934816,47.54098361,substitution,0.5546506356672641,0.1780821917808219,0.3013698630136986,0.0,0.3013698630136986
P49458-2,P49458,0.758121347,49.53271028,substitution,0.4429059808100489,0.28205128205128205,0.46153846153846156,0.15384615384615385,0.6153846153846154
P48023-2,P48023,0.295910683,42.70462633,substitution,0.3206996634452478,0.4727272727272727,0.10303030303030303,0.43636363636363634,0.5393939393939394
Q66K41-2,Q66K41,0.175713761,41.23222749,deletion,0.6105182449817771,0.07661290322580645,0.2056451612903226,0.04032258064516129,0.24596774193548387
P04233-3,P04233,0.294290037,50.33783784,substitution,0.467880216286908,0.2080536912751678,0.28187919463087246,0.087248322147651,0.3691275167785235
Q6X4T0-2,Q6X4T0,0.312196528,51.1627907,substitution,0.6846161836245173,0.0,0.14084507042253522,0.0,0.14084507042253522
Q13425-2,Q13425,0.308115804,49.07407407,substitution,0.271026484362966,0.5236363636363637,0.2872727272727273,0.4036363636363636,0.6909090909090909
P14921-5,P14921,0.315630737,59.41043084,substitution,0.38328742056980347,0.3888888888888889,0.31666666666666665,0.07777777777777778,0.39444444444444443
P46779-4,P46779,0.732100812,49.6350365,substitution,0.44248350020674393,0.2753623188405797,0.4927536231884058,0.08695652173913043,0.5797101449275363
Q99766-2,Q99766,0.549076121,54.75113122,substitution,0.25857639213415434,0.5263157894736842,0.3684210526315789,0.21052631578947367,0.5789473684210527
Q0GE19-4,Q0GE19,0.678154581,54.41176471,substitution,0.2648337160321742,0.535483870967742,0.7935483870967742,0.0,0.7935483870967742
O43820-3,O43820,0.692112124,40.04796163,deletion,0.2787374111323036,0.5060240963855421,0.40562248995983935,0.12048192771084337,0.5261044176706827
Q8WUJ1-3,Q8WUJ1,0.774311738,57.57575758,deletion,0.3453607887205187,0.38392857142857145,0.38392857142857145,0.125,0.5089285714285714
P51959-2,P51959,0.60314899,54.57627119,deletion,0.2649945952926228,0.5447761194029851,0.7164179104477612,0.0,0.7164179104477612
Q6ZUS6-2,Q6ZUS6,0.274763526,50.47258979,substitution,0.578128067541899,0.016913319238900635,0.5412262156448203,0.0,0.5412262156448203
Q6UWF3-2,Q6UWF3,0.360764292,54.70588235,substitution,0.7028610309580078,0.00980392156862745,0.058823529411764705,0.0,0.058823529411764705
Q8NBI6-2,Q8NBI6,0.693373771,43.92059553,substitution,0.40206012367935856,0.3472222222222222,0.4722222222222222,0.11574074074074074,0.5879629629629629
A1KXE4-2,A1KXE4,0.311422474,43.41463415,substitution,0.7119258748508936,0.0,0.0,0.0,0.0
Q9BU76-2,Q9BU76,0.371419559,50.0,substitution,0.6655861628984351,0.014388489208633094,0.2805755395683453,0.0,0.2805755395683453
Q63ZY6-2,Q63ZY6,0.687777507,40.95238095,substitution,0.4298629128152988,0.37433155080213903,0.25133689839572193,0.12834224598930483,0.37967914438502676
Q9UKA8-3,Q9UKA8,0.498091571,55.10204082,substitution,0.6257506594138096,0.00847457627118644,0.13559322033898305,0.06779661016949153,0.2033898305084746
Q9UKT9-16,Q9UKT9,0.189051608,51.47347741,deletion,0.49927633270751287,0.1902834008097166,0.2793522267206478,0.08097165991902834,0.3603238866396761
Q9H497-3,Q9H497,0.711177535,45.59193955,deletion,0.4380467406068934,0.27314814814814814,0.5092592592592593,0.06481481481481481,0.5740740740740741
P10620-2,P10620,0.734200682,50.96774194,substitution,0.2983079022119462,0.4567901234567901,0.8271604938271605,0.0,0.8271604938271605
Q96DE0-3,Q96DE0,0.763520023,58.29596413,substitution,0.2853013316224234,0.5257731958762887,0.28865979381443296,0.28865979381443296,0.5773195876288659
Q9BQE9-2,Q9BQE9,0.226177958,55.14018692,substitution,0.5852394521047503,0.0,0.28735632183908044,0.13793103448275862,0.42528735632183906
Q8TD46-3,Q8TD46,0.644915924,44.47761194,substitution,0.42137983714015936,0.28,0.11692307692307692,0.3446153846153846,0.46153846153846156
O96017-11,O96017,0.355414774,41.43646409,deletion,0.2884495272623749,0.5062893081761006,0.2610062893081761,0.2893081761006289,0.550314465408805
Q7L5Y1-6,Q7L5Y1,0.782777544,59.14221219,deletion,0.20652837193285845,0.6519337016574586,0.4972375690607735,0.16022099447513813,0.6574585635359116
Q96DE0-2,Q96DE0,0.581687286,42.14559387,substitution,0.2853013316224234,0.5257731958762887,0.28865979381443296,0.28865979381443296,0.5773195876288659
Q9NSK7-2,Q9NSK7,0.358777523,50.65789474,deletion,0.45122149313202775,0.171875,0.84375,0.0,0.84375
P17676-3,P17676,0.44791085,42.60869565,deletion,0.729530009321288,0.0,0.09595959595959595,0.0,0.09595959595959595
O76021-2,O76021,0.229090441,55.10204082,deletion,0.3479494137327908,0.41818181818181815,0.3409090909090909,0.19090909090909092,0.5318181818181819
Q6NUK4-2,Q6NUK4,0.727889898,54.90196078,substitution,0.6993775295625316,0.008695652173913044,0.1565217391304348,0.0,0.1565217391304348
O95866-4,O95866,0.557912616,50.17793594,substitution,0.655586469962914,0.0,0.3238095238095238,0.0,0.3238095238095238
Q01196-7,Q01196,0.447811923,53.42163355,substitution,0.6717143548813033,0.06645569620253164,0.05063291139240506,0.05063291139240506,0.10126582278481013
Q9Y680-1,Q9Y680,0.636655246,55.85585586,substitution,0.3411683138684486,0.3979591836734694,0.3673469387755102,0.17346938775510204,0.5408163265306123
Q9UGB7-2,Q9UGB7,0.432786023,44.77124183,substitution,0.19870401549313496,0.6744186046511628,0.5116279069767442,0.023255813953488372,0.5348837209302325
Q8N465-2,Q8N465,0.677778695,52.91902072,substitution,0.2220058886809768,0.6218487394957983,0.4005602240896359,0.22969187675070027,0.6302521008403361
Q8WVQ1-2,Q8WVQ1,0.508887316,56.10972569,substitution,0.20820677828753423,0.6263736263736264,0.09340659340659341,0.46153846153846156,0.554945054945055
Q8ND83-2,Q8ND83,0.14947798,53.6971831,deletion,0.653145107856781,0.0076045627376425855,0.28517110266159695,0.0,0.28517110266159695
P52757-3,P52757,0.70474708,58.57142857,substitution,0.4075568859300082,0.34554973821989526,0.28272251308900526,0.15706806282722513,0.4397905759162304
O75911-2,O75911,0.456182828,40.25559105,substitution,0.2524507449792433,0.5294117647058824,0.5080213903743316,0.12834224598930483,0.6363636363636364
Q9BUT1-2,Q9BUT1,0.753301681,58.96414343,substitution,0.258792648053163,0.5238095238095238,0.5428571428571428,0.1619047619047619,0.7047619047619048
Q9BUU2-3,Q9BUU2,0.706316274,44.30693069,deletion,0.48099020133364007,0.28444444444444444,0.1511111111111111,0.13333333333333333,0.28444444444444444
Q96CB9-3,Q96CB9,0.716533738,44.27083333,substitution,0.32274572075858915,0.46788990825688076,0.3944954128440367,0.12844036697247707,0.5229357798165137
Q92482-2,Q92482,0.616129954,56.45645646,substitution,0.2988830047594046,0.5,0.765625,0.0,0.765625
Q8N7U9-2,Q8N7U9,0.498049952,44.11764706,substitution,0.6577381252838835,0.0,0.1,0.0,0.1
Q96LZ7-3,Q96LZ7,0.686225255,48.06763285,substitution,0.3964777871798918,0.3422982885085575,0.5941320293398533,0.0,0.5941320293398533
Q9BX59-4,Q9BX59,0.684906653,50.84033613,substitution,0.3907585015534376,0.33047210300429186,0.13733905579399142,0.39914163090128757,0.5364806866952789
Q9BYT1-3,Q9BYT1,0.696473959,48.16513761,substitution,0.2586983858009914,0.5418502202643172,0.801762114537445,0.0,0.801762114537445
Q9GZZ7-3,Q9GZZ7,0.541488182,41.07142857,substitution,0.562089333945063,0.14285714285714285,0.25,0.041666666666666664,0.2916666666666667
Q86XE0-2,Q86XE0,0.608527553,58.93719807,substitution,0.2950039826869055,0.463855421686747,0.9337349397590361,0.0,0.9337349397590361
O95302-2,O95302,0.774028356,58.94736842,deletion,0.34160688409399315,0.4396551724137931,0.09913793103448276,0.3017241379310345,0.40086206896551724
Q8N2Z9-3,Q8N2Z9,0.734830166,50.0,substitution,0.5123300351440816,0.11594202898550725,0.6231884057971014,0.0,0.6231884057971014
Q4JDL3-7,Q4JDL3,0.348826285,48.0952381,substitution,0.1930026502349207,0.6548672566371682,0.3185840707964602,0.29646017699115046,0.6150442477876106
P15907-2,P15907,0.714474318,43.10344828,deletion,0.4143151959932664,0.3203463203463203,0.42424242424242425,0.0735930735930736,0.49783549783549785
Q9UNW1-3,Q9UNW1,0.69679134,57.28952772,substitution,0.21060665983125704,0.6411483253588517,0.49282296650717705,0.12440191387559808,0.6172248803827751
Q9NQZ6-4,Q9NQZ6,0.702249003,57.5,substitution,0.5508121596871516,0.09782608695652174,0.25,0.08695652173913043,0.33695652173913043
Q96MN5-2,Q96MN5,0.606817682,58.17307692,deletion,0.4471542692430549,0.25287356321839083,0.4942528735632184,0.0,0.4942528735632184
Q6ZUK4-2,Q6ZUK4,0.598353628,54.08970976,substitution,0.40196734987546734,0.3674698795180723,0.6385542168674698,0.006024096385542169,0.6445783132530121
Q9BWF3-2,Q9BWF3,0.433148952,40.10989011,substitution,0.6321071853483056,0.05752212389380531,0.18141592920353983,0.035398230088495575,0.2168141592920354
B0YJ81-2,B0YJ81,0.256736863,44.82758621,substitution,0.29492368973749367,0.4662576687116564,0.7852760736196319,0.012269938650306749,0.7975460122699386
Q5T5S1-4,Q5T5S1,0.334779605,51.75438596,substitution,0.498864123436327,0.04690431519699812,0.7954971857410882,0.0,0.7954971857410882
Q5JW98-2,Q5JW98,0.432035391,40.76433121,deletion,0.37077005013881537,0.3172043010752688,0.7580645161290323,0.0,0.7580645161290323
Q7Z3B4-2,Q7Z3B4,0.498393984,57.3964497,substitution,0.45591597576822035,0.2532299741602067,0.37209302325581395,0.14470284237726097,0.5167958656330749
Q9NRG1-3,Q9NRG1,0.620488219,51.00401606,substitution,0.2441170718403652,0.5803571428571429,0.1875,0.33035714285714285,0.5178571428571429
Q9NRA1-4,Q9NRA1,0.519550518,52.75362319,deletion,0.40460494121889534,0.3803680981595092,0.0,0.3374233128834356,0.3374233128834356
Q6UWP8-2,Q6UWP8,0.253959222,41.86440678,deletion,0.3178598703418207,0.40233236151603496,0.014577259475218658,0.6822157434402333,0.6967930029154519
Q96Q83-2,Q96Q83,0.350682616,42.39482201,substitution,0.2549781329257096,0.5654205607476636,0.18691588785046728,0.37850467289719625,0.5654205607476636
Q9H6S1-4,Q9H6S1,0.529078166,54.5,substitution,0.6725102743923131,0.0,0.22598870056497175,0.0,0.22598870056497175
Q3KPI0-3,Q3KPI0,0.548868458,48.8372093,substitution,0.4078325121408619,0.271523178807947,0.2582781456953642,0.31788079470198677,0.5761589403973509
Q9NQR9-3,Q9NQR9,0.619517347,40.99722992,substitution,0.27911107769692606,0.49038461538461536,0.8221153846153846,0.0,0.8221153846153846
Q6GTS8-2,Q6GTS8,0.668276624,57.30337079,substitution,0.24970909161560623,0.5373134328358209,0.373134328358209,0.22885572139303484,0.6019900497512438
Q86UA6-6,Q86UA6,0.295271049,47.48858447,substitution,0.39868073150084793,0.2543859649122807,0.37719298245614036,0.22807017543859648,0.6052631578947368
P68402-3,P68402,0.784016079,57.6419214,deletion,0.3089899888967332,0.4742268041237113,0.4020618556701031,0.13402061855670103,0.5360824742268041
Q8IZ96-9,Q8IZ96,0.416011092,47.12643678,substitution,0.45358745621683805,0.2247191011235955,0.7415730337078652,0.0,0.7415730337078652
Q8N9B4-2,Q8N9B4,0.635435972,40.04796163,substitution,0.3351025070196063,0.4489795918367347,0.4956268221574344,0.023323615160349854,0.5189504373177842
Q9NVV5-6,Q9NVV5,0.754593869,55.88235294,substitution,0.3169337909643505,0.4095238095238095,0.8095238095238095,0.0,0.8095238095238095
Q8NFR7-3,Q8NFR7,0.423956984,43.14720812,deletion,0.4559247119048092,0.15773809523809523,0.7946428571428571,0.0,0.7946428571428571
Q86TD4-1,Q86TD4,0.703824704,48.03817603,insertion,,,,,
Q9BY76-3,Q9BY76,0.746730018,58.86699507,deletion,0.5800219313678903,0.023952095808383235,0.5508982035928144,0.0,0.5508982035928144
Q9HAB8-2,Q9HAB8,0.70999843,44.37299035,deletion,0.2769903565034497,0.49710982658959535,0.4277456647398844,0.19653179190751446,0.6242774566473989
Q9C029-3,Q9C029,0.569744053,59.29549902,deletion,0.43917470733118474,0.18269230769230768,0.4807692307692308,0.13942307692307693,0.6201923076923077
Q7Z465-3,Q7Z465,0.488548427,56.58263305,substitution,0.4752189696919566,0.2808988764044944,0.2808988764044944,0.12921348314606743,0.4101123595505618
Q5QJU3-3,Q5QJU3,0.571857544,42.06896552,substitution,0.27707381859957814,0.48905109489051096,0.7116788321167883,0.043795620437956206,0.7554744525547445
O43852-13,O43852,0.548083856,43.80952381,substitution,0.3092594609430675,0.423728813559322,0.615819209039548,0.05084745762711865,0.6666666666666666
A6NJB7-2,A6NJB7,0.22247814,59.5505618,substitution,0.7022380275800018,0.0064516129032258064,0.05806451612903226,0.0,0.05806451612903226
Q8IZL9-2,Q8IZL9,0.602950228,51.80055402,substitution,0.32775825819966087,0.4245810055865922,0.41899441340782123,0.0,0.41899441340782123
Q9UGM6-2,Q9UGM6,0.690823025,59.44444444,substitution,0.2931657347500386,0.47651006711409394,0.610738255033557,0.03355704697986577,0.6442953020134228
Q8NBZ0-2,Q8NBZ0,0.387943137,54.09836066,substitution,0.718142309722884,0.0,0.044642857142857144,0.0,0.044642857142857144
Q14508-5,Q14508,0.473868005,50.33557047,substitution,0.3867663615381696,0.28,0.06,0.2,0.26
Q11203-23,Q11203,0.519966387,46.0106383,substitution,0.2499088225429351,0.5922619047619048,0.34523809523809523,0.12202380952380952,0.46726190476190477
Q9UII2-3,Q9UII2,0.39125479,56.60377358,deletion,0.5052012125733022,0.0,0.9565217391304348,0.0,0.9565217391304348
P01242-2,P01242,0.667466685,53.89830508,substitution,0.356014742818838,0.4,0.49230769230769234,0.0,0.49230769230769234
Q9H2F3-2,Q9H2F3,0.670874295,49.86449864,substitution,0.24104426652462985,0.5572916666666666,0.4739583333333333,0.15104166666666666,0.625
Q8N6K7-2,Q8N6K7,0.289254259,41.92307692,substitution,0.3345879237387878,0.4503311258278146,0.543046357615894,0.06291390728476821,0.6059602649006622
Q9BWT1-4,Q9BWT1,0.192468054,41.60401003,substitution,0.4356570736143143,0.3087557603686636,0.2304147465437788,0.03225806451612903,0.2626728110599078
Q5TBK1-2,Q5TBK1,0.538155127,53.46153846,substitution,0.5171165918661695,0.21621621621621623,0.3063063063063063,0.06306306306306306,0.36936936936936937
Q9BZY9-2,Q9BZY9,0.524401534,59.05882353,substitution,0.5452235188462633,0.0847457627118644,0.559322033898305,0.0,0.559322033898305
O94905-3,O94905,0.654783065,44.6685879,substitution,0.48890650721303147,0.10101010101010101,0.6616161616161617,0.045454545454545456,0.7070707070707071
Q9UHI5-3,Q9UHI5,0.642990226,52.23880597,substitution,0.25933401038222154,0.5877862595419847,0.6755725190839694,0.007633587786259542,0.683206106870229
Q6NUS8-2,Q6NUS8,0.659794842,44.35946463,substitution,0.2607039249043942,0.5306513409961686,0.5287356321839081,0.11494252873563218,0.6436781609195402
P04062-3,P04062,0.743861465,48.69402985,substitution,0.22810067293839886,0.6317757009345795,0.2504672897196262,0.25794392523364484,0.508411214953271
P15692-11,P15692,0.476602873,46.11650485,substitution,0.7319450386581771,0.0,0.0,0.0,0.0
Q8TDW4-8,Q8TDW4,0.645574483,51.46299484,substitution,0.35314175393935127,0.3797909407665505,0.6254355400696864,0.010452961672473868,0.6358885017421603
Q9BZ23-2,Q9BZ23,0.731882314,48.94736842,deletion,0.5886991903867367,0.16838487972508592,0.12371134020618557,0.12027491408934708,0.24398625429553264
P04637-8,P04637,0.609058531,50.89058524,substitution,0.4736289692059285,0.26785714285714285,0.13010204081632654,0.17091836734693877,0.3010204081632653
Q9BZX2-2,Q9BZX2,0.540624945,42.52873563,deletion,0.28117357066608956,0.52,0.28,0.20666666666666667,0.4866666666666667
Q6PCB0-2,Q6PCB0,0.356597872,52.35955056,deletion,0.277713218132363,0.5518867924528302,0.37264150943396224,0.1792452830188679,0.5518867924528302
Q9BQ95-3,Q9BQ95,0.490346003,50.34802784,deletion,0.37184140372745383,0.37383177570093457,0.48598130841121495,0.02336448598130841,0.5093457943925234
A0PK05-2,A0PK05,0.199454403,57.09090909,deletion,0.3855301325013048,0.2966101694915254,0.847457627118644,0.0,0.847457627118644
P25101-3,P25101,0.399508443,42.62295082,substitution,0.3744380373841663,0.37142857142857144,0.6408163265306123,0.0653061224489796,0.7061224489795919
Q8TD10-2,Q8TD10,0.415889298,59.04977376,deletion,0.624336756771806,0.0,0.425414364640884,0.0,0.425414364640884
Q9BPW9-2,Q9BPW9,0.73990069,53.9184953,deletion,0.2595487233350514,0.5306122448979592,0.5918367346938775,0.14285714285714285,0.7346938775510204
Q13216-2,Q13216,0.715207699,46.3840399,substitution,0.2815260494939036,0.5660377358490566,0.0,0.3584905660377358,0.3584905660377358
Q96AY3-2,Q96AY3,0.652926268,45.72317263,substitution,0.3192399342059088,0.48158640226628896,0.1274787535410765,0.32294617563739375,0.45042492917847027
Q16653-4,Q16653,0.449877013,53.03643725,deletion,0.28488248493302354,0.46551724137931033,0.07758620689655173,0.5258620689655172,0.603448275862069
O00182-5,O00182,0.721203311,57.60869565,substitution,0.39976249537355657,0.38164251207729466,0.028985507246376812,0.34299516908212563,0.3719806763285024
Q8N8N7-2,Q8N8N7,0.744509806,50.14245014,substitution,0.2453838808396237,0.5786516853932584,0.4101123595505618,0.19662921348314608,0.6067415730337079
Q8IVW1-2,Q8IVW1,0.525621695,45.5,substitution,0.7234821729064993,0.0,0.0,0.0,0.0
Q9Y483-2,Q9Y483,0.20459937,44.18212479,deletion,0.3160822333173487,0.4954682779456193,0.22054380664652568,0.1782477341389728,0.3987915407854985
Q99542-3,Q99542,0.606279613,41.56862745,substitution,0.32486523052417454,0.4713804713804714,0.22895622895622897,0.13468013468013468,0.36363636363636365
P26436-10,P26436,0.581055489,45.66037736,deletion,0.7306759745390287,0.0,0.0,0.0,0.0
Q01196-3,Q01196,0.570934712,53.64238411,substitution,0.7423033686865902,0.0,0.0,0.0,0.0
Q9NSP4-4,Q9NSP4,0.764146052,58.33333333,substitution,0.3544197706616437,0.34210526315789475,0.5921052631578947,0.05263157894736842,0.6447368421052632
Q99572-7,Q99572,0.695515238,41.3509061,substitution,0.3401703667814982,0.41919191919191917,0.30303030303030304,0.2609427609427609,0.563973063973064
Q9H944-2,Q9H944,0.704157086,54.71698113,substitution,0.29252097727506926,0.5104166666666666,0.4166666666666667,0.2604166666666667,0.6770833333333334
Q9H0A8-3,Q9H0A8,0.752295641,56.7839196,deletion,0.3967753537362281,0.2558139534883721,0.3953488372093023,0.37209302325581395,0.7674418604651163
Q49AM3-2,Q49AM3,0.302393903,54.33526012,substitution,0.45955980811369085,0.2928870292887029,0.4602510460251046,0.0,0.4602510460251046
Q96EN9-2,Q96EN9,0.485172034,54.50643777,substitution,0.42554509892346987,0.26,0.675,0.0,0.675
Q92851-7,Q92851,0.618974958,44.3378119,substitution,0.4177923764381873,0.33447098976109213,0.23890784982935154,0.16382252559726962,0.40273037542662116
Q8WY98-2,Q8WY98,0.626082831,58.91089109,substitution,0.4805095472071063,0.1111111111111111,0.9444444444444444,0.0,0.9444444444444444
Q7Z2E3-13,Q7Z2E3,0.436760848,49.5890411,substitution,0.3650077842043202,0.4225352112676056,0.18591549295774648,0.2507042253521127,0.43661971830985913
Q5VX71-3,Q5VX71,0.521940588,51.31845842,substitution,0.5790799255180794,0.08433734939759036,0.1606425702811245,0.13654618473895583,0.2971887550200803
Q6ZN18-3,Q6ZN18,0.343587049,56.84007707,substitution,0.7257344442229978,0.0,0.1036036036036036,0.0,0.1036036036036036
Q9UL45-2,Q9UL45,0.449425913,43.60465116,substitution,0.5153037005604626,0.0,0.9175257731958762,0.0,0.9175257731958762
P52757-4,P52757,0.600460714,54.7008547,substitution,0.4117946131728191,0.3333333333333333,0.2777777777777778,0.14814814814814814,0.42592592592592593
O14948-3,O14948,0.446463314,55.3314121,substitution,0.6096904450223417,0.0313588850174216,0.37282229965156793,0.0,0.37282229965156793
Q9HC73-2,Q9HC73,0.584558257,45.2020202,substitution,0.5241834558122294,0.14761904761904762,0.23333333333333334,0.17142857142857143,0.40476190476190477
Q8WWZ8-2,Q8WWZ8,0.728452437,58.16513761,substitution,0.33525159953017336,0.44298245614035087,0.017543859649122806,0.39473684210526316,0.41228070175438597
Q9NZJ7-3,Q9NZJ7,0.665970047,43.95886889,substitution,0.43142616424674307,0.3222591362126246,0.5514950166112956,0.029900332225913623,0.5813953488372093
P15692-17,P15692,0.500087367,41.74757282,substitution,0.5384519899605664,0.17333333333333334,0.06666666666666667,0.16,0.22666666666666666
O75771-7,O75771,0.598826339,57.69230769,substitution,0.33627111724631453,0.41911764705882354,0.2647058823529412,0.27941176470588236,0.5441176470588235
Q9UNW8-2,Q9UNW8,0.50813518,50.52631579,deletion,0.3220416435035364,0.4308510638297872,0.6436170212765957,0.0,0.6436170212765957
Q8NB16-2,Q8NB16,0.547652495,52.86624204,substitution,0.2534288976166665,0.5702127659574469,0.3617021276595745,0.19574468085106383,0.5574468085106383
Q7L513-13,Q7L513,0.275450813,46.54255319,substitution,0.3977187406962464,0.33076923076923076,0.14615384615384616,0.3384615384615385,0.4846153846153846
Q9NRM6-2,Q9NRM6,0.697298636,49.90176817,substitution,0.41664619777636386,0.3201581027667984,0.44664031620553357,0.15019762845849802,0.5968379446640316
Q9NWS1-5,Q9NWS1,0.248886896,50.77720207,deletion,0.2723761410598171,0.5403508771929825,0.6631578947368421,0.021052631578947368,0.6842105263157895
O43903-2,O43903,0.6447514,43.76996805,substitution,0.40565614939213523,0.3502824858757062,0.3785310734463277,0.14689265536723164,0.5254237288135594
Q3MIW9-2,Q3MIW9,0.242117738,41.04046243,substitution,0.699904791036703,0.0031746031746031746,0.08571428571428572,0.0,0.08571428571428572
O60224-2,O60224,0.475849333,57.00483092,substitution,0.7335380672104083,0.0,0.0,0.0,0.0
Q8NAU1-3,Q8NAU1,0.320245356,59.64912281,substitution,0.5046853374608264,0.1776061776061776,0.26640926640926643,0.16988416988416988,0.4362934362934363
Q8NFF5-4,Q8NFF5,0.673221709,43.77104377,substitution,0.3262512764642429,0.44880546075085326,0.3703071672354949,0.15699658703071673,0.5273037542662116
Q0D2I5-3,Q0D2I5,0.257407,46.51162791,substitution,0.5458895232375113,0.0033222591362126247,0.717607973421927,0.0,0.717607973421927
Q96GE6-3,Q96GE6,0.631143735,41.32653061,deletion,0.4550699017647767,0.2956521739130435,0.40869565217391307,0.05217391304347826,0.4608695652173913
P20142-2,P20142,0.659415469,56.14457831,substitution,0.2231834537047983,0.631578947368421,0.16374269005847952,0.4678362573099415,0.631578947368421
Q4JDL3-10,Q4JDL3,0.207226303,49.04761905,deletion,0.21830064878815056,0.616822429906542,0.27102803738317754,0.3130841121495327,0.5841121495327103
Q9NYS7-3,Q9NYS7,0.700517986,48.01980198,deletion,0.29423461979060345,0.5238095238095238,0.06666666666666667,0.3380952380952381,0.40476190476190477
O96017-8,O96017,0.353638549,51.55393053,substitution,0.31389375510376555,0.5134099616858238,0.42911877394636017,0.08045977011494253,0.5095785440613027
Q3KNS6-2,Q3KNS6,0.703750852,56.94444444,substitution,0.5082339062149558,0.14054054054054055,0.3675675675675676,0.032432432432432434,0.4
Q9Y664-2,Q9Y664,0.70643146,44.95412844,deletion,0.26418808452838516,0.5458333333333333,0.041666666666666664,0.5083333333333333,0.55
Q9UGJ0-2,Q9UGJ0,0.779672923,57.64499121,deletion,0.7332590481720341,0.004149377593360996,0.016597510373443983,0.0,0.016597510373443983
Q14181-2,Q14181,0.776262895,57.57071547,substitution,0.3019023252584978,0.5041876046901173,0.30318257956448913,0.20603015075376885,0.509212730318258
Q9NVT9-2,Q9NVT9,0.472716878,47.05882353,substitution,0.34136565778594347,0.44805194805194803,0.5194805194805194,0.05844155844155844,0.577922077922078
Q4G1C9-4,Q4G1C9,0.575919897,46.80232558,substitution,0.4006825501185877,0.25,0.45652173913043476,0.15760869565217392,0.6141304347826086
Q9NVA1-3,Q9NVA1,0.742767208,55.48172757,substitution,0.5487411300542545,0.17037037037037037,0.37037037037037035,0.0,0.37037037037037035
Q6UWH4-3,Q6UWH4,0.359347927,58.60113422,substitution,0.23447789041112194,0.6296296296296297,0.4444444444444444,0.09722222222222222,0.5416666666666666
A1Z1Q3-4,A1Z1Q3,0.118045338,42.41071429,substitution,0.4586504144227251,0.31295843520782396,0.2591687041564792,0.09046454767726161,0.34963325183374083
Q8NHP1-3,Q8NHP1,0.687108003,58.25825826,substitution,0.23394460579031273,0.5864197530864198,0.5802469135802469,0.08024691358024691,0.6604938271604939
Q8N6Q3-2,Q8N6Q3,0.645259665,49.88558352,substitution,0.34963633288089074,0.43859649122807015,0.017543859649122806,0.42543859649122806,0.44298245614035087
Q5FBB7-4,Q5FBB7,0.299670045,47.77183601,substitution,0.6960771409723543,0.012953367875647668,0.10621761658031088,0.0,0.10621761658031088
Q9XRX5-3,Q9XRX5,0.400762922,46.21848739,substitution,0.5473494942145435,0.06557377049180328,0.7377049180327869,0.0,0.7377049180327869
Q8IUQ0-2,Q8IUQ0,0.671394464,42.22222222,substitution,0.3718221635729593,0.4215686274509804,0.4362745098039216,0.08823529411764706,0.5245098039215687
Q8WTV1-4,Q8WTV1,0.475637238,59.76095618,substitution,0.6510826005393081,0.0,0.359375,0.0,0.359375
Q9NP99-2,Q9NP99,0.673656012,57.67634855,substitution,0.6355525155252242,0.010309278350515464,0.29896907216494845,0.0,0.29896907216494845
Q9BUU2-2,Q9BUU2,0.222986678,42.58373206,substitution,0.22445877712268286,0.6180257510729614,0.38197424892703863,0.2575107296137339,0.6394849785407726
Q969E2-3,Q969E2,0.76848136,57.20524017,substitution,0.39309308833738216,0.29591836734693877,0.5816326530612245,0.0,0.5816326530612245
Q9BXK5-2,Q9BXK5,0.694312429,41.2371134,substitution,0.6894931189909599,0.02456140350877193,0.09824561403508772,0.0,0.09824561403508772
P56134-4,P56134,0.43185036,51.06382979,substitution,0.4922663068676292,0.10975609756097561,0.6341463414634146,0.0,0.6341463414634146
O75631-2,O75631,0.342941656,57.4912892,substitution,0.3120909195215722,0.4098360655737705,0.20491803278688525,0.2459016393442623,0.45081967213114754
Q5TAQ9-2,Q5TAQ9,0.258942013,41.83333333,substitution,0.26987825494637524,0.5842696629213483,0.12359550561797752,0.35674157303370785,0.4803370786516854
Q9BPY8-2,Q9BPY8,0.591067907,57.89473684,substitution,0.5087652434764186,0.16,0.52,0.0,0.52
O94905-2,O94905,0.64887555,42.18289086,substitution,0.48890650721303147,0.10101010101010101,0.6616161616161617,0.045454545454545456,0.7070707070707071
Q9Y282-2,Q9Y282,0.570864173,59.53002611,substitution,0.3209071673183036,0.4258064516129032,0.2645161290322581,0.3870967741935484,0.6516129032258065
Q5HYI7-2,Q5HYI7,0.690854,47.43589744,substitution,0.39799939319130667,0.3254437869822485,0.650887573964497,0.011834319526627219,0.6627218934911243
Q5ZPR3-2,Q5ZPR3,0.560043742,59.17602996,deletion,0.2988063204787259,0.44495412844036697,0.045871559633027525,0.5137614678899083,0.5596330275229358
Q6P1L5-2,Q6P1L5,0.16562117,48.22335025,substitution,0.6944203270593259,0.006514657980456026,0.08469055374592833,0.0,0.08469055374592833
O15392-7,O15392,0.718891976,51.4084507,substitution,0.4285693400505625,0.18840579710144928,0.8115942028985508,0.0,0.8115942028985508
Q7Z4G4-3,Q7Z4G4,0.762155373,54.85961123,substitution,0.31659817528760625,0.4523809523809524,0.3047619047619048,0.22857142857142856,0.5333333333333333
Q14790-7,Q14790,0.609215339,56.15866388,substitution,0.2764360386565272,0.5213270142180095,0.2938388625592417,0.24644549763033174,0.5402843601895735
P18847-4,P18847,0.361861438,50.0,substitution,0.5325877238582883,0.011904761904761904,0.7142857142857143,0.0,0.7142857142857143
Q8IZP1-2,Q8IZP1,0.649888656,45.37521815,substitution,0.5653279370098264,0.17627118644067796,0.31864406779661014,0.02711864406779661,0.34576271186440677
Q6GPH4-3,Q6GPH4,0.561634873,46.84385382,deletion,0.5822199493348944,0.11875,0.2125,0.0875,0.3
Q9BZX4-2,Q9BZX4,0.775269696,56.60377358,deletion,0.41525906002596163,0.25,0.532608695652174,0.03260869565217391,0.5652173913043478
Q5JS13-4,Q5JS13,0.661129066,54.39856373,substitution,0.5032319227092629,0.23228346456692914,0.07480314960629922,0.19291338582677164,0.2677165354330709
Q53F39-5,Q53F39,0.729315131,57.32009926,substitution,0.29641221481619123,0.5411764705882353,0.28823529411764703,0.20588235294117646,0.49411764705882355
Q9UBL9-7,Q9UBL9,0.704861672,58.77712032,substitution,0.3718913808544139,0.3866279069767442,0.21511627906976744,0.31976744186046513,0.5348837209302325
Q2VYF4-4,Q2VYF4,0.509934787,56.21181263,deletion,0.5839348334153388,0.06074766355140187,0.4252336448598131,0.0,0.4252336448598131
Q8WV60-2,Q8WV60,0.657794058,53.35051546,substitution,0.3498971762680272,0.42857142857142855,0.5879120879120879,0.0,0.5879120879120879
Q07812-6,Q07812,0.535212207,59.375,deletion,0.3523129070155967,0.3974358974358974,0.6410256410256411,0.0,0.6410256410256411
Q9UBP9-2,Q9UBP9,0.626857251,43.71069182,substitution,0.5183464210115407,0.14035087719298245,0.4269005847953216,0.03508771929824561,0.4619883040935672
O75223-3,O75223,0.450063042,50.0,deletion,0.2559872964448117,0.5425531914893617,0.19148936170212766,0.4574468085106383,0.648936170212766
O14745-2,O14745,0.395031586,56.42458101,deletion,0.43602125590750335,0.3076923076923077,0.1858974358974359,0.22435897435897437,0.41025641025641024
Q3KNT7-3,Q3KNT7,0.66508229,58.5,substitution,0.3307895293375946,0.422360248447205,0.3416149068322981,0.16149068322981366,0.5031055900621118
Q96LI6-3,Q96LI6,0.354016257,44.52736318,substitution,0.6863442866590164,0.039301310043668124,0.026200873362445413,0.017467248908296942,0.043668122270742356
P26436-8,P26436,0.234635319,58.49056604,substitution,0.6400266875413468,0.0989010989010989,0.0,0.12637362637362637,0.12637362637362637
P50749-2,P50749,0.32731711,41.49253731,substitution,0.4455417508568277,0.26461538461538464,0.28307692307692306,0.20615384615384616,0.48923076923076925
Q9BRK5-3,Q9BRK5,0.423058451,52.20779221,substitution,0.29557902952482423,0.47058823529411764,0.611764705882353,0.058823529411764705,0.6705882352941176
Q96EZ8-4,Q96EZ8,0.47011724,58.65800866,deletion,0.5960068657592029,0.13612565445026178,0.2513089005235602,0.0,0.2513089005235602
Q7L513-6,Q7L513,0.223809208,48.74651811,deletion,0.30229626951206884,0.4673913043478261,0.06521739130434782,0.4782608695652174,0.5434782608695652
O14773-2,O14773,0.762752987,56.8383659,deletion,0.29064883522895,0.51440329218107,0.23868312757201646,0.205761316872428,0.4444444444444444
Q15435-5,Q15435,0.798672611,59.39226519,substitution,0.30115325749223454,0.4428969359331476,0.1309192200557103,0.11142061281337047,0.24233983286908078
Q96PU9-2,Q96PU9,0.190578606,44.35797665,substitution,0.6252545121511272,0.026490066225165563,0.152317880794702,0.0,0.152317880794702
Q9BXR0-2,Q9BXR0,0.696560104,45.30120482,substitution,0.21359326983416385,0.6150442477876106,0.5176991150442478,0.11504424778761062,0.6327433628318584
P56545-2,P56545,0.55230119,43.75634518,substitution,0.6053272107046532,0.0,0.7368421052631579,0.0,0.7368421052631579
P0C7I6-8,P0C7I6,0.35199657,47.38562092,substitution,0.5811187929295877,0.0,0.5732484076433121,0.0,0.5732484076433121
Q9P2W1-3,Q9P2W1,0.61936232,42.39631336,deletion,0.4108483128277339,0.2,0.72,0.112,0.832
Q6IPT4-3,Q6IPT4,0.75580933,53.01587302,deletion,0.32386018881538065,0.43243243243243246,0.22972972972972974,0.27702702702702703,0.5067567567567568
Q9NX45-2,Q9NX45,0.503307668,50.23364486,substitution,0.6415375427300473,0.037914691943127965,0.2037914691943128,0.0,0.2037914691943128
Q9NY56-4,Q9NY56,0.695389394,56.43153527,substitution,0.36396133566242944,0.3170731707317073,0.3902439024390244,0.12195121951219512,0.5121951219512195
Q6ZMU5-2,Q6ZMU5,0.467455766,56.39412998,deletion,0.27622458892747515,0.5673076923076923,0.10096153846153846,0.35096153846153844,0.4519230769230769
Q6XR72-3,Q6XR72,0.419390348,44.32989691,substitution,0.44203522780795673,0.28308823529411764,0.4007352941176471,0.10661764705882353,0.5073529411764706
Q92496-3,Q92496,0.595567525,57.26643599,deletion,0.32790603326914636,0.41295546558704455,0.05263157894736842,0.4331983805668016,0.48582995951417
Q07687-2,Q07687,0.312863917,58.52941176,substitution,0.6737525764793756,0.022727272727272728,0.15151515151515152,0.0,0.15151515151515152
Q8WTU2-2,Q8WTU2,0.348447471,46.95652174,substitution,0.3236363750254557,0.4934210526315789,0.17105263157894737,0.23684210526315788,0.40789473684210525
P35914-3,P35914,0.557225334,58.76923077,deletion,0.21331417602932512,0.5746268656716418,0.48507462686567165,0.208955223880597,0.6940298507462687
P13928-2,P13928,0.622714803,41.89602446,substitution,0.23695489694083374,0.5736842105263158,0.7421052631578947,0.0,0.7421052631578947
Q86WT6-4,Q86WT6,0.723340165,55.8,substitution,0.414641738673855,0.1970260223048327,0.5836431226765799,0.09293680297397769,0.6765799256505576
Q400G9-2,Q400G9,0.599464719,44.63937622,substitution,0.4428624945821128,0.31208053691275167,0.35906040268456374,0.06375838926174497,0.4228187919463087
O43508-2,O43508,0.441680709,55.19287834,substitution,0.2832095448479135,0.5421686746987951,0.04819277108433735,0.5542168674698795,0.6024096385542169
Q96JY6-5,Q96JY6,0.445128955,58.4717608,insertion,,,,,
P61962-2,P61962,0.626370749,41.52046784,deletion,0.23504782549840772,0.605,0.015,0.47,0.485
Q13286-5,Q13286,0.572519624,55.47945205,substitution,0.2544289650161346,0.5422535211267606,0.7535211267605634,0.0,0.7535211267605634
P40198-2,P40198,0.627783426,56.53846154,substitution,0.6232137352882838,0.0,0.4954954954954955,0.0,0.4954954954954955
P25101-5,P25101,0.593583084,47.30679157,deletion,0.3591592658994417,0.39111111111111113,0.6266666666666667,0.013333333333333334,0.64
Q9UNK4-2,Q9UNK4,0.48276773,42.75862069,deletion,0.31133042577552933,0.42168674698795183,0.4819277108433735,0.10843373493975904,0.5903614457831325
Q8NF99-2,Q8NF99,0.293378683,40.54545455,substitution,0.4380231835337711,0.19435736677115986,0.322884012539185,0.11285266457680251,0.43573667711598746
Q9NQT5-2,Q9NQT5,0.681401056,57.24637681,substitution,0.3141745134457179,0.452991452991453,0.3504273504273504,0.23076923076923078,0.5811965811965812
Q69YN2-2,Q69YN2,0.665096056,40.03656307,substitution,0.32287731963602423,0.4937888198757764,0.16770186335403728,0.19254658385093168,0.36024844720496896
Q96AJ1-2,Q96AJ1,0.309441778,59.8062954,deletion,0.37179391586182886,0.3072289156626506,0.6746987951807228,0.0,0.6746987951807228
C9JL84-2,C9JL84,0.242986052,57.37410072,substitution,0.46395055356667275,0.28125,0.18303571428571427,0.22767857142857142,0.4107142857142857
Q96IZ5-3,Q96IZ5,0.33414486,50.32967033,substitution,0.5023171904167325,0.2301255230125523,0.26359832635983266,0.09623430962343096,0.3598326359832636
Q08257-2,Q08257,0.775791825,57.14285714,substitution,0.21768016540005186,0.6382978723404256,0.20567375886524822,0.3049645390070922,0.5106382978723404
O95214-2,O95214,0.454307837,52.68817204,substitution,0.342744474710316,0.42105263157894735,0.7368421052631579,0.0,0.7368421052631579
O60664-2,O60664,0.702707228,57.83410138,deletion,0.5394639366840878,0.04918032786885246,0.644808743169399,0.0,0.644808743169399
Q8IXK2-2,Q8IXK2,0.716419346,46.81583477,deletion,0.2915578072995281,0.5275080906148867,0.32038834951456313,0.16828478964401294,0.4886731391585761
O75494-5,O75494,0.500683125,55.72519084,substitution,0.7447665189298064,0.0,0.0,0.0,0.0
P54845-2,P54845,0.6188747,41.35021097,deletion,0.6424418285101767,0.02877697841726619,0.26618705035971224,0.0,0.26618705035971224
Q96EX2-4,Q96EX2,0.704979402,43.24324324,deletion,0.5732235337924683,0.1388888888888889,0.4166666666666667,0.0,0.4166666666666667
O95297-5,O95297,0.459158558,44.23791822,deletion,0.44688367745650737,0.28,0.29333333333333333,0.22666666666666666,0.52
P59998-4,P59998,0.627657215,46.42857143,deletion,0.293245776422989,0.4666666666666667,0.3888888888888889,0.23333333333333334,0.6222222222222222
Q5BN46-2,Q5BN46,0.514277844,55.79710145,substitution,0.6049772625821627,0.016129032258064516,0.11290322580645161,0.0,0.11290322580645161
Q96LZ7-2,Q96LZ7,0.540612682,43.42948718,substitution,0.3964777871798918,0.3422982885085575,0.5941320293398533,0.0,0.5941320293398533
Q8WW14-3,Q8WW14,0.442872665,41.02564103,substitution,0.6330280784336976,0.06993006993006994,0.23076923076923078,0.0,0.23076923076923078
P01298-2,P01298,0.332031445,53.37078652,insertion,,,,,
Q7L4E1-3,Q7L4E1,0.271753798,57.16694772,substitution,0.2783187327750507,0.53125,0.69921875,0.0,0.69921875
P40259-2,P40259,0.363380884,54.58515284,deletion,0.308464736430868,0.4519230769230769,0.028846153846153848,0.5192307692307693,0.5480769230769231
O00453-5,O00453,0.519557399,40.77669903,substitution,0.6484204032745532,0.0,0.43333333333333335,0.0,0.43333333333333335
P43268-3,P43268,0.467998097,42.76859504,deletion,0.7192773628557066,0.0,0.07942238267148015,0.0,0.07942238267148015
Q9BTM9-2,Q9BTM9,0.720333118,50.9202454,substitution,0.3480859651566864,0.4090909090909091,0.13636363636363635,0.3181818181818182,0.45454545454545453
Q3LIE5-3,Q3LIE5,0.724142432,58.55072464,substitution,0.2007368985307447,0.6666666666666666,0.24113475177304963,0.2695035460992908,0.5106382978723404
P98153-3,P98153,0.410062415,57.81818182,substitution,0.6576512284172908,0.01694915254237288,0.22033898305084745,0.025423728813559324,0.2457627118644068
Q9H9R9-3,Q9H9R9,0.288747188,52.46478873,substitution,0.7492080146785765,0.0,0.0,0.0,0.0
Q5T7V8-2,Q5T7V8,0.325447849,59.89159892,deletion,0.5991850094145353,0.0,0.5,0.0,0.5
Q7L5A3-3,Q7L5A3,0.592636517,43.30855019,deletion,0.7226915482975671,0.013114754098360656,0.009836065573770493,0.0,0.009836065573770493
Q12794-4,Q12794,0.646465456,47.5862069,substitution,0.23769851219477953,0.5921052631578947,0.39473684210526316,0.18859649122807018,0.5833333333333334
Q68CQ7-2,Q68CQ7,0.534662679,58.99470899,substitution,0.2693396691211417,0.5448717948717948,0.32051282051282054,0.10897435897435898,0.42948717948717946
A6NEC2-2,A6NEC2,0.773065274,55.0209205,deletion,0.33782093151660364,0.4744186046511628,0.013953488372093023,0.4604651162790698,0.4744186046511628
Q6ZN68-3,Q6ZN68,0.629808844,50.0,substitution,0.34379798515058574,0.368,0.7253333333333334,0.02666666666666667,0.752
O43768-8,O43768,0.225099528,40.90909091,substitution,0.6440724544044156,0.0,0.23333333333333334,0.0,0.23333333333333334
Q9NZA1-3,Q9NZA1,0.709498434,44.12470024,substitution,0.44636911858781636,0.31295843520782396,0.2885085574572127,0.061124694376528114,0.34963325183374083
O15266-2,O15266,0.393337864,69.9669967,substitution,0.6541290982276637,0.0,0.2839506172839506,0.0,0.2839506172839506
Q6MZQ0-3,Q6MZQ0,0.246318498,64.94565217,substitution,0.35819749233430176,0.39378238341968913,0.6683937823834197,0.0,0.6683937823834197
Q8IUH3-2,Q8IUH3,0.615686884,68.69747899,substitution,0.3957768642456378,0.3333333333333333,0.23809523809523808,0.21428571428571427,0.4523809523809524
O95620-2,O95620,0.785248652,61.829653,deletion,0.24024565181895388,0.5950413223140496,0.34710743801652894,0.18181818181818182,0.5289256198347108
Q96K19-2,Q96K19,0.337944914,65.70397112,substitution,0.4435796769662536,0.12359550561797752,0.8314606741573034,0.0,0.8314606741573034
Q8IUK5-3,Q8IUK5,0.639816164,65.2173913,substitution,0.5482759773449972,0.12941176470588237,0.2823529411764706,0.041176470588235294,0.3235294117647059
Q86TZ1-2,Q86TZ1,0.718692018,61.70886076,substitution,0.27064241012616275,0.5028901734104047,0.8015414258188824,0.0,0.8015414258188824
Q6UXG3-2,Q6UXG3,0.469171287,64.86486486,substitution,0.660237229695962,0.0,0.2780487804878049,0.0,0.2780487804878049
P02686-2,P02686,0.235834498,63.48684211,substitution,0.6766189467704723,0.026785714285714284,0.13392857142857142,0.0,0.13392857142857142
P15509-8,P15509,0.607395629,66.75,deletion,0.4011463257680875,0.37593984962406013,0.0,0.3458646616541353,0.3458646616541353
P18577-8,P18577,0.728243178,61.95899772,substitution,0.26625734521272454,0.5333333333333333,0.7266666666666667,0.0,0.7266666666666667
Q3KNT9-3,Q3KNT9,0.706453813,64.86486486,substitution,0.4987310738738762,0.05263157894736842,0.8947368421052632,0.0,0.8947368421052632
Q86UU9-4,Q86UU9,0.23210602,67.25663717,substitution,0.7265229799565631,0.0,0.0,0.0,0.0
Q7Z569-2,Q7Z569,0.476983856,69.76351351,substitution,0.368511942790906,0.4112903225806452,0.25,0.2862903225806452,0.5362903225806451
Q86UN6-2,Q86UN6,0.374397463,69.54314721,deletion,0.32506322436849744,0.43333333333333335,0.03333333333333333,0.6166666666666667,0.65
O75638-2,O75638,0.412170035,62.38938053,substitution,0.629846166211226,0.06578947368421052,0.0,0.06578947368421052,0.06578947368421052
P07108-4,P07108,0.826781157,65.11627907,insertion,,,,,
P18627-2,P18627,0.684217616,67.61904762,substitution,0.5113393937028218,0.18497109826589594,0.2138728323699422,0.23121387283236994,0.44508670520231214
Q8NHW4-6,Q8NHW4,0.516657036,69.07216495,substitution,0.3577162422850404,0.39285714285714285,0.39285714285714285,0.25,0.6428571428571429
Q6DKI1-2,Q6DKI1,0.595418102,60.0,substitution,0.30822771172037683,0.44761904761904764,0.5428571428571428,0.11428571428571428,0.6571428571428571
Q8N6G5-2,Q8N6G5,0.556963473,60.11029412,substitution,0.26885882622999585,0.5231481481481481,0.4166666666666667,0.18055555555555555,0.5972222222222222
O75347-2,O75347,0.754961838,66.15384615,substitution,0.39143784374533025,0.34615384615384615,0.6538461538461539,0.0,0.6538461538461539
Q9NP72-3,Q9NP72,0.664724125,68.93203883,deletion,0.21729545969321534,0.59375,0.40625,0.25,0.65625
Q14406-3,Q14406,0.706483025,61.26126126,deletion,0.38462316947645564,0.30120481927710846,0.7951807228915663,0.0,0.7951807228915663
Q8WV99-2,Q8WV99,0.470366655,68.48249027,deletion,0.5941764044079482,0.0,0.5432098765432098,0.0,0.5432098765432098
Q99578-2,Q99578,0.715259068,66.51376147,substitution,0.36811112104180116,0.36,0.6933333333333334,0.09333333333333334,0.7866666666666666
P78552-2,P78552,0.747040912,64.87119438,substitution,0.49472229366588183,0.19333333333333333,0.2733333333333333,0.13333333333333333,0.4066666666666667
Q9NX70-2,Q9NX70,0.376758879,63.84976526,substitution,0.5163704849085022,0.05,0.575,0.0,0.575
Q8TCB7-2,Q8TCB7,0.704010584,64.28571429,substitution,0.28305706866306785,0.5514018691588785,0.18691588785046728,0.42990654205607476,0.616822429906542
Q6T311-2,Q6T311,0.810353147,65.77540107,deletion,0.37608948445602497,0.421875,0.15625,0.234375,0.390625
Q8NFU3-2,Q8NFU3,0.777684515,61.73913043,deletion,0.27357378943399735,0.5121951219512195,0.34146341463414637,0.1951219512195122,0.5365853658536586
Q9P127-2,Q9P127,0.58730893,64.66876972,substitution,0.6875311765492154,0.008849557522123894,0.17699115044247787,0.0,0.17699115044247787
Q969M7-4,Q969M7,0.740301231,63.24324324,substitution,0.3144714110163883,0.4411764705882353,0.5441176470588235,0.0,0.5441176470588235
P57081-3,P57081,0.735868037,64.5631068,deletion,0.2657613003585125,0.5753424657534246,0.02054794520547945,0.4657534246575342,0.4863013698630137
Q6P4D5-2,Q6P4D5,0.30292803,62.94416244,substitution,0.4571608265417305,0.1,0.8375,0.0,0.8375
O14770-6,O14770,0.506898019,61.45833333,substitution,0.5915459204168426,0.10105263157894737,0.3157894736842105,0.0,0.3157894736842105
Q8N3F0-2,Q8N3F0,0.730870747,68.53146853,substitution,0.6439434834973613,0.02702702702702703,0.0,0.0,0.0
P35680-3,P35680,0.654768784,62.30366492,substitution,0.7287111531821611,0.0,0.0,0.0,0.0
P28074-2,P28074,0.613320657,62.90909091,substitution,0.2570263525620227,0.5368421052631579,0.4,0.3157894736842105,0.7157894736842105
Q96FE7-5,Q96FE7,0.297216127,69.96197719,deletion,0.3457235987824994,0.4177215189873418,0.0759493670886076,0.189873417721519,0.26582278481012656
Q92784-3,Q92784,0.359986167,65.33333333,substitution,0.5072229144081821,0.16976127320954906,0.2838196286472148,0.07692307692307693,0.36074270557029176
Q5JU69-2,Q5JU69,0.654620671,63.85542169,substitution,0.26670738294865726,0.532258064516129,0.49193548387096775,0.08870967741935484,0.5806451612903226
Q8IZ96-5,Q8IZ96,0.467258496,69.23076923,substitution,0.4252443632954134,0.20754716981132076,0.8301886792452831,0.0,0.8301886792452831
O15527-5,O15527,0.7713086,63.46153846,substitution,0.31165720150577014,0.5416666666666666,0.6041666666666666,0.0,0.6041666666666666
P62070-2,P62070,0.743197587,62.25490196,deletion,0.30273062166325937,0.4805194805194805,0.16883116883116883,0.38961038961038963,0.5584415584415584
P06753-2,P06753,0.855911128,62.88659794,substitution,0.49530743237874914,0.0035211267605633804,0.9929577464788732,0.0,0.9929577464788732
O96017-7,O96017,0.397447789,61.87845304,substitution,0.34504327079596947,0.463768115942029,0.4396135265700483,0.028985507246376812,0.46859903381642515
Q9Y4Y9-2,Q9Y4Y9,0.822878945,68.13186813,deletion,0.44137658933069557,0.2413793103448276,0.2413793103448276,0.20689655172413793,0.4482758620689655
Q9NUN5-2,Q9NUN5,0.648912582,66.6061706,substitution,0.26370901564580596,0.5310734463276836,0.536723163841808,0.13559322033898305,0.672316384180791
P49639-3,P49639,0.139265338,65.37313433,substitution,0.5472301367790469,0.15384615384615385,0.38461538461538464,0.0,0.38461538461538464
Q9Y228-3,Q9Y228,0.443382612,63.70235935,substitution,0.5290231347351362,0.01,0.775,0.0,0.775
Q13117-2,Q13117,0.256673213,65.59139785,deletion,0.1631883930415984,0.6145833333333334,0.0,0.3333333333333333,0.3333333333333333
P15428-2,P15428,0.799659546,63.53383459,substitution,0.3222979258612942,0.46,0.49,0.19,0.68
P54849-2,P54849,0.710231075,68.51851852,substitution,0.2711942196207767,0.46153846153846156,0.7115384615384616,0.07692307692307693,0.7884615384615384
Q5T4F4-4,Q5T4F4,0.213694132,66.10576923,substitution,0.502720307871952,0.11463414634146342,0.5390243902439025,0.03414634146341464,0.573170731707317
O60260-6,O60260,0.707394095,67.95698925,deletion,0.4902198316174743,0.2751677852348993,0.04697986577181208,0.20134228187919462,0.2483221476510067
Q5SGD2-3,Q5SGD2,0.805926887,63.33333333,substitution,0.37046636077308215,0.29545454545454547,0.5303030303030303,0.1893939393939394,0.7196969696969697
Q15771-2,Q15771,0.781681941,63.54679803,substitution,0.38847070016483654,0.3333333333333333,0.4880952380952381,0.11904761904761904,0.6071428571428571
P24468-2,P24468,0.70603775,64.97584541,substitution,0.5305893402700403,0.2328767123287671,0.18493150684931506,0.0410958904109589,0.22602739726027396
P55008-2,P55008,0.68100876,63.26530612,deletion,0.4095108228797119,0.25925925925925924,0.7962962962962963,0.0,0.7962962962962963
Q9P003-2,Q9P003,0.783247443,66.18705036,deletion,0.3369774882001247,0.46808510638297873,0.6382978723404256,0.0,0.6382978723404256
P13688-4,P13688,0.732893552,61.8147448,substitution,0.49200911046462525,0.21844660194174756,0.15048543689320387,0.22330097087378642,0.3737864077669903
P16220-3,P16220,0.329060839,63.3431085,substitution,0.5642414609740622,0.08771929824561403,0.1286549707602339,0.2046783625730994,0.3333333333333333
Q8NDV1-2,Q8NDV1,0.655143055,67.86885246,substitution,0.25041239193240394,0.6428571428571429,0.37755102040816324,0.14285714285714285,0.5204081632653061
O95600-4,O95600,0.190103394,63.1147541,substitution,0.6184769417306741,0.08100558659217877,0.1564245810055866,0.055865921787709494,0.2122905027932961
Q15853-4,Q15853,0.484629684,62.13872832,deletion,0.707517159718726,0.0,0.0,0.061068702290076333,0.061068702290076333
Q8TE04-4,Q8TE04,0.770146332,61.96013289,substitution,0.7292611091287651,0.01282051282051282,0.0,0.0,0.0
P20718-2,P20718,0.501442189,65.04065041,deletion,0.2812539026799427,0.5348837209302325,0.08139534883720931,0.2558139534883721,0.3372093023255814
Q9Y3D3-2,Q9Y3D3,0.70044412,69.71830986,substitution,0.4780502861066473,0.044444444444444446,0.8222222222222222,0.0,0.8222222222222222
Q6ZV65-2,Q6ZV65,0.329665078,63.23529412,substitution,0.6106171769069717,0.05405405405405406,0.25675675675675674,0.0,0.25675675675675674
O00499-10,O00499,0.643107475,67.26973684,substitution,0.6165951212906612,0.08598726114649681,0.321656050955414,0.0,0.321656050955414
Q96A28-2,Q96A28,0.479879778,68.16608997,substitution,0.3373781054722665,0.42391304347826086,0.05434782608695652,0.5543478260869565,0.6086956521739131
Q9GZT6-3,Q9GZT6,0.588051288,60.23622047,deletion,0.5667186256971715,0.06930693069306931,0.40594059405940597,0.0,0.40594059405940597
Q96M27-4,Q96M27,0.23949771,69.66292135,substitution,0.27678268952620505,0.5037037037037037,0.37037037037037035,0.25925925925925924,0.6296296296296297
Q6ZU67-3,Q6ZU67,0.445419351,69.65265082,substitution,0.5839140841720066,0.10318949343339587,0.30393996247654786,0.0150093808630394,0.31894934333958724
Q9NZQ7-3,Q9NZQ7,0.78100225,61.03448276,substitution,0.46089894514568297,0.21238938053097345,0.3893805309734513,0.2831858407079646,0.672566371681416
Q9NVG8-2,Q9NVG8,0.757227792,68.75,deletion,0.25669923339997053,0.584,0.624,0.016,0.64
Q9UHC3-4,Q9UHC3,0.792267549,66.12021858,substitution,0.45921703487602855,0.26136363636363635,0.3977272727272727,0.18181818181818182,0.5795454545454546
Q16854-2,Q16854,0.676253836,68.23104693,deletion,0.25135106461867845,0.5454545454545454,0.6477272727272727,0.06818181818181818,0.7159090909090909
P16389-2,P16389,0.643623403,61.43141153,substitution,0.46459447343529386,0.21890547263681592,0.5671641791044776,0.0,0.5671641791044776
Q8N8F6-2,Q8N8F6,0.268862963,62.98932384,substitution,0.2826075232400754,0.5,0.7982456140350878,0.0,0.7982456140350878
P46937-4,P46937,0.305478266,64.68253968,deletion,0.6682425566080076,0.028089887640449437,0.10674157303370786,0.016853932584269662,0.12359550561797752
P36402-14,P36402,0.37629558,64.32291667,substitution,0.6514651281286777,0.06005221932114883,0.206266318537859,0.0,0.206266318537859
O43752-2,O43752,0.427784972,60.39215686,deletion,0.34493804210964596,0.3069306930693069,0.8613861386138614,0.0,0.8613861386138614
Q6P5X5-2,Q6P5X5,0.38957083,69.3877551,substitution,0.5514671129983338,0.12195121951219512,0.34146341463414637,0.0,0.34146341463414637
P16949-2,P16949,0.721848866,69.51871658,substitution,0.619863238588545,0.0,0.6956521739130435,0.0,0.6956521739130435
Q86Y37-4,Q86Y37,0.698511268,66.66666667,deletion,0.7215550032359358,0.0,0.056910569105691054,0.0,0.056910569105691054
O60239-2,O60239,0.318356422,65.49450549,deletion,0.4470084084732942,0.2229299363057325,0.6878980891719745,0.0,0.6878980891719745
Q96G25-3,Q96G25,0.374315968,66.79104478,deletion,0.4079836293506593,0.20224719101123595,0.7640449438202247,0.0,0.7640449438202247
P17693-6,P17693,0.4376886,61.6519174,substitution,0.332017490435626,0.41517857142857145,0.3080357142857143,0.35714285714285715,0.6651785714285714
Q8IZ96-6,Q8IZ96,0.414250307,68.63905325,deletion,0.4252443632954134,0.20754716981132076,0.8301886792452831,0.0,0.8301886792452831
P18847-5,P18847,0.676429792,68.50828729,deletion,0.615527964256357,0.0,0.42105263157894735,0.0,0.42105263157894735
Q6QNY1-2,Q6QNY1,0.814921548,69.71830986,deletion,0.6831306904595625,0.0,0.18604651162790697,0.0,0.18604651162790697
Q6UW88-5,Q6UW88,0.398313394,66.88311688,substitution,0.49847773297629244,0.1,0.36,0.16,0.52
Q86VV4-2,Q86VV4,0.217023574,64.69344609,substitution,0.4090250691788903,0.32926829268292684,0.21341463414634146,0.34146341463414637,0.5548780487804879
Q86SG3-2,Q86SG3,0.519459946,67.18480138,substitution,0.3930993589381977,0.33527696793002915,0.04664723032069971,0.27113702623906705,0.3177842565597668
P56178-2,P56178,0.292255691,62.97577855,substitution,0.6642872128847883,0.046296296296296294,0.1574074074074074,0.0,0.1574074074074074
Q96FE7-4,Q96FE7,0.495353639,64.63878327,substitution,0.601845401826626,0.0,0.5268817204301075,0.0,0.5268817204301075
Q9NP87-3,Q9NP87,0.49428933,61.34453782,substitution,0.26017088648486675,0.5440613026819924,0.4329501915708812,0.20306513409961685,0.6360153256704981
Q5HYJ3-3,Q5HYJ3,0.635023953,67.84660767,substitution,0.5340587469320354,0.009174311926605505,0.7798165137614679,0.0,0.7798165137614679
P04637-7,P04637,0.535087627,66.41221374,deletion,0.5931983113851944,0.12878787878787878,0.05303030303030303,0.07575757575757576,0.12878787878787878
Q8N3J6-4,Q8N3J6,0.592047109,65.97701149,substitution,0.362426292385906,0.40226628895184136,0.025495750708215296,0.43342776203966005,0.45892351274787535
O43242-2,O43242,0.811018882,66.29213483,substitution,0.35794682828041535,0.3789868667917448,0.6716697936210131,0.020637898686679174,0.6923076923076923
Q99933-4,Q99933,0.656267342,66.66666667,deletion,0.7582981400209281,0.0,0.0,0.0,0.0
O15162-2,O15162,0.786047846,66.46341463,substitution,0.6494041050244317,0.0970873786407767,0.038834951456310676,0.009708737864077669,0.04854368932038835
P35348-6,P35348,0.748295769,66.73819742,substitution,0.5115734348183764,0.19767441860465115,0.3023255813953488,0.11627906976744186,0.4186046511627907
Q969S2-4,Q969S2,0.761903865,65.06024096,deletion,0.5496675693964976,0.1724137931034483,0.0,0.15517241379310345,0.15517241379310345
P55036-2,P55036,0.703375844,67.90450928,substitution,0.5785444233090641,0.032520325203252036,0.4796747967479675,0.0,0.4796747967479675
P08247-2,P08247,0.443546454,62.30031949,deletion,0.2938784151525838,0.4576271186440678,0.5508474576271186,0.22033898305084745,0.7711864406779662
Q16828-2,Q16828,0.533265102,61.67979003,deletion,0.4346400545662772,0.3287671232876712,0.23972602739726026,0.13013698630136986,0.3698630136986301
P11172-2,P11172,0.741337079,62.91666667,deletion,0.265248961740554,0.5280898876404494,0.42134831460674155,0.23595505617977527,0.6573033707865169
Q9BYG7-2,Q9BYG7,0.524911183,61.9047619,substitution,0.33610614457903265,0.4536082474226804,0.6855670103092784,0.0,0.6855670103092784
Q8N6T3-3,Q8N6T3,0.484232806,66.81514477,substitution,0.7275700661881802,0.0,0.03125,0.0,0.03125
O43293-2,O43293,0.834477924,69.16299559,substitution,0.47841833936376443,0.04225352112676056,0.9295774647887324,0.0,0.9295774647887324
P19440-2,P19440,0.732785269,60.28119508,substitution,0.17261174623606765,0.7205240174672489,0.24017467248908297,0.24017467248908297,0.48034934497816595
O43521-2,O43521,0.392015988,69.6969697,deletion,0.7103057500958312,0.016666666666666666,0.05,0.0,0.05
Q96I82-2,Q96I82,0.515098061,64.74358974,substitution,0.3772613541359636,0.37398373983739835,0.04878048780487805,0.44715447154471544,0.4959349593495935
P04554-2,P04554,0.263270905,65.71428571,substitution,0.7890328292995789,0.0,0.0,0.0,0.0
Q2TAL5-2,Q2TAL5,0.377004635,68.76355748,deletion,0.5819546618813958,0.0,0.5694444444444444,0.0,0.5694444444444444
Q5TC79-2,Q5TC79,0.398610296,67.77996071,substitution,0.4626070291172815,0.22981366459627328,0.34782608695652173,0.06832298136645963,0.4161490683229814
Q70UQ0-2,Q70UQ0,0.686875813,69.71428571,deletion,0.6161940403679946,0.0,0.6132075471698113,0.0,0.6132075471698113
O43913-2,O43913,0.793497452,68.96551724,substitution,0.35054747462294544,0.4084507042253521,0.5070422535211268,0.07042253521126761,0.5774647887323944
Q9C0H2-3,Q9C0H2,0.435120261,60.52631579,substitution,0.30986987288267315,0.41545893719806765,0.7439613526570048,0.00966183574879227,0.7536231884057971
P06753-5,P06753,0.884202258,68.04123711,substitution,0.49530743237874914,0.0035211267605633804,0.9929577464788732,0.0,0.9929577464788732
Q9BRL7-3,Q9BRL7,0.652124272,69.57928803,substitution,0.33671680018708894,0.38636363636363635,0.75,0.03409090909090909,0.7840909090909091
P19544-9,P19544,0.383821448,63.47438753,substitution,0.7403581376159925,0.0,0.0,0.0,0.0
Q9UKW6-4,Q9UKW6,0.534047239,60.0,substitution,0.44262984319582477,0.2827586206896552,0.4689655172413793,0.0,0.4689655172413793
Q9UJA2-2,Q9UJA2,0.804480252,66.44518272,substitution,0.7294293743284574,0.0,0.10891089108910891,0.0,0.10891089108910891
Q8IVM0-2,Q8IVM0,0.395419291,63.48547718,insertion,,,,,
Q8TAQ9-2,Q8TAQ9,0.685419886,69.64769648,substitution,0.4513860984624557,0.1958041958041958,0.46503496503496505,0.12937062937062938,0.5944055944055944
O43521-10,O43521,0.236363641,66.66666667,substitution,0.5154616865954772,0.015151515151515152,0.8181818181818182,0.0,0.8181818181818182
Q8N7H5-3,Q8N7H5,0.474130527,64.41515651,substitution,0.5395699678055045,0.12233009708737864,0.23106796116504855,0.11650485436893204,0.34757281553398056
Q6IQ49-3,Q6IQ49,0.264467855,67.88008565,substitution,0.4278441395330927,0.18439716312056736,0.425531914893617,0.2127659574468085,0.6382978723404256
Q9NPI0-2,Q9NPI0,0.796098632,62.34567901,substitution,0.35612597843493193,0.3548387096774194,0.7419354838709677,0.0,0.7419354838709677
Q969S0-2,Q969S0,0.731734734,67.67371601,substitution,0.3315600313955551,0.4672897196261682,0.6635514018691588,0.056074766355140186,0.719626168224299
Q03060-26,Q03060,0.339935959,60.38781163,substitution,0.6183580313292303,0.03488372093023256,0.25872093023255816,0.06686046511627906,0.32558139534883723
Q6ZNR0-5,Q6ZNR0,0.334154092,66.85082873,substitution,0.4895433836285374,0.1,0.86,0.0,0.86
Q86T96-2,Q86T96,0.309550704,68.50921273,substitution,0.4641044761572327,0.21311475409836064,0.40437158469945356,0.08743169398907104,0.4918032786885246
Q93062-4,Q93062,0.59801169,65.51724138,substitution,0.7383423905317896,0.0,0.0,0.0,0.0
Q96EI5-2,Q96EI5,0.247509887,60.05586592,insertion,,,,,
Q9UPM9-2,Q9UPM9,0.752351845,65.55023923,substitution,0.4659430932564075,0.2463768115942029,0.18840579710144928,0.2028985507246377,0.391304347826087
Q9BZR8-2,Q9BZR8,0.223184283,69.46107784,substitution,0.29388738214086535,0.48514851485148514,0.7128712871287128,0.0,0.7128712871287128
P31942-4,P31942,0.332895902,62.13872832,deletion,0.45526780145249296,0.3053435114503817,0.15267175572519084,0.1984732824427481,0.3511450381679389
Q5SQH8-4,Q5SQH8,0.499597478,63.50806452,insertion,,,,,
P48651-2,P48651,0.708044577,69.13319239,deletion,0.36279640299758364,0.3698630136986301,0.6917808219178082,0.0136986301369863,0.7054794520547946
Q86UY5-2,Q86UY5,0.618272688,67.05069124,substitution,0.4487432737204722,0.3175182481751825,0.19343065693430658,0.1678832116788321,0.3613138686131387
P62820-3,P62820,0.648324235,62.92682927,deletion,0.25189682277281616,0.5394736842105263,0.47368421052631576,0.2236842105263158,0.6973684210526315
Q9BTM9-3,Q9BTM9,0.657820623,62.37623762,deletion,0.34287506244427096,0.3684210526315789,0.15789473684210525,0.3684210526315789,0.5263157894736842
Q9UBM1-3,Q9UBM1,0.716091533,61.83206107,substitution,0.29113527001450434,0.48484848484848486,0.7525252525252525,0.0,0.7525252525252525
Q6UXG8-3,Q6UXG8,0.591097776,60.44776119,substitution,0.32337971289095385,0.48148148148148145,0.06018518518518518,0.3333333333333333,0.39351851851851855
Q9Y4X4-2,Q9Y4X4,0.120944117,66.91542289,deletion,0.48479390181577964,0.18796992481203006,0.3233082706766917,0.09022556390977443,0.41353383458646614
Q9HDD0-2,Q9HDD0,0.659520036,61.53846154,insertion,,,,,
P68036-3,P68036,0.854309718,69.81132075,substitution,0.3364343632964221,0.375,1.0,0.0,1.0
P58512-3,P58512,0.212031197,64.28571429,substitution,0.724066268596276,0.0,0.014778325123152709,0.0,0.014778325123152709
Q9H0F5-5,Q9H0F5,0.334580164,64.46601942,deletion,0.7381764562953624,0.0,0.0,0.0,0.0
Q9UBU8-3,Q9UBU8,0.648802575,64.91712707,deletion,0.4420781046962589,0.23622047244094488,0.2440944881889764,0.25984251968503935,0.5039370078740157
Q02548-11,Q02548,0.468122229,67.49379653,substitution,0.736078276281039,0.0,0.0,0.0,0.0
A1A519-4,A1A519,0.411469785,65.45454545,substitution,0.5984972923889537,0.1111111111111111,0.1503267973856209,0.08169934640522876,0.23202614379084968
Q9NUE0-2,Q9NUE0,0.761328767,65.20618557,deletion,0.49990693771178496,0.23703703703703705,0.35555555555555557,0.05185185185185185,0.4074074074074074
Q8NHW4-3,Q8NHW4,0.470518517,64.1509434,substitution,0.3577162422850404,0.39285714285714285,0.39285714285714285,0.25,0.6428571428571429
Q9NRG4-2,Q9NRG4,0.813055965,62.81755196,deletion,0.2560265259340385,0.546583850931677,0.7515527950310559,0.012422360248447204,0.7639751552795031
O75449-2,O75449,0.41509797,62.52545825,substitution,0.3055081332810926,0.45987654320987653,0.5154320987654321,0.09259259259259259,0.6080246913580247
Q8WYA6-2,Q8WYA6,0.827571857,66.60746004,deletion,0.42108751629346114,0.3315508021390374,0.6149732620320856,0.0,0.6149732620320856
Q9H425-2,Q9H425,0.239505475,60.24464832,deletion,0.46895839718225796,0.16923076923076924,0.5153846153846153,0.06153846153846154,0.5769230769230769
Q9H6V9-4,Q9H6V9,0.753217555,60.0,deletion,0.23928890170162342,0.5846153846153846,0.26153846153846155,0.2230769230769231,0.4846153846153846
P15863-2,P15863,0.324068527,62.36933798,substitution,0.65222126366214,0.0675422138836773,0.12570356472795496,0.0075046904315197,0.13320825515947468
Q9UN30-1,Q9UN30,0.388087645,63.2218845,deletion,0.5472238867750682,0.008264462809917356,0.6198347107438017,0.09917355371900827,0.71900826446281
Q9NW75-2,Q9NW75,0.203810927,68.59813084,substitution,0.6199050047750375,0.05555555555555555,0.07407407407407407,0.043209876543209874,0.11728395061728394
Q9UGQ2-4,Q9UGQ2,0.533851037,64.52991453,substitution,0.5346400668983761,0.0,0.9310344827586207,0.0,0.9310344827586207
Q16342-4,Q16342,0.7330835,63.95348837,substitution,0.30099095729133096,0.46774193548387094,0.31451612903225806,0.18548387096774194,0.5
Q9UMX0-3,Q9UMX0,0.285754481,69.94906621,deletion,0.4923353114038907,0.192090395480226,0.4350282485875706,0.07909604519774012,0.5141242937853108
Q13404-6,Q13404,0.744768768,63.94557823,substitution,0.3830311667086372,0.375,0.25,0.21428571428571427,0.4642857142857143
Q9H7P6-2,Q9H7P6,0.67257089,69.27899687,deletion,0.6384792206456925,0.0,0.20408163265306123,0.04081632653061224,0.24489795918367346
Q8IWW8-3,Q8IWW8,0.710248286,64.02569593,substitution,0.21175000744786257,0.6331360946745562,0.6153846153846154,0.011834319526627219,0.6272189349112426
P05019-2,P05019,0.456507418,67.82178218,substitution,0.6434504304455271,0.0,0.4262295081967213,0.0,0.4262295081967213
O43541-4,O43541,0.382852392,64.27145709,substitution,0.30066435095667854,0.4972067039106145,0.12290502793296089,0.31843575418994413,0.441340782122905
Q15599-3,Q15599,0.584428898,61.0619469,substitution,0.4009261271556263,0.3382352941176471,0.21323529411764705,0.22794117647058823,0.4411764705882353
Q96RK4-3,Q96RK4,0.741487931,66.85934489,deletion,0.350484128351132,0.436046511627907,0.6569767441860465,0.0,0.6569767441860465
Q9NP79-2,Q9NP79,0.625253088,69.38110749,substitution,0.4313897834615635,0.3062015503875969,0.49612403100775193,0.0,0.49612403100775193
O75494-3,O75494,0.598479043,64.1221374,substitution,0.7454596938335801,0.0,0.0,0.0,0.0
Q8TF74-2,Q8TF74,0.173475126,65.90909091,deletion,0.6954466705639267,0.0,0.10666666666666667,0.013333333333333334,0.12
Q6XZB0-8,Q6XZB0,0.794091431,64.13043478,deletion,0.21897116210849688,0.6121212121212121,0.4,0.19393939393939394,0.593939393939394
Q5J8X5-3,Q5J8X5,0.526059421,61.18421053,deletion,0.3131281777320388,0.4406779661016949,0.847457627118644,0.0,0.847457627118644
P55327-3,P55327,0.421149333,65.59139785,substitution,0.6507839116061161,0.0,0.06666666666666667,0.0,0.06666666666666667
Q9C0I9-4,Q9C0I9,0.370591185,67.85046729,substitution,0.591347670361079,0.01744186046511628,0.563953488372093,0.0,0.563953488372093
A6NFC5-3,A6NFC5,0.508864577,67.26457399,deletion,0.34167822787032803,0.3561643835616438,0.6986301369863014,0.0410958904109589,0.7397260273972602
Q9HC73-3,Q9HC73,0.558354198,69.81132075,deletion,0.3895703711890176,0.39285714285714285,0.05357142857142857,0.4375,0.49107142857142855
Q96AG3-2,Q96AG3,0.791191952,65.07177033,deletion,0.533716092322361,0.21232876712328766,0.3219178082191781,0.0,0.3219178082191781
Q14002-2,Q14002,0.562680499,64.90566038,deletion,0.2843751827032162,0.4731182795698925,0.03225806451612903,0.45161290322580644,0.4838709677419355
Q96A59-2,Q96A59,0.617747413,62.06088993,substitution,0.31770395922593864,0.39408866995073893,0.7832512315270936,0.0,0.7832512315270936
P06753-3,P06753,0.892872701,63.23024055,substitution,0.49530743237874914,0.0035211267605633804,0.9929577464788732,0.0,0.9929577464788732
Q9H410-3,Q9H410,0.723260607,67.69662921,deletion,0.706298944170593,0.018691588785046728,0.04672897196261682,0.0,0.04672897196261682
O15374-3,O15374,0.76111485,65.50308008,deletion,0.4535524974995684,0.2976190476190476,0.48214285714285715,0.005952380952380952,0.4880952380952381
Q8TE04-2,Q8TE04,0.801316574,61.0367893,substitution,0.7292611091287651,0.01282051282051282,0.0,0.0,0.0
P06753-6,P06753,0.840504515,69.75945017,substitution,0.4919796329644751,0.004739336492890996,1.0,0.0,1.0
P49662-4,P49662,0.534638535,69.49602122,substitution,0.355808972732659,0.4358974358974359,0.20512820512820512,0.1282051282051282,0.3333333333333333
Q75MW2-2,Q75MW2,0.724062166,69.67741935,substitution,0.716335487324828,0.0,0.0,0.0,0.0
Q9H8S9-2,Q9H8S9,0.739691438,64.35185185,substitution,0.2593481979161996,0.5569620253164557,0.7215189873417721,0.0,0.7215189873417721
O75688-5,O75688,0.824252582,67.01461378,substitution,0.5212110200463522,0.17088607594936708,0.43670886075949367,0.0,0.43670886075949367
Q4VXA5-2,Q4VXA5,0.687774032,69.19831224,deletion,0.534139084587302,0.0821917808219178,0.7397260273972602,0.0,0.7397260273972602
Q9HD47-3,Q9HD47,0.816700809,62.06896552,substitution,0.3090104601098151,0.45588235294117646,0.25,0.3382352941176471,0.5882352941176471
Q6ZP29-2,Q6ZP29,0.544505382,61.8556701,deletion,0.29720154261278103,0.5135135135135135,0.7117117117117117,0.0,0.7117117117117117
Q9NR81-4,Q9NR81,0.665940655,61.21673004,substitution,0.4816272744383876,0.28078817733990147,0.3694581280788177,0.019704433497536946,0.3891625615763547
Q53FZ2-2,Q53FZ2,0.798233324,68.78130217,substitution,0.25280152555468816,0.5674157303370787,0.24719101123595505,0.33146067415730335,0.5786516853932584
Q9NP74-3,Q9NP74,0.249976936,68.23956443,deletion,0.4190970751509782,0.22857142857142856,0.76,0.02857142857142857,0.7885714285714286
Q9C030-3,Q9C030,0.797388088,64.13934426,deletion,0.41809838871296456,0.19428571428571428,0.45714285714285713,0.14285714285714285,0.6
Q6NZ36-3,Q6NZ36,0.602834514,68.48739496,substitution,0.7619078905378696,0.0,0.0,0.0,0.0
P24071-3,P24071,0.500488248,66.55052265,deletion,0.27487620920850314,0.4895833333333333,0.03125,0.46875,0.5
Q5J8M3-2,Q5J8M3,0.266566975,63.21243523,substitution,0.4409491687333934,0.25396825396825395,0.5873015873015873,0.0,0.5873015873015873
Q6NT76-4,Q6NT76,0.337882719,67.9245283,substitution,0.5063351303900967,0.1678832116788321,0.5255474452554745,0.0,0.5255474452554745
Q9NXJ5-2,Q9NXJ5,0.805729517,63.15789474,deletion,0.2645989028138952,0.5714285714285714,0.35064935064935066,0.3246753246753247,0.6753246753246753
Q5BLP8-2,Q5BLP8,0.401767262,68.34532374,insertion,,,,,
Q8N370-2,Q8N370,0.654051331,67.68982229,substitution,0.2947127160585345,0.4723926380368098,0.8159509202453987,0.0,0.8159509202453987
Q86WP2-4,Q86WP2,0.303808093,63.84778013,deletion,0.7204179073033784,0.0,0.03508771929824561,0.0,0.03508771929824561
Q9BQ51-2,Q9BQ51,0.484207698,66.66666667,substitution,0.31195235459014453,0.46153846153846156,0.03296703296703297,0.5494505494505495,0.5824175824175825
P04278-2,P04278,0.697987085,63.05418719,substitution,0.2943672289054773,0.5112219451371571,0.09226932668329177,0.4139650872817955,0.5062344139650873
Q6UN15-4,Q6UN15,0.214637717,63.46801347,substitution,0.6531693161652684,0.02120141342756184,0.19257950530035337,0.007067137809187279,0.19964664310954064
Q9Y587-3,Q9Y587,0.689154865,69.28104575,substitution,0.32979489041945514,0.32608695652173914,0.6739130434782609,0.08695652173913043,0.7608695652173914
Q6PDA7-2,Q6PDA7,0.354775748,61.06870229,substitution,0.557482885465263,0.11538461538461539,0.4807692307692308,0.0,0.4807692307692308
Q9H6X2-2,Q9H6X2,0.7214427,64.53900709,substitution,0.6281358518311292,0.015,0.18,0.04,0.22
Q00887-2,Q00887,0.452928909,65.65656566,substitution,0.3294986560874271,0.4,0.031578947368421054,0.45789473684210524,0.48947368421052634
Q9HBQ8-2,Q9HBQ8,0.495694858,67.36111111,deletion,0.7395596905309902,0.0,0.0,0.0,0.0
Q49MI3-5,Q49MI3,0.745320629,67.74193548,substitution,0.28006137394648245,0.5271084337349398,0.27710843373493976,0.2740963855421687,0.5512048192771084
A4IF30-2,A4IF30,0.784638698,69.48176583,deletion,0.6642223054507159,0.006289308176100629,0.3584905660377358,0.0,0.3584905660377358
Q8N4T0-2,Q8N4T0,0.773360109,65.29680365,substitution,0.1905707283776364,0.6772151898734177,0.43037974683544306,0.14556962025316456,0.5759493670886076
Q8WWY3-2,Q8WWY3,0.711374971,67.52988048,substitution,0.5871661329096765,0.05389221556886228,0.30538922155688625,0.023952095808383235,0.32934131736526945
Q6P9H5-2,Q6P9H5,0.760874815,65.76271186,substitution,0.42112775212582565,0.38235294117647056,0.08823529411764706,0.20588235294117646,0.29411764705882354
P57727-3,P57727,0.580084428,69.24731183,substitution,0.21918586431655512,0.6496350364963503,0.145985401459854,0.29927007299270075,0.44525547445255476
Q7RTN6-4,Q7RTN6,0.730307124,68.21345708,substitution,0.3125754597392374,0.4925,0.3175,0.1375,0.455
P13688-11,P13688,0.717207071,68.63117871,substitution,0.4903789426583855,0.21844660194174756,0.15048543689320387,0.22330097087378642,0.3737864077669903
P35998-2,P35998,0.775544847,68.36027714,deletion,0.5170771972475124,0.11678832116788321,0.35036496350364965,0.1386861313868613,0.48905109489051096
P35348-9,P35348,0.70504626,65.82809224,substitution,0.5138038263485425,0.19298245614035087,0.2982456140350877,0.11695906432748537,0.4152046783625731
P57682-2,P57682,0.157151071,67.24637681,deletion,0.47089393076430025,0.21238938053097345,0.30973451327433627,0.10619469026548672,0.415929203539823
Q6H3X3-2,Q6H3X3,0.753492015,63.47305389,substitution,0.641498085680966,0.024193548387096774,0.3225806451612903,0.0,0.3225806451612903
Q96FG2-2,Q96FG2,0.469185171,63.23907455,substitution,0.33882519271596717,0.4888888888888889,0.5703703703703704,0.0,0.5703703703703704
Q9NTK5-2,Q9NTK5,0.775180975,60.1010101,deletion,0.297391262986718,0.5,0.3291139240506329,0.17721518987341772,0.5063291139240507
Q8TDW4-4,Q8TDW4,0.705771973,68.17391304,deletion,0.4846334064080105,0.15300546448087432,0.5245901639344263,0.01639344262295082,0.5409836065573771
P14653-2,P14653,0.138511197,66.33663366,substitution,0.5355552322241312,0.1559633027522936,0.41284403669724773,0.0,0.41284403669724773
Q2TBC4-2,Q2TBC4,0.669711516,67.79661017,substitution,0.6820252121393535,0.03305785123966942,0.024793388429752067,0.04132231404958678,0.06611570247933884
Q9NQ25-6,Q9NQ25,0.463313079,60.89552239,deletion,0.37492439388080007,0.2595419847328244,0.33587786259541985,0.366412213740458,0.7022900763358778
Q96A56-2,Q96A56,0.235813928,66.25,substitution,0.7033998606315578,0.0,0.18292682926829268,0.0,0.18292682926829268
Q9UK53-5,Q9UK53,0.43344264,61.84834123,substitution,0.6704245141920855,0.012422360248447204,0.22981366459627328,0.0,0.22981366459627328
P51878-3,P51878,0.781551895,66.58986175,substitution,0.4581801459326378,0.2097902097902098,0.7202797202797203,0.0,0.7202797202797203
O95445-2,O95445,0.692634366,61.70212766,deletion,0.36357043018496377,0.3472222222222222,0.4027777777777778,0.2361111111111111,0.6388888888888888
Q9NZR4-2,Q9NZR4,0.236325617,60.0,substitution,0.5777899709099218,0.13548387096774195,0.2709677419354839,0.0,0.2709677419354839
Q53FA7-2,Q53FA7,0.730343494,63.40057637,substitution,0.26063544841104086,0.5079365079365079,0.36507936507936506,0.21428571428571427,0.5793650793650794
Q9UGK8-2,Q9UGK8,0.772556765,62.00873362,substitution,0.39509992032874947,0.3785310734463277,0.11299435028248588,0.22033898305084745,0.3333333333333333
Q8WWA1-3,Q8WWA1,0.329497662,66.9527897,substitution,0.7304709270035512,0.0,0.0,0.0,0.0
Q96NZ1-3,Q96NZ1,0.350401664,63.63636364,substitution,0.697294712373468,0.02030456852791878,0.07106598984771574,0.0,0.07106598984771574
Q9UIG5-2,Q9UIG5,0.596371671,63.81578947,substitution,0.7100807029882293,0.0,0.09090909090909091,0.0,0.09090909090909091
Q6ZVK8-2,Q6ZVK8,0.6818957,61.58536585,substitution,0.21586777636928167,0.6451612903225806,0.23387096774193547,0.3629032258064516,0.5967741935483871
P53805-2,P53805,0.464326289,69.44444444,substitution,0.622159400075271,0.14634146341463414,0.17073170731707318,0.06097560975609756,0.23170731707317074
Q8IUQ4-3,Q8IUQ4,0.739953439,68.19787986,substitution,0.2678060834156233,0.5333333333333333,0.2111111111111111,0.5222222222222223,0.7333333333333333
Q6UXG3-3,Q6UXG3,0.491196867,64.15662651,substitution,0.660237229695962,0.0,0.2780487804878049,0.0,0.2780487804878049
Q9NY26-2,Q9NY26,0.747598753,67.28395062,substitution,0.3922859110221051,0.3238095238095238,0.6761904761904762,0.0,0.6761904761904762
Q8N431-2,Q8N431,0.780041318,67.59656652,deletion,0.32023050796148883,0.45695364238410596,0.5298013245033113,0.013245033112582781,0.543046357615894
Q8N4Y2-3,Q8N4Y2,0.378697368,67.1679198,substitution,0.5459553330238637,0.0072992700729927005,0.7153284671532847,0.0,0.7153284671532847
P28289-2,P28289,0.738709454,62.95264624,substitution,0.5467001245854719,0.03816793893129771,0.5114503816793893,0.0,0.5114503816793893
Q13938-4,Q13938,0.824128523,68.72727273,deletion,0.6913039027583001,0.011627906976744186,0.046511627906976744,0.0,0.046511627906976744
Q9NYB9-3,Q9NYB9,0.289899207,69.06614786,substitution,0.6183056974291371,0.06997084548104957,0.3236151603498542,0.0,0.3236151603498542
Q99832-2,Q99832,0.766815303,62.0626151,deletion,0.26195280213747435,0.5392156862745098,0.5931372549019608,0.10784313725490197,0.7009803921568627
Q9BYC9-2,Q9BYC9,0.626648053,62.35294118,substitution,0.3991012661205881,0.2807017543859649,0.5789473684210527,0.0,0.5789473684210527
Q14847-3,Q14847,0.311140699,68.65671642,substitution,0.3984033666583991,0.2073170731707317,0.2073170731707317,0.24390243902439024,0.45121951219512196
Q3B8N5-2,Q3B8N5,0.297250779,61.65540541,deletion,0.6505186052907388,0.09251101321585903,0.0881057268722467,0.00881057268722467,0.09691629955947137
Q9H2W1-3,Q9H2W1,0.300743942,64.51612903,substitution,0.48911733452308837,0.21,0.47,0.0,0.47
P0DMS9-2,P0DMS9,0.382850186,60.36745407,substitution,0.7291336601173871,0.0,0.0,0.0,0.0
P49768-3,P49768,0.588422383,68.28752643,substitution,0.3846573891521182,0.3242630385487528,0.6575963718820862,0.013605442176870748,0.671201814058957
Q86UA6-3,Q86UA6,0.326671592,64.84018265,deletion,0.36852037848773816,0.33766233766233766,0.2077922077922078,0.3246753246753247,0.5324675324675324
Q07812-5,Q07812,0.738275997,60.37735849,substitution,0.28975499684665484,0.47058823529411764,0.8088235294117647,0.0,0.8088235294117647
Q9Y6A2-3,Q9Y6A2,0.833562153,67.4,substitution,0.23767213425243786,0.5677749360613811,0.6061381074168798,0.09462915601023018,0.7007672634271099
Q9BPZ7-4,Q9BPZ7,0.48207592,63.2183908,deletion,0.5379737040975267,0.08333333333333333,0.3802083333333333,0.057291666666666664,0.4375
Q5R372-2,Q5R372,0.457804856,63.88235294,substitution,0.3522447391351019,0.41811414392059554,0.34491315136476425,0.184863523573201,0.5297766749379652
Q5TC79-3,Q5TC79,0.429309024,61.23260437,deletion,0.5132699123778046,0.18974358974358974,0.29743589743589743,0.05641025641025641,0.35384615384615387
Q13352-3,Q13352,0.267818961,62.71186441,deletion,0.5244167654013793,0.045454545454545456,0.6818181818181818,0.0,0.6818181818181818
Q02548-4,Q02548,0.592219044,69.56521739,substitution,0.7340481091755084,0.0,0.0,0.0,0.0
Q8IZ96-4,Q8IZ96,0.441181656,66.86390533,substitution,0.5149875785304366,0.125,0.6785714285714286,0.0,0.6785714285714286
Q969N2-2,Q969N2,0.597813141,66.43598616,deletion,0.20303912348338124,0.6649484536082474,0.28865979381443296,0.25773195876288657,0.5463917525773195
Q9H4B0-3,Q9H4B0,0.746210998,66.9047619,substitution,0.2334350542199363,0.6028368794326241,0.5035460992907801,0.12056737588652482,0.624113475177305
Q9H6L2-3,Q9H6L2,0.764439421,63.29113924,deletion,0.36122618240344573,0.3879310344827586,0.28448275862068967,0.3017241379310345,0.5862068965517241
Q96A57-2,Q96A57,0.571051497,65.57377049,insertion,,,,,
Q86WT6-2,Q86WT6,0.830888554,67.8,deletion,0.41052806524970614,0.27044025157232704,0.3270440251572327,0.15723270440251572,0.48427672955974843
P61960-2,P61960,0.80587142,65.42056075,substitution,0.33604404308762204,0.3157894736842105,0.0,0.5789473684210527,0.5789473684210527
P55212-2,P55212,0.722577222,69.62457338,deletion,0.3507228699102314,0.4157303370786517,0.30337078651685395,0.16853932584269662,0.47191011235955055
Q6P1W5-2,Q6P1W5,0.170415011,68.22742475,deletion,0.6426554452560512,0.02631578947368421,0.1631578947368421,0.010526315789473684,0.1736842105263158
Q96BS2-2,Q96BS2,0.751470925,61.30434783,substitution,0.40239396294074564,0.3026315789473684,0.4605263157894737,0.02631578947368421,0.4868421052631579
Q9UK80-2,Q9UK80,0.397944212,65.72438163,substitution,0.275273059301741,0.5360824742268041,0.11855670103092783,0.4793814432989691,0.5979381443298969
O95947-2,O95947,0.622193344,63.28828829,substitution,0.6951601719183094,0.01935483870967742,0.13548387096774195,0.0,0.13548387096774195
Q9H0A6-4,Q9H0A6,0.714581184,62.98342541,substitution,0.42858437829744783,0.208955223880597,0.44776119402985076,0.12686567164179105,0.5746268656716418
Q8TED4-3,Q8TED4,0.755786796,68.14671815,substitution,0.2327715637362093,0.5870967741935483,0.8774193548387097,0.0,0.8774193548387097
Q7Z7D3-4,Q7Z7D3,0.711219788,66.31205674,deletion,0.3599570389770153,0.30526315789473685,0.3368421052631579,0.3157894736842105,0.6526315789473685
Q9Y639-3,Q9Y639,0.716390231,69.59798995,substitution,0.32497105501906365,0.4260869565217391,0.11594202898550725,0.5014492753623189,0.6173913043478261
P46108-2,P46108,0.538417698,66.77631579,substitution,0.47658118057489646,0.19801980198019803,0.0594059405940594,0.2871287128712871,0.3465346534653465
Q86VG3-2,Q86VG3,0.316609497,66.5158371,deletion,0.7207612863938334,0.0,0.013513513513513514,0.0,0.013513513513513514
Q9BRA0-2,Q9BRA0,0.614616862,60.69364162,substitution,0.7508151167562258,0.0,0.0,0.0,0.0
Q9H5X1-2,Q9H5X1,0.638852095,60.625,substitution,0.3138701369309244,0.453125,0.625,0.125,0.75
Q9Y4P1-3,Q9Y4P1,0.749939392,63.25,substitution,0.28391707174933223,0.5,0.30612244897959184,0.1683673469387755,0.4744897959183674
P25791-3,P25791,0.778544899,69.60352423,insertion,,,,,
P15529-16,P15529,0.601135123,78.27160494,substitution,0.4116881676317186,0.2833333333333333,0.10833333333333334,0.3,0.4083333333333333
Q5J8X5-2,Q5J8X5,0.475218202,73.68421053,deletion,0.27855301173749686,0.525,0.85,0.0,0.85
O43759-2,O43759,0.843158278,72.53218884,substitution,0.5753994985428437,0.1111111111111111,0.3194444444444444,0.0,0.3194444444444444
Q9P1U1-2,Q9P1U1,0.884567481,78.94736842,deletion,0.31959380961656936,0.4318181818181818,0.125,0.3181818181818182,0.4431818181818182
Q9NQ48-3,Q9NQ48,0.581566817,70.70063694,substitution,0.4724610643381014,0.06711409395973154,0.8288590604026845,0.0,0.8288590604026845
Q86U06-3,Q86U06,0.423553754,71.29840547,substitution,0.5252677429511056,0.11627906976744186,0.3875968992248062,0.11627906976744186,0.5038759689922481
Q96J86-3,Q96J86,0.484946222,72.95597484,substitution,0.7258128850541379,0.0,0.0,0.0,0.0
P10632-2,P10632,0.884770863,78.16326531,substitution,0.2794269922523405,0.48623853211009177,0.4954128440366973,0.14678899082568808,0.6422018348623854
Q13362-4,Q13362,0.813061113,78.93835616,substitution,0.3005566681623572,0.4822546972860125,0.6910229645093946,0.0,0.6910229645093946
A6NI73-4,A6NI73,0.743753169,77.66666667,substitution,0.37354857512156,0.3271375464684015,0.1412639405204461,0.37174721189591076,0.5130111524163569
Q9BWV2-2,Q9BWV2,0.451103244,70.07874016,deletion,0.5455843168188308,0.013157894736842105,0.7368421052631579,0.0,0.7368421052631579
Q2I0M5-2,Q2I0M5,0.621498539,73.5042735,deletion,0.4392111887947184,0.24193548387096775,0.0,0.3548387096774194,0.3548387096774194
P39905-5,P39905,0.528828874,75.35545024,deletion,0.6735382265134459,0.0,0.28846153846153844,0.0,0.28846153846153844
O75469-5,O75469,0.651228292,78.80184332,substitution,0.45083872988583673,0.28708133971291866,0.3588516746411483,0.03827751196172249,0.39712918660287083
Q8IXQ8-2,Q8IXQ8,0.315275614,73.86363636,substitution,0.4264019955730172,0.3188405797101449,0.07246376811594203,0.3188405797101449,0.391304347826087
Q16671-2,Q16671,0.523947688,75.86206897,substitution,0.48222731586391543,0.2638888888888889,0.22916666666666666,0.0,0.22916666666666666
Q9Y603-2,Q9Y603,0.48008931,72.09302326,substitution,0.39734619304993357,0.31683168316831684,0.5247524752475248,0.0,0.5247524752475248
O95297-3,O95297,0.728689826,75.55555556,substitution,0.7424619387303749,0.0,0.0,0.0,0.0
Q6ZN17-2,Q6ZN17,0.307826137,72.0,deletion,0.4504325609443934,0.2571428571428571,0.04285714285714286,0.38571428571428573,0.42857142857142855
Q96DT0-4,Q96DT0,0.5341911,79.16666667,substitution,0.3220718353893239,0.46859903381642515,0.043478260869565216,0.3671497584541063,0.4106280193236715
Q8NDF8-2,Q8NDF8,0.745722207,76.41025641,substitution,0.7487329628806113,0.0,0.0,0.0,0.0
Q9UJU6-5,Q9UJU6,0.274604903,76.04651163,deletion,0.2659824686290393,0.5145631067961165,0.3106796116504854,0.3106796116504854,0.6213592233009708
O00499-11,O00499,0.601999699,79.27631579,substitution,0.601544153244757,0.09540636042402827,0.3568904593639576,0.0,0.3568904593639576
Q14802-2,Q14802,0.484254801,76.99115044,insertion,,,,,
Q9BRV3-3,Q9BRV3,0.794688251,75.56561086,deletion,0.33717684083288973,0.35185185185185186,0.9259259259259259,0.0,0.9259259259259259
Q96IQ9-2,Q96IQ9,0.239812556,79.23076923,substitution,0.8613820239195844,0.0,0.0,0.0,0.0
P61224-4,P61224,0.842184249,77.17391304,deletion,0.295661946847854,0.47619047619047616,0.14285714285714285,0.47619047619047616,0.6190476190476191
Q15109-9,Q15109,0.645034253,71.42857143,substitution,0.5399118289021393,0.13953488372093023,0.32558139534883723,0.17054263565891473,0.49612403100775193
Q9BQ16-9,Q9BQ16,0.460701059,71.10091743,substitution,0.4795004658518243,0.23056300268096513,0.2680965147453083,0.09651474530831099,0.3646112600536193
Q15493-2,Q15493,0.870639828,75.58528428,substitution,0.19952945958224483,0.589041095890411,0.0410958904109589,0.4794520547945205,0.5205479452054794
P40933-2,P40933,0.782786659,75.5952381,substitution,0.5196934600201808,0.05555555555555555,0.75,0.0,0.75
P32314-2,P32314,0.309227328,76.33410673,substitution,0.6756080392065014,0.0,0.16346153846153846,0.0,0.16346153846153846
Q99471-3,Q99471,0.632697409,70.77922078,deletion,0.3774536999945414,0.24444444444444444,0.6888888888888889,0.1111111111111111,0.8
Q76KD6-2,Q76KD6,0.16720568,73.4006734,substitution,0.31170469563800207,0.4230769230769231,0.6794871794871795,0.01282051282051282,0.6923076923076923
Q86V25-6,Q86V25,0.677683737,70.70422535,deletion,0.5401233388181611,0.15384615384615385,0.22115384615384615,0.019230769230769232,0.2403846153846154
Q16623-3,Q16623,0.796983244,79.79452055,substitution,0.478631158425739,0.03225806451612903,0.9516129032258065,0.0,0.9516129032258065
Q9H2H8-2,Q9H2H8,0.865592746,75.41899441,substitution,0.18298343872672876,0.65625,0.21875,0.25,0.46875
Q9HAJ7-2,Q9HAJ7,0.400804188,74.86338798,deletion,0.4983400432983583,0.21739130434782608,0.32608695652173914,0.021739130434782608,0.34782608695652173
Q8TAF7-2,Q8TAF7,0.735962444,77.44227353,deletion,0.5603499286307113,0.16535433070866143,0.31496062992125984,0.0,0.31496062992125984
P54107-2,P54107,0.844746497,71.08433735,substitution,0.32316953224059897,0.4027777777777778,0.2638888888888889,0.125,0.3888888888888889
A5PLN9-7,A5PLN9,0.809896627,70.04716981,substitution,0.3007025268093247,0.44680851063829785,0.05531914893617021,0.5361702127659574,0.5914893617021276
Q8N108-14,Q8N108,0.627511317,75.74074074,substitution,0.5969198814458365,0.10176125244618395,0.2622309197651663,0.0,0.2622309197651663
P04234-2,P04234,0.628134216,73.68421053,substitution,0.5206321129684067,0.044444444444444446,0.6222222222222222,0.0,0.6222222222222222
O15382-2,O15382,0.879839057,75.25510204,deletion,0.41971209952079036,0.31521739130434784,0.07608695652173914,0.1956521739130435,0.2717391304347826
Q13404-8,Q13404,0.690533677,71.42857143,deletion,0.2400910536475032,0.5476190476190477,0.0,0.3333333333333333,0.3333333333333333
Q7Z7A4-5,Q7Z7A4,0.696563906,76.29757785,deletion,0.3073060524700394,0.4744525547445255,0.43795620437956206,0.19708029197080293,0.635036496350365
Q9UH92-2,Q9UH92,0.595698927,71.81208054,substitution,0.7568117069875574,0.0,0.0,0.0,0.0
O60565-2,O60565,0.594588911,77.7173913,deletion,0.6458792596055895,0.07317073170731707,0.0975609756097561,0.0,0.0975609756097561
O96013-3,O96013,0.611223015,74.11167513,deletion,0.7133843514171058,0.006535947712418301,0.0718954248366013,0.0,0.0718954248366013
O43852-5,O43852,0.56104922,72.6984127,deletion,0.28368855618686856,0.4418604651162791,0.5581395348837209,0.06976744186046512,0.627906976744186
Q03060-7,Q03060,0.392854533,70.72463768,substitution,0.6347594660060284,0.04938271604938271,0.1111111111111111,0.09465020576131687,0.205761316872428
Q7L513-8,Q7L513,0.437335176,73.53760446,deletion,0.29748721705371883,0.47368421052631576,0.06315789473684211,0.45263157894736844,0.5157894736842106
Q9UM44-2,Q9UM44,0.742464478,73.64705882,substitution,0.4263820715985968,0.32710280373831774,0.06542056074766354,0.308411214953271,0.37383177570093457
P19438-2,P19438,0.326412741,76.26373626,deletion,0.47644861771421787,0.23148148148148148,0.06481481481481481,0.18518518518518517,0.25
O95971-3,O95971,0.698433101,76.4957265,substitution,0.8185399606033803,0.0,0.0,0.0,0.0
Q99873-5,Q99873,0.780000224,76.81940701,substitution,0.30641983995878735,0.5062240663900415,0.3651452282157676,0.18672199170124482,0.5518672199170125
P53539-7,P53539,0.412712242,74.55621302,substitution,0.6473343702637427,0.0,0.30578512396694213,0.0,0.30578512396694213
Q9NZL4-2,Q9NZL4,0.525346507,71.3091922,deletion,0.20192035365096586,0.6796116504854369,0.7961165048543689,0.0,0.7961165048543689
Q04900-5,Q04900,0.405694321,72.0,substitution,0.5734539223824111,0.0,0.5272727272727272,0.0,0.5272727272727272
O75884-2,O75884,0.898456756,75.62189055,substitution,0.32516369649146143,0.45714285714285713,0.34285714285714286,0.14285714285714285,0.4857142857142857
Q9BYE7-3,Q9BYE7,0.313919769,78.28571429,substitution,0.47057959813653977,0.2236842105263158,0.3157894736842105,0.14473684210526316,0.4605263157894737
Q03060-16,Q03060,0.450601409,78.67036011,substitution,0.6347594660060284,0.04938271604938271,0.1111111111111111,0.09465020576131687,0.205761316872428
Q13422-5,Q13422,0.185279911,72.44701349,deletion,0.49974681211652894,0.14685314685314685,0.4195804195804196,0.08391608391608392,0.5034965034965035
Q9UJ68-3,Q9UJ68,0.89131686,79.57446809,substitution,0.5937391270782445,0.14893617021276595,0.0,0.02127659574468085,0.02127659574468085
Q8TAV0-5,Q8TAV0,0.402023227,73.94136808,substitution,0.49956624860824383,0.22727272727272727,0.26515151515151514,0.08333333333333333,0.3484848484848485
Q8TCE9-2,Q8TCE9,0.907570338,79.76190476,substitution,0.4146529354151515,0.0,0.0,0.0,0.0
Q9Y5Z0-3,Q9Y5Z0,0.746431203,73.79576108,substitution,0.38489996572491086,0.35714285714285715,0.24285714285714285,0.2857142857142857,0.5285714285714286
P49023-4,P49023,0.562965188,71.7428088,substitution,0.6805923178649669,0.0032258064516129032,0.17096774193548386,0.012903225806451613,0.18387096774193548
Q9P1W8-4,Q9P1W8,0.70614881,71.31782946,deletion,0.373347392689082,0.35135135135135137,0.0,0.5315315315315315,0.5315315315315315
Q7Z6G3-2,Q7Z6G3,0.463710663,70.20725389,substitution,0.44766907977861503,0.21666666666666667,0.525,0.03333333333333333,0.5583333333333333
Q8TB45-2,Q8TB45,0.336746179,75.30562347,deletion,0.2632885125322602,0.504950495049505,0.46534653465346537,0.16831683168316833,0.6336633663366337
Q96HJ5-2,Q96HJ5,0.467856131,78.5046729,deletion,0.30571382651321705,0.41304347826086957,0.8478260869565217,0.0,0.8478260869565217
Q5SXH7-1,Q5SXH7,0.314190538,78.52882704,substitution,0.38104602001711085,0.33548387096774196,0.27741935483870966,0.23870967741935484,0.5161290322580645
P18621-2,P18621,0.711417408,79.34782609,deletion,0.27172519845723664,0.47368421052631576,0.2894736842105263,0.18421052631578946,0.47368421052631576
P0CAP1-11,P0CAP1,0.545192701,79.81818182,substitution,0.6512622753981512,0.0,0.375,0.0,0.375
Q9BV29-3,Q9BV29,0.341071533,71.89189189,substitution,0.6107297302082502,0.0,0.4423076923076923,0.0,0.4423076923076923
Q17RN3-2,Q17RN3,0.465154769,76.50429799,substitution,0.43791956892148026,0.1322314049586777,0.5950413223140496,0.01652892561983471,0.6115702479338843
Q86X76-5,Q86X76,0.720206822,73.08868502,substitution,0.2756342628304919,0.5172413793103449,0.27586206896551724,0.2988505747126437,0.5747126436781609
O43353-2,O43353,0.458056331,74.62962963,deletion,0.25809448167527155,0.5693430656934306,0.3284671532846715,0.2773722627737226,0.6058394160583942
Q8TEB7-2,Q8TEB7,0.582401106,73.89277389,substitution,0.36062297105875263,0.38125,0.16875,0.24375,0.4125
Q9UHC7-3,Q9UHC7,0.491969903,78.26086957,substitution,0.5357140137335673,0.06837606837606838,0.49572649572649574,0.03418803418803419,0.5299145299145299
P51685-2,P51685,0.74353158,75.21126761,substitution,0.37371947195442756,0.37777777777777777,0.5888888888888889,0.0,0.5888888888888889
Q8IX04-3,Q8IX04,0.527929085,74.94692144,substitution,0.2814075815080225,0.4988344988344988,0.36363636363636365,0.2261072261072261,0.5897435897435898
Q07955-3,Q07955,0.419508136,75.0,substitution,0.6528371523072926,0.046875,0.0,0.109375,0.109375
P43088-4,P43088,0.744069705,75.48746518,substitution,0.4091763963324947,0.3010752688172043,0.6989247311827957,0.0,0.6989247311827957
Q6P499-2,Q6P499,0.68681279,79.80295567,deletion,0.41879792476632993,0.3170731707317073,0.7195121951219512,0.0,0.7195121951219512
Q96PM9-3,Q96PM9,0.265851714,79.01554404,deletion,0.6110767622350074,0.07407407407407407,0.2222222222222222,0.07407407407407407,0.2962962962962963
P54819-3,P54819,0.807461348,70.03891051,substitution,0.321464726828653,0.3870967741935484,0.7096774193548387,0.08064516129032258,0.7903225806451613
Q96AN5-2,Q96AN5,0.497844099,78.21350763,deletion,0.28693900507552444,0.48,0.64,0.02,0.66
Q96N38-3,Q96N38,0.730337846,72.20216606,deletion,0.6761282187082824,0.045454545454545456,0.15584415584415584,0.025974025974025976,0.18181818181818182
Q6ZU67-4,Q6ZU67,0.311187,76.5917603,deletion,0.7375445566625508,0.0,0.0,0.0,0.0
Q7Z6I8-2,Q7Z6I8,0.187063399,77.65957447,substitution,0.6895120792092607,0.022222222222222223,0.08888888888888889,0.0,0.08888888888888889
Q7L0Q8-2,Q7L0Q8,0.794087966,74.80620155,substitution,0.5581631433910125,0.23076923076923078,0.07692307692307693,0.13846153846153847,0.2153846153846154
Q8N983-4,Q8N983,0.826283191,72.09302326,substitution,0.7202549620027919,0.0,0.0,0.0,0.0
Q9H3H5-3,Q9H3H5,0.868279336,73.7745098,deletion,0.2855901247516434,0.4672897196261682,0.6635514018691588,0.056074766355140186,0.719626168224299
Q8WVV5-4,Q8WVV5,0.623324845,77.82026769,deletion,0.27344051861348295,0.4827586206896552,0.10344827586206896,0.5,0.603448275862069
Q6P4F2-2,Q6P4F2,0.380057916,73.65591398,substitution,0.3336228667892738,0.4117647058823529,0.1568627450980392,0.1568627450980392,0.3137254901960784
Q14344-2,Q14344,0.86971852,74.80106101,deletion,0.3626638292427448,0.3894736842105263,0.5894736842105263,0.06315789473684211,0.6526315789473685
Q86X24-4,Q86X24,0.534167174,77.41116751,substitution,0.2539052140395236,0.5833333333333334,0.39814814814814814,0.19444444444444445,0.5925925925925926
Q6XZB0-7,Q6XZB0,0.842324766,73.60515021,substitution,0.2855549244566932,0.504,0.048,0.512,0.56
P43629-2,P43629,0.629435783,78.6036036,deletion,0.2963564937450429,0.4631578947368421,0.06315789473684211,0.49473684210526314,0.5578947368421052
Q9NVL1-2,Q9NVL1,0.338018648,79.39393939,deletion,0.49708657699021697,0.11764705882352941,0.5294117647058824,0.0,0.5294117647058824
Q8WUP2-3,Q8WUP2,0.608921781,73.99463807,deletion,0.7350715851806044,0.0,0.0,0.0,0.0
Q8NEB5-2,Q8NEB5,0.879743872,79.92424242,substitution,0.38252499201366125,0.3584905660377358,0.5094339622641509,0.03773584905660377,0.5471698113207547
Q9BUK0-4,Q9BUK0,0.858911915,77.27272727,insertion,,,,,
Q9H5V9-2,Q9H5V9,0.42515686,77.92792793,deletion,0.4746739494680405,0.24489795918367346,0.0,0.20408163265306123,0.20408163265306123
P28066-2,P28066,0.868740478,75.93360996,deletion,0.2639686038377644,0.5862068965517241,0.2413793103448276,0.22413793103448276,0.46551724137931033
Q9Y6N1-2,Q9Y6N1,0.505719116,77.30496454,substitution,0.3483520005333634,0.4166666666666667,0.11666666666666667,0.4,0.5166666666666667
A6NGG3-2,A6NGG3,0.304076693,71.2962963,insertion,,,,,
O96013-2,O96013,0.651994017,71.91201354,substitution,0.7469480125285645,0.0,0.0,0.0,0.0
P49961-4,P49961,0.72326853,72.94117647,deletion,0.26559716466060357,0.5289855072463768,0.5362318840579711,0.2391304347826087,0.7753623188405797
Q969S0-3,Q969S0,0.793568827,75.52870091,substitution,0.3342311105543943,0.4567901234567901,0.7160493827160493,0.0,0.7160493827160493
Q9H0F5-4,Q9H0F5,0.310649311,74.76808905,substitution,0.7397159218397058,0.0,0.0,0.0,0.0
A6NNP5-4,A6NNP5,0.433516353,77.17842324,substitution,0.7569042149590267,0.0,0.0,0.0,0.0
P01009-3,P01009,0.747320598,73.20574163,deletion,0.23163078508683999,0.6339285714285714,0.08928571428571429,0.39285714285714285,0.48214285714285715
Q96E40-2,Q96E40,0.861549608,74.32432432,substitution,0.7537668836133592,0.0,0.0,0.0,0.0
O60268-2,O60268,0.443460437,73.23600973,deletion,0.3023276135009225,0.41818181818181815,0.8090909090909091,0.0,0.8090909090909091
Q6UXG3-5,Q6UXG3,0.690349856,79.21686747,substitution,0.6578342562263498,0.0048543689320388345,0.2766990291262136,0.0,0.2766990291262136
P41214-2,P41214,0.435375418,78.76712329,deletion,0.5261387747941401,0.18548387096774194,0.2903225806451613,0.016129032258064516,0.3064516129032258
Q02161-3,Q02161,0.853369585,75.53956835,substitution,0.3048425717521101,0.46078431372549017,0.7156862745098039,0.0,0.7156862745098039
Q96HL8-3,Q96HL8,0.441423535,71.6374269,deletion,0.2229988760258735,0.6354166666666666,0.23958333333333334,0.4479166666666667,0.6875
P53539-5,P53539,0.258713699,77.81065089,substitution,0.6512860540550469,0.0,0.27972027972027974,0.0,0.27972027972027974
Q9NZR4-5,Q9NZR4,0.397654698,72.97297297,substitution,0.6917505324014538,0.041666666666666664,0.08333333333333333,0.0,0.08333333333333333
Q8N8R3-3,Q8N8R3,0.595964951,78.21782178,deletion,0.2655964109533562,0.5454545454545454,0.803030303030303,0.0,0.803030303030303
P13646-2,P13646,0.387499311,74.45414847,substitution,0.534220942376454,0.0,0.7436548223350253,0.0,0.7436548223350253
Q96PS8-2,Q96PS8,0.84435656,78.75816993,substitution,0.4356400562827571,0.23076923076923078,0.6615384615384615,0.0,0.6615384615384615
Q8NG50-12,Q8NG50,0.892210279,78.7456446,substitution,0.6227778380169037,0.016129032258064516,0.04838709677419355,0.08064516129032258,0.12903225806451613
O76054-5,O76054,0.725626926,79.4044665,deletion,0.2051506493064783,0.6867469879518072,0.5783132530120482,0.14457831325301204,0.7228915662650602
P35372-13,P35372,0.769787974,77.0,substitution,0.563752233005019,0.16842105263157894,0.3157894736842105,0.0,0.3157894736842105
Q08116-2,Q08116,0.454282213,72.72727273,substitution,0.3167984135509395,0.4098360655737705,0.7377049180327869,0.0,0.7377049180327869
Q8N543-2,Q8N543,0.823894257,74.1697417,deletion,0.32995647351742485,0.4785714285714286,0.37142857142857144,0.19285714285714287,0.5642857142857143
Q7Z2E3-3,Q7Z2E3,0.592801727,79.7752809,deletion,0.6456048604408726,0.09722222222222222,0.0,0.1527777777777778,0.1527777777777778
Q8WUW1-2,Q8WUW1,0.779856476,70.75471698,insertion,,,,,
O95866-7,O95866,0.638836159,72.37354086,substitution,0.7276604693136243,0.0,0.06666666666666667,0.0,0.06666666666666667
Q63ZY6-5,Q63ZY6,0.876368494,77.77777778,deletion,0.7041577780868934,0.05714285714285714,0.04285714285714286,0.04285714285714286,0.08571428571428572
Q8N7H5-2,Q8N7H5,0.356215178,71.07142857,substitution,0.5321695523634382,0.12804878048780488,0.241869918699187,0.12195121951219512,0.3638211382113821
Q9Y2Z9-2,Q9Y2Z9,0.856463366,71.7791411,substitution,0.27969557639173065,0.5217391304347826,0.36086956521739133,0.24565217391304348,0.6065217391304348
Q8NCR3-2,Q8NCR3,0.618233893,70.56962025,substitution,0.4514501196521118,0.23076923076923078,0.3776223776223776,0.07692307692307693,0.45454545454545453
O14770-7,O14770,0.360240696,77.29166667,substitution,0.5920545303725242,0.10084033613445378,0.31512605042016806,0.0,0.31512605042016806
Q6PF05-2,Q6PF05,0.739162615,77.83933518,substitution,0.29823687060656523,0.41975308641975306,0.8024691358024691,0.0,0.8024691358024691
Q96HR8-2,Q96HR8,0.471487645,70.6,substitution,0.7309588068772299,0.0,0.0,0.0,0.0
Q7LFX5-2,Q7LFX5,0.61652709,78.55917667,substitution,0.27012335494018896,0.5405405405405406,0.6486486486486487,0.04504504504504504,0.6936936936936937
Q9H8M2-6,Q9H8M2,0.298852448,76.276771,substitution,0.6360514092769094,0.045454545454545456,0.38961038961038963,0.0,0.38961038961038963
Q9H1B4-5,Q9H1B4,0.686975406,75.31486146,substitution,0.34707233309870067,0.39577836411609496,0.32981530343007914,0.16094986807387862,0.49076517150395776
Q9BWL3-3,Q9BWL3,0.604399353,74.70355731,deletion,0.650167754687031,0.015625,0.28125,0.0,0.28125
Q6E0U4-6,Q6E0U4,0.193983946,71.69811321,substitution,0.5456215235958624,0.13076923076923078,0.4076923076923077,0.0,0.4076923076923077
Q96Q45-4,Q96Q45,0.657241402,76.71568627,deletion,0.7192127635328157,0.0,0.0,0.0,0.0
Q8NBN7-2,Q8NBN7,0.850290012,78.54984894,deletion,0.281685837767309,0.4788732394366197,0.49295774647887325,0.15492957746478872,0.647887323943662
Q13477-2,Q13477,0.718849925,70.68062827,substitution,0.6862608313846665,0.008928571428571428,0.125,0.017857142857142856,0.14285714285714285
Q9H171-2,Q9H171,0.390971438,79.53091684,substitution,0.6897514818600858,0.03076923076923077,0.0,0.03076923076923077,0.03076923076923077
Q9BTE6-2,Q9BTE6,0.862629322,76.57142857,substitution,0.2173170906498344,0.5,0.3333333333333333,0.08333333333333333,0.4166666666666667
O75838-3,O75838,0.834647457,77.00534759,deletion,0.3487324441850488,0.37209302325581395,0.5581395348837209,0.0,0.5581395348837209
P10966-8,P10966,0.65609619,73.81974249,substitution,0.5264066017120644,0.0,0.8478260869565217,0.0,0.8478260869565217
O95249-2,O95249,0.478474084,74.0,deletion,0.40085635111162365,0.24615384615384617,0.7846153846153846,0.0,0.7846153846153846
Q13291-4,Q13291,0.711043946,73.36814621,substitution,0.7259519622876169,0.0,0.041666666666666664,0.0,0.041666666666666664
P49788-2,P49788,0.734078834,76.35135135,substitution,0.4519075635323172,0.34285714285714286,0.0,0.4,0.4
Q7Z6M3-2,Q7Z6M3,0.355468709,72.303207,deletion,0.3059855627830316,0.43157894736842106,0.0,0.5368421052631579,0.5368421052631579
Q9Y5U2-2,Q9Y5U2,0.194492582,78.72340426,deletion,0.7168940382384762,0.0,0.0,0.0,0.0
P78369-2,P78369,0.815974447,75.54585153,substitution,0.33293908545411477,0.4305555555555556,0.3472222222222222,0.2361111111111111,0.5833333333333334
Q658P3-4,Q658P3,0.852754933,76.51515152,substitution,0.3705092745561954,0.36764705882352944,0.6764705882352942,0.007352941176470588,0.6838235294117647
Q16585-2,Q16585,0.482908175,77.98742138,deletion,0.5700352653205774,0.02857142857142857,0.5857142857142857,0.0,0.5857142857142857
Q5T0J7-3,Q5T0J7,0.462370857,79.39914163,substitution,0.7112690001214987,0.0,0.11538461538461539,0.0,0.11538461538461539
Q02930-4,Q02930,0.35085441,70.07874016,substitution,0.6016786792721608,0.05194805194805195,0.3181818181818182,0.025974025974025976,0.34415584415584416
Q9BQY9-4,Q9BQY9,0.266725895,78.49462366,substitution,0.7543127461656556,0.0,0.0,0.0,0.0
O00273-2,O00273,0.388863413,78.85196375,substitution,0.4639431149529158,0.2,0.6714285714285714,0.0,0.6714285714285714
Q9H6K1-2,Q9H6K1,0.362646474,77.85234899,deletion,0.2972889652009042,0.4393939393939394,0.0,0.45454545454545453,0.45454545454545453
Q9UBR5-4,Q9UBR5,0.383942735,78.94736842,deletion,0.2895256809218565,0.4375,0.84375,0.0,0.84375
Q96A70-3,Q96A70,0.861302428,75.54112554,substitution,0.4154631027285798,0.3247863247863248,0.20512820512820512,0.20512820512820512,0.41025641025641024
Q9Y296-2,Q9Y296,0.640833367,75.34246575,deletion,0.3430938661018442,0.37037037037037035,0.5370370370370371,0.12962962962962962,0.6666666666666666
O76083-12,O76083,0.658317638,77.90893761,substitution,0.5348289050779546,0.19014084507042253,0.21830985915492956,0.09859154929577464,0.31690140845070425
Q30201-7,Q30201,0.550583988,73.56321839,deletion,0.28865375749520383,0.4782608695652174,0.391304347826087,0.31521739130434784,0.7065217391304348
Q15131-3,Q15131,0.847402192,78.61111111,substitution,0.2656650456660367,0.5612903225806452,0.33548387096774196,0.1774193548387097,0.5129032258064516
Q3SXY8-3,Q3SXY8,0.416414911,75.93457944,deletion,0.28395347477888416,0.5533980582524272,0.33980582524271846,0.30097087378640774,0.6407766990291263
Q12796-2,Q12796,0.185991304,75.84097859,deletion,0.7279801246866652,0.0,0.0759493670886076,0.0,0.0759493670886076
Q8TCA0-2,Q8TCA0,0.743898292,72.82608696,deletion,0.25932950762644064,0.52,0.3,0.08,0.38
Q9Y458-2,Q9Y458,0.41694261,76.92307692,deletion,0.5608176744757757,0.15833333333333333,0.14166666666666666,0.08333333333333333,0.225
Q8NFF5-3,Q8NFF5,0.87210068,75.97955707,substitution,0.3262512764642429,0.44880546075085326,0.3703071672354949,0.15699658703071673,0.5273037542662116
Q9BUN5-3,Q9BUN5,0.522139616,76.85950413,substitution,0.5682752127032443,0.1111111111111111,0.5,0.0,0.5
P09493-8,P09493,0.890954081,76.76056338,substitution,0.4874993943268641,0.0,0.9918032786885246,0.0,0.9918032786885246
Q92484-2,Q92484,0.853110564,71.0816777,deletion,0.34439135939248816,0.4732824427480916,0.22900763358778625,0.12213740458015267,0.3511450381679389
Q13477-3,Q13477,0.696433185,76.96335079,substitution,0.7018515811038802,0.011363636363636364,0.0,0.022727272727272728,0.022727272727272728
O15540-2,O15540,0.877413223,71.68674699,substitution,0.29635085761637503,0.5,0.0,0.8125,0.8125
Q86UD5-2,Q86UD5,0.644683521,78.41328413,substitution,0.2861332864887585,0.5338983050847458,0.6949152542372882,0.00847457627118644,0.7033898305084746
Q5TID7-2,Q5TID7,0.235276001,79.60784314,substitution,0.5145934785109889,0.0,0.8557692307692307,0.0,0.8557692307692307
Q7Z6V5-2,Q7Z6V5,0.785807275,75.39267016,deletion,0.36752099642886094,0.3829787234042553,0.425531914893617,0.0851063829787234,0.5106382978723404
Q7L5Y1-5,Q7L5Y1,0.909883001,79.96070727,substitution,0.2087584824624621,0.625,0.4901315789473684,0.16776315789473684,0.6578947368421053
Q92599-3,Q92599,0.770158706,76.39751553,substitution,0.4084934998072882,0.3215767634854772,0.43775933609958506,0.12448132780082988,0.5622406639004149
Q9Y4P1-4,Q9Y4P1,0.742411714,78.7654321,substitution,0.26513241002675897,0.529891304347826,0.29347826086956524,0.1793478260869565,0.47282608695652173
Q15257-4,Q15257,0.85699774,78.49162011,deletion,0.4345001054253759,0.2857142857142857,0.37662337662337664,0.0,0.37662337662337664
Q03013-3,Q03013,0.544747362,72.01834862,deletion,0.25315331408289227,0.5573770491803278,0.6229508196721312,0.13114754098360656,0.7540983606557377
O15165-4,O15165,0.203494029,74.18300654,substitution,0.5587893221788248,0.10077519379844961,0.2868217054263566,0.031007751937984496,0.3178294573643411
Q9H310-3,Q9H310,0.864172806,77.82426778,substitution,0.22221317114095973,0.5747126436781609,0.764367816091954,0.05747126436781609,0.8218390804597702
Q8NCC5-3,Q8NCC5,0.752628753,71.84466019,substitution,0.22288900120812294,0.6078431372549019,0.8758169934640523,0.0,0.8758169934640523
P35241-4,P35241,0.6475375,74.27101201,substitution,0.2287439349967546,0.6129032258064516,0.36129032258064514,0.2064516129032258,0.567741935483871
Q8N6W0-2,Q8N6W0,0.483845374,75.14910537,substitution,0.5307001625771062,0.20320855614973263,0.11764705882352941,0.1443850267379679,0.2620320855614973
P35372-14,P35372,0.763665482,70.12048193,substitution,0.3792048713532427,0.3583959899749373,0.6967418546365914,0.03007518796992481,0.7268170426065163
Q9HB29-2,Q9HB29,0.701155997,70.28380634,substitution,0.35485013607345156,0.39631336405529954,0.027649769585253458,0.45622119815668205,0.4838709677419355
Q7L099-2,Q7L099,0.553228552,70.86330935,substitution,0.41844275404272524,0.21367521367521367,0.7072649572649573,0.05128205128205128,0.7585470085470085
Q9HCN4-2,Q9HCN4,0.739439499,78.87700535,deletion,0.2974365120780123,0.4936708860759494,0.3924050632911392,0.1518987341772152,0.5443037974683544
Q13907-2,Q13907,0.892403248,79.92957746,insertion,,,,,
Q9Y2U2-2,Q9Y2U2,0.866116314,79.15309446,substitution,0.4861392355844606,0.16417910447761194,0.6417910447761194,0.0,0.6417910447761194
Q8N3G9-3,Q8N3G9,0.602703184,73.79310345,substitution,0.34911914080956974,0.39775910364145656,0.0896358543417367,0.5154061624649859,0.6050420168067226
Q6E0U4-16,Q6E0U4,0.379763434,78.8973384,substitution,0.7465189958118887,0.0,0.0,0.0,0.0
P35030-4,P35030,0.843994114,77.66990291,substitution,0.767736876910924,0.0,0.0,0.0,0.0
Q9BVC4-3,Q9BVC4,0.887470052,79.75460123,deletion,0.24814059602696198,0.6060606060606061,0.0,0.5,0.5
Q5FYB1-2,Q5FYB1,0.795079648,74.86818981,deletion,0.3021388764101552,0.5734265734265734,0.22377622377622378,0.1258741258741259,0.34965034965034963
Q02161-6,Q02161,0.810270358,72.58426966,substitution,0.3075893267113443,0.4519230769230769,0.7211538461538461,0.0,0.7211538461538461
Q7LG56-6,Q7LG56,0.838325894,79.02097902,substitution,0.7446618780507932,0.0,0.26666666666666666,0.0,0.26666666666666666
Q8IX04-2,Q8IX04,0.463518922,79.61783439,substitution,0.25370979576840913,0.5416666666666666,0.4166666666666667,0.21875,0.6354166666666666
Q9Y2Q5-3,Q9Y2Q5,0.675634858,76.0,deletion,0.21246796180446523,0.5666666666666667,0.23333333333333334,0.5,0.7333333333333333
P03372-3,P03372,0.564649348,70.92436975,deletion,0.7376196430915191,0.0,0.046242774566473986,0.0,0.046242774566473986
Q6ICL3-2,Q6ICL3,0.862923039,77.53623188,deletion,0.23893542512644497,0.5645161290322581,0.3387096774193548,0.25806451612903225,0.5967741935483871
Q9UEE9-2,Q9UEE9,0.278474927,72.57525084,deletion,0.49763615924184956,0.07317073170731707,0.6951219512195121,0.0,0.6951219512195121
Q9NUM3-3,Q9NUM3,0.706049095,75.24429967,substitution,0.3730776199024929,0.34210526315789475,0.618421052631579,0.0,0.618421052631579
P07101-6,P07101,0.725486232,76.32575758,substitution,0.3453380400342269,0.42507645259938837,0.3761467889908257,0.15902140672782875,0.5351681957186545
Q3KQZ1-4,Q3KQZ1,0.845854412,79.93630573,substitution,0.3249483572377665,0.42105263157894735,0.7894736842105263,0.017543859649122806,0.8070175438596491
Q92913-4,Q92913,0.737577176,75.51020408,substitution,0.6928475671759151,0.0,0.36065573770491804,0.0,0.36065573770491804
P47869-2,P47869,0.742340835,72.95719844,substitution,0.30603687651538647,0.4318181818181818,0.375,0.29545454545454547,0.6704545454545454
O00506-3,O00506,0.542717171,77.9342723,deletion,0.29373904316852645,0.5212765957446809,0.26595744680851063,0.3617021276595745,0.6276595744680851
Q9NNX6-11,Q9NNX6,0.575681382,78.29268293,substitution,0.42267376362403364,0.27488151658767773,0.6824644549763034,0.0,0.6824644549763034
Q15907-2,Q15907,0.866210974,74.88986784,substitution,0.6097454352504892,0.08333333333333333,0.375,0.0,0.375
P07288-2,P07288,0.747065351,78.75457875,substitution,0.2022759587409463,0.6666666666666666,0.27450980392156865,0.29411764705882354,0.5686274509803921
Q6ZP29-3,Q6ZP29,0.670102158,77.66323024,deletion,0.36909223444385775,0.36923076923076925,0.6,0.0,0.6
Q01344-2,Q01344,0.859603986,79.04761905,substitution,0.6164391672354593,0.0,0.36363636363636365,0.0,0.36363636363636365
Q13418-3,Q13418,0.742832936,70.3539823,deletion,0.19833561213603237,0.664179104477612,0.4925373134328358,0.05223880597014925,0.5447761194029851
Q9BQA5-2,Q9BQA5,0.762035962,70.92592593,substitution,0.6268250915860745,0.0661764705882353,0.0661764705882353,0.16176470588235295,0.22794117647058823
P55854-2,P55854,0.727303165,73.04964539,insertion,,,,,
Q6PIL6-5,Q6PIL6,0.810726383,78.8,substitution,0.5708662639990382,0.05555555555555555,0.3888888888888889,0.0,0.3888888888888889
Q9UJU2-7,Q9UJU2,0.367763864,75.43859649,substitution,0.7019286203454487,0.004166666666666667,0.08333333333333333,0.0,0.08333333333333333
P35236-3,P35236,0.833856627,77.41935484,insertion,,,,,
Q5HYI7-4,Q5HYI7,0.886325311,78.91373802,substitution,0.6144502568888428,0.0,0.5,0.0,0.5
Q495N2-2,Q495N2,0.846307208,78.47358121,substitution,0.359560153526679,0.43609022556390975,0.5639097744360902,0.007518796992481203,0.5714285714285714
Q86YD3-5,Q86YD3,0.630658174,79.67914439,substitution,0.6534572831027194,0.0,0.2198581560283688,0.028368794326241134,0.24822695035460993
O95965-2,O95965,0.65798184,71.45748988,deletion,0.46670786911427986,0.2695035460992908,0.1773049645390071,0.2198581560283688,0.3971631205673759
Q969K7-3,Q969K7,0.316702458,76.12612613,deletion,0.2537881789494881,0.5283018867924528,0.8867924528301887,0.0,0.8867924528301887
Q8IV42-2,Q8IV42,0.797571367,76.50429799,substitution,0.4780421510012558,0.13793103448275862,0.4827586206896552,0.1724137931034483,0.6551724137931034
Q6PI97-2,Q6PI97,0.309341847,76.53061224,substitution,0.5748778116686643,0.0,0.5892857142857143,0.0,0.5892857142857143
O95600-3,O95600,0.187663191,70.75208914,substitution,0.4341897888433469,0.25471698113207547,0.39622641509433965,0.11320754716981132,0.5094339622641509
P04637-6,P04637,0.673751718,75.06361323,substitution,0.4736289692059285,0.26785714285714285,0.13010204081632654,0.17091836734693877,0.3010204081632653
Q9NRY7-1,Q9NRY7,0.82670963,75.42087542,deletion,0.7187618977867326,0.0136986301369863,0.0,0.0136986301369863,0.0136986301369863
Q4G1C9-6,Q4G1C9,0.69975072,78.19767442,substitution,0.47211465425008237,0.2597402597402597,0.45454545454545453,0.025974025974025976,0.4805194805194805
Q8NBJ7-5,Q8NBJ7,0.718076547,72.09302326,deletion,0.2172578039109079,0.6428571428571429,0.2261904761904762,0.17857142857142858,0.40476190476190477
Q9Y6M1-5,Q9Y6M1,0.497272316,79.47019868,substitution,0.3736596098396416,0.37844611528822053,0.3558897243107769,0.21804511278195488,0.5739348370927319
P42857-2,P42857,0.485487913,78.91891892,deletion,0.6180157852333901,0.02564102564102564,0.3076923076923077,0.0,0.3076923076923077
Q14153-2,Q14153,0.292572923,71.56398104,substitution,0.7106574447908933,0.0,0.10833333333333334,0.0,0.10833333333333334
Q8WW34-2,Q8WW34,0.547260301,77.94871795,deletion,0.679937507355257,0.0,0.06976744186046512,0.09302325581395349,0.16279069767441862
Q969M7-2,Q969M7,0.874960448,77.98165138,substitution,0.3165885992783468,0.3125,0.875,0.0,0.875
P61204-2,P61204,0.610513282,79.55801105,deletion,0.24637536012939867,0.5945945945945946,0.1891891891891892,0.4594594594594595,0.6486486486486487
Q9Y2H1-2,Q9Y2H1,0.819261559,79.95689655,substitution,0.4136095401369476,0.2079207920792079,0.6633663366336634,0.0891089108910891,0.7524752475247525
P53539-6,P53539,0.261648865,75.44378698,substitution,0.6034439563993003,0.0,0.5037037037037037,0.0,0.5037037037037037
Q86UD7-2,Q86UD7,0.756130556,75.98425197,substitution,0.44467165482388366,0.31343283582089554,0.3582089552238806,0.0,0.3582089552238806
Q9BZW8-4,Q9BZW8,0.362349137,73.78378378,deletion,0.3425516643287103,0.3402061855670103,0.05154639175257732,0.5360824742268041,0.5876288659793815
Q8N9Z9-2,Q8N9Z9,0.494200948,75.0,deletion,0.7364720786904508,0.0,0.0,0.0,0.0
Q7RTV3-2,Q7RTV3,0.359975983,78.99159664,substitution,0.5191250943184699,0.0684931506849315,0.7671232876712328,0.0,0.7671232876712328
Q8IX04-4,Q8IX04,0.489139102,71.54989384,substitution,0.2852941464697119,0.48936170212765956,0.37659574468085105,0.22127659574468084,0.597872340425532
Q86XW9-3,Q86XW9,0.502934184,76.06060606,substitution,0.36047572204848405,0.3787878787878788,0.35984848484848486,0.14772727272727273,0.5075757575757576
O43581-5,O43581,0.626889653,77.20306513,insertion,,,,,
O95388-2,O95388,0.472703508,76.02179837,substitution,0.4716620842519577,0.18181818181818182,0.0,0.3409090909090909,0.3409090909090909
Q8WYQ4-2,Q8WYQ4,0.785844295,73.85620915,substitution,0.5510169453169196,0.15384615384615385,0.2153846153846154,0.07692307692307693,0.2923076923076923
P04637-5,P04637,0.658062955,74.55470738,substitution,0.4736289692059285,0.26785714285714285,0.13010204081632654,0.17091836734693877,0.3010204081632653
Q15051-2,Q15051,0.375990833,77.75919732,deletion,0.3455757296630643,0.37593984962406013,0.8646616541353384,0.0,0.8646616541353384
Q9Y4P1-2,Q9Y4P1,0.812463171,77.17842324,substitution,0.28391707174933223,0.5,0.30612244897959184,0.1683673469387755,0.4744897959183674
Q13952-5,Q13952,0.466269191,77.29257642,deletion,0.6962300466339535,0.0,0.0,0.0,0.0
Q9Y279-3,Q9Y279,0.431932592,76.19047619,substitution,0.31129987127772213,0.4421052631578947,0.031578947368421054,0.4421052631578947,0.47368421052631576
P31995-3,P31995,0.700887864,79.56656347,substitution,0.731288153232866,0.0,0.043478260869565216,0.0,0.043478260869565216
O00161-2,O00161,0.473525742,74.40758294,substitution,0.5771007112357102,0.1111111111111111,0.18518518518518517,0.0,0.18518518518518517
P10828-2,P10828,0.678849221,77.48478702,substitution,0.7144058471090997,0.0,0.03260869565217391,0.0,0.03260869565217391
O75688-4,O75688,0.892766793,78.91440501,substitution,0.6220861416098197,0.0594059405940594,0.31683168316831684,0.0,0.31683168316831684
Q96SQ7-2,Q96SQ7,0.394014779,76.92307692,substitution,1.0,0.0,0.0,0.0,0.0
Q5SQI0-6,Q5SQI0,0.559962673,71.02137767,substitution,0.7268542123508678,0.0,0.039647577092511016,0.0,0.039647577092511016
Q96J87-4,Q96J87,0.55853456,71.51767152,substitution,0.5038801740357223,0.23140495867768596,0.21212121212121213,0.12947658402203857,0.3415977961432507
Q9NXS2-3,Q9NXS2,0.67771602,75.39267016,deletion,0.19535131832343547,0.6808510638297872,0.3617021276595745,0.3191489361702128,0.6808510638297872
B9EJG8-2,B9EJG8,0.699244682,72.28915663,deletion,0.2395446242454774,0.5507246376811594,0.9130434782608695,0.0,0.9130434782608695
Q9BWL3-4,Q9BWL3,0.47978519,79.0513834,substitution,0.4275767908122187,0.22826086956521738,0.6521739130434783,0.0,0.6521739130434783
Q49MI3-4,Q49MI3,0.572431591,75.08960573,deletion,0.3096949552793799,0.48201438848920863,0.4028776978417266,0.17985611510791366,0.5827338129496403
Q9HB21-2,Q9HB21,0.739922454,74.57212714,substitution,0.7398741387261443,0.0,0.0,0.0,0.0
Q7L513-3,Q7L513,0.387238372,75.20891365,deletion,0.3074295277541278,0.4606741573033708,0.06741573033707865,0.5056179775280899,0.5730337078651685
P10827-2,P10827,0.792767486,77.64227642,substitution,0.5166039026894219,0.2,0.4083333333333333,0.016666666666666666,0.425
Q8TD35-2,Q8TD35,0.386602931,73.66255144,substitution,0.570287042840668,0.0,0.6842105263157895,0.0,0.6842105263157895
Q96NJ3-2,Q96NJ3,0.534058094,73.72881356,deletion,0.5621994616650917,0.05806451612903226,0.44516129032258067,0.0,0.44516129032258067
Q86TJ2-3,Q86TJ2,0.522426773,78.0952381,deletion,0.3390622380827592,0.391304347826087,0.2608695652173913,0.17391304347826086,0.43478260869565216
Q8TBF2-2,Q8TBF2,0.804186238,78.43137255,substitution,0.4039097841158585,0.36363636363636365,0.2727272727272727,0.11363636363636363,0.38636363636363635
Q86UY6-4,Q86UY6,0.866499344,78.99159664,substitution,0.4147713309404,0.2,0.72,0.08,0.8
Q92915-2,Q92915,0.707659944,71.27272727,substitution,0.6804939355389696,0.0,0.2698412698412698,0.0,0.2698412698412698
Q9NS18-2,Q9NS18,0.767297318,75.13812155,substitution,0.7677382878224217,0.0,0.0,0.0,0.0
Q9BRP4-3,Q9BRP4,0.842519695,70.66326531,deletion,0.2572821403150833,0.591304347826087,0.06086956521739131,0.48695652173913045,0.5478260869565217
Q6XYB7-2,Q6XYB7,0.550566774,71.28712871,substitution,0.6229318748326422,0.014705882352941176,0.36764705882352944,0.0,0.36764705882352944
Q9NR28-2,Q9NR28,0.832379041,74.89539749,substitution,0.6362478425561678,0.06779661016949153,0.3220338983050847,0.0,0.3220338983050847
Q86TE4-4,Q86TE4,0.509330109,75.14450867,deletion,0.5095578370554119,0.011627906976744186,0.9186046511627907,0.0,0.9186046511627907
Q7Z4H8-3,Q7Z4H8,0.859782033,74.35897436,substitution,0.24253605841566286,0.5988142292490118,0.308300395256917,0.22332015810276679,0.5316205533596838
Q8NG50-6,Q8NG50,0.589682824,75.60137457,substitution,0.313563645380788,0.45248868778280543,0.3167420814479638,0.3031674208144796,0.6199095022624435
P58005-4,P58005,0.773449727,71.74796748,substitution,0.2636445622690671,0.5517241379310345,0.5919540229885057,0.040229885057471264,0.632183908045977
Q86U06-5,Q86U06,0.383299879,72.19917012,substitution,0.7168362776687817,0.0,0.1111111111111111,0.0,0.1111111111111111
Q29983-2,Q29983,0.428654669,74.93472585,deletion,0.273616721327213,0.5208333333333334,0.4270833333333333,0.3020833333333333,0.7291666666666666
P49961-5,P49961,0.757285723,78.82352941,deletion,0.277051886050855,0.5,0.5,0.25,0.75
Q8IZJ6-2,Q8IZJ6,0.620953392,78.26086957,deletion,0.2786117422240703,0.5,0.48,0.14,0.62
Q8NBU5-2,Q8NBU5,0.772015267,77.56232687,substitution,0.3666624189189813,0.32142857142857145,0.6547619047619048,0.023809523809523808,0.6785714285714286
Q96EB1-3,Q96EB1,0.721292666,79.59183673,substitution,0.35591024263306253,0.41106719367588934,0.2648221343873518,0.17786561264822134,0.4426877470355731
P78539-4,P78539,0.708472412,79.52586207,substitution,0.2920539021793056,0.45544554455445546,0.36633663366336633,0.22772277227722773,0.594059405940594
P29016-2,P29016,0.755325245,83.48348348,deletion,0.31087840236063646,0.45454545454545453,0.10909090909090909,0.4909090909090909,0.6
P30518-2,P30518,0.782133269,82.74932615,substitution,0.4629087416971198,0.34328358208955223,0.5522388059701493,0.0,0.5522388059701493
O14931-3,O14931,0.779946109,83.08457711,substitution,0.7215203315552043,0.0,0.08333333333333333,0.0,0.08333333333333333
Q86UT5-2,Q86UT5,0.843744548,82.98611111,substitution,0.6985201435136973,0.028846153846153848,0.0,0.028846153846153848,0.028846153846153848
Q9BV20-2,Q9BV20,0.903406205,81.84281843,substitution,0.17770079901795072,0.7105263157894737,0.5789473684210527,0.15789473684210525,0.7368421052631579
Q8NFF5-2,Q8NFF5,0.910675639,83.47529813,deletion,0.6397324497313192,0.07216494845360824,0.27835051546391754,0.0,0.27835051546391754
Q9H2P9-3,Q9H2P9,0.867794207,80.70175439,substitution,0.2939123261480094,0.48214285714285715,0.35714285714285715,0.14285714285714285,0.5
O76083-6,O76083,0.65413334,82.6306914,substitution,0.5264278566058324,0.2328767123287671,0.08904109589041095,0.17123287671232876,0.2602739726027397
Q9NYB9-2,Q9NYB9,0.55630816,82.28782288,substitution,0.7418503168520159,0.0,0.02459016393442623,0.0,0.02459016393442623
P27824-3,P27824,0.746369061,81.75675676,deletion,0.5454498452945101,0.1574074074074074,0.0,0.12037037037037036,0.12037037037037036
P61020-2,P61020,0.756307639,80.93023256,deletion,0.2714090276441279,0.5121951219512195,0.5853658536585366,0.17073170731707318,0.7560975609756098
Q9H3Q1-2,Q9H3Q1,0.19537906,80.33707865,deletion,0.7015495894165105,0.0,0.04285714285714286,0.0,0.04285714285714286
Q9BZS1-3,Q9BZS1,0.427888057,80.65173116,substitution,0.5454924782031974,0.15755627009646303,0.31189710610932475,0.022508038585209004,0.33440514469453375
Q9H3Z4-2,Q9H3Z4,0.595579389,82.82828283,substitution,0.7295224543567165,0.0,0.11764705882352941,0.0,0.11764705882352941
P03372-2,P03372,0.476291429,81.17647059,deletion,0.48517347114655374,0.25892857142857145,0.33035714285714285,0.0,0.33035714285714285
Q8N668-2,Q8N668,0.666852419,82.63157895,substitution,0.4821760260861441,0.08333333333333333,0.6388888888888888,0.2222222222222222,0.8611111111111112
Q8TBF2-6,Q8TBF2,0.796720911,81.46341463,substitution,0.2860399931109073,0.4857142857142857,0.05714285714285714,0.3142857142857143,0.37142857142857144
Q96PU9-3,Q96PU9,0.21673975,81.49606299,deletion,0.6034197623284123,0.0,0.2553191489361702,0.0,0.2553191489361702
A4D1S5-2,A4D1S5,0.834989746,82.1969697,insertion,,,,,
Q8NER5-3,Q8NER5,0.700711886,83.77281947,deletion,0.5224631619959836,0.125,0.5625,0.0,0.5625
P33241-2,P33241,0.310851517,81.71091445,deletion,0.6307473749406659,0.0,0.3870967741935484,0.0,0.3870967741935484
Q96JZ2-2,Q96JZ2,0.397996279,80.11363636,substitution,0.2499188302602431,0.5774647887323944,0.352112676056338,0.18309859154929578,0.5352112676056338
Q13887-4,Q13887,0.27439105,80.08752735,deletion,0.7248473825262487,0.0,0.06593406593406594,0.0,0.06593406593406594
O15091-4,O15091,0.905014749,83.70497427,deletion,0.6992982033240085,0.010526315789473684,0.11578947368421053,0.0,0.11578947368421053
Q8N490-4,Q8N490,0.882627749,80.10335917,substitution,0.5906017628271164,0.09090909090909091,0.44155844155844154,0.0,0.44155844155844154
P23760-4,P23760,0.515195468,81.83716075,substitution,0.7286806630224958,0.0,0.0,0.0,0.0
Q9NZH6-3,Q9NZH6,0.719909902,81.19266055,substitution,0.35861739910694423,0.4146341463414634,0.0,0.4634146341463415,0.4634146341463415
Q9NQH7-2,Q9NQH7,0.921741867,84.41814596,deletion,0.4763527642904188,0.26582278481012656,0.20253164556962025,0.05063291139240506,0.25316455696202533
P28347-2,P28347,0.601104773,82.09302326,substitution,0.4653732632662801,0.2906574394463668,0.2975778546712803,0.11764705882352941,0.41522491349480967
Q9NUZ1-4,Q9NUZ1,0.841467534,84.42622951,substitution,0.27405890337968575,0.520618556701031,0.8144329896907216,0.0,0.8144329896907216
Q13501-2,Q13501,0.289199111,80.90909091,deletion,0.36873422381584203,0.38095238095238093,0.2619047619047619,0.3333333333333333,0.5952380952380952
Q16850-2,Q16850,0.895269727,80.31809145,deletion,0.3996261143314929,0.26666666666666666,0.6571428571428571,0.09523809523809523,0.7523809523809524
Q96KN8-2,Q96KN8,0.496502528,84.94623656,substitution,0.5381168934017955,0.15217391304347827,0.5217391304347826,0.0,0.5217391304347826
P08174-2,P08174,0.683248559,83.18181818,substitution,0.777980784340212,0.0,0.0,0.0,0.0
P09488-2,P09488,0.900388795,83.02752294,deletion,0.17347271296570393,0.7027027027027027,0.7297297297297297,0.0,0.7297297297297297
P21128-3,P21128,0.790728479,84.3902439,substitution,0.5172767953474122,0.25,0.125,0.03125,0.15625
Q99729-4,Q99729,0.667308707,83.78378378,substitution,0.4829636118147797,0.2631578947368421,0.1543859649122807,0.20350877192982456,0.35789473684210527
Q9NP85-2,Q9NP85,0.487033013,82.24543081,deletion,0.26717336676030917,0.4852941176470588,0.5882352941176471,0.20588235294117646,0.7941176470588235
Q9BZZ5-5,Q9BZZ5,0.798334461,84.92366412,substitution,0.33152744325424516,0.45109780439121755,0.5988023952095808,0.003992015968063872,0.6027944111776448
Q8N6V9-2,Q8N6V9,0.719027344,80.81841432,deletion,0.6076290340937893,0.0,0.5333333333333333,0.0,0.5333333333333333
Q9NRC1-5,Q9NRC1,0.784230863,81.8336163,substitution,0.3451401587043311,0.3715753424657534,0.6832191780821918,0.010273972602739725,0.6934931506849316
Q9NXB0-2,Q9NXB0,0.783027695,82.44406196,substitution,0.44753022298759954,0.2247191011235955,0.5393258426966292,0.15730337078651685,0.6966292134831461
Q9BV57-2,Q9BV57,0.868413316,80.66298343,substitution,0.3257562618109117,0.4358974358974359,0.15384615384615385,0.3076923076923077,0.46153846153846156
Q4AE62-2,Q4AE62,0.711233686,81.44104803,deletion,0.21872476028678062,0.6470588235294118,0.4823529411764706,0.15294117647058825,0.6352941176470588
Q14565-2,Q14565,0.85704263,83.52941176,substitution,0.26838423504319603,0.5178571428571429,0.4107142857142857,0.19642857142857142,0.6071428571428571
Q6PK18-2,Q6PK18,0.717627491,81.8443804,substitution,0.18854758520819034,0.6590909090909091,0.13636363636363635,0.5,0.6363636363636364
Q9NVL1-3,Q9NVL1,0.234498691,80.47337278,substitution,0.49708657699021697,0.11764705882352941,0.5294117647058824,0.0,0.5294117647058824
O43474-4,O43474,0.262494209,83.62573099,substitution,0.7029593348678351,0.022556390977443608,0.06516290726817042,0.0,0.06516290726817042
Q96F24-2,Q96F24,0.429592967,82.57839721,deletion,0.6587995013612384,0.0,0.18,0.0,0.18
Q6X9E4-2,Q6X9E4,0.890921406,84.9137931,deletion,0.22936111183760538,0.6,0.04285714285714286,0.5428571428571428,0.5857142857142857
P25774-2,P25774,0.873796085,84.89425982,deletion,0.32772605753564826,0.46,0.22,0.1,0.32
Q9BUL5-3,Q9BUL5,0.292267805,83.37468983,deletion,0.6800557035472311,0.0,0.26865671641791045,0.0,0.26865671641791045
P37840-2,P37840,0.731122804,80.0,deletion,0.6918655834529003,0.0,0.0,0.0,0.0
Q96HH6-2,Q96HH6,0.90292586,83.57771261,substitution,0.3301180701960329,0.4528301886792453,0.39622641509433965,0.16981132075471697,0.5660377358490566
Q8TCC3-2,Q8TCC3,0.800174158,84.29319372,insertion,,,,,
O60678-2,O60678,0.879202709,84.36911488,substitution,0.42872369963833173,0.34831460674157305,0.3707865168539326,0.0449438202247191,0.4157303370786517
Q9BQA1-2,Q9BQA1,0.575365543,81.28654971,deletion,0.22171549506925284,0.59375,0.0,0.546875,0.546875
Q96BD8-2,Q96BD8,0.467930462,81.56862745,substitution,0.5865437482380359,0.10638297872340426,0.14893617021276595,0.0,0.14893617021276595
Q8IXM2-2,Q8IXM2,0.229771093,80.23255814,deletion,0.4485814508689418,0.029411764705882353,0.9117647058823529,0.0,0.9117647058823529
P34896-3,P34896,0.616606128,83.436853,deletion,0.2610639908061801,0.55,0.6125,0.1,0.7125
Q4KMG9-2,Q4KMG9,0.323452575,81.81818182,substitution,0.5358406822261146,0.0,0.75,0.0,0.75
P98173-3,P98173,0.869152551,81.30434783,deletion,0.5864942530662873,0.0,0.5263157894736842,0.0,0.5263157894736842
Q8TAV0-4,Q8TAV0,0.704897283,81.23167155,substitution,0.4890621088240553,0.23841059602649006,0.2980132450331126,0.0728476821192053,0.3708609271523179
P52564-2,P52564,0.901623092,83.23353293,deletion,0.5589557019320545,0.16071428571428573,0.125,0.2857142857142857,0.4107142857142857
Q86X76-3,Q86X76,0.839476046,80.8,substitution,0.30309810077835286,0.5214723926380368,0.26993865030674846,0.2361963190184049,0.5061349693251533
O95900-2,O95900,0.808937962,83.081571,deletion,0.33817490027821584,0.35714285714285715,0.4107142857142857,0.30357142857142855,0.7142857142857143
O14524-2,O14524,0.453496933,83.55855856,deletion,0.31627691420777365,0.3835616438356164,0.4246575342465753,0.3150684931506849,0.7397260273972602
Q9UBX7-4,Q9UBX7,0.858501011,81.43322476,substitution,0.4386249876506946,0.3402061855670103,0.1958762886597938,0.20618556701030927,0.4020618556701031
Q9NZN9-3,Q9NZN9,0.585935579,83.59375,deletion,0.3406608884449249,0.42857142857142855,0.4603174603174603,0.12698412698412698,0.5873015873015873
O00712-5,O00712,0.542467262,84.21052632,insertion,,,,,
Q9BXU9-1,Q9BXU9,0.810887763,83.90804598,deletion,0.7231481173391088,0.0,0.07142857142857142,0.0,0.07142857142857142
Q14195-2,Q14195,0.825933109,82.01754386,substitution,0.7604853539591377,0.0,0.0,0.0,0.0
Q96EP5-2,Q96EP5,0.446619327,84.92822967,substitution,0.7480736013883472,0.0,0.0,0.0,0.0
Q8N423-3,Q8N423,0.720084423,82.45033113,substitution,0.7087971520424081,0.0,0.19875776397515527,0.0,0.19875776397515527
O15519-15,O15519,0.640289415,80.0,deletion,0.25390212714826005,0.5208333333333334,0.6354166666666666,0.0,0.6354166666666666
Q9BYV8-2,Q9BYV8,0.469284132,80.69705094,deletion,0.43637211365825024,0.2638888888888889,0.3055555555555556,0.041666666666666664,0.3472222222222222
Q9BXN2-2,Q9BXN2,0.625209421,81.37651822,deletion,0.697118364804391,0.0,0.13043478260869565,0.0,0.13043478260869565
P21554-2,P21554,0.799546796,81.72268908,substitution,0.6609955674176086,0.011363636363636364,0.3181818181818182,0.0,0.3181818181818182
O43521-12,O43521,0.378729625,82.43902439,substitution,0.7240478363345569,0.0,0.0,0.0,0.0
P55061-2,P55061,0.888251263,80.33898305,insertion,,,,,
P58340-3,P58340,0.486393133,84.38538206,substitution,0.5106417424006174,0.203125,0.359375,0.0,0.359375
O15530-5,O15530,0.645797136,80.57553957,substitution,0.25701387127512126,0.5596330275229358,0.1743119266055046,0.42201834862385323,0.5963302752293578
P08397-4,P08397,0.87720479,84.21052632,substitution,0.25162906986978406,0.56640625,0.35546875,0.1953125,0.55078125
Q6AW86-2,Q6AW86,0.523603119,83.42059337,substitution,0.4347024097661708,0.2692307692307692,0.46153846153846156,0.0,0.46153846153846156
O95544-3,O95544,0.80681732,84.76821192,substitution,0.6898240051286523,0.0,0.03896103896103896,0.05194805194805195,0.09090909090909091
Q7Z422-4,Q7Z422,0.290734657,80.26315789,substitution,0.5422411361541566,0.030303030303030304,0.6666666666666666,0.0,0.6666666666666666
Q96FN4-2,Q96FN4,0.788566422,81.38686131,deletion,0.34951482720199517,0.4019607843137255,0.0,0.39215686274509803,0.39215686274509803
Q9UJX2-3,Q9UJX2,0.862617849,80.23450586,deletion,0.3532908149457031,0.423728813559322,0.5508474576271186,0.0,0.5508474576271186
Q05D32-2,Q05D32,0.588443918,84.54935622,deletion,0.6435956803104873,0.041666666666666664,0.2916666666666667,0.0,0.2916666666666667
Q96NM4-4,Q96NM4,0.198413737,83.11688312,substitution,0.6474620533561907,0.029900332225913623,0.23588039867109634,0.0,0.23588039867109634
Q8N9W6-2,Q8N9W6,0.478996914,81.71091445,substitution,0.5685229635128178,0.15,0.075,0.16428571428571428,0.2392857142857143
P13688-5,P13688,0.655259928,83.26996198,substitution,0.3005981184453983,0.46875,0.03125,0.4791666666666667,0.5104166666666666
Q99720-5,Q99720,0.75380848,83.85650224,substitution,0.28904529574747995,0.41304347826086957,0.6086956521739131,0.0,0.6086956521739131
P15289-2,P15289,0.908857974,83.43195266,deletion,0.23383085111894966,0.6785714285714286,0.2857142857142857,0.14285714285714285,0.42857142857142855
Q9BQE9-3,Q9BQE9,0.498839986,80.1980198,substitution,0.7553822942020247,0.0,0.0,0.0,0.0
Q9BU40-3,Q9BU40,0.322947565,82.49452954,substitution,0.49503515240803386,0.2149122807017544,0.0,0.29385964912280704,0.29385964912280704
O14770-2,O14770,0.491628335,81.45833333,substitution,0.7272572664800541,0.0,0.0,0.0,0.0
O14662-6,O14662,0.668059173,83.69230769,deletion,0.5098583792080797,0.018867924528301886,0.8301886792452831,0.0,0.8301886792452831
Q6UY01-4,Q6UY01,0.813404342,80.07246377,substitution,0.26229270667382276,0.4818181818181818,0.34545454545454546,0.14545454545454545,0.4909090909090909
Q96FG2-6,Q96FG2,0.645258492,81.34328358,substitution,0.5212728225840242,0.23880597014925373,0.34328358208955223,0.0,0.34328358208955223
A4QPH2-4,A4QPH2,0.582519044,83.36134454,substitution,0.2554992485520591,0.5559701492537313,0.5410447761194029,0.07835820895522388,0.6194029850746269
Q9BX59-7,Q9BX59,0.864451524,83.7164751,substitution,0.7249371556851265,0.0,0.0,0.0,0.0
P18510-3,P18510,0.855200838,82.29166667,substitution,0.7207408092315502,0.0,0.0,0.0,0.0
P49354-2,P49354,0.784132158,82.32189974,deletion,0.29578977556009545,0.4626865671641791,0.5373134328358209,0.0,0.5373134328358209
Q8N5U1-3,Q8N5U1,0.315004408,82.91666667,deletion,0.2968319732634654,0.43902439024390244,0.7804878048780488,0.0,0.7804878048780488
O75648-2,O75648,0.888656212,84.79809976,substitution,0.350523162196875,0.4567901234567901,0.18518518518518517,0.35802469135802467,0.5432098765432098
Q5TFE4-2,Q5TFE4,0.864563807,80.81896552,substitution,0.16399875092388091,0.7023809523809523,0.4166666666666667,0.25,0.6666666666666666
Q6ZU67-2,Q6ZU67,0.264684541,82.20973783,substitution,0.4811004122222176,0.24210526315789474,0.3473684210526316,0.010526315789473684,0.35789473684210527
Q16653-8,Q16653,0.770647129,80.97165992,substitution,0.5142772196902825,0.02,0.84,0.0,0.84
Q9NZI2-3,Q9NZI2,0.871569503,82.81938326,deletion,0.46058340117503793,0.10256410256410256,0.7435897435897436,0.0,0.7435897435897436
Q8N414-2,Q8N414,0.84173395,80.26315789,substitution,0.5323376641569112,0.1559633027522936,0.29357798165137616,0.009174311926605505,0.30275229357798167
O94788-4,O94788,0.905552186,81.46718147,deletion,0.36104652677679105,0.3645833333333333,0.2708333333333333,0.1875,0.4583333333333333
P55058-3,P55058,0.823703483,80.73022312,deletion,0.2761241243457187,0.5052631578947369,0.010526315789473684,0.7473684210526316,0.7578947368421053
P15529-9,P15529,0.671805995,82.66331658,substitution,0.6145210224932323,0.018691588785046728,0.3364485981308411,0.0,0.3364485981308411
Q9H477-2,Q9H477,0.863442544,82.46153846,substitution,0.2131303868345884,0.6140350877192983,0.631578947368421,0.0,0.631578947368421
Q16671-3,Q16671,0.464279061,83.42059337,deletion,0.23250416960041076,0.6105263157894737,0.4631578947368421,0.0,0.4631578947368421
Q9ULP0-6,Q9ULP0,0.80132695,81.97530864,substitution,0.2435445446601324,0.5647840531561462,0.4152823920265781,0.16611295681063123,0.5813953488372093
Q5JUK2-2,Q5JUK2,0.277092059,82.94573643,substitution,0.7924382124563304,0.0,0.0,0.0,0.0
Q7L1Q6-2,Q7L1Q6,0.815375492,84.24821002,deletion,0.23046028479031502,0.5757575757575758,0.7878787878787878,0.0,0.7878787878787878
Q8N108-18,Q8N108,0.578337719,80.71161049,substitution,0.5969198814458365,0.10176125244618395,0.2622309197651663,0.0,0.2622309197651663
O43521-4,O43521,0.27208081,83.83838384,substitution,0.5303084675729819,0.03125,0.875,0.0,0.875
P00973-2,P00973,0.924128118,84.46601942,substitution,0.7080420371143714,0.0,0.0,0.0,0.0
Q9NSI8-3,Q9NSI8,0.383459947,80.2247191,substitution,0.7710319482207764,0.0,0.0,0.0,0.0
Q9NPJ8-4,Q9NPJ8,0.889790538,80.28169014,deletion,0.3375351561800102,0.32142857142857145,0.8214285714285714,0.0,0.8214285714285714
P42081-4,P42081,0.776668233,83.58662614,substitution,0.3722012135671819,0.35587188612099646,0.12455516014234876,0.40569395017793597,0.5302491103202847
Q6WBX8-2,Q6WBX8,0.638493298,80.04694836,substitution,0.41273645940250275,0.37176470588235294,0.15529411764705883,0.29411764705882354,0.44941176470588234
P51955-2,P51955,0.754653501,83.632287,substitution,0.6218486342162775,0.0,0.5466666666666666,0.0,0.5466666666666666
Q9Y5Z0-5,Q9Y5Z0,0.847154431,81.66023166,deletion,0.6004662714477105,0.1368421052631579,0.042105263157894736,0.10526315789473684,0.14736842105263157
Q9Y603-4,Q9Y603,0.439991791,83.87096774,deletion,0.266714985892896,0.45454545454545453,0.6363636363636364,0.0,0.6363636363636364
Q9H4A5-2,Q9H4A5,0.698281451,84.56140351,deletion,0.23818126067497924,0.5909090909090909,0.45454545454545453,0.11363636363636363,0.5681818181818182
Q16635-8,Q16635,0.900005775,81.50684932,deletion,0.3597125064754337,0.4166666666666667,0.4583333333333333,0.0,0.4583333333333333
P35372-10,P35372,0.752890387,81.13590264,insertion,,,,,
Q6NTE8-3,Q6NTE8,0.210403032,83.96501458,deletion,0.4974232006110279,0.2,0.45454545454545453,0.05454545454545454,0.509090909090909
Q569K4-2,Q569K4,0.259257899,82.59023355,substitution,0.5612656983439664,0.0963855421686747,0.3855421686746988,0.04819277108433735,0.43373493975903615
Q86VW2-2,Q86VW2,0.780849005,81.72413793,deletion,0.6554945280098432,0.05660377358490566,0.2830188679245283,0.0,0.2830188679245283
Q9UJQ1-2,Q9UJQ1,0.723876317,84.28571429,deletion,0.2577790188598504,0.5227272727272727,0.0,0.7045454545454546,0.7045454545454546
Q92993-4,Q92993,0.777794848,83.6996337,substitution,0.5064775796472837,0.26573426573426573,0.06293706293706294,0.25874125874125875,0.32167832167832167
O95866-3,O95866,0.520945574,81.52610442,substitution,0.5582115120311878,0.0,0.6976744186046512,0.0,0.6976744186046512
Q99489-2,Q99489,0.900817609,82.69794721,deletion,0.25528689336364335,0.5932203389830508,0.2542372881355932,0.288135593220339,0.5423728813559322
Q8NEF3-2,Q8NEF3,0.465245549,84.3100189,insertion,,,,,
P14678-3,P14678,0.479246043,82.35294118,substitution,0.7947130578899907,0.0,0.0,0.0,0.0
P38571-2,P38571,0.857097053,81.09452736,substitution,0.4062622335581416,0.37333333333333335,0.29333333333333333,0.18666666666666668,0.48
Q6UY09-4,Q6UY09,0.597938611,82.38255034,substitution,0.48096315053830724,0.23195876288659795,0.14948453608247422,0.27319587628865977,0.422680412371134
Q96PP8-2,Q96PP8,0.901792316,83.27645051,substitution,0.5277823100893773,0.0,0.8775510204081632,0.0,0.8775510204081632
Q96A25-2,Q96A25,0.74152996,81.29770992,deletion,0.7389691713753672,0.0,0.0,0.0,0.0
P55263-3,P55263,0.899096213,84.25414365,deletion,0.1571765961906371,0.7192982456140351,0.5964912280701754,0.17543859649122806,0.7719298245614035
O14836-2,O14836,0.341913807,84.3003413,substitution,0.4909883671919119,0.2127659574468085,0.1702127659574468,0.1702127659574468,0.3404255319148936
Q96PM5-7,Q96PM5,0.831350736,84.6743295,deletion,0.287451135018271,0.475,0.175,0.225,0.4
Q9H9S3-2,Q9H9S3,0.801983123,83.70221328,substitution,0.27453456013215755,0.5573770491803278,0.7704918032786885,0.0,0.7704918032786885
P14324-2,P14324,0.912938198,84.24821002,deletion,0.7495622529497942,0.0,0.045454545454545456,0.0,0.045454545454545456
O60869-2,O60869,0.489848315,84.41558442,substitution,0.5178132822480565,0.15789473684210525,0.0,0.10526315789473684,0.10526315789473684
Q569K4-5,Q569K4,0.333162057,80.73770492,substitution,0.6136224825367859,0.07872340425531915,0.2276595744680851,0.03829787234042553,0.26595744680851063
Q6W5P4-3,Q6W5P4,0.835520054,84.9382716,substitution,0.5982471328521718,0.0,0.5517241379310345,0.0,0.5517241379310345
Q9P035-2,Q9P035,0.715971104,84.80662983,deletion,0.35814177948979614,0.36363636363636365,0.2,0.2727272727272727,0.4727272727272727
Q9UD71-2,Q9UD71,0.34262143,82.35294118,deletion,0.5780442949570253,0.05555555555555555,0.3611111111111111,0.0,0.3611111111111111
Q9NVH6-7,Q9NVH6,0.918282777,83.847981,deletion,0.6205742776920102,0.10294117647058823,0.0,0.20588235294117646,0.20588235294117646
Q9UHP7-2,Q9UHP7,0.573566618,80.62827225,deletion,0.2728121584197269,0.5675675675675675,0.0,0.4864864864864865,0.4864864864864865
Q96FM1-2,Q96FM1,0.628808705,84.0625,deletion,0.2254730415657826,0.5882352941176471,0.6470588235294118,0.0392156862745098,0.6862745098039216
Q96CG8-2,Q96CG8,0.683057679,82.11382114,substitution,0.43348267114383576,0.28512396694214875,0.1322314049586777,0.3347107438016529,0.4669421487603306
Q8NCT3-6,Q8NCT3,0.550080596,81.16197183,substitution,0.617620925938442,0.10069444444444445,0.125,0.006944444444444444,0.13194444444444445
Q6E0U4-4,Q6E0U4,0.363165428,81.37254902,substitution,0.6273449848216127,0.07650273224043716,0.23497267759562843,0.0,0.23497267759562843
Q9Y3E7-3,Q9Y3E7,0.793730066,83.26693227,substitution,0.5729075472086852,0.07142857142857142,0.2857142857142857,0.0,0.2857142857142857
O95990-3,O95990,0.302824819,83.72093023,insertion,,,,,
O43435-2,O43435,0.72076382,83.21167883,substitution,0.7332932407931382,0.0,0.0,0.0,0.0
Q15392-2,Q15392,0.915845381,82.80373832,substitution,0.36451362163925644,0.26666666666666666,0.92,0.0,0.92
P07288-5,P07288,0.7851499749999999,82.37547893,substitution,0.19161077549706962,0.68,0.28,0.3,0.58
Q7Z2H8-3,Q7Z2H8,0.848530412,81.09243697,deletion,0.3091165291427566,0.5222222222222223,0.7333333333333333,0.0,0.7333333333333333
P31995-2,P31995,0.821013911,82.35294118,substitution,0.7375119086023192,0.0,0.0,0.0,0.0
Q9NUL3-3,Q9NUL3,0.634354404,82.98245614,substitution,0.48713162945256394,0.198943661971831,0.29225352112676056,0.1602112676056338,0.4524647887323944
Q8N8Q3-2,Q8N8Q3,0.862923443,84.04255319,deletion,0.2465513838175269,0.5777777777777777,0.4888888888888889,0.2,0.6888888888888889
Q7L8J4-2,Q7L8J4,0.668730959,82.96296296,substitution,0.7055978704477727,0.03333333333333333,0.06666666666666667,0.0,0.06666666666666667
P57727-6,P57727,0.880420226,84.3866171,insertion,,,,,
P02724-2,P02724,0.367730786,82.66666667,deletion,0.548155186995132,0.0,0.7307692307692307,0.0,0.7307692307692307
Q15013-3,Q15013,0.7898524,83.97435897,substitution,0.7277899099569639,0.0,0.0,0.0,0.0
Q01543-2,Q01543,0.607813139,82.53275109,substitution,0.7514812143951912,0.0,0.0,0.0,0.0
Q8NB15-1,Q8NB15,0.532392587,84.24908425,substitution,0.7515178342849488,0.0,0.0,0.0,0.0
Q3SXM5-2,Q3SXM5,0.875284191,83.33333333,deletion,0.26309982542625715,0.5454545454545454,0.36363636363636365,0.18181818181818182,0.5454545454545454
Q7L5Y1-4,Q7L5Y1,0.941417164,83.91752577,substitution,0.2087584824624621,0.625,0.4901315789473684,0.16776315789473684,0.6578947368421053
Q8TCC7-4,Q8TCC7,0.894660463,83.2103321,deletion,0.29641815755458856,0.4945054945054945,0.3626373626373626,0.0989010989010989,0.46153846153846156
Q16653-7,Q16653,0.753523713,82.67716535,substitution,0.5142772196902825,0.02,0.84,0.0,0.84
P15529-7,P15529,0.679082032,83.20987654,substitution,0.6145210224932323,0.018691588785046728,0.3364485981308411,0.0,0.3364485981308411
Q5T5S1-2,Q5T5S1,0.331350924,84.26966292,substitution,0.5410285315715602,0.07865168539325842,0.4606741573033708,0.0,0.4606741573033708
O75822-3,O75822,0.54380188,81.00775194,deletion,0.6281830185180112,0.0,0.5102040816326531,0.0,0.5102040816326531
O95758-2,O95758,0.478579175,83.33333333,substitution,0.4072884651607687,0.3647912885662432,0.19056261343012704,0.1996370235934664,0.39019963702359345
Q13404-7,Q13404,0.891391688,82.35294118,substitution,0.7393131244594052,0.0,0.0,0.0,0.0
Q8N9V3-2,Q8N9V3,0.526206153,80.67226891,deletion,0.19810190675065334,0.6521739130434783,0.06521739130434782,0.5,0.5652173913043478
Q9NVS9-4,Q9NVS9,0.708346088,83.52490421,deletion,0.3208335184832245,0.32558139534883723,0.46511627906976744,0.20930232558139536,0.6744186046511628
Q6P1K2-4,Q6P1K2,0.507661752,80.48780488,deletion,0.6430815381065746,0.1,0.2,0.0,0.2
Q9BPW9-4,Q9BPW9,0.916835821,84.16886544,insertion,,,,,
Q9H2X3-5,Q9H2X3,0.617772909,81.20300752,substitution,0.37236346781734675,0.2889908256880734,0.8256880733944955,0.0,0.8256880733944955
Q9P287-2,Q9P287,0.73046411,80.83832335,substitution,0.3102099168994307,0.4642857142857143,0.2857142857142857,0.32142857142857145,0.6071428571428571
Q5JS13-2,Q5JS13,0.637675447,82.64604811,substitution,0.47614927042091576,0.26066350710900477,0.09004739336492891,0.23222748815165878,0.3222748815165877
Q9BTT0-2,Q9BTT0,0.449752387,84.70149254,deletion,0.1936496308047842,0.6097560975609756,0.3170731707317073,0.12195121951219512,0.43902439024390244
O43521-19,O43521,0.228333039,82.32323232,deletion,0.4990755345485074,0.0,0.7714285714285715,0.0,0.7714285714285715
Q15973-4,Q15973,0.72571257,82.33618234,deletion,0.4157655055736932,0.20967741935483872,0.2903225806451613,0.12903225806451613,0.41935483870967744
Q96AJ9-1,Q96AJ9,0.563524933,83.62831858,substitution,0.5301587095312918,0.0,0.9666666666666667,0.0,0.9666666666666667
Q9UIJ7-3,Q9UIJ7,0.778729156,82.37885463,deletion,0.26821527215356483,0.6,0.575,0.1,0.675
O75023-2,O75023,0.5412143,82.91032149,substitution,0.30741266068686596,0.4810126582278481,0.0189873417721519,0.4810126582278481,0.5
P25686-2,P25686,0.629496743,84.56790123,substitution,0.7399485749710513,0.0,0.0,0.0,0.0
P14868-2,P14868,0.898105011,80.03992016,deletion,0.3978873502881234,0.34,0.19,0.35,0.54
Q8IZP0-7,Q8IZP0,0.490135507,82.87401575,substitution,0.7462865482417229,0.0,0.0,0.0,0.0
P04637-2,P04637,0.63812804,84.4783715,substitution,0.6386436857932425,0.016129032258064516,0.3387096774193548,0.0,0.3387096774193548
P84022-2,P84022,0.769448327,84.34579439,substitution,0.3361508466663446,0.4090909090909091,0.5909090909090909,0.045454545454545456,0.6363636363636364
Q9UKT9-15,Q9UKT9,0.268508179,83.23699422,substitution,0.3383339785915226,0.3524590163934426,0.5245901639344263,0.10655737704918032,0.6311475409836066
O95749-2,O95749,0.909251906,82.0,deletion,0.2922081278734526,0.48148148148148145,0.8333333333333334,0.0,0.8333333333333334
Q9BW11-3,Q9BW11,0.539083465,83.25358852,substitution,0.7086823393284272,0.0,0.07894736842105263,0.0,0.07894736842105263
Q9UHJ9-5,Q9UHJ9,0.85773132,80.38585209,substitution,0.29168186687887016,0.5,0.6954022988505747,0.028735632183908046,0.7241379310344828
Q14938-3,Q14938,0.583829777,84.86055777,substitution,0.7333318355403172,0.0,0.0,0.0,0.0
O43929-2,O43929,0.852694896,80.73394495,deletion,0.2708534756872522,0.5,0.6785714285714286,0.07142857142857142,0.75
P07910-4,P07910,0.392536654,81.69934641,substitution,0.6897758478231298,0.0,0.21839080459770116,0.0,0.21839080459770116
Q8N7R7-3,Q8N7R7,0.835872627,80.50139276,deletion,0.7265584721758442,0.0,0.04285714285714286,0.0,0.04285714285714286
Q9NZ09-3,Q9NZ09,0.302193187,82.61648746,substitution,0.6545016205850245,0.0,0.19230769230769232,0.0,0.19230769230769232
P48643-2,P48643,0.904045874,82.80961183,substitution,0.3052105942320813,0.4351851851851852,0.4444444444444444,0.2037037037037037,0.6481481481481481
Q9Y226-2,Q9Y226,0.871103193,80.31914894,substitution,0.4101956455864118,0.33663366336633666,0.45544554455445546,0.0,0.45544554455445546
Q86TP1-2,Q86TP1,0.5796112,84.98896247,substitution,0.21923434841177386,0.6029411764705882,0.3235294117647059,0.19117647058823528,0.5147058823529411
Q13422-2,Q13422,0.316222773,83.23699422,deletion,0.5496386839057478,0.12643678160919541,0.13793103448275862,0.06896551724137931,0.20689655172413793
Q9Y264-2,Q9Y264,0.590580859,81.11332008,substitution,0.22845687928200928,0.59375,0.08333333333333333,0.2916666666666667,0.375
Q15233-2,Q15233,0.658655406,81.10403397,deletion,0.5798614572998061,0.15730337078651685,0.07865168539325842,0.056179775280898875,0.1348314606741573
A5X5Y0-6,A5X5Y0,0.840309066,82.421875,substitution,0.3453921989021936,0.421875,0.203125,0.3203125,0.5234375
Q8N9Y4-2,Q8N9Y4,0.251386492,82.48587571,deletion,0.7414641562419079,0.0,0.0,0.0,0.0
P51858-3,P51858,0.446644232,81.50943396,substitution,0.3464471939644086,0.35714285714285715,0.0,0.35714285714285715,0.35714285714285715
O43307-3,O43307,0.760430189,80.23255814,deletion,0.4442373361463679,0.27450980392156865,0.12745098039215685,0.28431372549019607,0.4117647058823529
Q86TJ2-2,Q86TJ2,0.557142406,82.14285714,deletion,0.3305487272378121,0.4266666666666667,0.26666666666666666,0.18666666666666668,0.4533333333333333
Q15628-2,Q15628,0.614605051,80.76923077,deletion,0.309515483005533,0.4666666666666667,0.4166666666666667,0.21666666666666667,0.6333333333333333
P13928-3,P13928,0.887197447,81.03975535,deletion,0.28845586624615177,0.4838709677419355,0.6129032258064516,0.0,0.6129032258064516
P00973-4,P00973,0.932047736,84.84107579,substitution,0.7080420371143714,0.0,0.0,0.0,0.0
P49459-2,P49459,0.854423576,80.26315789,deletion,0.19168318060323078,0.6666666666666666,0.0,0.36666666666666664,0.36666666666666664
O00470-2,O00470,0.529791016,80.34188034,substitution,0.567970606680212,0.12853470437017994,0.38817480719794345,0.0,0.38817480719794345
P24530-3,P24530,0.794196978,83.08270677,insertion,,,,,
O75908-3,O75908,0.722964326,84.29118774,substitution,0.31423158131681395,0.3869047619047619,0.7797619047619048,0.005952380952380952,0.7857142857142857
P23280-3,P23280,0.807949773,80.51948052,deletion,0.2842687462690569,0.48333333333333334,0.18333333333333332,0.23333333333333334,0.4166666666666667
P51809-3,P51809,0.546762487,81.36363636,deletion,0.19121889354652735,0.6829268292682927,0.1951219512195122,0.5609756097560976,0.7560975609756098
Q92731-7,Q92731,0.483219508,82.83018868,deletion,0.19500831642581926,0.6703296703296703,0.6263736263736264,0.08791208791208792,0.7142857142857143
Q13418-2,Q13418,0.614454204,82.74336283,substitution,0.33842603534140925,0.34831460674157305,0.3258426966292135,0.14606741573033707,0.47191011235955055
Q13137-5,Q13137,0.553693018,83.85650224,deletion,0.4000027560940962,0.3333333333333333,0.041666666666666664,0.3194444444444444,0.3611111111111111
Q86X83-2,Q86X83,0.799561861,82.91457286,substitution,0.45055579018433295,0.058823529411764705,0.7647058823529411,0.058823529411764705,0.8235294117647058
P49450-2,P49450,0.389798653,81.42857143,deletion,0.43559065748619685,0.15384615384615385,0.6538461538461539,0.0,0.6538461538461539
O14931-2,O14931,0.705729941,82.77511962,substitution,0.7238934890982979,0.0,0.05714285714285714,0.0,0.05714285714285714
P30050-2,P30050,0.812974551,80.0,deletion,0.2930929001367614,0.48484848484848486,0.3333333333333333,0.36363636363636365,0.696969696969697
Q9H1Z4-2,Q9H1Z4,0.806870011,81.03092784,deletion,0.45654888527417425,0.30434782608695654,0.6195652173913043,0.0,0.6195652173913043
Q9UBM1-2,Q9UBM1,0.920424072,84.3220339,insertion,,,,,
P62191-2,P62191,0.834014532,83.40909091,deletion,0.6602588608844355,0.0,0.3150684931506849,0.0,0.3150684931506849
O60260-7,O60260,0.788262453,83.22580645,substitution,0.267379644315866,0.5519125683060109,0.23497267759562843,0.20765027322404372,0.4426229508196721
P24046-3,P24046,0.785252818,81.83716075,deletion,0.6667184113535268,0.034482758620689655,0.13793103448275862,0.0,0.13793103448275862
Q9NYZ4-2,Q9NYZ4,0.422873977,81.16232465,substitution,0.2938779808643372,0.46808510638297873,0.031914893617021274,0.5,0.5319148936170213
Q8WUT9-2,Q8WUT9,0.671370072,84.75073314,deletion,0.2900693360280521,0.5192307692307693,0.7692307692307693,0.0,0.7692307692307693
Q9BZ23-4,Q9BZ23,0.782165335,80.52631579,deletion,0.744886254422111,0.0,0.0,0.0,0.0
P05538-2,P05538,0.76206418,84.70149254,substitution,0.3875023867076146,0.28515625,0.328125,0.34765625,0.67578125
Q96PE5-3,Q96PE5,0.532412945,82.9787234,deletion,0.7319237606665365,0.0,0.0,0.0,0.0
Q5XG92-6,Q5XG92,0.908056624,82.5311943,deletion,0.3303883676045643,0.45918367346938777,0.30612244897959184,0.2857142857142857,0.5918367346938775
P04921-2,P04921,0.343748144,83.59375,deletion,0.7233614387129597,0.0,0.0,0.0,0.0
Q8IXJ6-5,Q8IXJ6,0.859729397,80.71979434,substitution,0.5294144623735322,0.14084507042253522,0.38028169014084506,0.0,0.38028169014084506
P78346-2,P78346,0.813165721,82.29813665,substitution,0.8528908251950691,0.0,0.0,0.0,0.0
Q9P0L0-2,Q9P0L0,0.576230196,84.69387755,insertion,,,,,
Q96QG7-2,Q96QG7,0.912162281,84.51730419,deletion,0.2542754538049426,0.5411764705882353,0.09411764705882353,0.5647058823529412,0.6588235294117647
Q9Y5N1-3,Q9Y5N1,0.794637088,82.02247191,deletion,0.6410961538097051,0.025,0.3375,0.0,0.3375
Q6PI98-4,Q6PI98,0.521056062,84.21052632,insertion,,,,,
Q03060-15,Q03060,0.470890968,81.99445983,substitution,0.7083523499639142,0.0,0.0,0.04597701149425287,0.04597701149425287
O95169-3,O95169,0.890929604,83.33333333,deletion,0.6817726744186862,0.0,0.1935483870967742,0.0,0.1935483870967742
Q9ULX9-2,Q9ULX9,0.821413552,82.31707317,deletion,0.587429660359895,0.06896551724137931,0.3103448275862069,0.0,0.3103448275862069
Q86T20-2,Q86T20,0.479227098,80.39215686,deletion,0.47736763957033884,0.0,1.0,0.0,1.0
P29218-3,P29218,0.908740568,82.44047619,insertion,,,,,
P13716-2,P13716,0.903905163,83.05555556,substitution,0.35086845418722273,0.3783783783783784,0.5135135135135135,0.21621621621621623,0.7297297297297297
P82912-3,P82912,0.557964708,82.98969072,deletion,0.3924347901923985,0.3333333333333333,0.09090909090909091,0.24242424242424243,0.3333333333333333
P15863-3,P15863,0.368068276,82.85198556,substitution,0.7639307965478662,0.0,0.0,0.0,0.0
P78382-2,P78382,0.670196405,82.1958457,substitution,0.2522303684301552,0.5666666666666667,0.8,0.0,0.8
P01732-2,P01732,0.639850857,83.82978723,substitution,0.5001124413801846,0.0,0.8421052631578947,0.0,0.8421052631578947
P10966-4,P10966,0.762779581,84.14634146,substitution,0.766975453777639,0.0,0.3333333333333333,0.0,0.3333333333333333
Q16653-6,Q16653,0.794175436,80.70866142,substitution,0.5142772196902825,0.02,0.84,0.0,0.84
A6XGL0-2,A6XGL0,0.873467753,83.27759197,deletion,0.5546421368478542,0.12,0.4,0.02,0.42
Q96F24-3,Q96F24,0.522665144,83.77483444,substitution,0.3235798788320788,0.3783783783783784,0.7837837837837838,0.0,0.7837837837837838
Q8ND25-2,Q8ND25,0.428300803,81.65467626,insertion,,,,,
O95816-2,O95816,0.732249852,81.99052133,substitution,0.588578438661803,0.02702702702702703,0.4864864864864865,0.0,0.4864864864864865
Q6W5P4-2,Q6W5P4,0.670885889,82.21024259,deletion,0.23654944812142578,0.6515151515151515,0.8787878787878788,0.0,0.8787878787878788
P14921-2,P14921,0.334976517,80.27210884,deletion,0.5873562457273732,0.16091954022988506,0.14942528735632185,0.0,0.14942528735632185
O00233-2,O00233,0.661715883,80.60344828,substitution,0.3760304252209538,0.39473684210526316,0.0,0.5526315789473685,0.5526315789473685
Q96KN3-2,Q96KN3,0.402322805,84.95762712,substitution,0.6770865370026491,0.013513513513513514,0.17567567567567569,0.0,0.17567567567567569
Q6WN34-2,Q6WN34,0.256107749,82.40343348,substitution,0.4450109968501438,0.16981132075471697,0.33962264150943394,0.2830188679245283,0.6226415094339622
Q93062-2,Q93062,0.537221164,81.65137615,substitution,0.7480234028781065,0.0,0.0,0.0,0.0
P40938-2,P40938,0.916052049,83.14606742,substitution,0.32163533024164537,0.4032258064516129,0.9193548387096774,0.0,0.9193548387096774
Q96PM5-8,Q96PM5,0.772312269,81.22605364,substitution,0.2815776614348473,0.4594594594594595,0.17567567567567569,0.2635135135135135,0.4391891891891892
Q1A5X6-3,Q1A5X6,0.285583071,83.01886792,deletion,0.6046496082787334,0.0,0.48148148148148145,0.0,0.48148148148148145
P43115-5,P43115,0.8624356,84.81308411,substitution,0.605436152495464,0.0,0.2903225806451613,0.0,0.2903225806451613
P17677-2,P17677,0.195354871,84.67153285,substitution,0.7470545024666796,0.0,0.4444444444444444,0.0,0.4444444444444444
B4DS77-2,B4DS77,0.30073533,81.13207547,deletion,0.5926885109505922,0.0875,0.3875,0.05,0.4375
Q12982-2,Q12982,0.620515501,83.5106383,insertion,,,,,
P23760-5,P23760,0.628979598,81.83716075,substitution,0.7255257870111295,0.0,0.0,0.0,0.0
Q6N075-2,Q6N075,0.895661267,80.78994614,insertion,,,,,
Q9BUY7-2,Q9BUY7,0.915626162,84.66257669,deletion,0.51974553454178,0.16666666666666666,0.375,0.0,0.375
Q96EC8-2,Q96EC8,0.815663098,81.77966102,deletion,0.655607071078033,0.0,0.11627906976744186,0.0,0.11627906976744186
Q6ZV89-2,Q6ZV89,0.599908559,80.14184397,deletion,0.40028727973684963,0.3333333333333333,0.16666666666666666,0.3333333333333333,0.5
P39905-4,P39905,0.490159847,80.70175439,substitution,0.6710259230833642,0.0,0.3,0.0,0.3
Q86UY8-2,Q86UY8,0.888661126,84.67153285,substitution,0.29124685006102624,0.5200845665961945,0.4608879492600423,0.12473572938689217,0.5856236786469344
Q96IY4-2,Q96IY4,0.84024664,80.13856813,substitution,0.18016207208037632,0.7035398230088495,0.39823008849557523,0.12831858407079647,0.5265486725663717
Q9UKT9-5,Q9UKT9,0.189386421,81.33595285,deletion,0.34074647580088524,0.3473684210526316,0.4105263157894737,0.1368421052631579,0.5473684210526316
Q9BWG6-2,Q9BWG6,0.374261877,84.7826087,deletion,0.4959327695769133,0.11428571428571428,0.5142857142857142,0.08571428571428572,0.6
Q9HAW8-2,Q9HAW8,0.870806095,81.69811321,substitution,0.4221922443899323,0.24242424242424243,0.696969696969697,0.0,0.696969696969697
P55957-2,P55957,0.78051938,80.91286307,insertion,,,,,
P22694-2,P22694,0.929404196,85.42713568,substitution,0.4998696758634255,0.0,1.0,0.0,1.0
O75386-2,O75386,0.569388223,87.4251497,substitution,0.4363557265311056,0.3333333333333333,0.0,0.0,0.0
Q9BWQ8-2,Q9BWQ8,0.822533198,85.44303797,deletion,0.7152656835395534,0.0,0.0,0.0,0.0
Q96EX2-5,Q96EX2,0.64175671,88.32599119,substitution,0.23994809226663308,0.5909090909090909,0.18181818181818182,0.11363636363636363,0.29545454545454547
P24071-11,P24071,0.636170276,88.1533101,substitution,0.3081054572477517,0.44878048780487806,0.03414634146341464,0.4682926829268293,0.5024390243902439
Q9HCI7-2,Q9HCI7,0.248925541,87.17504333,deletion,0.2454858986281304,0.5540540540540541,0.47297297297297297,0.12162162162162163,0.5945945945945946
Q9BZW8-3,Q9BZW8,0.495809067,87.2972973,substitution,0.5206987164646021,0.13524590163934427,0.24180327868852458,0.21311475409836064,0.45491803278688525
Q96BS2-3,Q96BS2,0.778171313,87.38317757,deletion,0.2864790919554692,0.5555555555555556,0.7037037037037037,0.037037037037037035,0.7407407407407407
Q08431-4,Q08431,0.898694754,88.37209302,substitution,0.3891727883934544,0.24444444444444444,0.08888888888888889,0.35555555555555557,0.4444444444444444
O43251-3,O43251,0.278039808,89.74358974,substitution,0.5985996500998613,0.14772727272727273,0.07575757575757576,0.10984848484848485,0.1856060606060606
P32241-4,P32241,0.7889464,86.65207877,substitution,0.39411054216946717,0.29545454545454547,0.45454545454545453,0.17424242424242425,0.6287878787878788
Q5VZF2-2,Q5VZF2,0.410136143,88.94736842,substitution,0.7246831307934293,0.0,0.0,0.0,0.0
Q9P0V9-2,Q9P0V9,0.781345562,89.26441352,substitution,0.7255305468195978,0.0,0.0,0.0,0.0
Q7M4L6-2,Q7M4L6,0.331070708,88.88888889,deletion,0.7197608445564151,0.0,0.0,0.0,0.0
Q12981-2,Q12981,0.617449785,85.0877193,deletion,0.3682896965413984,0.35294117647058826,0.9117647058823529,0.0,0.9117647058823529
O95169-2,O95169,0.790678125,86.02150538,substitution,0.5111705556011551,0.16666666666666666,0.16666666666666666,0.0,0.16666666666666666
Q06413-4,Q06413,0.260767669,88.16067653,substitution,0.6981939792771904,0.0,0.11458333333333333,0.0,0.11458333333333333
Q9C0I9-2,Q9C0I9,0.515696247,86.98113208,substitution,0.5393825934595614,0.14492753623188406,0.0,0.043478260869565216,0.043478260869565216
Q9GZZ9-2,Q9GZZ9,0.833580094,86.13861386,deletion,0.4808692488200896,0.14285714285714285,0.5178571428571429,0.0,0.5178571428571429
Q96G04-2,Q96G04,0.712642959,89.6969697,deletion,0.3347440838090306,0.4117647058823529,0.4117647058823529,0.20588235294117646,0.6176470588235294
P48426-2,P48426,0.915034189,85.4679803,deletion,0.5125333016935316,0.2542372881355932,0.3050847457627119,0.0,0.3050847457627119
Q8N4Q1-2,Q8N4Q1,0.718232549,89.03225806,substitution,0.47471438836576396,0.0,0.0,0.8,0.8
Q96PC3-2,Q96PC3,0.932026432,85.20710059,substitution,0.5705024366631414,0.0,0.8181818181818182,0.0,0.8181818181818182
Q13868-3,Q13868,0.877884332,89.76109215,deletion,0.2945467030301612,0.5,0.1,0.43333333333333335,0.5333333333333333
P17096-2,P17096,0.241712484,89.71962617,deletion,0.7471966476186115,0.0,0.0,0.0,0.0
Q08495-3,Q08495,0.219974711,88.39506173,substitution,0.6296168562979831,0.029850746268656716,0.24776119402985075,0.03582089552238806,0.2835820895522388
Q14593-2,Q14593,0.645944069,88.57644991,deletion,0.552641217185846,0.15384615384615385,0.3076923076923077,0.0,0.3076923076923077
P28161-2,P28161,0.934560109,86.69724771,substitution,0.29368230965479947,0.5862068965517241,0.27586206896551724,0.0,0.27586206896551724
Q4ZJI4-3,Q4ZJI4,0.752435449,86.34615385,substitution,0.2565862995093102,0.5070422535211268,0.8873239436619719,0.014084507042253521,0.9014084507042254
P0DPI2-2,P0DPI2,0.814260677,88.43283582,deletion,0.2502945246982875,0.5806451612903226,0.6129032258064516,0.16129032258064516,0.7741935483870968
Q9Y320-2,Q9Y320,0.658999872,86.82432432,substitution,0.27424221009355765,0.48717948717948717,0.9230769230769231,0.0,0.9230769230769231
Q86WA6-2,Q86WA6,0.911453431,89.34707904,substitution,0.726215762806029,0.02857142857142857,0.0,0.0,0.0
Q13291-2,Q13291,0.808426654,86.30952381,substitution,0.7393033859966911,0.0,0.0,0.0,0.0
Q13336-2,Q13336,0.889386911,87.41573034,insertion,,,,,
Q9NZL9-4,Q9NZL9,0.79550741,88.65671642,substitution,0.24611876836683408,0.5544217687074829,0.36394557823129253,0.25170068027210885,0.6156462585034014
O00499-3,O00499,0.646412167,85.32883642,deletion,0.7427175109189484,0.0,0.0,0.0,0.0
P56211-2,P56211,0.323126594,85.71428571,deletion,0.6316103808303205,0.0,0.5625,0.0,0.5625
Q6NT76-2,Q6NT76,0.507026275,89.36170213,substitution,0.6252446437527778,0.03896103896103896,0.4025974025974026,0.0,0.4025974025974026
Q92851-4,Q92851,0.473768928,89.88764045,substitution,0.6288118258964615,0.04081632653061224,0.30612244897959184,0.0,0.30612244897959184
Q9HBI1-3,Q9HBI1,0.845026981,89.56043956,deletion,0.6543874050666214,0.0,0.4864864864864865,0.0,0.4864864864864865
Q8IXU6-2,Q8IXU6,0.803449378,85.90425532,substitution,0.4705009525742804,0.2459016393442623,0.4918032786885246,0.03278688524590164,0.5245901639344263
Q9BWT1-3,Q9BWT1,0.250497595,86.52291105,deletion,0.20426521828742797,0.66,0.36,0.08,0.44
Q8IXU6-3,Q8IXU6,0.845368031,87.43315508,deletion,0.5116592382640214,0.1276595744680851,0.6808510638297872,0.0,0.6808510638297872
Q15369-2,Q15369,0.874692697,85.71428571,deletion,0.499614177280677,0.25,0.0,0.0625,0.0625
P0CL85-2,P0CL85,0.930460914,86.56716418,deletion,0.4318785118377752,0.3333333333333333,0.5,0.0,0.5
Q8N228-2,Q8N228,0.404184758,85.99033816,deletion,0.7679645637704544,0.0,0.0,0.0,0.0
Q6ZQR2-2,Q6ZQR2,0.231604756,88.75,deletion,0.7337428447986024,0.0,0.0,0.0,0.0
Q9NXT0-3,Q9NXT0,0.710696631,89.30348259,deletion,0.509836439946758,0.13953488372093023,0.3953488372093023,0.0,0.3953488372093023
Q99640-4,Q99640,0.743860461,85.37074148,deletion,0.6930626361269817,0.0,0.11594202898550725,0.0,0.11594202898550725
Q68CL5-4,Q68CL5,0.612061912,88.33333333,deletion,0.38062513022938177,0.4,0.2,0.2857142857142857,0.4857142857142857
Q96S16-2,Q96S16,0.853155423,88.63636364,deletion,0.3961302633977561,0.3,0.23333333333333334,0.06666666666666667,0.3
O75528-2,O75528,0.349771112,85.41666667,deletion,0.3821312477347656,0.2698412698412698,0.8888888888888888,0.0,0.8888888888888888
Q9Y697-3,Q9Y697,0.835612753,88.84026258,deletion,0.22591012143901082,0.6078431372549019,0.37254901960784315,0.19607843137254902,0.5686274509803921
P36896-5,P36896,0.687654463,89.7029703,deletion,0.5490283594048477,0.25,0.057692307692307696,0.21153846153846154,0.2692307692307692
Q8WVF1-2,Q8WVF1,0.865004267,87.14652956,deletion,0.5366095143433025,0.12,0.4,0.0,0.4
Q13795-2,Q13795,0.925738788,86.06965174,deletion,0.3680787127476059,0.39285714285714285,0.5,0.03571428571428571,0.5357142857142857
Q8NHH9-4,Q8NHH9,0.763973831,87.84246575,substitution,0.3330751016457432,0.4020618556701031,0.5154639175257731,0.11168384879725086,0.627147766323024
P20827-2,P20827,0.716974266,89.26829268,deletion,0.3426998413034008,0.4090909090909091,0.0,0.36363636363636365,0.36363636363636365
Q92569-2,Q92569,0.316718704,87.20173536,deletion,0.3146095647043088,0.4067796610169492,1.0,0.0,1.0
P05186-3,P05186,0.918078142,89.50381679,deletion,0.4792953890551656,0.18181818181818182,0.38181818181818183,0.07272727272727272,0.45454545454545453
Q86SU0-6,Q86SU0,0.460474326,87.34402852,substitution,0.3989268382871535,0.3151750972762646,0.2723735408560311,0.22957198443579765,0.5019455252918288
Q9NUQ6-2,Q9NUQ6,0.466268974,87.6344086,deletion,0.72882547583724,0.0,0.057971014492753624,0.0,0.057971014492753624
Q9BUP3-3,Q9BUP3,0.92761956,87.68115942,insertion,,,,,
Q9NUK0-2,Q9NUK0,0.514696341,85.63685637,substitution,0.737804340254433,0.0,0.0,0.0,0.0
A1A519-3,A1A519,0.512455253,85.45454545,substitution,0.5984972923889537,0.1111111111111111,0.1503267973856209,0.08169934640522876,0.23202614379084968
Q8IWU4-2,Q8IWU4,0.813699843,86.72086721,deletion,0.6929997935151762,0.0,0.30612244897959184,0.0,0.30612244897959184
Q99538-2,Q99538,0.827561593,86.83602771,deletion,0.2571992829350237,0.5263157894736842,0.6842105263157895,0.0,0.6842105263157895
Q9H0F5-2,Q9H0F5,0.264920042,89.51456311,deletion,0.7499253506527873,0.0,0.0,0.0,0.0
Q9Y251-2,Q9Y251,0.905318571,89.13443831,substitution,0.17823303000022697,0.6949152542372882,0.423728813559322,0.22033898305084745,0.6440677966101694
Q9UPQ4-2,Q9UPQ4,0.492288391,87.6984127,substitution,0.4233050277908383,0.11666666666666667,1.0,0.0,1.0
Q13555-11,Q13555,0.860290385,89.29188256,substitution,0.6749973745181744,0.045454545454545456,0.1,0.02727272727272727,0.12727272727272726
Q99963-4,Q99963,0.779263792,85.47945205,substitution,0.34315699331891275,0.3783783783783784,0.08108108108108109,0.5945945945945946,0.6756756756756757
Q8N884-2,Q8N884,0.632865855,85.05747126,substitution,0.23625949564835866,0.5897435897435898,0.6025641025641025,0.0641025641025641,0.6666666666666666
P31947-2,P31947,0.666510522,87.09677419,deletion,0.25080614687942704,0.4375,0.78125,0.0,0.78125
Q8TCT9-4,Q8TCT9,0.86421744,89.84771574,substitution,0.5064592230391852,0.1,0.6333333333333333,0.0,0.6333333333333333
Q14094-2,Q14094,0.654760599,86.07594937,substitution,0.45918306023735,0.1891891891891892,0.5675675675675675,0.0,0.5675675675675675
Q9Y535-2,Q9Y535,0.56670105,85.78431373,deletion,0.22047788810993377,0.6206896551724138,0.0,0.6896551724137931,0.6896551724137931
P07306-2,P07306,0.525611337,86.25429553,substitution,0.5611632648539329,0.0,0.65,0.0,0.65
Q93045-2,Q93045,0.824937619,85.9375,substitution,0.5357499926225854,0.0,0.9473684210526315,0.0,0.9473684210526315
Q9UBB4-2,Q9UBB4,0.876040843,86.52631579,deletion,0.23966099131902502,0.53125,0.875,0.0,0.875
A5D8V7-2,A5D8V7,0.291493816,85.36184211,substitution,0.7018154069797033,0.0,0.1875,0.0,0.1875
P13688-8,P13688,0.841505289,87.07224335,substitution,0.7305950063578931,0.0,0.0,0.0,0.0
P53365-3,P53365,0.761425619,88.85630499,deletion,0.6364645812782017,0.07894736842105263,0.2894736842105263,0.0,0.2894736842105263
Q8TBH0-2,Q8TBH0,0.817902773,85.74938575,substitution,0.3125841782066358,0.45555555555555555,0.0,0.7111111111111111,0.7111111111111111
P51157-3,P51157,0.909536456,87.78280543,substitution,0.712999148471934,0.0,0.0,0.0,0.0
Q9HBE4-2,Q9HBE4,0.887863962,88.0239521,substitution,0.45646922057659645,0.1875,0.6875,0.0,0.6875
Q96G25-2,Q96G25,0.666702877,89.03654485,insertion,,,,,
Q9H321-2,Q9H321,0.193770051,87.80487805,deletion,0.683546263984151,0.0,0.0,0.0,0.0
Q9NQZ6-3,Q9NQZ6,0.640358976,89.73214286,deletion,0.487643516594276,0.0,1.0,0.0,1.0
Q9NZC7-2,Q9NZC7,0.821769915,85.74879227,substitution,0.2391694873754817,0.5645161290322581,0.6129032258064516,0.11290322580645161,0.7258064516129032
Q15121-2,Q15121,0.657284707,86.09271523,insertion,,,,,
O75298-2,O75298,0.3352897,86.60550459,deletion,0.6101505566547852,0.0136986301369863,0.4246575342465753,0.0,0.4246575342465753
Q9Y616-2,Q9Y616,0.644562794,89.76510067,deletion,0.2988634109469869,0.5081967213114754,0.7049180327868853,0.01639344262295082,0.7213114754098361
P61224-3,P61224,0.865291738,89.67391304,deletion,0.2113264102326599,0.631578947368421,0.0,0.7368421052631579,0.7368421052631579
Q8NHS9-2,Q8NHS9,0.506139029,88.15426997,deletion,0.722405950411991,0.0,0.0,0.0,0.0
Q6IPR3-2,Q6IPR3,0.72262318,87.25868726,deletion,0.19077429654952266,0.6666666666666666,0.3333333333333333,0.36363636363636365,0.696969696969697
Q53RD9-2,Q53RD9,0.541936778,89.52164009,deletion,0.46209155035049837,0.1956521739130435,0.0,0.43478260869565216,0.43478260869565216
Q6P2C8-2,Q6P2C8,0.554400142,88.4244373,deletion,0.2421165111433254,0.5833333333333334,0.0,0.5555555555555556,0.5555555555555556
P61019-2,P61019,0.894380414,88.67924528,deletion,0.2875475221551705,0.5416666666666666,0.4166666666666667,0.041666666666666664,0.4583333333333333
Q15723-3,Q15723,0.315107715,86.86868687,substitution,0.7258044089224525,0.0,0.0,0.0,0.0
Q9UBV4-2,Q9UBV4,0.941537226,89.12466844,substitution,0.4952116250392993,0.12903225806451613,0.7096774193548387,0.0,0.7096774193548387
O76083-13,O76083,0.646454503,88.02698145,substitution,0.3489735943393759,0.4305555555555556,0.16666666666666666,0.2777777777777778,0.4444444444444444
P13688-10,P13688,0.813897497,87.64258555,substitution,0.7325738224321613,0.0,0.0,0.0,0.0
P11161-2,P11161,0.279965782,89.49579832,deletion,0.7316153647222312,0.0,0.0,0.0,0.0
P19544-7,P19544,0.339859929,86.01532567,insertion,,,,,
Q15485-2,Q15485,0.817083894,87.85942492,deletion,0.7574017019943245,0.0,0.0,0.0,0.0
Q86WB0-3,Q86WB0,0.726870714,85.85657371,deletion,0.7201155807604651,0.0,0.0,0.0,0.0
Q9H3H3-1,Q9H3H3,0.890508481,85.95890411,deletion,0.7218565998660832,0.024390243902439025,0.0,0.0,0.0
Q9H4X1-2,Q9H4X1,0.381836652,85.40145985,deletion,0.6324743263312909,0.0,0.2,0.0,0.2
Q8N4T4-4,Q8N4T4,0.933609528,89.85074627,substitution,0.29131227393219356,0.42857142857142855,0.45714285714285713,0.3142857142857143,0.7714285714285715
Q6P4E1-2,Q6P4E1,0.465923389,86.9266055,substitution,0.7021339224050565,0.0,0.12280701754385964,0.0,0.12280701754385964
P01116-2,P01116,0.951177611,89.94708995,substitution,0.42065115581222007,0.2702702702702703,0.6486486486486487,0.0,0.6486486486486487
Q9H7B4-3,Q9H7B4,0.924307292,86.21495327,deletion,0.2829426717917286,0.4915254237288136,0.0,0.3898305084745763,0.3898305084745763
Q5JTD0-4,Q5JTD0,0.362665476,86.35547576,substitution,0.5368468552623997,0.015625,0.71875,0.0,0.71875
Q04900-2,Q04900,0.336116198,89.0,substitution,0.5346674260293102,0.0,0.7391304347826086,0.0,0.7391304347826086
Q9ULP0-3,Q9ULP0,0.817868445,86.23376623,substitution,0.2435445446601324,0.5647840531561462,0.4152823920265781,0.16611295681063123,0.5813953488372093
Q8WW22-3,Q8WW22,0.861400893,88.80597015,substitution,0.37194270816227915,0.27906976744186046,0.6046511627906976,0.0,0.6046511627906976
Q8NG50-2,Q8NG50,0.747190505,86.94158076,substitution,0.2445086717669704,0.5161290322580645,0.25806451612903225,0.3548387096774194,0.6129032258064516
Q8NCT3-3,Q8NCT3,0.573306505,88.65384615,substitution,0.6204782528494227,0.1206896551724138,0.2413793103448276,0.0,0.2413793103448276
Q9H5I1-2,Q9H5I1,0.917053586,85.36585366,deletion,0.467381718026446,0.3,0.21666666666666667,0.18333333333333332,0.4
O60256-2,O60256,0.830663784,89.1598916,deletion,0.2969579480059385,0.475,0.05,0.4,0.45
P37268-5,P37268,0.879120318,89.6882494,deletion,0.2150608863249939,0.6046511627906976,0.7674418604651163,0.0,0.7674418604651163
Q96FL9-3,Q96FL9,0.848944249,87.84722222,substitution,0.3552590044190736,0.375,0.35714285714285715,0.0,0.35714285714285715
Q5QGZ9-4,Q5QGZ9,0.864354615,87.16981132,substitution,0.5372518691755992,0.0,0.7941176470588235,0.0,0.7941176470588235
Q06609-4,Q06609,0.921507909,86.32478632,substitution,0.35376821614188475,0.3333333333333333,0.5384615384615384,0.05128205128205128,0.5897435897435898
Q2TBC4-3,Q2TBC4,0.681750578,88.80208333,substitution,0.8090298951248588,0.0,0.0,0.0,0.0
P04899-3,P04899,0.946842201,89.01408451,substitution,0.4243230758812931,0.15789473684210525,0.6578947368421053,0.18421052631578946,0.8421052631578947
Q9ULV4-3,Q9ULV4,0.85031662,89.943074,insertion,,,,,
Q6A555-2,Q6A555,0.712633708,85.03937008,substitution,0.31456943674045174,0.4,0.55,0.2,0.75
Q8TDQ7-5,Q8TDQ7,0.931550648,87.68115942,deletion,0.17404956182629297,0.7058823529411765,0.35294117647058826,0.23529411764705882,0.5882352941176471
Q8N8E2-2,Q8N8E2,0.350394944,88.53974122,deletion,0.7550079541015322,0.0,0.0,0.0,0.0
Q13424-2,Q13424,0.529038549,85.14851485,deletion,0.26236183421619913,0.5066666666666667,0.4,0.30666666666666664,0.7066666666666667
Q96FT9-2,Q96FT9,0.390517081,85.98130841,substitution,0.709567945083513,0.0,0.0,0.0,0.0
Q99640-2,Q99640,0.725504929,89.57915832,substitution,0.7385817190121698,0.0,0.0,0.0,0.0
Q9H4Y5-3,Q9H4Y5,0.937364286,88.47736626,deletion,0.30600749727916104,0.4642857142857143,0.0,0.21428571428571427,0.21428571428571427
Q9UHX1-4,Q9UHX1,0.436116068,89.26654741,substitution,0.6327045280228681,0.0,0.43478260869565216,0.0,0.43478260869565216
P07951-2,P07951,0.90538686,87.32394366,substitution,0.49020442932889013,0.0,0.9894736842105263,0.0,0.9894736842105263
P15529-4,P15529,0.718369594,86.66666667,substitution,0.6145210224932323,0.018691588785046728,0.3364485981308411,0.0,0.3364485981308411
P22307-4,P22307,0.668260121,85.19195612,deletion,0.27640062785271513,0.5185185185185185,0.30864197530864196,0.16049382716049382,0.4691358024691358
Q9NW81-5,Q9NW81,0.63257136,89.49416342,deletion,0.2035641492364636,0.6296296296296297,0.7037037037037037,0.1111111111111111,0.8148148148148148
P15336-4,P15336,0.33078247,86.44400786,substitution,0.5575055503581476,0.09230769230769231,0.2923076923076923,0.06153846153846154,0.35384615384615387
Q8TBY0-3,Q8TBY0,0.801593971,87.99249531,substitution,0.7181114577284561,0.0,0.09230769230769231,0.0,0.09230769230769231
Q8N126-3,Q8N126,0.430839806,88.19095477,substitution,0.2516246548766707,0.5531914893617021,0.1276595744680851,0.5531914893617021,0.6808510638297872
Q9UKT9-8,Q9UKT9,0.312292731,85.65815324,substitution,0.4924774424853795,0.18981481481481483,0.26851851851851855,0.09259259259259259,0.3611111111111111
Q96J77-3,Q96J77,0.619697517,88.57142857,substitution,0.6667261071601368,0.0,0.5882352941176471,0.0,0.5882352941176471
P08243-3,P08243,0.917277492,85.20499109,deletion,0.18963632799311092,0.6626506024096386,0.21686746987951808,0.37349397590361444,0.5903614457831325
Q9NZI2-5,Q9NZI2,0.795451028,85.71428571,substitution,0.3542813219055353,0.3333333333333333,0.6666666666666666,0.04,0.7066666666666667
Q8N8Q1-3,Q8N8Q1,0.890343221,87.64940239,substitution,0.14898904805748184,0.7692307692307693,0.9230769230769231,0.0,0.9230769230769231
Q92731-6,Q92731,0.668671211,88.30188679,substitution,0.4742797191420983,0.25806451612903225,0.5,0.0,0.5
Q96LC9-2,Q96LC9,0.314034381,88.58695652,deletion,0.5067840377991414,0.0,1.0,0.0,1.0
Q93038-9,Q93038,0.402459336,89.20863309,deletion,0.3558891561455342,0.4444444444444444,0.0,0.3111111111111111,0.3111111111111111
Q9BZB8-2,Q9BZB8,0.604603504,86.74911661,deletion,0.6059888766502486,0.08,0.17333333333333334,0.0,0.17333333333333334
Q9UJT1-5,Q9UJT1,0.8368129,86.75496689,substitution,0.21330453275521313,0.6129032258064516,0.46774193548387094,0.2903225806451613,0.7580645161290323
O75398-4,O75398,0.386851103,87.96460177,deletion,0.6451084865895361,0.0,0.4264705882352941,0.0,0.4264705882352941
Q15008-3,Q15008,0.890657499,89.71722365,substitution,0.28476271840563233,0.525,0.6,0.0,0.6
Q8N149-3,Q8N149,0.886894928,87.57763975,substitution,0.3357241779612806,0.416135881104034,0.09766454352441614,0.43736730360934184,0.535031847133758
Q9NZ09-2,Q9NZ09,0.261540748,87.84860558,deletion,0.46946433683269817,0.19672131147540983,0.5409836065573771,0.0,0.5409836065573771
Q8WV16-3,Q8WV16,0.802118133,87.5,substitution,0.30656420243459526,0.47368421052631576,0.23684210526315788,0.3881578947368421,0.625
Q6UW02-2,Q6UW02,0.91680356,89.24731183,substitution,0.29591754666474895,0.47058823529411764,0.7647058823529411,0.0,0.7647058823529411
O43493-4,O43493,0.242228323,86.72768879,deletion,0.7168900254672269,0.0,0.0,0.0,0.0
Q6UXI9-2,Q6UXI9,0.314736594,89.55752212,substitution,0.3738686083525236,0.38202247191011235,0.0,0.42696629213483145,0.42696629213483145
P41223-2,P41223,0.903314792,87.91946309,substitution,0.30370532781703624,0.5,0.0,0.0,0.0
O60729-5,O60729,0.879502044,87.45098039,substitution,0.6614800200555848,0.09615384615384616,0.057692307692307696,0.07692307692307693,0.1346153846153846
O95793-2,O95793,0.516007173,85.96187175,deletion,0.6475513556662547,0.06172839506172839,0.18518518518518517,0.0,0.18518518518518517
Q9NQ31-3,Q9NQ31,0.321225667,87.14285714,deletion,0.484519193805565,0.07407407407407407,0.7407407407407407,0.0,0.7407407407407407
Q13555-10,Q13555,0.64952923,88.53046595,substitution,0.6859877391750093,0.021052631578947368,0.08421052631578947,0.031578947368421054,0.11578947368421053
Q8NE31-4,Q8NE31,0.250053922,85.81196581,deletion,0.7187589626565827,0.0,0.0,0.0,0.0
A0PJY2-2,A0PJY2,0.478461088,89.47368421,deletion,0.7417211742096597,0.0,0.0,0.0,0.0
Q9NXG6-3,Q9NXG6,0.735679542,89.1651865,insertion,,,,,
Q13277-2,Q13277,0.780657961,87.19723183,deletion,0.4325852936145379,0.05405405405405406,1.0,0.0,1.0
O95864-3,O95864,0.92880917,86.71171171,substitution,0.23747496606593924,0.5254237288135594,0.7457627118644068,0.03389830508474576,0.7796610169491526
P07098-4,P07098,0.879795339,89.46078431,substitution,0.30625806882705414,0.5377358490566038,0.22641509433962265,0.1792452830188679,0.4056603773584906
P53539-10,P53539,0.350337591,85.50295858,deletion,0.7347969647121387,0.0,0.0,0.0,0.0
P06744-2,P06744,0.93683852,88.77721943,substitution,0.23030939952973487,0.546583850931677,0.4720496894409938,0.14285714285714285,0.6149068322981367
Q00613-2,Q00613,0.404306674,86.48148148,substitution,0.7487260096307266,0.0,0.0,0.0,0.0
Q10587-2,Q10587,0.569455299,85.24590164,substitution,0.7260623501393515,0.0,0.1568627450980392,0.0,0.1568627450980392
O75602-3,O75602,0.932001358,87.00854701,insertion,,,,,
O43561-2,O43561,0.249654665,88.93129771,deletion,0.7391417128494444,0.0,0.0,0.0,0.0
P32239-2,P32239,0.822656902,86.62790698,insertion,,,,,
Q96NL0-4,Q96NL0,0.532420832,86.04651163,substitution,0.44637214314604096,0.21241830065359477,0.6013071895424836,0.00980392156862745,0.6111111111111112
P35348-4,P35348,0.703221489,87.47433265,substitution,0.6331266990643992,0.046511627906976744,0.0,0.0,0.0
Q8NBN3-3,Q8NBN3,0.79310687,87.74774775,substitution,0.3842241105185567,0.29850746268656714,0.208955223880597,0.2835820895522388,0.4925373134328358
Q00005-5,Q00005,0.90700619,87.03339882,insertion,,,,,
Q14994-5,Q14994,0.875107457,87.92134831,substitution,0.3116599368832668,0.46153846153846156,0.5170940170940171,0.07692307692307693,0.594017094017094
Q15185-4,Q15185,0.759792388,86.875,deletion,0.7131312893164402,0.0,0.19047619047619047,0.0,0.19047619047619047
Q9Y2D2-2,Q9Y2D2,0.940915912,88.55585831,insertion,,,,,
Q9BQ16-8,Q9BQ16,0.282711811,89.90825688,substitution,0.518364704908452,0.1864406779661017,0.288135593220339,0.1016949152542373,0.3898305084745763
Q8N878-2,Q8N878,0.671342296,87.06739526,substitution,0.5937847109431175,0.18571428571428572,0.0,0.2,0.2
Q86SG4-3,Q86SG4,0.352896482,87.20930233,deletion,0.5921910204736623,0.0,0.6363636363636364,0.0,0.6363636363636364
O14966-2,O14966,0.848149779,88.1773399,deletion,0.24849752406960027,0.5833333333333334,0.0,0.8333333333333334,0.8333333333333334
Q9NQ60-3,Q9NQ60,0.421435729,89.79591837,substitution,0.709142621185903,0.0,0.0,0.0,0.0
Q14916-2,Q14916,0.585015501,88.43683084,deletion,0.28031432860025485,0.5370370370370371,0.7222222222222222,0.0,0.7222222222222222
Q9NY65-2,Q9NY65,0.923998301,85.30066815,deletion,0.2091128095769392,0.6515151515151515,0.3939393939393939,0.2727272727272727,0.6666666666666666
Q03405-3,Q03405,0.783291326,86.26865672,substitution,0.24401857660550647,0.5652173913043478,0.0,0.45652173913043476,0.45652173913043476
P24530-2,P24530,0.824915143,89.11111111,substitution,0.5769314157234193,0.022727272727272728,0.75,0.0,0.75
Q7Z4H8-2,Q7Z4H8,0.9352845,87.5739645,substitution,0.36654356608307975,0.4090909090909091,0.25757575757575757,0.19696969696969696,0.45454545454545453
Q9NRW1-2,Q9NRW1,0.793178238,89.90384615,substitution,0.4095271491339305,0.36363636363636365,0.0,0.3181818181818182,0.3181818181818182
Q9H425-3,Q9H425,0.289631167,88.37920489,deletion,0.4662750355783633,0.13157894736842105,0.7894736842105263,0.0,0.7894736842105263
Q8IXM2-3,Q8IXM2,0.594986122,89.0625,substitution,1.0,0.0,0.0,0.0,0.0
Q99961-2,Q99961,0.467825623,86.95652174,deletion,0.3608213030238063,0.3541666666666667,0.625,0.0,0.625
Q96AW1-4,Q96AW1,0.367126666,89.53488372,deletion,0.5431479647391255,0.0,0.8823529411764706,0.0,0.8823529411764706
P04075-2,P04075,0.92823201,87.08133971,insertion,,,,,
Q92731-5,Q92731,0.685243672,88.67924528,substitution,0.4742797191420983,0.25806451612903225,0.5,0.0,0.5
Q5VTY9-3,Q5VTY9,0.964532407,88.25757576,substitution,0.2925899344938074,0.5517241379310345,0.8275862068965517,0.0,0.8275862068965517
Q9UMX9-4,Q9UMX9,0.718661047,85.55347092,substitution,0.3014485302445567,0.47297297297297297,0.7297297297297297,0.0,0.7297297297297297
Q8TCT7-4,Q8TCT7,0.873960852,85.04201681,substitution,0.7317902352121624,0.0,0.0,0.0,0.0
B6A8C7-2,B6A8C7,0.83624179,89.00343643,substitution,0.6386033929538346,0.0,0.8181818181818182,0.0,0.8181818181818182
Q9H0I3-2,Q9H0I3,0.55456241,85.67639257,deletion,0.5375367073320341,0.037037037037037035,0.6666666666666666,0.0,0.6666666666666666
Q14188-4,Q14188,0.457613798,86.32286996,deletion,0.6743327313787543,0.03278688524590164,0.0,0.09836065573770492,0.09836065573770492
O43251-6,O43251,0.345110168,86.66666667,insertion,,,,,
Q8N6T0-5,Q8N6T0,0.718249817,85.98726115,substitution,0.33047621834923996,0.43556701030927836,0.37628865979381443,0.1958762886597938,0.5721649484536082
P06748-3,P06748,0.63302068,87.41496599,substitution,0.3285136766679046,0.40540540540540543,0.6216216216216216,0.0,0.6216216216216216
Q96E66-6,Q96E66,0.9052756,86.97916667,substitution,0.4122813147390224,0.34615384615384615,0.07692307692307693,0.07692307692307693,0.15384615384615385
Q8TCT9-2,Q8TCT9,0.836503325,88.49765258,insertion,,,,,
P32241-2,P32241,0.860628381,89.63414634,substitution,0.5183336467504522,0.0967741935483871,0.5806451612903226,0.0,0.5806451612903226
Q13286-2,Q13286,0.799641616,89.04109589,deletion,0.21235708943013573,0.5416666666666666,0.8958333333333334,0.0,0.8958333333333334
Q9HAC7-2,Q9HAC7,0.848205027,86.62420382,substitution,0.28298876874200785,0.5,0.45901639344262296,0.12295081967213115,0.5819672131147541
P24557-4,P24557,0.90194679,85.36585366,substitution,0.21156487994063197,0.6410256410256411,0.32051282051282054,0.20512820512820512,0.5256410256410257
Q15417-2,Q15417,0.464491324,87.53799392,deletion,0.40573929694137717,0.2682926829268293,0.6097560975609756,0.0,0.6097560975609756
O15151-5,O15151,0.368747775,89.79591837,deletion,0.7174310790682192,0.0,0.0,0.0,0.0
O15120-2,O15120,0.865494536,88.48920863,deletion,0.21547609612553076,0.5625,0.25,0.125,0.375
P08397-3,P08397,0.894360674,88.91966759,deletion,0.13771165131503643,0.775,0.6,0.15,0.75
O95718-1,O95718,0.635314346,85.23622047,insertion,,,,,
Q8TAG5-2,Q8TAG5,0.679035988,88.21138211,substitution,0.599799821747578,0.0,0.625,0.0,0.625
P09417-2,P09417,0.887782647,87.29508197,deletion,0.2699372756165223,0.5483870967741935,0.22580645161290322,0.3225806451612903,0.5483870967741935
Q03013-2,Q03013,0.938358804,85.97285068,substitution,0.301400096968403,0.5517241379310345,0.2413793103448276,0.0,0.2413793103448276
Q9BWP8-4,Q9BWP8,0.656635875,86.34686347,substitution,0.7447003599195893,0.0,0.0,0.0,0.0
Q5T124-8,Q5T124,0.495393155,85.57692308,deletion,0.7255713020030722,0.0,0.06666666666666667,0.0,0.06666666666666667
Q14994-6,Q14994,0.890845522,86.70360111,substitution,0.2920314797584551,0.4981684981684982,0.5457875457875457,0.06593406593406594,0.6117216117216118
Q9BQI0-2,Q9BQI0,0.67209082,85.22727273,insertion,,,,,
Q9HCP0-2,Q9HCP0,0.80767701,87.94326241,substitution,0.719582911361428,0.0,0.0,0.0,0.0
Q6P1S2-2,Q6P1S2,0.669365244,85.37414966,deletion,0.5937177953741742,0.0,0.5813953488372093,0.0,0.5813953488372093
Q13133-2,Q13133,0.484003523,86.57718121,deletion,0.2240151145301933,0.6333333333333333,0.6666666666666666,0.0,0.6666666666666666
O00154-6,O00154,0.931628542,85.26315789,substitution,0.6939022799265577,0.03571428571428571,0.05357142857142857,0.07142857142857142,0.125
Q9NV72-2,Q9NV72,0.435514948,87.57062147,deletion,0.682360248319519,0.0,0.30303030303030304,0.0,0.30303030303030304
Q9BYM8-3,Q9BYM8,0.504205921,89.60784314,substitution,0.4542840331798174,0.24074074074074073,0.6481481481481481,0.037037037037037035,0.6851851851851852
O60888-3,O60888,0.799041766,87.15083799,deletion,0.7409648599947412,0.0,0.0,0.0,0.0
Q9UHB4-3,Q9UHB4,0.794222047,85.0921273,substitution,0.26431566672704526,0.55,0.3652173913043478,0.1956521739130435,0.5608695652173913
Q2T9K0-6,Q2T9K0,0.567060599,88.06584362,substitution,0.5700878209634798,0.13191489361702127,0.3829787234042553,0.0,0.3829787234042553
O15123-2,O15123,0.682500592,89.51612903,deletion,0.48733840112336024,0.0,1.0,0.0,1.0
Q9NPA1-3,Q9NPA1,0.837238124,89.96539792,substitution,0.4972065849572803,0.0,0.8571428571428571,0.0,0.8571428571428571
Q8N1L4-2,Q8N1L4,0.850509895,85.88235294,deletion,0.3301151493906199,0.3958333333333333,0.8333333333333334,0.0,0.8333333333333334
Q9UKR0-2,Q9UKR0,0.939299361,89.05660377,substitution,0.30507152022149914,0.46153846153846156,0.8461538461538461,0.0,0.8461538461538461
Q6PL45-2,Q6PL45,0.735010309,87.69230769,deletion,0.7065516128866295,0.0,0.0,0.0,0.0
P48546-2,P48546,0.876376778,85.92750533,substitution,0.6159346492540958,0.029850746268656716,0.5522388059701493,0.0,0.5522388059701493
O14893-3,O14893,0.88628937,88.57142857,substitution,0.28125214822724554,0.625,0.5625,0.0,0.5625
Q9NY27-3,Q9NY27,0.358406547,86.57074341,deletion,0.2695958012552251,0.5,0.7678571428571429,0.0,0.7678571428571429
Q567V2-2,Q567V2,0.615672547,87.86407767,deletion,0.30124116823677977,0.44,0.88,0.0,0.88
O60701-2,O60701,0.882358366,86.43724696,deletion,0.2576522983251006,0.5223880597014925,0.34328358208955223,0.208955223880597,0.5522388059701493
Q96EN9-3,Q96EN9,0.736277913,89.05472637,deletion,0.5645403938753055,0.0,0.5909090909090909,0.0,0.5909090909090909
P43115-9,P43115,0.833762276,89.65517241,substitution,0.605436152495464,0.0,0.2903225806451613,0.0,0.2903225806451613
Q96JY6-3,Q96JY6,0.387899844,88.29787234,substitution,0.4901819061329,0.24,0.36,0.16,0.52
P24557-2,P24557,0.932631153,87.42964353,deletion,0.3901079064486877,0.3582089552238806,0.5671641791044776,0.04477611940298507,0.6119402985074627
O60259-2,O60259,0.825385816,85.24590164,insertion,,,,,
Q9Y241-2,Q9Y241,0.541772449,86.91588785,insertion,,,,,
P14209-2,P14209,0.442476447,85.40540541,substitution,0.7029166385734101,0.0,0.14814814814814814,0.0,0.14814814814814814
Q9UMR7-2,Q9UMR7,0.635935761,85.65400844,substitution,0.48026933080717693,0.11764705882352941,0.4117647058823529,0.17647058823529413,0.5882352941176471
P49758-10,P49758,0.840658318,87.24279835,substitution,0.35488819094983154,0.39572192513368987,0.6203208556149733,0.0,0.6203208556149733
Q8NHP6-2,Q8NHP6,0.384607192,87.83783784,deletion,0.30965911774181243,0.3968253968253968,0.8095238095238095,0.0,0.8095238095238095
Q9BQ13-2,Q9BQ13,0.924647317,88.23529412,deletion,0.7181384299026852,0.0,0.0,0.0,0.0
Q9UIV8-2,Q9UIV8,0.866261053,86.70076726,deletion,0.20653714949274887,0.5769230769230769,0.17307692307692307,0.6538461538461539,0.8269230769230769
Q9Y6M1-4,Q9Y6M1,0.764212692,85.73770492,substitution,0.30743602915607365,0.4107142857142857,0.29464285714285715,0.3125,0.6071428571428571
O75469-6,O75469,0.564280345,86.65207877,substitution,0.45083872988583673,0.28708133971291866,0.3588516746411483,0.03827751196172249,0.39712918660287083
O43766-2,O43766,0.7687478,85.75268817,substitution,0.2136092742332137,0.6792452830188679,0.49056603773584906,0.11320754716981132,0.6037735849056604
Q6P4A7-2,Q6P4A7,0.886587146,89.91097923,substitution,0.2420656014435734,0.5612648221343873,0.6798418972332015,0.07905138339920949,0.758893280632411
Q96GN5-5,Q96GN5,0.506775665,89.86784141,deletion,0.628290926514207,0.021739130434782608,0.17391304347826086,0.0,0.17391304347826086
P20839-7,P20839,0.927278009,87.1024735,substitution,0.4851668293593293,0.21875,0.1875,0.0625,0.25
Q5SZQ8-4,Q5SZQ8,0.605472161,89.24731183,deletion,0.7286611289539907,0.0,0.0,0.0,0.0
Q9UGQ3-2,Q9UGQ3,0.882479369,87.77120316,deletion,0.45459399746921847,0.2903225806451613,0.5161290322580645,0.0,0.5161290322580645
Q9BYE2-3,Q9BYE2,0.791886125,89.28571429,substitution,0.29282741316039235,0.5068807339449541,0.16055045871559634,0.26605504587155965,0.42660550458715596
Q7LG56-2,Q7LG56,0.813190711,85.18518519,deletion,0.3570426715091727,0.36538461538461536,0.5769230769230769,0.0,0.5769230769230769
Q70Z53-3,Q70Z53,0.43412103,87.73006135,substitution,0.6046743108572116,0.0,0.2894736842105263,0.0,0.2894736842105263
Q70IA6-3,Q70IA6,0.841023857,86.19402985,substitution,0.7148077497592391,0.0,0.0,0.0,0.0
Q8TAV0-3,Q8TAV0,0.645301659,89.73607038,substitution,0.24492423840897642,1.0,0.0,0.0,0.0
Q07866-4,Q07866,0.617155098,86.97017268,substitution,0.6781740621101148,0.043478260869565216,0.0,0.0,0.0
P46937-5,P46937,0.200623677,89.28571429,substitution,0.5211105986954057,0.14035087719298245,0.38596491228070173,0.11403508771929824,0.5
P15538-2,P15538,0.847152669,86.87872763,deletion,0.20879320695807463,0.696969696969697,0.4393939393939394,0.07575757575757576,0.5151515151515151
Q6PI97-3,Q6PI97,0.311862035,86.2244898,insertion,,,,,
Q96M98-2,Q96M98,0.778481145,86.82432432,deletion,0.6762517623187553,0.0,0.07692307692307693,0.0,0.07692307692307693
Q8IVP9-2,Q8IVP9,0.636201871,86.31840796,substitution,0.3840333366475426,0.2631578947368421,0.38596491228070173,0.14035087719298245,0.5263157894736842
Q96A99-2,Q96A99,0.636024605,88.53118712,substitution,0.5831803959174939,0.0,0.6888888888888889,0.0,0.6888888888888889
Q8NI32-2,Q8NI32,0.574528029,87.43961353,insertion,,,,,
O43174-2,O43174,0.92268571,86.1167002,deletion,0.38295292725992264,0.2898550724637681,0.6521739130434783,0.07246376811594203,0.7246376811594203
P51854-1,P51854,0.93550654,88.091354,substitution,0.20360500710486404,0.6516129032258065,0.4129032258064516,0.14838709677419354,0.5612903225806452
P11473-2,P11473,0.777595648,89.51781971,insertion,,,,,
Q15084-2,Q15084,0.742006524,88.43813387,substitution,0.7801378691220456,0.0,0.0,0.0,0.0
Q15038-6,Q15038,0.442959202,86.9047619,deletion,0.49433395470697616,0.09090909090909091,0.0,0.3181818181818182,0.3181818181818182
O95861-4,O95861,0.914859542,88.31168831,deletion,0.3766182900462416,0.3611111111111111,0.3611111111111111,0.0,0.3611111111111111
Q86WB0-2,Q86WB0,0.711927182,89.80392157,substitution,0.6857791070523955,0.0,0.1875,0.0,0.1875
Q8TDB8-5,Q8TDB8,0.944862183,89.67391304,substitution,0.5480234661322411,0.07142857142857142,0.32142857142857145,0.0,0.32142857142857145
Q9NRC1-4,Q9NRC1,0.791514951,85.7385399,substitution,0.3451401587043311,0.3715753424657534,0.6832191780821918,0.010273972602739725,0.6934931506849316
Q8IZP0-4,Q8IZP0,0.33173293,88.77952756,substitution,0.7397354641349825,0.0,0.0,0.0,0.0
Q8NCT3-2,Q8NCT3,0.521927442,88.36772983,substitution,0.6214806969955331,0.11864406779661017,0.2542372881355932,0.0,0.2542372881355932
P16562-2,P16562,0.895802782,87.41007194,insertion,,,,,
Q5TC63-3,Q5TC63,0.940152073,86.38888889,substitution,0.3599627737352853,0.3793103448275862,0.7586206896551724,0.0,0.7586206896551724
Q9HBY8-1,Q9HBY8,0.887088741,85.94847775,insertion,,,,,
Q9HCC8-2,Q9HCC8,0.905754971,85.3432282,deletion,0.34023355255860155,0.4050632911392405,0.6329113924050633,0.0,0.6329113924050633
Q8TCT1-3,Q8TCT1,0.899701337,86.53198653,substitution,0.738515029347292,0.0,0.0,0.0,0.0
P36508-2,P36508,0.498237629,90.35087719,deletion,0.5973885299881166,0.03636363636363636,0.12727272727272726,0.21818181818181817,0.34545454545454546
P55808-3,P55808,0.270856525,92.30769231,insertion,,,,,
Q8IU85-2,Q8IU85,0.882504404,90.38961039,substitution,0.7422577557573833,0.0,0.0,0.0,0.0
O00587-2,O00587,0.936286652,94.70404984,substitution,0.23822314195974717,0.5882352941176471,0.47058823529411764,0.29411764705882354,0.7647058823529411
Q7Z7G1-3,Q7Z7G1,0.394097469,91.35514019,deletion,0.7395398697577389,0.0,0.0,0.0,0.0
O60931-2,O60931,0.945393247,90.5,substitution,0.7367076325413241,0.0,0.0,0.0,0.0
P12524-3,P12524,0.36813067,92.3857868,insertion,,,,,
P46597-3,P46597,0.94508363,92.49329759,insertion,,,,,
Q3LXA3-2,Q3LXA3,0.953469462,91.30434783,substitution,0.2652683206279113,0.52,0.72,0.0,0.72
Q5VXD3-2,Q5VXD3,0.732666856,93.44262295,substitution,0.773506812553951,0.0,0.0,0.0,0.0
Q96CV9-3,Q96CV9,0.483620598,90.12131716,deletion,0.6211368588663583,0.0,0.43859649122807015,0.0,0.43859649122807015
P34969-3,P34969,0.786463842,90.18789144,deletion,0.6192510119576008,0.0,0.46808510638297873,0.0,0.46808510638297873
P78410-2,P78410,0.727237196,91.91616766,substitution,0.5497185696876862,0.0,0.8518518518518519,0.0,0.8518518518518519
Q15036-2,Q15036,0.815339775,94.68085106,deletion,0.1639812274337843,0.64,0.4,0.48,0.88
Q9H2V7-2,Q9H2V7,0.592451121,90.15151515,deletion,0.18617967726558177,0.6730769230769231,0.7115384615384616,0.0,0.7115384615384616
Q08AI6-2,Q08AI6,0.759306528,94.58128079,deletion,0.1667880083234559,0.7727272727272727,0.8181818181818182,0.0,0.8181818181818182
O95243-3,O95243,0.239418518,92.75862069,substitution,0.2537957517301673,0.5952380952380952,0.6190476190476191,0.0,0.6190476190476191
P35372-5,P35372,0.745333014,91.54929577,substitution,0.6700868496032305,0.0,0.6666666666666666,0.0,0.6666666666666666
Q96GN5-4,Q96GN5,0.608692165,92.51101322,deletion,0.6700520525080317,0.0,0.23529411764705882,0.0,0.23529411764705882
P48728-4,P48728,0.894490251,94.04466501,substitution,0.38063983121475325,0.3333333333333333,0.0,0.375,0.375
Q7Z7A4-6,Q7Z7A4,0.78552775,94.29065744,deletion,0.24815391121047048,0.5454545454545454,0.36363636363636365,0.45454545454545453,0.8181818181818182
P36896-4,P36896,0.634763348,92.30769231,substitution,0.5658183516975075,0.0,0.0,1.0,1.0
Q15043-2,Q15043,0.623873126,91.8699187,substitution,0.30238214626977944,0.4791666666666667,0.7916666666666666,0.0,0.7916666666666666
Q13639-7,Q13639,0.943864678,92.5257732,deletion,0.7508545982027341,0.0,0.0,0.0,0.0
Q9BX59-2,Q9BX59,0.807130558,92.12598425,insertion,,,,,
P56282-3,P56282,0.96750175,94.68690702,substitution,0.25816615555742345,0.6428571428571429,0.0,0.4642857142857143,0.4642857142857143
Q9NVH6-5,Q9NVH6,0.85630673,90.26128266,substitution,0.17092890103072556,0.7619047619047619,0.23809523809523808,0.4523809523809524,0.6904761904761905
Q7L1Q6-3,Q7L1Q6,0.919486564,92.90465632,insertion,,,,,
Q9UQB8-4,Q9UQB8,0.634334822,93.11594203,substitution,0.720189744352622,0.0,0.0,0.0,0.0
Q96J77-2,Q96J77,0.393224127,90.0,substitution,0.6761384083955473,0.0,0.5625,0.0,0.5625
P08962-2,P08962,0.830078117,90.33613445,deletion,0.39522158848435357,0.2608695652173913,0.8695652173913043,0.0,0.8695652173913043
P00338-3,P00338,0.953482074,91.966759,insertion,,,,,
Q8TC84-3,Q8TC84,0.672447351,92.99191375,insertion,,,,,
Q8WWB3-2,Q8WWB3,0.72081046,91.30434783,substitution,0.7563119715842562,0.0,0.0,0.0,0.0
O75426-3,O75426,0.779487557,92.7184466,substitution,0.7755718523821262,0.0,0.0,0.0,0.0
Q5VZ19-2,Q5VZ19,0.629933685,92.68292683,substitution,0.5303976944932792,0.08,0.36,0.08,0.44
P36544-2,P36544,0.880280769,94.5386064,insertion,,,,,
Q63ZY6-6,Q63ZY6,0.694291319,92.38095238,deletion,0.21647837774623316,0.6666666666666666,0.7083333333333334,0.0,0.7083333333333334
Q08495-4,Q08495,0.331590392,90.12345679,substitution,0.6285951374084378,0.07692307692307693,0.0989010989010989,0.13186813186813187,0.23076923076923078
Q9P1W8-2,Q9P1W8,0.927753528,91.47286822,deletion,0.6765228477205486,0.06060606060606061,0.0,0.030303030303030304,0.030303030303030304
P18507-3,P18507,0.831070305,90.48543689,substitution,0.6148171839051896,0.0,0.0,0.0,0.0
Q9BSD3-2,Q9BSD3,0.31563783,94.11764706,deletion,0.6291196986342606,0.0,0.21428571428571427,0.0,0.21428571428571427
P05787-2,P05787,0.381813996,94.52054795,insertion,,,,,
Q9BY67-5,Q9BY67,0.700091223,93.66515837,deletion,0.6756431375925127,0.0,0.0,0.0,0.0
Q8WVN8-4,Q8WVN8,0.685009972,90.66666667,deletion,0.31283842221184294,0.5142857142857142,0.5428571428571428,0.0,0.5428571428571428
Q16625-3,Q16625,0.475226486,90.99616858,substitution,0.3309632863278045,0.41304347826086957,0.9782608695652174,0.0,0.9782608695652174
P41235-6,P41235,0.741934837,90.50632911,substitution,0.3939135668201826,0.38875878220140514,0.4262295081967213,0.0351288056206089,0.4613583138173302
P30307-2,P30307,0.535529846,93.65750529,deletion,0.7478190949800687,0.0,0.0,0.0,0.0
Q8TD07-6,Q8TD07,0.67241626,93.92857143,insertion,,,,,
Q99447-4,Q99447,0.943392297,91.77377892,deletion,0.45268208018779355,0.40625,0.09375,0.1875,0.28125
P12532-2,P12532,0.86217576,93.08035714,insertion,,,,,
P43897-2,P43897,0.895141698,93.93063584,insertion,,,,,
P41586-2,P41586,0.93094405,94.35483871,insertion,,,,,
Q13398-4,Q13398,0.612192336,94.41535777,substitution,0.7558677010431846,0.0,0.0,0.0,0.0
Q9P287-3,Q9P287,0.816870791,90.76433121,substitution,0.2391729136961038,0.5666666666666667,0.5,0.36666666666666664,0.8666666666666667
Q13183-3,Q13183,0.938658537,92.35569423,insertion,,,,,
Q9P0N9-2,Q9P0N9,0.870155511,90.78498294,deletion,0.2009173993044044,0.6296296296296297,0.7777777777777778,0.0,0.7777777777777778
P43115-4,P43115,0.913945061,90.47619048,substitution,0.605436152495464,0.0,0.2903225806451613,0.0,0.2903225806451613
P08174-4,P08174,0.764559435,94.75065617,substitution,0.7752145754843789,0.0,0.0,0.0,0.0
P56704-2,P56704,0.912328716,91.42857143,insertion,,,,,
P20839-3,P20839,0.944512826,91.29662522,insertion,,,,,
Q8WYN0-5,Q8WYN0,0.828015035,93.96984925,deletion,0.19369999650377004,0.625,0.4166666666666667,0.125,0.5416666666666666
Q495N2-3,Q495N2,0.909915295,91.97651663,insertion,,,,,
Q9HAF1-3,Q9HAF1,0.679703996,94.52736318,substitution,0.7085260970614281,0.0,0.0,0.0,0.0
Q9UNP4-3,Q9UNP4,0.864511644,93.77990431,substitution,0.7776563942963142,0.0,0.0,0.0,0.0
Q15046-2,Q15046,0.941519003,93.29073482,substitution,0.7253366812290258,0.0,0.1,0.0,0.1
O75602-5,O75602,0.951514729,91.10251451,substitution,0.383951985222358,0.23684210526315788,0.8947368421052632,0.0,0.8947368421052632
Q7Z309-3,Q7Z309,0.301087174,92.85714286,insertion,,,,,
Q99504-5,Q99504,0.69341645,91.97207679,deletion,0.731664622684129,0.0,0.0,0.0,0.0
Q9BUB5-2,Q9BUB5,0.798331722,91.1827957,deletion,0.6353397206176826,0.024390243902439025,0.0975609756097561,0.0,0.0975609756097561
Q8IWF9-2,Q8IWF9,0.405119236,93.01801802,insertion,,,,,
Q03154-4,Q03154,0.889139159,91.42156863,deletion,0.22840784059000155,0.6,0.34285714285714286,0.42857142857142855,0.7714285714285715
Q13422-7,Q13422,0.271788583,91.90751445,deletion,0.49118999486701176,0.16666666666666666,0.35714285714285715,0.09523809523809523,0.4523809523809524
P56270-3,P56270,0.522539531,91.73553719,substitution,0.7444409530721332,0.0,0.0,0.0,0.0
O00165-3,O00165,0.346181749,90.68100358,deletion,0.6323942402372502,0.038461538461538464,0.34615384615384615,0.0,0.34615384615384615
Q9NQZ6-5,Q9NQZ6,0.662342271,93.30357143,substitution,0.4875566774633989,0.0,1.0,0.0,1.0
Q5VXU3-2,Q5VXU3,0.565086554,91.07142857,deletion,0.30787646563238547,0.55,0.05,0.6,0.65
P61978-3,P61978,0.449020082,93.75,substitution,0.5203339062855923,0.22443181818181818,0.22727272727272727,0.11647727272727272,0.34375
P09493-9,P09493,0.98638832,91.90140845,substitution,0.5296935955497791,0.0,0.9259259259259259,0.0,0.9259259259259259
Q8TAV4-2,Q8TAV4,0.93304562,94.50171821,substitution,0.6693040913362381,0.0,0.0,0.0,0.0
Q6FIF0-2,Q6FIF0,0.532667754,94.23076923,deletion,0.728772664386608,0.0,0.0,0.0,0.0
Q92879-4,Q92879,0.4809275,94.54191033,substitution,0.3460063240246581,0.39805825242718446,0.2621359223300971,0.2621359223300971,0.5242718446601942
O00141-3,O00141,0.86916668,90.90909091,substitution,0.600435378880991,0.0,0.5,0.0,0.5
Q9NR56-5,Q9NR56,0.368675273,92.5,substitution,0.6881181592596547,0.0,0.2898550724637681,0.0,0.2898550724637681
Q07812-7,Q07812,0.949119615,90.10416667,deletion,0.5175910384785926,0.15789473684210525,0.2631578947368421,0.0,0.2631578947368421
P52594-2,P52594,0.397071159,92.88256228,deletion,0.7412993550745546,0.0,0.0,0.0,0.0
P24071-2,P24071,0.608786113,92.33449477,deletion,0.23086679832156348,0.6363636363636364,0.0,0.5454545454545454,0.5454545454545454
Q13557-10,Q13557,0.889984385,93.17738791,substitution,0.3637325445015168,0.38823529411764707,0.2411764705882353,0.31176470588235294,0.5529411764705883
Q6URK8-2,Q6URK8,0.26875367,90.93959732,insertion,,,,,
Q9NVZ3-4,Q9NVZ3,0.576089637,90.11406844,deletion,0.37761124761640275,0.3076923076923077,0.0,0.4230769230769231,0.4230769230769231
O43665-2,O43665,0.88450588,90.60773481,substitution,0.7493824922164153,0.0,0.0,0.0,0.0
P78371-2,P78371,0.954599587,91.21495327,deletion,0.3694252708754953,0.3829787234042553,0.44680851063829785,0.0851063829787234,0.5319148936170213
Q96BN6-2,Q96BN6,0.318576514,90.37800687,substitution,0.7312515610279902,0.0,0.0,0.0,0.0
Q13322-3,Q13322,0.816952785,90.23569024,deletion,0.6994658980327293,0.017241379310344827,0.13793103448275862,0.0,0.13793103448275862
P28039-2,P28039,0.893028409,94.43478261,deletion,0.1844517222609941,0.625,0.8125,0.0,0.8125
Q9HCN6-2,Q9HCN6,0.624722169,94.69026549,deletion,0.7034929290776146,0.0,0.0,0.0,0.0
Q13508-2,Q13508,0.774259228,94.0874036,substitution,0.7580118657247488,0.0,0.0,0.0,0.0
P25325-2,P25325,0.96488879,93.69085174,insertion,,,,,
Q8WTP8-2,Q8WTP8,0.816931218,90.50445104,substitution,0.7286014754697877,0.0,0.13636363636363635,0.0,0.13636363636363635
Q9NZN9-5,Q9NZN9,0.510744681,93.75,deletion,0.26318716113787516,0.5416666666666666,0.7916666666666666,0.0,0.7916666666666666
Q9NQQ7-2,Q9NQQ7,0.817955436,94.24657534,deletion,0.2825814128751681,0.42857142857142855,0.8571428571428571,0.0,0.8571428571428571
Q9UMS0-3,Q9UMS0,0.867250566,90.5511811,deletion,0.7620831934038854,0.0,0.0,0.0,0.0
Q07866-7,Q07866,0.566804733,92.54237288,substitution,0.5920985160344279,0.125,0.0,0.0,0.0
Q08495-2,Q08495,0.235581964,94.56790123,deletion,0.6978106447460823,0.0,0.0,0.0,0.0
Q8IUQ4-2,Q8IUQ4,0.870631451,90.09584665,insertion,,,,,
P24557-3,P24557,0.947339777,92.0552677,insertion,,,,,
Q9NP81-2,Q9NP81,0.929396491,93.79699248,substitution,0.34195836885802106,0.2916666666666667,0.9583333333333334,0.0,0.9583333333333334
O14662-4,O14662,0.635656273,94.76923077,deletion,0.4943043692698922,0.058823529411764705,0.7647058823529411,0.0,0.7647058823529411
Q8NHH9-5,Q8NHH9,0.772184227,93.6535163,substitution,0.7513665526126786,0.0,0.0,0.0,0.0
Q13286-3,Q13286,0.808313198,94.74885845,substitution,0.13260709095559192,0.782608695652174,0.9565217391304348,0.0,0.9565217391304348
P36402-13,P36402,0.534584817,94.27083333,substitution,0.7812134498457972,0.0,0.0,0.0,0.0
Q9BU64-2,Q9BU64,0.671066779,93.46405229,substitution,0.705026824970988,0.07142857142857142,0.0,0.0,0.0
Q14626-2,Q14626,0.700062967,92.41706161,deletion,0.7348225301192898,0.0,0.1875,0.0,0.1875
O60291-3,O60291,0.721794993,90.12131716,substitution,0.6825168014031128,0.06091370558375635,0.04568527918781726,0.030456852791878174,0.07614213197969544
Q96NZ9-4,Q96NZ9,0.295020463,94.0397351,deletion,0.7738339426896235,0.0,0.0,0.0,0.0
Q13639-3,Q13639,0.926800329,92.5257732,substitution,0.7508545982027341,0.0,0.0,0.0,0.0
P07992-2,P07992,0.523122101,91.91919192,deletion,0.3054932925502667,0.5,0.7083333333333334,0.0,0.7083333333333334
Q13609-2,Q13609,0.907313944,90.16393443,deletion,0.2725133676137556,0.4666666666666667,0.0,0.43333333333333335,0.43333333333333335
B7ZAQ6-3,B7ZAQ6,0.936272562,94.50549451,deletion,0.30487071807020494,0.4,1.0,0.0,1.0
Q96FJ0-2,Q96FJ0,0.837254544,91.32321041,substitution,0.33858958633068104,0.35294117647058826,0.0,0.47058823529411764,0.47058823529411764
Q8N720-3,Q8N720,0.491267334,93.3460076,insertion,,,,,
P49759-3,P49759,0.805433404,92.01520913,insertion,,,,,
P51654-2,P51654,0.683578662,90.68965517,deletion,0.2413664414437052,0.5370370370370371,0.7037037037037037,0.018518518518518517,0.7222222222222222
Q9BV94-2,Q9BV94,0.888818395,93.59861592,deletion,0.2059662341757399,0.5945945945945946,0.4864864864864865,0.16216216216216217,0.6486486486486487
O75554-2,O75554,0.344514705,94.41489362,deletion,0.38249219936578965,0.2857142857142857,0.9523809523809523,0.0,0.9523809523809523
Q9NS61-2,Q9NS61,0.776107502,92.96296296,substitution,0.7425714444664601,0.0,0.0,0.0,0.0
P18859-2,P18859,0.692918935,93.10344828,insertion,,,,,
Q15287-2,Q15287,0.57702741,92.13114754,deletion,0.7638049055264847,0.0,0.0,0.0,0.0
P32929-3,P32929,0.934538223,92.09876543,deletion,0.13275072906925112,0.75,0.34375,0.25,0.59375
P45379-7,P45379,0.812152754,94.96644295,deletion,0.4863632094667147,0.06666666666666667,1.0,0.0,1.0
Q8TE99-2,Q8TE99,0.914183704,94.375,substitution,0.5478895675216504,0.0,0.9230769230769231,0.0,0.9230769230769231
Q9NVH1-3,Q9NVH1,0.502813046,90.69767442,deletion,0.35811120615784253,0.3269230769230769,0.6153846153846154,0.23076923076923078,0.8461538461538461
P19883-2,P19883,0.95276703,92.15116279,deletion,0.7197183314905814,0.0,0.0,0.0,0.0
P37231-2,P37231,0.773716219,94.45544554,deletion,0.5909506823393154,0.07142857142857142,0.32142857142857145,0.0,0.32142857142857145
P54819-5,P54819,0.874171008,93.30543933,substitution,0.3160182103168407,0.4077669902912621,0.46601941747572817,0.1650485436893204,0.6310679611650486
Q9Y3D8-2,Q9Y3D8,0.980307232,92.61363636,substitution,0.09495364065237638,0.75,0.0,0.5,0.5
Q96D53-2,Q96D53,0.790626148,92.46323529,deletion,0.2912342323755975,0.5365853658536586,0.7317073170731707,0.0,0.7317073170731707
Q92985-2,Q92985,0.43592744,94.23459245,deletion,0.769834178839158,0.0,0.0,0.0,0.0
Q00013-2,Q00013,0.91646138,92.70386266,substitution,0.5861968750077339,0.06060606060606061,0.24242424242424243,0.0,0.24242424242424243
Q969K7-2,Q969K7,0.441839046,90.99099099,deletion,0.23900107901460138,0.6,0.8,0.0,0.8
O15156-2,O15156,0.323801981,94.06631763,insertion,,,,,
Q9HAW0-2,Q9HAW0,0.895422856,94.51073986,deletion,0.3963133365567549,0.2608695652173913,0.0,0.34782608695652173,0.34782608695652173
P11413-3,P11413,0.968839301,94.49541284,insertion,,,,,
Q9Y5B8-2,Q9Y5B8,0.947382844,90.42553191,deletion,0.2785449555040986,0.5,0.0,0.6388888888888888,0.6388888888888888
Q9NZL9-2,Q9NZL9,0.938396949,93.73134328,substitution,0.507728416654692,0.05,0.0,0.8,0.8
Q01064-2,Q01064,0.854123124,93.84328358,substitution,0.5943889001938112,0.10810810810810811,0.35135135135135137,0.0,0.35135135135135137
P00750-3,P00750,0.682907139,91.63701068,substitution,0.3505385213916515,0.3191489361702128,0.0,0.5957446808510638,0.5957446808510638
P46098-2,P46098,0.864364554,93.7254902,insertion,,,,,
Q9BYV6-3,Q9BYV6,0.492257557,90.61946903,substitution,0.7282869541373798,0.0,0.0,0.0,0.0
Q9ULZ3-2,Q9ULZ3,0.499492562,90.25641026,deletion,0.7105758845064231,0.0,0.0,0.0,0.0
Q9ULP0-8,Q9ULP0,0.849843695,91.35135135,substitution,0.23896306765500788,0.5728813559322034,0.423728813559322,0.16610169491525423,0.5898305084745763
Q8NCQ7-2,Q8NCQ7,0.395774784,91.20879121,substitution,0.7174459940646403,0.0,0.0,0.0,0.0
P18615-4,P18615,0.425596802,92.10526316,deletion,0.7420225595464653,0.0,0.0,0.0,0.0
P13674-3,P13674,0.941414131,94.75655431,substitution,0.201895927229744,0.6756756756756757,0.1891891891891892,0.3108108108108108,0.5
Q5SSJ5-2,Q5SSJ5,0.624074118,93.1283906,deletion,0.7500262095812081,0.0,0.0,0.0,0.0
Q9BZG1-4,Q9BZG1,0.786521585,91.50579151,deletion,0.1356139306477863,0.8181818181818182,0.36363636363636365,0.36363636363636365,0.7272727272727273
Q6ZRI8-4,Q6ZRI8,0.809187632,92.5,substitution,0.6298290612048594,0.0,0.43333333333333335,0.0,0.43333333333333335
P04085-2,P04085,0.752607226,91.50943396,substitution,0.7860945253565614,0.0,0.0,0.0,0.0
Q8TDW4-6,Q8TDW4,0.773891725,90.25641026,substitution,0.3231870094011021,0.42998027613412226,0.6410256410256411,0.011834319526627219,0.6528599605522682
P25705-2,P25705,0.952313762,90.95840868,deletion,0.7127507575401231,0.02,0.08,0.0,0.08
Q96D96-4,Q96D96,0.83542405,92.67399267,deletion,0.7040484931979711,0.0,0.15,0.0,0.15
Q86SG4-2,Q86SG4,0.365842399,93.60465116,substitution,0.5977535979135229,0.0,0.9090909090909091,0.0,0.9090909090909091
P49758-7,P49758,0.852350549,92.16101695,deletion,0.40979288772634404,0.24324324324324326,0.5945945945945946,0.0,0.5945945945945946
P36402-9,P36402,0.473371149,93.22916667,substitution,0.7812134498457972,0.0,0.0,0.0,0.0
Q13228-4,Q13228,0.957609266,91.63424125,insertion,,,,,
Q9Y3T6-3,Q9Y3T6,0.599602991,90.45454545,deletion,0.7103080946204403,0.0,0.09523809523809523,0.0,0.09523809523809523
P62258-2,P62258,0.88166222,91.37254902,deletion,0.3235950657204159,0.36363636363636365,0.8181818181818182,0.0,0.8181818181818182
Q9NQ94-3,Q9NQ94,0.610627723,92.80936455,substitution,0.3766422016798414,0.37467700258397935,0.2351421188630491,0.2222222222222222,0.4573643410852713
P23560-3,P23560,0.615031918,94.27480916,insertion,,,,,
Q15366-5,Q15366,0.608583409,91.2568306,substitution,0.740361353899992,0.0,0.0,0.0,0.0
P10827-4,P10827,0.806116466,91.42857143,deletion,0.37001030982004746,0.3333333333333333,0.7142857142857143,0.0,0.7142857142857143
Q8TC84-2,Q8TC84,0.949481762,94.20289855,substitution,0.4994586116660742,0.23809523809523808,0.6190476190476191,0.0,0.6190476190476191
O60729-3,O60729,0.83499292,90.76305221,substitution,0.7431542353732127,0.0,0.0,0.0,0.0
Q8NDH3-4,Q8NDH3,0.94490712,91.08159393,substitution,0.23577146313316438,0.5510204081632653,0.2653061224489796,0.2653061224489796,0.5306122448979592
Q86XR8-2,Q86XR8,0.50310822,94.8,deletion,0.5675340335143002,0.11538461538461539,0.0,0.038461538461538464,0.038461538461538464
Q9NW81-4,Q9NW81,0.781997971,94.73684211,substitution,0.7953514234887218,0.0,0.0,0.0,0.0
P15509-7,P15509,0.719803905,92.16589862,insertion,,,,,
P27352-2,P27352,0.964633855,93.52517986,deletion,0.7019089488476492,0.04,0.0,0.0,0.0
P43364-2,P43364,0.677464974,91.84149184,deletion,0.7400600217995985,0.0,0.0,0.0,0.0
Q9H4W6-2,Q9H4W6,0.573418661,92.28187919,substitution,0.5506050267453956,0.16339869281045752,0.14705882352941177,0.16339869281045752,0.3104575163398693
Q9HCC8-3,Q9HCC8,0.946278547,91.3559322,insertion,,,,,
P61244-2,P61244,0.80835419,94.375,deletion,0.5967310914824678,0.0,0.1111111111111111,0.0,0.1111111111111111
P43115-8,P43115,0.842872879,91.02244389,substitution,0.605436152495464,0.0,0.2903225806451613,0.0,0.2903225806451613
Q6P4F1-2,Q6P4F1,0.855771913,91.92307692,substitution,0.5442804525048751,0.0,1.0,0.0,1.0
P13646-3,P13646,0.520097335,90.82969432,substitution,0.7188781966548594,0.0,0.023809523809523808,0.0,0.023809523809523808
P34896-2,P34896,0.933573132,91.92546584,deletion,0.2875485056701721,0.48717948717948717,0.41025641025641024,0.1282051282051282,0.5384615384615384
Q9NR22-2,Q9NR22,0.846956905,92.7680798,substitution,0.7180349344685822,0.0,0.16666666666666666,0.0,0.16666666666666666
Q9UHX1-5,Q9UHX1,0.441055919,94.81216458,deletion,0.7648240065655214,0.0,0.0,0.0,0.0
Q05932-3,Q05932,0.93906659,91.48211244,deletion,0.6232817090072177,0.1,0.14,0.0,0.14
P15529-3,P15529,0.701917653,90.37037037,substitution,0.6157508487612187,0.018867924528301886,0.33962264150943394,0.0,0.33962264150943394
P56180-3,P56180,0.876753088,93.10344828,deletion,0.5283825949368833,0.10526315789473684,0.42105263157894735,0.0,0.42105263157894735
Q9UBM8-2,Q9UBM8,0.927503306,94.2800789,insertion,,,,,
O95319-2,O95319,0.567952287,94.16342412,substitution,0.4907669936313533,0.20448179271708683,0.27450980392156865,0.13725490196078433,0.4117647058823529
Q13868-2,Q13868,0.889778324,91.12627986,deletion,0.26686069192595263,0.5,0.0,0.46153846153846156,0.46153846153846156
O60637-2,O60637,0.600412434,90.11857708,deletion,0.38931111131708734,0.28,0.96,0.0,0.96
P50053-2,P50053,0.994538776,90.60402685,substitution,0.3057502930191921,0.4772727272727273,0.1590909090909091,0.38636363636363635,0.5454545454545454
P78396-3,P78396,0.74272297,90.53763441,deletion,0.706107053115511,0.045454545454545456,0.0,0.022727272727272728,0.022727272727272728
Q8TDQ7-3,Q8TDQ7,0.954401892,93.47826087,substitution,0.38780800537750304,0.3157894736842105,0.5263157894736842,0.0,0.5263157894736842
P42679-2,P42679,0.872622684,94.00386847,substitution,0.759235820111288,0.0,0.0,0.0,0.0
P35372-9,P35372,0.78335183,94.04761905,substitution,0.6700868496032305,0.0,0.6666666666666666,0.0,0.6666666666666666
Q6GTX8-2,Q6GTX8,0.485903914,94.07665505,deletion,0.7028964471237074,0.0,0.0,0.0,0.0
Q15390-2,Q15390,0.252370998,90.09009009,deletion,0.5993123570266351,0.0,0.3333333333333333,0.0,0.3333333333333333
Q96S66-2,Q96S66,0.415682348,90.92558984,deletion,0.40806318069470554,0.22,0.44,0.22,0.66
Q53G59-2,Q53G59,0.92355101,93.72937294,insertion,,,,,
O95258-3,O95258,0.837343113,90.4494382,substitution,0.306545302444855,0.4659090909090909,0.7556818181818182,0.0,0.7556818181818182
O75618-2,O75618,0.65604861,91.09195402,substitution,0.4074366997787674,0.0,0.0,1.0,1.0
Q96HH9-4,Q96HH9,0.413178369,94.67592593,substitution,0.7288028752291663,0.0,0.0,0.0,0.0
Q6ZSJ9-2,Q6ZSJ9,0.357867945,93.98496241,insertion,,,,,
Q9NSN8-2,Q9NSN8,0.875175388,92.84332689,deletion,0.3401087171453047,0.3783783783783784,0.08108108108108109,0.5405405405405406,0.6216216216216216
Q9BW66-3,Q9BW66,0.866771195,92.07048458,substitution,0.7742677562822053,0.0,0.0,0.0,0.0
Q86YT5-2,Q86YT5,0.892561346,91.90140845,deletion,0.16220507844229315,0.7608695652173914,0.5652173913043478,0.0,0.5652173913043478
Q9NXR7-3,Q9NXR7,0.859132722,94.77806789,substitution,0.33017131533442745,0.47619047619047616,0.8571428571428571,0.047619047619047616,0.9047619047619048
Q9BY32-2,Q9BY32,0.899847775,91.2371134,deletion,0.271652287310188,0.47058823529411764,0.4117647058823529,0.29411764705882354,0.7058823529411765
P15509-2,P15509,0.773092157,92.21411192,substitution,0.7521315910308217,0.0,0.0,0.0,0.0
Q8N8C0-2,Q8N8C0,0.416140606,92.11267606,deletion,0.43245871852450185,0.10714285714285714,0.0,0.6071428571428571,0.6071428571428571
P55327-6,P55327,0.418103914,90.68825911,insertion,,,,,
Q9BW60-2,Q9BW60,0.596715769,90.32258065,deletion,0.2856711679787744,0.4444444444444444,0.3333333333333333,0.0,0.3333333333333333
Q12857-2,Q12857,0.593421492,93.38521401,substitution,0.7199086700035169,0.0,0.0,0.0,0.0
Q13426-3,Q13426,0.761066649,90.17857143,substitution,0.7573190218226612,0.0,0.0,0.0,0.0
Q9UF11-3,Q9UF11,0.557179438,92.18106996,deletion,0.6135919472337203,0.05263157894736842,0.0,0.05263157894736842,0.05263157894736842
P11413-2,P11413,0.954900793,91.80035651,insertion,,,,,
Q92769-3,Q92769,0.830459595,93.85245902,deletion,0.33475156205007195,0.5,0.16666666666666666,0.13333333333333333,0.3
Q96FL9-2,Q96FL9,0.889058931,94.02173913,deletion,0.17387527961086022,0.7272727272727273,0.3939393939393939,0.21212121212121213,0.6060606060606061
Q9Y230-2,Q9Y230,0.927818141,90.28077754,deletion,0.48775844814203556,0.28888888888888886,0.0,0.1111111111111111,0.1111111111111111
Q6STE5-2,Q6STE5,0.863985463,93.2790224,substitution,0.574313990564826,0.12,0.32,0.0,0.32
Q9NVA1-4,Q9NVA1,0.670492664,90.96989967,deletion,0.210949591430399,0.5925925925925926,0.8518518518518519,0.0,0.8518518518518519
P21554-3,P21554,0.724297265,93.00847458,deletion,0.7612343622722759,0.0,0.0,0.0,0.0
P09912-3,P09912,0.627007514,94.20289855,insertion,,,,,
Q6PI26-2,Q6PI26,0.673546251,90.15280136,substitution,0.2716858577466952,0.44680851063829785,0.0,0.6595744680851063,0.6595744680851063
Q0VAA5-2,Q0VAA5,0.898422536,91.48264984,substitution,0.6765645783171164,0.0,0.26666666666666666,0.0,0.26666666666666666
Q5T9G4-2,Q5T9G4,0.782646413,92.64305177,insertion,,,,,
Q02750-2,Q02750,0.890412865,93.38422392,deletion,0.18656454198861577,0.6538461538461539,0.6923076923076923,0.038461538461538464,0.7307692307692307
Q8TAV0-2,Q8TAV0,0.595566258,90.55374593,deletion,0.730344641563141,0.0,0.0,0.0,0.0
Q07812-8,Q07812,0.843160958,93.22916667,deletion,0.34325626951355515,0.38461538461538464,0.6923076923076923,0.0,0.6923076923076923
O75553-4,O75553,0.367150424,91.32653061,substitution,0.649263280870339,0.022727272727272728,0.29545454545454547,0.0,0.29545454545454547
Q2KHT4-3,Q2KHT4,0.753184799,93.40974212,deletion,0.5887884205396771,0.0,0.30434782608695654,0.0,0.30434782608695654
Q9UQB8-3,Q9UQB8,0.541937259,92.75362319,deletion,0.7206559702497415,0.0,0.0,0.0,0.0
Q9Y606-2,Q9Y606,0.937022047,93.44262295,deletion,0.7754610268755036,0.0,0.0,0.0,0.0
Q92731-4,Q92731,0.674695098,90.56603774,substitution,0.48148818676205724,0.2459016393442623,0.4918032786885246,0.0,0.4918032786885246
P56817-3,P56817,0.770031136,91.21756487,deletion,0.19355001765515806,0.6363636363636364,0.06818181818181818,0.4090909090909091,0.4772727272727273
P78310-6,P78310,0.81344204,93.69863014,substitution,0.683375584351386,0.0,0.0,0.0,0.0
Q9NVA2-2,Q9NVA2,0.905494077,94.18344519,substitution,0.754337477129614,0.0,0.0,0.0,0.0
Q9NWK9-2,Q9NWK9,0.593344127,91.70212766,deletion,0.6997754171353792,0.02564102564102564,0.07692307692307693,0.0,0.07692307692307693
P51157-2,P51157,0.901209091,91.85520362,substitution,0.7056922533966622,0.0,0.0,0.0,0.0
Q07666-3,Q07666,0.312562415,91.19638826,deletion,0.28747118917463493,0.5384615384615384,0.5641025641025641,0.1282051282051282,0.6923076923076923
Q13362-3,Q13362,0.873753328,92.55725191,deletion,0.5388739781200993,0.15384615384615385,0.5641025641025641,0.0,0.5641025641025641
Q00005-3,Q00005,0.939758578,92.57641921,substitution,0.6922370498277511,0.0,0.0,0.0,0.0
P09493-6,P09493,0.859954815,90.49295775,substitution,0.4875735890628229,0.0,1.0,0.0,1.0
Q32M92-2,Q32M92,0.394076922,92.69662921,deletion,0.5604460867841445,0.0,0.7692307692307693,0.0,0.7692307692307693
Q5JVF3-3,Q5JVF3,0.95432055,94.23558897,deletion,0.17901705209264848,0.782608695652174,0.782608695652174,0.0,0.782608695652174
P30304-2,P30304,0.478649219,92.36641221,deletion,0.7612042184672217,0.0,0.0,0.0,0.0
Q9H9C1-2,Q9H9C1,0.727017879,90.06085193,deletion,0.6817889258886654,0.061224489795918366,0.08163265306122448,0.0,0.08163265306122448
Q99832-3,Q99832,0.934667415,91.89686924,deletion,0.3512424863648376,0.38636363636363635,0.4318181818181818,0.09090909090909091,0.5227272727272727
P41227-2,P41227,0.75231611,93.19148936,substitution,0.28327800171817796,0.5,0.5625,0.0625,0.625
Q8WUB8-3,Q8WUB8,0.38881188,90.562249,deletion,0.7490977459924977,0.0,0.0,0.0,0.0
Q06413-3,Q06413,0.435803213,93.2346723,deletion,0.734645019781137,0.0,0.0,0.0,0.0
Q9UNE0-2,Q9UNE0,0.676528967,93.33333333,insertion,,,,,
Q7Z6B0-3,Q7Z6B0,0.595989763,91.83673469,deletion,0.4744472874866223,0.0,1.0,0.0,1.0
Q9UJ68-5,Q9UJ68,0.951244334,90.63829787,deletion,0.7533286464650437,0.0,0.0,0.0,0.0
Q9BXM9-2,Q9BXM9,0.894034877,93.20754717,deletion,0.46327290177346636,0.15625,0.6875,0.0,0.6875
Q5DX21-3,Q5DX21,0.475779203,90.57471264,substitution,0.32773848759067026,0.4230769230769231,0.038461538461538464,0.452991452991453,0.49145299145299143
P0CAP1-3,P0CAP1,0.537019234,93.34763948,deletion,0.47797192169426167,0.0,1.0,0.0,1.0
Q8NFU3-4,Q8NFU3,0.939083845,94.26229508,insertion,,,,,
Q9UHC3-3,Q9UHC3,0.899330888,93.80692168,substitution,0.7744029676219119,0.0,0.0,0.0,0.0
P62899-2,P62899,0.887081969,92.1875,substitution,0.5469868928646645,0.1,0.0,0.3,0.3
Q9BXI9-1,Q9BXI9,0.661869645,93.16546763,deletion,0.7531395359795114,0.0,0.0,0.0,0.0
Q13291-3,Q13291,0.647317484,91.04477612,deletion,0.5106040522512931,0.0,0.8666666666666667,0.0,0.8666666666666667
Q9NZN8-5,Q9NZN8,0.489883181,90.74074074,deletion,0.72943466436716,0.0,0.08,0.0,0.08
Q8NFH5-2,Q8NFH5,0.48365166,94.78527607,deletion,0.7565727869947505,0.0,0.0,0.0,0.0
Q01534-2,Q01534,0.680340015,90.58441558,substitution,0.5307277490538154,0.2647058823529412,0.20588235294117646,0.0,0.20588235294117646
Q8N371-3,Q8N371,0.937573282,91.62995595,insertion,,,,,
Q13555-9,Q13555,0.834809673,93.82716049,substitution,0.6946692803853514,0.029850746268656716,0.0,0.04477611940298507,0.04477611940298507
Q96PM9-1,Q96PM9,0.402891799,94.81865285,deletion,0.7366684951562048,0.0,0.0,0.0,0.0
Q9UPM6-3,Q9UPM6,0.57743781,92.60204082,insertion,,,,,
P78310-2,P78310,0.811007019,93.15068493,substitution,0.6955534464917174,0.0,0.0,0.0,0.0
Q9NRM0-2,Q9NRM0,0.952736913,91.49722736,substitution,0.6964420069994424,0.0,0.22448979591836735,0.0,0.22448979591836735
Q8IZJ4-2,Q8IZJ4,0.604981833,93.90243902,substitution,0.382938299893817,0.38461538461538464,0.6153846153846154,0.0,0.6153846153846154
Q9NPH2-3,Q9NPH2,0.815631439,90.32258065,deletion,0.23291679479530505,0.6111111111111112,0.25925925925925924,0.48148148148148145,0.7407407407407407
Q5MJ70-1,Q5MJ70,0.764362164,90.41533546,substitution,0.6403284789424668,0.06666666666666667,0.23333333333333334,0.0,0.23333333333333334
Q9ULV8-2,Q9ULV8,0.794158398,90.29535865,deletion,0.22506603858289595,0.6304347826086957,0.21739130434782608,0.30434782608695654,0.5217391304347826
P49023-2,P49023,0.645130695,94.24703892,deletion,0.765033876135732,0.0,0.0,0.0,0.0
P24462-2,P24462,0.958347496,93.27102804,substitution,0.7902541772242218,0.0,0.25,0.0,0.25
Q8N5H3-1,Q8N5H3,0.396522478,93.12169312,deletion,0.46567708015140263,0.0,1.0,0.0,1.0
Q8IWD4-3,Q8IWD4,0.302981036,93.5483871,deletion,0.7247749154526231,0.0,0.0,0.0,0.0
Q13304-2,Q13304,0.900491775,92.37057221,deletion,0.7486352558563799,0.0,0.0,0.0,0.0
Q9NWM0-2,Q9NWM0,0.891750715,90.45045045,deletion,0.44864247721055434,0.37735849056603776,0.03773584905660377,0.24528301886792453,0.2830188679245283
P78539-2,P78539,0.905088861,90.21276596,substitution,0.7328451232446808,0.0,0.0,0.0,0.0
P13861-2,P13861,0.794433155,94.55445545,deletion,0.24743848099253948,0.5,0.0,0.5909090909090909,0.5909090909090909
A8MV23-2,A8MV23,0.958625309,93.39622642,substitution,0.45263730479139724,0.3333333333333333,0.0,0.18181818181818182,0.18181818181818182
P21128-2,P21128,0.791231801,90.0,deletion,0.39114134438463194,0.3902439024390244,0.1951219512195122,0.04878048780487805,0.24390243902439024
Q99502-2,Q99502,0.544429456,93.24324324,substitution,0.7176232255196998,0.0,0.0,0.0,0.0
Q16875-3,Q16875,0.834281986,94.82758621,substitution,0.47688895204625315,0.125,0.0,0.25,0.25
P61077-3,P61077,0.991343397,94.63087248,substitution,0.2835613775216114,0.5,1.0,0.0,1.0
P61812-2,P61812,0.907850424,93.43891403,substitution,0.8543140731343809,0.0,0.0,0.0,0.0
Q8IYA8-2,Q8IYA8,0.398162384,90.18003273,substitution,0.7136973322552497,0.0,0.10344827586206896,0.0,0.10344827586206896
Q13231-3,Q13231,0.751464281,93.77682403,deletion,0.16420950920780622,0.6896551724137931,0.3103448275862069,0.1724137931034483,0.4827586206896552
P40126-2,P40126,0.90088452,94.02173913,insertion,,,,,
Q68CJ9-2,Q68CJ9,0.527587731,99.78308026,deletion,0.7693561022227656,0.0,0.0,0.0,0.0
Q9BS86-2,Q9BS86,0.901059356,99.71509972,deletion,0.6565099554424202,0.0,0.0,0.0,0.0
Q96LA6-2,Q96LA6,0.842526353,99.76689977,deletion,0.7758789915364825,0.0,0.0,0.0,0.0
Q14168-2,Q14168,0.669622884,95.83333333,deletion,0.4411886055323127,0.25,0.75,0.0,0.75
P07492-3,P07492,0.386756391,95.27027027,deletion,0.7572985795786961,0.0,0.0,0.0,0.0
Q96A83-2,Q96A83,0.296805706,99.54648526,deletion,0.46056690817955404,0.0,0.0,0.5,0.5
O00421-2,O00421,0.878153217,96.62921348,insertion,,,,,
P0C7I6-7,P0C7I6,0.626109532,97.97979798,substitution,0.7072877711856301,0.0,0.0,0.0,0.0
Q9BUL5-4,Q9BUL5,0.359511321,97.51861042,substitution,0.7102794088403428,0.0,0.0,0.0,0.0
Q8N149-2,Q8N149,0.88168559,96.27329193,substitution,0.6971297133165408,0.0,0.0,0.0,0.0
P56282-2,P56282,0.823096134,95.06641366,deletion,0.24796706163383334,0.6153846153846154,0.15384615384615385,0.5,0.6538461538461539
A5PLN9-5,A5PLN9,0.923429103,99.76076555,insertion,,,,,
Q16656-4,Q16656,0.294537568,96.36015326,insertion,,,,,
Q6ZWL3-2,Q6ZWL3,0.888091416,95.80952381,deletion,0.32371028680188974,0.4090909090909091,0.22727272727272727,0.13636363636363635,0.36363636363636365
P10619-2,P10619,0.976858519,96.45833333,deletion,0.2593416714257277,0.4117647058823529,0.17647058823529413,0.23529411764705882,0.4117647058823529
Q9Y694-2,Q9Y694,0.990918384,99.6350365,deletion,0.5840099349180845,0.0,0.0,0.0,0.0
Q8WWR8-3,Q8WWR8,0.847801492,97.38430584,insertion,,,,,
Q9UHI7-2,Q9UHI7,0.945624384,99.33554817,insertion,,,,,
Q66PJ3-2,Q66PJ3,0.222731186,98.09976247,substitution,0.7466181867075261,0.0,0.0,0.0,0.0
Q969K3-2,Q969K3,0.42805924,99.46380697,insertion,,,,,
Q7L5Y6-2,Q7L5Y6,0.987148477,98.03921569,insertion,,,,,
P41586-3,P41586,0.950218615,95.51282051,deletion,0.6469338533500205,0.0,0.2857142857142857,0.0,0.2857142857142857
Q6UX01-3,Q6UX01,0.932063078,95.91002045,deletion,0.32982279555608607,0.4,0.4,0.0,0.4
P08243-2,P08243,0.976288361,96.25668449,deletion,0.15807109701914634,0.6666666666666666,0.42857142857142855,0.2857142857142857,0.7142857142857143
Q05084-3,Q05084,0.743337673,99.79296066,deletion,0.49259329645356403,0.0,0.0,0.0,0.0
Q93038-2,Q93038,0.672297873,99.76076555,insertion,,,,,
Q06330-6,Q06330,0.955908592,96.2,substitution,0.7250609751871354,0.0,0.0,0.0,0.0
Q8N1S5-2,Q8N1S5,0.896040601,97.95321637,deletion,0.7524887708123316,0.0,0.0,0.0,0.0
Q96CW1-2,Q96CW1,0.985304662,99.54022989,deletion,0.4687813042820589,0.0,0.5,0.0,0.5
Q9GZU7-2,Q9GZU7,0.831641271,99.61685824,deletion,0.7700747310702986,0.0,0.0,0.0,0.0
P08621-2,P08621,0.587666675,97.94050343,deletion,0.7425005827190654,0.0,0.0,0.0,0.0
Q5JTD0-2,Q5JTD0,0.476385307,98.20466786,deletion,0.49233641971757514,0.0,1.0,0.0,1.0
P48730-2,P48730,0.906737969,95.48693587,substitution,0.7479875361850734,0.0,0.0,0.0,0.0
Q16653-5,Q16653,0.930047559,96.06299213,substitution,0.7067696868341427,0.0,0.25,0.0,0.25
Q6P1Q0-7,Q6P1Q0,0.795694788,96.51474531,insertion,,,,,
Q8N6F7-2,Q8N6F7,0.412460052,98.88888889,insertion,,,,,
P15391-2,P15391,0.608048987,99.82046679,insertion,,,,,
Q9UNL4-2,Q9UNL4,0.792385659,99.19678715,substitution,0.845013983019977,0.0,0.0,0.0,0.0
A6NM10-2,A6NM10,0.841727342,96.09120521,insertion,,,,,
O60664-3,O60664,0.619698833,99.76958525,deletion,0.34016690523513743,0.0,1.0,0.0,1.0
Q96MU8-2,Q96MU8,0.708164651,95.73170732,substitution,0.39304951799783316,0.38826185101580135,0.1038374717832957,0.23024830699774265,0.3340857787810384
P57082-2,P57082,0.49877357,99.81684982,insertion,,,,,
Q7Z5B4-5,Q7Z5B4,0.316245402,99.72899729,deletion,0.6220063211483278,0.0,0.0,0.0,0.0
Q16270-2,Q16270,0.86484604,98.22695035,substitution,0.7638077366728899,0.0,0.0,0.0,0.0
Q68G74-2,Q68G74,0.654934753,97.19101124,deletion,0.4391609985614515,0.2,0.0,0.2,0.2
Q9Y282-3,Q9Y282,0.949972431,98.71134021,insertion,,,,,
Q9Y3F4-2,Q9Y3F4,0.86398336,96.41873278,insertion,,,,,
Q8IY95-2,Q8IY95,0.675687365,96.67896679,substitution,0.7348816308790196,0.0,0.0,0.0,0.0
P25705-3,P25705,0.89822389,96.02169982,deletion,0.20188783378839545,0.6818181818181818,0.13636363636363635,0.2727272727272727,0.4090909090909091
P41221-2,P41221,0.957315226,96.05263158,deletion,0.7714551285378181,0.0,0.0,0.0,0.0
Q15599-2,Q15599,0.807746389,96.73590504,deletion,0.7528952255513416,0.0,0.0,0.0,0.0
P51674-3,P51674,0.960254462,95.68345324,deletion,0.5951401553017418,0.0,0.9090909090909091,0.0,0.9090909090909091
O75914-4,O75914,0.900882034,96.64902998,substitution,0.5942598818591349,0.06666666666666667,0.0,0.06666666666666667,0.06666666666666667
P35372-6,P35372,0.811211366,96.2962963,substitution,0.6700868496032305,0.0,0.6666666666666666,0.0,0.6666666666666666
Q6PEZ8-3,Q6PEZ8,0.868394848,98.6328125,insertion,,,,,
Q9P2U7-3,Q9P2U7,0.893883712,96.78571429,substitution,0.5157209014360065,0.0,0.85,0.0,0.85
P22694-5,P22694,0.992578312,96.05633803,substitution,0.5179909461872131,0.0,1.0,0.0,1.0
Q13557-6,Q13557,0.657832309,97.27095517,insertion,,,,,
Q86U42-2,Q86U42,0.451083486,96.07843137,substitution,0.7353321202841205,0.0,0.0,0.0,0.0
Q92985-4,Q92985,0.481766999,96.70542636,substitution,0.7912928624075775,0.0,0.0,0.0,0.0
Q9BYW1-4,Q9BYW1,0.968104522,97.42063492,substitution,0.5928639714957423,0.0,1.0,0.0,1.0
Q96EU6-2,Q96EU6,0.561172951,97.68339768,deletion,0.7818858410533679,0.0,0.0,0.0,0.0
Q9NYK6-3,Q9NYK6,0.356405376,99.66329966,deletion,0.4525780067304587,0.0,1.0,0.0,1.0
Q9UNL4-6,Q9UNL4,0.869497875,99.59839357,deletion,0.878339626181913,0.0,0.0,0.0,0.0
Q14982-4,Q14982,0.701752183,97.45762712,insertion,,,,,
Q9GZT3-2,Q9GZT3,0.825419323,98.16513761,deletion,0.2791159933541286,0.5,0.0,1.0,1.0
O14681-3,O14681,0.911751749,95.88235294,deletion,0.29649117983509665,0.42857142857142855,0.9285714285714286,0.0,0.9285714285714286
Q11206-6,Q11206,0.89448795,96.6966967,substitution,0.5163260933356483,0.0,0.9393939393939394,0.0,0.9393939393939394
Q14919-2,Q14919,0.635573552,96.68246445,substitution,0.7853878928060808,0.0,0.0,0.0,0.0
P08631-2,P08631,0.970879399,96.00760456,deletion,0.7387289013091348,0.0,0.0,0.0,0.0
Q9Y2I8-2,Q9Y2I8,0.73261391,99.7979798,insertion,,,,,
Q8NCE0-2,Q8NCE0,0.744789065,96.34408602,deletion,0.20093479506843198,0.7058823529411765,0.35294117647058826,0.29411764705882354,0.6470588235294118
Q969S2-2,Q969S2,0.846597145,95.18072289,deletion,0.7301189774499788,0.0,0.0,0.0,0.0
Q8N0Y2-2,Q8N0Y2,0.423592485,99.6941896,deletion,0.6831484307064527,0.0,0.0,0.0,0.0
Q6XQN6-3,Q6XQN6,0.974735643,97.58364312,deletion,0.2936087691073133,0.38461538461538464,0.0,0.6923076923076923,0.6923076923076923
O43463-2,O43463,0.927916235,96.45390071,substitution,0.7389052466057329,0.0,0.0,0.0,0.0
Q9BRR6-2,Q9BRR6,0.904990552,99.79879276,deletion,0.5049925604623902,0.0,0.0,0.0,0.0
P04062-2,P04062,0.974611019,96.26865672,deletion,0.7488712453239792,0.0,0.0,0.0,0.0
Q03933-2,Q03933,0.606047312,96.64179104,deletion,0.6892003303696697,0.0,0.16666666666666666,0.0,0.16666666666666666
Q9BW83-2,Q9BW83,0.974338927,99.46236559,deletion,0.01051527310302507,1.0,0.0,1.0,1.0
O43684-2,O43684,0.994702375,99.08536585,deletion,0.711689825743019,0.0,0.0,0.0,0.0
P29350-3,P29350,0.928064027,99.32998325,substitution,0.0883179081584305,1.0,0.0,0.0,0.0
Q93086-1,Q93086,0.850952568,99.52606635,substitution,0.2987348039372053,0.4689655172413793,0.2620689655172414,0.4,0.6620689655172414
Q7Z6J6-2,Q7Z6J6,0.749610457,97.36842105,deletion,0.24910113950181348,0.6,0.06666666666666667,0.4666666666666667,0.5333333333333333
P05121-2,P05121,0.931195588,96.26865672,deletion,0.09258122784033032,0.8666666666666667,1.0,0.0,1.0
Q08209-2,Q08209,0.833415121,98.0806142,deletion,0.3388783380272432,0.4,1.0,0.0,1.0
P35372-8,P35372,0.842418316,97.25,substitution,0.6700868496032305,0.0,0.6666666666666666,0.0,0.6666666666666666
Q9BRT8-3,Q9BRT8,0.826698766,95.18987342,deletion,0.22455415358295494,0.631578947368421,0.42105263157894735,0.05263157894736842,0.47368421052631576
P45880-2,P45880,0.979378277,96.2585034,deletion,0.702088414966087,0.0,0.0,0.0,0.0
Q9BYE2-6,Q9BYE2,0.794905189,95.40816327,substitution,0.6713856959530384,0.037037037037037035,0.0,0.0,0.0
Q13324-7,Q13324,0.827783768,99.756691,deletion,0.44110016156127846,0.0,1.0,0.0,1.0
Q9Y6F8-2,Q9Y6F8,0.52548769,95.16994633,substitution,0.4658550581229449,0.2222222222222222,0.7777777777777778,0.0,0.7777777777777778
Q5R372-4,Q5R372,0.561299844,98.1595092,deletion,0.6124082309640514,0.0,0.2,0.0,0.2
Q86Y33-2,Q86Y33,0.670794002,99.22928709,deletion,0.2146094782312239,0.5,0.0,0.5,0.5
Q8N145-2,Q8N145,0.888116685,95.62043796,deletion,0.2071357720127176,0.625,0.0,0.20833333333333334,0.20833333333333334
P32121-3,P32121,0.890457088,97.14964371,insertion,,,,,
P85299-3,P85299,0.602044852,97.68041237,deletion,0.800560734096151,0.0,0.0,0.0,0.0
O43914-2,O43914,0.570329172,99.11504425,deletion,0.5159686507059661,0.0,1.0,0.0,1.0
Q96NX9-2,Q96NX9,0.531101219,95.15859766,substitution,0.6404909304436972,0.0022935779816513763,0.3761467889908257,0.0,0.3761467889908257
Q8NA72-3,Q8NA72,0.536851408,95.13043478,substitution,0.6794795991716798,0.0,0.18518518518518517,0.0,0.18518518518518517
Q9Y570-4,Q9Y570,0.880173392,96.5,insertion,,,,,
Q8NA23-2,Q8NA23,0.87826253,99.72752044,deletion,0.7889278000720896,0.0,0.0,0.0,0.0
P58872-3,P58872,0.793807345,98.01980198,deletion,0.3124657352664881,0.375,1.0,0.0,1.0
Q8N2K0-2,Q8N2K0,0.864718401,96.28712871,substitution,0.5545885910913965,0.16666666666666666,0.25,0.0,0.25
Q99836-6,Q99836,0.738932905,97.36842105,insertion,,,,,
P55001-2,P55001,0.625217888,99.45355191,deletion,0.4368546778669885,0.0,1.0,0.0,1.0
Q8NC51-3,Q8NC51,0.411304086,96.32352941,deletion,0.52620745468434,0.0,0.4666666666666667,0.0,0.4666666666666667
Q9UHB4-2,Q9UHB4,0.988734648,98.51485149,insertion,,,,,
Q9BQG2-2,Q9BQG2,0.807726408,96.1038961,deletion,0.21114963794650082,0.5555555555555556,0.7777777777777778,0.0,0.7777777777777778
Q06330-4,Q06330,0.919217562,95.62624254,substitution,0.7250609751871354,0.0,0.0,0.0,0.0
O75914-3,O75914,0.774610468,96.37931034,insertion,,,,,
P35520-2,P35520,0.681299949,97.34513274,substitution,0.602345992797537,0.0,0.0,1.0,1.0
Q9NXR7-4,Q9NXR7,0.961103006,95.03916449,substitution,0.3304747501463027,0.5,0.85,0.05,0.9
Q13131-2,Q13131,0.871551363,97.38675958,insertion,,,,,
Q9UHK6-5,Q9UHK6,0.978661859,95.68527919,substitution,0.7184427120468182,0.0,0.0,0.0,0.0
O60663-3,O60663,0.683848986,95.64164649,substitution,0.6971938152127745,0.0,0.14545454545454545,0.0,0.14545454545454545
P32121-5,P32121,0.855661077,96.33251834,deletion,0.24521732510478247,0.6666666666666666,0.26666666666666666,0.4666666666666667,0.7333333333333333
P10155-5,P10155,0.986061974,95.19408503,substitution,0.18113682470732814,0.7916666666666666,0.375,0.20833333333333334,0.5833333333333334
Q9UKA9-4,Q9UKA9,0.678079334,99.06716418,insertion,,,,,
P07602-2,P07602,0.580180697,99.61977186,insertion,,,,,
P05089-2,P05089,0.984789702,97.57575758,insertion,,,,,
Q8TC17-2,Q8TC17,0.89302191,97.45762712,substitution,0.3542656081378897,0.3333333333333333,0.3333333333333333,0.0,0.3333333333333333
Q9HB55-2,Q9HB55,0.990421588,99.8015873,insertion,,,,,
Q5NUL3-1,Q5NUL3,0.899206888,95.75596817,insertion,,,,,
P34897-3,P34897,0.957167088,95.83333333,deletion,0.7771081233700807,0.0,0.0,0.0,0.0
O15444-3,O15444,0.534082203,99.33333333,deletion,0.5541597992775176,0.0,0.0,0.0,0.0
P82912-2,P82912,0.705330215,99.48453608,deletion,0.832908675479686,0.0,0.0,0.0,0.0
O75354-3,O75354,0.868897363,99.79338843,deletion,0.7525471014868546,0.0,0.0,0.0,0.0
P19544-2,P19544,0.346948068,95.54565702,substitution,0.536266110390585,0.11801242236024845,0.21739130434782608,0.07453416149068323,0.2919254658385093
P53990-4,P53990,0.585099772,99.45355191,insertion,,,,,
Q92952-2,Q92952,0.864439449,96.79144385,insertion,,,,,
Q9UNW8-3,Q9UNW8,0.856348944,97.10526316,substitution,0.4750584117516999,0.2,0.0,0.0,0.0
Q96PU8-3,Q96PU8,0.664428646,97.65395894,deletion,0.7618774424622218,0.0,0.0,0.0,0.0
Q12933-4,Q12933,0.67561154,95.00998004,deletion,0.3666588682802707,0.28,0.32,0.16,0.48
Q13163-2,Q13163,0.679745798,97.76785714,deletion,0.2638651614276467,0.6,0.3,0.0,0.3
P50549-2,P50549,0.332137248,96.01677149,substitution,0.6890909506036766,0.0,0.0,0.0,0.0
Q9ULP9-2,Q9ULP9,0.627417521,98.92665474,deletion,0.48526934203415967,0.3333333333333333,0.5,0.0,0.5
O94864-2,O94864,0.600870099,99.03381643,substitution,0.7628012638623809,0.0,0.0,0.0,0.0
Q9UI30-2,Q9UI30,0.941101448,96.0,deletion,0.48978532719927753,0.4,0.0,0.0,0.0
Q15165-1,Q15165,0.999334537,97.17514124,substitution,0.5178936189066106,0.0,1.0,0.0,1.0
P01135-4,P01135,0.796468804,96.93251534,substitution,0.8330481453540785,0.0,0.0,0.0,0.0
P49802-3,P49802,0.953090886,96.36363636,deletion,0.7275690116039573,0.0,0.0,0.0,0.0
Q96L92-3,Q96L92,0.884745847,97.22735675,substitution,0.5679472649112244,0.0,0.8,0.0,0.8
Q8TBX8-3,Q8TBX8,0.880512011,95.72446556,deletion,0.33124907159550904,0.5,0.0,0.3888888888888889,0.3888888888888889
O43251-2,O43251,0.376033826,95.39641944,substitution,0.7394732260130329,0.0,0.0,0.0,0.0
Q9Y4P8-6,Q9Y4P8,0.848695882,97.57709251,deletion,0.7409666851033259,0.0,0.0,0.0,0.0
Q8TAX9-3,Q8TAX9,0.864595422,96.10705596,substitution,0.3799644423001512,0.35714285714285715,0.0,0.21428571428571427,0.21428571428571427
Q9UHW5-2,Q9UHW5,0.939466876,96.59863946,insertion,,,,,
Q6XE24-4,Q6XE24,0.505992868,96.10983982,substitution,0.7312437998105885,0.0,0.08045977011494253,0.0,0.08045977011494253
Q6X4W1-3,Q6X4W1,0.443632904,95.66037736,deletion,0.4736497946158959,0.043478260869565216,1.0,0.0,1.0
Q9UKA8-2,Q9UKA8,0.426350426,95.85062241,deletion,0.6450572830928318,0.0,0.1,0.0,0.1
P43004-3,P43004,0.89137642,95.01718213,substitution,0.7682751265123674,0.0,0.0,0.0,0.0
P32297-1,P32297,0.856611293,99.00990099,substitution,0.7774263476831927,0.0,0.0,0.0,0.0
Q92629-2,Q92629,0.837843503,99.65517241,insertion,,,,,
Q9NTX5-2,Q9NTX5,0.936710072,98.04560261,deletion,0.5520485424322982,0.0,1.0,0.0,1.0
P13378-2,P13378,0.436225619,99.65517241,deletion,0.5219392353673978,0.0,0.0,0.0,0.0
Q8IW41-2,Q8IW41,0.804886712,99.57716702,deletion,0.8894715720095121,0.0,0.0,0.0,0.0
Q9Y5J3-2,Q9Y5J3,0.773308697,98.7012987,insertion,,,,,
P49590-2,P49590,0.917659161,95.05928854,deletion,0.6149863767302098,0.0,0.36,0.0,0.36
A0PJK1-2,A0PJK1,0.935926506,95.46979866,deletion,0.14113043617908896,0.7777777777777778,1.0,0.0,1.0
P45379-10,P45379,0.780219162,98.99328859,deletion,0.36554084934291925,0.0,1.0,0.0,1.0
Q6ZMG9-2,Q6ZMG9,0.87968159,97.95918367,insertion,,,,,
Q6ZQX7-3,Q6ZQX7,0.373688841,95.58498896,deletion,0.30665061483887407,0.45,0.0,0.4,0.4
O00182-6,O00182,0.903427445,96.61971831,deletion,0.7480363066948069,0.0,0.0,0.0,0.0
Q9Y6M0-2,Q9Y6M0,0.902919647,99.36305732,deletion,0.5815506926027197,0.0,0.0,0.0,0.0
P98182-2,P98182,0.523662052,99.74683544,deletion,0.768951151023637,0.0,0.0,0.0,0.0
Q96MV8-3,Q96MV8,0.970282822,97.32937685,deletion,0.3416373428802684,0.4444444444444444,0.5555555555555556,0.0,0.5555555555555556
Q9UIF7-5,Q9UIF7,0.877751511,95.6043956,substitution,0.7618789028540512,0.0,0.0,0.0,0.0
Q13950-2,Q13950,0.481700422,96.35316699,substitution,0.7510876464460673,0.0,0.0,0.0,0.0
Q53H76-3,Q53H76,0.916482453,96.49122807,deletion,0.2587124212825097,0.5,1.0,0.0,1.0
P00797-2,P00797,0.960715152,99.26108374,deletion,0.5587349866696512,0.0,0.0,0.0,0.0
Q93086-4,Q93086,0.814543761,97.22222222,substitution,0.5571814507259981,0.1282051282051282,0.42735042735042733,0.03418803418803419,0.46153846153846156
Q9NYA1-3,Q9NYA1,0.970390815,96.48241206,insertion,,,,,
A0PJK1-4,A0PJK1,0.981057549,97.38562092,insertion,,,,,
O75636-2,O75636,0.734074755,96.32107023,deletion,0.6094604527085802,0.09090909090909091,0.0,0.09090909090909091,0.09090909090909091
Q12805-3,Q12805,0.670406001,99.79716024,deletion,0.45552803483883975,0.0,0.0,0.0,0.0
P45378-2,P45378,0.805448292,95.91078067,deletion,0.6474705137946123,0.0,0.2727272727272727,0.0,0.2727272727272727
Q96RD7-2,Q96RD7,0.766780887,99.06103286,deletion,0.658560830269086,0.0,0.0,0.0,0.0
Q9UJ83-2,Q9UJ83,0.972371507,95.32871972,deletion,0.09522545730102822,0.8148148148148148,0.5925925925925926,0.18518518518518517,0.7777777777777778
Q9UJ41-4,Q9UJ41,0.74640322,97.22772277,insertion,,,,,
Q9UNH5-5,Q9UNH5,0.768368175,95.91503268,substitution,0.7547379760822234,0.0,0.0,0.0,0.0
Q63HM1-2,Q63HM1,0.975026788,98.37662338,insertion,,,,,
Q9BWP8-10,Q9BWP8,0.616341257,95.0877193,insertion,,,,,
P05166-2,P05166,0.972284033,96.42218247,insertion,,,,,
Q5T4F4-3,Q5T4F4,0.580499698,98.79807692,insertion,,,,,
Q4U2R8-2,Q4U2R8,0.949443458,97.69094139,deletion,0.4589995722227523,0.23076923076923078,0.5384615384615384,0.0,0.5384615384615384
Q8TBC4-2,Q8TBC4,0.953521211,96.9762419,deletion,0.5894460022857192,0.0,0.8571428571428571,0.0,0.8571428571428571
Q9Y694-3,Q9Y694,0.976966958,96.00725953,substitution,0.25863446764197,0.5323741007194245,0.7697841726618705,0.002398081534772182,0.7721822541966427
O60858-3,O60858,0.470485469,99.26829268,insertion,,,,,
P57721-4,P57721,0.641926117,99.73045822,deletion,0.7408784723891851,0.0,0.0,0.0,0.0
P07098-3,P07098,0.963067851,97.54901961,insertion,,,,,
O43602-2,O43602,0.539712081,98.63013699,deletion,0.6794000614568686,0.0,0.0,0.0,0.0
Q8TAA9-2,Q8TAA9,0.865517327,99.61832061,deletion,0.6543349728311884,0.0,0.0,0.0,0.0
Q9UQB8-2,Q9UQB8,0.539952742,95.66787004,substitution,0.7674898018783191,0.0,0.0,0.0,0.0
P24071-10,P24071,0.724778147,95.81881533,deletion,0.6881609602211888,0.0,0.3333333333333333,0.0,0.3333333333333333
Q7Z692-3,Q7Z692,0.49750685,99.66666667,deletion,0.5693805770205321,0.0,1.0,0.0,1.0
P17022-2,P17022,0.31455153,99.81785064,deletion,0.45962835090060655,0.0,0.0,0.0,0.0
P07948-2,P07948,0.925976581,95.8984375,deletion,0.7328937923820508,0.0,0.0,0.0,0.0
P62195-2,P62195,0.939868458,98.02955665,deletion,0.8010281884716423,0.0,0.0,0.0,0.0
P25788-2,P25788,0.974014659,97.25490196,deletion,0.052154500958102715,1.0,0.0,1.0,1.0
O43670-4,O43670,0.361905934,96.7611336,insertion,,,,,
Q9UL41-2,Q9UL41,0.45889431,95.03239741,substitution,0.5545694632510909,0.10714285714285714,0.35714285714285715,0.0,0.35714285714285715
Q15173-2,Q15173,0.928349165,97.18309859,substitution,0.6957100377264258,0.0,0.0,0.0,0.0
O76083-15,O76083,0.631552658,95.61551433,deletion,0.33418818017591484,0.46153846153846156,0.0,0.23076923076923078,0.23076923076923078
Q9BU40-5,Q9BU40,0.298085739,99.78118162,insertion,,,,,
Q9ULC4-3,Q9ULC4,0.987519308,98.35164835,substitution,0.4566930933139048,0.3333333333333333,0.0,0.0,0.0
P38567-2,P38567,0.915391713,97.26027397,substitution,0.7276163163781714,0.0,0.2857142857142857,0.0,0.2857142857142857
O95196-2,O95196,0.328412788,95.22968198,deletion,0.6512933896074188,0.0,0.25925925925925924,0.0,0.25925925925925924
P49918-2,P49918,0.434469551,96.51898734,deletion,0.7044515382179674,0.0,0.0,0.0,0.0
Q86X24-2,Q86X24,0.574671223,98.22335025,deletion,0.040226293231916836,1.0,0.0,0.8571428571428571,0.8571428571428571
Q86VE9-2,Q86VE9,0.978635723,99.05437352,substitution,0.3639707759449074,0.25,0.75,0.0,0.75
Q9H019-3,Q9H019,0.306591763,95.89041096,deletion,0.6527700251340056,0.0,0.16666666666666666,0.0,0.16666666666666666
Q99873-3,Q99873,0.919172704,95.14824798,deletion,0.7647273441073863,0.0,0.0,0.0,0.0
Q9UMY4-3,Q9UMY4,0.84319352,97.5308642,deletion,0.1531048334592225,0.5,0.0,1.0,1.0
P78314-3,P78314,0.536583658,95.24617997,insertion,,,,,
P45378-6,P45378,0.383263021,95.16728625,deletion,0.7441618491054657,0.0,0.0,0.0,0.0
Q8TAX9-6,Q8TAX9,0.958038993,98.78345499,deletion,0.7354121369424589,0.0,0.0,0.0,0.0
Q9BVL2-3,Q9BVL2,0.611122477,97.9966611,deletion,0.7334390796077138,0.0,0.0,0.0,0.0
Q96G74-5,Q96G74,0.463939334,99.12434326,deletion,0.4275608302975284,0.2,0.0,0.0,0.0
Q9Y5Q8-3,Q9Y5Q8,0.75990853,98.66920152,insertion,,,,,
Q04206-2,Q04206,0.652750353,97.45916515,substitution,0.4610285375642166,0.2874493927125506,0.11133603238866396,0.22064777327935223,0.3319838056680162
O00167-2,O00167,0.598056493,95.53903346,deletion,0.727187053067276,0.0,0.0,0.0,0.0
Q14994-8,Q14994,0.944560458,98.59943978,insertion,,,,,
O15379-2,O15379,0.93584308,95.62211982,substitution,0.2194017962895113,0.5714285714285714,0.21428571428571427,0.2857142857142857,0.5
Q8IZ20-2,Q8IZ20,0.362631166,96.18320611,deletion,0.5451692168564561,0.0,0.3,0.05,0.35
P06454-2,P06454,0.5623147,99.0990991,deletion,0.8134113647173037,0.0,0.0,0.0,0.0
Q13952-3,Q13952,0.440876526,95.85152838,deletion,0.7490692730829869,0.0,0.0,0.0,0.0
Q8IUH3-3,Q8IUH3,0.476654202,99.57983193,deletion,0.6879621109859066,0.0,0.0,0.0,0.0
Q96QD5-2,Q96QD5,0.83454288,95.49902153,substitution,0.48515465386180506,0.13043478260869565,0.6521739130434783,0.0,0.6521739130434783
Q96NZ9-3,Q96NZ9,0.282364452,98.68421053,substitution,0.7488551044035586,0.0,0.0,0.0,0.0
P26378-1,P26378,0.667486765,98.18181818,substitution,0.7937080249863554,0.0,0.0,0.0,0.0
P12318-2,P12318,0.709837006,99.68454259,deletion,0.6292295438806367,0.0,0.0,0.0,0.0
P49768-2,P49768,0.839037662,99.14346895,deletion,0.8016627502786192,0.0,0.0,0.0,0.0
P51686-2,P51686,0.972717544,96.74796748,deletion,0.71947939134775,0.0,0.0,0.0,0.0
P49281-4,P49281,0.888991902,95.14237856,insertion,,,,,
Q14498-2,Q14498,0.37206684,98.86792453,deletion,0.7288892801212445,0.0,0.0,0.0,0.0
Q9HAV5-3,Q9HAV5,0.542875827,99.33110368,insertion,,,,,
Q15366-3,Q15366,0.857481809,98.63387978,substitution,0.6963524891262,0.018018018018018018,0.036036036036036036,0.0,0.036036036036036036
Q9BVC4-5,Q9BVC4,0.96991637,99.69325153,deletion,0.18354485599761858,1.0,0.0,0.0,0.0
Q9HD26-2,Q9HD26,0.467442312,98.26839827,deletion,0.5021222931296669,0.0,0.5,0.0,0.5
O95238-2,O95238,0.412927143,95.2238806,deletion,0.5042167875236826,0.3125,0.25,0.0,0.25
Q9UBW5-3,Q9UBW5,0.485775659,95.22123894,deletion,0.5058187987964333,0.07692307692307693,0.7692307692307693,0.0,0.7692307692307693
Q8WV16-5,Q8WV16,0.895298146,98.38709677,substitution,0.26805455028748004,0.5909090909090909,0.0,0.45454545454545453,0.45454545454545453
Q8TAC9-2,Q8TAC9,0.865935132,96.70781893,insertion,,,,,
Q0D2J5-2,Q0D2J5,0.908133838,98.99244332,insertion,,,,,
Q96JD6-4,Q96JD6,0.955218901,95.625,substitution,0.2718243108010487,0.42857142857142855,0.35714285714285715,0.0,0.35714285714285715
Q6UXI9-6,Q6UXI9,0.355703037,97.0790378,insertion,,,,,
Q9UL33-2,Q9UL33,0.967526721,99.28571429,deletion,0.18247959169882044,1.0,0.0,0.0,0.0
Q8TED0-3,Q8TED0,0.666549048,96.33204633,deletion,0.2942279140086627,0.5263157894736842,0.0,0.47368421052631576,0.47368421052631576
Q86T03-2,Q86T03,0.433565456,97.53521127,insertion,,,,,
Q7Z7C8-2,Q7Z7C8,0.375211662,98.71382637,substitution,0.8247714677983788,0.0,0.0,0.0,0.0
Q9UM11-2,Q9UM11,0.741429567,99.39516129,deletion,0.699295844821317,0.0,0.0,0.0,0.0
Q13838-2,Q13838,0.958973756,96.61399549,insertion,,,,,
P34910-2,P34910,0.26286434,96.76025918,insertion,,,,,
P48788-2,P48788,0.649445661,97.8021978,substitution,0.46893595905256275,0.0,0.75,0.0,0.75
O76082-3,O76082,0.968689725,95.86919105,insertion,,,,,
P78413-2,P78413,0.244154769,95.2293578,insertion,,,,,
P58335-4,P58335,0.68585552,97.35234216,substitution,0.6738988517029145,0.0,0.5384615384615384,0.0,0.5384615384615384
P12081-4,P12081,0.887988723,96.07072692,deletion,0.27817989966403395,0.65,0.15,0.45,0.6
Q16537-2,Q16537,0.922511653,98.71520343,substitution,0.4592410317866131,0.0,1.0,0.0,1.0
O75914-2,O75914,0.860387103,97.31663685,deletion,0.5942598818591349,0.06666666666666667,0.0,0.06666666666666667,0.06666666666666667
Q11206-7,Q11206,0.935874692,95.1951952,substitution,0.5163260933356483,0.0,0.9393939393939394,0.0,0.9393939393939394
P15529-11,P15529,0.705683704,96.17346939,deletion,0.7135668416407679,0.0,0.0,0.0,0.0
P49758-3,P49758,0.889465015,96.32653061,insertion,,,,,
Q9BZC1-3,Q9BZC1,0.599652826,99.38271605,substitution,0.3792917383794011,0.3445378151260504,0.3949579831932773,0.19327731092436976,0.5882352941176471
Q13231-4,Q13231,0.771348546,95.92274678,deletion,0.22811579449198027,0.6842105263157895,0.2631578947368421,0.3684210526315789,0.631578947368421
Q14240-2,Q14240,0.952099629,99.75490196,insertion,,,,,
Q9H313-2,Q9H313,0.977582198,99.77827051,insertion,,,,,
Q8N8S7-2,Q8N8S7,0.575122777,96.44670051,deletion,0.7344975421616872,0.0,0.0,0.0,0.0
P56180-2,P56180,0.735628143,96.73321234,deletion,0.6124359092574574,0.05555555555555555,0.1111111111111111,0.0,0.1111111111111111
P46098-3,P46098,0.926109575,95.60669456,substitution,0.5402439683047495,0.0,1.0,0.0,1.0
Q9UQ03-2,Q9UQ03,0.948101664,98.95833333,deletion,0.7263639958326371,0.0,0.0,0.0,0.0
Q06124-1,Q06124,0.959796372,99.32998325,insertion,,,,,
P54687-5,P54687,0.965180413,96.48241206,substitution,0.7986663338622194,0.0,0.0,0.0,0.0
A1A519-2,A1A519,0.624493631,99.6969697,deletion,1.0,0.0,0.0,0.0,0.0
O43852-3,O43852,0.866195582,97.52321981,insertion,,,,,
Q15906-2,Q15906,0.436600583,97.06666667,insertion,,,,,
Q9H6J7-2,Q9H6J7,0.887388941,98.21958457,insertion,,,,,
Q9UNZ2-5,Q9UNZ2,0.763440496,99.46236559,insertion,,,,,
O43826-2,O43826,0.964111742,95.12195122,insertion,,,,,
Q5VZI3-3,Q5VZI3,0.930246249,99.70845481,insertion,,,,,
Q5JVF3-2,Q5JVF3,0.994018678,97.25,substitution,0.3025353501511763,0.36363636363636365,0.6363636363636364,0.0,0.6363636363636364
O60711-2,O60711,0.783918695,97.69820972,substitution,0.6676530113742016,0.0,1.0,0.0,1.0
Q86TW2-2,Q86TW2,0.870626377,98.67924528,deletion,0.33165072443523064,0.2857142857142857,0.8571428571428571,0.0,0.8571428571428571
O43236-3,O43236,0.761114781,95.63409563,substitution,0.4462693685939697,0.2914046121593291,0.3689727463312369,0.12159329140461216,0.49056603773584906
Q9UGV2-2,Q9UGV2,0.865743915,96.8,deletion,0.4222218446092434,0.16666666666666666,0.25,0.16666666666666666,0.4166666666666667
O43739-2,O43739,0.721818176,99.75,deletion,0.3731081099109381,0.0,0.0,0.0,0.0
P22570-2,P22570,0.944302827,98.79275654,insertion,,,,,
Q14CB8-2,Q14CB8,0.814058448,95.16441006,substitution,0.9461549038557588,0.0,0.0,0.0,0.0
Q96LW4-2,Q96LW4,0.652813344,99.82142857,deletion,0.6214021158846484,0.0,0.0,0.0,0.0
P48307-2,P48307,0.863960162,95.31914894,deletion,0.2596562787674186,0.45454545454545453,0.36363636363636365,0.0,0.36363636363636365
P62913-2,P62913,0.992525525,99.43820225,deletion,0.7065305044110088,0.0,0.0,0.0,0.0
Q8WZ73-2,Q8WZ73,0.432958632,97.79614325,deletion,0.6054585309920597,0.0,0.25,0.0,0.25
Q09028-2,Q09028,0.9746369,99.76470588,deletion,0.4649390549841959,0.0,1.0,0.0,1.0
Q96GE9-2,Q96GE9,0.600875061,96.55172414,deletion,0.4075923221099004,0.5,0.5,0.0,0.5
Q9H237-4,Q9H237,0.983908906,97.39696312,substitution,0.4428551119051452,0.16666666666666666,1.0,0.0,1.0
Q9H2R5-5,Q9H2R5,0.925108895,99.609375,deletion,0.7249815862404773,0.0,0.0,0.0,0.0
Q9NSB8-2,Q9NSB8,0.853720975,96.89265537,deletion,0.7365500327359648,0.0,0.0,0.0,0.0
Q05932-4,Q05932,0.689816351,95.57069847,deletion,0.19942963909950018,0.7307692307692307,0.5769230769230769,0.0,0.5769230769230769
P10155-3,P10155,0.980656432,95.53903346,substitution,0.18113682470732814,0.7916666666666666,0.375,0.20833333333333334,0.5833333333333334
