isoform,acc,tm,identity,canon_lo,canon_hi,kind
P18577-9,P18577,0.70270132,58.51318945,213,385,deletion
O00453-6,O00453,0.207139542,52.57731959,7,60,substitution
Q96KN4-2,Q96KN4,0.280687145,45.6,146,292,substitution
Q9BWV2-3,Q9BWV2,0.375906839,50.78740157,127,254,substitution
Q9UK53-3,Q9UK53,0.311966683,49.76303318,2,213,deletion
Q96DH6-3,Q96DH6,0.429104893,42.98780488,2,328,substitution
Q9H098-2,Q9H098,0.452107129,42.81045752,,,insertion
P61313-2,P61313,0.801807582,55.90909091,121,204,substitution
Q7Z7E8-2,Q7Z7E8,0.704058437,59.95260664,2,170,deletion
A2A2Y4-3,A2A2Y4,0.412914124,59.29648241,2,597,substitution
Q9H171-6,Q9H171,0.373632987,53.84615385,225,429,substitution
Q13422-8,Q13422,0.313451968,42.38921002,198,519,substitution
Q5HYL7-2,Q5HYL7,0.482151971,58.42696629,2,75,deletion
Q8TA94-2,Q8TA94,0.310821438,41.71779141,199,476,substitution
Q9UKJ1-4,Q9UKJ1,0.60327763,51.14006515,152,303,substitution
Q9C035-5,Q9C035,0.453022332,50.9127789,249,491,substitution
O75688-3,O75688,0.344114518,40.08350731,2,288,deletion
Q9H579-2,Q9H579,0.448641484,46.27831715,332,483,substitution
Q8WUD6-2,Q8WUD6,0.723431092,53.20197044,217,406,substitution
P47870-3,P47870,0.758396432,57.11538462,2,512,substitution
P28799-3,P28799,0.276754781,59.27750411,2,251,substitution
Q9HBU6-2,Q9HBU6,0.456616534,52.43362832,228,452,substitution
Q9Y548-2,Q9Y548,0.326434964,40.19607843,2,184,deletion
O15305-2,O15305,0.707210142,47.15447154,117,246,substitution
Q5VXD3-3,Q5VXD3,0.470934816,47.54098361,2,74,substitution
P49458-2,P49458,0.758121347,49.53271028,48,86,substitution
P48023-2,P48023,0.295910683,42.70462633,117,281,substitution
Q66K41-2,Q66K41,0.175713761,41.23222749,2,249,deletion
P04233-3,P04233,0.294290037,50.33783784,148,296,substitution
Q6X4T0-2,Q6X4T0,0.312196528,51.1627907,57,127,substitution
Q13425-2,Q13425,0.308115804,49.07407407,266,540,substitution
P14921-5,P14921,0.315630737,59.41043084,262,441,substitution
P46779-4,P46779,0.732100812,49.6350365,69,137,substitution
Q99766-2,Q99766,0.549076121,54.75113122,106,200,substitution
Q0GE19-4,Q0GE19,0.678154581,54.41176471,186,340,substitution
O43820-3,O43820,0.692112124,40.04796163,2,250,deletion
Q8WUJ1-3,Q8WUJ1,0.774311738,57.57575758,3,114,deletion
P51959-2,P51959,0.60314899,54.57627119,2,135,deletion
Q6ZUS6-2,Q6ZUS6,0.274763526,50.47258979,2,474,substitution
Q6UWF3-2,Q6UWF3,0.360764292,54.70588235,44,145,substitution
Q8NBI6-2,Q8NBI6,0.693373771,43.92059553,2,217,substitution
A1KXE4-2,A1KXE4,0.311422474,43.41463415,78,195,substitution
Q9BU76-2,Q9BU76,0.371419559,50.0,125,263,substitution
Q63ZY6-2,Q63ZY6,0.687777507,40.95238095,129,315,substitution
Q9UKA8-3,Q9UKA8,0.498091571,55.10204082,124,241,substitution
Q9UKT9-16,Q9UKT9,0.189051608,51.47347741,2,248,deletion
Q9H497-3,Q9H497,0.711177535,45.59193955,2,217,deletion
P10620-2,P10620,0.734200682,50.96774194,75,155,substitution
Q96DE0-3,Q96DE0,0.763520023,58.29596413,2,195,substitution
Q9BQE9-2,Q9BQE9,0.226177958,55.14018692,2,88,substitution
Q8TD46-3,Q8TD46,0.644915924,44.47761194,23,347,substitution
O96017-11,O96017,0.355414774,41.43646409,77,394,deletion
Q7L5Y1-6,Q7L5Y1,0.782777544,59.14221219,2,182,deletion
Q96DE0-2,Q96DE0,0.581687286,42.14559387,2,195,substitution
Q9NSK7-2,Q9NSK7,0.358777523,50.65789474,3,66,deletion
P17676-3,P17676,0.44791085,42.60869565,2,199,deletion
O76021-2,O76021,0.229090441,55.10204082,2,221,deletion
Q6NUK4-2,Q6NUK4,0.727889898,54.90196078,140,254,substitution
O95866-4,O95866,0.557912616,50.17793594,137,241,substitution
Q01196-7,Q01196,0.447811923,53.42163355,138,453,substitution
Q9Y680-1,Q9Y680,0.636655246,55.85585586,125,222,substitution
Q9UGB7-2,Q9UGB7,0.432786023,44.77124183,114,285,substitution
Q8N465-2,Q8N465,0.677778695,52.91902072,165,521,substitution
Q8WVQ1-2,Q8WVQ1,0.508887316,56.10972569,220,401,substitution
Q8ND83-2,Q8ND83,0.14947798,53.6971831,2,264,deletion
P52757-3,P52757,0.70474708,58.57142857,2,192,substitution
O75911-2,O75911,0.456182828,40.25559105,115,301,substitution
Q9BUT1-2,Q9BUT1,0.753301681,58.96414343,141,245,substitution
Q9BUU2-3,Q9BUU2,0.706316274,44.30693069,2,226,deletion
Q96CB9-3,Q96CB9,0.716533738,44.27083333,2,219,substitution
Q92482-2,Q92482,0.616129954,56.45645646,165,292,substitution
Q8N7U9-2,Q8N7U9,0.498049952,44.11764706,72,141,substitution
Q96LZ7-3,Q96LZ7,0.686225255,48.06763285,2,410,substitution
Q9BX59-4,Q9BX59,0.684906653,50.84033613,236,468,substitution
Q9BYT1-3,Q9BYT1,0.696473959,48.16513761,210,436,substitution
Q9GZZ7-3,Q9GZZ7,0.541488182,41.07142857,132,299,substitution
Q86XE0-2,Q86XE0,0.608527553,58.93719807,238,403,substitution
O95302-2,O95302,0.774028356,58.94736842,3,234,deletion
Q8N2Z9-3,Q8N2Z9,0.734830166,50.0,70,138,substitution
Q4JDL3-7,Q4JDL3,0.348826285,48.0952381,195,420,substitution
P15907-2,P15907,0.714474318,43.10344828,2,232,deletion
Q9UNW1-3,Q9UNW1,0.69679134,57.28952772,279,487,substitution
Q9NQZ6-4,Q9NQZ6,0.702249003,57.5,133,224,substitution
Q96MN5-2,Q96MN5,0.606817682,58.17307692,2,88,deletion
Q6ZUK4-2,Q6ZUK4,0.598353628,54.08970976,203,368,substitution
Q9BWF3-2,Q9BWF3,0.433148952,40.10989011,139,364,substitution
B0YJ81-2,B0YJ81,0.256736863,44.82758621,126,288,substitution
Q5T5S1-4,Q5T5S1,0.334779605,51.75438596,2,534,substitution
Q5JW98-2,Q5JW98,0.432035391,40.76433121,2,187,deletion
Q7Z3B4-2,Q7Z3B4,0.498393984,57.3964497,2,388,substitution
Q9NRG1-3,Q9NRG1,0.620488219,51.00401606,114,225,substitution
Q9NRA1-4,Q9NRA1,0.519550518,52.75362319,2,164,deletion
Q6UWP8-2,Q6UWP8,0.253959222,41.86440678,126,468,deletion
Q96Q83-2,Q96Q83,0.350682616,42.39482201,73,286,substitution
Q9H6S1-4,Q9H6S1,0.529078166,54.5,216,392,substitution
Q3KPI0-3,Q3KPI0,0.548868458,48.8372093,142,292,substitution
Q9NQR9-3,Q9NQR9,0.619517347,40.99722992,148,355,substitution
Q6GTS8-2,Q6GTS8,0.668276624,57.30337079,302,502,substitution
Q86UA6-6,Q86UA6,0.295271049,47.48858447,105,218,substitution
P68402-3,P68402,0.784016079,57.6419214,133,229,deletion
Q8IZ96-9,Q8IZ96,0.416011092,47.12643678,81,169,substitution
Q8N9B4-2,Q8N9B4,0.635435972,40.04796163,47,389,substitution
Q9NVV5-6,Q9NVV5,0.754593869,55.88235294,134,238,substitution
Q8NFR7-3,Q8NFR7,0.423956984,43.14720812,256,591,deletion
Q86TD4-1,Q86TD4,0.703824704,48.03817603,,,insertion
Q9BY76-3,Q9BY76,0.746730018,58.86699507,2,168,deletion
Q9HAB8-2,Q9HAB8,0.70999843,44.37299035,2,174,deletion
Q9C029-3,Q9C029,0.569744053,59.29549902,4,211,deletion
Q7Z465-3,Q7Z465,0.488548427,56.58263305,2,357,substitution
Q5QJU3-3,Q5QJU3,0.571857544,42.06896552,2,275,substitution
O43852-13,O43852,0.548083856,43.80952381,139,315,substitution
A6NJB7-2,A6NJB7,0.22247814,59.5505618,202,356,substitution
Q8IZL9-2,Q8IZL9,0.602950228,51.80055402,168,346,substitution
Q9UGM6-2,Q9UGM6,0.690823025,59.44444444,212,360,substitution
Q8NBZ0-2,Q8NBZ0,0.387943137,54.09836066,133,244,substitution
Q14508-5,Q14508,0.473868005,50.33557047,75,124,substitution
Q11203-23,Q11203,0.519966387,46.0106383,40,375,substitution
Q9UII2-3,Q9UII2,0.39125479,56.60377358,61,106,deletion
P01242-2,P01242,0.667466685,53.89830508,153,217,substitution
Q9H2F3-2,Q9H2F3,0.670874295,49.86449864,178,369,substitution
Q8N6K7-2,Q8N6K7,0.289254259,41.92307692,219,520,substitution
Q9BWT1-4,Q9BWT1,0.192468054,41.60401003,155,371,substitution
Q5TBK1-2,Q5TBK1,0.538155127,53.46153846,133,243,substitution
Q9BZY9-2,Q9BZY9,0.524401534,59.05882353,249,425,substitution
O94905-3,O94905,0.654783065,44.6685879,142,339,substitution
Q9UHI5-3,Q9UHI5,0.642990226,52.23880597,2,263,substitution
Q6NUS8-2,Q6NUS8,0.659794842,44.35946463,2,523,substitution
P04062-3,P04062,0.743861465,48.69402985,2,536,substitution
P15692-11,P15692,0.476602873,46.11650485,321,345,substitution
Q8TDW4-8,Q8TDW4,0.645574483,51.46299484,2,575,substitution
Q9BZ23-2,Q9BZ23,0.731882314,48.94736842,2,292,deletion
P04637-8,P04637,0.609058531,50.89058524,2,393,substitution
Q9BZX2-2,Q9BZX2,0.540624945,42.52873563,2,151,deletion
Q6PCB0-2,Q6PCB0,0.356597872,52.35955056,2,213,deletion
Q9BQ95-3,Q9BQ95,0.490346003,50.34802784,35,248,deletion
A0PK05-2,A0PK05,0.199454403,57.09090909,2,119,deletion
P25101-3,P25101,0.399508443,42.62295082,183,427,substitution
Q8TD10-2,Q8TD10,0.415889298,59.04977376,2,182,deletion
Q9BPW9-2,Q9BPW9,0.73990069,53.9184953,3,149,deletion
Q13216-2,Q13216,0.715207699,46.3840399,185,396,substitution
Q96AY3-2,Q96AY3,0.652926268,45.72317263,2,354,substitution
Q16653-4,Q16653,0.449877013,53.03643725,30,145,deletion
O00182-5,O00182,0.721203311,57.60869565,149,355,substitution
Q8N8N7-2,Q8N8N7,0.744509806,50.14245014,174,351,substitution
Q8IVW1-2,Q8IVW1,0.525621695,45.5,87,177,substitution
Q9Y483-2,Q9Y483,0.20459937,44.18212479,2,332,deletion
Q99542-3,Q99542,0.606279613,41.56862745,2,298,substitution
P26436-10,P26436,0.581055489,45.66037736,42,185,deletion
Q01196-3,Q01196,0.570934712,53.64238411,242,453,substitution
Q9NSP4-4,Q9NSP4,0.764146052,58.33333333,104,179,substitution
Q99572-7,Q99572,0.695515238,41.3509061,2,595,substitution
Q9H944-2,Q9H944,0.704157086,54.71698113,117,212,substitution
Q9H0A8-3,Q9H0A8,0.752295641,56.7839196,102,187,deletion
Q49AM3-2,Q49AM3,0.302393903,54.33526012,281,519,substitution
Q96EN9-2,Q96EN9,0.485172034,54.50643777,2,201,substitution
Q92851-7,Q92851,0.618974958,44.3378119,229,521,substitution
Q8WY98-2,Q8WY98,0.626082831,58.91089109,111,164,substitution
Q7Z2E3-13,Q7Z2E3,0.436760848,49.5890411,2,356,substitution
Q5VX71-3,Q5VX71,0.521940588,51.31845842,242,490,substitution
Q6ZN18-3,Q6ZN18,0.343587049,56.84007707,2,223,substitution
Q9UL45-2,Q9UL45,0.449425913,43.60465116,76,172,substitution
P52757-4,P52757,0.600460714,54.7008547,2,217,substitution
O14948-3,O14948,0.446463314,55.3314121,61,347,substitution
Q9HC73-2,Q9HC73,0.584558257,45.2020202,162,371,substitution
Q8WWZ8-2,Q8WWZ8,0.728452437,58.16513761,318,545,substitution
Q9NZJ7-3,Q9NZJ7,0.665970047,43.95886889,2,302,substitution
P15692-17,P15692,0.500087367,41.74757282,321,395,substitution
O75771-7,O75771,0.598826339,57.69230769,193,328,substitution
Q9UNW8-2,Q9UNW8,0.50813518,50.52631579,2,189,deletion
Q8NB16-2,Q8NB16,0.547652495,52.86624204,179,413,substitution
Q7L513-13,Q7L513,0.275450813,46.54255319,2,261,substitution
Q9NRM6-2,Q9NRM6,0.697298636,49.90176817,250,502,substitution
Q9NWS1-5,Q9NWS1,0.248886896,50.77720207,2,286,deletion
O43903-2,O43903,0.6447514,43.76996805,137,313,substitution
Q3MIW9-2,Q3MIW9,0.242117738,41.04046243,2,316,substitution
O60224-2,O60224,0.475849333,57.00483092,111,188,substitution
Q8NAU1-3,Q8NAU1,0.320245356,59.64912281,2,260,substitution
Q8NFF5-4,Q8NFF5,0.673221709,43.77104377,2,587,substitution
Q0D2I5-3,Q0D2I5,0.257407,46.51162791,259,559,substitution
Q96GE6-3,Q96GE6,0.631143735,41.32653061,2,116,deletion
P20142-2,P20142,0.659415469,56.14457831,217,387,substitution
Q4JDL3-10,Q4JDL3,0.207226303,49.04761905,165,378,deletion
Q9NYS7-3,Q9NYS7,0.700517986,48.01980198,2,211,deletion
O96017-8,O96017,0.353638549,51.55393053,283,543,substitution
Q3KNS6-2,Q3KNS6,0.703750852,56.94444444,2,186,substitution
Q9Y664-2,Q9Y664,0.70643146,44.95412844,2,241,deletion
Q9UGJ0-2,Q9UGJ0,0.779672923,57.64499121,2,242,deletion
Q14181-2,Q14181,0.776262895,57.57071547,2,598,substitution
Q9NVT9-2,Q9NVT9,0.472716878,47.05882353,2,155,substitution
Q4G1C9-4,Q4G1C9,0.575919897,46.80232558,161,344,substitution
Q9NVA1-3,Q9NVA1,0.742767208,55.48172757,2,136,substitution
Q6UWH4-3,Q6UWH4,0.359347927,58.60113422,304,519,substitution
A1Z1Q3-4,A1Z1Q3,0.118045338,42.41071429,2,410,substitution
Q8NHP1-3,Q8NHP1,0.687108003,58.25825826,170,331,substitution
Q8N6Q3-2,Q8N6Q3,0.645259665,49.88558352,210,437,substitution
Q5FBB7-4,Q5FBB7,0.299670045,47.77183601,176,561,substitution
Q9XRX5-3,Q9XRX5,0.400762922,46.21848739,54,114,substitution
Q8IUQ0-2,Q8IUQ0,0.671394464,42.22222222,151,354,substitution
Q8WTV1-4,Q8WTV1,0.475637238,59.76095618,112,239,substitution
Q9NP99-2,Q9NP99,0.673656012,57.67634855,138,234,substitution
Q9BUU2-2,Q9BUU2,0.222986678,42.58373206,172,404,substitution
Q969E2-3,Q969E2,0.76848136,57.20524017,132,229,substitution
Q9BXK5-2,Q9BXK5,0.694312429,41.2371134,201,485,substitution
P56134-4,P56134,0.43185036,51.06382979,5,86,substitution
O75631-2,O75631,0.342941656,57.4912892,70,191,substitution
Q5TAQ9-2,Q5TAQ9,0.258942013,41.83333333,242,597,substitution
Q9BPY8-2,Q9BPY8,0.591067907,57.89473684,49,73,substitution
O94905-2,O94905,0.64887555,42.18289086,142,339,substitution
Q9Y282-2,Q9Y282,0.570864173,59.53002611,229,383,substitution
Q5HYI7-2,Q5HYI7,0.690854,47.43589744,144,312,substitution
Q5ZPR3-2,Q5ZPR3,0.560043742,59.17602996,169,386,deletion
Q6P1L5-2,Q6P1L5,0.16562117,48.22335025,283,589,substitution
O15392-7,O15392,0.718891976,51.4084507,74,142,substitution
Q7Z4G4-3,Q7Z4G4,0.762155373,54.85961123,254,463,substitution
Q14790-7,Q14790,0.609215339,56.15866388,269,479,substitution
P18847-4,P18847,0.361861438,50.0,14,181,substitution
Q8IZP1-2,Q8IZP1,0.649888656,45.37521815,255,549,substitution
Q6GPH4-3,Q6GPH4,0.561634873,46.84385382,142,301,deletion
Q9BZX4-2,Q9BZX4,0.775269696,56.60377358,2,93,deletion
Q5JS13-4,Q5JS13,0.661129066,54.39856373,304,557,substitution
Q53F39-5,Q53F39,0.729315131,57.32009926,227,396,substitution
Q9UBL9-7,Q9UBL9,0.704861672,58.77712032,104,447,substitution
Q2VYF4-4,Q2VYF4,0.509934787,56.21181263,2,215,deletion
Q8WV60-2,Q8WV60,0.657794058,53.35051546,2,183,substitution
Q07812-6,Q07812,0.535212207,59.375,2,79,deletion
Q9UBP9-2,Q9UBP9,0.626857251,43.71069182,134,304,substitution
O75223-3,O75223,0.450063042,50.0,48,141,deletion
O14745-2,O14745,0.395031586,56.42458101,2,157,deletion
Q3KNT7-3,Q3KNT7,0.66508229,58.5,2,162,substitution
Q96LI6-3,Q96LI6,0.354016257,44.52736318,173,401,substitution
P26436-8,P26436,0.234635319,58.49056604,43,224,substitution
P50749-2,P50749,0.32731711,41.49253731,2,326,substitution
Q9BRK5-3,Q9BRK5,0.423058451,52.20779221,193,362,substitution
Q96EZ8-4,Q96EZ8,0.47011724,58.65800866,2,192,deletion
Q7L513-6,Q7L513,0.223809208,48.74651811,78,261,deletion
O14773-2,O14773,0.762752987,56.8383659,2,244,deletion
Q15435-5,Q15435,0.798672611,59.39226519,2,360,substitution
Q96PU9-2,Q96PU9,0.190578606,44.35797665,104,254,substitution
Q9BXR0-2,Q9BXR0,0.696560104,45.30120482,178,403,substitution
P56545-2,P56545,0.55230119,43.75634518,2,20,substitution
P0C7I6-8,P0C7I6,0.35199657,47.38562092,141,297,substitution
Q9P2W1-3,Q9P2W1,0.61936232,42.39631336,2,126,deletion
Q6IPT4-3,Q6IPT4,0.75580933,53.01587302,2,149,deletion
Q9NX45-2,Q9NX45,0.503307668,50.23364486,215,425,substitution
Q9NY56-4,Q9NY56,0.695389394,56.43153527,130,170,substitution
Q6ZMU5-2,Q6ZMU5,0.467455766,56.39412998,270,477,deletion
Q6XR72-3,Q6XR72,0.419390348,44.32989691,214,485,substitution
Q92496-3,Q92496,0.595567525,57.26643599,93,339,deletion
Q07687-2,Q07687,0.312863917,58.52941176,197,328,substitution
Q8WTU2-2,Q8WTU2,0.348447471,46.95652174,271,574,substitution
P35914-3,P35914,0.557225334,58.76923077,117,250,deletion
P13928-2,P13928,0.622714803,41.89602446,138,327,substitution
Q86WT6-4,Q86WT6,0.723340165,55.8,3,271,substitution
Q400G9-2,Q400G9,0.599464719,44.63937622,201,498,substitution
O43508-2,O43508,0.441680709,55.19287834,167,249,substitution
Q96JY6-5,Q96JY6,0.445128955,58.4717608,,,insertion
P61962-2,P61962,0.626370749,41.52046784,48,247,deletion
Q13286-5,Q13286,0.572519624,55.47945205,155,438,substitution
P40198-2,P40198,0.627783426,56.53846154,142,252,substitution
P25101-5,P25101,0.593583084,47.30679157,2,226,deletion
Q9UNK4-2,Q9UNK4,0.48276773,42.75862069,62,144,deletion
Q8NF99-2,Q8NF99,0.293378683,40.54545455,216,534,substitution
Q9NQT5-2,Q9NQT5,0.681401056,57.24637681,159,275,substitution
Q69YN2-2,Q69YN2,0.665096056,40.03656307,2,323,substitution
Q96AJ1-2,Q96AJ1,0.309441778,59.8062954,2,167,deletion
C9JL84-2,C9JL84,0.242986052,57.37410072,2,225,substitution
Q96IZ5-3,Q96IZ5,0.33414486,50.32967033,175,413,substitution
Q08257-2,Q08257,0.775791825,57.14285714,2,142,substitution
O95214-2,O95214,0.454307837,52.68817204,94,131,substitution
O60664-2,O60664,0.702707228,57.83410138,2,184,deletion
Q8IXK2-2,Q8IXK2,0.716419346,46.81583477,2,310,deletion
O75494-5,O75494,0.500683125,55.72519084,146,262,substitution
P54845-2,P54845,0.6188747,41.35021097,2,140,deletion
Q96EX2-4,Q96EX2,0.704979402,43.24324324,2,253,deletion
O95297-5,O95297,0.459158558,44.23791822,87,236,deletion
P59998-4,P59998,0.627657215,46.42857143,2,91,deletion
Q5BN46-2,Q5BN46,0.514277844,55.79710145,75,136,substitution
Q96LZ7-2,Q96LZ7,0.540612682,43.42948718,2,410,substitution
Q8WW14-3,Q8WW14,0.442872665,41.02564103,92,234,substitution
P01298-2,P01298,0.332031445,53.37078652,,,insertion
Q7L4E1-3,Q7L4E1,0.271753798,57.16694772,338,593,substitution
P40259-2,P40259,0.363380884,54.58515284,41,144,deletion
O00453-5,O00453,0.519557399,40.77669903,38,97,substitution
P43268-3,P43268,0.467998097,42.76859504,2,278,deletion
Q9BTM9-2,Q9BTM9,0.720333118,50.9202454,80,101,substitution
Q3LIE5-3,Q3LIE5,0.724142432,58.55072464,202,342,substitution
P98153-3,P98153,0.410062415,57.81818182,315,550,substitution
Q9H9R9-3,Q9H9R9,0.288747188,52.46478873,2,11,substitution
Q5T7V8-2,Q5T7V8,0.325447849,59.89159892,222,369,deletion
Q7L5A3-3,Q7L5A3,0.592636517,43.30855019,2,306,deletion
Q12794-4,Q12794,0.646465456,47.5862069,208,435,substitution
Q68CQ7-2,Q68CQ7,0.534662679,58.99470899,216,371,substitution
A6NEC2-2,A6NEC2,0.773065274,55.0209205,2,216,deletion
Q6ZN68-3,Q6ZN68,0.629808844,50.0,2,376,substitution
O43768-8,O43768,0.225099528,40.90909091,62,121,substitution
Q9NZA1-3,Q9NZA1,0.709498434,44.12470024,2,410,substitution
O15266-2,O15266,0.393337864,69.9669967,212,292,substitution
Q6MZQ0-3,Q6MZQ0,0.246318498,64.94565217,2,194,substitution
Q8IUH3-2,Q8IUH3,0.615686884,68.69747899,225,476,substitution
O95620-2,O95620,0.785248652,61.829653,2,122,deletion
Q96K19-2,Q96K19,0.337944914,65.70397112,170,258,substitution
Q8IUK5-3,Q8IUK5,0.639816164,65.2173913,330,499,substitution
Q86TZ1-2,Q86TZ1,0.718692018,61.70886076,2,520,substitution
Q6UXG3-2,Q6UXG3,0.469171287,64.86486486,128,332,substitution
P02686-2,P02686,0.235834498,63.48684211,193,304,substitution
P15509-8,P15509,0.607395629,66.75,2,134,deletion
P18577-8,P18577,0.728243178,61.95899772,268,417,substitution
Q3KNT9-3,Q3KNT9,0.706453813,64.86486486,139,176,substitution
Q86UU9-4,Q86UU9,0.23210602,67.25663717,36,103,substitution
Q7Z569-2,Q7Z569,0.476983856,69.76351351,2,249,substitution
Q86UN6-2,Q86UN6,0.374397463,69.54314721,88,147,deletion
O75638-2,O75638,0.412170035,62.38938053,135,210,substitution
P07108-4,P07108,0.826781157,65.11627907,,,insertion
P18627-2,P18627,0.684217616,67.61904762,353,525,substitution
Q8NHW4-6,Q8NHW4,0.516657036,69.07216495,65,92,substitution
Q6DKI1-2,Q6DKI1,0.595418102,60.0,151,255,substitution
Q8N6G5-2,Q8N6G5,0.556963473,60.11029412,327,542,substitution
O75347-2,O75347,0.754961838,66.15384615,83,108,substitution
Q9NP72-3,Q9NP72,0.664724125,68.93203883,63,126,deletion
Q14406-3,Q14406,0.706483025,61.26126126,4,86,deletion
Q8WV99-2,Q8WV99,0.470366655,68.48249027,177,257,deletion
Q99578-2,Q99578,0.715259068,66.51376147,143,217,substitution
P78552-2,P78552,0.747040912,64.87119438,278,427,substitution
Q9NX70-2,Q9NX70,0.376758879,63.84976526,121,200,substitution
Q8TCB7-2,Q8TCB7,0.704010584,64.28571429,178,284,substitution
Q6T311-2,Q6T311,0.810353147,65.77540107,2,65,deletion
Q8NFU3-2,Q8NFU3,0.777684515,61.73913043,4,44,deletion
Q9P127-2,Q9P127,0.58730893,64.66876972,2,114,substitution
Q969M7-4,Q969M7,0.740301231,63.24324324,118,185,substitution
P57081-3,P57081,0.735868037,64.5631068,2,147,deletion
Q6P4D5-2,Q6P4D5,0.30292803,62.94416244,116,195,substitution
O14770-6,O14770,0.506898019,61.45833333,3,477,substitution
Q8N3F0-2,Q8N3F0,0.730870747,68.53146853,95,131,substitution
P35680-3,P35680,0.654768784,62.30366492,350,557,substitution
P28074-2,P28074,0.613320657,62.90909091,169,263,substitution
Q96FE7-5,Q96FE7,0.297216127,69.96197719,24,102,deletion
Q92784-3,Q92784,0.359986167,65.33333333,2,378,substitution
Q5JU69-2,Q5JU69,0.654620671,63.85542169,198,321,substitution
Q8IZ96-5,Q8IZ96,0.467258496,69.23076923,28,80,substitution
O15527-5,O15527,0.7713086,63.46153846,250,345,substitution
P62070-2,P62070,0.743197587,62.25490196,2,78,deletion
P06753-2,P06753,0.855911128,62.88659794,2,285,substitution
O96017-7,O96017,0.397447789,61.87845304,337,543,substitution
Q9Y4Y9-2,Q9Y4Y9,0.822878945,68.13186813,2,30,deletion
Q9NUN5-2,Q9NUN5,0.648912582,66.6061706,362,538,substitution
P49639-3,P49639,0.139265338,65.37313433,219,335,substitution
Q9Y228-3,Q9Y228,0.443382612,63.70235935,352,551,substitution
Q13117-2,Q13117,0.256673213,65.59139785,199,390,deletion
P15428-2,P15428,0.799659546,63.53383459,167,266,substitution
P54849-2,P54849,0.710231075,68.51851852,106,157,substitution
Q5T4F4-4,Q5T4F4,0.213694132,66.10576923,2,411,substitution
O60260-6,O60260,0.707394095,67.95698925,58,206,deletion
Q5SGD2-3,Q5SGD2,0.805926887,63.33333333,2,133,substitution
Q15771-2,Q15771,0.781681941,63.54679803,120,203,substitution
P24468-2,P24468,0.70603775,64.97584541,2,147,substitution
P55008-2,P55008,0.68100876,63.26530612,2,55,deletion
Q9P003-2,Q9P003,0.783247443,66.18705036,85,131,deletion
P13688-4,P13688,0.732893552,61.8147448,321,526,substitution
P16220-3,P16220,0.329060839,63.3431085,88,258,substitution
Q8NDV1-2,Q8NDV1,0.655143055,67.86885246,208,305,substitution
O95600-4,O95600,0.190103394,63.1147541,2,359,substitution
Q15853-4,Q15853,0.484629684,62.13872832,77,207,deletion
Q8TE04-4,Q8TE04,0.770146332,61.96013289,2,235,substitution
P20718-2,P20718,0.501442189,65.04065041,114,199,deletion
Q9Y3D3-2,Q9Y3D3,0.70044412,69.71830986,93,137,substitution
Q6ZV65-2,Q6ZV65,0.329665078,63.23529412,2,223,substitution
O00499-10,O00499,0.643107475,67.26973684,174,487,substitution
Q96A28-2,Q96A28,0.479879778,68.16608997,131,222,substitution
Q9GZT6-3,Q9GZT6,0.588051288,60.23622047,2,102,deletion
Q96M27-4,Q96M27,0.23949771,69.66292135,311,445,substitution
Q6ZU67-3,Q6ZU67,0.445419351,69.65265082,2,534,substitution
Q9NZQ7-3,Q9NZQ7,0.78100225,61.03448276,178,290,substitution
Q9NVG8-2,Q9NVG8,0.757227792,68.75,182,306,deletion
Q9UHC3-4,Q9UHC3,0.792267549,66.12021858,356,531,substitution
Q16854-2,Q16854,0.676253836,68.23104693,149,236,deletion
P16389-2,P16389,0.643623403,61.43141153,299,499,substitution
Q8N8F6-2,Q8N8F6,0.268862963,62.98932384,143,256,substitution
P46937-4,P46937,0.305478266,64.68253968,2,179,deletion
P36402-14,P36402,0.37629558,64.32291667,2,384,substitution
O43752-2,O43752,0.427784972,60.39215686,2,102,deletion
Q6P5X5-2,Q6P5X5,0.38957083,69.3877551,65,105,substitution
P16949-2,P16949,0.721848866,69.51871658,127,149,substitution
Q86Y37-4,Q86Y37,0.698511268,66.66666667,2,124,deletion
O60239-2,O60239,0.318356422,65.49450549,2,158,deletion
Q96G25-3,Q96G25,0.374315968,66.79104478,2,90,deletion
P17693-6,P17693,0.4376886,61.6519174,115,338,substitution
Q8IZ96-6,Q8IZ96,0.414250307,68.63905325,28,80,deletion
P18847-5,P18847,0.676429792,68.50828729,2,58,deletion
Q6QNY1-2,Q6QNY1,0.814921548,69.71830986,2,44,deletion
Q6UW88-5,Q6UW88,0.398313394,66.88311688,36,135,substitution
Q86VV4-2,Q86VV4,0.217023574,64.69344609,302,465,substitution
Q86SG3-2,Q86SG3,0.519459946,67.18480138,167,509,substitution
P56178-2,P56178,0.292255691,62.97577855,182,289,substitution
Q96FE7-4,Q96FE7,0.495353639,64.63878327,171,263,substitution
Q9NP87-3,Q9NP87,0.49428933,61.34453782,234,494,substitution
Q5HYJ3-3,Q5HYJ3,0.635023953,67.84660767,231,339,substitution
P04637-7,P04637,0.535087627,66.41221374,2,133,deletion
Q8N3J6-4,Q8N3J6,0.592047109,65.97701149,2,354,substitution
O43242-2,O43242,0.811018882,66.29213483,2,534,substitution
Q99933-4,Q99933,0.656267342,66.66666667,2,116,deletion
O15162-2,O15162,0.786047846,66.46341463,2,104,substitution
P35348-6,P35348,0.748295769,66.73819742,295,466,substitution
Q969S2-4,Q969S2,0.761903865,65.06024096,48,163,deletion
P55036-2,P55036,0.703375844,67.90450928,255,377,substitution
P08247-2,P08247,0.443546454,62.30031949,2,119,deletion
Q16828-2,Q16828,0.533265102,61.67979003,134,279,deletion
P11172-2,P11172,0.741337079,62.91666667,2,179,deletion
Q9BYG7-2,Q9BYG7,0.524911183,61.9047619,2,195,substitution
Q8N6T3-3,Q8N6T3,0.484232806,66.81514477,279,406,substitution
O43293-2,O43293,0.834477924,69.16299559,313,454,substitution
P19440-2,P19440,0.732785269,60.28119508,341,569,substitution
O43521-2,O43521,0.392015988,69.6969697,42,101,deletion
Q96I82-2,Q96I82,0.515098061,64.74358974,182,304,substitution
P04554-2,P04554,0.263270905,65.71428571,91,102,substitution
Q2TAL5-2,Q2TAL5,0.377004635,68.76355748,2,145,deletion
Q5TC79-2,Q5TC79,0.398610296,67.77996071,343,503,substitution
Q70UQ0-2,Q70UQ0,0.686875813,69.71428571,2,107,deletion
O43913-2,O43913,0.793497452,68.96551724,294,435,substitution
Q9C0H2-3,Q9C0H2,0.435120261,60.52631579,2,208,substitution
P06753-5,P06753,0.884202258,68.04123711,2,285,substitution
Q9BRL7-3,Q9BRL7,0.652124272,69.57928803,216,303,substitution
P19544-9,P19544,0.383821448,63.47438753,2,266,substitution
Q9UKW6-4,Q9UKW6,0.534047239,60.0,2,146,substitution
Q9UJA2-2,Q9UJA2,0.804480252,66.44518272,2,102,substitution
Q8IVM0-2,Q8IVM0,0.395419291,63.48547718,,,insertion
Q8TAQ9-2,Q8TAQ9,0.685419886,69.64769648,2,287,substitution
O43521-10,O43521,0.236363641,66.66666667,133,198,substitution
Q8N7H5-3,Q8N7H5,0.474130527,64.41515651,17,531,substitution
Q6IQ49-3,Q6IQ49,0.264467855,67.88008565,2,142,substitution
Q9NPI0-2,Q9NPI0,0.796098632,62.34567901,101,162,substitution
Q969S0-2,Q969S0,0.731734734,67.67371601,225,331,substitution
Q03060-26,Q03060,0.339935959,60.38781163,2,345,substitution
Q6ZNR0-5,Q6ZNR0,0.334154092,66.85082873,122,171,substitution
Q86T96-2,Q86T96,0.309550704,68.50921273,410,592,substitution
Q93062-4,Q93062,0.59801169,65.51724138,133,196,substitution
Q96EI5-2,Q96EI5,0.247509887,60.05586592,,,insertion
Q9UPM9-2,Q9UPM9,0.752351845,65.55023923,136,204,substitution
Q9BZR8-2,Q9BZR8,0.223184283,69.46107784,227,327,substitution
P31942-4,P31942,0.332895902,62.13872832,2,132,deletion
Q5SQH8-4,Q5SQH8,0.499597478,63.50806452,,,insertion
P48651-2,P48651,0.708044577,69.13319239,2,147,deletion
Q86UY5-2,Q86UY5,0.618272688,67.05069124,161,434,substitution
P62820-3,P62820,0.648324235,62.92682927,65,140,deletion
Q9BTM9-3,Q9BTM9,0.657820623,62.37623762,64,101,deletion
Q9UBM1-3,Q9UBM1,0.716091533,61.83206107,2,199,substitution
Q6UXG8-3,Q6UXG8,0.591097776,60.44776119,320,535,substitution
Q9Y4X4-2,Q9Y4X4,0.120944117,66.91542289,270,402,deletion
Q9HDD0-2,Q9HDD0,0.659520036,61.53846154,,,insertion
P68036-3,P68036,0.854309718,69.81132075,2,9,substitution
P58512-3,P58512,0.212031197,64.28571429,2,204,substitution
Q9H0F5-5,Q9H0F5,0.334580164,64.46601942,2,184,deletion
Q9UBU8-3,Q9UBU8,0.648802575,64.91712707,2,128,deletion
Q02548-11,Q02548,0.468122229,67.49379653,261,391,substitution
A1A519-4,A1A519,0.411469785,65.45454545,25,330,substitution
Q9NUE0-2,Q9NUE0,0.761328767,65.20618557,2,136,deletion
Q8NHW4-3,Q8NHW4,0.470518517,64.1509434,65,92,substitution
Q9NRG4-2,Q9NRG4,0.813055965,62.81755196,273,433,deletion
O75449-2,O75449,0.41509797,62.52545825,168,491,substitution
Q8WYA6-2,Q8WYA6,0.827571857,66.60746004,2,188,deletion
Q9H425-2,Q9H425,0.239505475,60.24464832,2,131,deletion
Q9H6V9-4,Q9H6V9,0.753217555,60.0,2,131,deletion
P15863-2,P15863,0.324068527,62.36933798,2,534,substitution
Q9UN30-1,Q9UN30,0.388087645,63.2218845,2,122,deletion
Q9NW75-2,Q9NW75,0.203810927,68.59813084,367,528,substitution
Q9UGQ2-4,Q9UGQ2,0.533851037,64.52991453,144,172,substitution
Q16342-4,Q16342,0.7330835,63.95348837,221,344,substitution
Q9UMX0-3,Q9UMX0,0.285754481,69.94906621,61,237,deletion
Q13404-6,Q13404,0.744768768,63.94557823,2,57,substitution
Q9H7P6-2,Q9H7P6,0.67257089,69.27899687,222,319,deletion
Q8IWW8-3,Q8IWW8,0.710248286,64.02569593,299,467,substitution
P05019-2,P05019,0.456507418,67.82178218,135,195,substitution
O43541-4,O43541,0.382852392,64.27145709,318,496,substitution
Q15599-3,Q15599,0.584428898,61.0619469,3,138,substitution
Q96RK4-3,Q96RK4,0.741487931,66.85934489,2,173,deletion
Q9NP79-2,Q9NP79,0.625253088,69.38110749,2,259,substitution
O75494-3,O75494,0.598479043,64.1221374,165,262,substitution
Q8TF74-2,Q8TF74,0.173475126,65.90909091,2,151,deletion
Q6XZB0-8,Q6XZB0,0.794091431,64.13043478,16,180,deletion
Q5J8X5-3,Q5J8X5,0.526059421,61.18421053,44,102,deletion
P55327-3,P55327,0.421149333,65.59139785,2,46,substitution
Q9C0I9-4,Q9C0I9,0.370591185,67.85046729,359,530,substitution
A6NFC5-3,A6NFC5,0.508864577,67.26457399,65,137,deletion
Q9HC73-3,Q9HC73,0.558354198,69.81132075,2,113,deletion
Q96AG3-2,Q96AG3,0.791191952,65.07177033,2,147,deletion
Q14002-2,Q14002,0.562680499,64.90566038,143,235,deletion
Q96A59-2,Q96A59,0.617747413,62.06088993,199,401,substitution
P06753-3,P06753,0.892872701,63.23024055,2,285,substitution
Q9H410-3,Q9H410,0.723260607,67.69662921,13,119,deletion
O15374-3,O15374,0.76111485,65.50308008,177,344,deletion
Q8TE04-2,Q8TE04,0.801316574,61.0367893,2,235,substitution
P06753-6,P06753,0.840504515,69.75945017,2,212,substitution
P49662-4,P49662,0.534638535,69.49602122,261,377,substitution
Q75MW2-2,Q75MW2,0.724062166,69.67741935,109,155,substitution
Q9H8S9-2,Q9H8S9,0.739691438,64.35185185,138,216,substitution
O75688-5,O75688,0.824252582,67.01461378,322,479,substitution
Q4VXA5-2,Q4VXA5,0.687774032,69.19831224,2,74,deletion
Q9HD47-3,Q9HD47,0.816700809,62.06896552,119,186,substitution
Q6ZP29-2,Q6ZP29,0.544505382,61.8556701,2,112,deletion
Q9NR81-4,Q9NR81,0.665940655,61.21673004,2,204,substitution
Q53FZ2-2,Q53FZ2,0.798233324,68.78130217,409,586,substitution
Q9NP74-3,Q9NP74,0.249976936,68.23956443,3,177,deletion
Q9C030-3,Q9C030,0.797388088,64.13934426,2,176,deletion
Q6NZ36-3,Q6NZ36,0.602834514,68.48739496,2,21,substitution
P24071-3,P24071,0.500488248,66.55052265,121,216,deletion
Q5J8M3-2,Q5J8M3,0.266566975,63.21243523,119,181,substitution
Q6NT76-4,Q6NT76,0.337882719,67.9245283,284,420,substitution
Q9NXJ5-2,Q9NXJ5,0.805729517,63.15789474,2,78,deletion
Q5BLP8-2,Q5BLP8,0.401767262,68.34532374,,,insertion
Q8N370-2,Q8N370,0.654051331,67.68982229,407,569,substitution
Q86WP2-4,Q86WP2,0.303808093,63.84778013,2,172,deletion
Q9BQ51-2,Q9BQ51,0.484207698,66.66666667,121,211,substitution
P04278-2,P04278,0.697987085,63.05418719,2,402,substitution
Q6UN15-4,Q6UN15,0.214637717,63.46801347,29,594,substitution
Q9Y587-3,Q9Y587,0.689154865,69.28104575,99,144,substitution
Q6PDA7-2,Q6PDA7,0.354775748,61.06870229,72,123,substitution
Q9H6X2-2,Q9H6X2,0.7214427,64.53900709,365,564,substitution
Q00887-2,Q00887,0.452928909,65.65656566,237,426,substitution
Q9HBQ8-2,Q9HBQ8,0.495694858,67.36111111,98,144,deletion
Q49MI3-5,Q49MI3,0.745320629,67.74193548,227,558,substitution
A4IF30-2,A4IF30,0.784638698,69.48176583,2,160,deletion
Q8N4T0-2,Q8N4T0,0.773360109,65.29680365,280,437,substitution
Q8WWY3-2,Q8WWY3,0.711374971,67.52988048,333,499,substitution
Q6P9H5-2,Q6P9H5,0.760874815,65.76271186,2,103,substitution
P57727-3,P57727,0.580084428,69.24731183,318,454,substitution
Q7RTN6-4,Q7RTN6,0.730307124,68.21345708,32,431,substitution
P13688-11,P13688,0.717207071,68.63117871,320,525,substitution
P35998-2,P35998,0.775544847,68.36027714,2,138,deletion
P35348-9,P35348,0.70504626,65.82809224,296,466,substitution
P57682-2,P57682,0.157151071,67.24637681,233,345,deletion
Q6H3X3-2,Q6H3X3,0.753492015,63.47305389,211,334,substitution
Q96FG2-2,Q96FG2,0.469185171,63.23907455,247,381,substitution
Q9NTK5-2,Q9NTK5,0.775180975,60.1010101,2,159,deletion
Q8TDW4-4,Q8TDW4,0.705771973,68.17391304,2,184,deletion
P14653-2,P14653,0.138511197,66.33663366,193,301,substitution
Q2TBC4-2,Q2TBC4,0.669711516,67.79661017,224,344,substitution
Q9NQ25-6,Q9NQ25,0.463313079,60.89552239,127,257,deletion
Q96A56-2,Q96A56,0.235813928,66.25,159,240,substitution
Q9UK53-5,Q9UK53,0.43344264,61.84834123,29,189,substitution
P51878-3,P51878,0.781551895,66.58986175,3,145,substitution
O95445-2,O95445,0.692634366,61.70212766,2,73,deletion
Q9NZR4-2,Q9NZR4,0.236325617,60.0,211,365,substitution
Q53FA7-2,Q53FA7,0.730343494,63.40057637,207,332,substitution
Q9UGK8-2,Q9UGK8,0.772556765,62.00873362,282,458,substitution
Q8WWA1-3,Q8WWA1,0.329497662,66.9527897,25,101,substitution
Q96NZ1-3,Q96NZ1,0.350401664,63.63636364,2,198,substitution
Q9UIG5-2,Q9UIG5,0.596371671,63.81578947,2,56,substitution
Q6ZVK8-2,Q6ZVK8,0.6818957,61.58536585,2,125,substitution
P53805-2,P53805,0.464326289,69.44444444,2,83,substitution
Q8IUQ4-3,Q8IUQ4,0.739953439,68.19787986,193,282,substitution
Q6UXG3-3,Q6UXG3,0.491196867,64.15662651,128,332,substitution
Q9NY26-2,Q9NY26,0.747598753,67.28395062,2,106,substitution
Q8N431-2,Q8N431,0.780041318,67.59656652,2,152,deletion
Q8N4Y2-3,Q8N4Y2,0.378697368,67.1679198,263,399,substitution
P28289-2,P28289,0.738709454,62.95264624,3,133,substitution
Q13938-4,Q13938,0.824128523,68.72727273,2,87,deletion
Q9NYB9-3,Q9NYB9,0.289899207,69.06614786,2,344,substitution
Q99832-2,Q99832,0.766815303,62.0626151,3,206,deletion
Q9BYC9-2,Q9BYC9,0.626648053,62.35294118,93,149,substitution
Q14847-3,Q14847,0.311140699,68.65671642,2,83,substitution
Q3B8N5-2,Q3B8N5,0.297250779,61.65540541,245,471,deletion
Q9H2W1-3,Q9H2W1,0.300743942,64.51612903,149,248,substitution
P0DMS9-2,P0DMS9,0.382850186,60.36745407,2,36,substitution
P49768-3,P49768,0.588422383,68.28752643,26,466,substitution
Q86UA6-3,Q86UA6,0.326671592,64.84018265,143,219,deletion
Q07812-5,Q07812,0.738275997,60.37735849,125,192,substitution
Q9Y6A2-3,Q9Y6A2,0.833562153,67.4,2,392,substitution
Q9BPZ7-4,Q9BPZ7,0.48207592,63.2183908,2,193,deletion
Q5R372-2,Q5R372,0.457804856,63.88235294,10,815,substitution
Q5TC79-3,Q5TC79,0.429309024,61.23260437,309,503,deletion
Q13352-3,Q13352,0.267818961,62.71186441,112,177,deletion
Q02548-4,Q02548,0.592219044,69.56521739,261,390,substitution
Q8IZ96-4,Q8IZ96,0.441181656,66.86390533,114,169,substitution
Q969N2-2,Q969N2,0.597813141,66.43598616,63,256,deletion
Q9H4B0-3,Q9H4B0,0.746210998,66.9047619,274,414,substitution
Q9H6L2-3,Q9H6L2,0.764439421,63.29113924,2,117,deletion
Q96A57-2,Q96A57,0.571051497,65.57377049,,,insertion
Q86WT6-2,Q86WT6,0.830888554,67.8,3,161,deletion
P61960-2,P61960,0.80587142,65.42056075,2,20,substitution
P55212-2,P55212,0.722577222,69.62457338,14,102,deletion
Q6P1W5-2,Q6P1W5,0.170415011,68.22742475,2,191,deletion
Q96BS2-2,Q96BS2,0.751470925,61.30434783,139,214,substitution
Q9UK80-2,Q9UK80,0.397944212,65.72438163,372,565,substitution
O95947-2,O95947,0.622193344,63.28828829,281,435,substitution
Q9H0A6-4,Q9H0A6,0.714581184,62.98342541,229,362,substitution
Q8TED4-3,Q8TED4,0.755786796,68.14671815,347,501,substitution
Q7Z7D3-4,Q7Z7D3,0.711219788,66.31205674,2,96,deletion
Q9Y639-3,Q9Y639,0.716390231,69.59798995,31,375,substitution
P46108-2,P46108,0.538417698,66.77631579,204,304,substitution
Q86VG3-2,Q86VG3,0.316609497,66.5158371,46,119,deletion
Q9BRA0-2,Q9BRA0,0.614616862,60.69364162,3,27,substitution
Q9H5X1-2,Q9H5X1,0.638852095,60.625,97,160,substitution
Q9Y4P1-3,Q9Y4P1,0.749939392,63.25,2,393,substitution
P25791-3,P25791,0.778544899,69.60352423,,,insertion
P15529-16,P15529,0.601135123,78.27160494,33,392,substitution
Q5J8X5-2,Q5J8X5,0.475218202,73.68421053,63,102,deletion
O43759-2,O43759,0.843158278,72.53218884,162,233,substitution
Q9P1U1-2,Q9P1U1,0.884567481,78.94736842,2,89,deletion
Q9NQ48-3,Q9NQ48,0.581566817,70.70063694,2,299,substitution
Q86U06-3,Q86U06,0.423553754,71.29840547,311,439,substitution
Q96J86-3,Q96J86,0.484946222,72.95597484,112,154,substitution
P10632-2,P10632,0.884770863,78.16326531,2,110,substitution
Q13362-4,Q13362,0.813061113,78.93835616,2,480,substitution
A6NI73-4,A6NI73,0.743753169,77.66666667,31,299,substitution
Q9BWV2-2,Q9BWV2,0.451103244,70.07874016,51,126,deletion
Q2I0M5-2,Q2I0M5,0.621498539,73.5042735,137,198,deletion
P39905-5,P39905,0.528828874,75.35545024,2,53,deletion
O75469-5,O75469,0.651228292,78.80184332,2,210,substitution
Q8IXQ8-2,Q8IXQ8,0.315275614,73.86363636,2,70,substitution
Q16671-2,Q16671,0.523947688,75.86206897,430,573,substitution
Q9Y603-2,Q9Y603,0.48008931,72.09302326,2,102,substitution
O95297-3,O95297,0.728689826,75.55555556,203,269,substitution
Q6ZN17-2,Q6ZN17,0.307826137,72.0,2,71,deletion
Q96DT0-4,Q96DT0,0.5341911,79.16666667,2,208,substitution
Q8NDF8-2,Q8NDF8,0.745722207,76.41025641,445,572,substitution
Q9UJU6-5,Q9UJU6,0.274604903,76.04651163,3,105,deletion
O00499-11,O00499,0.601999699,79.27631579,174,456,substitution
Q14802-2,Q14802,0.484254801,76.99115044,,,insertion
Q9BRV3-3,Q9BRV3,0.794688251,75.56561086,95,148,deletion
Q96IQ9-2,Q96IQ9,0.239812556,79.23076923,310,312,substitution
P61224-4,P61224,0.842184249,77.17391304,20,61,deletion
Q15109-9,Q15109,0.645034253,71.42857143,276,404,substitution
Q9BQ16-9,Q9BQ16,0.460701059,71.10091743,64,436,substitution
Q15493-2,Q15493,0.870639828,75.58528428,116,188,substitution
P40933-2,P40933,0.782786659,75.5952381,2,37,substitution
P32314-2,P32314,0.309227328,76.33410673,2,105,substitution
Q99471-3,Q99471,0.632697409,70.77922078,25,69,deletion
Q76KD6-2,Q76KD6,0.16720568,73.4006734,436,591,substitution
Q86V25-6,Q86V25,0.677683737,70.70422535,3,106,deletion
Q16623-3,Q16623,0.796983244,79.79452055,227,288,substitution
Q9H2H8-2,Q9H2H8,0.865592746,75.41899441,27,58,substitution
Q9HAJ7-2,Q9HAJ7,0.400804188,74.86338798,68,113,deletion
Q8TAF7-2,Q8TAF7,0.735962444,77.44227353,2,128,deletion
P54107-2,P54107,0.844746497,71.08433735,178,249,substitution
A5PLN9-7,A5PLN9,0.809896627,70.04716981,183,417,substitution
Q8N108-14,Q8N108,0.627511317,75.74074074,2,512,substitution
P04234-2,P04234,0.628134216,73.68421053,92,136,substitution
O15382-2,O15382,0.879839057,75.25510204,9,100,deletion
Q13404-8,Q13404,0.690533677,71.42857143,58,99,deletion
Q7Z7A4-5,Q7Z7A4,0.696563906,76.29757785,2,138,deletion
Q9UH92-2,Q9UH92,0.595698927,71.81208054,15,110,substitution
O60565-2,O60565,0.594588911,77.7173913,40,80,deletion
O96013-3,O96013,0.611223015,74.11167513,69,221,deletion
O43852-5,O43852,0.56104922,72.6984127,166,251,deletion
Q03060-7,Q03060,0.392854533,70.72463768,2,244,substitution
Q7L513-8,Q7L513,0.437335176,73.53760446,167,261,deletion
Q9UM44-2,Q9UM44,0.742464478,73.64705882,2,108,substitution
P19438-2,P19438,0.326412741,76.26373626,3,110,deletion
O95971-3,O95971,0.698433101,76.4957265,180,181,substitution
Q99873-5,Q99873,0.780000224,76.81940701,13,253,substitution
P53539-7,P53539,0.412712242,74.55621302,43,284,substitution
Q9NZL4-2,Q9NZL4,0.525346507,71.3091922,206,308,deletion
Q04900-5,Q04900,0.405694321,72.0,143,197,substitution
O75884-2,O75884,0.898456756,75.62189055,152,186,substitution
Q9BYE7-3,Q9BYE7,0.313919769,78.28571429,186,261,substitution
Q03060-16,Q03060,0.450601409,78.67036011,2,244,substitution
Q13422-5,Q13422,0.185279911,72.44701349,142,284,deletion
Q9UJ68-3,Q9UJ68,0.89131686,79.57446809,2,48,substitution
Q8TAV0-5,Q8TAV0,0.402023227,73.94136808,68,199,substitution
Q8TCE9-2,Q8TCE9,0.907570338,79.76190476,3,5,substitution
Q9Y5Z0-3,Q9Y5Z0,0.746431203,73.79576108,379,518,substitution
P49023-4,P49023,0.562965188,71.7428088,2,311,substitution
Q9P1W8-4,Q9P1W8,0.70614881,71.31782946,250,360,deletion
Q7Z6G3-2,Q7Z6G3,0.463710663,70.20725389,2,121,substitution
Q8TB45-2,Q8TB45,0.336746179,75.30562347,43,143,deletion
Q96HJ5-2,Q96HJ5,0.467856131,78.5046729,53,98,deletion
Q5SXH7-1,Q5SXH7,0.314190538,78.52882704,311,465,substitution
P18621-2,P18621,0.711417408,79.34782609,2,39,deletion
P0CAP1-11,P0CAP1,0.545192701,79.81818182,435,466,substitution
Q9BV29-3,Q9BV29,0.341071533,71.89189189,134,185,substitution
Q17RN3-2,Q17RN3,0.465154769,76.50429799,186,306,substitution
Q86X76-5,Q86X76,0.720206822,73.08868502,240,326,substitution
O43353-2,O43353,0.458056331,74.62962963,2,138,deletion
Q8TEB7-2,Q8TEB7,0.582401106,73.89277389,2,161,substitution
Q9UHC7-3,Q9UHC7,0.491969903,78.26086957,366,482,substitution
P51685-2,P51685,0.74353158,75.21126761,2,91,substitution
Q8IX04-3,Q8IX04,0.527929085,74.94692144,43,471,substitution
Q07955-3,Q07955,0.419508136,75.0,185,248,substitution
P43088-4,P43088,0.744069705,75.48746518,267,359,substitution
Q6P499-2,Q6P499,0.68681279,79.80295567,2,83,deletion
Q96PM9-3,Q96PM9,0.265851714,79.01554404,141,221,deletion
P54819-3,P54819,0.807461348,70.03891051,178,239,substitution
Q96AN5-2,Q96AN5,0.497844099,78.21350763,89,188,deletion
Q96N38-3,Q96N38,0.730337846,72.20216606,2,155,deletion
Q6ZU67-4,Q6ZU67,0.311187,76.5917603,33,157,deletion
Q7Z6I8-2,Q7Z6I8,0.187063399,77.65957447,144,188,substitution
Q7L0Q8-2,Q7L0Q8,0.794087966,74.80620155,2,66,substitution
Q8N983-4,Q8N983,0.826283191,72.09302326,156,215,substitution
Q9H3H5-3,Q9H3H5,0.868279336,73.7745098,2,108,deletion
Q8WVV5-4,Q8WVV5,0.623324845,77.82026769,32,147,deletion
Q6P4F2-2,Q6P4F2,0.380057916,73.65591398,133,183,substitution
Q14344-2,Q14344,0.86971852,74.80106101,2,96,deletion
Q86X24-4,Q86X24,0.534167174,77.41116751,2,109,substitution
Q6XZB0-7,Q6XZB0,0.842324766,73.60515021,336,460,substitution
P43629-2,P43629,0.629435783,78.6036036,25,119,deletion
Q9NVL1-2,Q9NVL1,0.338018648,79.39393939,54,87,deletion
Q8WUP2-3,Q8WUP2,0.608921781,73.99463807,84,180,deletion
Q8NEB5-2,Q8NEB5,0.879743872,79.92424242,212,264,substitution
Q9BUK0-4,Q9BUK0,0.858911915,77.27272727,,,insertion
Q9H5V9-2,Q9H5V9,0.42515686,77.92792793,2,50,deletion
P28066-2,P28066,0.868740478,75.93360996,2,59,deletion
Q9Y6N1-2,Q9Y6N1,0.505719116,77.30496454,217,276,substitution
A6NGG3-2,A6NGG3,0.304076693,71.2962963,,,insertion
O96013-2,O96013,0.651994017,71.91201354,120,285,substitution
P49961-4,P49961,0.72326853,72.94117647,3,140,deletion
Q969S0-3,Q969S0,0.793568827,75.52870091,251,331,substitution
Q9H0F5-4,Q9H0F5,0.310649311,74.76808905,2,118,substitution
A6NNP5-4,A6NNP5,0.433516353,77.17842324,183,214,substitution
P01009-3,P01009,0.747320598,73.20574163,307,418,deletion
Q96E40-2,Q96E40,0.861549608,74.32432432,166,222,substitution
O60268-2,O60268,0.443460437,73.23600973,302,411,deletion
Q6UXG3-5,Q6UXG3,0.690349856,79.21686747,127,332,substitution
P41214-2,P41214,0.435375418,78.76712329,177,300,deletion
Q02161-3,Q02161,0.853369585,75.53956835,316,417,substitution
Q96HL8-3,Q96HL8,0.441423535,71.6374269,2,97,deletion
P53539-5,P53539,0.258713699,77.81065089,43,185,substitution
Q9NZR4-5,Q9NZR4,0.397654698,72.97297297,270,365,substitution
Q8N8R3-3,Q8N8R3,0.595964951,78.21782178,2,67,deletion
P13646-2,P13646,0.387499311,74.45414847,65,458,substitution
Q96PS8-2,Q96PS8,0.84435656,78.75816993,236,300,substitution
Q8NG50-12,Q8NG50,0.892210279,78.7456446,223,284,substitution
O76054-5,O76054,0.725626926,79.4044665,59,141,deletion
P35372-13,P35372,0.769787974,77.0,2,96,substitution
Q08116-2,Q08116,0.454282213,72.72727273,149,209,substitution
Q8N543-2,Q8N543,0.823894257,74.1697417,2,141,deletion
Q7Z2E3-3,Q7Z2E3,0.592801727,79.7752809,104,175,deletion
Q8WUW1-2,Q8WUW1,0.779856476,70.75471698,,,insertion
O95866-7,O95866,0.638836159,72.37354086,182,241,substitution
Q63ZY6-5,Q63ZY6,0.876368494,77.77777778,246,315,deletion
Q8N7H5-2,Q8N7H5,0.356215178,71.07142857,17,508,substitution
Q9Y2Z9-2,Q9Y2Z9,0.856463366,71.7791411,2,461,substitution
Q8NCR3-2,Q8NCR3,0.618233893,70.56962025,28,313,substitution
O14770-7,O14770,0.360240696,77.29166667,2,477,substitution
Q6PF05-2,Q6PF05,0.739162615,77.83933518,281,361,substitution
Q96HR8-2,Q96HR8,0.471487645,70.6,346,494,substitution
Q7LFX5-2,Q7LFX5,0.61652709,78.55917667,451,561,substitution
Q9H8M2-6,Q9H8M2,0.298852448,76.276771,2,155,substitution
Q9H1B4-5,Q9H1B4,0.686975406,75.31486146,19,397,substitution
Q9BWL3-3,Q9BWL3,0.604399353,74.70355731,190,253,deletion
Q6E0U4-6,Q6E0U4,0.193983946,71.69811321,347,476,substitution
Q96Q45-4,Q96Q45,0.657241402,76.71568627,36,130,deletion
Q8NBN7-2,Q8NBN7,0.850290012,78.54984894,2,72,deletion
Q13477-2,Q13477,0.718849925,70.68062827,223,334,substitution
Q9H171-2,Q9H171,0.390971438,79.53091684,365,429,substitution
Q9BTE6-2,Q9BTE6,0.862629322,76.57142857,2,13,substitution
O75838-3,O75838,0.834647457,77.00534759,2,44,deletion
P10966-8,P10966,0.65609619,73.81974249,165,210,substitution
O95249-2,O95249,0.478474084,74.0,2,66,deletion
Q13291-4,Q13291,0.711043946,73.36814621,264,335,substitution
P49788-2,P49788,0.734078834,76.35135135,225,294,substitution
Q7Z6M3-2,Q7Z6M3,0.355468709,72.303207,123,217,deletion
Q9Y5U2-2,Q9Y5U2,0.194492582,78.72340426,8,71,deletion
P78369-2,P78369,0.815974447,75.54585153,2,73,substitution
Q658P3-4,Q658P3,0.852754933,76.51515152,353,488,substitution
Q16585-2,Q16585,0.482908175,77.98742138,12,81,deletion
Q5T0J7-3,Q5T0J7,0.462370857,79.39914163,182,233,substitution
Q02930-4,Q02930,0.35085441,70.07874016,2,155,substitution
Q9BQY9-4,Q9BQY9,0.266725895,78.49462366,2,53,substitution
O00273-2,O00273,0.388863413,78.85196375,262,331,substitution
Q9H6K1-2,Q9H6K1,0.362646474,77.85234899,105,170,deletion
Q9UBR5-4,Q9UBR5,0.383942735,78.94736842,80,111,deletion
Q96A70-3,Q96A70,0.861302428,75.54112554,344,460,substitution
Q9Y296-2,Q9Y296,0.640833367,75.34246575,82,135,deletion
O76083-12,O76083,0.658317638,77.90893761,24,165,substitution
Q30201-7,Q30201,0.550583988,73.56321839,114,205,deletion
Q15131-3,Q15131,0.847402192,78.61111111,2,311,substitution
Q3SXY8-3,Q3SXY8,0.416414911,75.93457944,2,104,deletion
Q12796-2,Q12796,0.185991304,75.84097859,103,181,deletion
Q8TCA0-2,Q8TCA0,0.743898292,72.82608696,28,77,deletion
Q9Y458-2,Q9Y458,0.41694261,76.92307692,2,121,deletion
Q8NFF5-3,Q8NFF5,0.87210068,75.97955707,2,587,substitution
Q9BUN5-3,Q9BUN5,0.522139616,76.85950413,183,200,substitution
P09493-8,P09493,0.890954081,76.76056338,41,284,substitution
Q92484-2,Q92484,0.853110564,71.0816777,2,132,deletion
Q13477-3,Q13477,0.696433185,76.96335079,223,310,substitution
O15540-2,O15540,0.877413223,71.68674699,117,132,substitution
Q86UD5-2,Q86UD5,0.644683521,78.41328413,420,537,substitution
Q5TID7-2,Q5TID7,0.235276001,79.60784314,406,509,substitution
Q7Z6V5-2,Q7Z6V5,0.785807275,75.39267016,2,48,deletion
Q7L5Y1-5,Q7L5Y1,0.909883001,79.96070727,3,306,substitution
Q92599-3,Q92599,0.770158706,76.39751553,2,483,substitution
Q9Y4P1-4,Q9Y4P1,0.742411714,78.7654321,2,369,substitution
Q15257-4,Q15257,0.85699774,78.49162011,73,149,deletion
Q03013-3,Q03013,0.544747362,72.01834862,60,120,deletion
O15165-4,O15165,0.203494029,74.18300654,2,130,substitution
Q9H310-3,Q9H310,0.864172806,77.82426778,2,175,substitution
Q8NCC5-3,Q8NCC5,0.752628753,71.84466019,342,494,substitution
P35241-4,P35241,0.6475375,74.27101201,2,156,substitution
Q8N6W0-2,Q8N6W0,0.483845374,75.14910537,299,485,substitution
P35372-14,P35372,0.763665482,70.12048193,2,400,substitution
Q9HB29-2,Q9HB29,0.701155997,70.28380634,2,218,substitution
Q7L099-2,Q7L099,0.553228552,70.86330935,2,469,substitution
Q9HCN4-2,Q9HCN4,0.739439499,78.87700535,2,80,deletion
Q13907-2,Q13907,0.892403248,79.92957746,,,insertion
Q9Y2U2-2,Q9Y2U2,0.866116314,79.15309446,241,307,substitution
Q8N3G9-3,Q8N3G9,0.602703184,73.79310345,29,385,substitution
Q6E0U4-16,Q6E0U4,0.379763434,78.8973384,247,346,substitution
P35030-4,P35030,0.843994114,77.66990291,2,71,substitution
Q9BVC4-3,Q9BVC4,0.887470052,79.75460123,2,67,deletion
Q5FYB1-2,Q5FYB1,0.795079648,74.86818981,2,144,deletion
Q02161-6,Q02161,0.810270358,72.58426966,314,417,substitution
Q7LG56-6,Q7LG56,0.838325894,79.02097902,2,16,substitution
Q8IX04-2,Q8IX04,0.463518922,79.61783439,376,471,substitution
Q9Y2Q5-3,Q9Y2Q5,0.675634858,76.0,78,107,deletion
P03372-3,P03372,0.564649348,70.92436975,2,174,deletion
Q6ICL3-2,Q6ICL3,0.862923039,77.53623188,90,151,deletion
Q9UEE9-2,Q9UEE9,0.278474927,72.57525084,218,299,deletion
Q9NUM3-3,Q9NUM3,0.706049095,75.24429967,232,307,substitution
P07101-6,P07101,0.725486232,76.32575758,31,357,substitution
Q3KQZ1-4,Q3KQZ1,0.845854412,79.93630573,244,300,substitution
Q92913-4,Q92913,0.737577176,75.51020408,2,62,substitution
P47869-2,P47869,0.742340835,72.95719844,2,353,substitution
O00506-3,O00506,0.542717171,77.9342723,2,95,deletion
Q9NNX6-11,Q9NNX6,0.575681382,78.29268293,2,212,substitution
Q15907-2,Q15907,0.866210974,74.88986784,171,218,substitution
P07288-2,P07288,0.747065351,78.75457875,211,261,substitution
Q6ZP29-3,Q6ZP29,0.670102158,77.66323024,2,66,deletion
Q01344-2,Q01344,0.859603986,79.04761905,333,420,substitution
Q13418-3,Q13418,0.742832936,70.3539823,2,135,deletion
Q9BQA5-2,Q9BQA5,0.762035962,70.92592593,381,516,substitution
P55854-2,P55854,0.727303165,73.04964539,,,insertion
Q6PIL6-5,Q6PIL6,0.810726383,78.8,2,55,substitution
Q9UJU2-7,Q9UJU2,0.367763864,75.43859649,2,241,substitution
P35236-3,P35236,0.833856627,77.41935484,,,insertion
Q5HYI7-4,Q5HYI7,0.886325311,78.91373802,247,312,substitution
Q495N2-2,Q495N2,0.846307208,78.47358121,2,134,substitution
Q86YD3-5,Q86YD3,0.630658174,79.67914439,226,366,substitution
O95965-2,O95965,0.65798184,71.45748988,2,142,deletion
Q969K7-3,Q969K7,0.316702458,76.12612613,71,123,deletion
Q8IV42-2,Q8IV42,0.797571367,76.50429799,262,348,substitution
Q6PI97-2,Q6PI97,0.309341847,76.53061224,114,169,substitution
O95600-3,O95600,0.187663191,70.75208914,254,359,substitution
P04637-6,P04637,0.673751718,75.06361323,2,393,substitution
Q9NRY7-1,Q9NRY7,0.82670963,75.42087542,2,74,deletion
Q4G1C9-6,Q4G1C9,0.69975072,78.19767442,2,78,substitution
Q8NBJ7-5,Q8NBJ7,0.718076547,72.09302326,114,197,deletion
Q9Y6M1-5,Q9Y6M1,0.497272316,79.47019868,2,400,substitution
P42857-2,P42857,0.485487913,78.91891892,45,83,deletion
Q14153-2,Q14153,0.292572923,71.56398104,303,422,substitution
Q8WW34-2,Q8WW34,0.547260301,77.94871795,2,44,deletion
Q969M7-2,Q969M7,0.874960448,77.98165138,170,185,substitution
P61204-2,P61204,0.610513282,79.55801105,51,87,deletion
Q9Y2H1-2,Q9Y2H1,0.819261559,79.95689655,2,102,substitution
P53539-6,P53539,0.261648865,75.44378698,150,284,substitution
Q86UD7-2,Q86UD7,0.756130556,75.98425197,183,249,substitution
Q9BZW8-4,Q9BZW8,0.362349137,73.78378378,128,224,deletion
Q8N9Z9-2,Q8N9Z9,0.494200948,75.0,2,98,deletion
Q7RTV3-2,Q7RTV3,0.359975983,78.99159664,278,350,substitution
Q8IX04-4,Q8IX04,0.489139102,71.54989384,2,471,substitution
Q86XW9-3,Q86XW9,0.502934184,76.06060606,66,329,substitution
O43581-5,O43581,0.626889653,77.20306513,,,insertion
O95388-2,O95388,0.472703508,76.02179837,117,204,substitution
Q8WYQ4-2,Q8WYQ4,0.785844295,73.85620915,84,148,substitution
P04637-5,P04637,0.658062955,74.55470738,2,393,substitution
Q15051-2,Q15051,0.375990833,77.75919732,196,328,deletion
Q9Y4P1-2,Q9Y4P1,0.812463171,77.17842324,2,393,substitution
Q13952-5,Q13952,0.466269191,77.29257642,316,419,deletion
Q9Y279-3,Q9Y279,0.431932592,76.19047619,138,232,substitution
P31995-3,P31995,0.700887864,79.56656347,255,323,substitution
O00161-2,O00161,0.473525742,74.40758294,89,142,substitution
P10828-2,P10828,0.678849221,77.48478702,2,93,substitution
O75688-4,O75688,0.892766793,78.91440501,379,479,substitution
Q96SQ7-2,Q96SQ7,0.394014779,76.92307692,321,321,substitution
Q5SQI0-6,Q5SQI0,0.559962673,71.02137767,195,421,substitution
Q96J87-4,Q96J87,0.55853456,71.51767152,2,364,substitution
Q9NXS2-3,Q9NXS2,0.67771602,75.39267016,118,211,deletion
B9EJG8-2,B9EJG8,0.699244682,72.28915663,142,210,deletion
Q9BWL3-4,Q9BWL3,0.47978519,79.0513834,23,114,substitution
Q49MI3-4,Q49MI3,0.572431591,75.08960573,162,300,deletion
Q9HB21-2,Q9HB21,0.739922454,74.57212714,301,404,substitution
Q7L513-3,Q7L513,0.387238372,75.20891365,78,166,deletion
P10827-2,P10827,0.792767486,77.64227642,371,490,substitution
Q8TD35-2,Q8TD35,0.386602931,73.66255144,176,194,substitution
Q96NJ3-2,Q96NJ3,0.534058094,73.72881356,2,156,deletion
Q86TJ2-3,Q86TJ2,0.522426773,78.0952381,3,94,deletion
Q8TBF2-2,Q8TBF2,0.804186238,78.43137255,154,197,substitution
Q86UY6-4,Q86UY6,0.866499344,78.99159664,2,51,substitution
Q92915-2,Q92915,0.707659944,71.27272727,2,64,substitution
Q9NS18-2,Q9NS18,0.767297318,75.13812155,2,40,substitution
Q9BRP4-3,Q9BRP4,0.842519695,70.66326531,2,116,deletion
Q6XYB7-2,Q6XYB7,0.550566774,71.28712871,2,69,substitution
Q9NR28-2,Q9NR28,0.832379041,74.89539749,2,60,substitution
Q86TE4-4,Q86TE4,0.509330109,75.14450867,3,88,deletion
Q7Z4H8-3,Q7Z4H8,0.859782033,74.35897436,2,507,substitution
Q8NG50-6,Q8NG50,0.589682824,75.60137457,2,222,substitution
P58005-4,P58005,0.773449727,71.74796748,2,175,substitution
Q86U06-5,Q86U06,0.383299879,72.19917012,2,100,substitution
Q29983-2,Q29983,0.428654669,74.93472585,109,204,deletion
P49961-5,P49961,0.757285723,78.82352941,3,110,deletion
Q8IZJ6-2,Q8IZJ6,0.620953392,78.26086957,97,146,deletion
Q8NBU5-2,Q8NBU5,0.772015267,77.56232687,278,361,substitution
Q96EB1-3,Q96EB1,0.721292666,79.59183673,172,424,substitution
P78539-4,P78539,0.708472412,79.52586207,364,464,substitution
P29016-2,P29016,0.755325245,83.48348348,242,296,deletion
P30518-2,P30518,0.782133269,82.74932615,305,371,substitution
O14931-3,O14931,0.779946109,83.08457711,166,201,substitution
Q86UT5-2,Q86UT5,0.843744548,82.98611111,2,105,substitution
Q9BV20-2,Q9BV20,0.903406205,81.84281843,125,200,substitution
Q8NFF5-2,Q8NFF5,0.910675639,83.47529813,2,98,deletion
Q9H2P9-3,Q9H2P9,0.867794207,80.70175439,88,143,substitution
O76083-6,O76083,0.65413334,82.6306914,2,147,substitution
Q9NYB9-2,Q9NYB9,0.55630816,82.28782288,155,398,substitution
P27824-3,P27824,0.746369061,81.75675676,2,109,deletion
P61020-2,P61020,0.756307639,80.93023256,107,147,deletion
Q9H3Q1-2,Q9H3Q1,0.19537906,80.33707865,58,127,deletion
Q9BZS1-3,Q9BZS1,0.427888057,80.65173116,72,382,substitution
Q9H3Z4-2,Q9H3Z4,0.595579389,82.82828283,165,198,substitution
P03372-2,P03372,0.476291429,81.17647059,255,366,deletion
Q8N668-2,Q8N668,0.666852419,82.63157895,155,190,substitution
Q8TBF2-6,Q8TBF2,0.796720911,81.46341463,130,164,substitution
Q96PU9-3,Q96PU9,0.21673975,81.49606299,179,225,deletion
A4D1S5-2,A4D1S5,0.834989746,82.1969697,,,insertion
Q8NER5-3,Q8NER5,0.700711886,83.77281947,102,181,deletion
P33241-2,P33241,0.310851517,81.71091445,2,63,deletion
Q96JZ2-2,Q96JZ2,0.397996279,80.11363636,2,72,substitution
Q13887-4,Q13887,0.27439105,80.08752735,2,92,deletion
O15091-4,O15091,0.905014749,83.70497427,2,96,deletion
Q8N490-4,Q8N490,0.882627749,80.10335917,2,78,substitution
P23760-4,P23760,0.515195468,81.83716075,393,479,substitution
Q9NZH6-3,Q9NZH6,0.719909902,81.19266055,49,89,substitution
Q9NQH7-2,Q9NQH7,0.921741867,84.41814596,2,80,deletion
P28347-2,P28347,0.601104773,82.09302326,3,291,substitution
Q9NUZ1-4,Q9NUZ1,0.841467534,84.42622951,354,547,substitution
Q13501-2,Q13501,0.289199111,80.90909091,3,86,deletion
Q16850-2,Q16850,0.895269727,80.31809145,2,106,deletion
Q96KN8-2,Q96KN8,0.496502528,84.94623656,234,279,substitution
P08174-2,P08174,0.683248559,83.18181818,362,381,substitution
P09488-2,P09488,0.900388795,83.02752294,153,189,deletion
P21128-3,P21128,0.790728479,84.3902439,19,82,substitution
Q99729-4,Q99729,0.667308707,83.78378378,26,310,substitution
Q9NP85-2,Q9NP85,0.487033013,82.24543081,179,246,deletion
Q9BZZ5-5,Q9BZZ5,0.798334461,84.92366412,24,524,substitution
Q8N6V9-2,Q8N6V9,0.719027344,80.81841432,2,76,deletion
Q9NRC1-5,Q9NRC1,0.784230863,81.8336163,2,585,substitution
Q9NXB0-2,Q9NXB0,0.783027695,82.44406196,471,559,substitution
Q9BV57-2,Q9BV57,0.868413316,80.66298343,2,40,substitution
Q4AE62-2,Q4AE62,0.711233686,81.44104803,293,377,deletion
Q14565-2,Q14565,0.85704263,83.52941176,141,196,substitution
Q6PK18-2,Q6PK18,0.717627491,81.8443804,276,319,substitution
Q9NVL1-3,Q9NVL1,0.234498691,80.47337278,54,87,substitution
O43474-4,O43474,0.262494209,83.62573099,2,400,substitution
Q96F24-2,Q96F24,0.429592967,82.57839721,91,140,deletion
Q6X9E4-2,Q6X9E4,0.890921406,84.9137931,136,205,deletion
P25774-2,P25774,0.873796085,84.89425982,84,133,deletion
Q9BUL5-3,Q9BUL5,0.292267805,83.37468983,54,120,deletion
P37840-2,P37840,0.731122804,80.0,103,130,deletion
Q96HH6-2,Q96HH6,0.90292586,83.57771261,284,336,substitution
Q8TCC3-2,Q8TCC3,0.800174158,84.29319372,,,insertion
O60678-2,O60678,0.879202709,84.36911488,11,99,substitution
Q9BQA1-2,Q9BQA1,0.575365543,81.28654971,101,164,deletion
Q96BD8-2,Q96BD8,0.467930462,81.56862745,104,150,substitution
Q8IXM2-2,Q8IXM2,0.229771093,80.23255814,41,74,deletion
P34896-3,P34896,0.616606128,83.436853,273,352,deletion
Q4KMG9-2,Q4KMG9,0.323452575,81.81818182,2,33,substitution
P98173-3,P98173,0.869152551,81.30434783,7,44,deletion
Q8TAV0-4,Q8TAV0,0.704897283,81.23167155,49,199,substitution
P52564-2,P52564,0.901623092,83.23353293,2,57,deletion
Q86X76-3,Q86X76,0.839476046,80.8,2,327,substitution
O95900-2,O95900,0.808937962,83.081571,2,57,deletion
O14524-2,O14524,0.453496933,83.55855856,110,182,deletion
Q9UBX7-4,Q9UBX7,0.858501011,81.43322476,2,98,substitution
Q9NZN9-3,Q9NZN9,0.585935579,83.59375,93,155,deletion
O00712-5,O00712,0.542467262,84.21052632,,,insertion
Q9BXU9-1,Q9BXU9,0.810887763,83.90804598,2,43,deletion
Q14195-2,Q14195,0.825933109,82.01754386,2,13,substitution
Q96EP5-2,Q96EP5,0.446619327,84.92822967,350,407,substitution
Q8N423-3,Q8N423,0.720084423,82.45033113,437,597,substitution
O15519-15,O15519,0.640289415,80.0,2,97,deletion
Q9BYV8-2,Q9BYV8,0.469284132,80.69705094,254,325,deletion
Q9BXN2-2,Q9BXN2,0.625209421,81.37651822,68,113,deletion
P21554-2,P21554,0.799546796,81.72268908,2,89,substitution
O43521-12,O43521,0.378729625,82.43902439,42,75,substitution
P55061-2,P55061,0.888251263,80.33898305,,,insertion
P58340-3,P58340,0.486393133,84.38538206,2,65,substitution
O15530-5,O15530,0.645797136,80.57553957,448,556,substitution
P08397-4,P08397,0.87720479,84.21052632,2,257,substitution
Q6AW86-2,Q6AW86,0.523603119,83.42059337,2,79,substitution
O95544-3,O95544,0.80681732,84.76821192,11,87,substitution
Q7Z422-4,Q7Z422,0.290734657,80.26315789,2,34,substitution
Q96FN4-2,Q96FN4,0.788566422,81.38686131,2,103,deletion
Q9UJX2-3,Q9UJX2,0.862617849,80.23450586,2,119,deletion
Q05D32-2,Q05D32,0.588443918,84.54935622,159,230,deletion
Q96NM4-4,Q96NM4,0.198413737,83.11688312,2,302,substitution
Q8N9W6-2,Q8N9W6,0.478996914,81.71091445,4,283,substitution
P13688-5,P13688,0.655259928,83.26996198,321,416,substitution
Q99720-5,Q99720,0.75380848,83.85650224,31,76,substitution
P15289-2,P15289,0.908857974,83.43195266,3,86,deletion
Q9BQE9-3,Q9BQE9,0.498839986,80.1980198,163,202,substitution
Q9BU40-3,Q9BU40,0.322947565,82.49452954,101,328,substitution
O14770-2,O14770,0.491628335,81.45833333,384,477,substitution
O14662-6,O14662,0.668059173,83.69230769,3,55,deletion
Q6UY01-4,Q6UY01,0.813404342,80.07246377,443,552,substitution
Q96FG2-6,Q96FG2,0.645258492,81.34328358,315,381,substitution
A4QPH2-4,A4QPH2,0.582519044,83.36134454,325,592,substitution
Q9BX59-7,Q9BX59,0.864451524,83.7164751,431,468,substitution
P18510-3,P18510,0.855200838,82.29166667,2,21,substitution
P49354-2,P49354,0.784132158,82.32189974,68,134,deletion
Q8N5U1-3,Q8N5U1,0.315004408,82.91666667,76,116,deletion
O75648-2,O75648,0.888656212,84.79809976,341,421,substitution
Q5TFE4-2,Q5TFE4,0.864563807,80.81896552,2,85,substitution
Q6ZU67-2,Q6ZU67,0.264684541,82.20973783,440,534,substitution
Q16653-8,Q16653,0.770647129,80.97165992,198,247,substitution
Q9NZI2-3,Q9NZI2,0.871569503,82.81938326,2,40,deletion
Q8N414-2,Q8N414,0.84173395,80.26315789,2,110,substitution
O94788-4,O94788,0.905552186,81.46718147,2,97,deletion
P55058-3,P55058,0.823703483,80.73022312,68,162,deletion
P15529-9,P15529,0.671805995,82.66331658,286,392,substitution
Q9H477-2,Q9H477,0.863442544,82.46153846,266,322,substitution
Q16671-3,Q16671,0.464279061,83.42059337,381,475,deletion
Q9ULP0-6,Q9ULP0,0.80132695,81.97530864,2,302,substitution
Q5JUK2-2,Q5JUK2,0.277092059,82.94573643,317,328,substitution
Q7L1Q6-2,Q7L1Q6,0.815375492,84.24821002,288,353,deletion
Q8N108-18,Q8N108,0.578337719,80.71161049,2,512,substitution
O43521-4,O43521,0.27208081,83.83838384,167,198,substitution
P00973-2,P00973,0.924128118,84.46601942,347,400,substitution
Q9NSI8-3,Q9NSI8,0.383459947,80.2247191,2,19,substitution
Q9NPJ8-4,Q9NPJ8,0.889790538,80.28169014,2,29,deletion
P42081-4,P42081,0.776668233,83.58662614,2,282,substitution
Q6WBX8-2,Q6WBX8,0.638493298,80.04694836,2,426,substitution
P51955-2,P51955,0.754653501,83.632287,371,445,substitution
Q9Y5Z0-5,Q9Y5Z0,0.847154431,81.66023166,2,96,deletion
Q9Y603-4,Q9Y603,0.439991791,83.87096774,49,103,deletion
Q9H4A5-2,Q9H4A5,0.698281451,84.56140351,62,105,deletion
Q16635-8,Q16635,0.900005775,81.50684932,2,25,deletion
P35372-10,P35372,0.752890387,81.13590264,,,insertion
Q6NTE8-3,Q6NTE8,0.210403032,83.96501458,43,97,deletion
Q569K4-2,Q569K4,0.259257899,82.59023355,2,84,substitution
Q86VW2-2,Q86VW2,0.780849005,81.72413793,2,107,deletion
Q9UJQ1-2,Q9UJQ1,0.723876317,84.28571429,80,123,deletion
Q92993-4,Q92993,0.777794848,83.6996337,5,147,substitution
O95866-3,O95866,0.520945574,81.52610442,138,180,substitution
Q99489-2,Q99489,0.900817609,82.69794721,95,153,deletion
Q8NEF3-2,Q8NEF3,0.465245549,84.3100189,,,insertion
P14678-3,P14678,0.479246043,82.35294118,227,228,substitution
P38571-2,P38571,0.857097053,81.09452736,2,76,substitution
Q6UY09-4,Q6UY09,0.597938611,82.38255034,344,537,substitution
Q96PP8-2,Q96PP8,0.901792316,83.27645051,489,586,substitution
Q96A25-2,Q96A25,0.74152996,81.29770992,3,50,deletion
P55263-3,P55263,0.899096213,84.25414365,186,242,deletion
O14836-2,O14836,0.341913807,84.3003413,21,67,substitution
Q96PM5-7,Q96PM5,0.831350736,84.6743295,32,71,deletion
Q9H9S3-2,Q9H9S3,0.801983123,83.70221328,416,476,substitution
P14324-2,P14324,0.912938198,84.24821002,2,67,deletion
O60869-2,O60869,0.489848315,84.41558442,130,148,substitution
Q569K4-5,Q569K4,0.333162057,80.73770492,2,471,substitution
Q6W5P4-3,Q6W5P4,0.835520054,84.9382716,343,371,substitution
Q9P035-2,Q9P035,0.715971104,84.80662983,69,123,deletion
Q9UD71-2,Q9UD71,0.34262143,82.35294118,2,37,deletion
Q9NVH6-7,Q9NVH6,0.918282777,83.847981,2,69,deletion
Q9UHP7-2,Q9UHP7,0.573566618,80.62827225,155,191,deletion
Q96FM1-2,Q96FM1,0.628808705,84.0625,94,144,deletion
Q96CG8-2,Q96CG8,0.683057679,82.11382114,2,243,substitution
Q8NCT3-6,Q8NCT3,0.550080596,81.16197183,2,289,substitution
Q6E0U4-4,Q6E0U4,0.363165428,81.37254902,247,429,substitution
Q9Y3E7-3,Q9Y3E7,0.793730066,83.26693227,2,15,substitution
O95990-3,O95990,0.302824819,83.72093023,,,insertion
O43435-2,O43435,0.72076382,83.21167883,338,398,substitution
Q15392-2,Q15392,0.915845381,82.80373832,2,76,substitution
P07288-5,P07288,0.7851499749999999,82.37547893,211,260,substitution
Q7Z2H8-3,Q7Z2H8,0.848530412,81.09243697,387,476,deletion
P31995-2,P31995,0.821013911,82.35294118,267,323,substitution
Q9NUL3-3,Q9NUL3,0.634354404,82.98245614,2,569,substitution
Q8N8Q3-2,Q8N8Q3,0.862923443,84.04255319,78,122,deletion
Q7L8J4-2,Q7L8J4,0.668730959,82.96296296,2,61,substitution
P57727-6,P57727,0.880420226,84.3866171,,,insertion
P02724-2,P02724,0.367730786,82.66666667,2,27,deletion
Q15013-3,Q15013,0.7898524,83.97435897,3,15,substitution
Q01543-2,Q01543,0.607813139,82.53275109,2,76,substitution
Q8NB15-1,Q8NB15,0.532392587,84.24908425,228,252,substitution
Q3SXM5-2,Q3SXM5,0.875284191,83.33333333,106,160,deletion
Q7L5Y1-4,Q7L5Y1,0.941417164,83.91752577,3,306,substitution
Q8TCC7-4,Q8TCC7,0.894660463,83.2103321,2,92,deletion
Q16653-7,Q16653,0.753523713,82.67716535,198,247,substitution
P15529-7,P15529,0.679082032,83.20987654,286,392,substitution
Q5T5S1-2,Q5T5S1,0.331350924,84.26966292,427,515,substitution
O75822-3,O75822,0.54380188,81.00775194,50,98,deletion
O95758-2,O95758,0.478579175,83.33333333,2,552,substitution
Q13404-7,Q13404,0.891391688,82.35294118,2,7,substitution
Q8N9V3-2,Q8N9V3,0.526206153,80.67226891,226,317,deletion
Q9NVS9-4,Q9NVS9,0.708346088,83.52490421,140,182,deletion
Q6P1K2-4,Q6P1K2,0.507661752,80.48780488,2,41,deletion
Q9BPW9-4,Q9BPW9,0.916835821,84.16886544,,,insertion
Q9H2X3-5,Q9H2X3,0.617772909,81.20300752,44,261,substitution
Q9P287-2,Q9P287,0.73046411,80.83832335,259,314,substitution
Q5JS13-2,Q5JS13,0.637675447,82.64604811,347,557,substitution
Q9BTT0-2,Q9BTT0,0.449752387,84.70149254,69,109,deletion
O43521-19,O43521,0.228333039,82.32323232,132,166,deletion
Q15973-4,Q15973,0.72571257,82.33618234,73,134,deletion
Q96AJ9-1,Q96AJ9,0.563524933,83.62831858,188,217,substitution
Q9UIJ7-3,Q9UIJ7,0.778729156,82.37885463,51,90,deletion
O75023-2,O75023,0.5412143,82.91032149,120,435,substitution
P25686-2,P25686,0.629496743,84.56790123,275,324,substitution
P14868-2,P14868,0.898105011,80.03992016,2,101,deletion
Q8IZP0-7,Q8IZP0,0.490135507,82.87401575,274,360,substitution
P04637-2,P04637,0.63812804,84.4783715,332,393,substitution
P84022-2,P84022,0.769448327,84.34579439,3,68,substitution
Q9UKT9-15,Q9UKT9,0.268508179,83.23699422,142,263,substitution
O95749-2,O95749,0.909251906,82.0,2,55,deletion
Q9BW11-3,Q9BW11,0.539083465,83.25358852,169,206,substitution
Q9UHJ9-5,Q9UHJ9,0.85773132,80.38585209,2,175,substitution
Q14938-3,Q14938,0.583829777,84.86055777,419,502,substitution
O43929-2,O43929,0.852694896,80.73394495,2,85,deletion
P07910-4,P07910,0.392536654,81.69934641,108,194,substitution
Q8N7R7-3,Q8N7R7,0.835872627,80.50139276,2,71,deletion
Q9NZ09-3,Q9NZ09,0.302193187,82.61648746,2,53,substitution
P48643-2,P48643,0.904045874,82.80961183,3,110,substitution
Q9Y226-2,Q9Y226,0.871103193,80.31914894,451,551,substitution
Q86TP1-2,Q86TP1,0.5796112,84.98896247,45,112,substitution
Q13422-2,Q13422,0.316222773,83.23699422,54,140,deletion
Q9Y264-2,Q9Y264,0.590580859,81.11332008,408,503,substitution
Q15233-2,Q15233,0.658655406,81.10403397,2,90,deletion
A5X5Y0-6,A5X5Y0,0.840309066,82.421875,2,129,substitution
Q8N9Y4-2,Q8N9Y4,0.251386492,82.48587571,2,63,deletion
P51858-3,P51858,0.446644232,81.50943396,2,29,substitution
O43307-3,O43307,0.760430189,80.23255814,2,103,deletion
Q86TJ2-2,Q86TJ2,0.557142406,82.14285714,16,90,deletion
Q15628-2,Q15628,0.614605051,80.76923077,2,61,deletion
P13928-3,P13928,0.887197447,81.03975535,8,69,deletion
P00973-4,P00973,0.932047736,84.84107579,347,400,substitution
P49459-2,P49459,0.854423576,80.26315789,51,80,deletion
O00470-2,O00470,0.529791016,80.34188034,2,390,substitution
P24530-3,P24530,0.794196978,83.08270677,,,insertion
O75908-3,O75908,0.722964326,84.29118774,93,260,substitution
P23280-3,P23280,0.807949773,80.51948052,27,86,deletion
P51809-3,P51809,0.546762487,81.36363636,28,68,deletion
Q92731-7,Q92731,0.483219508,82.83018868,319,409,deletion
Q13418-2,Q13418,0.614454204,82.74336283,118,206,substitution
Q13137-5,Q13137,0.553693018,83.85650224,2,73,deletion
Q86X83-2,Q86X83,0.799561861,82.91457286,166,199,substitution
P49450-2,P49450,0.389798653,81.42857143,72,97,deletion
O14931-2,O14931,0.705729941,82.77511962,167,201,substitution
P30050-2,P30050,0.812974551,80.0,38,70,deletion
Q9H1Z4-2,Q9H1Z4,0.806870011,81.03092784,2,93,deletion
Q9UBM1-2,Q9UBM1,0.920424072,84.3220339,,,insertion
P62191-2,P62191,0.834014532,83.40909091,2,74,deletion
O60260-7,O60260,0.788262453,83.22580645,179,361,substitution
P24046-3,P24046,0.785252818,81.83716075,2,88,deletion
Q9NYZ4-2,Q9NYZ4,0.422873977,81.16232465,152,245,substitution
Q8WUT9-2,Q8WUT9,0.671370072,84.75073314,34,85,deletion
Q9BZ23-4,Q9BZ23,0.782165335,80.52631579,2,111,deletion
P05538-2,P05538,0.76206418,84.70149254,2,257,substitution
Q96PE5-3,Q96PE5,0.532412945,82.9787234,2,24,deletion
Q5XG92-6,Q5XG92,0.908056624,82.5311943,2,99,deletion
P04921-2,P04921,0.343748144,83.59375,2,22,deletion
Q8IXJ6-5,Q8IXJ6,0.859729397,80.71979434,6,76,substitution
P78346-2,P78346,0.813165721,82.29813665,266,268,substitution
Q9P0L0-2,Q9P0L0,0.576230196,84.69387755,,,insertion
Q96QG7-2,Q96QG7,0.912162281,84.51730419,3,87,deletion
Q9Y5N1-3,Q9Y5N1,0.794637088,82.02247191,275,354,deletion
Q6PI98-4,Q6PI98,0.521056062,84.21052632,,,insertion
Q03060-15,Q03060,0.470890968,81.99445983,2,88,substitution
O95169-3,O95169,0.890929604,83.33333333,2,32,deletion
Q9ULX9-2,Q9ULX9,0.821413552,82.31707317,2,30,deletion
Q86T20-2,Q86T20,0.479227098,80.39215686,19,38,deletion
P29218-3,P29218,0.908740568,82.44047619,,,insertion
P13716-2,P13716,0.903905163,83.05555556,2,38,substitution
P82912-3,P82912,0.557964708,82.98969072,62,94,deletion
P15863-3,P15863,0.368068276,82.85198556,2,95,substitution
P78382-2,P78382,0.670196405,82.1958457,192,251,substitution
P01732-2,P01732,0.639850857,83.82978723,172,209,substitution
P10966-4,P10966,0.762779581,84.14634146,208,210,substitution
Q16653-6,Q16653,0.794175436,80.70866142,198,247,substitution
A6XGL0-2,A6XGL0,0.873467753,83.27759197,20,69,deletion
Q96F24-3,Q96F24,0.522665144,83.77483444,2,38,substitution
Q8ND25-2,Q8ND25,0.428300803,81.65467626,,,insertion
O95816-2,O95816,0.732249852,81.99052133,2,38,substitution
Q6W5P4-2,Q6W5P4,0.670885889,82.21024259,94,159,deletion
P14921-2,P14921,0.334976517,80.27210884,245,331,deletion
O00233-2,O00233,0.661715883,80.60344828,186,223,substitution
Q96KN3-2,Q96KN3,0.402322805,84.95762712,2,75,substitution
Q6WN34-2,Q6WN34,0.256107749,82.40343348,374,426,substitution
Q93062-2,Q93062,0.537221164,81.65137615,177,196,substitution
P40938-2,P40938,0.916052049,83.14606742,294,355,substitution
Q96PM5-8,Q96PM5,0.772312269,81.22605364,32,179,substitution
Q1A5X6-3,Q1A5X6,0.285583071,83.01886792,26,52,deletion
P43115-5,P43115,0.8624356,84.81308411,360,390,substitution
P17677-2,P17677,0.195354871,84.67153285,2,10,substitution
B4DS77-2,B4DS77,0.30073533,81.13207547,2,81,deletion
Q12982-2,Q12982,0.620515501,83.5106383,,,insertion
P23760-5,P23760,0.628979598,81.83716075,393,478,substitution
Q6N075-2,Q6N075,0.895661267,80.78994614,,,insertion
Q9BUY7-2,Q9BUY7,0.915626162,84.66257669,2,25,deletion
Q96EC8-2,Q96EC8,0.815663098,81.77966102,20,62,deletion
Q6ZV89-2,Q6ZV89,0.599908559,80.14184397,2,85,deletion
P39905-4,P39905,0.490159847,80.70175439,2,51,substitution
Q86UY8-2,Q86UY8,0.888661126,84.67153285,2,474,substitution
Q96IY4-2,Q96IY4,0.84024664,80.13856813,198,423,substitution
Q9UKT9-5,Q9UKT9,0.189386421,81.33595285,142,236,deletion
Q9BWG6-2,Q9BWG6,0.374261877,84.7826087,2,36,deletion
Q9HAW8-2,Q9HAW8,0.870806095,81.69811321,432,530,substitution
P55957-2,P55957,0.78051938,80.91286307,,,insertion
P22694-2,P22694,0.929404196,85.42713568,2,16,substitution
O75386-2,O75386,0.569388223,87.4251497,437,442,substitution
Q9BWQ8-2,Q9BWQ8,0.822533198,85.44303797,2,47,deletion
Q96EX2-5,Q96EX2,0.64175671,88.32599119,401,444,substitution
P24071-11,P24071,0.636170276,88.1533101,12,216,substitution
Q9HCI7-2,Q9HCI7,0.248925541,87.17504333,2,75,deletion
Q9BZW8-3,Q9BZW8,0.495809067,87.2972973,127,370,substitution
Q96BS2-3,Q96BS2,0.778171313,87.38317757,44,70,deletion
Q08431-4,Q08431,0.898694754,88.37209302,25,69,substitution
O43251-3,O43251,0.278039808,89.74358974,2,265,substitution
P32241-4,P32241,0.7889464,86.65207877,3,134,substitution
Q5VZF2-2,Q5VZF2,0.410136143,88.94736842,332,373,substitution
Q9P0V9-2,Q9P0V9,0.781345562,89.26441352,450,454,substitution
Q7M4L6-2,Q7M4L6,0.331070708,88.88888889,218,264,deletion
Q12981-2,Q12981,0.617449785,85.0877193,90,123,deletion
O95169-2,O95169,0.790678125,86.02150538,157,186,substitution
Q06413-4,Q06413,0.260767669,88.16067653,87,278,substitution
Q9C0I9-2,Q9C0I9,0.515696247,86.98113208,2,70,substitution
Q9GZZ9-2,Q9GZZ9,0.833580094,86.13861386,3,58,deletion
Q96G04-2,Q96G04,0.712642959,89.6969697,81,114,deletion
P48426-2,P48426,0.915034189,85.4679803,2,60,deletion
Q8N4Q1-2,Q8N4Q1,0.718232549,89.03225806,2,6,substitution
Q96PC3-2,Q96PC3,0.932026432,85.20710059,144,154,substitution
Q13868-3,Q13868,0.877884332,89.76109215,91,120,deletion
P17096-2,P17096,0.241712484,89.71962617,35,45,deletion
Q08495-3,Q08495,0.219974711,88.39506173,7,341,substitution
Q14593-2,Q14593,0.645944069,88.57644991,2,66,deletion
P28161-2,P28161,0.934560109,86.69724771,190,218,substitution
Q4ZJI4-3,Q4ZJI4,0.752435449,86.34615385,445,515,substitution
P0DPI2-2,P0DPI2,0.814260677,88.43283582,144,174,deletion
Q9Y320-2,Q9Y320,0.658999872,86.82432432,84,122,substitution
Q86WA6-2,Q86WA6,0.911453431,89.34707904,2,36,substitution
Q13291-2,Q13291,0.808426654,86.30952381,289,335,substitution
Q13336-2,Q13336,0.889386911,87.41573034,,,insertion
Q9NZL9-4,Q9NZL9,0.79550741,88.65671642,2,295,substitution
O00499-3,O00499,0.646412167,85.32883642,335,421,deletion
P56211-2,P56211,0.323126594,85.71428571,2,17,deletion
Q6NT76-2,Q6NT76,0.507026275,89.36170213,344,420,substitution
Q92851-4,Q92851,0.473768928,89.88764045,473,521,substitution
Q9HBI1-3,Q9HBI1,0.845026981,89.56043956,3,39,deletion
Q8IXU6-2,Q8IXU6,0.803449378,85.90425532,314,374,substitution
Q9BWT1-3,Q9BWT1,0.250497595,86.52291105,267,316,deletion
Q8IXU6-3,Q8IXU6,0.845368031,87.43315508,2,48,deletion
Q15369-2,Q15369,0.874692697,85.71428571,2,17,deletion
P0CL85-2,P0CL85,0.930460914,86.56716418,117,134,deletion
Q8N228-2,Q8N228,0.404184758,85.99033816,2,59,deletion
Q6ZQR2-2,Q6ZQR2,0.231604756,88.75,67,102,deletion
Q9NXT0-3,Q9NXT0,0.710696631,89.30348259,2,44,deletion
Q99640-4,Q99640,0.743860461,85.37074148,5,73,deletion
Q68CL5-4,Q68CL5,0.612061912,88.33333333,85,119,deletion
Q96S16-2,Q96S16,0.853155423,88.63636364,30,59,deletion
O75528-2,O75528,0.349771112,85.41666667,370,432,deletion
Q9Y697-3,Q9Y697,0.835612753,88.84026258,137,187,deletion
P36896-5,P36896,0.687654463,89.7029703,2,53,deletion
Q8WVF1-2,Q8WVF1,0.865004267,87.14652956,329,378,deletion
Q13795-2,Q13795,0.925738788,86.06965174,174,201,deletion
Q8NHH9-4,Q8NHH9,0.763973831,87.84246575,2,583,substitution
P20827-2,P20827,0.716974266,89.26829268,131,152,deletion
Q92569-2,Q92569,0.316718704,87.20173536,256,314,deletion
P05186-3,P05186,0.918078142,89.50381679,2,56,deletion
Q86SU0-6,Q86SU0,0.460474326,87.34402852,3,259,substitution
Q9NUQ6-2,Q9NUQ6,0.466268974,87.6344086,149,217,deletion
Q9BUP3-3,Q9BUP3,0.92761956,87.68115942,,,insertion
Q9NUK0-2,Q9NUK0,0.514696341,85.63685637,260,354,substitution
A1A519-3,A1A519,0.512455253,85.45454545,25,330,substitution
Q8IWU4-2,Q8IWU4,0.813699843,86.72086721,2,50,deletion
Q99538-2,Q99538,0.827561593,86.83602771,341,397,deletion
Q9H0F5-2,Q9H0F5,0.264920042,89.51456311,5,54,deletion
Q9Y251-2,Q9Y251,0.905318571,89.13443831,167,225,substitution
Q9UPQ4-2,Q9UPQ4,0.492288391,87.6984127,146,205,substitution
Q13555-11,Q13555,0.860290385,89.29188256,316,425,substitution
Q99963-4,Q99963,0.779263792,85.47945205,311,347,substitution
Q8N884-2,Q8N884,0.632865855,85.05747126,445,522,substitution
P31947-2,P31947,0.666510522,87.09677419,86,117,deletion
Q8TCT9-4,Q8TCT9,0.86421744,89.84771574,348,377,substitution
Q14094-2,Q14094,0.654760599,86.07594937,2,38,substitution
Q9Y535-2,Q9Y535,0.56670105,85.78431373,71,99,deletion
P07306-2,P07306,0.525611337,86.25429553,24,63,substitution
Q93045-2,Q93045,0.824937619,85.9375,161,179,substitution
Q9UBB4-2,Q9UBB4,0.876040843,86.52631579,40,103,deletion
A5D8V7-2,A5D8V7,0.291493816,85.36184211,2,81,substitution
P13688-8,P13688,0.841505289,87.07224335,459,525,substitution
P53365-3,P53365,0.761425619,88.85630499,2,39,deletion
Q8TBH0-2,Q8TBH0,0.817902773,85.74938575,2,91,substitution
P51157-3,P51157,0.909536456,87.78280543,192,221,substitution
Q9HBE4-2,Q9HBE4,0.887863962,88.0239521,147,162,substitution
Q96G25-2,Q96G25,0.666702877,89.03654485,,,insertion
Q9H321-2,Q9H321,0.193770051,87.80487805,169,198,deletion
Q9NQZ6-3,Q9NQZ6,0.640358976,89.73214286,2,24,deletion
Q9NZC7-2,Q9NZC7,0.821769915,85.74879227,353,414,substitution
Q15121-2,Q15121,0.657284707,86.09271523,,,insertion
O75298-2,O75298,0.3352897,86.60550459,272,344,deletion
Q9Y616-2,Q9Y616,0.644562794,89.76510067,45,105,deletion
P61224-3,P61224,0.865291738,89.67391304,43,61,deletion
Q8NHS9-2,Q8NHS9,0.506139029,88.15426997,15,57,deletion
Q6IPR3-2,Q6IPR3,0.72262318,87.25868726,86,118,deletion
Q53RD9-2,Q53RD9,0.541936778,89.52164009,178,223,deletion
Q6P2C8-2,Q6P2C8,0.554400142,88.4244373,192,227,deletion
P61019-2,P61019,0.894380414,88.67924528,18,41,deletion
Q15723-3,Q15723,0.315107715,86.86868687,2,79,substitution
Q9UBV4-2,Q9UBV4,0.941537226,89.12466844,2,32,substitution
O76083-13,O76083,0.646454503,88.02698145,2,73,substitution
P13688-10,P13688,0.813897497,87.64258555,460,526,substitution
P11161-2,P11161,0.279965782,89.49579832,2,51,deletion
P19544-7,P19544,0.339859929,86.01532567,,,insertion
Q15485-2,Q15485,0.817083894,87.85942492,34,71,deletion
Q86WB0-3,Q86WB0,0.726870714,85.85657371,341,411,deletion
Q9H3H3-1,Q9H3H3,0.890508481,85.95890411,2,42,deletion
Q9H4X1-2,Q9H4X1,0.381836652,85.40145985,6,25,deletion
Q8N4T4-4,Q8N4T4,0.933609528,89.85074627,301,335,substitution
Q6P4E1-2,Q6P4E1,0.465923389,86.9266055,358,414,substitution
P01116-2,P01116,0.951177611,89.94708995,151,187,substitution
Q9H7B4-3,Q9H7B4,0.924307292,86.21495327,2,60,deletion
Q5JTD0-4,Q5JTD0,0.362665476,86.35547576,2,129,substitution
Q04900-2,Q04900,0.336116198,89.0,175,197,substitution
Q9ULP0-3,Q9ULP0,0.817868445,86.23376623,2,302,substitution
Q8WW22-3,Q8WW22,0.861400893,88.80597015,2,44,substitution
Q8NG50-2,Q8NG50,0.747190505,86.94158076,2,32,substitution
Q8NCT3-3,Q8NCT3,0.573306505,88.65384615,2,59,substitution
Q9H5I1-2,Q9H5I1,0.917053586,85.36585366,2,61,deletion
O60256-2,O60256,0.830663784,89.1598916,41,80,deletion
P37268-5,P37268,0.879120318,89.6882494,128,170,deletion
Q96FL9-3,Q96FL9,0.848944249,87.84722222,44,99,substitution
Q5QGZ9-4,Q5QGZ9,0.864354615,87.16981132,31,64,substitution
Q06609-4,Q06609,0.921507909,86.32478632,76,114,substitution
Q2TBC4-3,Q2TBC4,0.681750578,88.80208333,3,3,substitution
P04899-3,P04899,0.946842201,89.01408451,2,39,substitution
Q9ULV4-3,Q9ULV4,0.85031662,89.943074,,,insertion
Q6A555-2,Q6A555,0.712633708,85.03937008,108,127,substitution
Q8TDQ7-5,Q8TDQ7,0.931550648,87.68115942,43,76,deletion
Q8N8E2-2,Q8N8E2,0.350394944,88.53974122,2,63,deletion
Q13424-2,Q13424,0.529038549,85.14851485,255,329,deletion
Q96FT9-2,Q96FT9,0.390517081,85.98130841,72,98,substitution
Q99640-2,Q99640,0.725504929,89.57915832,439,498,substitution
Q9H4Y5-3,Q9H4Y5,0.937364286,88.47736626,2,29,deletion
Q9UHX1-4,Q9UHX1,0.436116068,89.26654741,2,116,substitution
P07951-2,P07951,0.90538686,87.32394366,189,283,substitution
P15529-4,P15529,0.718369594,86.66666667,286,392,substitution
P22307-4,P22307,0.668260121,85.19195612,2,82,deletion
Q9NW81-5,Q9NW81,0.63257136,89.49416342,73,99,deletion
P15336-4,P15336,0.33078247,86.44400786,2,66,substitution
Q8TBY0-3,Q8TBY0,0.801593971,87.99249531,469,533,substitution
Q8N126-3,Q8N126,0.430839806,88.19095477,185,231,substitution
Q9UKT9-8,Q9UKT9,0.312292731,85.65815324,21,236,substitution
Q96J77-3,Q96J77,0.619697517,88.57142857,124,140,substitution
P08243-3,P08243,0.917277492,85.20499109,2,84,deletion
Q9NZI2-5,Q9NZI2,0.795451028,85.71428571,22,96,substitution
Q8N8Q1-3,Q8N8Q1,0.890343221,87.64940239,50,62,substitution
Q92731-6,Q92731,0.668671211,88.30188679,469,530,substitution
Q96LC9-2,Q96LC9,0.314034381,88.58695652,131,151,deletion
Q93038-9,Q93038,0.402459336,89.20863309,54,98,deletion
Q9BZB8-2,Q9BZB8,0.604603504,86.74911661,2,76,deletion
Q9UJT1-5,Q9UJT1,0.8368129,86.75496689,359,420,substitution
O75398-4,O75398,0.386851103,87.96460177,2,69,deletion
Q15008-3,Q15008,0.890657499,89.71722365,10,49,substitution
Q8N149-3,Q8N149,0.886894928,87.57763975,13,483,substitution
Q9NZ09-2,Q9NZ09,0.261540748,87.84860558,362,422,deletion
Q8WV16-3,Q8WV16,0.802118133,87.5,118,269,substitution
Q6UW02-2,Q6UW02,0.91680356,89.24731183,201,251,substitution
O43493-4,O43493,0.242228323,86.72768879,252,309,deletion
Q6UXI9-2,Q6UXI9,0.314736594,89.55752212,387,564,substitution
P41223-2,P41223,0.903314792,87.91946309,129,144,substitution
O60729-5,O60729,0.879502044,87.45098039,2,53,substitution
O95793-2,O95793,0.516007173,85.96187175,2,82,deletion
Q9NQ31-3,Q9NQ31,0.321225667,87.14285714,75,101,deletion
Q13555-10,Q13555,0.64952923,88.53046595,331,425,substitution
Q8NE31-4,Q8NE31,0.250053922,85.81196581,2,84,deletion
A0PJY2-2,A0PJY2,0.478461088,89.47368421,144,193,deletion
Q9NXG6-3,Q9NXG6,0.735679542,89.1651865,,,insertion
Q13277-2,Q13277,0.780657961,87.19723183,226,262,deletion
O95864-3,O95864,0.92880917,86.71171171,386,444,substitution
P07098-4,P07098,0.879795339,89.46078431,2,107,substitution
P53539-10,P53539,0.350337591,85.50295858,2,50,deletion
P06744-2,P06744,0.93683852,88.77721943,2,162,substitution
Q00613-2,Q00613,0.404306674,86.48148148,462,529,substitution
Q10587-2,Q10587,0.569455299,85.24590164,2,52,substitution
O75602-3,O75602,0.932001358,87.00854701,,,insertion
O43561-2,O43561,0.249654665,88.93129771,114,142,deletion
P32239-2,P32239,0.822656902,86.62790698,,,insertion
Q96NL0-4,Q96NL0,0.532420832,86.04651163,80,385,substitution
P35348-4,P35348,0.703221489,87.47433265,424,466,substitution
Q8NBN3-3,Q8NBN3,0.79310687,87.74774775,3,69,substitution
Q00005-5,Q00005,0.90700619,87.03339882,,,insertion
Q14994-5,Q14994,0.875107457,87.92134831,2,235,substitution
Q15185-4,Q15185,0.759792388,86.875,126,146,deletion
Q9Y2D2-2,Q9Y2D2,0.940915912,88.55585831,,,insertion
Q9BQ16-8,Q9BQ16,0.282711811,89.90825688,64,240,substitution
Q8N878-2,Q8N878,0.671342296,87.06739526,2,71,substitution
Q86SG4-3,Q86SG4,0.352896482,87.20930233,2,23,deletion
O14966-2,O14966,0.848149779,88.1773399,42,65,deletion
Q9NQ60-3,Q9NQ60,0.421435729,89.79591837,97,126,substitution
Q14916-2,Q14916,0.585015501,88.43683084,246,299,deletion
Q9NY65-2,Q9NY65,0.923998301,85.30066815,2,67,deletion
Q03405-3,Q03405,0.783291326,86.26865672,158,203,substitution
P24530-2,P24530,0.824915143,89.11111111,399,442,substitution
Q7Z4H8-2,Q7Z4H8,0.9352845,87.5739645,2,67,substitution
Q9NRW1-2,Q9NRW1,0.793178238,89.90384615,2,23,substitution
Q9H425-3,Q9H425,0.289631167,88.37920489,3,40,deletion
Q8IXM2-3,Q8IXM2,0.594986122,89.0625,172,172,substitution
Q99961-2,Q99961,0.467825623,86.95652174,63,110,deletion
Q96AW1-4,Q96AW1,0.367126666,89.53488372,2,18,deletion
P04075-2,P04075,0.92823201,87.08133971,,,insertion
Q92731-5,Q92731,0.685243672,88.67924528,469,530,substitution
Q5VTY9-3,Q5VTY9,0.964532407,88.25757576,465,493,substitution
Q9UMX9-4,Q9UMX9,0.718661047,85.55347092,457,530,substitution
Q8TCT7-4,Q8TCT7,0.873960852,85.04201681,506,592,substitution
B6A8C7-2,B6A8C7,0.83624179,89.00343643,2,12,substitution
Q9H0I3-2,Q9H0I3,0.55456241,85.67639257,77,130,deletion
Q14188-4,Q14188,0.457613798,86.32286996,2,62,deletion
O43251-6,O43251,0.345110168,86.66666667,,,insertion
Q8N6T0-5,Q8N6T0,0.718249817,85.98726115,3,390,substitution
P06748-3,P06748,0.63302068,87.41496599,258,294,substitution
Q96E66-6,Q96E66,0.9052756,86.97916667,2,27,substitution
Q8TCT9-2,Q8TCT9,0.836503325,88.49765258,,,insertion
P32241-2,P32241,0.860628381,89.63414634,2,32,substitution
Q13286-2,Q13286,0.799641616,89.04109589,178,225,deletion
Q9HAC7-2,Q9HAC7,0.848205027,86.62420382,120,363,substitution
P24557-4,P24557,0.90194679,85.36585366,456,533,substitution
Q15417-2,Q15417,0.464491324,87.53799392,2,42,deletion
O15151-5,O15151,0.368747775,89.79591837,225,274,deletion
O15120-2,O15120,0.865494536,88.48920863,165,196,deletion
P08397-3,P08397,0.894360674,88.91966759,218,257,deletion
O95718-1,O95718,0.635314346,85.23622047,,,insertion
Q8TAG5-2,Q8TAG5,0.679035988,88.21138211,213,236,substitution
P09417-2,P09417,0.887782647,87.29508197,36,66,deletion
Q03013-2,Q03013,0.938358804,85.97285068,190,218,substitution
Q9BWP8-4,Q9BWP8,0.656635875,86.34686347,2,43,substitution
Q5T124-8,Q5T124,0.495393155,85.57692308,2,76,deletion
Q14994-6,Q14994,0.890845522,86.70360111,2,274,substitution
Q9BQI0-2,Q9BQI0,0.67209082,85.22727273,,,insertion
Q9HCP0-2,Q9HCP0,0.80767701,87.94326241,370,422,substitution
Q6P1S2-2,Q6P1S2,0.669365244,85.37414966,3,45,deletion
Q13133-2,Q13133,0.484003523,86.57718121,237,296,deletion
O00154-6,O00154,0.931628542,85.26315789,2,57,substitution
Q9NV72-2,Q9NV72,0.435514948,87.57062147,2,67,deletion
Q9BYM8-3,Q9BYM8,0.504205921,89.60784314,2,55,substitution
O60888-3,O60888,0.799041766,87.15083799,2,24,deletion
Q9UHB4-3,Q9UHB4,0.794222047,85.0921273,138,597,substitution
Q2T9K0-6,Q2T9K0,0.567060599,88.06584362,205,439,substitution
O15123-2,O15123,0.682500592,89.51612903,97,148,deletion
Q9NPA1-3,Q9NPA1,0.837238124,89.96539792,2,22,substitution
Q8N1L4-2,Q8N1L4,0.850509895,85.88235294,293,340,deletion
Q9UKR0-2,Q9UKR0,0.939299361,89.05660377,236,248,substitution
Q6PL45-2,Q6PL45,0.735010309,87.69230769,199,230,deletion
P48546-2,P48546,0.876376778,85.92750533,400,466,substitution
O14893-3,O14893,0.88628937,88.57142857,249,280,substitution
Q9NY27-3,Q9NY27,0.358406547,86.57074341,3,58,deletion
Q567V2-2,Q567V2,0.615672547,87.86407767,117,141,deletion
O60701-2,O60701,0.882358366,86.43724696,90,156,deletion
Q96EN9-3,Q96EN9,0.736277913,89.05472637,62,83,deletion
P43115-9,P43115,0.833762276,89.65517241,360,390,substitution
Q96JY6-3,Q96JY6,0.387899844,88.29787234,328,352,substitution
P24557-2,P24557,0.932631153,87.42964353,3,69,deletion
O60259-2,O60259,0.825385816,85.24590164,,,insertion
Q9Y241-2,Q9Y241,0.541772449,86.91588785,,,insertion
P14209-2,P14209,0.442476447,85.40540541,159,185,substitution
Q9UMR7-2,Q9UMR7,0.635935761,85.65400844,67,100,substitution
P49758-10,P49758,0.840658318,87.24279835,286,472,substitution
Q8NHP6-2,Q8NHP6,0.384607192,87.83783784,2,64,deletion
Q9BQ13-2,Q9BQ13,0.924647317,88.23529412,2,31,deletion
Q9UIV8-2,Q9UIV8,0.866261053,86.70076726,206,257,deletion
Q9Y6M1-4,Q9Y6M1,0.764212692,85.73770492,2,113,substitution
O75469-6,O75469,0.564280345,86.65207877,2,210,substitution
O43766-2,O43766,0.7687478,85.75268817,320,372,substitution
Q6P4A7-2,Q6P4A7,0.886587146,89.91097923,85,337,substitution
Q96GN5-5,Q96GN5,0.506775665,89.86784141,56,101,deletion
P20839-7,P20839,0.927278009,87.1024735,2,33,substitution
Q5SZQ8-4,Q5SZQ8,0.605472161,89.24731183,258,307,deletion
Q9UGQ3-2,Q9UGQ3,0.882479369,87.77120316,346,407,deletion
Q9BYE2-3,Q9BYE2,0.791886125,89.28571429,151,586,substitution
Q7LG56-2,Q7LG56,0.813190711,85.18518519,17,68,deletion
Q70Z53-3,Q70Z53,0.43412103,87.73006135,277,314,substitution
Q70IA6-3,Q70IA6,0.841023857,86.19402985,2,6,substitution
Q8TAV0-3,Q8TAV0,0.645301659,89.73607038,49,49,substitution
Q07866-4,Q07866,0.617155098,86.97017268,551,573,substitution
P46937-5,P46937,0.200623677,89.28571429,230,343,substitution
P15538-2,P15538,0.847152669,86.87872763,401,466,deletion
Q6PI97-3,Q6PI97,0.311862035,86.2244898,,,insertion
Q96M98-2,Q96M98,0.778481145,86.82432432,205,243,deletion
Q8IVP9-2,Q8IVP9,0.636201871,86.31840796,346,402,substitution
Q96A99-2,Q96A99,0.636024605,88.53118712,3,47,substitution
Q8NI32-2,Q8NI32,0.574528029,87.43961353,,,insertion
O43174-2,O43174,0.92268571,86.1167002,2,70,deletion
P51854-1,P51854,0.93550654,88.091354,2,466,substitution
P11473-2,P11473,0.777595648,89.51781971,,,insertion
Q15084-2,Q15084,0.742006524,88.43813387,2,6,substitution
Q15038-6,Q15038,0.442959202,86.9047619,65,86,deletion
O95861-4,O95861,0.914859542,88.31168831,76,111,deletion
Q86WB0-2,Q86WB0,0.711927182,89.80392157,2,49,substitution
Q8TDB8-5,Q8TDB8,0.944862183,89.67391304,2,29,substitution
Q9NRC1-4,Q9NRC1,0.791514951,85.7385399,2,585,substitution
Q8IZP0-4,Q8IZP0,0.33173293,88.77952756,274,388,substitution
Q8NCT3-2,Q8NCT3,0.521927442,88.36772983,2,60,substitution
P16562-2,P16562,0.895802782,87.41007194,,,insertion
Q5TC63-3,Q5TC63,0.940152073,86.38888889,308,336,substitution
Q9HBY8-1,Q9HBY8,0.887088741,85.94847775,,,insertion
Q9HCC8-2,Q9HCC8,0.905754971,85.3432282,2,80,deletion
Q8TCT1-3,Q8TCT1,0.899701337,86.53198653,2,15,substitution
P36508-2,P36508,0.498237629,90.35087719,445,499,deletion
P55808-3,P55808,0.270856525,92.30769231,,,insertion
Q8IU85-2,Q8IU85,0.882504404,90.38961039,348,385,substitution
O00587-2,O00587,0.936286652,94.70404984,86,102,substitution
Q7Z7G1-3,Q7Z7G1,0.394097469,91.35514019,147,183,deletion
O60931-2,O60931,0.945393247,90.5,363,367,substitution
P12524-3,P12524,0.36813067,92.3857868,,,insertion
P46597-3,P46597,0.94508363,92.49329759,,,insertion
Q3LXA3-2,Q3LXA3,0.953469462,91.30434783,526,575,substitution
Q5VXD3-2,Q5VXD3,0.732666856,93.44262295,2,10,substitution
Q96CV9-3,Q96CV9,0.483620598,90.12131716,2,58,deletion
P34969-3,P34969,0.786463842,90.18789144,433,479,deletion
P78410-2,P78410,0.727237196,91.91616766,2,28,substitution
Q15036-2,Q15036,0.815339775,94.68085106,22,46,deletion
Q9H2V7-2,Q9H2V7,0.592451121,90.15151515,271,322,deletion
Q08AI6-2,Q08AI6,0.759306528,94.58128079,66,87,deletion
O95243-3,O95243,0.239418518,92.75862069,539,580,substitution
P35372-5,P35372,0.745333014,91.54929577,389,400,substitution
Q96GN5-4,Q96GN5,0.608692165,92.51101322,3,36,deletion
P48728-4,P48728,0.894490251,94.04466501,380,403,substitution
Q7Z7A4-6,Q7Z7A4,0.78552775,94.29065744,35,67,deletion
P36896-4,P36896,0.634763348,92.30769231,271,271,substitution
Q15043-2,Q15043,0.623873126,91.8699187,445,492,substitution
Q13639-7,Q13639,0.943864678,92.5257732,360,388,deletion
Q9BX59-2,Q9BX59,0.807130558,92.12598425,,,insertion
P56282-3,P56282,0.96750175,94.68690702,500,527,substitution
Q9NVH6-5,Q9NVH6,0.85630673,90.26128266,380,421,substitution
Q7L1Q6-3,Q7L1Q6,0.919486564,92.90465632,,,insertion
Q9UQB8-4,Q9UQB8,0.634334822,93.11594203,512,552,substitution
Q96J77-2,Q96J77,0.393224127,90.0,125,140,substitution
P08962-2,P08962,0.830078117,90.33613445,23,45,deletion
P00338-3,P00338,0.953482074,91.966759,,,insertion
Q8TC84-3,Q8TC84,0.672447351,92.99191375,,,insertion
Q8WWB3-2,Q8WWB3,0.72081046,91.30434783,169,177,substitution
O75426-3,O75426,0.779487557,92.7184466,2,12,substitution
Q5VZ19-2,Q5VZ19,0.629933685,92.68292683,342,366,substitution
P36544-2,P36544,0.880280769,94.5386064,,,insertion
Q63ZY6-6,Q63ZY6,0.694291319,92.38095238,145,168,deletion
Q08495-4,Q08495,0.331590392,90.12345679,7,97,substitution
Q9P1W8-2,Q9P1W8,0.927753528,91.47286822,2,34,deletion
P18507-3,P18507,0.831070305,90.48543689,211,211,substitution
Q9BSD3-2,Q9BSD3,0.31563783,94.11764706,44,57,deletion
P05787-2,P05787,0.381813996,94.52054795,,,insertion
Q9BY67-5,Q9BY67,0.700091223,93.66515837,333,360,deletion
Q8WVN8-4,Q8WVN8,0.685009972,90.66666667,95,129,deletion
Q16625-3,Q16625,0.475226486,90.99616858,476,521,substitution
P41235-6,P41235,0.741934837,90.50632911,2,428,substitution
P30307-2,P30307,0.535529846,93.65750529,124,153,deletion
Q8TD07-6,Q8TD07,0.67241626,93.92857143,,,insertion
Q99447-4,Q99447,0.943392297,91.77377892,2,33,deletion
P12532-2,P12532,0.86217576,93.08035714,,,insertion
P43897-2,P43897,0.895141698,93.93063584,,,insertion
P41586-2,P41586,0.93094405,94.35483871,,,insertion
Q13398-4,Q13398,0.612192336,94.41535777,2,30,substitution
Q9P287-3,Q9P287,0.816870791,90.76433121,285,314,substitution
Q13183-3,Q13183,0.938658537,92.35569423,,,insertion
Q9P0N9-2,Q9P0N9,0.870155511,90.78498294,38,64,deletion
P43115-4,P43115,0.913945061,90.47619048,360,390,substitution
P08174-4,P08174,0.764559435,94.75065617,361,381,substitution
P56704-2,P56704,0.912328716,91.42857143,,,insertion
P20839-3,P20839,0.944512826,91.29662522,,,insertion
Q8WYN0-5,Q8WYN0,0.828015035,93.96984925,41,64,deletion
Q495N2-3,Q495N2,0.909915295,91.97651663,,,insertion
Q9HAF1-3,Q9HAF1,0.679703996,94.52736318,178,178,substitution
Q9UNP4-3,Q9UNP4,0.864511644,93.77990431,2,28,substitution
Q15046-2,Q15046,0.941519003,93.29073482,2,21,substitution
O75602-5,O75602,0.951514729,91.10251451,2,39,substitution
Q7Z309-3,Q7Z309,0.301087174,92.85714286,,,insertion
Q99504-5,Q99504,0.69341645,91.97207679,121,166,deletion
Q9BUB5-2,Q9BUB5,0.798331722,91.1827957,165,205,deletion
Q8IWF9-2,Q8IWF9,0.405119236,93.01801802,,,insertion
Q03154-4,Q03154,0.889139159,91.42156863,33,67,deletion
Q13422-7,Q13422,0.271788583,91.90751445,198,239,deletion
P56270-3,P56270,0.522539531,91.73553719,2,34,substitution
O00165-3,O00165,0.346181749,90.68100358,2,27,deletion
Q9NQZ6-5,Q9NQZ6,0.662342271,93.30357143,2,17,substitution
Q5VXU3-2,Q5VXU3,0.565086554,91.07142857,189,208,deletion
P61978-3,P61978,0.449020082,93.75,111,462,substitution
P09493-9,P09493,0.98638832,91.90140845,258,284,substitution
Q8TAV4-2,Q8TAV4,0.93304562,94.50171821,2,16,substitution
Q6FIF0-2,Q6FIF0,0.532667754,94.23076923,52,63,deletion
Q92879-4,Q92879,0.4809275,94.54191033,2,104,substitution
O00141-3,O00141,0.86916668,90.90909091,2,25,substitution
Q9NR56-5,Q9NR56,0.368675273,92.5,270,338,substitution
Q07812-7,Q07812,0.949119615,90.10416667,2,20,deletion
P52594-2,P52594,0.397071159,92.88256228,232,271,deletion
P24071-2,P24071,0.608786113,92.33449477,195,216,deletion
Q13557-10,Q13557,0.889984385,93.17738791,330,499,substitution
Q6URK8-2,Q6URK8,0.26875367,90.93959732,,,insertion
Q9NVZ3-4,Q9NVZ3,0.576089637,90.11406844,6,31,deletion
O43665-2,O43665,0.88450588,90.60773481,2,17,substitution
P78371-2,P78371,0.954599587,91.21495327,2,48,deletion
Q96BN6-2,Q96BN6,0.318576514,90.37800687,334,582,substitution
Q13322-3,Q13322,0.816952785,90.23569024,2,59,deletion
P28039-2,P28039,0.893028409,94.43478261,43,74,deletion
Q9HCN6-2,Q9HCN6,0.624722169,94.69026549,204,221,deletion
Q13508-2,Q13508,0.774259228,94.0874036,324,346,substitution
P25325-2,P25325,0.96488879,93.69085174,,,insertion
Q8WTP8-2,Q8WTP8,0.816931218,90.50445104,304,325,substitution
Q9NZN9-5,Q9NZN9,0.510744681,93.75,215,238,deletion
Q9NQQ7-2,Q9NQQ7,0.817955436,94.24657534,137,157,deletion
Q9UMS0-3,Q9UMS0,0.867250566,90.5511811,2,25,deletion
Q07866-7,Q07866,0.566804733,92.54237288,542,573,substitution
Q08495-2,Q08495,0.235581964,94.56790123,320,341,deletion
Q8IUQ4-2,Q8IUQ4,0.870631451,90.09584665,,,insertion
P24557-3,P24557,0.947339777,92.0552677,,,insertion
Q9NP81-2,Q9NP81,0.929396491,93.79699248,132,155,substitution
O14662-4,O14662,0.635656273,94.76923077,28,44,deletion
Q8NHH9-5,Q8NHH9,0.772184227,93.6535163,2,39,substitution
Q13286-3,Q13286,0.808313198,94.74885845,280,302,substitution
P36402-13,P36402,0.534584817,94.27083333,359,384,substitution
Q9BU64-2,Q9BU64,0.671066779,93.46405229,2,15,substitution
Q14626-2,Q14626,0.700062967,92.41706161,391,422,deletion
O60291-3,O60291,0.721794993,90.12131716,356,552,substitution
Q96NZ9-4,Q96NZ9,0.295020463,94.0397351,80,88,deletion
Q13639-3,Q13639,0.926800329,92.5257732,360,388,substitution
P07992-2,P07992,0.523122101,91.91919192,235,258,deletion
Q13609-2,Q13609,0.907313944,90.16393443,78,107,deletion
B7ZAQ6-3,B7ZAQ6,0.936272562,94.50549451,2,26,deletion
Q96FJ0-2,Q96FJ0,0.837254544,91.32321041,420,436,substitution
Q8N720-3,Q8N720,0.491267334,93.3460076,,,insertion
P49759-3,P49759,0.805433404,92.01520913,,,insertion
P51654-2,P51654,0.683578662,90.68965517,59,112,deletion
Q9BV94-2,Q9BV94,0.888818395,93.59861592,36,72,deletion
O75554-2,O75554,0.344514705,94.41489362,26,46,deletion
Q9NS61-2,Q9NS61,0.776107502,92.96296296,57,75,substitution
P18859-2,P18859,0.692918935,93.10344828,,,insertion
Q15287-2,Q15287,0.57702741,92.13114754,2,24,deletion
P32929-3,P32929,0.934538223,92.09876543,85,116,deletion
P45379-7,P45379,0.812152754,94.96644295,19,33,deletion
Q8TE99-2,Q8TE99,0.914183704,94.375,2,27,substitution
Q9NVH1-3,Q9NVH1,0.502813046,90.69767442,367,418,deletion
P19883-2,P19883,0.95276703,92.15116279,318,344,deletion
P37231-2,P37231,0.773716219,94.45544554,2,29,deletion
P54819-5,P54819,0.874171008,93.30543933,137,239,substitution
Q9Y3D8-2,Q9Y3D8,0.980307232,92.61363636,2,9,substitution
Q96D53-2,Q96D53,0.790626148,92.46323529,123,163,deletion
Q92985-2,Q92985,0.43592744,94.23459245,228,256,deletion
Q00013-2,Q00013,0.91646138,92.70386266,2,34,substitution
Q969K7-2,Q969K7,0.441839046,90.99099099,71,90,deletion
O15156-2,O15156,0.323801981,94.06631763,,,insertion
Q9HAW0-2,Q9HAW0,0.895422856,94.51073986,11,33,deletion
P11413-3,P11413,0.968839301,94.49541284,,,insertion
Q9Y5B8-2,Q9Y5B8,0.947382844,90.42553191,2,37,deletion
Q9NZL9-2,Q9NZL9,0.938396949,93.73134328,2,21,substitution
Q01064-2,Q01064,0.854123124,93.84328358,2,38,substitution
P00750-3,P00750,0.682907139,91.63701068,39,85,substitution
P46098-2,P46098,0.864364554,93.7254902,,,insertion
Q9BYV6-3,Q9BYV6,0.492257557,90.61946903,509,548,substitution
Q9ULZ3-2,Q9ULZ3,0.499492562,90.25641026,93,111,deletion
Q9ULP0-8,Q9ULP0,0.849843695,91.35135135,8,302,substitution
Q8NCQ7-2,Q8NCQ7,0.395774784,91.20879121,27,58,substitution
P18615-4,P18615,0.425596802,92.10526316,137,166,deletion
P13674-3,P13674,0.941414131,94.75655431,361,434,substitution
Q5SSJ5-2,Q5SSJ5,0.624074118,93.1283906,2,39,deletion
Q9BZG1-4,Q9BZG1,0.786521585,91.50579151,51,72,deletion
Q6ZRI8-4,Q6ZRI8,0.809187632,92.5,2,31,substitution
P04085-2,P04085,0.752607226,91.50943396,194,211,substitution
Q8TDW4-6,Q8TDW4,0.773891725,90.25641026,69,575,substitution
P25705-2,P25705,0.952313762,90.95840868,2,51,deletion
Q96D96-4,Q96D96,0.83542405,92.67399267,2,21,deletion
Q86SG4-2,Q86SG4,0.365842399,93.60465116,2,12,substitution
P49758-7,P49758,0.852350549,92.16101695,286,322,deletion
P36402-9,P36402,0.473371149,93.22916667,359,384,substitution
Q13228-4,Q13228,0.957609266,91.63424125,,,insertion
Q9Y3T6-3,Q9Y3T6,0.599602991,90.45454545,104,145,deletion
P62258-2,P62258,0.88166222,91.37254902,2,23,deletion
Q9NQ94-3,Q9NQ94,0.610627723,92.80936455,2,388,substitution
P23560-3,P23560,0.615031918,94.27480916,,,insertion
Q15366-5,Q15366,0.608583409,91.2568306,198,279,substitution
P10827-4,P10827,0.806116466,91.42857143,371,412,deletion
Q8TC84-2,Q8TC84,0.949481762,94.20289855,325,345,substitution
O60729-3,O60729,0.83499292,90.76305221,449,498,substitution
Q8NDH3-4,Q8NDH3,0.94490712,91.08159393,2,50,substitution
Q86XR8-2,Q86XR8,0.50310822,94.8,270,295,deletion
Q9NW81-4,Q9NW81,0.781997971,94.73684211,2,6,substitution
P15509-7,P15509,0.719803905,92.16589862,,,insertion
P27352-2,P27352,0.964633855,93.52517986,3,27,deletion
P43364-2,P43364,0.677464974,91.84149184,2,36,deletion
Q9H4W6-2,Q9H4W6,0.573418661,92.28187919,252,557,substitution
Q9HCC8-3,Q9HCC8,0.946278547,91.3559322,,,insertion
P61244-2,P61244,0.80835419,94.375,13,21,deletion
P43115-8,P43115,0.842872879,91.02244389,360,390,substitution
Q6P4F1-2,Q6P4F1,0.855771913,91.92307692,27,27,substitution
P13646-3,P13646,0.520097335,90.82969432,416,457,substitution
P34896-2,P34896,0.933573132,91.92546584,274,312,deletion
Q9NR22-2,Q9NR22,0.846956905,92.7680798,2,25,substitution
Q9UHX1-5,Q9UHX1,0.441055919,94.81216458,9,37,deletion
Q05932-3,Q05932,0.93906659,91.48211244,2,51,deletion
P15529-3,P15529,0.701917653,90.37037037,287,392,substitution
P56180-3,P56180,0.876753088,93.10344828,41,78,deletion
Q9UBM8-2,Q9UBM8,0.927503306,94.2800789,,,insertion
O95319-2,O95319,0.567952287,94.16342412,2,358,substitution
Q13868-2,Q13868,0.889778324,91.12627986,143,168,deletion
O60637-2,O60637,0.600412434,90.11857708,86,110,deletion
P50053-2,P50053,0.994538776,90.60402685,72,115,substitution
P78396-3,P78396,0.74272297,90.53763441,2,45,deletion
Q8TDQ7-3,Q8TDQ7,0.954401892,93.47826087,258,276,substitution
P42679-2,P42679,0.872622684,94.00386847,2,24,substitution
P35372-9,P35372,0.78335183,94.04761905,389,400,substitution
Q6GTX8-2,Q6GTX8,0.485903914,94.07665505,122,138,deletion
Q15390-2,Q15390,0.252370998,90.09009009,23,55,deletion
Q96S66-2,Q96S66,0.415682348,90.92558984,114,163,deletion
Q53G59-2,Q53G59,0.92355101,93.72937294,,,insertion
O95258-3,O95258,0.837343113,90.4494382,23,198,substitution
O75618-2,O75618,0.65604861,91.09195402,194,194,substitution
Q96HH9-4,Q96HH9,0.413178369,94.67592593,2,28,substitution
Q6ZSJ9-2,Q6ZSJ9,0.357867945,93.98496241,,,insertion
Q9NSN8-2,Q9NSN8,0.875175388,92.84332689,429,465,deletion
Q9BW66-3,Q9BW66,0.866771195,92.07048458,2,3,substitution
Q86YT5-2,Q86YT5,0.892561346,91.90140845,480,525,deletion
Q9NXR7-3,Q9NXR7,0.859132722,94.77806789,363,383,substitution
Q9BY32-2,Q9BY32,0.899847775,91.2371134,7,23,deletion
P15509-2,P15509,0.773092157,92.21411192,376,400,substitution
Q8N8C0-2,Q8N8C0,0.416140606,92.11267606,328,355,deletion
P55327-6,P55327,0.418103914,90.68825911,,,insertion
Q9BW60-2,Q9BW60,0.596715769,90.32258065,80,106,deletion
Q12857-2,Q12857,0.593421492,93.38521401,474,509,substitution
Q13426-3,Q13426,0.761066649,90.17857143,298,336,substitution
Q9UF11-3,Q9UF11,0.557179438,92.18106996,2,20,deletion
P11413-2,P11413,0.954900793,91.80035651,,,insertion
Q92769-3,Q92769,0.830459595,93.85245902,2,31,deletion
Q96FL9-2,Q96FL9,0.889058931,94.02173913,100,132,deletion
Q9Y230-2,Q9Y230,0.927818141,90.28077754,2,46,deletion
Q6STE5-2,Q6STE5,0.863985463,93.2790224,2,26,substitution
Q9NVA1-4,Q9NVA1,0.670492664,90.96989967,109,135,deletion
P21554-3,P21554,0.724297265,93.00847458,22,54,deletion
P09912-3,P09912,0.627007514,94.20289855,,,insertion
Q6PI26-2,Q6PI26,0.673546251,90.15280136,2,48,substitution
Q0VAA5-2,Q0VAA5,0.898422536,91.48264984,289,303,substitution
Q5T9G4-2,Q5T9G4,0.782646413,92.64305177,,,insertion
Q02750-2,Q02750,0.890412865,93.38422392,147,172,deletion
Q8TAV0-2,Q8TAV0,0.595566258,90.55374593,172,200,deletion
Q07812-8,Q07812,0.843160958,93.22916667,159,171,deletion
O75553-4,O75553,0.367150424,91.32653061,187,274,substitution
Q2KHT4-3,Q2KHT4,0.753184799,93.40974212,109,131,deletion
Q9UQB8-3,Q9UQB8,0.541937259,92.75362319,513,552,deletion
Q9Y606-2,Q9Y606,0.937022047,93.44262295,2,29,deletion
Q92731-4,Q92731,0.674695098,90.56603774,470,530,substitution
P56817-3,P56817,0.770031136,91.21756487,146,189,deletion
P78310-6,P78310,0.81344204,93.69863014,340,364,substitution
Q9NVA2-2,Q9NVA2,0.905494077,94.18344519,2,9,substitution
Q9NWK9-2,Q9NWK9,0.593344127,91.70212766,82,120,deletion
P51157-2,P51157,0.901209091,91.85520362,193,219,substitution
Q07666-3,Q07666,0.312562415,91.19638826,170,208,deletion
Q13362-3,Q13362,0.873753328,92.55725191,443,481,deletion
Q00005-3,Q00005,0.939758578,92.57641921,2,21,substitution
P09493-6,P09493,0.859954815,90.49295775,41,80,substitution
Q32M92-2,Q32M92,0.394076922,92.69662921,166,178,deletion
Q5JVF3-3,Q5JVF3,0.95432055,94.23558897,94,116,deletion
P30304-2,P30304,0.478649219,92.36641221,144,183,deletion
Q9H9C1-2,Q9H9C1,0.727017879,90.06085193,67,115,deletion
Q99832-3,Q99832,0.934667415,91.89686924,2,45,deletion
P41227-2,P41227,0.75231611,93.19148936,114,129,substitution
Q8WUB8-3,Q8WUB8,0.38881188,90.562249,2,48,deletion
Q06413-3,Q06413,0.435803213,93.2346723,368,399,deletion
Q9UNE0-2,Q9UNE0,0.676528967,93.33333333,,,insertion
Q7Z6B0-3,Q7Z6B0,0.595989763,91.83673469,219,254,deletion
Q9UJ68-5,Q9UJ68,0.951244334,90.63829787,2,23,deletion
Q9BXM9-2,Q9BXM9,0.894034877,93.20754717,6,37,deletion
Q5DX21-3,Q5DX21,0.475779203,90.57471264,2,235,substitution
P0CAP1-3,P0CAP1,0.537019234,93.34763948,108,138,deletion
Q8NFU3-4,Q8NFU3,0.939083845,94.26229508,,,insertion
Q9UHC3-3,Q9UHC3,0.899330888,93.80692168,506,531,substitution
P62899-2,P62899,0.887081969,92.1875,116,125,substitution
Q9BXI9-1,Q9BXI9,0.661869645,93.16546763,2,20,deletion
Q13291-3,Q13291,0.647317484,91.04477612,234,263,deletion
Q9NZN8-5,Q9NZN8,0.489883181,90.74074074,234,283,deletion
Q8NFH5-2,Q8NFH5,0.48365166,94.78527607,2,18,deletion
Q01534-2,Q01534,0.680340015,90.58441558,275,308,substitution
Q8N371-3,Q8N371,0.937573282,91.62995595,,,insertion
Q13555-9,Q13555,0.834809673,93.82716049,331,397,substitution
Q96PM9-1,Q96PM9,0.402891799,94.81865285,2,21,deletion
Q9UPM6-3,Q9UPM6,0.57743781,92.60204082,,,insertion
P78310-2,P78310,0.811007019,93.15068493,340,365,substitution
Q9NRM0-2,Q9NRM0,0.952736913,91.49722736,2,50,substitution
Q8IZJ4-2,Q8IZJ4,0.604981833,93.90243902,461,473,substitution
Q9NPH2-3,Q9NPH2,0.815631439,90.32258065,41,94,deletion
Q5MJ70-1,Q5MJ70,0.764362164,90.41533546,284,313,substitution
Q9ULV8-2,Q9ULV8,0.794158398,90.29535865,262,307,deletion
P49023-2,P49023,0.645130695,94.24703892,278,311,deletion
P24462-2,P24462,0.958347496,93.27102804,500,503,substitution
Q8N5H3-1,Q8N5H3,0.396522478,93.12169312,98,110,deletion
Q8IWD4-3,Q8IWD4,0.302981036,93.5483871,63,80,deletion
Q13304-2,Q13304,0.900491775,92.37057221,2,29,deletion
Q9NWM0-2,Q9NWM0,0.891750715,90.45045045,283,335,deletion
P78539-2,P78539,0.905088861,90.21276596,2,52,substitution
P13861-2,P13861,0.794433155,94.55445545,292,313,deletion
A8MV23-2,A8MV23,0.958625309,93.39622642,392,424,substitution
P21128-2,P21128,0.791231801,90.0,19,59,deletion
Q99502-2,Q99502,0.544429456,93.24324324,2,41,substitution
Q16875-3,Q16875,0.834281986,94.82758621,3,26,substitution
P61077-3,P61077,0.991343397,94.63087248,2,7,substitution
P61812-2,P61812,0.907850424,93.43891403,116,116,substitution
Q8IYA8-2,Q8IYA8,0.398162384,90.18003273,2,117,substitution
Q13231-3,Q13231,0.751464281,93.77682403,344,372,deletion
P40126-2,P40126,0.90088452,94.02173913,,,insertion
Q68CJ9-2,Q68CJ9,0.527587731,99.78308026,53,53,deletion
Q9BS86-2,Q9BS86,0.901059356,99.71509972,112,112,deletion
Q96LA6-2,Q96LA6,0.842526353,99.76689977,396,396,deletion
Q14168-2,Q14168,0.669622884,95.83333333,51,74,deletion
P07492-3,P07492,0.386756391,95.27027027,128,134,deletion
Q96A83-2,Q96A83,0.296805706,99.54648526,94,95,deletion
O00421-2,O00421,0.878153217,96.62921348,,,insertion
P0C7I6-7,P0C7I6,0.626109532,97.97979798,2,6,substitution
Q9BUL5-4,Q9BUL5,0.359511321,97.51861042,2,11,substitution
Q8N149-2,Q8N149,0.88168559,96.27329193,419,436,substitution
P56282-2,P56282,0.823096134,95.06641366,83,108,deletion
A5PLN9-5,A5PLN9,0.923429103,99.76076555,,,insertion
Q16656-4,Q16656,0.294537568,96.36015326,,,insertion
Q6ZWL3-2,Q6ZWL3,0.888091416,95.80952381,42,63,deletion
P10619-2,P10619,0.976858519,96.45833333,103,119,deletion
Q9Y694-2,Q9Y694,0.990918384,99.6350365,132,133,deletion
Q8WWR8-3,Q8WWR8,0.847801492,97.38430584,,,insertion
Q9UHI7-2,Q9UHI7,0.945624384,99.33554817,,,insertion
Q66PJ3-2,Q66PJ3,0.222731186,98.09976247,2,61,substitution
Q969K3-2,Q969K3,0.42805924,99.46380697,,,insertion
Q7L5Y6-2,Q7L5Y6,0.987148477,98.03921569,,,insertion
P41586-3,P41586,0.950218615,95.51282051,89,109,deletion
Q6UX01-3,Q6UX01,0.932063078,95.91002045,337,356,deletion
P08243-2,P08243,0.976288361,96.25668449,2,22,deletion
Q05084-3,Q05084,0.743337673,99.79296066,7,7,deletion
Q93038-2,Q93038,0.672297873,99.76076555,,,insertion
Q06330-6,Q06330,0.955908592,96.2,2,20,substitution
Q8N1S5-2,Q8N1S5,0.896040601,97.95321637,144,150,deletion
Q96CW1-2,Q96CW1,0.985304662,99.54022989,142,143,deletion
Q9GZU7-2,Q9GZU7,0.831641271,99.61685824,73,73,deletion
P08621-2,P08621,0.587666675,97.94050343,223,231,deletion
Q5JTD0-2,Q5JTD0,0.476385307,98.20466786,120,129,deletion
P48730-2,P48730,0.906737969,95.48693587,400,415,substitution
Q16653-5,Q16653,0.930047559,96.06299213,244,247,substitution
Q6P1Q0-7,Q6P1Q0,0.795694788,96.51474531,,,insertion
Q8N6F7-2,Q8N6F7,0.412460052,98.88888889,,,insertion
P15391-2,P15391,0.608048987,99.82046679,,,insertion
Q9UNL4-2,Q9UNL4,0.792385659,99.19678715,131,132,substitution
A6NM10-2,A6NM10,0.841727342,96.09120521,,,insertion
O60664-3,O60664,0.619698833,99.76958525,321,321,deletion
Q96MU8-2,Q96MU8,0.708164651,95.73170732,31,473,substitution
P57082-2,P57082,0.49877357,99.81684982,,,insertion
Q7Z5B4-5,Q7Z5B4,0.316245402,99.72899729,174,174,deletion
Q16270-2,Q16270,0.86484604,98.22695035,278,282,substitution
Q68G74-2,Q68G74,0.654934753,97.19101124,2,11,deletion
Q9Y282-3,Q9Y282,0.949972431,98.71134021,,,insertion
Q9Y3F4-2,Q9Y3F4,0.86398336,96.41873278,,,insertion
Q8IY95-2,Q8IY95,0.675687365,96.67896679,2,9,substitution
P25705-3,P25705,0.89822389,96.02169982,140,161,deletion
P41221-2,P41221,0.957315226,96.05263158,2,16,deletion
Q15599-2,Q15599,0.807746389,96.73590504,286,296,deletion
P51674-3,P51674,0.960254462,95.68345324,2,12,deletion
O75914-4,O75914,0.900882034,96.64902998,93,107,substitution
P35372-6,P35372,0.811211366,96.2962963,389,400,substitution
Q6PEZ8-3,Q6PEZ8,0.868394848,98.6328125,,,insertion
Q9P2U7-3,Q9P2U7,0.893883712,96.78571429,2,21,substitution
P22694-5,P22694,0.992578312,96.05633803,2,14,substitution
Q13557-6,Q13557,0.657832309,97.27095517,,,insertion
Q86U42-2,Q86U42,0.451083486,96.07843137,295,306,substitution
Q92985-4,Q92985,0.481766999,96.70542636,2,6,substitution
Q9BYW1-4,Q9BYW1,0.968104522,97.42063492,2,7,substitution
Q96EU6-2,Q96EU6,0.561172951,97.68339768,18,23,deletion
Q9NYK6-3,Q9NYK6,0.356405376,99.66329966,243,243,deletion
Q9UNL4-6,Q9UNL4,0.869497875,99.59839357,131,131,deletion
Q14982-4,Q14982,0.701752183,97.45762712,,,insertion
Q9GZT3-2,Q9GZT3,0.825419323,98.16513761,90,91,deletion
O14681-3,O14681,0.911751749,95.88235294,15,28,deletion
Q11206-6,Q11206,0.89448795,96.6966967,2,34,substitution
Q14919-2,Q14919,0.635573552,96.68246445,111,111,substitution
P08631-2,P08631,0.970879399,96.00760456,3,23,deletion
Q9Y2I8-2,Q9Y2I8,0.73261391,99.7979798,,,insertion
Q8NCE0-2,Q8NCE0,0.744789065,96.34408602,304,320,deletion
Q969S2-2,Q969S2,0.846597145,95.18072289,81,96,deletion
Q8N0Y2-2,Q8N0Y2,0.423592485,99.6941896,136,136,deletion
Q6XQN6-3,Q6XQN6,0.974735643,97.58364312,470,482,deletion
O43463-2,O43463,0.927916235,96.45390071,2,6,substitution
Q9BRR6-2,Q9BRR6,0.904990552,99.79879276,314,314,deletion
P04062-2,P04062,0.974611019,96.26865672,2,21,deletion
Q03933-2,Q03933,0.606047312,96.64179104,393,410,deletion
Q9BW83-2,Q9BW83,0.974338927,99.46236559,12,12,deletion
O43684-2,O43684,0.994702375,99.08536585,326,327,deletion
P29350-3,P29350,0.928064027,99.32998325,2,3,substitution
Q93086-1,Q93086,0.850952568,99.52606635,205,349,substitution
Q7Z6J6-2,Q7Z6J6,0.749610457,97.36842105,81,95,deletion
P05121-2,P05121,0.931195588,96.26865672,33,47,deletion
Q08209-2,Q08209,0.833415121,98.0806142,448,457,deletion
P35372-8,P35372,0.842418316,97.25,389,400,substitution
Q9BRT8-3,Q9BRT8,0.826698766,95.18987342,236,254,deletion
P45880-2,P45880,0.979378277,96.2585034,2,12,deletion
Q9BYE2-6,Q9BYE2,0.794905189,95.40816327,560,586,substitution
Q13324-7,Q13324,0.827783768,99.756691,106,106,deletion
Q9Y6F8-2,Q9Y6F8,0.52548769,95.16994633,532,540,substitution
Q5R372-4,Q5R372,0.561299844,98.1595092,478,492,deletion
Q86Y33-2,Q86Y33,0.670794002,99.22928709,484,487,deletion
Q8N145-2,Q8N145,0.888116685,95.62043796,118,141,deletion
P32121-3,P32121,0.890457088,97.14964371,,,insertion
P85299-3,P85299,0.602044852,97.68041237,2,10,deletion
O43914-2,O43914,0.570329172,99.11504425,78,78,deletion
Q96NX9-2,Q96NX9,0.531101219,95.15859766,163,598,substitution
Q8NA72-3,Q8NA72,0.536851408,95.13043478,2,28,substitution
Q9Y570-4,Q9Y570,0.880173392,96.5,,,insertion
Q8NA23-2,Q8NA23,0.87826253,99.72752044,40,40,deletion
P58872-3,P58872,0.793807345,98.01980198,38,45,deletion
Q8N2K0-2,Q8N2K0,0.864718401,96.28712871,387,398,substitution
Q99836-6,Q99836,0.738932905,97.36842105,,,insertion
P55001-2,P55001,0.625217888,99.45355191,13,13,deletion
Q8NC51-3,Q8NC51,0.411304086,96.32352941,233,247,deletion
Q9UHB4-2,Q9UHB4,0.988734648,98.51485149,,,insertion
Q9BQG2-2,Q9BQG2,0.807726408,96.1038961,52,69,deletion
Q06330-4,Q06330,0.919217562,95.62624254,2,20,substitution
O75914-3,O75914,0.774610468,96.37931034,,,insertion
P35520-2,P35520,0.681299949,97.34513274,518,518,substitution
Q9NXR7-4,Q9NXR7,0.961103006,95.03916449,364,383,substitution
Q13131-2,Q13131,0.871551363,97.38675958,,,insertion
Q9UHK6-5,Q9UHK6,0.978661859,95.68527919,378,382,substitution
O60663-3,O60663,0.683848986,95.64164649,296,350,substitution
P32121-5,P32121,0.855661077,96.33251834,39,53,deletion
P10155-5,P10155,0.986061974,95.19408503,515,538,substitution
Q9UKA9-4,Q9UKA9,0.678079334,99.06716418,,,insertion
P07602-2,P07602,0.580180697,99.61977186,,,insertion
P05089-2,P05089,0.984789702,97.57575758,,,insertion
Q8TC17-2,Q8TC17,0.89302191,97.45762712,100,102,substitution
Q9HB55-2,Q9HB55,0.990421588,99.8015873,,,insertion
Q5NUL3-1,Q5NUL3,0.899206888,95.75596817,,,insertion
P34897-3,P34897,0.957167088,95.83333333,2,22,deletion
O15444-3,O15444,0.534082203,99.33333333,109,109,deletion
P82912-2,P82912,0.705330215,99.48453608,23,23,deletion
O75354-3,O75354,0.868897363,99.79338843,19,19,deletion
P19544-2,P19544,0.346948068,95.54565702,250,410,substitution
P53990-4,P53990,0.585099772,99.45355191,,,insertion
Q92952-2,Q92952,0.864439449,96.79144385,,,insertion
Q9UNW8-3,Q9UNW8,0.856348944,97.10526316,2,11,substitution
Q96PU8-3,Q96PU8,0.664428646,97.65395894,213,220,deletion
Q12933-4,Q12933,0.67561154,95.00998004,177,201,deletion
Q13163-2,Q13163,0.679745798,97.76785714,349,358,deletion
P50549-2,P50549,0.332137248,96.01677149,61,79,substitution
Q9ULP9-2,Q9ULP9,0.627417521,98.92665474,322,327,deletion
O94864-2,O94864,0.600870099,99.03381643,2,4,substitution
Q9UI30-2,Q9UI30,0.941101448,96.0,61,65,deletion
Q15165-1,Q15165,0.999334537,97.17514124,3,16,substitution
P01135-4,P01135,0.796468804,96.93251534,159,160,substitution
P49802-3,P49802,0.953090886,96.36363636,454,471,deletion
Q96L92-3,Q96L92,0.884745847,97.22735675,527,541,substitution
Q8TBX8-3,Q8TBX8,0.880512011,95.72446556,84,101,deletion
O43251-2,O43251,0.376033826,95.39641944,2,94,substitution
Q9Y4P8-6,Q9Y4P8,0.848695882,97.57709251,407,417,deletion
Q8TAX9-3,Q8TAX9,0.864595422,96.10705596,221,234,substitution
Q9UHW5-2,Q9UHW5,0.939466876,96.59863946,,,insertion
Q6XE24-4,Q6XE24,0.505992868,96.10983982,351,437,substitution
Q6X4W1-3,Q6X4W1,0.443632904,95.66037736,238,260,deletion
Q9UKA8-2,Q9UKA8,0.426350426,95.85062241,124,133,deletion
P43004-3,P43004,0.89137642,95.01718213,553,574,substitution
P32297-1,P32297,0.856611293,99.00990099,2,6,substitution
Q92629-2,Q92629,0.837843503,99.65517241,,,insertion
Q9NTX5-2,Q9NTX5,0.936710072,98.04560261,3,8,deletion
P13378-2,P13378,0.436225619,99.65517241,194,194,deletion
Q8IW41-2,Q8IW41,0.804886712,99.57716702,407,408,deletion
Q9Y5J3-2,Q9Y5J3,0.773308697,98.7012987,,,insertion
P49590-2,P49590,0.917659161,95.05928854,37,61,deletion
A0PJK1-2,A0PJK1,0.935926506,95.46979866,187,213,deletion
P45379-10,P45379,0.780219162,98.99328859,201,203,deletion
Q6ZMG9-2,Q6ZMG9,0.87968159,97.95918367,,,insertion
Q6ZQX7-3,Q6ZQX7,0.373688841,95.58498896,220,239,deletion
O00182-6,O00182,0.903427445,96.61971831,181,192,deletion
Q9Y6M0-2,Q9Y6M0,0.902919647,99.36305732,87,88,deletion
P98182-2,P98182,0.523662052,99.74683544,114,114,deletion
Q96MV8-3,Q96MV8,0.970282822,97.32937685,47,55,deletion
Q9UIF7-5,Q9UIF7,0.877751511,95.6043956,2,62,substitution
Q13950-2,Q13950,0.481700422,96.35316699,2,19,substitution
Q53H76-3,Q53H76,0.916482453,96.49122807,137,152,deletion
P00797-2,P00797,0.960715152,99.26108374,231,233,deletion
Q93086-4,Q93086,0.814543761,97.22222222,328,444,substitution
Q9NYA1-3,Q9NYA1,0.970390815,96.48241206,,,insertion
A0PJK1-4,A0PJK1,0.981057549,97.38562092,,,insertion
O75636-2,O75636,0.734074755,96.32107023,79,89,deletion
Q12805-3,Q12805,0.670406001,99.79716024,58,58,deletion
P45378-2,P45378,0.805448292,95.91078067,23,33,deletion
Q96RD7-2,Q96RD7,0.766780887,99.06103286,401,404,deletion
Q9UJ83-2,Q9UJ83,0.972371507,95.32871972,78,104,deletion
Q9UJ41-4,Q9UJ41,0.74640322,97.22772277,,,insertion
Q9UNH5-5,Q9UNH5,0.768368175,95.91503268,586,594,substitution
Q63HM1-2,Q63HM1,0.975026788,98.37662338,,,insertion
Q9BWP8-10,Q9BWP8,0.616341257,95.0877193,,,insertion
P05166-2,P05166,0.972284033,96.42218247,,,insertion
Q5T4F4-3,Q5T4F4,0.580499698,98.79807692,,,insertion
Q4U2R8-2,Q4U2R8,0.949443458,97.69094139,523,535,deletion
Q8TBC4-2,Q8TBC4,0.953521211,96.9762419,8,21,deletion
Q9Y694-3,Q9Y694,0.976966958,96.00725953,132,548,substitution
O60858-3,O60858,0.470485469,99.26829268,,,insertion
P57721-4,P57721,0.641926117,99.73045822,240,240,deletion
P07098-3,P07098,0.963067851,97.54901961,,,insertion
O43602-2,O43602,0.539712081,98.63013699,311,315,deletion
Q8TAA9-2,Q8TAA9,0.865517327,99.61832061,67,68,deletion
Q9UQB8-2,Q9UQB8,0.539952742,95.66787004,529,552,substitution
P24071-10,P24071,0.724778147,95.81881533,12,23,deletion
Q7Z692-3,Q7Z692,0.49750685,99.66666667,283,283,deletion
P17022-2,P17022,0.31455153,99.81785064,251,251,deletion
P07948-2,P07948,0.925976581,95.8984375,25,45,deletion
P62195-2,P62195,0.939868458,98.02955665,2,9,deletion
P25788-2,P25788,0.974014659,97.25490196,136,142,deletion
O43670-4,O43670,0.361905934,96.7611336,,,insertion
Q9UL41-2,Q9UL41,0.45889431,95.03239741,436,463,substitution
Q15173-2,Q15173,0.928349165,97.18309859,2,19,substitution
O76083-15,O76083,0.631552658,95.61551433,48,73,deletion
Q9BU40-5,Q9BU40,0.298085739,99.78118162,,,insertion
Q9ULC4-3,Q9ULC4,0.987519308,98.35164835,2,4,substitution
P38567-2,P38567,0.915391713,97.26027397,496,509,substitution
O95196-2,O95196,0.328412788,95.22968198,487,513,deletion
P49918-2,P49918,0.434469551,96.51898734,2,12,deletion
Q86X24-2,Q86X24,0.574671223,98.22335025,94,100,deletion
Q86VE9-2,Q86VE9,0.978635723,99.05437352,413,416,substitution
Q9H019-3,Q9H019,0.306591763,95.89041096,151,162,deletion
Q99873-3,Q99873,0.919172704,95.14824798,13,30,deletion
Q9UMY4-3,Q9UMY4,0.84319352,97.5308642,52,55,deletion
P78314-3,P78314,0.536583658,95.24617997,,,insertion
P45378-6,P45378,0.383263021,95.16728625,36,48,deletion
Q8TAX9-6,Q8TAX9,0.958038993,98.78345499,234,242,deletion
Q9BVL2-3,Q9BVL2,0.611122477,97.9966611,85,96,deletion
Q96G74-5,Q96G74,0.463939334,99.12434326,304,308,deletion
Q9Y5Q8-3,Q9Y5Q8,0.75990853,98.66920152,,,insertion
Q04206-2,Q04206,0.652750353,97.45916515,13,506,substitution
O00167-2,O00167,0.598056493,95.53903346,99,122,deletion
Q14994-8,Q14994,0.944560458,98.59943978,,,insertion
O15379-2,O15379,0.93584308,95.62211982,2,15,substitution
Q8IZ20-2,Q8IZ20,0.362631166,96.18320611,382,401,deletion
P06454-2,P06454,0.5623147,99.0990991,40,40,deletion
Q13952-3,Q13952,0.440876526,95.85152838,277,295,deletion
Q8IUH3-3,Q8IUH3,0.476654202,99.57983193,225,226,deletion
Q96QD5-2,Q96QD5,0.83454288,95.49902153,2,24,substitution
Q96NZ9-3,Q96NZ9,0.282364452,98.68421053,43,43,substitution
P26378-1,P26378,0.667486765,98.18181818,2,7,substitution
P12318-2,P12318,0.709837006,99.68454259,37,37,deletion
P49768-2,P49768,0.839037662,99.14346895,26,29,deletion
P51686-2,P51686,0.972717544,96.74796748,2,13,deletion
P49281-4,P49281,0.888991902,95.14237856,,,insertion
Q14498-2,Q14498,0.37206684,98.86792453,392,397,deletion
Q9HAV5-3,Q9HAV5,0.542875827,99.33110368,,,insertion
Q15366-3,Q15366,0.857481809,98.63387978,169,279,substitution
Q9BVC4-5,Q9BVC4,0.96991637,99.69325153,44,44,deletion
Q9HD26-2,Q9HD26,0.467442312,98.26839827,151,158,deletion
O95238-2,O95238,0.412927143,95.2238806,213,228,deletion
Q9UBW5-3,Q9UBW5,0.485775659,95.22123894,2,27,deletion
Q8WV16-5,Q8WV16,0.895298146,98.38709677,270,335,substitution
Q8TAC9-2,Q8TAC9,0.865935132,96.70781893,,,insertion
Q0D2J5-2,Q0D2J5,0.908133838,98.99244332,,,insertion
Q96JD6-4,Q96JD6,0.955218901,95.625,307,320,substitution
Q6UXI9-6,Q6UXI9,0.355703037,97.0790378,,,insertion
Q9UL33-2,Q9UL33,0.967526721,99.28571429,125,125,deletion
Q8TED0-3,Q8TED0,0.666549048,96.33204633,31,49,deletion
Q86T03-2,Q86T03,0.433565456,97.53521127,,,insertion
Q7Z7C8-2,Q7Z7C8,0.375211662,98.71382637,308,310,substitution
Q9UM11-2,Q9UM11,0.741429567,99.39516129,481,483,deletion
Q13838-2,Q13838,0.958973756,96.61399549,,,insertion
P34910-2,P34910,0.26286434,96.76025918,,,insertion
P48788-2,P48788,0.649445661,97.8021978,2,5,substitution
O76082-3,O76082,0.968689725,95.86919105,,,insertion
P78413-2,P78413,0.244154769,95.2293578,,,insertion
P58335-4,P58335,0.68585552,97.35234216,477,489,substitution
P12081-4,P12081,0.887988723,96.07072692,155,174,deletion
Q16537-2,Q16537,0.922511653,98.71520343,430,435,substitution
O75914-2,O75914,0.860387103,97.31663685,93,107,deletion
Q11206-7,Q11206,0.935874692,95.1951952,2,34,substitution
P15529-11,P15529,0.705683704,96.17346939,287,301,deletion
P49758-3,P49758,0.889465015,96.32653061,,,insertion
Q9BZC1-3,Q9BZC1,0.599652826,99.38271605,150,268,substitution
Q13231-4,Q13231,0.771348546,95.92274678,87,105,deletion
Q14240-2,Q14240,0.952099629,99.75490196,,,insertion
Q9H313-2,Q9H313,0.977582198,99.77827051,,,insertion
Q8N8S7-2,Q8N8S7,0.575122777,96.44670051,514,534,deletion
P56180-2,P56180,0.735628143,96.73321234,41,58,deletion
P46098-3,P46098,0.926109575,95.60669456,2,22,substitution
Q9UQ03-2,Q9UQ03,0.948101664,98.95833333,2,6,deletion
Q06124-1,Q06124,0.959796372,99.32998325,,,insertion
P54687-5,P54687,0.965180413,96.48241206,2,2,substitution
A1A519-2,A1A519,0.624493631,99.6969697,330,330,deletion
O43852-3,O43852,0.866195582,97.52321981,,,insertion
Q15906-2,Q15906,0.436600583,97.06666667,,,insertion
Q9H6J7-2,Q9H6J7,0.887388941,98.21958457,,,insertion
Q9UNZ2-5,Q9UNZ2,0.763440496,99.46236559,,,insertion
O43826-2,O43826,0.964111742,95.12195122,,,insertion
Q5VZI3-3,Q5VZI3,0.930246249,99.70845481,,,insertion
Q5JVF3-2,Q5JVF3,0.994018678,97.25,2,12,substitution
O60711-2,O60711,0.783918695,97.69820972,2,4,substitution
Q86TW2-2,Q86TW2,0.870626377,98.67924528,74,80,deletion
O43236-3,O43236,0.761114781,95.63409563,2,535,substitution
Q9UGV2-2,Q9UGV2,0.865743915,96.8,20,31,deletion
O43739-2,O43739,0.721818176,99.75,277,277,deletion
P22570-2,P22570,0.944302827,98.79275654,,,insertion
Q14CB8-2,Q14CB8,0.814058448,95.16441006,493,494,substitution
Q96LW4-2,Q96LW4,0.652813344,99.82142857,366,366,deletion
P48307-2,P48307,0.863960162,95.31914894,30,40,deletion
P62913-2,P62913,0.992525525,99.43820225,3,3,deletion
Q8WZ73-2,Q8WZ73,0.432958632,97.79614325,296,303,deletion
Q09028-2,Q09028,0.9746369,99.76470588,7,7,deletion
Q96GE9-2,Q96GE9,0.600875061,96.55172414,93,96,deletion
Q9H237-4,Q9H237,0.983908906,97.39696312,229,240,substitution
Q9H2R5-5,Q9H2R5,0.925108895,99.609375,16,16,deletion
Q9NSB8-2,Q9NSB8,0.853720975,96.89265537,130,140,deletion
Q05932-4,Q05932,0.689816351,95.57069847,168,193,deletion
P10155-3,P10155,0.980656432,95.53903346,515,538,substitution
