isoform,length,plddt,class,identity,tm,high_id_low_tm
P30038-2,503.0,98.647833,high,89.34280639,0.946223315,na
P04062-4,449.0,98.42481069,high,83.76865672,0.917707579,na
P04179-4,176.0,98.32596591,high,79.27927928,0.895931441,na
P28161-2,191.0,98.25183246,high,86.69724771,0.934560109,na
P31153-2,299.0,98.22130435,high,75.69620253,0.877997434,na
P04062-3,263.0,98.18475285,high,48.69402985,0.743861465,na
P49419-2,511.0,98.13473581,high,94.80519481,0.972089547,na
Q6P1N9-2,250.0,98.12108,high,84.17508418,0.91988416,na
P45954-2,330.0,97.98193939,high,76.38888889,0.878977346,na
P00325-2,335.0,97.95770149,high,89.33333333,0.946432858,na
O94788-4,422.0,97.92533175,high,81.46718147,0.905552186,na
P15907-2,175.0,97.84611429,high,43.10344828,0.714474318,na
P16930-2,349.0,97.83054441,high,83.29355609,0.916074678,na
Q16775-2,260.0,97.81076923,high,84.41558442,0.918982781,na
Q96DC8-2,172.0,97.77965116,high,56.76567657,0.77261329,na
P43166-2,208.0,97.75144231,high,78.78787879,0.892916836,na
O43708-2,161.0,97.7257764,high,74.53703704,0.871721442,na
P49189-2,424.0,97.70040094,high,85.82995951,0.922856561,na
P50053-2,298.0,97.6964094,high,90.60402685,0.994538776,na
P51857-2,290.0,97.68951724,high,87.73006135,0.935377461,na
P31939-2,591.0,97.65939086,high,98.98648649,0.995273533,na
P23526-2,404.0,97.64821782,high,93.51851852,0.964570014,na
Q9H4Y5-3,215.0,97.56534884,high,88.47736626,0.937364286,na
P13929-2,406.0,97.55630542,high,93.5483871,0.966052386,na
P30044-2,162.0,97.53907407,high,75.70093458,0.876246546,na
Q9Y2T3-2,380.0,97.53665789,high,83.70044053,0.91798422,na
P62937-2,105.0,97.52885714,high,63.63636364,0.81516483,na
P34896-4,345.0,97.50657971,high,71.42857143,0.855479538,na
Q8N4T8-2,179.0,97.50162011,high,75.52742616,0.873212542,na
Q03013-2,195.0,97.50133333,high,85.97285068,0.938358804,na
Q5T013-2,174.0,97.45954023,high,62.81588448,0.810051894,na
P04181-2,301.0,97.42966777,high,68.56492027,0.837788218,na
P36871-3,365.0,97.41419178,high,64.94661922,0.821709006,na
Q9H0W9-2,296.0,97.39141892,high,93.96825397,0.969111988,na
P00367-2,391.0,97.36682864,high,70.07168459,0.84781849,na
Q8TD30-2,423.0,97.30245863,high,80.87954111,0.901140225,na
Q8WY91-2,165.0,97.28624242,high,28.42287695,0.640337631,na
P62879-2,240.0,97.28258333,high,70.58823529,0.850893371,na
P46597-2,298.0,97.26325503,high,86.37681159,0.916164395,na
Q8NCW5-2,185.0,97.25237838,high,64.23611111,0.817847387,na
A2VDF0-2,134.0,97.2480597,high,86.36363636,0.931518789,na
O60547-2,342.0,97.22666667,high,90.86021505,0.958738154,na
Q9NZK5-2,270.0,97.21296296,high,50.9765625,0.762437276,na
Q5T013-3,247.0,97.13093117,high,89.16967509,0.944925943,na
Q9H0R4-2,169.0,97.12698225,high,65.25096525,0.685227222,na
P51452-2,144.0,97.1125,high,77.2972973,0.876767071,na
Q96AT9-5,160.0,97.07975,high,70.1754386,0.82987434,na
P06865-2,168.0,97.07380952,high,31.37996219,0.656242379,na
Q96BJ3-2,141.0,97.01248227,high,46.07843137,0.728333922,na
Q9NQH7-2,428.0,96.96247664,high,84.41814596,0.921741867,na
Q9BV79-2,297.0,96.96245791,high,79.62466488,0.897641116,na
Q13303-4,300.0,96.9602,high,81.74386921,0.907998593,na
Q9Y2S2-2,297.0,96.95861952999999,high,93.10344828,0.96297471,na
Q8TDQ7-3,259.0,96.9572973,high,93.47826087,0.954401892,na
P22694-4,338.0,96.95488166,high,96.01139601,0.97981879,na
P55809-2,123.0,96.95154472,high,23.65384615,0.614917534,na
Q8NBK3-2,284.0,96.94225352,high,75.93582888,0.879235822,na
Q7L5Y1-7,213.0,96.90629108,high,48.08126411,0.725942979,na
P21397-2,394.0,96.88266497,high,74.76280835,0.859694789,na
Q6UWP2-2,181.0,96.86723757,high,69.61538462,0.844883008,na
Q14376-2,274.0,96.82562044,high,77.87356322,0.885244388,na
Q9H0P0-3,285.0,96.81498246,high,84.82142857,0.920856013,na
Q13228-2,408.0,96.81306373,high,86.44067797,0.929316054,na
Q9H0P0-2,286.0,96.80115385,high,85.11904762,0.92223467,na
Q15782-5,311.0,96.76398714,high,79.74358974,0.886771469,na
Q9UDX4-2,341.0,96.76158358,high,85.25,0.92546416,na
O95050-2,262.0,96.75015267,high,99.61977186,0.997081036,na
P35813-2,324.0,96.73651235,high,83.07291667,0.908740825,na
Q9H7B4-2,258.0,96.73651163,high,59.11214953,0.800385797,na
Q9NPJ3-2,117.0,96.72948718,high,81.42857143,0.91340644,na
P11177-2,341.0,96.72369501,high,94.98607242,0.955034085,na
Q14914-2,301.0,96.71754153,high,89.6656535,0.934049173,na
P60174-4,167.0,96.71556886,high,67.06827309,0.830912235,na
P00374-2,135.0,96.71540741,high,72.19251337,0.851119221,na
Q96C11-6,252.0,96.71444444,high,45.73502722,0.727169967,na
Q9BUT1-3,144.0,96.70229167,high,58.7755102,0.782696885,na
Q8TDQ7-4,206.0,96.69427184,high,74.63768116,0.865583015,na
O94760-2,182.0,96.6906044,high,63.85964912,0.814578319,na
Q9H7B4-3,369.0,96.66089431,high,86.21495327,0.924307292,na
Q8TDQ7-2,275.0,96.65934545,high,99.63768116,0.997145339,na
Q92484-2,322.0,96.65881988,high,71.0816777,0.853110564,na
O14775-2,353.0,96.65756374,high,89.36708861,0.944187749,na
P62837-2,118.0,96.63177966,high,80.27210884,0.898046829,na
Q8TE69-2,146.0,96.62657534,high,91.13924051,0.957897289,na
P52209-2,470.0,96.59280851,high,97.30848861,0.983648552,na
Q96C11-4,439.0,96.59241458,high,79.67332123,0.895895906,na
P17612-2,343.0,96.59069971,high,96.01139601,0.987298417,na
P55789-2,125.0,96.55328,high,60.97560976,0.770261394,na
Q9NRG4-2,272.0,96.54904412,high,62.81755196,0.813055965,na
Q7L5Y1-6,262.0,96.54049618,high,59.14221219,0.782777544,na
P61077-2,148.0,96.52081081,high,97.2972973,0.994838595,na
P22694-3,339.0,96.51958702,high,95.44159544,0.982617556,na
Q9P1U1-2,330.0,96.51190909,high,78.94736842,0.884567481,na
P00387-2,278.0,96.5023741,high,92.35880399,0.957037395,na
P40616-2,164.0,96.44384146,high,90.60773481,0.952270501,na
Q96BW5-2,302.0,96.43980132,high,86.53295129,0.928545869,na
P24666-2,158.0,96.43962025,high,87.34177215,0.992466468,na
O95278-8,193.0,96.43756477,high,58.3081571,0.79110223,na
P09104-2,391.0,96.41608696,high,89.86175115,0.947583413,na
P06753-7,158.0,96.40841772,high,48.42105263,0.752564682,na
P09622-2,410.0,96.40690244,high,80.55009823,0.89632162,na
Q96C11-2,246.0,96.38813008,high,44.646098,0.711231643,na
O43684-2,326.0,96.3842638,high,99.08536585,0.994702375,na
Q6PIU2-3,275.0,96.37967273,high,67.40196078,0.832435348,na
Q9H903-1,289.0,96.35605536,high,83.28530259,0.912571604,na
P13929-3,391.0,96.34746803,high,89.86175115,0.949756504,na
Q9BV47-2,86.0,96.33790698,high,40.75829384,0.677991679,na
P49356-2,391.0,96.32132992,high,89.01601831,0.941862308,na
Q9UDX4-3,323.0,96.31829721,high,80.5,0.902836307,na
Q9NUJ1-2,149.0,96.30919463,high,48.69281046,0.736996262,na
Q9NWU5-3,126.0,96.30793651,high,61.16504854,0.795165799,na
Q6QNY1-2,99.0,96.29575758,high,69.71830986,0.814921548,na
Q99643-5,116.0,96.29508621,high,65.0887574,0.836828974,na
P48735-2,400.0,96.28675,high,88.49557522,0.940867944,na
Q15124-2,387.0,96.28395349,high,68.07760141,0.836576312,na
P00558-2,389.0,96.28362468,high,93.2853717,0.963980751,na
P60900-3,167.0,96.27838323,high,67.88617886,0.831127976,na
O94788-3,497.0,96.27293763,high,93.43629344,0.9628393,na
Q9NWU5-2,120.0,96.25966667,high,57.76699029,0.775861626,na
Q6ZS86-3,250.0,96.2522,high,47.25897921,0.730324959,na
P28332-2,375.0,96.24613333,high,97.86666667,0.989445036,na
Q9H310-5,302.0,96.23357616,high,68.48072562,0.838304617,na
P00390-2,479.0,96.22914405,high,91.76245211,0.940092181,na
P15428-4,143.0,96.22524476,high,52.63157895,0.758021628,na
P62873-2,332.0,96.18259036,high,96.19883041,0.981473661,na
P78417-3,213.0,96.17549296,high,88.38174274,0.935477705,na
Q8N5Z0-2,429.0,96.15988345,high,98.83449883,0.980314463,na
O15217-2,129.0,96.14232558,high,58.10810811,0.784535898,na
Q13564-3,445.0,96.13289888,high,83.33333333,0.907893517,na
P14618-2,531.0,96.09024482,high,95.85687382,0.995440133,na
Q8TDH9-3,123.0,96.08861789,high,65.24064171,0.792727812,na
P22061-2,228.0,96.08846491,high,98.68421053,0.994882469,na
Q9Y617-2,324.0,96.07546296,high,87.56756757,0.928410597,na
Q9GZT8-2,350.0,96.0708,high,92.83819629,0.951832293,na
O15382-2,300.0,96.05173333,high,75.25510204,0.879839057,na
Q6PID8-2,299.0,96.05120401,high,67.64705882,0.827528272,na
Q8N8N7-2,180.0,96.049,high,50.14245014,0.744509806,na
P09525-2,237.0,96.03265823,high,74.29467085,0.867620406,na
P42330-2,204.0,96.03034314,high,63.15789474,0.811503894,na
O43414-3,128.0,96.02820313,high,37.98219585,0.680894848,na
Q99807-2,179.0,95.99905028,high,82.48847926,0.910891192,na
P48163-2,497.0,95.99722334,high,86.88811189,0.931493541,na
P04062-2,516.0,95.9605814,high,96.26865672,0.974611019,na
Q9UBQ0-2,186.0,95.95231183,high,97.31182796,0.986047572,na
Q8N4P3-2,140.0,95.94464286,high,76.53631285,0.86976502,na
Q96HA8-2,145.0,95.9422069,high,70.73170732,0.844123939,na
P55263-2,345.0,95.94168116,high,94.19889503,0.975471907,na
Q9UHY7-2,115.0,95.94165217,high,44.06130268,0.707811553,na
P60900-2,227.0,95.93621145,high,91.05691057,0.953874384,na
Q9Y316-2,274.0,95.92587591,high,92.25589226,0.933432325,na
P30711-2,122.0,95.89696721,high,50.83333333,0.744725917,na
Q9HC38-2,298.0,95.89057047,high,89.6875,0.947403526,na
Q9H3H5-2,400.0,95.874375,high,98.03921569,0.989757459,na
Q9HAB8-2,138.0,95.86463768,high,44.37299035,0.70999843,na
O60427-2,360.0,95.86219444,high,81.08108108,0.892817473,na
O95278-7,177.0,95.85909605,high,52.26586103,0.765206886,na
Q12794-3,253.0,95.84541502,high,58.16091954,0.782940307,na
Q8IXK2-2,272.0,95.84433824,high,46.81583477,0.716419346,na
O75191-2,399.0,95.83238095,high,74.44029851,0.870184231,na
Q9P2T1-3,320.0,95.8223125,high,91.95402299,0.952039852,na
Q07020-2,159.0,95.81716981,high,84.04255319,0.920114637,na
P34913-3,489.0,95.80462168,high,88.10810811,0.694930072,na
Q13564-2,528.0,95.77352273,high,97.00374532,0.986990478,na
Q8IXL6-2,252.0,95.76396825,high,43.15068493,0.710069703,na
A2RUC4-2,152.0,95.69710526,high,48.25396825,0.729788777,na
Q8NDN9-2,355.0,95.69208451,high,65.53672316,0.83063222,na
Q9BT22-2,353.0,95.68773371,high,76.07758621,0.878388359,na
Q8IWW8-2,419.0,95.67484487,high,89.72162741,0.946413195,na
Q9GZT6-3,153.0,95.66751634,high,60.23622047,0.588051288,na
P51648-2,508.0,95.66535433,high,94.69548134,0.971278236,na
Q01415-2,447.0,95.64407159,high,96.28820961,0.977752992,na
Q15165-1,354.0,95.63943503,high,97.17514124,0.999334537,na
O15539-2,73.0,95.63027397,high,40.33149171,0.667702695,na
O95620-2,196.0,95.62729592,high,61.829653,0.785248652,na
Q9H3H5-3,301.0,95.62219269,high,73.7745098,0.868279336,na
O75688-5,327.0,95.62116208,high,67.01461378,0.824252582,na
Q08257-2,192.0,95.6046875,high,57.14285714,0.775791825,na
P09488-2,181.0,95.58508287,high,83.02752294,0.900388795,na
Q9ULC4-3,182.0,95.58021978,high,98.35164835,0.987519308,na
Q6YP21-3,420.0,95.57142857,high,92.51101322,0.960412647,na
P19961-2,370.0,95.55405405,high,71.81996086,0.856707606,na
P46779-4,69.0,95.55304348,high,49.6350365,0.732100812,na
O95278-6,88.0,95.54159091,high,26.58610272,0.626780646,na
P68402-3,132.0,95.52742424,high,57.6419214,0.784016079,na
Q9NVH6-7,353.0,95.52300283,high,83.847981,0.918282777,na
P15289-2,423.0,95.51465721,high,83.43195266,0.908857974,na
Q7Z2E3-12,49.0,95.51428571,high,12.64044944,0.552732559,na
P05089-2,330.0,95.51154545,high,97.57575758,0.984789702,na
Q9H0P0-1,297.0,95.51040404,high,85.16320475,0.917565161,na
O75689-3,302.0,95.50397351,high,80.7486631,0.903300676,na
P34949-2,362.0,95.48198895,high,85.3427896,0.917457722,na
Q9NVD3-3,416.0,95.47105769,high,94.31818182,0.966564805,na
Q5T013-4,204.0,95.47058824,high,73.64620939,0.844881634,na
Q03154-4,373.0,95.46817694,high,91.42156863,0.889139159,na
Q96BI3-2,247.0,95.46578947,high,92.45283019,0.949978218,na
P40925-2,245.0,95.45857143,high,73.35329341,0.862255052,na
P30038-3,512.0,95.45400391,high,90.94138544,0.950879953,na
O14933-2,87.0,95.42655172,high,56.8627451,0.731634008,na
P35080-2,140.0,95.42107143,high,93.57142857,0.983624685,na
Q96MX6-2,288.0,95.41381944,high,80.67226891,0.895650877,na
P28074-3,160.0,95.4075625,high,60.8365019,0.792127216,na
O15392-7,74.0,95.40527027,high,51.4084507,0.718891976,na
P15559-3,236.0,95.39627119,high,86.13138686,0.916718951,na
P14324-2,353.0,95.39413598,high,84.24821002,0.912938198,na
Q9BYC5-3,412.0,95.39203883,high,71.65217391,0.857045121,na
Q8N2Z9-3,77.0,95.39051948,high,50.0,0.734830166,na
P51854-4,540.0,95.38524074,high,90.60402685,0.951293558,na
P02774-2,352.0,95.37715909,high,74.26160338,0.870665773,na
P34897-3,483.0,95.37351967,high,95.83333333,0.957167088,na
P22570-4,439.0,95.35920273,high,87.98370672,0.938769767,na
Q13231-2,387.0,95.34116279,high,82.61802575,0.911074938,na
Q9H0W9-4,204.0,95.33411765,high,64.76190476,0.813784473,na
Q9Y471-4,486.0,95.33026749,high,96.00798403,0.960553365,na
Q9Y2Q3-4,183.0,95.3220765,high,80.97345133,0.672592341,na
Q9NQZ6-2,133.0,95.3218797,high,58.92857143,0.756465133,na
P05186-3,469.0,95.31503198,high,89.50381679,0.918078142,na
Q15435-5,221.0,95.27199095,high,59.39226519,0.798672611,na
O00764-3,239.0,95.2641841,high,76.6025641,0.881450389,na
Q9UKU9-2,191.0,95.26356021,high,38.74239351,0.690913358,na
Q9H190-3,207.0,95.2557971,high,70.89041096,0.841719641,na
P04424-2,444.0,95.24869369,high,95.68965517,0.971847392,na
P58499-3,187.0,95.2486631,high,77.87234043,0.864732655,na
Q9H2A2-4,437.0,95.24615561,high,89.73305955,0.941509391,na
Q96KE9-2,410.0,95.23626829,high,84.53608247,0.920545465,na
Q495C1-2,123.0,95.22878049,high,41.07744108,0.57085837,na
Q9HD33-3,140.0,95.21857143,high,56.0,0.770715177,na
O95861-3,253.0,95.21660079,high,82.14285714,0.900010018,na
P53370-2,147.0,95.20979592,high,46.51898734,0.69698584,na
P49189-3,518.0,95.20357143,high,95.36679537,0.976314441,na
Q9BZ23-2,279.0,95.19362007,high,48.94736842,0.731882314,na
Q15800-2,162.0,95.18024691,high,55.29010239,0.767102091,na
Q4JDL3-6,228.0,95.17464912,high,53.57142857,0.768584668,na
P48739-2,272.0,95.15529412,high,97.42647059,0.997165276,na
Q6IPT4-3,167.0,95.14844311,high,53.01587302,0.75580933,na
Q7Z2E3-6,113.0,95.14699115,high,31.46067416,0.654161104,na
P22392-2,267.0,95.1435206,high,56.92883895,0.771242901,na
P61077-3,149.0,95.14134228,high,94.63087248,0.991343397,na
Q8IUZ5-3,175.0,95.11622857,high,38.88888889,0.659287695,na
Q9Y6A2-2,403.0,95.09885856,high,80.6,0.899863511,na
Q8N323-2,405.0,95.0942963,high,74.04021938,0.866054523,na
Q9Y6A2-3,337.0,95.08062315,high,67.4,0.833562153,na
P14868-2,401.0,95.07628429,high,80.03992016,0.898105011,na
A6NEC2-2,263.0,95.07536122,high,55.0209205,0.773065274,na
P07741-2,134.0,95.05977612,high,73.88888889,0.854390392,na
P36871-2,580.0,95.04565517,high,90.0,0.979384651,na
O14717-4,63.0,95.04206349,high,14.93670886,0.567120806,na
Q8NDY3-2,272.0,95.03757353,high,76.83615819,0.87815668,na
Q9Y2C4-3,228.0,95.03131579,high,61.95652174,0.779185151,na
Q9NTX5-3,226.0,95.0230531,high,73.61563518,0.86331721,na
Q9NSD9-2,490.0,95.01822449,high,83.19185059,0.912902463,na
Q9H903-2,70.0,95.01428571,high,20.17291066,0.589047598,na
Q13564-4,537.0,94.99335196,high,99.44134078,0.994968328,na
Q96QG7-2,464.0,94.99252155,high,84.51730419,0.912162281,na
P0DMM9-3,301.0,94.98873754,high,98.00664452,0.972112057,na
Q08257-3,295.0,94.98779661,high,89.6656535,0.934985505,na
P00338-5,241.0,94.97087137,high,71.08433735,0.84992032,na
P18510-4,143.0,94.96846154,high,80.79096045,0.89991703,na
P60891-2,251.0,94.96557769,high,78.93081761,0.893472459,na
Q7Z2E3-2,168.0,94.95327381,high,47.19101124,0.732423728,na
Q9BX70-2,204.0,94.95117647,high,38.85714286,0.592004166,na
P25789-2,190.0,94.94426316,high,72.79693487,0.854907836,na
P49862-2,181.0,94.94165746,high,71.54150198,0.841538394,na
Q8N4Q0-2,254.0,94.91716535,high,67.37400531,0.823007089,na
Q2TAA2-2,135.0,94.91511111,high,54.43548387,0.681754986,na
P08319-2,399.0,94.90370927,high,93.73433584,0.973210933,na
P09914-2,447.0,94.89071588,high,93.51464435,0.967285575,na
P34896-3,403.0,94.88635236,high,83.436853,0.616606128,na
Q9BRP4-3,277.0,94.88476534,high,70.66326531,0.842519695,na
Q9ULC4-2,169.0,94.87710059,high,89.50276243,0.934646653,na
Q5JVF3-2,397.0,94.86929471,high,97.25,0.994018678,na
Q8IWW8-4,255.0,94.86258824,high,53.74732334,0.764220157,na
Q15493-2,227.0,94.86048458,high,75.58528428,0.870639828,na
Q96PC3-4,154.0,94.84681818,high,92.94871795,0.982452062,na
P11908-2,321.0,94.83404984,high,99.06542056,0.994040285,na
Q16635-3,262.0,94.83133588,high,89.7260274,0.947050348,na
P63267-2,333.0,94.82705706,high,88.56382979,0.938882624,na
O95861-4,272.0,94.80709559,high,88.31168831,0.914859542,na
P48739-3,273.0,94.80673993,high,97.06959707,0.994470519,na
Q86V25-3,156.0,94.79544872,high,43.09859155,0.696763901,na
Q0GE19-6,64.0,94.79515625,high,18.52941176,0.491165786,na
O95670-3,77.0,94.78402597,high,65.25423729,0.76617666,na
Q9H672-2,274.0,94.74416058,high,85.53459119,0.900447311,na
P12955-2,452.0,94.73825221,high,91.68356998,0.951376532,na
P16870-2,440.0,94.73329545,high,92.43697479,0.946159931,na
Q7Z4L9-2,228.0,94.72254386,high,72.25806452,0.863286331,na
Q9UIV1-2,244.0,94.72192623,high,85.26315789,0.906945612,na
Q86WT6-2,341.0,94.71715543,high,67.8,0.830888554,na
O75031-2,259.0,94.71598456,high,77.54491018,0.883946515,na
Q9H2A2-2,433.0,94.71588915,high,88.91170431,0.93778469,na
P49326-2,285.0,94.71414035,high,51.95530726,0.761289524,na
Q96CU9-2,275.0,94.70545455,high,56.58436214,0.775894924,na
Q16877-3,435.0,94.69662069,high,92.75053305,0.957812788,na
O75688-4,380.0,94.67976316,high,78.91440501,0.892766793,na
P54687-4,385.0,94.67909091,high,99.48186528,0.971759083,na
Q9BRR6-4,222.0,94.66315315,high,43.46076459,0.715870962,na
Q9Y697-2,397.0,94.65481108,high,86.87089716,0.927598985,na
O95278-2,317.0,94.64899054,high,94.25981873,0.975906962,na
P50213-2,288.0,94.63982639,high,78.68852459,0.886749436,na
Q9Y277-2,284.0,94.63359155,high,99.64788732,0.991324108,na
P04899-6,303.0,94.63026403,high,85.35211268,0.92416947,na
Q92876-2,137.0,94.62715328,high,56.14754098,0.766266489,na
Q9NQH7-4,484.0,94.62696281,high,95.46351085,0.970096249,na
P23946-2,136.0,94.6125,high,55.06072874,0.750349086,na
Q8IY31-4,114.0,94.60385965,high,81.06060606,0.886656625,na
Q12794-5,176.0,94.59960227,high,40.45977011,0.692091117,na
Q86X76-2,291.0,94.59364261,high,88.99082569,0.940579032,na
Q7Z7K6-2,118.0,94.59,high,38.04347826,0.692087999,na
O75602-2,458.0,94.58545852,high,86.01941748,0.92056744,na
Q9Y2T3-3,471.0,94.58239915,high,96.39065817,0.972352176,na
O95749-2,246.0,94.56662602,high,82.0,0.909251906,na
P11172-2,302.0,94.55725166,high,62.91666667,0.741337079,na
O14818-2,178.0,94.54101124,high,71.77419355,0.844141013,na
P05976-2,150.0,94.529,high,74.22680412,0.84133331,na
Q9BY49-2,157.0,94.52031847,high,51.81518152,0.750854382,na
P09471-2,354.0,94.5129096,high,94.35028249,0.996192787,na
Q8IVS8-6,187.0,94.5113369,high,35.75525813,0.661210121,na
Q8IW45-3,126.0,94.49190476,high,36.31123919,0.666025304,na
P22234-2,432.0,94.48912037,high,98.14814815,0.989777806,na
Q9UGP5-2,300.0,94.48366667,high,47.86324786,0.72670329,na
P28065-2,209.0,94.48172249,high,94.52054795,0.969571035,na
Q08431-2,275.0,94.47618182,high,71.05943152,0.739410097,na
Q9BRQ4-2,229.0,94.47423581,high,85.76779026,0.925560165,na
P49821-2,455.0,94.45608791,high,98.06034483,0.961398466,na
Q9BY32-2,177.0,94.45429379,high,91.2371134,0.899847775,na
Q9NPJ8-4,114.0,94.45131579,high,80.28169014,0.889790538,na
Q9UK99-2,415.0,94.44233735,high,87.68577495,0.923717636,na
Q8N461-2,267.0,94.42853933,high,55.74112735,0.773250386,na
Q9H2M3-2,299.0,94.42742475,high,82.36914601,0.885814118,na
P46952-2,147.0,94.42537415,high,51.3986014,0.749602026,na
Q86WA6-2,274.0,94.41642336,high,89.34707904,0.911453431,na
Q96C11-5,463.0,94.41308855,high,84.02903811,0.782089012,na
Q7L5Y1-2,361.0,94.40182825,high,75.88495575,0.8589889,na
Q9NPA8-2,96.0,94.39385417,high,95.04950495,0.95510666,na
Q9NXA8-4,202.0,94.39242574,high,65.16129032,0.790822238,na
P12955-3,429.0,94.38174825,high,87.01825558,0.925447464,na
P41247-2,166.0,94.37463855,high,65.61264822,0.809797796,na
Q9BUU2-3,179.0,94.36675978,high,44.30693069,0.706316274,na
Q8N983-4,159.0,94.3608805,high,72.09302326,0.826283191,na
O14732-2,261.0,94.3567433,high,90.27777778,0.943398726,na
Q96K12-2,418.0,94.35557416,high,81.16504854,0.902797274,na
P22694-5,354.0,94.34788136,high,96.05633803,0.992578312,na
Q3LXA3-2,534.0,94.3435206,high,91.30434783,0.953469462,na
Q15782-6,380.0,94.33797368,high,97.43589744,0.947361327,na
Q6UWP7-3,376.0,94.33,high,90.82125604,0.939867878,na
Q15165-3,342.0,94.31461988,high,96.61016949,0.972414516,na
Q8TBC4-2,449.0,94.31069042,high,96.9762419,0.953521211,na
Q8IUZ5-2,107.0,94.30588785,high,23.77777778,0.572076462,na
Q9UJ68-2,169.0,94.30248521,high,71.91489362,0.857481592,na
P22694-8,257.0,94.29385214,high,72.93447293,0.862465538,na
P08962-3,156.0,94.29346154,high,65.54621849,0.716186882,na
Q8N987-2,100.0,94.2913,high,28.49002849,0.627625796,na
P34896-2,444.0,94.28885135,high,91.92546584,0.933573132,na
Q15435-2,317.0,94.28735016,high,88.05555556,0.888621961,na
P19440-3,225.0,94.28644444,high,39.543058,0.690353281,na
Q9NTK5-2,238.0,94.28571429,high,60.1010101,0.775180975,na
P40337-3,160.0,94.278375,high,75.11737089,0.861454181,na
P16118-2,406.0,94.26859606,high,84.92569002,0.923169947,na
Q8NBI6-2,190.0,94.26747368,high,43.92059553,0.693373771,na
Q9H4Y5-2,209.0,94.26263158,high,86.00823045,0.925331523,na
Q12794-6,96.0,94.254375,high,22.06896552,0.584882843,na
Q9Y600-3,520.0,94.25196154,high,94.80769231,0.954376381,na
P32929-2,361.0,94.24077562,high,89.13580247,0.916960624,na
Q7L5A8-2,159.0,94.22779874,high,42.74193548,0.684878516,na
Q6NXE6-2,476.0,94.22306723,high,95.00998004,0.972435655,na
Q13404-1,221.0,94.22257919,high,63.67713004,0.793795274,na
Q16719-2,307.0,94.21977199,high,64.94623656,0.816851974,na
O95198-3,505.0,94.21936634,high,85.16020236,0.91120687,na
P15428-2,178.0,94.21752809,high,63.53383459,0.799659546,na
Q9H0R3-2,112.0,94.21375,high,53.84615385,0.734292446,na
P22694-7,355.0,94.2096338,high,95.78651685,0.990547059,na
Q9UJ83-2,551.0,94.2038657,high,95.32871972,0.972371507,na
Q9NVV5-4,228.0,94.19302632,high,95.79831933,0.975548361,na
P63096-2,302.0,94.19115894,high,85.31073446,0.924129172,na
P20711-2,338.0,94.18683432,high,65.57377049,0.837508016,na
Q9UDX3-2,360.0,94.18230556,high,88.66995074,0.932401968,na
Q15404-2,224.0,94.16464286,high,80.86642599,0.894625191,na
Q96BW1-3,167.0,94.16383234,high,52.75080906,0.759146508,na
Q9Y394-2,289.0,94.15429066,high,85.25073746,0.917344622,na
Q6UWW8-2,210.0,94.14728571,high,36.77758319,0.656303519,na
Q6XPS3-6,193.0,94.13103627,high,36.97318008,0.681150798,na
P52788-2,313.0,94.11565495,high,85.51912568,0.917596689,na
Q96KP4-2,391.0,94.11294118,high,82.31578947,0.899184505,na
Q9H008-2,210.0,94.10657143,high,77.40740741,0.860063342,na
P63092-3,379.0,94.10437995,high,95.93908629,0.976604248,na
P20151-4,159.0,94.10389937,high,60.91954023,0.777429294,na
Q8NBJ7-2,213.0,94.08643192,high,70.7641196,0.847831755,na
Q6UWM7-2,394.0,94.08454315,high,69.48853616,0.831471606,na
O95168-2,120.0,94.08,high,84.73282443,0.90611476,na
P40394-2,394.0,94.07837563,high,92.28855721,0.953164398,na
Q9UI30-2,120.0,94.07625,high,96.0,0.941101448,na
Q9H9T3-5,455.0,94.06887912,high,83.1809872,0.914494735,na
Q9NRZ7-2,314.0,94.06238854,high,83.5106383,0.889512535,na
O43617-2,134.0,94.06179104,high,74.44444444,0.855320772,na
Q9UQ07-2,231.0,94.04614719,high,55.13126492,0.773738983,na
P49447-2,138.0,94.04594203,high,54.18326693,0.745542236,na
Q9UH77-2,555.0,94.04059459,high,94.54855196,0.742575177,na
Q9UHK6-5,394.0,94.0213198,high,95.68527919,0.978661859,na
P23141-3,566.0,94.0165371,high,99.82363316,0.989700649,na
O95670-2,78.0,94.01448718,high,66.10169492,0.730441533,na
P15559-2,240.0,94.00283333,high,87.59124088,0.926196895,na
Q6P587-2,226.0,93.99539823,high,95.15418502,0.984542183,na
P32929-3,373.0,93.98965147,high,92.09876543,0.934538223,na
Q330K2-2,281.0,93.98879004,high,80.78078078,0.918457793,na
Q9Y5B8-2,340.0,93.97785294,high,90.42553191,0.947382844,na
Q9HAT2-2,488.0,93.96895492,high,93.30783939,0.96413883,na
O14929-2,334.0,93.96158683,high,79.71360382,0.895940579,na
Q5TC12-2,177.0,93.93830508,high,53.96341463,0.76740055,na
P60660-2,151.0,93.93437086,high,96.68874172,0.975471335,na
Q9P2W1-3,92.0,93.9298913,high,42.39631336,0.61936232,na
O75602-5,484.0,93.91539256,high,91.10251451,0.951514729,na
P04899-3,318.0,93.91248428,high,89.01408451,0.946842201,na
P36543-2,204.0,93.90769608,high,90.26548673,0.933997377,na
Q16222-2,505.0,93.90085149,high,96.74329502,0.959058053,na
O15527-8,322.0,93.89645963,high,91.88405797,0.964366186,na
Q3I5F7-2,207.0,93.89057971,high,49.16864608,0.712307,na
P08243-2,540.0,93.88287037,high,96.25668449,0.976288361,na
P22694-6,357.0,93.88081232,high,95.23809524,0.985970338,na
P51857-3,285.0,93.8754386,high,87.42331288,0.929516554,na
P40925-3,352.0,93.87303977,high,94.60227273,0.966051393,na
P35557-2,466.0,93.86051502,high,97.4248927,0.992842546,na
Q8WZ79-2,153.0,93.84196078,high,42.38227147,0.690327224,na
P55084-2,452.0,93.83024336,high,93.24894515,0.955739895,na
O14773-2,320.0,93.82509375,high,56.8383659,0.762752987,na
Q8N138-4,137.0,93.82153285,high,89.54248366,0.670780885,na
O15527-2,324.0,93.80808642,high,92.46376812,0.964271566,na
Q16850-2,404.0,93.80477723,high,80.31809145,0.895269727,na
Q9NZH7-2,157.0,93.80401274,high,50.25641026,0.65407197,na
P17174-2,392.0,93.80239796,high,90.84337349,0.954536582,na
P63092-2,380.0,93.79986842,high,96.1928934,0.980614921,na
O94889-2,509.0,93.77477407,high,88.67595819,0.912472289,na
Q9Y2V0-2,183.0,93.76994536,high,65.12455516,0.689161464,na
P0CL85-2,116.0,93.76836207,high,86.56716418,0.930460914,na
Q9UKL6-2,142.0,93.76633803,high,66.35514019,0.785991534,na
Q86SQ9-2,334.0,93.74287425,high,99.7005988,0.992464995,na
P13804-2,284.0,93.73626761,high,85.28528529,0.909429688,na
P08243-3,478.0,93.73445607,high,85.20499109,0.917277492,na
P05186-2,447.0,93.73362416,high,79.36802974,0.880280273,na
P22557-3,445.0,93.73132584,high,75.63884157,0.875268596,na
O75688-2,387.0,93.72542636,high,79.12317328,0.892565988,na
Q13283-2,122.0,93.7095082,high,25.53648069,0.613677147,na
Q8WUJ1-3,152.0,93.70625,high,57.57575758,0.774311738,na
Q13303-2,353.0,93.6927762,high,96.1852861,0.923762272,na
Q6N063-2,290.0,93.69093103,high,82.28571429,0.869412398,na
P16520-2,297.0,93.68838384,high,87.35294118,0.918361003,na
P54687-2,325.0,93.68732308,high,83.93782383,0.917445807,na
P09493-2,228.0,93.68438596,high,59.29824561,0.811202409,na
P13584-2,512.0,93.67957031,high,99.8046875,0.993394674,na
Q15257-2,323.0,93.6795356,high,90.22346369,0.947889212,na
P23368-2,479.0,93.67336117,high,80.99315068,0.886125599,na
P24390-2,150.0,93.66986667,high,70.75471698,0.85081455,na
Q8TE04-2,373.0,93.66678284,high,61.0367893,0.801316574,na
Q8NDH3-5,475.0,93.66673684,high,90.63097514,0.936938195,na
Q9Y316-3,300.0,93.66323333,high,93.68770764,0.966518889,na
Q96DV4-2,196.0,93.65933673,high,51.57894737,0.669067552,na
P04798-3,157.0,93.65700637,high,30.6640625,0.629807022,na
Q9NXJ5-2,132.0,93.65545455,high,63.15789474,0.805729517,na
Q8NFF5-2,490.0,93.64363265,high,83.47529813,0.910675639,na
P30613-2,543.0,93.64213628,high,94.25087108,0.962304304,na
P13928-3,265.0,93.63588679,high,81.03975535,0.887197447,na
Q9H7C9-3,88.0,93.61090909,high,63.1147541,0.802431181,na
P22694-9,358.0,93.60701117,high,94.97206704,0.980123084,na
P16671-2,288.0,93.60527778,high,57.62004175,0.788439719,na
O75431-2,253.0,93.59869565,high,95.05703422,0.968951518,na
Q969Q6-2,343.0,93.5974344,high,75.71743929,0.855795043,na
O14645-2,132.0,93.59272727,high,49.6124031,0.656878426,na
Q9UGK8-2,288.0,93.5784375,high,62.00873362,0.772556765,na
Q71UI9-4,102.0,93.56921569,high,78.90625,0.856452832,na
P56705-2,296.0,93.55533784,high,84.33048433,0.915818551,na
Q8NDZ4-2,221.0,93.55221719,high,49.30232558,0.74643249,na
Q9NSC5-4,121.0,93.55041322,high,32.4099723,0.655754643,na
Q9P0N9-3,234.0,93.55029915,high,75.0,0.859845818,na
Q8IY45-2,240.0,93.544875,high,93.02325581,0.954058821,na
Q16773-2,372.0,93.53134409,high,88.15165877,0.777533239,na
O15392-4,120.0,93.53058333,high,79.57746479,0.899266031,na
Q16537-3,391.0,93.52606138,high,83.72591006,0.912182207,na
Q14181-2,361.0,93.52108033,high,57.57071547,0.776262895,na
Q5SGD2-3,233.0,93.51901288,high,63.33333333,0.805926887,na
Q5XG92-4,367.0,93.51457766,high,65.41889483,0.818832512,na
Q8TDQ7-5,242.0,93.51330579,high,87.68115942,0.931550648,na
Q12765-3,346.0,93.49913295,high,83.57487923,0.909311893,na
P25705-2,503.0,93.4954672,high,90.95840868,0.952313762,na
P0DJI9-2,83.0,93.49228916,high,63.1147541,0.823270084,na
P49903-3,325.0,93.48732308,high,82.90816327,0.896838211,na
Q8WYA6-3,311.0,93.48086817,high,55.23978686,0.771182934,na
Q9BRR6-3,258.0,93.47934109,high,51.91146881,0.752378188,na
P48637-2,363.0,93.47592287,high,76.58227848,0.871095959,na
Q9NRG7-3,198.0,93.47489899,high,63.48122867,0.833842032,na
Q6UWF7-2,260.0,93.46953846,high,47.79411765,0.71694048,na
P67812-2,153.0,93.46490196,high,85.47486034,0.919566225,na
Q6P1Q0-4,203.0,93.45684729,high,56.38888889,0.766714702,na
Q11203-15,359.0,93.45601671,high,95.46666667,0.88552722,na
Q86TE4-3,136.0,93.45551471,high,38.15028902,0.645041685,na
Q96S06-2,330.0,93.45245455,high,58.2010582,0.698046703,na
P52298-2,138.0,93.43804348,high,83.33333333,0.916085205,na
O00746-2,117.0,93.43786325,high,62.56684492,0.787478516,na
Q99536-2,259.0,93.42343629,high,65.90330789,0.787487307,na
Q9H6Q4-3,374.0,93.4102139,high,78.57142857,0.875240021,na
P49895-7,113.0,93.39256637,high,,,na
Q96E66-3,146.0,93.37952055,high,76.04166667,0.834194336,na
Q00796-2,100.0,93.3715,high,25.77030812,0.626424794,na
P35557-3,464.0,93.37142241,high,97.20430108,0.972787363,na
Q96E29-3,296.0,93.36266892,high,70.98321343,0.812129849,na
Q8WYA6-2,376.0,93.35398936,high,66.60746004,0.827571857,na
Q8IXA5-2,146.0,93.34787671,high,67.90697674,0.760301706,na
O15305-2,119.0,93.34722689,high,47.15447154,0.707210142,na
Q8WYK0-2,167.0,93.34299401,high,29.72972973,0.593842326,na
Q07973-3,372.0,93.3372043,high,71.01167315,0.85164747,na
Q9BTE0-2,206.0,93.33490291,high,99.51690821,0.973487636,na
Q16836-3,331.0,93.33462236,high,94.86404834,0.973160004,na
P00338-3,361.0,93.32393352,high,91.966759,0.953482074,na
Q9BPW9-2,172.0,93.32232558,high,53.9184953,0.73990069,na
P32189-1,524.0,93.31961832,high,93.55992844,0.960532989,na
Q92874-2,278.0,93.30913669,high,92.97658863,0.934932712,na
P45880-2,283.0,93.30763251,high,96.2585034,0.979378277,na
Q86WU2-2,484.0,93.30727273,high,95.46351085,0.937105704,na
O00154-6,329.0,93.29817629,high,85.26315789,0.931628542,na
P15428-3,145.0,93.2917931,high,54.5112782,0.736310973,na
P35240-7,259.0,93.28169884,high,43.36134454,0.665744847,na
Q8N4S7-2,234.0,93.27696581,high,85.71428571,0.914920383,na
O95864-3,386.0,93.27318653,high,86.71171171,0.92880917,na
P19224-2,265.0,93.26792453,high,49.81203008,0.699016832,na
Q9BZP6-2,368.0,93.26222826,high,77.31092437,0.737157447,na
Q86WT6-3,296.0,93.25972973,high,59.2,0.737671132,na
P61962-2,142.0,93.25366197,high,41.52046784,0.626370749,na
Q9Y255-2,208.0,93.244375,high,94.97716895,0.802834277,na
P34913-2,502.0,93.24165339,high,90.45045045,0.852567686,na
Q96IV6-2,310.0,93.23732258,high,93.09309309,0.90312945,na
Q6ZQY3-3,418.0,93.23473684,high,80.2303263,0.871883177,na
Q70UQ0-2,244.0,93.23221311,high,69.71428571,0.686875813,na
Q99720-4,106.0,93.2304717,high,46.18834081,0.521111178,na
Q15172-2,429.0,93.21848485,high,87.44855967,0.939188725,na
Q9UHB4-4,590.0,93.21744068,high,98.82747069,0.959626005,na
Q9H0F7-2,193.0,93.21601036,high,91.79487179,0.975916193,na
Q86TE4-2,159.0,93.18641509,high,37.88300836,0.644210894,na
Q9NZL9-2,323.0,93.18266254,high,93.73134328,0.938396949,na
Q96CB9-4,335.0,93.17289552,high,87.23958333,0.910068377,na
Q9H903-3,223.0,93.16941704,high,60.80691643,0.781615881,na
Q96PM5-6,239.0,93.16439331,high,89.27203065,0.923045731,na
Q7Z6V5-2,144.0,93.15881944,high,75.39267016,0.785807275,na
Q6PIU2-2,416.0,93.15846154,high,97.83653846,0.975008683,na
Q9Y6K8-2,197.0,93.15654822,high,35.05338078,0.671888416,na
Q9NQY0-2,199.0,93.15547739,high,78.65612648,0.779013478,na
P06753-3,247.0,93.15004049,high,63.23024055,0.892872701,na
O95199-2,527.0,93.13844402,high,95.64428312,0.945225048,na
P13995-2,248.0,93.13358871,high,70.85714286,0.831655693,na
Q8NFF5-3,446.0,93.132713,high,75.97955707,0.87210068,na
P78417-2,208.0,93.13125,high,86.30705394,0.921022681,na
P07902-2,270.0,93.12977778,high,65.29562982,0.849967932,na
Q3SYC2-2,252.0,93.12488095,high,75.4491018,0.872328156,na
P61923-5,160.0,93.116625,high,90.39548023,0.899436842,na
Q8WWV3-2,296.0,93.11439189,high,74.74747475,0.854925501,na
P09493-5,245.0,93.11155102,high,69.65517241,0.898873557,na
Q9H310-4,372.0,93.09451613,high,84.3537415,0.914355116,na
Q9P2T1-2,366.0,93.0931694,high,95.08196721,0.969059543,na
Q9UHG3-2,428.0,93.09175234,high,84.75247525,0.915096024,na
P48729-3,325.0,93.0868,high,96.14243323,0.976879026,na
Q96MS3-2,266.0,93.08342105,high,76.87861272,0.441773599,1
Q9NRN7-2,138.0,93.08086957,high,44.33656958,0.679121473,na
Q969T7-2,292.0,93.06982877,high,97.33333333,0.972166572,na
Q9Y6W6-2,140.0,93.05335714,high,29.04564315,0.625842256,na
Q9Y3A0-2,241.0,93.04099585,high,90.94339623,0.942802502,na
Q16222-3,521.0,93.04046065,high,99.80842912,0.97093404,na
Q6P1A2-2,407.0,93.03604423,high,83.57289528,0.903520659,na
P07951-3,248.0,93.02754032,high,63.79310345,0.859107125,na
P06753-2,248.0,93.02596774,high,62.88659794,0.855911128,na
O75608-2,214.0,93.01728972,high,93.04347826,0.942085461,na
Q9UJ83-3,496.0,93.01707661,high,85.81314879,0.910710042,na
O00762-2,140.0,93.015,high,78.2122905,0.889963355,na
O14717-5,71.0,93.0115493,high,15.44303797,0.547488493,na
O14530-2,188.0,93.00026596,high,82.74336283,0.906026944,na
P23381-2,430.0,92.99318605,high,91.29511677,0.871732118,na
Q99426-2,193.0,92.9873057,high,79.09836066,0.738382243,na
P60953-1,191.0,92.97518325,high,95.28795812,0.964979703,na
Q9Y2Q3-3,214.0,92.96406542,high,94.69026549,0.947432127,na
Q5XG92-6,463.0,92.94950324,high,82.5311943,0.908056624,na
P06753-4,247.0,92.94761134,high,68.38487973,0.874791665,na
P10155-3,518.0,92.94677606,high,95.53903346,0.980656432,na
O43427-2,357.0,92.94582633,high,98.07692308,0.962421036,na
P19971-2,487.0,92.94094456,high,98.97330595,0.969332036,na
Q6P1K2-4,165.0,92.93684848,high,80.48780488,0.507661752,na
Q6PII5-2,282.0,92.93617021,high,63.79821958,0.785577095,na
O95169-3,155.0,92.93329032,high,83.33333333,0.890929604,na
O95498-6,467.0,92.92995717,high,89.80769231,0.91724599,na
Q96PC3-3,104.0,92.92903846,high,64.28571429,0.798254733,na
P27352-2,392.0,92.9225,high,93.52517986,0.964633855,na
Q9HCC0-2,525.0,92.91472381,high,93.25044405,0.937322883,na
Q86SQ9-3,294.0,92.90969388,high,88.28828829,0.9084938,na
P68036-2,122.0,92.89844262,high,79.22077922,0.884399381,na
P60604-2,137.0,92.8979562,high,83.03030303,0.898534286,na
P54687-5,398.0,92.89407035,high,96.48241206,0.965180413,na
O00743-2,283.0,92.88477032,high,92.78688525,0.952067312,na
P09417-2,213.0,92.87300469,high,87.29508197,0.887782647,na
Q9BRP4-2,375.0,92.86314667,high,91.66666667,0.940019081,na
Q5SGD2-2,181.0,92.85718232,high,50.27777778,0.711398413,na
Q9NUI1-3,244.0,92.8570082,high,83.56164384,0.892607167,na
Q14344-2,282.0,92.85191489,high,74.80106101,0.86971852,na
Q13572-2,314.0,92.84544586,high,72.61904762,0.869073406,na
O60701-2,427.0,92.83566745,high,86.43724696,0.882358366,na
Q9UJ68-5,213.0,92.83089202,high,90.63829787,0.951244334,na
P56282-3,502.0,92.82854582,high,94.68690702,0.96750175,na
Q8N9I5-2,338.0,92.82491124,high,94.94382022,0.956683403,na
P08559-3,359.0,92.8191922,high,92.05128205,0.921407966,na
P51965-2,160.0,92.817,high,76.16580311,0.863078913,na
Q9BZX4-2,120.0,92.81108333,high,56.60377358,0.775269696,na
P32754-2,354.0,92.80858757,high,90.07633588,0.935830113,na
O95394-3,566.0,92.80722615,high,95.58303887,0.977550523,na
Q9UQ80-2,340.0,92.80591176,high,86.29441624,0.922364444,na
Q5MY95-2,458.0,92.80526201,high,92.52525253,0.918663841,na
Q9BVG3-2,354.0,92.80477401,high,71.78947368,0.853552216,na
P06133-3,369.0,92.79373984,high,68.75,0.8158503,na
P62491-2,155.0,92.79174194,high,68.05555556,0.847905836,na
P17707-2,186.0,92.78311828,high,55.68862275,0.767032121,na
Q9NTG7-2,257.0,92.7770428,high,64.41102757,0.819055196,na
Q9H503-2,97.0,92.77505155,high,92.78350515,0.958132802,na
Q04760-2,169.0,92.77094675,high,91.84782609,0.909759778,na
P21695-2,326.0,92.765,high,93.40974212,0.956338827,na
Q96N66-3,344.0,92.76412791,high,72.88135593,0.852142705,na
Q9H9T3-2,533.0,92.7634334,high,97.44058501,0.985381624,na
Q9UJ68-3,192.0,92.76234375,high,79.57446809,0.89131686,na
Q16635-7,248.0,92.76181452,high,84.93150685,0.918725146,na
Q9H0W9-3,265.0,92.75569811,high,84.12698413,0.90302024,na
O95394-4,570.0,92.7484386,high,95.0877193,0.971980464,na
P61966-2,133.0,92.74646617,high,80.37974684,0.908522634,na
Q09028-3,410.0,92.74068293,high,95.29411765,0.966008305,na
P06753-5,248.0,92.73919355,high,68.04123711,0.884202258,na
P11310-2,425.0,92.73823529,high,99.05882353,0.970712293,na
P20711-3,402.0,92.73699005,high,83.75,0.905604401,na
Q3KNS6-2,248.0,92.73407258,high,56.94444444,0.703750852,na
P16671-4,412.0,92.72781553,high,87.28813559,0.931349064,na
P98173-3,192.0,92.72364583,high,81.30434783,0.869152551,na
Q99720-3,192.0,92.71958333,high,86.09865471,0.773517136,na
Q96E40-2,168.0,92.71136905,high,74.32432432,0.861549608,na
Q5QJU3-2,226.0,92.70783186,high,82.18181818,0.897363994,na
Q16635-8,238.0,92.70428571,high,81.50684932,0.900005775,na
A6XGL0-2,249.0,92.68767068,high,83.27759197,0.873467753,na
P30566-2,425.0,92.68447059,high,87.80991736,0.906340994,na
Q7Z4H8-2,451.0,92.6795122,high,87.5739645,0.9352845,na
Q96LA8-2,292.0,92.67493151,high,77.6,0.862850041,na
Q7L266-2,180.0,92.66888889,high,58.44155844,0.775705644,na
P32189-2,553.0,92.66068716,high,98.92665474,0.971341077,na
P20839-4,509.0,92.65485265,high,99.02723735,0.966158294,na
P50440-2,391.0,92.65452685,high,91.25295508,0.916764068,na
O76081-4,152.0,92.64473684,high,35.85858586,0.652418741,na
P06753-6,248.0,92.63366935,high,69.75945017,0.840504515,na
Q96AT9-4,199.0,92.6321608,high,87.28070175,0.919097093,na
P10619-2,463.0,92.627473,high,96.45833333,0.976858519,na
Q9BVC4-5,325.0,92.62593846,high,99.69325153,0.96991637,na
Q96C11-3,575.0,92.62286957,high,95.82608696,0.978680307,na
P34897-2,494.0,92.61744939,high,98.01587302,0.923218625,na
P40937-2,319.0,92.61639498,high,93.52941176,0.9655556,na
P04424-3,438.0,92.6130137,high,94.39655172,0.570930371,na
Q16773-3,250.0,92.59512,high,54.92957746,0.757794512,na
P08397-2,344.0,92.59002907,high,95.29085873,0.976063164,na
Q5VWZ2-2,221.0,92.57479638,high,93.24894515,0.933320213,na
Q9UK99-3,410.0,92.57195122,high,86.62420382,0.914476604,na
P55263-4,327.0,92.54143731,high,89.22651934,0.925231655,na
Q96GX9-3,204.0,92.53102941,high,79.75206612,0.89650987,na
Q5VTY9-6,356.0,92.52912921,high,72.21095335,0.84117089,na
Q9Y575-2,445.0,92.526,high,85.90733591,0.916111076,na
Q8NBT2-2,151.0,92.52311258,high,76.64974619,0.772058333,na
Q13795-4,121.0,92.51528926,high,57.21393035,0.77275394,na
O60701-3,397.0,92.49448363,high,80.36437247,0.844759983,na
Q9BW91-2,300.0,92.49326667,high,85.71428571,0.878380251,na
Q96PB7-6,140.0,92.49135714,high,26.15062762,0.308607005,na
P01116-2,188.0,92.48484043,high,89.94708995,0.951177611,na
P43250-3,560.0,92.47735714,high,97.04861111,0.950659166,na
P32321-2,189.0,92.46804233,high,94.17989418,0.961773556,na
Q15369-2,96.0,92.461875,high,85.71428571,0.874692697,na
Q6ZMK1-2,274.0,92.46175182,high,75.69060773,0.805708621,na
Q9Y6Q5-2,425.0,92.45851765,high,99.29411765,0.995784142,na
Q9Y3A3-2,193.0,92.4534715,high,85.77777778,0.922215646,na
O00442-2,379.0,92.44926121,high,96.56992084,0.977173027,na
O14520-2,165.0,92.44909091,high,46.19883041,0.706690738,na
P51689-3,503.0,92.44775348,high,84.82293423,0.863684593,na
P00367-3,425.0,92.44329412,high,72.61484099,0.870242746,na
P62316-2,108.0,92.43842593,high,91.52542373,0.949152578,na
Q08623-2,185.0,92.43075676,high,81.14035088,0.795565592,na
P36543-3,196.0,92.42102041,high,86.72566372,0.550115093,na
Q96JD6-4,307.0,92.41286645,high,95.625,0.955218901,na
P51854-1,557.0,92.41138241,high,88.091354,0.93550654,na
Q9UNE7-2,231.0,92.40948052,high,76.23762376,0.872883849,na
Q14994-2,348.0,92.40721264,high,98.86363636,0.892249675,na
P62258-2,233.0,92.40703863,high,91.37254902,0.88166222,na
Q9UKR3-2,125.0,92.39648,high,45.12635379,0.599263638,na
P10632-2,388.0,92.39268041,high,78.16326531,0.884770863,na
Q9UHB4-2,606.0,92.39166667,high,98.51485149,0.988734648,na
O95379-2,190.0,92.38952632,high,94.94949495,0.879753251,na
Q86UY6-3,216.0,92.38893519,high,91.13924051,0.944784958,na
Q9Y6I7-2,275.0,92.38865455,high,62.2327791,0.787019025,na
Q9NZQ7-3,178.0,92.3852809,high,61.03448276,0.78100225,na
P28066-2,183.0,92.3810929,high,75.93360996,0.868740478,na
O94788-2,480.0,92.3795625,high,92.66409266,0.935167042,na
P22304-2,343.0,92.37860058,high,61.09090909,0.779217852,na
P32189-4,530.0,92.37211321,high,94.6332737,0.96729938,na
Q5VYX0-2,315.0,92.36980952,high,85.87896254,0.931360302,na
P19440-2,366.0,92.36259563,high,60.28119508,0.732785269,na
Q53H76-4,283.0,92.35759717,high,62.06140351,0.807655381,na
P0C7U1-2,160.0,92.3563125,high,80.23255814,0.872789792,na
P36639-3,171.0,92.35444444,high,91.22807018,0.888783377,na
Q9BT78-2,352.0,92.34565341,high,83.74384236,0.916737146,na
Q8IX90-2,35.0,92.34514286,high,8.252427184,0.501829945,na
Q9Y5N5-2,186.0,92.34252688,high,86.91588785,0.907159693,na
P30419-2,416.0,92.33591346,high,83.87096774,0.875585964,na
Q7Z5P4-2,264.0,92.32825758,high,88.0,0.91059638,na
Q99873-2,347.0,92.32518732,high,92.18328841,0.930472634,na
O00764-2,284.0,92.32376761,high,91.02564103,0.951947638,na
P54107-2,178.0,92.31606742,high,71.08433735,0.844746497,na
A2RU49-3,220.0,92.31245455,high,58.98123324,0.765674018,na
Q8N983-3,164.0,92.30896341,high,73.95348837,0.811772181,na
Q9BQ13-2,225.0,92.29351111,high,88.23529412,0.924647317,na
P11177-3,341.0,92.28583578,high,94.98607242,0.592048998,na
Q86YM7-2,224.0,92.28214286,high,63.27683616,0.457217651,na
Q9NVV5-1,245.0,92.27832653,high,90.87301587,0.936620148,na
Q9P2W1-2,205.0,92.27765854,high,94.47004608,0.486869416,1
Q9BYV7-6,474.0,92.27101266,high,81.86528497,0.905863631,na
Q9BTT6-2,197.0,92.26,high,36.17424242,0.672354009,na
O00142-5,168.0,92.2589881,high,63.39622642,0.786822427,na
Q9C0B1-4,106.0,92.25849057,high,20.99009901,0.570837619,na
Q9Y689-2,142.0,92.2493662,high,79.32960894,0.85417603,na
O75832-2,151.0,92.24874172,high,65.92920354,0.820021392,na
Q6NTF7-3,183.0,92.24852459,high,90.5,0.952670802,na
Q9NUZ1-3,279.0,92.24713262,high,47.04830054,0.724856052,na
Q00005-6,432.0,92.24541667,high,95.03386005,0.953864546,na
O76054-5,320.0,92.244125,high,79.4044665,0.725626926,na
Q8NFU3-4,122.0,92.24,high,94.26229508,0.939083845,na
Q8NEB5-3,223.0,92.23820628,high,84.46969697,0.914809297,na
P23141-2,568.0,92.23769366,high,99.82394366,0.968778592,na
P23919-2,188.0,92.22957447,high,88.67924528,0.890439159,na
Q9H3U5-4,392.0,92.22744898,high,84.30107527,0.919099645,na
P56282-2,501.0,92.22191617,high,95.06641366,0.823096134,na
P37268-2,353.0,92.21779037,high,84.65227818,0.860347127,na
Q96MI6-4,247.0,92.21700405,high,53.81263617,0.752006192,na
P11172-3,388.0,92.21301546,high,80.83333333,0.675947334,na
Q99538-2,376.0,92.1975,high,86.83602771,0.827561593,na
Q9NV06-2,96.0,92.18885417,high,20.4494382,0.58874816,na
Q08623-4,251.0,92.18577689,high,90.83665339,0.822483974,na
Q9Y3D8-2,169.0,92.18449704,high,92.61363636,0.980307232,na
O60656-2,441.0,92.18174603,high,81.69811321,0.900050732,na
Q01740-2,469.0,92.17735608,high,88.15789474,0.931238199,na
P49366-3,327.0,92.1693578,high,81.769437,0.909281404,na
Q9HC38-3,188.0,92.16367021,high,53.4375,0.779923215,na
Q9BY32-3,153.0,92.16183007,high,78.86597938,0.846226094,na
P48728-4,386.0,92.15764249,high,94.04466501,0.894490251,na
Q96CD2-2,127.0,92.15582677,high,61.76470588,0.751380125,na
P61160-2,399.0,92.14952381,high,98.74686717,0.985235455,na
Q96MN5-2,121.0,92.14,high,58.17307692,0.606817682,na
Q9BY41-5,256.0,92.13839844,high,65.69920844,0.813647171,na
Q9NUQ9-2,178.0,92.12769663,high,54.9382716,0.717443542,na
P56559-2,201.0,92.12756219,high,95.52238806,0.974590927,na
Q8WWU7-2,324.0,92.12728395,high,99.69230769,0.939146282,na
Q9BYV7-2,545.0,92.1193211,high,94.12780656,0.968207554,na
P49459-3,77.0,92.11155844,high,50.65789474,0.739363721,na
P0DTE5-2,492.0,92.10579268,high,91.79104478,0.895101777,na
Q8NEB5-2,216.0,92.1050463,high,79.92424242,0.879743872,na
Q9H2P9-6,284.0,92.10091549,high,99.64912281,0.993963996,na
Q9H0R6-2,303.0,92.09270627,high,54.03377111,0.765896565,na
Q6XQN6-3,525.0,92.08918095,high,97.58364312,0.974735643,na
Q92600-3,258.0,92.08883721,high,82.66666667,0.907433163,na
P26373-2,164.0,92.08335366,high,77.72511848,0.868185747,na
Q6T311-2,123.0,92.07926829,high,65.77540107,0.810353147,na
Q6NYC1-2,372.0,92.07569892,high,90.07444169,0.931315429,na
Q99714-2,252.0,92.07392857,high,96.55172414,0.96028194,na
P30085-2,147.0,92.07367347,high,75.0,0.788497847,na
P16671-3,433.0,92.07327945,high,91.73728814,0.941784821,na
Q9Y4Y9-2,62.0,92.07322581,high,68.13186813,0.822878945,na
O43447-2,134.0,92.07022388,high,70.94972067,0.826859317,na
P00338-4,274.0,92.06354015,high,82.53012048,0.892596609,na
Q8TDX5-2,278.0,92.04690647,high,75.0,0.880999143,na
Q9NV96-3,242.0,92.04070248,high,67.03601108,0.765057132,na
Q99489-3,369.0,92.03626016,high,92.41192412,0.955456724,na
Q02083-2,323.0,92.03309598,high,89.97214485,0.898260051,na
Q03154-2,336.0,92.03133929,high,82.35294118,0.867889067,na
Q8N490-4,325.0,92.02083077,high,80.10335917,0.882627749,na
Q9BPW9-3,279.0,92.01283154,high,87.14733542,0.91509331,na
Q8WXB1-2,90.0,92.01011111,high,39.90825688,0.65690511,na
Q9Y4X0-4,210.0,92.00785714,high,63.06306306,0.768935096,na
Q9UHA4-2,117.0,92.00675214,high,94.35483871,0.947221955,na
P35030-5,240.0,92.0065,high,77.30263158,0.881334579,na
O14521-2,120.0,92.002,high,75.47169811,0.745908453,na
P35030-3,247.0,91.99137652,high,78.28947368,0.862629097,na
Q8NBZ7-3,252.0,91.99079365,high,60.0,0.765404383,na
Q8N945-2,148.0,91.98283784,high,78.30687831,0.832006969,na
Q6PIY5-2,307.0,91.97827362,high,69.77272727,0.804366936,na
Q86V88-2,127.0,91.97685039,high,57.7540107,0.752629856,na
Q9Y5P6-2,387.0,91.96829457,high,93.02325581,0.964407913,na
Q63HM1-2,308.0,91.9600974,high,98.37662338,0.975026788,na
Q13642-1,280.0,91.95914286,high,74.6130031,0.739615707,na
O00154-4,338.0,91.95739645,high,86.05263158,0.925787163,na
Q9NR28-2,186.0,91.95107527,high,74.89539749,0.832379041,na
O95219-2,305.0,91.95072131,high,67.77777778,0.822986228,na
P18621-2,146.0,91.94609589,high,79.34782609,0.711417408,na
Q8WWX0-2,276.0,91.94536232,high,79.34131737,0.872298673,na
Q15119-2,343.0,91.94510204,high,84.27518428,0.90917852,na
P20711-4,387.0,91.94320413,high,80.625,0.898417153,na
P12081-4,489.0,91.9407771,high,96.07072692,0.887988723,na
Q96DT0-6,315.0,91.94012698,high,93.17507418,0.9579018,na
Q9H867-5,194.0,91.92742268,high,83.84279476,0.829942422,na
Q9NRC8-3,320.0,91.9230625,high,75.61576355,0.879777465,na
Q6ZRR5-3,267.0,91.92142322,high,91.76029963,0.954853967,na
Q6QEF8-5,472.0,91.91995763,high,96.61016949,0.924131433,na
P37268-3,332.0,91.91963855,high,79.61630695,0.822968338,na
O95379-3,188.0,91.91478723,high,94.44444444,0.873857054,na
Q16653-2,208.0,91.89399038,high,84.21052632,0.826465835,na
P06744-2,569.0,91.89073814,high,88.77721943,0.93683852,na
Q9UH77-3,505.0,91.88970297,high,86.0306644,0.713547938,na
Q9BZZ5-3,445.0,91.88341573,high,83.96946565,0.905263887,na
Q9H237-5,379.0,91.87920844,high,81.99566161,0.906813887,na
P15848-2,413.0,91.87663438,high,76.02996255,0.827104093,na
Q8NEY4-2,381.0,91.86146982,high,89.22716628,0.865900839,na
P25325-2,317.0,91.86015773,high,93.69085174,0.96488879,na
P09493-8,284.0,91.85806338,high,76.76056338,0.890954081,na
Q9NPF8-2,380.0,91.84831579,high,99.73753281,0.997485838,na
O00712-2,188.0,91.84430851,high,44.28571429,0.704803651,na
Q08477-2,520.0,91.83903846,high,93.26923077,0.997400638,na
Q96FN4-2,446.0,91.83903587,high,81.38686131,0.788566422,na
Q8IUC8-3,561.0,91.83379679,high,91.76882662,0.910649518,na
P36269-3,587.0,91.83306644,high,99.82964225,0.986060194,na
Q9UKF7-2,268.0,91.83276119,high,73.05389222,0.846004256,na
Q5VUJ9-2,162.0,91.81037037,high,38.5620915,0.491655872,na
Q8TBK2-2,449.0,91.80062361,high,94.92600423,0.967741082,na
Q09028-4,390.0,91.79787179,high,91.76470588,0.914133133,na
Q9UL33-2,139.0,91.7905036,high,99.28571429,0.967526721,na
Q9UKU7-3,357.0,91.79011204,high,75.11520737,0.861627744,na
P19883-2,317.0,91.77845426,high,92.15116279,0.95276703,na
Q6N063-4,186.0,91.775,high,53.14285714,0.711658352,na
P11712-2,162.0,91.77493827,high,32.65306122,0.568878206,na
Q9BRF8-2,172.0,91.75604651,high,54.77707006,0.418184235,na
Q00005-3,449.0,91.75097996,high,92.57641921,0.939758578,na
Q96CU9-3,472.0,91.74631356,high,95.26748971,0.935899914,na
Q8TC84-2,336.0,91.74577381,high,94.20289855,0.949481762,na
Q49AR2-2,177.0,91.74011299,high,40.04524887,0.521346611,na
Q9H6V9-4,195.0,91.72958974,high,60.0,0.753217555,na
Q5VT66-3,252.0,91.70936508,high,66.38418079,0.810439319,na
O15527-6,195.0,91.70435897,high,55.07246377,0.760112057,na
Q9UNH7-2,290.0,91.70224138,high,71.42857143,0.836736139,na
Q494R4-2,124.0,91.70217742,high,59.04761905,0.690132019,na
P49914-2,179.0,91.70167598,high,82.75862069,0.906792922,na
Q9H832-2,246.0,91.70166667,high,69.49152542,0.821439709,na
Q5U3C3-2,148.0,91.69959459,high,49.83164983,0.711744412,na
Q9UJT1-6,351.0,91.69854701,high,77.48344371,0.862165718,na
Q9Y5K2-2,110.0,91.69709091,high,43.30708661,0.654188205,na
P09493-7,284.0,91.69440141,high,82.3943662,0.849080625,na
O76075-2,270.0,91.69314815,high,75.21613833,0.886077126,na
P15309-2,418.0,91.68961722,high,90.66985646,0.929492726,na
O00154-2,246.0,91.68800813,high,61.31578947,0.788285331,na
Q99873-3,353.0,91.67869688,high,95.14824798,0.919172704,na
Q09028-2,424.0,91.6775,high,99.76470588,0.9746369,na
Q9BYV7-4,539.0,91.67564007,high,93.09153713,0.962605875,na
Q6NTF7-2,182.0,91.66565934,high,90.5,0.954149935,na
Q9BXD5-3,284.0,91.66426056,high,81.73374613,0.916673479,na
P36268-2,559.0,91.6640966,high,98.24253076,0.95458046,na
O96019-2,387.0,91.6578553,high,90.20979021,0.933737261,na
Q86TU7-3,284.0,91.64940141,high,47.64309764,0.683323181,na
Q9NY65-2,383.0,91.64759791,high,85.30066815,0.923998301,na
Q16698-2,326.0,91.64641104,high,92.08211144,0.914389675,na
Q12765-2,434.0,91.63714286,high,95.39170507,0.971775795,na
Q8NES3-2,250.0,91.6278,high,63.06068602,0.792083503,na
O43820-3,168.0,91.62660714,high,40.04796163,0.692112124,na
Q5VYY2-2,383.0,91.62600522,high,88.88888889,0.947085549,na
Q9C029-3,303.0,91.61676568,high,59.29549902,0.569744053,na
Q8IY49-2,246.0,91.61662602,high,91.11111111,0.896466291,na
P49419-4,475.0,91.61151579,high,88.12615955,0.887169714,na
P07093-2,397.0,91.61103275,high,99.49748744,0.941321262,na
P09493-9,284.0,91.59341549,high,91.90140845,0.98638832,na
Q8N4T4-2,299.0,91.59254181,high,86.39053254,0.921403437,na
P09493-3,284.0,91.59147887,high,86.26760563,0.974410141,na
Q8N145-2,524.0,91.58812977,high,95.62043796,0.888116685,na
Q6DHV7-3,328.0,91.56765244,high,92.3943662,0.897556702,na
O76083-10,376.0,91.56276596,high,63.23777403,0.756471839,na
Q9P003-2,92.0,91.56163043,high,66.18705036,0.783247443,na
Q99685-2,283.0,91.56084806,high,87.22044728,0.918239723,na
Q6GPH4-3,141.0,91.55921986,high,46.84385382,0.561634873,na
Q8N443-3,238.0,91.55701681,high,62.79683377,0.404564795,na
Q8NDH3-4,495.0,91.55555556,high,91.08159393,0.94490712,na
Q9BXS5-2,435.0,91.54708046,high,97.24137931,0.984203176,na
P09493-6,284.0,91.54461268,high,90.49295775,0.859954815,na
Q96DT0-2,275.0,91.5444,high,81.8452381,0.737030093,na
P36268-3,574.0,91.54419861,high,98.7804878,0.984327007,na
Q9NYQ3-2,364.0,91.53967033,high,96.42857143,0.969457608,na
Q9H1Y0-2,197.0,91.53949239,high,71.27272727,0.849285247,na
P54819-4,130.0,91.53776923,high,53.55648536,0.472334215,na
Q6ZMK1-3,192.0,91.53375,high,25.6281407,0.327776051,na
Q9HAW8-2,441.0,91.52820862,high,81.69811321,0.870806095,na
Q9NZQ0-3,177.0,91.52412429,high,64.46886447,0.762529522,na
P49961-5,402.0,91.52402985,high,78.82352941,0.757285723,na
Q8WVQ1-3,350.0,91.52277143,high,87.28179551,0.844353465,na
Q9H4P4-2,246.0,91.52052846,high,77.60252366,0.705520239,na
Q15435-4,237.0,91.51274262,high,64.08839779,0.772916808,na
Q5VST6-2,293.0,91.51044369,high,97.6109215,0.970661026,na
P38405-3,174.0,91.49965517,high,45.66929134,0.680157305,na
Q9HCC8-2,460.0,91.49030435,high,85.3432282,0.905754971,na
P18510-2,159.0,91.48880503,high,88.13559322,0.901955483,na
Q5VSG8-2,235.0,91.48676596,high,47.60869565,0.744064631,na
O75521-2,359.0,91.48331476,high,91.11675127,0.935883366,na
Q13325-2,434.0,91.479447,high,90.04149378,0.681466956,na
P67936-2,284.0,91.47880282,high,75.51724138,0.877303083,na
Q9HB55-3,420.0,91.47128571,high,83.10139165,0.915775832,na
P24557-2,466.0,91.47030043,high,87.42964353,0.932631153,na
Q13795-2,173.0,91.46890173,high,86.06965174,0.925738788,na
Q16653-8,206.0,91.46742718,high,80.97165992,0.770647129,na
P08621-3,166.0,91.46698795,high,36.61327231,0.574323515,na
Q9BWS9-3,362.0,91.46453039,high,92.11195929,0.877057683,na
Q5JR12-2,299.0,91.45926421,high,59.20792079,0.77608424,na
Q16653-6,213.0,91.45511737,high,80.70866142,0.794175436,na
Q6ZRR5-2,126.0,91.45349206,high,51.42857143,0.549155598,na
Q8N9F7-2,290.0,91.444,high,85.23076923,0.942260641,na
Q0GE19-4,186.0,91.44155914,high,54.41176471,0.678154581,na
O95198-2,597.0,91.4379397,high,98.15745394,0.930318904,na
Q9H0U3-2,134.0,91.43283582,high,38.80597015,0.634444603,na
Q96DT0-5,314.0,91.41047771,high,93.45238095,0.954083214,na
Q9HAW7-2,441.0,91.40834467,high,81.69811321,0.889904019,na
P09493-10,284.0,91.40651408,high,94.01408451,0.972531297,na
Q9BUY7-2,139.0,91.40374101,high,84.66257669,0.915626162,na
Q9Y2T4-3,430.0,91.40344186,high,95.74944072,0.973615592,na
P09493-4,284.0,91.39348592,high,94.36619718,0.958304518,na
P22694-10,321.0,91.39152648,high,86.76056338,0.940024777,na
Q02985-2,269.0,91.38881041,high,81.51515152,0.484571555,1
P47756-2,272.0,91.38602941,high,90.61371841,0.963905217,na
O75344-2,322.0,91.38052795,high,95.41284404,0.95195784,na
Q16653-11,206.0,91.37169903,high,80.16194332,0.806075334,na
Q5EB52-2,326.0,91.36957055,high,97.31343284,0.966637334,na
P11413-3,545.0,91.36933945,high,94.49541284,0.968839301,na
Q13362-2,449.0,91.35596882,high,84.73282443,0.913738968,na
P07951-2,284.0,91.35521127,high,87.32394366,0.90538686,na
P19419-2,95.0,91.35421053,high,21.4953271,0.573064006,na
Q14554-2,262.0,91.35236641,high,49.71098266,0.670946211,na
P48728-2,347.0,91.3474928,high,86.10421836,0.878285005,na
Q495B1-1,514.0,91.34663424,high,95.40229885,0.977442876,na
Q96E66-6,174.0,91.33132184,high,86.97916667,0.9052756,na
Q9BY64-2,335.0,91.3161194,high,63.13799622,0.775503463,na
Q15573-2,336.0,91.31502976,high,74.66666667,0.858849214,na
P50452-2,242.0,91.30892562,high,64.43850267,0.804776583,na
P24863-2,198.0,91.3019697,high,69.96466431,0.817260898,na
P26440-2,396.0,91.2970202,high,92.95774648,0.936342232,na
O00182-3,311.0,91.27099678,high,87.6056338,0.883629908,na
P10155-5,525.0,91.26859048,high,95.19408503,0.986061974,na
P78410-3,292.0,91.26818493,high,87.4251497,0.689508707,na
Q9NZL9-4,306.0,91.25980392,high,88.65671642,0.79550741,na
P35504-2,445.0,91.25676404,high,81.83520599,0.909803241,na
O75355-2,452.0,91.25623894,high,85.25519849,0.848309045,na
Q9UMR5-3,308.0,91.25366883,high,98.05194805,0.970068526,na
Q13309-4,210.0,91.25152381,high,49.52830189,0.707075274,na
P06133-2,392.0,91.24553571,high,71.02803738,0.839285144,na
O95825-2,198.0,91.24212121,high,55.3008596,0.732067875,na
Q6BCY4-2,237.0,91.2421097,high,80.14440433,0.879014595,na
Q9NWS8-2,238.0,91.23331933,high,53.00668151,0.740759663,na
Q9HB55-2,504.0,91.2327381,high,99.8015873,0.990421588,na
O60880-2,75.0,91.2304,high,55.03875969,0.652145714,na
P19224-3,443.0,91.22781038,high,81.76691729,0.90472613,na
P15531-2,177.0,91.22463277,high,85.87570621,0.92787878,na
Q9BRR6-2,496.0,91.22377016,high,99.79879276,0.904990552,na
Q99720-5,187.0,91.22005348,high,83.85650224,0.75380848,na
Q9UQ03-2,475.0,91.21058947,high,98.95833333,0.948101664,na
Q53F39-3,341.0,91.20304985,high,84.88664987,0.886723659,na
Q86X67-3,226.0,91.18831858,high,64.20454545,0.796072,na
Q6XQN6-2,567.0,91.18514991,high,94.88536155,0.967026862,na
P05089-3,236.0,91.18228814,high,73.29192547,0.789968321,na
P54687-3,349.0,91.18189112,high,90.41450777,0.922379566,na
P07355-2,357.0,91.1794958,high,94.95798319,0.917097711,na
Q6ZT21-2,316.0,91.17294304,high,69.75717439,0.787798575,na
P13688-3,321.0,91.1623676,high,60.64638783,0.751601338,na
Q9P2M1-2,349.0,91.16197708,high,99.4269341,0.980281754,na
P22307-4,466.0,91.15888412,high,85.19195612,0.668260121,na
Q16555-2,536.0,91.15858209,high,93.70629371,0.90462511,na
P49366-2,322.0,91.15841615,high,87.26287263,0.908705649,na
Q13228-4,514.0,91.15756809,high,91.63424125,0.957609266,na
Q96AT9-3,178.0,91.14780899,high,65.04065041,0.781836147,na
Q9H4K7-2,178.0,91.14258427,high,43.84236453,0.705018763,na
Q9H4B0-2,364.0,91.14008242,high,87.92270531,0.853873798,na
O60861-2,336.0,91.13764881,high,67.01244813,0.806748532,na
Q9UHQ1-4,397.0,91.13304786,high,87.06140351,0.925306019,na
P54868-3,453.0,91.13066225,high,89.17322835,0.89922244,na
Q9H237-4,450.0,91.12697778,high,97.39696312,0.983908906,na
Q9Y5K5-3,328.0,91.12606707,high,99.69604863,0.976707984,na
Q9NTX5-2,301.0,91.1248505,high,98.04560261,0.936710072,na
Q16877-2,434.0,91.12458525,high,92.53731343,0.94146315,na
Q9BUY7-3,118.0,91.11355932,high,68.71165644,0.751232004,na
Q96CW1-2,433.0,91.11103926,high,99.54022989,0.985304662,na
O95970-3,509.0,91.10595285,high,91.38240575,0.85528431,na
O95302-2,338.0,91.10372781,high,58.94736842,0.774028356,na
Q16653-9,203.0,91.098867,high,80.56680162,0.803187718,na
Q92496-3,331.0,91.09767372,high,57.26643599,0.595567525,na
P25774-2,281.0,91.09448399,high,84.89425982,0.873796085,na
Q9BYC5-4,169.0,91.09366864,high,26.67814114,0.625927998,na
Q9NVG8-3,219.0,91.08730594,high,54.75,0.712159421,na
P00387-3,334.0,91.08622754,high,88.32335329,0.942053106,na
Q8NBI2-2,259.0,91.08320463,high,93.43629344,0.942105868,na
P53677-2,273.0,91.08238095,high,63.72315036,0.79263736,na
Q9NY84-3,117.0,91.07683761,high,41.97080292,0.626063256,na
Q8NA58-2,531.0,91.07195857,high,95.66854991,0.981453306,na
P23510-2,133.0,91.06646617,high,72.13114754,0.849112373,na
Q8N3Y7-2,265.0,91.06513208,high,85.7605178,0.906210749,na
Q96CS2-2,202.0,91.06029703,high,72.6618705,0.656296622,na
Q969E2-3,132.0,91.06022727,high,57.20524017,0.76848136,na
Q8WWB7-2,325.0,91.05412308,high,80.04926108,0.883585829,na
P52895-2,139.0,91.05115108,high,38.1097561,0.654212372,na
Q7Z4G4-3,257.0,91.0507393,high,54.85961123,0.762155373,na
P50395-2,400.0,91.046775,high,89.88764045,0.929153517,na
P10155-4,534.0,91.04159176,high,97.96296296,0.993828069,na
Q01344-3,333.0,91.04021021,high,79.04761905,0.857965832,na
Q8N8Q1-5,172.0,91.02976744,high,73.36244541,0.803111311,na
Q9UNW1-4,286.0,91.02706294,high,57.28952772,0.776106848,na
Q86YJ6-4,423.0,91.01144208,high,87.39669421,0.91779332,na
P08559-2,397.0,91.00188917,high,98.23677582,0.956359548,na
Q96BW9-3,337.0,90.9937092,high,70.08733624,0.81625638,na
P29466-5,88.0,90.99215909,high,18.31683168,0.582304956,na
Q9Y251-4,380.0,90.99147368,high,65.88447653,0.768914502,na
Q15120-2,415.0,90.99012048,high,97.8313253,0.958126498,na
P68366-2,433.0,90.98979215,high,96.65178571,0.981811215,na
Q96CB9-3,186.0,90.98295699,high,44.27083333,0.716533738,na
O15392-5,117.0,90.98034188,high,70.86092715,0.848334387,na
O43280-2,552.0,90.97929348,high,94.51114923,0.935426145,na
Q16667-2,172.0,90.97924419,high,81.13207547,0.848043751,na
Q08431-4,343.0,90.97906706,high,88.37209302,0.898694754,na
P37268-4,306.0,90.97686275,high,73.38129496,0.786247369,na
P25788-2,248.0,90.9675,high,97.25490196,0.974014659,na
Q8N0V5-2,400.0,90.964425,high,72.88557214,0.895716304,na
Q969U7-2,233.0,90.96167382,high,88.25757576,0.910206575,na
Q99615-2,438.0,90.94842466,high,88.66396761,0.918139905,na
O60443-2,101.0,90.94158416,high,20.36290323,0.576199899,na
Q96A58-2,180.0,90.93888889,high,90.45226131,0.877941118,na
Q9Y673-2,294.0,90.93639456,high,90.74074074,0.941417202,na
Q9NPH3-2,356.0,90.93598315,high,61.75438596,0.77386935,na
Q53G59-2,606.0,90.93145215,high,93.72937294,0.92355101,na
O75818-2,340.0,90.92055882,high,93.66391185,0.937974512,na
Q86TU7-2,296.0,90.91814189,high,48.31649832,0.700853704,na
Q8TCE6-2,349.0,90.91510029,high,94.72222222,0.97810007,na
Q7L1Q6-4,423.0,90.90959811,high,99.05437352,0.944972485,na
Q71F23-2,176.0,90.89886364,high,42.10526316,0.615905587,na
Q8N0V5-3,402.0,90.89144279,high,72.9528536,0.903765634,na
Q8NDH6-2,187.0,90.88941176,high,38.7966805,0.647360556,na
P50225-2,217.0,90.88686636,high,59.35483871,0.731482718,na
Q9HAW9-2,441.0,90.8847619,high,81.69811321,0.901937371,na
O43324-2,139.0,90.88043165,high,74.71264368,0.842863966,na
Q969M7-7,161.0,90.87136646,high,81.08108108,0.866939911,na
Q12794-7,336.0,90.86690476,high,76.09195402,0.87694716,na
O00142-2,234.0,90.85700855,high,85.28301887,0.906139014,na
P54845-2,98.0,90.85653061,high,41.35021097,0.6188747,na
Q16769-2,312.0,90.84990385,high,86.4265928,0.884143051,na
A6NLP5-2,130.0,90.84161538,high,68.78306878,0.740530204,na
P35503-3,445.0,90.83973034,high,81.83520599,0.894692505,na
Q8IXQ5-5,538.0,90.8370632,high,91.80887372,0.922244859,na
Q96BD8-2,209.0,90.83267943,high,81.56862745,0.467930462,1
P63092-4,395.0,90.83017722,high,99.74683544,0.978145953,na
P13928-2,141.0,90.82567376,high,41.89602446,0.622714803,na
P20839-2,489.0,90.81920245,high,95.13618677,0.944555119,na
Q6TCH4-4,320.0,90.8176875,high,93.02325581,0.929379672,na
Q8N945-3,177.0,90.81186441,high,93.65079365,0.946299979,na
Q9UIR0-5,178.0,90.80960674,high,39.12087912,0.676990457,na
O75689-2,385.0,90.80890909,high,91.2371134,0.968419913,na
Q15257-4,281.0,90.80640569,high,78.49162011,0.85699774,na
Q7Z3B4-2,291.0,90.80505155,high,57.3964497,0.498393984,na
P62913-2,177.0,90.8040113,high,99.43820225,0.992525525,na
Q9NSP4-4,107.0,90.79990654,high,58.33333333,0.764146052,na
Q6DKJ4-3,327.0,90.79853211,high,72.37442922,0.848329221,na
P63151-2,457.0,90.79824945,high,97.37417943,0.984876412,na
P49961-4,372.0,90.78680108,high,72.94117647,0.72326853,na
P51398-2,357.0,90.78277311,high,89.69849246,0.93046602,na
O43708-3,174.0,90.78045977,high,80.55555556,0.883053769,na
Q9BY41-4,286.0,90.7784965,high,75.86206897,0.74995697,na
P05091-2,470.0,90.76976596,high,90.90909091,0.94022456,na
Q4G0N4-3,279.0,90.76827957,high,63.12217195,0.810289809,na
Q9BVC4-3,260.0,90.76692308,high,79.75460123,0.887470052,na
Q12794-2,405.0,90.76269136,high,93.10344828,0.923271499,na
Q9NVD3-4,307.0,90.76218241,high,67.72009029,0.812287153,na
P62847-3,132.0,90.74878788,high,98.4962406,0.914888653,na
P78410-2,311.0,90.74617363,high,91.91616766,0.727237196,na
Q9BY41-8,146.0,90.74527397,high,38.72679045,0.660453823,na
Q96G04-2,296.0,90.73989865,high,89.6969697,0.712642959,na
Q6P6B7-2,304.0,90.73871711,high,77.92915531,0.860674634,na
Q53F39-2,340.0,90.73335294,high,85.1010101,0.900584002,na
Q02045-2,132.0,90.73318182,high,76.30057803,0.729646142,na
P00505-2,387.0,90.72705426,high,90.0,0.762035609,na
O15527-7,356.0,90.71963483,high,91.29213483,0.936494701,na
P22570-2,497.0,90.71201207,high,98.79275654,0.944302827,na
Q86WD7-6,337.0,90.70795252,high,80.81534772,0.89938437,na
Q86X83-2,169.0,90.70295858,high,82.91457286,0.799561861,na
Q86X76-4,312.0,90.69977564,high,90.36144578,0.911584122,na
Q96G75-2,333.0,90.69447447,high,84.73282443,0.790016921,na
Q5HYI7-4,248.0,90.69415323,high,78.91373802,0.886325311,na
Q8IUI8-2,438.0,90.69121005,high,99.09502262,0.639539934,na
O75884-2,173.0,90.68687861,high,75.62189055,0.898456756,na
O94905-2,152.0,90.68256579,high,42.18289086,0.64887555,na
Q16401-2,461.0,90.67982646,high,91.46825397,0.855199027,na
Q99572-7,274.0,90.67383212,high,41.3509061,0.695515238,na
Q96NI8-2,333.0,90.67195195,high,62.12686567,0.743094834,na
Q9UNH5-3,383.0,90.67075718,high,63.8047138,0.756879283,na
Q96AT9-2,220.0,90.66909091,high,82.11382114,0.890540466,na
Q9NXR7-4,376.0,90.66739362,high,95.03916449,0.961103006,na
Q6ZMU5-2,269.0,90.66483271,high,56.39412998,0.467455766,na
Q96DT0-4,266.0,90.65349624,high,79.16666667,0.5341911,na
Q9UIC8-3,279.0,90.65107527,high,83.53293413,0.534223573,na
P68402-2,155.0,90.64690323,high,60.26200873,0.78762738,na
Q9NS85-2,253.0,90.64,high,77.13414634,0.8215892,na
P27338-2,411.0,90.63678832,high,70.94339623,0.814486054,na
P04062-5,487.0,90.6237577,high,90.85820896,0.892379554,na
O76062-2,391.0,90.62191816,high,93.54066986,0.959074331,na
P10155-2,205.0,90.62053659,high,36.48148148,0.682516481,na
Q9Y6J8-4,217.0,90.61935484,high,69.32907348,0.686632088,na
Q01344-2,335.0,90.61874627,high,79.04761905,0.859603986,na
Q86WT6-4,279.0,90.6144086,high,55.8,0.723340165,na
O43865-2,483.0,90.61306418,high,91.13207547,0.9329038,na
P22310-2,445.0,90.60698876,high,81.83520599,0.90189354,na
Q15257-3,294.0,90.60309524,high,82.12290503,0.786061766,na
O14832-2,238.0,90.59962185,high,70.41420118,0.834115384,na
P56817-5,401.0,90.59379052,high,76.52859961,0.87227942,na
P09543-2,401.0,90.59162095,high,95.24940618,0.934617583,na
Q8WXK3-2,173.0,90.59104046,high,61.8705036,0.758570893,na
Q9NPH2-2,430.0,90.57867442,high,77.0609319,0.809369647,na
Q6UW56-2,171.0,90.56614035,high,74.67248908,0.697107933,na
Q11206-5,329.0,90.56592705,high,98.4984985,0.892791366,na
Q9ULV4-2,480.0,90.56189583,high,98.75,0.881186311,na
Q14994-5,319.0,90.56003135,high,87.92134831,0.875107457,na
Q9Y5K5-2,316.0,90.55746835,high,95.74468085,0.953605301,na
Q9H871-2,98.0,90.54897959,high,24.80818414,0.584664919,na
Q8WXQ8-2,351.0,90.5408547,high,79.81651376,0.88102113,na
P53680-2,104.0,90.53307692,high,73.23943662,0.819697203,na
Q9H867-3,89.0,90.52168539,high,38.86462882,0.551419653,na
O95965-2,353.0,90.52104816,high,71.45748988,0.65798184,na
O43174-2,428.0,90.5142757,high,86.1167002,0.92268571,na
Q15833-2,590.0,90.51383051,high,99.49409781,0.965822769,na
Q9Y2F9-2,461.0,90.51253796,high,88.31417625,0.88321571,na
Q8WYA6-4,536.0,90.50591418,high,95.20426288,0.874156659,na
Q96T60-2,482.0,90.50547718,high,90.78694818,0.828540865,na
Q96FL8-2,290.0,90.49503448,high,50.35087719,0.695532123,na
Q8N4T4-4,305.0,90.4862623,high,89.85074627,0.933609528,na
Q8IXQ5-2,564.0,90.48390071,high,92.89340102,0.950739198,na
Q8NFT2-2,454.0,90.47270925,high,90.83503055,0.931432341,na
Q96DB2-2,296.0,90.47216216,high,85.30259366,0.863848844,na
Q13509-2,378.0,90.46060847,high,84.0,0.913098495,na
P22307-3,322.0,90.4557764,high,58.13528336,0.782052055,na
Q96JJ7-2,195.0,90.45307692,high,42.2907489,0.613902111,na
O60858-2,175.0,90.44725714,high,42.75184275,0.573817477,na
Q5T4B2-2,517.0,90.4459381,high,86.8907563,0.915764486,na
Q08722-2,292.0,90.44431507,high,90.40247678,0.923569802,na
P62847-2,130.0,90.42507692,high,97.7443609,0.977215949,na
Q7Z5A7-2,125.0,90.42416,high,69.93006993,0.803990811,na
Q9BW83-2,185.0,90.42243243,high,99.46236559,0.974338927,na
Q9NW38-2,380.0,90.42136842,high,98.68421053,0.772634621,na
P04818-2,279.0,90.41695341,high,89.13738019,0.874719559,na
Q9H237-3,455.0,90.4143956,high,98.48156182,0.984271251,na
Q02928-2,355.0,90.39470423,high,68.40077071,0.804278773,na
Q5T5S1-3,194.0,90.38974227,high,36.32958801,0.382414059,na
Q9UQB9-2,275.0,90.38865455,high,88.99676375,0.943043299,na
P38571-2,343.0,90.38813411,high,81.09452736,0.857097053,na
P62068-3,359.0,90.38442897,high,96.99453552,0.975045545,na
O76083-7,386.0,90.38196891,high,65.09274874,0.743674901,na
O43731-2,220.0,90.38186364,high,91.36363636,0.912179801,na
Q13795-3,154.0,90.37292208,high,76.61691542,0.841742375,na
Q69YN2-2,242.0,90.36995868,high,40.03656307,0.665096056,na
P0C024-2,185.0,90.36308108,high,77.73109244,0.870996797,na
P49903-4,324.0,90.36132716,high,81.8877551,0.905473853,na
Q9BZP6-3,315.0,90.36120635,high,66.17647059,0.646212109,na
Q13418-3,318.0,90.36100629,high,70.3539823,0.742832936,na
P56937-2,333.0,90.35735736,high,97.65395894,0.97824306,na
P22309-2,444.0,90.35168919,high,81.8011257,0.893932705,na
Q11206-6,328.0,90.34765244,high,96.6966967,0.89448795,na
Q96HA9-2,171.0,90.34526316,high,70.95435685,0.843553425,na
P54819-2,232.0,90.34392241,high,96.65271967,0.932948545,na
Q9H3H3-1,251.0,90.34179283,high,85.95890411,0.890508481,na
P36537-2,444.0,90.33448198,high,84.09090909,0.895556338,na
P02774-3,493.0,90.33022312,high,96.14604462,0.97050847,na
O00161-2,158.0,90.32664557,high,74.40758294,0.473525742,1
Q9H069-2,457.0,90.31814004,high,85.27724665,0.887743336,na
Q03154-3,343.0,90.31623907,high,84.06862745,0.852067004,na
Q96B42-2,127.0,90.30826772,high,85.31468531,0.933745362,na
Q9NYS7-3,194.0,90.30809278,high,48.01980198,0.700517986,na
P43250-2,589.0,90.30674024,high,95.58573854,0.955257642,na
P13688-2,417.0,90.30563549,high,78.8973384,0.852260854,na
P07108-3,88.0,90.30102273,high,95.45454545,0.97200522,na
O15511-2,154.0,90.29214286,high,97.4025974,0.980199956,na
Q9P0N5-3,148.0,90.29195946,high,96.62162162,0.949259846,na
P49902-2,532.0,90.28975564,high,93.93939394,0.957080273,na
Q9H977-4,349.0,90.28810888,high,95.70200573,0.966539653,na
Q99572-2,364.0,90.28733516,high,57.33113674,0.790388623,na
Q86UY8-2,464.0,90.28366379,high,84.67153285,0.888661126,na
Q9NPH0-2,271.0,90.28269373,high,61.68224299,0.680174763,na
P55735-2,308.0,90.27685065,high,95.65217391,0.936015226,na
Q9P000-2,156.0,90.26217949,high,78.78787879,0.634284824,na
Q8IYX1-2,300.0,90.26033333,high,89.28571429,0.899119913,na
Q8N336-3,326.0,90.25892638,high,97.60479042,0.960292953,na
Q8N6M0-2,192.0,90.25864583,high,65.18771331,0.783659572,na
Q9BRX8-2,218.0,90.25027523,high,95.19650655,0.962103718,na
Q9BRQ8-2,336.0,90.24988095,high,88.56382979,0.672794923,na
Q01638-4,211.0,90.2478673,high,37.41007194,0.637911502,na
P07306-2,252.0,90.23988095,high,86.25429553,0.525611337,na
P78371-2,488.0,90.23436475,high,91.21495327,0.954599587,na
Q13938-4,189.0,90.22597884,high,68.72727273,0.824128523,na
Q6PHR2-2,214.0,90.22028037,high,43.97463002,0.717288292,na
P07093-3,409.0,90.21669927,high,96.58536585,0.947434691,na
Q9NUU7-2,388.0,90.21494845,high,79.91631799,0.66735672,na
Q96LZ7-4,265.0,90.21381132,high,62.80193237,0.78113231,na
Q9H6Q4-2,233.0,90.20896996,high,48.94957983,0.708641793,na
Q9NZQ9-2,276.0,90.20826087,high,80.0,0.608262253,na
Q6JVE9-2,152.0,90.20427632,high,82.85714286,0.906956871,na
Q96EX2-4,192.0,90.19703125,high,43.24324324,0.704979402,na
Q8N118-3,444.0,90.19277027,high,87.22986248,0.919414365,na
Q8N999-3,302.0,90.1844702,high,90.79754601,0.931488195,na
Q5VUJ9-3,133.0,90.18406015,high,46.8401487,0.553053099,na
Q96DD0-2,339.0,90.18386431,high,93.58600583,0.968327914,na
P54868-2,466.0,90.18126609,high,91.73228346,0.864354553,na
Q11206-4,339.0,90.17938053,high,97.93510324,0.97025873,na
P43353-2,431.0,90.17805104,high,92.09401709,0.822998243,na
Q96PM5-4,188.0,90.175,high,66.91449814,0.781559984,na
P35813-3,455.0,90.16835165,high,83.95604396,0.90917352,na
O75679-2,288.0,90.1634375,high,90.85173502,0.904781182,na
Q3B7J2-2,280.0,90.16189286,high,72.72727273,0.841009036,na
Q13609-2,275.0,90.1616,high,90.16393443,0.907313944,na
Q99720-2,203.0,90.15246305,high,91.03139013,0.810799043,na
Q00005-2,446.0,90.14867713,high,93.81898455,0.962532251,na
Q6AZZ1-2,206.0,90.14834951,high,42.06185567,0.688963213,na
Q6TCH4-3,238.0,90.14478992,high,69.18604651,0.790318979,na
Q9Y305-3,379.0,90.14329815,high,86.33257403,0.925743598,na
Q8TC12-2,305.0,90.1417377,high,95.91194969,0.974549362,na
O60921-2,259.0,90.1392278,high,92.5,0.950842343,na
Q9Y484-3,361.0,90.13626039,high,99.72299169,0.986446188,na
Q03013-3,157.0,90.13624204,high,72.01834862,0.544747362,na
A0AVF1-3,523.0,90.13244742,high,94.40433213,0.918221925,na
Q99538-3,372.0,90.1308871,high,81.06235566,0.851937939,na
Q9H490-2,415.0,90.13028916,high,95.40229885,0.970328397,na
P49961-2,517.0,90.12210832,high,97.87234043,0.974683557,na
A6NK59-2,302.0,90.12112583,high,48.99328859,0.746812548,na
Q7LGA3-3,229.0,90.11567686,high,64.3258427,0.61580086,na
P49326-3,464.0,90.10493534,high,78.20512821,0.898714801,na
O95551-3,284.0,90.10123239,high,78.45303867,0.705298883,na
Q9BZW4-2,350.0,90.09802857,high,92.83819629,0.910438506,na
P13378-3,67.0,90.09746269,high,23.10344828,0.552045018,na
Q9NZA1-2,251.0,90.09677291,high,58.29268293,0.780841823,na
Q96CX3-2,215.0,90.09646512,high,79.33579336,0.785645327,na
Q7L5L3-1,256.0,90.09511719,high,80.50314465,0.893712522,na
Q4LDG9-3,151.0,90.0907947,high,79.47368421,0.882650739,na
O15091-4,488.0,90.08112705,high,83.70497427,0.905014749,na
Q8NFU3-2,74.0,90.06864865,high,61.73913043,0.777684515,na
Q9UMR2-3,370.0,90.06456757,high,77.24425887,0.682862506,na
P12081-3,449.0,90.05997773,high,88.21218075,0.821826631,na
P27544-2,337.0,90.05908012,high,96.28571429,0.953078279,na
Q9Y2T4-4,440.0,90.05422727,high,95.53571429,0.961818309,na
Q86UY6-4,197.0,90.05091371,high,78.99159664,0.866499344,na
O75340-2,189.0,90.04994709,high,98.95287958,0.953654118,na
Q9UKB1-2,508.0,90.04958661,high,93.72693727,0.890123439,na
P13674-2,534.0,90.04503745,high,98.12734082,0.981415403,na
Q9NPQ8-4,530.0,90.04132075,high,99.81167608,0.994398837,na
Q5VTY9-5,428.0,90.04070093,high,86.81541582,0.915630484,na
Q96MA6-2,275.0,90.03734545,high,57.41127349,0.691003819,na
P11168-2,405.0,90.036,high,76.71755725,0.846191202,na
Q9UIJ7-2,157.0,90.0322293,high,69.16299559,0.666955284,na
Q7Z5G4-3,134.0,90.02843284,high,89.05109489,0.901509642,na
Q9Y680-1,127.0,90.02307087,high,55.85585586,0.636655246,na
P57727-2,327.0,90.02278287,high,72.02643172,0.849301933,na
Q99643-3,135.0,90.02185185,high,79.8816568,0.778828916,na
Q9H857-4,390.0,90.01948718,high,75.0,0.827146793,na
P61086-3,157.0,90.01229299,high,78.5,0.792848411,na
Q96DC9-2,73.0,90.00767123,high,31.1965812,0.627293146,na
P36639-2,179.0,89.9975419,confident,87.15083799,0.899209634,na
Q3LIE5-3,205.0,89.99268293,confident,58.55072464,0.724142432,na
Q9BVK2-2,467.0,89.98929336,confident,85.12241055,0.924058496,na
Q96FL9-4,532.0,89.98351504,confident,92.58589512,0.941234343,na
P12081-2,469.0,89.98191898,confident,92.14145383,0.831320305,na
Q9NXC2-2,287.0,89.97885017,confident,73.58974359,0.834128855,na
Q96DX5-2,262.0,89.97335878,confident,84.71760797,0.908458851,na
Q16851-2,497.0,89.96593561,confident,97.83464567,0.985655815,na
Q9BUK6-5,391.0,89.96332481,confident,68.59649123,0.828286156,na
O76054-4,392.0,89.95561224,confident,90.12345679,0.963747509,na
Q9HCH3-2,301.0,89.95106312,confident,50.75885329,0.68968083,na
Q11206-2,332.0,89.93614458,confident,98.1981982,0.903720163,na
P0DPH7-2,418.0,89.9242823,confident,92.88888889,0.943374961,na
Q96PM5-2,252.0,89.91896825,confident,96.55172414,0.89630128,na
O75635-2,363.0,89.91746556,confident,95.52631579,0.958912091,na
P53384-2,309.0,89.91349515,confident,96.5625,0.97486881,na
Q9UNK4-2,62.0,89.9133871,confident,42.75862069,0.48276773,na
P04818-3,230.0,89.91204348,confident,73.48242812,0.632757988,na
Q9NSK7-2,77.0,89.90896104,confident,50.65789474,0.358777523,na
Q8IWW8-3,303.0,89.90881188,confident,64.02569593,0.710248286,na
P05108-2,363.0,89.90641873,confident,69.67370441,0.821520991,na
O60832-2,420.0,89.90385714,confident,81.51750973,0.829058192,na
P84022-4,230.0,89.90352174,confident,54.11764706,0.69935041,na
P04179-2,183.0,89.90234973,confident,82.43243243,0.541325656,na
O75072-2,430.0,89.89916279,confident,92.19088937,0.872221447,na
Q4LDG9-2,77.0,89.89701299,confident,40.52631579,0.646537554,na
Q95460-5,214.0,89.89369159,confident,62.75659824,0.726391377,na
Q96PP8-2,489.0,89.89157464,confident,83.27645051,0.901792316,na
P49590-2,481.0,89.89120582,confident,95.05928854,0.917659161,na
P22570-5,483.0,89.8905383,confident,98.3706721,0.922884345,na
Q9UKU7-2,288.0,89.8890625,confident,69.15662651,0.826159299,na
Q13228-3,410.0,89.88868293,confident,86.86440678,0.907235639,na
Q92947-2,428.0,89.88824766,confident,94.97716895,0.913546993,na
Q9BWP8-8,197.0,89.88680203,confident,64.41281139,0.662034117,na
P54108-2,258.0,89.88379845,confident,94.96124031,0.927591045,na
Q14982-3,304.0,89.87539474,confident,88.11594203,0.845855166,na
P32322-2,316.0,89.86857595,confident,93.75,0.898536337,na
P05166-2,559.0,89.86810376,confident,96.42218247,0.972284033,na
P55058-4,405.0,89.85516049,confident,82.15010142,0.854468543,na
O95864-4,413.0,89.84612591,confident,82.42950108,0.91243598,na
Q5XG92-5,468.0,89.84405983,confident,76.11683849,0.860888061,na
Q8WWY3-3,278.0,89.84269784,confident,55.71142285,0.732463248,na
Q9Y5K5-4,326.0,89.84257669,confident,95.48192771,0.988077001,na
Q9NY97-2,393.0,89.83857506,confident,97.98488665,0.890908438,na
Q9NUZ1-2,517.0,89.83680851,confident,94.51553931,0.89158763,na
A0AVF1-2,487.0,89.83353183,confident,85.79136691,0.876818001,na
Q9H9T3-4,428.0,89.83240654,confident,76.6848816,0.886689405,na
Q99489-2,282.0,89.83120567,confident,82.69794721,0.900817609,na
P51649-2,548.0,89.82826642,confident,97.62773723,0.966297414,na
O76083-9,433.0,89.82309469,confident,72.34401349,0.704708637,na
P52298-3,103.0,89.81262136,confident,65.38461538,0.752026429,na
Q9H115-2,259.0,89.80926641,confident,86.91275168,0.868039601,na
P61086-2,149.0,89.80879195,confident,74.5,0.790636031,na
P05538-2,227.0,89.80488987,confident,84.70149254,0.76206418,na
P00390-3,493.0,89.79809331,confident,94.44444444,0.903598743,na
Q9NPF2-2,347.0,89.79106628,confident,98.29545455,0.892302784,na
P49753-2,301.0,89.79086379,confident,62.31884058,0.728103476,na
Q16635-9,224.0,89.78700893,confident,76.71232877,0.859449053,na
Q9NQR9-3,154.0,89.7862987,confident,40.99722992,0.619517347,na
Q96IF1-2,121.0,89.78404959,confident,22.49070632,0.557934347,na
Q15646-3,384.0,89.77794271,confident,74.70817121,0.523574257,na
Q2VPA4-2,181.0,89.77176796,confident,31.6344464,0.545763722,na
Q8N2K0-3,360.0,89.76605556,confident,90.45226131,0.923937676,na
Q8N3R3-4,352.0,89.76161932,confident,70.96774194,0.777773907,na
Q12794-4,209.0,89.75650718,confident,47.5862069,0.646465456,na
Q10588-2,260.0,89.75184615,confident,80.50314465,0.838343496,na
P36873-2,337.0,89.75038576,confident,93.76854599,0.937492967,na
Q5JVF3-3,376.0,89.7493617,confident,94.23558897,0.95432055,na
Q6NT32-3,469.0,89.7319403,confident,81.56521739,0.865637905,na
P50135-3,51.0,89.73078431,confident,15.75342466,0.470902822,na
Q8IUF8-4,464.0,89.73077586,confident,99.78494624,0.96111793,na
Q15777-2,277.0,89.71563177,confident,87.07482993,0.953426684,na
P20839-3,563.0,89.70232682,confident,91.29662522,0.944512826,na
P36980-2,243.0,89.70218107,confident,89.62962963,0.590885114,na
Q5JTJ3-3,79.0,89.69620253,confident,63.2,0.747566899,na
P61916-2,125.0,89.69168,confident,80.13245033,0.81188633,na
Q86Y78-2,76.0,89.68171053,confident,42.69005848,0.321342868,na
Q9UFF9-2,186.0,89.68080645,confident,63.69863014,0.708775843,na
Q86TS9-2,64.0,89.6790625,confident,52.03252033,0.701809503,na
Q9BXM7-2,274.0,89.67868613,confident,45.26678141,0.714345706,na
Q8TAP4-3,156.0,89.66807692,confident,92.94871795,0.875905568,na
P30085-3,228.0,89.65899123,confident,85.96491228,0.929261473,na
Q6P4E1-3,177.0,89.65536723,confident,37.98627002,0.507014486,na
Q9P2R7-2,441.0,89.65260771,confident,95.24838013,0.917809166,na
Q14116-2,189.0,89.65201058,confident,97.92746114,0.872240784,na
P55735-4,325.0,89.64790769,confident,99.07692308,0.973858726,na
P11802-2,183.0,89.64699454,confident,60.3960396,0.736207448,na
Q9BQT8-2,298.0,89.64607383,confident,99.66555184,0.978326924,na
Q02252-2,522.0,89.64565134,confident,97.57009346,0.925956061,na
Q9NSB8-2,343.0,89.6454519,confident,96.89265537,0.853720975,na
Q12933-4,476.0,89.64023109,confident,95.00998004,0.67561154,na
Q13740-3,133.0,89.63992481,confident,22.46998285,0.532818632,na
Q6PHR2-3,470.0,89.63931915,confident,99.57627119,0.946776543,na
Q9H237-2,456.0,89.63684211,confident,98.9154013,0.989964277,na
Q15907-2,179.0,89.63569832,confident,74.88986784,0.866210974,na
Q6GPH4-4,122.0,89.63032787,confident,40.53156146,0.338763956,na
O95445-2,116.0,89.62931034,confident,61.70212766,0.692634366,na
Q9NXR7-3,379.0,89.62488127,confident,94.77806789,0.859132722,na
Q3SY77-2,489.0,89.61537832,confident,93.49904398,0.926576617,na
O14775-3,283.0,89.61519435,confident,71.64556962,0.849850176,na
O15460-2,533.0,89.60611632,confident,97.75700935,0.974954064,na
Q9H944-2,123.0,89.60365854,confident,54.71698113,0.704157086,na
P46736-4,202.0,89.59554455,confident,63.92405063,0.780117504,na
Q3MHD2-2,198.0,89.59515152,confident,97.97979798,0.898032961,na
P47870-3,313.0,89.59492013,confident,57.11538462,0.758396432,na
Q8N1L4-2,292.0,89.59208904,confident,85.88235294,0.850509895,na
Q9Y5L3-2,472.0,89.58917373,confident,95.35353535,0.75725879,na
Q01638-2,328.0,89.58609756,confident,58.45323741,0.714441389,na
Q8WZ04-2,251.0,89.57721116,confident,86.25429553,0.840617012,na
Q9H5I1-2,350.0,89.56688571,confident,85.36585366,0.917053586,na
P06493-2,240.0,89.566375,confident,80.80808081,0.815462595,na
Q8TAS1-3,345.0,89.56165217,confident,79.23627685,0.89219013,na
P30047-2,73.0,89.5590411,confident,86.9047619,0.674356534,na
Q96AB3-2,221.0,89.55488688,confident,92.760181,0.946409881,na
O43402-2,126.0,89.55206349,confident,60.0,0.77093758,na
Q13404-8,105.0,89.55066667,confident,71.42857143,0.690533677,na
Q8N5T2-2,461.0,89.54234273,confident,87.64258555,0.876607658,na
P04075-2,418.0,89.54215311,confident,87.08133971,0.92823201,na
O75600-2,445.0,89.54195506,confident,94.15730337,0.923170854,na
Q8WY98-3,140.0,89.5415,confident,82.31707317,0.824092885,na
P04179-3,162.0,89.54098765,confident,72.97297297,0.540695928,na
Q9BZW5-2,339.0,89.53637168,confident,91.62162162,0.953384095,na
P25786-2,269.0,89.53133829,confident,97.39776952,0.907687336,na
Q6IB77-2,163.0,89.52797546,confident,54.72972973,0.685091995,na
Q9H313-2,451.0,89.5254102,confident,99.77827051,0.977582198,na
O95498-5,119.0,89.51773109,confident,22.11538462,0.530274144,na
P61764-2,603.0,89.51746269,confident,95.87458746,0.939763085,na
Q07812-6,114.0,89.51745614,confident,59.375,0.535212207,na
Q16539-2,360.0,89.51708333,confident,96.11111111,0.981004229,na
Q86YQ8-2,233.0,89.51635193,confident,41.31205674,0.689724484,na
Q9C0J1-2,353.0,89.50563739,confident,93.38624339,0.88277741,na
O75419-2,520.0,89.49721154,confident,91.87279152,0.912826209,na
P22307-7,503.0,89.49151093,confident,91.95612431,0.709095203,na
Q8TAM2-2,250.0,89.48988,confident,46.21072089,0.650706495,na
Q9NYA1-3,398.0,89.48494975,confident,96.48241206,0.970390815,na
Q9BRQ3-3,270.0,89.48407407,confident,89.10891089,0.895009235,na
Q9UBQ5-2,211.0,89.48322275,confident,95.87155963,0.894731591,na
Q8TBG4-2,493.0,89.47758621,confident,98.79759519,0.908081863,na
Q8WU10-2,429.0,89.4741958,confident,85.8,0.883665167,na
Q9H257-3,366.0,89.4686612,confident,67.7238806,0.50398823,na
Q8TDB8-2,497.0,89.46444668,confident,94.61538462,0.962728988,na
Q8NEA4-3,157.0,89.46350318,confident,82.9787234,0.650424288,na
P18754-2,452.0,89.46267699,confident,93.14159292,0.922803188,na
Q15485-2,275.0,89.45898182,confident,87.85942492,0.817083894,na
Q8IUC8-2,486.0,89.45160494,confident,84.71223022,0.898923542,na
Q96AZ6-2,86.0,89.45116279,confident,40.0,0.667920858,na
P41221-2,365.0,89.44846575,confident,96.05263158,0.957315226,na
P28482-2,316.0,89.44303797,confident,87.77777778,0.72434569,na
Q7KYR7-4,334.0,89.43565868,confident,62.5,0.579629635,na
P61328-2,181.0,89.43497238,confident,72.83950617,0.747393984,na
P04899-2,339.0,89.4299705,confident,88.36565097,0.939870862,na
Q9Y639-4,337.0,89.42922849,confident,81.40703518,0.775394265,na
Q15528-2,140.0,89.426,confident,68.5,0.666118282,na
Q9NRW4-2,205.0,89.42443902,confident,83.98058252,0.904831492,na
P61244-3,103.0,89.41854369,confident,61.25,0.71701589,na
Q14994-6,324.0,89.40839506,confident,86.70360111,0.890845522,na
P33260-2,431.0,89.40723898,confident,87.95918367,0.890641911,na
P04899-4,366.0,89.40625683,confident,86.49350649,0.948282852,na
Q86WD7-5,286.0,89.40269231,confident,68.58513189,0.824144443,na
P36269-2,554.0,89.39351986,confident,94.53924915,0.786458657,na
P80188-2,198.0,89.39161616,confident,97.47474747,0.960310327,na
Q9P1P5-2,306.0,89.38901961,confident,87.17948718,0.915365142,na
P0DTE4-5,527.0,89.38872865,confident,84.58844133,0.883801511,na
Q8WTT0-2,182.0,89.38571429,confident,85.44600939,0.855201578,na
P29016-2,278.0,89.37456835,confident,83.48348348,0.755325245,na
P07098-3,408.0,89.37438725,confident,97.54901961,0.963067851,na
P49961-6,522.0,89.37319923,confident,96.74329502,0.963225346,na
Q9Y285-2,477.0,89.37012579,confident,93.8976378,0.626505045,na
Q8NHW4-2,87.0,89.36896552,confident,94.56521739,0.719955862,na
Q9C035-5,271.0,89.36409594,confident,50.9127789,0.453022332,na
Q6QAJ8-2,150.0,89.36253333,confident,93.75,0.930111457,na
Q99873-5,285.0,89.36249123,confident,76.81940701,0.780000224,na
Q13642-5,296.0,89.35449324,confident,71.09144543,0.713543485,na
O00154-5,350.0,89.33882857,confident,87.10526316,0.91730062,na
Q8TB92-2,340.0,89.33573529,confident,91.89189189,0.878456757,na
Q9Y2T4-2,447.0,89.33243848,confident,93.85964912,0.961411362,na
Q08722-3,305.0,89.33186885,confident,93.80804954,0.938348077,na
Q9Y303-2,439.0,89.33136674,confident,93.16628702,0.957257009,na
P62070-2,127.0,89.32937008,confident,62.25490196,0.743197587,na
O43759-2,191.0,89.31251309,confident,72.53218884,0.843158278,na
Q9BYB4-2,212.0,89.31198113,confident,64.22018349,0.770744457,na
O43820-4,138.0,89.30971014,confident,32.85371703,0.528298473,na
A4QPB2-2,224.0,89.30705357,confident,86.9047619,0.91181417,na
P53365-2,256.0,89.30433594,confident,67.32954545,0.789126492,na
P33316-2,164.0,89.30390244,confident,63.49206349,0.71165828,na
Q92759-2,220.0,89.30240909,confident,47.4025974,0.669510122,na
Q9Y251-3,469.0,89.28424307,confident,86.37200737,0.863044433,na
P22307-8,523.0,89.27202677,confident,95.61243144,0.777488259,na
Q15051-3,303.0,89.26544554,confident,48.19078947,0.719595666,na
O75602-4,270.0,89.26240741,confident,53.04518664,0.592220543,na
Q9H477-2,286.0,89.25972028,confident,82.46153846,0.863442544,na
P00973-2,364.0,89.25802198,confident,84.46601942,0.924128118,na
Q99832-3,499.0,89.25448898,confident,91.89686924,0.934667415,na
Q9H310-2,411.0,89.25209246,confident,85.33333333,0.928847493,na
Q92485-2,373.0,89.24868633,confident,72.88135593,0.830369308,na
P61326-2,109.0,89.24752294,confident,74.65753425,0.818117825,na
Q7L5Y1-5,474.0,89.24729958,confident,79.96070727,0.909883001,na
Q6ZS86-2,301.0,89.24564784,confident,52.24719101,0.726099154,na
Q7KYR7-6,330.0,89.23763636,confident,62.23908918,0.579536513,na
Q9HDC9-2,289.0,89.23615917,confident,68.50961538,0.718579094,na
Q9NZN4-2,407.0,89.23498771,confident,74.95395948,0.861507541,na
O75469-2,379.0,89.23324538,confident,87.32718894,0.74070468,na
Q9NXR8-3,93.0,89.23311828,confident,21.29186603,0.513847195,na
Q15833-3,604.0,89.23289735,confident,98.17880795,0.954155977,na
Q11203-2,390.0,89.22897436,confident,95.8974359,0.89263724,na
P00973-4,360.0,89.22366667,confident,84.84107579,0.932047736,na
Q658P3-3,487.0,89.21798768,confident,99.79508197,0.920884889,na
O60256-4,283.0,89.21763251,confident,76.69376694,0.803887703,na
Q8IUF8-2,280.0,89.21346429,confident,57.20430108,0.720892494,na
O00182-2,323.0,89.20798762,confident,90.98591549,0.901298393,na
Q9UJT1-2,398.0,89.20635678,confident,87.85871965,0.899734019,na
Q9H227-2,162.0,89.20376543,confident,34.54157783,0.527214389,na
Q9BT40-2,372.0,89.2013172,confident,83.03571429,0.88578015,na
Q9BWD1-2,426.0,89.19960094,confident,89.71962617,0.957139634,na
Q11206-7,318.0,89.19525157,confident,95.1951952,0.935874692,na
A2RU49-2,172.0,89.19174419,confident,43.43163539,0.671985674,na
P78556-2,95.0,89.19052632,confident,98.95833333,0.878445612,na
P60174-3,286.0,89.18388112,confident,87.06293706,0.932660095,na
P08559-4,428.0,89.17766355,confident,91.12149533,0.915716518,na
Q06124-3,460.0,89.17141304,confident,77.40303541,0.880508038,na
Q9Y600-2,346.0,89.17023121,confident,70.18255578,0.784706384,na
O15392-6,78.0,89.16846154,confident,52.11267606,0.728146342,na
Q16653-10,171.0,89.16391813,confident,59.4488189,0.703213855,na
O60243-2,249.0,89.16365462,confident,57.90754258,0.728158397,na
Q99832-2,339.0,89.15690265,confident,62.0626151,0.766815303,na
Q8TE04-4,400.0,89.156475,confident,61.96013289,0.770146332,na
Q9Y574-2,349.0,89.15378223,confident,77.46478873,0.866046573,na
Q9NXR8-2,92.0,89.14728261,confident,21.53110048,0.511440057,na
Q5TC63-2,266.0,89.14507519,confident,64.72222222,0.802641202,na
Q6ZNC8-2,346.0,89.13410405,confident,68.08080808,0.809414527,na
P25800-2,155.0,89.13051613,confident,98.71794872,0.953165639,na
Q9C035-6,257.0,89.12941634,confident,51.31845842,0.402358122,na
P22570-7,522.0,89.1259387,confident,92.72030651,0.916446146,na
Q8WTV0-2,509.0,89.12563851,confident,84.97316637,0.923726287,na
P53609-2,300.0,89.1207,confident,79.57559682,0.858608258,na
Q9UI12-2,465.0,89.11651613,confident,96.27329193,0.969926708,na
Q9BUZ4-2,198.0,89.10535354,confident,42.12765957,0.582895159,na
O43820-2,387.0,89.10328165,confident,92.8057554,0.922025048,na
Q02083-3,199.0,89.09517588,confident,54.87465181,0.707350199,na
Q7Z3S9-2,230.0,89.0946087,confident,90.29535865,0.882439649,na
Q8N6D5-3,268.0,89.0875,confident,89.03654485,0.879086191,na
Q9BV20-2,322.0,89.0752795,confident,81.84281843,0.903406205,na
P48426-2,347.0,89.07247839,confident,85.4679803,0.915034189,na
Q8TD10-2,261.0,89.06532567,confident,59.04977376,0.415889298,na
O00743-3,342.0,89.05994152,confident,89.18128655,0.940304832,na
Q6UWM5-2,233.0,89.05729614,confident,95.8677686,0.867613679,na
Q9P126-2,196.0,89.0572449,confident,85.15283843,0.852602919,na
Q9NVX2-2,193.0,89.05683938,confident,39.79381443,0.655879096,na
Q96I15-2,317.0,89.05362776,confident,69.12751678,0.791842674,na
Q5VTE6-2,375.0,89.05328,confident,68.93382353,0.796581358,na
Q9C029-4,329.0,89.0500304,confident,61.25244618,0.617168365,na
Q6ZN54-4,391.0,89.0497954,confident,76.3671875,0.778709856,na
Q9NPQ8-3,537.0,89.04862197,confident,98.88268156,0.95968947,na
Q9BY76-3,239.0,89.04104603,confident,58.86699507,0.746730018,na
P04798-2,189.0,89.03835979,confident,36.71875,0.620497688,na
P49593-2,350.0,89.0352,confident,74.44933921,0.779372769,na
P17693-5,319.0,89.03247649,confident,89.08554572,0.874484744,na
Q8NDH3-2,412.0,89.03133495,confident,73.99617591,0.872161949,na
P54108-3,268.0,89.02817164,confident,91.41791045,0.87592528,na
Q96FM1-3,299.0,89.02401338,confident,93.4375,0.89865632,na
P11172-4,205.0,89.02307317,confident,42.70833333,0.547469637,na
P59998-3,187.0,89.01764706,confident,89.30481283,0.931685653,na
Q1MX18-3,334.0,89.01356287,confident,52.73972603,0.735795313,na
Q71U36-2,416.0,89.01158654,confident,92.23946785,0.929775116,na
O75436-2,251.0,89.01023904,confident,74.31192661,0.864238025,na
P55345-7,277.0,89.00805054,confident,63.97228637,0.696842647,na
Q6ZV70-2,388.0,89.0032732,confident,86.04651163,0.941795746,na
Q9HD40-3,500.0,89.00242,confident,92.32283465,0.907597003,na
Q13114-2,485.0,89.0005567,confident,85.38732394,0.384552252,1
O60260-4,274.0,88.99051095,confident,58.92473118,0.642234978,na
O94766-2,315.0,88.9871746,confident,89.9408284,0.796346166,na
P11117-2,160.0,88.9846875,confident,36.0,0.544454145,na
Q14994-8,357.0,88.97563025,confident,98.59943978,0.944560458,na
Q96M95-2,242.0,88.96665289,confident,76.58227848,0.486488879,1
Q6P4A7-3,221.0,88.96556561,confident,65.57863501,0.817726446,na
P51606-2,254.0,88.96204724,confident,54.77855478,0.747970913,na
Q99471-3,109.0,88.96027523,confident,70.77922078,0.632697409,na
P15882-3,433.0,88.95755196,confident,94.33551198,0.937363878,na
A6H8Z2-2,156.0,88.94961538,confident,38.55721393,0.648866362,na
Q96P11-5,391.0,88.9470844,confident,91.14219114,0.918274572,na
O60825-2,471.0,88.94696391,confident,90.0990099,0.867810538,na
Q9UI42-2,388.0,88.94641753,confident,92.16152019,0.744243348,na
P17693-2,246.0,88.94304878,confident,72.4852071,0.488654573,1
Q9BZG8-2,363.0,88.94209366,confident,81.94130926,0.804695942,na
P48728-3,359.0,88.94119777,confident,89.08188586,0.866314722,na
Q969X2-2,299.0,88.93745819,confident,89.78978979,0.80632962,na
O75897-2,227.0,88.92665198,confident,75.16556291,0.831468282,na
Q96PM5-3,179.0,88.92631285,confident,68.58237548,0.79413802,na
P17812-2,360.0,88.92038889,confident,60.91370558,0.755482065,na
Q71UI9-5,66.0,88.9130303,confident,51.5625,0.601590726,na
Q7L5D6-2,274.0,88.90689781,confident,83.79204893,0.869624167,na
Q5TC63-3,344.0,88.90476744,confident,86.38888889,0.940152073,na
Q6TCH7-3,269.0,88.90405204,confident,85.20900322,0.843325292,na
Q9Y5Z0-4,439.0,88.90284738,confident,84.74903475,0.865482046,na
Q9NZL9-3,259.0,88.90003861,confident,70.84548105,0.764171578,na
Q15007-2,151.0,88.89622517,confident,37.87878788,0.484782586,na
O43293-2,322.0,88.8952795,confident,69.16299559,0.834477924,na
P46597-3,373.0,88.89128686,confident,92.49329759,0.94508363,na
O00458-2,401.0,88.89032419,confident,88.9135255,0.92408625,na
Q6P587-3,248.0,88.88943548,confident,86.29032258,0.945004757,na
P07288-3,218.0,88.88568807,confident,83.14176245,0.831474965,na
Q9Y664-2,196.0,88.87137755,confident,44.95412844,0.70643146,na
P68363-2,335.0,88.86725373,confident,74.27937916,0.84558175,na
P55345-3,331.0,88.86564955,confident,76.44341801,0.721456478,na
P22694-2,398.0,88.86530151,confident,85.42713568,0.929404196,na
Q969Z3-2,257.0,88.8629572,confident,73.60703812,0.712799112,na
P28039-2,543.0,88.86066298,confident,94.43478261,0.893028409,na
Q9H974-2,292.0,88.86037671,confident,70.36144578,0.767484173,na
Q9UIR0-4,245.0,88.8584898,confident,53.84615385,0.676878775,na
O14796-2,77.0,88.85597403,confident,58.33333333,0.724791606,na
Q15392-2,475.0,88.85357895,confident,82.80373832,0.915845381,na
O43734-4,109.0,88.8533945,confident,18.98954704,0.54794483,na
Q14240-2,408.0,88.8510049,confident,99.75490196,0.952099629,na
Q8TE99-2,464.0,88.84915948,confident,94.375,0.914183704,na
P54619-2,299.0,88.84819398,confident,90.33232628,0.935451625,na
Q7Z7A4-2,515.0,88.84642718,confident,88.23529412,0.89691656,na
Q00888-2,326.0,88.84555215,confident,77.56563246,0.605027315,na
P33763-2,110.0,88.84409091,confident,83.63636364,0.91509451,na
Q8IZD6-2,245.0,88.84310204,confident,44.42413163,0.708818214,na
Q8WTV0-4,474.0,88.84086498,confident,77.81753131,0.866525652,na
Q1ZYL8-4,158.0,88.84012658,confident,68.10344828,0.807295486,na
Q86YJ6-2,405.0,88.83446914,confident,75.05070994,0.864889621,na
Q86WQ0-2,167.0,88.83053892,confident,82.63473054,0.907309631,na
P49802-2,469.0,88.82989339,confident,92.12121212,0.948682203,na
Q9Y221-2,133.0,88.82894737,confident,73.88888889,0.844085647,na
O95249-2,185.0,88.82778378,confident,74.0,0.478474084,1
Q9Y251-2,485.0,88.82449485,confident,89.13443831,0.905318571,na
P49903-2,321.0,88.82211838,confident,81.8877551,0.884740464,na
Q9NUZ1-4,580.0,88.82032759,confident,84.42622951,0.841467534,na
Q96DC7-2,499.0,88.8104008,confident,98.79759519,0.897913053,na
Q9NVV5-3,186.0,88.80747312,confident,78.1512605,0.851942662,na
Q8WTV0-5,506.0,88.80164032,confident,85.48387097,0.943856476,na
P61599-2,111.0,88.7990991,confident,58.42696629,0.736504939,na
P01112-2,170.0,88.79594118,confident,80.41237113,0.839955513,na
Q5W5X9-3,393.0,88.79246819,confident,85.14412417,0.865693133,na
Q9H5U6-2,229.0,88.79131004,confident,44.63937622,0.659758071,na
P36404-2,157.0,88.78993631,confident,85.32608696,0.870501495,na
Q3SXZ7-2,347.0,88.78674352,confident,68.79120879,0.810147602,na
Q13404-7,170.0,88.78276471,confident,82.35294118,0.891391688,na
Q8IUX1-5,200.0,88.7825,confident,86.95652174,0.879893302,na
Q969W1-2,361.0,88.78121884,confident,95.75596817,0.906897716,na
P40933-2,135.0,88.7782963,confident,75.5952381,0.782786659,na
Q16774-2,218.0,88.77275229,confident,90.36697248,0.94849099,na
Q8TBG4-3,441.0,88.77045351,confident,88.17635271,0.846364194,na
P51948-2,267.0,88.76685393,confident,86.40776699,0.658302513,na
P35030-2,260.0,88.76584615,confident,85.19736842,0.869858209,na
Q07812-7,173.0,88.75930636,confident,90.10416667,0.949119615,na
Q8IW45-4,237.0,88.75388186,confident,62.53521127,0.814342195,na
Q8N336-2,190.0,88.75031579,confident,56.88622754,0.735750084,na
Q9Y3A2-2,148.0,88.745,confident,57.31225296,0.652734314,na
P62166-2,172.0,88.74034884,confident,88.42105263,0.935946694,na
Q9NXK8-2,273.0,88.73600733,confident,83.74233129,0.902704885,na
Q9Y305-2,406.0,88.72975369,confident,92.25512528,0.951762575,na
Q9BYT1-3,216.0,88.72587963,confident,48.16513761,0.696473959,na
Q9NYY1-2,151.0,88.72483444,confident,85.79545455,0.666230894,na
Q53H96-2,254.0,88.71944882,confident,92.70072993,0.907973718,na
Q13510-2,411.0,88.71586375,confident,90.55690073,0.921823525,na
Q9Y2G5-2,380.0,88.71373684,confident,88.11188811,0.855778649,na
Q13303-3,415.0,88.71373494,confident,76.83486239,0.861755307,na
P55212-2,204.0,88.7097549,confident,69.62457338,0.722577222,na
Q9H1K1-2,142.0,88.70873239,confident,77.84431138,0.860504463,na
P49758-16,460.0,88.70623913,confident,96.8220339,0.907924816,na
O00748-2,543.0,88.70399632,confident,96.9588551,0.946933828,na
Q9NP91-2,555.0,88.69990991,confident,93.75,0.956067546,na
Q6P1Q0-5,100.0,88.6999,confident,27.77777778,0.590353803,na
Q9UDW1-2,62.0,88.68451613,confident,72.85714286,0.874547328,na
Q9Y5Z0-5,423.0,88.68335697,confident,81.66023166,0.847154431,na
Q969K4-2,336.0,88.68157738,confident,70.29288703,0.823779261,na
P62136-3,286.0,88.67996503,confident,86.66666667,0.847191939,na
P45880-1,309.0,88.67860841,confident,90.44585987,0.967244984,na
Q8NBZ7-2,425.0,88.67583529,confident,98.82352941,0.880475934,na
Q96JD6-5,222.0,88.67351351,confident,69.375,0.719894229,na
P61204-2,144.0,88.67236111,confident,79.55801105,0.610513282,na
Q9NWM0-2,502.0,88.67155378,confident,90.45045045,0.891750715,na
Q96LZ7-3,211.0,88.66578199,confident,48.06763285,0.686225255,na
Q8N149-3,425.0,88.65604706,confident,87.57763975,0.886894928,na
P23280-3,248.0,88.65564516,confident,80.51948052,0.807949773,na
Q96PS8-2,264.0,88.65291667,confident,78.75816993,0.84435656,na
Q53GQ0-2,98.0,88.65234694,confident,30.12820513,0.434869368,na
Q8WV74-2,140.0,88.65085714,confident,57.62711864,0.770925374,na
P47804-2,295.0,88.64898305,confident,98.6440678,0.973607697,na
Q3SXM5-2,275.0,88.64338182,confident,83.33333333,0.875284191,na
Q71UI9-2,114.0,88.64157895,confident,85.15625,0.888932237,na
O95498-3,192.0,88.63848958,confident,35.12476008,0.611019874,na
P14373-2,358.0,88.63687151,confident,69.20077973,0.663623765,na
P24462-2,535.0,88.62495327,confident,93.27102804,0.958347496,na
Q13362-3,485.0,88.62070103,confident,92.55725191,0.873753328,na
Q9Y286-4,145.0,88.62062069,confident,30.83511777,0.556038977,na
Q9NPI0-2,105.0,88.61952381,confident,62.34567901,0.796098632,na
O75419-3,598.0,88.61943144,confident,94.64882943,0.943847348,na
Q8N5D6-3,330.0,88.61669697,confident,94.81268012,0.871530803,na
Q9H974-4,427.0,88.61370023,confident,97.18969555,0.929443614,na
P08397-4,304.0,88.61286184,confident,84.21052632,0.87720479,na
Q9UGJ0-2,328.0,88.60768293,confident,57.64499121,0.779672923,na
P08962-2,215.0,88.60674419,confident,90.33613445,0.830078117,na
Q30201-8,276.0,88.60416667,confident,79.02298851,0.809077296,na
Q6ZWL3-2,503.0,88.60335984,confident,95.80952381,0.888091416,na
Q6X784-2,316.0,88.60294304,confident,93.49112426,0.943864814,na
Q9UJ70-2,390.0,88.60087179,confident,88.20512821,0.932535918,na
Q9UMR7-4,165.0,88.59630303,confident,69.62025316,0.71689482,na
A6NC86-4,116.0,88.58784483,confident,56.8627451,0.712404798,na
O15519-4,235.0,88.58523404,confident,48.95833333,0.663844595,na
Q5T215-2,97.0,88.58268041,confident,53.59116022,0.690649749,na
Q6EIG7-2,179.0,88.57776536,confident,85.64593301,0.818915076,na
Q75NE6-2,32.0,88.5771875,confident,26.02739726,0.248686579,na
Q1MX18-2,532.0,88.57595865,confident,91.88255613,0.893641549,na
Q9NPH2-3,504.0,88.57394841,confident,90.32258065,0.815631439,na
Q9NZS2-2,181.0,88.5718232,confident,78.35497835,0.59714349,na
P35520-2,565.0,88.56950442,confident,97.34513274,0.681299949,na
Q9HCM9-2,488.0,88.56639344,confident,94.20849421,0.515991916,na
Q53H76-2,376.0,88.56606383,confident,81.79824561,0.829572101,na
Q08722-4,311.0,88.56572347,confident,96.28482972,0.965777098,na
Q86Y37-4,246.0,88.56434959,confident,66.66666667,0.698511268,na
Q9NZD8-2,281.0,88.56142349,confident,91.23376623,0.946045864,na
P42679-3,466.0,88.56066524,confident,91.91321499,0.861369053,na
O00481-4,461.0,88.55735358,confident,89.86354776,0.422952178,1
P61224-4,142.0,88.5571831,confident,77.17391304,0.842184249,na
Q969S2-4,216.0,88.55175926,confident,65.06024096,0.761903865,na
Q5FYB1-2,426.0,88.55115023,confident,74.86818981,0.795079648,na
Q9UHH9-3,70.0,88.55042857,confident,16.1971831,0.446432684,na
O43570-2,343.0,88.54970845,confident,96.89265537,0.774143036,na
Q9NXS3-2,300.0,88.54493333,confident,52.53940455,0.728352398,na
Q7Z692-2,142.0,88.54105634,confident,47.0,0.630144425,na
O76083-11,459.0,88.53843137,confident,77.06576728,0.692073678,na
Q96E66-2,158.0,88.53810127,confident,71.56862745,0.80314068,na
Q9NRS4-4,397.0,88.53770781,confident,90.38901602,0.947857068,na
Q9Y5L3-3,449.0,88.53109131,confident,90.70707071,0.800989674,na
P13688-11,368.0,88.52442935,confident,68.63117871,0.717207071,na
Q9Y286-3,145.0,88.52213793,confident,30.83511777,0.554575025,na
Q7L5Y6-2,561.0,88.51647059,confident,98.03921569,0.987148477,na
Q96F44-3,467.0,88.51182013,confident,99.78632479,0.701995308,na
P54315-3,117.0,88.51119658,confident,23.55460385,0.5271233,na
Q9UM21-2,423.0,88.50955083,confident,71.68784029,0.543028545,na
Q15185-4,139.0,88.5052518,confident,86.875,0.759792388,na
Q8N5X7-2,118.0,88.50338983,confident,52.67857143,0.71641078,na
P04217-2,373.0,88.50211796,confident,75.35353535,0.822435051,na
Q92990-2,417.0,88.49860911,confident,68.34170854,0.83748233,na
Q7Z434-5,124.0,88.48991935,confident,19.59334566,0.502416709,na
P54819-6,191.0,88.4852356,confident,79.91631799,0.690878827,na
Q9BWS9-2,418.0,88.48495215,confident,94.01913876,0.905325553,na
P17693-4,246.0,88.48455285,confident,72.78106509,0.66764619,na
Q3ZCQ8-3,240.0,88.48383333,confident,64.87252125,0.821516872,na
O15379-2,429.0,88.47622378,confident,95.62211982,0.93584308,na
Q8WVV5-2,336.0,88.47571429,confident,62.85714286,0.566413191,na
Q6ICL3-3,273.0,88.47479853,confident,86.25429553,0.966787191,na
Q16548-2,163.0,88.47447853,confident,79.00552486,0.889756784,na
P48059-4,329.0,88.46693009,confident,98.78419453,0.520265065,na
Q658P3-2,498.0,88.46114458,confident,97.99196787,0.911162296,na
Q9BYW1-3,499.0,88.45955912,confident,98.59719439,0.971632944,na
Q86U10-3,579.0,88.45924007,confident,98.96373057,0.671512048,na
Q8WUF8-3,370.0,88.45918919,confident,88.94230769,0.929331021,na
A6NFU8-2,142.0,88.45859155,confident,72.44897959,0.742410201,na
Q8N0Z8-2,142.0,88.4571831,confident,46.86468647,0.631095956,na
Q9Y2I2-2,364.0,88.45590659,confident,67.16141002,0.803045225,na
Q9NZA1-3,205.0,88.45531707,confident,44.12470024,0.709498434,na
P61224-3,165.0,88.4530303,confident,89.67391304,0.865291738,na
P46736-2,291.0,88.44587629,confident,92.08860759,0.935366071,na
Q7Z2E3-3,284.0,88.44161972,confident,79.7752809,0.592801727,na
Q5W0U4-2,193.0,88.42849741,confident,46.0591133,0.670249412,na
O43854-2,470.0,88.42470213,confident,97.91666667,0.840308584,na
Q8N490-3,361.0,88.42077562,confident,78.90818859,0.837203911,na
Q96BI3-3,195.0,88.41748718,confident,70.56603774,0.758443177,na
Q9H2A2-3,160.0,88.4131875,confident,30.42596349,0.650088152,na
Q641Q3-2,229.0,88.41253275,confident,73.63344051,0.80040495,na
Q9Y6P5-2,551.0,88.41107078,confident,83.63309353,0.888100369,na
Q86SQ9-4,299.0,88.41086957,confident,89.48948949,0.916894911,na
O43929-3,362.0,88.41022099,confident,83.02752294,0.87679212,na
Q16653-3,224.0,88.40772321,confident,86.23481781,0.799206527,na
P22570-6,451.0,88.40696231,confident,91.46341463,0.8894696,na
Q01344-4,378.0,88.40468254,confident,87.85714286,0.886579619,na
Q8TD07-4,209.0,88.40454545,confident,78.70722433,0.843136821,na
P46926-2,212.0,88.40146226,confident,73.35640138,0.71483507,na
Q13296-2,90.0,88.39444444,confident,96.77419355,0.772468293,na
A6NK59-3,587.0,88.39408859,confident,98.80952381,0.905151786,na
Q99747-2,230.0,88.38856522,confident,73.71794872,0.723546315,na
Q13231-3,437.0,88.38455378,confident,93.77682403,0.751464281,na
Q86UV6-2,249.0,88.37767068,confident,99.6,0.896343559,na
P40926-2,296.0,88.3775,confident,87.5739645,0.480097843,1
Q7Z4G4-2,458.0,88.37421397,confident,98.92008639,0.965970027,na
Q16653-7,229.0,88.37279476,confident,82.67716535,0.753523713,na
O95954-2,572.0,88.36863636,confident,90.08695652,0.934778583,na
Q9P0N5-2,87.0,88.36816092,confident,55.40540541,0.749672258,na
Q8TDQ0-2,142.0,88.36732394,confident,44.18604651,0.658376259,na
P15692-10,137.0,88.36481752,confident,57.32758621,0.620632479,na
Q8TAC2-2,146.0,88.35780822,confident,77.65957447,0.673343744,na
P50579-2,455.0,88.35683516,confident,94.9790795,0.816742031,na
Q9H974-3,309.0,88.35676375,confident,73.4939759,0.792241331,na
Q9BTE6-2,525.0,88.35017143,confident,76.57142857,0.862629322,na
Q8N136-2,369.0,88.3496206,confident,77.44186047,0.906400773,na
P59998-4,78.0,88.34717949,confident,46.42857143,0.627657215,na
Q8N6M5-2,162.0,88.34432099,confident,41.43222506,0.608174462,na
Q9BZY9-2,267.0,88.34273408,confident,59.05882353,0.524401534,na
Q9NR31-2,155.0,88.34154839,confident,78.28282828,0.775818993,na
Q4JDL3-4,339.0,88.33952802,confident,80.71428571,0.849710105,na
Q9NV96-2,325.0,88.3376,confident,90.02770083,0.837270097,na
Q9UKC9-2,355.0,88.3224507,confident,83.92434988,0.814272812,na
Q92989-2,361.0,88.32030471,confident,84.94117647,0.887850788,na
Q9UQ72-2,213.0,88.3158216,confident,63.28358209,0.758093023,na
Q53G44-2,161.0,88.31180124,confident,35.39823009,0.666799236,na
Q15223-3,352.0,88.31133523,confident,65.37717602,0.75325769,na
Q96LB4-4,124.0,88.31,confident,94.35483871,0.666856773,na
P61923-3,154.0,88.30519481,confident,87.00564972,0.881810567,na
Q9NQL2-2,249.0,88.29879518,confident,62.25,0.784708158,na
Q9P1W8-2,354.0,88.29714689,confident,91.47286822,0.927753528,na
Q9UHB4-3,521.0,88.29230326,confident,85.0921273,0.794222047,na
Q9UQ74-2,297.0,88.28841751,confident,68.54460094,0.795839158,na
Q99572-3,128.0,88.2875,confident,20.33613445,0.504213645,na
Q9P0N9-2,266.0,88.28620301,confident,90.78498294,0.870155511,na
Q969X5-2,198.0,88.28353535,confident,68.27586207,0.723903571,na
O43837-2,383.0,88.27746736,confident,96.36363636,0.878710513,na
Q9BXI9-3,154.0,88.27545455,confident,48.56115108,0.703020201,na
Q9BYJ4-2,270.0,88.26892593,confident,52.52525253,0.626027519,na
Q13404-6,103.0,88.26757282,confident,63.94557823,0.744768768,na
O00587-2,307.0,88.26530945,confident,94.70404984,0.936286652,na
Q16537-2,462.0,88.26034632,confident,98.71520343,0.922511653,na
Q9ULW5-2,190.0,88.25931579,confident,74.21875,0.860837333,na
Q6P2H8-2,204.0,88.25877451,confident,73.64620939,0.824612486,na
P14618-3,516.0,88.25744186,confident,80.91872792,0.895781948,na
Q9NVQ4-3,201.0,88.25149254,confident,89.05472637,0.903987349,na
P05026-2,301.0,88.24860465,confident,98.67986799,0.984043116,na
Q8N755-2,188.0,88.23680851,confident,93.06930693,0.698367308,na
P10635-2,446.0,88.23549327,confident,89.73843058,0.701148439,na
P49842-4,254.0,88.2346063,confident,69.02173913,0.772504342,na
Q86XA0-2,123.0,88.23455285,confident,64.73684211,0.782961375,na
A5PLN9-2,411.0,88.23355231,confident,98.56115108,0.863574142,na
Q8TD07-3,212.0,88.22669811,confident,78.70722433,0.828748443,na
Q96T53-2,329.0,88.22218845,confident,74.02298851,0.858515605,na
Q7L1Q6-2,353.0,88.22209632,confident,84.24821002,0.815375492,na
Q8TDB8-4,411.0,88.21615572,confident,78.26923077,0.791223417,na
Q8TCA0-3,128.0,88.2121875,confident,69.56521739,0.628409677,na
Q6ZN68-2,318.0,88.2113522,confident,70.70707071,0.76713042,na
Q9H2P9-5,297.0,88.21131313,confident,94.94949495,0.96933199,na
O76083-6,492.0,88.2070935,confident,82.6306914,0.65413334,na
Q8WTR2-2,166.0,88.20403614,confident,76.49769585,0.565273775,na
P35030-4,261.0,88.20111111,confident,77.66990291,0.843994114,na
Q9NYR9-2,189.0,88.20010582,confident,98.95287958,0.953340543,na
Q9H6L2-3,200.0,88.20005,confident,63.29113924,0.764439421,na
P62993-2,176.0,88.19943182,confident,81.10599078,0.398127278,1
P28289-2,232.0,88.1899569,confident,62.95264624,0.738709454,na
P46736-3,292.0,88.18527397,confident,91.79810726,0.920328835,na
Q96DT0-7,337.0,88.18501484,confident,99.70326409,0.929203192,na
Q8TDW4-4,392.0,88.18446429,confident,68.17391304,0.705771973,na
O00204-2,350.0,88.18371429,confident,91.93548387,0.856212105,na
Q8NBT0-2,359.0,88.18339833,confident,88.20638821,0.833796124,na
Q8N9B4-2,198.0,88.17232323,confident,40.04796163,0.635435972,na
O95864-2,422.0,88.17165877,confident,83.99122807,0.897150497,na
Q11206-3,322.0,88.17090062,confident,96.6966967,0.950453658,na
Q9H2R5-2,121.0,88.1668595,confident,47.265625,0.598250276,na
P49758-5,465.0,88.15404301,confident,96.21848739,0.913298624,na
O60909-2,306.0,88.15395425,confident,71.77419355,0.832584777,na
Q9Y484-2,371.0,88.15382749,confident,97.03504043,0.960825547,na
P20151-3,164.0,88.13682927,confident,62.83524904,0.667310167,na
Q96MV8-3,328.0,88.135,confident,97.32937685,0.970282822,na
Q92685-2,390.0,88.13428205,confident,81.93832599,0.902608085,na
P57054-2,134.0,88.13171642,confident,84.81012658,0.654622929,na
Q8NE22-2,271.0,88.129631,confident,90.30100334,0.919999744,na
Q9H488-2,194.0,88.12530928,confident,47.16494845,0.723584315,na
P07108-2,104.0,88.12067308,confident,80.76923077,0.907177872,na
Q8TE04-3,314.0,88.11802548,confident,51.17056856,0.741109994,na
P08686-2,465.0,88.11367742,confident,93.53535354,0.949773904,na
O76083-3,466.0,88.11002146,confident,77.90893761,0.676242894,na
O15229-2,473.0,88.10930233,confident,97.32510288,0.940051602,na
Q8N9V3-2,384.0,88.1009375,confident,80.67226891,0.526206153,na
Q9NZH8-2,134.0,88.09858209,confident,78.69822485,0.799672607,na
Q9P1U1-3,348.0,88.09767241,confident,83.25358852,0.813329379,na
Q6ZMR5-2,418.0,88.09188995,confident,99.28741093,0.943444684,na
Q9BTZ2-8,226.0,88.09004425,confident,81.29496403,0.850631157,na
Q15046-2,625.0,88.0868,confident,93.29073482,0.941519003,na
A1XBS5-4,262.0,88.08656489,confident,71.65605096,0.815368487,na
O15519-13,202.0,88.07287129,confident,42.08333333,0.626359261,na
P13688-8,464.0,88.07267241,confident,87.07224335,0.841505289,na
Q7L5Y1-4,450.0,88.06764444,confident,83.91752577,0.941417164,na
P49758-8,467.0,88.06520343,confident,96.62447257,0.907464468,na
Q9BZG8-3,303.0,88.06346535,confident,68.3972912,0.723313282,na
Q6TCH4-5,341.0,88.06108504,confident,99.12790698,0.955082909,na
Q7L9L4-2,221.0,88.05615385,confident,94.64285714,0.952586399,na
Q96IZ2-3,255.0,88.0414902,confident,86.2745098,0.927285664,na
O94810-3,446.0,88.04067265,confident,95.50321199,0.927253793,na
Q96DA6-2,91.0,88.03010989,confident,78.44827586,0.711537693,na
Q6XZB0-3,454.0,88.02859031,confident,98.47826087,0.947536849,na
P12694-2,448.0,88.02796875,confident,90.0,0.913427612,na
Q6DHV7-2,267.0,88.02726592,confident,72.3943662,0.833572238,na
Q8WW52-2,398.0,88.02615578,confident,68.03418803,0.635402815,na
P62068-2,225.0,88.01804444,confident,59.83606557,0.789307536,na
O95816-2,178.0,88.01533708,confident,81.99052133,0.732249852,na
Q8NBN7-2,260.0,88.011,confident,78.54984894,0.850290012,na
Q8N7P1-4,474.0,88.00818565,confident,88.24626866,0.902960998,na
Q5W5X9-2,391.0,88.00225064,confident,85.68232662,0.862310473,na
Q9BYT1-2,430.0,87.99818605,confident,96.55963303,0.967434299,na
P43251-4,523.0,87.99409178,confident,96.31675875,0.926693504,na
P48643-2,448.0,87.98870536,confident,82.80961183,0.904045874,na
Q99832-4,456.0,87.97951754,confident,83.60957643,0.88379759,na
Q5TCH4-2,355.0,87.97247887,confident,68.40077071,0.814692304,na
Q9GZZ9-2,348.0,87.97244253,confident,86.13861386,0.833580094,na
Q9Y2U9-2,249.0,87.96654618,confident,58.29268293,0.718938816,na
Q8N4F4-3,551.0,87.96557169,confident,99.63768116,0.98376283,na
Q86TN4-2,204.0,87.96514706,confident,80.63241107,0.824090522,na
O14717-3,345.0,87.95976812,confident,88.23529412,0.909595014,na
Q13868-3,263.0,87.95847909,confident,89.76109215,0.877884332,na
P29466-4,263.0,87.95346008,confident,65.0990099,0.714642585,na
O76095-2,117.0,87.94709402,confident,76.02739726,0.735913184,na
Q06330-5,465.0,87.94623656,confident,93.0,0.903126395,na
Q99963-2,278.0,87.94600719,confident,80.11527378,0.680219916,na
P58872-2,306.0,87.94535948,confident,75.74257426,0.841089083,na
P04053-2,508.0,87.94472441,confident,99.80353635,0.877807751,na
Q8N3J6-4,287.0,87.941777,confident,65.97701149,0.592047109,na
Q96MI6-1,270.0,87.94155556,confident,53.48837209,0.764926,na
Q9HAC7-3,471.0,87.94087049,confident,94.47983015,0.952083547,na
O43852-12,74.0,87.93472973,confident,23.49206349,0.331825259,na
Q12933-3,490.0,87.93459184,confident,97.80439122,0.914619047,na
Q00532-3,276.0,87.93384058,confident,74.65181058,0.857269682,na
Q9NRS4-3,435.0,87.93324138,confident,99.31350114,0.979269539,na
Q6P1Q0-2,304.0,87.92726974,confident,84.44444444,0.915703838,na
Q5VW32-2,379.0,87.92506596,confident,92.21411192,0.930701758,na
O00481-2,352.0,87.92170455,confident,66.47173489,0.619981881,na
P36952-2,231.0,87.92103896,confident,48.62155388,0.761885689,na
Q0D2J5-3,272.0,87.91926471,confident,69.03553299,0.753940135,na
Q9H2V7-4,455.0,87.91487912,confident,86.17424242,0.922512765,na
P50440-3,391.0,87.91122762,confident,91.4893617,0.836422696,na
Q9UHJ9-3,250.0,87.90636,confident,98.42519685,0.948374843,na
Q86YB7-2,261.0,87.9054023,confident,89.38356164,0.882161628,na
P50990-3,475.0,87.90235789,confident,85.94890511,0.916251653,na
Q9BXW7-2,393.0,87.90111959,confident,89.92974239,0.945578754,na
P27216-2,357.0,87.90078431,confident,88.51540616,0.931953604,na
P24941-2,264.0,87.89776515,confident,88.59060403,0.916647473,na
Q6SA08-3,252.0,87.88603175,confident,76.82926829,0.877341792,na
Q9BXM9-3,145.0,87.88151724,confident,21.46892655,0.464414707,na
Q8N5Y8-3,323.0,87.87647059,confident,99.69040248,0.871886035,na
Q9P055-3,305.0,87.87442623,confident,97.74919614,0.975747007,na
Q8IYS5-6,252.0,87.87051587,confident,73.28767123,0.760510101,na
Q63ZY6-5,245.0,87.86706122,confident,77.77777778,0.876368494,na
O15269-2,143.0,87.86125874,confident,30.02114165,0.297726611,na
O95965-3,401.0,87.86052369,confident,78.94736842,0.725239797,na
P63208-2,160.0,87.8568125,confident,95.09202454,0.966437224,na
Q8IVS8-3,457.0,87.8556674,confident,87.38049713,0.858991132,na
O43586-2,397.0,87.85327456,confident,93.50961538,0.831784729,na
Q9Y5Z4-2,184.0,87.83722826,confident,89.26829268,0.882319483,na
Q9H2P9-4,285.0,87.83007018,confident,92.63157895,0.961241055,na
P24557-4,459.0,87.8204793,confident,85.36585366,0.90194679,na
P42575-3,91.0,87.8143956,confident,19.69026549,0.532648303,na
O14931-3,177.0,87.81361582,confident,83.08457711,0.779946109,na
Q8N149-2,466.0,87.81186695,confident,96.27329193,0.88168559,na
Q96BW9-2,316.0,87.81161392,confident,64.42516269,0.834391863,na
P55263-3,305.0,87.8115082,confident,84.25414365,0.899096213,na
Q6NUN0-2,208.0,87.80850962,confident,35.92400691,0.531036557,na
Q96FC7-2,350.0,87.80548571,confident,90.50131926,0.889647895,na
P62136-2,341.0,87.80237537,confident,96.77419355,0.957954967,na
O43929-2,352.0,87.78735795,confident,80.73394495,0.852694896,na
P05121-2,387.0,87.78702842,confident,96.26865672,0.931195588,na
O95498-4,195.0,87.78010256,confident,35.19230769,0.607581872,na
P10321-2,326.0,87.78003067,confident,88.25136612,0.839162128,na
P61923-4,185.0,87.77945946,confident,92.97297297,0.959447008,na
P63000-2,211.0,87.77635071,confident,90.99526066,0.940168245,na
Q5VTY9-7,494.0,87.77497976,confident,90.85603113,0.941104837,na
Q8N149-4,437.0,87.76052632,confident,90.0621118,0.899470503,na
Q99447-4,357.0,87.74767507,confident,91.77377892,0.943392297,na
P78539-5,444.0,87.74173423,confident,95.68965517,0.849696217,na
P56180-4,413.0,87.74125908,confident,74.95462795,0.803986609,na
P49802-3,477.0,87.73425577,confident,96.36363636,0.953090886,na
Q495M3-2,285.0,87.72989474,confident,59.00621118,0.755370745,na
P20718-3,115.0,87.72704348,confident,46.74796748,0.575782576,na
Q30201-2,260.0,87.72361538,confident,74.42528736,0.705378311,na
O95925-2,117.0,87.72222222,confident,78.94736842,0.832850133,na
Q30201-6,168.0,87.71863095,confident,47.98850575,0.632411638,na
Q8NEB5-4,176.0,87.71835227,confident,57.93357934,0.771219125,na
P30039-2,280.0,87.71596429,confident,81.46964856,0.926073775,na
Q9H3H1-2,326.0,87.71361963,confident,69.80728051,0.802714612,na
O60671-2,246.0,87.70914634,confident,87.23404255,0.903551317,na
Q95460-4,220.0,87.70540909,confident,60.70381232,0.700475683,na
Q13241-3,148.0,87.70168919,confident,81.00558659,0.790381094,na
P36542-2,297.0,87.69457912,confident,99.66442953,0.985644096,na
Q9Y3A3-3,204.0,87.6922549,confident,90.66666667,0.89275252,na
Q16539-5,256.0,87.68574219,confident,70.55555556,0.82539296,na
Q9P0N9-4,247.0,87.67838057,confident,84.3003413,0.830124129,na
Q6XZB0-5,430.0,87.67827907,confident,93.47826087,0.943240267,na
Q9NXA8-2,299.0,87.67638796,confident,89.65517241,0.941356419,na
A6NM10-2,307.0,87.66684039,confident,96.09120521,0.841727342,na
Q96PC3-2,164.0,87.66213415,confident,85.20710059,0.932026432,na
P30626-2,183.0,87.65928962,confident,91.41414141,0.919435015,na
Q9H2P9-2,234.0,87.65512821,confident,81.40350877,0.551478468,na
Q13231-4,447.0,87.6533557,confident,95.92274678,0.771348546,na
Q96A37-2,128.0,87.65148437,confident,54.00843882,0.569933655,na
P52564-2,278.0,87.64748201,confident,83.23353293,0.901623092,na
O75636-2,288.0,87.64704861,confident,96.32107023,0.734074755,na
Q4G1C9-6,279.0,87.64175627,confident,78.19767442,0.69975072,na
Q9NS23-3,189.0,87.63910053,confident,54.94186047,0.613661981,na
Q3KQV9-2,384.0,87.63903646,confident,70.86614173,0.857779454,na
Q96Q80-5,205.0,87.63507317,confident,87.23404255,0.934434578,na
Q16875-2,514.0,87.63424125,confident,97.30769231,0.902392769,na
P36575-2,359.0,87.63286908,confident,92.26804124,0.954003572,na
O15091-3,211.0,87.63018957,confident,36.19210978,0.628291218,na
Q9NR22-2,385.0,87.62714286,confident,92.7680798,0.846956905,na
P19012-2,251.0,87.622749,confident,48.71794872,0.444724998,na
P35232-2,155.0,87.62090323,confident,56.98529412,0.733253564,na
Q9BYW1-4,503.0,87.61425447,confident,97.42063492,0.968104522,na
O75888-5,205.0,87.61043902,confident,82.0,0.612590475,na
Q8N2U9-2,253.0,87.60426877,confident,93.35793358,0.933329714,na
Q9BUB7-2,161.0,87.60267081,confident,61.92307692,0.770755083,na
P15586-2,532.0,87.6012594,confident,96.37681159,0.88294334,na
Q9BXK5-2,201.0,87.60029851,confident,41.2371134,0.694312429,na
Q9H6F5-2,104.0,87.59961538,confident,28.88888889,0.491460176,na
Q9NPH5-8,554.0,87.59893502,confident,95.84775087,0.953370155,na
Q96AH0-3,134.0,87.59791045,confident,49.76303318,0.631491387,na
Q7L1Q6-3,451.0,87.59235033,confident,92.90465632,0.919486564,na
Q8N8Q3-2,237.0,87.58974684,confident,84.04255319,0.862923443,na
Q9UKB1-3,529.0,87.58769376,confident,92.77978339,0.907570801,na
Q14168-5,413.0,87.58355932,confident,71.70138889,0.698993103,na
P78356-2,281.0,87.57982206,confident,64.52380952,0.742416644,na
O75344-3,297.0,87.57636364,confident,90.82568807,0.749854551,na
P52757-4,287.0,87.57184669,confident,54.7008547,0.600460714,na
Q13702-2,353.0,87.56696884,confident,85.67961165,0.695464654,na
Q8N584-2,522.0,87.56595785,confident,89.53687822,0.908833261,na
P48167-2,303.0,87.56356436,confident,60.76458753,0.734695575,na
Q5H9S7-2,240.0,87.5565,confident,46.15384615,0.678542087,na
P41214-2,460.0,87.55508696,confident,78.76712329,0.435375418,1
Q8IXY8-2,337.0,87.54991098,confident,92.28486647,0.940984309,na
Q92496-2,577.0,87.54778163,confident,99.82698962,0.637980999,na
Q8N7P1-2,444.0,87.54718468,confident,79.18968692,0.856958248,na
Q6UXH1-4,325.0,87.54470769,confident,92.06798867,0.720563521,na
Q9GZS9-2,417.0,87.54035971,confident,94.98806683,0.940680354,na
P21128-3,347.0,87.53729107,confident,84.3902439,0.790728479,na
Q8IXH7-4,581.0,87.53104991,confident,98.47457627,0.937557514,na
O14717-2,367.0,87.52561308,confident,93.86189258,0.929550136,na
P22304-3,312.0,87.51939103,confident,52.21238938,0.724804577,na
Q9BYV1-2,439.0,87.51769932,confident,85.40856031,0.835150755,na
Q8IYS5-2,263.0,87.5134981,confident,77.39726027,0.72933866,na
Q9HD33-2,230.0,87.51108696,confident,92.0,0.829518515,na
Q9H7X0-3,177.0,87.51096045,confident,73.14049587,0.706696059,na
P13688-10,468.0,87.50431624,confident,87.64258555,0.813897497,na
P49771-2,178.0,87.50207865,confident,70.21276596,0.739881603,na
Q9UH17-3,357.0,87.49988796,confident,93.45549738,0.596976953,na
C9JRZ8-2,344.0,87.49985465,confident,85.14285714,0.908373006,na
O76083-2,533.0,87.49876173,confident,89.88195616,0.633235857,na
O15245-4,353.0,87.49835694,confident,63.71841155,0.784752676,na
Q9UQB9-3,290.0,87.49493103,confident,93.52750809,0.934276965,na
Q6ISS4-2,135.0,87.48614815,confident,88.81578947,0.73783371,na
Q6P4F1-5,419.0,87.48198091,confident,83.91752577,0.782843716,na
Q8TB61-5,299.0,87.479699,confident,69.21296296,0.817262037,na
Q9Y639-5,394.0,87.47961929,confident,98.99497487,0.851691659,na
Q6XPS3-5,411.0,87.47479319,confident,78.5440613,0.759887885,na
O15533-2,412.0,87.47351942,confident,90.625,0.921735335,na
Q92963-2,183.0,87.47054645,confident,83.56164384,0.868062517,na
O95970-2,291.0,87.46453608,confident,50.62836625,0.589621411,na
Q9Y5K1-2,358.0,87.46427374,confident,90.15151515,0.902269688,na
O15120-2,246.0,87.46382114,confident,88.48920863,0.865494536,na
Q6PH85-2,186.0,87.45978495,confident,68.72586873,0.679383968,na
O75935-3,158.0,87.45746835,confident,84.94623656,0.456126506,1
P11413-2,561.0,87.44795009,confident,91.80035651,0.954900793,na
P15151-4,392.0,87.44441327,confident,92.56594724,0.801527479,na
Q8TAS1-2,344.0,87.43630814,confident,81.38424821,0.85302104,na
P31947-2,216.0,87.43259259,confident,87.09677419,0.666510522,na
Q53FZ2-2,438.0,87.42844749,confident,68.78130217,0.798233324,na
Q8TAX9-5,163.0,87.42779141,confident,39.6593674,0.678256521,na
P56937-3,306.0,87.42663399,confident,89.73607038,0.87563174,na
Q9Y3F4-2,363.0,87.42181818,confident,96.41873278,0.86398336,na
P19474-2,398.0,87.42143216,confident,83.78947368,0.48607295,1
Q5JUR7-2,113.0,87.41610619,confident,45.2173913,0.658059671,na
Q9H313-3,460.0,87.4105,confident,88.17427386,0.941140463,na
Q9Y5S8-3,515.0,87.40718447,confident,91.31205674,0.946304458,na
P40198-2,177.0,87.40711864,confident,56.53846154,0.627783426,na
Q96FV3-3,263.0,87.40463878,confident,95.92592593,0.950024592,na
Q9H977-3,244.0,87.40008197,confident,66.26865672,0.814190798,na
Q96IG2-2,404.0,87.39933168,confident,92.66055046,0.838764762,na
Q8WXF7-2,553.0,87.39743219,confident,99.10394265,0.933599731,na
P11597-2,433.0,87.39207852,confident,87.8296146,0.882682923,na
Q4G0S7-2,198.0,87.39176768,confident,77.95275591,0.536181097,na
P38567-2,511.0,87.39117417,confident,97.26027397,0.915391713,na
Q9H1B4-3,168.0,87.39107143,confident,40.80604534,0.650422032,na
Q7Z5J1-5,199.0,87.38974874,confident,46.64634146,0.551339271,na
Q9NP81-2,520.0,87.38930769,confident,93.79699248,0.929396491,na
P09919-2,204.0,87.37240196,confident,98.55072464,0.939315608,na
P15309-3,353.0,87.36172805,confident,91.4507772,0.892237079,na
P52434-3,114.0,87.35833333,confident,76.0,0.856426989,na
Q6PKH6-2,242.0,87.35644628,confident,89.3877551,0.877662987,na
Q9H2F3-2,196.0,87.35632653,confident,49.86449864,0.670874295,na
Q14722-2,401.0,87.35623441,confident,82.11764706,0.862258352,na
Q9Y230-2,418.0,87.35301435,confident,90.28077754,0.927818141,na
Q9UGI8-2,412.0,87.35291262,confident,97.86223278,0.831117077,na
Q8N0X4-2,306.0,87.35160131,confident,90.0,0.824426771,na
Q8WU08-3,358.0,87.35136872,confident,87.12121212,0.886588762,na
P04899-5,339.0,87.34926254,confident,90.14084507,0.911852115,na
Q8IXY8-3,279.0,87.34774194,confident,89.71061093,0.689893665,na
P07288-4,69.0,87.34188406,confident,26.05363985,0.376201247,na
Q9BSI4-3,137.0,87.34145985,confident,29.6460177,0.626328019,na
Q96FL9-2,519.0,87.3327553,confident,94.02173913,0.889058931,na
Q96SW2-2,441.0,87.3270068,confident,99.77375566,0.99149816,na
Q8TCX1-3,334.0,87.32541916,confident,94.58689459,0.942805103,na
Q969J5-2,231.0,87.32454545,confident,87.83269962,0.878847027,na
Q8WV60-2,216.0,87.32199074,confident,53.35051546,0.657794058,na
Q6P4F1-6,451.0,87.32124169,confident,94.15448852,0.92331328,na
Q8TCD5-2,117.0,87.32042735,confident,52.23880597,0.599533632,na
Q9BXM9-2,498.0,87.3185743,confident,93.20754717,0.894034877,na
Q5VXM1-2,157.0,87.31815287,confident,32.51670379,0.534874541,na
O15371-2,499.0,87.31777555,confident,91.05839416,0.745813322,na
Q9P035-2,307.0,87.31661238,confident,84.80662983,0.715971104,na
Q92688-2,195.0,87.31487179,confident,77.68924303,0.775842557,na
O60907-2,526.0,87.31435361,confident,91.16117851,0.783552484,na
P0DTE4-4,693.0,87.3133189,confident,65.53595658,0.723485149,na
Q7Z4I7-3,336.0,87.3110119,confident,98.53372434,0.865141594,na
Q9Y575-3,556.0,87.30113309,confident,93.16546763,0.942468509,na
A1XBS5-3,271.0,87.2999631,confident,89.07849829,0.840540187,na
Q9BRT9-2,100.0,87.2975,confident,44.39461883,0.609935758,na
Q53FA7-2,248.0,87.29471774,confident,63.40057637,0.730343494,na
Q9NVN3-1,536.0,87.29095149,confident,91.62011173,0.91816263,na
Q96P11-2,466.0,87.28787554,confident,91.84549356,0.949549555,na
Q1MX18-4,490.0,87.28304082,confident,84.62867012,0.73480305,na
Q8WV16-4,395.0,87.27539241,confident,79.7979798,0.887326632,na
Q3KNT7-2,117.0,87.27487179,confident,71.7791411,0.801105472,na
A5PLN9-4,412.0,87.27135922,confident,98.32535885,0.860966986,na
P55075-2,204.0,87.26921569,confident,87.55364807,0.829385172,na
Q8WVZ1-2,229.0,87.26580786,confident,74.11003236,0.79562197,na
P49758-13,475.0,87.26456842,confident,96.8487395,0.913213361,na
Q9H0R5-4,544.0,87.26455882,confident,87.85357737,0.9503656,na
A0PJK1-5,560.0,87.25896429,confident,93.95973154,0.95140065,na
Q8NHH9-3,412.0,87.25723301,confident,70.66895369,0.654873047,na
Q8N7P1-3,328.0,87.25420732,confident,61.19402985,0.765729144,na
Q9Y2Q5-3,95.0,87.24294737,confident,76.0,0.675634858,na
Q96PM5-8,212.0,87.23971698,confident,81.22605364,0.772312269,na
O43463-2,423.0,87.23879433,confident,96.45390071,0.927916235,na
Q6PEZ8-3,510.0,87.23831373,confident,98.6328125,0.868394848,na
Q9BZZ5-2,504.0,87.23684524,confident,95.22900763,0.89491533,na
Q96HH6-2,298.0,87.2335906,confident,83.57771261,0.90292586,na
Q8N954-2,156.0,87.23217949,confident,53.68421053,0.656297777,na
O60749-2,402.0,87.23022388,confident,77.4566474,0.86001428,na
Q9H6D7-3,239.0,87.22401674,confident,65.84022039,0.513246394,na
Q9NRG1-2,190.0,87.22184211,confident,81.4159292,0.835620914,na
Q96PD7-2,345.0,87.22092754,confident,88.91752577,0.879829152,na
Q8NFR7-2,274.0,87.21963504,confident,43.50758853,0.567099366,na
Q5R372-5,378.0,87.21825397,confident,13.03520457,0.250900286,na
A5PLL7-2,267.0,87.21786517,confident,98.88888889,0.921240841,na
Q6UXH1-3,284.0,87.2175,confident,75.07082153,0.753826738,na
Q9NWZ3-2,336.0,87.21732143,confident,73.04347826,0.800290616,na
O60637-3,189.0,87.21306878,confident,74.70355731,0.78311243,na
Q30201-5,325.0,87.21187692,confident,93.10344828,0.866870749,na
Q9H061-2,125.0,87.21104,confident,64.1025641,0.753079919,na
Q9BU02-2,105.0,87.20466667,confident,41.37931034,0.653419368,na
Q5NDL2-3,443.0,87.19769752,confident,84.06072106,0.561487077,na
Q8N7C3-2,221.0,87.1961991,confident,36.21867882,0.551451568,na
Q0P6D2-2,120.0,87.19558333,confident,28.63961814,0.58483436,na
Q11203-7,344.0,87.19456395,confident,91.73333333,0.842075132,na
Q8NCU1-2,127.0,87.19385827,confident,84.02777778,0.429272948,1
P49758-14,477.0,87.19238994,confident,96.44351464,0.901191805,na
Q96E29-2,327.0,87.19134557,confident,78.41726619,0.806289803,na
P39656-3,438.0,87.18363014,confident,96.05263158,0.908961093,na
Q9NVN3-3,496.0,87.17385081,confident,83.4264432,0.875343359,na
Q969V3-2,562.0,87.17384342,confident,99.82238011,0.962419228,na
P15692-9,147.0,87.17367347,confident,61.11111111,0.671528974,na
P40938-2,305.0,87.15980328,confident,83.14606742,0.916052049,na
Q13057-2,593.0,87.15620573,confident,95.10961214,0.967205165,na
Q6ICL3-2,214.0,87.15593458,confident,77.53623188,0.862923039,na
Q96AG3-2,272.0,87.15481618,confident,65.07177033,0.791191952,na
P12314-2,344.0,87.15392442,confident,89.33333333,0.865378616,na
Q9NVV5-6,134.0,87.15343284,confident,55.88235294,0.754593869,na
Q8TD08-2,254.0,87.15251969,confident,44.95412844,0.670877492,na
Q14722-3,408.0,87.15056373,confident,81.35198135,0.870340671,na
Q9BU64-2,294.0,87.15044218,confident,93.46405229,0.671066779,na
Q8NDV1-2,210.0,87.15,confident,67.86885246,0.655143055,na
Q9UNH5-4,191.0,87.14994764,confident,29.62962963,0.633853687,na
A0PJK1-4,612.0,87.14776144,confident,97.38562092,0.981057549,na
Q6NT32-4,604.0,87.14347682,confident,91.7218543,0.918916235,na
P29218-3,336.0,87.14229167,confident,82.44047619,0.908740568,na
O14908-2,236.0,87.13991525,confident,70.87087087,0.841122583,na
Q9HBI1-3,327.0,87.13828746,confident,89.56043956,0.845026981,na
Q99571-2,404.0,87.13482673,confident,96.03960396,0.973061785,na
Q9NVH6-8,432.0,87.13284722,confident,97.4537037,0.923486604,na
O95361-2,348.0,87.12741379,confident,61.70212766,0.505961644,na
Q8IWX5-2,271.0,87.12616236,confident,67.9197995,0.826741611,na
Q8N543-2,402.0,87.12156716,confident,74.1697417,0.823894257,na
Q8NFW8-2,263.0,87.11889734,confident,60.59907834,0.685769978,na
Q5XG92-2,491.0,87.11668024,confident,87.52228164,0.834856763,na
Q6PF18-2,160.0,87.115125,confident,64.58333333,0.760880478,na
P42785-2,517.0,87.11491296,confident,95.93810445,0.961673826,na
P10827-2,410.0,87.11019512,confident,77.64227642,0.792767486,na
Q8WWZ8-2,321.0,87.10700935,confident,58.16513761,0.728452437,na
A5PLN9-5,418.0,87.10590909,confident,99.76076555,0.923429103,na
Q15084-3,437.0,87.09741419,confident,98.86363636,0.78275152,na
Q8TAM2-4,515.0,87.09535922,confident,95.19408503,0.959176977,na
Q4G1C9-5,237.0,87.0942616,confident,68.89534884,0.546078461,na
P45983-3,384.0,87.09421875,confident,86.8852459,0.941975167,na
Q96A23-2,575.0,87.09113043,confident,96.86956522,0.950603033,na
Q0VDG4-2,417.0,87.09031175,confident,95.04716981,0.951804639,na
Q6UXH1-2,321.0,87.08233645,confident,90.93484419,0.782944709,na
Q8N4H0-2,165.0,87.08084848,confident,35.4679803,0.542951739,na
Q53F39-4,333.0,87.08,confident,84.09090909,0.881928178,na
Q5SRE7-2,270.0,87.075,confident,92.78350515,0.930165307,na
Q5EB52-3,292.0,87.07428082,confident,87.1641791,0.866323227,na
Q96S16-2,234.0,87.07051282,confident,88.63636364,0.853155423,na
P41217-2,269.0,87.06680297,confident,96.04316547,0.940007825,na
Q9UKR8-2,244.0,87.06553279,confident,91.33858268,0.974518231,na
P49802-5,487.0,87.06527721,confident,95.3815261,0.923704014,na
Q8TAP4-4,163.0,87.06110429,confident,88.95705521,0.866328836,na
P0CL84-2,80.0,87.048875,confident,58.20895522,0.782995082,na
Q9HBH0-2,170.0,87.04641176,confident,75.35545024,0.819475369,na
O75947-2,137.0,87.04291971,confident,85.0931677,0.473831688,1
P08397-3,321.0,87.03853583,confident,88.91966759,0.894360674,na
O96011-2,245.0,87.03702041,confident,93.43629344,0.968578399,na
Q13557-12,478.0,87.03523013,confident,95.59118236,0.705378874,na
Q9UBX7-1,250.0,87.03016,confident,88.65248227,0.904438497,na
P52757-8,324.0,87.02722222,confident,69.23076923,0.717091455,na
P00390-4,469.0,87.01686567,confident,89.8467433,0.865222889,na
Q9H553-2,323.0,87.01585139,confident,72.85714286,0.852888232,na
P09622-3,461.0,87.01507592,confident,90.5697446,0.86203266,na
P48059-2,337.0,87.01445104,confident,96.43916914,0.81378294,na
P50990-2,529.0,87.01402647,confident,96.35036496,0.969260172,na
P22570-3,534.0,87.01307116,confident,91.94756554,0.935934552,na
P17693-7,116.0,87.00913793,confident,34.02366864,0.485278752,na
Q8WV37-3,366.0,87.00751366,confident,68.41121495,0.751037184,na
Q9UMY4-1,172.0,87.00465116,confident,92.44186047,0.918536378,na
P51993-2,364.0,86.99813187,confident,95.09536785,0.927103907,na
Q6XZB0-7,368.0,86.99543478,confident,73.60515021,0.842324766,na
P57081-3,266.0,86.99030075,confident,64.5631068,0.735868037,na
P35914-3,191.0,86.98984293,confident,58.76923077,0.557225334,na
Q96S52-2,547.0,86.98632541,confident,98.01801802,0.97986969,na
P55083-2,279.0,86.98175627,confident,90.68100358,0.898220256,na
Q14916-2,413.0,86.98162228,confident,88.43683084,0.585015501,na
Q9C037-3,294.0,86.98091837,confident,56.08782435,0.455076847,na
Q8TCV5-2,123.0,86.97617886,confident,54.91071429,0.62380117,na
Q9BUY7-5,142.0,86.97415493,confident,84.04907975,0.867596365,na
Q9Y232-3,309.0,86.97236246,confident,51.6722408,0.660541137,na
Q8NHW4-5,64.0,86.96953125,confident,69.56521739,0.473631416,na
Q9H6V9-2,331.0,86.96380665,confident,98.18731118,0.986796407,na
O75223-3,94.0,86.96255319,confident,50.0,0.450063042,na
P15692-4,191.0,86.9621466,confident,81.89655172,0.641083251,na
Q96IZ6-2,242.0,86.96194215,confident,64.02116402,0.740977925,na
O43414-2,222.0,86.95842342,confident,51.12359551,0.74681371,na
Q06330-2,425.0,86.95578824,confident,85.0,0.881416522,na
Q99471-2,66.0,86.94954545,confident,38.31168831,0.56024582,na
Q96I51-2,358.0,86.94572626,confident,76.07758621,0.767068497,na
P00390-5,440.0,86.94152273,confident,84.29118774,0.811407672,na
Q92747-2,345.0,86.93811594,confident,77.91878173,0.839967818,na
Q8WU08-2,166.0,86.92403614,confident,39.20595533,0.675938759,na
P49758-15,480.0,86.92191667,confident,95.84199584,0.897305702,na
O00338-2,307.0,86.91889251,confident,90.55374593,0.953880526,na
Q9Y4P1-6,380.0,86.91089474,confident,94.41624365,0.904603907,na
O00241-2,181.0,86.90723757,confident,45.47738693,0.508004395,na
Q96Q11-2,414.0,86.90495169,confident,95.39170507,0.611941832,na
P11464-3,417.0,86.89496403,confident,98.80668258,0.907272487,na
Q9NUE0-2,253.0,86.89177866,confident,65.20618557,0.761328767,na
O15229-3,452.0,86.88714602,confident,93.00411523,0.820123624,na
O00154-7,370.0,86.8842973,confident,84.5177665,0.887974018,na
O14494-2,285.0,86.87926316,confident,88.85017422,0.946154524,na
Q9NRN5-2,386.0,86.87797927,confident,91.13300493,0.845701672,na
Q9ULI2-2,307.0,86.8718241,confident,73.90180879,0.857148221,na
Q13557-8,478.0,86.87133891,confident,95.79158317,0.928924046,na
Q7Z4H8-3,409.0,86.8705379,confident,74.35897436,0.859782033,na
Q9UHQ1-3,408.0,86.85916667,confident,89.47368421,0.867849018,na
Q9UBX2-2,160.0,86.85675,confident,37.5,0.63212476,na
Q16539-3,297.0,86.85612795,confident,77.53424658,0.883508549,na
P20062-2,400.0,86.8558,confident,93.67681499,0.919161781,na
Q8IUQ4-3,195.0,86.84758974,confident,68.19787986,0.739953439,na
Q5R372-7,358.0,86.84756983,confident,11.22740247,0.143953356,na
Q9BTZ2-6,75.0,86.84733333,confident,23.02158273,0.459358583,na
Q53GS9-2,462.0,86.84590909,confident,79.11504425,0.853745989,na
Q8TCE9-2,168.0,86.84434524,confident,79.76190476,0.907570338,na
P14091-3,401.0,86.84421446,confident,98.75311721,0.980581928,na
P48507-2,252.0,86.84079365,confident,91.97080292,0.9177796,na
Q8TCT1-2,290.0,86.83893103,confident,87.11864407,0.903431613,na
Q13087-2,522.0,86.83377395,confident,99.42857143,0.911993791,na
Q14654-2,303.0,86.82541254,confident,77.69230769,0.7806972,na
Q9H310-3,409.0,86.8206846,confident,77.82426778,0.864172806,na
Q0VAM2-3,472.0,86.81146186,confident,99.78858351,0.944664298,na
Q7Z3S9-3,249.0,86.80465863,confident,94.77911647,0.646235864,na
P13631-3,382.0,86.80421466,confident,84.14096916,0.61745797,na
P40426-4,170.0,86.802,confident,35.74660633,0.439100434,na
Q86TS9-3,122.0,86.80040984,confident,98.37398374,0.809717957,na
Q02094-2,351.0,86.79774929,confident,78.58880779,0.849912992,na
Q00973-2,478.0,86.79520921,confident,89.68105066,0.840361288,na
Q9BUY7-6,115.0,86.79469565,confident,70.55214724,0.771881977,na
Q96PM5-7,221.0,86.79027149,confident,84.6743295,0.831350736,na
Q9BQ24-2,252.0,86.7815873,confident,92.85714286,0.952940164,na
Q86X27-2,279.0,86.78150538,confident,47.85591767,0.688122528,na
P17030-2,362.0,86.78033149,confident,78.50877193,0.744190396,na
Q13740-2,570.0,86.77542105,confident,97.59862779,0.865259403,na
P13688-4,351.0,86.76757835,confident,61.8147448,0.732893552,na
P30281-2,211.0,86.767109,confident,72.26027397,0.779144046,na
Q00888-3,326.0,86.76616564,confident,77.80429594,0.671885863,na
P06870-2,216.0,86.76444444,confident,74.04580153,0.872259172,na
Q06323-3,233.0,86.76197425,confident,89.55823293,0.920782613,na
Q6IPT4-4,247.0,86.76182186,confident,78.41269841,0.826444999,na
Q8WYN0-3,321.0,86.76105919,confident,80.65326633,0.853276577,na
Q9H920-2,246.0,86.7604065,confident,75.2293578,0.83720664,na
Q9BWP8-7,221.0,86.75710407,confident,77.49077491,0.618736941,na
Q05932-2,545.0,86.75434862,confident,92.84497445,0.944276201,na
P47870-4,372.0,86.75389785,confident,72.4609375,0.784248367,na
P50991-2,509.0,86.75218075,confident,94.43413729,0.870605673,na
P15529-15,348.0,86.75189655,confident,88.7755102,0.686102645,na
Q9UBM1-2,236.0,86.74631356,confident,84.3220339,0.920424072,na
Q13241-2,180.0,86.74605556,confident,99.44444444,0.836813645,na
Q9BYV7-5,506.0,86.73798419,confident,87.39205527,0.867049097,na
Q9NWU1-2,376.0,86.73255319,confident,81.91721133,0.847705771,na
Q1MX18-6,520.0,86.73188462,confident,84.69387755,0.868815584,na
Q53RD9-4,305.0,86.72655738,confident,69.476082,0.584794748,na
Q7Z7D3-4,187.0,86.72208556,confident,66.31205674,0.711219788,na
Q63ZY6-4,117.0,86.71871795,confident,37.14285714,0.602874351,na
Q96RS6-2,554.0,86.71714801,confident,93.0153322,0.907277143,na
Q9BPW9-4,379.0,86.71688654,confident,84.16886544,0.916835821,na
O76036-2,287.0,86.71641115,confident,94.40789474,0.721067989,na
Q6A555-2,115.0,86.71373913,confident,85.03937008,0.712633708,na
Q8N3I7-2,320.0,86.7125,confident,93.84164223,0.747732894,na
P51157-2,220.0,86.71222727,confident,91.85520362,0.901209091,na
Q9BUK6-7,524.0,86.7098855,confident,91.92982456,0.926648964,na
A6NC86-2,228.0,86.70434211,confident,89.47368421,0.929589672,na
Q06330-4,485.0,86.70358763,confident,95.62624254,0.919217562,na
Q5VVQ6-2,304.0,86.6975,confident,83.62068966,0.67006217,na
P10809-2,158.0,86.69734177,confident,24.57337884,0.517565442,na
P57727-5,453.0,86.69013245,confident,99.77973568,0.974581627,na
Q8NFT2-3,419.0,86.6898568,confident,81.83673469,0.875057012,na
P02679-2,437.0,86.68924485,confident,95.58498896,0.890572166,na
Q5VT66-2,354.0,86.6789548,confident,95.19774011,0.933217953,na
Q96T75-4,37.0,86.67783784,confident,30.3030303,0.516076953,na
O00115-2,305.0,86.67731148,confident,84.72222222,0.845553485,na
Q2VPA4-3,444.0,86.67101351,confident,77.85588752,0.730343375,na
P30511-2,254.0,86.66622047,confident,73.41040462,0.64439832,na
P15692-8,191.0,86.66287958,confident,79.39914163,0.644625091,na
O75602-3,585.0,86.66006838,confident,87.00854701,0.932001358,na
P07098-2,365.0,86.65161644,confident,91.70854271,0.901481803,na
Q96EZ8-4,271.0,86.64498155,confident,58.65800866,0.47011724,na
P37287-3,250.0,86.64348,confident,50.82644628,0.615131261,na
A6NNP5-2,115.0,86.64217391,confident,50.93457944,0.64028371,na
Q86TD4-3,431.0,86.64143852,confident,91.1205074,0.937332314,na
Q96IJ6-2,473.0,86.64016913,confident,88.794926,0.940606401,na
Q8TB36-2,290.0,86.63644828,confident,81.00558659,0.727734774,na
Q8WUD6-2,218.0,86.63550459,confident,53.20197044,0.723431092,na
Q8IY31-2,158.0,86.62689873,confident,83.5443038,0.881346698,na
P49841-2,433.0,86.61875289,confident,96.99769053,0.954308681,na
P20839-5,589.0,86.61850594,confident,87.26655348,0.933968026,na
Q5R372-6,377.0,86.60665782,confident,12.94005709,0.24859335,na
Q9UQ13-2,536.0,86.60509328,confident,92.09621993,0.791203041,na
Q96T66-2,215.0,86.60497674,confident,85.31746032,0.831559757,na
Q8TCC7-5,419.0,86.59608592,confident,77.30627306,0.822404137,na
Q9NS00-2,309.0,86.59469256,confident,82.09366391,0.803103206,na
Q6X9E4-3,445.0,86.59049438,confident,93.56223176,0.957807912,na
Q9Y265-2,386.0,86.59018135,confident,82.01754386,0.855463411,na
Q8TCT1-3,292.0,86.58825342,confident,86.53198653,0.899701337,na
Q9BY67-2,333.0,86.58687688,confident,74.88687783,0.759405768,na
Q9BQI0-4,102.0,86.58637255,confident,66.0,0.687319264,na
P35241-2,257.0,86.58058366,confident,39.07284768,0.28325891,na
Q9Y6J8-2,247.0,86.58048583,confident,73.6677116,0.859891236,na
Q9P1W8-4,276.0,86.57789855,confident,71.31782946,0.70614881,na
Q96I51-3,454.0,86.57202643,confident,93.82978723,0.867002913,na
P63104-2,170.0,86.56976471,confident,62.19512195,0.803436577,na
Q9H3H1-3,324.0,86.56506173,confident,69.37901499,0.810081752,na
Q06330-6,486.0,86.56193416,confident,96.2,0.955908592,na
P15529-9,349.0,86.5586533,confident,82.66331658,0.671805995,na
P85298-2,294.0,86.55721088,confident,63.14655172,0.729192075,na
Q9UPE1-2,491.0,86.55340122,confident,86.59611993,0.862062192,na
P55345-4,289.0,86.55276817,confident,64.66512702,0.709026301,na
Q8N8Q3-6,308.0,86.55172078,confident,90.58441558,0.919786728,na
P35241-5,604.0,86.54907285,confident,96.52317881,0.818714321,na
Q8TBZ3-8,86.0,86.54686047,confident,14.58699473,0.485835647,na
Q6XZB0-6,375.0,86.54344,confident,75.65217391,0.86391938,na
Q9P055-2,248.0,86.54278226,confident,79.74276527,0.85347988,na
O60942-3,457.0,86.5345733,confident,76.54941374,0.495679643,1
Q6XZB0-2,481.0,86.53284823,confident,93.36099585,0.963724228,na
Q14108-2,335.0,86.53280597,confident,70.08368201,0.755910213,na
Q6ZVN8-3,200.0,86.53245,confident,46.94835681,0.590485697,na
Q9UBL9-2,404.0,86.52584158,confident,85.77494692,0.867406366,na
Q9NQS3-2,366.0,86.52508197,confident,65.0273224,0.711553426,na
P60201-2,242.0,86.52433884,confident,87.36462094,0.864707296,na
P49895-4,201.0,86.52044776,confident,,,na
Q9BSJ1-2,309.0,86.51779935,confident,68.36283186,0.823083502,na
Q8N428-2,542.0,86.51516605,confident,91.85840708,0.877437405,na
Q6UX27-3,174.0,86.51132184,confident,69.49152542,0.638394507,na
Q9H6J7-3,274.0,86.50934307,confident,82.77945619,0.881573987,na
Q9Y680-3,221.0,86.50520362,confident,99.54954955,0.918884758,na
Q9NZZ3-2,171.0,86.50497076,confident,75.79908676,0.725015431,na
P55058-2,441.0,86.50297052,confident,89.2494929,0.904869529,na
Q9Y6P5-3,426.0,86.49896714,confident,86.58536585,0.87737064,na
Q9NZ43-3,135.0,86.49688889,confident,51.35135135,0.667636385,na
O76083-8,507.0,86.49483235,confident,85.49747049,0.643859139,na
P13051-2,304.0,86.4925,confident,87.34177215,0.845280774,na
Q96P11-4,470.0,86.49182979,confident,91.06382979,0.946237976,na
Q9UJP4-2,539.0,86.48979592,confident,81.61290323,0.907286396,na
Q9NRM0-2,511.0,86.48553816,confident,91.49722736,0.952736913,na
P15735-2,374.0,86.48387701,confident,88.75305623,0.749767197,na
P50897-2,203.0,86.46921182,confident,66.33986928,0.650704601,na
Q06330-7,487.0,86.46716632,confident,96.40718563,0.924870918,na
Q5VZM2-2,346.0,86.46436416,confident,92.51336898,0.879257571,na
A1XBS5-5,97.0,86.4585567,confident,30.34482759,0.618101682,na
Q6DKJ4-2,177.0,86.45468927,confident,36.30136986,0.597999597,na
P55075-3,215.0,86.45381395,confident,88.41201717,0.780707635,na
Q9P121-3,316.0,86.44990506,confident,90.69767442,0.836242036,na
Q9UQ74-3,419.0,86.44904535,confident,97.41784038,0.854368966,na
Q6UXG8-2,315.0,86.44879365,confident,54.79704797,0.599019755,na
Q96JD6-2,263.0,86.43965779,confident,82.1875,0.849844751,na
Q16875-3,500.0,86.4386,confident,94.82758621,0.834281986,na
P32322-3,346.0,86.42303468,confident,92.19653179,0.854486852,na
A4D1E9-3,116.0,86.42215517,confident,27.90697674,0.55121745,na
Q9H6X2-4,333.0,86.41843844,confident,56.23901582,0.684411445,na
Q6P4F1-4,391.0,86.41764706,confident,78.1443299,0.810114654,na
Q9Y3C4-2,142.0,86.41690141,confident,81.14285714,0.859324279,na
Q9NWW6-2,175.0,86.41588571,confident,87.43718593,0.92165903,na
Q15084-4,445.0,86.41375281,confident,97.75784753,0.846327854,na
Q7KYR7-5,466.0,86.41085837,confident,88.42504744,0.464342518,1
O75553-2,213.0,86.40558685,confident,33.78151261,0.56770023,na
P35240-3,590.0,86.39989831,confident,97.4789916,0.963870323,na
P13674-3,516.0,86.39693798,confident,94.75655431,0.941414131,na
Q13077-2,294.0,86.39687075,confident,70.67307692,0.763705454,na
Q13740-4,305.0,86.39281967,confident,52.31560892,0.562255248,na
Q9Y694-3,539.0,86.39092764,confident,96.00725953,0.976966958,na
Q6PHW0-7,192.0,86.38984375,confident,59.8615917,0.776461595,na
Q6ZVN8-2,313.0,86.38865815,confident,73.4741784,0.766115085,na
P57054-3,108.0,86.38453704,confident,67.08860759,0.614472125,na
Q9NUL5-3,163.0,86.38361963,confident,56.0137457,0.725794463,na
P25705-3,531.0,86.383258,confident,96.02169982,0.89822389,na
Q4G148-2,409.0,86.37643032,confident,92.95454545,0.856273698,na
Q96GS6-4,176.0,86.37636364,confident,56.77419355,0.669904988,na
Q9NR21-2,257.0,86.36898833,confident,73.45132743,0.774831445,na
Q8TB92-5,308.0,86.36850649,confident,83.24324324,0.814813868,na
O75648-2,376.0,86.36739362,confident,84.79809976,0.888656212,na
Q16342-4,228.0,86.36578947,confident,63.95348837,0.7330835,na
Q9Y2B2-2,194.0,86.36340206,confident,68.58237548,0.732474254,na
Q96GD4-4,303.0,86.36333333,confident,88.08139535,0.86277805,na
O60258-2,205.0,86.36234146,confident,94.90740741,0.766974674,na
Q9H0I3-2,323.0,86.33820433,confident,85.67639257,0.55456241,na
Q6NYC1-3,414.0,86.33342995,confident,97.34299517,0.911176964,na
P48729-2,365.0,86.33273973,confident,92.32876712,0.927053109,na
Q08AH1-2,204.0,86.32995098,confident,35.35528596,0.528908939,na
Q92913-2,192.0,86.3290625,confident,75.10204082,0.73518432,na
Q13216-2,205.0,86.32629268,confident,46.3840399,0.715207699,na
P15529-7,355.0,86.32628169,confident,83.20987654,0.679082032,na
Q9BQG2-2,444.0,86.32376126,confident,96.1038961,0.807726408,na
P20941-2,194.0,86.32257732,confident,78.86178862,0.828397829,na
Q9C030-3,313.0,86.31971246,confident,64.13934426,0.797388088,na
O43242-2,356.0,86.31912921,confident,66.29213483,0.811018882,na
Q9NZU7-3,70.0,86.31857143,confident,18.91891892,0.576014134,na
Q9HBI0-3,187.0,86.3184492,confident,56.19335347,0.728843378,na
Q0GE19-5,159.0,86.31685535,confident,43.85964912,0.578475496,na
Q9NVH6-5,382.0,86.31643979,confident,90.26128266,0.85630673,na
P31948-3,519.0,86.3111368,confident,95.5801105,0.730964048,na
Q9NY84-7,129.0,86.30527132,confident,41.4893617,0.599844273,na
Q7L1V2-2,401.0,86.30506234,confident,71.29798903,0.83137901,na
Q9UJT9-2,444.0,86.29939189,confident,90.42769857,0.909185603,na
Q8WVV5-3,256.0,86.29878906,confident,45.62737643,0.423169664,na
Q9ULP0-4,339.0,86.29463127,confident,96.30681818,0.865623528,na
Q96EN9-3,179.0,86.29094972,confident,89.05472637,0.736277913,na
Q9H313-4,239.0,86.28828452,confident,52.54988914,0.667813035,na
P25685-2,240.0,86.28733333,confident,70.58823529,0.667829216,na
Q6XPS3-3,445.0,86.28269663,confident,85.05747126,0.772068598,na
Q9HB40-2,296.0,86.27814189,confident,65.04424779,0.719167959,na
P14679-2,377.0,86.273687,confident,66.85499058,0.785648434,na
Q13642-4,309.0,86.27365696,confident,68.46590909,0.713010471,na
P00797-2,403.0,86.27342432,confident,99.26108374,0.960715152,na
Q96AP4-2,59.0,86.27118644,confident,10.20761246,0.240073126,na
P07948-2,491.0,86.2701222,confident,95.8984375,0.925976581,na
Q9UBE0-2,266.0,86.26932331,confident,71.34670487,0.797996334,na
Q8N9F7-3,289.0,86.26809689,confident,81.90184049,0.905801499,na
Q6P3X8-2,341.0,86.26703812,confident,57.60135135,0.620751703,na
Q9H867-1,144.0,86.26361111,confident,49.39759036,0.648744886,na
Q9H2R5-5,255.0,86.26176471,confident,99.609375,0.925108895,na
P21589-2,524.0,86.25906489,confident,91.28919861,0.874659624,na
Q13133-3,402.0,86.24455224,confident,89.93288591,0.605122236,na
P17706-3,353.0,86.24184136,confident,83.85542169,0.825718832,na
Q9H900-2,477.0,86.24129979,confident,80.7106599,0.894924863,na
Q15661-2,266.0,86.24056391,confident,96.72727273,0.884415229,na
Q96T66-3,163.0,86.2403681,confident,64.68253968,0.71952367,na
Q8TBF2-2,183.0,86.23830601,confident,78.43137255,0.804186238,na
P20340-2,208.0,86.23533654,confident,98.55769231,0.873890501,na
O00182-6,343.0,86.23271137,confident,96.61971831,0.903427445,na
O14966-3,131.0,86.22885496,confident,64.5320197,0.659572985,na
Q6H3X3-2,213.0,86.22704225,confident,63.47305389,0.753492015,na
P15151-3,364.0,86.22684066,confident,87.05035971,0.783654717,na
P39656-2,419.0,86.21460621,confident,91.88596491,0.89601042,na
O95926-2,201.0,86.21402985,confident,82.71604938,0.656623867,na
P16298-3,515.0,86.21108738,confident,97.9047619,0.915756655,na
O15466-2,412.0,86.20832524,confident,91.26213592,0.846526707,na
Q9UP65-2,527.0,86.19537002,confident,97.41219963,0.935863998,na
P17752-2,466.0,86.19339056,confident,93.77682403,0.75870808,na
P57081-2,411.0,86.19104623,confident,99.75728155,0.954040665,na
Q9ULP0-2,339.0,86.1879646,confident,96.02272727,0.865730575,na
Q99437-2,158.0,86.18120253,confident,77.07317073,0.84950671,na
P29350-3,597.0,86.1781742,confident,99.32998325,0.928064027,na
P33681-2,256.0,86.17511719,confident,88.54166667,0.753909989,na
P50452-3,192.0,86.17453125,confident,51.3368984,0.716879412,na
P46976-2,333.0,86.17132132,confident,95.14285714,0.880476093,na
P23280-2,313.0,86.16351438,confident,87.1559633,0.863231485,na
P49758-2,485.0,86.16051546,confident,94.85596708,0.890818028,na
Q8IXL7-2,185.0,86.15697297,confident,83.41708543,0.777877036,na
Q9UJX2-3,479.0,86.15073069,confident,80.23450586,0.862617849,na
Q7Z4H3-3,71.0,86.14915493,confident,33.82352941,0.505123253,na
Q15173-2,494.0,86.14467611,confident,97.18309859,0.928349165,na
Q3SXZ7-3,230.0,86.14130435,confident,39.49044586,0.626028499,na
Q96CQ1-4,154.0,86.13792208,confident,49.51768489,0.661790729,na
Q9UHD8-4,335.0,86.12829851,confident,57.16723549,0.728898604,na
Q6XZB0-4,425.0,86.12604706,confident,92.39130435,0.93472529,na
Q9NTX5-6,284.0,86.12566901,confident,92.18241042,0.862050993,na
Q9NPI5-3,235.0,86.12365957,confident,97.87234043,0.941673368,na
Q687X5-2,283.0,86.11568905,confident,61.65577342,0.490013219,na
Q6XZB0-8,295.0,86.11037288,confident,64.13043478,0.794091431,na
Q92769-3,458.0,86.11,confident,93.85245902,0.830459595,na
Q96RU8-2,206.0,86.10990291,confident,55.37634409,0.730267582,na
P30740-2,228.0,86.10767544,confident,60.15831135,0.772551282,na
Q6QHF9-5,325.0,86.10433846,confident,58.25242718,0.750878107,na
Q86TJ2-3,328.0,86.10161585,confident,78.0952381,0.522426773,na
Q9H9Q2-2,157.0,86.09917197,confident,59.46969697,0.588326955,na
Q05932-3,537.0,86.09888268,confident,91.48211244,0.93906659,na
Q7RTP0-2,254.0,86.09555118,confident,77.20364742,0.787499862,na
Q92526-3,493.0,86.09401623,confident,93.01886792,0.90272488,na
Q6Q8B3-2,250.0,86.09092,confident,92.25092251,0.886679787,na
Q8NFV4-4,308.0,86.09016234,confident,97.77777778,0.854669428,na
Q8IVI9-3,428.0,86.08439252,confident,84.58498024,0.695628011,na
P68400-2,255.0,86.07952941,confident,65.2173913,0.704192764,na
O14682-2,516.0,86.07883721,confident,87.60611205,0.570292157,na
Q8N9N2-2,357.0,86.07868347,confident,79.21760391,0.739616476,na
P20839-7,566.0,86.07681979,confident,87.1024735,0.927278009,na
P00750-4,395.0,86.07567089,confident,69.75088968,0.765448124,na
Q9Y572-3,231.0,86.0752381,confident,42.63862333,0.697778309,na
Q6PHR2-4,483.0,86.07194617,confident,91.56378601,0.929468035,na
O76081-3,180.0,86.06983333,confident,44.07216495,0.638973095,na
O43734-3,153.0,86.0679085,confident,26.65505226,0.58111172,na
Q13418-2,391.0,86.06355499,confident,82.74336283,0.614454204,na
Q9NZN8-3,191.0,86.05188482,confident,35.37037037,0.419398231,na
Q06124-1,597.0,86.05040201,confident,99.32998325,0.959796372,na
Q12981-2,194.0,86.04706186,confident,85.0877193,0.617449785,na
Q5EBM0-4,409.0,86.04308068,confident,91.09131403,0.91872704,na
O75771-7,212.0,86.03410377,confident,57.69230769,0.598826339,na
Q6ZRR5-4,148.0,86.03364865,confident,47.19101124,0.495853459,na
P62899-3,121.0,86.03305785,confident,92.0,0.875920699,na
Q11203-16,261.0,86.02095785,confident,69.33333333,0.649448173,na
P15509-3,333.0,86.02057057,confident,77.18446602,0.858815552,na
P56817-6,376.0,86.01704787,confident,71.59763314,0.7619311,na
Q95460-3,249.0,86.01630522,confident,73.02052786,0.672704172,na
O15374-3,319.0,86.01504702,confident,65.50308008,0.76111485,na
Q6ZNC8-3,241.0,86.01360996,confident,48.28282828,0.697555801,na
P04439-2,371.0,86.00706199,confident,97.30458221,0.870814948,na
P00338-2,274.0,86.00675182,confident,71.98795181,0.888794584,na
P13693-2,138.0,86.00630435,confident,80.23255814,0.865203334,na
P48454-2,502.0,86.0014741,confident,98.046875,0.856084619,na
P43251-2,545.0,86.00049541,confident,95.84837545,0.957728675,na
P17693-6,227.0,85.99651982,confident,61.6519174,0.4376886,na
Q14142-2,253.0,85.99162055,confident,52.45535714,0.66035718,na
A7E2S9-2,251.0,85.98390438,confident,79.10447761,0.709165334,na
Q9NTJ5-2,526.0,85.98361217,confident,78.66449511,0.864867856,na
Q8N8Q3-7,309.0,85.98119741,confident,90.29126214,0.909624822,na
Q8N999-2,38.0,85.98105263,confident,10.42944785,0.185432137,na
O95297-3,209.0,85.97880383,confident,75.55555556,0.728689826,na
P49758-3,490.0,85.97616327,confident,96.32653061,0.889465015,na
Q96B02-2,162.0,85.97530864,confident,93.20987654,0.941720891,na
P47755-2,172.0,85.97197674,confident,50.34482759,0.774504349,na
P16871-4,252.0,85.96873016,confident,51.06837607,0.665247269,na
P15151-2,372.0,85.96739247,confident,89.20863309,0.824593788,na
P61224-2,137.0,85.96583942,confident,74.45652174,0.79108638,na
Q9UII6-4,248.0,85.96560484,confident,79.83870968,0.83061241,na
Q5NDL2-2,208.0,85.94673077,confident,39.27893738,0.62205664,na
Q8NER5-3,413.0,85.94525424,confident,83.77281947,0.700711886,na
P30048-2,238.0,85.94420168,confident,92.96875,0.822568576,na
Q9NVH6-4,332.0,85.94385542,confident,78.85985748,0.757180628,na
Q9BZD2-2,329.0,85.93574468,confident,69.26315789,0.788590392,na
Q9H6R6-2,409.0,85.93217604,confident,99.031477,0.95010387,na
Q92913-4,199.0,85.93050251,confident,75.51020408,0.737577176,na
P35240-8,561.0,85.92634581,confident,92.60504202,0.768110606,na
Q9NZ43-2,146.0,85.92047945,confident,54.44015444,0.63718487,na
P30046-2,107.0,85.91934579,confident,82.35294118,0.90598749,na
Q15008-3,350.0,85.91917143,confident,89.71722365,0.890657499,na
Q53TN4-3,228.0,85.91135965,confident,77.97202797,0.754860306,na
O95471-2,158.0,85.90949367,confident,74.88151659,0.836533922,na
Q00535-2,260.0,85.90788462,confident,89.04109589,0.91832529,na
Q11203-8,277.0,85.90173285,confident,73.86666667,0.671969157,na
Q8IV63-3,424.0,85.90066038,confident,89.45147679,0.81619008,na
Q96L92-2,435.0,85.8983908,confident,76.86703097,0.814284572,na
P37058-2,260.0,85.8965,confident,83.87096774,0.735826445,na
P11464-2,428.0,85.89450935,confident,96.72897196,0.887448712,na
Q9NPH5-2,504.0,85.89087302,confident,87.19723183,0.895914552,na
Q8NCK3-2,350.0,85.89034286,confident,79.36507937,0.756358073,na
Q9UIC8-2,357.0,85.88778711,confident,80.0,0.904017358,na
Q8IXJ6-5,319.0,85.88626959,confident,80.71979434,0.859729397,na
P22557-2,550.0,85.87854545,confident,93.6967632,0.787034343,na
Q9UIR0-6,259.0,85.87602317,confident,53.47826087,0.696998954,na
Q9BRN9-2,221.0,85.87013575,confident,89.47368421,0.814456078,na
P29350-2,556.0,85.86908273,confident,92.94117647,0.87015144,na
O95150-2,192.0,85.86484375,confident,66.15384615,0.737918269,na
O76082-3,581.0,85.86299484,confident,95.86919105,0.968689725,na
O76083-16,485.0,85.85929897,confident,76.06557377,0.678053735,na
Q9UJG1-2,159.0,85.85691824,confident,74.64788732,0.797911777,na
Q9NZQ0-2,90.0,85.85611111,confident,29.67032967,0.522563013,na
P01241-4,171.0,85.85590643,confident,78.80184332,0.70844183,na
Q9UM22-3,163.0,85.85196319,confident,63.83928571,0.715855093,na
P49643-2,158.0,85.85050633,confident,30.25540275,0.586878585,na
Q6UX41-7,375.0,85.85013333,confident,73.8,0.734464682,na
Q14994-12,339.0,85.84837758,confident,88.02228412,0.625618702,na
Q8NA23-2,366.0,85.84784153,confident,99.72752044,0.87826253,na
P24666-3,124.0,85.84145161,confident,78.48101266,0.84868337,na
Q93038-5,181.0,85.84082873,confident,43.40527578,0.596137292,na
O43903-2,141.0,85.83659574,confident,43.76996805,0.6447514,na
P49961-3,306.0,85.83330065,confident,52.41779497,0.625582243,na
P43251-3,545.0,85.8266422,confident,97.26775956,0.897310342,na
Q15008-2,351.0,85.82125356,confident,86.32911392,0.893427603,na
Q9UK23-3,309.0,85.82029126,confident,59.61165049,0.717712604,na
Q15973-4,289.0,85.8184083,confident,82.33618234,0.72571257,na
P49758-6,428.0,85.81329439,confident,88.44537815,0.850205669,na
Q8NDH3-3,393.0,85.81302799,confident,63.55311355,0.817155403,na
O15160-2,342.0,85.8095614,confident,84.55284553,0.969111687,na
P36897-3,426.0,85.80739437,confident,84.69184891,0.683787991,na
Q93045-2,187.0,85.80700535,confident,85.9375,0.824937619,na
P29508-2,338.0,85.80612426,confident,86.66666667,0.821946815,na
Q96A25-2,214.0,85.80060748,confident,81.29770992,0.74152996,na
Q8TCX1-2,352.0,85.79994318,confident,99.71590909,0.972947305,na
Q7RTN6-4,299.0,85.79953177,confident,68.21345708,0.730307124,na
P17181-2,434.0,85.79937788,confident,76.66068223,0.833671506,na
Q8TCC7-4,451.0,85.79898004,confident,83.2103321,0.894660463,na
Q9UNP4-2,390.0,85.79848718,confident,93.30143541,0.891159246,na
Q15631-2,148.0,85.79614865,confident,53.08641975,0.751566546,na
P22830-2,429.0,85.79337995,confident,98.6013986,0.859363027,na
Q9NZ72-2,169.0,85.79278107,confident,93.88888889,0.807868179,na
Q5QNW6-2,134.0,85.79,confident,94.02985075,0.858278801,na
Q9BRV8-2,211.0,85.78293839,confident,98.1042654,0.434820113,1
Q30201-7,256.0,85.78128906,confident,73.56321839,0.550583988,na
Q969J5-3,130.0,85.77523077,confident,47.52851711,0.603293252,na
Q96A70-3,362.0,85.77455801,confident,75.54112554,0.861302428,na
P00167-2,98.0,85.77438776,confident,72.3880597,0.797527864,na
Q9Y639-3,278.0,85.77219424,confident,69.59798995,0.716390231,na
Q9NZL9-5,83.0,85.77156627,confident,20.35928144,0.4812641,na
Q9H2S1-2,231.0,85.76242424,confident,39.89637306,0.424100506,na
Q5T6J7-3,141.0,85.75851064,confident,75.40106952,0.843480798,na
Q9NRS4-2,432.0,85.75497685,confident,98.85583524,0.962089693,na
Q9NRC8-2,183.0,85.75174863,confident,41.5,0.632062682,na
P10826-3,336.0,85.74723214,confident,73.84615385,0.658994662,na
Q99489-4,310.0,85.74593548,confident,76.42276423,0.856722581,na
O95273-2,309.0,85.74485437,confident,85.27777778,0.903711833,na
O43852-15,164.0,85.74286585,confident,52.06349206,0.551965646,na
Q06330-3,411.0,85.7426764,confident,81.4,0.888593499,na
O43307-3,414.0,85.74205314,confident,80.23255814,0.760430189,na
Q8N697-2,240.0,85.73941667,confident,41.59445407,0.688560423,na
O95995-2,453.0,85.73871965,confident,94.76987448,0.508600075,na
Q5PSV4-2,275.0,85.73454545,confident,85.13931889,0.659208333,na
Q8IYS5-3,267.0,85.73149813,confident,76.35135135,0.75255811,na
P49758-12,346.0,85.73069364,confident,66.25514403,0.748083676,na
Q15109-3,347.0,85.730317,confident,79.18660287,0.876347555,na
Q9BUK6-6,182.0,85.73,confident,31.92982456,0.529302747,na
O95954-3,495.0,85.72925253,confident,73.29931973,0.871023765,na
Q96SY0-4,439.0,85.72840547,confident,84.74903475,0.795852068,na
Q86VX2-2,199.0,85.72839196,confident,99.5,0.802175834,na
P20839-6,599.0,85.72684474,confident,85.8096828,0.917821913,na
Q8N443-2,192.0,85.72536458,confident,47.15025907,0.333726029,na
Q6P9H5-2,212.0,85.725,confident,65.76271186,0.760874815,na
P78552-2,279.0,85.72451613,confident,64.87119438,0.747040912,na
P15529-12,362.0,85.72198895,confident,92.34693878,0.683389342,na
Q7Z4N8-2,257.0,85.71400778,confident,47.05882353,0.639789611,na
Q13155-2,251.0,85.71266932,confident,78.4375,0.752417022,na
Q5VTY9-3,518.0,85.70727799,confident,88.25757576,0.964532407,na
P28907-2,122.0,85.70360656,confident,40.33333333,0.42925552,na
Q5XG92-7,374.0,85.68430481,confident,58.70307167,0.774696586,na
O14807-2,132.0,85.68287879,confident,63.46153846,0.720605763,na
Q86SE8-2,136.0,85.67955882,confident,57.47663551,0.739941538,na
Q9ULX9-2,135.0,85.67703704,confident,82.31707317,0.821413552,na
Q7Z2X4-3,168.0,85.67690476,confident,63.6,0.688111989,na
Q13336-2,445.0,85.6714382,confident,87.41573034,0.889386911,na
Q9Y305-4,448.0,85.66575893,confident,97.99107143,0.91214288,na
Q8N2F6-2,308.0,85.66454545,confident,89.79591837,0.811932452,na
Q99578-2,153.0,85.66091503,confident,66.51376147,0.715259068,na
Q6P461-2,186.0,85.66075269,confident,37.21413721,0.628446179,na
P78539-2,451.0,85.6589357,confident,90.21276596,0.905088861,na
Q08431-3,335.0,85.6581791,confident,86.56330749,0.867375589,na
P11464-4,426.0,85.65438967,confident,97.41784038,0.914258279,na
Q13557-9,489.0,85.65368098,confident,93.7254902,0.904961164,na
P25103-3,311.0,85.65350482,confident,76.41277641,0.852174736,na
Q9UNH6-2,336.0,85.65232143,confident,86.82170543,0.772882979,na
Q9GZU0-2,200.0,85.64355,confident,82.53275109,0.810880857,na
Q9H2P9-3,234.0,85.6434188,confident,80.70175439,0.867794207,na
Q8NHH9-5,565.0,85.64306195,confident,93.6535163,0.772184227,na
B9EJG8-2,180.0,85.63527778,confident,72.28915663,0.699244682,na
P31948-2,590.0,85.62791525,confident,91.52542373,0.756936483,na
Q9UJT1-5,396.0,85.62762626,confident,86.75496689,0.8368129,na
Q8IXJ6-2,352.0,85.62292614,confident,90.48843188,0.90188126,na
O00463-2,568.0,85.62288732,confident,98.06338028,0.421244342,1
P27361-2,335.0,85.62143284,confident,88.39050132,0.692449491,na
Q9Y694-2,546.0,85.61798535,confident,99.6350365,0.990918384,na
Q9NVK5-2,215.0,85.61772093,confident,84.98023715,0.430213915,1
A5PLN9-7,309.0,85.61543689,confident,70.04716981,0.809896627,na
Q9H6X2-2,368.0,85.614375,confident,64.53900709,0.7214427,na
P47804-3,253.0,85.61237154,confident,86.94158076,0.846373327,na
Q4G1C9-2,253.0,85.60924901,confident,63.84180791,0.688226021,na
Q16589-2,304.0,85.60641447,confident,88.08139535,0.887466689,na
P49758-11,430.0,85.60288372,confident,88.8185654,0.843302992,na
Q969M1-2,274.0,85.5979927,confident,88.96103896,0.899715409,na
Q9UBK9-2,169.0,85.59136095,confident,92.89940828,0.911864876,na
O95870-2,525.0,85.58988571,confident,86.41975309,0.853459125,na
Q9UMR7-2,204.0,85.58852941,confident,85.65400844,0.635935761,na
Q96AZ1-3,155.0,85.58070968,confident,58.33333333,0.778484226,na
P18510-3,180.0,85.57772222,confident,82.29166667,0.855200838,na
P23416-3,363.0,85.57275482,confident,80.30973451,0.867431999,na
Q9Y2D2-2,367.0,85.57119891,confident,88.55585831,0.940915912,na
P48048-2,372.0,85.57104839,confident,95.14066496,0.943229032,na
Q13451-2,268.0,85.56339552,confident,48.31223629,0.675070683,na
Q8NG50-3,139.0,85.56215827,confident,46.85314685,0.695380328,na
Q9NXA8-3,292.0,85.55503425,confident,94.19354839,0.913840036,na
Q9Y2C4-4,318.0,85.55125786,confident,86.41304348,0.845825253,na
Q6NT32-2,525.0,85.54558095,confident,91.30434783,0.731447713,na
Q8TCA0-2,134.0,85.54298507,confident,72.82608696,0.743898292,na
Q9P2W7-2,347.0,85.5374928,confident,96.25360231,0.869127672,na
Q9H1Z4-2,393.0,85.53694656,confident,81.03092784,0.806870011,na
Q9H4I8-3,134.0,85.53514925,confident,39.18495298,0.56271488,na
P15692-5,174.0,85.53396552,confident,74.13793103,0.623426277,na
P12532-2,448.0,85.53089286,confident,93.08035714,0.86217576,na
P53367-3,193.0,85.53046632,confident,51.74262735,0.552843161,na
Q9C035-4,326.0,85.52763804,confident,61.05476673,0.734768271,na
O76083-4,465.0,85.52686022,confident,76.5993266,0.746845005,na
P49368-2,507.0,85.52631164,confident,93.02752294,0.914822885,na
Q9BZZ5-5,450.0,85.52373333,confident,84.92366412,0.798334461,na
Q9UNS2-2,403.0,85.52307692,confident,95.27186761,0.93230961,na
P10599-2,85.0,85.52176471,confident,80.95238095,0.774589851,na
Q8NBI6-3,187.0,85.51743316,confident,34.55882353,0.672463933,na
P62495-2,404.0,85.50883663,confident,92.44851259,0.778645496,na
P48048-3,389.0,85.50627249,confident,95.71788413,0.911619241,na
Q9BXD5-4,240.0,85.50279167,confident,68.11145511,0.817380169,na
Q9Y2C5-2,443.0,85.50200903,confident,89.13480885,0.904705669,na
Q9UHP7-6,154.0,85.50155844,confident,80.62827225,0.732781613,na
Q9BXN2-5,168.0,85.49744048,confident,68.01619433,0.672438737,na
O60259-3,119.0,85.49571429,confident,45.76923077,0.571905545,na
Q8NER5-2,336.0,85.49407738,confident,68.15415822,0.605805565,na
Q86TW2-2,523.0,85.49135755,confident,98.67924528,0.870626377,na
Q5QGZ9-4,232.0,85.49099138,confident,87.16981132,0.864354615,na
P15529-4,369.0,85.48601626,confident,86.66666667,0.718369594,na
Q9UJW3-2,387.0,85.48064599,confident,99.74160207,0.944090313,na
P61019-2,188.0,85.47579787,confident,88.67924528,0.894380414,na
P51157-3,204.0,85.4752451,confident,87.78280543,0.909536456,na
Q7Z4H3-2,170.0,85.47411765,confident,83.33333333,0.818159185,na
P49407-2,410.0,85.47317073,confident,98.0861244,0.910888379,na
Q9UIJ7-3,187.0,85.46935829,confident,82.37885463,0.778729156,na
Q8N635-2,471.0,85.46753715,confident,93.84288747,0.686355067,na
O95925-3,179.0,85.46458101,confident,72.77777778,0.73585657,na
P11511-2,218.0,85.45674312,confident,41.74950298,0.623483593,na
Q7Z3Q1-3,386.0,85.45468912,confident,83.73101952,0.874438017,na
P15538-2,437.0,85.45265446,confident,86.87872763,0.847152669,na
Q7Z3Q1-2,463.0,85.44844492,confident,99.56803456,0.959388033,na
P08631-3,504.0,85.44632937,confident,95.81749049,0.963851217,na
Q96JD6-3,250.0,85.44524,confident,77.8125,0.849169774,na
Q9BPV8-2,333.0,85.443003,confident,94.06779661,0.889986297,na
Q99436-2,142.0,85.43732394,confident,47.5177305,0.472544779,na
P01871-2,474.0,85.43567511,confident,92.63157895,0.698606764,na
Q9BW60-2,252.0,85.43142857,confident,90.32258065,0.596715769,na
Q16635-5,278.0,85.42996403,confident,95.20547945,0.882903368,na
Q9BWP8-6,221.0,85.42941176,confident,76.38376384,0.704244333,na
Q0VAM2-2,431.0,85.42160093,confident,91.1205074,0.919645861,na
P08709-2,444.0,85.4215991,confident,95.27896996,0.833752428,na
Q9P055-5,319.0,85.41865204,confident,95.92476489,0.970563928,na
Q8TDB8-5,535.0,85.41841121,confident,89.67391304,0.944862183,na
Q8TC84-3,371.0,85.4161186,confident,92.99191375,0.672447351,na
A2A288-3,227.0,85.41013216,confident,43.0740038,0.492711598,na
P55058-3,398.0,85.40261307,confident,80.73022312,0.823703483,na
O75354-2,467.0,85.39922912,confident,96.28099174,0.920181679,na
Q86VW1-3,515.0,85.3984466,confident,88.56152513,0.921384704,na
Q9Y421-3,92.0,85.39826087,confident,78.57142857,0.443357979,1
Q99447-2,311.0,85.3877492,confident,79.94858612,0.782827519,na
Q96SQ9-2,564.0,85.38663121,confident,86.54867257,0.920435228,na
P20809-2,120.0,85.38583333,confident,60.30150754,0.760912878,na
Q12887-2,251.0,85.38390438,confident,53.00668151,0.725321343,na
Q8N456-2,255.0,85.38176471,confident,97.70114943,0.783383986,na
Q969M7-6,164.0,85.38006098,confident,88.64864865,0.844486048,na
Q8N2H9-2,445.0,85.37964045,confident,94.88272921,0.90217786,na
Q6P4A7-2,305.0,85.37862295,confident,89.91097923,0.886587146,na
Q86YT9-3,259.0,85.36918919,confident,65.2284264,0.776373596,na
Q9UJ83-4,518.0,85.36007722,confident,89.61937716,0.913009452,na
P0DMM9-2,197.0,85.35913706,confident,56.06557377,0.754156016,na
Q969K4-3,453.0,85.34699779,confident,90.53497942,0.876606684,na
O60861-1,412.0,85.34597087,confident,86.55462185,0.722793611,na
P31689-2,331.0,85.34283988,confident,82.11586902,0.721008121,na
Q86WB7-2,415.0,85.34173494,confident,90.80962801,0.9124228,na
P67812-4,164.0,85.34152439,confident,78.19148936,0.835083777,na
P08631-2,505.0,85.34013861,confident,96.00760456,0.970879399,na
Q9UJA2-2,202.0,85.33653465,confident,66.44518272,0.804480252,na
Q96PB7-5,383.0,85.33454308,confident,80.12552301,0.663243729,na
Q9Y639-1,282.0,85.3329078,confident,70.60301508,0.677247928,na
P51553-2,380.0,85.33039474,confident,88.6977887,0.847186764,na
Q9NZI2-3,188.0,85.32718085,confident,82.81938326,0.871569503,na
Q86Y07-2,397.0,85.3270529,confident,77.55905512,0.804340678,na
Q13454-2,347.0,85.32694524,confident,98.85057471,0.90169451,na
P55008-2,93.0,85.32483871,confident,63.26530612,0.68100876,na
Q96P63-2,425.0,85.32338824,confident,95.29411765,0.957281274,na
P06730-3,237.0,85.32156118,confident,89.87341772,0.84864164,na
Q15131-2,289.0,85.31525952,confident,80.27777778,0.868960624,na
Q9ULV4-3,527.0,85.31039848,confident,89.943074,0.85031662,na
Q16576-2,469.0,85.30884861,confident,89.33901919,0.931863964,na
Q99963-3,355.0,85.30760563,confident,94.08450704,0.752909403,na
Q9NQH7-3,278.0,85.30402878,confident,51.66340509,0.69825156,na
Q6UXG8-3,344.0,85.30305233,confident,60.44776119,0.591097776,na
Q8NG50-8,137.0,85.30226277,confident,46.83098592,0.705705195,na
P24071-5,227.0,85.29700441,confident,69.6969697,0.751255946,na
Q495A1-2,170.0,85.29570588,confident,68.03278689,0.688998593,na
Q5SWX8-3,335.0,85.29519403,confident,73.34801762,0.842946377,na
Q96S37-2,445.0,85.29051685,confident,80.47016275,0.845440533,na
P07101-3,497.0,85.29006036,confident,94.12878788,0.862767201,na
Q7KYR7-3,375.0,85.28933333,confident,71.15749526,0.500725898,na
Q99571-3,361.0,85.28590028,confident,93.04123711,0.940229204,na
Q08209-2,511.0,85.2774364,confident,98.0806142,0.833415121,na
P49842-3,258.0,85.27686047,confident,70.10869565,0.774174614,na
P20813-2,291.0,85.27683849,confident,54.78087649,0.764179244,na
Q0GE19-1,358.0,85.27217877,confident,93.01675978,0.708743931,na
Q13098-5,487.0,85.2699384,confident,99.18533605,0.894673148,na
Q7RTN6-5,373.0,85.26737265,confident,86.54292343,0.893017248,na
O60671-3,68.0,85.26205882,confident,23.75886525,0.505686652,na
Q6UXH1-6,373.0,85.25911528,confident,91.42091153,0.898876514,na
Q00059-2,214.0,85.25878505,confident,86.99186992,0.559674534,na
Q8IYM9-2,494.0,85.25801619,confident,99.19678715,0.658257418,na
Q96FM1-2,269.0,85.25795539,confident,84.0625,0.628808705,na
Q16619-2,200.0,85.2537,confident,99.50248756,0.969538936,na
Q5T7W7-2,167.0,85.24922156,confident,28.48837209,0.56708982,na
Q8WVV5-5,313.0,85.24738019,confident,59.84703633,0.651234496,na
Q6GPH4-5,166.0,85.2426506,confident,44.96855346,0.587226528,na
Q9UIB8-5,272.0,85.24014706,confident,72.11267606,0.775163617,na
Q8NFJ9-2,630.0,85.24012698,confident,91.19496855,0.905042628,na
Q9UJX3-2,537.0,85.2394041,confident,89.48247078,0.935319212,na
Q96DT0-3,327.0,85.23311927,confident,97.32142857,0.569872629,na
Q8IVS8-5,240.0,85.23004167,confident,41.47727273,0.687362409,na
P16871-3,261.0,85.22927203,confident,52.4838013,0.666858483,na
Q8IY49-3,193.0,85.22580311,confident,66.54545455,0.741885747,na
Q8NCQ5-2,434.0,85.22223502,confident,85.09803922,0.914470513,na
Q8IU57-4,244.0,85.2202459,confident,43.95393474,0.628287454,na
Q9H857-2,557.0,85.21895871,confident,86.0670194,0.893392062,na
Q14558-2,385.0,85.21750649,confident,92.46753247,0.896283738,na
O75865-2,173.0,85.21219653,confident,91.90751445,0.920518791,na
Q2HXU8-2,232.0,85.21133621,confident,82.24637681,0.500994939,na
Q6XPS3-2,482.0,85.21043568,confident,92.33716475,0.747416085,na
Q9NVS9-3,243.0,85.20839506,confident,93.10344828,0.833455482,na
Q9Y5N1-6,329.0,85.19109422,confident,73.93258427,0.792457536,na
O00233-3,118.0,85.18779661,confident,52.91479821,0.465306717,na
Q9UNP4-3,395.0,85.18577215,confident,93.77990431,0.864511644,na
Q8NG50-12,236.0,85.18521186,confident,78.7456446,0.892210279,na
Q5VXD3-4,102.0,85.18245098,confident,83.60655738,0.738318765,na
P37268-5,374.0,85.1805615,confident,89.6882494,0.879120318,na
Q86UN3-2,193.0,85.17823834,confident,41.84397163,0.658560894,na
Q96GS6-3,236.0,85.16495763,confident,75.80645161,0.839113791,na
Q86TZ1-2,536.0,85.16345149,confident,61.70886076,0.718692018,na
Q8TAV4-2,282.0,85.16297872,confident,94.50171821,0.93304562,na
O15392-2,165.0,85.16290909,confident,86.06060606,0.895955061,na
Q5RIA9-2,104.0,85.15538462,confident,26.32911392,0.592480623,na
P10644-2,337.0,85.14922849,confident,85.41666667,0.784020714,na
Q4U2R8-2,550.0,85.14636364,confident,97.69094139,0.949443458,na
Q969N2-4,476.0,85.14397059,confident,82.35294118,0.8435656,na
P49758-7,435.0,85.14177011,confident,92.16101695,0.852350549,na
Q5VUD6-2,344.0,85.14026163,confident,79.81438515,0.858988372,na
Q53EZ4-2,400.0,85.138725,confident,83.9055794,0.695664964,na
Q7Z5M8-2,285.0,85.13719298,confident,78.72928177,0.796879856,na
Q13505-3,317.0,85.13533123,confident,68.02575107,0.717051625,na
Q96CQ1-3,310.0,85.13406452,confident,99.67845659,0.987750774,na
P27701-2,242.0,85.13318182,confident,90.63670412,0.492914859,1
Q9H0T7-2,85.0,85.13270588,confident,40.09433962,0.546786224,na
Q9BZZ5-1,438.0,85.12547945,confident,82.44274809,0.84046254,na
Q53H76-3,440.0,85.12345455,confident,96.49122807,0.916482453,na
Q9Y281-3,149.0,85.12275168,confident,89.75903614,0.911478849,na
Q9BZ23-3,447.0,85.1201566,confident,78.42105263,0.784707633,na
Q8IWU4-2,320.0,85.11921875,confident,86.72086721,0.813699843,na
Q6UX73-2,361.0,85.10880886,confident,80.78817734,0.844022265,na
O43502-2,135.0,85.10844444,confident,35.63829787,0.363556312,na
Q3KPI0-2,292.0,85.10794521,confident,99.31740614,0.783329715,na
Q9UN36-2,357.0,85.10742297,confident,96.22641509,0.800874015,na
Q7Z3B1-2,226.0,85.10402655,confident,63.84180791,0.694664661,na
A6NC05-2,115.0,85.08573913,confident,32.97297297,0.285862867,na
Q6UXX9-2,176.0,85.08494318,confident,72.42798354,0.644662009,na
Q8TDX6-2,275.0,85.07821818,confident,48.4962406,0.743630599,na
O43699-2,353.0,85.06994334,confident,73.06034483,0.807473959,na
Q8N4S7-3,198.0,85.06949495,confident,72.52747253,0.573042783,na
P27037-2,405.0,85.06871605,confident,78.94736842,0.734796709,na
Q9NPH5-6,538.0,85.06719331,confident,93.07958478,0.927652597,na
O60678-2,469.0,85.05968017,confident,84.36911488,0.879202709,na
Q9NY84-5,207.0,85.05768116,confident,67.15328467,0.786916753,na
Q9NP99-2,150.0,85.05646667,confident,57.67634855,0.673656012,na
Q96IQ7-2,284.0,85.05316901,confident,86.85015291,0.829289106,na
Q8TAM2-3,485.0,85.05063918,confident,89.64879852,0.932182195,na
Q86V25-2,290.0,85.04693103,confident,81.69014085,0.789723172,na
Q5JS13-4,305.0,85.04504918,confident,54.39856373,0.661129066,na
Q6ZUS6-3,141.0,85.03978723,confident,13.28413284,0.334097285,na
Q9NPQ8-2,525.0,85.0384381,confident,92.65536723,0.879634188,na
O75530-3,400.0,85.037575,confident,90.70294785,0.783011925,na
P60842-2,347.0,85.03342939,confident,82.51231527,0.840445506,na
Q8TBF2-3,216.0,85.03296296,confident,91.66666667,0.933351652,na
Q08623-3,208.0,85.03283654,confident,73.1092437,0.863403064,na
P32302-2,327.0,85.03247706,confident,87.90322581,0.932404251,na
Q14773-2,237.0,85.02628692,confident,85.97785978,0.517378389,na
P15529-14,363.0,85.02539945,confident,92.60204082,0.793464587,na
O43826-2,451.0,85.02454545,confident,95.12195122,0.964111742,na
Q96MH6-2,257.0,85.02307393,confident,79.32098765,0.589169619,na
Q8NFU3-3,109.0,85.02155963,confident,88.79310345,0.930016306,na
Q9NWS1-7,302.0,85.01781457,confident,51.8134715,0.703249561,na
A4QPH2-4,501.0,85.0160479,confident,83.36134454,0.582519044,na
Q9HAC7-4,397.0,85.01216625,confident,89.21348315,0.869322043,na
Q9H903-5,305.0,85.01190164,confident,87.8962536,0.824579931,na
Q0VAA2-2,219.0,85.01068493,confident,38.1147541,0.635831472,na
P13688-9,399.0,85.00942356,confident,71.15749526,0.724028511,na
Q13868-2,267.0,85.00827715,confident,91.12627986,0.889778324,na
Q6UY01-4,443.0,85.00781038,confident,80.07246377,0.813404342,na
Q96GR4-2,215.0,85.00297674,confident,80.52434457,0.80326539,na
Q8NHH9-4,566.0,85.00075972,confident,87.84246575,0.763973831,na
Q13363-2,429.0,84.99990676,confident,97.04545455,0.830108833,na
Q9Y226-2,468.0,84.99386752,confident,80.31914894,0.871103193,na
Q8NDZ6-3,140.0,84.99164286,confident,28.74743326,0.543494451,na
Q9P1W8-3,170.0,84.99017647,confident,43.92764858,0.566889822,na
P60981-2,148.0,84.98810811,confident,89.6969697,0.908100235,na
Q13557-5,498.0,84.9813253,confident,92.10019268,0.907717852,na
P53365-3,303.0,84.97633663,confident,88.85630499,0.761425619,na
Q3KRA9-2,266.0,84.97451128,confident,89.47368421,0.937059236,na
O43852-13,139.0,84.97107914,confident,43.80952381,0.548083856,na
P48061-2,89.0,84.97067416,confident,95.69892473,0.694036844,na
P37802-2,220.0,84.96559091,confident,90.45454545,0.826061138,na
Q49AN0-2,532.0,84.96417293,confident,88.02698145,0.833705722,na
Q9NZN3-2,175.0,84.964,confident,31.58878505,0.5445619,na
Q9H2U2-2,349.0,84.96246418,confident,95.70200573,0.875685606,na
Q6PCB8-2,277.0,84.96176895,confident,84.70948012,0.839929299,na
Q9Y6F1-2,540.0,84.96174074,confident,98.7037037,0.951324238,na
P83110-2,357.0,84.95759104,confident,77.92494481,0.564274391,na
Q9Y3B3-2,188.0,84.94914894,confident,83.92857143,0.772687085,na
Q7Z5J1-7,152.0,84.94605263,confident,32.31707317,0.449150559,na
Q9BTE6-3,586.0,84.94431741,confident,68.60068259,0.815054324,na
P24557-3,579.0,84.94291883,confident,92.0552677,0.947339777,na
Q6UX41-4,316.0,84.93968354,confident,63.2,0.640344642,na
Q9NR63-2,437.0,84.9376659,confident,85.3515625,0.825994619,na
Q6ZNQ3-2,191.0,84.92748691,confident,55.04322767,0.43275543,na
Q9BV86-2,145.0,84.92524138,confident,49.78354978,0.642290468,na
Q14790-3,395.0,84.92329114,confident,82.46346555,0.505292306,na
Q9H4I8-2,250.0,84.9224,confident,79.61783439,0.842724845,na
Q8N6C8-2,375.0,84.91264,confident,85.4214123,0.533586389,na
P36897-2,507.0,84.91262327,confident,99.21104536,0.711059762,na
Q8TC17-2,116.0,84.91189655,confident,97.45762712,0.89302191,na
Q70IA6-2,142.0,84.91105634,confident,56.11814346,0.547105887,na
Q9H1P3-2,468.0,84.91040598,confident,97.5,0.87849494,na
P61289-3,265.0,84.9074717,confident,89.66789668,0.914138995,na
Q9Y5Y0-2,279.0,84.89544803,confident,50.27027027,0.660412884,na
O95861-2,325.0,84.89504615,confident,84.93975904,0.908805528,na
P19256-2,237.0,84.89333333,confident,94.0,0.884360152,na
O95674-2,250.0,84.89228,confident,54.60674157,0.727578234,na
Q9NYJ1-2,96.0,84.890625,confident,90.625,0.763477077,na
Q9NSC5-3,145.0,84.88544828,confident,35.1800554,0.604774912,na
Q13907-2,284.0,84.88288732,confident,79.92957746,0.892403248,na
P62273-2,67.0,84.88253731,confident,82.08955224,0.851797725,na
Q9H6D7-4,318.0,84.8822327,confident,87.60330579,0.632185219,na
Q7Z4I7-4,189.0,84.8789418,confident,55.42521994,0.598410543,na
Q14994-13,340.0,84.87644118,confident,85.71428571,0.618525334,na
Q6XPS3-4,326.0,84.87582822,confident,58.63377609,0.68720642,na
Q2TAY7-2,352.0,84.87184659,confident,68.61598441,0.774424605,na
Q9Y6M0-2,312.0,84.87054487,confident,99.36305732,0.902919647,na
O60779-2,296.0,84.86837838,confident,59.55734406,0.666514018,na
Q969M7-3,153.0,84.86660131,confident,82.7027027,0.723959147,na
Q6ZVK8-2,223.0,84.86376682,confident,61.58536585,0.6818957,na
P19256-3,248.0,84.86100806,confident,98.8,0.901283573,na
O60861-4,416.0,84.86084135,confident,87.18487395,0.719289791,na
Q9NXR7-1,415.0,84.86043373,confident,88.91566265,0.944090008,na
P17706-2,387.0,84.85937984,confident,92.53012048,0.787194485,na
Q9UMY4-3,158.0,84.85386076,confident,97.5308642,0.84319352,na
P45984-5,242.0,84.85227273,confident,54.71698113,0.737966702,na
Q15109-5,121.0,84.85115702,confident,28.07881773,0.557595945,na
Q64LD2-2,287.0,84.84689895,confident,50.18382353,0.751298848,na
Q15438-2,397.0,84.83924433,confident,99.74874372,0.859746352,na
Q06609-3,280.0,84.83878571,confident,73.29545455,0.802178253,na
Q9UNF0-2,445.0,84.83869663,confident,91.56378601,0.728896078,na
O00748-4,623.0,84.83784912,confident,89.72712681,0.901829011,na
Q9NZJ7-3,171.0,84.83502924,confident,43.95886889,0.665970047,na
Q9NZH6-2,192.0,84.83255208,confident,77.72727273,0.819722325,na
O75648-5,166.0,84.83156627,confident,37.64705882,0.627789526,na
Q8NI22-2,94.0,84.83138298,confident,64.38356164,0.717836382,na
Q9BUP3-3,276.0,84.83032609,confident,87.68115942,0.92761956,na
P07098-4,375.0,84.82850667,confident,89.46078431,0.879795339,na
Q8N371-2,220.0,84.82731818,confident,52.88461538,0.549284378,na
Q30201-3,334.0,84.82667665,confident,95.97701149,0.57865987,na
Q9Y371-3,265.0,84.82509434,confident,72.60273973,0.531641036,na
Q6ZMG9-2,392.0,84.81772959,confident,97.95918367,0.87968159,na
Q9GZX7-2,188.0,84.81670213,confident,94.94949495,0.910029517,na
O00481-3,378.0,84.81452381,confident,66.73076923,0.594300734,na
Q9BWP8-5,223.0,84.81017937,confident,82.28782288,0.685622486,na
P36896-5,453.0,84.80737307,confident,89.7029703,0.687654463,na
Q6ZMD2-2,385.0,84.80441558,confident,73.8791423,0.74696421,na
Q9NRC1-5,511.0,84.79982387,confident,81.8336163,0.784230863,na
Q9BRV3-3,167.0,84.79227545,confident,75.56561086,0.794688251,na
Q9BVC4-4,217.0,84.78967742,confident,55.36231884,0.69421787,na
Q6PI73-2,193.0,84.78212435,confident,39.70893971,0.59142413,na
Q9BY41-7,158.0,84.77487342,confident,39.52254642,0.660791196,na
Q9HCJ1-2,294.0,84.77346939,confident,59.75609756,0.684957172,na
P38405-2,458.0,84.77054585,confident,75.54585153,0.884445878,na
Q96N66-2,399.0,84.77002506,confident,78.48101266,0.856131802,na
Q92600-2,331.0,84.76987915,confident,90.33232628,0.901110948,na
Q6UW15-2,129.0,84.76852713,confident,73.71428571,0.630646085,na
Q9H6A0-2,468.0,84.76529915,confident,96.81528662,0.911981101,na
Q86VW1-2,543.0,84.76040516,confident,91.68110919,0.9220367,na
O00463-3,451.0,84.75727273,confident,80.96947935,0.458905141,1
Q16635-2,268.0,84.75533582,confident,91.78082192,0.881073413,na
Q8N6Q1-2,228.0,84.75057018,confident,77.77777778,0.692553714,na
Q9C075-2,285.0,84.74807018,confident,67.53554502,0.455957634,na
O43405-2,494.0,84.74194332,confident,89.45454545,0.708462789,na
Q7Z7E8-2,253.0,84.73802372,confident,59.95260664,0.704058437,na
Q9UGQ3-2,445.0,84.7318427,confident,87.77120316,0.882479369,na
Q8TAQ9-2,269.0,84.72921933,confident,69.64769648,0.685419886,na
P56704-2,385.0,84.72633766,confident,91.42857143,0.912328716,na
Q8IUN9-2,292.0,84.72606164,confident,90.59561129,0.54364307,na
Q8N0S2-2,282.0,84.72570922,confident,78.34757835,0.58460533,na
Q969N2-5,522.0,84.72342912,confident,90.31141869,0.852842758,na
Q96A29-2,351.0,84.72116809,confident,96.42857143,0.934147317,na
Q96M98-2,257.0,84.71949416,confident,86.82432432,0.778481145,na
Q9C037-2,474.0,84.71740506,confident,94.8,0.716072739,na
Q6P9G0-2,157.0,84.71477707,confident,67.98245614,0.774408774,na
P35613-2,269.0,84.71215613,confident,69.87012987,0.740678232,na
O75469-5,342.0,84.71084795,confident,78.80184332,0.651228292,na
Q9H6D7-2,237.0,84.70590717,confident,65.2892562,0.356909664,na
Q9NWM0-4,532.0,84.70287594,confident,85.81196581,0.870149354,na
Q96LI5-2,475.0,84.69031579,confident,82.38434164,0.698996815,na
P05155-2,448.0,84.69002232,confident,89.6,0.862622416,na
P15509-4,286.0,84.68335664,confident,68.0,0.80850807,na
P32121-3,421.0,84.68223278,confident,97.14964371,0.890457088,na
P31260-2,94.0,84.6693617,confident,22.19512195,0.496902148,na
Q8TCC7-2,551.0,84.65813067,confident,98.36660617,0.951103548,na
P48454-3,521.0,84.65604607,confident,98.27255278,0.873528408,na
Q13404-2,170.0,84.65470588,confident,80.0,0.859558945,na
P62070-3,169.0,84.65005917,confident,82.35294118,0.779435863,na
P48061-3,119.0,84.64647059,confident,74.78991597,0.648229825,na
O43741-2,190.0,84.64347368,confident,62.5,0.747327011,na
Q8WXH4-3,302.0,84.64102649,confident,78.76106195,0.838650421,na
Q86Y07-5,396.0,84.63977273,confident,77.55905512,0.771887252,na
P07101-4,501.0,84.6391018,confident,94.88636364,0.785433771,na
P56180-3,513.0,84.63902534,confident,93.10344828,0.876753088,na
Q8TCF1-2,161.0,84.63869565,confident,60.07462687,0.663779939,na
Q5JVF3-4,453.0,84.6385872,confident,88.0794702,0.935543615,na
Q16270-2,279.0,84.63724014,confident,98.22695035,0.86484604,na
Q93097-2,372.0,84.63483871,confident,83.49753695,0.835444639,na
Q96S37-3,332.0,84.62849398,confident,60.03616637,0.758792667,na
P43088-6,267.0,84.62333333,confident,74.09470752,0.73526111,na
O14972-2,270.0,84.61977778,confident,90.90909091,0.75941503,na
Q96RS6-3,496.0,84.61574597,confident,84.39108062,0.885033221,na
Q8WUT9-2,289.0,84.6149827,confident,84.75073314,0.671370072,na
P27930-2,296.0,84.61050676,confident,74.3718593,0.721133534,na
Q9H939-2,312.0,84.60971154,confident,68.08510638,0.825438874,na
Q8NBJ7-5,217.0,84.6081106,confident,72.09302326,0.718076547,na
Q9P0W2-2,215.0,84.60627907,confident,67.82334385,0.555483504,na
P26951-2,300.0,84.60346667,confident,79.1005291,0.723496476,na
Q9UL15-2,488.0,84.60223361,confident,91.59836066,0.916231802,na
P61758-2,192.0,84.59916667,confident,84.31372549,0.887454441,na
P16871-2,298.0,84.5938255,confident,64.13043478,0.577437152,na
Q8N6C8-3,456.0,84.59243421,confident,96.27192982,0.924098063,na
Q9Y573-2,582.0,84.59010309,confident,93.61344538,0.914920071,na
Q12933-2,553.0,84.58938517,confident,90.59674503,0.908184473,na
Q03181-3,402.0,84.58798507,confident,90.24943311,0.732319139,na
P21128-2,369.0,84.58710027,confident,90.0,0.791231801,na
P48061-5,90.0,84.584,confident,94.62365591,0.725744239,na
P17342-2,540.0,84.58364815,confident,99.63031423,0.943706125,na
Q8NCF5-2,138.0,84.58166667,confident,32.93556086,0.480162963,na
Q9NRC1-6,499.0,84.5812024,confident,80.475382,0.794190584,na
Q495B1-2,490.0,84.57828571,confident,93.8697318,0.783029908,na
Q8NC56-2,201.0,84.57278607,confident,39.96023857,0.542131568,na
Q15185-3,130.0,84.57069231,confident,81.25,0.69456094,na
Q3B8N2-2,355.0,84.56292958,confident,99.71910112,0.972542308,na
P35914-2,254.0,84.56279528,confident,78.15384615,0.825026706,na
P16298-4,525.0,84.55965714,confident,99.80952381,0.931200515,na
O43172-2,521.0,84.55963532,confident,99.80842912,0.702753893,na
O43837-3,233.0,84.55935622,confident,53.51758794,0.76147657,na
Q9Y697-3,406.0,84.55687192,confident,88.84026258,0.835612753,na
P30626-3,180.0,84.55138889,confident,87.0,0.890372814,na
P46734-2,318.0,84.55100629,confident,91.6426513,0.901123969,na
Q9H1X3-2,238.0,84.54714286,confident,66.11111111,0.739900285,na
P24071-10,275.0,84.54574545,confident,95.81881533,0.724778147,na
Q99572-5,275.0,84.54316364,confident,42.66886326,0.625347565,na
O75414-2,119.0,84.54235294,confident,63.97849462,0.711881262,na
Q8IVS8-4,367.0,84.54152589,confident,65.53030303,0.744931289,na
Q75MW2-2,118.0,84.54152542,confident,69.67741935,0.724062166,na
P35240-9,165.0,84.54,confident,25.71428571,0.514556915,na
Q96H96-3,328.0,84.53365854,confident,86.25336927,0.802388831,na
Q9NVF9-3,345.0,84.53295652,confident,89.37823834,0.468023607,1
Q9UKJ1-4,175.0,84.52182857,confident,51.14006515,0.60327763,na
Q8N819-3,112.0,84.511875,confident,26.04651163,0.514914039,na
Q6ZVZ8-2,437.0,84.5116476,confident,85.62367865,0.866873555,na
O95379-4,210.0,84.5112381,confident,90.52132701,0.856291824,na
Q9H633-3,144.0,84.50972222,confident,75.75757576,0.801659959,na
Q9NQH7-5,288.0,84.50590278,confident,53.25443787,0.692134805,na
Q8WXA2-2,114.0,84.4995614,confident,90.47619048,0.704639173,na
O43709-2,220.0,84.49495455,confident,61.16838488,0.781302221,na
Q9BZX2-2,111.0,84.49306306,confident,42.52873563,0.540624945,na
Q92526-2,485.0,84.48997938,confident,91.50943396,0.945780069,na
Q8TAU3-2,376.0,84.48962766,confident,65.39130435,0.620440819,na
Q9BUK6-2,569.0,84.48632689,confident,99.8245614,0.966263722,na
Q13557-10,492.0,84.48530488,confident,93.17738791,0.889984385,na
Q8N9A8-2,142.0,84.48415493,confident,88.02816901,0.907110154,na
Q8NBT0-3,369.0,84.48336043,confident,90.66339066,0.692015644,na
Q9NVH1-2,521.0,84.47861804,confident,93.20214669,0.819263276,na
Q9UIR0-3,270.0,84.47540741,confident,58.24175824,0.447619753,na
Q9NQT6-2,351.0,84.47168091,confident,60.39215686,0.774256699,na
Q9BV57-2,173.0,84.46947977,confident,80.66298343,0.868413316,na
Q8IXQ5-3,166.0,84.46319277,confident,25.88832487,0.552051433,na
Q8NG11-2,253.0,84.45201581,confident,93.7037037,0.905150515,na
Q9H8M1-2,195.0,84.44989744,confident,81.93277311,0.851833623,na
Q9UGN5-2,570.0,84.44936842,confident,97.77015437,0.885165896,na
O14931-2,190.0,84.44773684,confident,82.77511962,0.705729941,na
O15315-2,350.0,84.44714286,confident,89.6373057,0.899627381,na
Q9H0V9-2,359.0,84.44559889,confident,96.93593315,0.824047572,na
Q6V702-1,250.0,84.445,confident,93.2,0.656435255,na
P08887-2,365.0,84.44386301,confident,76.11940299,0.812633358,na
Q15051-2,465.0,84.43911828,confident,77.75919732,0.375990833,1
Q8WWU5-3,440.0,84.43636364,confident,87.47514911,0.842980653,na
Q8NFX7-2,210.0,84.43552381,confident,96.66666667,0.743385239,na
Q6UX41-6,384.0,84.43416667,confident,76.8,0.673206927,na
Q8IZK6-2,538.0,84.43373606,confident,95.05300353,0.96661471,na
Q9UGM6-2,220.0,84.43222727,confident,59.44444444,0.690823025,na
P15529-6,370.0,84.4297027,confident,86.91358025,0.744864746,na
Q9Y606-2,399.0,84.42917293,confident,93.44262295,0.937022047,na
P07307-3,287.0,84.42682927,confident,92.2829582,0.635592147,na
Q969Q1-2,325.0,84.42190769,confident,92.06798867,0.614935271,na
Q9NR63-3,495.0,84.42012121,confident,85.20599251,0.929770433,na
Q92599-3,369.0,84.41663957,confident,76.39751553,0.770158706,na
Q9NZH6-4,197.0,84.41583756,confident,89.90825688,0.801120573,na
Q9UMR7-3,198.0,84.41570707,confident,83.12236287,0.722792036,na
O60942-2,574.0,84.41398955,confident,96.14740369,0.762338732,na
Q13639-7,359.0,84.41267409,confident,92.5257732,0.943864678,na
C9JJ37-2,162.0,84.4082716,confident,48.65771812,0.615602397,na
Q8N9B8-2,489.0,84.40627812,confident,98.36400818,0.984085827,na
Q11203-5,345.0,84.40173913,confident,92.0,0.874280039,na
P42679-2,508.0,84.40159449,confident,94.00386847,0.872622684,na
O60493-4,140.0,84.4015,confident,86.41975309,0.729325381,na
Q6RFH5-2,366.0,84.40106557,confident,95.06493506,0.830046378,na
Q15438-3,339.0,84.39259587,confident,85.1758794,0.876065409,na
Q16836-2,390.0,84.39123077,confident,80.51282051,0.901015307,na
O43688-3,232.0,84.38724138,confident,80.55555556,0.788750699,na
P34998-5,240.0,84.38333333,confident,54.05405405,0.706254387,na
Q13639-3,360.0,84.38319444,confident,92.5257732,0.926800329,na
P61313-2,145.0,84.37986207,confident,55.90909091,0.801807582,na
O76083-5,540.0,84.37922222,confident,85.54621849,0.632680728,na
P78314-2,97.0,84.37381443,confident,14.74245115,0.46502144,na
Q9H492-2,125.0,84.36376,confident,83.33333333,0.88106117,na
Q8N983-2,202.0,84.36227723,confident,80.53097345,0.729907218,na
Q9H2R5-3,161.0,84.36161491,confident,62.5,0.651489831,na
P01009-2,359.0,84.35551532,confident,84.92822967,0.820654353,na
P42126-2,285.0,84.3545614,confident,94.37086093,0.861877845,na
O60931-2,400.0,84.354275,confident,90.5,0.945393247,na
Q16653-5,252.0,84.35222222,confident,96.06299213,0.930047559,na
O75678-3,317.0,84.34788644,confident,76.82291667,0.677121489,na
P98173-2,213.0,84.34455399,confident,92.60869565,0.772980983,na
P15692-3,209.0,84.33741627,confident,90.0862069,0.573302836,na
P51959-2,161.0,84.33583851,confident,54.57627119,0.60314899,na
Q9BXJ4-2,198.0,84.33439394,confident,80.48780488,0.668175,na
Q8NHH9-2,579.0,84.33303972,confident,94.51114923,0.786244669,na
Q5R372-9,72.0,84.33111111,confident,5.147058824,0.263595796,na
Q8TEB1-3,446.0,84.32959641,confident,70.12302285,0.793538489,na
Q11203-23,185.0,84.32491892,confident,46.0106383,0.519966387,na
P49758-10,448.0,84.31705357,confident,87.24279835,0.840658318,na
Q8N431-2,315.0,84.31603175,confident,67.59656652,0.780041318,na
Q11203-21,230.0,84.31443478,confident,61.06666667,0.555969749,na
P43487-2,200.0,84.3142,confident,99.50248756,0.84048287,na
Q969S0-3,253.0,84.31126482,confident,75.52870091,0.793568827,na
Q9BSH3-2,171.0,84.31070175,confident,78.40375587,0.759546902,na
Q8IVI9-2,478.0,84.30953975,confident,94.46640316,0.651417915,na
Q9HC07-2,261.0,84.30923372,confident,79.01234568,0.849126998,na
Q9UEU0-2,171.0,84.30807018,confident,73.70689655,0.598191244,na
A6NEC2-3,163.0,84.30773006,confident,33.89121339,0.489419547,na
O76036-6,303.0,84.30587459,confident,99.67105263,0.731987606,na
Q5T2R2-3,376.0,84.29968085,confident,90.12048193,0.92193192,na
P36639-1,197.0,84.29862944,confident,79.18781726,0.817453172,na
P00749-2,414.0,84.29763285,confident,91.79954442,0.86579799,na
Q7Z5J1-2,286.0,84.29601399,confident,73.17073171,0.726534774,na
P15428-5,198.0,84.2959596,confident,74.43609023,0.792837454,na
Q14449-2,453.0,84.29534216,confident,78.62318841,0.783392454,na
Q9NXP7-3,222.0,84.29306306,confident,40.76190476,0.438636913,na
P15260-2,186.0,84.28768817,confident,31.72690763,0.5915063,na
Q6ZP80-3,110.0,84.28563636,confident,48.0349345,0.648233539,na
Q5XUX0-2,431.0,84.28060325,confident,79.03525046,0.823074508,na
P58499-2,274.0,84.28025547,confident,85.76642336,0.710981494,na
Q8TB61-3,383.0,84.27263708,confident,88.65740741,0.915442295,na
Q7LG56-2,299.0,84.27210702,confident,85.18518519,0.813190711,na
Q9UIR0-2,388.0,84.25969072,confident,74.68879668,0.515924397,na
Q9BXN2-2,201.0,84.25706468,confident,81.37651822,0.625209421,na
Q9BRX5-2,138.0,84.25384058,confident,63.88888889,0.679729623,na
Q07812-4,143.0,84.25111888,confident,74.47916667,0.478134157,1
Q96QD8-2,406.0,84.24889163,confident,79.24901186,0.877585661,na
P35240-6,548.0,84.24609489,confident,90.42016807,0.847963395,na
Q6YBV0-2,369.0,84.24097561,confident,73.21428571,0.823442749,na
Q86W50-2,224.0,84.24044643,confident,38.72113677,0.662931129,na
Q6UY01-2,496.0,84.24016129,confident,89.85507246,0.821791771,na
Q15109-10,386.0,84.23556995,confident,92.82178218,0.857713329,na
P41145-2,291.0,84.2343299,confident,76.57894737,0.811059674,na
Q9NRC1-2,554.0,84.2300361,confident,90.15280136,0.725130504,na
Q13371-2,218.0,84.22958716,confident,72.42524917,0.603292508,na
Q5JPH6-2,534.0,84.22816479,confident,94.38202247,0.939079422,na
O14788-2,244.0,84.2222541,confident,76.97160883,0.625649792,na
Q13257-2,90.0,84.22166667,confident,38.53658537,0.54714733,na
O43752-2,154.0,84.22136364,confident,60.39215686,0.427784972,na
Q9NQ48-2,282.0,84.22109929,confident,94.31438127,0.535741544,na
Q9UIV8-2,339.0,84.21418879,confident,86.70076726,0.866261053,na
Q99536-3,325.0,84.21252308,confident,82.69720102,0.754777652,na
P51965-3,176.0,84.19886364,confident,91.19170984,0.774673647,na
Q96FL8-3,586.0,84.19776451,confident,95.56313993,0.938717621,na
P13716-2,359.0,84.19682451,confident,83.05555556,0.903905163,na
Q9BUK6-3,558.0,84.19516129,confident,97.89473684,0.960038413,na
Q8TDH9-2,110.0,84.19372727,confident,57.7540107,0.453163171,na
P40227-2,486.0,84.18786008,confident,91.52542373,0.924867192,na
O43852-14,147.0,84.18367347,confident,42.7244582,0.533569934,na
Q92633-2,365.0,84.17646575,confident,95.64032698,0.925658542,na
Q9NRC1-3,547.0,84.1752468,confident,88.96434635,0.717352579,na
P14314-2,525.0,84.17491429,confident,98.29545455,0.975496195,na
P54578-2,459.0,84.17411765,confident,92.91497976,0.845085915,na
Q8NCL8-2,337.0,84.17290801,confident,72.70029674,0.668590662,na
Q7Z7H5-2,211.0,84.17241706,confident,92.95154185,0.913692666,na
Q96L92-3,528.0,84.17107955,confident,97.22735675,0.884745847,na
Q6IC98-2,101.0,84.16534653,confident,17.47404844,0.49402737,na
Q9BQ51-2,183.0,84.16486339,confident,66.66666667,0.484207698,na
Q70HW3-2,186.0,84.16419355,confident,67.88321168,0.735721839,na
Q8TDQ1-3,165.0,84.16139394,confident,48.46416382,0.583630236,na
Q9BUY7-4,61.0,84.15770492,confident,34.96932515,0.499997234,na
Q9NRA2-2,277.0,84.15462094,confident,55.35353535,0.68115288,na
Q9UQ49-2,461.0,84.15329718,confident,92.84164859,0.909802966,na
O60942-4,541.0,84.14966728,confident,82.43902439,0.649843475,na
Q13362-4,540.0,84.14446296,confident,78.93835616,0.813061113,na
P56817-3,457.0,84.14277899,confident,91.21756487,0.770031136,na
Q9BSA9-2,388.0,84.14224227,confident,76.98412698,0.808758289,na
O14681-3,326.0,84.14190184,confident,95.88235294,0.911751749,na
Q8TF66-2,587.0,84.13761499,confident,98.97785349,0.79876492,na
Q9Y2P8-2,187.0,84.13748663,confident,47.98927614,0.707548772,na
Q9NWM0-6,585.0,84.12916239,confident,94.87179487,0.87882561,na
Q8NFJ9-3,446.0,84.12547085,confident,73.99328859,0.489782558,1
Q7RTN6-6,314.0,84.12213376,confident,71.6937355,0.723223068,na
Q9Y2Q3-2,282.0,84.12173759,confident,80.14184397,0.893407148,na
Q14982-2,338.0,84.1206213,confident,93.33333333,0.813113524,na
Q8N6F1-2,211.0,84.11966825,confident,93.75,0.9319847,na
Q9HAC7-2,434.0,84.11580645,confident,86.62420382,0.848205027,na
P29350-4,624.0,84.11533654,confident,86.44067797,0.875382748,na
P16562-2,278.0,84.11388489,confident,87.41007194,0.895802782,na
P60880-2,206.0,84.11087379,confident,95.63106796,0.942640584,na
Q9BZZ5-6,513.0,84.10376218,confident,96.3740458,0.851377489,na
O15315-1,350.0,84.10374286,confident,89.84375,0.90111054,na
Q567V2-2,181.0,84.10314917,confident,87.86407767,0.615672547,na
Q96CM3-2,346.0,84.10297688,confident,91.77718833,0.835847012,na
P51159-2,213.0,84.10004695,confident,96.3800905,0.91959734,na
Q9NVR7-2,461.0,84.09924078,confident,80.2513465,0.816615725,na
Q9HBI0-2,273.0,84.09710623,confident,81.87311178,0.713850199,na
Q96SY0-3,461.0,84.09021692,confident,85.27724665,0.674432378,na
P51686-2,357.0,84.08652661,confident,96.74796748,0.972717544,na
O14735-3,168.0,84.07535714,confident,78.87323944,0.837923555,na
Q96RQ9-2,589.0,84.07471986,confident,95.58573854,0.879669324,na
O15371-3,533.0,84.07412758,confident,97.26277372,0.742808161,na
O75586-3,181.0,84.07198895,confident,64.0,0.653877748,na
P55210-4,278.0,84.06870504,confident,88.77887789,0.85773903,na
Q8IX04-6,449.0,84.06861915,confident,95.32908705,0.785510588,na
P59901-2,433.0,84.05903002,confident,86.77354709,0.768315276,na
Q9H040-2,250.0,84.05892,confident,49.0797546,0.585739852,na
Q8N371-3,454.0,84.05403084,confident,91.62995595,0.937573282,na
O95273-3,232.0,84.05176724,confident,64.44444444,0.723538803,na
Q96SY0-2,86.0,84.05034884,confident,15.05791506,0.515648852,na
Q6ZQW0-2,172.0,84.04988372,confident,39.04761905,0.575343863,na
P35241-4,447.0,84.04425056,confident,74.27101201,0.6475375,na
Q9NSA0-2,442.0,84.04052036,confident,80.18181818,0.760452282,na
Q15109-4,363.0,84.03749311,confident,76.26728111,0.647558651,na
O75888-4,222.0,84.03283784,confident,88.8,0.603462381,na
Q5TAA0-2,372.0,84.02610215,confident,60.03460208,0.762756256,na
Q9BY44-3,560.0,84.025125,confident,95.72649573,0.796447163,na
Q16718-2,116.0,84.02275862,confident,94.82758621,0.947046551,na
Q8WU39-5,62.0,84.02241935,confident,31.21693122,0.325661538,na
Q7Z7A4-7,495.0,84.02222222,confident,85.64013841,0.730943619,na
Q71UI9-3,90.0,84.01766667,confident,70.3125,0.691391673,na
Q8ND76-3,287.0,84.01205575,confident,84.16422287,0.868020649,na
Q14168-6,541.0,84.01171904,confident,93.92361111,0.650696654,na
Q13555-10,495.0,84.00892929,confident,88.53046595,0.64952923,na
P24468-3,261.0,84.00770115,confident,63.04347826,0.739370009,na
Q9HAW0-2,396.0,84.00744949,confident,94.51073986,0.895422856,na
Q9Y274-2,213.0,84.00338028,confident,64.04833837,0.768093718,na
P62899-2,128.0,84.00210938,confident,92.1875,0.887081969,na
Q8TCJ0-3,291.0,83.9985567,confident,70.29177719,0.719173694,na
O95169-2,172.0,83.99302326,confident,86.02150538,0.790678125,na
P59910-2,141.0,83.98893617,confident,36.53250774,0.615735055,na
Q9NVH6-6,362.0,83.98848066,confident,85.74821853,0.828086564,na
Q9NVX0-2,141.0,83.98439716,confident,60.0,0.546220456,na
O60909-3,401.0,83.98334165,confident,92.7680798,0.837836857,na
P11279-2,364.0,83.98010989,confident,87.29016787,0.627840166,na
Q7RTN6-2,348.0,83.97793103,confident,73.70786517,0.798170927,na
P20138-2,310.0,83.97754839,confident,84.61538462,0.670042391,na
P78380-3,189.0,83.97550265,confident,68.86446886,0.447622335,na
Q9UBB4-2,411.0,83.97333333,confident,86.52631579,0.876040843,na
Q8TBR7-1,225.0,83.97204444,confident,87.54863813,0.682184358,na
Q9UPM9-2,153.0,83.97196078,confident,65.55023923,0.752351845,na
P53805-3,171.0,83.97134503,confident,66.66666667,0.377518528,na
Q9NVQ4-2,213.0,83.96530516,confident,84.03755869,0.914128184,na
Q9H4B0-3,298.0,83.95721477,confident,66.9047619,0.746210998,na
O00762-3,150.0,83.9542,confident,83.79888268,0.663178755,na
Q12792-3,357.0,83.95288515,confident,98.03921569,0.720979748,na
P62068-4,354.0,83.95274011,confident,96.72131148,0.938654996,na
Q8WW14-2,154.0,83.95090909,confident,65.81196581,0.35744405,na
Q8TEB1-2,520.0,83.94755769,confident,95.23809524,0.848231573,na
Q86V25-6,251.0,83.94593625,confident,70.70422535,0.677683737,na
P31995-4,234.0,83.94388889,confident,66.66666667,0.697544314,na
Q03181-4,343.0,83.94212828,confident,77.77777778,0.70858959,na
P15529-11,377.0,83.93835544,confident,96.17346939,0.705683704,na
Q8N414-2,455.0,83.93813187,confident,80.26315789,0.84173395,na
Q10471-2,265.0,83.93566038,confident,39.07849829,0.656387245,na
Q9Y624-2,250.0,83.93388,confident,83.61204013,0.54320483,na
Q9BVK8-2,175.0,83.93194286,confident,78.125,0.834100512,na
Q86WD7-7,435.0,83.9285977,confident,95.86206897,0.933939286,na
Q9BQA1-2,278.0,83.92643885,confident,81.28654971,0.575365543,na
O75838-3,144.0,83.92361111,confident,77.00534759,0.834647457,na
Q96LB4-3,59.0,83.9220339,confident,27.96610169,0.706206659,na
Q9NVC3-2,344.0,83.92177326,confident,74.45887446,0.797758284,na
P35240-2,620.0,83.92109677,confident,92.96,0.925474008,na
P50579-3,455.0,83.91942857,confident,94.9790795,0.797423058,na
Q9H7P6-2,221.0,83.91117647,confident,69.27899687,0.67257089,na
P13473-3,411.0,83.90783455,confident,93.91727494,0.867370978,na
Q8NER5-4,443.0,83.90767494,confident,89.85801217,0.800871137,na
P01011-2,216.0,83.90476852,confident,50.59101655,0.587602218,na
Q08AI6-2,384.0,83.90395833,confident,94.58128079,0.759306528,na
Q9H497-3,181.0,83.90381215,confident,45.59193955,0.711177535,na
Q96IU4-2,172.0,83.89912791,confident,65.31531532,0.79474478,na
Q9NPH5-9,514.0,83.89824903,confident,88.92733564,0.842326204,na
Q5FWF6-3,62.0,83.89354839,confident,12.67605634,0.298680518,na
Q9Y371-2,386.0,83.89259067,confident,94.55958549,0.692611589,na
Q9BV94-2,541.0,83.89231054,confident,93.59861592,0.888818395,na
A0A0B4J2D5-2,237.0,83.89206751,confident,88.43283582,0.832501726,na
P42685-2,363.0,83.8915427,confident,69.7029703,0.777852942,na
O76083-12,491.0,83.88615071,confident,77.90893761,0.658317638,na
P51955-3,326.0,83.88009202,confident,72.35955056,0.814849492,na
Q8NG11-3,147.0,83.87863946,confident,54.44444444,0.538631113,na
Q9UBV4-2,361.0,83.87529086,confident,89.12466844,0.941537226,na
Q8NFF5-4,294.0,83.8722449,confident,43.77104377,0.673221709,na
Q86UX6-2,369.0,83.8698645,confident,75.92592593,0.769740842,na
P49758-9,453.0,83.86759382,confident,88.7755102,0.821725836,na
Q6ICL3-5,178.0,83.86747191,confident,53.47222222,0.697446391,na
P33681-3,162.0,83.86549383,confident,55.90277778,0.561966591,na
P15529-13,378.0,83.85706349,confident,96.42857143,0.686313001,na
Q9HBY8-3,393.0,83.8551145,confident,93.38422392,0.890296162,na
Q5T5S1-2,464.0,83.85508621,confident,84.26966292,0.331350924,1
Q9UBM8-2,507.0,83.85120316,confident,94.2800789,0.927503306,na
Q86TP1-7,221.0,83.84941176,confident,48.78587196,0.483597445,na
Q9Y2Y0-2,152.0,83.84927632,confident,92.02453988,0.911979239,na
P15812-3,290.0,83.84410345,confident,68.62244898,0.771284767,na
Q13510-3,389.0,83.83861183,confident,82.14285714,0.867416783,na
O76036-4,192.0,83.83447917,confident,63.15789474,0.444828273,na
Q9NRA1-4,182.0,83.83423077,confident,52.75362319,0.519550518,na
Q8N4Z0-1,105.0,83.83247619,confident,48.16513761,0.565312755,na
Q30201-4,246.0,83.8303252,confident,70.40229885,0.430864653,1
Q8N1B3-2,228.0,83.82921053,confident,91.93548387,0.848745695,na
P24071-4,239.0,83.82485356,confident,73.73737374,0.781062965,na
Q6UXL0-3,147.0,83.81680272,confident,43.40836013,0.571688266,na
Q96B02-3,180.0,83.81627778,confident,83.88888889,0.917026376,na
Q49A26-5,472.0,83.81099576,confident,85.35262206,0.634753224,na
Q9UQ53-2,547.0,83.80590494,confident,99.81751825,0.816676132,na
Q9UKR0-2,254.0,83.80366142,confident,89.05660377,0.939299361,na
Q969M7-4,120.0,83.80216667,confident,63.24324324,0.740301231,na
Q5HYI7-5,251.0,83.80159363,confident,80.44871795,0.660888738,na
O43665-2,167.0,83.80035928,confident,90.60773481,0.88450588,na
P17706-4,410.0,83.79395122,confident,87.67123288,0.786919334,na
Q9NP94-2,85.0,83.79247059,confident,26.53721683,0.503164025,na
O95045-2,374.0,83.79016043,confident,84.75935829,0.887916566,na
O15204-2,391.0,83.78578005,confident,83.19148936,0.79048646,na
P35610-3,485.0,83.78218557,confident,88.18181818,0.883348383,na
P40198-3,212.0,83.78179245,confident,74.11764706,0.641082731,na
Q9UDY6-2,395.0,83.78113924,confident,76.33744856,0.386632426,1
Q99418-2,399.0,83.77842105,confident,99.75,0.754712496,na
Q14994-9,306.0,83.77810458,confident,76.30853994,0.668346259,na
Q9NZJ9-2,181.0,83.77276243,confident,99.44751381,0.95055557,na
P15509-8,267.0,83.76973783,confident,66.75,0.607395629,na
Q53RD9-2,393.0,83.76819338,confident,89.52164009,0.541936778,na
Q6UWN5-2,208.0,83.76769231,confident,82.8685259,0.787858803,na
O60729-2,459.0,83.76411765,confident,92.1686747,0.878962042,na
Q9BY67-5,414.0,83.76379227,confident,93.66515837,0.700091223,na
P40123-3,217.0,83.76368664,confident,45.49266247,0.506618434,na
Q9P272-3,60.0,83.7585,confident,11.67400881,0.271280016,na
Q9BRU9-2,145.0,83.74234483,confident,45.52238806,0.730050486,na
Q8IZ02-3,432.0,83.73618056,confident,93.10344828,0.791829644,na
Q9Y5X9-2,354.0,83.735,confident,69.46107784,0.821223698,na
O15442-2,359.0,83.73445682,confident,90.80779944,0.908176871,na
Q86WD7-4,334.0,83.73275449,confident,69.12442396,0.836167009,na
P48551-3,239.0,83.73171548,confident,46.01941748,0.613490067,na
Q96F15-2,347.0,83.73034582,confident,85.01440922,0.880817495,na
Q9BYM8-3,468.0,83.72944444,confident,89.60784314,0.504205921,na
Q8IUX1-2,219.0,83.72776256,confident,89.78723404,0.888675847,na
Q7Z7A4-4,561.0,83.72743316,confident,97.05882353,0.840869977,na
Q8IXU6-3,327.0,83.72688073,confident,87.43315508,0.845368031,na
Q8WWU5-2,441.0,83.71947846,confident,83.92156863,0.84481067,na
Q8IW00-2,191.0,83.71722513,confident,48.92307692,0.617437492,na
Q9BXY5-2,382.0,83.7165445,confident,52.93159609,0.629072659,na
P15529-8,364.0,83.71508242,confident,86.4321608,0.670425208,na
Q95460-2,296.0,83.7114527,confident,86.80351906,0.751859875,na
Q9BZG2-2,333.0,83.71075075,confident,78.16901408,0.525141921,na
Q8TDW4-5,357.0,83.70257703,confident,9.436619718,0.219966677,na
Q9ULP0-8,357.0,83.70257703,confident,91.35135135,0.849843695,na
O60880-4,125.0,83.69848,confident,97.65625,0.842954941,na
Q9UMR5-2,301.0,83.69827243,confident,84.7133758,0.867451125,na
P01009-3,306.0,83.69803922,confident,73.20574163,0.747320598,na
O95900-2,275.0,83.6976,confident,83.081571,0.808937962,na
P48059-5,362.0,83.69516575,confident,89.77900552,0.493564293,1
Q5ZPR3-4,533.0,83.69300188,confident,98.69158879,0.463111574,1
P35613-3,176.0,83.69142045,confident,45.71428571,0.590563553,na
Q9NVX0-3,204.0,83.69083333,confident,86.80851064,0.430939359,1
Q9NSC5-5,325.0,83.68196923,confident,90.02770083,0.354274662,1
P32856-2,287.0,83.68146341,confident,93.40277778,0.903359446,na
O00341-2,158.0,83.67886076,confident,26.42857143,0.505412483,na
P29372-5,281.0,83.67686833,confident,94.29530201,0.8026145,na
Q8TDB8-3,161.0,83.67099379,confident,30.96153846,0.469092204,na
O95139-2,113.0,83.67026549,confident,88.28125,0.48808601,1
Q7Z6M1-2,321.0,83.67006231,confident,86.29032258,0.786471553,na
Q9BW66-3,227.0,83.6669163,confident,92.07048458,0.866771195,na
Q9UH03-2,350.0,83.66388571,confident,93.13186813,0.860771883,na
Q969W1-4,296.0,83.66152027,confident,78.51458886,0.62269665,na
Q8IXJ6-3,369.0,83.65772358,confident,86.69950739,0.914118274,na
Q8N423-3,510.0,83.65654902,confident,82.45033113,0.720084423,na
Q8N0S2-3,190.0,83.65584211,confident,52.13675214,0.346360862,na
P51689-2,382.0,83.64900524,confident,55.21172638,0.744193147,na
Q00005-4,501.0,83.64299401,confident,88.42315369,0.897198821,na
Q5ZPR3-2,316.0,83.64079114,confident,59.17602996,0.560043742,na
Q6UW02-2,435.0,83.63958621,confident,89.24731183,0.91680356,na
P29279-2,322.0,83.63819876,confident,92.26361032,0.430656806,1
Q9HBE4-2,153.0,83.63712418,confident,88.0239521,0.887863962,na
Q30201-10,242.0,83.63169421,confident,69.54022989,0.37727211,na
O00148-3,267.0,83.63067416,confident,57.71028037,0.655391903,na
O95302-3,623.0,83.62969502,confident,91.49277689,0.924665396,na
Q86SZ2-2,130.0,83.629,confident,82.27848101,0.872260413,na
Q01081-3,75.0,83.62693333,confident,24.79338843,0.445434773,na
Q8N465-3,319.0,83.62529781,confident,54.39252336,0.647378951,na
Q9UKY3-2,151.0,83.62370861,confident,52.61324042,0.610729731,na
Q8N8Q3-5,88.0,83.62045455,confident,31.20567376,0.461784483,na
O43739-2,399.0,83.61654135,confident,99.75,0.721818176,na
Q9UIK4-2,488.0,83.61526639,confident,59.84251969,0.720579124,na
O43709-3,298.0,83.60697987,confident,94.29530201,0.799260537,na
Q8WVV5-4,407.0,83.6034398,confident,77.82026769,0.623324845,na
Q15629-2,343.0,83.60271137,confident,91.71122995,0.87909286,na
Q9HD47-4,118.0,83.60161017,confident,62.90322581,0.738902853,na
Q8IV77-2,416.0,83.60098558,confident,64.70588235,0.772320245,na
Q96BS2-3,187.0,83.59989305,confident,87.38317757,0.778171313,na
Q9BZ23-4,460.0,83.5998913,confident,80.52631579,0.782165335,na
Q9NY26-2,222.0,83.5981982,confident,67.28395062,0.747598753,na
Q02161-3,316.0,83.59623418,confident,75.53956835,0.853369585,na
Q7Z5J1-8,87.0,83.59298851,confident,22.42990654,0.463199349,na
O75648-4,267.0,83.59254682,confident,57.91962175,0.767753955,na
P55345-6,228.0,83.59070175,confident,50.80831409,0.60128895,na
P53778-2,357.0,83.59067227,confident,97.27520436,0.95232492,na
Q8IWU9-2,492.0,83.58995935,confident,99.59349593,0.814975096,na
Q8TDF5-1,156.0,83.58423077,confident,27.39212008,0.472783744,na
O15123-3,495.0,83.58090909,confident,99.7983871,0.840056732,na
Q6TCH7-2,291.0,83.58068729,confident,83.48909657,0.861490928,na
Q96CB9-2,146.0,83.58068493,confident,38.02083333,0.540859602,na
Q3KNV8-2,247.0,83.57680162,confident,97.9757085,0.470034197,1
Q5TGZ0-2,24.0,83.57583333,confident,26.92307692,0.493765356,na
Q16563-2,241.0,83.57074689,confident,93.05019305,0.943843173,na
P55087-2,301.0,83.57036545,confident,93.18885449,0.887008237,na
Q8N3J6-2,404.0,83.5635396,confident,88.96396396,0.705870738,na
P80303-2,420.0,83.56309524,confident,99.52380952,0.854630476,na
Q9BRL7-3,228.0,83.56219298,confident,69.57928803,0.652124272,na
O15519-2,221.0,83.56072398,confident,42.5,0.589804394,na
Q9UKT8-2,389.0,83.55845758,confident,85.68281938,0.554139228,na
P40126-2,552.0,83.55706522,confident,94.02173913,0.90088452,na
Q14790-6,220.0,83.556,confident,40.08264463,0.62869682,na
Q53T94-3,333.0,83.54720721,confident,56.63265306,0.716910201,na
A1XBS5-2,251.0,83.54354582,confident,86.85121107,0.701535696,na
Q8TED4-2,505.0,83.53380198,confident,98.41584158,0.978243421,na
P30793-3,209.0,83.53344498,confident,83.6,0.722778602,na
O14966-2,179.0,83.52435754,confident,88.1773399,0.848149779,na
P49765-2,188.0,83.52164894,confident,63.15789474,0.523666847,na
Q96K19-6,174.0,83.52057471,confident,67.44186047,0.592815396,na
O15533-4,361.0,83.51728532,confident,80.58035714,0.762825886,na
Q8WTV0-3,409.0,83.51144254,confident,67.08407871,0.756246629,na
P78539-3,405.0,83.51120988,confident,87.06896552,0.735656397,na
P22557-4,574.0,83.5056446,confident,90.01636661,0.770752824,na
Q9C035-2,400.0,83.505175,confident,78.78787879,0.560313509,na
Q9H0A8-3,113.0,83.49893805,confident,56.7839196,0.752295641,na
P42081-4,275.0,83.49807273,confident,83.58662614,0.776668233,na
Q9BWQ8-2,270.0,83.48877778,confident,85.44303797,0.822533198,na
P30988-5,274.0,83.48729927,confident,56.54008439,0.685144853,na
Q08209-5,454.0,83.48517621,confident,87.14011516,0.865880165,na
Q96SE0-3,305.0,83.48088525,confident,64.52380952,0.813569827,na
Q9NY57-2,367.0,83.47847411,confident,88.647343,0.847968418,na
Q96A70-4,374.0,83.47737968,confident,73.62869198,0.841340419,na
Q13304-2,339.0,83.47563422,confident,92.37057221,0.900491775,na
Q9NZU5-2,292.0,83.47297945,confident,80.0,0.846312174,na
P48307-2,224.0,83.47129464,confident,95.31914894,0.863960162,na
P29466-2,383.0,83.47078329,confident,94.8019802,0.713764844,na
Q9HAE3-2,159.0,83.46924528,confident,74.88151659,0.793440533,na
Q9NY35-3,158.0,83.46898734,confident,61.66007905,0.697242118,na
P15529-3,384.0,83.4675,confident,90.37037037,0.701917653,na
Q9NQZ6-4,176.0,83.45840909,confident,57.5,0.702249003,na
Q8N8Q3-3,264.0,83.45814394,confident,75.72815534,0.80432648,na
P18577-7,321.0,83.45607477,confident,75.53956835,0.85185324,na
Q9BWP8-4,245.0,83.45493878,confident,86.34686347,0.656635875,na
Q6UX40-4,146.0,83.44993151,confident,95.20547945,0.898895961,na
P13473-2,410.0,83.44726829,confident,94.3902439,0.83659425,na
P61266-2,277.0,83.44610108,confident,90.81632653,0.733734222,na
P35610-2,492.0,83.44571138,confident,89.27272727,0.900383876,na
O43665-1,173.0,83.44144509,confident,91.16022099,0.858120928,na
Q86V25-4,169.0,83.43674556,confident,46.76056338,0.53705186,na
P31995-3,267.0,83.43018727,confident,79.56656347,0.700887864,na
Q9NZS9-2,322.0,83.4221118,confident,64.42516269,0.770408987,na
P24903-2,320.0,83.41921875,confident,61.49193548,0.802526295,na
Q8N6Q3-3,145.0,83.416,confident,30.89244851,0.537341684,na
P35790-2,439.0,83.4146697,confident,96.06126915,0.808140094,na
O15123-2,444.0,83.41153153,confident,89.51612903,0.682500592,na
Q8WUX1-2,421.0,83.41002375,confident,89.19491525,0.916049606,na
Q9UET6-2,327.0,83.40666667,confident,99.39209726,0.903922964,na
O14788-3,270.0,83.40555556,confident,85.17350158,0.736541154,na
O75530-2,466.0,83.40523605,confident,94.63519313,0.829304155,na
P85298-5,305.0,83.40242623,confident,62.63269639,0.741426402,na
Q7Z2H8-3,386.0,83.39764249,confident,81.09243697,0.848530412,na
Q5T9G4-3,330.0,83.39433333,confident,97.05882353,0.832559056,na
Q15131-3,283.0,83.39268551,confident,78.61111111,0.847402192,na
Q9NWS1-4,133.0,83.38774436,confident,22.27979275,0.55175431,na
O75840-5,112.0,83.38303571,confident,37.08609272,0.354895831,na
Q9UIB8-6,241.0,83.3826556,confident,61.82336182,0.734630952,na
Q12841-2,273.0,83.37860806,confident,88.63636364,0.623317958,na
P04637-8,209.0,83.37488038,confident,50.89058524,0.609058531,na
Q15646-2,255.0,83.37219608,confident,44.66019417,0.67831585,na
Q9NY25-2,187.0,83.37165775,confident,99.46808511,0.830620783,na
Q96BJ3-3,224.0,83.37138393,confident,73.20261438,0.574168527,na
Q9P2U7-2,493.0,83.3684787,confident,88.03571429,0.858406265,na
O75354-3,483.0,83.36687371,confident,99.79338843,0.868897363,na
Q8TD08-3,277.0,83.35722022,confident,46.34581105,0.669825811,na
P54819-5,224.0,83.35486607,confident,93.30543933,0.874171008,na
P0DPI2-2,237.0,83.35308017,confident,88.43283582,0.814260677,na
Q9H6V9-3,277.0,83.34530686,confident,85.23076923,0.83903346,na
O75771-4,283.0,83.34413428,confident,86.2804878,0.738290002,na
Q9HCC8-3,590.0,83.34232203,confident,91.3559322,0.946278547,na
Q0GE19-3,327.0,83.34180428,confident,96.17647059,0.815102369,na
Q8N5C7-2,217.0,83.33889401,confident,71.05263158,0.836037467,na
O00560-2,297.0,83.33808081,confident,99.66442953,0.824009214,na
A8MT69-2,63.0,83.33777778,confident,77.77777778,0.557867194,na
Q9HC23-2,108.0,83.32611111,confident,83.72093023,0.693354786,na
Q96S37-4,519.0,83.32481696,confident,93.67088608,0.918773949,na
Q9UH92-2,214.0,83.32014019,confident,71.81208054,0.595698927,na
Q9BTZ2-2,192.0,83.31848958,confident,69.0647482,0.689898645,na
P08631-4,525.0,83.31824762,confident,99.80988593,0.970684702,na
Q969J3-2,148.0,83.31506757,confident,75.51020408,0.645614115,na
Q9H6K4-2,180.0,83.31161111,confident,77.3480663,0.756279154,na
Q5HYI7-2,158.0,83.3064557,confident,47.43589744,0.690854,na
Q9BTM1-2,151.0,83.30397351,confident,79.47019868,0.770852808,na
O00478-2,535.0,83.30121495,confident,91.60958904,0.471694556,1
Q9Y6N9-3,403.0,83.29722084,confident,73.00724638,0.486698628,1
Q96MI6-3,169.0,83.28745562,confident,33.9869281,0.485108968,na
Q9Y2I2-1,438.0,83.28479452,confident,81.07606679,0.717125401,na
Q96A28-2,198.0,83.28439394,confident,68.16608997,0.479879778,na
Q9UMX1-2,433.0,83.28290993,confident,89.25619835,0.775678874,na
Q9HD89-2,82.0,83.28231707,confident,75.0,0.449174542,1
Q8IZL9-5,325.0,83.27975385,confident,93.93063584,0.927717379,na
O15530-2,506.0,83.27752964,confident,91.00719424,0.898368463,na
Q96FL9-3,557.0,83.2751167,confident,87.84722222,0.848944249,na
Q8NBS9-2,324.0,83.27404321,confident,75.0,0.576062643,na
O43766-2,322.0,83.2571118,confident,85.75268817,0.7687478,na
O60729-4,485.0,83.25680412,confident,86.7816092,0.848621219,na
P22748-2,106.0,83.255,confident,29.80769231,0.564894036,na
Q13007-2,207.0,83.2536715,confident,99.51690821,0.864601891,na
Q7Z2E3-7,342.0,83.25187135,confident,96.06741573,0.642135494,na
Q6NUS8-2,252.0,83.24615079,confident,44.35946463,0.659794842,na
Q96AY3-2,355.0,83.24270423,confident,45.72317263,0.652926268,na
P63165-2,76.0,83.24052632,confident,72.27722772,0.791800193,na
Q9UN36-6,367.0,83.24019074,confident,93.7007874,0.781878296,na
Q9UNW1-3,284.0,83.23957746,confident,57.28952772,0.69679134,na
Q9NVG8-2,275.0,83.23883636,confident,68.75,0.757227792,na
P12931-2,542.0,83.23712177,confident,98.89298893,0.868433794,na
Q9BSM1-3,176.0,83.23579545,confident,67.95366795,0.521669451,na
Q9Y236-2,549.0,83.23433515,confident,91.98542805,0.91681205,na
O00748-5,607.0,83.23151565,confident,86.99839486,0.905620689,na
Q96T55-3,294.0,83.23129252,confident,89.71061093,0.701768824,na
O60729-3,471.0,83.23087049,confident,90.76305221,0.83499292,na
Q96MS3-3,152.0,83.22526316,confident,32.40223464,0.538567733,na
B6A8C7-2,279.0,83.22340502,confident,89.00343643,0.83624179,na
Q6PEZ8-2,421.0,83.21790974,confident,81.25,0.769496358,na
Q9NWM0-5,389.0,83.21231362,confident,61.36752137,0.75524075,na
Q6NUK1-2,458.0,83.20967249,confident,90.77568134,0.924847604,na
Q9H5U6-3,510.0,83.20582353,confident,99.41520468,0.919600049,na
Q7RTN6-3,394.0,83.19535533,confident,90.48723898,0.884693663,na
O75311-2,449.0,83.19371938,confident,96.76724138,0.897263013,na
Q9NY84-6,133.0,83.18586466,confident,41.84397163,0.48372679,na
O60573-2,234.0,83.17982906,confident,90.6122449,0.855253839,na
Q86X40-3,279.0,83.17408602,confident,66.21253406,0.808058985,na
O94810-2,456.0,83.17223684,confident,96.78800857,0.949215207,na
Q9NZD1-2,300.0,83.1662,confident,86.37681159,0.837540877,na
Q13951-2,187.0,83.15941176,confident,86.15384615,0.917527715,na
Q49MI3-5,378.0,83.15571429,confident,67.74193548,0.745320629,na
Q9BPZ7-4,330.0,83.14981818,confident,63.2183908,0.48207592,na
Q8N2K0-2,404.0,83.14740099,confident,96.28712871,0.864718401,na
Q86X67-2,263.0,83.14577947,confident,74.71590909,0.621694846,na
Q96DY2-2,347.0,83.14190202,confident,77.28285078,0.593980248,na
Q14994-3,314.0,83.14082803,confident,88.06818182,0.782597017,na
Q96E93-2,189.0,83.13968254,confident,95.38461538,0.621553089,na
Q12974-4,142.0,83.13626761,confident,85.02994012,0.816145875,na
Q9UJT1-4,237.0,83.12383966,confident,52.31788079,0.734270915,na
Q8TB40-2,181.0,83.12104972,confident,46.06741573,0.632401241,na
Q9ULP9-2,553.0,83.11960217,confident,98.92665474,0.627417521,na
Q15131-7,289.0,83.11892734,confident,76.66666667,0.795161724,na
Q30201-9,161.0,83.11664596,confident,42.24137931,0.590514181,na
Q969H6-2,113.0,83.11584071,confident,69.32515337,0.638639979,na
P51674-3,267.0,83.11374532,confident,95.68345324,0.960254462,na
Q8WW22-3,370.0,83.10945946,confident,88.80597015,0.861400893,na
P04278-3,293.0,83.10450512,confident,71.39303483,0.688702512,na
Q6ZP80-2,133.0,83.10368421,confident,58.07860262,0.685255766,na
Q96PB7-4,215.0,83.10265116,confident,38.62212944,0.28146382,na
P56180-2,533.0,83.09275797,confident,96.73321234,0.735628143,na
Q14168-2,552.0,83.09021739,confident,95.83333333,0.669622884,na
Q9NNX6-8,268.0,83.08358209,confident,66.33663366,0.673185291,na
Q96H22-2,204.0,83.08186275,confident,52.16138329,0.790948917,na
Q15389-2,497.0,83.07812877,confident,99.79919679,0.759688481,na
P30411-2,364.0,83.07456044,confident,93.09462916,0.881001761,na
Q16623-3,251.0,83.07418327,confident,79.79452055,0.796983244,na
Q9NYG2-2,327.0,83.07192661,confident,91.13149847,0.892338022,na
P09132-2,110.0,83.07054545,confident,70.13888889,0.875105632,na
Q6UXX9-3,179.0,83.0647486,confident,73.25102881,0.417936859,1
Q8NBW4-4,498.0,83.06006024,confident,88.77005348,0.859951086,na
P15529-5,385.0,83.0594026,confident,90.61728395,0.7160426,na
Q99836-2,251.0,83.05924303,confident,84.7972973,0.484277941,1
P09919-3,171.0,83.05654971,confident,82.60869565,0.55845992,na
Q15813-2,578.0,83.05610727,confident,91.17647059,0.875961621,na
Q0PNE2-2,250.0,83.05104,confident,81.49466192,0.916998738,na
Q8IX04-2,379.0,83.03952507,confident,79.61783439,0.463518922,1
O15498-2,164.0,83.035,confident,82.82828283,0.877585877,na
Q7Z7A4-5,441.0,83.03206349,confident,76.29757785,0.696563906,na
Q8IUQ4-2,313.0,83.02696486,confident,90.09584665,0.870631451,na
Q96QS1-3,253.0,83.02573123,confident,76.25,0.784168043,na
Q5JS37-2,280.0,83.01885714,confident,80.69164265,0.76167452,na
O15540-2,166.0,83.01704819,confident,71.68674699,0.877413223,na
Q15750-2,462.0,83.0124026,confident,85.52123552,0.779732703,na
Q15118-2,456.0,83.00133772,confident,95.39473684,0.968436171,na
Q5JS13-5,213.0,82.99882629,confident,37.16337522,0.551999319,na
Q96CW9-2,422.0,82.99808057,confident,70.0,0.717990035,na
P09110-2,331.0,82.99613293,confident,78.06603774,0.816393929,na
P51955-2,384.0,82.98942708,confident,83.632287,0.754653501,na
P15882-2,334.0,82.98934132,confident,59.83263598,0.542264417,na
O60880-3,58.0,82.97810345,confident,38.75968992,0.630594053,na
Q96EY1-3,300.0,82.97316667,confident,55.83333333,0.704484552,na
Q99623-2,261.0,82.97180077,confident,87.2909699,0.717582716,na
Q9H074-3,367.0,82.97038147,confident,76.61795407,0.627441552,na
Q8N5B7-2,334.0,82.9697006,confident,83.41836735,0.844366908,na
P43897-2,346.0,82.96875723,confident,93.93063584,0.895141698,na
Q99447-3,407.0,82.96739558,confident,95.57739558,0.961866405,na
Q9BPX7-2,479.0,82.96453027,confident,87.8914405,0.924391171,na
Q49MI3-2,532.0,82.96422932,confident,95.34050179,0.895867461,na
Q86VF5-3,344.0,82.96188953,confident,79.1005291,0.905175234,na
Q9NR21-1,331.0,82.96178248,confident,97.92899408,0.738462066,na
P80370-2,310.0,82.95858065,confident,80.93994778,0.555324162,na
P25942-2,203.0,82.95325123,confident,57.77027027,0.652376576,na
Q9NUL3-5,105.0,82.94914286,confident,17.54385965,0.286741879,na
O00476-2,498.0,82.94823293,confident,84.3373494,0.700438811,na
Q70EL3-2,334.0,82.94224551,confident,98.2300885,0.984523205,na
Q9BQ75-2,261.0,82.94126437,confident,92.47311828,0.845407318,na
O60888-3,156.0,82.94102564,confident,87.15083799,0.799041766,na
P62070-4,210.0,82.94080952,confident,97.14285714,0.862053502,na
Q13838-2,443.0,82.93939052,confident,96.61399549,0.958973756,na
Q9H3H1-5,385.0,82.93553247,confident,82.44111349,0.83532464,na
Q8NAU1-2,181.0,82.93513812,confident,84.43396226,0.704886506,na
Q8IWT1-2,118.0,82.93457627,confident,51.75438596,0.60607256,na
Q8WXK4-2,318.0,82.93443396,confident,97.16981132,0.932812066,na
Q96I99-2,440.0,82.93113636,confident,91.17647059,0.87720006,na
Q6PF05-2,287.0,82.92714286,confident,77.83933518,0.739162615,na
P16410-5,174.0,82.91862069,confident,70.85201794,0.677224661,na
Q9GZM7-3,436.0,82.91844037,confident,93.36188437,0.697865762,na
Q9BWF3-3,143.0,82.91657343,confident,38.46153846,0.456111549,na
Q02161-2,321.0,82.91317757,confident,75.7793765,0.867085597,na
P43088-5,296.0,82.90554054,confident,76.60167131,0.773173224,na
Q6ZMM2-2,481.0,82.90490644,confident,98.33679834,0.622928444,na
P23415-2,449.0,82.90071269,confident,98.24945295,0.905996754,na
Q9UIB8-4,280.0,82.89892857,confident,76.23188406,0.715803634,na
P30519-2,287.0,82.8974216,confident,90.82278481,0.875442387,na
Q9BWP8-3,247.0,82.89473684,confident,91.14391144,0.655688326,na
Q15973-1,296.0,82.89398649,confident,80.91168091,0.667900087,na
Q9GZP4-2,210.0,82.89385714,confident,99.52606635,0.857828413,na
Q7L4P6-2,252.0,82.89305556,confident,59.85748219,0.478713167,na
Q9HA90-2,161.0,82.88111801,confident,26.92307692,0.41795753,na
Q9GZT6-2,245.0,82.87861224,confident,86.69201521,0.814407243,na
Q8N815-2,128.0,82.8784375,confident,38.78787879,0.562705397,na
Q5TC12-3,240.0,82.87820833,confident,72.86585366,0.794538972,na
Q9BY44-4,524.0,82.87280534,confident,89.57264957,0.787106822,na
Q05513-2,409.0,82.86836186,confident,69.08783784,0.778920199,na
P46779-5,87.0,82.86735632,confident,50.34965035,0.702838035,na
Q9BYC5-2,308.0,82.86652597,confident,47.38617201,0.558539393,na
Q8NA56-2,500.0,82.85672,confident,94.8,0.900924658,na
Q8N3J6-3,437.0,82.85638444,confident,93.93258427,0.723492037,na
Q96Q77-2,138.0,82.85586957,confident,73.79679144,0.747454287,na
P30793-2,213.0,82.85549296,confident,83.6,0.729631173,na
O15155-2,83.0,82.85518072,confident,69.49152542,0.736251969,na
Q8TCT7-4,511.0,82.85227006,confident,85.04201681,0.873960852,na
P29466-3,311.0,82.85215434,confident,76.98019802,0.782657576,na
Q9NXN4-2,496.0,82.85038306,confident,97.39478958,0.66372056,na
Q96T52-2,110.0,82.84572727,confident,59.42857143,0.666420769,na
O95630-2,348.0,82.84465517,confident,79.71698113,0.742855306,na
Q15628-2,252.0,82.84464286,confident,80.76923077,0.614605051,na
Q96LB8-2,369.0,82.83815718,confident,98.92761394,0.695946434,na
Q9UMS0-3,230.0,82.83226087,confident,90.5511811,0.867250566,na
Q9BRK5-2,259.0,82.81837838,confident,71.54696133,0.7184399,na
Q8NG04-2,454.0,82.81709251,confident,75.53191489,0.812054079,na
Q969S2-2,316.0,82.81474684,confident,95.18072289,0.846597145,na
Q7L5N7-2,274.0,82.81281022,confident,50.36764706,0.643181193,na
Q9NPH5-4,271.0,82.80568266,confident,46.88581315,0.633148309,na
Q10713-2,394.0,82.80560914,confident,64.24682396,0.834171707,na
Q86X76-3,367.0,82.80313351,confident,80.8,0.839476046,na
Q86TJ2-2,345.0,82.79997101,confident,82.14285714,0.557142406,na
P41217-3,294.0,82.79765306,confident,88.11881188,0.807349845,na
O75838-4,138.0,82.79565217,confident,73.79679144,0.752432412,na
P15692-2,215.0,82.79469767,confident,92.67241379,0.58267158,na
Q9UP65-3,551.0,82.79292196,confident,95.82577132,0.914071872,na
Q15831-2,404.0,82.79287129,confident,88.73563218,0.81108086,na
P41223-2,145.0,82.79062069,confident,87.91946309,0.903314792,na
P63241-2,184.0,82.78320652,confident,83.69565217,0.896000701,na
Q14790-2,464.0,82.77984914,confident,96.86847599,0.793189929,na
Q9NZH6-5,157.0,82.77452229,confident,72.01834862,0.70786664,na
Q9H1J5-2,355.0,82.77369014,confident,97.74647887,0.953042518,na
Q13303-5,395.0,82.77194937,confident,86.75,0.874722576,na
O75367-2,369.0,82.76859079,confident,93.27956989,0.524824043,na
P46098-3,463.0,82.76514039,confident,95.60669456,0.926109575,na
Q9UFF9-3,238.0,82.76445378,confident,81.50684932,0.808794093,na
Q9Y5N1-3,365.0,82.75978082,confident,82.02247191,0.794637088,na
Q11203-17,186.0,82.75956989,confident,46.03174603,0.446607695,na
P31995-2,276.0,82.75663043,confident,82.35294118,0.821013911,na
P43088-7,274.0,82.75189781,confident,72.87671233,0.7324684,na
Q8TAV0-2,278.0,82.74892086,confident,90.55374593,0.595566258,na
O00238-2,532.0,82.74727444,confident,94.36090226,0.82663458,na
Q7Z4I7-2,365.0,82.74575342,confident,92.62295082,0.749744058,na
O95264-2,430.0,82.74523256,confident,96.37188209,0.814834308,na
O76083-14,552.0,82.74461957,confident,92.74873524,0.61370131,na
Q9NRZ7-3,396.0,82.72972222,confident,78.0952381,0.871447055,na
Q96LA6-4,199.0,82.72798995,confident,39.49191686,0.53228736,na
P11049-2,213.0,82.71732394,confident,75.80071174,0.699080381,na
O15244-3,242.0,82.715,confident,39.29824561,0.633791873,na
P20340-4,175.0,82.71342857,confident,82.69230769,0.802227629,na
P53805-2,197.0,82.71233503,confident,69.44444444,0.464326289,na
Q86YM7-3,177.0,82.71180791,confident,49.43502825,0.556415766,na
Q16635-6,254.0,82.70594488,confident,86.98630137,0.819357045,na
Q15109-7,390.0,82.6995641,confident,96.53465347,0.867867806,na
O15260-2,159.0,82.69918239,confident,58.73605948,0.636674908,na
P54819-3,202.0,82.69826733,confident,70.03891051,0.807461348,na
Q9NYS7-2,421.0,82.6967696,confident,95.24940618,0.930412183,na
O75487-2,486.0,82.68866255,confident,87.41007194,0.878605915,na
Q16875-4,534.0,82.67990637,confident,92.75092937,0.851096565,na
Q6ZN54-3,441.0,82.67702948,confident,86.1328125,0.84510555,na
P15812-2,376.0,82.67678191,confident,96.90721649,0.829163707,na
Q86X67-4,235.0,82.676,confident,53.17460317,0.700863309,na
Q9Y4P1-3,280.0,82.671,confident,63.25,0.749939392,na
Q9H5I1-3,230.0,82.66943478,confident,56.09756098,0.442822456,na
O75365-2,148.0,82.66493243,confident,85.54913295,0.80314407,na
Q1W4C9-2,54.0,82.66481481,confident,57.44680851,0.64922929,na
Q8TCT7-2,319.0,82.66316614,confident,53.88513514,0.644530551,na
Q6PIL6-3,188.0,82.65898936,confident,75.2,0.837813612,na
O43759-3,192.0,82.65713542,confident,59.67078189,0.784856687,na
O00231-2,423.0,82.65600473,confident,99.76359338,0.944054667,na
A0PJK1-2,569.0,82.6511775,confident,95.46979866,0.935926506,na
O75800-2,435.0,82.64689655,confident,92.84116331,0.900934272,na
Q86YJ6-5,247.0,82.64502024,confident,43.0020284,0.655039786,na
Q86TP1-3,271.0,82.63409594,confident,59.82339956,0.534415817,na
O95081-2,156.0,82.62839744,confident,30.12295082,0.581072981,na
P82912-2,193.0,82.62829016,confident,99.48453608,0.705330215,na
Q13491-2,246.0,82.62768293,confident,92.45283019,0.936381353,na
Q9H1B4-6,365.0,82.62643836,confident,91.43576826,0.580333215,na
Q13477-3,295.0,82.62559322,confident,76.96335079,0.696433185,na
P53779-2,422.0,82.62485782,confident,89.87068966,0.882548012,na
P49763-2,149.0,82.62134228,confident,67.42081448,0.589341472,na
Q9BRX5-3,255.0,82.62109804,confident,84.70588235,0.815640835,na
O95498-2,299.0,82.62023411,confident,57.5,0.476298101,na
Q9UHH9-6,87.0,82.61712644,confident,16.47331787,0.482323128,na
O00154-3,283.0,82.61674912,confident,59.29648241,0.814999834,na
P23416-2,452.0,82.615,confident,99.55752212,0.894407213,na
O60729-5,461.0,82.61136659,confident,87.45098039,0.879502044,na
P61201-2,450.0,82.61006667,confident,98.44444444,0.951891353,na
Q53RD9-3,382.0,82.60814136,confident,87.01594533,0.621520396,na
Q6P1Q9-2,313.0,82.60555911,confident,82.27513228,0.804136202,na
Q9Y6I7-4,219.0,82.59621005,confident,44.52214452,0.705729417,na
Q9Y2G2-7,427.0,82.59526932,confident,78.58472998,0.834151836,na
O15245-3,483.0,82.59447205,confident,87.18411552,0.886185066,na
Q9H3U5-3,426.0,82.59021127,confident,88.60215054,0.675253156,na
Q8NB16-2,263.0,82.58992395,confident,52.86624204,0.547652495,na
Q03060-23,102.0,82.58441176,confident,25.79710145,0.445240202,na
O75663-2,178.0,82.57960674,confident,63.97058824,0.677936385,na
Q13277-2,252.0,82.57916667,confident,87.19723183,0.780657961,na
P00167-3,124.0,82.57096774,confident,92.53731343,0.690313211,na
Q9UBD9-2,215.0,82.57037209,confident,95.55555556,0.913775384,na
P0DI81-3,174.0,82.56781609,confident,80.45977011,0.886341327,na
Q9BTC8-2,515.0,82.56700971,confident,85.85858586,0.6126149,na
Q8NG50-4,116.0,82.5587931,confident,35.15358362,0.600647521,na
P23396-2,259.0,82.55799228,confident,93.82239382,0.898288205,na
Q52LJ0-1,330.0,82.55606061,confident,65.57734205,0.468558045,na
Q9NRC1-4,534.0,82.54717228,confident,85.7385399,0.791514951,na
Q13642-3,194.0,82.54628866,confident,60.0619195,0.679828316,na
P17693-3,154.0,82.54298701,confident,45.56213018,0.428586237,na
Q13557-3,510.0,82.53862745,confident,97.84313725,0.678342932,na
Q00005-5,509.0,82.536778,confident,87.03339882,0.90700619,na
Q8N8Q3-4,65.0,82.53538462,confident,17.37588652,0.463537751,na
O75971-2,68.0,82.53529412,confident,69.3877551,0.469270261,na
Q8IX04-5,215.0,82.52530233,confident,42.70833333,0.558690137,na
O15151-3,127.0,82.52456693,confident,24.89795918,0.481900309,na
P52757-3,332.0,82.52274096,confident,58.57142857,0.70474708,na
Q6ICL3-4,317.0,82.52182965,confident,81.19122257,0.925249918,na
Q16585-2,248.0,82.52149194,confident,77.98742138,0.482908175,1
Q6ZN68-3,236.0,82.51338983,confident,50.0,0.629808844,na
O14958-2,328.0,82.51088415,confident,81.95488722,0.588688193,na
Q14790-8,261.0,82.50750958,confident,53.02713987,0.582433844,na
Q9UK23-2,481.0,82.5068815,confident,93.39805825,0.782747333,na
A8MUH7-2,268.0,82.49932836,confident,65.42288557,0.711801324,na
Q86YT5-4,525.0,82.49838095,confident,92.42957746,0.948117977,na
P48061-6,100.0,82.4982,confident,89.0,0.69445507,na
Q9H5Z6-2,272.0,82.49459559,confident,55.82417582,0.725235594,na
P54619-3,340.0,82.49352941,confident,97.35294118,0.90309473,na
O95256-2,457.0,82.49350109,confident,76.29382304,0.801974667,na
O00219-2,281.0,82.49131673,confident,45.60143627,0.639653649,na
P46098-4,484.0,82.48704545,confident,98.76033058,0.900475304,na
Q5VZ52-2,175.0,82.48297143,confident,77.77777778,0.813867597,na
P15529-10,387.0,82.47718346,confident,98.7244898,0.726959542,na
A6NI73-4,253.0,82.47233202,confident,77.66666667,0.743753169,na
A8MV23-2,404.0,82.47155941,confident,93.39622642,0.958625309,na
Q8N118-2,508.0,82.47059055,confident,87.87878788,0.901066448,na
O43699-4,342.0,82.46894737,confident,70.68965517,0.497556232,1
Q8WYN0-5,374.0,82.46729947,confident,93.96984925,0.828015035,na
Q7Z7H8-2,271.0,82.46066421,confident,88.88888889,0.700378304,na
Q5VVX9-2,226.0,82.45986726,confident,70.40498442,0.659622822,na
Q658P3-4,456.0,82.45914474,confident,76.51515152,0.852754933,na
Q8WXQ8-3,403.0,82.45704715,confident,80.62360802,0.888393329,na
O60493-2,130.0,82.45553846,confident,80.24691358,0.533654349,na
Q14565-2,285.0,82.45333333,confident,83.52941176,0.85704263,na
Q8N7R7-3,289.0,82.44882353,confident,80.50139276,0.835872627,na
Q99961-2,320.0,82.4485625,confident,86.95652174,0.467825623,1
Q96AJ9-1,203.0,82.44694581,confident,83.62831858,0.563524933,na
Q9H1B4-2,368.0,82.44625,confident,91.18387909,0.588286945,na
Q86TN4-4,255.0,82.44254902,confident,99.21568627,0.916837116,na
Q9BR77-2,456.0,82.44234649,confident,93.44262295,0.728185297,na
Q92599-2,429.0,82.44135198,confident,88.81987578,0.856194192,na
Q8TC41-2,275.0,82.43850909,confident,40.24604569,0.414808727,na
Q0VAA5-2,304.0,82.43536184,confident,91.48264984,0.898422536,na
Q9Y6E2-2,201.0,82.42736318,confident,44.86873508,0.612644283,na
Q13286-7,414.0,82.42478261,confident,94.52054795,0.908988871,na
Q9UJW0-3,467.0,82.42299786,confident,98.50107066,0.838726363,na
Q9Y3Q3-2,173.0,82.41861272,confident,61.37339056,0.56601711,na
P78560-2,103.0,82.41805825,confident,50.25125628,0.697681203,na
Q96DE0-3,159.0,82.41628931,confident,58.29596413,0.763520023,na
P54709-2,193.0,82.40761658,confident,57.80141844,0.717874841,na
Q86VN1-2,328.0,82.40344512,confident,84.97409326,0.632349549,na
Q9NPH5-5,224.0,82.40165179,confident,37.19723183,0.668182904,na
Q6MZQ0-4,205.0,82.39868293,confident,53.65853659,0.687756924,na
Q9Y3B7-2,166.0,82.39831325,confident,86.45833333,0.823501039,na
Q8N3J6-5,327.0,82.3882263,confident,75.17241379,0.586543829,na
P22891-2,422.0,82.38736967,confident,94.54976303,0.806548,na
Q8IYS5-4,271.0,82.38723247,confident,95.74468085,0.690210534,na
Q9HB55-4,250.0,82.38036,confident,44.03846154,0.685663942,na
Q13557-6,513.0,82.37894737,confident,97.27095517,0.657832309,na
O60565-2,143.0,82.37622378,confident,77.7173913,0.594588911,na
O15547-2,415.0,82.37457831,confident,94.10430839,0.785509706,na
Q9H295-2,283.0,82.3729682,confident,59.14893617,0.599731199,na
Q99928-2,253.0,82.37185771,confident,51.17773019,0.695413215,na
Q12792-4,252.0,82.36845238,confident,72.0,0.546875017,na
Q8N2H9-3,406.0,82.36704433,confident,86.56716418,0.846536641,na
P21953-2,218.0,82.36555046,confident,54.45292621,0.616570887,na
P00973-3,414.0,82.35570048,confident,81.14942529,0.891292077,na
Q6ZN54-5,451.0,82.35392461,confident,88.0859375,0.774601953,na
Q9UHP7-2,154.0,82.34811688,confident,80.62827225,0.573566618,na
P56377-2,202.0,82.34534653,confident,72.27722772,0.850858246,na
P28062-2,272.0,82.34283088,confident,82.80701754,0.835506676,na
Q9C035-3,347.0,82.34210375,confident,60.03937008,0.606768406,na
Q9Y5X0-2,117.0,82.34119658,confident,58.20895522,0.503802306,na
Q99784-5,458.0,82.33624454,confident,88.66396761,0.591986582,na
P51878-3,292.0,82.32660959,confident,66.58986175,0.781551895,na
P48444-2,423.0,82.31971631,confident,82.58317025,0.570399236,na
Q9H4A5-2,241.0,82.31937759,confident,84.56140351,0.698281451,na
Q9HB71-3,185.0,82.31854054,confident,81.14035088,0.797971257,na
Q96A70-2,480.0,82.31389583,confident,95.83333333,0.958316352,na
Q9BS86-2,350.0,82.31228571,confident,99.71509972,0.901059356,na
O60260-6,316.0,82.30563291,confident,67.95698925,0.707394095,na
Q9NVA1-5,231.0,82.30415584,confident,77.25752508,0.773120039,na
Q9BR01-2,260.0,82.3035,confident,87.67605634,0.88765451,na
Q9UPI3-2,321.0,82.30193146,confident,58.36501901,0.76543627,na
Q8WYN0-2,336.0,82.30190476,confident,84.42211055,0.805253757,na
Q13277-3,277.0,82.30187726,confident,92.38754325,0.799087845,na
P53779-3,426.0,82.29819249,confident,91.81034483,0.857391272,na
Q92963-3,236.0,82.29686441,confident,92.79661017,0.867916092,na
Q9BUX1-2,177.0,82.29536723,confident,79.72972973,0.440706786,1
Q16854-3,239.0,82.29372385,confident,86.28158845,0.789206085,na
Q6Q0C1-2,30.0,82.28933333,confident,7.792207792,0.379675189,na
Q8TBH0-2,402.0,82.28325871,confident,85.74938575,0.817902773,na
Q7Z5A7-3,53.0,82.28245283,confident,35.60606061,0.468351042,na
Q9ULZ3-2,176.0,82.28204545,confident,90.25641026,0.499492562,1
Q9Y4P1-4,331.0,82.27746224,confident,78.7654321,0.742411714,na
Q9Y296-2,165.0,82.27587879,confident,75.34246575,0.640833367,na
Q99836-5,275.0,82.26745455,confident,92.56756757,0.762826319,na
P30281-4,96.0,82.2603125,confident,32.87671233,0.515183024,na
Q9NQZ6-5,219.0,82.25493151,confident,93.30357143,0.662342271,na
Q07973-2,448.0,82.25459821,confident,87.15953307,0.863768426,na
Q8TBB0-2,180.0,82.25394444,confident,81.08108108,0.472537771,1
Q10472-2,105.0,82.25171429,confident,18.78354204,0.239493002,na
Q9H3U5-6,514.0,82.2501751,confident,90.46692607,0.930006106,na
Q8NBK3-4,349.0,82.2491404,confident,93.31550802,0.73299163,na
P29372-2,293.0,82.24911263,confident,95.30201342,0.842331989,na
Q8IX04-4,341.0,82.24510264,confident,71.54989384,0.489139102,1
P56817-4,432.0,82.24125,confident,86.22754491,0.715025518,na
P43088-3,275.0,82.23589091,confident,74.37325905,0.741585748,na
Q8WUF8-4,306.0,82.23395425,confident,73.55769231,0.822293499,na
P05112-2,137.0,82.23240876,confident,89.54248366,0.618393044,na
Q6ZNA5-2,626.0,82.23182109,confident,85.82677165,0.819761244,na
Q8NDZ6-2,307.0,82.2313355,confident,62.01232033,0.715315598,na
Q69YN2-3,401.0,82.22930175,confident,74.53531599,0.56296448,na
Q7Z3B4-3,459.0,82.22607843,confident,90.33530572,0.85806766,na
Q96FV3-4,329.0,82.22589666,confident,82.0668693,0.850961994,na
Q7Z5S9-2,169.0,82.21964497,confident,48.11594203,0.636681309,na
Q9BZG1-2,251.0,82.2174502,confident,96.91119691,0.898621512,na
Q9Y2G2-1,431.0,82.2174478,confident,76.72253259,0.822402872,na
Q16517-2,54.0,82.21703704,confident,66.66666667,0.589816488,na
Q9NVA1-3,184.0,82.21679348,confident,55.48172757,0.742767208,na
Q99961-3,304.0,82.21536184,confident,82.60869565,0.578336749,na
Q14994-7,309.0,82.21469256,confident,87.78409091,0.889399194,na
Q8IVI9-4,563.0,82.21079929,confident,89.87566607,0.747982451,na
Q9NS18-2,165.0,82.20763636,confident,75.13812155,0.767297318,na
P30281-3,220.0,82.20504545,confident,75.34246575,0.723597524,na
Q9UL16-2,466.0,82.19540773,confident,84.57350272,0.285046008,1
Q96BS2-2,163.0,82.19423313,confident,61.30434783,0.751470925,na
Q6ZMB0-3,385.0,82.19415584,confident,96.12403101,0.837545157,na
Q00013-2,436.0,82.19123853,confident,92.70386266,0.91646138,na
P46736-5,247.0,82.18396761,confident,77.84810127,0.807721296,na
P62195-2,398.0,82.17276382,confident,98.02955665,0.939868458,na
Q9NUN5-3,467.0,82.17250535,confident,86.48148148,0.908093005,na
Q96PB7-3,458.0,82.17131004,confident,92.48434238,0.580543914,na
Q14002-2,172.0,82.16656977,confident,64.90566038,0.562680499,na
Q7Z5J1-6,205.0,82.16570732,confident,48.47560976,0.544595002,na
Q96EU6-2,253.0,82.16450593,confident,97.68339768,0.561172951,na
P62256-2,152.0,82.16256579,confident,83.06010929,0.782570651,na
Q9NRY7-1,224.0,82.16236607,confident,75.42087542,0.82670963,na
Q14982-4,354.0,82.16206215,confident,97.45762712,0.701752183,na
P51674-2,271.0,82.15889299,confident,95.69892473,0.968403304,na
Q4ZJI4-2,243.0,82.15872428,confident,41.73076923,0.619087794,na
Q96N38-3,400.0,82.15675,confident,72.20216606,0.730337846,na
Q96H22-4,319.0,82.15623824,confident,93.80530973,0.689344994,na
Q16623-2,260.0,82.15465385,confident,71.92429022,0.799464194,na
Q12824-2,376.0,82.15303191,confident,97.66233766,0.935961522,na
Q9BUK0-2,97.0,82.15113402,confident,87.62886598,0.909184999,na
Q9H1A3-2,317.0,82.14766562,confident,99.68553459,0.986899309,na
P29372-4,293.0,82.1405802,confident,95.97315436,0.805101802,na
P41597-2,360.0,82.13558333,confident,84.375,0.817404837,na
Q9Y694-4,241.0,82.13489627,confident,42.51824818,0.657705945,na
Q9NZC7-2,363.0,82.13247934,confident,85.74879227,0.821769915,na
Q9UHW5-2,294.0,82.12986395,confident,96.59863946,0.939466876,na
Q99963-4,340.0,82.12917647,confident,85.47945205,0.779263792,na
Q86X76-5,243.0,82.12625514,confident,73.08868502,0.720206822,na
Q9GZZ7-2,269.0,82.12516729,confident,82.0,0.672531096,na
P00739-2,385.0,82.1192987,confident,90.12987013,0.891809991,na
Q86W34-5,302.0,82.11384106,confident,83.88888889,0.841624118,na
Q9Y570-4,400.0,82.108875,confident,96.5,0.880173392,na
A6NI73-2,287.0,82.09484321,confident,95.98662207,0.692388952,na
Q15435-3,280.0,82.084,confident,75.96685083,0.730274344,na
Q8WW12-3,55.0,82.07763636,confident,30.8988764,0.375585979,na
P20851-2,251.0,82.07685259,confident,99.6031746,0.743326873,na
Q14994-10,311.0,82.07636656,confident,75.27173913,0.730151621,na
Q01105-3,265.0,82.07467925,confident,88.96551724,0.775676614,na
Q9NVK5-3,172.0,82.07447674,confident,67.58893281,0.526654424,na
Q7Z7A4-6,545.0,82.06893578,confident,94.29065744,0.78552775,na
P67775-2,255.0,82.06537255,confident,82.52427184,0.861707023,na
Q11203-25,43.0,82.0644186,confident,10.4,0.472793499,na
Q6NTF7-4,154.0,82.06376623,confident,68.62745098,0.843425605,na
Q13362-5,555.0,82.06288288,confident,90.81081081,0.86782961,na
Q8NCT3-5,417.0,82.05388489,confident,64.96478873,0.593942091,na
Q9C030-2,516.0,82.05370155,confident,94.57364341,0.689380164,na
Q9P121-2,344.0,82.05284884,confident,91.45299145,0.832333397,na
Q16635-4,265.0,82.05177358,confident,90.75342466,0.861557272,na
Q15084-2,492.0,82.05128049,confident,88.43813387,0.742006524,na
Q3KP31-2,544.0,82.04253676,confident,94.44444444,0.863985027,na
Q8WVC6-2,132.0,82.04242424,confident,48.91774892,0.633940359,na
Q9NWS1-6,297.0,82.04121212,confident,46.1409396,0.707182067,na
P35240-4,507.0,82.03915187,confident,83.52941176,0.802970884,na
P19235-3,328.0,82.03786585,confident,59.53757225,0.659942952,na
P43088-4,291.0,82.035189,confident,75.48746518,0.744069705,na
O15533-3,504.0,82.03333333,confident,88.29365079,0.874785928,na
Q9H4A9-2,399.0,82.02473684,confident,82.09876543,0.736197991,na
Q9HA47-2,201.0,82.0240796,confident,62.5,0.744187009,na
Q6ZUS6-2,322.0,82.0221118,confident,50.47258979,0.274763526,na
P11234-2,228.0,82.02074561,confident,90.35087719,0.90968951,na
Q5SGD2-4,194.0,82.01603093,confident,53.33333333,0.457410253,na
O95922-4,394.0,82.01477157,confident,93.14420804,0.898411928,na
P13688-6,430.0,82.01209302,confident,81.55893536,0.651152523,na
Q9HD40-2,47.0,82.01042553,confident,7.784431138,0.380156554,na
P32121-4,430.0,82.00762791,confident,95.11627907,0.874432166,na
Q96E66-5,187.0,82.00219251,confident,76.21359223,0.768695507,na
Q9BWP8-2,247.0,82.00020243,confident,91.14391144,0.647833989,na
Q6IPU0-2,115.0,81.99956522,confident,35.05154639,0.628302435,na
Q9Y279-2,321.0,81.99619938,confident,80.45112782,0.673426647,na
P49662-4,263.0,81.9960076,confident,69.49602122,0.534638535,na
P18577-11,346.0,81.9933526,confident,82.9736211,0.877935401,na
Q13639-4,380.0,81.99326316,confident,92.09183673,0.90410476,na
P53985-2,430.0,81.99006977,confident,82.14285714,0.661805817,na
P55735-3,368.0,81.99,confident,87.5,0.880048505,na
Q9NXE8-2,78.0,81.98923077,confident,18.35294118,0.29827793,na
Q92629-2,290.0,81.98193103,confident,99.65517241,0.837843503,na
O15519-8,445.0,81.97649438,confident,92.70833333,0.579811632,na
P55209-3,323.0,81.9749226,confident,82.60869565,0.736213484,na
Q1MX18-5,567.0,81.97472663,confident,86.64495114,0.762818946,na
O76083-13,526.0,81.97342205,confident,88.02698145,0.646454503,na
P54750-2,519.0,81.96552987,confident,94.04096834,0.801159285,na
Q92599-4,442.0,81.9629638,confident,89.44099379,0.817983112,na
Q92851-7,247.0,81.96291498,confident,44.3378119,0.618974958,na
Q15084-5,488.0,81.95895492,confident,89.16155419,0.781439269,na
Q8WVF1-4,223.0,81.95511211,confident,46.92307692,0.683922813,na
P31749-2,418.0,81.94921053,confident,87.08333333,0.748855868,na
A0PJK1-3,566.0,81.94666078,confident,79.04468413,0.861082104,na
Q9HBK9-2,279.0,81.94089606,confident,74.4,0.840093993,na
O15315-4,366.0,81.93967213,confident,89.23076923,0.900942666,na
Q9GZZ1-2,81.0,81.9382716,confident,47.92899408,0.360844964,na
Q9UGV2-2,363.0,81.93256198,confident,96.8,0.865743915,na
Q11203-6,189.0,81.93084656,confident,49.6,0.531214377,na
O95069-4,228.0,81.9295614,confident,48.00936768,0.522380105,na
O00141-4,421.0,81.9280285,confident,93.36384439,0.864531196,na
Q8N4T0-2,315.0,81.92749206,confident,65.29680365,0.773360109,na
P40121-2,333.0,81.92141141,confident,95.68965517,0.899845423,na
Q9UBX7-4,275.0,81.91047273,confident,81.43322476,0.858501011,na
Q9Y3A6-2,193.0,81.90839378,confident,71.24463519,0.516756841,na
O00453-9,13.0,81.90692308,confident,6.18556701,0.32218996,na
Q96LT7-2,222.0,81.90671171,confident,45.94594595,0.68647881,na
P07992-4,225.0,81.90555556,confident,75.75757576,0.639921948,na
Q969N2-2,384.0,81.90278646,confident,66.43598616,0.597813141,na
Q92737-2,115.0,81.89956522,confident,56.65024631,0.646708377,na
Q06609-4,340.0,81.89847059,confident,86.32478632,0.921507909,na
P15812-13,289.0,81.89692042,confident,74.22680412,0.672244465,na
Q11203-19,413.0,81.89578692,confident,83.44988345,0.797798977,na
Q96KB5-2,333.0,81.8954955,confident,96.6966967,0.946536495,na
P18859-2,116.0,81.89258621,confident,93.10344828,0.692918935,na
P56817-2,476.0,81.88834034,confident,95.00998004,0.771788848,na
Q9NSC5-2,358.0,81.87405028,confident,99.16897507,0.467812354,1
Q9NZQ7-2,176.0,81.87267045,confident,60.68965517,0.664237085,na
Q8NFR7-3,255.0,81.872,confident,43.14720812,0.423956984,na
P61244-2,151.0,81.86821192,confident,94.375,0.80835419,na
P35372-15,292.0,81.85599315,confident,72.25,0.76221603,na
Q9NUN7-2,134.0,81.85425373,confident,46.8164794,0.680060218,na
P43007-2,234.0,81.85183761,confident,43.98496241,0.501474883,na
P58418-4,245.0,81.85081633,confident,94.69387755,0.896372493,na
Q1ZYL8-2,214.0,81.85009346,confident,91.81034483,0.845600456,na
Q14194-2,686.0,81.84851312,confident,81.63265306,0.811389139,na
Q9H9C1-2,444.0,81.84364865,confident,90.06085193,0.727017879,na
Q8WWU5-6,465.0,81.8436129,confident,89.98035363,0.900918754,na
Q9Y3C4-3,214.0,81.83439252,confident,81.77570093,0.898784388,na
Q11203-10,186.0,81.8338172,confident,49.6,0.441592932,na
Q8NFR7-4,299.0,81.83100334,confident,48.39255499,0.569837196,na
Q96NB1-2,100.0,81.8238,confident,57.47126437,0.547028131,na
P07101-2,524.0,81.82087786,confident,99.24242424,0.760314394,na
O95433-2,288.0,81.816875,confident,82.99120235,0.537761259,na
P32856-3,277.0,81.81624549,confident,90.10238908,0.765472227,na
Q9Y282-3,388.0,81.81507732,confident,98.71134021,0.949972431,na
Q9BRF8-3,122.0,81.81442623,confident,31.15264798,0.502615545,na
Q9NWW5-2,343.0,81.81419825,confident,84.92753623,0.843156252,na
Q9NRM6-2,288.0,81.81013889,confident,49.90176817,0.697298636,na
Q9ULP0-7,369.0,81.80726287,confident,88.48167539,0.821277653,na
Q9H9Q2-3,273.0,81.7996337,confident,79.00355872,0.830394351,na
P49802-4,424.0,81.79841981,confident,85.65656566,0.813755162,na
Q9H0A8-2,140.0,81.79721429,confident,69.84924623,0.765625352,na
Q9Y6M0-3,300.0,81.79506667,confident,95.54140127,0.875297513,na
O00214-2,359.0,81.7905571,confident,88.30083565,0.917454866,na
Q8N769-2,24.0,81.78833333,confident,19.67213115,0.1889196,na
Q7L5Y9-3,355.0,81.78797183,confident,89.64646465,0.858433883,na
Q7L2R6-2,60.0,81.78716667,confident,9.560229446,0.35163292,na
P15509-6,233.0,81.7848927,confident,54.22885572,0.656103767,na
Q9ULP0-5,357.0,81.78453782,confident,91.08108108,0.839620973,na
Q5QGZ9-1,275.0,81.78294545,confident,96.36363636,0.832834936,na
Q6UY01-3,346.0,81.7799422,confident,60.32608696,0.695335023,na
Q15645-2,196.0,81.77831633,confident,45.37037037,0.626915455,na
P18847-5,124.0,81.77830645,confident,68.50828729,0.676429792,na
P61020-2,174.0,81.77724138,confident,80.93023256,0.756307639,na
Q15131-5,188.0,81.77170213,confident,48.61111111,0.5954782,na
P48730-2,409.0,81.77007335,confident,95.48693587,0.906737969,na
Q9H867-2,123.0,81.76837398,confident,45.88744589,0.660622366,na
Q8WY64-2,134.0,81.76791045,confident,30.11235955,0.485348455,na
Q13557-4,519.0,81.76684008,confident,96.14643545,0.887490911,na
Q13477-2,271.0,81.7595941,confident,70.68062827,0.718849925,na
Q9NRD0-2,278.0,81.75910072,confident,87.14733542,0.759220418,na
P15529-2,399.0,81.75696742,confident,94.07407407,0.806245734,na
O95544-3,423.0,81.75451537,confident,84.76821192,0.80681732,na
Q495M3-3,207.0,81.75125604,confident,41.82194617,0.532267909,na
Q8WWB3-2,184.0,81.74592391,confident,91.30434783,0.72081046,na
P24071-3,191.0,81.74371728,confident,66.55052265,0.500488248,na
P20718-2,160.0,81.7415,confident,65.04065041,0.501442189,na
O14874-3,365.0,81.7390137,confident,88.59223301,0.882005702,na
Q86XE5-3,164.0,81.73810976,confident,50.1529052,0.54697214,na
Q8N2K1-2,224.0,81.73276786,confident,83.78378378,0.62423893,na
Q86U44-2,221.0,81.73257919,confident,35.34482759,0.511555015,na
Q9UKR8-3,219.0,81.73237443,confident,81.49606299,0.477232623,1
Q9Y572-2,252.0,81.7265873,confident,43.62934363,0.697038027,na
Q13098-7,527.0,81.72421252,confident,90.20715631,0.870011332,na
P54578-3,483.0,81.72354037,confident,97.77327935,0.956542154,na
P18627-2,360.0,81.71783333,confident,67.61904762,0.684217616,na
P15509-2,410.0,81.71346341,confident,92.21411192,0.773092157,na
Q8WVN8-4,340.0,81.71047059,confident,90.66666667,0.685009972,na
Q9P121-4,355.0,81.7091831,confident,96.90140845,0.788004016,na
O96017-13,322.0,81.70555901,confident,59.30018416,0.714088524,na
Q9Y3B1-2,164.0,81.68420732,confident,84.53608247,0.86676258,na
Q6QHF9-4,486.0,81.67860082,confident,83.87715931,0.863059893,na
Q6JVE6-2,200.0,81.6745,confident,82.69230769,0.760954872,na
Q8NCF5-3,127.0,81.67307087,confident,30.31026253,0.421093348,na
P07101-6,403.0,81.67263027,confident,76.32575758,0.725486232,na
P06239-2,363.0,81.67236915,confident,67.44186047,0.709871145,na
Q8NHS4-2,464.0,81.6694181,confident,79.18088737,0.589671298,na
Q14994-11,315.0,81.66409524,confident,76.35869565,0.682840849,na
Q9NY56-2,146.0,81.6580137,confident,75.56818182,0.7272932,na
Q15758-3,313.0,81.65744409,confident,57.85582255,0.676050845,na
P55209-2,368.0,81.65192935,confident,92.83887468,0.819530291,na
Q8N465-2,307.0,81.65166124,confident,52.91902072,0.677778695,na
Q9NPH3-3,346.0,81.64971098,confident,52.48713551,0.692368248,na
Q8N9S9-2,341.0,81.64953079,confident,74.88789238,0.742871651,na
Q96GJ1-3,459.0,81.646122,confident,91.07142857,0.830311132,na
Q8WWR8-3,497.0,81.64028169,confident,97.38430584,0.847801492,na
Q9Y3D3-2,123.0,81.63788618,confident,69.71830986,0.70044412,na
Q8N4B1-3,88.0,81.63102273,confident,27.30923695,0.488455362,na
Q14195-2,684.0,81.63096491,confident,82.01754386,0.825933109,na
Q93038-6,136.0,81.62897059,confident,32.61390887,0.420991807,na
Q4G1C9-4,168.0,81.62875,confident,46.80232558,0.575919897,na
Q9NVS2-3,127.0,81.62874016,confident,64.28571429,0.675192525,na
A9UHW6-2,256.0,81.62796875,confident,86.71875,0.903639685,na
Q6DKI1-2,162.0,81.62518519,confident,60.0,0.595418102,na
Q14168-3,569.0,81.62386643,confident,91.73693086,0.681992495,na
Q9UJW0-2,403.0,81.62330025,confident,87.60869565,0.605787435,na
Q9NYA1-2,470.0,81.61974468,confident,81.70212766,0.867698797,na
Q9UN36-3,360.0,81.61938889,confident,97.03504043,0.776416125,na
O75144-2,309.0,81.61443366,confident,96.76375405,0.788533798,na
Q9NUP7-2,175.0,81.61114286,confident,34.85477178,0.521158546,na
Q9NYK5-2,353.0,81.60492918,confident,92.63456091,0.897458696,na
Q9H3H1-6,163.0,81.60484663,confident,34.04710921,0.550110598,na
P06241-2,534.0,81.60041199,confident,94.41340782,0.911578226,na
Q13555-3,524.0,81.59366412,confident,93.90681004,0.865218847,na
Q96IZ2-2,248.0,81.59322581,confident,92.74193548,0.928546066,na
Q9BQI0-3,142.0,81.59147887,confident,94.66666667,0.803288171,na
Q5T1Q4-2,349.0,81.59094556,confident,85.53921569,0.722649664,na
Q9ULP0-3,371.0,81.58876011,confident,86.23376623,0.817868445,na
Q9UM11-3,404.0,81.58858911,confident,81.4516129,0.785586859,na
O75367-3,371.0,81.58770889,confident,99.7311828,0.670274526,na
O60256-2,329.0,81.58492401,confident,89.1598916,0.830663784,na
P49279-2,432.0,81.58118056,confident,76.72727273,0.832587649,na
P43003-2,497.0,81.57488934,confident,91.51291513,0.901888297,na
Q9UBU8-3,235.0,81.57459574,confident,64.91712707,0.648802575,na
P16152-2,173.0,81.56861272,confident,49.64285714,0.727346453,na
Q15796-2,437.0,81.56691076,confident,93.57601713,0.876179677,na
Q9H857-3,532.0,81.56398496,confident,81.65784832,0.822545913,na
Q8NFQ6-2,264.0,81.56329545,confident,52.07100592,0.567491427,na
P35240-5,549.0,81.56051002,confident,90.58823529,0.768900918,na
Q9Y243-2,465.0,81.55937634,confident,94.36325678,0.814537119,na
P36406-3,546.0,81.55540293,confident,94.07665505,0.767384716,na
Q9H6X2-6,358.0,81.5522067,confident,54.25170068,0.658539362,na
Q5TGP6-2,861.0,81.55200929,confident,61.68757127,0.790125342,na
Q06323-2,250.0,81.54868,confident,85.22727273,0.921513187,na
P49137-2,370.0,81.54378378,confident,88.14814815,0.798557438,na
Q8N6Q3-2,248.0,81.54366935,confident,49.88558352,0.645259665,na
P07585-2,250.0,81.53812,confident,69.63788301,0.633187831,na
P61289-2,267.0,81.53730337,confident,95.13108614,0.855548921,na
Q8N3Y1-2,532.0,81.53693609,confident,88.9632107,0.82913592,na
Q9H3H3-3,293.0,81.5365529,confident,99.65870307,0.853983226,na
P49281-5,557.0,81.53490126,confident,93.05555556,0.943623585,na
Q9NWZ5-4,533.0,81.53454034,confident,94.35336976,0.876156643,na
Q6UXG3-2,233.0,81.53424893,confident,64.86486486,0.469171287,na
Q8WW22-2,426.0,81.52852113,confident,93.19248826,0.860556922,na
Q15293-2,280.0,81.52228571,confident,74.56140351,0.840284378,na
Q9BX67-2,259.0,81.51799228,confident,83.5483871,0.587653055,na
Q5VXD3-2,116.0,81.51482759,confident,93.44262295,0.732666856,na
Q13946-2,456.0,81.51210526,confident,89.61303462,0.765238654,na
A1A5D9-2,301.0,81.50169435,confident,59.2519685,0.324520446,na
O00182-5,234.0,81.50089744,confident,57.60869565,0.721203311,na
Q969N2-6,511.0,81.49921722,confident,88.23529412,0.611755848,na
Q8NG50-9,114.0,81.49815789,confident,35.05154639,0.569299553,na
O75478-2,305.0,81.49796721,confident,60.91703057,0.402557161,na
P15692-6,171.0,81.49783626,confident,73.70689655,0.634866369,na
O00254-2,352.0,81.49363636,confident,94.11764706,0.848825053,na
Q15109-6,420.0,81.4892619,confident,96.19047619,0.850700226,na
Q16854-5,255.0,81.48796078,confident,87.72563177,0.826976829,na
O95150-3,174.0,81.48281609,confident,57.08955224,0.768047609,na
B7ZAQ6-4,124.0,81.48104839,confident,23.36244541,0.499223239,na
Q8TDW4-7,555.0,81.47981982,confident,94.95652174,0.738540314,na
P00750-3,516.0,81.47718992,confident,91.63701068,0.682907139,na
A4QPH2-2,439.0,81.47350797,confident,64.63022508,0.516051034,na
Q6UX41-2,333.0,81.473003,confident,51.11940299,0.628471856,na
P35372-12,300.0,81.47296667,confident,75.0,0.755406206,na
Q6UXG3-3,222.0,81.46981982,confident,64.15662651,0.491196867,na
P04278-2,288.0,81.46791667,confident,63.05418719,0.697987085,na
Q9UN36-5,341.0,81.45941349,confident,91.91374663,0.785751651,na
Q99619-2,267.0,81.45902622,confident,84.67153285,0.832971954,na
Q5VSG8-3,250.0,81.4548,confident,54.04814004,0.50000368,na
Q8WWR8-2,496.0,81.45415323,confident,97.58064516,0.915936257,na
Q13639-5,378.0,81.45314815,confident,93.31619537,0.906526636,na
P04637-7,261.0,81.45061303,confident,66.41221374,0.535087627,na
Q9NVA2-2,439.0,81.44924829,confident,94.18344519,0.905494077,na
Q6UX07-2,327.0,81.44599388,confident,86.73740053,0.801336137,na
Q8NC96-2,102.0,81.44411765,confident,36.72727273,0.658503207,na
Q9BY44-2,371.0,81.44016173,confident,62.41496599,0.569419659,na
Q9H2V7-2,476.0,81.43947479,confident,90.15151515,0.592451121,na
Q9P0V9-3,431.0,81.4387935,confident,94.9339207,0.807122156,na
Q6P1K2-2,207.0,81.43826087,confident,78.28054299,0.820407457,na
Q9NVS9-4,218.0,81.43816514,confident,83.52490421,0.708346088,na
O00425-2,198.0,81.43176768,confident,34.19689119,0.593534935,na
Q13555-5,527.0,81.42053131,confident,87.2193437,0.876221142,na
Q2MV58-4,531.0,81.41740113,confident,87.01517707,0.605083229,na
O75908-2,502.0,81.41697211,confident,96.16858238,0.814648599,na
Q8IVS8-7,205.0,81.41502439,confident,33.70786517,0.560058204,na
Q8NHV5-3,38.0,81.40710526,confident,20.95808383,0.458514973,na
Q7Z4G1-2,98.0,81.4044898,confident,86.73469388,0.772338696,na
Q99784-3,467.0,81.39873662,confident,91.13402062,0.586168429,na
Q8WXU2-3,376.0,81.39744681,confident,84.83412322,0.571672892,na
Q8WVF1-3,379.0,81.38527704,confident,97.42930591,0.906921253,na
Q9H169-3,167.0,81.3797006,confident,85.71428571,0.742699978,na
P78310-2,344.0,81.37604651,confident,93.15068493,0.811007019,na
Q7Z2E3-8,337.0,81.37317507,confident,94.66292135,0.552976935,na
O15315-5,231.0,81.37298701,confident,58.80829016,0.734769756,na
Q16342-5,188.0,81.37260638,confident,54.36046512,0.580365856,na
Q9Y2Z9-3,443.0,81.36837472,confident,89.57446809,0.918558303,na
Q15291-2,500.0,81.36152,confident,92.93680297,0.849783012,na
P58872-3,396.0,81.35603535,confident,98.01980198,0.793807345,na
Q9NQQ7-2,344.0,81.35302326,confident,94.24657534,0.817955436,na
Q01196-6,188.0,81.35138298,confident,38.61171367,0.530617593,na
P56134-2,88.0,81.34431818,confident,93.61702128,0.570813648,na
Q9UHD8-9,362.0,81.3439779,confident,58.78378378,0.733380593,na
Q8N4F4-1,322.0,81.34034161,confident,50.89605735,0.697362345,na
P51636-2,149.0,81.33348993,confident,91.97530864,0.544179377,na
Q8N413-3,184.0,81.3286413,confident,63.88888889,0.725549062,na
P58005-4,353.0,81.31866856,confident,71.74796748,0.773449727,na
Q8N8Q1-3,251.0,81.31792829,confident,87.64940239,0.890343221,na
Q14508-3,76.0,81.31539474,confident,61.29032258,0.499078382,na
Q6QEF8-4,237.0,81.31379747,confident,45.85062241,0.555782069,na
Q7L0Q8-2,197.0,81.31152284,confident,74.80620155,0.794087966,na
Q8WXF1-2,393.0,81.30793893,confident,73.99617591,0.779778883,na
Q14790-5,235.0,81.30710638,confident,42.82744283,0.603392195,na
Q86XR8-3,270.0,81.303,confident,53.8,0.550035483,na
Q8WWV3-3,225.0,81.30137778,confident,53.5,0.632587472,na
Q5SWX8-2,431.0,81.29408353,confident,94.9339207,0.885036849,na
Q9H5X1-2,102.0,81.29166667,confident,60.625,0.638852095,na
Q9NSU2-2,304.0,81.28605263,confident,96.81528662,0.907711509,na
O15375-2,500.0,81.28564,confident,83.66972477,0.87906025,na
Q9H0I2-2,228.0,81.28070175,confident,56.8627451,0.443321988,na
Q9P0J1-2,562.0,81.27948399,confident,95.55160142,0.929871362,na
Q5T0U0-2,284.0,81.27271127,confident,75.24429967,0.456555414,1
Q86UB9-2,436.0,81.27224771,confident,95.19650655,0.927175195,na
Q8TAE7-2,425.0,81.26637647,confident,97.47706422,0.945871945,na
Q8IXS2-2,497.0,81.26422535,confident,95.98393574,0.711618234,na
P16298-2,514.0,81.26354086,confident,83.78378378,0.884497867,na
Q96SI1-2,234.0,81.26286325,confident,82.04225352,0.738893693,na
A6NI73-3,265.0,81.26075472,confident,81.66666667,0.7546281,na
O95741-2,612.0,81.25960784,confident,91.0130719,0.866458048,na
Q9UHC3-2,543.0,81.25839779,confident,88.90876565,0.934726934,na
P51398-3,364.0,81.25351648,confident,91.45728643,0.847737812,na
P43088-2,297.0,81.25124579,confident,75.76601671,0.716131213,na
Q9UBU8-2,323.0,81.23414861,confident,88.95027624,0.587876235,na
Q8TC26-3,81.0,81.23123457,confident,28.02768166,0.598292752,na
O00142-3,240.0,81.22958333,confident,90.56603774,0.792448145,na
Q8NCC5-2,478.0,81.22341004,confident,96.7611336,0.957742051,na
Q6PHW0-3,247.0,81.22024291,confident,80.27681661,0.688785314,na
Q9UM00-1,188.0,81.21712766,confident,78.66108787,0.7741674,na
O15527-3,410.0,81.21629268,confident,79.51219512,0.866081646,na
P80217-2,288.0,81.21534722,confident,99.30555556,0.624188159,na
Q2I0M5-2,172.0,81.21093023,confident,73.5042735,0.621498539,na
Q6RW13-2,152.0,81.20986842,confident,95.59748428,0.796919794,na
Q01105-4,268.0,81.20914179,confident,88.27586207,0.81578947,na
Q8IXJ6-4,271.0,81.20738007,confident,68.38046272,0.691063459,na
O75379-2,140.0,81.20521429,confident,99.29078014,0.81088948,na
Q9H0A9-2,186.0,81.1988172,confident,54.70588235,0.669262447,na
Q7L099-4,567.0,81.19451499,confident,62.82051282,0.387625626,na
Q9BTM9-3,63.0,81.19142857,confident,62.37623762,0.657820623,na
P84022-3,320.0,81.18978125,confident,75.29411765,0.734442181,na
P54750-6,529.0,81.18860113,confident,90.12797075,0.772186171,na
Q9NY99-2,412.0,81.18614078,confident,76.43784787,0.813635607,na
Q8NA29-2,530.0,81.18392453,confident,97.60589319,0.932511446,na
Q4U2R8-3,506.0,81.18213439,confident,89.87566607,0.841819231,na
Q8IZL9-4,338.0,81.17804734,confident,90.52924791,0.902770004,na
Q8N4T4-3,186.0,81.17790323,confident,54.02985075,0.737554247,na
P49798-5,187.0,81.17561497,confident,91.2195122,0.828451989,na
Q6STE5-2,470.0,81.17278723,confident,93.2790224,0.863985463,na
Q9NSN8-2,480.0,81.16945833,confident,92.84332689,0.875175388,na
Q7Z4I7-5,363.0,81.16710744,confident,93.11294766,0.490192789,1
Q8NBI5-2,504.0,81.16438492,confident,97.42063492,0.959240925,na
Q32ZL2-2,316.0,81.16196203,confident,98.4423676,0.920795557,na
O15539-3,185.0,81.15864865,confident,97.83783784,0.756847063,na
Q9BRR6-5,347.0,81.15634006,confident,54.82041588,0.771771855,na
Q8WWZ1-2,152.0,81.15447368,confident,79.24528302,0.836185612,na
Q8WU39-4,75.0,81.15266667,confident,30.76923077,0.298688934,na
Q7Z2E3-9,292.0,81.15041096,confident,81.74157303,0.625946785,na
Q9H257-2,492.0,81.15020325,confident,89.11439114,0.795926764,na
Q11203-13,429.0,81.1497669,confident,87.41258741,0.816610892,na
O75935-2,176.0,81.14920455,confident,74.35897436,0.412932866,1
Q9UIF7-6,521.0,81.14239923,confident,95.42124542,0.86475351,na
O75771-3,216.0,81.13958333,confident,65.85365854,0.615153844,na
P15529-16,336.0,81.13535714,confident,78.27160494,0.601135123,na
Q96EW2-3,280.0,81.13217857,confident,52.25409836,0.687266668,na
Q7Z7A4-3,352.0,81.12633523,confident,60.89965398,0.570754746,na
Q07326-2,206.0,81.12432039,confident,81.30434783,0.783212118,na
P04278-5,384.0,81.11848958,confident,95.52238806,0.833050235,na
P19793-2,365.0,81.11539726,confident,79.004329,0.615025116,na
P35236-2,399.0,81.1120802,confident,90.22556391,0.866926582,na
O60683-2,346.0,81.11150289,confident,94.21965318,0.787246367,na
P11234-3,227.0,81.11017621,confident,90.74889868,0.908421017,na
Q03405-2,281.0,81.10982206,confident,74.12790698,0.850505114,na
P78383-2,359.0,81.10966574,confident,89.69359331,0.936693485,na
Q8WVF1-2,339.0,81.1060472,confident,87.14652956,0.865004267,na
Q8WV99-2,176.0,81.09556818,confident,68.48249027,0.470366655,na
Q92851-2,479.0,81.09325678,confident,81.83520599,0.431152586,na
Q9NQZ6-3,201.0,81.09149254,confident,89.73214286,0.640358976,na
Q9NSY0-5,123.0,81.0903252,confident,21.71314741,0.446949109,na
Q07001-2,502.0,81.08826693,confident,97.09864603,0.854473618,na
Q4ZJI4-3,475.0,81.08812632,confident,86.34615385,0.752435449,na
Q5T124-5,208.0,81.07658654,confident,40.0,0.483599176,na
Q13557-11,524.0,81.06727099,confident,95.22900763,0.669181466,na
O43699-5,389.0,81.06465296,confident,79.74137931,0.754763781,na
O43307-2,463.0,81.05974082,confident,87.98449612,0.72891165,na
O75715-2,100.0,81.0578,confident,36.68122271,0.337778962,na
O43934-2,397.0,81.05428212,confident,88.41870824,0.855125662,na
P45984-4,424.0,81.05129717,confident,97.87735849,0.900316224,na
Q8WVZ1-3,282.0,81.04762411,confident,85.11326861,0.888378327,na
Q9UM22-2,90.0,81.04088889,confident,40.17857143,0.389514722,na
Q9HCP0-2,393.0,81.03806616,confident,87.94326241,0.80767701,na
P57087-3,312.0,81.03467949,confident,89.71962617,0.881314503,na
Q9NZU7-2,167.0,81.03449102,confident,41.35135135,0.436544781,na
Q14141-2,427.0,81.03297424,confident,98.38709677,0.876008508,na
P07101-5,407.0,81.02238329,confident,77.08333333,0.767871434,na
Q8IV42-2,289.0,81.02200692,confident,76.50429799,0.797571367,na
Q9NNX1-3,331.0,81.02048338,confident,84.87179487,0.503918791,na
P78348-1,574.0,81.01891986,confident,91.98606272,0.857059532,na
Q5T9C9-2,191.0,81.01858639,confident,48.47715736,0.662562084,na
Q9NY30-2,206.0,81.01150485,confident,78.92376682,0.60247117,na
O95388-2,280.0,81.00842857,confident,76.02179837,0.472703508,1
Q9UQ53-3,563.0,81.0062167,confident,90.45138889,0.792676557,na
Q9BT76-3,276.0,81.00438406,confident,50.55555556,0.488317853,na
Q9Y2I2-5,460.0,81.00130435,confident,83.11688312,0.722457965,na
P36406-2,569.0,80.99818981,confident,95.5017301,0.886105253,na
O43852-11,170.0,80.98688235,confident,52.06349206,0.552839296,na
Q9UPY8-2,266.0,80.98447368,confident,94.66192171,0.734494837,na
P49281-2,561.0,80.98053476,confident,95.45454545,0.943381143,na
O43736-2,219.0,80.97730594,confident,83.26996198,0.760870998,na
Q8NBU5-2,287.0,80.97473868,confident,77.56232687,0.772015267,na
Q8IXQ5-4,144.0,80.97180556,confident,19.46308725,0.513190705,na
P24864-3,395.0,80.97146835,confident,96.34146341,0.905200075,na
Q86UA6-3,142.0,80.96908451,confident,64.84018265,0.326671592,na
O95551-2,392.0,80.96816327,confident,92.34693878,0.708489029,na
O00182-4,246.0,80.96711382,confident,60.86956522,0.724434734,na
Q9Y320-2,258.0,80.96430233,confident,86.82432432,0.658999872,na
O60256-3,320.0,80.9634375,confident,86.72086721,0.785480482,na
Q2M3R5-2,364.0,80.95950549,confident,99.7260274,0.876196825,na
P06239-3,539.0,80.95699443,confident,94.43413729,0.867600073,na
Q8IW40-2,98.0,80.95520408,confident,38.1147541,0.504990144,na
Q5TYM5-2,109.0,80.95073394,confident,72.48322148,0.555901398,na
Q14790-7,276.0,80.95028986,confident,56.15866388,0.609215339,na
P18577-10,312.0,80.94554487,confident,74.82014388,0.507319413,na
Q8IXH7-3,201.0,80.94422886,confident,31.01694915,0.454707783,na
Q9NQ25-5,296.0,80.94125,confident,77.8425656,0.74355219,na
Q9UK97-3,403.0,80.93975186,confident,90.15659955,0.691906656,na
Q9H6S1-4,243.0,80.93592593,confident,54.5,0.529078166,na
Q99627-2,160.0,80.932,confident,76.55502392,0.712534634,na
Q9H3K6-2,58.0,80.93155172,confident,62.79069767,0.773146595,na
P04637-9,214.0,80.93154206,confident,51.39949109,0.599553964,na
Q9P2X3-2,202.0,80.93118812,confident,63.125,0.572437442,na
Q8WWU5-4,470.0,80.92559574,confident,91.84890656,0.8649209,na
Q13356-2,527.0,80.92330171,confident,93.22033898,0.538589217,na
O76013-2,417.0,80.92323741,confident,88.86509636,0.704459591,na
Q5JU67-2,425.0,80.92011765,confident,72.31638418,0.505089902,na
P42081-3,323.0,80.91879257,confident,98.17629179,0.798629078,na
Q13324-5,370.0,80.91445946,confident,89.05109489,0.869528726,na
O15151-2,127.0,80.91299213,confident,22.65306122,0.482516061,na
Q8TED4-4,126.0,80.91285714,confident,25.1497006,0.466344976,na
Q6P2C8-2,275.0,80.91181818,confident,88.4244373,0.554400142,na
Q16653-13,295.0,80.91132203,confident,82.77027027,0.663421209,na
Q13555-4,529.0,80.91094518,confident,94.62365591,0.844111094,na
O00148-2,322.0,80.91006211,confident,68.11926606,0.828328697,na
Q96MP8-2,288.0,80.90131944,confident,99.65397924,0.807492421,na
Q6IEG0-2,147.0,80.90068027,confident,41.00294985,0.356363356,na
P46734-3,352.0,80.89789773,confident,94.60227273,0.880406806,na
O75019-2,289.0,80.89256055,confident,59.1002045,0.583687873,na
Q9BZM2-2,211.0,80.8921327,confident,79.62085308,0.814083408,na
P55344-2,215.0,80.88846512,confident,80.46511628,0.890668668,na
Q9NZ01-2,157.0,80.87974522,confident,50.97402597,0.73085455,na
P49788-2,228.0,80.87872807,confident,76.35135135,0.734078834,na
P36896-2,476.0,80.87863445,confident,90.11627907,0.623596032,na
P24752-2,162.0,80.87858025,confident,34.66042155,0.49315496,na
Q9Y2D2-3,220.0,80.87795455,confident,64.93902439,0.793445608,na
P04085-2,196.0,80.86964286,confident,91.50943396,0.752607226,na
B7ZAQ6-3,430.0,80.86948837,confident,94.50549451,0.936272562,na
Q6UWV2-2,223.0,80.86403587,confident,94.89361702,0.800626248,na
Q6UX41-3,340.0,80.86397059,confident,49.00181488,0.590118314,na
Q13639-2,387.0,80.86209302,confident,90.04975124,0.899732567,na
A2A288-4,321.0,80.86202492,confident,58.63377609,0.567404875,na
P04278-4,287.0,80.86069686,confident,71.39303483,0.643695,na
Q92187-2,168.0,80.85880952,confident,46.79665738,0.472815012,na
Q6UXB8-2,270.0,80.85348148,confident,58.31533477,0.626504825,na
Q6P9F5-2,229.0,80.84646288,confident,88.75968992,0.384581334,1
Q96JB5-4,531.0,80.84551789,confident,94.91525424,0.902437109,na
Q9H1R2-2,232.0,80.83853448,confident,48.17073171,0.563021416,na
Q9H336-2,314.0,80.83350318,confident,59.0,0.576067877,na
Q99933-4,230.0,80.83052174,confident,66.66666667,0.656267342,na
Q01518-2,474.0,80.82525316,confident,99.78947368,0.495228193,1
Q6PF05-3,397.0,80.82405542,confident,90.68010076,0.818356959,na
Q8WWW0-2,265.0,80.82226415,confident,54.18604651,0.577098005,na
Q8NEZ5-3,276.0,80.82039855,confident,65.7635468,0.731018335,na
Q9UHC3-3,549.0,80.82007286,confident,93.80692168,0.899330888,na
Q8N6G5-2,333.0,80.81375375,confident,60.11029412,0.556963473,na
O43557-2,204.0,80.80970588,confident,85.0,0.708894085,na
Q01081-2,240.0,80.80958333,confident,97.08333333,0.922045096,na
Q9Y5Z9-2,179.0,80.80134078,confident,52.07100592,0.623679301,na
Q6DN72-3,397.0,80.79392947,confident,88.24884793,0.697772439,na
Q96F85-2,128.0,80.7915625,confident,69.6969697,0.716940246,na
Q6UXS9-3,257.0,80.78941634,confident,74.78005865,0.824816034,na
Q8TBZ3-3,195.0,80.78610256,confident,26.48083624,0.574036251,na
Q9UIF7-5,522.0,80.78308429,confident,95.6043956,0.877751511,na
P02708-2,457.0,80.78050328,confident,94.81327801,0.895618427,na
Q6W5P4-4,377.0,80.77954907,confident,91.51193634,0.826820555,na
Q495N2-2,455.0,80.77810989,confident,78.47358121,0.846307208,na
Q6P461-3,506.0,80.7734585,confident,94.86166008,0.896389749,na
Q8TED0-2,328.0,80.76746951,confident,63.32046332,0.536873839,na
Q00325-2,361.0,80.76404432,confident,96.40883978,0.962987389,na
Q9UPT9-2,513.0,80.75859649,confident,89.64218456,0.924076886,na
Q86YT5-2,522.0,80.75829502,confident,91.90140845,0.892561346,na
P26641-2,487.0,80.75521561,confident,88.91170431,0.742318005,na
P15812-9,187.0,80.75358289,confident,45.12820513,0.526256439,na
Q969D9-2,63.0,80.7468254,confident,39.62264151,0.551967319,na
P42575-2,313.0,80.74645367,confident,62.31263383,0.468091754,na
Q01064-2,516.0,80.74565891,confident,93.84328358,0.854123124,na
Q9Y6K9-3,320.0,80.74525,confident,76.37231504,0.604407372,na
P07585-4,172.0,80.73889535,confident,47.91086351,0.454114874,na
Q15233-2,382.0,80.73767016,confident,81.10403397,0.658655406,na
Q8WU39-3,97.0,80.7357732,confident,46.84210526,0.590608551,na
O75783-2,373.0,80.73514745,confident,81.98198198,0.829620727,na
Q8TBF2-4,162.0,80.73277778,confident,81.81818182,0.730280758,na
P57772-2,569.0,80.72038664,confident,94.79865772,0.952836404,na
Q9Y2G5-1,424.0,80.71917453,confident,89.04109589,0.84120128,na
Q9Y4P8-2,425.0,80.71743529,confident,93.6123348,0.856618193,na
Q9Y587-3,135.0,80.71740741,confident,69.28104575,0.689154865,na
P35250-2,320.0,80.71353125,confident,90.39548023,0.864768952,na
Q9BUP0-2,143.0,80.71062937,confident,58.33333333,0.463083845,na
Q14520-2,534.0,80.7090824,confident,95.35714286,0.865388874,na
P30874-2,356.0,80.70817416,confident,89.83957219,0.875603898,na
Q6QHF9-6,69.0,80.70565217,confident,11.93737769,0.44578067,na
Q9NZN9-3,321.0,80.69732087,confident,83.59375,0.585935579,na
Q5T089-2,350.0,80.69322857,confident,69.41649899,0.636705034,na
Q8N7S2-2,104.0,80.69201923,confident,21.91780822,0.303666392,na
P20151-2,223.0,80.69,confident,81.6091954,0.776300735,na
Q9NYL4-2,146.0,80.68541096,confident,61.79245283,0.683849967,na
Q9H841-1,368.0,80.67328804,confident,89.28571429,0.826012979,na
Q6NUK4-2,146.0,80.67294521,confident,54.90196078,0.727889898,na
P53805-4,117.0,80.66735043,confident,46.42857143,0.369515302,na
O15194-2,265.0,80.66324528,confident,96.01449275,0.755334969,na
Q9NRC1-7,399.0,80.66165414,confident,67.52136752,0.570768738,na
O75469-4,397.0,80.65806045,confident,91.47465438,0.592175145,na
Q7Z7H5-3,186.0,80.65274194,confident,79.29515419,0.777831917,na
Q8WWY3-2,364.0,80.65164835,confident,67.52988048,0.711374971,na
Q6UXZ0-2,218.0,80.64944954,confident,81.67938931,0.781015966,na
Q9NYR9-3,135.0,80.64777778,confident,70.68062827,0.708928288,na
Q8N9I9-2,350.0,80.64754286,confident,97.71428571,0.461864463,1
Q6UX01-2,487.0,80.64449692,confident,99.59100204,0.974135943,na
P55075-4,244.0,80.64336066,confident,95.49180328,0.764118768,na
Q9NVN3-4,258.0,80.63767442,confident,44.9905482,0.634910826,na
Q9H1R2-3,235.0,80.63634043,confident,46.98795181,0.558348251,na
O00422-2,172.0,80.63610465,confident,88.95348837,0.86037103,na
O43913-2,324.0,80.63598765,confident,68.96551724,0.793497452,na
Q9Y282-2,230.0,80.63530435,confident,59.53002611,0.570864173,na
P51685-2,272.0,80.63308824,confident,75.21126761,0.74353158,na
Q5VTY9-2,453.0,80.62556291,confident,75.9469697,0.872368037,na
Q9UNW8-3,371.0,80.62242588,confident,97.10526316,0.856348944,na
Q08209-3,469.0,80.61654584,confident,90.01919386,0.755066585,na
Q5EBL4-2,362.0,80.61549724,confident,81.40096618,0.581262384,na
Q969R8-2,147.0,80.6152381,confident,30.75221239,0.595101386,na
O76036-5,197.0,80.61390863,confident,62.17105263,0.434139867,na
Q9UPQ4-2,493.0,80.61326572,confident,87.6984127,0.492288391,1
Q9BTY2-2,165.0,80.60854545,confident,31.04925054,0.538050758,na
P24071-11,253.0,80.60612648,confident,88.1533101,0.636170276,na
Q9Y2M2-2,375.0,80.59896,confident,82.6873385,0.830394479,na
O43852-4,323.0,80.59733746,confident,90.40247678,0.732451986,na
Q9HA47-3,268.0,80.59533582,confident,96.75090253,0.837671126,na
Q9NP72-3,142.0,80.59119718,confident,68.93203883,0.664724125,na
Q9Y679-3,373.0,80.58686327,confident,88.29268293,0.857824232,na
A5D8V7-2,541.0,80.58602588,confident,85.36184211,0.291493816,1
Q7Z5Y7-3,274.0,80.58313869,confident,65.39379475,0.664670273,na
Q8WW43-2,216.0,80.57953704,confident,84.04669261,0.807406668,na
Q14994-15,296.0,80.57317568,confident,76.04456825,0.497127845,1
Q9BYG4-2,107.0,80.57074766,confident,26.86170213,0.509861653,na
Q9H2R5-4,171.0,80.56725146,confident,66.796875,0.671470757,na
Q16342-2,195.0,80.56282051,confident,54.36046512,0.558827565,na
Q4G0J3-2,214.0,80.5621028,confident,36.76975945,0.542537965,na
Q14141-3,267.0,80.55426966,confident,60.59907834,0.766188677,na
Q5T9L3-2,543.0,80.55145488,confident,91.42857143,0.94596522,na
O14717-6,107.0,80.54925234,confident,15.0,0.492929373,na
Q8N3G9-2,423.0,80.54208038,confident,97.24137931,0.772594782,na
Q9GZU7-2,260.0,80.54096154,confident,99.61685824,0.831641271,na
Q9NXT0-3,359.0,80.53562674,confident,89.30348259,0.710696631,na
Q13137-5,374.0,80.53505348,confident,83.85650224,0.553693018,na
Q06609-2,242.0,80.5318595,confident,71.38643068,0.610620463,na
Q15223-2,458.0,80.52735808,confident,70.32755299,0.709342085,na
P32121-5,394.0,80.52456853,confident,96.33251834,0.855661077,na
Q14626-2,390.0,80.52402564,confident,92.41706161,0.700062967,na
Q70IA6-3,268.0,80.51902985,confident,86.19402985,0.841023857,na
Q8NFV4-6,258.0,80.5174031,confident,81.9047619,0.437861769,1
O96000-2,168.0,80.51422619,confident,77.52808989,0.850681486,na
Q9BUK0-4,110.0,80.50618182,confident,77.27272727,0.858911915,na
P30988-3,427.0,80.50360656,confident,90.08438819,0.781954244,na
Q16342-3,311.0,80.50327974,confident,90.40697674,0.820983621,na
Q969S0-2,231.0,80.50212121,confident,67.67371601,0.731734734,na
O00541-2,583.0,80.49814751,confident,99.14965986,0.932684998,na
Q9H2U2-3,305.0,80.49314754,confident,91.31736527,0.842690979,na
Q9H6Y2-2,165.0,80.49242424,confident,43.08093995,0.590298461,na
Q9Y6M1-1,556.0,80.48061151,confident,92.82136895,0.491121201,1
Q7Z7D3-2,166.0,80.47614458,confident,58.86524823,0.563942587,na
Q9UHJ9-2,315.0,80.46180952,confident,80.63492063,0.865964153,na
Q53F39-5,256.0,80.45925781,confident,57.32009926,0.729315131,na
Q92985-3,164.0,80.45579268,confident,30.61630219,0.511325813,na
Q5QGZ9-5,213.0,80.45370892,confident,80.37735849,0.532339422,na
P48546-2,419.0,80.44809069,confident,85.92750533,0.876376778,na
O00141-3,445.0,80.44350562,confident,90.90909091,0.86916668,na
Q6NXP6-2,250.0,80.44216,confident,61.33333333,0.794280796,na
Q8N434-2,340.0,80.44114706,confident,68.15415822,0.818195703,na
O76036-3,209.0,80.43200957,confident,68.75,0.391950981,na
Q8TB03-2,200.0,80.4291,confident,62.69592476,0.373729589,na
P61244-4,134.0,80.42738806,confident,55.97826087,0.669851328,na
Q9BTZ2-3,158.0,80.42607595,confident,56.83453237,0.470144184,na
Q86TN4-3,216.0,80.42324074,confident,84.98023715,0.865015282,na
Q9HC97-2,340.0,80.42035294,confident,90.88235294,0.925175723,na
P24046-3,392.0,80.41852041,confident,81.83716075,0.785252818,na
P85298-4,433.0,80.4156351,confident,93.31896552,0.891067881,na
Q96GR4-3,322.0,80.41285714,confident,82.91925466000001,0.904903823,na
O95388-5,195.0,80.4125641,confident,45.77656676,0.605568125,na
P16949-2,174.0,80.40988506,confident,69.51871658,0.721848866,na
Q9NVA4-2,261.0,80.40306513,confident,59.5890411,0.742484216,na
P55259-3,534.0,80.4008427,confident,99.44134078,0.616174816,na
Q7KZN9-2,388.0,80.4003866,confident,87.23404255,0.851268466,na
P35613-4,205.0,80.38829268,confident,51.16883117,0.606973199,na
P36544-3,102.0,80.38558824,confident,16.73306773,0.311237748,na
Q9GZT9-3,325.0,80.37655385,confident,73.4741784,0.640646538,na
Q9H2U2-6,232.0,80.37573276,confident,69.46107784,0.729114002,na
P15812-4,321.0,80.37165109,confident,82.73195876,0.61694407,na
Q15560-2,272.0,80.36889706,confident,90.96989967,0.60336049,na
Q9BZV1-2,388.0,80.36801546,confident,87.98185941,0.884065201,na
Q8N8Q9-2,341.0,80.3673607,confident,94.44444444,0.922313656,na
Q8N2F6-4,249.0,80.36301205,confident,72.59475219,0.501265348,na
P08174-4,364.0,80.36085165,confident,94.75065617,0.764559435,na
Q9UN42-2,353.0,80.35968839,confident,98.87955182,0.876042384,na
P13726-2,238.0,80.35747899,confident,66.88741722,0.732351052,na
Q9GZU7-3,260.0,80.35638462,confident,93.89312977,0.780491634,na
Q9H4A9-3,258.0,80.35356589,confident,51.02880658,0.55519839,na
Q8NFZ5-2,322.0,80.35347826,confident,75.05827506,0.439965564,1
P48664-2,312.0,80.35230769,confident,55.31914894,0.628580111,na
P54750-3,501.0,80.34666667,confident,86.58088235,0.77779288,na
Q96LD1-2,312.0,80.34625,confident,95.83333333,0.653462526,na
P32297-1,504.0,80.34353175,confident,99.00990099,0.856611293,na
Q96IY4-2,360.0,80.33961111,confident,80.13856813,0.84024664,na
Q9UHI5-2,332.0,80.33909639,confident,62.05607477,0.734386159,na
Q9H6J7-4,326.0,80.33300613,confident,81.03448276,0.835245337,na
Q9H6X2-3,297.0,80.33090909,confident,47.30434783,0.642667155,na
Q8IZ96-16,71.0,80.32422535,confident,33.33333333,0.51960672,na
Q92551-2,276.0,80.32413043,confident,62.58503401,0.741956735,na
O95639-3,243.0,80.32403292,confident,90.33457249,0.704501702,na
Q03060-9,108.0,80.32361111,confident,25.79710145,0.431936791,na
P07585-3,212.0,80.32198113,confident,59.05292479,0.595765758,na
P18577-5,372.0,80.31865591,confident,83.68298368,0.874049822,na
Q8TDN1-2,256.0,80.31160156,confident,48.56046065,0.598214067,na
Q01638-3,259.0,80.30633205,confident,36.64921466,0.587539347,na
Q03405-3,290.0,80.30558621,confident,86.26865672,0.783291326,na
O14931-6,152.0,80.30315789,confident,70.64676617,0.694920417,na
Q9UHC3-4,407.0,80.30255528,confident,66.12021858,0.792267549,na
O75955-2,379.0,80.30079156,confident,88.7587822,0.370909354,1
Q14451-4,498.0,80.30058233,confident,93.60902256,0.803260566,na
P31751-2,438.0,80.29150685,confident,91.06029106,0.668965766,na
P30988-6,290.0,80.28544828,confident,54.69387755,0.668495695,na
P31994-2,291.0,80.28412371,confident,93.87096774,0.745366426,na
P48788-2,182.0,80.27912088,confident,97.8021978,0.649445661,na
Q96GS6-2,361.0,80.27842105,confident,85.87257618,0.897800772,na
Q9UI10-3,522.0,80.27678161,confident,99.80879541,0.734073943,na
Q9Y5K3-2,330.0,80.2740303,confident,87.53387534,0.796623049,na
Q96M93-3,558.0,80.27252688,confident,96.875,0.764282902,na
P04637-5,302.0,80.27046358,confident,74.55470738,0.658062955,na
Q9UJT1-3,199.0,80.27025126,confident,43.92935982,0.627500728,na
Q8TAC1-2,210.0,80.269,confident,74.76190476,0.852519296,na
Q9P016-2,166.0,80.26445783,confident,72.44444444,0.638591221,na
O96013-2,426.0,80.26150235,confident,71.91201354,0.651994017,na
Q8NCF0-2,339.0,80.25693215,confident,73.99103139,0.537213033,na
P01732-2,198.0,80.25575758,confident,83.82978723,0.639850857,na
Q9BY67-4,453.0,80.25313466,confident,97.57174393,0.655218663,na
O14519-2,87.0,80.25206897,confident,75.65217391,0.604573419,na
Q13555-11,539.0,80.24493506,confident,89.29188256,0.860290385,na
Q86SG2-2,263.0,80.24095057,confident,86.2295082,0.594371993,na
Q9H8M7-2,136.0,80.24088235,confident,30.56179775,0.468334539,na
Q9H239-2,130.0,80.23769231,confident,24.42307692,0.358922214,na
P52434-5,86.0,80.23372093,confident,56.66666667,0.666008803,na
O75771-5,328.0,80.23033537,confident,96.04863222,0.863850932,na
P15812-6,286.0,80.22821678,confident,73.45360825,0.461999798,1
Q8IYS5-7,286.0,80.22622378,confident,98.6013986,0.666083272,na
Q9BUT1-2,173.0,80.22606936,confident,58.96414343,0.753301681,na
O75888-3,247.0,80.22441296,confident,98.4,0.624592981,na
O60880-6,62.0,80.2233871,confident,39.0625,0.615523567,na
Q9NZI8-2,438.0,80.22111872,confident,75.90987868,0.478233801,1
Q9NVJ2-2,163.0,80.2201227,confident,64.64646465,0.614447678,na
Q14318-2,413.0,80.21934625,confident,99.75786925,0.764174074,na
Q9H0B8-5,120.0,80.21291667,confident,24.14486922,0.376740785,na
Q6ZQR2-2,284.0,80.20042254,confident,88.75,0.231604756,1
Q16181-2,436.0,80.19940367,confident,99.77116705,0.686222661,na
P61073-2,356.0,80.19839888,confident,97.47191011,0.925115416,na
P43034-2,147.0,80.19727891,confident,35.6097561,0.463085721,na
Q9NVH6-2,376.0,80.18856383,confident,77.98165138,0.794963343,na
Q9H8S9-2,148.0,80.18432432,confident,64.35185185,0.739691438,na
P60153-2,210.0,80.18304762,confident,97.61904762,0.751391485,na
P49459-2,122.0,80.1795082,confident,80.26315789,0.854423576,na
Q86YW5-2,199.0,80.17738693,confident,62.05787781,0.527192359,na
P84022-2,381.0,80.17737533,confident,84.34579439,0.769448327,na
P82673-2,194.0,80.17608247,confident,55.07692308,0.609140596,na
P35462-3,367.0,80.17588556,confident,91.5,0.826101576,na
Q86YT5-3,551.0,80.17462795,confident,97.00704225,0.919432319,na
Q8TB03-3,155.0,80.17445161,confident,37.87878788,0.523919167,na
Q15370-2,161.0,80.17403727,confident,72.67080745,0.79832751,na
Q13137-2,404.0,80.1719802,confident,90.58295964,0.422496963,1
O95954-4,158.0,80.16924051,confident,23.54014599,0.546293742,na
P27824-3,484.0,80.16568182,confident,81.75675676,0.746369061,na
Q8IU85-2,357.0,80.16442577,confident,90.38961039,0.882504404,na
P54750-4,545.0,80.16236697,confident,95.96330275,0.843633372,na
Q8N5J2-2,327.0,80.16042813,confident,69.7228145,0.659498616,na
Q9NRW1-2,195.0,80.15528205,confident,89.90384615,0.793178238,na
Q8N6V9-2,316.0,80.15515823,confident,80.81841432,0.719027344,na
Q13829-2,212.0,80.15429245,confident,67.08860759,0.654036452,na
O14662-6,272.0,80.15371324,confident,83.69230769,0.668059173,na
Q9UBG7-2,516.0,80.15133721,confident,99.8065764,0.9271692,na
Q9NZD1-3,323.0,80.14842105,confident,85.55240793,0.829380186,na
Q495C1-3,192.0,80.14838542,confident,64.64646465,0.618668613,na
Q9NP55-2,242.0,80.14780992,confident,94.53125,0.90082964,na
Q6P4F1-2,520.0,80.14688462,confident,91.92307692,0.855771913,na
Q13555-7,533.0,80.14362101,confident,92.23985891,0.886290642,na
Q4JDL3-3,392.0,80.14260204,confident,88.7587822,0.814334546,na
Q9UHD1-2,313.0,80.14083067,confident,94.27710843,0.584446978,na
P78310-6,352.0,80.13778409,confident,93.69863014,0.81344204,na
Q14141-4,429.0,80.13741259,confident,98.38709677,0.939897809,na
P20827-2,183.0,80.13644809,confident,89.26829268,0.716974266,na
Q9H4E5-2,192.0,80.13578125,confident,89.71962617,0.763190408,na
A6NFY4-2,138.0,80.13065217,confident,32.37410072,0.418551653,na
Q8TDW4-6,538.0,80.13065056,confident,90.25641026,0.773891725,na
P10966-2,221.0,80.12819005,confident,93.66515837,0.766066333,na
Q9Y2H1-2,371.0,80.12498652,confident,79.95689655,0.819261559,na
Q9H0E2-2,205.0,80.11868293,confident,74.81751825,0.59268334,na
Q9UH17-2,251.0,80.11593625,confident,51.62907268,0.653062158,na
Q9BZJ3-2,233.0,80.11227468,confident,96.28099174,0.806066153,na
Q92569-3,366.0,80.11163934,confident,79.39262473,0.293744185,1
Q9H4I3-2,330.0,80.11157576,confident,87.76595745,0.886836907,na
A6NFN9-1,424.0,80.10974057,confident,81.87250996,0.795624347,na
O00560-3,292.0,80.10835616,confident,97.98657718,0.712578071,na
Q6ZP29-3,226.0,80.1079646,confident,77.66323024,0.670102158,na
Q8IYV9-2,194.0,80.10304124,confident,49.28774929,0.641118923,na
Q9GZZ7-3,182.0,80.10126374,confident,41.07142857,0.541488182,na
Q9UIY3-2,238.0,80.10029412,confident,77.73972603,0.826447833,na
Q16534-2,210.0,80.09995238,confident,71.18644068,0.634978651,na
Q9UJ68-4,195.0,80.09969231,confident,82.9787234,0.784059088,na
P31994-5,290.0,80.09906897,confident,93.5483871,0.676183481,na
Q05513-3,488.0,80.09807377,confident,81.41891892,0.716040749,na
Q9NUM3-3,232.0,80.09375,confident,75.24429967,0.706049095,na
Q9BXD5-2,301.0,80.09106312,confident,70.9039548,0.810986979,na
Q9UK41-2,233.0,80.08939914,confident,73.91304348,0.465102278,1
P54750-8,511.0,80.08843444,confident,82.85198556,0.782839172,na
Q8NA47-2,523.0,80.08432122,confident,92.89520426,0.559747832,na
Q8WW34-2,152.0,80.07625,confident,77.94871795,0.547260301,na
Q8TDQ1-4,194.0,80.07386598,confident,43.9628483,0.527056095,na
Q9BUK6-4,99.0,80.07262626,confident,17.01754386,0.4427023,na
Q5UCC4-2,254.0,80.07106299,confident,85.60885609,0.733616901,na
O75575-4,71.0,80.07070423,confident,45.94594595,0.514627439,na
A6NKQ9-2,155.0,80.0636129,confident,81.81818182,0.710282673,na
Q9H0S4-2,406.0,80.0612069,confident,89.23076923,0.824261329,na
Q9NWS1-3,172.0,80.05726744,confident,28.79310345,0.536482362,na
Q8N2F6-6,225.0,80.05675556,confident,65.59766764,0.609382208,na
P52798-2,193.0,80.05466321,confident,73.18181818,0.724806245,na
P04637-6,307.0,80.052443,confident,75.06361323,0.673751718,na
Q6GTX8-4,209.0,80.04229665,confident,72.82229965,0.670185688,na
Q9NSP4-2,132.0,80.04212121,confident,54.35897436,0.690799588,na
P54750-7,536.0,80.03445896,confident,87.36654804,0.82989073,na
O00499-9,409.0,80.02464548,confident,68.97133221,0.670086543,na
Q9H1X3-3,153.0,80.02045752,confident,31.63538874,0.326762516,na
Q96DX5-3,252.0,80.01996032,confident,81.39534884,0.730337497,na
P15509-5,377.0,80.01628647,confident,72.85067873,0.763251347,na
Q9BYG5-2,115.0,80.01547826,confident,27.15053763,0.512414069,na
O60858-3,410.0,80.01353659,confident,99.26829268,0.470485469,1
Q9UMX3-2,134.0,80.0130597,confident,63.20754717,0.600284344,na
P17181-4,488.0,80.01178279,confident,87.61220826,0.737150917,na
Q8IUF8-3,211.0,80.01104265,confident,43.87096774,0.596702361,na
Q8IW41-2,471.0,80.00352442,confident,99.57716702,0.804886712,na
Q13324-6,366.0,79.99445355,confident,89.05109489,0.837961884,na
Q9NVH1-3,507.0,79.99364892,confident,90.69767442,0.502813046,na
Q9GZT3-2,107.0,79.99252336,confident,98.16513761,0.825419323,na
Q9UIF7-4,532.0,79.98934211,confident,97.43589744,0.838720881,na
Q8WXI3-3,452.0,79.98663717,confident,81.4893617,0.869537811,na
O95260-2,518.0,79.98544402,confident,94.59459459,0.837108986,na
P78334-2,365.0,79.97345205,confident,71.93675889,0.798848064,na
P37173-2,592.0,79.97336149,confident,95.60810811,0.605838237,na
P52565-2,160.0,79.9728125,confident,77.94117647,0.835719868,na
Q12904-2,336.0,79.97232143,confident,92.85714286,0.726349855,na
Q9P2U7-3,548.0,79.97182482,confident,96.78571429,0.893883712,na
Q8IUQ0-2,167.0,79.9691018,confident,42.22222222,0.671394464,na
Q15758-2,339.0,79.96775811,confident,62.47689464,0.684533486,na
Q9BYM8-4,230.0,79.96773913,confident,39.45841393,0.347580977,na
Q8NES3-3,361.0,79.96742382,confident,94.4591029,0.820881144,na
P51148-2,249.0,79.96594378,confident,86.74698795,0.883147059,na
Q96G97-3,287.0,79.9541115,confident,60.09975062,0.54946971,na
Q96CS7-5,178.0,79.94702247,confident,64.75770925,0.595625193,na
Q00887-2,402.0,79.94402985,confident,65.65656566,0.452928909,na
Q8IVS2-2,180.0,79.94133333,confident,44.61538462,0.501890539,na
P52823-2,178.0,79.93865169,confident,72.06477733,0.571066402,na
Q9NVX7-2,534.0,79.93580524,confident,97.00374532,0.75353177,na
Q96NT5-2,431.0,79.93048724,confident,93.89978214,0.934964896,na
Q6XPS3-7,488.0,79.92403689,confident,88.84688091,0.894388876,na
Q969I3-2,333.0,79.9221021,confident,82.5443787,0.935450266,na
Q07812-8,179.0,79.91396648,confident,93.22916667,0.843160958,na
O43674-2,137.0,79.91014599,confident,72.48677249,0.699387106,na
Q9NUQ3-2,396.0,79.90901515,confident,75.0,0.517051472,na
P15927-2,278.0,79.90892086,confident,95.68345324,0.841113982,na
Q8TD46-3,165.0,79.90521212,confident,44.47761194,0.644915924,na
O15105-2,211.0,79.90436019,confident,49.53051643,0.588554264,na
Q96BZ9-3,428.0,79.90294393,confident,93.92523364,0.752660447,na
P78348-3,562.0,79.90290036,confident,72.4738676,0.822335565,na
P20333-2,268.0,79.89921642,confident,56.8329718,0.565780535,na
Q13555-9,542.0,79.89097786,confident,93.82716049,0.834809673,na
Q9H0V9-3,214.0,79.88649533,confident,51.2465374,0.5804079,na
P26436-10,121.0,79.88570248,confident,45.66037736,0.581055489,na
P01241-3,179.0,79.88502793,confident,82.48847926,0.70535562,na
P43897-3,167.0,79.88473054,confident,49.53846154,0.499362066,na
Q86X40-2,312.0,79.88246795,confident,80.48780488,0.703226025,na
P55211-3,154.0,79.88220779,confident,36.29807692,0.454744765,na
Q9UJX2-2,151.0,79.87827815,confident,21.40468227,0.507730814,na
Q53H12-2,65.0,79.87369231,confident,11.61137441,0.328082463,na
Q9Y2I2-4,480.0,79.87145833,confident,81.71846435,0.68822309,na
Q6UWQ5-2,194.0,79.86505155,confident,76.28865979,0.848348721,na
Q8TED0-3,499.0,79.86430862,confident,96.33204633,0.666549048,na
Q9BTE1-2,152.0,79.86105263,confident,82.41758242,0.90323996,na
Q15973-2,156.0,79.85967949,confident,38.46153846,0.435357878,na
P61236-2,157.0,79.85878981,confident,75.79617834,0.801795868,na
Q5TZF3-1,282.0,79.85460993,confident,94.32624113,0.807313418,na
Q92754-2,281.0,79.85302491,confident,62.44444444,0.640833678,na
Q96JB5-2,419.0,79.85066826,confident,79.0513834,0.804818511,na
Q9BTZ2-5,199.0,79.84748744,confident,71.58273381,0.729107399,na
Q9BYD3-2,263.0,79.84406844,confident,76.54320988,0.753506676,na
Q9H2V7-3,454.0,79.83918502,confident,85.98484848,0.555381503,na
Q9UNT1-2,229.0,79.83751092,confident,99.56331878,0.971814604,na
Q9C029-1,221.0,79.83425339,confident,40.90019569,0.387414045,na
P48059-3,387.0,79.83062016,confident,83.97932817,0.480374417,1
Q9NQQ7-3,394.0,79.82713198,confident,92.63959391,0.882743097,na
P78539-4,379.0,79.82546174,confident,79.52586207,0.708472412,na
O75920-2,62.0,79.81774194,confident,38.18181818,0.378188868,na
Q8N126-3,352.0,79.81372159,confident,88.19095477,0.430839806,1
P78381-2,393.0,79.81368957,confident,98.23677582,0.922250856,na
Q14142-3,406.0,79.81364532,confident,87.33031674,0.538892668,na
P41146-2,365.0,79.81265753,confident,98.64864865,0.816253015,na
Q86SG7-2,178.0,79.80955056,confident,82.0754717,0.740349456,na
P55055-2,363.0,79.80013774,confident,78.69565217,0.636883062,na
Q7RTY3-2,228.0,79.79890351,confident,86.92307692,0.787930607,na
Q86TP1-2,386.0,79.79694301,confident,84.98896247,0.5796112,na
Q9Y570-2,199.0,79.7938191,confident,51.55440415,0.559206523,na
Q6ZMY6-2,426.0,79.79119718,confident,87.92372881,0.775365392,na
Q02161-5,396.0,79.79045455,confident,86.5248227,0.862234557,na
Q8IZ96-11,33.0,79.78969697,confident,15.97633136,0.193616821,na
Q5T9G4-2,367.0,79.78771117,confident,92.64305177,0.782646413,na
O95084-2,351.0,79.78333333,confident,91.64490862,0.827754968,na
Q13568-6,147.0,79.77972789,confident,23.03262956,0.544892196,na
Q9NUJ1-3,205.0,79.7777561,confident,62.45954693,0.572339616,na
P18577-6,395.0,79.77475949,confident,81.81818182,0.853379246,na
O60828-4,170.0,79.77394118,confident,64.1509434,0.328035761,na
Q9Y2U2-3,257.0,79.77178988,confident,79.47882736,0.813539401,na
P35052-2,287.0,79.77174216,confident,42.70462633,0.691396158,na
Q8IZ96-12,45.0,79.77066667,confident,15.11627907,0.451104903,na
O43852-9,154.0,79.77064935,confident,48.88888889,0.393634455,na
Q9UK97-2,437.0,79.76409611,confident,97.53914989,0.6807822,na
Q6UW56-3,284.0,79.76352113,confident,80.63380282,0.819091798,na
P29972-4,154.0,79.75909091,confident,52.38095238,0.647030232,na
Q9BUE6-2,176.0,79.75244318,confident,73.29545455,0.809919678,na
Q495N2-3,511.0,79.7439726,confident,91.97651663,0.909915295,na
Q9HC98-3,331.0,79.74377644,confident,94.56193353,0.8798981,na
P43351-4,118.0,79.74194915,confident,23.1678487,0.476191999,na
Q9NP87-2,457.0,79.74063457,confident,86.51911469,0.669970553,na
Q96GE6-2,120.0,79.73116667,confident,61.2244898,0.744657363,na
Q7Z5L0-2,70.0,79.73042857,confident,32.17821782,0.265036613,na
Q96LA6-3,366.0,79.72601093,confident,78.55477855,0.748387286,na
Q9C0B1-3,60.0,79.725,confident,10.4950495,0.492011814,na
Q7Z4W2-2,194.0,79.72242268,confident,76.28865979,0.836383151,na
Q32NB8-3,330.0,79.72075758,confident,58.81294964,0.653467167,na
Q9NYZ4-3,431.0,79.71777262,confident,83.30019881,0.73862037,na
Q9UBK7-2,229.0,79.70899563,confident,99.56331878,0.841506742,na
Q9H6S1-3,228.0,79.70657895,confident,54.52261307,0.485948987,na
Q12974-3,136.0,79.70617647,confident,81.43712575,0.847497027,na
P39905-5,159.0,79.70515723,confident,75.35545024,0.528828874,na
Q9Y2U2-2,252.0,79.70305556,confident,79.15309446,0.866116314,na
O15232-2,444.0,79.70063063,confident,91.35802469,0.566518352,na
Q96H22-5,305.0,79.70003279,confident,89.97050147,0.820910311,na
Q96MU8-3,458.0,79.69768559,confident,96.0,0.711885092,na
O43852-8,201.0,79.69761194,confident,56.50793651,0.546877406,na
Q9HBL6-2,269.0,79.69702602,confident,77.97101449,0.665002295,na
Q99640-4,430.0,79.69655814,confident,85.37074148,0.743860461,na
P24071-9,179.0,79.68815642,confident,62.36933798,0.507450716,na
Q9H1Q7-4,152.0,79.68782895,confident,29.95594714,0.548921089,na
Q9Y6M4-5,348.0,79.68715517,confident,74.50549451,0.705772758,na
Q8N126-2,432.0,79.67921296,confident,92.12962963,0.712525013,na
Q13291-2,298.0,79.67399329,confident,86.30952381,0.808426654,na
Q86V88-3,122.0,79.67196721,confident,45.27363184,0.652826789,na
P10966-7,180.0,79.66988889,confident,85.71428571,0.711242914,na
Q9HD47-2,146.0,79.66917808,confident,78.49462366,0.859678624,na
Q9UM11-2,493.0,79.66693712,confident,99.39516129,0.741429567,na
Q6P656-2,199.0,79.6618593,confident,56.31067961,0.740852238,na
Q9Y343-2,159.0,79.66106918,confident,87.5739645,0.72768752,na
O60609-2,369.0,79.65859079,confident,92.25,0.550003452,na
Q92913-5,226.0,79.65699115,confident,77.2,0.681392291,na
Q96HE8-2,160.0,79.6553125,confident,74.07407407,0.72847743,na
P49662-2,321.0,79.65317757,confident,85.14588859,0.776616666,na
O75469-3,457.0,79.64853392,confident,94.74835886,0.724056498,na
P46098-2,510.0,79.648,confident,93.7254902,0.864364554,na
Q7Z2E3-5,288.0,79.64715278,confident,80.8988764,0.63135882,na
O75426-4,568.0,79.6468838,confident,97.75862069,0.79703913,na
Q9NZR1-2,315.0,79.64666667,confident,89.74358974,0.354277296,1
P27105-2,123.0,79.64300813,confident,42.70833333,0.335300489,na
Q5JT25-2,221.0,79.64276018,confident,99.54954955,0.863015332,na
P07288-5,227.0,79.64264317,confident,82.37547893,0.7851499749999999,na
O75648-3,222.0,79.64117117,confident,42.78959811,0.579835204,na
Q9UN36-4,328.0,79.6395122,confident,88.4097035,0.421305393,1
O96013-3,438.0,79.63719178,confident,74.11167513,0.611223015,na
Q16627-2,109.0,79.6359633,confident,84.40366972,0.655212001,na
Q03181-2,361.0,79.63,confident,81.40589569,0.764716783,na
Q969W1-3,338.0,79.62860947,confident,89.65517241,0.704569496,na
Q92692-2,479.0,79.62841336,confident,70.87912088,0.701668218,na
Q01105-2,277.0,79.62805054,confident,89.65517241,0.802796417,na
Q8WUA7-4,470.0,79.62008511,confident,90.90909091,0.706549101,na
Q92629-3,256.0,79.61984375,confident,80.06756757,0.72594288,na
P0CAP1-8,379.0,79.61957784,confident,80.25751073,0.604251275,na
P24071-2,265.0,79.6114717,confident,92.33449477,0.608786113,na
O95639-2,244.0,79.60889344,confident,90.7063197,0.707041975,na
P48549-2,235.0,79.60876596,confident,46.70658683,0.628582276,na
Q9H579-2,876.0,79.60699772,confident,46.27831715,0.448641484,na
Q92993-2,461.0,79.60308026,confident,89.86354776,0.760986712,na
P28472-3,402.0,79.60223881,confident,83.08668076,0.83055999,na
Q8TDW4-8,321.0,79.60015576,confident,51.46299484,0.645574483,na
P41235-7,395.0,79.59944304,confident,72.59713701,0.591886854,na
Q5EG05-2,97.0,79.59618557,confident,46.70050761,0.71898618,na
Q6P4F1-3,357.0,79.58935574,confident,56.21414914,0.739426764,na
Q6UX01-3,469.0,79.58861407,confident,95.91002045,0.932063078,na
Q96DR4-2,159.0,79.58830189,confident,64.95327103,0.849442489,na
P55957-4,99.0,79.57808081,confident,50.76923077,0.681530505,na
Q9NTN3-2,260.0,79.57461538,confident,65.22911051,0.77466257,na
P05155-3,505.0,79.57027723,confident,99.00990099,0.940677214,na
P53367-2,341.0,79.56941349,confident,91.42091153,0.760278473,na
Q9H0R8-2,146.0,79.55294521,confident,69.8630137,0.856378866,na
O43236-5,331.0,79.54851964,confident,69.24686192,0.711483621,na
P24468-2,281.0,79.54729537,confident,64.97584541,0.70603775,na
Q7Z434-2,138.0,79.54543478,confident,19.7080292,0.470731493,na
Q9Y6W5-2,281.0,79.54508897,confident,55.02008032,0.574936417,na
P49354-2,312.0,79.54278846,confident,82.32189974,0.784132158,na
P49336-2,463.0,79.54088553,confident,99.78448276,0.788651061,na
Q8N6Y2-2,313.0,79.54054313,confident,70.06802721,0.45574685,1
Q96PB7-2,235.0,79.53889362,confident,46.0251046,0.268583742,na
Q9NQ25-4,165.0,79.53630303,confident,38.2183908,0.516450608,na
Q6UX41-5,347.0,79.53319885,confident,48.38709677,0.611602333,na
Q99733-2,386.0,79.53103627,confident,96.89119171,0.924225704,na
Q03060-11,109.0,79.52633028,confident,29.85507246,0.469201229,na
Q9BW66-2,118.0,79.52398305,confident,48.58490566,0.581042372,na
P46098-5,516.0,79.52296512,confident,92.63565891,0.894938021,na
Q9BRL7-2,250.0,79.5136,confident,77.34627832,0.641151687,na
Q9BX73-2,171.0,79.51350877,confident,67.75700935,0.744547346,na
Q8N3G9-3,321.0,79.51161994,confident,73.79310345,0.602703184,na
Q13825-2,310.0,79.51129032,confident,91.44542773,0.749779577,na
P13861-2,382.0,79.50997382,confident,94.55445545,0.794433155,na
P45378-4,250.0,79.50972,confident,89.21933086,0.687326395,na
P30988-4,443.0,79.50835214,confident,87.14285714,0.844596137,na
Q8N5J2-4,374.0,79.50796791,confident,79.74413645999999,0.68963271,na
Q86UA6-9,148.0,79.50783784,confident,65.29680365,0.319441288,na
O60443-3,332.0,79.50433735,confident,66.93548387,0.662484193,na
Q9NVZ3-3,172.0,79.50331395,confident,59.92647059,0.725626648,na
Q9UIF7-3,535.0,79.50293458,confident,97.98534799,0.894551772,na
P57727-3,344.0,79.50165698,confident,69.24731183,0.580084428,na
Q08AI8-3,279.0,79.50150538,confident,61.74496644,0.75489881,na
Q8TCI5-3,158.0,79.50113924,confident,82.72251309,0.25993869,1
Q8TD07-6,280.0,79.49782143,confident,93.92857143,0.67241626,na
P55061-2,295.0,79.49698305,confident,80.33898305,0.888251263,na
Q8WUA7-2,439.0,79.49473804,confident,84.91295938,0.815801659,na
O00232-2,436.0,79.49440367,confident,95.61403509,0.900727658,na
P49763-3,170.0,79.49294118,confident,66.96428571,0.548214462,na
A9UHW6-3,263.0,79.49269962,confident,84.41064639,0.810900712,na
Q9Y4P8-4,436.0,79.49094037,confident,96.03524229,0.933428928,na
Q6IEE8-2,617.0,79.4871637,confident,94.65153971,0.867300725,na
Q9H074-2,400.0,79.4814,confident,83.50730689,0.694694851,na
O15245-2,506.0,79.4708498,confident,83.42151675,0.86586986,na
P45379-5,297.0,79.46929293,confident,99.66442953,0.854709715,na
Q9NZC7-3,189.0,79.46481481,confident,40.99526066,0.32233071,na
Q16515-2,563.0,79.46369449,confident,70.03484321,0.858898299,na
Q15109-8,325.0,79.46135385,confident,69.60784314,0.797049468,na
Q05932-4,561.0,79.45716578,confident,95.57069847,0.689816351,na
Q9UIF7-2,536.0,79.45425373,confident,98.16849817,0.895745621,na
P32121-2,406.0,79.45091133,confident,93.58669834,0.829373126,na
Q9UBS8-2,348.0,79.44916667,confident,73.41772152,0.616658307,na
P10747-7,234.0,79.4491453,confident,88.03418803,0.677206991,na
Q96MF6-3,215.0,79.44739535,confident,78.68217054,0.794435467,na
O76081-5,220.0,79.43954545,confident,56.70103093,0.5914201,na
Q9BQ65-2,247.0,79.42724696,confident,93.20754717,0.394614961,1
Q8N9A8-3,47.0,79.40617021,confident,27.2,0.442752849,na
Q9BRP0-2,143.0,79.40531469,confident,52.0,0.648015545,na
P45379-10,295.0,79.40057627,confident,98.99328859,0.780219162,na
Q15561-2,305.0,79.39947541,confident,70.2764977,0.694355066,na
Q9NY93-2,507.0,79.39568047,confident,92.68738574,0.810634277,na
Q9NSD4-2,376.0,79.39515957,confident,87.64568765,0.638323061,na
Q7Z569-2,413.0,79.38273608,confident,69.76351351,0.476983856,na
P45379-3,297.0,79.37676768,confident,99.66442953,0.855375516,na
P03372-4,312.0,79.3725641,confident,47.86184211,0.482411985,na
Q92925-3,483.0,79.37018634,confident,87.57062147,0.82614712,na
Q9UPE1-4,566.0,79.36530035,confident,99.82363316,0.958582214,na
Q7L5A3-3,233.0,79.35978541,confident,43.30855019,0.592636517,na
Q6UXH1-5,402.0,79.34763682,confident,87.81094527,0.548971143,na
Q9NZJ9-3,129.0,79.34604651,confident,70.71823204,0.650731117,na
Q9UNW8-2,192.0,79.34588542,confident,50.52631579,0.50813518,na
Q9BYG7-5,262.0,79.34427481,confident,80.95238095,0.842400544,na
Q6GTS8-2,361.0,79.34288089,confident,57.30337079,0.668276624,na
Q9Y6M4-6,311.0,79.33932476,confident,66.00877193,0.657952574,na
O15162-2,237.0,79.33755274,confident,66.46341463,0.786047846,na
P78382-2,278.0,79.33244604,confident,82.1958457,0.670196405,na
Q93086-1,421.0,79.33007126,confident,99.52606635,0.850952568,na
Q49MI3-3,463.0,79.32231102,confident,82.79569892,0.844064581,na
Q01081-4,167.0,79.32041916,confident,69.58333333,0.687814854,na
Q9C0H2-4,526.0,79.31941065,confident,94.23791822,0.838828752,na
Q9NY35-2,184.0,79.31771739,confident,71.14624506,0.773993365,na
P13631-2,443.0,79.31611738,confident,88.72017354,0.820969755,na
Q86VH5-2,513.0,79.3108577,confident,88.12392427,0.795117894,na
Q6P2M8-6,360.0,79.30644444,confident,95.27777778,0.91498159,na
Q14186-2,311.0,79.30630225,confident,74.3902439,0.574388729,na
Q9UMX2-2,190.0,79.30605263,confident,74.46808511,0.664056098,na
Q4U2R8-4,519.0,79.29974952,confident,92.18472469,0.84258572,na
P0C7I6-8,177.0,79.29655367,confident,47.38562092,0.35199657,na
P45378-5,245.0,79.29559184,confident,91.07806691,0.711554733,na
P49450-2,114.0,79.29526316,confident,81.42857143,0.389798653,1
P55259-4,387.0,79.294677,confident,72.06703911,0.473384171,1
Q96GC9-2,214.0,79.28817757,confident,52.70935961,0.567251306,na
Q9UNH6-3,451.0,79.28713969,confident,85.80931264,0.864968407,na
Q9H446-2,147.0,79.28707483,confident,60.49382716,0.411795501,na
Q5XUX1-2,478.0,79.28449791,confident,91.80327869,0.819652129,na
Q6SA08-2,338.0,79.28340237,confident,97.04142012,0.913378871,na
Q8TDX6-3,297.0,79.2693266,confident,53.0726257,0.383130956,na
Q9Y577-2,343.0,79.26542274,confident,63.5610766,0.622318409,na
Q15036-2,445.0,79.26355056,confident,94.68085106,0.815339775,na
P36957-2,367.0,79.26237057,confident,75.87719298,0.60938444,na
P0CAP1-5,390.0,79.26192308,confident,81.15631692,0.594373535,na
Q15555-5,284.0,79.2603169,confident,86.85015291,0.828836006,na
Q86VH4-2,518.0,79.25505792,confident,87.62711864,0.759348746,na
Q9NR81-4,324.0,79.25348765,confident,61.21673004,0.665940655,na
Q8TCT9-4,394.0,79.25058376,confident,89.84771574,0.86421744,na
Q9Y6E0-2,431.0,79.24712297,confident,95.03386005,0.841473121,na
P14672-2,415.0,79.24672289,confident,67.22846442,0.775165528,na
Q5MNZ9-2,441.0,79.24637188,confident,98.65470852,0.851789116,na
Q9NW81-4,263.0,79.24437262,confident,94.73684211,0.781997971,na
Q7Z2E3-11,306.0,79.24398693,confident,85.6741573,0.573985961,na
Q16864-2,147.0,79.24360544,confident,80.95238095,0.877904339,na
Q96Q80-3,233.0,79.24321888,confident,84.67741935,0.915543344,na
O14662-2,304.0,79.23769737,confident,93.53846154,0.663499603,na
Q9UBC1-2,358.0,79.23564246,confident,93.96325459,0.753942887,na
Q9NZN9-5,360.0,79.23166667,confident,93.75,0.510744681,na
Q5TFE4-2,405.0,79.23145679,confident,80.81896552,0.864563807,na
P18577-2,354.0,79.22819209,confident,69.16299559,0.799991827,na
Q9HAD4-2,404.0,79.22779703,confident,88.01742919,0.829388361,na
Q96KA5-2,502.0,79.22675299,confident,93.30855019,0.791043268,na
Q9BYV6-4,241.0,79.22439834,confident,43.97810219,0.36691296,na
Q96A37-3,156.0,79.22211538,confident,65.82278481,0.467069573,na
P22307-6,140.0,79.21821429,confident,25.59414991,0.508575632,na
Q96CG8-3,229.0,79.21786026,confident,83.53909465,0.654979109,na
Q9NR46-2,404.0,79.21205446,confident,97.52475248,0.845518303,na
Q7Z412-2,256.0,79.20828125,confident,83.93442623,0.72097684,na
Q96CV9-3,520.0,79.20398077,confident,90.12131716,0.483620598,1
Q8TBY0-2,470.0,79.19904255,confident,87.61726079,0.74596458,na
Q14296-2,408.0,79.19781863,confident,74.31693989,0.761227089,na
Q9NP79-2,222.0,79.19373874,confident,69.38110749,0.625253088,na
P15509-7,434.0,79.18423963,confident,92.16589862,0.719803905,na
P61006-2,207.0,79.18410628,confident,79.43925234,0.784338794,na
O14874-2,335.0,79.18185075,confident,81.31067961,0.74032494,na
Q9C0B1-2,127.0,79.1780315,confident,19.10331384,0.566125678,na
P55259-2,390.0,79.17333333,confident,72.62569832,0.426401663,1
Q4JDL3-9,104.0,79.16855769,confident,19.26605505,0.298824591,na
P45379-2,297.0,79.16555556,confident,99.66442953,0.851472151,na
Q7L5Y9-2,360.0,79.16544444,confident,88.27930175,0.756323019,na
P09326-2,169.0,79.16011834,confident,55.10204082,0.570071247,na
Q9BXD5-5,109.0,79.14926606,confident,24.39759036,0.512873041,na
P09603-3,256.0,79.14917969,confident,46.20938628,0.522585019,na
P52434-2,122.0,79.14901639,confident,80.66666667,0.81059123,na
Q9HA47-4,282.0,79.14294326,confident,95.39007092,0.915384872,na
Q5VT79-2,276.0,79.13536232,confident,65.20547945,0.698620597,na
Q9H6Q3-4,183.0,79.1347541,confident,59.70149254,0.747669384,na
O14893-3,250.0,79.13436,confident,88.57142857,0.88628937,na
Q11203-4,444.0,79.13202703,confident,84.23423423,0.795577468,na
Q9NV23-2,318.0,79.13059748,confident,83.01886792,0.900162788,na
Q9UBI4-5,355.0,79.12861972,confident,88.69346734,0.596546365,na
Q9ULP0-6,391.0,79.12590793,confident,81.97530864,0.80132695,na
P20339-2,201.0,79.12238806,confident,93.48837209,0.759682289,na
Q49A26-2,536.0,79.12218284,confident,96.92585895,0.742514814,na
Q6PH81-2,93.0,79.11784946,confident,60.38961039,0.350539632,na
Q8WXU2-2,381.0,79.11669291,confident,84.86997636,0.519421111,na
Q92643-2,319.0,79.11363636,confident,80.75949367,0.56966522,na
P22749-2,130.0,79.10961538,confident,88.27586207,0.679320662,na
Q8WVQ1-2,245.0,79.10134694,confident,56.10972569,0.508887316,na
Q6IN84-2,155.0,79.09974194,confident,43.90934844,0.503766173,na
Q969U6-2,377.0,79.08912467,confident,64.61267606,0.700893364,na
P20226-2,319.0,79.08724138,confident,94.10029499,0.62316437,na
Q9NZC7-5,234.0,79.08675214,confident,56.52173913,0.316145309,na
P0C7I6-6,176.0,79.08096591,confident,45.4248366,0.358512431,na
Q5JS54-3,104.0,79.07163462,confident,69.91869919,0.671730025,na
Q14508-4,80.0,79.070375,confident,58.4,0.564424152,na
P0CAP1-7,407.0,79.0682801,confident,86.26609442,0.623583392,na
Q00005-7,549.0,79.06513661,confident,80.69216758,0.866428504,na
P43115-4,374.0,79.06200535,confident,90.47619048,0.913945061,na
O75489-2,132.0,79.06090909,confident,48.10606061,0.509166522,na
Q15973-5,73.0,79.06,confident,20.7977208,0.288518637,na
Q15406-3,454.0,79.05977974,confident,94.375,0.652947984,na
O75223-2,114.0,79.05701754,confident,52.65957447,0.667238935,na
P20073-2,466.0,79.05457082,confident,95.49180328,0.729532731,na
Q13286-4,321.0,79.04875389,confident,73.28767123,0.671560344,na
Q8N2I9-3,417.0,79.04848921,confident,84.96583144,0.809355136,na
Q6KCM7-6,366.0,79.04601093,confident,78.03837953,0.728756937,na
P45379-4,296.0,79.04567568,confident,99.32885906,0.777987925,na
O60895-2,180.0,79.04538889,confident,97.22222222,0.697849918,na
O75888-2,234.0,79.04042735,confident,93.2,0.535147051,na
Q9BWP8-9,268.0,79.03932836,confident,69.50819672,0.633296288,na
Q8N6V4-2,93.0,79.03677419,confident,80.20833333,0.819600019,na
Q9Y508-2,191.0,79.03277487,confident,75.10729614,0.663946868,na
Q96P16-3,276.0,79.03206522,confident,81.11455108,0.636791345,na
Q5SWX8-4,422.0,79.02774882,confident,92.95154185,0.905967544,na
P19438-5,218.0,79.02766055,confident,41.1637931,0.497891468,na
Q8N5A5-4,188.0,79.02670213,confident,35.40489642,0.348048441,na
Q8TDW4-3,558.0,79.02553763,confident,97.04347826,0.763932381,na
Q6UXE8-2,432.0,79.02208333,confident,78.88446215,0.475121995,1
O43852-3,323.0,79.02182663,confident,97.52321981,0.866195582,na
Q7Z2E3-4,254.0,79.01645669,confident,71.34831461,0.623029004,na
Q9BY67-3,471.0,79.01643312,confident,93.84288747,0.679678434,na
Q8WTU2-2,274.0,79.01379562,confident,46.95652174,0.348447471,na
P45379-8,293.0,79.0109215,confident,98.32214765,0.868667975,na
Q9UQN3-2,172.0,79.0105814,confident,80.28169014,0.456734932,1
P30518-2,309.0,79.00919094,confident,82.74932615,0.782133269,na
P49238-3,362.0,79.00842541,confident,98.06629834,0.931006872,na
Q8TAM2-6,196.0,79.00744898,confident,35.67467652,0.618043052,na
O43852-10,224.0,78.99616071,confident,68.57142857,0.716749423,na
Q6X9E4-2,394.0,78.99258883,confident,84.9137931,0.890921406,na
A8MVW5-2,450.0,78.98931111,confident,93.19148936,0.78048853,na
O75674-2,346.0,78.98641618,confident,72.26890756,0.482085493,na
O60828-10,60.0,78.9765,confident,22.64150943,0.206880809,na
Q11203-24,201.0,78.9539801,confident,46.96569921,0.632736925,na
Q6P444-2,44.0,78.94477273,confident,6.12244898,0.281524117,na
Q96B86-3,434.0,78.93605991,confident,96.44444444,0.888469499,na
P0CAP1-6,414.0,78.93487923,confident,86.50963597,0.664739727,na
Q5XG92-8,481.0,78.9306237,confident,66.88102894,0.787875544,na
Q2VIR3-2,466.0,78.92959227,confident,93.2346723,0.952660212,na
P45378-6,256.0,78.92929688,confident,95.16728625,0.383263021,1
Q8N142-2,500.0,78.92464,confident,79.53216374,0.889139347,na
Q32M84-2,507.0,78.9243787,confident,99.80276134,0.885046125,na
Q99808-2,535.0,78.92252336,confident,85.23364486,0.909684828,na
Q9H169-2,216.0,78.91944444,confident,87.5,0.67837711,na
Q9Y2Z0-2,333.0,78.9178979,confident,90.95890411,0.754436557,na
P13688-5,461.0,78.9167462,confident,83.26996198,0.655259928,na
Q8N6T7-2,328.0,78.91570122,confident,92.3943662,0.798213347,na
Q9H6S1-5,232.0,78.91439655,confident,54.0,0.479598289,na
Q9HCN4-2,295.0,78.91111864,confident,78.87700535,0.739439499,na
Q5EBM0-3,366.0,78.90855191,confident,72.31759657,0.824966778,na
Q03923-3,87.0,78.9037931,confident,12.94117647,0.421165951,na
Q9H313-5,320.0,78.89875,confident,59.14893617,0.700237725,na
Q8WTW4-2,203.0,78.89270936,confident,51.57894737,0.663100031,na
P09651-3,267.0,78.89033708,confident,71.77419355,0.651175337,na
Q13889-2,267.0,78.88123596,confident,86.68831169,0.835743251,na
Q9UHD0-2,215.0,78.87153488,confident,82.3255814,0.904268387,na
Q9NZI2-4,225.0,78.86897778,confident,80.89430894,0.815511754,na
Q4G0N4-2,410.0,78.86580488,confident,92.760181,0.83175422,na
P32239-3,381.0,78.86370079,confident,85.23489933,0.853765629,na
P51955-4,437.0,78.86121281,confident,98.20224719,0.869102232,na
Q8TDD5-2,497.0,78.86046278,confident,89.87341772,0.774619109,na
O75886-2,342.0,78.86040936,confident,65.14285714,0.408970626,na
P45379-7,283.0,78.85971731,confident,94.96644295,0.812152754,na
Q9NPA1-4,257.0,78.8570428,confident,91.7562724,0.862201807,na
P07108-4,129.0,78.85031008,confident,65.11627907,0.826781157,na
Q8IWE2-2,356.0,78.84713483,confident,63.23268206,0.654194271,na
Q9NQ48-3,256.0,78.84480469,confident,70.70063694,0.581566817,na
Q8IZR5-2,208.0,78.83802885,confident,88.88888889,0.831762921,na
P40123-2,413.0,78.8377724,confident,86.58280922,0.519929533,na
O60259-2,305.0,78.83678689,confident,85.24590164,0.825385816,na
P45379-11,285.0,78.83491228,confident,95.63758389,0.753267525,na
P14866-2,456.0,78.83138158,confident,77.41935484,0.511345501,na
Q99788-2,371.0,78.82630728,confident,99.46380697,0.840906551,na
Q9HCN6-2,321.0,78.82495327,confident,94.69026549,0.624722169,na
P35372-13,319.0,78.81846395,confident,77.0,0.769787974,na
Q8TDM0-2,147.0,78.81285714,confident,58.13953488,0.461187824,na
Q9UBE0-3,299.0,78.81237458,confident,65.11627907,0.819889236,na
P39905-2,185.0,78.81145946,confident,87.20379147,0.522102161,na
P67812-3,185.0,78.81016216,confident,71.78217822,0.774052881,na
Q9BY14-2,267.0,78.80666667,confident,93.25842697,0.841109723,na
Q9UBX8-2,343.0,78.8048688,confident,89.79057592,0.836838882,na
O60260-3,218.0,78.80174312,confident,45.61027837,0.523835102,na
Q86UA6-7,107.0,78.79551402,confident,47.48858447,0.311240682,na
Q6P4H8-2,216.0,78.79365741,confident,92.70386266,0.668921206,na
P78324-4,503.0,78.79337972,confident,99.8015873,0.685656293,na
Q8NCE0-4,406.0,78.79167488,confident,87.31182796,0.819584692,na
Q6DN72-2,413.0,78.7901937,confident,89.569161,0.737260573,na
Q5R372-8,370.0,78.79016216,confident,8.341143393,0.203622466,na
Q93086-4,432.0,78.78865741,confident,97.22222222,0.814543761,na
Q96ET8-3,203.0,78.78753695,confident,58.27338129,0.497493877,na
P36896-4,546.0,78.78714286,confident,92.30769231,0.634763348,na
Q92851-3,273.0,78.7843956,confident,45.77861163,0.595485098,na
P06028-2,58.0,78.78396552,confident,63.73626374,0.498702086,na
Q86VZ5-2,214.0,78.78257009,confident,49.87893462,0.683912761,na
Q9Y6M1-5,493.0,78.78030426,confident,79.47019868,0.497272316,1
Q9BRQ3-2,213.0,78.78014085,confident,57.89473684,0.753035151,na
P25445-7,220.0,78.77977273,confident,64.7761194,0.612201851,na
Q15554-4,293.0,78.76880546,confident,52.02205882,0.557344594,na
P10276-2,457.0,78.76704595,confident,86.09958506,0.810585311,na
P54750-5,552.0,78.76605072,confident,93.03571429,0.769943181,na
O60828-9,67.0,78.7641791,confident,23.68421053,0.235327536,na
P18621-3,228.0,78.75118421,confident,75.0,0.775971362,na
P10827-3,451.0,78.74878049,confident,92.04081633,0.813446333,na
Q9H095-2,345.0,78.74811594,confident,77.87810384,0.690245372,na
O43660-2,505.0,78.74548515,confident,98.24902724,0.76060505,na
Q8N0U7-3,138.0,78.74152174,confident,25.27472527,0.382480771,na
Q96L94-2,120.0,78.73658333,confident,62.1761658,0.72681678,na
Q7Z7K6-3,272.0,78.73658088,confident,98.90909091,0.644375432,na
Q9H6J7-2,337.0,78.7364095,confident,98.21958457,0.887388941,na
Q9P104-2,198.0,78.73540404,confident,64.70588235,0.548547183,na
Q9Y5S9-2,173.0,78.71924855,confident,99.42528736,0.537624248,na
Q9NZN9-4,362.0,78.7191989,confident,94.27083333,0.603148252,na
P10826-2,448.0,78.71819196,confident,84.87394958,0.784881162,na
P45378-7,250.0,78.71628,confident,92.93680297,0.577388455,na
P24071-7,178.0,78.71179775,confident,58.47750865,0.653346567,na
Q13555-2,547.0,78.70968921,confident,98.02867384,0.868897082,na
Q53T94-2,522.0,78.70545977,confident,88.7755102,0.787574716,na
Q9Y4P9-2,162.0,78.70487654,confident,54.47470817,0.656367373,na
P78369-2,226.0,78.70176991,confident,75.54585153,0.815974447,na
P62318-2,120.0,78.69916667,confident,76.8115942,0.752286806,na
Q9Y5X5-2,420.0,78.69457143,confident,80.45977011,0.739643844,na
Q13426-3,310.0,78.69035484,confident,90.17857143,0.761066649,na
Q9GZM8-3,328.0,78.68307927,confident,91.88405797,0.563140029,na
O43688-2,309.0,78.6820712,confident,86.43533123,0.798282461,na
Q9UKR8-4,160.0,78.679625,confident,62.85714286,0.444491694,na
P43351-3,139.0,78.67906475,confident,27.57009346,0.521464493,na
Q96LW9-2,247.0,78.67797571,confident,60.83743842,0.571554437,na
Q8WUD1-2,151.0,78.67178808,confident,66.2037037,0.679706535,na
Q14168-4,597.0,78.66963149,confident,88.88888889,0.633555591,na
Q9H9P8-2,441.0,78.66852608,confident,84.02489627,0.888338841,na
Q16539-4,307.0,78.66680782,confident,70.4787234,0.82932394,na
P45378-2,258.0,78.66635659,confident,95.91078067,0.805448292,na
Q63ZY6-2,135.0,78.65844444,confident,40.95238095,0.687777507,na
Q9BXI9-1,259.0,78.65227799,confident,93.16546763,0.661869645,na
P23760-3,206.0,78.65053398,confident,41.33611691,0.512033595,na
Q8IUH3-2,328.0,78.6502439,confident,68.69747899,0.615686884,na
Q7KYR7-1,528.0,78.64748106,confident,83.36283186,0.488215798,1
O75469-6,420.0,78.64738095,confident,86.65207877,0.564280345,na
P45378-3,261.0,78.64467433,confident,97.0260223,0.409269364,1
Q9Y6I4-2,476.0,78.63436975,confident,91.34615385,0.870135192,na
Q13324-7,410.0,78.63339024,confident,99.756691,0.827783768,na
O00499-10,424.0,78.6303066,confident,67.26973684,0.643107475,na
Q96EE3-1,421.0,78.63009501,confident,84.79809976,0.806244393,na
P21731-2,407.0,78.6241769,confident,81.81818182,0.849136121,na
Q9H0B8-3,371.0,78.62371968,confident,74.44668008,0.519696026,na
Q16570-2,338.0,78.61692308,confident,97.64011799,0.829567607,na
Q9H825-2,241.0,78.61626556,confident,82.81786942,0.662400227,na
Q9NRZ5-2,216.0,78.61282407,confident,56.87830688,0.638722878,na
Q96GC5-3,194.0,78.60335052,confident,84.90566038,0.648206718,na
Q96T55-5,262.0,78.60179389,confident,84.78964401,0.738732192,na
P07307-2,292.0,78.60150685,confident,93.89067524,0.777981973,na
P31994-4,309.0,78.5984466,confident,99.67741935,0.702293765,na
Q8NBK3-5,354.0,78.59550847,confident,94.65240642,0.810134761,na
Q53GS9-3,488.0,78.59489754,confident,84.27561837,0.761843637,na
Q8N370-3,573.0,78.59254799,confident,99.30191972,0.935565902,na
P48651-2,327.0,78.58807339,confident,69.13319239,0.708044577,na
O75909-1,357.0,78.58327731,confident,60.51724138,0.572123628,na
Q9HAJ7-3,142.0,78.57992958,confident,77.59562842,0.453344872,1
O43278-2,513.0,78.57224172,confident,96.97542533,0.810170897,na
O15519-15,384.0,78.570625,confident,80.0,0.640289415,na
P0CAP1-10,397.0,78.56649874,confident,85.19313305,0.425918947,1
P58335-3,322.0,78.5647205,confident,60.36217304,0.614456912,na
Q9H0A6-4,235.0,78.56331915,confident,62.98342541,0.714581184,na
P78324-2,508.0,78.55590551,confident,99.21259843,0.678565249,na
P10828-2,476.0,78.55495798,confident,77.48478702,0.678849221,na
A8MT69-3,58.0,78.55293103,confident,71.60493827,0.399198634,1
Q9BQC3-3,354.0,78.55285311,confident,65.0887574,0.761838543,na
P43004-3,563.0,78.54614565,confident,95.01718213,0.89137642,na
Q9H115-3,204.0,78.54593137,confident,61.51315789,0.80301409,na
O14818-4,149.0,78.53946309,confident,50.40322581,0.755615533,na
Q16890-4,102.0,78.53941176,confident,48.52941176,0.337453242,na
Q9UI10-2,543.0,78.53734807,confident,94.30147059,0.717452466,na
Q14956-2,560.0,78.53725,confident,97.9020979,0.818318316,na
P21754-3,373.0,78.5366756,confident,87.97169811,0.510968,na
O00233-2,209.0,78.52727273,confident,80.60344828,0.661715883,na
Q8N468-2,427.0,78.5269555,confident,83.07392996,0.785773408,na
Q9Y6K8-3,536.0,78.51214552,confident,95.37366548,0.490532093,1
P35998-2,296.0,78.51010135,confident,68.36027714,0.775544847,na
Q9H7H0-3,478.0,78.5,confident,89.02691511,0.873868194,na
Q92597-2,328.0,78.4920122,confident,83.24873096,0.716707418,na
Q99542-3,222.0,78.4913964,confident,41.56862745,0.606279613,na
P61018-2,248.0,78.49,confident,83.87096774,0.850134618,na
P41440-3,489.0,78.48621677,confident,77.66497462,0.791541919,na
Q2MV58-5,483.0,78.48451346,confident,77.5374376,0.342719171,1
Q4JDL3-2,411.0,78.48406326,confident,97.38095238,0.818939473,na
Q9HC98-2,347.0,78.48282421,confident,90.20172911,0.840221282,na
Q86X45-2,414.0,78.48190821,confident,87.58029979,0.730400254,na
Q9HCN4-4,362.0,78.47734807,confident,90.78947368,0.823979946,na
Q5T9L3-3,450.0,78.47673333,confident,82.99445471,0.805192443,na
Q8NG50-10,166.0,78.47493976,confident,58.45070423,0.6666244,na
Q8WUW1-2,106.0,78.47462264,confident,70.75471698,0.779856476,na
P47870-1,474.0,78.47443038,confident,92.578125,0.810755003,na
Q9BQA9-2,173.0,78.46907514,confident,92.51336898,0.664886045,na
P45379-6,288.0,78.46777778,confident,96.6442953,0.798018544,na
Q96Q40-4,384.0,78.46682292,confident,88.27586207,0.849946908,na
Q9UHI7-2,602.0,78.46284053,confident,99.33554817,0.945624384,na
P28472-4,388.0,78.46185567,confident,82.02959831,0.668499,na
O15400-2,239.0,78.46025105,confident,89.27203065,0.830830464,na
P49281-3,590.0,78.4580339,confident,90.84858569,0.89876887,na
Q9BWL3-3,189.0,78.4562963,confident,74.70355731,0.604399353,na
P15812-8,199.0,78.4520603,confident,48.20512821,0.493914074,na
O00142-6,307.0,78.45078176,confident,86.31921824,0.874169888,na
Q9UBX7-3,307.0,78.45052117,confident,91.85667752,0.837750146,na
Q8WW14-3,110.0,78.44472727,confident,41.02564103,0.442872665,na
Q3KNT7-3,154.0,78.43675325,confident,58.5,0.66508229,na
Q6ZT62-2,605.0,78.43338843,confident,89.3648449,0.629508518,na
Q70UQ0-4,377.0,78.43270557,confident,34.2364532,0.469454178,na
Q86UT5-5,220.0,78.43104545,confident,33.50694444,0.410687612,na
O14662-4,308.0,78.42746753,confident,94.76923077,0.635656273,na
Q8TBG9-2,285.0,78.42726316,confident,90.1754386,0.753782446,na
O76083-15,567.0,78.42700176,confident,95.61551433,0.631552658,na
P43115-3,365.0,78.42608219,confident,92.30769231,0.873251435,na
P0CAP1-2,445.0,78.4194382,confident,92.75053305,0.769091305,na
Q13568-5,412.0,78.41793689,confident,82.53012048,0.543073747,na
Q15008-4,442.0,78.41022624,confident,88.00904977,0.890597759,na
Q96EV8-2,303.0,78.41009901,confident,78.91737892,0.535979988,na
P37231-2,477.0,78.40857442,confident,94.45544554,0.773716219,na
Q68CL5-3,227.0,78.40550661,confident,73.33333333,0.836281187,na
Q9Y3B7-3,181.0,78.40375691,confident,81.44329897,0.807656976,na
Q14CB8-5,301.0,78.39833887,confident,57.45967742,0.668737176,na
Q8IX04-3,357.0,78.39341737,confident,74.94692144,0.527929085,na
Q12805-2,485.0,78.39154639,confident,98.37728195,0.678489289,na
P10909-4,416.0,78.39105769,confident,92.65033408,0.930992914,na
Q9H9Q4-2,316.0,78.38753165,confident,87.5,0.822811034,na
Q8N688-2,28.0,78.385,confident,28.57142857,0.485451956,na
Q9UJA5-2,399.0,78.38290727,confident,74.8502994,0.825527661,na
Q969M7-2,211.0,78.37606635,confident,77.98165138,0.874960448,na
Q13183-3,641.0,78.37535101,confident,92.35569423,0.938658537,na
O15527-4,424.0,78.37148585,confident,75.75757576,0.860730928,na
Q96DB5-2,284.0,78.36598592,confident,90.44585987,0.492585427,1
P54750-9,518.0,78.36391892,confident,80.31634446,0.748649725,na
Q13601-2,324.0,78.36388889,confident,85.03937008,0.561453092,na
P00750-2,291.0,78.36216495,confident,48.57651246,0.519682367,na
Q9Y6M4-4,424.0,78.35851415,confident,90.78947368,0.777490501,na
P00740-2,423.0,78.35808511,confident,91.75704989,0.711186492,na
Q9H410-3,249.0,78.35742972,confident,67.69662921,0.723260607,na
Q96GD4-5,345.0,78.35608696,confident,99.71014493,0.814371421,na
Q9UIX4-2,275.0,78.35276364,confident,49.80769231,0.549809872,na
Q9Y6M4-3,423.0,78.35092199,confident,90.98901099,0.774263518,na
Q9UJG1-3,214.0,78.35009346,confident,99.06542056,0.851142102,na
Q86UA6-6,106.0,78.34971698,confident,47.48858447,0.295271049,na
Q13131-2,574.0,78.34966899,confident,97.38675958,0.871551363,na
Q9H665-2,167.0,78.34796407,confident,47.04225352,0.522808045,na
O95273-4,204.0,78.34382353,confident,48.26666667,0.654922642,na
P31994-3,303.0,78.34356436,confident,97.74193548,0.624200486,na
Q96K37-3,104.0,78.33701923,confident,23.90243902,0.38174903,na
P37287-2,315.0,78.33187302,confident,65.08264463,0.625636036,na
P42081-6,247.0,78.32809717,confident,75.07598784,0.635049175,na
O00506-2,349.0,78.3274212,confident,81.92488263,0.598488569,na
P14136-3,431.0,78.32656613,confident,89.97722096,0.741063728,na
O43541-2,235.0,78.32208511,confident,45.2,0.555723232,na
Q9UNW1-2,312.0,78.32028846,confident,57.11422846,0.705171412,na
O75569-3,288.0,78.32013889,confident,92.01277955,0.5782109,na
A5X5Y0-3,471.0,78.3158811,confident,89.91769547,0.888738726,na
Q9HC98-4,338.0,78.31420118,confident,92.6035503,0.86986462,na
Q8IWT0-2,136.0,78.31308824,confident,64.57142857,0.759733853,na
P49798-2,205.0,78.31043902,confident,99.51219512,0.843718422,na
Q9Y5Z0-2,468.0,78.30944444,confident,90.34749035,0.789248133,na
Q8NFH3-2,284.0,78.2928169,confident,74.47368421,0.558243523,na
Q9UH92-3,244.0,78.29262295,confident,81.87919463,0.559789942,na
Q8TCF1-4,227.0,78.28779736,confident,81.71641791,0.63300146,na
Q969S2-3,271.0,78.28564576,confident,81.62650602,0.766181517,na
Q9BQQ3-2,215.0,78.28297674,confident,40.35087719,0.634062069,na
Q9H1R2-4,132.0,78.27984848,confident,17.68292683,0.260862136,na
Q96SA4-2,459.0,78.27198257,confident,97.82608696,0.94949296,na
Q6PII5-3,202.0,78.27188119,confident,43.20987654,0.66179719,na
Q9Y5X5-3,423.0,78.26966903,confident,80.84291188,0.786400391,na
Q32NB8-2,454.0,78.26887665,confident,80.03597122,0.784194653,na
Q9NZI2-2,216.0,78.26574074,confident,95.15418502,0.862351867,na
Q49MI3-4,419.0,78.26343675,confident,75.08960573,0.572431591,na
P51677-2,376.0,78.25805851,confident,94.41489362,0.903534351,na
Q8N135-2,261.0,78.25578544,confident,41.05839416,0.554383038,na
Q92569-2,402.0,78.2549005,confident,87.20173536,0.316718704,1
A6NJ78-2,273.0,78.25128205,confident,63.59223301,0.653703724,na
Q3KPI0-3,191.0,78.25089005,confident,48.8372093,0.548868458,na
P62191-2,367.0,78.25087193,confident,83.40909091,0.834014532,na
Q13555-8,556.0,78.24446043,confident,96.2962963,0.846820669,na
Q9UBC1-3,366.0,78.24084699,confident,96.06299213,0.440277124,1
P03372-3,422.0,78.2357109,confident,70.92436975,0.564649348,na
Q16828-2,235.0,78.23408511,confident,61.67979003,0.533265102,na
P10909-6,429.0,78.2325641,confident,95.32293987,0.956481634,na
Q96NY8-2,219.0,78.23232877,confident,42.94117647,0.375507195,na
Q14714-3,140.0,78.23,confident,57.61316872,0.621413241,na
P22307-5,59.0,78.22898305,confident,7.789855072,0.197382728,na
Q92890-3,266.0,78.2262406,confident,86.64495114,0.745454586,na
P43004-2,565.0,78.2199469,confident,98.43205575,0.919335985,na
O14545-2,164.0,78.21481707,confident,24.06779661,0.473442206,na
Q5H9L4-3,302.0,78.21364238,confident,65.36796537,0.600377747,na
O60260-2,437.0,78.21235698,confident,93.97849462,0.865637154,na
O60636-2,193.0,78.2061658,confident,87.33031674,0.678225348,na
P20941-3,283.0,78.20268551,confident,86.92579505,0.91956485,na
P62508-2,435.0,78.20211494,confident,94.97816594,0.691391188,na
P57771-2,198.0,78.19838384,confident,87.37373737,0.83104988,na
Q9BV35-4,435.0,78.1982069,confident,83.60655738,0.894636015,na
O00506-3,332.0,78.19289157,confident,77.9342723,0.542717171,na
O75426-3,618.0,78.18938511,confident,92.7184466,0.779487557,na
Q8IXU6-2,357.0,78.18537815,confident,85.90425532,0.803449378,na
Q9H2V7-5,229.0,78.18344978,confident,42.26415094,0.59941672,na
Q8TCU3-2,433.0,78.18249423,confident,83.61702128,0.778726972,na
Q9NPJ8-3,197.0,78.17319797,confident,72.08121827,0.846944756,na
P49771-3,153.0,78.17117647,confident,65.10638298,0.425289776,na
Q2VPK5-5,485.0,78.17037113,confident,90.99616858,0.897694575,na
O15304-2,110.0,78.16754545,confident,62.85714286,0.499258405,na
Q03060-24,112.0,78.16705357,confident,25.79710145,0.438283251,na
Q13137-3,467.0,78.16663812,confident,95.50321199,0.68432572,na
P02741-2,91.0,78.16626374,confident,40.625,0.467643529,na
Q5BKX5-3,179.0,78.16586592,confident,41.97183099,0.624652819,na
Q86VE9-3,417.0,78.16410072,confident,97.39952719,0.937975572,na
O76082-2,221.0,78.16289593,confident,37.16337522,0.566918764,na
Q92597-3,313.0,78.16226837,confident,79.44162437,0.686362923,na
Q96CG8-2,232.0,78.15659483,confident,82.11382114,0.683057679,na
P13688-7,252.0,78.1565873,confident,47.90874525,0.386762515,na
Q9H2X3-7,263.0,78.15638783,confident,64.41102757,0.549524703,na
A0PJE2-2,242.0,78.1414876,confident,63.27160494,0.757141291,na
Q9NNX1-2,365.0,78.14057534,confident,93.58974359,0.570460131,na
Q8IXM6-2,203.0,78.1326601,confident,77.48091603,0.467856423,1
Q9NZN9-2,324.0,78.13117284,confident,84.375,0.652014482,na
P35398-4,468.0,78.13108974,confident,87.57170172,0.576190237,na
P30793-4,233.0,78.12321888,confident,85.6,0.741299308,na
Q9H9P2-4,254.0,78.1219685,confident,89.16967509,0.611737132,na
Q9UG56-2,375.0,78.12101333,confident,78.01932367,0.785392017,na
O14828-2,321.0,78.12099688,confident,92.50720461,0.693951376,na
Q9BY08-5,128.0,78.11742188,confident,58.73786408,0.645564491,na
Q5NUL3-1,377.0,78.11318302,confident,95.75596817,0.899206888,na
O75144-3,185.0,78.11297297,confident,61.25827815,0.475466643,na
Q9H6L2-2,345.0,78.11292754,confident,77.68595041,0.826799309,na
Q9NZL4-3,402.0,78.10024876,confident,87.90123457,0.755884993,na
Q14994-16,267.0,78.09850187,confident,65.56473829,0.534824427,na
Q9HB71-2,80.0,78.098,confident,32.45614035,0.439795177,na
Q5SQN1-4,222.0,78.09765766,confident,47.84482759,0.387651893,na
P0CAP1-3,435.0,78.09177011,confident,93.34763948,0.537019234,na
Q8NHQ8-2,392.0,78.08951531,confident,90.69212411,0.686055482,na
P50995-2,472.0,78.08641949,confident,93.46534653,0.770445972,na
P29218-2,198.0,78.08116162,confident,53.95189003,0.71318689,na
P60866-2,142.0,78.07992958,confident,80.28169014,0.855348115,na
Q7LGA3-2,303.0,78.0789769,confident,65.11627907,0.659264814,na
Q9NY84-4,147.0,78.07707483,confident,44.96402878,0.610902741,na
Q96HR3-2,143.0,78.07447552,confident,80.33707865,0.553259233,na
Q5SQI0-7,300.0,78.0727,confident,71.02137767,0.565350818,na
Q96DU3-2,331.0,78.06945619,confident,99.69879518,0.731475714,na
P57727-4,293.0,78.06935154,confident,57.9175705,0.578362373,na
Q9BX59-3,367.0,78.0680654,confident,78.41880342,0.719104103,na
Q96F24-2,237.0,78.06755274,confident,82.57839721,0.429592967,1
P55211-4,333.0,78.06714715,confident,80.04807692,0.733755337,na
O15393-2,529.0,78.06427221,confident,93.00567108,0.764139278,na
Q5SRR4-2,148.0,78.06236486,confident,88.74172185,0.752707956,na
P35372-14,314.0,78.05531847,confident,70.12048193,0.763665482,na
Q969M3-2,203.0,78.05482759,confident,78.98832685,0.734495299,na
Q02750-2,367.0,78.0547139,confident,93.38422392,0.890412865,na
Q8TBY0-3,485.0,78.04851546,confident,87.99249531,0.801593971,na
O15519-5,449.0,78.04772829,confident,93.33333333,0.553404055,na
P10827-4,448.0,78.04100446,confident,91.42857143,0.806116466,na
Q15771-2,164.0,78.0375,confident,63.54679803,0.781681941,na
Q96CV9-2,571.0,78.03339755,confident,98.96013865,0.675098727,na
Q13639-9,411.0,78.03077859,confident,85.3427896,0.852606455,na
O43766-3,329.0,78.02863222,confident,88.44086022,0.469231965,1
Q9HBY8-1,427.0,78.02491803,confident,85.94847775,0.887088741,na
Q8WYH8-2,226.0,78.01946903,confident,94.16666667,0.729459517,na
Q9C0K7-3,280.0,78.01407143,confident,66.98564593,0.692720301,na
Q16613-2,252.0,78.01115079,confident,82.14285714,0.809470661,na
Q13137-4,470.0,78.01014894,confident,94.89361702,0.654423742,na
P04637-4,354.0,78.01014124,confident,90.07633588,0.752459996,na
Q53EV4-2,312.0,78.00682692,confident,75.0,0.753144123,na
Q8WUY9-2,467.0,78.00464668,confident,88.27977316,0.486390149,1
Q92783-2,403.0,78.00047146,confident,73.33333333,0.374265805,na
Q86UA6-5,106.0,77.99962264,confident,47.48858447,0.319164893,na
P01242-3,202.0,77.99752475,confident,93.0875576,0.886195058,na
Q9UMX1-3,481.0,77.9939501,confident,86.41732283,0.886852165,na
Q9BTX3-2,100.0,77.9939,confident,57.80346821,0.725825593,na
Q9NZS2-3,64.0,77.99328125,confident,26.83982684,0.476722348,na
Q6W5P4-3,390.0,77.985,confident,84.9382716,0.835520054,na
Q8WXF5-2,125.0,77.98296,confident,54.54545455,0.617597427,na
P32297-3,489.0,77.98224949,confident,90.67961165,0.710937904,na
Q9Y2I8-2,495.0,77.9759798,confident,99.7979798,0.73261391,na
Q8IV63-2,412.0,77.9757767,confident,84.96868476,0.743266958,na
Q86YD1-3,227.0,77.97462555,confident,54.56730769,0.61311316,na
P61011-2,455.0,77.96846154,confident,88.88888889,0.835041621,na
O60259-4,32.0,77.96625,confident,9.230769231,0.217080882,na
Q9UIB8-3,328.0,77.96615854,confident,94.7826087,0.738407978,na
P62508-3,442.0,77.96239819,confident,93.33333333,0.522447902,na
Q86UA6-4,145.0,77.96034483,confident,65.29680365,0.385087711,na
P11473-2,477.0,77.95920335,confident,89.51781971,0.777595648,na
A5X5Y0-2,441.0,77.95351474,confident,96.71052632,0.908745781,na
P61956-2,71.0,77.95183099,confident,74.73684211,0.478148562,1
P04234-2,127.0,77.94377953,confident,73.68421053,0.628134216,na
Q5VTL8-2,190.0,77.93468421,confident,34.06593407,0.498638256,na
P18577-4,266.0,77.92774436,confident,63.78896882,0.753605096,na
Q15406-2,476.0,77.92472689,confident,98.95833333,0.709227027,na
O43781-2,568.0,77.92299296,confident,95.57823129,0.74614634,na
P08174-3,384.0,77.91846354,confident,94.54545455,0.797197569,na
P51878-6,364.0,77.91714286,confident,83.87096774,0.744240647,na
Q9UBF9-2,314.0,77.91576433,confident,63.05220884,0.500585045,na
Q49MI3-7,217.0,77.90958525,confident,37.45519713,0.562180214,na
P85298-3,459.0,77.90882353,confident,98.92241379,0.558217159,na
Q96SA4-3,459.0,77.90339869,confident,95.06437768,0.949816456,na
Q13639-6,402.0,77.90281095,confident,96.51741294,0.865392085,na
P53634-2,137.0,77.89963504,confident,24.78448276,0.434263505,na
Q12846-2,295.0,77.89925424,confident,83.80952381,0.671198506,na
P11049-3,202.0,77.89856436,confident,65.85365854,0.692129008,na
Q6KB66-2,422.0,77.89803318,confident,90.78947368,0.391721667,1
Q9BUB5-3,347.0,77.89556196,confident,72.68817204,0.671935975,na
Q9Y5S8-2,190.0,77.89452632,confident,29.27689594,0.614546183,na
O60869-3,141.0,77.89319149,confident,89.18918919,0.461104799,1
Q13007-3,154.0,77.89006494,confident,73.91304348,0.660032772,na
Q0P651-2,332.0,77.88849398,confident,78.26086957,0.679605245,na
Q9Y4P8-6,443.0,77.88349887,confident,97.57709251,0.848695882,na
P59998-2,625.0,77.880528,confident,19.32907348,0.37832179,na
A0A0K2S4Q6-2,153.0,77.87836601,confident,70.64676617,0.702588569,na
Q96RK4-3,347.0,77.87769452,confident,66.85934489,0.741487931,na
Q9NTK5-3,278.0,77.87402878,confident,63.0,0.794048955,na
Q9ULV8-2,428.0,77.87378505,confident,90.29535865,0.794158398,na
Q9Y3E7-2,156.0,77.86698718,confident,70.27027027,0.434830906,1
Q96MF2-3,178.0,77.86101124,confident,48.9010989,0.559245812,na
Q9UMR2-2,448.0,77.85944196,confident,93.52818372,0.628489353,na
P52738-2,354.0,77.84587571,confident,77.46170678,0.681916243,na
Q9NS23-4,270.0,77.845,confident,65.52706553,0.643506398,na
Q6PL45-2,228.0,77.84473684,confident,87.69230769,0.735010309,na
Q9HCN4-5,388.0,77.84030928,confident,96.39175258,0.801535299,na
Q8WVN8-2,314.0,77.83665605,confident,77.54569191,0.475515708,1
Q8N0Z9-2,538.0,77.83237918,confident,99.62962963,0.822870261,na
Q6P2M8-3,241.0,77.8313278,confident,70.26239067,0.674215386,na
Q9Y2C5-3,267.0,77.8282397,confident,53.722334,0.573772297,na
Q6ZTW0-2,271.0,77.82789668,confident,93.44827586,0.802186805,na
Q9UHP7-3,194.0,77.82773196,confident,79.5,0.679057906,na
P05230-2,60.0,77.8265,confident,36.12903226,0.47250412,na
Q96FJ0-2,461.0,77.82318872,confident,91.32321041,0.837254544,na
Q8TCC3-3,131.0,77.82137405,confident,70.41420118,0.715386593,na
Q9UK53-2,279.0,77.81949821,confident,57.41176471,0.314271207,na
Q86UA6-2,172.0,77.81255814,confident,78.53881279,0.335715353,1
Q9H0X4-2,540.0,77.81072222,confident,94.20289855,0.905047586,na
Q9UHH9-2,97.0,77.80731959,confident,16.55172414,0.400491846,na
P78381-4,421.0,77.8064133,confident,91.76470588,0.871238175,na
Q13324-3,397.0,77.80518892,confident,90.90909091,0.855046803,na
Q7L099-3,620.0,77.80417742,confident,72.11538462,0.476964578,1
Q13286-2,390.0,77.80233333,confident,89.04109589,0.799641616,na
Q5VZ19-2,351.0,77.79960114,confident,92.68292683,0.629933685,na
Q2MV58-2,592.0,77.79001689,confident,99.15540541,0.344396393,1
Q92527-2,274.0,77.78018248,confident,92.70072993,0.866694002,na
O00482-4,469.0,77.77906183,confident,86.69131238,0.586312754,na
Q01892-3,171.0,77.77204678,confident,58.39694656,0.528558842,na
P17342-3,324.0,77.76842593,confident,52.44122966,0.529576,na
Q9ULR0-2,307.0,77.76758958,confident,92.50814332,0.456578677,1
Q08AI8-2,298.0,77.76701342,confident,63.53467562,0.755578931,na
Q9UBP9-4,291.0,77.76670103,confident,91.88311688,0.808861716,na
Q5W111-2,157.0,77.76152866,confident,80.10204082,0.794387941,na
O95258-2,322.0,77.75832298,confident,99.07692308,0.920410204,na
Q8N8F6-3,68.0,77.75588235,confident,22.5,0.336144096,na
Q96EC8-2,193.0,77.75476684,confident,81.77966102,0.815663098,na
P82663-2,145.0,77.75441379,confident,63.5359116,0.778215577,na
Q9UJA5-4,327.0,77.75385321,confident,65.79476861,0.658730204,na
P41219-2,471.0,77.75316348,confident,99.78768577,0.815120866,na
Q6P2C8-4,130.0,77.75169231,confident,36.79245283,0.432900763,na
Q8IXQ4-2,191.0,77.74308901,confident,56.17647059,0.291535956,na
Q9NRP0-2,171.0,77.74081871,confident,84.79532164,0.803662081,na
Q12805-4,492.0,77.7404065,confident,99.79716024,0.748068998,na
Q96EW2-2,225.0,77.73355556,confident,39.67611336,0.628829987,na
P34810-2,297.0,77.72760943,confident,83.89830508,0.678165888,na
P24071-8,209.0,77.725311,confident,57.82747604,0.695779622,na
Q12805-3,492.0,77.71434959,confident,99.79716024,0.670406001,na
O75529-2,325.0,77.71209231,confident,55.00848896,0.371757818,na
P01241-5,177.0,77.71124294,confident,81.56682028,0.520726384,na
Q16854-2,189.0,77.71068783,confident,68.23104693,0.676253836,na
P19438-4,228.0,77.70157895,confident,39.00414938,0.514739201,na
Q8N8E2-3,207.0,77.69888889,confident,38.26247689,0.472793555,na
P11230-2,429.0,77.69379953,confident,85.62874251,0.856008368,na
O00584-2,121.0,77.69355372,confident,33.7037037,0.335626275,na
P34998-2,415.0,77.69209639,confident,93.46846847,0.834683294,na
Q03060-27,113.0,77.69053097,confident,29.85507246,0.45133592,na
Q8IYJ2-2,185.0,77.68924324,confident,33.2123412,0.432830978,na
Q96DZ9-4,74.0,77.68135135,confident,33.1838565,0.314825593,na
Q96N03-2,149.0,77.68067114,confident,73.03921569,0.597644805,na
Q96Q80-2,239.0,77.67916318,confident,89.16666667,0.889785668,na
Q9Y5P8-2,176.0,77.67630682,confident,30.60869565,0.332997131,na
P32241-5,416.0,77.67610577,confident,91.02844639,0.896743829,na
A6ND91-2,178.0,77.66882022,confident,58.27586207,0.661490445,na
Q9H7X0-2,249.0,77.66875502,confident,79.62264151,0.804107727,na
Q92913-3,255.0,77.66772549,confident,69.20289855,0.658293042,na
Q5SQH8-2,172.0,77.66261628,confident,54.6031746,0.671541992,na
Q9NPJ8-2,188.0,77.66143617,confident,72.87234043,0.84875941,na
Q4AE62-6,329.0,77.6556231,confident,71.83406114,0.694973801,na
Q9BQI4-2,145.0,77.65365517,confident,53.7037037,0.436447584,na
Q6PIL6-2,216.0,77.64912037,confident,86.0,0.839869399,na
Q96PJ5-2,509.0,77.64856582,confident,87.07224335,0.823465423,na
Q9Y5N1-7,415.0,77.6453012,confident,93.25842697,0.781864362,na
Q9BV35-2,438.0,77.64013699,confident,87.63326226,0.91733368,na
P15812-5,298.0,77.64010067,confident,76.54639175,0.453263066,1
Q13322-3,536.0,77.63729478,confident,90.23569024,0.816952785,na
P09455-3,157.0,77.63707006,confident,44.44444444,0.605376661,na
P68036-3,212.0,77.63693396,confident,69.81132075,0.854309718,na
O95232-2,79.0,77.63531646,confident,13.56321839,0.42395482,na
Q9H0R1-2,284.0,77.63380282,confident,47.56335283,0.723349761,na
P41235-3,417.0,77.62832134,confident,79.55010225,0.774201229,na
O00445-2,382.0,77.62636126,confident,77.56097561,0.453390518,1
Q9Y3E7-3,251.0,77.62601594,confident,83.26693227,0.793730066,na
Q9Y264-2,410.0,77.62082927,confident,81.11332008,0.590580859,na
Q2VPK5-3,428.0,77.61899533,confident,83.10679612,0.815803792,na
Q8N1S5-2,335.0,77.61829851,confident,97.95321637,0.896040601,na
Q53EL6-2,458.0,77.6150655,confident,96.80170576,0.767174355,na
P22307-2,143.0,77.60783217,confident,26.14259598,0.492961385,na
Q9NZI7-4,504.0,77.60755952,confident,93.33333333,0.484232676,1
Q9BWF3-4,173.0,77.60572254,confident,38.62433862,0.464112927,na
P20290-2,162.0,77.5991358,confident,78.6407767,0.62466199,na
Q7Z2E3-10,302.0,77.59821192,confident,84.83146067,0.582269669,na
Q96SA4-4,464.0,77.5944181,confident,95.68965517,0.951923704,na
Q9UNP9-2,296.0,77.59246622,confident,92.73927393,0.567890541,na
Q9Y5Z0-3,396.0,77.58866162,confident,73.79576108,0.746431203,na
Q96JB5-3,281.0,77.58608541,confident,55.53359684,0.534041112,na
Q15406-5,475.0,77.58229474,confident,98.75,0.64054743,na
Q8TAV0-5,227.0,77.58017621,confident,73.94136808,0.402023227,1
Q96LA5-4,144.0,77.57673611,confident,19.28166352,0.477248531,na
Q8TDW4-2,544.0,77.56996324,confident,94.60869565,0.624032643,na
Q14406-4,128.0,77.56648437,confident,57.65765766,0.683700352,na
Q99576-4,122.0,77.56483607,confident,63.57615894,0.637535317,na
Q9GZN8-2,199.0,77.56341709,confident,87.43718593,0.732950134,na
P28472-2,473.0,77.56321353,confident,92.43353783,0.735254917,na
P84101-4,45.0,77.56311111,confident,76.27118644,0.615591036,na
Q9Y6N9-2,521.0,77.55932821,confident,94.38405797,0.474093853,1
Q9NXS2-3,288.0,77.55798611,confident,75.39267016,0.67771602,na
Q92777-2,478.0,77.55759414,confident,77.4789916,0.699333246,na
O95983-2,259.0,77.55687259,confident,89.00343643,0.543554375,na
P25101-5,202.0,77.55460396,confident,47.30679157,0.593583084,na
Q969G3-6,293.0,77.55426621,confident,66.90821256,0.293962057,na
Q13258-2,296.0,77.54925676,confident,79.72222222,0.831555719,na
Q6ZMJ2-3,357.0,77.54288515,confident,69.41649899,0.352709104,na
Q9ULK6-3,405.0,77.5405679,confident,91.55251142,0.835175919,na
P32241-4,409.0,77.53745721,confident,86.65207877,0.7889464,na
Q9UJZ1-2,311.0,77.53585209,confident,87.35955056,0.396254177,1
P10276-3,365.0,77.53112329,confident,79.004329,0.692216419,na
O75365-3,87.0,77.52701149,confident,50.28901734,0.292642611,na
P49281-4,597.0,77.52676717,confident,95.14237856,0.888991902,na
Q8N3F0-2,124.0,77.52483871,confident,68.53146853,0.730870747,na
O14893-2,265.0,77.52433962,confident,94.64285714,0.784053841,na
Q8NET6-2,225.0,77.52137778,confident,56.46067416,0.58504859,na
Q5TDH0-3,419.0,77.52107399,confident,94.74940334,0.733143463,na
Q8WWB5-3,273.0,77.51619048,confident,86.03174603,0.556618893,na
Q7Z3H0-1,272.0,77.49496324,confident,47.16981132,0.437963707,na
P14416-2,414.0,77.4873913,confident,93.4537246,0.711442699,na
Q8NDF8-2,465.0,77.48365591,confident,76.41025641,0.745722207,na
O15091-2,567.0,77.47811287,confident,97.25557461,0.841559886,na
O15374-5,439.0,77.47810934,confident,90.14373717,0.795899404,na
Q8TDQ1-2,239.0,77.47782427,confident,56.30769231,0.478511168,na
Q8WUP2-3,276.0,77.46572464,confident,73.99463807,0.608921781,na
Q6PF15-2,427.0,77.46379391,confident,65.78512397,0.654675605,na
Q9HB21-2,334.0,77.46314371,confident,74.57212714,0.739922454,na
Q4JDL3-5,197.0,77.46309645,confident,46.9047619,0.457834208,na
Q96SL1-2,411.0,77.45827251,confident,80.33472803,0.806351061,na
Q9H8T0-2,293.0,77.45634812,confident,99.65870307,0.696272437,na
Q7Z5L0-4,114.0,77.45131579,confident,53.20197044,0.540455067,na
P23193-2,280.0,77.45071429,confident,93.02325581,0.508606503,na
P49760-3,498.0,77.44694779,confident,99.7995992,0.872275642,na
Q8N2G4-3,157.0,77.43420382,confident,87.2611465,0.654924555,na
O75469-7,473.0,77.43128964,confident,91.54334038,0.684906631,na
Q14849-2,427.0,77.43126464,confident,95.95505618,0.646494505,na
Q86SU0-3,265.0,77.42943396,confident,47.8021978,0.642038822,na
Q5EBM0-2,303.0,77.42379538,confident,61.25541126,0.698444454,na
Q86VE9-4,461.0,77.41505423,confident,89.58785249,0.78445029,na
Q9Y6W8-2,168.0,77.40994048,confident,83.91959799,0.731646311,na
O15374-2,425.0,77.40456471,confident,85.45081967,0.82299293,na
Q9NR20-2,519.0,77.38795761,confident,99.80769231,0.773618432,na
Q9NUL5-2,240.0,77.38741667,confident,78.00687285,0.656223158,na
P51878-2,376.0,77.37558511,confident,85.94470046,0.69212771,na
Q96MF6-2,230.0,77.36769565,confident,79.53667954,0.812704227,na
Q86VE9-2,420.0,77.36595238,confident,99.05437352,0.978635723,na
Q9P127-2,231.0,77.36571429,confident,64.66876972,0.58730893,na
Q14183-2,163.0,77.36239264,confident,38.65336658,0.437577409,na
Q15121-2,151.0,77.35847682,confident,86.09271523,0.657284707,na
Q5T2T1-2,374.0,77.3578877,confident,60.2058319,0.685668463,na
Q8WUF8-2,292.0,77.35729452,confident,63.94230769,0.608869799,na
O96017-7,339.0,77.35637168,confident,61.87845304,0.397447789,na
O00499-7,439.0,77.35624146,confident,74.03035413,0.6303711,na
Q96DY2-3,327.0,77.34993884,confident,53.43035343,0.548412739,na
Q9HAT0-2,58.0,77.34724138,confident,21.59624413,0.436067315,na
P13805-2,251.0,77.34342629,confident,90.28776978,0.378630202,1
Q9P0V8-2,176.0,77.33477273,confident,61.75438596,0.621681518,na
Q6ZMI3-2,427.0,77.33388759,confident,77.49546279,0.583564726,na
P01241-2,202.0,77.32787129,confident,93.0875576,0.837120149,na
Q8IU57-3,211.0,77.32720379,confident,33.14711359,0.595350438,na
Q86UY5-3,367.0,77.32566757,confident,77.06013363,0.57959131,na
P55211-2,266.0,77.32458647,confident,63.94230769,0.406276013,na
O14931-4,176.0,77.32039773,confident,87.56218905,0.643455912,na
P78310-4,200.0,77.3196,confident,41.96185286,0.561428674,na
O76081-6,241.0,77.31850622,confident,56.59898477,0.559508744,na
Q92925-2,510.0,77.31615686,confident,90.01883239,0.804107432,na
Q30201-11,76.0,77.31473684,confident,14.44444444,0.311515165,na
Q15019-3,371.0,77.31342318,confident,97.30458221,0.842238935,na
P06730-2,248.0,77.31294355,confident,87.5,0.802864639,na
Q13324-4,387.0,77.30341085,confident,86.79245283,0.832920277,na
Q8TED4-3,385.0,77.30119481,confident,68.14671815,0.755786796,na
O60888-2,198.0,77.30025253,confident,84.84848485,0.731449447,na
Q5VV52-3,284.0,77.29996479,confident,90.15873016,0.752390627,na
O00141-5,459.0,77.29562092,confident,87.2611465,0.844849602,na
Q9H7C9-2,118.0,77.29457627,confident,63.15789474,0.869546001,na
Q14994-4,280.0,77.28685714,confident,76.96629213,0.748349043,na
Q9UNL4-8,179.0,77.28134078,confident,68.27309237,0.644714174,na
Q5BJH7-2,283.0,77.27975265,confident,90.12738854,0.788387366,na
Q9NUN5-2,392.0,77.27714286,confident,66.6061706,0.648912582,na
Q8NES3-4,308.0,77.27373377,confident,56.54205607,0.769438284,na
Q12800-4,501.0,77.27171657,confident,99.80079681,0.55734351,na
Q9BXR0-2,225.0,77.26635556,confident,45.30120482,0.696560104,na
Q9H2W1-2,225.0,77.2624,confident,88.04780876,0.837797582,na
Q9HB55-6,393.0,77.26142494,confident,69.36758893,0.815096635,na
O75909-2,354.0,77.25957627,confident,52.23880597,0.606719959,na
Q9C0K7-2,377.0,77.25779841,confident,88.99521531,0.799388891,na
Q96RK4-2,527.0,77.25671727,confident,97.15370019,0.812491038,na
Q8TBZ3-2,581.0,77.25598967,confident,97.24612737,0.796722443,na
Q8NFF5-5,338.0,77.25343195,confident,44.42595674,0.628028413,na
Q8ND76-2,316.0,77.2531962,confident,92.6686217,0.775890788,na
Q9NR20-5,517.0,77.25098646,confident,99.42307692,0.807530469,na
P46779-3,169.0,77.24816568,confident,64.20454545,0.825575872,na
P40426-2,351.0,77.24709402,confident,76.69683258,0.470593001,na
Q96IP4-2,461.0,77.24444685,confident,95.87852495,0.876976512,na
Q96M93-2,565.0,77.2440708,confident,98.09027778,0.684316931,na
Q13477-4,200.0,77.24055,confident,52.09424084,0.465299167,na
Q9UHQ1-2,502.0,77.23619522,confident,90.83665339,0.880982311,na
O60870-2,374.0,77.22914439,confident,94.91094148,0.751129086,na
P25021-2,397.0,77.22476071,confident,90.42821159,0.873103164,na
Q5JXA9-2,191.0,77.22146597,confident,55.84795322,0.489850894,na
Q9Y2B0-2,84.0,77.21880952,confident,38.91891892,0.371514579,na
P18577-14,242.0,77.21847107,confident,54.91606715,0.696801053,na
O14653-3,195.0,77.21594872,confident,77.16894977,0.677761385,na
Q5TEU4-2,317.0,77.21397476,confident,86.37681159,0.811260454,na
Q9P289-2,339.0,77.21141593,confident,81.49038462,0.705735349,na
Q96EY5-3,257.0,77.21124514,confident,94.13919414,0.673053888,na
Q9Y5K3-3,351.0,77.21014245,confident,90.81081081,0.724325068,na
P43115-2,388.0,77.20729381,confident,92.3857868,0.86230694,na
Q96TC7-2,341.0,77.19926686,confident,72.55319149,0.640233501,na
Q96MC5-2,187.0,77.1928877,confident,83.90243902,0.720796865,na
Q92466-5,244.0,77.19188525,confident,55.26932084,0.687614371,na
Q6J4K2-2,528.0,77.18962121,confident,90.4109589,0.809622434,na
Q9Y4P8-3,384.0,77.18317708,confident,80.69414317,0.826912144,na
Q4AE62-5,426.0,77.18124413,confident,87.25701944,0.816810836,na
P45985-2,410.0,77.18036585,confident,97.31707317,0.772954338,na
Q969T9-2,216.0,77.17962963,confident,82.75862069,0.599309709,na
Q8TCC3-2,191.0,77.17513089,confident,84.29319372,0.800174158,na
Q8N3F0-4,90.0,77.17322222,confident,68.70229008,0.542151302,na
P52757-9,543.0,77.16987109,confident,83.97790055,0.449301141,1
Q15109-9,355.0,77.16253521,confident,71.42857143,0.645034253,na
Q8N1N0-2,567.0,77.15673721,confident,94.41624365,0.453420079,1
Q5SQI0-6,310.0,77.15606452,confident,71.02137767,0.559962673,na
P08493-2,128.0,77.15515625,confident,80.46875,0.433682887,1
Q8N4Y2-3,294.0,77.15268707,confident,67.1679198,0.378697368,na
Q8WUE5-2,242.0,77.15256198,confident,91.66666667,0.774156338,na
P39905-4,202.0,77.14742574,confident,80.70175439,0.490159847,1
Q5JPI3-2,327.0,77.14727829,confident,99.39209726,0.738845856,na
Q49MI3-8,173.0,77.14450867,confident,29.21146953,0.454227741,na
Q12805-5,355.0,77.14371831,confident,72.00811359,0.543707005,na
P11474-2,422.0,77.14082938,confident,99.76359338,0.642446768,na
Q9NYZ2-4,187.0,77.14048128,confident,55.32544379,0.595830226,na
O94772-2,161.0,77.13080745,confident,86.95652174,0.758946485,na
Q15561-3,391.0,77.11774936,confident,90.0921659,0.601717475,na
Q68D91-2,199.0,77.11572864,confident,53.3557047,0.747096864,na
Q8TE02-4,323.0,77.11390093,confident,97.83281734,0.767265976,na
Q8N5Y8-2,207.0,77.11072464,confident,64.28571429,0.61418185,na
Q92851-6,455.0,77.11013187,confident,77.34082397,0.407156595,na
Q8IYS5-5,276.0,77.10568841,confident,97.87234043,0.702758116,na
P10600-2,309.0,77.10288026,confident,75.0,0.772896472,na
Q9H5V9-2,173.0,77.09878613,confident,77.92792793,0.42515686,1
O75461-2,206.0,77.09490291,confident,73.30960854,0.762771439,na
P12318-2,316.0,77.09227848,confident,99.68454259,0.709837006,na
Q4VXA5-2,164.0,77.08945122,confident,69.19831224,0.687774032,na
Q7Z6J9-2,177.0,77.08468927,confident,30.17077799,0.534954793,na
P54219-2,472.0,77.07913136,confident,81.71846435,0.792893509,na
Q3KNT9-2,184.0,77.07896739,confident,95.10869565,0.771748608,na
Q14790-9,538.0,77.07745353,confident,89.03345725,0.803821034,na
Q13163-4,412.0,77.07587379,confident,90.22222222,0.718718215,na
Q96H22-3,353.0,77.07362606,confident,87.29281768,0.795138073,na
Q8NEF3-2,529.0,77.07164461,confident,84.3100189,0.465245549,1
Q9NYP7-2,326.0,77.06846626,confident,91.71779141,0.877528892,na
P46779-2,163.0,77.06699387,confident,65.69767442,0.831956619,na
Q8TEB7-2,402.0,77.06320896,confident,73.89277389,0.582401106,na
Q8N2G4-2,164.0,77.05926829,confident,85.97560976,0.621368916,na
Q9UMX9-4,460.0,77.05795652,confident,85.55347092,0.718661047,na
Q9UBP9-2,167.0,77.05550898,confident,43.71069182,0.626857251,na
Q96B86-4,458.0,77.04969432,confident,97.37991266,0.796752951,na
P28799-2,438.0,77.02205479,confident,73.86172007,0.376017147,1
Q9Y6V7-2,254.0,77.02059055,confident,43.31983806,0.632445731,na
Q9NQX7-2,220.0,77.01904545,confident,82.39700375,0.748160372,na
Q14296-4,515.0,77.00980583,confident,93.80692168,0.729108531,na
O95456-2,267.0,77.00134831,confident,92.70833333,0.819437944,na
Q9Y4P1-2,468.0,77.00111111,confident,77.17842324,0.812463171,na
P30511-3,442.0,76.99952489,confident,78.05429864,0.74246614,na
Q9UHJ9-5,307.0,76.99859935,confident,80.38585209,0.85773132,na
Q99496-2,264.0,76.99541667,confident,78.57142857,0.430239251,1
O00142-4,247.0,76.99510121,confident,93.20754717,0.800274754,na
Q99706-5,307.0,76.9929316,confident,81.43236074,0.615317941,na
Q15406-4,479.0,76.99123173,confident,99.79166667,0.83112466,na
Q9H3H1-4,441.0,76.98734694,confident,94.43254818,0.892452222,na
Q9BRI3-2,372.0,76.98674731,confident,86.82795699,0.639158503,na
Q8TC21-2,434.0,76.98334101,confident,86.11111111,0.677360865,na
P43686-2,387.0,76.97816537,confident,92.58373206,0.84708987,na
Q9NPH3-5,687.0,76.97213974,confident,70.74927954,0.789915752,na
Q3KQZ1-3,287.0,76.96898955,confident,89.03654485,0.935338882,na
Q99259-4,425.0,76.96802353,confident,63.42668863,0.673237513,na
P0C7I6-7,296.0,76.96658784,confident,97.97979798,0.626109532,na
Q9HAJ7-2,137.0,76.96116788,confident,74.86338798,0.400804188,1
Q9H2U2-4,168.0,76.96041667,confident,50.0,0.571421028,na
Q9H169-4,203.0,76.95970443,confident,79.16666667,0.621875214,na
P10909-5,460.0,76.95706522,confident,97.60869565,0.946296017,na
P78346-2,322.0,76.95686335,confident,82.29813665,0.813165721,na
Q6UVW9-2,160.0,76.955875,confident,78.02197802,0.524560329,na
Q9BZ67-3,430.0,76.95562791,confident,92.67241379,0.798501228,na
Q9BWV3-4,134.0,76.95462687,confident,26.07003891,0.399070991,na
Q07866-8,551.0,76.95404719,confident,94.77351916,0.718116522,na
Q9UGM5-2,345.0,76.95385507,confident,90.31413613,0.875198447,na
O96017-5,203.0,76.95349754,confident,36.64825046,0.429180203,na
P54710-2,64.0,76.95,confident,86.95652174,0.537180878,na
A2RRL7-2,83.0,76.94771084,confident,76.63551402,0.487092804,na
O15530-3,530.0,76.94679245,confident,95.32374101,0.741351908,na
Q8NHP6-2,455.0,76.94226374,confident,87.83783784,0.384607192,1
O15519-14,435.0,76.94114943,confident,90.625,0.474235316,1
Q6P2M8-2,366.0,76.93846995,confident,93.44262295,0.871037003,na
Q9UKB3-2,107.0,76.93682243,confident,49.75124378,0.667517772,na
Q92185-2,135.0,76.9317037,confident,36.31284916,0.415406558,na
Q15185-2,127.0,76.92992126,confident,79.375,0.445931864,1
Q6KCM7-2,503.0,76.91377734,confident,85.14851485,0.797241458,na
Q96L15-2,239.0,76.91004184,confident,68.72964169,0.779787909,na
Q8NHS3-2,153.0,76.90784314,confident,28.95752896,0.478201954,na
Q9BVX2-2,231.0,76.90190476,confident,92.4,0.611007233,na
Q96MZ0-4,386.0,76.89735751,confident,95.07772021,0.829938091,na
Q9Y6M1-6,531.0,76.89694915,confident,88.64774624,0.778889805,na
Q8TBX8-3,403.0,76.8939206,confident,95.72446556,0.880512011,na
Q5TBB1-2,257.0,76.89225681,confident,77.25856698,0.830602211,na
P21781-2,97.0,76.89041237,confident,48.96907216,0.41813789,na
Q8WWU5-5,511.0,76.88976517,confident,96.31782946,0.889472775,na
Q96MU8-2,492.0,76.88613821,confident,95.73170732,0.708164651,na
Q8N5A5-3,502.0,76.87249004,confident,94.5386064,0.482053735,1
P37840-2,112.0,76.86955357,confident,80.0,0.731122804,na
Q9H0B8-2,449.0,76.86846325,confident,86.36363636,0.498604674,1
Q9UL41-2,455.0,76.86676923,confident,95.03239741,0.45889431,1
P52757-5,274.0,76.86635036,confident,46.73469388,0.528429077,na
Q9GZX9-2,75.0,76.86573333,confident,33.1838565,0.416484097,na
Q9Y6N9-4,533.0,76.86485929,confident,96.55797101,0.537235967,na
Q5SYC1-2,181.0,76.86414365,confident,55.35168196,0.518197162,na
Q6P087-2,336.0,76.85857143,confident,95.72649573,0.794695291,na
Q96A99-2,473.0,76.85598309,confident,88.53118712,0.636024605,na
P10082-2,90.0,76.85577778,confident,92.78350515,0.676135446,na
Q5T4I8-2,65.0,76.83815385,confident,42.76315789,0.337358334,na
Q96EY5-2,233.0,76.83523605,confident,85.34798535,0.599525485,na
A6NNP5-5,112.0,76.83508929,confident,52.3364486,0.491046353,na
P54284-2,447.0,76.82422819,confident,91.32231405,0.805499518,na
Q9H0C5-2,385.0,76.81493506,confident,74.89626556,0.708682202,na
Q9HC16-3,79.0,76.8143038,confident,15.07537688,0.399374636,na
Q9UNL4-7,246.0,76.81378049,confident,98.79518072,0.797925215,na
Q6P1R3-2,329.0,76.81197568,confident,58.85509839,0.709054567,na
Q8TBF2-7,201.0,76.81119403,confident,72.07207207,0.758446395,na
Q6P1Q0-7,373.0,76.81048257,confident,96.51474531,0.795694788,na
Q9H9P2-2,232.0,76.80142241,confident,84.98168498,0.559517845,na
Q86VF5-2,281.0,76.79480427,confident,66.01123596,0.733575412,na
Q96LA5-3,192.0,76.79395833,confident,26.80608365,0.479974075,na
Q8WWU5-7,516.0,76.78567829,confident,97.48062016,0.854307451,na
O75426-2,318.0,76.78242138,confident,51.60744501,0.532784244,na
Q9P287-3,292.0,76.78222603,confident,90.76433121,0.816870791,na
Q9Y2Q5-2,150.0,76.77826667,confident,66.87116564,0.810887964,na
Q13183-2,597.0,76.77561139,confident,85.49141966,0.896506179,na
P34969-3,432.0,76.77513889,confident,90.18789144,0.786463842,na
Q14508-2,73.0,76.76726027,confident,41.93548387,0.553207498,na
Q9UBI4-6,327.0,76.76094801,confident,82.16080402,0.515325438,na
P57727-6,538.0,76.75988848,confident,84.3866171,0.880420226,na
Q99640-2,480.0,76.758,confident,89.57915832,0.725504929,na
Q8WV60-3,279.0,76.75799283,confident,71.64948454,0.613288652,na
Q9H7Z6-2,467.0,76.75736617,confident,93.43220339,0.905095668,na
Q15526-2,288.0,76.75732639,confident,96.0,0.809472007,na
Q9HAP6-2,137.0,76.75656934,confident,66.18357488,0.331217883,na
Q0D2I5-2,199.0,76.75396985,confident,35.59928444,0.35769975,na
O43508-2,330.0,76.75387879,confident,55.19287834,0.441680709,na
P43630-2,438.0,76.75155251,confident,96.26373626,0.703152342,na
Q9NS61-3,220.0,76.74527273,confident,81.48148148,0.757862667,na
Q9UNL4-4,245.0,76.74461224,confident,98.3935743,0.879257503,na
Q9BYE2-2,563.0,76.73936057,confident,95.90443686,0.743592655,na
Q16671-2,478.0,76.73889121,confident,75.86206897,0.523947688,na
Q9H6Q3-3,234.0,76.73564103,confident,89.65517241,0.710217713,na
Q92993-4,494.0,76.73516194,confident,83.6996337,0.777794848,na
Q9H8W5-2,562.0,76.73238434,confident,96.89655172,0.612775467,na
P09455-2,153.0,76.73013072,confident,42.63959391,0.612714469,na
Q9NZJ7-2,372.0,76.72803763,confident,95.62982005,0.806088532,na
Q6ZNE5-2,379.0,76.72612137,confident,77.03252033,0.707607034,na
Q86VW2-2,474.0,76.7242616,confident,81.72413793,0.780849005,na
Q6P9G9-3,127.0,76.71606299,confident,22.79693487,0.386281451,na
Q7Z2E3-13,192.0,76.71390625,confident,49.5890411,0.436760848,na
P56378-2,75.0,76.70693333,confident,77.33333333,0.830875941,na
Q9H5N1-2,533.0,76.70621013,confident,93.67311072,0.341142793,1
O43189-2,457.0,76.69798687,confident,66.95957821,0.673462058,na
Q5R372-4,800.0,76.6964125,confident,98.1595092,0.561299844,na
P41227-2,220.0,76.696,confident,93.19148936,0.75231611,na
P06241-3,482.0,76.69356846,confident,89.75791434,0.491406176,1
O95069-2,411.0,76.69340633,confident,96.24413146,0.737489642,na
P41235-6,442.0,76.69300905,confident,90.50632911,0.741934837,na
Q8NDX2-2,539.0,76.69113173,confident,91.51103565,0.466025061,1
Q14790-4,496.0,76.68544355,confident,90.80234834,0.6595503,na
O00421-2,356.0,76.6788764,confident,96.62921348,0.878153217,na
P42771-4,167.0,76.67790419,confident,91.01796407,0.850951537,na
Q8WZA0-2,211.0,76.67383886,confident,90.04739336,0.878855232,na
Q8NEJ9-2,311.0,76.66337621,confident,98.41269841,0.563479203,na
Q8TBF5-2,276.0,76.65253623,confident,93.47826087,0.78905582,na
Q49A26-3,547.0,76.64548446,confident,98.91500904,0.685129186,na
P19878-3,481.0,76.64538462,confident,91.44486692,0.4746497,1
P21554-2,411.0,76.6436253,confident,81.72268908,0.799546796,na
Q7Z5L0-3,102.0,76.63901961,confident,48.01980198,0.475298874,na
Q9NRA1-3,167.0,76.63155689,confident,44.15954416,0.554087642,na
Q9BZ67-2,408.0,76.6289951,confident,87.93103448,0.801063845,na
Q16625-5,200.0,76.62615,confident,38.31417625,0.424990952,na
Q9NNX6-4,168.0,76.6239881,confident,41.58415842,0.336327338,na
Q59EK9-4,364.0,76.62123626,confident,81.61434978,0.727203086,na
O14931-5,165.0,76.61690909,confident,70.81339713,0.65971129,na
Q96QS1-5,258.0,76.61542636,confident,69.41896024,0.734588481,na
Q96MD7-1,157.0,76.61050955,confident,63.38797814,0.626584073,na
P24522-2,131.0,76.61045802,confident,78.78787879,0.721443145,na
Q7Z419-2,214.0,76.60915888,confident,61.78343949,0.417710586,na
Q8TAV0-4,312.0,76.60266026,confident,81.23167155,0.704897283,na
Q9UHD8-3,422.0,76.60225118,confident,72.01365188,0.673347347,na
Q96MI6-2,284.0,76.60221831,confident,57.88336933,0.380221626,na
Q9H0A6-2,338.0,76.59488166,confident,91.98895028,0.66718594,na
Q6DN72-4,311.0,76.5918328,confident,69.12442396,0.552640342,na
P17181-3,496.0,76.58931452,confident,89.04847397,0.689288309,na
Q9UMS0-2,113.0,76.58663717,confident,44.48818898,0.520413789,na
Q86Y07-3,485.0,76.58298969,confident,95.47244094,0.681902812,na
Q5VX71-3,290.0,76.58096552,confident,51.31845842,0.521940588,na
P43629-2,349.0,76.56888252,confident,78.6036036,0.629435783,na
A6NDA9-2,560.0,76.568125,confident,98.21428571,0.671670537,na
Q14CZ8-2,367.0,76.56367847,confident,73.4741784,0.62055686,na
O43316-2,273.0,76.56223443,confident,70.85714286,0.51736267,na
Q92952-2,561.0,76.56190731,confident,96.79144385,0.864439449,na
Q8N423-4,482.0,76.56089212,confident,80.60200669,0.570697671,na
Q9UJ41-4,505.0,76.5600198,confident,97.22772277,0.74640322,na
Q9UNL4-6,248.0,76.55491935,confident,99.59839357,0.869497875,na
P68402-4,202.0,76.55460396,confident,57.6,0.768918504,na
Q6ZMK1-4,203.0,76.55389163,confident,43.61702128,0.489033781,na
Q8IYM1-2,312.0,76.55092949,confident,87.15083799,0.739220024,na
Q9H3F6-2,290.0,76.54803448,confident,92.65175719,0.524117955,na
Q9NVH6-3,399.0,76.54626566,confident,79.40503432,0.799802246,na
Q93038-3,218.0,76.54311927,confident,47.03087886,0.564416377,na
P49768-6,409.0,76.54190709,confident,87.58029979,0.776285372,na
P46976-3,279.0,76.54129032,confident,61.70798898,0.727466169,na
Q96DL1-3,365.0,76.54115068,confident,55.53633218,0.531704702,na
P46095-2,377.0,76.53737401,confident,96.02122016,0.796412056,na
Q93062-4,143.0,76.53664336,confident,65.51724138,0.59801169,na
Q9UMR2-4,453.0,76.53591611,confident,88.93442623,0.637564065,na
Q8TB37-2,173.0,76.52959538,confident,53.9184953,0.561700856,na
Q5TDH0-2,211.0,76.52862559,confident,52.88220551,0.409107763,na
P62508-4,396.0,76.52257576,confident,86.4628821,0.558446174,na
Q9BWF3-2,177.0,76.51762712,confident,40.10989011,0.433148952,na
P34969-2,445.0,76.51761798,confident,89.8340249,0.832057198,na
Q86UT5-2,505.0,76.51752475,confident,82.98611111,0.843744548,na
Q9P0W2-3,293.0,76.51211604,confident,92.42902208,0.547628873,na
P48551-2,331.0,76.51084592,confident,54.71698113,0.555328131,na
P15812-10,101.0,76.50792079,confident,17.51269036,0.449803902,na
Q9UEW8-2,526.0,76.5048289,confident,96.51376147,0.64829017,na
Q8NDF8-4,370.0,76.50183784,confident,64.16083916,0.62772757,na
Q8IYX8-2,391.0,76.49913043,confident,84.56521739,0.62925232,na
P55210-3,336.0,76.49633929,confident,90.17857143,0.807999671,na
Q8N2K1-3,275.0,76.49570909,confident,94.18181818,0.742827553,na
P35372-11,389.0,76.49347044,confident,97.0,0.842047749,na
Q13163-2,438.0,76.49207763,confident,97.76785714,0.679745798,na
Q8WVN8-3,359.0,76.48158774,confident,83.29048843,0.58986835,na
Q9UNL4-5,246.0,76.4802439,confident,98.3935743,0.707069677,na
Q8N2G8-3,491.0,76.4795723,confident,92.64150943,0.9004582,na
Q9NP72-2,235.0,76.47914894,confident,87.65957447,0.81502981,na
Q969G3-5,328.0,76.47426829,confident,75.36231884,0.430111044,na
Q96A33-2,480.0,76.47304167,confident,91.23505976,0.782625985,na
Q9UNZ2-4,339.0,76.47073746,confident,91.62162162,0.376784118,1
O14713-2,150.0,76.47,confident,75.0,0.40271421,1
Q12926-2,346.0,76.4649711,confident,96.37883008,0.655798334,na
Q9BWP8-10,285.0,76.46122807,confident,95.0877193,0.616341257,na
Q68DY1-3,92.0,76.45923913,confident,15.31190926,0.438604689,na
O15244-2,483.0,76.4584058,confident,75.83187391,0.822898029,na
P40424-2,347.0,76.45708934,confident,76.25570776,0.723570782,na
Q9NXW2-2,377.0,76.45575597,confident,98.14323607,0.501419881,na
P14136-2,438.0,76.45351598,confident,84.94623656,0.624673275,na
Q9NXR1-1,346.0,76.45289017,confident,92.48554913,0.58761903,na
P41586-3,447.0,76.45098434,confident,95.51282051,0.950218615,na
Q03060-8,120.0,76.44841667,confident,29.56521739,0.398887311,na
Q63ZE4-2,269.0,76.44171004,confident,43.75,0.647220522,na
Q96C03-3,465.0,76.4384086,confident,97.6344086,0.752311965,na
Q8TCJ0-2,358.0,76.43824022,confident,97.54768392,0.77852699,na
P10415-2,205.0,76.43736585,confident,82.98755187,0.829956244,na
Q86XS8-2,384.0,76.42986979,confident,91.40811456,0.723452494,na
Q9UJQ1-2,236.0,76.42338983,confident,84.28571429,0.723876317,na
Q2TBF2-2,585.0,76.42225641,confident,96.58119658,0.674311689,na
Q9Y5K3-4,351.0,76.41504274,confident,90.54054054,0.763650999,na
Q9Y5N1-5,326.0,76.40932515,confident,73.25842697,0.721540473,na
Q8IXQ4-3,170.0,76.40670588,confident,50.0,0.307228518,na
Q13163-3,444.0,76.40587838,confident,95.59471366,0.659297297,na
O95859-2,192.0,76.3978125,confident,60.98360656,0.400667137,na
Q8N2F6-5,284.0,76.39721831,confident,82.79883382,0.584965338,na
Q9BYG7-6,196.0,76.38943878,confident,79.03225806,0.598972831,na
Q53GI3-3,162.0,76.38925926,confident,27.58007117,0.392513599,na
Q8TB61-4,339.0,76.38864307,confident,71.3963964,0.820031408,na
Q9BYW1-2,242.0,76.38057851,confident,37.47572816,0.588520248,na
P32780-2,432.0,76.3775463,confident,78.83211679,0.864044918,na
Q96HS1-2,255.0,76.37501961,confident,83.61774744,0.746939472,na
Q03060-10,121.0,76.37239669,confident,33.62318841,0.425155773,na
Q9Y6M1-3,536.0,76.37070896,confident,86.58940397,0.763272392,na
Q96DZ1-2,429.0,76.36895105,confident,88.81987578,0.611517045,na
P13805-3,262.0,76.36778626,confident,94.24460432,0.393223822,1
Q5EBL4-3,252.0,76.36420635,confident,62.03473945,0.433598886,na
Q15825-2,479.0,76.36125261,confident,96.96356275,0.845067558,na
Q12974-2,82.0,76.36,confident,37.5,0.604327216,na
Q8N2I9-4,440.0,76.35525,confident,98.86363636,0.808310397,na
O00330-2,274.0,76.3529562,confident,54.69061876,0.4515574,na
P04637-2,341.0,76.35,confident,84.4783715,0.63812804,na
O75525-2,271.0,76.34273063,confident,77.74566474,0.590961099,na
Q9UNL4-2,248.0,76.34129032,confident,99.19678715,0.792385659,na
Q96Q35-2,422.0,76.33417062,confident,94.83146067,0.576344451,na
P35348-5,297.0,76.33252525,confident,63.30472103,0.737576444,na
Q96ER9-2,302.0,76.33076159,confident,73.47931873,0.532979154,na
Q9UJA5-3,365.0,76.32580822,confident,69.67871486,0.65284828,na
Q9UM44-2,350.0,76.322,confident,73.64705882,0.742464478,na
Q96EX2-3,330.0,76.31812121,confident,68.50220264,0.680871698,na
P35372-8,397.0,76.31710327,confident,97.25,0.842418316,na
Q9BPY8-3,91.0,76.31648352,confident,80.21978022,0.760074809,na
Q8N4A0-2,406.0,76.31403941,confident,50.99009901,0.720823277,na
Q6PIY7-2,480.0,76.31385417,confident,99.17355372,0.747296837,na
Q9NWZ5-3,395.0,76.3115443,confident,70.18181818,0.553738492,na
Q9NVF7-2,179.0,76.31072626,confident,47.01086957,0.488827643,na
Q9BXY4-2,292.0,76.30517123,confident,91.09589041,0.815011151,na
Q9H228-2,310.0,76.3033871,confident,52.23214286,0.675855174,na
P04637-3,346.0,76.29251445,confident,84.98727735,0.641100967,na
Q8TCF1-3,261.0,76.29030651,confident,97.3880597,0.585111685,na
Q9P0I2-2,219.0,76.28684932,confident,83.90804598,0.901446751,na
O00482-3,369.0,76.28298103,confident,68.20702403,0.422685675,na
Q6ZN54-6,434.0,76.28262673,confident,84.765625,0.715150478,na
Q13190-2,301.0,76.28019934,confident,84.78873239,0.705576686,na
O95278-5,224.0,76.27727679,confident,47.91086351,0.649880892,na
Q9Y2Z9-2,391.0,76.26964194,confident,71.7791411,0.856463366,na
Q8N8R3-3,237.0,76.26924051,confident,78.21782178,0.595964951,na
P18577-3,267.0,76.2682397,confident,59.20745921,0.532558414,na
Q6N075-2,557.0,76.26150808,confident,80.78994614,0.895661267,na
Q9GZP0-2,364.0,76.25898352,confident,98.37837838,0.429226332,1
Q3YBR2-3,187.0,76.2586631,confident,45.49878345,0.529103351,na
Q7Z6B0-2,411.0,76.25391727,confident,91.83673469,0.694073957,na
Q9NZC2-2,219.0,76.25251142,confident,70.35573123,0.631326085,na
Q9UN19-2,280.0,76.24875,confident,88.73720137,0.425969687,1
Q9BRP8-2,203.0,76.2464532,confident,94.17475728,0.340960706,1
Q9UK58-5,172.0,76.24238372,confident,30.94339623,0.458441311,na
P52757-7,286.0,76.23458042,confident,48.97959184,0.404172022,na
O75575-2,115.0,76.23356522,confident,77.7027027,0.646530908,na
P78329-2,190.0,76.23263158,confident,30.14981273,0.492435484,na
Q4AE62-2,373.0,76.23217158,confident,81.44104803,0.711233686,na
P52798-3,207.0,76.22971014,confident,75.90909091,0.734028261,na
Q68G75-4,70.0,76.22842857,confident,37.56906077,0.456083914,na
Q8N7B6-2,221.0,76.22733032,confident,89.11290323,0.637829903,na
Q96KP6-2,369.0,76.21785908,confident,74.93670886,0.624630866,na
Q9H1B4-5,302.0,76.21543046,confident,75.31486146,0.686975406,na
O60828-7,128.0,76.21296875,confident,38.34586466,0.403585592,na
O00499-8,454.0,76.21015419,confident,72.20394737,0.620472995,na
Q9UQ07-6,418.0,76.20983254,confident,99.76133652,0.883877308,na
P47902-2,130.0,76.20884615,confident,49.05660377,0.473690108,na
Q9UNL4-3,225.0,76.2052,confident,89.95983936,0.635608491,na
P06748-2,265.0,76.20279245,confident,90.13605442,0.639285419,na
Q86UA6-8,231.0,76.20242424,confident,92.64069264,0.587968557,na
P21741-2,87.0,76.20091954,confident,60.83916084,0.451916699,na
Q14318-3,253.0,76.19936759,confident,61.40776699,0.488303534,na
Q01344-5,211.0,76.19895735,confident,50.23809524,0.430430997,na
Q5H913-2,256.0,76.19527344,confident,86.55172414,0.74772138,na
Q99784-4,135.0,76.19459259,confident,22.4742268,0.345693529,na
O15264-2,257.0,76.19252918,confident,56.18556701,0.652157238,na
Q17RN3-2,267.0,76.16891386,confident,76.50429799,0.465154769,1
Q86XR8-2,474.0,76.16056962,confident,94.8,0.50310822,na
P10747-5,55.0,76.15909091,confident,23.63636364,0.327156058,na
Q86U70-3,316.0,76.15731013,confident,72.59615385,0.655730719,na
O14662-3,115.0,76.14956522,confident,35.07692308,0.342817573,na
Q6ZS27-2,318.0,76.1454717,confident,74.64788732,0.667484602,na
Q9BQI0-2,176.0,76.14392045,confident,85.22727273,0.67209082,na
Q8TE02-2,279.0,76.13860215,confident,75.60240964,0.798971028,na
O60664-2,251.0,76.13776892,confident,57.83410138,0.702707228,na
Q9HA72-2,218.0,76.13366972,confident,54.02298851,0.609134226,na
Q5TBK1-2,173.0,76.13202312,confident,53.46153846,0.538155127,na
O14733-3,435.0,76.13006897,confident,96.09195402,0.938438479,na
Q86SX3-4,248.0,76.12745968,confident,50.1010101,0.280861334,na
Q9UBL9-4,497.0,76.12404427,confident,94.76861167,0.86407574,na
Q29983-2,287.0,76.11606272,confident,74.93472585,0.428654669,1
Q9NYG8-2,419.0,76.11560859,confident,93.7947494,0.737859938,na
Q08209-4,289.0,76.11079585,confident,55.47024952,0.337236954,na
Q2MV58-6,260.0,76.10573077,confident,35.18518519,0.497823127,na
Q07866-3,564.0,76.10234043,confident,98.42931937,0.582380795,na
Q16651-2,289.0,76.10186851,confident,84.25655977,0.703764181,na
Q6ZMB0-2,264.0,76.09155303,confident,63.80208333,0.670798244,na
Q6ZSG1-2,154.0,76.09071429,confident,44.50867052,0.49729117,na
Q9BX59-7,509.0,76.08882122,confident,83.7164751,0.864451524,na
Q7L513-5,219.0,76.08579909,confident,61.00278552,0.413026991,na
Q9HCN4-3,279.0,76.07541219,confident,71.69312169,0.697417231,na
O75787-2,318.0,76.07201258,confident,90.85714286,0.703961141,na
Q9UKP3-2,329.0,76.06863222,confident,93.9481268,0.544128162,na
Q8TC44-2,436.0,76.06681193,confident,91.21338912,0.653139842,na
Q9C0K1-2,393.0,76.06641221,confident,84.38177874,0.74937012,na
Q9HBI1-2,397.0,76.05491184,confident,82.10784314,0.805015491,na
Q2MKA7-2,236.0,76.05207627,confident,88.21292776,0.722364365,na
Q92552-2,428.0,76.04876168,confident,96.72897196,0.932013055,na
A6NEM1-2,274.0,76.04624088,confident,63.42592593,0.426491174,na
P52797-2,212.0,76.04150943,confident,88.65546218,0.730192345,na
P30988-1,490.0,76.03661224,confident,96.73469388,0.869337481,na
Q86VZ4-2,237.0,76.03316456,confident,41.78217822,0.409999244,na
Q969N2-3,367.0,76.02730245,confident,60.7266436,0.375927986,na
Q9HBU1-2,100.0,76.0258,confident,39.37007874,0.378695225,na
P78381-5,332.0,76.02135542,confident,82.87153652,0.739255522,na
Q8N423-2,597.0,76.00891122,confident,99.83277592,0.736916899,na
P41586-5,411.0,76.0043309,confident,87.82051282,0.825371648,na
O95069-3,422.0,76.00241706,confident,96.95550351,0.772961683,na
Q9NSI2-2,215.0,75.99223256,confident,93.47826087,0.416015268,1
Q8N6U8-2,407.0,75.98997543,confident,76.18147448,0.775266448,na
O43852-2,315.0,75.98904762,confident,92.6984127,0.772086881,na
Q03923-2,562.0,75.983879,confident,94.45378151,0.766391412,na
Q9BY76-2,368.0,75.98190217,confident,90.39408867,0.486137852,1
Q00765-2,131.0,75.97748092,confident,62.88659794,0.504097008,na
Q9Y6J8-3,318.0,75.97389937,confident,71.46974063,0.787473014,na
Q96HR9-2,184.0,75.97255435,confident,87.20379147,0.894927667,na
Q01196-3,250.0,75.9684,confident,53.64238411,0.570934712,na
Q92844-2,117.0,75.9657265,confident,26.11764706,0.408164004,na
Q9NQ25-3,335.0,75.96480597,confident,89.21282799,0.750577779,na
Q6NSZ9-4,162.0,75.96296296,confident,24.95446266,0.392316032,na
Q14451-3,555.0,75.96207207,confident,95.85585586,0.801659053,na
Q969K7-2,202.0,75.96123762,confident,90.99099099,0.441839046,1
Q7LG56-6,423.0,75.96042553,confident,79.02097902,0.838325894,na
Q9BZW8-3,329.0,75.95851064,confident,87.2972973,0.495809067,1
Q9BZG1-4,237.0,75.95135021,confident,91.50579151,0.786521585,na
Q13324-2,438.0,75.94296804,confident,85.5233853,0.851404494,na
Q92466-4,363.0,75.93658402,confident,85.0117096,0.755437607,na
Q86XE0-2,277.0,75.93306859,confident,58.93719807,0.608527553,na
Q8N144-2,295.0,75.92986441,confident,84.86842105,0.762260783,na
Q86UD5-2,454.0,75.92949339,confident,78.41328413,0.644683521,na
P38117-2,346.0,75.92736994,confident,69.36416185,0.859571205,na
Q92851-4,522.0,75.92689655,confident,89.88764045,0.473768928,na
P24864-2,367.0,75.92675749,confident,89.51219512,0.687669703,na
Q9Y272-2,122.0,75.92114754,confident,35.2739726,0.47272464,na
Q9Y275-2,266.0,75.9175188,confident,93.33333333,0.459253259,1
Q96DI7-2,409.0,75.91748166,confident,83.69829684,0.863933733,na
P41235-5,452.0,75.90263274,confident,92.82700422,0.708855771,na
Q18PE1-4,255.0,75.90117647,confident,37.07224335,0.582156073,na
Q49MI3-9,514.0,75.89747082,confident,91.93548387,0.861150195,na
Q8TBX8-2,373.0,75.89367292,confident,88.59857482,0.776937635,na
Q0D2I5-6,200.0,75.893,confident,35.53571429,0.32385245,na
P52741-2,348.0,75.89204023,confident,77.64976959,0.682287212,na
P61244-6,83.0,75.89108434,confident,36.19631902,0.453351854,na
P43307-2,259.0,75.89050193,confident,90.55944056,0.542868969,na
Q7RTX9-2,336.0,75.889375,confident,65.88235294,0.62474986,na
Q8N1N4-2,410.0,75.8872439,confident,74.95256167,0.477233824,na
P35372-2,392.0,75.88647959,confident,97.25,0.83001528,na
Q96NG5-2,331.0,75.88513595,confident,82.33830846,0.727709468,na
P61812-2,442.0,75.88366516,confident,93.43891403,0.907850424,na
P10966-6,243.0,75.88222222,confident,85.18518519,0.744216474,na
Q6UY27-2,70.0,75.87771429,confident,61.94690265,0.450391333,na
P24001-3,178.0,75.87646067,confident,76.06837607,0.739843367,na
Q9GZV1-2,327.0,75.87620795,confident,90.83333333,0.48786503,1
Q8IZ96-15,28.0,75.87535714,confident,15.97633136,0.195369788,na
P13631-4,432.0,75.8750463,confident,77.89699571,0.599724566,na
O00451-2,331.0,75.87178248,confident,69.39655172,0.544549894,na
P13646-3,420.0,75.8662381,confident,90.82969432,0.520097335,na
P47869-2,456.0,75.86083333,confident,72.95719844,0.742340835,na
Q9BYE2-6,567.0,75.85119929,confident,95.40816327,0.794905189,na
Q9UIL8-2,292.0,75.84623288,confident,88.21752266,0.372509535,1
Q16560-2,251.0,75.84474104,confident,98.00796813,0.721160296,na
P18507-2,475.0,75.84277895,confident,98.31578947,0.80615774,na
Q96DZ9-2,156.0,75.84070513,confident,69.95515695,0.446982485,na
Q9H2L5-3,251.0,75.8336255,confident,78.19314642,0.557749977,na
Q5JS13-7,537.0,75.82851024,confident,84.02061856,0.638563247,na
O14662-5,321.0,75.82130841,confident,98.76923077,0.635372485,na
P41162-2,143.0,75.81447552,confident,26.11218569,0.463468403,na
Q13561-3,403.0,75.81248139,confident,99.50372208,0.206875512,1
Q06265-2,456.0,75.80861842,confident,96.27192982,0.776241971,na
Q96CP7-2,200.0,75.80845,confident,71.9844358,0.730790604,na
Q13555-6,588.0,75.79828231,confident,94.72789116,0.799455639,na
Q9NQS3-3,487.0,75.7963655,confident,59.82758621,0.619833127,na
P23443-4,451.0,75.78953437,confident,85.14285714,0.798426237,na
P24046-2,462.0,75.78738095,confident,96.45093946,0.766608183,na
Q9Y5U5-3,234.0,75.78623932,confident,96.68049793,0.61240204,na
O43291-2,195.0,75.78579487,confident,77.38095238,0.458763095,1
P0CAP1-11,550.0,75.78454545,confident,79.81818182,0.545192701,na
Q86UT5-3,491.0,75.78435845,confident,80.55555556,0.604817882,na
Q9BVP2-2,537.0,75.7756797,confident,97.81420765,0.697867272,na
P26378-5,369.0,75.77306233,confident,94.55958549,0.728333877,na
Q8N983-6,235.0,75.76987234,confident,67.32283465,0.687412888,na
Q8TC71-2,506.0,75.76956522,confident,93.866171,0.486054977,1
Q9NR21-5,239.0,75.76937238,confident,68.93491124,0.441202412,na
Q8N4Y2-2,230.0,75.76404348,confident,42.24343675,0.39929185,na
Q9BYE2-3,532.0,75.75860902,confident,89.28571429,0.791886125,na
Q8IUK5-3,337.0,75.75830861,confident,65.2173913,0.639816164,na
Q8IZJ6-3,157.0,75.75242038,confident,66.52173913,0.556393458,na
P30040-2,53.0,75.74924528,confident,18.77394636,0.247324103,na
Q5T7P8-2,425.0,75.74454118,confident,83.33333333,0.611644598,na
Q86W74-1,232.0,75.74409483,confident,86.8852459,0.697349492,na
O43678-2,76.0,75.74355263,confident,70.70707071,0.774528673,na
Q6PP77-2,245.0,75.73779592,confident,54.56570156,0.674670034,na
Q96LA6-2,428.0,75.73471963,confident,99.76689977,0.842526353,na
O75192-2,216.0,75.73268519,confident,87.04453441,0.777150442,na
Q8WWY3-4,491.0,75.73232179,confident,84.49612403,0.496532175,1
Q92844-3,119.0,75.7297479,confident,26.11764706,0.401675368,na
Q8NEP7-2,288.0,75.72618056,confident,68.6440678,0.758359474,na
Q9H1B4-4,305.0,75.71868852,confident,75.31486146,0.666873344,na
P35348-7,324.0,75.7166358,confident,64.59227468,0.714125205,na
Q8N0S6-2,390.0,75.71317949,confident,88.20512821,0.820813623,na
Q9Y6Y9-2,130.0,75.70253846,confident,80.625,0.771150205,na
P08138-2,333.0,75.7024024,confident,77.98594848,0.36855634,1
Q7L513-4,225.0,75.70053333,confident,62.11699164,0.427716124,na
O60260-8,415.0,75.6960241,confident,89.24731183,0.829012369,na
P50539-2,192.0,75.69432292,confident,84.21052632,0.551500772,na
Q96GJ1-2,494.0,75.69392713,confident,91.97651663,0.815020532,na
Q9UBF6-4,97.0,75.69247423,confident,85.84070796,0.449816503,1
Q96GE6-3,81.0,75.69234568,confident,41.32653061,0.631143735,na
Q13286-3,421.0,75.69232779,confident,94.74885845,0.808313198,na
Q8WVP7-3,531.0,75.68082863,confident,92.09039548,0.891986575,na
Q9BXI6-2,515.0,75.68062136,confident,98.6407767,0.807681688,na
P43115-9,403.0,75.67992556,confident,89.65517241,0.833762276,na
Q86XW9-2,263.0,75.6743346,confident,76.66666667,0.534442358,na
Q9H3S4-2,124.0,75.67282258,confident,37.8600823,0.709393942,na
Q9BQA5-2,419.0,75.6676611,confident,70.92592593,0.762035962,na
Q86XR8-5,491.0,75.66635438,confident,97.0,0.457544157,1
Q9Y5W9-2,262.0,75.66328244,confident,95.55555556,0.637332683,na
P82650-2,168.0,75.65880952,confident,46.38888889,0.47294665,na
A8MVW5-3,485.0,75.65859794,confident,95.25773196,0.706532896,na
Q8TDM0-3,203.0,75.65596059,confident,79.53488372,0.484381798,1
P10966-9,198.0,75.65449495,confident,75.43859649,0.649824367,na
Q8TDQ1-5,244.0,75.65020492,confident,54.66237942,0.507616653,na
P0CAP1-9,415.0,75.64821687,confident,78.75,0.508130427,na
P78369-3,207.0,75.64241546,confident,74.67248908,0.754620377,na
P23760-2,215.0,75.63269767,confident,40.0,0.48962421,na
Q86XR8-4,488.0,75.62942623,confident,96.4,0.544745887,na
Q14653-3,154.0,75.62915584,confident,36.06557377,0.503433602,na
Q9UIB8-2,339.0,75.62147493,confident,98.26086957,0.743765494,na
Q9NVF9-2,394.0,75.61703046,confident,86.38613861,0.860566978,na
Q5SQI0-5,323.0,75.61272446,confident,76.72209026,0.593757479,na
Q86WD7-2,335.0,75.61122388,confident,72.87356322,0.731199717,na
Q9NSU2-1,369.0,75.60929539,confident,85.09485095,0.719703946,na
Q8TBZ3-7,600.0,75.60863333,confident,94.83333333,0.81988991,na
O75569-2,302.0,75.60721854,confident,93.92971246,0.622835992,na
Q8N682-2,128.0,75.606875,confident,53.78151261,0.615018295,na
Q15286-2,152.0,75.60598684,confident,58.0952381,0.720524584,na
Q96EV8-3,270.0,75.60237037,confident,76.92307692,0.435622521,1
Q86SQ3-2,232.0,75.57948276,confident,27.94411178,0.323763673,na
Q9P0N8-2,176.0,75.578125,confident,71.54471545,0.375296456,1
Q9BRK3-3,433.0,75.57575058,confident,95.29147982,0.66293107,na
Q96IY1-2,213.0,75.57460094,confident,60.13745704,0.388158633,na
P0CAP1-4,438.0,75.57210046,confident,93.99141631,0.545392615,na
Q7Z2H8-4,243.0,75.57160494,confident,50.6302521,0.575804193,na
Q8TBN0-2,356.0,75.56794944,confident,71.32867133,0.482321217,1
Q8NBW4-3,498.0,75.56660643,confident,87.34402852,0.699792636,na
P40259-3,230.0,75.56395652,confident,99.56521739,0.474874324,1
Q14542-3,301.0,75.56368771,confident,62.23175966,0.648702843,na
O00124-3,233.0,75.56107296,confident,86.2962963,0.417531238,1
A5X5Y0-4,456.0,75.55765351,confident,86.83127572,0.844694152,na
O43679-3,347.0,75.55674352,confident,93.02949062,0.645625833,na
Q8NHP1-3,249.0,75.55164659,confident,58.25825826,0.687108003,na
Q8N5A5-2,511.0,75.55017613,confident,96.23352166,0.392388194,1
Q2MKA7-3,200.0,75.53745,confident,76.04562738,0.532076446,na
Q49A26-4,484.0,75.53688017,confident,87.52260398,0.639089865,na
P49759-3,526.0,75.53634981,confident,92.01520913,0.805433404,na
Q14802-5,61.0,75.53557377,confident,37.25490196,0.311688999,na
Q9UBM1-3,232.0,75.53202586,confident,61.83206107,0.716091533,na
Q96H12-2,159.0,75.53100629,confident,53.09090909,0.445335391,na
P36544-2,531.0,75.53054614,confident,94.5386064,0.880280769,na
Q15717-2,353.0,75.52943343,confident,92.35127479,0.682976033,na
P78380-2,181.0,75.5279558,confident,53.7366548,0.422539435,na
Q8WU90-2,162.0,75.52308642,confident,29.26267281,0.318804714,na
P56545-3,513.0,75.51910331,confident,82.46628131,0.708121673,na
O43776-2,174.0,75.51712644,confident,27.40471869,0.568310558,na
O00482-2,495.0,75.51660606,confident,91.49722736,0.56291867,na
Q96EY1-2,453.0,75.51571744,confident,93.54166667,0.640433958,na
Q15555-3,315.0,75.51507937,confident,89.60244648,0.76978374,na
Q8N2G8-2,474.0,75.51316456,confident,80.2559415,0.829966863,na
O14653-2,213.0,75.50971831,confident,85.58951965,0.638388721,na
Q13491-4,328.0,75.50585366,confident,75.30487805,0.824503948,na
P21754-2,372.0,75.50432796,confident,86.08490566,0.491092671,1
P62995-2,38.0,75.50394737,confident,5.555555556,0.20705978,na
Q9H0F6-2,326.0,75.49616564,confident,78.48101266,0.644823327,na
Q2QL34-2,147.0,75.49571429,confident,51.61290323,0.711960389,na
Q9NR12-3,153.0,75.49228758,confident,30.41575492,0.400152212,na
Q9Y5Q8-3,526.0,75.49079848,confident,98.66920152,0.75990853,na
Q96H72-2,364.0,75.49010989,confident,98.11320755,0.74979618,na
Q86XW9-3,261.0,75.49003831,confident,76.06060606,0.502934184,na
Q9NNX6-3,312.0,75.48496795,confident,77.22772277,0.4828649,1
Q8IUX4-2,79.0,75.46886076,confident,15.46391753,0.400577682,na
Q7Z6B0-3,405.0,75.46575309,confident,91.83673469,0.595989763,na
Q96EZ8-3,449.0,75.46017817,confident,97.18614719,0.399022776,1
O14737-2,129.0,75.45341085,confident,68.57142857,0.60899528,na
Q13360-2,321.0,75.45190031,confident,66.73596674,0.559809792,na
Q7L8J4-2,361.0,75.44800554,confident,82.96296296,0.668730959,na
Q13426-2,334.0,75.44227545,confident,99.10714286,0.680255099,na
Q86V25-5,311.0,75.44141479,confident,87.32394366,0.717567197,na
Q14188-7,310.0,75.43548387,confident,69.50672646,0.484972894,na
Q86UB2-2,281.0,75.43270463,confident,53.7254902,0.578445701,na
Q6PCB0-2,233.0,75.42643777,confident,52.35955056,0.356597872,na
O60260-5,387.0,75.42547804,confident,75.0,0.472827745,1
Q9GZM8-2,367.0,75.42419619,confident,87.22826087,0.511513633,na
Q86SX3-6,426.0,75.41877934,confident,86.06060606,0.51616591,na
A2A2Y4-5,553.0,75.41862568,confident,91.95979899,0.65345147,na
Q9Y2G2-4,487.0,75.40051335,confident,90.68901304,0.805157298,na
Q5SQI0-4,333.0,75.38834835,confident,76.72209026,0.555026746,na
Q8TD46-4,348.0,75.3879023,confident,92.52873563,0.660687841,na
O94905-3,206.0,75.38417476,confident,44.6685879,0.654783065,na
Q9BUB5-2,424.0,75.38337264,confident,91.1827957,0.798331722,na
P18846-2,136.0,75.38301471,confident,50.18450185,0.370660013,na
Q8NBB4-2,178.0,75.38191011,confident,32.92978208,0.481987726,na
Q6YP21-2,167.0,75.3794012,confident,33.69803063,0.541415891,na
Q8N531-2,533.0,75.37502814,confident,98.88682746,0.869125408,na
Q68D86-2,483.0,75.37242236,confident,93.00970874,0.352486412,1
Q8N2F6-3,284.0,75.36753521,confident,82.79883382,0.472298376,1
Q8TE02-3,179.0,75.36519553,confident,50.94936709,0.699469554,na
Q9NRW7-2,538.0,75.35789963,confident,67.69230769,0.780517111,na
Q6ZVK1-2,197.0,75.35670051,confident,73.66255144,0.771096765,na
Q9Y3V2-4,200.0,75.3538,confident,69.66292135,0.612659777,na
P49458-2,82.0,75.35060976,confident,49.53271028,0.758121347,na
O75023-3,591.0,75.35033841,confident,99.83079526,0.828684896,na
P49238-2,387.0,75.34408269,confident,91.73126615,0.889338214,na
Q86XR7-2,404.0,75.34230198,confident,53.56265356,0.556458472,na
Q5T5S1-4,383.0,75.34117493,confident,51.75438596,0.334779605,na
Q9BUV8-2,129.0,75.33124031,confident,87.59124088,0.819139533,na
O60711-2,391.0,75.33015345,confident,97.69820972,0.783918695,na
Q9Y5N1-2,453.0,75.32889625,confident,98.23399558,0.888073477,na
Q9NZC2-3,222.0,75.32693694,confident,74.35897436,0.627540453,na
Q96K21-4,296.0,75.32347973,confident,62.84501062,0.392679572,na
Q86UD7-2,210.0,75.32285714,confident,75.98425197,0.756130556,na
P43115-5,418.0,75.3226555,confident,84.81308411,0.8624356,na
Q5T124-8,445.0,75.31975281,confident,85.57692308,0.495393155,1
O60493-3,113.0,75.31911504,confident,54.70588235,0.429036583,na
Q96P71-3,203.0,75.31192118,confident,45.40942928,0.584088288,na
Q9BW11-3,193.0,75.30880829,confident,83.25358852,0.539083465,na
P26378-4,366.0,75.30825137,confident,94.28571429,0.664855848,na
O75023-2,491.0,75.30759674,confident,82.91032149,0.5412143,na
Q9UMX9-2,298.0,75.30003356,confident,51.75600739,0.555089449,na
Q1ZYL8-3,157.0,75.29828025,confident,57.32758621,0.624539896,na
Q9H875-2,157.0,75.29305732,confident,48.81516588,0.656771101,na
Q8TB61-2,392.0,75.29262755,confident,90.74074074,0.625950155,na
Q14541-2,445.0,75.29188764,confident,91.68539326,0.559554378,na
Q9Y228-2,531.0,75.28943503,confident,96.37023593,0.53905371,na
Q9BSG1-4,387.0,75.28581395,confident,91.05882353,0.68840415,na
Q8TCT9-2,426.0,75.28556338,confident,88.49765258,0.836503325,na
Q5JS13-3,384.0,75.27184896,confident,54.85519591,0.670861686,na
Q9NSP4-3,58.0,75.27172414,confident,26.66666667,0.407718018,na
Q07866-2,560.0,75.27116071,confident,95.16407599,0.563059932,na
P62633-7,160.0,75.268875,confident,90.39548023,0.536948112,na
Q7L2K0-2,266.0,75.2656015,confident,61.43187067,0.292433143,na
P27824-2,627.0,75.26555024,confident,94.41786284,0.814767525,na
Q9HA92-2,195.0,75.26523077,confident,39.503386,0.542098717,na
Q9BX59-4,262.0,75.26061069,confident,50.84033613,0.684906653,na
Q9BRK3-2,450.0,75.26013333,confident,96.03524229,0.700514167,na
Q6ZMJ2-2,400.0,75.2598,confident,78.06841046,0.310695916,1
Q9Y6M4-2,455.0,75.25052747,confident,98.02197802,0.785941172,na
Q96HL8-2,323.0,75.24801858,confident,94.44444444,0.833680801,na
Q7Z465-2,275.0,75.24712727,confident,77.03081232,0.74138568,na
Q14849-3,445.0,75.24429213,confident,87.03296703,0.567391548,na
P51522-2,488.0,75.24010246,confident,94.57364341,0.77088513,na
O95866-7,222.0,75.23058559,confident,72.37354086,0.638836159,na
Q9H9L4-4,155.0,75.228,confident,29.11646586,0.388126126,na
P0DN86-2,181.0,75.22309392,confident,88.95027624,0.858535628,na
Q13530-2,418.0,75.22294258,confident,88.37209302,0.854510818,na
Q96PD5-2,634.0,75.22264984,confident,87.89308176,0.893646101,na
Q01196-4,257.0,75.21957198,confident,56.73289183,0.570447015,na
Q8TAA9-2,522.0,75.21955939,confident,99.61832061,0.865517327,na
Q15013-3,306.0,75.21866013,confident,83.97435897,0.7898524,na
Q96KP6-3,376.0,75.2181383,confident,73.6318408,0.636845876,na
Q00013-3,446.0,75.21558296,confident,95.70815451,0.632169366,na
O95243-6,262.0,75.21232824,confident,45.0,0.421521875,na
Q96GM5-2,474.0,75.21101266,confident,92.03883495,0.735693762,na
Q6UWP7-2,308.0,75.20899351,confident,61.70212766,0.633823201,na
Q9BX59-2,508.0,75.20732283,confident,92.12598425,0.807130558,na
Q13639-8,428.0,75.20584112,confident,90.65420561,0.862989629,na
A6NKF1-2,285.0,75.20547368,confident,58.76777251,0.632930483,na
P10966-4,246.0,75.20313008,confident,84.14634146,0.762779581,na
Q6GTX8-3,269.0,75.20148699,confident,93.728223,0.456896891,1
O00330-3,486.0,75.193107,confident,89.60784314,0.665521053,na
Q0P651-3,321.0,75.19308411,confident,64.0625,0.650579981,na
Q147U1-3,210.0,75.19190476,confident,39.39962477,0.50935529,na
A4D1S5-2,264.0,75.18734848,confident,82.1969697,0.834989746,na
Q8WV16-2,433.0,75.18404157,confident,87.07070707,0.66392865,na
Q5VZ03-3,135.0,75.18059259,confident,60.35502959,0.75946214,na
P23443-3,472.0,75.17709746,confident,89.9047619,0.76622055,na
P24071-6,291.0,75.17522337,confident,84.66453674,0.569230689,na
Q99871-3,338.0,75.17402367,confident,87.77173913,0.48013475,1
Q8WTP8-2,327.0,75.17278287,confident,90.50445104,0.816931218,na
O75908-3,440.0,75.17263636,confident,84.29118774,0.722964326,na
Q8N413-2,246.0,75.17231707,confident,85.41666667,0.634888957,na
Q9Y535-2,175.0,75.17188571,confident,85.78431373,0.56670105,na
O96013-4,501.0,75.17157685,confident,84.7715736,0.610399631,na
P15812-7,231.0,75.17060606,confident,59.27835052,0.320347229,na
O14763-3,118.0,75.17042373,confident,26.81818182,0.292701974,na
P55036-2,268.0,75.16772388,confident,67.90450928,0.703375844,na
P21554-3,439.0,75.16687927,confident,93.00847458,0.724297265,na
Q8IZ96-13,38.0,75.16263158,confident,16.56804734,0.278222995,na
Q96F44-2,385.0,75.15862338,confident,61.61616162,0.610224141,na
Q9ULW6-2,318.0,75.15716981,confident,69.13043478,0.619126839,na
O75123-2,496.0,75.15282258,confident,92.53731343,0.803999695,na
Q9UIL1-2,122.0,75.15147541,confident,64.59627329,0.581327068,na
Q86UY5-2,294.0,75.14568027,confident,67.05069124,0.618272688,na
B2RUY7-2,138.0,75.14369565,confident,59.45945946,0.563734102,na
Q9H2H8-2,165.0,75.14357576,confident,75.41899441,0.865592746,na
Q70HW3-3,66.0,75.13984848,confident,22.99270073,0.308673116,na
Q5SZJ8-3,181.0,75.13773481,confident,64.15770609,0.485995131,na
P21757-2,358.0,75.13511173,confident,77.0419426,0.406494624,1
Q96RD7-2,422.0,75.13478673,confident,99.06103286,0.766780887,na
Q6UY09-5,585.0,75.12892308,confident,97.31543624,0.788060955,na
Q6UX27-2,205.0,75.1282439,confident,86.44067797,0.56392595,na
Q6ZTN6-2,255.0,75.12807843,confident,48.16955684,0.34161512,na
Q9NZL4-2,256.0,75.12675781,confident,71.3091922,0.525346507,na
Q9BW71-2,243.0,75.12514403,confident,43.70503597,0.35200973,na
Q9P2X0-2,122.0,75.11704918,confident,75.40983607,0.655197693,na
O43581-6,447.0,75.1141387,confident,90.15659955,0.736519613,na
Q969E2-2,195.0,75.112,confident,85.15283843,0.497107179,1
Q99836-3,191.0,75.10513089,confident,48.61538462,0.596372871,na
Q9P0J0-2,222.0,75.10490991,confident,63.96396396,0.781586725,na
Q9H0Z9-2,121.0,75.10413223,confident,50.62761506,0.532978609,na
P30050-2,132.0,75.10159091,confident,80.0,0.812974551,na
Q9NUM3-2,284.0,75.1003169,confident,92.50814332,0.805968075,na
Q96J88-2,307.0,75.09687296,confident,96.5408805,0.485754696,1
Q6UXD7-2,559.0,75.09381038,confident,99.82142857,0.889538607,na
Q9UIL1-3,121.0,75.09107438,confident,63.97515528,0.59071776,na
Q9H410-2,289.0,75.09083045,confident,75.90027701,0.695680453,na
Q9NUL5-4,255.0,75.09035294,confident,87.62886598,0.729472973,na
P35372-6,402.0,75.08855721,confident,96.2962963,0.811211366,na
Q9BUB4-2,353.0,75.08745042,confident,70.3187251,0.603048719,na
Q8WVV9-4,537.0,75.08484171,confident,98.52398524,0.435379114,1
Q96PQ1-2,477.0,75.0751153,confident,77.01342282,0.6357978,na
Q5SSG8-2,596.0,75.07337248,confident,94.96644295,0.858638372,na
Q14576-2,360.0,75.06472222,confident,98.09264305,0.813155899,na
Q6UY09-2,584.0,75.05700342,confident,97.98657718,0.701410961,na
Q8IZC7-2,316.0,75.05044304,confident,72.47706422,0.636445448,na
Q13508-2,367.0,75.04803815,confident,94.0874036,0.774259228,na
O15519-6,442.0,75.04545249,confident,87.78467909,0.71412627,na
Q02161-6,378.0,75.03724868,confident,72.58426966,0.810270358,na
P51809-2,260.0,75.03503846,confident,54.73684211,0.750193123,na
Q9Y2G2-2,286.0,75.03454545,confident,48.78957169,0.638149,na
Q9NQ40-2,415.0,75.03074699,confident,82.81573499,0.823042653,na
Q9BQ51-3,182.0,75.03049451,confident,44.48275862,0.531769219,na
Q9Y5Q8-2,509.0,75.01365422,confident,98.07321773,0.793610509,na
O95866-4,193.0,75.01284974,confident,50.17793594,0.557912616,na
O95388-4,155.0,75.01109677,confident,35.2303523,0.416046676,na
Q9NQ25-2,228.0,75.01008772,confident,68.05970149,0.627248857,na
Q9NS61-4,225.0,75.00737778,confident,74.45255474,0.777897078,na
Q86VI4-2,226.0,74.99752212,confident,71.29337539,0.693074611,na
Q9Y232-4,412.0,74.99558252,confident,68.89632107,0.578242369,na
Q6P1K2-3,175.0,74.99451429,confident,61.64383562,0.606294912,na
Q6WN34-4,142.0,74.99246479,confident,28.47222222,0.428088114,na
Q9BY43-2,265.0,74.98815094,confident,83.77358491,0.489588054,1
Q53HV7-2,177.0,74.98350282,confident,46.82274247,0.640058794,na
Q6GTX8-2,270.0,74.98174074,confident,94.07665505,0.485903914,1
Q5JU69-2,253.0,74.97367589,confident,63.85542169,0.654620671,na
Q8N6K7-3,544.0,74.97341912,confident,95.58823529,0.582033178,na
P82912-3,161.0,74.97,confident,82.98969072,0.557964708,na
Q6P499-3,226.0,74.96597345,confident,52.18446602,0.53766759,na
A2A2Y4-2,556.0,74.95933453,confident,92.46231156,0.674911555,na
Q96FV3-2,188.0,74.95414894,confident,54.72972973,0.416456732,na
Q9Y5Y5-2,346.0,74.95265896,confident,92.24137931,0.904103877,na
P43115-8,394.0,74.94994924,confident,91.02244389,0.842872879,na
Q9GZN1-2,183.0,74.94355191,confident,33.57664234,0.56123768,na
Q9UL19-2,156.0,74.94237179,confident,79.8816568,0.798350621,na
Q96D53-2,503.0,74.94234592,confident,92.46323529,0.790626148,na
Q96A46-2,177.0,74.93937853,confident,48.62637363,0.54031086,na
Q96N28-2,151.0,74.93682119,confident,87.79069767,0.900730536,na
A4IF30-2,362.0,74.93337017,confident,69.48176583,0.784638698,na
Q5JS54-2,162.0,74.93277778,confident,75.92592593,0.828297899,na
Q8WUH1-2,140.0,74.92964286,confident,98.57142857,0.79868785,na
Q9Y257-2,179.0,74.92670391,confident,57.1884984,0.493910907,na
Q8IZ96-9,91.0,74.92582418,confident,47.12643678,0.416011092,na
A6NFN9-3,544.0,74.92494485,confident,92.09558824,0.712975885,na
Q5BJH7-6,299.0,74.92464883,confident,93.05993691,0.79119722,na
Q6PHW0-6,270.0,74.91237037,confident,82.19178082,0.688683877,na
Q6UY11-2,204.0,74.91122549,confident,53.26370757,0.341809965,na
Q9BYI3-3,419.0,74.90596659,confident,66.66666667,0.724246507,na
Q14406-3,139.0,74.89539568,confident,61.26126126,0.706483025,na
Q9NPA1-3,275.0,74.89465455,confident,89.96539792,0.837238124,na
Q9Y6M1-4,542.0,74.89422509,confident,85.73770492,0.764212692,na
Q96QD5-2,502.0,74.89344622,confident,95.49902153,0.83454288,na
O95990-3,172.0,74.87697674,confident,83.72093023,0.302824819,1
Q9HC73-3,259.0,74.8727027,confident,69.81132075,0.558354198,na
Q96LT4-2,326.0,74.87223926,confident,76.14457831,0.602776953,na
Q9BR84-2,84.0,74.86630952,confident,15.05576208,0.36539307,na
Q8NI32-2,207.0,74.86608696,confident,87.43961353,0.574528029,na
Q12849-5,318.0,74.86358491,confident,66.25,0.479543378,na
Q16653-12,108.0,74.86055556,confident,39.27125506,0.37815751,na
Q5T4W7-3,228.0,74.85798246,confident,96.49122807,0.524210399,na
Q9UBI4-3,397.0,74.85612091,confident,99.74874372,0.758353152,na
Q9BUN8-2,231.0,74.85463203,confident,92.03187251,0.688631298,na
P01732-3,276.0,74.85231884,confident,85.14492754,0.574586131,na
Q9ULB1-3,1547.0,74.8515646,confident,49.63211426,0.79421883,na
Q9BXJ1-2,291.0,74.85085911,confident,96.56357388,0.685508929,na
Q9NRS6-2,256.0,74.84800781,confident,74.56140351,0.472489003,1
Q9GZN2-2,155.0,74.84722581,confident,25.86206897,0.266665733,na
Q8N884-2,447.0,74.84671141,confident,85.05747126,0.632865855,na
Q86TI4-1,491.0,74.84395112,confident,76.57841141,0.857748757,na
Q6PD74-2,206.0,74.84087379,confident,65.3968254,0.370918259,na
P18847-4,106.0,74.83679245,confident,50.0,0.361861438,na
P31483-2,375.0,74.83344,confident,96.89119171,0.559049639,na
P08621-2,428.0,74.83336449,confident,97.94050343,0.587666675,na
Q8N2Z9-2,164.0,74.82060976,confident,60.60606061,0.633299255,na
Q5T5M9-3,383.0,74.81749347,confident,97.12793734,0.706959993,na
Q9BXY5-3,293.0,74.8165529,confident,52.6032316,0.553335789,na
Q07866-7,584.0,74.81604452,confident,92.54237288,0.566804733,na
P62508-5,470.0,74.80821277,confident,92.64705882,0.504605887,na
Q03060-29,125.0,74.80624,confident,33.62318841,0.446768835,na
Q9H3U5-5,475.0,74.80587368,confident,79.96108949,0.663441902,na
O95990-2,135.0,74.79125926,confident,72.15189873,0.306083127,1
Q6UWZ7-2,300.0,74.78566667,confident,73.34963325,0.645965354,na
Q13491-3,305.0,74.78501639,confident,86.8852459,0.848046839,na
Q9GZU3-4,293.0,74.78358362,confident,59.55284553,0.64604359,na
Q13190-3,267.0,74.77719101,confident,70.42253521,0.774816222,na
P0DPB3-4,244.0,74.77057377,confident,48.45995893,0.469956353,na
Q8TAX9-6,407.0,74.7670516,confident,98.78345499,0.958038993,na
P0CAP2-2,211.0,74.76597156,confident,57.33695652,0.19301029,na
Q9NZS2-4,78.0,74.7574359,confident,26.27118644,0.397706955,na
Q9HBU9-2,360.0,74.75666667,confident,88.77284595,0.698950206,na
Q96PU9-3,207.0,74.75574879,confident,81.49606299,0.21673975,1
Q93038-4,253.0,74.75106719,confident,49.29577465,0.56375269,na
Q9P0V9-2,503.0,74.75075547,confident,89.26441352,0.781345562,na
O15519-9,270.0,74.74962963,confident,47.08249497,0.535061126,na
Q99816-2,285.0,74.74578947,confident,73.07692308,0.466485824,1
Q8WVD3-2,151.0,74.74543046,confident,61.63265306,0.539812609,na
Q9NTX5-5,145.0,74.74075862,confident,37.96296296,0.518203546,na
Q7L513-14,236.0,74.73957627,confident,58.24468085,0.393271313,na
P31483-3,214.0,74.73551402,confident,49.62025316,0.381360001,na
Q86Y07-4,390.0,74.7285641,confident,76.77165354,0.565365305,na
P78310-7,324.0,74.72552469,confident,88.49315068,0.533367706,na
Q9UIB8-7,214.0,74.72350467,confident,61.44927536,0.520784393,na
Q8WWB5-2,288.0,74.72329861,confident,86.98412698,0.54532606,na
Q9NWD8-2,203.0,74.7220197,confident,63.69426752,0.529383344,na
Q5BJH7-3,311.0,74.72016077,confident,99.04458599,0.764150124,na
O15392-3,137.0,74.71905109,confident,44.44444444,0.635111942,na
O75461-3,249.0,74.71012048,confident,87.54448399,0.826166507,na
Q9UQB8-3,512.0,74.70621094,confident,92.75362319,0.541937259,na
P26378-2,366.0,74.70519126,confident,94.54545455,0.720350202,na
Q96LW4-2,559.0,74.69821109,confident,99.82142857,0.652813344,na
O15527-5,357.0,74.69677871,confident,63.46153846,0.7713086,na
O60828-5,165.0,74.69648485,confident,62.26415094,0.322843425,na
Q8NG50-2,261.0,74.69413793,confident,86.94158076,0.747190505,na
Q5BN46-2,92.0,74.69152174,confident,55.79710145,0.514277844,na
Q6NT04-2,511.0,74.69084149,confident,91.98542805,0.617910723,na
Q9H3Z4-2,167.0,74.69077844,confident,82.82828283,0.595579389,na
Q92915-2,252.0,74.68813492,confident,71.27272727,0.707659944,na
Q9Y3V2-2,195.0,74.68671795,confident,71.91011236,0.583457905,na
Q99640-3,490.0,74.68632653,confident,98.19639279,0.664882389,na
O15488-4,430.0,74.67872093,confident,85.82834331,0.695288737,na
Q9Y2C4-2,149.0,74.67798658,confident,27.5862069,0.563417402,na
Q06265-3,355.0,74.67585915,confident,80.86560364,0.683616187,na
Q8WU68-3,181.0,74.67044199,confident,82.27272727,0.634888193,na
Q8N413-4,264.0,74.66969697,confident,91.66666667,0.681965292,na
O75346-2,423.0,74.66680851,confident,84.76953908,0.614002985,na
Q9H040-3,207.0,74.66507246,confident,40.28629857,0.530716015,na
Q8NCR3-2,246.0,74.66300813,confident,70.56962025,0.618233893,na
Q13561-2,406.0,74.651133,confident,98.76847291,0.204916428,1
Q13133-2,387.0,74.64335917,confident,86.57718121,0.484003523,1
Q8IY95-2,267.0,74.62973783,confident,96.67896679,0.675687365,na
Q9NXF8-2,345.0,74.62968116,confident,89.27536232,0.823048577,na
P13646-2,355.0,74.62684507,confident,74.45414847,0.387499311,1
Q8TCX1-5,144.0,74.62673611,confident,32.76353276,0.489301245,na
P24530-2,436.0,74.62087156,confident,89.11111111,0.824915143,na
Q7L5Y1-3,117.0,74.61504274,confident,14.02061856,0.4358126,na
Q9BZJ4-2,351.0,74.61250712,confident,97.49303621,0.927570288,na
Q9UHK6-4,198.0,74.61035354,confident,37.8516624,0.529640262,na
Q99836-6,304.0,74.60838816,confident,97.36842105,0.738932905,na
P36896-3,487.0,74.60794661,confident,79.81481481,0.615576414,na
Q6UX01-5,393.0,74.60478372,confident,74.74541752,0.766990164,na
Q15776-2,158.0,74.60468354,confident,24.48979592,0.431662839,na
P25189-2,311.0,74.60128617,confident,79.74276527,0.771534856,na
O75387-2,560.0,74.59844643,confident,91.59369527,0.9070201,na
Q96AQ7-2,164.0,74.59512195,confident,68.90756303,0.489120826,na
Q9NTX5-4,70.0,74.58542857,confident,14.81481481,0.458787362,na
P04070-2,516.0,74.57282946,confident,89.34108527,0.64137946,na
Q96AJ1-2,247.0,74.57008097,confident,59.8062954,0.309441778,na
Q5R372-3,827.0,74.56169287,confident,98.54897219,0.544727062,na
Q8WZ73-3,327.0,74.56076453,confident,90.08264463,0.371483944,1
Q9NPA1-2,277.0,74.56,confident,91.90140845,0.82608389,na
A4GXA9-2,245.0,74.55106122,confident,54.14507772,0.61553522,na
P25445-6,314.0,74.55003185,confident,93.73134328,0.409495356,1
Q70Z53-2,276.0,74.54173913,confident,87.3015873,0.52171557,na
O00744-2,191.0,74.53560209,confident,45.50128535,0.422637713,na
O95866-6,225.0,74.52862222,confident,77.51004016,0.596137058,na
P49682-2,415.0,74.52028916,confident,87.71084337,0.86979586,na
Q9HD47-3,165.0,74.51630303,confident,62.06896552,0.816700809,na
O95297-2,268.0,74.50843284,confident,99.62825279,0.589346228,na
P07510-2,465.0,74.49849462,confident,89.74854932,0.793841685,na
Q13946-3,424.0,74.4975,confident,86.54244306,0.67575825,na
Q9BY41-6,139.0,74.49402878,confident,34.82849604,0.458856477,na
Q8WYQ4-2,142.0,74.4934507,confident,73.85620915,0.785844295,na
O15519-7,348.0,74.48683908,confident,64.92985972,0.584018607,na
Q7Z4N8-3,604.0,74.48649007,confident,82.83828383,0.921666976,na
P26436-11,81.0,74.4854321,confident,30.56603774,0.324403187,na
Q96IK1-2,129.0,74.48403101,confident,65.24064171,0.399164042,na
Q6ZMJ2-4,270.0,74.48307407,confident,54.54545455,0.323823111,na
P48546-3,430.0,74.48227907,confident,92.27467811,0.775862851,na
O75586-2,253.0,74.47743083,confident,97.23320158,0.508663599,na
Q3KQZ1-2,291.0,74.47099656,confident,90.3654485,0.929452954,na
Q9HC21-2,263.0,74.46893536,confident,82.1875,0.739482344,na
P61960-2,103.0,74.46300971,confident,65.42056075,0.80587142,na
Q6UX07-3,296.0,74.45591216,confident,78.51458886,0.694393648,na
Q8N6K7-2,221.0,74.45253394,confident,41.92307692,0.289254259,na
P35372-4,403.0,74.45181141,confident,95.57739558,0.822762455,na
Q5HYJ3-2,233.0,74.44896996,confident,68.14159292,0.630171032,na
Q9NR28-3,195.0,74.44841026,confident,81.58995816,0.811023858,na
O43148-2,504.0,74.43628968,confident,92.26190476,0.757116981,na
Q8IZ96-14,32.0,74.4346875,confident,17.15976331,0.215557189,na
O14733-4,426.0,74.43438967,confident,98.35680751,0.911398853,na
P54284-3,471.0,74.43388535,confident,96.90082645,0.872413555,na
O00322-2,273.0,74.43263736,confident,75.94501718,0.614721053,na
Q9BWU1-2,442.0,74.43235294,confident,88.04780876,0.684702101,na
P09496-5,166.0,74.43210843,confident,66.93548387,0.343879587,na
Q9BXJ2-2,296.0,74.42942568,confident,97.63513514,0.671369067,na
Q9UNP9-3,314.0,74.42936306,confident,89.7515528,0.546146899,na
O95292-2,99.0,74.4220202,confident,30.86419753,0.62273822,na
Q99784-2,153.0,74.42084967,confident,31.34020619,0.322905706,na
Q9NX14-2,163.0,74.41840491,confident,93.86503067,0.688018452,na
Q9UJW2-2,333.0,74.41690691,confident,69.95798319,0.544972926,na
Q9Y286-2,374.0,74.40933155,confident,79.87152034,0.459066342,1
Q5JW98-2,128.0,74.4090625,confident,40.76433121,0.432035391,na
Q8TAC9-2,243.0,74.40522634,confident,96.70781893,0.865935132,na
Q8IVS8-2,234.0,74.39970085,confident,33.69369369,0.536188723,na
Q5JS13-2,529.0,74.38848771,confident,82.64604811,0.637675447,na
Q14232-2,222.0,74.38828829,confident,57.32899023,0.757151582,na
Q9UBK7-3,238.0,74.38651261,confident,95.79831933,0.862657222,na
O15530-5,454.0,74.38640969,confident,80.57553957,0.645797136,na
Q96BR6-2,378.0,74.38595238,confident,81.25,0.696838665,na
Q6UX04-2,390.0,74.3855641,confident,81.3559322,0.473572693,1
Q9UHI5-3,311.0,74.38315113,confident,52.23880597,0.642990226,na
P43115-7,393.0,74.37946565,confident,90.54726368,0.862385855,na
Q8N9K5-2,499.0,74.37923848,confident,92.57884972,0.648278955,na
Q96DZ7-2,183.0,74.37688525,confident,87.55980861,0.614653145,na
P34810-3,327.0,74.37654434,confident,92.37288136,0.648151842,na
Q8TCX1-4,201.0,74.37328358,confident,49.16201117,0.643431226,na
Q96AB3-3,135.0,74.37133333,confident,65.85365854,0.699026958,na
Q9UKJ1-3,230.0,74.37069565,confident,75.90759076,0.529428521,na
O14757-3,442.0,74.36183258,confident,92.85714286,0.660330051,na
O00499-4,475.0,74.35667368,confident,80.10118044,0.624491051,na
Q9ULR0-1,331.0,74.34854985,confident,85.80060423,0.567367475,na
Q03936-2,517.0,74.34591876,confident,88.22525597,0.73299064,na
Q96P71-2,362.0,74.34411602,confident,91.41414141,0.54210976,na
Q53HC0-2,314.0,74.34184713,confident,94.86404834,0.571944877,na
O96017-8,289.0,74.33778547,confident,51.55393053,0.353638549,na
Q9H4W6-2,551.0,74.32885662,confident,92.28187919,0.573418661,na
Q13291-3,305.0,74.32872131,confident,91.04477612,0.647317484,na
P52757-6,241.0,74.3273444,confident,44.65811966,0.625288682,na
Q5TBC7-2,56.0,74.32285714,confident,26.47058824,0.28039642,na
Q9UJU6-2,431.0,74.32276102,confident,99.76798144,0.393204486,1
O00258-2,140.0,74.32128571,confident,80.45977011,0.530881206,na
Q9NZH0-2,404.0,74.31846535,confident,96.07843137,0.787513207,na
Q9GZT8-3,285.0,74.31757895,confident,66.4021164,0.474837509,na
P41235-2,464.0,74.31556034,confident,97.67932489,0.766636168,na
O75121-3,102.0,74.31431373,confident,24.44987775,0.299254671,na
Q9NYN1-2,255.0,74.31172549,confident,84.83754513,0.841244194,na
P35249-2,303.0,74.31013201,confident,73.45844504,0.771036646,na
Q86TP1-6,168.0,74.30857143,confident,37.08609272,0.273511846,na
Q92564-3,336.0,74.29886905,confident,84.22619048,0.685467708,na
Q6UX01-4,484.0,74.29613636,confident,88.8,0.870446119,na
Q8NCL8-3,302.0,74.29324503,confident,76.54723127,0.673871436,na
Q96LA5-5,202.0,74.28257426,confident,39.76377953,0.356691103,na
Q6FI81-3,299.0,74.27745819,confident,95.51282051,0.551157333,na
Q5FWF6-2,330.0,74.27636364,confident,77.64705882,0.665255035,na
P07288-2,238.0,74.27084034,confident,78.75457875,0.747065351,na
Q9UKA8-2,231.0,74.2652381,confident,95.85062241,0.426350426,1
O00305-2,486.0,74.26390947,confident,89.7338403,0.792164664,na
Q9UJ41-3,531.0,74.26286252,confident,92.46704331,0.555503216,na
Q5HYJ3-3,233.0,74.257897,confident,67.84660767,0.635023953,na
Q8N0U4-3,275.0,74.25756364,confident,70.15306122,0.694082704,na
Q6BAA4-3,268.0,74.25425373,confident,49.4199536,0.576523448,na
Q86UN6-2,137.0,74.24839416,confident,69.54314721,0.374397463,na
Q86YT9-4,355.0,74.24819718,confident,90.10152284,0.619539793,na
P62633-3,167.0,74.23826347,confident,94.35028249,0.52659146,na
Q9H6X2-5,528.0,74.23668561,confident,93.26241135,0.668717679,na
P35372-7,406.0,74.23189655,confident,96.0591133,0.784453376,na
Q8NCR0-2,326.0,74.23088957,confident,51.94085028,0.474683911,na
Q13188-2,519.0,74.22984586,confident,93.06358382,0.827313846,na
O95760-4,144.0,74.22590278,confident,52.96296296,0.633744953,na
Q9H633-4,162.0,74.22197531,confident,95.0617284,0.750262382,na
P54829-3,541.0,74.21602588,confident,95.75221239,0.588905526,na
P34998-4,401.0,74.21513716,confident,90.31531532,0.76844693,na
Q8WV16-5,489.0,74.21245399,confident,98.38709677,0.895298146,na
Q5TKA1-3,507.0,74.2042998,confident,93.54243542,0.543970643,na
Q9Y466-2,422.0,74.20417062,confident,88.94117647,0.803554688,na
Q6W5P4-2,305.0,74.19996721,confident,82.21024259,0.670885889,na
O43679-2,331.0,74.19960725,confident,81.50134048,0.69332726,na
Q9NNX6-6,380.0,74.19902632,confident,94.05940594,0.610036558,na
P08697-2,427.0,74.19648712,confident,86.38211382,0.803112018,na
P21583-2,245.0,74.19542857,confident,89.37728938,0.667785645,na
Q9UHI7-3,259.0,74.18857143,confident,43.31103679,0.417388418,na
Q9UBL9-3,447.0,74.18722595,confident,94.9044586,0.796088544,na
O96008-2,329.0,74.17893617,confident,87.60330579,0.811337027,na
Q93062-5,152.0,74.17782895,confident,77.55102041,0.553920861,na
P35236-3,465.0,74.17277419,confident,77.41935484,0.833856627,na
P45379-9,259.0,74.17196911,confident,86.91275168,0.343777197,1
Q8TCT9-5,335.0,74.17146269,confident,88.85941645,0.767372628,na
O14730-2,516.0,74.16835271,confident,99.42196532,0.685895757,na
Q96NL0-4,407.0,74.16601966,confident,86.04651163,0.532420832,na
Q8IZN3-2,473.0,74.16291755,confident,96.92622951,0.730400921,na
Q8IUH3-3,474.0,74.16183544,confident,99.57983193,0.476654202,1
O75771-8,348.0,74.16181034,confident,83.42696629,0.743655401,na
Q9UNZ2-5,372.0,74.16048387,confident,99.46236559,0.763440496,na
Q8WUB8-3,451.0,74.15656319,confident,90.562249,0.38881188,1
Q14406-2,199.0,74.15281407,confident,89.63963964,0.885621837,na
Q8WXI3-2,429.0,74.14876457,confident,91.86295503,0.762455144,na
P49682-3,267.0,74.14790262,confident,52.95566502,0.543664718,na
Q8NEZ2-3,185.0,74.14513514,confident,37.40648379,0.495831038,na
Q6ZTI6-2,135.0,74.14459259,confident,62.5,0.331855185,na
Q02641-3,478.0,74.14236402,confident,73.37662338,0.694543971,na
P18577-13,170.0,74.14094118,confident,39.08872902,0.618206615,na
O95944-3,258.0,74.13775194,confident,76.816609,0.493358982,1
P51572-2,313.0,74.13536741,confident,78.5942492,0.807709328,na
Q5QP82-2,522.0,74.1347318,confident,93.38103757,0.743057504,na
P30542-2,125.0,74.12808,confident,35.25835866,0.386525572,na
Q8WV16-3,435.0,74.1231954,confident,87.5,0.802118133,na
Q5JW98-3,171.0,74.11339181,confident,54.45859873,0.385160576,na
Q7Z5Y7-2,253.0,74.09363636,confident,60.14319809,0.512869164,na
P26436-9,150.0,74.08966667,confident,56.22641509,0.553617755,na
O95760-3,228.0,74.08622807,confident,84.44444444,0.658837844,na
P62820-2,141.0,74.08609929,confident,68.7804878,0.630275788,na
Q9BV35-3,482.0,74.07966805,confident,76.26168224,0.574007563,na
Q9UQB8-4,521.0,74.07700576,confident,93.11594203,0.634334822,na
Q12981-1,271.0,74.06870849,confident,84.13284133,0.460449085,1
Q9BST9-3,513.0,74.06584795,confident,91.11900533,0.768765631,na
Q9UNT1-3,238.0,74.06411765,confident,95.79831933,0.907415847,na
Q15131-6,154.0,74.05967532,confident,36.55913978,0.562164365,na
P26368-2,471.0,74.05004246,confident,99.15789474,0.545875707,na
Q6ZMN8-3,370.0,74.04978378,confident,99.72972973,0.760503152,na
P54219-3,493.0,74.04332657,confident,93.9047619,0.591710285,na
Q6ZTN6-3,605.0,74.03785124,confident,85.61983471,0.720305793,na
Q99704-2,177.0,74.0240678,confident,31.38832998,0.452849372,na
P54274-2,419.0,74.01405728,confident,95.44419134,0.596622815,na
Q13322-4,588.0,74.0107483,confident,97.48322148,0.781115099,na
Q8N988-2,430.0,74.01065116,confident,98.37209302,0.74647396,na
P11229-2,454.0,74.00905286,confident,98.69565217,0.773670196,na
Q8WUG5-2,520.0,74.00532692,confident,96.46840149,0.92692423,na
Q8N2G4-4,89.0,74.00235955,confident,63.12056738,0.482335634,na
P50539-4,182.0,73.99274725,confident,79.8245614,0.517955685,na
Q9NQ55-2,460.0,73.99269565,confident,97.25158562,0.835534778,na
P24666-4,112.0,73.99258929,confident,54.71698113,0.682972248,na
P34998-3,375.0,73.98954667,confident,84.23423423,0.74216882,na
Q16854-4,151.0,73.98735099,confident,54.51263538,0.559118692,na
Q99836-4,146.0,73.98691781,confident,36.92810458,0.489033249,na
Q96M60-2,304.0,73.98401316,confident,59.84251969,0.240791046,na
Q8IZM9-2,521.0,73.97996161,confident,83.36520076,0.895040245,na
Q9GZS1-1,481.0,73.97981289,confident,81.9301848,0.749863456,na
Q9H898-2,153.0,73.97862745,confident,66.81222707,0.522554145,na
Q92843-2,333.0,73.97630631,confident,48.20359281,0.631510511,na
Q8N0U4-2,144.0,73.97597222,confident,36.73469388,0.410313723,na
O15260-3,128.0,73.97476562,confident,44.60966543,0.476740075,na
Q9NVV4-2,712.0,73.97167135,confident,74.68879668,0.817149552,na
P01880-2,430.0,73.96595349,confident,87.90697674,0.594963654,na
Q96K49-2,554.0,73.96530686,confident,99.81981982,0.826839491,na
P45379-12,255.0,73.95141176,confident,85.5704698,0.351782657,1
P49238-4,387.0,73.94416021,confident,91.73126615,0.882133586,na
Q9P2A4-2,360.0,73.94261111,confident,98.36065574,0.368487004,1
P46108-2,204.0,73.9377451,confident,66.77631579,0.538417698,na
Q9UNZ2-6,259.0,73.93548263,confident,67.02702703,0.608606988,na
P09496-3,236.0,73.93516949,confident,95.16129032,0.413696904,1
Q8WXF8-2,321.0,73.9305919,confident,98.46625767,0.448017609,1
Q9NRY2-2,44.0,73.91340909,confident,40.38461538,0.515794284,na
Q9ULK6-2,396.0,73.9105303,confident,90.4109589,0.441115674,1
Q9Y6J8-5,111.0,73.90954955,confident,32.38993711,0.483822208,na
O75900-3,415.0,73.90807229,confident,93.97590361,0.586970264,na
Q9Y603-8,190.0,73.90605263,confident,55.71847507,0.534479961,na
O43598-2,148.0,73.90040541,confident,68.08510638,0.634828937,na
P18507-3,515.0,73.89413592,confident,90.48543689,0.831070305,na
Q9NZH6-3,178.0,73.8911236,confident,81.19266055,0.719909902,na
Q32NB8-4,50.0,73.8866,confident,8.633093525,0.27700488,na
Q13508-3,378.0,73.8728836,confident,97.1722365,0.73340101,na
P10747-2,101.0,73.87069307,confident,45.90909091,0.346211038,na
Q9UHP7-5,132.0,73.86378788,confident,63.87434555,0.39668892,na
P19878-4,445.0,73.86368539,confident,84.60076046,0.372269471,1
Q96CA5-2,280.0,73.86346429,confident,93.95973154,0.462812781,1
Q96Q40-3,400.0,73.85995,confident,91.95402299,0.751644689,na
Q9UK58-6,428.0,73.85985981,confident,79.27756654,0.693708117,na
Q5SR56-2,311.0,73.85681672,confident,54.24710425,0.739477133,na
Q495Y8-2,258.0,73.85600775,confident,64.17910448,0.571657005,na
Q9NSE2-2,264.0,73.85465909,confident,93.6802974,0.771721938,na
Q8TCW7-2,431.0,73.85276102,confident,96.28770302,0.44159648,1
Q15555-2,259.0,73.85266409,confident,77.43902439,0.610271044,na
Q86X27-3,557.0,73.84626571,confident,95.54030875,0.603676229,na
Q93086-5,398.0,73.84236181,confident,94.31279621,0.768029824,na
Q5SSG8-3,416.0,73.83237981,confident,73.49823322,0.665409159,na
P55773-2,137.0,73.8289781,confident,86.86131387,0.56511663,na
P35372-5,418.0,73.82686603,confident,91.54929577,0.745333014,na
Q9H2L5-4,121.0,73.82553719,confident,32.71028037,0.340775254,na
Q01196-5,224.0,73.82433036,confident,37.44855967,0.497502656,na
Q96LW2-3,274.0,73.81656934,confident,65.85365854,0.580910106,na
Q5SZJ8-2,106.0,73.81396226,confident,35.68904594,0.393061303,na
Q9Y6I7-3,244.0,73.81172131,confident,56.53206651,0.625802426,na
Q6FI81-2,108.0,73.81027778,confident,34.61538462,0.356009668,na
Q9NWV8-2,184.0,73.81,confident,45.85798817,0.598135942,na
Q9NR12-2,423.0,73.80082742,confident,91.46608315,0.734930711,na
P07992-2,273.0,73.79937729,confident,91.91919192,0.523122101,na
Q8NFG4-2,342.0,73.79619883,confident,52.40549828,0.535422995,na
Q8TD46-2,188.0,73.79515957,confident,41.62011173,0.544885234,na
Q6UXG3-5,273.0,73.79355311,confident,79.21686747,0.690349856,na
O60637-2,228.0,73.79171053,confident,90.11857708,0.600412434,na
Q6P3W2-2,85.0,73.79117647,confident,55.70469799,0.701176818,na
Q8TBF2-6,194.0,73.7892268,confident,81.46341463,0.796720911,na
Q9HD23-2,408.0,73.7882598,confident,91.87358916,0.79244595,na
Q5J8X5-2,112.0,73.78803571,confident,73.68421053,0.475218202,1
P43115-11,422.0,73.78755924,confident,85.64705882,0.821159581,na
Q6KCM7-3,515.0,73.78695146,confident,82.9787234,0.775683615,na
Q8NFV4-3,97.0,73.78505155,confident,30.47619048,0.332779146,na
Q7L513-11,242.0,73.77433884,confident,59.30851064,0.396318649,na
Q6P093-3,53.0,73.77245283,confident,11.3022113,0.271869844,na
Q8NCB2-3,470.0,73.76725532,confident,93.81237525,0.66097749,na
Q9Y587-4,149.0,73.76463087,confident,57.45856354,0.673756397,na
Q96HJ5-3,91.0,73.75076923,confident,42.52336449,0.536269471,na
Q92785-2,207.0,73.75057971,confident,52.94117647,0.263135674,na
Q9ULB1-2,1496.0,73.74762676,confident,53.13674812,0.796521721,na
Q92851-5,478.0,73.7475523,confident,91.74664107,0.398959062,na
P39905-3,228.0,73.74552632,confident,92.54385965,0.465962357,1
Q8N819-2,340.0,73.739,confident,50.30674847,0.649147131,na
Q9BYV6-2,452.0,73.73442478,confident,82.48175182,0.69160597,na
Q9NR50-2,412.0,73.72839806,confident,87.74617068,0.925693479,na
Q9UQB8-5,520.0,73.72757692,confident,92.93478261,0.522019928,na
O96017-12,514.0,73.72673152,confident,94.65930018,0.570329678,na
Q9NUL3-4,291.0,73.72137457,confident,50.87719298,0.311460244,na
Q99593-2,349.0,73.71951289,confident,64.86486486,0.590534537,na
P18847-2,118.0,73.71915254,confident,63.5359116,0.275820185,na
P57087-2,262.0,73.7190458,confident,87.91946309,0.755114937,na
Q14296-3,522.0,73.71308429,confident,95.08196721,0.647172994,na
Q16671-3,478.0,73.70623431,confident,83.42059337,0.464279061,1
P54829-2,533.0,73.70547842,confident,94.33628319,0.628010992,na
B7ZAQ6-2,335.0,73.70080597,confident,73.62637363,0.689524757,na
P15622-3,555.0,73.70052252,confident,99.10714286,0.687121199,na
Q9BQC3-2,261.0,73.6997318,confident,53.37423313,0.509711324,na
Q8N8S7-3,533.0,73.69829268,confident,90.18612521,0.551573371,na
Q96G74-4,349.0,73.69653295,confident,61.12084063,0.523808739,na
Q6BAA4-2,275.0,73.69614545,confident,51.04408353,0.581427823,na
Q15109-2,342.0,73.69546784,confident,64.66512702,0.702597092,na
O43521-7,85.0,73.69011765,confident,39.39393939,0.388345245,na
P54284-4,483.0,73.6836853,confident,96.53061224,0.90061771,na
P31350-2,449.0,73.68046771,confident,86.63697105,0.847039672,na
Q9UHW5-3,323.0,73.67913313,confident,83.33333333,0.878863526,na
A5X5Y0-6,482.0,73.67771784,confident,82.421875,0.840309066,na
Q9H4X1-2,117.0,73.66452991,confident,85.40145985,0.381836652,1
Q8IUK5-4,427.0,73.66379391,confident,80.47808765,0.711033799,na
Q5BJH2-2,141.0,73.66170213,confident,78.82352941,0.793932135,na
Q9HD26-3,319.0,73.66015674,confident,66.23376623,0.560625415,na
Q8WW01-2,129.0,73.65736434,confident,70.76023392,0.631319108,na
Q14106-2,250.0,73.6536,confident,71.22093023,0.457317069,na
Q9UKW6-4,160.0,73.650125,confident,60.0,0.534047239,na
Q9UQB8-6,522.0,73.64856322,confident,92.94755877,0.637801154,na
Q8N690-2,88.0,73.64602273,confident,39.36170213,0.487022093,na
P41586-4,475.0,73.64298947,confident,90.12096774,0.904398878,na
Q68G75-2,29.0,73.64172414,confident,14.91712707,0.467537977,na
Q96LL3-2,110.0,73.64163636,confident,63.44827586,0.443941207,na
O95990-4,175.0,73.63988571,confident,82.28571429,0.285822426,1
O00499-3,506.0,73.63934783,confident,85.32883642,0.646412167,na
Q8N8M0-2,112.0,73.63803571,confident,28.99728997,0.338009341,na
Q8NFH5-3,191.0,73.63518325,confident,58.58895706,0.47459771,na
Q92564-2,257.0,73.63490272,confident,88.01369863,0.645060927,na
Q9NS23-2,340.0,73.63067647,confident,98.54651163,0.904927688,na
Q9NPJ6-2,224.0,73.62839286,confident,82.96296296,0.584374464,na
Q5DX21-2,430.0,73.61809302,confident,96.32183908,0.668943523,na
Q8NBN3-3,494.0,73.61520243,confident,87.74774775,0.79310687,na
Q9H3M7-2,336.0,73.60458333,confident,77.94486216,0.635969678,na
Q12800-3,451.0,73.60184035,confident,89.84063745,0.512308149,na
O95866-5,197.0,73.5993401,confident,81.74273859,0.557983905,na
P49023-4,424.0,73.59589623,confident,71.7428088,0.562965188,na
Q9H160-2,240.0,73.592125,confident,80.35714286,0.348269439,1
Q9H6Q3-2,210.0,73.59019048,confident,69.7761194,0.682668768,na
Q9NR12-6,222.0,73.58382883,confident,43.07359307,0.351160059,na
Q9Y2E8-2,597.0,73.58232831,confident,97.319933,0.905960803,na
Q14188-6,349.0,73.58040115,confident,75.88495575,0.447479768,na
Q14206-2,243.0,73.57683128,confident,70.51792829,0.458947882,1
Q7L2H7-2,242.0,73.57652893,confident,61.21372032,0.773787817,na
Q8TBM8-2,294.0,73.57380952,confident,71.79487179,0.526337718,na
Q08648-5,80.0,73.572,confident,6.896551724,0.235868738,na
Q86U70-2,375.0,73.56957333,confident,91.24087591,0.663216198,na
Q9NR12-5,191.0,73.56727749,confident,41.79431072,0.35460823,na
Q96HL8-5,114.0,73.56438596,confident,28.65497076,0.530411968,na
P43626-2,374.0,73.55981283,confident,92.78074866,0.617516548,na
O43699-3,437.0,73.55707094,confident,96.24724062,0.659861337,na
P15170-2,636.0,73.55537736,confident,78.17896389,0.801444871,na
O00451-3,359.0,73.54983287,confident,77.37068966,0.654186084,na
O75908-4,310.0,73.54077419,confident,55.93869732,0.478490386,na
P42081-5,217.0,73.54018433,confident,65.95744681,0.572008452,na
Q9UNL2-2,198.0,73.53787879,confident,93.43434343,0.806534349,na
Q9NPB6-2,345.0,73.53762319,confident,99.71098266,0.793850551,na
P54252-1,364.0,73.53552198,confident,91.08108108,0.620501316,na
Q9Y6K9-2,487.0,73.53188912,confident,86.03696099,0.461253714,1
Q9UK53-4,235.0,73.53034043,confident,55.21327014,0.322072114,na
Q99755-2,500.0,73.52686,confident,88.96797153,0.832044352,na
Q13309-2,410.0,73.52173171,confident,82.28699552,0.723068817,na
P55327-8,151.0,73.5194702,confident,60.17316017,0.313269705,na
Q8IUK5-2,358.0,73.51726257,confident,66.73306773,0.656381527,na
Q9UQ07-4,95.0,73.51505263,confident,15.13002364,0.329030671,na
P22692-2,158.0,73.51411392,confident,61.24031008,0.494941777,na
P07602-2,526.0,73.50631179,confident,99.61977186,0.580180697,na
Q5VXU1-2,188.0,73.50281915,confident,74.42922374,0.865535523,na
P43897-4,215.0,73.49204651,confident,57.73809524,0.6413349,na
Q9NR81-3,532.0,73.49159774,confident,92.19330855,0.818569809,na
Q12800-2,450.0,73.49106667,confident,89.64143426,0.431488502,1
Q9NX61-2,376.0,73.48683511,confident,78.49686848,0.674675389,na
P21757-3,388.0,73.47618557,confident,85.80931264,0.427859019,1
Q99674-2,132.0,73.46704545,confident,37.73584906,0.382509125,na
Q6P597-2,503.0,73.46602386,confident,99.8015873,0.525974507,na
Q5R3K3-2,143.0,73.4648951,confident,44.44444444,0.538050409,na
Q5EBL8-2,171.0,73.46432749,confident,81.28654971,0.774318544,na
O95944-2,270.0,73.46055556,confident,73.42192691,0.474276731,1
P26378-1,380.0,73.45810526,confident,98.18181818,0.667486765,na
A6NDV4-2,338.0,73.45766272,confident,61.55462185,0.683033957,na
Q96EZ8-2,475.0,73.45227368,confident,96.63157895,0.437334511,1
P09466-2,158.0,73.44873418,confident,87.77777778,0.670327684,na
P23763-2,116.0,73.44189655,confident,95.76271186,0.809654799,na
Q9BRG2-2,483.0,73.43641822,confident,72.81713344,0.636640742,na
O43581-2,478.0,73.4283682,confident,84.30962343,0.672007615,na
Q9UKA8-3,173.0,73.42641618,confident,55.10204082,0.498091571,na
Q7Z7C8-2,311.0,73.42016077,confident,98.71382637,0.375211662,1
P56856-2,261.0,73.4110728,confident,91.95402299,0.845174447,na
Q5J8X5-3,93.0,73.40408602,confident,61.18421053,0.526059421,na
Q8N5C7-3,109.0,73.40376147,confident,29.11392405,0.321841096,na
O14733-2,462.0,73.40307359,confident,90.69264069,0.849319031,na
P24001-2,188.0,73.39207447,confident,80.34188034,0.728206871,na
Q9Y3E7-4,182.0,73.39164835,confident,81.98198198,0.421856131,1
Q13239-3,293.0,73.38317406,confident,94.19795222,0.84336631,na
Q14094-2,363.0,73.35550964,confident,86.07594937,0.654760599,na
Q5VX71-4,236.0,73.35427966,confident,36.41618497,0.432411196,na
Q96NL0-3,165.0,73.34612121,confident,34.88372093,0.408914789,na
Q96K19-5,116.0,73.34043103,confident,42.08494208,0.284171213,na
Q969G3-3,341.0,73.33730205,confident,82.96836983,0.318535926,na
P58335-4,488.0,73.33715164,confident,97.35234216,0.68585552,na
Q9UBL9-5,379.0,73.33459103,confident,80.4670913,0.706911613,na
Q92993-3,546.0,73.32858974,confident,93.22344322,0.745929991,na
Q5T124-4,482.0,73.32753112,confident,92.69230769,0.494960782,1
P51911-2,277.0,73.3266426,confident,92.92929293,0.470100859,1
Q16653-4,131.0,73.32526718,confident,53.03643725,0.449877013,na
Q03060-28,138.0,73.32036232,confident,40.0,0.459104861,na
O14979-3,244.0,73.30688525,confident,58.0952381,0.406840544,na
Q07812-2,218.0,73.30275229,confident,74.88789238,0.818927979,na
Q5HYL7-3,89.0,73.29730337,confident,48.31460674,0.584046142,na
Q96HC4-3,214.0,73.28976636,confident,29.58677686,0.336480636,na
P09496-2,218.0,73.27279817,confident,87.90322581,0.424255093,1
Q3YBR2-2,260.0,73.27226923,confident,54.98783455,0.567600924,na
Q9NPH5-7,54.0,73.27166667,confident,8.981001727,0.324526901,na
Q9UJU6-6,382.0,73.26905759,confident,88.39907193,0.296582312,1
Q59EK9-2,400.0,73.266575,confident,88.59060403,0.521572233,na
O00305-3,502.0,73.25569721,confident,95.96153846,0.785838962,na
Q01085-2,392.0,73.25387755,confident,95.66326531,0.629731663,na
P54252-5,182.0,73.2489011,confident,50.41551247,0.177941835,na
Q8TAV0-3,341.0,73.24202346,confident,89.73607038,0.645301659,na
Q15019-2,396.0,73.24179293,confident,91.16161616,0.758092415,na
Q8TAX9-4,416.0,73.23716346,confident,96.66666667,0.887725667,na
Q6UX46-2,91.0,73.23615385,confident,59.86842105,0.535723374,na
P10646-2,251.0,73.23517928,confident,63.39285714,0.539908246,na
Q5JXA9-3,244.0,73.23209016,confident,71.34502924,0.448387991,1
Q8NEZ5-2,46.0,73.23130435,confident,11.41439206,0.234230812,na
O14593-3,238.0,73.22836134,confident,91.15384615,0.624994622,na
P56159-2,460.0,73.21002174,confident,98.92473118,0.917031297,na
O14524-2,371.0,73.20881402,confident,83.55855856,0.453496933,1
P09497-2,211.0,73.20687204,confident,92.13973799,0.392159078,1
Q0VAK6-2,348.0,73.19928161,confident,61.78571429,0.515432304,na
Q96QE5-4,171.0,73.19871345,confident,46.38888889,0.400377296,na
Q9NW64-2,371.0,73.19827493,confident,88.33333333,0.749252849,na
P35348-3,429.0,73.18911422,confident,90.77253219,0.804406233,na
P60006-2,125.0,73.18792,confident,96.8,0.323456907,1
Q15070-2,419.0,73.17995227,confident,95.40229885,0.765557225,na
P09496-4,230.0,73.17956522,confident,92.33870968,0.391148778,1
O95947-2,295.0,73.17711864,confident,63.28828829,0.622193344,na
P25791-3,227.0,73.1746696,confident,69.60352423,0.778544899,na
Q2KHT4-3,326.0,73.17355828,confident,93.40974212,0.753184799,na
P12872-2,108.0,73.17194444,confident,91.30434783,0.370240425,na
Q6UY09-4,491.0,73.16158859,confident,82.38255034,0.597938611,na
A6NNP5-4,241.0,73.15912863,confident,77.17842324,0.433516353,1
Q9NQ30-2,134.0,73.15350746,confident,72.82608696,0.55325086,na
Q96I82-2,252.0,73.14880952,confident,64.74358974,0.515098061,na
Q8IZP1-2,291.0,73.14728522,confident,45.37521815,0.649888656,na
Q9UKA8-6,116.0,73.14008621,confident,48.13278008,0.339634375,na
O00499-6,482.0,73.13973029,confident,81.28161889,0.614039674,na
O75688-3,192.0,73.13651042,confident,40.08350731,0.344114518,na
Q14493-2,231.0,73.13593074,confident,85.55555556,0.681987623,na
Q9P287-4,292.0,73.13256849,confident,80.24316109,0.738942437,na
Q7L8A9-2,204.0,73.12348039,confident,50.1369863,0.512510908,na
Q86YT9-2,384.0,73.12346354,confident,96.70050761,0.807847585,na
P51809-3,179.0,73.11921788,confident,81.36363636,0.546762487,na
P41586-2,496.0,73.11699597,confident,94.35483871,0.93094405,na
Q7L099-2,506.0,73.11211462,confident,70.86330935,0.553228552,na
Q9H930-3,129.0,73.10829457,confident,21.89655172,0.259588688,na
Q10587-2,273.0,73.10695971,confident,85.24590164,0.569455299,na
Q8NBZ0-2,137.0,73.10635036,confident,54.09836066,0.387943137,na
Q8NFX7-3,108.0,73.10351852,confident,27.54237288,0.409255304,na
O15488-5,406.0,73.09155172,confident,81.03792415,0.698552782,na
P08174-2,440.0,73.09113636,confident,83.18181818,0.683248559,na
P18577-8,308.0,73.08814935,confident,61.95899772,0.728243178,na
P53990-2,335.0,73.08644776,confident,90.98360656,0.604515185,na
Q5T124-2,487.0,73.08275154,confident,93.65384615,0.47549918,1
Q96FE7-4,173.0,73.08,confident,64.63878327,0.495353639,na
Q9BQS2-2,390.0,73.07458974,confident,90.02375297,0.388777856,1
Q5VSY0-2,315.0,73.07307937,confident,86.06557377,0.462536492,1
Q9UK53-5,262.0,73.0679771,confident,61.84834123,0.43344264,na
Q8IWS0-3,364.0,73.06678571,confident,99.7260274,0.418685127,1
Q00987-6,132.0,73.0605303,confident,21.42857143,0.309438087,na
Q9UQB8-2,534.0,73.05694757,confident,95.66787004,0.539952742,na
O00453-8,35.0,73.05685714,confident,15.15151515,0.194196162,na
O76064-3,448.0,73.05310268,confident,82.50497018,0.414856179,1
Q9UMY1-2,145.0,73.05103448,confident,53.05343511,0.345340786,na
Q13243-2,107.0,73.03476636,confident,35.48387097,0.493793137,na
Q9BTF0-2,303.0,73.0279538,confident,59.00990099,0.659465627,na
Q6UWU4-3,241.0,73.02659751,confident,69.45244957,0.705628518,na
P68543-2,206.0,73.01975728,confident,79.53667954,0.346504368,1
Q9BW11-2,197.0,73.01451777,confident,95.63106796,0.563004466,na
Q53RY4-2,222.0,73.00833333,confident,92.5,0.735430565,na
Q8WV37-2,458.0,73.00790393,confident,85.60747664,0.596060979,na
Q9UBY9-2,175.0,72.99817143,confident,97.14285714,0.67961099,na
P14921-4,225.0,72.99608889,confident,51.02040816,0.440212347,na
P23443-2,502.0,72.98790837,confident,95.61904762,0.766166186,na
Q4G1C9-3,106.0,72.98745283,confident,24.2074928,0.263982799,na
P56211-2,96.0,72.98395833,confident,85.71428571,0.323126594,na
O43699-6,401.0,72.98177057,confident,88.30022075,0.598828384,na
O15519-12,292.0,72.98047945,confident,56.25,0.536003373,na
Q9NYN1-3,247.0,72.97870445,confident,92.85714286,0.759433377,na
Q5T4F4-5,318.0,72.97867925,confident,77.12895377,0.256493854,1
Q9NYZ4-2,406.0,72.97374384,confident,81.16232465,0.422873977,1
P15170-3,637.0,72.97251177,confident,78.33594976,0.795105829,na
Q8N8Q8-3,129.0,72.96705426,confident,33.72434018,0.358010896,na
O75323-2,247.0,72.95222672,confident,79.02097902,0.694822542,na
Q5T5M9-2,371.0,72.95212938,confident,99.7311828,0.746041914,na
Q495C1-5,232.0,72.95043103,confident,65.90163934,0.614930828,na
Q86YV6-2,388.0,72.94608247,confident,95.88688946,0.85980253,na
Q8IYJ3-2,550.0,72.94309091,confident,97.86476868,0.606591233,na
P10966-8,206.0,72.9407767,confident,73.81974249,0.65609619,na
Q7L5Y9-4,328.0,72.93917683,confident,66.42335766,0.446497573,na
Q9BST9-2,550.0,72.93730909,confident,92.5087108,0.791572296,na
Q9Y2W7-3,230.0,72.92530435,confident,75.18796992,0.784668133,na
Q99504-2,447.0,72.92485459,confident,78.0104712,0.583120716,na
P49842-2,364.0,72.92478022,confident,98.91304348,0.737261343,na
Q13568-4,488.0,72.92235656,confident,97.99196787,0.509506268,na
Q68DY1-2,452.0,72.92141593,confident,85.60606061,0.726365728,na
O15530-4,429.0,72.92076923,confident,76.97841727,0.343493881,1
Q7Z624-2,132.0,72.9194697,confident,39.00928793,0.433482529,na
O60260-7,387.0,72.9181137,confident,83.22580645,0.788262453,na
O15519-11,462.0,72.91718615,confident,87.9759519,0.569378271,na
P0DPB3-3,255.0,72.91466667,confident,48.28282828,0.443633676,na
P20783-2,270.0,72.91459259,confident,95.18518519,0.655744216,na
O96017-9,586.0,72.91319113,confident,92.66211604,0.622325441,na
Q8NG50-5,251.0,72.91231076,confident,88.38028169,0.696976026,na
Q6P499-2,324.0,72.91200617,confident,79.80295567,0.68681279,na
Q9NX04-2,113.0,72.91141593,confident,36.44859813,0.498447933,na
K7EJ46-2,88.0,72.90454545,confident,94.31818182,0.558765571,na
O43236-2,459.0,72.89915033,confident,95.81589958,0.763646744,na
O14745-2,202.0,72.89876238,confident,56.42458101,0.395031586,na
P19235-2,241.0,72.89850622,confident,40.15748031,0.636146391,na
Q9H426-2,270.0,72.8937037,confident,99.62962963,0.749257367,na
Q5JW98-4,170.0,72.89105882,confident,48.72611465,0.370397039,na
Q8IVW4-2,455.0,72.87817582,confident,76.85810811,0.66181736,na
P53634-3,141.0,72.87595745,confident,23.57894737,0.452441913,na
Q9UK53-3,210.0,72.87485714,confident,49.76303318,0.311966683,na
O96017-4,452.0,72.8714823,confident,83.2412523,0.651125102,na
Q496A3-2,185.0,72.85356757,confident,61.66666667,0.202707693,na
Q9HB29-2,457.0,72.85260394,confident,70.28380634,0.701155997,na
Q96RI1-2,472.0,72.85067797,confident,93.2238193,0.565417216,na
Q96GM8-2,430.0,72.84267442,confident,82.54901961,0.784692561,na
Q9C0H2-2,491.0,72.83922607,confident,93.88145315,0.428279745,1
P18577-9,244.0,72.83737705,confident,58.51318945,0.70270132,na
P16389-2,356.0,72.83679775,confident,61.43141153,0.643623403,na
O00453-10,66.0,72.81969697,confident,68.04123711,0.264555503,na
Q9Y5X4-2,367.0,72.81760218,confident,89.51219512,0.504777817,na
P48023-2,127.0,72.81330709,confident,42.70462633,0.295910683,na
O15105-3,425.0,72.80705882,confident,99.76525822,0.882108169,na
O75570-2,468.0,72.80143162,confident,86.25,0.745558362,na
Q9UL45-2,80.0,72.800875,confident,43.60465116,0.449425913,na
Q6PIL6-5,225.0,72.79817778,confident,78.8,0.810726383,na
Q86YB8-2,144.0,72.79583333,confident,30.62098501,0.273081841,na
Q9H808-2,449.0,72.78062361,confident,78.4965035,0.632897826,na
Q07866-5,616.0,72.77928571,confident,93.01948052,0.592665671,na
Q96MZ0-2,147.0,72.77217687,confident,34.5844504,0.437157969,na
Q5BLP8-3,128.0,72.76742188,confident,74.21875,0.415767103,1
O95780-2,422.0,72.76556872,confident,84.73895582,0.720776474,na
O00124-2,229.0,72.75829694,confident,84.81481481,0.407820749,1
O15173-2,247.0,72.75777328,confident,90.28340081,0.756125078,na
Q9H4F8-2,435.0,72.75664368,confident,99.77011494,0.547498614,na
Q8IZP0-10,388.0,72.75409794,confident,76.18110236,0.535330913,na
Q14593-2,504.0,72.75343254,confident,88.57644991,0.645944069,na
Q8N2I9-2,173.0,72.75202312,confident,34.25287356,0.194665041,na
Q8IWS0-5,331.0,72.75145015,confident,90.68493151,0.426694915,1
P43115-6,425.0,72.74931765,confident,85.71428571,0.855478458,na
Q9Y303-3,594.0,72.74250842,confident,67.50841751,0.837160148,na
P06748-3,259.0,72.73675676,confident,87.41496599,0.63302068,na
Q6P597-3,518.0,72.73445946,confident,97.2972973,0.514868528,na
Q6P6C2-3,383.0,72.73109661,confident,92.63959391,0.727106691,na
P32119-2,142.0,72.71732394,confident,48.30917874,0.646207473,na
O94921-2,451.0,72.71454545,confident,91.1205074,0.736280032,na
P23560-3,262.0,72.71354962,confident,94.27480916,0.615031918,na
O94941-2,487.0,72.70599589,confident,90.01848429,0.545853035,na
Q6V702-3,156.0,72.70064103,confident,48.37398374,0.47550482,na
Q96A70-5,204.0,72.69769608,confident,41.34199134,0.630410086,na
P19878-2,420.0,72.69635714,confident,79.84790875,0.340784623,1
Q9HBQ8-2,97.0,72.69371134,confident,67.36111111,0.495694858,na
Q9NS23-5,344.0,72.68165698,confident,97.4137931,0.863037904,na
Q8N228-2,356.0,72.67769663,confident,85.99033816,0.404184758,na
Q4AE62-3,292.0,72.67729452,confident,63.75545852,0.547803501,na
O95718-1,508.0,72.67588583,confident,85.23622047,0.635314346,na
P78396-3,421.0,72.67565321,confident,90.53763441,0.74272297,na
Q9BYG7-2,210.0,72.67047619,confident,61.9047619,0.524911183,na
P05388-2,255.0,72.67,confident,80.44164038,0.437851979,1
Q9BRY0-2,105.0,72.66771429,confident,23.6196319,0.341773042,na
Q99933-3,274.0,72.66624088,confident,79.42028986,0.687312481,na
O15519-3,366.0,72.66478142,confident,68.73747495,0.605523055,na
Q9BPX6-5,278.0,72.66338129,confident,53.49794239,0.663498795,na
Q63ZY6-6,291.0,72.65910653,confident,92.38095238,0.694291319,na
P07602-3,527.0,72.65686907,confident,99.43074004,0.499409865,1
Q99576-3,200.0,72.64805,confident,49.51923077,0.501833806,na
Q99259-3,224.0,72.64691964,confident,36.02693603,0.433986686,na
Q9UJU6-3,439.0,72.64615034,confident,97.9498861,0.530594233,na
Q14919-2,211.0,72.64402844,confident,96.68246445,0.635573552,na
Q5VXU1-3,207.0,72.63917874,confident,92.38095238,0.85900911,na
P50221-3,139.0,72.63517986,confident,54.72440945,0.448252201,na
P43115-10,431.0,72.63350348,confident,83.87096774,0.788400632,na
Q9H788-2,409.0,72.62613692,confident,87.66519824,0.345026235,1
Q7Z2X4-4,217.0,72.62511521,confident,81.88976378,0.619282207,na
Q86UN6-3,89.0,72.62292135,confident,45.17766497,0.350365356,na
Q04323-2,312.0,72.62237179,confident,88.4375,0.403679807,1
Q8WWV6-2,220.0,72.62195455,confident,32.55395683,0.437027635,na
P35398-3,540.0,72.62124074,confident,92.40740741,0.530960009,na
P17676-3,147.0,72.61952381,confident,42.60869565,0.44791085,na
O00624-2,436.0,72.61672018,confident,81.79824561,0.827698961,na
Q9NUL3-8,473.0,72.6154334,confident,82.80701754,0.538553246,na
P20815-2,140.0,72.611,confident,22.31075697,0.495455075,na
Q5JUX0-2,77.0,72.60818182,confident,29.06976744,0.230862402,na
O75953-4,420.0,72.60709524,confident,82.85714286,0.662924964,na
O95278-4,152.0,72.60440789,confident,30.94555874,0.527946963,na
O14757-2,382.0,72.6028534,confident,79.62184874,0.54638755,na
Q969G3-2,363.0,72.59192837,confident,83.81642512,0.411255604,na
O95866-2,237.0,72.58793249,confident,78.0,0.535376781,na
Q96QS1-4,124.0,72.57556452,confident,31.75074184,0.362084132,na
Q15555-4,274.0,72.57240876,confident,75.30120482,0.401314323,1
P23560-2,255.0,72.57133333,confident,96.8627451,0.673938898,na
O00453-5,59.0,72.56983051,confident,40.77669903,0.519557399,na
Q2KHT4-6,339.0,72.55914454,confident,89.22651934,0.741361804,na
Q9H497-2,336.0,72.55485119,confident,80.60453401,0.743986745,na
Q96PU8-5,317.0,72.5526183,confident,89.73607038,0.675489444,na
Q8IWF9-3,313.0,72.54952077,confident,75.78692494,0.350054145,1
Q6UX40-3,139.0,72.54316547,confident,90.4109589,0.749837688,na
Q8TE67-2,563.0,72.53143872,confident,94.94097808,0.453424801,1
Q8IX04-7,199.0,72.52964824,confident,41.61358811,0.416601185,na
P20138-3,237.0,72.52658228,confident,61.85286104,0.385115173,na
Q86TS9-4,87.0,72.51689655,confident,44.6969697,0.608221975,na
Q8N7C4-2,211.0,72.51464455,confident,88.36206897,0.870670673,na
Q5T4W7-2,237.0,72.50708861,confident,81.92771084,0.477112749,1
Q93038-2,418.0,72.50600478,confident,99.76076555,0.672297873,na
P19525-2,510.0,72.50562745,confident,92.55898367,0.552500772,na
P35372-9,420.0,72.50140476,confident,94.04761905,0.78335183,na
Q9Y587-2,159.0,72.49918239,confident,63.31360947,0.677531762,na
Q6ZTQ3-2,337.0,72.49406528,confident,91.32791328,0.746500798,na
Q59EK9-3,405.0,72.49177778,confident,89.70917226,0.533364158,na
Q9BTT0-3,220.0,72.48254545,confident,82.08955224,0.530915318,na
Q7Z6J6-2,555.0,72.48248649,confident,97.36842105,0.749610457,na
Q9BQ16-7,316.0,72.48003165,confident,72.47706422,0.592684503,na
Q9BWX1-2,342.0,72.47953216,confident,89.76377953,0.606771162,na
Q9BRT8-3,376.0,72.47837766,confident,95.18987342,0.826698766,na
P51654-3,603.0,72.47711443,confident,96.18573798,0.83866209,na
Q7Z7F7-2,164.0,72.47426829,confident,78.04878049,0.582676247,na
P83111-2,373.0,72.47190349,confident,68.19012797,0.600924227,na
A0PG75-2,259.0,72.47061776,confident,95.57195572,0.816076551,na
Q93038-7,126.0,72.46992063,confident,27.57793765,0.315854937,na
Q7Z628-2,542.0,72.46809963,confident,86.74496644,0.736956958,na
Q9GZW5-2,152.0,72.46585526,confident,43.21766562,0.497143423,na
Q8TCB7-2,240.0,72.461125,confident,64.28571429,0.704010584,na
Q8N0U7-2,180.0,72.46016667,confident,27.65567766,0.337771403,na
Q15043-3,492.0,72.45361789,confident,95.93495935,0.857765097,na
Q5T6J7-2,230.0,72.45208696,confident,74.35897436,0.829895208,na
Q6UE05-2,60.0,72.45066667,confident,11.80811808,0.451110152,na
Q9BRK5-4,202.0,72.44668317,confident,53.86740331,0.476408667,na
Q8IX05-2,174.0,72.44270115,confident,74.56896552,0.373888175,1
Q8NHE4-4,130.0,72.44192308,confident,62.30769231,0.758088785,na
Q969P5-2,262.0,72.44164122,confident,73.8028169,0.362691032,1
Q8IYT4-2,466.0,72.43967811,confident,86.61710037,0.664864532,na
P05787-2,511.0,72.43898239,confident,94.52054795,0.381813996,1
Q9NZE8-2,170.0,72.43129412,confident,90.42553191,0.509162275,na
P59780-2,124.0,72.42717742,confident,48.70466321,0.594784162,na
Q5JTY5-2,375.0,72.42674667,confident,94.93670886,0.83778989,na
P51513-2,181.0,72.42176796,confident,34.51676529,0.343606666,na
P18847-3,135.0,72.42125926,confident,65.59139785,0.296792239,na
O95758-7,457.0,72.42054705,confident,82.60869565,0.470399186,1
Q2MV58-3,573.0,72.41472949,confident,92.64214047,0.370270932,1
Q9NSE2-3,275.0,72.41309091,confident,91.63636364,0.803566192,na
Q9UIK5-3,175.0,72.41234286,confident,39.84168865,0.344482467,na
P10966-3,213.0,72.41159624,confident,72.83950617,0.644432854,na
Q93086-2,397.0,72.40793451,confident,93.83886256,0.808265904,na
Q9HCU8-2,79.0,72.40392405,confident,58.77192982,0.321441071,na
Q8IZ96-7,61.0,72.39803279,confident,35.50295858,0.448168415,na
P40426-3,253.0,72.39312253,confident,58.29493088,0.387217976,na
Q6P1K2-6,180.0,72.38888889,confident,52.89256198,0.52696957,na
Q9BU40-3,378.0,72.38637566,confident,82.49452954,0.322947565,na
P58753-2,235.0,72.38531915,confident,93.19148936,0.643207405,na
Q16774-3,241.0,72.3739834,confident,66.0,0.800777346,na
Q9HBH9-2,414.0,72.36770531,confident,81.47368421,0.654934186,na
Q16625-7,70.0,72.36085714,confident,10.53639847,0.202071508,na
P26378-3,383.0,72.3513577,confident,91.9395466,0.659816823,na
Q07866-10,618.0,72.35106796,confident,89.64401294,0.536757803,na
Q96NL0-2,329.0,72.34680851,confident,69.34460888,0.437595817,na
P10909-2,501.0,72.33602794,confident,89.62075848,0.858945607,na
Q99706-2,360.0,72.33588889,confident,95.49071618,0.589429923,na
Q14451-2,447.0,72.32503356,confident,78.71559633,0.592876348,na
Q8IVA1-2,120.0,72.31775,confident,87.5,0.568407522,na
P0C024-3,170.0,72.31617647,confident,46.61654135,0.729665032,na
P43268-3,207.0,72.29613527,confident,42.76859504,0.467998097,na
Q8NA72-2,399.0,72.29481203,confident,69.39130435,0.540170031,na
P14927-2,140.0,72.29092857,confident,65.0,0.778491624,na
Q13424-2,430.0,72.28667442,confident,85.14851485,0.529038549,na
O75838-2,210.0,72.27719048,confident,86.66666667,0.917700697,na
P43628-2,243.0,72.27547325,confident,71.26099707,0.385841812,1
O43852-6,265.0,72.2749434,confident,84.12698413,0.657325639,na
Q9BPX6-3,478.0,72.27441423,confident,99.58158996,0.878929445,na
Q9BQS2-3,474.0,72.27219409,confident,75.0,0.689164129,na
Q9Y228-3,353.0,72.26906516,confident,63.70235935,0.443382612,na
Q04206-4,548.0,72.26843066,confident,99.45553539,0.642801191,na
Q86WB0-3,431.0,72.26645012,confident,85.85657371,0.726870714,na
Q86UR1-2,483.0,72.26223602,confident,98.55072464,0.757279523,na
Q8N539-2,198.0,72.26161616,confident,33.19755601,0.399588457,na
P58335-2,386.0,72.2611399,confident,78.93660532,0.431325609,1
P0DMS9-2,347.0,72.26057637,confident,60.36745407,0.382850186,na
Q9HD64-4,69.0,72.26028986,confident,43.67816092,0.232923145,na
Q6ZP29-2,180.0,72.25122222,confident,61.8556701,0.544505382,na
Q96MF2-2,325.0,72.24864615,confident,89.28571429,0.580009431,na
O75914-4,565.0,72.24667257,confident,96.64902998,0.900882034,na
P08174-5,439.0,72.24419134,confident,83.18181818,0.676161857,na
Q02641-2,523.0,72.24191205,confident,67.47352496,0.638865921,na
Q6ZUS5-2,440.0,72.23595455,confident,63.18181818,0.497578289,na
Q5SQH8-3,181.0,72.23563536,confident,57.46031746,0.66470281,na
Q99689-2,104.0,72.23394231,confident,26.53061224,0.284801203,na
P62633-2,170.0,72.23064706,confident,96.04519774,0.667610252,na
Q9NPB0-2,116.0,72.23043103,confident,62.29508197,0.533939847,na
O96017-2,234.0,72.22978632,confident,37.54578755,0.415224934,na
Q9BU76-2,141.0,72.22829787,confident,50.0,0.371419559,na
O43236-3,470.0,72.22229787,confident,95.63409563,0.761114781,na
Q6W5P4-5,366.0,72.21934426,confident,88.59416446,0.787567924,na
Q9NPJ4-2,120.0,72.21908333,confident,63.30935252,0.306092297,na
Q86YN1-2,195.0,72.21020513,confident,81.93277311,0.66556106,na
P41271-2,216.0,72.20763889,confident,83.7962963,0.687775875,na
Q03936-3,554.0,72.20700361,confident,94.53924915,0.6844355,na
Q71RS6-2,440.0,72.20561364,confident,87.8,0.804045998,na
P35398-1,556.0,72.20467626,confident,83.15789474,0.532164236,na
Q9NXB0-3,549.0,72.2042623,confident,95.88550984,0.586317878,na
O95389-2,372.0,72.20236559,confident,95.16129032,0.6967567,na
Q96AZ1-2,149.0,72.20073826,confident,43.42629482,0.635971745,na
Q7Z465-3,204.0,72.20044118,confident,56.58263305,0.488548427,na
Q9BWV2-3,135.0,72.19985185,confident,50.78740157,0.375906839,na
Q6UY09-3,503.0,72.1961829,confident,84.39597315,0.626097052,na
Q8N6I4-2,131.0,72.19480916,confident,80.36809816,0.501172618,na
Q9BV29-3,134.0,72.19171642,confident,71.89189189,0.341071533,na
Q9NXB0-2,520.0,72.18880769,confident,82.44406196,0.783027695,na
Q8NCT3-6,517.0,72.18704062,confident,81.16197183,0.550080596,na
Q9BSG1-3,383.0,72.1745953,confident,90.11764706,0.68789504,na
Q9NS61-2,252.0,72.15865079,confident,92.96296296,0.776107502,na
Q9NR50-3,401.0,72.15770574,confident,88.71681416,0.91404157,na
Q8TAX9-2,394.0,72.15071066,confident,95.62043796,0.876023074,na
Q07866-6,628.0,72.14982484,confident,87.42038217,0.543966178,na
Q6PI97-2,178.0,72.14735955,confident,76.53061224,0.309341847,1
Q7Z6G3-2,303.0,72.14580858,confident,70.20725389,0.463710663,1
Q9UHP7-7,95.0,72.14242105,confident,44.5026178,0.352869894,na
O75914-2,544.0,72.13943015,confident,97.31663685,0.860387103,na
Q9H813-2,411.0,72.13530414,confident,85.15815085,0.706772647,na
P82663-3,129.0,72.1344186,confident,51.12359551,0.636447291,na
Q2TBC4-2,312.0,72.1288141,confident,67.79661017,0.669711516,na
Q13568-3,504.0,72.12736111,confident,96.62698413,0.682147136,na
Q13043-2,462.0,72.11458874,confident,88.68686869,0.682786759,na
Q68G75-5,108.0,72.11212963,confident,43.09392265,0.351717174,na
Q8WVV9-5,508.0,72.10685039,confident,93.54243542,0.484272755,1
Q70Z53-4,292.0,72.10445205,confident,88.88888889,0.44856624,1
Q9NUL3-3,479.0,72.10016701,confident,82.98245614,0.634354404,na
Q3B7J2-3,112.0,72.09625,confident,25.06459948,0.561838706,na
Q8NEZ2-2,372.0,72.08795699,confident,93.45088161,0.569672942,na
P32241-2,492.0,72.08729675,confident,89.63414634,0.860628381,na
Q8IZ96-3,94.0,72.08712766,confident,53.25443787,0.415694209,na
Q9H7C4-2,476.0,72.07915966,confident,92.68292683,0.627198435,na
Q70Z53-3,315.0,72.07431746,confident,87.73006135,0.43412103,1
Q6UWU4-2,354.0,72.06774011,confident,98.02259887,0.625590216,na
O75564-2,568.0,72.06730634,confident,92.0552677,0.543931049,na
Q9UNM6-2,378.0,72.06063492,confident,88.65979381,0.936622786,na
Q6KB66-3,487.0,72.05907598,confident,66.6061706,0.405288388,na
Q96IZ5-2,405.0,72.05345679,confident,98.062954,0.420262365,na
Q6PHW0-5,284.0,72.05214789,confident,79.8679868,0.680817489,na
O60869-2,139.0,72.05172662,confident,84.41558442,0.489848315,1
O60828-6,149.0,72.04932886,confident,55.8490566,0.395803076,na
P26436-7,165.0,72.03781818,confident,62.26415094,0.572610074,na
P78310-3,89.0,72.03707865,confident,21.36986301,0.364008474,na
P07992-3,323.0,72.03083591,confident,86.10271903,0.644446667,na
O14656-2,197.0,72.02517766,confident,46.74556213,0.666937035,na
Q9NQ25-7,188.0,72.02271277,confident,56.11940299,0.421290202,na
Q96JY0-2,403.0,72.02245658,confident,92.85714286,0.610818846,na
Q969G3-4,376.0,72.01380319,confident,91.48418491,0.32974861,na
Q96DU3-3,221.0,72.01316742,confident,66.56626506,0.529903129,na
Q05195-2,211.0,72.01042654,confident,95.47511312,0.493674706,1
Q5T4F4-7,311.0,71.99807074,confident,73.55769231,0.312473812,1
Q5JTJ3-2,155.0,71.99458065,confident,59.375,0.592146027,na
Q9UGV2-3,286.0,71.98965035,confident,76.26666667,0.721965048,na
P17023-2,446.0,71.98829596,confident,97.37991266,0.726443757,na
O76050-2,557.0,71.98741472,confident,95.6445993,0.430123899,na
Q9NR81-2,558.0,71.98449821,confident,88.20422535,0.749510451,na
Q13352-3,111.0,71.98414414,confident,62.71186441,0.267818961,na
Q9NQ29-2,325.0,71.97236923,confident,87.60107817,0.575520594,na
P07910-4,250.0,71.969,confident,81.69934641,0.392536654,1
Q9UHJ9-4,232.0,71.96741379,confident,69.54887218,0.703953301,na
O00292-2,332.0,71.96710843,confident,90.71038251,0.789787375,na
Q9BWL3-2,219.0,71.96561644,confident,86.56126482,0.678182505,na
Q86XK7-2,423.0,71.96491725999999,confident,91.4893617,0.676960435,na
Q93038-10,380.0,71.96342105,confident,90.88729017,0.590171921,na
Q13568-2,514.0,71.96071984,confident,96.88715953,0.634969925,na
Q6ZUK4-2,223.0,71.95748879,confident,54.08970976,0.598353628,na
P28347-2,357.0,71.95347339,confident,82.09302326,0.601104773,na
Q16611-2,153.0,71.95098039,confident,51.08225108,0.537399036,na
O75764-2,154.0,71.94584416,confident,42.81609195,0.385296196,na
Q6ICG6-3,370.0,71.94340541,confident,91.58415842,0.809661613,na
Q9UBP9-3,201.0,71.94129353,confident,66.11842105,0.292292626,na
Q6UWN0-2,211.0,71.94066351,confident,82.92682927,0.698898838,na
Q9H8M2-4,233.0,71.93738197,confident,31.49350649,0.380162654,na
Q15080-3,348.0,71.93054598,confident,75.13812155,0.568190748,na
Q9NQ25-6,204.0,71.92637255,confident,60.89552239,0.463313079,na
O00305-4,458.0,71.92585153,confident,88.07692308,0.748283729,na
O00499-11,497.0,71.92561368,confident,79.27631579,0.601999699,na
P53990-4,366.0,71.92322404,confident,99.45355191,0.585099772,na
Q7Z6M3-3,253.0,71.923083,confident,73.76093294,0.486571002,1
Q8WVV9-3,275.0,71.91392727,confident,48.15498155,0.314180947,na
Q8IUD6-2,210.0,71.90842857,confident,39.55555556,0.421350246,na
O15374-4,382.0,71.9052356,confident,67.26546906,0.70885701,na
Q6QEF8-2,286.0,71.9051049,confident,47.55102041,0.4709826,na
Q86SX3-2,393.0,71.90483461,confident,79.39393939,0.489725951,na
Q6FIF0-2,196.0,71.90178571,confident,94.23076923,0.532667754,na
Q6P2D0-2,352.0,71.89414773,confident,86.48648649,0.670593663,na
P55345-2,284.0,71.89112676,confident,54.25287356,0.620247665,na
Q68CL5-1,257.0,71.88902724,confident,85.66666667,0.37919445,1
Q96PQ6-3,478.0,71.88642259,confident,80.33613445,0.544705373,na
O14986-3,502.0,71.87750996,confident,92.96296296,0.842536,na
Q9H6H4-2,173.0,71.87294798,confident,57.47126437,0.552902996,na
Q6P1S2-2,251.0,71.86900398,confident,85.37414966,0.669365244,na
O43521-9,82.0,71.86146341,confident,38.88888889,0.347947339,na
O75528-2,369.0,71.8600271,confident,85.41666667,0.349771112,1
Q9NQT5-2,164.0,71.86,confident,57.24637681,0.681401056,na
P51878-4,108.0,71.8575,confident,20.22988506,0.506898434,na
Q9UHI5-4,430.0,71.85706977,confident,71.77570093,0.802403233,na
Q86TP1-5,218.0,71.85619266,confident,48.12362031,0.348459382,na
Q3SYC2-3,284.0,71.85278169,confident,69.55223881,0.756637964,na
Q5T4F4-2,404.0,71.83695545,confident,98.29683698,0.56711697,na
Q5SSJ5-3,401.0,71.83581047,confident,72.51356239,0.468268598,na
P13232-3,64.0,71.83078125,confident,36.15819209,0.542970905,na
Q8N4B1-4,262.0,71.83064885,confident,95.03816794,0.576241939,na
Q9BUP3-2,133.0,71.82097744,confident,41.73228346,0.654480472,na
Q96PU9-2,138.0,71.81927536,confident,44.35797665,0.190578606,na
Q9Y603-7,264.0,71.81825758,confident,77.41935484,0.506933872,na
Q8TE67-3,594.0,71.80833333,confident,99.83164983,0.364701495,1
P58658-2,69.0,71.80536232,confident,11.84210526,0.270771823,na
O95847-2,245.0,71.78795918,confident,73.374613,0.754447069,na
Q0P651-4,245.0,71.77702041,confident,47.09821429,0.525000867,na
P15622-2,443.0,71.77401806,confident,79.10714286,0.557691179,na
Q6UW88-2,133.0,71.76962406,confident,83.76623377,0.666515772,na
Q8WZ73-2,355.0,71.76538028,confident,97.79614325,0.432958632,1
Q5T4F4-6,286.0,71.76367133,confident,69.5863747,0.307614959,na
O43521-6,79.0,71.76265823,confident,38.38383838,0.359297417,na
Q96BF3-2,278.0,71.75107914,confident,98.58156028,0.617819653,na
Q96D96-2,236.0,71.75008475,confident,86.44688645,0.709225024,na
Q9H171-6,248.0,71.74725806,confident,53.84615385,0.373632987,na
Q96PU8-8,319.0,71.74557994,confident,91.49560117,0.651043738,na
Q7LG56-3,139.0,71.74438849,confident,34.62603878,0.500563671,na
Q6QEF8-3,285.0,71.74287719,confident,47.34693878,0.440218862,na
Q5F1R6-3,544.0,71.73637868,confident,97.61029412,0.514035773,na
O75251-2,206.0,71.72446602,confident,81.65938865,0.759270325,na
Q9UKT5-2,307.0,71.71560261,confident,77.51937984,0.399389306,1
Q14188-3,370.0,71.71437838,confident,82.55033557,0.543778435,na
Q9NP50-2,73.0,71.71219178,confident,33.03167421,0.366151289,na
P55822-2,128.0,71.7115625,confident,53.55648536,0.321337633,na
Q11203-20,228.0,71.70947368,confident,45.08816121,0.553000667,na
Q07444-2,257.0,71.70832685,confident,87.07224335,0.476042316,na
Q9BSY4-2,158.0,71.70588608,confident,65.82278481,0.469503482,na
Q96RI1-4,482.0,71.69491701,confident,99.17695473,0.606979901,na
P43115-12,429.0,71.69076923,confident,86.01398601,0.828213791,na
Q8NDC4-2,204.0,71.68906863,confident,61.76470588,0.77774578,na
O14763-2,411.0,71.68722628,confident,93.40909091,0.426062587,1
Q5H9L4-2,376.0,71.68486702,confident,81.38528139,0.49736096,na
Q29980-2,340.0,71.68458824,confident,88.77284595,0.582885267,na
Q3SXY8-3,325.0,71.68387692,confident,75.93457944,0.416414911,1
Q9UMX9-3,471.0,71.67974522,confident,88.86792453,0.677348042,na
Q14CB8-7,479.0,71.67835073,confident,96.96356275,0.757337377,na
Q9P0L0-2,294.0,71.67503401,confident,84.69387755,0.576230196,na
P57796-2,170.0,71.67152941,confident,55.31914894,0.517659953,na
O15519-10,300.0,71.67003333,confident,55.99173554,0.49293552,na
Q7Z692-3,299.0,71.66809365,confident,99.66666667,0.49750685,na
Q9C0K1-3,444.0,71.66795045,confident,92.82608696,0.506641948,na
Q96HC4-2,234.0,71.66602564,confident,33.06055646,0.33301074,na
P17028-2,193.0,71.66051813,confident,51.63043478,0.463103425,na
Q9H2G9-2,174.0,71.65873563,confident,39.75308642,0.282321339,na
Q9BZW8-2,365.0,71.64786301,confident,98.64864865,0.494195385,1
O75618-2,348.0,71.63163793,confident,91.09195402,0.65604861,na
Q9H2B2-2,407.0,71.63157248,confident,95.76470588,0.484615686,1
P09132-3,78.0,71.63102564,confident,19.23076923,0.264339015,na
O95718-2,500.0,71.62898,confident,86.4,0.69601473,na
O60499-2,200.0,71.6282,confident,80.32128514,0.494208249,1
Q9BUR5-2,180.0,71.62794444,confident,86.86868687,0.316483771,1
Q8WUK0-2,137.0,71.62394161,confident,68.15920398,0.527027092,na
Q9P2K3-4,449.0,71.62371938,confident,68.89692586,0.46035361,na
Q9NPH5-3,231.0,71.62281385,confident,39.96539792,0.44657183,na
Q6ZRI8-5,499.0,71.61745491,confident,91.22486289,0.812045919,na
Q8IZP0-8,393.0,71.61643766,confident,77.36220472,0.467061357,na
Q12837-2,265.0,71.61411321,confident,64.79217604,0.461872391,na
O96017-6,165.0,71.61181818,confident,27.17391304,0.329859011,na
Q9BRQ4-3,99.0,71.59939394,confident,34.082397,0.598973157,na
Q15306-2,450.0,71.59895556,confident,99.77827051,0.483879521,1
Q8TDQ1-6,293.0,71.59740614,confident,95.56313993,0.485833466,1
P56134-4,49.0,71.58836735,confident,51.06382979,0.43185036,na
Q13115-2,303.0,71.58765677,confident,65.17412935,0.489319288,na
P49768-2,463.0,71.57686825,confident,99.14346895,0.839037662,na
Q8NB15-1,262.0,71.57118321,confident,84.24908425,0.532392587,na
Q8NAU1-4,137.0,71.57094891,confident,64.62264151,0.344687067,na
Q8N6S4-2,506.0,71.56045455,confident,93.34565619,0.787078363,na
Q6UWV7-2,153.0,71.55732026,confident,58.0,0.451701431,na
Q13291-4,357.0,71.55563025,confident,73.36814621,0.711043946,na
P48547-2,585.0,71.53940171,confident,86.00682594,0.767218996,na
Q9NNX6-10,380.0,71.53484211,confident,89.51219512,0.509004362,na
Q14257-2,335.0,71.53408955,confident,94.62686567,0.904254488,na
Q9H0A6-5,179.0,71.53206704,confident,47.23756906,0.526670561,na
Q9NWM0-3,190.0,71.52973684,confident,34.23423423,0.480977831,na
Q5T2W1-2,408.0,71.51875,confident,78.61271676,0.463567699,1
P49768-7,434.0,71.5166129,confident,92.93361884,0.696424045,na
Q7L513-2,365.0,71.51254795,confident,98.35616438,0.692567679,na
Q96AP7-2,141.0,71.51042553,confident,27.54342432,0.391334329,na
P22732-2,244.0,71.51020492,confident,38.06818182,0.574191811,na
Q6P2M8-5,426.0,71.5079108,confident,80.51643192,0.820616807,na
Q68CQ7-2,259.0,71.50189189,confident,58.99470899,0.534662679,na
Q06265-4,372.0,71.50002688,confident,77.85087719,0.656725645,na
Q8TAF7-2,436.0,71.5,confident,77.44227353,0.735962444,na
Q9H2L5-2,330.0,71.49960606,confident,87.06896552,0.602476275,na
O60830-2,222.0,71.4963964,confident,77.47747748,0.753777428,na
Q8IYR6-2,341.0,71.49266862,confident,83.81201044,0.568676775,na
Q06055-3,157.0,71.49044586,confident,89.8089172,0.637855494,na
Q6UWB4-2,276.0,71.4901087,confident,69.23076923,0.718048644,na
Q8TAQ9-3,345.0,71.48950725,confident,85.31855956,0.62451418,na
Q03060-19,170.0,71.48811765,confident,42.65927978,0.343197499,na
Q99766-3,127.0,71.47984252,confident,57.20930233,0.558296798,na
Q8WYR4-2,271.0,71.4795572,confident,87.70226537,0.663086051,na
Q96M20-3,423.0,71.4712766,confident,73.4375,0.544629953,na
Q14188-2,369.0,71.4699458,confident,82.73542601,0.540748337,na
Q9UNH5-5,610.0,71.46954098,confident,95.91503268,0.768368175,na
Q9Y483-3,491.0,71.46820774,confident,82.79932546,0.498573141,1
Q9UKA9-3,537.0,71.46804469,confident,98.88268156,0.727853717,na
P58658-3,438.0,71.46728311,confident,99.31972789,0.500679418,na
Q9NP97-2,47.0,71.45893617,confident,28.30188679,0.444029998,na
Q96GD4-2,312.0,71.45772436,confident,87.20930233,0.73856656,na
Q6XR72-3,223.0,71.45695067,confident,44.32989691,0.419390348,na
O00141-2,526.0,71.45621673,confident,75.27675277,0.767357356,na
Q93038-11,426.0,71.45523474,confident,94.60093897,0.495750513,1
Q6B8I1-4,166.0,71.45283133,confident,64.5631068,0.535494182,na
A4D1E9-2,308.0,71.44886364,confident,79.58656331,0.62733819,na
O43294-2,444.0,71.44623874,confident,96.31236443,0.758992242,na
Q8N587-2,350.0,71.44442857,confident,72.01646091,0.58181987,na
Q04206-2,537.0,71.43810056,confident,97.45916515,0.652750353,na
Q9NQ31-2,183.0,71.43639344,confident,87.14285714,0.32250645,na
Q7Z6M3-2,248.0,71.43495968,confident,72.303207,0.355468709,1
Q02548-5,288.0,71.43475694,confident,68.54219949,0.597036709,na
Q5SZQ8-4,415.0,71.43204819,confident,89.24731183,0.605472161,na
Q96NL0-5,456.0,71.42743421,confident,96.40591966,0.423971678,na
P20142-2,315.0,71.42593651,confident,56.14457831,0.659415469,na
Q13190-4,321.0,71.42398754,confident,85.63380282,0.735401914,na
Q05D32-2,394.0,71.42360406,confident,84.54935622,0.588443918,na
Q3ZCU0-2,210.0,71.42209524,confident,47.26027397,0.639180468,na
Q96K19-2,236.0,71.42144068,confident,65.70397112,0.337944914,na
O14948-3,197.0,71.42142132,confident,55.3314121,0.446463314,na
Q9NNX6-9,34.0,71.42088235,confident,7.178217822,0.406915981,na
Q9BRV3-2,166.0,71.41674699,confident,54.1322314,0.510611254,na
Q9UQ07-3,73.0,71.40958904,confident,17.42243437,0.188157863,na
Q6PI26-2,549.0,71.40648452,confident,90.15280136,0.673546251,na
Q9NRA1-2,282.0,71.3943617,confident,81.73913043,0.516568732,na
Q9BU76-3,155.0,71.39193548,confident,56.6539924,0.326237471,na
Q86T90-4,129.0,71.38806202,confident,22.01039861,0.383079915,na
Q6UXS9-2,168.0,71.38386905,confident,30.81395349,0.363529324,na
Q12894-2,608.0,71.37664474,confident,81.47540984,0.797558662,na
Q658L1-2,383.0,71.37289817,confident,95.72864322,0.339101612,1
Q8TAX9-3,403.0,71.36972705,confident,96.10705596,0.864595422,na
Q9BPX6-4,278.0,71.36661871,confident,54.46985447,0.639946902,na
Q9UBX3-2,296.0,71.35543919,confident,96.95945946,0.774882157,na
Q9NZC4-2,277.0,71.35036101,confident,92.33333333,0.437871188,na
Q9BYT3-2,448.0,71.34966518,confident,87.15953307,0.685373667,na
Q6WBX8-1,414.0,71.3476087,confident,96.24413146,0.749606917,na
P12034-2,123.0,71.34650407,confident,44.40298507,0.234697526,na
Q9UBR5-3,67.0,71.34492537,confident,44.07894737,0.434848086,na
Q13322-2,548.0,71.34215328,confident,92.25589226,0.656906186,na
Q8IXS6-2,411.0,71.34145985,confident,91.28329298,0.353707924,1
Q6B8I1-2,67.0,71.33850746,confident,26.9035533,0.377582317,na
Q9Y232-2,544.0,71.33294118,confident,89.96655518,0.513794329,na
O43521-5,109.0,71.32926606,confident,53.53535354,0.257206552,na
O00453-13,73.0,71.32164384,confident,63.46153846,0.322903706,na
Q7L2K0-3,195.0,71.32071795,confident,36.77130045,0.366553169,na
Q6KCM7-4,489.0,71.31597137,confident,87.07070707,0.703079843,na
Q9BWT1-5,329.0,71.30933131,confident,88.67924528,0.433156977,na
P09651-2,320.0,71.30834375,confident,86.02150538,0.636266437,na
Q6UXY1-2,515.0,71.30347573,confident,97.35349716,0.767821276,na
Q8TDF5-2,532.0,71.29828947,confident,98.12382739,0.682071763,na
Q86T20-2,82.0,71.28939024,confident,80.39215686,0.479227098,1
Q9BYV6-3,540.0,71.28072222,confident,90.61946903,0.492257557,na
Q5TKA1-2,558.0,71.28071685,confident,97.13261649,0.524497162,na
Q96Q40-5,429.0,71.28055944,confident,98.62068966,0.761235546,na
Q5QJU3-3,140.0,71.27685714,confident,42.06896552,0.571857544,na
Q8NC67-3,518.0,71.26656371,confident,98.66666667,0.552954241,na
Q15822-2,514.0,71.26200389,confident,97.16446125,0.854450889,na
P21583-3,238.0,71.26163866,confident,84.24908425,0.558199884,na
Q5T7M9-2,162.0,71.25796296,confident,37.38317757,0.459102619,na
Q9BYE0-2,230.0,71.25208696,confident,97.82608696,0.497331292,1
Q8IWF9-2,444.0,71.2484009,confident,93.01801802,0.405119236,1
Q96J77-3,132.0,71.24568182,confident,88.57142857,0.619697517,na
Q7L513-8,264.0,71.24359848,confident,73.53760446,0.437335176,1
P24001-4,131.0,71.23419847,confident,55.98290598,0.482169966,na
Q9H5V9-3,208.0,71.23418269,confident,93.69369369,0.536818037,na
Q6PHW0-4,293.0,71.23071672,confident,76.75159236,0.674136471,na
Q9BRK5-6,348.0,71.22525862,confident,82.88770053,0.789250455,na
Q6P531-2,461.0,71.22312364,confident,93.50912779,0.814688961,na
Q5MJ70-1,286.0,71.22188811,confident,90.41533546,0.764362164,na
Q15853-4,215.0,71.21962791,confident,62.13872832,0.484629684,na
Q96AQ7-4,248.0,71.21794355,confident,95.96774194,0.790477832,na
Q8N8S7-2,570.0,71.2164386,confident,96.44670051,0.575122777,na
Q6UWT2-2,75.0,71.2152,confident,65.85365854,0.668699676,na
Q9BZQ4-2,302.0,71.2089404,confident,90.38461538,0.801061755,na
Q96E52-2,486.0,71.20761317,confident,87.78625954,0.661008425,na
Q86VG3-2,147.0,71.20469388,confident,66.5158371,0.316609497,na
Q9NRG9-2,513.0,71.19968811,confident,93.95604396,0.67194195,na
Q9H633-2,177.0,71.19920904,confident,87.00564972,0.752206961,na
O60248-2,178.0,71.19685393,confident,76.39484979,0.477583049,na
Q9BQ16-6,340.0,71.19582353,confident,72.27272727,0.608917607,na
Q6NXT4-4,432.0,71.1918287,confident,93.49240781,0.709054179,na
P26599-3,557.0,71.1910772,confident,95.33213645,0.7382969,na
Q309B1-2,140.0,71.18678571,confident,18.76606684,0.373766835,na
Q8N1A0-2,255.0,71.18192157,confident,86.44067797,0.525783323,na
Q00536-3,502.0,71.17842629,confident,98.80478088,0.813907533,na
Q29980-3,41.0,71.17609756,confident,7.216494845,0.260204083,na
P58753-3,255.0,71.17560784,confident,86.2745098,0.608674737,na
O60880-5,76.0,71.17381579,confident,36.43410853,0.52606191,na
Q9H7E9-2,242.0,71.16483471,confident,94.62809917,0.51930076,na
Q6ICL3-6,198.0,71.16131313,confident,42.63322884,0.604047666,na
Q9NVZ3-2,273.0,71.15978022,confident,84.7826087,0.662739848,na
Q13884-2,382.0,71.15945026,confident,70.63197026,0.771077832,na
Q8N5Z5-2,297.0,71.15531987,confident,92.52336449,0.656939225,na
Q02548-4,295.0,71.1500339,confident,69.56521739,0.592219044,na
Q96PU8-9,319.0,71.13902821,confident,92.10526316,0.658858736,na
P23763-3,117.0,71.13863248,confident,95.76271186,0.808528929,na
A0A1B0GTI8-2,121.0,71.13826446,confident,64.17112299,0.497576192,na
Q9BX93-2,194.0,71.13587629,confident,99.48717949,0.818432668,na
Q9NNX6-7,360.0,71.11919444,confident,89.10891089,0.59667625,na
Q9Y6R9-2,332.0,71.11334337,confident,64.84375,0.401129964,na
P29558-4,38.0,71.10973684,confident,6.601466993,0.209847913,na
Q8NEP7-3,263.0,71.1078327,confident,53.35120643,0.630841542,na
Q96JA3-2,455.0,71.10397802,confident,87.47591522,0.45636294,1
P49810-2,414.0,71.09635266,confident,92.41071429,0.70206654,na
Q6PI97-3,196.0,71.09566327,confident,86.2244898,0.311862035,1
P54252-3,306.0,71.09366013,confident,84.76454294,0.509831505,na
Q07869-2,174.0,71.08954023,confident,36.32478632,0.325325487,na
P31785-2,179.0,71.08782123,confident,46.34146341,0.320497079,na
Q8TCI5-2,150.0,71.08673333,confident,65.02463054,0.244071654,na
Q0D2K0-2,447.0,71.08532438,confident,95.92274678,0.679083981,na
Q9UKA9-4,536.0,71.08529851,confident,99.06716418,0.678079334,na
Q96I24-2,261.0,71.08436782,confident,41.62348877,0.430238523,na
O95758-6,524.0,71.08099237,confident,93.87387387,0.607560355,na
P07910-2,293.0,71.0809215,confident,95.75163399,0.411867935,1
Q14CN4-3,469.0,71.07846482,confident,91.78082192,0.445220284,1
Q86UR1-3,427.0,71.07763466,confident,86.95652174,0.500288129,na
Q7L1S5-2,74.0,71.07283784,confident,15.76576577,0.311356114,na
P61923-2,126.0,71.06579365,confident,50.79365079,0.555649385,na
Q5VZI3-2,321.0,71.05856698,confident,90.96209913,0.868151439,na
Q68G75-6,67.0,71.05328358,confident,21.8579235,0.303511637,na
Q9HD26-2,454.0,71.05167401,confident,98.26839827,0.467442312,na
P16333-2,313.0,71.0471885,confident,80.37135279,0.463163794,1
P29972-2,186.0,71.04225806,confident,56.133829,0.683654095,na
Q5XKL5-2,305.0,71.03895082,confident,72.86821705,0.767649364,na
P59090-2,37.0,71.03864865,confident,29.23076923,0.331380536,na
Q5VX71-2,490.0,71.03726531,confident,97.15447154,0.433686724,1
Q9Y483-4,536.0,71.03606343,confident,90.38785835,0.745536153,na
O76081-2,273.0,71.03501832,confident,70.36082474,0.529931687,na
Q9NRY7-3,293.0,71.03416382,confident,95.62289562,0.851493579,na
P49763-4,242.0,71.02623967,confident,91.32231405,0.466886773,1
Q9XRX5-3,76.0,71.02539474,confident,46.21848739,0.400762922,na
P24001-5,168.0,71.0235119,confident,71.79487179,0.581870643,na
Q70Z53-5,313.0,71.02031949,confident,88.08777429,0.463448831,1
P55327-2,184.0,71.01717391,confident,79.46428571,0.544790684,na
Q8N8B7-2,381.0,71.01128609,confident,92.12598425,0.573792211,na
Q6PI47-2,234.0,71.0107265,confident,51.98135198,0.485155169,na
P37840-3,126.0,71.00912698,confident,90.0,0.356735926,1
Q6PK18-2,331.0,71.00909366,confident,81.8443804,0.717627491,na
Q6ZMT1-2,269.0,71.00799257,confident,65.45012165,0.435234915,na
Q9UKW6-2,255.0,71.00745098,confident,96.22641509,0.550559251,na
Q92876-3,40.0,71.00225,confident,5.836575875,0.19308947,na
Q8IY31-3,148.0,71.00216216,confident,49.68553459,0.60837582,na
Q96RR4-6,490.0,70.99967347,confident,83.16326531,0.643046118,na
Q13239-2,168.0,70.99738095,confident,60.86956522,0.380056145,na
O15488-6,465.0,70.99432258,confident,92.81437126,0.640899597,na
O00453-12,66.0,70.99287879,confident,38.18181818,0.496658144,na
Q7Z614-2,152.0,70.98703947,confident,48.10126582,0.273442738,na
O14896-2,372.0,70.98206989,confident,79.65738758,0.530824314,na
Q9Y603-3,260.0,70.96769231,confident,76.24633431,0.483297224,na
O95073-2,158.0,70.96132911,confident,52.84280936,0.393874142,na
Q16625-4,271.0,70.96088561,confident,51.91570881,0.344893146,na
Q5T6S3-2,207.0,70.95797101,confident,28.13559322,0.301231922,na
P04233-4,280.0,70.95035714,confident,94.59459459,0.713222425,na
O43521-16,80.0,70.943875,confident,36.86868687,0.258312881,na
Q8WUB8-2,496.0,70.93881048,confident,99.59839357,0.373703389,1
Q15906-2,375.0,70.93829333,confident,97.06666667,0.436600583,1
Q9UKA9-2,532.0,70.93390977,confident,99.81203008,0.712326955,na
Q93038-12,277.0,70.93176895,confident,47.40406321,0.510840021,na
Q9NVV5-5,137.0,70.92445255,confident,56.30252101,0.590880339,na
Q96D96-4,253.0,70.92395257,confident,92.67399267,0.83542405,na
O43556-3,451.0,70.91991131,confident,92.17391304,0.593070983,na
Q86SK9-2,256.0,70.91539063,confident,59.06432749,0.691298298,na
Q03060-14,194.0,70.91448454,confident,55.65217391,0.357687454,na
Q07812-5,164.0,70.91140244,confident,60.37735849,0.738275997,na
A6NDV4-3,257.0,70.90381323,confident,42.85714286,0.559531234,na
O43556-4,462.0,70.90147186,confident,94.58874459,0.59938197,na
Q5SZQ8-2,464.0,70.89846983,confident,99.78494624,0.513947826,na
Q92466-3,156.0,70.89525641,confident,35.34883721,0.455897811,na
O00716-2,334.0,70.8942515,confident,69.93603412,0.561289568,na
Q96MW1-2,154.0,70.8924026,confident,64.73214286,0.660481515,na
Q8N5N7-2,135.0,70.88792593,confident,71.76470588,0.556633598,na
Q8NCC3-2,318.0,70.88732704,confident,63.33333333,0.666631678,na
Q5T5A4-2,157.0,70.8855414,confident,85.20710059,0.403885697,1
P24001-7,148.0,70.8852027,confident,63.24786325,0.286080364,na
O95793-2,496.0,70.88508065,confident,85.96187175,0.516007173,na
Q7Z5L9-3,163.0,70.88423313,confident,27.76831346,0.41658481,na
Q5BLP8-2,139.0,70.88136691,confident,68.34532374,0.401767262,na
O95758-1,521.0,70.87990403,confident,94.38405797,0.808370064,na
Q96N38-2,523.0,70.87250478,confident,93.50180505,0.722561251,na
Q9UGI9-2,464.0,70.865,confident,94.88752556,0.731592797,na
Q9BQS2-4,348.0,70.86258621,confident,78.82352941,0.420184878,1
P26599-2,550.0,70.85970909,confident,96.54545455,0.869330336,na
Q6ZVM7-5,483.0,70.85621118,confident,84.70149254,0.37404489,1
Q9UNH5-2,623.0,70.85550562,confident,94.06099518,0.70431144,na
Q3ZCQ8-2,456.0,70.85504386,confident,77.4122807,0.70475874,na
Q7Z614-4,102.0,70.8545098,confident,29.74683544,0.194905588,na
P12872-3,114.0,70.84973684,confident,98.26086957,0.311156532,na
P41235-4,504.0,70.8472619,confident,94.04761905,0.752108488,na
O75486-4,328.0,70.84003049,confident,80.61797753,0.806965242,na
Q9UJU6-5,327.0,70.83715596,confident,76.04651163,0.274604903,1
Q99755-3,549.0,70.83639344,confident,97.68683274,0.839287207,na
Q8N3R3-2,115.0,70.83582609,confident,21.97580645,0.439575633,na
Q15417-2,288.0,70.83541667,confident,87.53799392,0.464491324,na
Q969T3-2,199.0,70.83396985,confident,52.54691689,0.282745977,na
Q07866-4,637.0,70.83262166,confident,86.97017268,0.617155098,na
P62633-8,171.0,70.83017544,confident,95.50561798,0.580498614,na
Q13239-4,249.0,70.80763052,confident,79.18088737,0.669251198,na
Q6XYB7-2,194.0,70.80510309,confident,71.28712871,0.550566774,na
Q9BTZ2-7,188.0,70.80079787,confident,53.14685315,0.570908921,na
Q9H8G2-2,216.0,70.79847222,confident,59.83379501,0.25325669,na
Q96LW7-2,183.0,70.79781421,confident,52.10084034,0.548261819,na
P26436-6,170.0,70.79017647,confident,64.1509434,0.609213517,na
Q969T3-3,158.0,70.78588608,confident,40.21447721,0.200254129,na
Q07866-9,639.0,70.78456964,confident,89.6713615,0.63785428,na
Q14CB8-3,485.0,70.78290722,confident,96.36363636,0.868445402,na
Q86SE5-3,304.0,70.78223684,confident,95.72368421,0.396722074,1
Q9Y279-3,305.0,70.77642623,confident,76.19047619,0.431932592,1
P52926-6,90.0,70.77244444,confident,76.14678899,0.281732629,na
P53990-5,379.0,70.77205805,confident,96.04221636,0.578169858,na
Q7LG56-5,43.0,70.7655814,confident,11.68091168,0.277171789,na
P30044-4,125.0,70.75592,confident,58.41121495,0.468443282,na
Q9BQB4-2,217.0,70.7462212,confident,95.41284404,0.636561209,na
Q96HZ4-3,222.0,70.74400901,confident,99.10714286,0.786050038,na
P40426-5,359.0,70.73988858,confident,82.71889401,0.671138905,na
Q96CS7-3,221.0,70.73696833,confident,99.54954955,0.581713156,na
Q9UF11-2,208.0,70.73639423,confident,85.59670782,0.545319843,na
Q7Z3K6-5,119.0,70.73537815,confident,19.67509025,0.194335258,na
A8MYP8-2,109.0,70.73192661,confident,32.17054264,0.259970449,na
Q8NHW4-7,47.0,70.71574468,confident,28.0,0.41389941,na
Q9NS61-7,227.0,70.70348018,confident,79.42238267,0.724543471,na
Q6UW88-5,103.0,70.70281553,confident,66.88311688,0.398313394,na
Q9BT25-2,349.0,70.68538682,confident,85.12195122,0.405186197,na
Q6EEV4-2,86.0,70.68476744,confident,58.10810811,0.26839598,na
P50591-2,101.0,70.68118812,confident,31.92982456,0.382964726,na
O96017-11,225.0,70.67933333,confident,41.43646409,0.355414774,na
P59103-3,82.0,70.67158537,confident,53.59477124,0.378756908,na
O75449-2,311.0,70.66061093,confident,62.52545825,0.41509797,na
Q5SSQ6-2,178.0,70.66,confident,83.14606742,0.434943059,1
P48061-4,140.0,70.65857143,confident,62.85714286,0.595262976,na
Q86TP1-4,240.0,70.64654167,confident,51.21412804,0.390248239,na
Q16890-3,131.0,70.64633588,confident,62.74509804,0.383821428,na
O15488-2,470.0,70.63478723,confident,93.61277445,0.642741905,na
Q9H3F6-3,155.0,70.6336129,confident,44.12698413,0.552429363,na
P78310-5,252.0,70.6331746,confident,51.52284264,0.637355197,na
Q9NP64-2,217.0,70.62907834,confident,90.04149378,0.610915972,na
Q8WTV1-3,238.0,70.62605042,confident,99.58158996,0.529612385,na
Q8IXX5-2,236.0,70.6245339,confident,62.76595745,0.356619511,na
Q9NST1-2,477.0,70.61907757,confident,99.16839917,0.87252524,na
Q14188-5,386.0,70.61443005,confident,86.12975391,0.439053919,na
Q9BU40-5,457.0,70.61376368,confident,99.78118162,0.298085739,na
O43435-2,372.0,70.61244624,confident,83.21167883,0.72076382,na
Q5T124-3,400.0,70.604375,confident,76.92307692,0.513758144,na
P29692-3,257.0,70.59264591,confident,91.45907473,0.464316835,1
Q86WV1-2,358.0,70.59148045,confident,99.72144847,0.550302753,na
Q8N370-4,432.0,70.58564815,confident,72.05623902,0.709461059,na
O60268-3,401.0,70.58334165,confident,97.56690998,0.695876672,na
Q14CN4-2,510.0,70.58237255,confident,99.80430528,0.391208542,1
Q9H2W1-5,253.0,70.57992095,confident,79.21146953,0.742364567,na
Q5SVS4-2,240.0,70.571375,confident,82.4742268,0.724604411,na
Q9HAF1-2,191.0,70.56235602,confident,90.86294416,0.714346596,na
Q9UKW6-3,138.0,70.5607971,confident,45.66037736,0.517056867,na
P82675-2,251.0,70.55386454,confident,52.18390805,0.502745738,na
Q92988-2,168.0,70.54547619,confident,63.3744856,0.48378601,na
Q96RR4-5,498.0,70.53941767,confident,80.0,0.632734061,na
Q8NBK3-3,426.0,70.53915493,confident,82.00934579,0.706566811,na
Q6UXG3-4,307.0,70.53485342,confident,89.75903614,0.686448496,na
Q9UI08-5,397.0,70.53473552,confident,94.25837321,0.427894763,na
Q9HAF1-4,192.0,70.5346875,confident,91.83673469,0.712731186,na
Q96DB5-3,271.0,70.53302583,confident,86.30573248,0.453853989,1
Q96MD7-2,35.0,70.53285714,confident,18.99441341,0.312608447,na
Q5TAB7-2,70.0,70.53,confident,54.6875,0.39253019,na
P51654-2,526.0,70.52929658,confident,90.68965517,0.683578662,na
Q07002-3,504.0,70.52388889,confident,94.04761905,0.811766059,na
Q96S94-5,226.0,70.52252212,confident,42.30769231,0.577972385,na
P24001-6,179.0,70.51860335,confident,76.4957265,0.316280816,1
Q96HL8-4,227.0,70.5139207,confident,66.08187135,0.476813428,na
Q14129-2,162.0,70.51376543,confident,44.53781513,0.363204067,na
Q8WVB3-2,585.0,70.51165812,confident,64.89184692,0.730117175,na
Q8WVV9-2,282.0,70.51156028,confident,49.27007299,0.351476147,na
Q9UBI4-2,348.0,70.51066092,confident,87.43718593,0.33301919,1
O15444-3,149.0,70.50879195,confident,99.33333333,0.534082203,na
Q9NUH8-2,80.0,70.50025,confident,70.1754386,0.361121566,na
P14416-3,445.0,70.4994382,confident,99.5505618,0.78415301,na
P58418-1,120.0,70.48975,confident,45.14767932,0.359938687,na
Q93015-2,308.0,70.47220779,confident,92.85714286,0.725992586,na
Q8IUN9-3,256.0,70.468125,confident,59.0778098,0.334166338,na
Q96L50-2,146.0,70.45849315,confident,26.13908873,0.505571189,na
O15488-3,461.0,70.45206074,confident,91.61676647,0.638254751,na
O95238-2,319.0,70.45084639,confident,95.2238806,0.412927143,na
Q86UD3-2,138.0,70.43876812,confident,51.5625,0.364088084,na
Q9H000-2,373.0,70.43871314,confident,89.66346154,0.639094845,na
Q8N668-2,159.0,70.43761006,confident,82.63157895,0.666852419,na
O95758-5,555.0,70.43091892,confident,99.45945946,0.78839173,na
Q9UKJ1-2,299.0,70.42842809,confident,87.45980707,0.478192631,na
Q5TGI0-2,129.0,70.42488372,confident,31.5403423,0.307040389,na
Q14653-2,300.0,70.42476667,confident,70.25761124,0.328869985,1
Q6NXT6-2,562.0,70.42409253,confident,97.5308642,0.752199224,na
Q9NX52-3,132.0,70.41977273,confident,43.56435644,0.357522687,na
Q08648-3,113.0,70.40849558,confident,60.8,0.26015367,na
P19438-2,347.0,70.40809798,confident,76.26373626,0.326412741,1
P62820-3,129.0,70.40782946,confident,62.92682927,0.648324235,na
Q8N4L8-2,271.0,70.40317343,confident,88.27361564,0.417192593,na
O75953-5,462.0,70.39909091,confident,75.32467532,0.520158952,na
Q9UF11-4,189.0,70.39899471,confident,77.77777778,0.577568793,na
O95758-4,558.0,70.3816129,confident,96.95340502,0.765100271,na
Q9BV29-2,194.0,70.37958763,confident,95.36082474,0.289908069,na
Q86SX3-3,354.0,70.37836158,confident,69.41649899,0.501914753,na
Q6UXV1-2,192.0,70.37510417,confident,55.29411765,0.687760183,na
P61244-5,96.0,70.37354167,confident,37.95180723,0.393471303,na
Q99801-5,190.0,70.36952632,confident,81.1965812,0.595591548,na
Q16831-2,36.0,70.36472222,confident,5.3125,0.162192016,na
Q9NX07-2,177.0,70.36322034,confident,61.67247387,0.326766214,na
O15151-4,164.0,70.3622561,confident,28.54291417,0.321145825,na
P52744-2,293.0,70.35573379,confident,86.34812287,0.730268658,na
Q8N3J5-3,150.0,70.35493333,confident,39.51612903,0.334066332,na
Q96S94-2,227.0,70.350837,confident,42.30769231,0.57904372,na
Q96DH6-3,151.0,70.34953642,confident,42.98780488,0.429104893,na
Q92565-2,444.0,70.34736486,confident,76.55172414,0.705816488,na
Q9UH73-2,560.0,70.34653571,confident,94.75465313,0.57254282,na
Q9NS23-9,75.0,70.34373333,confident,9.971509972,0.184586616,na
O60663-2,395.0,70.33810127,confident,98.25870647,0.781514883,na
Q0GE19-7,85.0,70.33223529,confident,19.70588235,0.388613349,na
Q96T75-5,43.0,70.33186047,confident,44.32989691,0.326248116,na
Q9BQ16-4,385.0,70.33155844,confident,83.74717833,0.632992285,na
O60828-2,264.0,70.3275,confident,99.62264151,0.501255737,na
P28074-2,203.0,70.32665025,confident,62.90909091,0.613320657,na
Q86SX3-5,352.0,70.31786932,confident,69.6969697,0.491736611,na
Q9BQ95-4,296.0,70.31013514,confident,62.03703704,0.57202148,na
O43236-4,493.0,70.30845842,confident,93.93939394,0.730037019,na
Q96PU8-3,333.0,70.30792793,confident,97.65395894,0.664428646,na
P49810-3,447.0,70.30776286,confident,99.77678571,0.829293133,na
Q9P1A2-3,272.0,70.30647059,confident,65.30120482,0.546203043,na
Q9NVS2-2,270.0,70.30585185,confident,72.59259259,0.779474234,na
Q9NXR5-2,220.0,70.29854545,confident,38.30275229,0.536206268,na
Q9BU40-4,458.0,70.29054585,confident,99.56331878,0.329505014,na
Q8TCB0-2,129.0,70.28937984,confident,22.27171492,0.490581633,na
Q92985-2,474.0,70.2757384,confident,94.23459245,0.43592744,na
Q9UIK5-2,346.0,70.27479769,confident,91.73333333,0.461360948,na
P22003-2,417.0,70.26745803,confident,91.85022026,0.656159138,na
Q13239-5,316.0,70.26658228,confident,87.34177215,0.723332948,na
Q9H3U7-2,457.0,70.26652079,confident,97.59299781,0.548313896,na
O60268-2,301.0,70.2638206,confident,73.23600973,0.443460437,1
Q96NL3-2,95.0,70.25989474,confident,13.4551495,0.393308001,na
P32239-2,516.0,70.25525194,confident,86.62790698,0.822656902,na
Q14188-4,385.0,70.25379221,confident,86.32286996,0.457613798,na
Q9NZC7-4,36.0,70.24694444,confident,8.45410628,0.279181207,na
Q7Z422-2,132.0,70.24621212,confident,76.62337662,0.33492076,na
O00499-2,518.0,70.23913127,confident,87.35244519,0.592232748,na
P50539-3,295.0,70.23755932,confident,73.55932203,0.534469283,na
O60828-8,73.0,70.23452055,confident,19.71326165,0.205636024,na
O75347-2,129.0,70.23186047,confident,66.15384615,0.754961838,na
O00264-2,143.0,70.23153846,confident,72.82051282,0.351703507,1
Q96HQ0-6,464.0,70.23071121,confident,90.98039216,0.662673313,na
Q9BPX6-2,403.0,70.22007444,confident,82.08333333,0.679289955,na
Q96DZ1-3,457.0,70.21196937,confident,94.61697723,0.598806953,na
Q92731-9,474.0,70.2092827,confident,87.99249531,0.660053125,na
Q96RI1-1,476.0,70.20577731,confident,94.04517454,0.720660606,na
Q14508-5,102.0,70.20019608,confident,50.33557047,0.473868005,na
Q6XR72-2,240.0,70.19633333,confident,49.48453608,0.524395806,na
Q53GG5-2,316.0,70.19382911,confident,75.54945055,0.381036261,na
Q9UPM6-2,348.0,70.18666667,confident,90.43715847,0.587801023,na
Q99801-3,159.0,70.18025157,confident,67.94871795,0.532908495,na
P05937-2,204.0,70.17931373,confident,78.16091954,0.793661527,na
P50479-2,246.0,70.17577236,confident,69.18429003,0.367040485,na
Q68CL5-4,265.0,70.16607547,confident,88.33333333,0.612061912,na
Q9BXJ4-3,319.0,70.15642633,confident,77.11598746,0.562307,na
O75829-2,333.0,70.15441441,confident,99.7005988,0.543300248,na
Q7L513-7,124.0,70.15427419,confident,34.54038997,0.261554301,na
Q8N983-7,261.0,70.1537931,confident,60.93189964,0.64860929,na
Q07817-3,227.0,70.14590308,confident,83.26180258,0.765598047,na
O75900-2,431.0,70.14445476,confident,90.48723898,0.703430583,na
Q9NXG6-3,563.0,70.13950266,confident,89.1651865,0.735679542,na
Q96E66-4,227.0,70.13753304,confident,56.06060606,0.716460151,na
O43353-2,403.0,70.13588089,confident,74.62962963,0.458056331,1
Q15366-7,318.0,70.13097484,confident,86.84931507,0.612539337,na
Q5QGZ9-3,81.0,70.12222222,confident,24.52830189,0.293428406,na
P14635-2,396.0,70.12219697,confident,91.45496536,0.627917475,na
Q8WUA7-3,324.0,70.12179012,confident,57.33333333,0.435254099,na
Q70YC5-2,333.0,70.11606607,confident,77.14987715,0.54431424,na
P54252-4,346.0,70.11578035,confident,95.84487535,0.570221114,na
Q9UHX1-4,499.0,70.11436874,confident,89.26654741,0.436116068,na
Q6NZI2-3,198.0,70.10530303,confident,50.51282051,0.304754829,na
O96001-2,104.0,70.10259615,confident,67.09677419,0.227803048,na
Q8TD07-2,227.0,70.09933921,confident,86.31178707,0.65859138,na
Q9Y5N1-4,431.0,70.09916473,confident,96.85393258,0.771801791,na
Q9BQ65-3,186.0,70.09913978,confident,58.95522388,0.555649134,na
Q96T75-6,47.0,70.09234043,confident,35.05154639,0.293888053,na
Q96PU8-6,325.0,70.09110769,confident,92.08211144,0.656612638,na
P26436-5,176.0,70.07994318,confident,66.41509434,0.503126402,na
A2A2Y4-3,362.0,70.0769337,confident,59.29648241,0.412914124,na
Q6UXI9-5,536.0,70.07343284,confident,94.69026549,0.370170756,na
P68106-2,80.0,70.072625,confident,66.66666667,0.750937321,na
Q9BWG6-2,195.0,70.07215385,confident,84.7826087,0.374261877,na
Q9NVT9-2,180.0,70.07188889,confident,47.05882353,0.472716878,na
Q6GPH4-2,282.0,70.07078014,confident,93.68770764,0.434582389,1
P51878-5,447.0,70.06496644,confident,96.6442953,0.616607233,na
P14678-2,231.0,70.06489177,confident,95.41666667,0.430562534,na
P15927-3,358.0,70.05765363,confident,74.30167598,0.553653807,na
Q96HQ0-4,498.0,70.05753012,confident,97.45098039,0.644441684,na
Q7Z449-2,168.0,70.05077381,confident,29.96323529,0.399315952,na
Q5VZI3-3,343.0,70.04848397,confident,99.70845481,0.930246249,na
Q9Y5R5-2,226.0,70.04787611,confident,37.78966132,0.310924567,na
Q13352-2,170.0,70.04588235,confident,90.05524862,0.466759736,na
Q9BSK1-2,426.0,70.04014085,confident,87.83505155,0.558190615,na
O76075-4,103.0,70.03747573,confident,24.56140351,0.475145721,na
P07305-2,177.0,70.03666667,confident,90.20618557,0.62505047,na
Q9UKR0-3,111.0,70.03486486,confident,33.73015873,0.399824322,na
Q86T03-2,284.0,70.02816901,confident,97.53521127,0.433565456,na
Q96JA3-3,440.0,70.02413636,confident,83.8150289,0.372014215,1
Q96G25-3,179.0,70.01134078,confident,66.79104478,0.374315968,na
O75911-2,167.0,70.00616766,confident,40.25559105,0.456182828,na
Q08116-2,169.0,69.99532544,low,72.72727273,0.454282213,na
Q96MG8-2,235.0,69.99042553,low,60.82191781,0.626136673,na
Q9UKM9-2,290.0,69.98768966,low,94.77124183,0.518386027,na
P62633-5,172.0,69.98180233,low,94.97206704,0.64014997,na
Q9BWG6-3,162.0,69.9758642,low,60.43478261,0.356297067,na
Q96G25-2,301.0,69.96887043,low,89.03654485,0.666702877,na
Q5T4F4-3,416.0,69.96759615,low,98.79807692,0.580499698,na
Q7L5Y9-5,245.0,69.95857143,low,41.56769596,0.491192456,na
Q8NI22-3,127.0,69.95370079,low,68.66666667,0.69704357,na
P23560-5,276.0,69.93844203,low,89.49275362,0.653891429,na
Q9Y4P8-5,438.0,69.9363242,low,81.05263158,0.764806273,na
P43351-2,226.0,69.93553097,low,41.94312796,0.549502816,na
O43566-6,347.0,69.93380403,low,61.02292769,0.411360662,na
Q86Y37-2,303.0,69.93372937,low,79.94579946,0.564930803,na
P37231-3,186.0,69.93258065,low,35.44554455,0.292296823,na
P01135-2,159.0,69.93062893,low,99.375,0.724467824,na
Q5T7V8-2,221.0,69.92837104,low,59.89159892,0.325447849,na
O14986-2,549.0,69.92522769,low,86.37931034,0.745080929,na
Q6UXH8-3,215.0,69.92255814,low,52.95566502,0.261007952,na
Q969K3-2,373.0,69.92233244,low,99.46380697,0.42805924,na
P61296-2,180.0,69.92227778,low,82.94930876,0.581898259,na
O43399-6,163.0,69.9206135,low,79.12621359,0.359285083,na
Q9UK58-4,232.0,69.91900862,low,42.96577947,0.464778541,na
Q9NT62-2,311.0,69.91440514,low,93.31210191,0.873615247,na
F5H4B4-2,477.0,69.90612159,low,82.80701754,0.632258175,na
O60784-3,447.0,69.89944072,low,90.85365854,0.50529343,na
Q13432-2,220.0,69.89559091,low,84.48979592,0.772639889,na
Q7Z422-4,133.0,69.89263158,low,80.26315789,0.290734657,na
P35348-6,342.0,69.8822807,low,66.73819742,0.748295769,na
Q9BYC9-2,155.0,69.88006452,low,62.35294118,0.626648053,na
A0JLT2-2,194.0,69.87675258,low,78.68852459,0.546656672,na
O43581-5,522.0,69.87314176,low,77.20306513,0.626889653,na
P60484-2,576.0,69.86994792,low,69.96527778,0.785820679,na
Q9NQ55-3,520.0,69.86532692,low,86.99808795,0.769474413,na
Q96I27-2,372.0,69.86080645,low,82.25806452,0.690134762,na
Q8N4T0-3,92.0,69.86076087,low,14.34782609,0.240537478,na
Q6UXH8-2,135.0,69.85985185,low,25.71428571,0.261696635,na
O75914-3,580.0,69.85874138,low,96.37931034,0.774610468,na
Q9GZT9-2,404.0,69.85314356,low,94.83568075,0.576016597,na
Q00987-4,218.0,69.84055046,low,40.12219959,0.246643177,na
Q07955-3,201.0,69.82995025,low,75.0,0.419508136,na
P30968-2,249.0,69.8275502,low,54.57142857,0.590064397,na
Q8TDC0-3,87.0,69.82275862,low,22.22222222,0.280593892,na
Q9UBI4-4,347.0,69.81677233,low,87.18592965,0.329262194,na
P09630-2,153.0,69.81294118,low,65.10638298,0.504574809,na
P59052-2,64.0,69.80109375,low,38.0952381,0.202016631,na
Q8NC06-2,305.0,69.78990164,low,65.2866242,0.65080194,na
Q8IZP0-7,422.0,69.78760664,low,82.87401575,0.490135507,na
Q8IU60-2,385.0,69.78724675,low,91.66666667,0.793377616,na
Q96J77-2,136.0,69.78279412,low,90.0,0.393224127,na
Q9NZN8-2,365.0,69.78049315,low,67.59259259,0.544708751,na
Q9UHY8-2,380.0,69.77834211,low,92.89473684,0.419339942,na
Q6BAA4-5,311.0,69.77800643,low,51.24153499,0.538070934,na
Q9H0W8-2,495.0,69.77559596,low,95.19230769,0.668835155,na
P63162-2,244.0,69.77004098,low,97.95081967,0.559779542,na
Q6P5X5-2,117.0,69.76957265,low,69.3877551,0.38957083,na
P18577-12,203.0,69.76950739,low,39.20187793,0.509344632,na
Q9Y336-2,479.0,69.76789144,low,80.15717092,0.719816628,na
P35348-4,455.0,69.76241758,low,87.47433265,0.703221489,na
Q96LA5-2,255.0,69.75564706,low,41.63498099,0.405122682,na
Q8IZS5-4,116.0,69.75551724,low,49.35064935,0.350885745,na
Q15329-2,345.0,69.75437681,low,99.71098266,0.644243841,na
Q96DP5-2,144.0,69.75236111,low,35.98971722,0.490193419,na
Q9BRT8-4,113.0,69.74663717,low,28.60759494,0.306081715,na
Q9NQW5-2,171.0,69.7445614,low,24.9500998,0.532047122,na
Q96Q45-4,313.0,69.74428115,low,76.71568627,0.657241402,na
O95793-3,502.0,69.7438247,low,85.07718696,0.302893099,na
Q14135-3,41.0,69.74365854,low,8.13559322,0.276111845,na
P01222-2,93.0,69.74258065,low,60.86956522,0.592716767,na
Q9NQ29-3,354.0,69.74014124,low,94.60916442,0.532214178,na
Q9BPZ7-2,486.0,69.7391358,low,93.10344828,0.507383081,na
Q9NQR9-2,102.0,69.72843137,low,23.59550562,0.433090345,na
Q8NCV1-2,665.0,69.72580451,low,87.66917293,0.691740581,na
Q9BY08-4,97.0,69.70979381,low,37.1559633,0.400545091,na
P29692-4,262.0,69.70912214,low,93.23843416,0.380709375,na
P35372-3,446.0,69.70878924,low,86.09271523,0.781284594,na
Q6ZN11-3,312.0,69.70717949,low,76.84729064,0.690023701,na
Q7Z6Z6-2,315.0,69.70701587,low,73.42657343,0.598523251,na
Q92731-6,472.0,69.70228814,low,88.30188679,0.668671211,na
Q96RR4-3,541.0,69.70009242,low,87.16666667,0.670784743,na
Q8N2H9-4,331.0,69.69915408,low,64.60554371,0.633439912,na
Q969M7-5,102.0,69.69019608,low,36.58536585,0.404010104,na
Q6UX15-2,374.0,69.68705882,low,97.90575916,0.465914227,na
Q5T2R2-2,306.0,69.68408497,low,68.02884615,0.635256368,na
Q7Z6A9-2,241.0,69.68385892,low,83.39100346,0.426721417,na
P52926-3,86.0,69.67639535,low,77.06422018,0.264824551,na
Q9Y6S9-4,255.0,69.67105882,low,41.74228675,0.53619739,na
Q9HAV5-3,299.0,69.66578595,low,99.33110368,0.542875827,na
P98153-3,327.0,69.66541284,low,57.81818182,0.410062415,na
Q8IZP0-2,446.0,69.66125561,low,87.79527559,0.484100873,na
P59103-2,16.0,69.655,low,9.803921569,0.298661437,na
Q96RR4-2,533.0,69.65405253,low,90.47619048,0.693626039,na
Q6ZN17-2,180.0,69.64905556,low,72.0,0.307826137,na
Q9UHX1-6,513.0,69.64894737,low,91.77101968,0.438876268,na
O75822-3,209.0,69.64430622,low,81.00775194,0.54380188,na
Q96HJ9-2,458.0,69.63438865,low,19.82570806,0.468814857,na
Q9BYV8-2,301.0,69.63295681,low,80.69705094,0.469284132,na
Q53GG5-3,189.0,69.62597884,low,35.82887701,0.388267904,na
Q9BQ95-2,296.0,69.62290541,low,63.10904872,0.536740606,na
Q9UJU6-4,336.0,69.62190476,low,75.17401392,0.32490887,na
Q6UW88-3,112.0,69.61080357,low,72.72727273,0.404577493,na
P62633-4,178.0,69.60303371,low,99.43820225,0.539260988,na
Q96DH6-2,251.0,69.60175299,low,69.81707317,0.364610451,na
Q9NQ84-2,453.0,69.60143488,low,97.35099338,0.643021235,na
Q4JDL3-14,145.0,69.5977931,low,28.80952381,0.432916652,na
Q9UI08-4,386.0,69.59380829,low,92.78846154,0.439665188,na
P10620-2,87.0,69.59195402,low,50.96774194,0.734200682,na
Q9NP84-2,94.0,69.59106383,low,72.86821705,0.540988038,na
Q96F24-3,277.0,69.59064982,low,83.77483444,0.522665144,na
Q9NVA1-2,273.0,69.58758242,low,91.30434783,0.406808708,na
Q6ZUS6-5,529.0,69.58604915,low,89.60302457,0.311427403,na
Q9H3N8-2,302.0,69.57884106,low,77.43589744,0.708813232,na
Q7RTT9-2,516.0,69.57641473,low,91.77570093,0.889355641,na
Q9BWL3-5,152.0,69.57144737,low,59.28853755,0.326781338,na
Q96J88-3,410.0,69.57139024,low,77.31707317,0.585951607,na
P29353-3,428.0,69.56247664,low,73.41337907,0.420479403,na
Q05084-3,482.0,69.55755187,low,99.79296066,0.743337673,na
Q7L592-2,343.0,69.55670554,low,77.77777778,0.779508464,na
O75616-2,276.0,69.55402174,low,60.18306636,0.517898281,na
Q6NZ63-2,342.0,69.54918129,low,69.00584795,0.710564271,na
Q8TBB0-3,160.0,69.5480625,low,63.51351351,0.544501482,na
Q6ICG6-2,409.0,69.54579462,low,95.11002445,0.839088544,na
Q8WTV1-4,175.0,69.54308571,low,59.76095618,0.475637238,na
Q9NP99-3,225.0,69.53648889,low,85.89211618,0.551372538,na
Q9BU76-4,189.0,69.5326455,low,68.44106464,0.361542294,na
Q86WI0-3,41.0,69.53219512,low,18.63636364,0.456265869,na
Q5T9C2-2,370.0,69.52543243,low,96.35416667,0.511994513,na
Q6ZRI8-2,516.0,69.52137597,low,94.14990859,0.815956316,na
Q96HQ0-3,497.0,69.51760563,low,97.45098039,0.760490599,na
Q9NR56-3,302.0,69.50112583,low,77.83505155,0.345477071,na
Q04206-3,541.0,69.50051756,low,98.18511797,0.578231676,na
Q5JQS6-2,115.0,69.49608696,low,85.18518519,0.251764886,na
O00453-4,53.0,69.49075472,low,52.57731959,0.199041263,na
Q6PJE2-5,115.0,69.48643478,low,61.4973262,0.329647622,na
Q8WVP7-2,228.0,69.48320175,low,42.85714286,0.554515959,na
P04921-2,107.0,69.48186916,low,83.59375,0.343748144,na
P60323-2,192.0,69.476875,low,90.10416667,0.466447515,na
P50749-2,157.0,69.47369427,low,41.49253731,0.32731711,na
Q5VTB9-3,353.0,69.47201133,low,55.23648649,0.378552628,na
Q9BXQ6-2,223.0,69.46493274,low,38.58131488,0.495953075,na
Q9NP64-3,233.0,69.4639485,low,92.53112033,0.543329069,na
O00499-5,550.0,69.45869091,low,92.74873524,0.667354402,na
Q8IUB3-2,89.0,69.45101124,low,49.0,0.531852494,na
P55001-3,153.0,69.44751634,low,83.60655738,0.491216151,na
Q8TBZ3-6,520.0,69.44521154,low,86.74698795,0.749841495,na
Q6ZTQ3-3,325.0,69.44396923,low,85.09485095,0.663247674,na
Q96QS1-2,290.0,69.43913793,low,90.625,0.617887132,na
O95755-2,311.0,69.43318328,low,93.39339339,0.664591891,na
Q5SQN1-3,204.0,69.43,low,38.34745763,0.385453222,na
A1Z1Q3-1,448.0,69.42482143,low,94.86607143,0.661486084,na
Q6BAA4-4,318.0,69.41883648,low,52.82167043,0.572392322,na
Q96Q11-3,57.0,69.41789474,low,11.72413793,0.20478806,na
P58400-1,442.0,69.41785068,low,93.6440678,0.454333334,na
P10747-3,136.0,69.41580882,low,61.36363636,0.364550083,na
Q96T55-4,322.0,69.40354037,low,65.55555556,0.667587977,na
Q96CS7-6,230.0,69.39547826,low,96.52173913,0.564653291,na
Q6PK81-2,441.0,69.3947619,low,99.77375566,0.733227449,na
O60784-4,460.0,69.38630435,low,92.90060852,0.316864419,na
Q96FC7-3,49.0,69.38265306,low,9.685863874,0.197732015,na
P43354-2,535.0,69.37818692,low,89.46488294,0.646875048,na
Q96L08-2,242.0,69.37561983,low,86.64122137,0.540723804,na
Q68G74-2,346.0,69.37046243,low,97.19101124,0.654934753,na
P20366-4,96.0,69.36583333,low,73.64341085,0.363264209,na
Q92664-2,340.0,69.35532353,low,92.62295082,0.549219014,na
Q9UHX1-5,530.0,69.35201887,low,94.81216458,0.441055919,na
Q9BSQ5-3,353.0,69.34631728,low,79.5045045,0.401222936,na
Q00537-2,523.0,69.34086042,low,97.34848485,0.726316968,na
Q8IZR5-3,179.0,69.33960894,low,76.4957265,0.64812622,na
Q6ZMN8-2,385.0,69.33818182,low,95.84415584,0.752523363,na
Q03060-30,221.0,69.3340724,low,63.76811594,0.34664035,na
Q6NW29-2,93.0,69.33225806,low,49.46808511,0.241314903,na
O95780-3,466.0,69.33218884,low,93.57429719,0.619615703,na
Q6PIL6-4,229.0,69.32943231,low,80.8,0.848348225,na
Q9H8M2-2,206.0,69.32650485,low,34.50586265,0.270243809,na
Q99801-4,165.0,69.32266667,low,70.51282051,0.53536212,na
Q9UHQ4-2,348.0,69.31991379,low,66.66666667,0.754696938,na
Q8TCQ1-2,272.0,69.31551471,low,79.93421053,0.723068422,na
Q92731-5,481.0,69.3154262,low,88.67924528,0.685243672,na
P54284-5,443.0,69.31424379,low,91.52892562,0.633119876,na
Q9BUV8-3,128.0,69.31085937,low,92.70072993,0.75656623,na
O60784-2,493.0,69.30914807,low,99.59432049,0.713535027,na
P28223-2,387.0,69.30891473,low,72.68907563,0.707111738,na
P15812-12,132.0,69.30621212,low,31.02564103,0.271406872,na
Q6UWQ7-2,130.0,69.30523077,low,88.46153846,0.692408957,na
Q8N9L1-4,128.0,69.2846875,low,38.32335329,0.545878594,na
Q9BPZ7-3,475.0,69.28385263,low,90.99616858,0.44094569,na
Q96BK5-2,174.0,69.28252874,low,42.72727273,0.296767881,na
Q7Z698-2,415.0,69.27780723,low,98.0861244,0.837302062,na
Q96L11-2,46.0,69.2776087,low,36.06557377,0.367899258,na
Q8N594-2,451.0,69.27370288,low,84.03193613,0.330476989,na
Q03060-7,245.0,69.27289796,low,70.72463768,0.392854533,na
Q9UN30-1,208.0,69.27149038,low,63.2218845,0.388087645,na
Q13153-2,553.0,69.26958409,low,94.40433213,0.658941155,na
Q15043-2,481.0,69.26089397,low,91.8699187,0.623873126,na
Q06643-2,77.0,69.25896104,low,23.7704918,0.270733037,na
Q9H410-4,340.0,69.25791176,low,95.50561798,0.784151499,na
Q7Z6K5-2,394.0,69.25456853,low,56.85279188,0.62926312,na
Q7L513-3,270.0,69.24825926,low,75.20891365,0.387238372,na
Q9UGJ0-3,525.0,69.24767619,low,92.26713533,0.643989117,na
Q96GE9-2,112.0,69.24526786,low,96.55172414,0.600875061,na
Q5T124-7,291.0,69.24185567,low,48.32089552,0.371544263,na
Q6H3X3-3,176.0,69.23681818,low,52.69461078,0.506618244,na
O95866-3,217.0,69.23308756,low,81.52610442,0.520945574,na
Q6W5P4-8,143.0,69.21398601,low,34.77088949,0.366963438,na
Q5T8I3-2,355.0,69.21228169,low,96.66666667,0.499555123,na
Q13098-6,549.0,69.20989071,low,62.12361331,0.724600336,na
Q99706-6,230.0,69.20504348,low,61.00795756,0.376320632,na
Q96C92-4,362.0,69.20466851,low,83.2183908,0.446695315,na
Q8TBZ3-5,508.0,69.2028937,low,89.27943761,0.75497147,na
O43768-2,117.0,69.19521368,low,96.69421488,0.310956833,na
Q9BQQ3-3,246.0,69.19292683,low,53.39366516,0.486992635,na
P85299-3,379.0,69.18746702,low,97.68041237,0.602044852,na
Q9UI08-2,418.0,69.18497608,low,99.28229665,0.555207182,na
Q9BQY6-2,86.0,69.18209302,low,56.81818182,0.517492423,na
P15407-2,169.0,69.18177515,low,62.36162362,0.288158526,na
P30044-3,170.0,69.17664706,low,79.43925234,0.629423344,na
Q86V40-2,456.0,69.17368421,low,90.2970297,0.635587519,na
Q8TB45-2,308.0,69.17081169,low,75.30562347,0.336746179,na
Q8NCE0-2,448.0,69.16921875,low,96.34408602,0.744789065,na
Q96CS7-4,170.0,69.16423529,low,45.12195122,0.614651611,na
Q9NUL3-7,504.0,69.16200397,low,76.64473684,0.414867271,na
Q96FG2-2,254.0,69.16019685,low,63.23907455,0.469185171,na
O15126-2,157.0,69.15732484,low,46.44970414,0.362742688,na
Q96HQ0-2,478.0,69.15198745,low,93.34637965,0.611355222,na
Q9BRK3-4,341.0,69.14568915,low,77.14932127,0.46895878,na
Q5SQI0-3,398.0,69.14560302,low,94.29928741,0.566592171,na
Q8IZP0-4,451.0,69.14277162,low,88.77952756,0.33173293,na
P84103-2,124.0,69.13669355,low,69.51219512,0.639710933,na
P57789-4,543.0,69.12858195,low,96.52650823,0.73225122,na
Q92838-3,389.0,69.12539846,low,99.48849105,0.586849914,na
Q9Y6I8-2,71.0,69.09971831,low,28.77358491,0.313760471,na
Q15366-8,322.0,69.09338509,low,87.94520548,0.673348892,na
Q9UHX1-3,516.0,69.09153101,low,92.30769231,0.655090831,na
Q13352-4,62.0,69.08467742,low,35.02824859,0.224090687,na
Q96HC4-4,487.0,69.07958932,low,81.7114094,0.482376502,na
Q96G97-4,462.0,69.07651515,low,86.14718615,0.752246815,na
Q8TBZ3-4,499.0,69.06529058,low,87.69771529,0.732855926,na
Q16670-2,325.0,69.06212308,low,67.9916318,0.583026391,na
Q96HQ0-5,511.0,69.05790607,low,99.80430528,0.595401848,na
P35348-2,475.0,69.04814737,low,88.86597938,0.718850973,na
Q9UBC7-2,49.0,69.0422449,low,25.98425197,0.272311767,na
Q15599-3,226.0,69.0420354,low,61.0619469,0.584428898,na
Q12981-3,237.0,69.04046414,low,71.58671587,0.480296904,na
P10747-4,123.0,69.03674797,low,55.45454545,0.386401284,na
O43687-2,81.0,69.03567901,low,77.88461538,0.479213964,na
P35638-2,192.0,69.03546875,low,88.02083333,0.35380309,na
Q8NDF8-3,585.0,69.02153846,low,86.91437803,0.739449253,na
Q9HAF1-3,201.0,69.02069652,low,94.52736318,0.679703996,na
Q9P287-2,322.0,69.01372671,low,80.83832335,0.73046411,na
P04921-3,109.0,69.01146789,low,85.15625,0.447259797,na
O75638-2,180.0,69.01038889,low,62.38938053,0.412170035,na
O43399-2,186.0,69.00887097,low,90.29126214,0.385163926,na
Q6IPR3-2,226.0,69.00221239,low,87.25868726,0.72262318,na
Q5F1R6-2,576.0,69.00197917,low,92.1875,0.607982684,na
P57789-3,543.0,69.00152855,low,96.16788321,0.675473825,na
Q96RI1-5,425.0,68.99745882,low,83.57289528,0.57927135,na
Q99766-2,136.0,68.99301471,low,54.75113122,0.549076121,na
O95922-2,59.0,68.97898305,low,10.40189125,0.406536798,na
Q86TE4-4,260.0,68.97557692,low,75.14450867,0.509330109,na
O14668-2,82.0,68.97085366,low,23.96694215,0.379809946,na
Q02548-3,324.0,68.96601852,low,71.06598985,0.502705015,na
P54849-2,141.0,68.94666667,low,68.51851852,0.710231075,na
Q6ZUS6-4,529.0,68.94654064,low,89.60302457,0.340348933,na
Q15366-4,331.0,68.93719033,low,90.16393443,0.664663541,na
P49662-3,116.0,68.9312931,low,23.3933162,0.392658826,na
Q9NS73-5,343.0,68.92930029,low,99.70930233,0.468137147,na
Q8IWT1-3,94.0,68.91723404,low,40.78947368,0.337158666,na
Q9BRR6-6,78.0,68.91153846,low,15.69416499,0.285244747,na
Q9NUG4-3,235.0,68.9007234,low,38.17863398,0.467399978,na
Q9NZI2-5,241.0,68.89937759,low,85.71428571,0.795451028,na
P10747-6,80.0,68.896125,low,35.90909091,0.221857597,na
Q8IY50-2,490.0,68.89404082,low,81.42857143,0.809335262,na
Q8IZ96-4,114.0,68.89394737,low,66.86390533,0.441181656,na
Q86WI0-2,187.0,68.88839572,low,85.0,0.719414185,na
Q9Y442-2,31.0,68.8816129,low,17.5,0.21930105,na
P14598-2,278.0,68.87820144,low,50.0,0.580833939,na
P40200-2,569.0,68.8686116,low,97.26495726,0.420274658,na
O43316-4,343.0,68.86586006,low,85.55555556,0.430713091,na
Q9BVS4-2,474.0,68.85706751,low,84.7826087,0.706262211,na
Q96RP7-2,424.0,68.84834906,low,72.74549098,0.754202267,na
Q96EB1-3,476.0,68.84384454,low,79.59183673,0.721292666,na
Q14CB8-2,517.0,68.84210832,low,95.16441006,0.814058448,na
Q93062-2,204.0,68.84093137,low,81.65137615,0.537221164,na
Q6P087-3,136.0,68.84073529,low,38.74643875,0.381811509,na
P25101-4,318.0,68.83883648,low,74.47306792,0.455134156,na
Q8IZJ6-2,180.0,68.83777778,low,78.26086957,0.620953392,na
Q96C92-3,377.0,68.83710875,low,86.66666667,0.56251048,na
Q8N6I1-2,187.0,68.8359893,low,79.23728814,0.295468131,na
Q6ZTQ3-4,303.0,68.83257426,low,82.11382114,0.595122585,na
Q86WB0-2,481.0,68.82634096,low,89.80392157,0.711927182,na
Q13286-6,339.0,68.82522124,low,73.05936073,0.693013407,na
Q9H1Q7-3,312.0,68.82278846,low,68.72246696,0.567838589,na
Q9BSQ5-4,386.0,68.82111399,low,86.93693694,0.479105846,na
Q9BXN2-10,116.0,68.81948276,low,31.4516129,0.258425447,na
Q92784-4,195.0,68.81794872,low,47.75725594,0.432566142,na
Q8IZP0-11,329.0,68.81182371,low,64.56692913,0.291065023,na
Q99801-2,185.0,68.80848649,low,77.77777778,0.517225799,na
Q3KQZ1-4,295.0,68.79891525,low,79.93630573,0.845854412,na
P54725-3,362.0,68.79127072,low,99.72451791,0.255160072,na
Q8N4Q1-2,155.0,68.78741935,low,89.03225806,0.718232549,na
Q8N6F1-3,218.0,68.78706422,low,67.10526316,0.62921276,na
O60663-3,406.0,68.78674877,low,95.64164649,0.683848986,na
Q15599-2,326.0,68.78622699,low,96.73590504,0.807746389,na
P50219-2,189.0,68.78544974,low,43.3915212,0.340363728,na
Q9UBL9-7,370.0,68.77756757,low,58.77712032,0.704861672,na
Q6KCM7-5,501.0,68.77055888,low,84.81262327,0.693612717,na
Q5SZQ8-3,464.0,68.75084052,low,99.78494624,0.413417632,na
Q86Y33-2,515.0,68.74757282,low,99.22928709,0.670794002,na
Q6NSZ9-3,515.0,68.74757282,low,9.417596035,0.229484993,na
Q9UHD8-8,474.0,68.74723629,low,54.04191617,0.62652687,na
Q96LT9-2,516.0,68.73844961,low,99.8065764,0.452484121,na
Q1HG43-3,298.0,68.73637584,low,86.88046647,0.675487827,na
Q93038-9,372.0,68.73435484,low,89.20863309,0.402459336,na
Q96M20-2,572.0,68.7311014,low,99.30555556,0.686638028,na
O95628-5,433.0,68.72907621,low,72.88428325,0.618653346,na
Q8N0Y2-2,326.0,68.72806748,low,99.6941896,0.423592485,na
Q8N5S9-2,520.0,68.72684615,low,88.76611418,0.684647025,na
P01135-3,161.0,68.72006211,low,96.91358025,0.682397756,na
Q9BYE7-3,275.0,68.71952727,low,78.28571429,0.313919769,na
Q06710-5,287.0,68.70864111,low,59.77777778,0.505956516,na
Q8TAG5-2,244.0,68.70151639,low,88.21138211,0.679035988,na
Q9BXN2-7,143.0,68.69657343,low,51.01214575,0.320152338,na
O43852-5,229.0,68.69646288,low,72.6984127,0.56104922,na
Q9Y6F8-2,554.0,68.69433213,low,95.16994633,0.52548769,na
Q16625-6,69.0,68.69086957,low,9.962406015,0.211950066,na
Q9NRD5-2,364.0,68.6860989,low,63.28293737,0.711854687,na
Q96PQ6-4,510.0,68.67005882,low,85.71428571,0.605849092,na
Q8NCC5-3,443.0,68.66471783,low,71.84466019,0.752628753,na
Q8NDD1-5,294.0,68.6637415,low,99.65986395,0.373319976,na
P23760-4,403.0,68.66151365,low,81.83716075,0.515195468,na
P51815-2,415.0,68.65513253,low,81.37254902,0.390087263,na
Q96K21-2,461.0,68.65334056,low,78.96825397,0.250953189,na
Q96S94-4,236.0,68.64881356,low,42.99424184,0.561401541,na
Q96N11-2,352.0,68.64806818,low,78.39643653,0.431006327,na
Q49AH0-2,85.0,68.64588235,low,45.45454545,0.427632179,na
Q15366-5,335.0,68.64507463,low,91.2568306,0.608583409,na
Q8N4B1-2,126.0,68.64,low,44.97991968,0.217794893,na
Q14653-5,104.0,68.63038462,low,12.05073996,0.399824117,na
Q9UBL9-6,399.0,68.6224812,low,78.34394904,0.652733624,na
Q9HA72-3,196.0,68.62091837,low,57.89473684,0.552781851,na
Q96H86-2,407.0,68.61847666,low,99.75490196,0.558093619,na
Q8IZP0-3,452.0,68.61550885,low,88.97637795,0.436142855,na
Q2T9K0-4,396.0,68.60505051,low,70.3187251,0.555301943,na
P78396-2,464.0,68.60252155,low,99.78494624,0.75188743,na
Q9BSF8-2,483.0,68.59192547,low,91.05691057,0.620399263,na
Q9UK00-2,142.0,68.59021127,low,87.65432099,0.230220164,na
Q5R372-2,605.0,68.58909091,low,63.88235294,0.457804856,na
P28702-3,537.0,68.58772812,low,99.25512104,0.758837676,na
P50461-2,58.0,68.57775862,low,20.58823529,0.392064273,na
P14921-2,354.0,68.57451977,low,80.27210884,0.334976517,na
P15812-11,144.0,68.57451389,low,34.1025641,0.283072205,na
Q6ZVM7-3,462.0,68.57017316,low,91.12426036,0.472493784,na
Q9UHC7-4,329.0,68.56927052,low,68.25726141,0.397465256,na
Q07817-2,170.0,68.55594118,low,72.96137339,0.368256864,na
Q06587-2,377.0,68.55092838,low,92.85714286,0.37624236,na
Q9NQ94-2,586.0,68.54984642,low,98.65319865,0.632763551,na
Q9BY08-3,102.0,68.54833333,low,28.125,0.456017491,na
Q8N801-2,177.0,68.54214689,low,69.75806452,0.190289795,na
Q03060-2,237.0,68.53970464,low,60.94182825,0.318411604,na
P09131-2,448.0,68.53636161,low,93.92033543,0.713793824,na
Q9H2X3-4,232.0,68.52650862,low,55.63909774,0.25642163,na
Q92956-2,199.0,68.52537688,low,66.07773852,0.414455445,na
Q7Z614-3,129.0,68.5248062,low,30.76923077,0.21285134,na
Q9UMX0-4,181.0,68.51961326,low,26.14601019,0.310352428,na
O43852-7,161.0,68.51118012,low,41.58730159,0.484523089,na
Q6ZRI8-4,535.0,68.50740187,low,92.5,0.809187632,na
P40424-3,420.0,68.50728571,low,92.23744292,0.577011194,na
O95299-2,429.0,68.50324009,low,74.88687783,0.808669874,na
Q9UGN4-3,103.0,68.49524272,low,31.10367893,0.286555167,na
P17036-2,131.0,68.49137405,low,21.20535714,0.220484513,na
O60239-2,298.0,68.46892617,low,65.49450549,0.318356422,na
Q7Z422-3,134.0,68.46208955,low,88.15789474,0.512015058,na
Q9BXN2-9,77.0,68.45818182,low,27.53036437,0.3447788,na
Q9Y616-2,535.0,68.45069159,low,89.76510067,0.644562794,na
Q9NS73-2,298.0,68.44926174,low,86.3372093,0.351201542,na
Q6PI98-4,228.0,68.44807018,low,84.21052632,0.521056062,na
Q8IUX8-2,554.0,68.4451444,low,99.81949458,0.358742668,na
P25686-2,277.0,68.44480144,low,84.56790123,0.629496743,na
Q9NR56-4,314.0,68.43968153,low,75.5,0.341138606,na
Q02548-11,307.0,68.43319218,low,67.49379653,0.468122229,na
Q96NA2-2,191.0,68.42151832,low,46.88279302,0.318890361,na
Q9UPM6-5,366.0,68.42021858,low,86.19791667,0.481898173,na
Q8WUR7-3,167.0,68.41778443,low,75.28735632,0.580126619,na
P62633-6,179.0,68.41648045,low,98.88268156,0.608275324,na
Q8IXM2-3,192.0,68.41645833,low,89.0625,0.594986122,na
Q13938-3,248.0,68.41475806,low,90.18181818,0.663209529,na
Q16890-2,144.0,68.40368056,low,69.60784314,0.366782819,na
Q96B36-2,126.0,68.39587302,low,49.21875,0.263389751,na
Q8NCE0-3,439.0,68.39138952,low,94.40860215,0.655061432,na
Q9Y3V2-3,185.0,68.38832432,low,58.39416058,0.488791448,na
Q9NS61-5,216.0,68.38773148,low,80.0,0.693598925,na
P35372-10,493.0,68.38592292,low,81.13590264,0.752890387,na
Q8IZV2-2,115.0,68.38486957,low,66.47398844,0.370028547,na
Q9NR56-6,342.0,68.37888889,low,84.06169666,0.388592074,na
O75386-2,501.0,68.37676647,low,87.4251497,0.569388223,na
Q92838-9,386.0,68.3742228,low,98.72122762,0.551072263,na
O60928-2,94.0,68.36202128,low,22.22222222,0.2805509,na
Q8N584-3,76.0,68.35434211,low,10.58020478,0.23028881,na
Q9UJL9-2,432.0,68.35011574,low,80.8988764,0.596909683,na
Q9BWK5-2,128.0,68.34679688,low,70.37037037,0.322739525,na
Q86WG3-3,377.0,68.34408488,low,97.87798408,0.628859016,na
Q9UH03-3,83.0,68.34301205,low,19.55307263,0.222569746,na
O15178-2,377.0,68.34246684,low,86.43678161,0.587647855,na
Q9BWV3-3,153.0,68.33764706,low,28.21011673,0.387799755,na
Q86SI9-3,70.0,68.33314286,low,47.82608696,0.332003592,na
Q9NSY0-2,293.0,68.33037543,low,46.65354331,0.306852291,na
A6NFC5-2,196.0,68.32489796,low,87.44394619,0.739032357,na
Q9BRK5-5,130.0,68.32423077,low,35.91160221,0.403748795,na
O00294-2,489.0,68.32413088,low,90.22140221,0.56230729,na
Q6NXT4-3,438.0,68.32194064,low,95.01084599,0.613776945,na
Q96E14-2,84.0,68.3152381,low,35.66878981,0.642761525,na
Q99439-2,270.0,68.30540741,low,87.37864078,0.479284005,na
Q9Y3I1-3,408.0,68.30411765,low,78.16091954,0.619232102,na
P30307-4,400.0,68.301825,low,82.45243129,0.545957226,na
Q6YI46-2,119.0,68.3007563,low,30.52631579,0.343462247,na
Q8NDD1-6,292.0,68.29842466,low,99.65870307,0.543169422,na
Q969W8-2,419.0,68.29238663,low,99.76133652,0.588504769,na
Q92782-2,414.0,68.28591787,low,87.02830189,0.382793548,na
Q9NUL3-2,538.0,68.28526022,low,93.50877193,0.321818962,na
O43464-3,436.0,68.28344037,low,91.02564103,0.64155253,na
Q92466-2,238.0,68.28226891,low,55.73770492,0.510510569,na
Q8TC26-2,102.0,68.27784314,low,29.89690722,0.447216016,na
Q9BZB8-4,486.0,68.27135802,low,85.86572438,0.63636555,na
Q86U42-2,296.0,68.27033784,low,96.07843137,0.451083486,na
Q8NEM1-2,123.0,68.26934959,low,17.9245283,0.410097624,na
Q32NC0-2,132.0,68.26537879,low,60.0,0.228109901,na
Q9BSA4-2,213.0,68.26516432,low,39.88764045,0.299197099,na
P41440-2,551.0,68.25863884,low,90.01692047,0.659216456,na
P53990-3,360.0,68.25794444,low,78.51458886,0.593068699,na
P28799-3,413.0,68.25755448,low,59.27750411,0.276754781,na
Q96RR4-7,556.0,68.25532374,low,90.81632653,0.745273676,na
Q8N9V6-2,343.0,68.25125364,low,54.18894831,0.515949377,na
Q99706-3,342.0,68.24260234,low,90.71618037,0.57551497,na
Q96DZ9-3,118.0,68.24228814,low,52.46636771,0.420244437,na
Q8WVI7-2,116.0,68.23612069,low,93.96551724,0.234891585,na
Q8IZU0-2,226.0,68.23610619,low,66.10878661,0.514786317,na
Q5BKX5-2,139.0,68.23352518,low,28.73239437,0.577359733,na
Q9BXN2-6,132.0,68.23037879,low,47.43083004,0.309292892,na
Q9HA38-2,288.0,68.21694444,low,99.65397924,0.448155822,na
Q96JF0-2,466.0,68.21611588,low,83.64661654,0.563918035,na
Q9NQ94-3,569.0,68.21379613,low,92.80936455,0.610627723,na
Q8N2H4-2,76.0,68.20328947,low,48.71794872,0.558076226,na
P16410-2,56.0,68.20160714,low,25.11210762,0.35906695,na
Q96FG2-6,391.0,68.19805627,low,81.34328358,0.645258492,na
Q9NQX7-3,230.0,68.1976087,low,86.1423221,0.610396513,na
Q9NRX4-2,124.0,68.19129032,low,74.62686567,0.710631872,na
Q8N370-2,489.0,68.18670757,low,67.68982229,0.654051331,na
Q5DX21-3,406.0,68.18591133,low,90.57471264,0.475779203,na
P35680-3,399.0,68.18310777,low,62.30366492,0.654768784,na
Q6P6C2-1,467.0,68.18231263,low,82.65524625,0.730264561,na
Q96K21-3,403.0,68.18079404,low,85.5626327,0.303635757,na
Q96HC4-7,483.0,68.18057971,low,79.2358804,0.461225537,na
Q3SXY8-2,321.0,68.17959502,low,75.0,0.381817717,na
Q9BTM9-2,146.0,68.17773973,low,50.9202454,0.720333118,na
Q92563-2,77.0,68.17662338,low,15.09433962,0.254112505,na
O43247-2,195.0,68.17492308,low,69.64285714,0.194987104,na
Q9NVA1-4,272.0,68.17169118,low,90.96989967,0.670492664,na
Q719I0-3,137.0,68.16985401,low,45.81939799,0.563433665,na
Q6WBX8-2,345.0,68.16950725,low,80.04694836,0.638493298,na
Q9NQ34-2,124.0,68.16387097,low,62.62626263,0.365986245,na
Q9BU19-4,96.0,68.16291667,low,12.75797373,0.229371179,na
Q03060-32,236.0,68.16245763,low,57.06371191,0.343367344,na
O43566-4,201.0,68.16233831,low,34.98233216,0.225288841,na
Q8N108-20,81.0,68.15691358,low,10.96408318,0.25729408,na
Q92890-1,343.0,68.1551312,low,89.50437318,0.622120952,na
Q96NA8-2,512.0,68.15394531,low,99.80506823,0.727793179,na
Q96RR4-4,545.0,68.15091743,low,92.68707483,0.588784083,na
O14512-2,331.0,68.15039275,low,56.9707401,0.488155798,na
Q96HH9-5,328.0,68.14466463,low,75.69444444,0.412574649,na
Q92782-3,332.0,68.12093373,low,67.68867925,0.388763151,na
O00167-2,514.0,68.12068093,low,95.53903346,0.598056493,na
Q9H1N7-3,283.0,68.11978799,low,64.63414634,0.569961271,na
Q8NA29-3,458.0,68.11932314,low,63.05084746,0.762987184,na
Q8N5H3-1,176.0,68.11886364,low,93.12169312,0.396522478,na
Q6NT76-2,405.0,68.11548148,low,89.36170213,0.507026275,na
Q969X2-3,374.0,68.11291444,low,73.00771208,0.617873621,na
Q6ICL7-2,234.0,68.10534188,low,60.28571429,0.542500252,na
Q96A73-3,98.0,68.10377551,low,32.13114754,0.339422964,na
Q68EN5-2,408.0,68.10147059,low,78.09330629,0.641718974,na
Q9NQ69-3,321.0,68.09520249,low,74.00990099,0.474408563,na
P41134-2,149.0,68.08993289,low,92.25806452,0.422632486,na
Q9UI08-3,390.0,68.08797436,low,83.67816092,0.386311036,na
Q9BWK5-3,102.0,68.08666667,low,64.96815287,0.226380349,na
O76075-3,116.0,68.08103448,low,23.28767123,0.455342389,na
Q6P4E1-2,380.0,68.07847368,low,86.9266055,0.465923389,na
P11686-2,191.0,68.07445026,low,96.95431472,0.484332207,na
Q9BZB8-2,491.0,68.07026477,low,86.74911661,0.604603504,na
Q9H1Y3-2,323.0,68.05941176,low,75.87064677,0.597571759,na
Q3SX64-2,253.0,68.05885375,low,87.5432526,0.299530339,na
Q92985-4,516.0,68.04974806,low,96.70542636,0.481766999,na
Q9Y225-2,169.0,68.04739645,low,87.5739645,0.796612252,na
Q96MH6-3,135.0,68.04511111,low,36.11111111,0.277790985,na
P52429-2,177.0,68.03745763,low,27.02237522,0.440515145,na
Q7L513-9,376.0,68.03518617,low,95.4787234,0.6595994,na
Q9H7Y0-2,182.0,68.02752747,low,38.0952381,0.432511892,na
Q4AE62-4,376.0,68.01928191,low,70.71129707,0.675846598,na
Q9UK59-2,312.0,68.00230769,low,56.59340659,0.423418143,na
P24530-3,532.0,68.00030075,low,83.08270677,0.794196978,na
Q96AN5-2,359.0,67.99415042,low,78.21350763,0.497844099,na
Q96HJ3-2,229.0,67.99174672,low,53.80577428,0.351731134,na
P22626-2,341.0,67.98492669,low,96.03399433,0.619150027,na
Q9NUL3-6,398.0,67.98417085,low,69.8245614,0.237993857,na
Q9NUK0-2,334.0,67.98080838,low,85.63685637,0.514696341,na
Q9UJV8-2,322.0,67.97540373,low,85.14285714,0.662089954,na
Q96FZ5-2,142.0,67.97485915,low,81.14285714,0.375550897,na
Q96G28-2,367.0,67.9746049,low,93.1880109,0.419487616,na
Q4JDL3-11,269.0,67.96977695,low,63.57142857,0.414956677,na
Q9UPM6-4,377.0,67.96965517,low,83.79746835,0.485544635,na
P52926-2,106.0,67.96915094,low,79.09090909,0.255829172,na
Q9UHX1-2,542.0,67.96693727,low,96.9588551,0.418157251,na
A2A2Y4-4,213.0,67.96502347,low,27.55775578,0.224679257,na
O95258-3,353.0,67.95470255,low,90.4494382,0.837343113,na
Q03060-13,219.0,67.94232877,low,54.31754875,0.324010204,na
Q07699-2,268.0,67.93488806,low,54.91525424,0.629269808,na
Q9BZE9-4,348.0,67.93045977,low,58.09352518,0.350082188,na
Q9NR83-4,189.0,67.92920635,low,48.8372093,0.333652937,na
Q400G9-2,297.0,67.92572391,low,44.63937622,0.599464719,na
Q9C010-2,85.0,67.92129412,low,91.76470588,0.246269093,na
Q16775-3,236.0,67.90292373,low,51.38461538,0.460078586,na
P10909-3,274.0,67.90291971,low,61.02449889,0.450815975,na
O94864-4,279.0,67.90154122,low,66.18357488,0.403009138,na
Q06547-2,383.0,67.90044386,low,96.96202532,0.492160728,na
P55001-2,182.0,67.89923077,low,99.45355191,0.625217888,na
Q86XK3-3,232.0,67.89715517,low,94.69387755,0.498916468,na
Q7L513-10,382.0,67.89662304,low,93.97905759,0.639287106,na
Q8NBM4-4,157.0,67.89598726,low,45.63953488,0.232701105,na
Q9Y5P2-3,48.0,67.89270833,low,37.79527559,0.249585569,na
Q96GE6-4,149.0,67.88449664,low,76.02040816,0.557900518,na
Q9Y250-3,563.0,67.88261101,low,94.46308725,0.379924825,na
Q8IWS0-2,312.0,67.88086538,low,77.35849057,0.444049659,na
Q9BT17-2,267.0,67.87917603,low,58.21727019,0.620598187,na
Q8TD07-5,220.0,67.87822727,low,83.26996198,0.593414207,na
Q8WU39-2,123.0,67.86682927,low,40.20100503,0.349512264,na
Q4G0J3-3,589.0,67.86366723,low,98.81154499,0.846856978,na
Q9UN86-2,449.0,67.85679287,low,93.15352697,0.421708377,na
P17936-2,297.0,67.85313131,low,97.97979798,0.59784592,na
Q96NJ3-2,435.0,67.85181609,low,73.72881356,0.534058094,na
Q02548-9,319.0,67.84081505,low,81.58567775,0.496765484,na
Q5T124-6,324.0,67.83901235,low,54.47761194,0.324597121,na
Q96A59-2,410.0,67.83741463,low,62.06088993,0.617747413,na
P23760-5,407.0,67.82697789,low,81.83716075,0.628979598,na
P35348-8,370.0,67.82102703,low,65.41666667,0.70175761,na
Q9Y3T6-3,398.0,67.82022613,low,90.45454545,0.599602991,na
Q9NSI8-2,205.0,67.81829268,low,54.95978552,0.267704891,na
Q8IWS0-4,310.0,67.81648387,low,77.2972973,0.439845614,na
Q8NHW4-8,52.0,67.81269231,low,27.35849057,0.379339803,na
P19438-3,223.0,67.81080717,low,49.01098901,0.343414823,na
Q8N5J2-3,517.0,67.79758221,low,90.71566731,0.680167573,na
Q9NP85-2,315.0,67.79409524,low,82.24543081,0.487033013,na
Q99729-3,285.0,67.79203509,low,83.18318318,0.665893444,na
Q99729-4,286.0,67.79059441,low,83.78378378,0.667308707,na
P36941-2,416.0,67.78961538,low,93.56321839,0.570216907,na
P29353-5,369.0,67.78617886,low,62.43567753,0.29608669,na
Q9Y543-2,76.0,67.78328947,low,29.18918919,0.399256052,na
P13727-2,211.0,67.78303318,low,95.04504505,0.6384935,na
Q9BWL3-4,201.0,67.77676617,low,79.0513834,0.47978519,na
Q9NYB9-2,475.0,67.77671579,low,82.28782288,0.55630816,na
Q8N7N1-2,153.0,67.77039216,low,43.70860927,0.469085005,na
P55854-2,141.0,67.76475177,low,73.04964539,0.727303165,na
Q05084-2,512.0,67.75949219,low,94.3359375,0.716473308,na
Q9H902-2,174.0,67.75885057,low,80.58252427,0.55120981,na
Q9Y2I8-3,264.0,67.74674242,low,49.59839357,0.387123715,na
O00273-2,268.0,67.7438806,low,78.85196375,0.388863413,na
Q96GE6-5,59.0,67.74033898,low,24.36548223,0.180992882,na
Q9BSI4-2,354.0,67.73898305,low,78.49223947,0.597371521,na
Q15366-3,362.0,67.73732044,low,98.63387978,0.857481809,na
Q01196-7,242.0,67.73714876,low,53.42163355,0.447811923,na
Q9H9L7-2,147.0,67.7344898,low,76.5625,0.242973843,na
Q5BJH7-5,294.0,67.71404762,low,79.51807229,0.658662513,na
A2IDD5-2,187.0,67.71315508,low,42.69406393,0.321195841,na
Q8IVM8-2,238.0,67.71277311,low,33.45259392,0.506665064,na
Q9UHD8-7,567.0,67.70287478,low,96.75767918,0.60975651,na
Q8IV50-2,124.0,67.69266129,low,57.6744186,0.275584713,na
P54821-2,217.0,67.68861751,low,82.04081633,0.49518316,na
P22674-2,131.0,67.68129771,low,37.42857143,0.209611347,na
Q9BZE9-3,501.0,67.67992016,low,82.1799308,0.544622569,na
Q7Z7C8-4,338.0,67.67982249,low,79.76539589,0.364270606,na
P0DI81-2,124.0,67.67612903,low,45.97701149,0.627601247,na
O60291-4,530.0,67.67083019,low,96.01449275,0.725196323,na
Q8N5Y2-4,355.0,67.66921127,low,68.13819578,0.677865705,na
Q9H6L4-2,103.0,67.66796117,low,32.53588517,0.406659486,na
O96017-10,140.0,67.66678571,low,24.67771639,0.25255793,na
O00453-11,104.0,67.66365385,low,93.26923077,0.526692491,na
Q2TAL5-2,317.0,67.65977918,low,68.76355748,0.377004635,na
O95544-2,591.0,67.65483926,low,75.29610829,0.712259344,na
Q8NG50-6,228.0,67.65258772,low,75.60137457,0.589682824,na
Q8N8Q8-4,147.0,67.65244898,low,33.62318841,0.217563622,na
O95971-3,234.0,67.6517094,low,76.4957265,0.698433101,na
Q99719-2,346.0,67.64222543,low,65.52567237,0.72210287,na
O60667-3,306.0,67.64029412,low,65.73604061,0.445567266,na
Q96NX5-2,460.0,67.63634783,low,94.12997904,0.637127562,na
Q13360-3,120.0,67.6355,low,23.90852391,0.229481197,na
Q9NQ69-4,330.0,67.63415152,low,77.97029703,0.505023877,na
Q9BZW8-4,273.0,67.63175824,low,73.78378378,0.362349137,na
Q9NQR1-2,352.0,67.63150568,low,87.59493671,0.612260386,na
P20366-2,111.0,67.62774775,low,85.27131783,0.258163187,na
P42696-2,225.0,67.62542222,low,51.03926097,0.213793431,na
Q9Y603-2,282.0,67.61748227,low,72.09302326,0.48008931,na
Q9UKA8-5,183.0,67.60775956,low,75.93360996,0.223875705,na
O43768-6,113.0,67.60539823,low,79.36507937,0.340433987,na
Q9BX59-6,297.0,67.59912458,low,50.9202454,0.702672748,na
Q6GPH4-7,301.0,67.59657807,low,94.01993355,0.355211756,na
Q8NAU1-3,153.0,67.58941176,low,59.64912281,0.320245356,na
Q49AR2-3,163.0,67.58797546,low,22.05567452,0.35177269,na
Q86SE5-2,218.0,67.58123853,low,71.91780822,0.323292586,na
Q96FX2-2,57.0,67.57350877,low,69.51219512,0.572893033,na
Q8IX29-2,280.0,67.57342857,low,95.89041096,0.413538817,na
Q99504-5,527.0,67.57132827,low,91.97207679,0.69341645,na
Q96J87-3,454.0,67.56462555,low,94.38669439,0.5507442,na
Q5VIY5-2,469.0,67.55889126,low,89.8467433,0.548942287,na
Q9UBR5-5,113.0,67.54699115,low,73.68421053,0.71098756,na
Q96DZ9-5,105.0,67.54571429,low,47.08520179,0.400694122,na
Q7Z5M8-5,235.0,67.54514894,low,48.71794872,0.605901098,na
Q9UHD8-5,579.0,67.53967185,low,94.30485762,0.576453109,na
P35241-3,200.0,67.53605,low,29.63576159,0.49295237,na
Q9NR56-7,340.0,67.53091176,low,78.57142857,0.347493641,na
Q9BT25-3,409.0,67.52882641,low,99.75609756,0.457763715,na
Q6UXI9-4,566.0,67.52770318,low,89.91596639,0.345577108,na
Q15329-3,185.0,67.51821622,low,53.46820809,0.378871067,na
Q9H0A6-6,95.0,67.51642105,low,25.13812155,0.245872531,na
Q7Z422-5,151.0,67.51589404,low,99.34210526,0.572999339,na
P41587-2,422.0,67.51526066,low,76.5625,0.740364031,na
Q9UHD8-2,568.0,67.5134331,low,95.7337884,0.63810064,na
Q8TAA5-2,122.0,67.50590164,low,33.46774194,0.34425911,na
Q9Y2Q1-4,530.0,67.50583019,low,94.13854352,0.643555751,na
P14091-2,363.0,67.50261708,low,63.49206349,0.73266602,na
Q9Y3Q8-2,156.0,67.49788462,low,39.49367089,0.328518009,na
P60602-2,59.0,67.49627119,low,56.09756098,0.497249627,na
Q96NT0-2,188.0,67.49601064,low,57.14285714,0.60759169,na
Q5HYR2-2,127.0,67.48425197,low,66.14583333,0.437460738,na
Q14188-8,418.0,67.47832536,low,86.94690265,0.520165083,na
Q96GM1-2,427.0,67.46466042,low,66.37168142,0.693437445,na
Q9P2K3-2,436.0,67.4603211,low,56.9664903,0.408316688,na
Q02548-7,328.0,67.45161585,low,83.88746803,0.556017164,na
Q9BYV8-5,285.0,67.43964912,low,76.13941019,0.528011485,na
P08118-2,77.0,67.43506494,low,34.92063492,0.29783528,na
P26436-4,195.0,67.42728205,low,73.58490566,0.509291274,na
O75575-3,141.0,67.41787234,low,65.51724138,0.641675311,na
Q96GD4-3,142.0,67.41598592,low,38.26086957,0.355551859,na
Q8TCT6-3,169.0,67.41230769,low,44.01041667,0.496566177,na
Q9NW81-6,185.0,67.41113514,low,57.03703704,0.517158768,na
Q9NVZ3-4,237.0,67.4107173,low,90.11406844,0.576089637,na
Q9BPZ7-5,323.0,67.40972136,low,61.30268199,0.488061081,na
P49768-5,378.0,67.40489418,low,69.13319239,0.600839657,na
O60664-3,433.0,67.39840647,low,99.76958525,0.619698833,na
Q3B8N5-2,365.0,67.39569863,low,61.65540541,0.297250779,na
Q9BQY9-3,112.0,67.3925,low,37.45173745,0.205415297,na
P36551-2,287.0,67.38843206,low,60.13215859,0.503454179,na
Q9HD23-4,446.0,67.38807175,low,94.61883408,0.74109803,na
Q68EN5-3,316.0,67.38794304,low,42.49512671,0.582581541,na
P01135-4,163.0,67.38527607,low,96.93251534,0.796468804,na
Q8IW45-2,390.0,67.38423077,low,75.61576355,0.751635304,na
Q92731-2,495.0,67.37967677,low,88.93058161,0.669866596,na
Q8NHJ6-3,449.0,67.37870824,low,99.5545657,0.645987229,na
Q8NDW4-2,119.0,67.37630252,low,19.17808219,0.356935064,na
Q3KP22-3,216.0,67.37208333,low,37.16475096,0.261574152,na
Q93062-3,219.0,67.37173516,low,79.55555556,0.480937055,na
P05549-5,431.0,67.36930394,low,97.02517162,0.629769065,na
Q9BQ16-9,313.0,67.36753994,low,71.10091743,0.460701059,na
Q96FE7-2,234.0,67.35431624,low,71.02473498,0.459101667,na
O76064-2,98.0,67.35112245,low,16.36726547,0.485950769,na
Q6WBX8-3,259.0,67.35069498,low,59.85915493,0.527484502,na
Q5TID7-3,508.0,67.34393701,low,99.80353635,0.281450438,na
O43566-5,414.0,67.34205314,low,72.83950617,0.402573636,na
Q16630-3,478.0,67.33771967,low,86.75136116,0.318950003,na
P17096-2,96.0,67.33697917,low,89.71962617,0.241712484,na
Q5SQ64-2,382.0,67.33335079,low,70.83333333,0.631795721,na
Q9NQW5-1,407.0,67.32756757,low,30.0,0.38196067,na
Q6UWT4-2,72.0,67.32611111,low,82.75862069,0.809659309,na
Q15654-3,80.0,67.325625,low,10.76604555,0.188052302,na
Q6ZRI8-3,411.0,67.3186618,low,75.13711152,0.583986022,na
Q8IZL9-2,243.0,67.31246914,low,51.80055402,0.602950228,na
Q8N565-2,224.0,67.29857143,low,92.85714286,0.685316612,na
Q9NVL1-3,158.0,67.29139241,low,80.47337278,0.234498691,na
O43602-2,360.0,67.29058333,low,98.63013699,0.539712081,na
Q96D96-3,255.0,67.28819608,low,92.30769231,0.798478304,na
Q9UHC7-2,418.0,67.28667464,low,86.7219917,0.592958172,na
O00453-6,51.0,67.28196078,low,52.57731959,0.207139542,na
Q9BQP9-2,218.0,67.28169725,low,85.43307087,0.623192821,na
P16410-3,58.0,67.28,low,20.1793722,0.400908331,na
Q8IZ73-2,484.0,67.2697314,low,88.80733945,0.599871424,na
P07910-3,226.0,67.26712389,low,73.52941176,0.291423206,na
Q96CQ1-2,132.0,67.26560606,low,41.47909968,0.369345486,na
O43521-13,44.0,67.26477273,low,21.21212121,0.193752121,na
Q08648-4,133.0,67.25932331,low,59.12408759,0.371801513,na
P17544-4,307.0,67.25456026,low,63.5610766,0.372776591,na
Q16890-5,175.0,67.24674286,low,85.78431373,0.336320583,na
P52926-5,103.0,67.24145631,low,77.98165138,0.226938048,na
Q9UGK3-2,449.0,67.24089087,low,89.75501114,0.609104006,na
Q99755-4,522.0,67.23737548,low,92.70462633,0.701964228,na
Q01534-2,294.0,67.23027211,low,90.58441558,0.680340015,na
P57721-2,345.0,67.2297971,low,92.99191375,0.54139126,na
Q53GL0-2,375.0,67.22914667,low,91.68704156,0.392760852,na
Q8IY57-3,138.0,67.22782609,low,76.66666667,0.225475969,na
Q9NTX7-2,358.0,67.22765363,low,99.72144847,0.702564704,na
O60664-4,422.0,67.22580569,low,97.23502304,0.61825382,na
Q7L513-15,141.0,67.22539007,low,32.9787234,0.237266673,na
Q96B36-3,276.0,67.21800725,low,92.75362319,0.452744149,na
P61619-3,356.0,67.21401685,low,74.78991597,0.788827078,na
Q92734-4,280.0,67.21310714,low,68.0,0.438363012,na
Q6UX71-2,480.0,67.2095,low,90.73724008,0.568734855,na
Q15366-6,361.0,67.20385042,low,98.90410959,0.853142726,na
Q9NS73-3,282.0,67.20361702,low,78.19767442,0.429097372,na
Q6NT76-3,418.0,67.20270335,low,99.52380952,0.330004408,na
Q8N5N4-2,102.0,67.20156863,low,50.98039216,0.394490733,na
P54725-2,308.0,67.20061688,low,84.84848485,0.27299258,na
P85299-4,293.0,67.19883959,low,75.51546392,0.46400317,na
O14521-4,143.0,67.19587413,low,69.56521739,0.387788666,na
Q3ZCV2-2,414.0,67.19400966,low,95.45454545,0.213414411,na
Q8N2U9-3,132.0,67.19325758,low,42.08633094,0.400766254,na
Q9Y262-2,516.0,67.17784884,low,91.4893617,0.798800131,na
Q8IVP9-2,353.0,67.17583569,low,86.31840796,0.636201871,na
Q99504-4,520.0,67.17567308,low,90.7504363,0.612321125,na
Q9C0H2-3,352.0,67.16948864,low,60.52631579,0.435120261,na
Q5RI15-2,130.0,67.16169231,low,90.76923077,0.694281794,na
Q92879-3,483.0,67.15639752,low,98.97330595,0.577079299,na
Q6IPT2-2,231.0,67.14822511,low,93.52226721,0.741557303,na
P07585-5,75.0,67.1436,low,20.05571031,0.247130681,na
Q96GU1-2,110.0,67.14163636,low,84.61538462,0.327593794,na
O43281-3,392.0,67.13961735,low,68.8057041,0.38128929,na
P05549-6,433.0,67.13944573,low,97.02517162,0.640695678,na
P49768-3,374.0,67.13385027,low,68.28752643,0.588422383,na
Q9BQB6-2,156.0,67.13314103,low,55.85106383,0.609300921,na
Q9Y383-2,391.0,67.13163683,low,94.72361809,0.470427649,na
Q16637-4,250.0,67.12584,low,83.67346939,0.505517413,na
Q5SQN1-2,446.0,67.12015695,low,89.61864407,0.636721236,na
Q8NBW4-2,462.0,67.11718615,low,76.50176678,0.696194675,na
O60512-2,145.0,67.11627586,low,31.72588832,0.430756301,na
P01282-2,169.0,67.11372781,low,99.41176471,0.360166312,na
Q14CB8-6,465.0,67.10950538,low,94.12955466,0.555565481,na
Q03060-25,137.0,67.10934307,low,36.52173913,0.241990609,na
Q9UKA9-5,356.0,67.10707865,low,65.53672316,0.499438798,na
Q9NNX6-11,334.0,67.09458084,low,78.29268293,0.575681382,na
Q9UK80-3,551.0,67.09446461,low,97.52212389,0.622872354,na
O43521-20,73.0,67.0769863,low,36.86868687,0.299788261,na
P85299-5,411.0,67.06785888,low,93.43065693,0.566058526,na
P08651-4,406.0,67.0664532,low,77.16535433,0.496100888,na
P58340-5,243.0,67.06609053,low,90.67164179,0.588170739,na
Q9Y383-3,389.0,67.06601542,low,95.67430025,0.732593877,na
Q00987-3,270.0,67.06514815,low,54.9898167,0.25604104,na
Q9Y6N1-2,231.0,67.06311688,low,77.30496454,0.505719116,na
Q8NHW4-6,86.0,67.06186047,low,69.07216495,0.516657036,na
Q9ULK6-4,297.0,67.05949495,low,61.58940397,0.445822808,na
P49023-2,557.0,67.05247756,low,94.24703892,0.645130695,na
Q9Y6S9-2,541.0,67.04987061,low,90.55944056,0.563428316,na
Q8NEY8-7,122.0,67.04065574,low,25.54585153,0.181481104,na
Q92482-2,281.0,67.03879004,low,56.45645646,0.616129954,na
Q9Y250-2,573.0,67.03041885,low,96.1409396,0.41708384,na
Q7Z4T8-2,133.0,67.03007519,low,28.15315315,0.231467448,na
Q8NA61-2,412.0,67.02662621,low,88.83928571,0.485450225,na
A2RRL7-3,106.0,67.01584906,low,99.06542056,0.617195967,na
Q9BRA0-2,173.0,67.01306358,low,60.69364162,0.614616862,na
Q8N6U8-6,549.0,67.00943534,low,96.35701275,0.825791406,na
Q9BTT0-2,227.0,67.00810573,low,84.70149254,0.449752387,na
P49798-3,302.0,67.00745033,low,67.8807947,0.645074928,na
Q8N2C3-2,57.0,66.99508772,low,17.68707483,0.228243395,na
Q7LFX5-2,506.0,66.99274704,low,78.55917667,0.61652709,na
Q02161-4,493.0,66.98985801,low,72.97830375,0.844721587,na
Q5XKK7-3,148.0,66.98655405,low,60.28037383,0.309100178,na
B4DS77-3,221.0,66.98294118,low,44.90740741,0.351794999,na
Q5XKR9-5,46.0,66.98021739,low,34.48275862,0.236259659,na
Q8WW12-2,130.0,66.97546154,low,62.76595745,0.227159649,na
P20340-3,104.0,66.97403846,low,50.0,0.375458507,na
O60828-3,224.0,66.96767857,low,71.58671587,0.354428552,na
Q5SSJ5-2,515.0,66.94646602,low,93.1283906,0.624074118,na
Q00536-2,570.0,66.94315789,low,87.01754386,0.736536462,na
Q8NHJ6-2,447.0,66.94167785,low,99.77678571,0.489190344,na
Q96BR9-2,338.0,66.94038462,low,75.28344671,0.381080752,na
Q8WWW0-3,336.0,66.9310119,low,78.80952381,0.502656951,na
Q15366-2,366.0,66.91980874,low,99.72677596,0.595905618,na
A6NNE9-2,158.0,66.91905063,low,39.30348259,0.350336048,na
Q69YI7-2,172.0,66.91738372,low,51.98776758,0.539093421,na
Q9Y2Q1-2,535.0,66.91297196,low,95.02664298,0.587759129,na
Q9BZI7-2,470.0,66.91089362,low,97.30848861,0.358418394,na
P29353-2,473.0,66.90600423,low,81.13207547,0.429475891,na
Q96J87-4,344.0,66.9009593,low,71.51767152,0.55853456,na
Q9BUK0-5,56.0,66.89946429,low,30.10752688,0.373639418,na
Q6NSZ9-2,472.0,66.89478814,low,86.76470588,0.456501011,na
Q5SQQ9-2,186.0,66.8922043,low,44.3148688,0.271221267,na
Q86YH6-2,240.0,66.88908333,low,53.9800995,0.619169567,na
P55327-3,248.0,66.87891129,low,65.59139785,0.421149333,na
E9PKD4-2,232.0,66.87193966,low,61.29943503,0.332755648,na
O75952-4,221.0,66.8699095,low,39.35091278,0.293276393,na
P35348-9,372.0,66.86782258,low,65.82809224,0.70504626,na
P40337-2,172.0,66.86738372,low,80.75117371,0.364584343,na
Q9NXX6-2,316.0,66.86677215,low,71.6080402,0.323150626,na
Q04900-3,184.0,66.86559783,low,93.40101523,0.422934547,na
Q6P4F2-2,145.0,66.85441379,low,73.65591398,0.380057916,na
A0AV96-2,524.0,66.8544084,low,88.36424958,0.662231439,na
Q8N228-3,305.0,66.85239344,low,66.19047619,0.428501768,na
Q9NNX6-5,404.0,66.84913366,low,95.36585366,0.472659542,na
P01135-5,162.0,66.83987654,low,96.3190184,0.764601225,na
Q9NRG1-3,173.0,66.83190751,low,51.00401606,0.620488219,na
P57721-5,351.0,66.82834758,low,94.60916442,0.717196427,na
Q9BQ16-1,433.0,66.81381062,low,99.31192661,0.655396182,na
Q92784-2,357.0,66.81120448,low,77.15736041,0.393486034,na
Q96M27-3,462.0,66.804329,low,94.37229437,0.492773004,na
Q9UN30-2,302.0,66.79963576,low,91.4893617,0.336376454,na
Q9NZ81-2,98.0,66.79959184,low,66.21621622,0.267707029,na
Q9H930-2,545.0,66.78385321,low,93.96551724,0.60569198,na
P57721-4,370.0,66.78097297,low,99.73045822,0.641926117,na
P52926-4,92.0,66.77445652,low,77.98165138,0.228160005,na
Q9UKA9-6,361.0,66.76252078,low,64.92537313,0.486569671,na
Q8IZP0-9,481.0,66.75744283,low,94.68503937,0.475890417,na
Q6NT76-4,304.0,66.75263158,low,67.9245283,0.337882719,na
Q9NWZ5-2,419.0,66.74871122,low,57.16753022,0.490931376,na
Q8N878-2,481.0,66.74723493,low,87.06739526,0.671342296,na
Q7Z398-2,390.0,66.74687179,low,92.41706161,0.600156046,na
Q9GZR2-2,250.0,66.74632,low,49.88235294,0.416412616,na
Q96HY6-2,313.0,66.74044728,low,83.54037267,0.542132679,na
Q92731-4,513.0,66.7385575,low,90.56603774,0.674695098,na
P29353-7,474.0,66.73679325,low,80.99315068,0.422567933,na
Q8N5U1-2,147.0,66.73251701,low,61.25,0.412418486,na
Q8N7R7-2,308.0,66.72672078,low,83.28690808,0.595118377,na
Q8N9Z0-2,419.0,66.70861575,low,90.69264069,0.642629266,na
P40855-5,261.0,66.70206897,low,81.66666667,0.56240741,na
Q9HAV5-2,318.0,66.70044025,low,93.39622642,0.480069569,na
Q16637-2,262.0,66.69278626,low,89.11564626,0.494539005,na
Q6UWJ8-2,173.0,66.68612717,low,99.42528736,0.639898474,na
Q96PQ6-2,563.0,66.68500888,low,94.62184874,0.604409878,na
P42167-3,248.0,66.68399194,low,48.2832618,0.308360952,na
Q96DE0-4,227.0,66.68259912,low,54.78927203,0.711607167,na
Q9BSY9-2,161.0,66.68055901,low,82.98969072,0.64533711,na
Q14696-2,138.0,66.67905797,low,34.81781377,0.263143196,na
Q8N5Y2-6,372.0,66.67857527,low,70.24952015,0.600141187,na
Q9NQ31-3,183.0,66.67415301,low,87.14285714,0.321225667,na
Q5T4F4-8,372.0,66.67048387,low,90.51094891,0.259581438,na
Q99735-2,77.0,66.66935065,low,37.5,0.513397425,na
Q96KR7-3,448.0,66.6678125,low,80.1431127,0.432432936,na
Q13398-5,503.0,66.66039761,low,89.18439716,0.600265492,na
Q7Z2X4-2,248.0,66.65939516,low,80.75471698,0.695676018,na
Q86YD3-4,351.0,66.65897436,low,91.71122995,0.656749147,na
Q5FBB7-5,258.0,66.65883721,low,44.74153298,0.318979064,na
Q9H3P2-7,265.0,66.65720755,low,50.18939394,0.321733028,na
Q9BSG5-3,239.0,66.65456067,low,95.81589958,0.648529872,na
Q9Y250-4,537.0,66.64724395,low,90.10067114,0.442343895,na
Q5JVG8-2,412.0,66.64470874,low,92.79279279,0.570987819,na
Q9NQ69-2,388.0,66.63865979,low,95.9697733,0.630515302,na
Q6NZI2-2,300.0,66.628,low,76.92307692,0.367103402,na
Q6YI46-3,134.0,66.62440299,low,35.26315789,0.29882684,na
Q8IYI0-2,151.0,66.62423841,low,73.65853659,0.346646615,na
Q9Y3I1-2,443.0,66.62130926,low,82.31939163,0.638503824,na
Q96HZ4-4,112.0,66.62080357,low,30.20408163,0.418955637,na
Q6P1K2-5,220.0,66.62068182,low,55.33596838,0.483877394,na
Q15942-2,415.0,66.618,low,72.55244755,0.512346005,na
Q15583-4,252.0,66.6165873,low,62.84289277,0.315138692,na
Q5JS13-6,108.0,66.60083333,low,14.54219031,0.210795613,na
Q9H8X9-2,142.0,66.59598592,low,16.47058824,0.260276129,na
Q15390-2,300.0,66.5951,low,90.09009009,0.252370998,na
Q08AF8-3,434.0,66.59506912,low,99.07834101,0.389310346,na
Q8IZP0-12,496.0,66.58691532,low,91.23809524,0.452519142,na
Q07666-2,418.0,66.5865311,low,94.35665914,0.589402973,na
Q12982-2,376.0,66.5843883,low,83.5106383,0.620515501,na
P56693-2,286.0,66.58311189,low,61.37339056,0.323365106,na
O95297-4,145.0,66.56813793,low,53.90334572,0.282521347,na
Q9Y2Q1-3,531.0,66.56629002,low,94.31616341,0.688577758,na
Q93038-8,234.0,66.56320513,low,56.11510791,0.373088915,na
Q99502-2,559.0,66.55431127,low,93.24324324,0.544429456,na
Q5JRV8-3,325.0,66.55298462,low,93.12320917,0.771596931,na
Q9NR56-2,370.0,66.54910811,low,95.36082474,0.335872349,na
Q92481-2,469.0,66.54780384,low,98.08102345,0.661544673,na
Q86UQ8-2,79.0,66.54506329,low,44.13407821,0.192844702,na
Q00987-5,321.0,66.54445483,low,65.37678208,0.253152553,na
Q03060-26,248.0,66.54080645,low,60.38781163,0.339935959,na
P15336-8,144.0,66.53909722,low,24.3083004,0.194268628,na
Q9BU19-3,347.0,66.53380403,low,66.85934489,0.428755702,na
Q16595-2,171.0,66.53222222,low,77.61904762,0.434831022,na
O75771-2,49.0,66.52816327,low,14.63414634,0.370912642,na
Q92879-2,482.0,66.52425311,low,99.17695473,0.57325666,na
P28069-2,317.0,66.52410095,low,91.79810726,0.684797028,na
Q6X4W1-2,528.0,66.51971591,low,99.62264151,0.46095244,na
Q8N7H5-3,485.0,66.51861856,low,64.41515651,0.474130527,na
O43521-2,138.0,66.49913043,low,69.6969697,0.392015988,na
Q9BSQ5-2,465.0,66.49698925,low,92.78131635,0.597674399,na
O14948-4,280.0,66.49464286,low,73.8028169,0.48150459,na
Q9BXN2-8,45.0,66.49377778,low,14.4,0.202410566,na
Q04900-4,178.0,66.49325843,low,90.35532995,0.357055211,na
Q96EX2-5,420.0,66.49157143,low,88.32599119,0.64175671,na
Q86Y97-2,97.0,66.4914433,low,10.1910828,0.269637312,na
Q0D2J5-2,397.0,66.4911335,low,98.99244332,0.908133838,na
Q2T9K0-2,428.0,66.47913551,low,90.10526316,0.600966529,na
Q86X95-2,202.0,66.47519802,low,38.66666667,0.31337022,na
O75143-2,480.0,66.47014583,low,92.84332689,0.562987924,na
P28908-2,132.0,66.4630303,low,22.18487395,0.159305252,na
Q9BQ16-2,316.0,66.4625,low,71.78899083,0.4338868,na
Q6P1R3-3,507.0,66.45798817,low,90.69767442,0.543832378,na
O43193-2,386.0,66.45292746,low,72.76887872,0.755803701,na
P07108-5,148.0,66.45195946,low,56.75675676,0.767543707,na
Q8TD35-2,240.0,66.44379167,low,73.66255144,0.386602931,na
Q2VYF4-4,277.0,66.44191336,low,56.21181263,0.509934787,na
Q8IY57-5,204.0,66.43862745,low,88.23529412,0.306939639,na
Q92988-3,114.0,66.43710526,low,34.00809717,0.321443814,na
Q15004-2,65.0,66.43353846,low,40.51724138,0.276710843,na
Q96IZ5-3,311.0,66.42906752,low,50.32967033,0.33414486,na
Q9NQ94-4,594.0,66.42368687,low,92.71523179,0.64504875,na
P56134-3,55.0,66.42236364,low,57.44680851,0.349753576,na
Q6NT76-5,443.0,66.4172912,low,94.36936937,0.450835109,na
Q2NKX9-3,127.0,66.41708661,low,51.1627907,0.279168525,na
Q9HC73-2,233.0,66.41502146,low,45.2020202,0.584558257,na
Q6UXF7-2,277.0,66.41263538,low,46.16977226,0.404360761,na
Q9GZP8-2,85.0,66.41117647,low,49.05660377,0.27630634,na
Q9UBR5-4,120.0,66.40933333,low,78.94736842,0.383942735,na
Q8TD10-3,169.0,66.40869822,low,37.55656109,0.282649479,na
Q9BQ16-5,338.0,66.40819527,low,77.52293578,0.552236548,na
Q9UPY6-2,499.0,66.40713427,low,90.67460317,0.526895934,na
O43555-3,113.0,66.40699115,low,94.16666667,0.454080398,na
Q9UK76-3,108.0,66.39768519,low,70.12987013,0.205938304,na
Q9Y5J3-2,308.0,66.39535714,low,98.7012987,0.773308697,na
Q9H6P5-2,129.0,66.39465116,low,21.57303371,0.397290575,na
Q5VZF2-2,367.0,66.38771117,low,88.94736842,0.410136143,na
Q5FBB7-7,215.0,66.38669767,low,38.32442068,0.289668169,na
Q5BJH7-4,291.0,66.38453608,low,84.39490446,0.678988563,na
Q9H300-2,329.0,66.38024316,low,86.54353562,0.595599537,na
P57721-3,346.0,66.37144509,low,93.26145553,0.534671945,na
Q6ZV89-2,339.0,66.36654867,low,80.14184397,0.599908559,na
O14770-5,302.0,66.36261589,low,63.10272537,0.425940978,na
Q70UQ0-3,70.0,66.35371429,low,18.0,0.290919136,na
Q99704-3,342.0,66.35172515,low,71.1018711,0.363229168,na
Q9NQ94-6,539.0,66.35128015,low,90.74074074,0.399382328,na
Q01543-4,259.0,66.35027027,low,56.4159292,0.382270552,na
Q9UFG5-2,161.0,66.34875776,low,49.72067039,0.377561043,na
Q6UWH4-2,527.0,66.34749526,low,93.76181474,0.68176545,na
O75381-2,334.0,66.3451497,low,88.59416446,0.434478951,na
P25101-3,187.0,66.33684492,low,42.62295082,0.399508443,na
Q8WUX9-2,163.0,66.33656442,low,25.82781457,0.436991685,na
Q6UXI9-6,582.0,66.33587629,low,97.0790378,0.355703037,na
O43581-4,611.0,66.32510638,low,65.79378069,0.603990886,na
Q6UXI9-2,509.0,66.32302554,low,89.55752212,0.314736594,na
Q5JTD0-3,43.0,66.3227907,low,7.719928187,0.233860206,na
Q3KNT9-3,203.0,66.32133005,low,64.86486486,0.706453813,na
Q16629-3,132.0,66.31659091,low,54.20168067,0.511533735,na
Q9H3J6-2,119.0,66.31563025,low,62.04819277,0.299399111,na
Q15697-2,234.0,66.31307692,low,51.19047619,0.358460643,na
Q96A61-2,286.0,66.30541958,low,91.91919192,0.493335018,na
Q6UW88-6,94.0,66.29925532,low,61.03896104,0.313628939,na
Q9Y275-3,164.0,66.29884146,low,56.64335664,0.287016884,na
Q2TBC4-3,384.0,66.28776042,low,88.80208333,0.681750578,na
P25445-5,132.0,66.28363636,low,33.62831858,0.383081612,na
Q13261-5,219.0,66.27342466,low,72.5,0.370739383,na
C9JBD0-2,106.0,66.26783019,low,71.11111111,0.653543553,na
Q8NF99-3,207.0,66.26217391,low,35.58052434,0.359464765,na
P30279-2,209.0,66.26028708,low,49.83606557,0.69654064,na
Q08AF8-2,283.0,66.25696113,low,65.81395349,0.375462614,na
Q8IWD4-2,170.0,66.25223529,low,58.06451613,0.390671209,na
Q8IYV9-3,68.0,66.24823529,low,16.28571429,0.262715223,na
Q9H2X3-5,332.0,66.2435241,low,81.20300752,0.617772909,na
Q16629-2,135.0,66.24259259,low,54.20168067,0.536039257,na
O43768-9,133.0,66.23481203,low,85.40145985,0.260938757,na
Q8IZ96-2,149.0,66.23261745,low,85.79881657,0.675586864,na
Q9NR12-4,287.0,66.22700348,low,43.35378323,0.295076358,na
Q9BY79-2,461.0,66.22368764,low,66.05657238,0.374967796,na
Q6ZUS6-6,402.0,66.21681592,low,84.81012658,0.47442026,na
Q92734-3,284.0,66.2131338,low,69.0,0.325315106,na
O75143-3,405.0,66.20661728,low,74.33460076,0.534235591,na
Q8WWH4-2,466.0,66.20190987,low,98.10526316,0.721440155,na
Q9NZC4-3,322.0,66.19667702,low,93.16770186,0.383401332,na
Q96J42-2,343.0,66.19533528,low,95.27777778,0.776866055,na
Q8WYJ6-2,172.0,66.19284884,low,39.33161954,0.565094076,na
Q8N4V1-2,196.0,66.19005102,low,66.83673469,0.469324839,na
Q6UWF3-3,138.0,66.17978261,low,95.17241379,0.392964417,na
P22415-2,251.0,66.17772908,low,80.96774194,0.559323154,na
Q8N9Z9-2,291.0,66.17646048,low,75.0,0.494200948,na
Q5SZJ8-4,189.0,66.17349206,low,64.87455197,0.413993651,na
Q6P9H5-3,62.0,66.1716129,low,11.98630137,0.20740239,na
Q9NYB9-4,507.0,66.17009862,low,98.83040936,0.566596839,na
P40259-2,125.0,66.1696,low,54.58515284,0.363380884,na
Q9C0E8-2,423.0,66.15524823,low,97.89719626,0.46346357,na
P08174-6,525.0,66.15306667,low,72.38095238,0.663007605,na
Q96GN5-5,408.0,66.14987745,low,89.86784141,0.506775665,na
P11308-2,363.0,66.144573,low,75.782881,0.394504494,na
Q8N4S9-3,546.0,66.14095238,low,97.84946237,0.460347023,na
Q5VXU3-2,204.0,66.13578431,low,91.07142857,0.565086554,na
Q92879-5,468.0,66.13235043,low,96.2962963,0.527217462,na
Q9NW68-8,374.0,66.12927807,low,86.97674419,0.343787875,na
Q96N95-2,210.0,66.12442857,low,56.80473373,0.421964517,na
Q9NUN5-4,188.0,66.12398936,low,29.58257713,0.348531576,na
Q96DX4-2,117.0,66.11811966,low,20.13888889,0.209028357,na
O95256-3,149.0,66.11248322,low,23.20534224,0.364607497,na
Q8IZP0-5,476.0,66.11203782,low,93.7007874,0.399275294,na
Q6V9R5-2,354.0,66.10878531,low,83.09859155,0.642324411,na
Q86VW2-3,619.0,66.10583199,low,87.67772512,0.723032593,na
Q16610-3,170.0,66.10535294,low,29.25925926,0.32302804,na
Q4VC12-2,239.0,66.09125523,low,33.93939394,0.532913484,na
O75319-2,273.0,66.08978022,low,54.20792079,0.549685684,na
Q8TCY5-2,102.0,66.08882353,low,43.18181818,0.305871079,na
Q49AM3-2,285.0,66.08659649,low,54.33526012,0.302393903,na
P19484-2,391.0,66.07810742,low,82.14285714,0.45565575,na
Q5SXH7-1,462.0,66.07287879,low,78.52882704,0.314190538,na
Q8NBN3-2,181.0,66.07093923,low,30.57553957,0.390351405,na
Q6B8I1-5,60.0,66.07016667,low,27.65957447,0.29354865,na
Q96AY2-2,583.0,66.06315609,low,97.77015437,0.622126357,na
Q9Y2W6-3,516.0,66.05879845,low,91.97860963,0.618386817,na
Q16637-3,282.0,66.05588652,low,94.55782313,0.444544057,na
Q8NBJ7-3,339.0,66.05274336,low,63.53887399,0.728784285,na
Q9UHF0-3,103.0,66.0523301,low,84.29752066,0.393147013,na
Q06710-4,321.0,66.04757009,low,58.05084746,0.467709439,na
Q8NCB2-2,473.0,66.04737844,low,94.41117764,0.572976026,na
Q13261-3,234.0,66.04380342,low,87.2659176,0.37861085,na
P16220-3,230.0,66.0386087,low,63.3431085,0.329060839,na
Q8N8F6-4,132.0,66.03674242,low,42.70462633,0.248467405,na
Q13882-2,134.0,66.03440299,low,21.35076253,0.343772208,na
Q9ULZ3-3,135.0,66.03340741,low,69.23076923,0.524870792,na
P02808-2,52.0,66.03,low,83.87096774,0.42931941,na
P60484-3,175.0,66.02634286,low,35.37735849,0.562750454,na
Q9BRK5-3,254.0,66.02566929,low,52.20779221,0.423058451,na
Q6P4E1-5,415.0,66.02279518,low,94.95412844,0.47467722,na
P07492-2,138.0,66.01985507,low,85.13513514,0.385080809,na
O60291-2,576.0,66.01513889,low,93.93414211,0.700246292,na
Q03060-12,270.0,66.01411111,low,68.80222841,0.531571228,na
O60356-2,100.0,66.0072,low,82.0,0.47672463,na
Q11203-18,139.0,66.00395683,low,32.36074271,0.29072269,na
Q16610-4,567.0,66.00388007,low,95.0617284,0.7371608,na
P57077-1,242.0,65.99822314,low,50.6122449,0.60404269,na
Q2T9K0-6,439.0,65.99731207,low,88.06584362,0.567060599,na
P50607-2,561.0,65.99037433,low,88.59180036,0.538270335,na
Q9Y3Y2-4,202.0,65.9860396,low,81.4516129,0.363592413,na
P30307-3,430.0,65.98337209,low,88.58350951,0.511054545,na
Q8N769-3,37.0,65.98243243,low,24.59016393,0.245492312,na
O60936-1,219.0,65.98127854,low,49.6,0.391110658,na
Q13247-2,135.0,65.98111111,low,27.32394366,0.387266231,na
Q9HCS2-2,102.0,65.97647059,low,17.9389313,0.315872108,na
Q7Z5B4-3,187.0,65.97139037,low,50.67750678,0.247522896,na
P51991-2,356.0,65.96974719,low,93.91534392,0.566060788,na
Q8NHP7-3,572.0,65.96784965,low,88.28671329,0.613825861,na
Q8IYU4-2,260.0,65.96753846,low,54.73684211,0.324025508,na
Q9P2K3-3,553.0,65.96647378,low,89.51175407,0.435372754,na
O43914-3,102.0,65.96519608,low,90.26548673,0.441788944,na
O75208-2,135.0,65.95925926,low,40.12539185,0.239672581,na
Q70YC5-4,422.0,65.95547393,low,96.44549763,0.515357106,na
Q0D2I5-7,562.0,65.95366548,low,99.46619217,0.259092699,na
Q9H098-2,306.0,65.95310458,low,42.81045752,0.452107129,na
Q11203-22,101.0,65.95267327,low,23.42105263,0.419165949,na
Q96C92-2,412.0,65.94883495,low,94.71264368,0.525647598,na
O60291-3,554.0,65.94545126,low,90.12131716,0.721794993,na
A6NDY0-4,289.0,65.94186851,low,93.07958478,0.601840488,na
P30307-2,443.0,65.94031603,low,93.65750529,0.535529846,na
Q8NBM4-3,231.0,65.93961039,low,67.15116279,0.357602181,na
Q6P9G9-2,164.0,65.9320122,low,24.29906542,0.345214534,na
Q6IA17-2,504.0,65.91416667,low,69.71428571,0.631986707,na
P55916-3,209.0,65.91258373,low,66.98717949,0.722515189,na
Q00987-7,102.0,65.90215686,low,17.07317073,0.370594372,na
Q9NRQ2-2,224.0,65.90017857,low,68.08510638,0.496240067,na
Q86UF4-2,207.0,65.89782609,low,66.55629139,0.344002092,na
Q9NR56-5,382.0,65.8965445,low,92.5,0.368675273,na
O95319-5,488.0,65.8955123,low,94.53125,0.586623579,na
Q8IXT2-2,224.0,65.89366071,low,48.65591398,0.354302719,na
Q9NX55-3,85.0,65.89129412,low,51.14503817,0.255268196,na
Q9UBK5-2,92.0,65.88891304,low,98.92473118,0.67377502,na
Q8TBK6-2,170.0,65.88435294,low,88.54166667,0.517780402,na
Q6P4D5-2,152.0,65.87888158,low,62.94416244,0.30292803,na
Q01130-2,209.0,65.87545455,low,94.57013575,0.539083234,na
Q14498-2,524.0,65.8728626,low,98.86792453,0.37206684,na
Q15742-2,322.0,65.87236025,low,60.76190476,0.319957799,na
P26436-3,210.0,65.87204762,low,79.24528302,0.498416613,na
O75052-2,211.0,65.86876777,low,37.37957611,0.288345762,na
Q9GZY8-4,218.0,65.86775229,low,63.74269006,0.272110729,na
Q6NXT1-2,161.0,65.86763975,low,34.46153846,0.421487495,na
Q5EBM4-2,146.0,65.86506849,low,85.88235294,0.502331414,na
P18615-4,350.0,65.862,low,92.10526316,0.425596802,na
O43567-2,262.0,65.85885496,low,63.75321337,0.391523057,na
A6NH52-2,188.0,65.85776596,low,80.75117371,0.631841039,na
Q8TCC7-3,110.0,65.85763636,low,12.5,0.379071605,na
Q03060-16,300.0,65.85596667,low,78.67036011,0.450601409,na
Q5RL73-2,376.0,65.8556383,low,89.11917098,0.606438649,na
Q96M27-2,464.0,65.85540948,low,92.55319149,0.464008974,na
Q96ET8-2,164.0,65.83195122,low,54.96453901,0.529860403,na
Q5XKK7-2,113.0,65.83053097,low,53.03030303,0.340855866,na
Q2M3X9-2,575.0,65.83015652,low,98.96729776,0.437225423,na
O43399-3,209.0,65.82779904,low,81.22270742,0.359580286,na
O43521-3,108.0,65.82296296,low,54.54545455,0.321832023,na
P18505-2,87.0,65.8145977,low,12.14574899,0.270356115,na
Q14498-3,508.0,65.81202756,low,95.8490566,0.45129501,na
Q9Y250-5,504.0,65.81146825,low,84.56375839,0.385747683,na
Q96GN5-4,420.0,65.79719048,low,92.51101322,0.608692165,na
Q13610-2,147.0,65.7970068,low,27.23658052,0.196679374,na
Q7L513-6,175.0,65.79405714,low,48.74651811,0.223809208,na
Q9Y6N9-5,899.0,65.7934594,low,59.77777778,0.622717702,na
Q8IZ96-5,122.0,65.79180328,low,69.23076923,0.467258496,na
Q9UHC7-3,412.0,65.79043689,low,78.26086957,0.491969903,na
Q9NW81-5,230.0,65.78943478,low,89.49416342,0.63257136,na
Q9H2X3-8,376.0,65.78904255,low,94.23558897,0.613992383,na
Q11203-26,73.0,65.78232877,low,11.59793814,0.395614978,na
Q6S5H5-2,486.0,65.77530864,low,91.65048544,0.610331765,na
Q9BVC5-2,228.0,65.775,low,70.37037037,0.321963555,na
P61978-3,440.0,65.76890909,low,93.75,0.449020082,na
Q00987-10,436.0,65.76362385,low,88.79837067,0.486149424,na
Q01851-2,335.0,65.74961194,low,79.9522673,0.529144015,na
Q8IZ96-10,65.0,65.74415385,low,27.21893491,0.2561693,na
Q5VX52-4,358.0,65.7372905,low,77.9956427,0.372410576,na
Q9UKT9-16,262.0,65.73587786,low,51.47347741,0.189051608,na
P35659-2,341.0,65.7358651,low,90.93333333,0.44002319,na
Q15583-2,272.0,65.73488971,low,66.83291771,0.365570006,na
Q0D2I5-5,563.0,65.7189698,low,99.28952043,0.302950201,na
Q7Z5M8-4,60.0,65.71216667,low,12.43093923,0.230429686,na
Q13261-10,231.0,65.71116883,low,86.51685393,0.335787111,na
Q9NY12-2,199.0,65.70834171,low,91.70506912,0.560106375,na
P53539-9,148.0,65.68898649,low,43.78698225,0.310447768,na
Q8IZ96-6,116.0,65.68577586,low,68.63905325,0.414250307,na
Q92879-6,485.0,65.68169072,low,99.79423868,0.504425482,na
Q5VZF2-3,361.0,65.68041551,low,96.78284182,0.369316143,na
Q96JY6-2,224.0,65.67790179,low,50.42016807,0.35548241,na
P15692-11,371.0,65.67528302,low,46.11650485,0.476602873,na
O43768-4,140.0,65.67378571,low,81.25,0.266826611,na
P26367-2,436.0,65.67337156,low,96.78899083,0.542692238,na
Q4KMZ1-2,230.0,65.67065217,low,49.35622318,0.260548475,na
Q9Y603-4,286.0,65.66562937,low,83.87096774,0.439991791,na
Q9BT09-2,54.0,65.665,low,18.27956989,0.287825577,na
Q8N8Q8-2,127.0,65.66094488,low,34.83483483,0.241820653,na
O43474-6,63.0,65.64793651,low,9.356725146,0.166317373,na
Q14938-6,433.0,65.64570439,low,83.06772908,0.577423168,na
Q0D2I5-4,562.0,65.64567616,low,99.46619217,0.293309112,na
O75840-6,87.0,65.64287356,low,13.60759494,0.254153702,na
Q9UHK6-2,229.0,65.64087336,low,37.37623762,0.510379833,na
Q05940-2,209.0,65.63669856,low,39.80582524,0.310064097,na
Q5HYL7-4,172.0,65.62732558,low,96.62921348,0.711581711,na
Q6NTF9-2,409.0,65.62657702,low,88.99755501,0.683431169,na
Q8N684-2,462.0,65.6232684,low,98.08917197,0.30821473,na
Q99742-2,234.0,65.62247863,low,33.22033898,0.498729844,na
Q9NWH7-2,472.0,65.61595339,low,96.72131148,0.377790976,na
Q9BZB8-3,561.0,65.61545455,low,98.76325088,0.561541733,na
Q8N3R3-3,70.0,65.60314286,low,12.09677419,0.196800165,na
Q6ZSJ8-2,47.0,65.59021277,low,42.72727273,0.303995359,na
Q8IZP0-6,480.0,65.58729167,low,94.48818898,0.285758067,na
Q8N490-2,142.0,65.58633803,low,21.18226601,0.153121735,na
A0PJE2-3,271.0,65.58273063,low,50.43478261,0.773396286,na
Q14938-3,441.0,65.58090703,low,84.86055777,0.583829777,na
Q5TC79-3,308.0,65.57405844,low,61.23260437,0.429309024,na
Q9C0F1-2,399.0,65.57100251,low,89.95098039,0.402282411,na
Q9H4M3-2,224.0,65.55446429,low,47.01986755,0.563599253,na
P51513-5,483.0,65.54407867,low,95.26627219,0.443040885,na
O95072-2,530.0,65.53558491,low,96.89213894,0.376049773,na
P23443-5,502.0,65.53551793,low,95.61904762,0.680490151,na
O14979-2,301.0,65.53152824,low,71.66666667,0.579149158,na
Q6NZ36-5,170.0,65.52470588,low,90.0,0.349521584,na
Q9BQY9-2,161.0,65.51937888,low,62.16216216,0.224222768,na
P08651-3,430.0,65.51751163,low,81.88976378,0.549851506,na
Q99952-2,353.0,65.50773371,low,76.73913043,0.481228262,na
Q6NXT4-2,501.0,65.50716567,low,92.01596806,0.6834452,na
Q00994-2,101.0,65.49079208,low,90.99099099,0.480938558,na
Q2T9K0-7,438.0,65.47694064,low,88.24742268,0.564623325,na
Q9BUK0-3,68.0,65.47191176,low,26.66666667,0.367466235,na
A6NNP5-3,139.0,65.47165468,low,34.85477178,0.431890483,na
A6NJ78-4,279.0,65.47157706,low,52.28915663,0.594644945,na
Q96S21-2,262.0,65.46950382,low,93.23843416,0.751376834,na
O75781-2,343.0,65.46749271,low,88.63049096,0.369052519,na
O14770-7,381.0,65.45986877,low,77.29166667,0.360240696,na
Q68CL5-5,304.0,65.45967105,low,73.18611987,0.730864568,na
Q96EP5-2,378.0,65.45748677,low,84.92822967,0.446619327,na
Q9H8M2-3,481.0,65.45444906,low,76.56765677,0.297761867,na
Q9UL40-3,262.0,65.45385496,low,89.11564626,0.383350885,na
Q9BWT1-6,406.0,65.44495074,low,91.37931034,0.41943934,na
Q5VXD3-3,92.0,65.44391304,low,47.54098361,0.470934816,na
Q13361-2,163.0,65.42466258,low,94.21965318,0.606768062,na
P08651-6,439.0,65.42230068,low,83.85826772,0.540276372,na
Q14103-4,287.0,65.41972125,low,80.56338028,0.587828052,na
Q9NS61-6,285.0,65.41866667,low,94.38596491,0.656862704,na
Q9NYP7-3,88.0,65.41068182,low,7.738095238,0.265965684,na
Q6UXI9-3,595.0,65.40331092,low,94.95798319,0.3342481,na
Q9NUQ6-2,489.0,65.39014315,low,87.6344086,0.466268974,na
Q96FG2-3,161.0,65.38459627,low,42.25721785,0.265904066,na
Q5FBB7-4,275.0,65.38145455,low,47.77183601,0.299670045,na
Q9HAT1-3,514.0,65.37614786,low,96.57794677,0.44421992,na
Q9Y2W7-2,234.0,65.37217949,low,91.40625,0.52584739,na
Q86VZ6-2,229.0,65.3660262,low,83.26693227,0.341896409,na
O43768-5,117.0,65.35735043,low,82.53968254,0.364115711,na
Q12972-2,209.0,65.35363636,low,59.54415954,0.193282603,na
Q8IZS5-5,135.0,65.35266667,low,50.0,0.315663623,na
Q6UXD7-3,441.0,65.34922902,low,78.75,0.609100447,na
Q6ZT89-3,157.0,65.33828025,low,46.62379421,0.420934915,na
Q8NB59-3,517.0,65.33754352,low,93.15315315,0.620589489,na
Q9NX45-2,225.0,65.33342222,low,50.23364486,0.503307668,na
O75298-3,205.0,65.32926829,low,37.6146789,0.341013743,na
Q9NR11-2,399.0,65.32889724,low,80.9623431,0.585332219,na
Q9UKY7-3,110.0,65.32845455,low,41.47286822,0.195132429,na
P15692-15,371.0,65.32304582,low,44.79418886,0.486039428,na
Q96G74-2,542.0,65.31994465,low,94.92119089,0.534155416,na
Q96S90-2,179.0,65.31005587,low,72.10300429,0.399857914,na
Q92784-5,367.0,65.30901907,low,73.01980198,0.342003631,na
O43521-15,75.0,65.3076,low,35.85858586,0.29118737,na
O95704-3,491.0,65.30262729,low,98.77800407,0.599428594,na
P22736-2,611.0,65.30124386,low,97.87234043,0.776061683,na
Q6UWF3-2,123.0,65.29764228,low,54.70588235,0.360764292,na
Q9UBY9-3,68.0,65.29735294,low,39.41176471,0.21105125,na
Q9H9S3-2,437.0,65.29503432,low,83.70221328,0.801983123,na
Q8IY57-4,117.0,65.28410256,low,32.8042328,0.23835285,na
Q96DZ9-6,125.0,65.27752,low,56.05381166,0.318376978,na
Q99643-2,150.0,65.2762,low,46.5,0.438102,na
Q86U06-4,405.0,65.27479012,low,92.02733485,0.344108197,na
Q02548-2,362.0,65.27270718,low,92.5831202,0.570417508,na
Q3KNS6-3,513.0,65.27216374,low,84.21052632,0.59933442,na
Q9HD42-2,68.0,65.27102941,low,34.69387755,0.303250786,na
Q96HL8-3,246.0,65.26890244,low,71.6374269,0.441423535,na
P35372-17,101.0,65.26821782,low,24.0,0.242807692,na
Q8NDX9-2,146.0,65.26164384,low,72.63681592,0.656418344,na
Q8WY98-2,180.0,65.25777778,low,58.91089109,0.626082831,na
Q96H15-2,350.0,65.25525714,low,92.59259259,0.408075162,na
Q9BQ95-3,217.0,65.25354839,low,50.34802784,0.490346003,na
P08651-5,428.0,65.25247664,low,83.46456693,0.643079377,na
Q5T4F4-4,285.0,65.24792982,low,66.10576923,0.213694132,na
Q9UNE0-2,480.0,65.2465625,low,93.33333333,0.676528967,na
Q96AG3-3,337.0,65.24436202,low,80.62200957,0.644771785,na
P18615-3,387.0,65.24377261,low,98.19121447,0.349251331,na
O00453-7,43.0,65.24372093,low,14.40677966,0.284482661,na
O95319-2,490.0,65.24177551,low,94.16342412,0.567952287,na
Q9NQ94-5,510.0,65.23323529,low,85.85858586,0.605583159,na
Q9NW81-3,191.0,65.23256545,low,53.40501792,0.523974123,na
P55327-4,207.0,65.23251208,low,72.06477733,0.511927558,na
P55327-7,233.0,65.23124464,low,96.13733906,0.608350387,na
Q6W5P4-7,136.0,65.22551471,low,34.77088949,0.351345337,na
Q02548-8,348.0,65.21640805,low,89.00255754,0.47879879,na
Q5TDP6-2,208.0,65.21168269,low,34.73282443,0.401547443,na
Q01543-2,386.0,65.21033679,low,82.53275109,0.607813139,na
P42771-2,105.0,65.2,low,67.30769231,0.615540834,na
Q9UNY5-2,408.0,65.19892157,low,97.84172662,0.437296145,na
P60985-2,85.0,65.19752941,low,85.85858586,0.423874325,na
Q96JY6-4,278.0,65.19446043,low,73.86363636,0.388523117,na
Q9H7X0-4,179.0,65.18424581,low,50.58365759,0.64629061,na
Q9H9P2-3,236.0,65.18254237,low,60.60606061,0.570937414,na
Q6PDA7-4,74.0,65.18067568,low,58.53658537,0.264910398,na
P54315-2,186.0,65.18021505,low,24.21875,0.517539179,na
Q8WV28-2,433.0,65.17762125,low,94.95614035,0.412321441,na
Q96MV8-2,143.0,65.17524476,low,34.98542274,0.413874581,na
Q5JWF2-2,1023.0,65.1743215,low,78.29457364,0.539733791,na
Q8IZ96-8,92.0,65.16586957,low,16.25615764,0.211594756,na
O60936-3,270.0,65.16566667,low,77.03703704,0.360322548,na
P20366-3,114.0,65.16350877,low,88.37209302,0.239862998,na
Q86U06-2,423.0,65.14907801,low,96.12756264,0.36555742,na
Q13352-5,216.0,65.13787037,low,81.01851852,0.508046838,na
Q6ZS10-3,306.0,65.13640523,low,79.36507937,0.332940312,na
Q6UW88-4,103.0,65.13475728,low,66.88311688,0.400738218,na
Q4JDL3-10,206.0,65.12626214,low,49.04761905,0.207226303,na
Q14CW9-2,354.0,65.11963277,low,98.02259887,0.405532945,na
Q9H9S3-3,454.0,65.11030837,low,95.37815126,0.845761534,na
Q92731-8,375.0,65.10493333,low,68.34264432,0.320441641,na
Q16610-2,415.0,65.10310843,low,76.85185185,0.313536725,na
Q9UHR5-2,292.0,65.10136986,low,94.80519481,0.561977391,na
P78545-2,348.0,65.09525862,low,93.80053908,0.423619636,na
Q8IXM6-6,109.0,65.0940367,low,15.96091205,0.253968254,na
Q11203-14,151.0,65.0918543,low,36.0,0.42904438,na
O43236-6,274.0,65.08737226,low,52.30125523,0.417306857,na
P85299-2,287.0,65.08630662,low,72.42268041,0.441231222,na
P0C1Z6-2,244.0,65.08418033,low,96.44268775,0.537400931,na
Q00987-2,296.0,65.08334459,low,60.28513238,0.331598546,na
A8K8V0-2,390.0,65.08141026,low,96.2962963,0.533022094,na
O60759-2,253.0,65.07905138,low,70.4735376,0.450754421,na
Q7L8W6-2,165.0,65.07812121,low,44.19475655,0.605950398,na
O14770-8,388.0,65.07510309,low,78.75,0.604228246,na
Q9UJD0-2,153.0,65.0703268,low,41.88311688,0.181090694,na
Q9GZM7-2,284.0,65.06524648,low,32.24043716,0.540894798,na
Q6X4W1-4,500.0,65.05406,low,94.33962264,0.514839337,na
P61978-2,464.0,65.05314655,low,98.92241379,0.53608978,na
P49023-3,605.0,65.04717355,low,90.06410256,0.570974637,na
Q9HAK2-2,264.0,65.03799242,low,40.77834179,0.33776109,na
Q86W11-3,221.0,65.03633484,low,38.4,0.384547112,na
Q6P4F1-7,92.0,65.03608696,low,16.875,0.347795097,na
Q14938-5,440.0,65.03411364,low,83.66533865,0.561218869,na
Q1HG43-2,483.0,65.03391304,low,69.15113872,0.674091336,na
Q9BRK0-2,254.0,65.03098425,low,99.21259843,0.633050491,na
Q96JC9-2,167.0,65.03047904,low,58.58208955,0.169156763,na
P58340-4,258.0,65.0277907,low,85.86572438,0.552639886,na
Q5VTY9-4,82.0,65.02768293,low,10.68548387,0.270285787,na
Q9UPM6-6,176.0,65.02681818,low,48.48484848,0.328315218,na
Q9H902-3,208.0,65.02548077,low,89.20187793,0.663004653,na
Q9UPM6-3,392.0,65.01780612,low,92.60204082,0.57743781,na
Q9NZU7-1,227.0,65.01268722,low,47.2972973,0.365928543,na
Q6ZS10-2,265.0,65.01196226,low,65.45454545,0.246246812,na
Q6ZVM7-4,240.0,64.99525,low,47.33727811,0.193943082,na
O43541-4,338.0,64.98946746,low,64.27145709,0.382852392,na
O14770-3,394.0,64.98898477,low,80.0,0.578171561,na
Q9NZR4-6,218.0,64.98844037,low,57.80821918,0.250243994,na
O75494-5,165.0,64.98769697,low,55.72519084,0.500683125,na
Q06055-2,198.0,64.98318182,low,71.21212121,0.522764533,na
Q14CB8-4,112.0,64.979375,low,22.67206478,0.254758426,na
Q8IZS5-3,183.0,64.97699454,low,49.03474903,0.404359116,na
Q5T0J7-3,201.0,64.97681592,low,79.39914163,0.462370857,na
Q02509-3,493.0,64.97535497,low,96.55172414,0.446031432,na
A6NNP5-6,141.0,64.97141844,low,34.02489627,0.416210922,na
Q8NEK5-2,545.0,64.9700367,low,97.24770642,0.589338987,na
Q9NW68-9,335.0,64.9658806,low,77.90697674,0.335618836,na
P56537-2,226.0,64.95787611,low,64.28571429,0.767413418,na
Q96ME7-2,490.0,64.95593878,low,86.41975309,0.345708436,na
Q8NFA2-2,375.0,64.93194667,low,99.73404255,0.734015431,na
Q15011-3,232.0,64.92965517,low,59.33503836,0.349132865,na
P43364-2,394.0,64.91809645,low,91.84149184,0.677464974,na
Q6ZVM7-2,457.0,64.91673961,low,90.13806706,0.383870707,na
P35680-4,427.0,64.91309133,low,72.40143369,0.462128987,na
O95684-3,149.0,64.91228188,low,31.95121951,0.221064823,na
Q96HJ5-2,168.0,64.90994048,low,78.5046729,0.467856131,na
Q7M4L6-2,376.0,64.90848404,low,88.88888889,0.331070708,na
Q9Y483-2,262.0,64.89053435,low,44.18212479,0.20459937,na
O75052-3,501.0,64.88828343,low,99.01185771,0.582997173,na
Q7L513-13,192.0,64.8840625,low,46.54255319,0.275450813,na
Q03060-17,221.0,64.8838914,low,56.7867036,0.403526125,na
Q401N2-2,266.0,64.88067669,low,45.05747126,0.451485872,na
P78314-3,589.0,64.87894737,low,95.24617997,0.536583658,na
Q14802-4,96.0,64.8765625,low,61.94690265,0.663600063,na
Q13422-6,289.0,64.87252595,low,55.68400771,0.16890787,na
Q8WV48-3,139.0,64.86179856,low,48.40989399,0.280450019,na
Q70YC5-5,51.0,64.85941176,low,12.53071253,0.175842365,na
Q8WVE7-2,121.0,64.85570248,low,84.02777778,0.367120418,na
Q9BPZ7-6,372.0,64.84043011,low,68.58237548,0.510865931,na
O43914-2,112.0,64.84008929,low,99.11504425,0.570329172,na
Q96P11-3,324.0,64.8258642,low,46.35193133,0.593825268,na
Q7LFL8-2,227.0,64.82568282,low,70.49689441,0.381397112,na
P08174-7,551.0,64.82479129,low,69.14700544,0.660964905,na
Q9HBT8-2,511.0,64.82232877,low,97.88867562,0.609548179,na
Q96J87-2,368.0,64.82002717,low,72.42798354,0.333911173,na
Q5RIA9-3,347.0,64.8143804,low,87.84810127,0.536388155,na
Q5FBB7-3,292.0,64.81400685,low,51.87165775,0.323693453,na
Q9UGQ2-2,130.0,64.81161538,low,75.0,0.36850811,na
Q5HYL7-2,104.0,64.79586538,low,58.42696629,0.482151971,na
O75386-3,170.0,64.79541176,low,32.46753247,0.145813078,na
Q9NWS1-2,498.0,64.78746988,low,86.01036269,0.584655582,na
Q9BPY8-2,94.0,64.78659574,low,57.89473684,0.591067907,na
Q96N06-2,140.0,64.77992857,low,90.71428571,0.207193558,na
Q86X24-3,323.0,64.77854489,low,79.69543147,0.518278705,na
Q9Y421-2,107.0,64.77364486,low,68.42105263,0.442614745,na
Q8N6N3-3,100.0,64.7736,low,49.73262032,0.241958023,na
Q5XKR9-4,112.0,64.76571429,low,71.77419355,0.230317958,na
O75822-2,204.0,64.75745098,low,78.68217054,0.233015422,na
Q9BW71-3,175.0,64.74954286,low,20.34782609,0.291360953,na
P35372-16,128.0,64.7484375,low,23.18501171,0.250653622,na
O43555-2,112.0,64.74651786,low,93.33333333,0.391923952,na
P15391-2,557.0,64.74490126,low,99.82046679,0.608048987,na
Q6X4T0-2,101.0,64.73861386,low,51.1627907,0.312196528,na
Q7LG56-4,66.0,64.7369697,low,14.97175141,0.197239903,na
Q5T0J7-5,212.0,64.73613208,low,85.16949153,0.609334748,na
O43768-3,137.0,64.72613139,low,88.32116788,0.216781184,na
Q6WBX8-4,271.0,64.72553506,low,63.61502347,0.460203072,na
O00559-2,258.0,64.72434109,low,82.55813953,0.363006089,na
Q9NYB9-3,401.0,64.7242394,low,69.06614786,0.289899207,na
Q8IU57-2,491.0,64.72297352,low,94.42307692,0.494561354,na
Q8N5Y2-5,416.0,64.71983173,low,74.7148289,0.350677692,na
Q495B1-6,41.0,64.71439024,low,2.979515829,0.182875168,na
Q5TAQ9-2,273.0,64.71388278,low,41.83333333,0.258942013,na
Q9NP31-4,371.0,64.70929919,low,94.60154242,0.485492924,na
Q9UKS7-8,230.0,64.70452174,low,43.72623574,0.184775503,na
Q86W33-2,239.0,64.70305439,low,56.26666667,0.563657521,na
O14770-2,401.0,64.69793017,low,81.45833333,0.491628335,na
Q9UKS7-5,52.0,64.69730769,low,8.935361217,0.169575419,na
Q9H0Q3-2,112.0,64.69401786,low,55.26315789,0.560960343,na
Q14439-3,514.0,64.68966926,low,96.32495164,0.612967142,na
O75190-2,241.0,64.68929461,low,71.7791411,0.624345284,na
Q9NNX6-2,398.0,64.68821608,low,98.51485149,0.52352193,na
P32314-2,341.0,64.68677419,low,76.33410673,0.309227328,na
O14771-2,301.0,64.68083056,low,58.15450644,0.516581382,na
Q14103-3,306.0,64.68078431,low,85.91549296,0.594040817,na
Q13227-2,303.0,64.67874587,low,91.74311927,0.461579183,na
P58340-2,200.0,64.67585,low,74.62686567,0.378089339,na
Q9UF11-3,224.0,64.66254464,low,92.18106996,0.557179438,na
Q9C0I9-2,468.0,64.66202991,low,86.98113208,0.515696247,na
Q5T6S3-3,130.0,64.66061538,low,21.26929674,0.367383833,na
Q8NDF8-5,698.0,64.6541404,low,81.94842407,0.667293918,na
Q8NCT3-2,507.0,64.6522288,low,88.36772983,0.521927442,na
Q96GF1-2,136.0,64.65176471,low,70.83333333,0.288372539,na
O75475-2,333.0,64.64783784,low,61.35084428,0.337839758,na
Q8TB92-4,53.0,64.64169811,low,10.66666667,0.269822155,na
P62847-4,289.0,64.63224913,low,45.32871972,0.683090816,na
Q9Y241-2,107.0,64.62841121,low,86.91588785,0.541772449,na
O00712-4,471.0,64.62760085,low,87.47346072,0.597756061,na
Q8IXQ4-4,175.0,64.62737143,low,40.17094017,0.283127089,na
Q8WUR7-2,149.0,64.62637584,low,78.26086957,0.501408951,na
Q2I0M4-2,45.0,64.62488889,low,13.17365269,0.225935599,na
H3BTG2-2,134.0,64.62126866,low,65.58441558,0.425142967,na
Q71RG4-2,301.0,64.61803987,low,93.7694704,0.556474107,na
P57768-2,315.0,64.61695238,low,91.56976744,0.360951761,na
Q02548-6,357.0,64.61666667,low,91.30434783,0.528581234,na
Q2VYF4-2,444.0,64.61279279,low,90.42769857,0.72651875,na
Q92879-4,512.0,64.60933594,low,94.54191033,0.4809275,na
Q8WWN9-2,438.0,64.60625571,low,99.7716895,0.485304698,na
Q96T49-2,525.0,64.60539048,low,92.59259259,0.497662815,na
Q9UL40-2,319.0,64.60332288,low,92.1630094,0.470537315,na
Q9H7X0-5,190.0,64.59815789,low,40.61433447,0.535656237,na
P30305-3,539.0,64.59343228,low,92.93103448,0.510417975,na
Q8NCT3-3,469.0,64.59221748,low,88.65384615,0.573306505,na
P17947-2,271.0,64.59059041,low,99.63099631,0.492338765,na
Q96K19-3,200.0,64.5872,low,53.90334572,0.293808792,na
Q96CS7-2,309.0,64.57705502,low,47.72036474,0.488542686,na
Q5TBE3-2,95.0,64.56610526,low,76.36363636,0.530008204,na
Q9BQ16-8,393.0,64.56122137,low,89.90825688,0.282711811,na
Q9H902-4,143.0,64.55657343,low,41.46341463,0.355633358,na
O14893-4,44.0,64.55318182,low,11.07142857,0.197905736,na
Q96GN5-2,453.0,64.54770419,low,99.77973568,0.501496089,na
Q96CJ1-2,130.0,64.52615385,low,50.0,0.174809137,na
Q8N6U8-3,397.0,64.50926952,low,75.04725898,0.485034593,na
O43399-4,200.0,64.50345,low,84.54545455,0.373032125,na
Q9UBU3-2,116.0,64.4987069,low,99.14529915,0.703088112,na
Q99909-2,170.0,64.49758824,low,78.89447236,0.448341922,na
P56179-3,293.0,64.49177474,low,59.72696246,0.382813936,na
P42167-2,345.0,64.49153623,low,75.99118943,0.229751667,na
Q6ZN18-3,301.0,64.47495017,low,56.84007707,0.343587049,na
P0CAP2-3,363.0,64.47286501,low,86.05263158,0.306425726,na
Q9BZE9-2,647.0,64.46581144,low,85.47140649,0.71200936,na
P15692-18,317.0,64.4644795,low,32.2815534,0.410244352,na
Q96FE7-3,106.0,64.4540566,low,40.30418251,0.370722295,na
P14921-5,272.0,64.45220588,low,59.41043084,0.315630737,na
Q9NP87-3,508.0,64.44893701,low,61.34453782,0.49428933,na
Q96GQ5-2,206.0,64.44796117,low,28.91566265,0.519359515,na
O43399-7,229.0,64.44786026,low,89.95633188,0.343279927,na
Q13118-3,91.0,64.44538462,low,16.45833333,0.227186245,na
Q15583-3,286.0,64.44520979,low,67.33167082,0.367162954,na
Q9BX59-5,254.0,64.43051181,low,54.27350427,0.524108263,na
Q15417-3,283.0,64.42883392,low,86.01823708,0.282184176,na
Q96HH9-4,416.0,64.42444712,low,94.67592593,0.413178369,na
O43521-18,103.0,64.41543689,low,52.02020202,0.238540972,na
Q8N5Y2-2,462.0,64.41454545,low,88.29174664,0.585884437,na
Q15287-3,268.0,64.39630597,low,87.54098361,0.648168368,na
Q14592-2,521.0,64.39618042,low,92.70462633,0.555776919,na
O95214-2,169.0,64.39142012,low,52.68817204,0.454307837,na
Q13506-2,458.0,64.38554585,low,94.04517454,0.403618731,na
Q8NFA2-4,370.0,64.3812973,low,98.40425532,0.834240349,na
Q00613-2,489.0,64.37936605,low,86.48148148,0.404306674,na
Q14781-2,211.0,64.37890995,low,23.74768089,0.263660808,na
Q6NZ36-4,195.0,64.37702564,low,92.30769231,0.727454344,na
Q8N7B6-3,123.0,64.37439024,low,49.59677419,0.26637608,na
Q96K19-4,162.0,64.37419753,low,51.34099617,0.344202836,na
Q6ZWJ1-2,245.0,64.37334694,low,42.65232975,0.235213281,na
Q03060-31,299.0,64.37220736,low,74.79224377,0.341597979,na
Q8NCR6-3,111.0,64.36477477,low,20.77464789,0.196812035,na
Q8NFA2-3,371.0,64.3590027,low,98.67021277,0.635223015,na
P15692-12,327.0,64.35574924,low,34.5410628,0.45829567,na
Q9BUF7-2,123.0,64.35268293,low,82.8125,0.571167699,na
Q330K2-3,121.0,64.34958678,low,30.38348083,0.248583431,na
Q9UBU3-6,91.0,64.34901099,low,68.37606838,0.300081127,na
Q6H9L7-4,76.0,64.34842105,low,8.658743633,0.261583819,na
Q15742-3,461.0,64.32780911,low,87.80952381,0.446873007,na
Q6P1Q0-6,99.0,64.32707071,low,25.06811989,0.284603223,na
Q96G74-3,561.0,64.32368984,low,97.72329247,0.486762375,na
Q16630-2,588.0,64.31880952,low,93.70748299,0.358868815,na
Q5SXH7-2,448.0,64.31792411,low,80.77709611,0.37103486,na
Q8N8Q1-4,128.0,64.31125,low,25.59055118,0.242176234,na
Q15041-2,174.0,64.30982759,low,85.71428571,0.730634942,na
Q8NA72-3,550.0,64.30581818,low,95.13043478,0.536851408,na
O14593-2,223.0,64.30183857,low,85.38461538,0.497075804,na
Q9H019-2,205.0,64.29921951,low,56.84931507,0.413303028,na
Q9BQI9-2,270.0,64.29866667,low,96.08540925,0.518851077,na
Q15544-2,154.0,64.29746753,low,63.72093023,0.252620591,na
Q96B96-2,185.0,64.29221622,low,87.02702703,0.324163319,na
Q8NFH5-2,309.0,64.28304207,low,94.78527607,0.48365166,na
O76090-3,604.0,64.27516556,low,78.46385542,0.584413718,na
P15692-17,354.0,64.27274011,low,41.74757282,0.500087367,na
Q9GZY8-5,238.0,64.2657563,low,69.59064327,0.237698325,na
O94864-2,412.0,64.26201456,low,99.03381643,0.600870099,na
Q9BSG5-2,261.0,64.26164751,low,87.7394636,0.616060825,na
P15692-16,389.0,64.26151671,low,50.72815534,0.465580286,na
Q08495-4,365.0,64.2609863,low,90.12345679,0.331590392,na
Q03060-21,285.0,64.25708772,low,70.91412742,0.286568066,na
Q01113-2,500.0,64.25306,low,95.96928983,0.52993891,na
Q03060-22,282.0,64.2479078,low,72.1448468,0.463678161,na
Q96LI6-2,203.0,64.24591133,low,44.38902743,0.397200425,na
P29558-2,403.0,64.24466501,low,99.26108374,0.500385417,na
Q9H8M2-1,501.0,64.23493014,low,74.12140575,0.295101248,na
Q8IX90-3,388.0,64.23417526,low,89.0736342,0.35703834,na
Q5JUW0-3,98.0,64.23336735,low,46.7032967,0.40430958,na
Q92731-7,439.0,64.23072893,low,82.83018868,0.483219508,na
O60224-2,153.0,64.23065359,low,57.00483092,0.475849333,na
Q13422-8,226.0,64.23039823,low,42.38921002,0.313451968,na
Q96HH9-3,447.0,64.22404922,low,92.17002237,0.531242582,na
Q13261-4,252.0,64.22305556,low,84.64285714,0.518172788,na
P01011-3,95.0,64.21231579,low,17.68867925,0.250622498,na
O75438-2,105.0,64.20990476,low,55.23809524,0.512699939,na
Q96FT9-4,113.0,64.20955752,low,39.81900452,0.21551413,na
Q08495-3,358.0,64.20935754,low,88.39506173,0.219974711,na
Q8N690-3,43.0,64.20767442,low,28.57142857,0.368489643,na
Q9UBU3-5,66.0,64.20606061,low,38.46153846,0.325218108,na
Q9NYK6-3,296.0,64.19391892,low,99.66329966,0.356405376,na
Q96KR7-2,518.0,64.18608108,low,92.66547406,0.397179755,na
Q08117-2,264.0,64.17189394,low,71.59090909,0.523806202,na
Q8IUX1-3,110.0,64.17154545,low,44.7826087,0.418085443,na
Q96NX9-3,380.0,64.17,low,63.43906511,0.383504302,na
Q8N0W5-2,189.0,64.16634921,low,54.51505017,0.248130049,na
O75030-11,357.0,64.16521008,low,65.53672316,0.359205942,na
Q6XE24-5,421.0,64.15736342,low,96.33867277,0.464220088,na
Q14847-3,205.0,64.15356098,low,68.65671642,0.311140699,na
Q12857-2,498.0,64.14578313,low,93.38521401,0.593421492,na
Q8NHW4-10,103.0,64.14339806,low,58.92857143,0.431317339,na
O75909-4,600.0,64.13906667,low,96.66666667,0.54502199,na
P57723-2,360.0,64.13861111,low,89.33002481,0.336002365,na
Q6ZS27-3,452.0,64.13035398,low,80.28747433,0.491301416,na
Q86XK3-2,307.0,64.12514658,low,78.50162866,0.452362122,na
Q8WY98-4,96.0,64.12416667,low,49.3902439,0.449463347,na
Q9Y3C1-3,232.0,64.11857759,low,55.24193548,0.57778202,na
A1Z1Q3-6,98.0,64.11489796,low,16.77852349,0.149971146,na
P15408-3,287.0,64.11400697,low,88.03680982,0.510043307,na
Q9NQC8-2,355.0,64.11233803,low,85.63380282,0.544637881,na
Q07812-3,41.0,64.10926829,low,10.1010101,0.184448782,na
Q14201-2,296.0,64.10155405,low,85.13513514,0.484393869,na
Q96K30-2,177.0,64.08723164,low,61.33828996,0.288348902,na
Q6XE24-4,420.0,64.085,low,96.10983982,0.505992868,na
Q6UWV2-3,108.0,64.08444444,low,34.14634146,0.41599165,na
Q92529-2,471.0,64.08106157,low,75.92592593,0.499422948,na
Q96AH0-2,124.0,64.06814516,low,60.78431373,0.280700199,na
Q5TID7-2,418.0,64.06370813,low,79.60784314,0.235276001,na
A6NK97-2,347.0,64.0610951,low,38.86178862,0.515836746,na
Q9NVS9-2,69.0,64.05608696,low,17.94871795,0.180170662,na
Q96J86-3,132.0,64.05530303,low,72.95597484,0.484946222,na
Q14714-2,132.0,64.05386364,low,54.32098765,0.407987462,na
Q9UBW5-3,539.0,64.05330241,low,95.22123894,0.485775659,na
Q96Q45-2,400.0,64.035225,low,96.56862745,0.607214075,na
Q9NZR4-5,280.0,64.03332143,low,72.97297297,0.397654698,na
Q8WXS3-6,54.0,64.03055556,low,37.24137931,0.247584724,na
Q9Y5U2-2,265.0,64.03003774,low,78.72340426,0.194492582,na
P14316-2,347.0,64.02518732,low,99.4269341,0.612173793,na
Q86UC2-2,464.0,64.02459052,low,82.85714286,0.30338956,na
P78317-2,113.0,64.02035398,low,38.7254902,0.149773923,na
Q86UT5-4,386.0,64.01603627,low,62.47848537,0.565356943,na
Q8N4P6-2,354.0,64.01282486,low,53.76712329,0.523073095,na
Q96G74-5,566.0,64.0119788,low,99.12434326,0.463939334,na
Q9P2T0-2,355.0,64.00935211,low,93.66754617,0.18588909,na
Q96Q40-6,345.0,64.00631884,low,70.3539823,0.4279607,na
Q9C0E8-4,459.0,64.00339869,low,93.24618736,0.399815438,na
P52943-2,282.0,64.0006383,low,69.14893617,0.429003383,na
Q719I0-2,146.0,63.99952055,low,47.4916388,0.49120693,na
Q7Z7D3-3,87.0,63.99563218,low,12.98701299,0.286101863,na
Q9Y548-2,123.0,63.98747967,low,40.19607843,0.326434964,na
Q9NP61-2,472.0,63.95697034,low,91.47286822,0.283715766,na
Q6P5S7-2,134.0,63.95007463,low,54.90196078,0.639499573,na
P15692-13,395.0,63.94526582,low,52.18446602,0.457620928,na
O95319-4,509.0,63.94092338,low,95.36679537,0.572812354,na
Q9NY56-4,228.0,63.93074561,low,56.43153527,0.695389394,na
P05408-2,211.0,63.92336493,low,99.52830189,0.313605078,na
Q03060-20,286.0,63.91384615,low,74.79224377,0.323164371,na
O95704-4,493.0,63.91298174,low,98.5801217,0.611584454,na
Q9BYE2-4,491.0,63.91095723,low,70.87378641,0.468031966,na
Q16378-2,65.0,63.91,low,30.65693431,0.28579316,na
Q96EN9-2,190.0,63.90784211,low,54.50643777,0.485172034,na
Q496M5-2,299.0,63.90742475,low,88.98809524,0.56568509,na
Q71RG4-4,94.0,63.90319149,low,27.16049383,0.228634727,na
Q969K4-4,405.0,63.90145679,low,52.63157895,0.469397185,na
Q11203-11,121.0,63.89495868,low,27.46666667,0.386245912,na
Q96PE5-3,118.0,63.89483051,low,82.9787234,0.532412945,na
P54727-2,337.0,63.88946588,low,82.39608802,0.286117222,na
Q99729-2,332.0,63.88466867,low,97.2972973,0.620714888,na
P14317-2,209.0,63.87851675,low,31.30081301,0.238408627,na
P49116-2,615.0,63.87577236,low,96.91056911,0.585552505,na
Q5TDP6-3,118.0,63.87457627,low,13.52941176,0.158842922,na
P07492-3,141.0,63.87177305,low,95.27027027,0.386756391,na
Q96A46-3,176.0,63.86346591,low,47.8021978,0.408533952,na
P55327-5,238.0,63.85672269,low,93.69747899,0.402113342,na
Q15056-2,228.0,63.85548246,low,91.93548387,0.556982333,na
Q15651-2,77.0,63.84571429,low,77.77777778,0.321802729,na
Q8WV48-2,155.0,63.83541935,low,50.88339223,0.294139817,na
Q9BUV8-4,87.0,63.83494253,low,58.39416058,0.343854535,na
Q8N108-19,370.0,63.82372973,low,66.73040153,0.486125432,na
Q9UGN4-2,186.0,63.82306452,low,62.20735786,0.255400091,na
Q8NDD1-7,166.0,63.82222892,low,50.99337748,0.192141985,na
Q12901-2,549.0,63.81930783,low,97.0856102,0.59570473,na
O96017-3,162.0,63.81388889,low,29.83425414,0.156237666,na
Q6W5P4-9,94.0,63.81329787,low,25.06738544,0.332053251,na
Q8IVM0-2,482.0,63.80746888,low,63.48547718,0.395419291,na
Q01543-3,419.0,63.80350835,low,92.69911504,0.602777019,na
Q9Y215-7,281.0,63.80106762,low,60.0,0.174449901,na
Q04941-2,145.0,63.79806897,low,75.1552795,0.558287236,na
O95319-3,521.0,63.78863724,low,93.20754717,0.590955702,na
Q14135-5,206.0,63.78582524,low,70.68965517,0.402673391,na
O14770-6,306.0,63.78133987,low,61.45833333,0.506898019,na
Q9BUN5-3,241.0,63.76763485,low,76.85950413,0.522139616,na
Q15853-3,279.0,63.76265233,low,80.63583815,0.529161401,na
Q9H1J1-3,151.0,63.76145695,low,31.72268908,0.214654571,na
P16989-2,303.0,63.75485149,low,81.4516129,0.383856608,na
Q8NE31-5,501.0,63.75409182,low,85.64102564,0.236604859,na
Q96N21-2,441.0,63.7522449,low,62.9005059,0.300420651,na
O95297-5,119.0,63.7512605,low,44.23791822,0.459158558,na
Q8NFV4-5,145.0,63.7397931,low,38.99371069,0.466412999,na
Q14938-2,460.0,63.73865217,low,91.63346614,0.563169749,na
O75674-3,399.0,63.7360401,low,83.82352941,0.364830903,na
K7EIQ3-2,68.0,63.72147059,low,40.95238095,0.225541447,na
Q9BQE9-2,142.0,63.71774648,low,55.14018692,0.226177958,na
Q96M27-4,311.0,63.71623794,low,69.66292135,0.23949771,na
Q15287-2,282.0,63.71010638,low,92.13114754,0.57702741,na
Q6X4W1-6,505.0,63.67980198,low,95.28301887,0.517093322,na
Q9H171-5,149.0,63.65979866,low,22.37442922,0.354485336,na
Q6IQ49-2,439.0,63.65936219,low,97.33924612,0.616319685,na
Q8NG50-11,143.0,63.65566434,low,46.39175258,0.547855176,na
Q53TN4-2,157.0,63.65401274,low,26.51006711,0.401593813,na
Q11203-12,155.0,63.65348387,low,36.87002653,0.36357743,na
O95704-2,484.0,63.65270661,low,99.58847737,0.637508503,na
Q9Y215-5,446.0,63.64764574,low,98.02197802,0.242229748,na
Q96JY0-3,156.0,63.64602564,low,35.25345622,0.180840356,na
Q53S99-2,96.0,63.6278125,low,45.22292994,0.315687275,na
Q9NUI1-2,211.0,63.62412322,low,30.68783069,0.580549037,na
P16410-4,79.0,63.62177215,low,26.38297872,0.279210421,na
Q8N6H7-2,414.0,63.61275362,low,79.46257198,0.282964248,na
Q13398-2,555.0,63.58663063,low,81.65584416,0.572729943,na
Q9GZY8-3,243.0,63.58469136,low,71.05263158,0.239338423,na
P11912-2,188.0,63.5837766,low,82.74336283,0.313963807,na
P49918-2,305.0,63.57668852,low,96.51898734,0.434469551,na
O75494-4,173.0,63.56491329,low,63.74045802,0.57930862,na
Q11203-9,115.0,63.56278261,low,27.73333333,0.319553885,na
P23760-7,484.0,63.55960744,low,97.53593429,0.619469121,na
Q96AQ7-3,129.0,63.55263566,low,33.46938776,0.31264884,na
Q9NP31-3,361.0,63.53908587,low,92.80205656,0.426513332,na
Q86SG4-3,150.0,63.53893333,low,87.20930233,0.352896482,na
Q99593-3,468.0,63.5357265,low,90.34749035,0.46787955,na
A0PK05-2,157.0,63.53426752,low,57.09090909,0.199454403,na
O75554-2,355.0,63.53329577,low,94.41489362,0.344514705,na
P02724-3,117.0,63.53094017,low,78.0,0.398267186,na
Q7Z7G1-2,169.0,63.53023669,low,39.25233645,0.157568248,na
P78314-4,618.0,63.52956311,low,90.77669903,0.536479096,na
Q12857-3,501.0,63.52914172,low,98.23182711,0.576959059,na
Q9Y215-3,421.0,63.52700713,low,92.52747253,0.206016957,na
P35240-10,220.0,63.52268182,low,30.18242123,0.409482035,na
P26436-2,246.0,63.51487805,low,92.83018868,0.529950966,na
O75494-3,183.0,63.51387978,low,64.1221374,0.598479043,na
B9A064-2,84.0,63.51333333,low,34.57943925,0.254524135,na
O75394-2,54.0,63.51333333,low,32.0,0.283415347,na
Q14439-2,470.0,63.50482979,low,89.32038835,0.620271101,na
Q8NE31-4,502.0,63.50003984,low,85.81196581,0.250053922,na
Q9NW68-4,353.0,63.49793201,low,69.14660832,0.371680853,na
Q8N6N3-2,167.0,63.48862275,low,87.91208791,0.287565626,na
Q49A92-3,287.0,63.48818815,low,52.41635688,0.426790907,na
P23760-6,483.0,63.48271222,low,97.33059548,0.574854577,na
Q5XKR9-3,116.0,63.48112069,low,76.0,0.308220421,na
Q6XE24-3,419.0,63.47821002,low,95.88100686,0.46497853,na
Q02962-4,396.0,63.47025253,low,80.77803204,0.506335892,na
Q9GZY8-2,291.0,63.46621993,low,85.0877193,0.257588625,na
Q9H6Z4-3,499.0,63.45795591,low,88.00705467,0.452798054,na
Q9Y5R6-3,175.0,63.4576,low,32.4120603,0.254521961,na
P11836-2,130.0,63.45092308,low,43.77104377,0.190944162,na
Q9NPI0-3,177.0,63.4420904,low,71.73913043,0.541449892,na
Q8N6W0-2,409.0,63.44163814,low,75.14910537,0.483845374,na
Q8N8G2-2,143.0,63.43230769,low,41.32492114,0.265615585,na
Q9UD71-2,168.0,63.43065476,low,82.35294118,0.34262143,na
Q12972-3,127.0,63.41251969,low,36.18233618,0.209572931,na
Q9Y6I3-3,550.0,63.40930909,low,95.48611111,0.447784033,na
Q08495-2,383.0,63.40890339,low,94.56790123,0.235581964,na
Q99871-2,427.0,63.40454333,low,86.18266979,0.381607602,na
Q6PB30-2,73.0,63.39287671,low,75.94936709,0.498805638,na
Q9UBR5-2,99.0,63.38858586,low,65.13157895,0.483586619,na
Q9C0E8-3,305.0,63.3875082,low,71.26168224,0.258312369,na
Q1HG44-2,121.0,63.38669421,low,19.58456973,0.18514405,na
Q53FD0-2,275.0,63.38629091,low,60.30701754,0.29606605,na
Q76EJ3-2,249.0,63.37763052,low,73.88724036,0.545106694,na
Q13398-6,544.0,63.37068015,low,96.45390071,0.662882327,na
Q8N5Y2-3,509.0,63.35721022,low,92.62759924,0.536638027,na
Q9NQV5-2,477.0,63.35687631,low,93.34637965,0.473087961,na
Q9HB65-2,351.0,63.34578348,low,86.39798489,0.419484623,na
Q6ZV65-2,295.0,63.3399661,low,63.23529412,0.329665078,na
Q8IXM2-2,138.0,63.33934783,low,80.23255814,0.229771093,na
Q9BWT1-4,207.0,63.33710145,low,41.60401003,0.192468054,na
Q9NPF0-2,240.0,63.33204167,low,85.10638298,0.254806393,na
Q8TAC9-3,164.0,63.33073171,low,58.43621399,0.391897921,na
Q6X4W1-3,507.0,63.32938856,low,95.66037736,0.443632904,na
Q86X24-4,314.0,63.32847134,low,77.41116751,0.534167174,na
Q96LR9-2,248.0,63.32737903,low,88.53046595,0.770807747,na
Q06547-4,348.0,63.32623563,low,85.06329114,0.483844234,na
Q8N108-16,433.0,63.32316397,low,78.77629063,0.593051126,na
Q5FBB7-2,309.0,63.32255663,low,54.90196078,0.345198508,na
P03372-2,483.0,63.31966874,low,81.17647059,0.476291429,na
Q14135-6,210.0,63.31733333,low,71.03448276,0.389748667,na
Q96FT9-2,213.0,63.31469484,low,85.98130841,0.390517081,na
P30304-2,484.0,63.31068182,low,92.36641221,0.478649219,na
P30926-2,231.0,63.30852814,low,26.64165103,0.333761313,na
Q86V59-2,378.0,63.29544974,low,83.29571106,0.545484306,na
Q96JY6-3,366.0,63.2945082,low,88.29787234,0.387899844,na
Q9UKX7-2,440.0,63.28815909,low,94.01709402,0.58548794,na
Q6PCB0-3,64.0,63.2878125,low,7.726269316,0.209108335,na
Q7Z309-5,170.0,63.28570588,low,56.48854962,0.245779928,na
Q6MZQ0-2,139.0,63.28323741,low,35.67567568,0.16228246,na
Q6PDA7-3,82.0,63.27902439,low,58.87096774,0.240476402,na
Q9BWT1-3,321.0,63.26535826,low,86.52291105,0.250497595,na
Q8WYN3-2,526.0,63.26144487,low,86.24161074,0.51436271,na
Q8NBL3-2,111.0,63.25468468,low,26.84563758,0.30922426,na
O00257-3,290.0,63.2457931,low,51.78571429,0.308415001,na
P30305-2,566.0,63.23770318,low,97.5862069,0.44246981,na
O43581-3,686.0,63.23110787,low,58.60058309,0.535858174,na
Q7Z4U5-3,131.0,63.23007634,low,67.10526316,0.284778632,na
P09603-2,438.0,63.22285388,low,79.06137184,0.554863091,na
Q9BQE9-4,145.0,63.21455172,low,71.78217822,0.377122621,na
Q9H930-1,438.0,63.20949772,low,75.51724138,0.370482152,na
Q86Y33-3,477.0,63.20398323,low,91.90751445,0.629389479,na
Q8TAP4-2,167.0,63.20227545,low,77.97619048,0.438939737,na
O95760-2,228.0,63.20109649,low,84.44444444,0.621129294,na
Q8NB59-5,581.0,63.1992599,low,95.35283993,0.514404732,na
Q9NUK0-5,258.0,63.19403101,low,72.88135593,0.336904074,na
Q8IUD6-3,286.0,63.19027972,low,52.63157895,0.370380731,na
Q9BXH1-2,131.0,63.18167939,low,56.99481865,0.443513541,na
P52952-3,112.0,63.17758929,low,34.25925926,0.195322897,na
Q9NWK9-2,431.0,63.16324826,low,91.70212766,0.593344127,na
Q04900-2,189.0,63.16275132,low,89.0,0.336116198,na
Q5SSJ5-5,133.0,63.15015038,low,20.95914742,0.172386407,na
Q9UGN4-4,150.0,63.1494,low,50.16722408,0.22507687,na
Q9BSD3-2,224.0,63.13928571,low,94.11764706,0.31563783,na
Q9UIL1-4,131.0,63.13145038,low,82.38993711,0.413236804,na
Q9NZR4-7,236.0,63.12741525,low,57.25806452,0.248880581,na
Q8TDX7-2,119.0,63.12436975,low,23.75,0.398719517,na
P51858-2,233.0,63.12124464,low,87.75510204,0.399975396,na
Q9C0I9-4,383.0,63.11550914,low,67.85046729,0.370591185,na
Q9H1Q7-2,403.0,63.11531017,low,88.76651982,0.656998048,na
Q6UYE1-2,160.0,63.1135,low,70.13574661,0.390754535,na
O75494-6,182.0,63.11164835,low,63.74045802,0.555043666,na
P15336-3,209.0,63.11114833,low,41.38613861,0.189752188,na
Q8IYB5-3,436.0,63.10644495,low,85.23206751,0.417560002,na
O43464-2,361.0,63.10573407,low,78.8209607,0.35296669,na
Q8NB59-6,574.0,63.10503484,low,96.68989547,0.501944391,na
P53539-7,252.0,63.10063492,low,74.55621302,0.412712242,na
Q6UX71-3,151.0,63.09854305,low,28.54442344,0.244001589,na
Q9NUK0-4,292.0,63.09383562,low,80.50847458,0.451950336,na
O15504-2,224.0,63.09058036,low,47.91666667,0.435788168,na
O14836-2,247.0,63.09032389,low,84.3003413,0.341913807,na
P62995-3,188.0,63.08898936,low,65.27777778,0.547455188,na
Q15041-3,151.0,63.08331126,low,74.38423645,0.412252201,na
Q96HZ4-2,214.0,63.07901869,low,39.85765125,0.31769123,na
Q86U06-3,319.0,63.06899687,low,71.29840547,0.423553754,na
Q92731-3,323.0,63.06693498,low,60.0,0.300667384,na
Q86SG4-2,163.0,63.06582822,low,93.60465116,0.365842399,na
Q9Y215-4,451.0,63.06396896,low,99.12087912,0.259919539,na
Q9NUK0-3,304.0,63.061875,low,83.89830508,0.438537983,na
Q13425-2,267.0,63.05876404,low,49.07407407,0.308115804,na
Q99504-3,536.0,63.05837687,low,83.58208955,0.651132854,na
Q8N9W6-4,289.0,63.05411765,low,97.92387543,0.490059884,na
Q9H3Y8-2,70.0,63.04614286,low,59.64912281,0.415297786,na
Q96HR8-2,389.0,63.04439589,low,70.6,0.471487645,na
P98153-2,509.0,63.0413556,low,92.54545455,0.346607809,na
Q9NVV9-2,53.0,63.0354717,low,12.17391304,0.343559074,na
O43474-5,118.0,63.02957627,low,11.17424242,0.138187789,na
Q8N6I4-3,169.0,63.02710059,low,96.44970414,0.507601541,na
Q70Z44-3,233.0,63.02665236,low,48.80174292,0.468074373,na
Q9BZC1-5,448.0,63.02037946,low,91.97530864,0.497033267,na
Q96MX0-2,59.0,63.0179661,low,25.82417582,0.248078058,na
O95758-2,547.0,63.01369287,low,83.33333333,0.478579175,na
Q00987-11,497.0,63.01197183,low,98.79275654,0.311086342,na
Q6WN34-2,451.0,63.0054102,low,82.40343348,0.256107749,na
Q8N5H3-4,154.0,63.00422078,low,55.95854922,0.340171722,na
Q4JDL3-12,198.0,63.00146465,low,37.70491803,0.292965805,na
Q8TF68-3,461.0,62.99885033,low,79.89601386,0.457430213,na
P01100-2,266.0,62.99778195,low,70.0,0.361027317,na
O14836-3,176.0,62.99767045,low,48.56230032,0.401616775,na
Q9Y215-6,291.0,62.99068729,low,54.17558887,0.209238509,na
Q8N684-3,514.0,62.9885214,low,91.63424125,0.320196913,na
Q2VYF4-3,396.0,62.98209596,low,80.65173116,0.457060952,na
P08620-2,118.0,62.97483051,low,55.82524272,0.228677119,na
Q9UKA8-4,115.0,62.97478261,low,32.37704918,0.237961239,na
O75631-2,166.0,62.97415663,low,57.4912892,0.342941656,na
Q13501-2,356.0,62.96595506,low,80.90909091,0.289199111,na
Q66K41-2,174.0,62.96586207,low,41.23222749,0.175713761,na
Q96AW1-4,155.0,62.96341935,low,89.53488372,0.367126666,na
P15336-6,126.0,62.96206349,low,22.44094488,0.198943957,na
Q9BXS6-6,426.0,62.95922535,low,96.59863946,0.287176058,na
A5D8T8-2,106.0,62.95113208,low,18.52678571,0.350174576,na
Q9NSK7-3,107.0,62.94364486,low,62.02531646,0.282186745,na
Q9BWT1-2,450.0,62.93815556,low,82.44444444,0.404893313,na
P23560-4,329.0,62.93738602,low,75.07598784,0.597469067,na
Q9UKT9-10,366.0,62.9363388,low,71.90569745,0.214178372,na
Q96PM9-2,285.0,62.93207018,low,73.83419689,0.297582276,na
Q8N365-2,123.0,62.92943089,low,31.68831169,0.159584223,na
Q8NCR9-2,158.0,62.92474684,low,66.37168142,0.537931236,na
Q9BXJ8-2,322.0,62.92285714,low,56.69291339,0.377780059,na
Q9BY77-2,392.0,62.91446429,low,93.11163895,0.348876517,na
O76021-2,270.0,62.91118519,low,55.10204082,0.229090441,na
P29972-3,218.0,62.91009174,low,57.76173285,0.670141877,na
Q14802-2,113.0,62.8940708,low,76.99115044,0.484254801,na
Q9UHF4-3,504.0,62.89349206,low,91.13924051,0.530383827,na
P84157-3,177.0,62.89299435,low,81.95121951,0.287632852,na
Q9NRH1-2,206.0,62.89179612,low,43.93305439,0.345178176,na
Q9BXS6-4,425.0,62.88988235,low,96.37188209,0.286622638,na
O75475-3,329.0,62.87966565,low,61.32075472,0.291120931,na
Q13118-4,123.0,62.87837398,low,17.33067729,0.234244759,na
Q9Y4X0-3,296.0,62.87209459,low,88.88888889,0.597390267,na
Q14247-3,513.0,62.86405458,low,93.27272727,0.229193906,na
Q9NPH6-3,85.0,62.86329412,low,15.81632653,0.169810861,na
Q6ZN11-2,374.0,62.86229947,low,89.408867,0.45483550699999997,na
Q8N5M4-2,215.0,62.86153488,low,25.98684211,0.413399939,na
Q9UKT9-11,327.0,62.85859327,low,64.24361493,0.185496601,na
Q8NHS9-2,320.0,62.8561875,low,88.15426997,0.506139029,na
Q96AW1-3,169.0,62.83857988,low,91.27906977,0.372966912,na
Q5XKR9-6,114.0,62.83587719,low,68.21705426,0.238756151,na
O14948-2,318.0,62.82965409,low,91.6426513,0.422722148,na
Q96AW1-2,163.0,62.8209816,low,91.86046512,0.37468607,na
Q96NZ9-4,142.0,62.81943662,low,94.0397351,0.295020463,na
Q8IVW6-3,435.0,62.81749425,low,66.72325976,0.366074876,na
Q9UIG5-2,101.0,62.80613861,low,63.81578947,0.596371671,na
Q8N9Z9-3,325.0,62.80513846,low,79.89690722,0.431595653,na
Q8N4S9-2,457.0,62.7966302,low,78.49462366,0.504895222,na
Q6P6B1-2,56.0,62.78839286,low,10.16042781,0.241722626,na
Q3C1V1-2,184.0,62.78565217,low,84.57711443,0.283473331,na
Q99828-2,231.0,62.78541126,low,82.68398268,0.764159256,na
P14678-3,289.0,62.77543253,low,82.35294118,0.479246043,na
Q13398-4,568.0,62.77225352,low,94.41535777,0.612192336,na
Q6PII5-4,203.0,62.77162562,low,39.47368421,0.474776997,na
Q5SQI0-2,409.0,62.76850856,low,92.19858156,0.547767013,na
Q86T90-3,279.0,62.7683871,low,36.0,0.290702067,na
Q13519-2,112.0,62.76044643,low,63.63636364,0.257217704,na
P01258-2,141.0,62.76021277,low,95.03546099,0.352737866,na
Q14134-2,570.0,62.75907018,low,96.59863946,0.593801281,na
Q9NZR4-2,239.0,62.7574477,low,60.0,0.236325617,na
Q9GZY6-2,111.0,62.75720721,low,45.67901235,0.298444964,na
P36402-8,268.0,62.7486194,low,63.8961039,0.370045746,na
P0CL80-2,75.0,62.73866667,low,64.1025641,0.343697536,na
Q9NZR4-8,301.0,62.73272425,low,73.6,0.444456987,na
Q96LI6-3,214.0,62.72172897,low,44.52736318,0.354016257,na
P24855-2,187.0,62.72122995,low,29.17933131,0.590646769,na
Q9H019-3,280.0,62.72078571,low,95.89041096,0.306591763,na
O43521-14,140.0,62.719,low,67.17171717,0.236042408,na
O75143-4,401.0,62.71286783,low,77.56286267,0.350768964,na
Q04900-5,157.0,62.71006369,low,72.0,0.405694321,na
Q96KN8-3,269.0,62.70509294,low,96.41577061,0.572453827,na
Q8WXS3-4,80.0,62.703,low,33.74233129,0.241602434,na
Q8N5H3-2,162.0,62.69759259,low,79.36507937,0.418468235,na
Q8WXA9-2,624.0,62.6969391,low,81.41025641,0.460367698,na
Q8N9W6-3,295.0,62.69342373,low,95.93220339,0.473818919,na
Q96ME7-3,538.0,62.68875465,low,94.88536155,0.342924811,na
Q03060-15,312.0,62.68230769,low,81.99445983,0.470890968,na
Q9H3U5-2,78.0,62.67935897,low,15.69892473,0.285565592,na
P15976-3,330.0,62.66818182,low,79.9031477,0.376883808,na
P53990-6,218.0,62.66788991,low,59.01639344,0.226315613,na
Q5T9C2-3,242.0,62.65702479,low,63.02083333,0.250292281,na
Q9BXN2-3,189.0,62.65619048,low,69.63562753,0.474747812,na
O43521-4,169.0,62.65502959,low,83.83838384,0.27208081,na
Q9UKT9-12,288.0,62.65385417,low,56.58153242,0.17864347,na
Q9UHF0-2,135.0,62.65125926,low,71.83098592,0.324176063,na
Q6XE24-2,433.0,62.64621247,low,93.33333333,0.488089732,na
G9CGD6-2,900.0,62.63806667,low,99.88888889,0.463621267,na
P14209-2,160.0,62.629125,low,85.40540541,0.442476447,na
Q3ZAQ7-2,156.0,62.62147436,low,55.625,0.541106634,na
Q9UBU3-4,104.0,62.62134615,low,72.64957265,0.381659556,na
P53539-8,195.0,62.62010256,low,57.69230769,0.260957239,na
Q8IYB5-2,440.0,62.61454545,low,94.21841542,0.417333753,na
Q96FT9-3,109.0,62.61183486,low,46.51162791,0.237179272,na
O95684-2,379.0,62.6101847,low,94.98746867,0.39758431,na
Q99542-4,63.0,62.60809524,low,11.41732283,0.204955209,na
Q13117-3,534.0,62.60808989,low,95.69892473,0.657666155,na
Q8NB59-2,457.0,62.60625821,low,81.08108108,0.360050573,na
Q5SVJ3-2,115.0,62.59330435,low,78.23129252,0.252003432,na
Q96AD5-2,180.0,62.59294444,low,35.71428571,0.198179116,na
Q1A5X6-2,112.0,62.59089286,low,56.97674419,0.309145733,na
Q9GZW8-2,195.0,62.58261538,low,81.25,0.456184139,na
Q96Q45-5,413.0,62.57917676,low,98.78934625,0.652631499,na
Q9H6Y5-3,270.0,62.5582963,low,67.13483146,0.448223764,na
P36402-10,250.0,62.54188,low,63.28125,0.411927009,na
Q86TI4-4,482.0,62.53078838,low,55.3816047,0.646551866,na
Q8N4F7-2,181.0,62.52994475,low,35.63535912,0.43728879,na
Q3B7T3-2,150.0,62.5298,low,57.91505792,0.317120419,na
O75791-2,217.0,62.52640553,low,56.66666667,0.288303665,na
Q5VTD9-2,284.0,62.52619718,low,86.06060606,0.442826945,na
P02724-2,124.0,62.51814516,low,82.66666667,0.367730786,na
Q96PM9-1,366.0,62.50868852,low,94.81865285,0.402891799,na
P15814-2,84.0,62.50630952,low,34.74178404,0.193740557,na
Q9UBF6-3,90.0,62.49455556,low,51.5625,0.247814208,na
Q96DE0-2,194.0,62.48798969,low,42.14559387,0.581687286,na
P55327-6,247.0,62.4845749,low,90.68825911,0.418103914,na
O76090-4,498.0,62.48134538,low,85.12820513,0.501302375,na
Q96LY2-2,314.0,62.47512739,low,82.63157895,0.392451364,na
Q8IW70-2,222.0,62.47081081,low,34.72949389,0.280944808,na
Q9NSY2-3,63.0,62.46079365,low,17.03056769,0.411047045,na
Q96HH9-2,440.0,62.43652273,low,84.34004474,0.590772803,na
Q9NWM3-2,358.0,62.43181564,low,92.74611399,0.32954528,na
Q6MZQ0-3,240.0,62.42845833,low,64.94565217,0.246318498,na
Q9H910-2,174.0,62.42488506,low,91.57894737,0.255962469,na
Q02962-3,394.0,62.42439086,low,94.48441247,0.486720398,na
Q9BUL5-3,336.0,62.42422619,low,83.37468983,0.292267805,na
Q9GZU3-3,342.0,62.4194152,low,62.19512195,0.736932396,na
O00712-5,494.0,62.41904858,low,84.21052632,0.542467262,na
Q9BQE9-3,163.0,62.41865031,low,80.1980198,0.498839986,na
P08651-2,499.0,62.41098196,low,98.03149606,0.572450368,na
Q15797-2,137.0,62.40080292,low,18.87966805,0.178897787,na
Q86UD7-3,86.0,62.38162791,low,25.95419847,0.252016032,na
P31314-2,257.0,62.37828794,low,77.87878788,0.349473029,na
Q14938-4,494.0,62.37797571,low,98.20717131,0.699318612,na
Q8WXD2-2,236.0,62.36105932,low,50.42735043,0.537356932,na
Q86YD5-2,296.0,62.36101351,low,85.50724638,0.357815824,na
O43435-3,495.0,62.35854545,low,67.82273603,0.601027874,na
P33947-2,186.0,62.35645161,low,49.80237154,0.55464106,na
Q9C0K3-2,47.0,62.35255319,low,22.38095238,0.196621243,na
Q96PE5-4,130.0,62.35084615,low,92.19858156,0.469615077,na
Q5TC79-2,361.0,62.34747922,low,67.77996071,0.398610296,na
O94763-4,475.0,62.34014737,low,82.80373832,0.372236692,na
O43281-2,468.0,62.3391453,low,82.35294118,0.372950787,na
Q96M53-2,250.0,62.33904,low,66.94915254,0.181627655,na
Q86VR2-2,271.0,62.33597786,low,58.15450644,0.184563562,na
Q9NUQ6-4,566.0,62.33425795,low,98.58657244,0.59640896,na
O14770-4,470.0,62.32576596,low,98.53249476,0.572095417,na
O43760-2,275.0,62.31421818,low,52.20125786,0.651106516,na
Q8N108-14,450.0,62.3118,low,75.74074074,0.627511317,na
P30405-2,155.0,62.31083871,low,67.46411483,0.585419374,na
Q13247-3,335.0,62.30928358,low,92.15116279,0.565839592,na
Q9C073-2,181.0,62.3020442,low,39.95584989,0.143935975,na
O15156-2,573.0,62.28670157,low,94.06631763,0.323801981,na
O60238-2,179.0,62.28424581,low,81.73515982,0.304171032,na
P15336-2,329.0,62.28337386,low,63.56435644,0.349954612,na
Q9BYV8-4,54.0,62.28185185,low,8.740359897,0.215719407,na
O43521-8,172.0,62.27837209,low,84.34343434,0.260295908,na
P15692-14,412.0,62.26764563,low,56.31067961,0.505027928,na
Q2KHT4-5,275.0,62.26723636,low,78.7965616,0.550859728,na
P40225-3,314.0,62.26487261,low,88.95184136,0.466110903,na
Q9UBS0-2,154.0,62.25922078,low,31.53526971,0.381336569,na
Q8WV48-5,256.0,62.25089844,low,90.45936396,0.338784805,na
Q9BXS6-5,440.0,62.24718182,low,99.77324263,0.25221955,na
Q9BZC1-3,484.0,62.24690083,low,99.38271605,0.599652826,na
Q9UKS7-6,239.0,62.24635983,low,45.05703422,0.362149425,na
Q5JTD0-2,547.0,62.24159049,low,98.20466786,0.476385307,na
Q7Z5B4-2,128.0,62.24039062,low,31.29973475,0.25916579,na
P55347-2,405.0,62.23990123,low,84.61538462,0.454256907,na
Q569K4-5,421.0,62.23674584,low,80.73770492,0.333162057,na
P31431-2,153.0,62.23594771,low,74.74747475,0.195924506,na
P24844-2,118.0,62.23169492,low,68.60465116,0.417819151,na
O43399-5,220.0,62.23109091,low,93.63636364,0.466372981,na
P12272-2,175.0,62.23091429,low,98.8700565,0.328901208,na
Q9UK12-2,491.0,62.2290224,low,90.83503055,0.585646828,na
Q9Y2V3-2,104.0,62.22471154,low,28.32369942,0.167894251,na
P36402-6,269.0,62.21959108,low,62.43654822,0.396377997,na
Q96PE5-2,131.0,62.21259542,low,90.78014184,0.538382473,na
Q86YJ5-2,233.0,62.20776824,low,52.80898876,0.361033118,na
Q9UMX0-2,561.0,62.20554367,low,95.24617997,0.415384673,na
O75030-12,468.0,62.1992735,low,88.97338403,0.329930191,na
Q00973-3,328.0,62.18378049,low,48.15498155,0.493464417,na
P23760-8,505.0,62.17908911,low,94.85148515,0.560075052,na
P48651-3,301.0,62.17677741,low,49.8015873,0.545340664,na
Q9H6Y5-2,275.0,62.17556364,low,68.53932584,0.442889569,na
P55957-2,241.0,62.17282158,low,80.91286307,0.78051938,na
P29353-6,584.0,62.17059932,low,99.82876712,0.435046359,na
Q9Y6B2-2,164.0,62.16896341,low,87.70053476,0.197101945,na
Q8NCE0-5,402.0,62.16587065,low,84.15417559,0.589383705,na
Q6JBY9-2,106.0,62.16377358,low,25.48076923,0.188054986,na
Q96EB1-2,535.0,62.16162617,low,71.76684882,0.741770161,na
Q9UMX0-3,412.0,62.15932039,low,69.94906621,0.285754481,na
Q2NL68-3,193.0,62.15683938,low,38.125,0.21070146,na
Q13875-2,182.0,62.14208791,low,99.45355191,0.271066423,na
O43670-2,463.0,62.14015119,low,90.48582996,0.35777812,na
O15130-2,116.0,62.13810345,low,65.38461538,0.336794542,na
P05386-2,89.0,62.13516854,low,78.07017544,0.314395623,na
P28906-2,328.0,62.13253049,low,84.41558442,0.592985809,na
Q96D05-2,163.0,62.12325153,low,74.23312883,0.356965263,na
P42568-2,565.0,62.11729204,low,99.29577465,0.406247803,na
P35680-2,531.0,62.11595104,low,95.33213645,0.570425741,na
Q5JU69-5,72.0,62.11180556,low,17.75700935,0.221277552,na
Q86U06-5,417.0,62.10697842,low,72.19917012,0.383299879,na
Q14192-2,151.0,62.10556291,low,22.65372168,0.269790849,na
Q8IWD4-4,204.0,62.10171569,low,72.75985663,0.278176849,na
A2IDD5-4,257.0,62.1011284,low,37.89473684,0.245940916,na
Q9Y215-2,445.0,62.09817978,low,93.88646288,0.28490886,na
Q6ZSS3-2,157.0,62.09643312,low,33.40909091,0.336246904,na
Q13243-3,269.0,62.08427509,low,98.89705882,0.718444441,na
Q96KR7-4,556.0,62.0730036,low,93.13380282,0.385724702,na
P12524-3,394.0,62.06784264,low,92.3857868,0.36813067,na
P36402-16,255.0,62.05556863,low,63.1443299,0.402875444,na
P13378-2,289.0,62.05394464,low,99.65517241,0.436225619,na
O75398-4,497.0,62.05086519,low,87.96460177,0.386851103,na
O43516-4,358.0,62.03089385,low,71.17296223,0.228330783,na
Q8N8Q1-2,133.0,62.03007519,low,24.35424354,0.239507364,na
Q9BY08-2,152.0,62.02282895,low,40.51724138,0.393018229,na
Q9BX40-2,385.0,62.01397403,low,81.36020151,0.30395579,na
Q9NZH5-2,191.0,62.00753927,low,85.64593301,0.32711606,na
Q9UJU2-3,284.0,62.00401408,low,71.17794486,0.412980225,na
Q96AN5-3,128.0,61.99617188,low,18.72427984,0.227028995,na
Q8TE12-2,133.0,61.98676692,low,34.81675393,0.153428493,na
O00470-2,463.0,61.98479482,low,80.34188034,0.529791016,na
P16989-3,342.0,61.98383041,low,91.66666667,0.536937171,na
Q99933-2,311.0,61.98167203,low,87.31988473,0.530206764,na
O75143-5,550.0,61.98081818,low,94.0,0.504510696,na
Q8TEY5-2,375.0,61.97954667,low,94.93670886,0.72036183,na
Q16625-3,479.0,61.9791858,low,90.99616858,0.475226486,na
Q8N3F0-3,98.0,61.97734694,low,57.85714286,0.270574779,na
Q96Q45-3,432.0,61.96965278,low,92.12962963,0.668794442,na
Q9NRR8-2,38.0,61.96947368,low,21.59090909,0.335179256,na
Q6IQ49-3,356.0,61.96789326,low,67.88008565,0.264467855,na
Q9NP74-2,471.0,61.96341826,low,82.94010889,0.224189161,na
Q15011-2,390.0,61.96241026,low,99.74424552,0.379797017,na
Q02962-2,419.0,61.96178998,low,86.04118993,0.542315602,na
Q12796-2,248.0,61.95237903,low,75.84097859,0.185991304,na
Q9NQ60-2,127.0,61.93897638,low,42.5170068,0.237237006,na
Q96IZ7-2,276.0,61.93065217,low,82.63473054,0.348080517,na
Q8TEB9-2,106.0,61.92226415,low,31.74603175,0.27866867,na
Q2NL68-4,194.0,61.9171134,low,38.33333333,0.25476034,na
Q8TF74-2,290.0,61.91306897,low,65.90909091,0.173475126,na
A6NJ78-3,99.0,61.90717172,low,22.35872236,0.256648178,na
Q9BXS6-2,440.0,61.90168182,low,99.77324263,0.313172199,na
Q96HA4-3,189.0,61.90010582,low,46.07329843,0.220793834,na
O75190-3,325.0,61.89932308,low,93.55828221,0.663281117,na
Q13398-3,576.0,61.89107639,low,92.2813036,0.724403804,na
Q9UEE9-2,217.0,61.88912442,low,72.57525084,0.278474927,na
Q96NX9-4,432.0,61.88724537,low,72.12020033,0.372955598,na
Q8N6T0-5,591.0,61.88712352,low,85.98726115,0.718249817,na
Q9BXS6-3,439.0,61.8867426,low,99.54648526,0.296277452,na
O43521-17,112.0,61.88571429,low,33.48017621,0.261303867,na
Q9H1X1-2,306.0,61.88199346,low,67.60124611,0.722373999,na
Q92784-3,412.0,61.87781553,low,65.33333333,0.359986167,na
Q5SXH7-3,366.0,61.87622951,low,64.00817996,0.277307678,na
P13232-2,133.0,61.87586466,low,75.14124294,0.613276728,na
O43521-12,198.0,61.86707071,low,82.43902439,0.378729625,na
O75340-3,69.0,61.86637681,low,36.12565445,0.360434687,na
Q8WUG5-3,207.0,61.86048309,low,31.38297872,0.441832024,na
Q9GZM3-2,116.0,61.85034483,low,38.7755102,0.567302497,na
Q15049-2,347.0,61.82590778,low,92.04244032,0.444002869,na
Q6ZV65-1,351.0,61.81843305,low,86.83544304,0.336518817,na
Q9Y3C1-2,236.0,61.81601695,low,54.15019763,0.643548917,na
P09086-4,400.0,61.812075,low,80.58455115,0.496794123,na
Q15070-3,263.0,61.80376426,low,51.8018018,0.270617675,na
Q86YW5-3,200.0,61.7933,low,64.30868167,0.205314317,na
Q9BRS8-2,93.0,61.79215054,low,13.33333333,0.174239443,na
Q5JTV8-3,584.0,61.78354452,low,99.82876712,0.472352309,na
Q4JDL3-15,136.0,61.77786765,low,24.48036952,0.172454306,na
Q96PM9-3,305.0,61.77154098,low,79.01554404,0.265851714,na
Q9BRJ7-2,247.0,61.7688664,low,59.38697318,0.609639033,na
P56179-2,265.0,61.75924528,low,66.03773585,0.373777885,na
Q96AP0-2,455.0,61.75852747,low,99.34497817,0.468877104,na
Q7L513-12,287.0,61.75662021,low,71.80851064,0.399695687,na
P53539-10,289.0,61.75356401,low,85.50295858,0.350337591,na
Q9BZC1-2,484.0,61.7464876,low,99.17695473,0.624546769,na
Q9H1N7-2,153.0,61.74627451,low,35.66084788,0.24245689,na
Q14653-4,452.0,61.74276549,low,69.45010183,0.654635988,na
Q569K4-3,369.0,61.74276423,low,78.34394904,0.241494782,na
Q9NX70-2,196.0,61.74147959,low,63.84976526,0.376758879,na
Q96NX9-2,571.0,61.74070053,low,95.15859766,0.531101219,na
Q7Z5J1-4,181.0,61.7398895,low,57.46031746,0.412253512,na
Q9BXN2-4,192.0,61.73526042,low,68.25396825,0.330761857,na
G9CGD6-3,830.0,61.73072289,low,92.32480534,0.431104575,na
P81605-3,77.0,61.71909091,low,32.78688525,0.267490191,na
Q9UKT4-2,401.0,61.71902743,low,89.70917226,0.30784857,na
Q9UEW3-2,442.0,61.71070136,low,85.0,0.325122222,na
P36402-2,269.0,61.70100372,low,70.05208333,0.401970664,na
Q9NYP3-2,263.0,61.69847909,low,46.28975265,0.286532766,na
Q8N108-18,470.0,61.68789362,low,80.71161049,0.578337719,na
P55916-2,275.0,61.68232727,low,88.14102564,0.89952233,na
O75494-2,261.0,61.67812261,low,99.61832061,0.677719505,na
Q99697-3,271.0,61.67697417,low,85.48895899,0.41344078,na
P14921-3,485.0,61.6757732,low,84.84848485,0.397007987,na
Q96L08-3,137.0,61.66452555,low,53.7254902,0.232736447,na
O15266-2,225.0,61.66297778,low,69.9669967,0.393337864,na
P36508-2,515.0,61.65440777,low,90.35087719,0.498237629,na
Q9NRN5-3,287.0,61.64261324,low,38.25503356,0.321683439,na
Q9BWK5-4,69.0,61.6373913,low,30.48780488,0.204135355,na
Q96LW2-2,171.0,61.63391813,low,39.51219512,0.343496574,na
Q9Y603-5,317.0,61.63299685,low,86.11898017,0.446840402,na
Q9H6Z4-2,562.0,61.62715302,low,99.11816578,0.522101608,na
P08949-2,154.0,61.6211039,low,72.72727273,0.345530365,na
Q6UW88-7,73.0,61.62054795,low,47.4025974,0.273998164,na
P51636-3,112.0,61.61928571,low,38.23529412,0.256135324,na
P59190-2,208.0,61.61024038,low,53.78151261,0.557222421,na
Q9H0F5-5,332.0,61.60659639,low,64.46601942,0.334580164,na
Q86UU9-4,76.0,61.5975,low,67.25663717,0.23210602,na
Q96SR6-2,549.0,61.5971949,low,99.45454545,0.509946685,na
Q71RG4-3,181.0,61.59646409,low,56.07476636,0.185648324,na
P42857-2,146.0,61.58356164,low,78.91891892,0.485487913,na
Q8N3Z6-2,206.0,61.58145631,low,37.56906077,0.181330084,na
Q8N726-2,85.0,61.572,low,64.39393939,0.188660529,na
Q8TAI7-2,68.0,61.57058824,low,13.1147541,0.283377525,na
Q6P4D5-3,115.0,61.55782609,low,29.004329,0.193022836,na
Q9H4H8-2,569.0,61.5542355,low,97.26495726,0.314771987,na
Q8TDL5-2,160.0,61.5518125,low,21.96531792,0.417227911,na
Q9NUQ6-3,588.0,61.54030612,low,94.89795918,0.597834076,na
O75030-9,419.0,61.53837709,low,77.21280603,0.367129046,na
Q9BRR0-2,390.0,61.53087179,low,72.49070632,0.366426352,na
Q5JTD0-4,482.0,61.52873444,low,86.35547576,0.362665476,na
P08621-4,341.0,61.5240176,low,62.25596529,0.195303099,na
Q4KMG9-2,163.0,61.52214724,low,81.81818182,0.323452575,na
Q56VL3-2,99.0,61.52191919,low,58.44155844,0.253700737,na
Q9NYK6-2,221.0,61.51832579,low,74.41077441,0.305114024,na
Q4JDL3-8,217.0,61.51470046,low,45.47619048,0.353205771,na
P17861-2,376.0,61.50218085,low,41.76334107,0.357441286,na
Q9NP74-3,376.0,61.50098404,low,68.23956443,0.249976936,na
Q8IU53-2,55.0,61.49745455,low,72.36842105,0.162850376,na
Q96Q83-2,170.0,61.49394118,low,42.39482201,0.350682616,na
P33240-2,560.0,61.489,low,97.05372617,0.311686597,na
Q15038-3,136.0,61.4875,low,80.95238095,0.48566205,na
O95628-3,558.0,61.47899642,low,97.04347826,0.528148686,na
A6PVY3-2,120.0,61.47775,low,46.66666667,0.317677643,na
P84101-3,133.0,61.47097744,low,30.07518797,0.320114627,na
Q13398-7,577.0,61.46965338,low,97.74696707,0.626950807,na
Q99612-3,237.0,61.46827004,low,80.91872792,0.204485637,na
Q6AW86-2,534.0,61.46691011,low,83.42059337,0.523603119,na
Q00987-8,430.0,61.46560465,low,87.57637475,0.296966961,na
Q9BQB6-3,92.0,61.46217391,low,35.55555556,0.461233205,na
Q8IZ96-17,286.0,61.4577972,low,59.09090909,0.515029126,na
Q14103-2,336.0,61.45160714,low,94.64788732,0.58876938,na
P36402-14,254.0,61.44452756,low,64.32291667,0.37629558,na
Q8IXQ8-2,202.0,61.43965347,low,73.86363636,0.315275614,na
Q5SXH7-4,363.0,61.43674931,low,70.10309278,0.392069054,na
O15151-5,440.0,61.43020455,low,89.79591837,0.368747775,na
Q8N3J5-2,233.0,61.42038627,low,49.8687664,0.405571089,na
Q9H4D5-2,233.0,61.4188412,low,40.11299435,0.340327518,na
Q9HC62-2,579.0,61.41302245,low,94.11764706,0.526094649,na
Q9Y5A9-2,529.0,61.40510397,low,91.36442142,0.434783674,na
Q7Z3D4-3,150.0,61.39713333,low,32.37179487,0.199889617,na
O60304-2,441.0,61.39632653,low,90.22869023,0.309573054,na
O43768-7,133.0,61.39285714,low,73.23943662,0.284832951,na
P47710-3,177.0,61.39050847,low,95.67567568,0.454135528,na
Q9NS68-2,417.0,61.38918465,low,98.10874704,0.620881566,na
Q86X24-5,316.0,61.38734177,low,77.91878173,0.500236122,na
Q8N6H7-3,252.0,61.38206349,low,48.36852207,0.209716651,na
Q86YD3-5,306.0,61.37820261,low,79.67914439,0.630658174,na
Q6PGN9-4,163.0,61.37282209,low,44.90358127,0.153216281,na
P30305-4,601.0,61.36930116,low,92.03252033,0.449918158,na
O60381-3,514.0,61.35828794,low,99.02723735,0.374075736,na
Q86X24-2,387.0,61.35403101,low,98.22335025,0.574671223,na
Q9Y3Y2-3,249.0,61.3535743,low,99.59839357,0.46954541,na
Q9NPA1-5,173.0,61.35289017,low,48.94366197,0.405913862,na
Q9NV64-2,146.0,61.35184932,low,28.68852459,0.294744654,na
Q9UHH9-4,185.0,61.33497297,low,16.02434077,0.340962116,na
O15444-2,84.0,61.33488095,low,47.33333333,0.408221348,na
Q06710-3,398.0,61.32638191,low,72.86652079,0.445979371,na
P12272-3,209.0,61.32023923,low,83.73205742,0.246864148,na
A1Z1Q3-5,190.0,61.31663158,low,44.70588235,0.144335558,na
Q06710-2,387.0,61.31322997,low,86.0,0.469474051,na
Q86YL7-5,118.0,61.30652542,low,72.22222222,0.291736683,na
Q16625-2,468.0,61.30314103,low,89.65517241,0.444121625,na
Q6ZUT1-2,293.0,61.2934471,low,99.65870307,0.300589599,na
Q9BZC1-4,485.0,61.29206186,low,99.79423868,0.57893368,na
Q96SR6-3,549.0,61.29041894,low,99.81818182,0.553278945,na
Q9NWV8-3,171.0,61.28695906,low,47.61904762,0.236415183,na
Q3YBM2-2,233.0,61.28077253,low,86.2962963,0.420514817,na
P35575-2,176.0,61.28056818,low,33.42175066,0.448261805,na
Q15654-2,106.0,61.27216981,low,11.8609407,0.202750963,na
O95628-2,572.0,61.26881119,low,99.30434783,0.626752638,na
Q12857-4,554.0,61.26563177,low,91.87725632,0.52119691,na
O75030-10,413.0,61.26181598,low,76.08286252,0.336489177,na
P57773-2,514.0,61.26029183,low,85.07462687,0.675896975,na
P42081-2,110.0,61.245,low,30.69908815,0.21059446,na
Q99502-3,557.0,61.23517056,low,94.08783784,0.465243954,na
Q96A00-2,120.0,61.21508333,low,81.63265306,0.288112165,na
Q96NZ9-3,152.0,61.20927632,low,98.68421053,0.282364452,na
Q8NHW4-9,68.0,61.19338235,low,28.94736842,0.307669082,na
Q96A83-2,439.0,61.18758542,low,99.54648526,0.296805706,na
Q14802-3,144.0,61.18729167,low,60.41666667,0.516496712,na
Q5T0J7-2,215.0,61.18613953,low,82.57261411,0.45473446,na
A0PJY2-2,425.0,61.18583529,low,89.47368421,0.478461088,na
P58340-3,299.0,61.18424749,low,84.38538206,0.486393133,na
O95971-2,72.0,61.17694444,low,39.77900552,0.254888286,na
Q9NYP3-3,265.0,61.17196226,low,46.38447972,0.276956939,na
Q8NB59-7,619.0,61.1622294,low,86.59127625,0.480180245,na
Q96KD3-2,342.0,61.16207602,low,99.41860465,0.517290661,na
Q8N7B6-4,200.0,61.1549,low,61.83206107,0.425253556,na
Q14135-2,259.0,61.15393822,low,89.31034483,0.44593235,na
P28324-2,405.0,61.14876543,low,84.70319635,0.40029694,na
Q96S94-3,298.0,61.14865772,low,57.30769231,0.220611496,na
Q4KMZ8-3,136.0,61.13566176,low,65.70048309,0.490144714,na
Q96KN3-2,408.0,61.12828431,low,84.95762712,0.402322805,na
Q96NZ9-2,90.0,61.12666667,low,56.29139073,0.279165875,na
A6NJB7-2,235.0,61.1173617,low,59.5505618,0.22247814,na
Q5BVD1-2,147.0,61.11387755,low,61.29032258,0.291324514,na
Q6ZU67-4,409.0,61.11105134,low,76.5917603,0.311187,na
P56178-2,191.0,61.10774869,low,62.97577855,0.292255691,na
Q8NHW4-3,96.0,61.10385417,low,64.1509434,0.470518517,na
Q86SE9-2,49.0,61.10061224,low,14.453125,0.327273862,na
P84157-2,170.0,61.09652941,low,81.8627451,0.234746959,na
Q8ND56-3,422.0,61.09457346,low,91.14470842,0.325108221,na
Q06547-3,360.0,61.09041667,low,88.10126582,0.476116562,na
O75352-2,186.0,61.08446237,low,44.61538462,0.370801819,na
Q96QU6-2,158.0,61.07822785,low,23.85496183,0.239500013,na
Q9Y5R6-2,275.0,61.07349091,low,73.45844504,0.393975125,na
P56270-2,493.0,61.06833671,low,86.75889328,0.372539541,na
Q7Z434-6,131.0,61.06030534,low,12.2965642,0.217634032,na
Q6E0U4-15,90.0,61.05922222,low,14.67505241,0.232570673,na
Q3KP22-4,148.0,61.04635135,low,74.43181818,0.265350123,na
O43889-3,354.0,61.01344633,low,95.41778976,0.495335176,na
O95998-3,115.0,61.01008696,low,43.65482234,0.278042931,na
P20963-3,163.0,61.00576687,low,99.3902439,0.403938697,na
Q9Y2C5-4,221.0,61.00574661,low,36.76190476,0.432145499,na
Q9NW68-7,447.0,61.00337808,low,96.19686801,0.508671756,na
Q8NE31-3,487.0,61.00041068,low,83.24786325,0.251439104,na
P14651-3,299.0,61.000301,low,69.37354988,0.351402,na
Q96B01-3,302.0,60.99857616,low,85.79545455,0.31830182,na
Q5T319-2,80.0,60.997125,low,47.36842105,0.290399526,na
O43561-4,232.0,60.98909483,low,88.54961832,0.263972199,na
P15408-2,318.0,60.97946541,low,85.42274052,0.261381426,na
Q8N108-17,485.0,60.9765567,low,94.7265625,0.539832705,na
Q8N8F7-2,59.0,60.96491525,low,34.35114504,0.228763402,na
Q9NR90-2,438.0,60.96461187,low,90.12345679,0.58731621,na
P17676-2,322.0,60.95860248,low,93.33333333,0.347812737,na
Q8N6V4-3,157.0,60.95828025,low,48.125,0.622336291,na
Q96A59-3,148.0,60.94601351,low,25.47169811,0.200464823,na
Q9NXP7-2,80.0,60.9435,low,9.792843691,0.349185828,na
Q8NDY8-2,194.0,60.94247423,low,78.03738318,0.31419603,na
Q9NWW0-2,119.0,60.93109244,low,85.50724638,0.234323531,na
P17544-3,473.0,60.93035941,low,93.52226721,0.513989513,na
Q9BXS6-7,378.0,60.92846561,low,85.71428571,0.210553234,na
Q6W5P4-6,158.0,60.92632911,low,29.94652406,0.321602515,na
Q9UNE2-2,286.0,60.92496503,low,90.79365079,0.519589224,na
Q9NZ09-2,441.0,60.92142857,low,87.84860558,0.261540748,na
P17544-2,462.0,60.91909091,low,95.65217391,0.432904616,na
Q15011-4,366.0,60.91710383,low,93.60613811,0.36809632,na
O43561-2,233.0,60.90502146,low,88.93129771,0.249654665,na
Q9UK80-2,382.0,60.90096859,low,65.72438163,0.397944212,na
Q8N6T3-3,403.0,60.8998263,low,66.81514477,0.484232806,na
Q99687-3,358.0,60.89977654,low,95.46666667,0.429785153,na
O15535-2,445.0,60.8907191,low,88.53932584,0.424530291,na
Q9BU19-2,474.0,60.88630802,low,91.13680154,0.284202744,na
A6NH21-2,274.0,60.88624088,low,46.2406015,0.458933461,na
Q8IW50-7,157.0,60.88515924,low,64.58333333,0.380338793,na
P07311-2,55.0,60.88181818,low,27.5862069,0.485926033,na
Q4JDL3-7,226.0,60.87774336,low,48.0952381,0.348826285,na
Q6WN34-3,142.0,60.87464789,low,12.89640592,0.234161933,na
Q9H1E3-2,203.0,60.87413793,low,83.53909465,0.181848185,na
Q96A56-2,164.0,60.8675,low,66.25,0.235813928,na
Q96QD9-3,251.0,60.86250996,low,78.93081761,0.233047061,na
O95236-2,331.0,60.85873112,low,81.5920398,0.6286928,na
Q9BWV2-2,178.0,60.85730337,low,70.07874016,0.451103244,na
Q96JZ2-2,295.0,60.85257627,low,80.11363636,0.397996279,na
Q86YL7-6,120.0,60.84783333,low,74.07407407,0.292263375,na
Q8WVV4-1,595.0,60.84364706,low,98.82352941,0.352491202,na
P31942-2,331.0,60.83785498,low,95.66473988,0.581237194,na
Q8N108-15,486.0,60.83386831,low,71.00694444,0.596896161,na
Q11203-3,170.0,60.83276471,low,35.20408163,0.352109578,na
Q8N7H5-2,485.0,60.82762887,low,71.07142857,0.356215178,na
Q63HQ0-2,269.0,60.81267658,low,89.07284768,0.289734514,na
Q13422-5,376.0,60.80518617,low,72.44701349,0.185279911,na
Q70Z44-4,404.0,60.79668317,low,70.2811245,0.762449709,na
Q8NF99-2,275.0,60.78665455,low,40.54545455,0.293378683,na
P25445-4,149.0,60.77946309,low,33.42857143,0.319042172,na
P53539-3,299.0,60.77254181,low,88.46153846,0.516749388,na
Q9ULG3-2,297.0,60.77104377,low,72.61613692,0.456715852,na
O15165-7,251.0,60.77023904,low,75.32467532,0.221518843,na
Q02080-2,368.0,60.769375,low,68.87254902,0.360320928,na
P53539-4,291.0,60.76824742,low,86.09467456,0.37499512,na
Q9NXG6-2,423.0,60.76761229,low,73.52941176,0.440606409,na
Q9NY27-3,361.0,60.76279778,low,86.57074341,0.358406547,na
Q8N9M1-2,355.0,60.76092958,low,84.12322275,0.242991273,na
Q9UL49-2,273.0,60.76047619,low,54.6,0.279425819,na
Q96DB9-2,107.0,60.75551402,low,48.08743169,0.466664106,na
Q8N128-2,236.0,60.75538136,low,90.25423729,0.355805985,na
P79522-2,167.0,60.74994012,low,88.82978723,0.404103652,na
Q9P0W8-3,458.0,60.73995633,low,76.46076795,0.261814471,na
Q71F23-3,337.0,60.73718101,low,77.64705882,0.256656958,na
Q6PI98-3,197.0,60.73593909,low,78.60696517,0.446926157,na
Q6H9L7-5,490.0,60.73446939,low,85.81436077,0.451293057,na
Q03933-2,518.0,60.7327027,low,96.64179104,0.606047312,na
Q9NV72-2,465.0,60.73017204,low,87.57062147,0.435514948,na
Q0D2I5-3,264.0,60.72765152,low,46.51162791,0.257407,na
O14735-2,182.0,60.72472527,low,37.5,0.38956586,na
Q96M27-5,418.0,60.7158134,low,85.55555556,0.443250179,na
Q13398-8,629.0,60.71497615,low,89.66613672,0.655205659,na
Q9NR83-3,282.0,60.71276596,low,72.86821705,0.282112264,na
Q8N9L1-2,256.0,60.70683594,low,69.32153392,0.460454556,na
Q8N6V4-4,157.0,60.70363057,low,48.125,0.626602136,na
Q08648-2,50.0,60.6972,low,35.9223301,0.333241562,na
Q9H1J1-2,443.0,60.67841986,low,93.06722689,0.290340162,na
Q07666-3,404.0,60.66722772,low,91.19638826,0.312562415,na
P02686-6,160.0,60.649625,low,52.63157895,0.233132922,na
Q96T75-2,70.0,60.64642857,low,67.01030928,0.354372975,na
Q8NFW5-2,377.0,60.63928382,low,98.69109948,0.320662711,na
P23759-2,518.0,60.63293436,low,88.32391714,0.384979246,na
Q15054-2,427.0,60.63220141,low,91.63090129,0.280810715,na
Q9UBB5-3,302.0,60.62927152,low,55.22727273,0.253778933,na
Q5BJD5-3,127.0,60.62716535,low,43.29896907,0.288247378,na
P01106-2,454.0,60.62361233,low,96.69603524,0.48213763,na
Q9Y570-3,161.0,60.61968944,low,18.59956236,0.384062275,na
O76076-2,218.0,60.615,low,46.73913043,0.342657818,na
Q9HD23-3,117.0,60.61324786,low,23.0248307,0.204513954,na
Q8WWR9-2,81.0,60.60074074,low,94.04761905,0.437263763,na
Q7Z572-2,446.0,60.58701794,low,89.89473684,0.628901533,na
Q9BUL5-2,158.0,60.5793038,low,38.70967742,0.193348924,na
Q6PDB4-2,98.0,60.57530612,low,14.3847487,0.391254086,na
Q9NS61-9,184.0,60.56326087,low,62.09386282,0.45128669,na
Q5GAN6-2,244.0,60.56278689,low,88.52459016,0.508004356,na
Q8N114-3,137.0,60.56248175,low,56.66666667,0.225745425,na
O75030-4,495.0,60.55361616,low,92.58555133,0.317291941,na
Q96HC4-6,625.0,60.553168,low,66.21253406,0.435533262,na
Q8NEY8-6,319.0,60.54570533,low,62.58064516,0.227321646,na
Q569K4-4,172.0,60.54331395,low,35.88110403,0.225136897,na
Q969W3-2,207.0,60.52207729,low,89.85507246,0.372975034,na
Q9NZN8-5,490.0,60.52206122,low,90.74074074,0.489883181,na
Q12912-2,499.0,60.51829659,low,89.90990991,0.351380462,na
Q9C004-2,106.0,60.51660377,low,33.44481605,0.200730817,na
O43918-2,338.0,60.51171598,low,50.27124774,0.251556614,na
Q4VC05-2,231.0,60.51103896,low,90.90909091,0.367871799,na
Q9H3Q1-2,286.0,60.50503497,low,80.33707865,0.19537906,na
O00165-5,231.0,60.50489177,low,82.79569892,0.427400366,na
O75398-3,551.0,60.49593466,low,97.34513274,0.30640353,na
Q8IWD4-3,261.0,60.48697318,low,93.5483871,0.302981036,na
Q8N6U8-5,415.0,60.48653012,low,76.93761815,0.549299509,na
Q96FW1-2,315.0,60.48507937,low,49.44134078,0.699195662,na
Q9H2W1-4,141.0,60.48184397,low,37.87878788,0.306377669,na
Q8N9L1-5,372.0,60.46991935,low,89.78494624,0.508909292,na
P26436-8,155.0,60.45941935,low,58.49056604,0.234635319,na
Q8TDC0-2,205.0,60.45863415,low,81.67330677,0.25527961,na
O75190-4,277.0,60.44797834,low,82.20858896,0.376013992,na
Q6IPX3-2,183.0,60.43978142,low,89.0,0.369501564,na
Q8TF68-2,516.0,60.43416667,low,89.42807626,0.466363908,na
P49768-4,184.0,60.43347826,low,36.46055437,0.24037149,na
Q6UXT8-2,111.0,60.43279279,low,84.49612403,0.384806215,na
Q9H8Y8-2,384.0,60.42971354,low,84.95575221,0.39491929,na
Q6NW34-2,497.0,60.41545272,low,87.47795414,0.23252349,na
Q9NVD7-2,182.0,60.41214286,low,34.9127182,0.371699205,na
Q9BVL2-2,485.0,60.41070103,low,80.0,0.525584763,na
O15165-8,208.0,60.40639423,low,63.34405145,0.224585817,na
Q5VWP3-2,234.0,60.40529915,low,47.95698925,0.168932512,na
Q7L0R7-2,351.0,60.40185185,low,81.25,0.307679883,na
Q96LC9-3,129.0,60.39434109,low,55.26315789,0.196047627,na
Q9NYR9-4,97.0,60.3942268,low,31.37254902,0.497238837,na
O75030-3,501.0,60.39195609,low,93.72623574,0.372691917,na
Q13952-6,301.0,60.39006645,low,65.72052402,0.412272113,na
Q6ZQY2-2,161.0,60.38236025,low,35.96938776,0.463355876,na
Q5BJD5-2,192.0,60.37526042,low,43.93442623,0.349746386,na
O60902-2,319.0,60.37266458,low,96.37462236,0.392291727,na
P0DPB3-2,474.0,60.37189873,low,97.33059548,0.468038255,na
Q8N6T3-2,414.0,60.3686715,low,97.11538462,0.511548061,na
Q96EK2-3,489.0,60.35126789,low,92.09039548,0.426286,na
O75840-2,269.0,60.34866171,low,88.74172185,0.382073436,na
Q01892-2,177.0,60.34689266,low,62.17228464,0.180679827,na
Q969W9-2,252.0,60.34329365,low,87.10801394,0.188183473,na
Q0VD86-2,221.0,60.33393665,low,93.6440678,0.326952994,na
O95243-2,574.0,60.32445993,low,98.96551724,0.399917692,na
Q6NZ36-3,230.0,60.32382609,low,68.48739496,0.602834514,na
Q02548-10,291.0,60.32068729,low,74.42455243,0.221606899,na
Q8IXQ8-3,204.0,60.31921569,low,77.27272727,0.35075512,na
O75840-4,274.0,60.30354015,low,89.07284768,0.336361326,na
Q86UU9-3,87.0,60.29114943,low,76.99115044,0.310891927,na
Q96HA4-4,198.0,60.28949495,low,52.10526316,0.317158395,na
Q16629-4,226.0,60.28358407,low,94.95798319,0.428787539,na
Q9HBU6-2,258.0,60.27829457,low,52.43362832,0.456616534,na
P16220-1,341.0,60.27741935,low,95.89442815,0.363904148,na
O00165-3,253.0,60.26952569,low,90.68100358,0.346181749,na
Q6UXU4-3,280.0,60.263,low,84.59214502,0.627806741,na
Q92734-2,396.0,60.25992424,low,99.0,0.33245566,na
P11308-1,462.0,60.24911255,low,93.00411523,0.345099502,na
P23759-1,520.0,60.23748077,low,88.70056497,0.41691998,na
P57082-2,546.0,60.23106227,low,99.81684982,0.49877357,na
Q5XKR9-2,116.0,60.23,low,99.13793103,0.36177186,na
Q9UBU3-3,105.0,60.22933333,low,73.5042735,0.393477569,na
Q7L4E1-3,349.0,60.22323782,low,57.16694772,0.271753798,na
Q8WV28-3,404.0,60.2199505,low,88.59649123,0.227023298,na
Q9Y250-7,76.0,60.215,low,9.228187919,0.193357522,na
P17544-1,494.0,60.2144332,low,97.77327935,0.446455552,na
Q86T90-2,573.0,60.21158813,low,96.38554217,0.437815216,na
P55082-2,216.0,60.19763889,low,59.66850829,0.297615615,na
Q86SU0-4,211.0,60.19559242,low,37.65996344,0.205008209,na
Q6B8I1-3,92.0,60.18728261,low,33.5106383,0.365169949,na
Q8N131-2,189.0,60.18417989,low,90.86538462,0.45834213,na
Q15038-6,146.0,60.17849315,low,86.9047619,0.442959202,na
P28335-2,248.0,60.1741129,low,37.73987207,0.331178854,na
Q99674-3,112.0,60.16901786,low,19.38461538,0.199771294,na
Q92838-2,135.0,60.16688889,low,33.75959079,0.276128866,na
O43670-4,494.0,60.16536437,low,96.7611336,0.361905934,na
Q9Y215-8,329.0,60.16531915,low,60.08403361,0.173136026,na
Q8N108-13,529.0,60.16086957,low,96.21928166,0.461709087,na
Q9H425-3,289.0,60.16086505,low,88.37920489,0.289631167,na
Q64ET8-2,279.0,60.15967742,low,99.64157706,0.450746563,na
Q9Y2G2-3,392.0,60.15727041,low,72.06703911,0.507794641,na
O75030-2,520.0,60.15492308,low,98.85931559,0.330238754,na
O75030-7,510.0,60.15482353,low,91.44981413,0.444227005,na
Q9UKS7-3,148.0,60.15472973,low,25.93984962,0.177514644,na
Q9BUB7-3,107.0,60.13551402,low,40.76923077,0.168465259,na
Q15884-1,289.0,60.13401384,low,64.22222222,0.256217184,na
Q8N0W5-3,212.0,60.13339623,low,60.27874564,0.278849423,na
Q9BZR8-3,276.0,60.12543478,low,72.72727273,0.214380353,na
Q5BKY9-2,237.0,60.12345992,low,95.951417,0.248606621,na
Q8TAG6-2,134.0,60.12074627,low,49.05660377,0.213208511,na
Q8N114-4,118.0,60.11864407,low,46.25,0.279850806,na
Q9H8Y8-3,464.0,60.11521552,low,94.39655172,0.50855836,na
Q9BUL5-4,399.0,60.11330827,low,97.51861042,0.359511321,na
Q6GPH4-6,199.0,60.10753769,low,56.10561056,0.23345668,na
Q6UX15-3,229.0,60.09576419,low,50.37974684,0.229648124,na
Q9NS61-8,177.0,60.08096045,low,40.48442907,0.450576884,na
Q8N0V3-2,242.0,60.08028926,low,53.16091954,0.360022801,na
Q8NBV8-1,172.0,60.07965116,low,32.78301887,0.225118621,na
Q96A57-2,183.0,60.07185792,low,65.57377049,0.571051497,na
O43768-8,105.0,60.06638095,low,40.90909091,0.225099528,na
Q8N6F7-3,163.0,60.06355828,low,91.57303371,0.272087681,na
Q9BT81-2,440.0,60.06059091,low,67.94055202,0.170446029,na
Q18PE1-3,608.0,60.04131579,low,82.40131579,0.441601921,na
Q8N8E2-2,479.0,60.03941545,low,88.53974122,0.350394944,na
Q13148-4,298.0,60.03550336,low,67.30310263,0.406914286,na
Q9BPY8-4,112.0,60.03526786,low,48.67256637,0.544801787,na
Q9NSK7-4,141.0,60.02510638,low,92.76315789,0.597100781,na
Q8NBM4-2,309.0,60.01757282,low,61.99460916,0.400438563,na
P31942-4,215.0,60.01395349,low,62.13872832,0.332895902,na
P33241-2,277.0,60.01104693,low,81.71091445,0.310851517,na
P47710-4,176.0,60.00164773,low,95.13513514,0.409378024,na
Q6S5H5-4,322.0,59.99689441,low,51.01663586,0.445342582,na
Q14142-4,222.0,59.99454955,low,28.0334728,0.2255111,na
Q9NZR4-4,143.0,59.99377622,low,38.63013699,0.147146096,na
Q8WXS3-5,73.0,59.99136986,low,37.41935484,0.289208941,na
Q6ZUT1-3,264.0,59.99068182,low,89.76109215,0.296629143,na
Q96NZ1-3,337.0,59.98919881,low,63.63636364,0.350401664,na
Q9Y5U5-2,255.0,59.98847059,low,53.02013423,0.358487702,na
Q9H2W1-3,178.0,59.98505618,low,64.51612903,0.300743942,na
Q8IYA8-3,203.0,59.98423645,low,23.45276873,0.236751311,na
Q8WV83-2,244.0,59.98163934,low,45.12428298,0.246295592,na
Q13950-2,507.0,59.97733728,low,96.35316699,0.481700422,na
Q96HA4-2,185.0,59.97313514,low,39.75,0.248349115,na
P47710-2,184.0,59.97293478,low,99.45945946,0.66473808,na
O43310-2,600.0,59.96786667,low,99.66666667,0.472064183,na
Q569K4-2,395.0,59.96473418,low,82.59023355,0.259257899,na
P15863-2,433.0,59.96228637,low,62.36933798,0.324068527,na
O43521-10,135.0,59.95866667,low,66.66666667,0.236363641,na
P56545-2,985.0,59.95791878,low,43.75634518,0.55230119,na
Q9NWS0-3,199.0,59.95758794,low,45.27687296,0.497640879,na
Q9UM00-2,220.0,59.95354545,low,92.05020921,0.684225627,na
Q8TD55-2,440.0,59.94961364,low,89.3877551,0.263006063,na
Q96A84-3,443.0,59.94521445,low,99.54853273,0.238769585,na
Q9NQ60-3,265.0,59.94320755,low,89.79591837,0.421435729,na
P14651-2,358.0,59.94310056,low,83.06264501,0.423231423,na
Q13761-2,429.0,59.94167832,low,95.13888889,0.539786861,na
Q01196-9,456.0,59.9408114,low,98.46491228,0.566925929,na
Q6ZNR0-4,123.0,59.94,low,69.76744186,0.403240466,na
O43918-4,348.0,59.9391092,low,49.46808511,0.239618022,na
Q96QD9-4,129.0,59.93705426,low,40.25157233,0.197316141,na
Q9H910-3,218.0,59.93623853,low,87.1559633,0.18990989,na
P52434-4,175.0,59.91994286,low,69.66292135,0.743635196,na
Q16854-6,89.0,59.91404494,low,18.30508475,0.220961134,na
Q86VV4-3,490.0,59.9102449,low,94.89795918,0.563439259,na
Q8N9L1-3,384.0,59.90807292,low,86.97916667,0.586760441,na
P52952-2,151.0,59.90655629,low,38.48484848,0.192693535,na
Q96EK2-4,477.0,59.90404612,low,88.90977444,0.44832516,na
Q66PJ3-7,226.0,59.89973451,low,53.68171021,0.232768494,na
Q6NZ36-6,112.0,59.89651786,low,30.27027027,0.195007106,na
Q7Z309-3,266.0,59.89330827,low,92.85714286,0.301087174,na
P29692-2,647.0,59.89057187,low,43.43122102,0.298926865,na
Q13286-5,253.0,59.87624506,low,55.47945205,0.572519624,na
Q96JQ5-2,186.0,59.87123656,low,77.82426778,0.303321347,na
Q70YC5-3,462.0,59.86978355,low,64.08730159,0.484141276,na
Q86UU9-2,96.0,59.863125,low,84.95575221,0.243919123,na
P09086-2,467.0,59.86171306,low,97.49478079,0.633136862,na
O15165-4,230.0,59.86,low,74.18300654,0.203494029,na
P26439-2,222.0,59.8590991,low,29.28571429,0.552640415,na
Q9BZS1-2,396.0,59.85838384,low,91.87935035,0.475866825,na
A1Z1Q3-4,213.0,59.85685446,low,42.41071429,0.118045338,na
Q8WV48-4,119.0,59.85478992,low,37.41258741,0.301257986,na
Q6N063-3,129.0,59.84503876,low,19.94680851,0.337563568,na
Q6H9L7-3,490.0,59.83889796,low,85.81436077,0.424518442,na
O15165-3,248.0,59.82983871,low,80.06535948,0.225722183,na
Q9NY27-2,360.0,59.82558333,low,86.0911271,0.267265146,na
P17544-5,117.0,59.82393162,low,17.71653543,0.269937315,na
O94763-3,509.0,59.82312377,low,90.5380334,0.299233077,na
Q99687-2,421.0,59.81261283,low,89.0736342,0.551575036,na
P46937-5,450.0,59.81091111,low,89.28571429,0.200623677,na
Q8ND83-3,191.0,59.80858639,low,33.45070423,0.125777122,na
Q07955-2,292.0,59.80657534,low,54.49275362,0.336826892,na
O75553-4,537.0,59.78743017,low,91.32653061,0.367150424,na
O75030-8,504.0,59.78513889,low,90.33457249,0.330292575,na
Q8N9U0-2,426.0,59.78488263,low,86.93877551,0.406725909,na
Q9NQG6-2,148.0,59.7802027,low,25.26766595,0.20657941,na
Q96SQ7-2,416.0,59.77288462,low,76.92307692,0.394014779,na
O15165-6,269.0,59.77,low,81.16883117,0.238836798,na
Q9BSU1-2,258.0,59.76860465,low,31.02119461,0.46457791,na
Q86YL7-2,164.0,59.76689024,low,13.52313167,0.283601278,na
P02686-2,197.0,59.76664975,low,63.48684211,0.235834498,na
O43237-2,415.0,59.74927711,low,84.14634146,0.571276348,na
Q6PGN9-3,310.0,59.74722581,low,66.20879121,0.208568564,na
P25445-3,86.0,59.74093023,low,20.59701493,0.308551225,na
Q92838-7,148.0,59.71736486,low,33.5,0.23432839,na
Q8N9N5-3,442.0,59.71325792,low,79.54971857,0.428132965,na
Q8ND25-2,278.0,59.71302158,low,81.65467626,0.428300803,na
Q9NPH6-2,165.0,59.7070303,low,50.23923445,0.511263271,na
Q9NW68-3,474.0,59.70675105,low,88.60759494,0.430676244,na
Q9UKY7-2,213.0,59.70178404,low,80.62015504,0.254987354,na
Q9NZC7-7,213.0,59.69976526,low,35.46910755,0.308594307,na
O75553-6,555.0,59.68625225,low,94.3877551,0.385438795,na
O95727-2,194.0,59.67835052,low,45.93908629,0.202799542,na
P14209-3,169.0,59.67639053,low,91.35135135,0.461228236,na
Q9C0D0-2,484.0,59.67584711,low,83.10344828,0.285278222,na
O00453-3,85.0,59.67541176,low,61.61616162,0.28573964,na
O43464-4,377.0,59.67129973,low,70.87794433,0.482086549,na
Q9UKI9-3,432.0,59.67099537,low,97.71689498,0.558951112,na
Q99697-2,324.0,59.66243827,low,78.71720117,0.422164965,na
O75121-2,306.0,59.63084967,low,74.81662592,0.311981929,na
Q96FE7-5,184.0,59.62961957,low,69.96197719,0.297216127,na
Q15054-3,360.0,59.62669444,low,77.25321888,0.195554824,na
Q53FE4-2,186.0,59.6238172,low,50.69252078,0.158469098,na
P25445-2,103.0,59.61825243,low,19.06077348,0.272062073,na
Q16595-3,196.0,59.61372449,low,72.60869565,0.433667666,na
Q4JDL3-13,145.0,59.60717241,low,27.02078522,0.174916826,na
Q86TD4-1,932.0,59.60283262,low,48.03817603,0.703824704,na
Q16385-2,223.0,59.59986547,low,72.0,0.395367341,na
O75030-5,525.0,59.5964,low,94.16195857,0.356506972,na
P46937-4,326.0,59.59389571,low,64.68253968,0.305478266,na
P48060-2,237.0,59.5914346,low,50.48859935,0.579142985,na
Q8WWR9-3,84.0,59.59047619,low,89.77272727,0.356880155,na
Q6ZNR0-3,127.0,59.58188976,low,69.76744186,0.36384199,na
Q9UGB7-2,231.0,59.57887446,low,44.77124183,0.432786023,na
Q9BT67-2,153.0,59.57803922,low,35.77235772,0.269363656,na
Q9BUV8-5,143.0,59.57496503,low,57.14285714,0.325871191,na
Q8N6T0-4,677.0,59.5715805,low,85.22895126,0.708600717,na
Q9ULV5-2,462.0,59.56772727,low,87.01825558,0.452500493,na
Q86UU9-5,107.0,59.55925234,low,94.69026549,0.225925652,na
O14521-3,85.0,59.54905882,low,39.62264151,0.257328471,na
B0YJ81-2,140.0,59.54735714,low,44.82758621,0.256736863,na
P15018-2,88.0,59.54625,low,7.692307692,0.228147287,na
Q5JVS0-2,308.0,59.53805195,low,74.57627119,0.243581646,na
Q6PEV8-2,345.0,59.53675362,low,88.91752577,0.313580836,na
Q13887-3,166.0,59.53548193,low,25.10729614,0.217466786,na
Q7L804-2,532.0,59.52355263,low,96.05263158,0.373130169,na
E5RJM6-3,65.0,59.50984615,low,16.04010025,0.253452955,na
Q01196-2,472.0,59.50461864,low,94.06779661,0.535116168,na
Q8N108-12,565.0,59.5039292,low,90.08849558,0.54270026,na
P31942-3,297.0,59.49548822,low,85.83815029,0.489979103,na
Q16656-2,437.0,59.49334096,low,86.87872763,0.438171482,na
O95704-5,214.0,59.49257009,low,39.5959596,0.359394218,na
Q569H4-3,281.0,59.49227758,low,84.21052632,0.234194959,na
Q8NB59-4,265.0,59.48301887,low,47.02702703,0.21042945,na
O95628-8,639.0,59.4799687,low,84.30769231,0.533604456,na
P32241-3,247.0,59.46728745,low,39.87854251,0.231630583,na
Q9NPE2-3,64.0,59.4634375,low,19.93127148,0.26797,na
Q8NAV1-2,125.0,59.44808,low,40.06410256,0.165412329,na
Q8N8W4-2,437.0,59.44194508,low,82.14285714,0.385090443,na
O15165-2,288.0,59.43878472,low,94.11764706,0.231752131,na
P49798-4,93.0,59.42827957,low,37.07317073,0.279812137,na
Q6PI47-3,221.0,59.42742081,low,41.21621622,0.14003269,na
O00453-2,91.0,59.41758242,low,60.3960396,0.243098223,na
Q9NW68-2,428.0,59.41168224,low,88.81278539,0.364192527,na
O75030-6,519.0,59.41030829,low,93.03201507,0.323939852,na
Q01196-10,468.0,59.40711538,low,95.32908705,0.557801929,na
Q8N9Y4-2,292.0,59.40640411,low,82.48587571,0.251386492,na
Q8N7X2-4,308.0,59.40483766,low,68.56435644,0.224069055,na
Q13950-3,499.0,59.40430862,low,95.77735125,0.524969967,na
Q8N9N5-6,466.0,59.40339056,low,86.90702087,0.44278858,na
Q12951-2,283.0,59.39689046,low,74.86772487,0.30016448,na
O60381-2,462.0,59.39458874,low,89.88326848,0.421586082,na
Q00987-9,446.0,59.38970852,low,90.83503055,0.31428678,na
Q8N9M1-3,281.0,59.38701068,low,66.58767773,0.215814423,na
P02686-5,171.0,59.38461988,low,56.25,0.208104228,na
Q9H8M2-6,544.0,59.38,low,76.276771,0.298852448,na
O15165-5,229.0,59.37720524,low,74.83660131,0.204284522,na
Q7Z5J1-3,234.0,59.36991453,low,74.28571429,0.529213041,na
Q9BZR8-2,252.0,59.36876984,low,69.46107784,0.223184283,na
A1A519-3,282.0,59.36113475,low,85.45454545,0.512455253,na
O94763-2,459.0,59.35769063,low,85.79439252,0.19284965,na
Q9Y458-2,400.0,59.34895,low,76.92307692,0.41694261,na
Q7Z309-2,248.0,59.33979839,low,99.59677419,0.380980123,na
Q96QD9-2,292.0,59.3344863,low,88.47352025,0.406700662,na
Q06889-2,349.0,59.32361032,low,84.88664987,0.330719499,na
P11308-3,486.0,59.31981481,low,97.94238683,0.338589603,na
Q9H9R9-2,178.0,59.31752809,low,81.52173913,0.258038316,na
Q9H4I0-2,521.0,59.31255278,low,79.96604414,0.296075961,na
P25101-2,161.0,59.31204969,low,33.33333333,0.36524952,na
Q9BUH6-2,106.0,59.30028302,low,36.58536585,0.554338733,na
O15504-3,195.0,59.29974359,low,46.09929078,0.212582921,na
Q9UHH9-5,188.0,59.28382979,low,15.92741935,0.352327482,na
Q92838-6,142.0,59.2778169,low,33.92405063,0.221776086,na
Q9NX45-3,502.0,59.27462151,low,81.51093439,0.502871196,na
Q86W33-3,293.0,59.26928328,low,59.0078329,0.5515049,na
P50221-2,184.0,59.26842391,low,63.38582677,0.144359874,na
P81605-2,121.0,59.26479339,low,83.47107438,0.616740528,na
Q9ULB1-4,139.0,59.26143885,low,0.626079447,0.168037785,na
Q9HBI0-5,70.0,59.261,low,14.08045977,0.225669083,na
O15405-2,571.0,59.26022767,low,93.22033898,0.428216792,na
Q96B01-2,335.0,59.25656716,low,95.17045455,0.232806125,na
P50135-2,126.0,59.25555556,low,25.85034014,0.497792296,na
Q8IX15-3,552.0,59.2554529,low,96.94244604,0.359756251,na
P13224-2,411.0,59.24352798,low,49.39172749,0.507238556,na
Q9NVL1-2,131.0,59.24343511,low,79.39393939,0.338018648,na
Q9H2X3-10,216.0,59.24009259,low,51.87969925,0.301994847,na
Q9NZ09-4,566.0,59.22888693,low,86.74911661,0.277505441,na
Q02930-4,369.0,59.22666667,low,70.07874016,0.35085441,na
Q96BW1-2,176.0,59.22392045,low,50.64516129,0.251089789,na
Q86SU0-2,502.0,59.21398406,low,91.94139194,0.42237808,na
Q8WU67-2,136.0,59.20301471,low,14.79820628,0.234170679,na
Q70Z44-2,279.0,59.20125448,low,57.08061002,0.47375204,na
O43521-11,135.0,59.19007407,low,66.16161616,0.228666413,na
Q9UJU2-7,303.0,59.18966997,low,75.43859649,0.367763864,na
Q5SRR4-3,229.0,59.18074236,low,47.54098361,0.591337163,na
Q86WH2-2,90.0,59.17711111,low,30.32786885,0.194898222,na
Q6PGN9-2,333.0,59.17528529,low,91.73553719,0.266766637,na
Q9NPI6-2,544.0,59.16988971,low,93.47079038,0.411447716,na
Q8NHE4-3,187.0,59.1344385,low,39.57219251,0.574120532,na
O15079-2,538.0,59.13408922,low,91.82156134,0.402644061,na
Q5T8D3-2,490.0,59.12697959,low,91.76029963,0.354517124,na
Q8N9W8-2,400.0,59.12605,low,94.78672986,0.476970708,na
Q9UKT9-14,263.0,59.10692015,low,46.78362573,0.466592164,na
Q68CJ9-2,460.0,59.10365217,low,99.78308026,0.527587731,na
O43561-5,261.0,59.09812261,low,99.61832061,0.375748811,na
Q8WUZ0-2,242.0,59.0964876,low,73.01587302,0.397098898,na
Q96N95-3,333.0,59.09468468,low,90.35087719,0.360621873,na
P15336-5,487.0,59.09075975,low,96.43564356,0.524136861,na
O60902-3,355.0,59.08932394,low,93.23943662,0.3469782,na
P78358-2,168.0,59.07660714,low,70.40816327,0.351199417,na
Q96LC9-2,163.0,59.06834356,low,88.58695652,0.314034381,na
Q9UKT9-13,375.0,59.06485333,low,73.67387033,0.222587808,na
P17096-3,179.0,59.0547486,low,36.54822335,0.204908056,na
Q8ND56-2,463.0,59.04060475,low,98.70410367,0.285625989,na
P06454-2,110.0,59.03263636,low,99.0990991,0.5623147,na
Q9H2W2-2,240.0,59.02808333,low,96.66666667,0.404184315,na
P15336-7,219.0,59.02456621,low,38.4765625,0.186062701,na
Q9BQ15-2,112.0,59.0175,low,53.08056872,0.250436786,na
Q7RTV3-2,306.0,59.01120915,low,78.99159664,0.359975983,na
Q9UKT9-5,414.0,59.00748792,low,81.33595285,0.189386421,na
P46937-3,454.0,59.00284141,low,89.68253968,0.18589623,na
Q9UKI9-2,438.0,59.00269406,low,97.50566893,0.520361007,na
Q92838-5,147.0,59.00142857,low,35.54987212,0.239611942,na
Q7Z309-4,241.0,58.99394191,low,71.78571429,0.303735815,na
Q8NEY8-9,348.0,58.99261494,low,71.1790393,0.25701035,na
Q8N6U8-4,451.0,58.99135255,low,72.03539823,0.458058142,na
Q9NUV7-2,175.0,58.97211429,low,18.51851852,0.231174635,na
Q7Z434-3,148.0,58.96310811,low,13.51819757,0.291795571,na
Q969W9-3,237.0,58.95261603,low,82.57839721,0.174427604,na
Q9HDD0-2,273.0,58.94465201,low,61.53846154,0.659520036,na
P46937-6,466.0,58.93165236,low,92.46031746,0.20497412,na
Q8IZJ4-2,492.0,58.93150407,low,93.90243902,0.604981833,na
O95628-4,642.0,58.91900312,low,84.92307692,0.540213479,na
O75865-3,113.0,58.89265487,low,24.06417112,0.25668783,na
Q8N5S3-2,166.0,58.88740964,low,57.83972125,0.274707995,na
Q9H2X3-9,296.0,58.88037162,low,71.67919799,0.266020895,na
P09086-3,463.0,58.88012959,low,96.65970772,0.636765177,na
Q8N5G0-2,168.0,58.87916667,low,39.88095238,0.345518324,na
Q86SU0-6,514.0,58.85513619,low,87.34402852,0.460474326,na
O43561-3,269.0,58.84501859,low,78.18791946,0.30003345,na
P32243-2,297.0,58.83946128,low,97.30639731,0.560716627,na
Q68CJ9-4,459.0,58.83928105,low,99.56616052,0.434961183,na
Q96FG2-5,185.0,58.82962162,low,44.88188976,0.317592821,na
Q8WU79-2,399.0,58.82957393,low,92.30769231,0.332247362,na
Q8N114-2,209.0,58.82799043,low,87.08333333,0.219324682,na
Q99612-2,281.0,58.81683274,low,77.70491803,0.163482988,na
Q9H6P5-3,145.0,58.81551724,low,25.2900232,0.378699264,na
P41439-4,172.0,58.81209302,low,32.22222222,0.213192886,na
Q8NCT3-4,304.0,58.80351974,low,45.77861163,0.181030157,na
P34820-2,349.0,58.80094556,low,68.73563218,0.584829582,na
Q16674-2,60.0,58.78516667,low,37.40458015,0.293362385,na
Q6ZN04-3,158.0,58.78329114,low,17.66723842,0.202890775,na
Q96L11-3,147.0,58.77965986,low,82.99319728,0.727963712,na
A6NFC5-3,150.0,58.777,low,67.26457399,0.508864577,na
Q86YL5-2,198.0,58.77338384,low,84.15841584,0.188961052,na
Q92838-8,147.0,58.77204082,low,34.27109974,0.210660177,na
Q86YD3-2,322.0,58.76913043,low,87.97814208,0.603091635,na
Q8TCZ2-3,190.0,58.76405263,low,72.13740458,0.377871267,na
O00762-4,161.0,58.76335404,low,64.92146597,0.650995046,na
Q8TC21-3,139.0,58.75043165,low,26.38888889,0.274709888,na
P35372-18,186.0,58.74516129,low,25.34562212,0.24248631,na
P01344-2,183.0,58.74420765,low,97.81420765,0.724478793,na
Q9BUG6-2,379.0,58.73804749,low,74.39516129,0.401248841,na
Q14135-4,296.0,58.71915541,low,88.23529412,0.235216214,na
Q9BSJ6-2,238.0,58.71747899,low,92.74193548,0.565022124,na
Q13261-8,169.0,58.71100592,low,63.29588015,0.221444362,na
Q8NE00-2,314.0,58.6988535,low,49.23954373,0.505016262,na
Q9UHG0-2,229.0,58.68707424,low,35.25896414,0.156650933,na
O60225-2,229.0,58.66877729,low,82.09606987,0.427553724,na
Q9NYZ2-2,155.0,58.66083871,low,43.78698225,0.313029428,na
Q01196-8,480.0,58.657875,low,93.54166667,0.559810339,na
Q8IV13-2,166.0,58.64662651,low,16.22718053,0.347041309,na
Q9UJU2-5,371.0,58.64067385,low,92.98245614,0.325212413,na
P56270-3,454.0,58.62707048,low,91.73553719,0.522539531,na
Q9UBF6-2,108.0,58.62064815,low,51.5625,0.273767225,na
Q96N03-3,132.0,58.62022727,low,24.89082969,0.180626245,na
Q6TCH7-4,88.0,58.62011364,low,22.04472843,0.238776569,na
Q5J8M3-3,136.0,58.61816176,low,43.08510638,0.210092105,na
A2IDD5-6,262.0,58.61244275,low,33.7972167,0.277662535,na
Q6ZNR0-5,133.0,58.6037594,low,66.85082873,0.334154092,na
Q03060-1,349.0,58.59492837,low,92.24376731,0.344117841,na
Q86Y39-2,228.0,58.59241228,low,50.43859649,0.647010074,na
Q5VX52-2,284.0,58.57908451,low,54.09482759,0.387877416,na
Q9NP66-2,81.0,58.57654321,low,22.76657061,0.243068648,na
Q9HBI0-4,137.0,58.5510219,low,11.80722892,0.238951364,na
Q9NW68-6,99.0,58.54959596,low,9.628008753,0.213674661,na
P43268-2,445.0,58.54955056,low,91.94214876,0.407236556,na
Q49A92-2,427.0,58.54119438,low,79.36802974,0.174781126,na
Q2KHT4-2,298.0,58.53620805,low,85.38681948,0.540282999,na
Q9UHF4-2,442.0,58.51230769,low,76.43884892,0.360553381,na
O75223-4,166.0,58.50921687,low,47.11111111,0.569123468,na
P31942-6,139.0,58.50244604,low,31.14754098,0.347216169,na
A2IDD5-3,273.0,58.50007326,low,35.98409543,0.246687397,na
Q86SQ6-2,463.0,58.49544276,low,82.67857143,0.542205611,na
Q9BUU2-2,205.0,58.49043902,low,42.58373206,0.222986678,na
Q01196-11,348.0,58.48643678,low,76.82119205,0.374490413,na
Q7Z3K6-3,549.0,58.48608379,low,99.81818182,0.57415208,na
Q9NSI8-3,441.0,58.48591837,low,80.2247191,0.383459947,na
O95415-2,98.0,58.4855102,low,63.15789474,0.188099024,na
Q9NW68-5,173.0,58.45942197,low,33.33333333,0.330934802,na
Q8N9N5-2,469.0,58.45466951,low,86.41509434,0.422142241,na
P19544-6,302.0,58.45218543,low,66.59242762,0.39153163,na
Q569H4-2,234.0,58.44910256,low,76.97368421,0.225205943,na
B3KU38-2,536.0,58.44889925,low,95.20426288,0.461732084,na
O94817-4,74.0,58.44121622,low,40.71428571,0.220037151,na
P05549-2,365.0,58.42542466,low,68.42105263,0.384263083,na
Q7Z5B4-5,368.0,58.41804348,low,99.72899729,0.316245402,na
Q03060-6,348.0,58.41741379,low,88.36565097,0.506949945,na
O75444-1,403.0,58.41342432,low,92.30769231,0.40280605,na
Q8N8W4-3,446.0,58.40331839,low,80.77634011,0.385247336,na
Q8NEY8-8,367.0,58.40286104,low,75.54585153,0.202721997,na
Q8IVW6-4,560.0,58.40198214,low,99.82174688,0.333316047,na
A6PVL3-2,101.0,58.40108911,low,81.4516129,0.382928641,na
P36402-7,383.0,58.39754569,low,93.76623377,0.595463633,na
Q8IZD0-2,445.0,58.39519101,low,93.70786517,0.33369897,na
Q14847-2,323.0,58.37479876,low,58.26330532,0.425199006,na
O95600-3,257.0,58.3733463,low,70.75208914,0.187663191,na
Q6UXB0-2,281.0,58.37103203,low,76.77595628,0.312448092,na
W5XKT8-2,243.0,58.36843621,low,26.10966057,0.178303226,na
P11308-5,317.0,58.36545741,low,62.75720165,0.291120406,na
P05019-3,137.0,58.34985401,low,58.41584158,0.480027849,na
P28908-3,483.0,58.32919255,low,81.17647059,0.229436986,na
Q96MN9-2,233.0,58.32858369,low,68.52941176,0.192482984,na
P46937-7,470.0,58.31321277,low,91.73228346,0.20783571,na
Q7Z5V6-2,405.0,58.30459259,low,95.29411765,0.170977994,na
Q13875-3,81.0,58.3,low,38.79781421,0.284882864,na
Q9NP31-2,399.0,58.29503759,low,97.49373434,0.53248303,na
Q86WP2-4,302.0,58.29033113,low,63.84778013,0.303808093,na
Q96A73-2,286.0,58.26454545,low,93.7704918,0.506824183,na
Q96S66-2,501.0,58.26015968,low,90.92558984,0.415682348,na
Q7Z7G1-3,391.0,58.25907928,low,91.35514019,0.394097469,na
Q969K7-3,169.0,58.23686391,low,76.12612613,0.316702458,na
Q9H2X3-3,324.0,58.23509259,low,78.69674185,0.200046239,na
Q99592-2,531.0,58.22478343,low,98.30508475,0.256029949,na
A6NDY0-2,255.0,58.19819608,low,73.77622378,0.247893592,na
Q8N9Z9-5,409.0,58.19396088,low,92.66503667,0.431793901,na
Q9BW11-4,388.0,58.17652062,low,46.2915601,0.437543131,na
Q96MY1-2,398.0,58.17437186,low,88.30275229,0.463351296,na
P55008-3,132.0,58.16613636,low,30.98591549,0.342425313,na
Q86VK4-2,272.0,58.16363971,low,51.33470226,0.20514175,na
Q6ZN18-2,503.0,58.16304175,low,97.29206963,0.238015172,na
Q9HCQ7-2,180.0,58.16061111,low,91.83673469,0.282428405,na
O43516-2,493.0,58.15004057,low,95.86614173,0.194081369,na
Q8TCZ2-2,213.0,58.14732394,low,81.29770992,0.339561182,na
P36402-4,380.0,58.13536842,low,50.3030303,0.327470406,na
Q9UHD0-3,207.0,58.13231884,low,50.0,0.605778647,na
Q8NC06-3,341.0,58.1285044,low,66.48199446,0.615475246,na
Q8N6N2-2,192.0,58.12625,low,59.4488189,0.413333751,na
Q68G75-3,140.0,58.12071429,low,76.79558011,0.274146459,na
P55957-3,137.0,58.11656934,low,40.95238095,0.348414062,na
Q5J8M3-2,149.0,58.09691275,low,63.21243523,0.266566975,na
P01242-4,245.0,58.0964898,low,60.6741573,0.581534337,na
Q9H0Y0-2,125.0,58.09448,low,32.6446281,0.406562656,na
Q6UN15-3,520.0,58.088,low,87.54208754,0.268427328,na
O43516-3,510.0,58.07737255,low,98.62745098,0.179536899,na
P11161-2,426.0,58.07521127,low,89.49579832,0.279965782,na
Q5T0D9-2,213.0,58.06887324,low,78.30882353,0.603922024,na
Q99217-3,205.0,58.04458537,low,93.17073171,0.252924791,na
Q9NWS1-5,294.0,58.04353741,low,50.77720207,0.248886896,na
Q8N6S4-3,147.0,58.04217687,low,26.987061,0.1947082,na
Q8TAM6-2,297.0,58.03848485,low,95.62289562,0.188612273,na
P25791-4,55.0,58.03618182,low,13.75,0.190285764,na
Q7Z3K6-2,555.0,58.03214414,low,99.0990991,0.604257435,na
Q96C03-2,205.0,58.02531707,low,26.06924644,0.183703055,na
Q9Y250-6,210.0,58.02414286,low,31.18811881,0.142854915,na
Q13505-2,435.0,58.01788506,low,93.34763948,0.461683296,na
Q9H305-3,129.0,58.01643411,low,62.01923077,0.526854407,na
P36402-13,369.0,58.01506775,low,94.27083333,0.534584817,na
Q9BXU9-1,219.0,58.00771689,low,83.90804598,0.810887763,na
Q8NE31-2,458.0,58.00497817,low,75.29610829,0.318583943,na
Q96HC4-5,136.0,57.99985294,low,9.400324149,0.216668285,na
Q9C0I9-3,383.0,57.99099217,low,59.55882353,0.375250996,na
Q9H9S0-2,289.0,57.98882353,low,94.75409836,0.326311006,na
Q96BT3-2,299.0,57.98518395,low,51.15044248,0.242303892,na
Q16612-2,112.0,57.98178571,low,59.82142857,0.358674527,na
Q96S66-4,366.0,57.97718579,low,66.4246824,0.191068432,na
Q8NHW4-4,103.0,57.97145631,low,66.99029126,0.584987101,na
Q8IUX4-3,101.0,57.94465347,low,17.80104712,0.42312018,na
Q86UQ0-2,361.0,57.93950139,low,87.4015748,0.376990135,na
Q96BY9-2,167.0,57.9302994,low,49.26253687,0.214483448,na
P02686-4,186.0,57.91365591,low,48.48484848,0.201750737,na
Q8WUP2-2,374.0,57.90772727,low,76.86567164,0.46128074,na
Q99217-2,175.0,57.90102857,low,91.62303665,0.260475739,na
Q96LZ7-2,573.0,57.88553229,low,43.42948718,0.540612682,na
Q9HCN2-3,108.0,57.88472222,low,34.59119497,0.281770594,na
Q6YI46-4,328.0,57.87240854,low,86.31578947,0.361993062,na
O95628-7,675.0,57.87219259,low,80.81991215,0.458445957,na
Q7Z3K6-4,487.0,57.85897331,low,88.54545455,0.530043577,na
Q8NEY8-2,374.0,57.85652406,low,74.40860215,0.219465825,na
Q5SRE7-3,297.0,57.8540404,low,53.7993921,0.619379322,na
Q9GZU3-2,221.0,57.84855204,low,27.52293578,0.215528474,na
O75553-5,553.0,57.84245931,low,94.04761905,0.389312611,na
Q04743-2,169.0,57.84100592,low,55.90551181,0.197847674,na
Q96K30-3,293.0,57.82238908,low,91.80887372,0.411078667,na
Q3B7T3-3,208.0,57.82100962,low,20.17804154,0.190374997,na
P46937-2,488.0,57.81891393,low,96.82539683,0.327901792,na
Q9H6K1-2,232.0,57.81357759,low,77.85234899,0.362646474,na
P19544-9,288.0,57.80239583,low,63.47438753,0.383821448,na
P05019-4,158.0,57.79816456,low,78.97435897,0.469613483,na
P50549-5,419.0,57.78968974,low,85.35564854,0.254053258,na
Q14011-2,263.0,57.78376426,low,45.45454545,0.405913943,na
Q9P0K8-2,526.0,57.77264259,low,89.72125436,0.268037036,na
Q8NG50-7,79.0,57.77227848,low,25.87412587,0.30733143,na
Q9NZ09-3,538.0,57.77042751,low,82.61648746,0.302193187,na
Q5T8D3-4,416.0,57.7596875,low,77.90262172,0.17910731,na
O95243-3,540.0,57.75651852,low,92.75862069,0.239418518,na
O00409-2,468.0,57.73912393,low,95.30612245,0.481263994,na
Q6ZN54-2,197.0,57.73538071,low,32.95454545,0.25747636,na
Q7Z3D4-2,127.0,57.73322835,low,31.81818182,0.176307838,na
P36402-9,365.0,57.73147945,low,93.22916667,0.473371149,na
O95998-4,163.0,57.72288344,low,72.16494845,0.488992653,na
Q02930-2,501.0,57.70137725,low,98.62204724,0.493314653,na
P49662-5,157.0,57.69656051,low,34.12073491,0.227548374,na
Q9H972-2,498.0,57.69491968,low,92.56505576,0.329739651,na
Q8TCY5-1,173.0,57.69231214,low,99.42196532,0.735038462,na
Q9Y2G2-6,70.0,57.69171429,low,13.03538175,0.222605144,na
Q8N4H0-3,334.0,57.68781437,low,85.20408163,0.219543674,na
O00165-2,287.0,57.68759582,low,97.21254355,0.438662899,na
P46937-8,492.0,57.68404472,low,97.22222222,0.340607163,na
Q5T292-4,129.0,57.67736434,low,67.15328467,0.560152761,na
Q8N9W6-5,174.0,57.67522989,low,58.45070423,0.195323642,na
Q06413-3,441.0,57.65605442,low,93.2346723,0.435803213,na
P01344-3,236.0,57.65427966,low,76.27118644,0.59197586,na
O95243-5,572.0,57.64793706,low,95.38461538,0.291152077,na
Q9UJU2-6,386.0,57.6142487,low,87.46987952,0.351620795,na
Q5T8D3-3,525.0,57.59142857,low,97.01492537,0.352657632,na
Q6UN15-4,378.0,57.57206349,low,63.46801347,0.214637717,na
Q96IQ9-2,390.0,57.57130769,low,79.23076923,0.239812556,na
Q07687-2,217.0,57.57,low,58.52941176,0.312863917,na
Q9UII2-2,71.0,57.56746479,low,61.32075472,0.365051238,na
Q8NHP7-2,312.0,57.56733974,low,56.04606526,0.307426707,na
Q6ZU67-3,416.0,57.56088942,low,69.65265082,0.445419351,na
O43918-3,244.0,57.56032787,low,24.36823105,0.205221817,na
Q9BRL6-2,275.0,57.55556364,low,97.5177305,0.430149089,na
Q8WVK7-2,75.0,57.55293333,low,1.666666667,0.196050313,na
O95600-4,252.0,57.53277778,low,63.1147541,0.190103394,na
Q8N9N5-7,508.0,57.52188976,low,93.77358491,0.512876008,na
Q9UII2-3,60.0,57.51633333,low,56.60377358,0.39125479,na
O60667-2,278.0,57.51280576,low,71.28205128,0.240852764,na
A1A519-4,244.0,57.51098361,low,65.45454545,0.411469785,na
Q06413-2,465.0,57.48898925,low,98.30866808,0.360797756,na
P55210-2,253.0,57.48719368,low,49.42857143,0.43419926,na
Q8WUU8-2,218.0,57.47834862,low,86.41975309,0.44812324,na
O95196-3,401.0,57.4753616,low,70.84805654,0.35656674,na
Q9NWB1-3,370.0,57.46518919,low,92.94710327,0.460726848,na
P36402-15,370.0,57.4642973,low,92.78350515,0.463903323,na
Q8N4S0-2,344.0,57.46148256,low,61.02941176,0.186495493,na
Q4ZJI4-5,73.0,57.45876712,low,13.98058252,0.18289118,na
Q8N9N5-4,491.0,57.44661914,low,90.56603774,0.428021754,na
Q8TCZ2-6,189.0,57.44306878,low,72.13740458,0.322539518,na
Q6P5X7-3,232.0,57.44077586,low,78.6440678,0.289613861,na
P36402-12,379.0,57.43836412,low,50.4048583,0.285620308,na
A8K830-3,379.0,57.43778364,low,40.63324538,0.194517456,na
Q99932-1,426.0,57.43762911,low,86.80412371,0.36444239,na
P49759-2,136.0,57.43308824,low,26.85950413,0.191970128,na
P52594-2,522.0,57.42898467,low,92.88256228,0.397071159,na
O15503-2,164.0,57.41652439,low,51.41843972,0.359137767,na
P15976-2,335.0,57.41576119,low,73.25301205,0.416132888,na
Q8NEY8-3,434.0,57.40658986,low,82.41308793,0.296632082,na
Q6ZRY4-2,98.0,57.39377551,low,46.88995215,0.213235895,na
Q9Y6I3-1,662.0,57.39296073,low,80.20378457,0.2998696,na
Q6ZNE9-3,172.0,57.38232558,low,18.95093063,0.339017019,na
A2RU30-3,394.0,57.38083756,low,71.61654135,0.206272132,na
P08247-2,195.0,57.37466667,low,62.30031949,0.443546454,na
Q8IZA3-2,207.0,57.36995169,low,59.8265896,0.15996941,na
P78411-3,417.0,57.36604317,low,83.85093168,0.287764961,na
Q6RW13-3,147.0,57.3570068,low,24.21052632,0.269649784,na
Q96A84-2,439.0,57.3409795,low,99.54648526,0.203492415,na
Q5T3I0-3,451.0,57.33911308,low,97.57174393,0.229828473,na
P51608-2,498.0,57.32991968,low,95.98393574,0.548169502,na
P15336-4,447.0,57.32776286,low,86.44400786,0.33078247,na
Q9BX46-5,178.0,57.32769663,low,75.42372881,0.224949043,na
O43521-19,163.0,57.3204908,low,82.32323232,0.228333039,na
Q6IPW1-2,147.0,57.31020408,low,77.7027027,0.324061241,na
Q9H400-2,200.0,57.3098,low,67.79661017,0.23244552,na
Q2NL68-2,324.0,57.29317901,low,64.18219462,0.289548027,na
Q7L4I2-2,386.0,57.28919689,low,84.66819222,0.493068112,na
Q8IUX1-4,170.0,57.28676471,low,73.91304348,0.373528771,na
P36402-5,384.0,57.28398438,low,91.62436548,0.591668048,na
P53539-5,263.0,57.27627376,low,77.81065089,0.258713699,na
Q9P0W8-2,567.0,57.26495591,low,94.65776294,0.28854454,na
P01298-2,178.0,57.25758427,low,53.37078652,0.332031445,na
Q9H425-2,197.0,57.25269036,low,60.24464832,0.239505475,na
P05019-2,153.0,57.24849673,low,67.82178218,0.456507418,na
P50549-2,459.0,57.23494553,low,96.01677149,0.332137248,na
O75840-3,230.0,57.2326087,low,58.17610063,0.164931323,na
Q6ZNR0-2,139.0,57.22345324,low,69.54022989,0.332939175,na
P17022-2,548.0,57.22315693,low,99.81785064,0.31455153,na
Q8N9N5-5,497.0,57.21720322,low,89.36567164,0.425617301,na
Q5JXC2-2,359.0,57.19966574,low,73.17073171,0.255439644,na
Q9H171-3,380.0,57.19484211,low,87.41258741,0.444268682,na
Q9Y692-2,563.0,57.17721137,low,98.2547993,0.454882016,na
Q9BT76-2,265.0,57.16898113,low,82.8125,0.495094664,na
Q9NX40-4,194.0,57.16685567,low,79.18367347,0.552907715,na
Q96BA8-2,431.0,57.16461717,low,83.04431599,0.522646878,na
P51858-3,256.0,57.16453125,low,81.50943396,0.446644232,na
Q6E0U4-13,123.0,57.15821138,low,25.84033613,0.415433241,na
Q8NFG4-3,197.0,57.15111675,low,25.34246575,0.371865421,na
Q8N8F6-2,208.0,57.14735577,low,62.98932384,0.268862963,na
Q15853-2,338.0,57.13772189,low,97.68786127,0.556784478,na
P50549-3,454.0,57.13008811,low,95.17819706,0.303130575,na
O95628-9,710.0,57.11890141,low,75.10373444,0.463517762,na
O00167-3,459.0,57.11440087,low,85.31598513,0.40364541,na
Q6ZMS7-2,546.0,57.11102564,low,49.81684982,0.423925607,na
P50549-4,374.0,57.10213904,low,74.38016529,0.357639228,na
Q9Y259-2,127.0,57.10149606,low,20.74074074,0.248945474,na
Q9UBW5-2,533.0,57.07679174,low,94.33628319,0.261031968,na
A8K830-4,286.0,57.07006993,low,53.84615385,0.182864148,na
Q9BYI3-2,180.0,57.06144444,low,34.54894434,0.136543359,na
Q96JY6-5,602.0,57.05815615,low,58.4717608,0.445128955,na
Q9UKQ9-2,61.0,57.05377049,low,8.582089552,0.152482379,na
Q96Q80-4,225.0,57.04755556,low,27.60736196,0.255712768,na
Q6NS38-2,157.0,57.02280255,low,40.30418251,0.357482311,na
Q96S66-3,430.0,57.01932558,low,78.0399274,0.226025586,na
P23771-2,444.0,57.01256757,low,99.77477477,0.416343924,na
Q92904-2,315.0,57.01244444,low,93.33333333,0.580011942,na
P53539-6,255.0,57.00870588,low,75.44378698,0.261648865,na
P43694-2,443.0,56.98790068,low,99.77426637,0.412203791,na
P40225-2,349.0,56.98369628,low,98.86685552,0.519919745,na
Q8N5S1-2,242.0,56.98008264,low,37.5,0.227822339,na
Q53S33-2,101.0,56.97821782,low,47.32824427,0.490190899,na
P55808-2,181.0,56.94016575,low,99.44751381,0.302488054,na
Q6J272-2,271.0,56.93815498,low,68.97590361,0.247006542,na
Q9P2B7-2,453.0,56.93509934,low,82.61682243,0.194437805,na
O43251-9,367.0,56.91643052,low,74.38423645,0.323826144,na
Q9BUN1-2,176.0,56.88522727,low,48.97360704,0.217300047,na
Q8WU79-3,349.0,56.88415473,low,81.35198135,0.222988399,na
Q9NNX6-12,297.0,56.87713805,low,65.20681265,0.245548634,na
P04233-3,160.0,56.8745,low,50.33783784,0.294290037,na
A2RU30-2,383.0,56.86684073,low,73.51247601,0.219075874,na
O95628-10,713.0,56.86654979,low,75.65698479,0.461427444,na
Q15038-2,153.0,56.85267974,low,76.0,0.282647164,na
Q3MIW9-2,235.0,56.83604255,low,41.04046243,0.242117738,na
P84101-2,170.0,56.82235294,low,21.8579235,0.279919851,na
Q9H6X4-3,192.0,56.81177083,low,66.66666667,0.251700333,na
Q8WXS3-1,180.0,56.80872222,low,80.55555556,0.261351398,na
P14138-3,219.0,56.80643836,low,80.32128514,0.354327887,na
Q8N9W6-2,339.0,56.79622419,low,81.71091445,0.478996914,na
Q6UWH4-3,331.0,56.7889426,low,58.60113422,0.359347927,na
Q13261-9,154.0,56.78162338,low,49.64285714,0.238687197,na
Q13887-2,305.0,56.76531148,low,66.73960613,0.320422334,na
P46937-9,508.0,56.75797244,low,99.21259843,0.31471363,na
Q8N7W2-3,468.0,56.7491453,low,89.80769231,0.402088079,na
P55808-3,195.0,56.74630769,low,92.30769231,0.270856525,na
P02686-3,197.0,56.72263959,low,51.81818182,0.213254068,na
Q68CJ9-5,337.0,56.71139466,low,55.62632696,0.194979627,na
Q3SY05-2,104.0,56.68875,low,78.125,0.496526496,na
Q9BX46-2,191.0,56.67623037,low,74.48559671,0.329210441,na
Q8NBM4-5,141.0,56.64489362,low,20.33898305,0.218798612,na
Q6S545-2,288.0,56.63940972,low,52.8440367,0.365288793,na
Q9BXK5-4,323.0,56.62613003,low,66.59793814,0.195658269,na
A2RRL7-4,105.0,56.59790476,low,47.54098361,0.465362932,na
Q96J86-6,64.0,56.595,low,39.61038961,0.282201493,na
P55317-2,439.0,56.59198178,low,93.00847458,0.350948865,na
P53539-2,302.0,56.58963576,low,89.34911243,0.254039478,na
Q8N5U1-3,199.0,56.58633166,low,82.91666667,0.315004408,na
O75865-4,127.0,56.56692913,low,23.38308458,0.294847673,na
Q8NFV4-2,101.0,56.56267327,low,30.79365079,0.221094827,na
Q6PDA7-2,108.0,56.55361111,low,61.06870229,0.354775748,na
Q6RW13-5,155.0,56.54922581,low,23.23232323,0.270771796,na
Q9HB09-3,333.0,56.54690691,low,99.7005988,0.431871874,na
Q02930-3,475.0,56.52562105,low,93.50393701,0.427033969,na
Q9NZN8-4,475.0,56.52452632,low,86.2962963,0.346683091,na
Q96BT3-3,151.0,56.51589404,low,14.90467938,0.157550818,na
Q70SY1-3,248.0,56.50778226,low,37.80260708,0.169926169,na
Q49A92-4,201.0,56.50547264,low,27.16049383,0.187048922,na
P78381-3,242.0,56.50475207,low,38.29787234,0.342036882,na
O95971-4,125.0,56.49104,low,29.91452991,0.231601805,na
P31942-5,145.0,56.48634483,low,35.75418994,0.350224162,na
Q9Y261-2,463.0,56.48572354,low,98.70410367,0.448090997,na
Q16558-2,130.0,56.47161538,low,51.20772947,0.35021323,na
Q9NX40-3,187.0,56.4631016,low,76.32653061,0.54856802,na
Q96JN0-2,406.0,56.46251232,low,93.30254042,0.285986172,na
Q99218-1,192.0,56.45072917,low,93.2038835,0.332272141,na
Q8WZ71-2,286.0,56.44902098,low,95.33333333,0.437636698,na
Q6ZUT6-3,257.0,56.43902724,low,34.89208633,0.273699061,na
P57682-2,232.0,56.43422414,low,67.24637681,0.157151071,na
Q8TAZ6-2,195.0,56.41302564,low,78.62903226,0.359846383,na
A8K830-5,251.0,56.40804781,low,61.35458167,0.22634516,na
Q13401-3,109.0,56.3846789,low,52.97619048,0.298279381,na
Q9NW75-2,376.0,56.38343085,low,68.59813084,0.203810927,na
Q6E0U4-11,132.0,56.37886364,low,27.31092437,0.393421138,na
Q9Y4X4-2,269.0,56.34918216,low,66.91542289,0.120944117,na
Q9H305-2,169.0,56.3287574,low,81.25,0.473974281,na
A1A519-2,329.0,56.32395137,low,99.6969697,0.624493631,na
Q9BZG2-3,92.0,56.31,low,11.26126126,0.176640747,na
Q6X4W1-5,402.0,56.30863184,low,62.83185841,0.177787238,na
Q96LP6-3,107.0,56.30392523,low,24.65753425,0.178899533,na
O00165-4,124.0,56.2841129,low,38.16254417,0.202687943,na
Q9H0F5-3,432.0,56.25759259,low,83.88349515,0.282858092,na
P36402-3,495.0,56.2500404,low,73.53535354,0.394034729,na
O43251-4,370.0,56.24121622,low,75.80246914,0.375903523,na
Q9Y603-6,262.0,56.23980916,low,70.53824363,0.345932713,na
O75771-6,118.0,56.22991525,low,28.10650888,0.301714382,na
P12524-2,236.0,56.21983051,low,41.54589372,0.181224826,na
Q15464-2,297.0,56.21808081,low,55.99214145,0.1580225,na
Q6NUJ5-2,499.0,56.21022044,low,84.06779661,0.166381333,na
Q8IZS5-2,276.0,56.20934783,low,69.56521739,0.217919559,na
P40305-4,74.0,56.1827027,low,60.6557377,0.330545809,na
P81877-2,298.0,56.16654362,low,82.54847645,0.358331806,na
O60320-2,343.0,56.15860058,low,63.63636364,0.197072058,na
Q7Z5L9-2,571.0,56.15807356,low,97.27427598,0.379297331,na
Q9UC07-2,149.0,56.14261745,low,26.32508834,0.186838969,na
P52594-3,560.0,56.13430357,low,99.64412811,0.518361886,na
Q06413-5,483.0,56.12312629,low,91.24236253,0.274498981,na
Q8WXS3-3,149.0,56.12214765,low,60.55555556,0.228773394,na
Q70SY1-2,460.0,56.1111087,low,83.10940499,0.424992256,na
Q9Y5P2-2,110.0,56.10381818,low,86.61417323,0.350876401,na
P50549-6,437.0,56.08979405,low,87.39669421,0.355779454,na
Q13401-2,169.0,56.07402367,low,94.11764706,0.748342554,na
Q86YL7-3,238.0,56.02214286,low,68.06722689,0.322754994,na
Q16656-4,522.0,56.0198659,low,96.36015326,0.294537568,na
Q9UDX5-2,135.0,56.00992593,low,42.30769231,0.320437336,na
Q8N6T3-5,361.0,56.00548476,low,83.41346154,0.30776129,na
Q6ISU1-2,174.0,56.00494253,low,61.92170819,0.301261405,na
Q14542-2,202.0,56.0009901,low,22.28796844,0.346250365,na
P04233-2,232.0,55.9975,low,78.37837838,0.355012952,na
Q9NVD3-2,129.0,55.9879845,low,19.9556541,0.391706037,na
Q96K37-2,110.0,55.98781818,low,26.82926829,0.27759455,na
P42772-2,78.0,55.98371795,low,40.27777778,0.415597535,na
Q9BWV3-2,99.0,55.97969697,low,17.12062257,0.236629098,na
Q9Y448-3,241.0,55.97900415,low,71.73913043,0.295703281,na
Q9BU19-5,524.0,55.97671756,low,99.04580153,0.384078675,na
Q6UN15-5,588.0,55.95353741,low,96.0199005,0.260714712,na
Q9Y448-2,286.0,55.95031469,low,86.70886076,0.259255515,na
Q14247-2,634.0,55.9257571,low,74.66467958,0.213981413,na
Q7Z6I8-2,155.0,55.92148387,low,77.65957447,0.187063399,na
Q9BVL2-3,587.0,55.91974446,low,97.9966611,0.611122477,na
P56177-2,129.0,55.9151938,low,43.02325581,0.219679696,na
Q969M3-3,265.0,55.9125283,low,90.7063197,0.570097667,na
Q5M7Z0-2,203.0,55.89014778,low,45.28735632,0.178938141,na
Q8WUK0-3,151.0,55.88476821,low,26.53846154,0.269741943,na
Q6ZSG2-2,455.0,55.88294505,low,94.98956159,0.200214368,na
Q9NZR4-3,374.0,55.86179144,low,43.8,0.216254292,na
Q9HB09-2,176.0,55.86125,low,38.7283237,0.232978657,na
Q9UK76-2,181.0,55.85060773,low,57.89473684,0.265344021,na
Q86TI4-2,277.0,55.84971119,low,32.06278027,0.398907012,na
Q969X5-3,159.0,55.84534591,low,27.8125,0.403834409,na
Q6ZT89-2,291.0,55.8419244,low,74.617737,0.632992966,na
Q06413-4,417.0,55.84081535,low,88.16067653,0.260767669,na
P15863-3,510.0,55.83762745,low,82.85198556,0.368068276,na
Q86YL7-4,236.0,55.83067797,low,66.80672269,0.307003967,na
Q9H0F5-2,465.0,55.82793548,low,89.51456311,0.264920042,na
P14138-2,224.0,55.82410714,low,93.27731092,0.477681515,na
P0C7X2-5,262.0,55.81801527,low,77.66323024,0.396848882,na
Q9NS23-7,152.0,55.78388158,low,24.22680412,0.299054023,na
Q8NC67-2,201.0,55.78139303,low,38.0952381,0.153112938,na
Q99966-2,219.0,55.77789954,low,88.12785388,0.252556085,na
O95704-6,245.0,55.77465306,low,44.53441296,0.375069237,na
Q06413-6,463.0,55.76382289,low,92.81183932,0.315091423,na
Q86VK4-4,405.0,55.75187654,low,84.72803347,0.476711464,na
Q13118-2,469.0,55.74031983,low,97.5,0.271338008,na
Q9UL58-2,304.0,55.71838816,low,52.2556391,0.306374315,na
Q13261-6,202.0,55.71,low,75.65543071,0.259813419,na
Q6P1L5-2,289.0,55.70975779,low,48.22335025,0.16562117,na
Q9ULC0-2,178.0,55.68292135,low,68.19923372,0.17331585,na
Q99542-5,305.0,55.64603279,low,44.63276836,0.334352398,na
Q5T0J7-4,179.0,55.64061453,low,49.42084942,0.205327745,na
Q96JP5-2,529.0,55.63327032,low,92.28070175,0.289749802,na
Q9H9R9-3,278.0,55.61870504,low,52.46478873,0.288747188,na
B4DS77-2,344.0,55.61468023,low,81.13207547,0.30073533,na
A8MV65-2,320.0,55.6076875,low,96.3190184,0.307056406,na
Q9BTE1-3,84.0,55.59630952,low,21.53110048,0.409190929,na
P56270-4,172.0,55.58226744,low,36.05870021,0.200589013,na
P41161-2,552.0,55.5788587,low,92.39130435,0.45719105,na
P23769-2,466.0,55.57678112,low,97.08333333,0.24330987,na
Q6ZTU2-5,356.0,55.57373596,low,69.1206544,0.268939324,na
Q6URK8-2,298.0,55.57261745,low,90.93959732,0.26875367,na
Q9Y3Y4-2,419.0,55.56627685,low,97.13603819,0.28076803,na
Q86VV4-2,321.0,55.55267913,low,64.69344609,0.217023574,na
Q9NWF4-2,167.0,55.54143713,low,19.91247265,0.21907282,na
O95600-5,275.0,55.53789091,low,76.60167131,0.3046763,na
Q9H0F5-4,439.0,55.53314351,low,74.76808905,0.310649311,na
Q7Z5B4-6,288.0,55.51201389,low,77.77777778,0.293943845,na
Q6ZUT6-2,324.0,55.50287037,low,59.92509363,0.181130606,na
Q6ISU1-3,256.0,55.50042969,low,88.25622776,0.364909546,na
P04554-2,140.0,55.49821429,low,65.71428571,0.263270905,na
Q658T7-2,266.0,55.48988722,low,57.45140389,0.23537098,na
Q9BPW4-3,347.0,55.47449568,low,96.01139601,0.500911763,na
Q9NWS0-2,180.0,55.46472222,low,19.57186544,0.228159228,na
P49760-2,139.0,55.46323741,low,26.85370741,0.173815352,na
Q8TCZ2-5,272.0,55.44930147,low,95.95588235,0.283949883,na
P09466-3,86.0,55.44767442,low,47.77777778,0.351853614,na
Q5JRV8-2,185.0,55.44454054,low,52.72206304,0.233666128,na
Q9NWS9-2,422.0,55.44208531,low,93.77777778,0.316068554,na
Q9H6X4-2,180.0,55.37944444,low,92.30769231,0.318574029,na
P80723-2,173.0,55.37820809,low,76.21145374,0.242060162,na
O95429-2,421.0,55.3680285,low,92.12253829,0.336566322,na
P33241-3,467.0,55.34578158,low,68.93617021,0.296565875,na
Q8IYK8-2,221.0,55.33235294,low,41.6,0.169134623,na
Q8WWA1-3,157.0,55.33089172,low,66.9527897,0.329497662,na
Q6UX40-2,163.0,55.31631902,low,29.18918919,0.250964484,na
P01100-3,344.0,55.31270349,low,90.52631579,0.243400942,na
P81877-4,331.0,55.30353474,low,91.68975069,0.363873083,na
P04233-5,216.0,55.30041667,low,72.97297297,0.300349607,na
Q8NC51-2,402.0,55.27532338,low,98.52941176,0.407131911,na
Q99643-4,116.0,55.21560345,low,29.5,0.295651759,na
P32970-2,208.0,55.21538462,low,72.64573991,0.595647638,na
Q02078-3,497.0,55.21263581,low,98.02761341,0.27112031,na
P43699-3,401.0,55.20760599,low,92.51870324,0.440802147,na
Q9NWQ4-1,351.0,55.20356125,low,68.45360825,0.185562415,na
Q401N2-3,126.0,55.19968254,low,20.04662005,0.205829641,na
Q8TCZ2-4,145.0,55.19655172,low,27.34082397,0.221708431,na
Q8WWV6-4,440.0,55.18222727,low,82.70676692,0.377732078,na
Q13261-7,187.0,55.16893048,low,61.42857143,0.227629646,na
Q8NEY8-5,258.0,55.15868217,low,53.5483871,0.156665405,na
Q9Y5R5-3,328.0,55.15518293,low,58.46702317,0.160734385,na
O15446-2,512.0,55.15376953,low,99.609375,0.368896183,na
Q8TCY5-3,113.0,55.13699115,low,65.69767442,0.226214488,na
Q9NX40-2,187.0,55.13117647,low,74.69387755,0.554167516,na
P36402-11,494.0,55.12350202,low,73.68421053,0.352660056,na
Q5FBB7-6,527.0,55.11918406,low,92.86987522,0.390784194,na
Q9BZS1-3,456.0,55.11236842,low,80.65173116,0.427888057,na
Q05519-2,483.0,55.1036853,low,99.79338843,0.280260396,na
O95628-6,767.0,55.10323338,low,70.3989704,0.488095864,na
Q8WVR3-2,199.0,55.0959799,low,28.61952862,0.245808469,na
Q8NHE4-2,164.0,55.08481707,low,34.14634146,0.371178736,na
Q9BYJ9-2,197.0,55.04837563,low,25.17605634,0.148612818,na
Q9BX40-3,239.0,55.03644351,low,33.62068966,0.144789219,na
Q96T75-3,91.0,55.0210989,low,93.81443299,0.24650236,na
Q6P1Q0-3,155.0,54.9996129,low,26.96335079,0.230440502,na
P81877-3,341.0,54.9944868,low,94.4598338,0.402959346,na
Q9NU63-3,536.0,54.97625,low,82.2761194,0.450382275,na
Q96NM4-3,464.0,54.96426724,low,84.85436893,0.20343541,na
P10451-4,292.0,54.93181507,low,92.99363057,0.164127551,na
Q9NSY0-4,324.0,54.93040123,low,36.61202186,0.246902039,na
Q9BQE6-2,263.0,54.90661597,low,91.00346021,0.161122012,na
P98177-2,450.0,54.88448889,low,89.10891089,0.359342539,na
Q02078-5,499.0,54.88106212,low,98.42209073,0.298825336,na
A6NGG3-2,108.0,54.88101852,low,71.2962963,0.304076693,na
Q8N1L9-2,189.0,54.87677249,low,68.97810219,0.164348027,na
Q7Z4B0-2,97.0,54.8728866,low,86.60714286,0.358802934,na
A0PJY2-3,471.0,54.84953291,low,99.15789474,0.422320636,na
Q6DJT9-2,418.0,54.84533493,low,83.6,0.383980567,na
P11308-6,325.0,54.84378462,low,51.77865613,0.255163932,na
Q99732-3,152.0,54.84157895,low,74.71264368,0.258311031,na
Q96KN8-2,253.0,54.84067194,low,84.94623656,0.496502528,na
Q9NWS8-3,208.0,54.83024038,low,45.43429844,0.172411313,na
Q96BU1-2,342.0,54.82997076,low,83.82352941,0.189685521,na
A1L170-2,315.0,54.78238095,low,86.34920635,0.244069229,na
Q9UKT9-7,475.0,54.78092632,low,93.32023576,0.404358366,na
P48061-7,103.0,54.77271845,low,41.52542373,0.20958173,na
Q99946-2,225.0,54.76097778,low,65.69579288,0.519495201,na
P0CK97-2,246.0,54.75260163,low,91.72932331,0.27251782,na
Q9NX94-2,363.0,54.73473829,low,92.83746556,0.334625589,na
Q7L4E1-2,323.0,54.72343653,low,40.03241491,0.15259683,na
Q9NWB1-4,392.0,54.71377551,low,83.72641509,0.493648811,na
P17677-2,274.0,54.71208029,low,84.67153285,0.195354871,na
Q9UM63-2,411.0,54.68688564,low,88.76889849,0.283624213,na
Q8IYJ0-2,276.0,54.67706522,low,97.87234043,0.574472218,na
Q8WVR3-3,206.0,54.67533981,low,31.03448276,0.395350173,na
Q8N0U8-2,177.0,54.67446328,low,42.85714286,0.358393665,na
Q9NWB1-5,395.0,54.658,low,73.58916479,0.344660835,na
Q6NTF9-3,223.0,54.6561435,low,61.26373626,0.230315583,na
Q00587-2,384.0,54.63427083,low,98.20971867,0.343292722,na
Q8N6F7-2,180.0,54.63011111,low,98.88888889,0.412460052,na
Q9HCN2-2,86.0,54.61418605,low,67.74193548,0.315504846,na
Q8IYA8-2,574.0,54.61224739,low,90.18003273,0.398162384,na
Q8NAA5-2,212.0,54.5895283,low,38.00539084,0.271123654,na
O00321-2,370.0,54.588,low,92.43243243,0.48272139,na
Q8NCR6-2,157.0,54.58050955,low,35.35353535,0.171570083,na
Q8NC51-4,387.0,54.54550388,low,94.85294118,0.408830829,na
Q5M7Z0-3,245.0,54.54338776,low,47.5,0.23670913,na
O75553-3,469.0,54.51940299,low,79.76190476,0.232714519,na
P52594-4,584.0,54.51684932,low,95.39249147,0.421054961,na
Q02078-4,495.0,54.50977778,low,91.91321499,0.252623497,na
O14901-2,495.0,54.49830303,low,96.6796875,0.224067549,na
O43493-6,281.0,54.48537367,low,64.3020595,0.241711661,na
Q9BZS1-4,404.0,54.4810396,low,93.73549884,0.416732843,na
Q8TBJ5-2,304.0,54.47713816,low,64.27015251,0.164755139,na
O43251-5,376.0,54.46710106,low,94.35897436,0.35691471,na
Q9BPW4-2,348.0,54.45356322,low,96.2962963,0.527711415,na
Q8NAV2-2,357.0,54.44938375,low,97.80821918,0.253949878,na
Q6NTE8-3,288.0,54.43069444,low,83.96501458,0.210403032,na
Q02078-2,505.0,54.42924752,low,93.88560158,0.270984293,na
P10451-3,287.0,54.42062718,low,91.40127389,0.166342379,na
Q02078-6,497.0,54.40937626,low,92.30769231,0.241837317,na
Q07820-2,271.0,54.40579336,low,65.73816156,0.330419076,na
P58512-2,82.0,54.40378049,low,36.09756098,0.202134684,na
Q9BQY9-4,263.0,54.39973384,low,78.49462366,0.266725895,na
Q9UJU2-4,214.0,54.39163551,low,42.1686747,0.138927603,na
O43251-2,381.0,54.39026247,low,95.39641944,0.376033826,na
Q8NC51-3,393.0,54.3773028,low,96.32352941,0.411304086,na
A4D2B8-2,412.0,54.37485437,low,86.57718121,0.518363318,na
Q13952-2,335.0,54.368,low,73.1441048,0.478881096,na
Q7L2R6-3,127.0,54.36787402,low,10.65719361,0.308492428,na
Q14773-3,272.0,54.36231618,low,44.3148688,0.411814752,na
Q8ND83-2,305.0,54.35780328,low,53.6971831,0.14947798,na
Q15532-2,387.0,54.34844961,low,92.58373206,0.300037616,na
Q9BWW4-2,361.0,54.34498615,low,93.04123711,0.305390817,na
P81877-5,339.0,54.3439233,low,89.70189702,0.334789678,na
Q8WWW8-3,548.0,54.33863139,low,93.18568995,0.324705609,na
Q5VYS4-2,150.0,54.33266667,low,49.17491749,0.433771632,na
Q15038-4,86.0,54.32406977,low,51.19047619,0.245178263,na
Q1A5X6-3,132.0,54.32333333,low,83.01886792,0.285583071,na
Q96HA4-5,254.0,54.31515748,low,66.84210526,0.206600022,na
Q6ZSJ9-2,532.0,54.30907895,low,93.98496241,0.357867945,na
Q8WUH1-3,105.0,54.2967619,low,61.80555556,0.52556162,na
O43251-10,380.0,54.28621053,low,95.64102564,0.315647095,na
Q86T96-3,96.0,54.28572917,low,13.65935919,0.341658196,na
Q86WP2-2,480.0,54.28477083,low,98.54166667,0.212581055,na
Q3SY00-2,403.0,54.25215881,low,63.08243728,0.134931368,na
Q8N8R3-2,145.0,54.22586207,low,9.631728045,0.172101579,na
Q9NXJ0-2,221.0,54.22357466,low,82.77153558,0.322769872,na
Q6ZRZ4-2,183.0,54.2168306,low,90.59405941,0.374984944,na
P10451-5,300.0,54.20086667,low,95.54140127,0.187023631,na
Q96IT1-2,623.0,54.17223114,low,94.22150883,0.358356281,na
Q14153-2,305.0,54.15770492,low,71.56398104,0.292572923,na
Q13952-7,334.0,54.14571856,low,72.92576419,0.475206313,na
Q8N720-2,181.0,54.13220994,low,11.69284468,0.161926132,na
Q96B23-2,343.0,54.12186589,low,84.9009901,0.265748154,na
Q96NZ1-2,258.0,54.10554264,low,29.25989673,0.134747144,na
Q6NZ36-2,283.0,54.09487633,low,56.0137457,0.537384345,na
Q6P5X7-2,276.0,54.06637681,low,93.55932203,0.313356081,na
P22794-2,259.0,54.05664093,low,91.11969112,0.380564652,na
A8K830-2,328.0,54.0095122,low,46.95121951,0.15445504,na
Q8N2R0-3,433.0,53.99882217,low,72.05542725,0.505371558,na
Q96NM4-4,506.0,53.98086957,low,83.11688312,0.198413737,na
Q8WU68-2,202.0,53.9719802,low,39.85765125,0.388273223,na
Q86WP2-3,465.0,53.956,low,95.41666667,0.291825108,na
Q6RW13-4,111.0,53.93513514,low,16.66666667,0.193301279,na
O00592-2,526.0,53.91496198,low,94.08602151,0.380514622,na
Q5JTV8-2,379.0,53.88453826,low,64.7260274,0.279064939,na
O43670-3,395.0,53.88288608,low,76.72064777,0.173055426,na
P07108-6,123.0,53.8700813,low,36.09022556,0.431989496,na
Q86Y22-2,309.0,53.86728155,low,39.18439716,0.138814862,na
Q5JUK2-2,387.0,53.86607235,low,82.94573643,0.277092059,na
Q86T96-2,416.0,53.86574519,low,68.50921273,0.309550704,na
A6NJ46-2,135.0,53.86259259,low,35.47169811,0.213762087,na
Q9UJU2-2,329.0,53.85139818,low,69.87951807,0.154098277,na
P78411-2,482.0,53.8443361,low,99.79296066,0.31999618,na
Q5SQH8-4,496.0,53.83707661,low,63.50806452,0.499597478,na
Q96BN6-2,528.0,53.82107955,low,90.37800687,0.318576514,na
Q86YD1-2,384.0,53.80085938,low,75.58139535,0.411334605,na
Q9NUG4-2,433.0,53.79510393,low,59.09090909,0.479570817,na
Q5T292-3,159.0,53.79132075,low,56.79012346,0.54087039,na
Q15884-2,239.0,53.78058577,low,36.36363636,0.238109872,na
Q9NU63-2,516.0,53.77007752,low,85.65891473,0.447993798,na
Q6ZSJ9-3,551.0,53.76168784,low,90.74410163,0.335658807,na
Q3KRA9-3,140.0,53.76071429,low,24.56140351,0.464597047,na
Q6E0U4-12,146.0,53.75369863,low,26.53061224,0.356282068,na
Q99967-2,213.0,53.74957746,low,78.88888889,0.26133723,na
Q92802-2,655.0,53.74926718,low,86.5648855,0.338131241,na
P04808-2,117.0,53.71512821,low,41.53846154,0.232542045,na
P50548-2,473.0,53.67004228,low,86.31386861,0.189601229,na
Q9BWW4-3,368.0,53.66972826,low,94.84536082,0.33884162,na
Q86VQ3-2,486.0,53.6659465,low,87.88426763,0.28615211,na
Q9UKT9-2,453.0,53.65887417,low,88.99803536,0.236423837,na
Q2M3C6-2,495.0,53.65224242,low,93.22033898,0.468907104,na
Q01113-3,342.0,53.63146199,low,39.35264055,0.350927927,na
O43251-7,400.0,53.62365,low,77.15617716,0.314421816,na
Q8NBM8-2,82.0,53.6202439,low,6.666666667,0.246837256,na
Q96NM4-2,515.0,53.59660194,low,94.75728155,0.213412604,na
P17509-2,140.0,53.58942857,low,62.05357143,0.178265207,na
Q9H8J5-2,397.0,53.55146096,low,92.11136891,0.248737844,na
O43734-2,565.0,53.54849558,low,98.43205575,0.461081599,na
Q9Y4X4-3,309.0,53.54511327,low,70.97560976,0.149012869,na
Q9UL49-1,452.0,53.53316372,low,90.4,0.251383527,na
P09912-2,134.0,53.52373134,low,97.01492537,0.574924741,na
Q9HCI7-2,503.0,53.5184493,low,87.17504333,0.248925541,na
P25063-2,129.0,53.50209302,low,44.52554745,0.285316381,na
Q6UXU4-2,176.0,53.49159091,low,53.17220544,0.322433842,na
Q86XD5-2,348.0,53.48051724,low,88.88888889,0.478172276,na
Q99932-2,501.0,53.44982036,low,84.52611219,0.303961664,na
Q13952-5,354.0,53.4480226,low,77.29257642,0.466269191,na
P09086-5,602.0,53.41657807,low,77.74086379,0.506521287,na
Q9Y4X0-2,157.0,53.4089172,low,47.14714715,0.200736434,na
O43236-7,996.0,53.37028112,low,45.81673307,0.539260751,na
Q9H2X3-2,272.0,53.36349265,low,65.91478697,0.223444621,na
Q5JRV8-4,241.0,53.34593361,low,69.05444126,0.363586331,na
P42771-3,116.0,53.34551724,low,42.94871795,0.427432487,na
Q9UKT9-3,470.0,53.3172766,low,92.33791749,0.294955072,na
Q7Z6L0-3,299.0,53.31026756,low,86.47058824,0.194458323,na
P40305-1,119.0,53.30336134,low,97.54098361,0.538664925,na
Q6UXU4-4,194.0,53.24675258,low,50.42979943,0.335995288,na
Q9UKT9-8,436.0,53.22279817,low,85.65815324,0.312292731,na
Q96PG8-1,101.0,53.20435644,low,38.69731801,0.161416175,na
O43474-4,429.0,53.18939394,low,83.62573099,0.262494209,na
Q96EI5-2,358.0,53.17340782,low,60.05586592,0.247509887,na
Q86SU0-5,457.0,53.15347921,low,83.51648352,0.257616461,na
P35637-2,525.0,53.14070476,low,99.61977186,0.322291689,na
Q6ZTU2-4,345.0,53.13608696,low,63.65461847,0.225869244,na
Q8NCR6-5,127.0,53.13385827,low,48.47328244,0.246838175,na
Q9UGQ2-4,233.0,53.12124464,low,64.52991453,0.533851037,na
Q8TBC5-2,509.0,53.1205501,low,99.80392157,0.285561979,na
O95196-2,539.0,53.11231911,low,95.22968198,0.328412788,na
Q8IYD9-2,533.0,53.05844278,low,69.79362101,0.472243644,na
Q8N2R0-2,276.0,53.02786232,low,79.87616099,0.351533575,na
O95256-4,126.0,53.01452381,low,19.86644407,0.289494646,na
Q8NHS9-3,269.0,53.00498141,low,73.55371901,0.217332473,na
O43474-1,479.0,53.00319415,low,93.37231969,0.249828333,na
Q5T292-2,172.0,52.9980814,low,52.57142857,0.53633738,na
Q8WWW8-2,587.0,52.99678024,low,99.82964225,0.429600245,na
Q86UQ0-3,421.0,52.98232779,low,71.55555556,0.345109253,na
Q5XG99-2,297.0,52.97680135,low,70.66246057,0.248165175,na
O43251-6,450.0,52.96151111,low,86.66666667,0.345110168,na
P40305-3,79.0,52.95240506,low,64.75409836,0.363641812,na
Q6E0U4-10,152.0,52.95052632,low,29.41176471,0.415596937,na
Q6TCH4-2,351.0,52.8645584,low,35.60767591,0.523070096,na
Q9NQ32-2,404.0,52.8579703,low,86.08137045,0.437035326,na
Q6RVD6-2,65.0,52.85692308,low,33.89830508,0.212173131,na
O43251-8,451.0,52.85317073,low,86.47450111,0.345926366,na
Q13117-2,366.0,52.82543716,low,65.59139785,0.256673213,na
P52744-3,126.0,52.78246032,low,8.787878788,0.350076987,na
P38159-3,196.0,52.73188776,low,18.25902335,0.308857616,na
Q8N0S6-3,188.0,52.72606383,low,45.11494253,0.383185426,na
Q9NWB1-2,418.0,52.71600478,low,89.85849057,0.397670281,na
Q8N7X2-3,331.0,52.68135952,low,85.75129534,0.22666638,na
Q8N7U9-2,117.0,52.67683761,low,44.11764706,0.498049952,na
Q66PJ3-2,413.0,52.67266344,low,98.09976247,0.222731186,na
Q8TB05-2,212.0,52.63688679,low,58.7962963,0.195233219,na
Q86T03-3,149.0,52.6238255,low,26.10169492,0.174384684,na
O75414-3,163.0,52.62263804,low,39.02439024,0.389255777,na
O75398-5,490.0,52.62244898,low,79.96545769,0.213499189,na
Q9UGQ2-3,191.0,52.60439791,low,46.15384615,0.253773404,na
A6NGU7-2,89.0,52.60089888,low,64.04494382,0.361597592,na
Q9H1M0-2,72.0,52.55347222,low,35.86956522,0.163742038,na
Q03989-5,526.0,52.54406844,low,88.55218855,0.265572539,na
Q6PIV2-2,206.0,52.50776699,low,47.86885246,0.200590686,na
Q8N8D9-2,117.0,52.50068376,low,30.72289157,0.290816455,na
Q66PJ3-6,276.0,52.49862319,low,55.5808656,0.190095205,na
Q8N720-3,526.0,52.48404943,low,93.3460076,0.491267334,na
Q86XD5-3,360.0,52.47425,low,92.22222222,0.459864539,na
Q9UKT9-15,453.0,52.44935982,low,83.23699422,0.268508179,na
Q16656-3,342.0,52.44847953,low,67.99204771,0.341131364,na
Q969F2-2,311.0,52.44,low,61.67400881,0.320650237,na
Q6E0U4-14,137.0,52.42693431,low,25.10204082,0.259733087,na
O75298-2,472.0,52.40699153,low,86.60550459,0.3352897,na
P22736-3,325.0,52.38916923,low,48.28711256,0.16879969,na
P01242-2,256.0,52.37988281,low,53.89830508,0.667466685,na
Q99732-2,228.0,52.36517544,low,55.88235294,0.309184397,na
Q7Z6K1-2,353.0,52.36274788,low,89.36708861,0.286270884,na
Q96LP6-2,265.0,52.29566038,low,73.61111111,0.229077232,na
Q8N268-2,74.0,52.29513514,low,25.56390977,0.254761995,na
Q9NS68-3,285.0,52.29389474,low,66.90307329,0.14681402,na
P09912-3,138.0,52.2907971,low,94.20289855,0.627007514,na
Q8N8C0-2,327.0,52.28798165,low,92.11267606,0.416140606,na
Q9BWG4-2,363.0,52.27272727,low,94.28571429,0.339121059,na
Q6NTE8-2,271.0,52.26472325,low,49.10485934,0.250231881,na
Q8NCR6-4,164.0,52.23603659,low,34.43708609,0.200551515,na
P04090-2,117.0,52.23589744,low,41.88481675,0.263629065,na
Q9UNN4-2,444.0,52.16677928,low,92.88702929,0.254060075,na
G3V211-3,85.0,52.13729412,low,43.33333333,0.338016287,na
Q9ULC0-3,248.0,52.13173387,low,94.63601533,0.338476563,na
P38159-2,378.0,52.11179894,low,96.67519182,0.22057028,na
A6NDY0-3,267.0,52.0994382,low,53.21637427,0.19845934,na
Q86VQ3-3,538.0,52.05516729,low,97.2875226,0.315598478,na
Q66PJ3-5,365.0,52.04509589,low,86.69833729,0.21757226,na
Q9HCN6-3,620.0,52.00719355,low,42.39631336,0.45368187,na
Q8IVW1-2,125.0,52.00688,low,45.5,0.525621695,na
Q96EX2-2,321.0,51.99894081,low,48.80952381,0.224364281,na
O43734-5,564.0,51.98024823,low,98.25783972,0.456467348,na
Q6E0U4-9,170.0,51.97205882,low,29.70711297,0.391282663,na
Q6PGQ7-2,489.0,51.9701227,low,84.84848485,0.187505097,na
P19544-3,432.0,51.96152778,low,96.21380846,0.328901922,na
Q8WWA1-2,203.0,51.91423645,low,87.12446352,0.417472347,na
Q9XRX5-2,121.0,51.91181818,low,43.15068493,0.302693728,na
P19544-4,446.0,51.90836323,low,99.33184855,0.35004417,na
Q8N9Z9-4,369.0,51.90750678,low,82.88508557,0.248525134,na
Q16538-2,304.0,51.90473684,low,50.76142132,0.176447203,na
Q8IVJ8-2,78.0,51.87858974,low,45.88235294,0.303601741,na
Q9H2X3-6,251.0,51.84948207,low,59.14786967,0.276706276,na
Q9NWQ4-4,477.0,51.81607966,low,96.49484536,0.153177713,na
Q86Y33-5,192.0,51.790625,low,33.71868979,0.201239386,na
Q66PJ3-3,402.0,51.77121891,low,95.48693587,0.209697288,na
Q8TBC5-3,566.0,51.76215548,low,90.10600707,0.296572204,na
O60481-2,457.0,51.75792123,low,88.60759494,0.507977209,na
Q6H9L7-2,292.0,51.75441781,low,36.11111111,0.145495564,na
Q7Z434-4,399.0,51.75308271,low,73.88888889,0.178275643,na
Q2KHT4-4,285.0,51.70835088,low,43.68421053,0.462324918,na
Q8WXC6-1,252.0,51.69452381,low,22.22222222,0.254196212,na
Q92567-3,129.0,51.68186047,low,52.45901639,0.205204369,na
P23511-2,318.0,51.67600629,low,91.6426513,0.309375537,na
Q66PJ3-4,399.0,51.61197995,low,89.55916473,0.211649893,na
Q9H171-4,406.0,51.60433498,low,94.63869464,0.282489883,na
Q14242-2,428.0,51.60091121,low,96.26168224,0.261778606,na
Q8N720-4,110.0,51.59827273,low,10.40462428,0.189955944,na
Q9H171-2,446.0,51.5882287,low,79.53091684,0.390971438,na
Q5BVD1-3,250.0,51.5718,low,51.82481752,0.241054781,na
Q8TBC5-4,374.0,51.53566845,low,73.33333333,0.221463985,na
Q13422-7,477.0,51.49136268,low,91.90751445,0.271788583,na
Q6UXB0-1,335.0,51.49104478,low,75.40106952,0.30037213,na
Q9H321-2,216.0,51.48157407,low,87.80487805,0.193770051,na
Q9H0B8-4,159.0,51.47540881,low,20.0,0.289090126,na
Q02078-7,437.0,51.47530892,low,80.8678501,0.155051491,na
P19544-2,429.0,51.4655711,low,95.54565702,0.346948068,na
P35452-2,217.0,51.44976959,low,70.10676157,0.171807081,na
Q8N205-2,291.0,51.39731959,low,72.02970297,0.226855271,na
Q9ULZ0-3,102.0,51.37921569,low,64.92537313,0.246886501,na
Q9NRJ3-2,117.0,51.37119658,low,50.0,0.384480144,na
Q9NZC7-6,311.0,51.33202572,low,37.09327549,0.341603853,na
Q9BUV0-3,226.0,51.32429204,low,77.5862069,0.178445235,na
Q8N6T3-4,293.0,51.30136519,low,65.45012165,0.156871538,na
Q9BV97-2,190.0,51.29015789,low,99.47643979,0.546537194,na
P78413-2,545.0,51.28847706,low,95.2293578,0.244154769,na
Q96N77-3,415.0,51.24995181,low,87.72727273,0.443406345,na
A2IDD5-5,347.0,51.21164265,low,31.36915078,0.253047247,na
Q6ZUT6-4,466.0,51.20122318,low,78.96678967,0.155623873,na
O43251-3,358.0,51.18505587,low,89.74358974,0.278039808,na
Q86VK4-3,431.0,51.17784223,low,90.16736402,0.487013935,na
O14791-3,380.0,51.16226316,low,95.47738693,0.72085647,na
Q02078-8,429.0,51.13039627,low,79.28994083,0.143852297,na
Q8N7X2-1,389.0,51.08660668,low,98.97172237,0.25871851,na
A4D1S0-2,314.0,51.05318471,low,62.41134752,0.15530992,na
P34910-2,463.0,50.95542117,low,96.76025918,0.26286434,na
Q2VPJ9-2,152.0,50.95092105,low,23.61516035,0.259222357,na
Q2KHT4-7,326.0,50.91493865,low,47.22222222,0.41573284,na
Q6E0U4-8,189.0,50.8852381,low,36.55462185,0.411103245,na
A1KXE4-2,123.0,50.84504065,low,43.41463415,0.311422474,na
Q8WVX3-2,199.0,50.83924623,low,33.16582915,0.28477854,na
P19544-8,505.0,50.83328713,low,82.75862069,0.325672704,na
P56181-2,473.0,50.82363636,low,22.62156448,0.296816999,na
A4D2B8-3,381.0,50.82304462,low,86.13636364,0.533399298,na
Q15415-2,419.0,50.79107399,low,79.20792079,0.247064369,na
Q6UWP8-2,247.0,50.78991903,low,41.86440678,0.253959222,na
Q7L5A3-2,442.0,50.77124434,low,80.44280443,0.249726577,na
O75177-2,374.0,50.77101604,low,94.19191919,0.251774572,na
Q9Y5P3-2,480.0,50.75027083,low,90.56603774,0.165856794,na
Q8N387-2,284.0,50.68746479,low,85.02994012,0.177180573,na
Q8IZ20-2,504.0,50.6871627,low,96.18320611,0.362631166,na
Q8ND83-4,426.0,50.68556338,low,65.37162162,0.178914422,na
Q15723-4,504.0,50.60988095,low,81.98653199,0.434384224,na
Q15723-3,533.0,50.53917448,low,86.86868687,0.315107715,na
P98182-3,394.0,50.50281726,low,99.74683544,0.545017618,na
Q9UKJ0-3,271.0,50.4097786,low,12.72264631,0.219899014,na
O14791-2,414.0,50.4057971,low,96.1352657,0.65621985,na
Q9UKS7-2,500.0,50.38962,low,95.05703422,0.302285631,na
Q92804-2,589.0,50.37913413,low,99.49324324,0.336082349,na
P59103-4,126.0,50.35214286,low,59.63855422,0.604133551,na
P0DJD3-2,459.0,50.2230719,low,92.54032258,0.300983014,na
Q9BUV0-2,242.0,50.185,low,78.00687285,0.186687246,na
Q96N77-4,424.0,50.16981132,low,96.80365297,0.511015676,na
P0C7P1-2,459.0,50.15906318,low,92.54032258,0.279071241,na
Q9H7T9-2,371.0,50.15808625,low,94.07008086,0.226693357,na
Q86SG3-2,390.0,50.14776923,low,67.18480138,0.519459946,na
Q76KD6-2,441.0,50.0978458,low,73.4006734,0.16720568,na
P19544-7,522.0,50.06770115,low,86.01532567,0.339859929,na
Q6ZTU2-2,430.0,50.05690698,low,80.72289157,0.253900866,na
Q6UWE3-2,153.0,50.00437908,low,48.73417722,0.440584613,na
Q8IWV1-3,382.0,49.99039267,unstructured,93.2160804,0.192971289,na
P19532-2,109.0,49.98256881,unstructured,13.72212693,0.133466068,na
P57052-2,233.0,49.98197425,unstructured,71.875,0.164780387,na
Q8IWV1-2,322.0,49.96968944,unstructured,80.90452261,0.188442551,na
O43493-4,379.0,49.89522427,unstructured,86.72768879,0.242228323,na
P49639-2,137.0,49.85065693,unstructured,35.90504451,0.176910305,na
Q8WWV6-3,534.0,49.84054307,unstructured,85.99640934,0.381718364,na
Q6ZU67-2,441.0,49.83090703,unstructured,82.20973783,0.264684541,na
O75363-2,614.0,49.8290228,unstructured,84.30769231,0.263135569,na
Q6ZQX7-3,433.0,49.82457275,unstructured,95.58498896,0.373688841,na
Q15723-2,521.0,49.82393474,unstructured,84.84848485,0.311203858,na
Q86VK4-5,516.0,49.76594961,unstructured,90.15444015,0.39698766,na
Q6ZQX7-2,423.0,49.62196217,unstructured,93.37748344,0.319819295,na
Q7Z6L0-2,394.0,49.58715736,unstructured,85.53299492,0.336857373,na
P51460-2,157.0,49.53426752,unstructured,40.32258065,0.297270269,na
Q6ZQX7-4,423.0,49.48947991,unstructured,93.37748344,0.314892401,na
Q6ZTU2-6,488.0,49.45202869,unstructured,96.11451943,0.253941745,na
O43493-3,453.0,49.43741722,unstructured,96.24724062,0.386607717,na
Q9HCN2-4,120.0,49.43341667,unstructured,96.77419355,0.321474883,na
Q9UKS7-4,452.0,49.41373894,unstructured,85.93155894,0.219337334,na
Q8N9Z2-2,320.0,49.3808125,unstructured,40.05763689,0.196083605,na
P98182-2,394.0,49.34492386,unstructured,99.74683544,0.523662052,na
Q6P387-2,388.0,49.34404639,unstructured,96.70886076,0.233640217,na
Q9H2S9-2,544.0,49.28564338,unstructured,89.15254237,0.325858472,na
Q96KN4-2,354.0,49.28384181,unstructured,45.6,0.280687145,na
Q13952-3,439.0,49.28189066,unstructured,95.85152838,0.440876526,na
O95399-2,139.0,49.27928058,unstructured,74.64788732,0.279163871,na
Q96N77-2,383.0,49.2689295,unstructured,87.44292237,0.344814635,na
Q9NYG5-2,196.0,49.25030612,unstructured,19.38325991,0.335525255,na
Q13422-3,432.0,49.2462037,unstructured,83.23699422,0.269455449,na
Q9UKT9-9,422.0,49.22016588,unstructured,82.90766208,0.338998565,na
O75678-2,76.0,49.15473684,unstructured,12.08226221,0.238092145,na
Q9HAH7-1,487.0,49.14271047,unstructured,90.14373717,0.509115536,na
Q495C1-4,280.0,49.13614286,unstructured,37.24340176,0.350125541,na
Q13952-4,297.0,49.04973064,unstructured,64.84716157,0.228843609,na
Q2KHT4-8,343.0,49.04597668,unstructured,57.76081425,0.416927809,na
Q8N319-4,105.0,49.04542857,unstructured,19.52191235,0.198047494,na
Q13316-2,497.0,49.01261569,unstructured,96.88109162,0.227914929,na
Q495C1-6,273.0,48.94860806,unstructured,38.0239521,0.343422777,na
O43493-5,447.0,48.93718121,unstructured,97.53914989,0.301833185,na
Q6ZU67-5,316.0,48.89984177,unstructured,58.80149813,0.291184008,na
Q4KMZ1-3,546.0,48.84968864,unstructured,85.34798535,0.261379794,na
O43493-7,454.0,48.82447137,unstructured,96.03524229,0.272043282,na
Q9H171-7,354.0,48.82172316,unstructured,82.51748252,0.259510834,na
Q15723-1,581.0,48.75442341,unstructured,97.97639123,0.450341233,na
O95236-3,202.0,48.73148515,unstructured,50.24875622,0.180861278,na
Q9UKS7-7,454.0,48.65447137,unstructured,86.31178707,0.235864776,na
Q14011-3,244.0,48.64536885,unstructured,35.35353535,0.160318163,na
Q6P1W5-2,408.0,48.61213235,unstructured,68.22742475,0.170415011,na
Q6UX39-2,208.0,48.60519231,unstructured,99.5215311,0.184015279,na
Q8N883-2,198.0,48.57959596,unstructured,28.28282828,0.290854022,na
Q13794-2,136.0,48.55477941,unstructured,19.85294118,0.446581609,na
G3V211-2,96.0,48.35833333,unstructured,44.26229508,0.315398569,na
Q96LM9-2,202.0,48.29485149,unstructured,52.31481481,0.494314728,na
Q15038-5,207.0,48.22342995,unstructured,46.21848739,0.28039292,na
Q13887-4,366.0,48.18806011,unstructured,80.08752735,0.27439105,na
Q8N7U7-2,407.0,48.13948403,unstructured,99.02676399,0.26486894,na
P04732-2,127.0,47.99094488,unstructured,25.89928058,0.372999442,na
Q8NCQ7-3,338.0,47.92772189,unstructured,91.48351648,0.426783571,na
Q8N4C9-2,159.0,47.86666667,unstructured,50.54545455,0.367409774,na
P14653-2,232.0,47.77612069,unstructured,66.33663366,0.138511197,na
Q8IVJ8-3,119.0,47.63403361,unstructured,47.72727273,0.261789129,na
Q17RF5-2,176.0,47.55051136,unstructured,23.80952381,0.218540429,na
Q9NQ76-3,412.0,47.5488835,unstructured,78.47619048,0.312898413,na
Q6E0U4-7,369.0,47.49601626,unstructured,75.625,0.213400808,na
P49639-3,227.0,47.48643172,unstructured,65.37313433,0.139265338,na
Q5JUW0-2,166.0,47.42608434,unstructured,97.07602339,0.546105747,na
Q6ZUL3-2,140.0,47.32078571,unstructured,45.60669456,0.295392061,na
E9PAV3-2,925.0,47.27022703,unstructured,8.007033998,0.160212802,na
Q96KD3-3,243.0,47.22843621,unstructured,56.97674419,0.230924606,na
Q8NCQ7-2,336.0,47.19779762,unstructured,91.20879121,0.395774784,na
O75952-3,379.0,47.04934037,unstructured,42.17557252,0.218519493,na
Q5SRN2-2,562.0,47.02496441,unstructured,92.56055363,0.20353061,na
O75177-5,399.0,46.96218045,unstructured,87.65432099,0.172247472,na
Q8NC26-2,383.0,46.84809399,unstructured,91.84652278,0.379573301,na
Q8N2B8-2,109.0,46.79284404,unstructured,56.32183908,0.277131344,na
Q5JWF2-3,752.0,46.78760638,unstructured,51.96441809,0.146178045,na
Q8N5D6-2,294.0,46.66418367,unstructured,38.48101266,0.280264372,na
O75177-4,265.0,46.49898113,unstructured,66.91919192,0.150972154,na
O43236-8,570.0,46.37933333,unstructured,8.374384236,0.124670463,na
Q6UXF1-2,487.0,46.34373717,unstructured,84.17391304,0.189894471,na
Q8WVV4-3,306.0,46.34104575,unstructured,49.40778342,0.171825899,na
Q6E0U4-5,398.0,46.29728643,unstructured,77.23577236,0.214555673,na
Q9UKT9-6,431.0,46.21092807,unstructured,84.67583497,0.382406337,na
Q9BYZ8-2,134.0,46.18216418,unstructured,32.0,0.362474087,na
Q9UKT9-4,470.0,46.17868085,unstructured,92.33791749,0.356143481,na
Q6E0U4-3,386.0,46.17647668,unstructured,79.16666667,0.217464261,na
Q13422-2,432.0,46.16555556,unstructured,83.23699422,0.316222773,na
Q9Y4I5-3,251.0,46.12286853,unstructured,49.21259843,0.192411481,na
Q8IVW1-4,203.0,45.98192118,unstructured,86.20689655,0.550663855,na
Q2M2W7-2,75.0,45.97653333,unstructured,31.93277311,0.322708097,na
Q9NS23-6,92.0,45.81706522,unstructured,24.70930233,0.221301582,na
Q13422-4,388.0,45.65520619,unstructured,74.75915222,0.223672822,na
Q15759-3,213.0,45.5958216,unstructured,26.27906977,0.408844257,na
O75952-2,475.0,45.58235789,unstructured,96.34888438,0.265763877,na
Q4VC12-3,95.0,45.58168421,unstructured,5.307855626,0.22908824,na
Q66K80-2,180.0,45.53822222,unstructured,55.32786885,0.169269796,na
O00712-6,309.0,45.46355987,unstructured,29.23351159,0.156373017,na
Q9UBQ7-2,252.0,45.39876984,unstructured,28.03970223,0.449316554,na
Q96MR7-2,113.0,45.31132743,unstructured,47.97687861,0.221307353,na
P0C7A2-2,338.0,45.2810355,unstructured,83.20413437,0.504589111,na
Q5VWP3-4,915.0,45.15631694,unstructured,37.52515091,0.185030186,na
Q5SRN2-3,561.0,45.07755793,unstructured,92.89428076,0.183909262,na
Q9NW81-2,158.0,45.04639241,unstructured,47.03703704,0.382699491,na
P0DJD3-3,356.0,45.03634831,unstructured,71.77419355,0.135019024,na
O75177-3,314.0,44.85707006,unstructured,79.29292929,0.119651138,na
Q9NY56-3,147.0,44.75190476,unstructured,46.40883978,0.389249592,na
Q92567-2,235.0,44.6433617,unstructured,96.31147541,0.196849288,na
Q6E0U4-6,436.0,44.55555046,unstructured,71.69811321,0.193983946,na
C9JL84-2,388.0,44.52043814,unstructured,57.37410072,0.242986052,na
Q8NBJ7-4,321.0,44.40323988,unstructured,31.7016317,0.456332496,na
Q86SQ6-1,1279.0,44.19503059,unstructured,5.384615385,0.442603336,na
Q32M92-2,165.0,44.18254545,unstructured,92.69662921,0.394076922,na
Q92802-3,752.0,44.01831117,unstructured,9.023178808,0.12909295,na
Q96BZ9-2,172.0,43.95906977,unstructured,8.855291577,0.24051126,na
Q9NP70-2,432.0,43.90027778,unstructured,96.6442953,0.227148274,na
A6H8Z2-3,340.0,43.68867647,unstructured,62.35294118,0.192166355,na
Q86SI9-2,226.0,43.5209292,unstructured,53.09734513,0.446176861,na
Q9Y4I5-2,306.0,43.48888889,unstructured,60.23622047,0.225512983,na
O14603-2,71.0,42.99929577,unstructured,43.53741497,0.257758856,na
Q5VWP3-3,993.0,42.81599194,unstructured,43.93179539,0.189233918,na
Q96AQ8-2,257.0,42.59400778,unstructured,50.12987013,0.174524949,na
Q8N816-2,189.0,42.33603175,unstructured,73.25581395,0.32068579,na
Q8TA94-2,228.0,42.20811404,unstructured,41.71779141,0.310821438,na
Q9NQ76-2,556.0,41.33115108,unstructured,94.42446043,0.224589851,na
Q9Y5X3-2,126.0,40.4652381,unstructured,9.546539379,0.211729961,na
Q6E0U4-4,449.0,40.39129176,unstructured,81.37254902,0.363165428,na
Q9NXT0-2,210.0,40.11061905,unstructured,11.29032258,0.235908916,na
Q8N6C7-2,91.0,40.00153846,unstructured,63.63636364,0.306773814,na
Q6E0U4-16,465.0,39.97230108,unstructured,78.8973384,0.379763434,na
O75952-6,292.0,39.65058219,unstructured,59.22920892,0.240779077,na
Q86YD3-3,218.0,39.635,unstructured,59.28961749,0.377372304,na
P58512-3,218.0,39.50651376,unstructured,64.28571429,0.212031197,na
Q8N1D0-2,150.0,38.588,unstructured,59.28853755,0.233366143,na
O00165-6,191.0,38.37675393,unstructured,33.86075949,0.183939102,na
Q9UKJ0-2,149.0,38.27248322,unstructured,18.4501845,0.199864087,na
Q9NXC2-3,136.0,38.22375,unstructured,1.411290323,0.250866996,na
B1APH4-2,208.0,38.12826923,unstructured,42.85714286,0.274666424,na
Q7Z2F6-2,178.0,37.02533708,unstructured,19.35483871,0.234652296,na
P04279-2,402.0,35.73517413,unstructured,87.01298701,0.123691992,na
O75952-5,281.0,35.34348754,unstructured,23.47328244,0.190236715,na
Q9ULZ0-1,132.0,34.86818182,unstructured,90.90909091,0.195338134,na
Q86WD7-3,201.0,34.02402985,unstructured,8.230452675,0.209765339,na
Q9Y6Z4-2,163.0,29.47245399,unstructured,48.63636364,0.272930633,na
Q9Y6Z5-2,240.0,28.18120833,unstructured,94.48818898,0.287867121,na
