intron	logef	CD4	MO	deltapsi
chr1:944800:945042:clu_1801	-0.0997606672475549	0.315068874630521	0.273676579448453	-0.0413922951820686
chr1:944800:945057:clu_1801	0.0997606672475549	0.684931125369479	0.726323420551547	0.0413922951820686
chr1:1228946:1231507:clu_1817	-0.458668131056939	0.0810176327707247	0.0340284850116386	-0.0469891477590861
chr1:1228946:1231892:clu_1817	0.458668131056939	0.918982367229275	0.965971514988361	0.0469891477590861
chr1:1263386:1267862:clu_1818	0.111982774640481	0.565814077610399	0.585215756012414	0.0194016784020148
chr1:1263386:1273666:clu_1818	-0.204371405599987	0.0982081111588779	0.0740284651588363	-0.0241796460000416
chr1:1267992:1273666:clu_1818	0.0923886309595066	0.335977811230723	0.34075577882875	0.00477796759802684
chr1:1374445:1374705:clu_1835	1.02006887752126	0.907425683401482	0.986910095748595	0.0794844123471136
chr1:1374590:1374705:clu_1835	-1.02006887752126	0.092574316598518	0.0130899042514046	-0.0794844123471134
chr1:1388065:1388626:clu_1836	0.618500076432648	0.0940597384304197	0.0700940235646395	-0.0239657148657803
chr1:1388065:1390230:clu_1836	1.05151498761244	0.802488653430324	0.922087448857134	0.11959879542681
chr1:1388743:1390230:clu_1836	-1.67001506404508	0.103451608139256	0.00781852757822645	-0.0956330805610294
chr1:1390865:1392679:clu_1837	-0.400800958279068	0.114765327163734	0.0896311153866873	-0.0251342117770469
chr1:1390865:1393396:clu_1837	1.20443016443157	0.0706818049895646	0.274851905425721	0.204170100436157
chr1:1391575:1392679:clu_1837	-0.40181460169832	0.131769199061037	0.102806787424442	-0.0289624116365948
chr1:1392803:1393396:clu_1837	-0.401814604454178	0.682783668785664	0.532710191763149	-0.150073477022515
chr1:1703995:1704223:clu_1862	-0.0907310853444576	0.506371799190976	0.461085461477833	-0.0452863377131423
chr1:1704146:1704223:clu_1862	0.0907310853444577	0.493628200809024	0.538914538522167	0.0452863377131424
chr1:1753649:1754051:clu_1875	0.174279522795974	0.50745145838382	0.507740865774369	0.00028940739054939
chr1:1753649:1754284:clu_1875	-0.3970367516218	0.0516319674639043	0.0291774130302719	-0.0224545544336325
chr1:1754208:1754284:clu_1875	0.222757228825826	0.440916574152276	0.463081721195359	0.022165147043083
chr1:1754698:1755374:clu_1876	0.0719799684560747	0.386770974790108	0.377132860446394	-0.00963811434371398
chr1:1754698:1756258:clu_1876	-0.233373284951848	0.0891598545626282	0.0640614284663273	-0.0250984260963009
chr1:1755476:1756258:clu_1876	0.161393316495773	0.524069170647264	0.558805711087279	0.0347365404400148
chr1:1787053:1787322:clu_1880	0.0626169145669021	0.906206566998235	0.916323114351119	0.010116547352884
chr1:1787053:1787326:clu_1880	-0.0626169145669021	0.093793433001765	0.083676885648881	-0.010116547352884
chr1:1825499:1839190:clu_1884	-0.00689346044527603	0.565160555394317	0.546590995521393	-0.0185695598729244
chr1:1825499:1890820:clu_1884	-0.0731024467642796	0.0355176184820486	0.0321499476520756	-0.00336767082997294
chr1:1839238:1890820:clu_1884	0.0799959072095557	0.399321826123634	0.421259056826532	0.0219372307028974
chr1:2391958:2395784:clu_1892	0.558251015444784	0.379315082737077	0.590984249294793	0.211669166557716
chr1:2393355:2395784:clu_1892	-0.399461070305715	0.387781264167044	0.231864116724511	-0.155917147442532
chr1:2394728:2395784:clu_1892	-0.158789945139069	0.23290365309588	0.177151633980696	-0.0557520191151843
chr1:2558468:2558881:clu_1911	-0.0658177629970838	0.124746431661111	0.111069193016856	-0.0136772386442548
chr1:2558468:2559823:clu_1911	0.0658177629970838	0.875253568338889	0.888930806983144	0.0136772386442549
chr1:2560714:2561494:clu_1912	-0.140729917828834	0.170184669528306	0.168714250868781	-0.00147041865952441
chr1:2560714:2561673:clu_1912	-0.168679970243859	0.776824253022935	0.748885729343428	-0.0279385236795069
chr1:2560714:2561777:clu_1912	0.309409888072693	0.052991077448759	0.0824000197877903	0.0294089423390313
chr1:2561815:2562865:clu_1913	-0.226851550310593	0.935867455367642	0.90263213019051	-0.0332353251771319
chr1:2561957:2562865:clu_1913	0.226851550310593	0.0641325446323578	0.0973678698094898	0.033235325177132
chr1:5992788:6040517:clu_1947	-0.305922289078389	0.156933889243059	0.0916989183877992	-0.06523497085526
chr1:6026445:6040517:clu_1947	0.305922289078389	0.843066110756941	0.908301081612201	0.06523497085526
chr1:6040645:6041831:clu_1948	-0.3484278524631	0.291102492102781	0.192540076185722	-0.0985624159170591
chr1:6040645:6072755:clu_1948	0.216678909238021	0.523256333562388	0.608993220562911	0.0857368870005225
chr1:6041872:6072755:clu_1948	0.131748943225079	0.18564117433483	0.198466703251367	0.0128255289165365
chr1:6097357:6098485:clu_1953	0.0020849531451916	0.855571313567266	0.856085821282864	0.000514507715597912
chr1:6097555:6098485:clu_1953	-0.0020849531451916	0.144428686432734	0.143914178717136	-0.000514507715597939
chr1:6785575:6820181:clu_1973	0.251122468775545	0.352783263187235	0.445860165223535	0.0930769020362998
chr1:6785575:6825092:clu_1973	-0.102873183720836	0.139503511699603	0.123747798430537	-0.0157557132690653
chr1:6820250:6825092:clu_1973	-0.148249285054709	0.507713225113162	0.430392036345928	-0.0773211887672345
chr1:7961735:7962763:clu_1979	-0.0236314165705514	0.468255087616614	0.456506821351778	-0.0117482662648354
chr1:7961793:7962763:clu_1979	0.0236314165705515	0.531744912383386	0.543493178648222	0.0117482662648354
chr1:8358916:8359764:clu_1983	-0.139772165370161	0.410555446814401	0.360414190150997	-0.0501412566634041
chr1:8358916:8360112:clu_1983	0.075744334226798	0.406625272621262	0.442814728268441	0.0361894556471796
chr1:8359986:8360112:clu_1983	0.064027831143363	0.182819280564338	0.196771081580562	0.0139518010162245
chr1:9651802:9691467:clu_1996	-0.3197768618986	0.308215306541922	0.2263702987496	-0.0818450077923225
chr1:9651802:9710424:clu_1996	0.00258395889633258	0.0711107315137703	0.072094131292095	0.000983399778324762
chr1:9664758:9691467:clu_1996	0.701452145167079	0.00949970955539913	0.0193726793886202	0.0098729698332211
chr1:9691571:9710424:clu_1996	0.161636994010108	0.537704831087744	0.63912316794914	0.101418336861396
chr1:9710280:9710424:clu_1996	-0.545896236174919	0.0734694213011641	0.0430397226205453	-0.0304296986806188
chr1:9716619:9716959:clu_1998	0.325279834350515	0.846988715210492	0.904531308447865	0.0575425932373727
chr1:9716619:9716970:clu_1998	-0.563593881762091	0.100617858983043	0.0441761741556054	-0.0564416848274373
chr1:9716619:9717046:clu_1998	0.238314047411576	0.0523934258064652	0.0512925173965299	-0.00110090840993539
chr1:9720661:9720742:clu_2000	0.0201284453911025	0.807307817387369	0.813492903448895	0.00618508606152601
chr1:9720661:9720745:clu_2000	-0.0201284453911025	0.192692182612631	0.186507096551105	-0.00618508606152604
chr1:9721248:9721444:clu_2001	-0.405212272601222	0.406187039087257	0.35000474647655	-0.0561822926107064
chr1:9721248:9721761:clu_2001	0.810440749623046	0.0676617402472251	0.196626675088763	0.128964934841538
chr1:9721587:9721761:clu_2001	-0.405228477021824	0.526151220665518	0.453368578434686	-0.072782642230832
chr1:9722356:9722528:clu_2002	0.326739612332633	0.93830017183971	0.966922593863036	0.0286224220233253
chr1:9722356:9722557:clu_2002	-0.326739612332633	0.0616998281602898	0.0330774061369644	-0.0286224220233253
chr1:9723292:9723969:clu_2003	-0.701145287146703	0.472198715969163	0.423653367187433	-0.0485453487817304
chr1:9723292:9724276:clu_2003	1.40229293700719	0.0159277079286448	0.117098345204358	0.101170637275714
chr1:9724092:9724276:clu_2003	-0.701147649860488	0.511873576102192	0.459248287608209	-0.0526252884939832
chr1:9724405:9724804:clu_2004	-0.450405871275584	0.0651113881076764	0.0275145631552413	-0.0375968249524351
chr1:9724421:9724804:clu_2004	0.450405871275584	0.934888611892324	0.972485436844759	0.0375968249524351
chr1:12167169:12188796:clu_2073	0.0254437223564569	0.439959796724098	0.382293615254075	-0.0576661814700228
chr1:12167169:12190957:clu_2073	-0.330615191060129	0.0480788729065708	0.0292619934618365	-0.0188168794447344
chr1:12188895:12190957:clu_2073	0.305171468703673	0.511961330369331	0.588444391284088	0.076483060914757
chr1:12191085:12191774:clu_2074	0.14134901144903	0.973100676516029	0.979589506016234	0.00648882950020491
chr1:12191085:12191779:clu_2074	-0.14134901144903	0.0268993234839708	0.0204104939837658	-0.006488829500205
chr1:12202171:12202507:clu_2076	0.203030219463133	0.0222124342461215	0.0277944504404114	0.00558201619428983
chr1:12202171:12206737:clu_2076	-0.18214734621191	0.0392491620990124	0.0334127202603095	-0.00583644183870296
chr1:12202171:12206740:clu_2076	-0.020882873251223	0.938538403654866	0.938792829299279	0.000254425644413026
chr1:15719920:15721329:clu_2091	0.0719410665600002	0.326161099858024	0.348956071165752	0.0227949713077275
chr1:15719920:15725317:clu_2091	-0.21305707163811	0.355392020649636	0.285938839077599	-0.0694531815720377
chr1:15721388:15725317:clu_2091	0.14111600507811	0.318446879492339	0.365105089756649	0.0466582102643102
chr1:15731257:15731889:clu_2093	0.0488216284062918	0.824677160721328	0.838350542856384	0.0136733821350558
chr1:15731257:15731950:clu_2093	-0.0488216284062918	0.175322839278672	0.161649457143616	-0.0136733821350557
chr1:16367308:16391375:clu_2106	0.175210865883932	0.172407809382142	0.20504957813601	0.0326417687538683
chr1:16367308:16393228:clu_2106	0.21524499553911	0.210138123322068	0.26013177082321	0.0499936475011423
chr1:16367308:16393231:clu_2106	-0.0840301755007025	0.230310050354757	0.211362473604724	-0.0189475767500333
chr1:16391424:16393228:clu_2106	-0.243279452459633	0.254644678828228	0.199291380610783	-0.0553532982174455
chr1:16391424:16393231:clu_2106	-0.0631462334627073	0.132499338112804	0.124164796825273	-0.00833454128753172
chr1:19623583:19626387:clu_2162	0.988195776094158	0.779154702836316	0.962208200831491	0.183053497995175
chr1:19625632:19626387:clu_2162	-0.988195776094158	0.220845297163684	0.0377917991685087	-0.183053497995175
chr1:20652971:20653627:clu_2170	0.450447790830228	0.517893969672308	0.541776420762668	0.0238824510903598
chr1:20652971:20654223:clu_2170	-0.840379863392818	0.0236732746496595	0.00681142932741088	-0.0168618453222486
chr1:20653774:20654223:clu_2170	0.389932072562589	0.458432755678032	0.451412149909921	-0.00702060576811114
chr1:20779911:20780345:clu_2175	0.306021782200856	0.516994394227387	0.601627463416708	0.0846330691893206
chr1:20779911:20787195:clu_2175	-0.428146896237171	0.169088777459946	0.0944302625491939	-0.0746585149107524
chr1:20780540:20787195:clu_2175	0.122125114036316	0.313916828312667	0.303942274034099	-0.00997455427856814
chr1:21290156:21290364:clu_2188	1.78545331518564	0.0941347200913274	0.7869676284991	0.692832908407773
chr1:21290156:21345376:clu_2188	-1.78545331518564	0.905865279908673	0.2130323715009	-0.692832908407773
chr1:22052742:22074094:clu_2200	-0.0501604845703692	0.0799979096037549	0.0752781922651011	-0.00471971733865373
chr1:22052742:22078429:clu_2200	0.0133946011962978	0.827608888287773	0.829883847762942	0.00227495947516854
chr1:22074219:22078429:clu_2200	0.0367658833740714	0.0923932021084718	0.094837959971957	0.00244475786348519
chr1:22078583:22078706:clu_2201	-0.293530558367914	0.0203550996579395	0.0136103321036423	-0.00674476755429721
chr1:22078583:22081722:clu_2201	0.0901430280226215	0.41682388540087	0.409049068890701	-0.00777481651016981
chr1:22078583:22086439:clu_2201	-0.00210526653570526	0.0114848365238349	0.010277434163268	-0.00120740236056688
chr1:22078881:22081722:clu_2201	0.0657022841221422	0.0207627557557233	0.0198835225342324	-0.00087923322149085
chr1:22081794:22086439:clu_2201	0.139790512758855	0.530573422661632	0.547179642308157	0.0166062196465248
chr1:22086866:22089943:clu_2202	0.0531924092112376	0.0455571150057439	0.0504130911080073	0.00485597610226338
chr1:22086866:22091428:clu_2202	-0.0531924092112376	0.954442884994256	0.949586908891993	-0.00485597610226352
chr1:23321663:23323556:clu_2211	0.304092223361682	0.429486749060879	0.411439804085466	-0.0180469449754123
chr1:23321663:23337754:clu_2211	-0.710055665866667	0.0232622523481652	0.00808294206389566	-0.0151793102842695
chr1:23333631:23337754:clu_2211	0.405963442504986	0.547250998590956	0.580477253850638	0.0332262552596818
chr1:23338608:23340852:clu_2212	0.171310974178874	0.232554498345681	0.293387577541223	0.0608330791955421
chr1:23338608:23344211:clu_2212	-0.182729805847259	0.624685885707689	0.553121720443484	-0.0715641652642049
chr1:23341017:23344211:clu_2212	0.011418831668385	0.14275961594663	0.153490702015292	0.0107310860686628
chr1:23691829:23692609:clu_2217	0.076045140843313	0.896276721352097	0.909587849443449	0.0133111280913518
chr1:23691829:23692612:clu_2217	-0.076045140843313	0.103723278647903	0.0904121505565515	-0.0133111280913519
chr1:23778713:23779438:clu_2221	0.410778433442532	0.33427584938299	0.431493952204084	0.0972181028210938
chr1:23778713:23779864:clu_2221	-0.48340430133708	0.11277711665681	0.0595322190952553	-0.0532448975615542
chr1:23779481:23779864:clu_2221	0.072625867894548	0.552947033960201	0.508973828700661	-0.0439732052595396
chr1:23967723:23971338:clu_2231	-0.362632617209489	0.109440166457941	0.0795498744503685	-0.0298902920075723
chr1:23967723:23971573:clu_2231	0.725266236214001	0.190923540635372	0.411898966435831	0.220975425800459
chr1:23971439:23971573:clu_2231	-0.362633619004512	0.699636292906687	0.508551159113801	-0.191085133792887
chr1:23971623:23971850:clu_2231_B	-0.101357904950009	0.281767864539255	0.242609635798757	-0.0391582287404978
chr1:23971626:23971850:clu_2231_B	0.101357904950009	0.718232135460745	0.757390364201243	0.0391582287404979
chr1:24646789:24647079:clu_2243	-1.43320322911322	0.26421458308669	0.0200242577269833	-0.244190325359707
chr1:24646789:24648859:clu_2243	1.43320322911322	0.73578541691331	0.979975742273017	0.244190325359707
chr1:24655123:24660719:clu_2246	-0.104418243743557	0.209362934880945	0.176883526078852	-0.0324794088020926
chr1:24655129:24660719:clu_2246	0.104418243743557	0.790637065119055	0.823116473921148	0.0324794088020925
chr1:24660799:24661310:clu_2247	0.112053528249884	0.678237513540173	0.725077826607544	0.046840313067371
chr1:24660799:24661313:clu_2247	-0.112053528249884	0.321762486459827	0.274922173392456	-0.0468403130673709
chr1:24902666:24907259:clu_2253	0.792768535107593	0.390413321507829	0.370540159474452	-0.0198731620333771
chr1:24902666:24919240:clu_2253	1.10464284209135	0.0479652593616373	0.0621845854934468	0.0142193261318094
chr1:24907417:24919240:clu_2253	0.973848745406993	0.280523502399758	0.319096502945965	0.0385730005462074
chr1:24907417:24927574:clu_2253	1.463276768724	0.00571441022927779	0.0106042533852749	0.00488984315599708
chr1:24919344:24927574:clu_2253	0.762810134704707	0.257878955040299	0.237528534791783	-0.0203504202485161
chr1:24926691:24927574:clu_2253	-5.09734702603465	0.0175045514611989	4.59639090782138e-05	-0.0174585875521207
chr1:25243633:25244454:clu_2257	0.126153566247282	0.0734710409882919	0.158323096546765	0.0848520555584736
chr1:25243633:25245150:clu_2257	1.19298746713583	0.0109235628094007	0.0684088781729914	0.0574853153635907
chr1:25244224:25244454:clu_2257	-0.481427748355383	0.0588977938188957	0.0691286215945342	0.0102308277756385
chr1:25244498:25245150:clu_2257	-0.837713285027731	0.856707602383412	0.704139403685709	-0.152568198697703
chr1:25340579:25342961:clu_2260	0.204908910139229	0.48844679606902	0.506718384976817	0.0182715889077964
chr1:25340579:25351626:clu_2260	-0.388341328172096	0.0590990498399421	0.0338754123457628	-0.0252236374941793
chr1:25343073:25351626:clu_2260	0.183432418032867	0.452454154091038	0.459406202677421	0.00695204858638293
chr1:26286037:26294205:clu_2282	-0.204425803512267	0.505317451348627	0.491735436569408	-0.0135820147792195
chr1:26286037:26296919:clu_2282	0.406127357982776	0.0313227801982887	0.0561290098885929	0.0248062296903042
chr1:26294331:26296919:clu_2282	-0.201701554470509	0.463359768453084	0.452135553541999	-0.0112242149110847
chr1:26298062:26300926:clu_2282_B	0.192848750369003	0.143241841955579	0.173838232413723	0.0305963904581435
chr1:26298062:26301694:clu_2282_B	0.0550664629214354	0.146292687842371	0.154689178326064	0.00839649048369265
chr1:26298062:26306592:clu_2282_B	-0.032696416334387	0.0772425665147435	0.074813345274618	-0.00242922124012541
chr1:26301024:26301694:clu_2282_B	0.354810270616041	0.0685772296532611	0.0978575484904699	0.0292803188372088
chr1:26301053:26301694:clu_2282_B	1.09387168305859	0.00625337615698926	0.0186852641424119	0.0124318879854226
chr1:26301722:26302813:clu_2282_B	0.135888282156751	0.165621819917618	0.189869556487395	0.0242477365697764
chr1:26301722:26306592:clu_2282_B	0.529283395568446	0.0290959324450347	0.0494332757109586	0.0203373432659239
chr1:26302918:26303043:clu_2282_B	-1.2612227318205	0.0648036028078418	0.018372968519784	-0.0464306342880578
chr1:26302918:26306592:clu_2282_B	-0.144394286689709	0.221136368671052	0.191545866310318	-0.0295905023607346
chr1:26303167:26306592:clu_2282_B	-0.923455409845679	0.0777345740355084	0.0308947643242584	-0.04683980971125
chr1:26474135:26474572:clu_2294	-0.444048854735795	0.626406242205068	0.555896940642403	-0.0705093015626643
chr1:26474135:26475113:clu_2294	0.644595308852333	0.0140661011159462	0.0370769580114432	0.0230108568954969
chr1:26474667:26475113:clu_2294	-0.200546454116538	0.359527656678986	0.407026101346153	0.0474984446671673
chr1:26543221:26546867:clu_2297	6.19735356597649	7.99554527556577e-07	0.161853246007903	0.161852446453376
chr1:26546035:26546867:clu_2297	-6.19735356597649	0.999999200445472	0.838146753992097	-0.161852446453376
chr1:26555221:26555537:clu_2299	-0.246703309236033	0.5370661676206	0.521917787499164	-0.0151483801214355
chr1:26555221:26556654:clu_2299	0.510051143795357	0.0319430758652159	0.0661614964236034	0.0342184205583875
chr1:26555625:26556654:clu_2299	-0.263347834559325	0.430990756514184	0.411920716077232	-0.019070040436952
chr1:26571925:26572176:clu_2302	-0.440230914648628	0.469707282851003	0.436779416526159	-0.0329278663248449
chr1:26571925:26573224:clu_2302	0.818041948519868	0.0167956589996015	0.0549658413019492	0.0381701823023477
chr1:26572293:26573224:clu_2302	-0.37781103387124	0.513497058149395	0.508254742171892	-0.00524231597750291
chr1:26772632:26772812:clu_2308	0.0454903101494839	0.53931172246679	0.561820246942761	0.0225085244759704
chr1:26772632:26772815:clu_2308	-0.0454903101494839	0.46068827753321	0.438179753057239	-0.0225085244759704
chr1:26852865:26853462:clu_2313	-0.00219699869973595	0.0941250547611146	0.0694167142969693	-0.0247083404641452
chr1:26852865:26853726:clu_2313	0.382219317437117	0.818190222349195	0.886263740647067	0.0680735182978728
chr1:26853566:26853726:clu_2313	-0.380022318737381	0.0876847228896908	0.0443195450559633	-0.0433651778337275
chr1:27350952:27351258:clu_2333	-0.0284460694344171	0.37432652844924	0.425895846912385	0.0515693184631452
chr1:27350952:27351456:clu_2333	0.30602452621835	0.0273442471300466	0.0434687851665985	0.0161245380365519
chr1:27351336:27351456:clu_2333	-0.277578456783933	0.598329224420714	0.530635367921017	-0.0676938564996971
chr1:27668535:27669233:clu_2344	-0.171707140658525	0.176591510390592	0.132041517052613	-0.0445499933379791
chr1:27668535:27669245:clu_2344	0.171707140658525	0.823408489609408	0.867958482947387	0.0445499933379792
chr1:27838852:27841014:clu_2348	-0.141716430888931	0.456868645301215	0.429703539222623	-0.0271651060785923
chr1:27838852:27843186:clu_2348	0.232507278640392	0.0867555687076081	0.118631010626058	0.0318754419184496
chr1:27841234:27843186:clu_2348	-0.0907908477514608	0.456375785991177	0.45166545015132	-0.00471033583985725
chr1:27872665:27876588:clu_2349	-0.411722685647594	0.194763701399638	0.234865905578931	0.0401022041792933
chr1:27872665:27879644:clu_2349	0.697679484289183	0.00285844094180621	0.0104531798245411	0.00759473888273489
chr1:27872665:27885295:clu_2349	-0.021214913478654	0.00832075119075374	0.0148275659263053	0.00650681473555153
chr1:27876728:27879644:clu_2349	-0.636618763481684	0.321833720656586	0.309936252587522	-0.0118974680690644
chr1:27876728:27885295:clu_2349	1.62621358050267	0.00520803256228881	0.0482003423659517	0.0429923098036629
chr1:27880054:27881971:clu_2349	-0.961791552702585	0.292997901823254	0.203837739264402	-0.0891601625588521
chr1:27880054:27885295:clu_2349	0.309009110901651	0.00291127115552855	0.00721779356815949	0.00430652241263094
chr1:27883043:27885295:clu_2349	-0.601554260382989	0.171106180270145	0.170661220884188	-0.000444959385957011
chr1:27897121:27897633:clu_2351	0.0380914174308433	0.43849262067303	0.430425868942312	-0.00806675173071891
chr1:27897121:27906928:clu_2351	-0.26228374032078	0.207135369770225	0.150570213514584	-0.0565651562556415
chr1:27897707:27906928:clu_2351	0.224192322889937	0.354372009556745	0.419003917543105	0.0646319079863604
chr1:30739937:30741640:clu_2393	-0.303887859596583	0.401799324625307	0.409814999940151	0.00801567531484354
chr1:30739937:30757659:clu_2393	-0.362399521845975	0.00744007591459287	0.0071572258646333	-0.000282850049959567
chr1:30741716:30742456:clu_2393	-0.335616237125444	0.371256325730227	0.366836930464273	-0.0044193952659542
chr1:30741716:30757659:clu_2393	1.4316065232734	0.0038431043970016	0.0222318940390497	0.0183887896420481
chr1:30742549:30757659:clu_2393	-0.429702904705403	0.215661169332871	0.193958949691893	-0.021702219640978
chr1:31910112:31911696:clu_2408	-0.118532443061372	0.269858613700167	0.288621996441903	0.0187633827417362
chr1:31910112:31915895:clu_2408	-0.285644932903131	0.011314373094173	0.010238765699256	-0.00107560739491696
chr1:31911826:31912981:clu_2408	0.746547076190223	0.00647992105536562	0.0164612237440992	0.00998130268873357
chr1:31911826:31915895:clu_2408	-0.266088787396538	0.364522425955169	0.336383346821628	-0.0281390791335412
chr1:31911826:31918970:clu_2408	-0.475750823070867	0.0226875088471226	0.0169762585872005	-0.00571125025992208
chr1:31913023:31915895:clu_2408	0.589505448379056	0.00644104280139344	0.0139844785059583	0.00754343570456481
chr1:31915987:31918970:clu_2408	-0.19003553813737	0.31869611454661	0.317333930199955	-0.00136218434665442
chr1:32224475:32226171:clu_2427	0.0894442308863036	0.474784464464153	0.493707689658224	0.0189232251940708
chr1:32224475:32228499:clu_2427	-0.118085252788968	0.0571994334870424	0.0483321605641872	-0.00886727292285518
chr1:32226530:32228499:clu_2427	0.0286410219026642	0.468016102048805	0.457960149777589	-0.0100559522712155
chr1:32228816:32229135:clu_2428	0.0379495249164445	0.535312209331803	0.552969002525161	0.0176567931933588
chr1:32228816:32230927:clu_2428	-0.00339217567406615	0.0193490897445732	0.0191778406035623	-0.000171249141010889
chr1:32229208:32230927:clu_2428	-0.0345573492423783	0.445338700923624	0.427853156871276	-0.0174855440523479
chr1:32948363:32949569:clu_2453	-0.262026611281879	0.864937587750865	0.791314498603118	-0.073623089147747
chr1:32948366:32949569:clu_2453	0.262026611281879	0.135062412249135	0.208685501396882	0.073623089147747
chr1:33325019:33325795:clu_2460	0.914744046826443	0.0365311312461535	0.0685988545190617	0.0320677232729081
chr1:33325019:33327348:clu_2460	0.746004390223956	0.0534509387436636	0.0847864355984885	0.0313354968548249
chr1:33325019:33328870:clu_2460	0.280805723143053	0.673534101862664	0.670961214912377	-0.00257288695028712
chr1:33325961:33326078:clu_2460	-0.0492792123477959	0.0546148993887322	0.0391106378447317	-0.0155042615440005
chr1:33325961:33328870:clu_2460	-1.09434664572694	0.024719472592054	0.00622523774279399	-0.01849423484926
chr1:33326149:33327348:clu_2460	-1.10344029402682	0.0237531314226526	0.00592772833201074	-0.0178254030906419
chr1:33326149:33328870:clu_2460	0.0686779716460407	0.0188420142684195	0.0151823585395718	-0.00365965572884764
chr1:33327427:33328870:clu_2460	0.236834020262062	0.11455431047566	0.109207532510964	-0.00534677796469583
chr1:33331462:33331625:clu_2462	0.14803942998608	0.0798195490878378	0.0909301820002757	0.011110632912438
chr1:33331462:33332275:clu_2462	0.0318053447178809	0.795258628091328	0.80654268760732	0.0112840595159921
chr1:33331699:33332275:clu_2462	-0.17984477470396	0.124921822820835	0.102527130392405	-0.0223946924284301
chr1:35176471:35177319:clu_2471	0.113088194472724	0.410503854333862	0.466125352418559	0.0556214980846971
chr1:35176474:35177319:clu_2471	-0.113088194472724	0.589496145666138	0.533874647581441	-0.0556214980846973
chr1:35178036:35181135:clu_2472	0.191971606017291	0.264671081816834	0.310875902773274	0.0462048209564398
chr1:35178036:35187001:clu_2472	-0.816441617288045	0.171684795056172	0.0735637911869716	-0.0981210038692008
chr1:35184593:35186947:clu_2472	0.59795471403198	0.0709945245017943	0.125147346377361	0.0541528218755671
chr1:35184593:35187001:clu_2472	0.0265152972387733	0.492649598625199	0.490412959662393	-0.00223663896280596
chr1:35441138:35442246:clu_2480	-0.0215791577725645	0.347538273093497	0.342658107273252	-0.00488016582024531
chr1:35441138:35442906:clu_2480	-0.336758333295665	0.392217880399375	0.282166326718181	-0.110051553681193
chr1:35442336:35442906:clu_2480	0.358337491068229	0.260243846507128	0.375175566008567	0.114931719501439
chr1:35443028:35443158:clu_2481	-0.476473205270544	0.32753560163602	0.158117926419634	-0.169417675216386
chr1:35443028:35444161:clu_2481	0.476473205270544	0.67246439836398	0.841882073580366	0.169417675216386
chr1:36173478:36174898:clu_2505	-0.0969733106441775	0.267200046435315	0.249662314655614	-0.0175377317797007
chr1:36173478:36176199:clu_2505	0.273016460072605	0.240492569637874	0.325313916239126	0.0848213466012521
chr1:36175008:36176199:clu_2505	-0.176043149428427	0.492307383926811	0.42502376910526	-0.0672836148215512
chr1:36179315:36179512:clu_2509	0.126852782216942	0.0826768780045942	0.104068535688175	0.021391657683581
chr1:36179315:36179515:clu_2509	-0.126852782216942	0.917323121995406	0.895931464311825	-0.021391657683581
chr1:36361340:36367852:clu_2519	-0.0213894837028168	0.172165948131927	0.15717592131051	-0.0149900268214174
chr1:36361340:36367861:clu_2519	-0.133892859604561	0.0343063590372336	0.0279868351192709	-0.00631952391796273
chr1:36361340:36385723:clu_2519	0.14176578664058	0.499893169886176	0.537246249860536	0.0373530799743607
chr1:36368084:36385723:clu_2519	0.0135165566667977	0.293634522944664	0.277590993709683	-0.0160435292349806
chr1:39026398:39028723:clu_2556	-0.0954046531861935	0.509912692259164	0.462283447575076	-0.0476292446840883
chr1:39026402:39028723:clu_2556	0.0954046531861935	0.490087307740836	0.537716552424924	0.0476292446840884
chr1:39563741:39563836:clu_2570	-0.157600818228812	0.375071182342248	0.358488594121541	-0.0165825882207072
chr1:39563741:39564423:clu_2570	0.0600055608639207	0.110097234713416	0.130810710837394	0.0207134761239779
chr1:39563741:39564471:clu_2570	0.583437475689021	0.0496642595793423	0.0995942927868558	0.0499300332075135
chr1:39563922:39564423:clu_2570	-0.223190721402093	0.313020767097622	0.280187956213332	-0.0328328108842904
chr1:39563922:39564471:clu_2570	-0.262651496922038	0.152146556267371	0.130918446040878	-0.0212281102264938
chr1:39564542:39564686:clu_2571	-0.312533450338883	0.490598339445304	0.478517084741704	-0.0120812547035997
chr1:39564542:39565106:clu_2571	0.657060079309887	0.0247468966470417	0.0636474836959282	0.0389005870488865
chr1:39564773:39565106:clu_2571	-0.344526628971004	0.484654763907654	0.457835431562367	-0.0268193323452868
chr1:39570002:39571097:clu_2573	-0.101514250496063	0.216535266431317	0.184071700763823	-0.0324635656674946
chr1:39570002:39571234:clu_2573	0.101514250496063	0.783464733568682	0.815928299236177	0.0324635656674948
chr1:40040783:40059334:clu_2579	1.54420100473228	0.0258657696346895	0.096545444602488	0.0706796749677985
chr1:40040783:40059337:clu_2579	1.43424227084402	0.0531254280085629	0.177645557856223	0.12452012984766
chr1:40040801:40041429:clu_2579	-0.471027315369349	0.0498786753409374	0.0248152556347256	-0.0250634197062118
chr1:40040801:40059334:clu_2579	0.0859090370667883	0.204959479832557	0.177969769170943	-0.0269897106616137
chr1:40040801:40059337:clu_2579	0.109000318374146	0.565129466461979	0.502174430215656	-0.062955036246323
chr1:40041493:40059334:clu_2579	-1.35095559035967	0.0686043768869586	0.0141581879124116	-0.0544461889745471
chr1:40041493:40059337:clu_2579	-1.35136972528821	0.0324368038343159	0.00669135460755324	-0.0257454492267627
chr1:40059458:40060067:clu_2580	-0.120155146965486	0.934573343042107	0.918253465362739	-0.016319877679368
chr1:40059458:40060070:clu_2580	0.120155146965486	0.0654266569578933	0.0817465346372614	0.0163198776793681
chr1:40074183:40076842:clu_2582	-0.104765777109138	0.536041044314002	0.519346682522497	-0.0166943617915045
chr1:40074183:40078560:clu_2582	0.155347922880495	0.0261492973615688	0.0328613412590254	0.00671204389745661
chr1:40076913:40078560:clu_2582	-0.0505821457713565	0.437809658324429	0.447791976218477	0.00998231789404769
chr1:40362436:40406736:clu_2590	3.24960963711063	0.00109143768244601	0.0428880202111909	0.0417965825287449
chr1:40374223:40375747:clu_2590	-0.464229948159084	0.0324979621513608	0.0311381742704914	-0.00135978788086937
chr1:40374223:40406736:clu_2590	-0.464229948159084	0.23027945122325	0.220644040684946	-0.00963541053830386
chr1:40374223:40406800:clu_2590	-0.464229948159084	0.0306668628653542	0.0293836922999394	-0.00128317056541483
chr1:40374223:40413016:clu_2590	-0.464229948159076	0.00717522037680011	0.00687499300668086	-0.000300227370119248
chr1:40375816:40406736:clu_2590	-0.464229948159081	0.0156146522934104	0.0149613000969349	-0.000653352196475433
chr1:40403746:40406736:clu_2590	-0.464229948159056	0.0155117385654652	0.0148626925109994	-0.000649046054465812
chr1:40409835:40413016:clu_2590	-0.464229948156164	0.667162674841913	0.639247086918817	-0.0279155879230963
chr1:40763046:40763363:clu_2598	-0.622845162856052	0.291717353970978	0.105954378974935	-0.185762974996043
chr1:40763046:40766596:clu_2598	0.622845162856052	0.708282646029022	0.894045621025065	0.185762974996043
chr1:40766703:40766918:clu_2600	-0.153650313498839	0.243219895447799	0.194955355367299	-0.0482645400804995
chr1:40766703:40769356:clu_2600	0.495306175187489	0.34773727475189	0.533366261282366	0.185628986530476
chr1:40766974:40769356:clu_2600	-0.341655861688649	0.409042829800311	0.271678383350335	-0.137364446449976
chr1:40769415:40770397:clu_2601	-0.494691337241726	0.310402067152855	0.143364404293971	-0.167037662858884
chr1:40769415:40770709:clu_2601	0.494691337241726	0.689597932847145	0.856635595706029	0.167037662858884
chr1:42457350:42459603:clu_2614	0.829908579833513	0.717027316611539	0.930187995368269	0.213160678756731
chr1:42457567:42459603:clu_2614	-0.829908579833513	0.282972683388461	0.0698120046317307	-0.213160678756731
chr1:42693523:42696199:clu_2619	-0.377920751777898	0.225072524916519	0.232895392013021	0.00782286709650254
chr1:42693523:42696642:clu_2619	-0.439791343487268	0.00662350873656851	0.00644253029992054	-0.00018097843664797
chr1:42696288:42696642:clu_2619	-0.440027297472742	0.316333567706691	0.307617587756655	-0.0087159799500357
chr1:42696288:42697180:clu_2619	1.69776874399597	0.00185964503374561	0.0153365954421414	0.0134769504083958
chr1:42696944:42697180:clu_2619	-0.440029351258064	0.450110753606476	0.437707894488261	-0.0124028591182146
chr1:43975107:43975800:clu_2653	0.261341532142028	0.434052759183504	0.524514098717287	0.090461339533783
chr1:43975107:43976090:clu_2653	-0.578326177789952	0.105983060840557	0.0553080122018778	-0.0506750486386788
chr1:43975848:43976090:clu_2653	-0.0579050086827329	0.425770768809257	0.373889678023649	-0.0518810907856088
chr1:43975974:43976090:clu_2653	0.374889654330658	0.0341934111666819	0.0462882110571865	0.0120947998905046
chr1:43976824:43977026:clu_2654	-0.855346887674564	0.439689632067033	0.420843251996197	-0.0188463800708364
chr1:43976824:43977981:clu_2654	1.71069332502468	0.00372744026331452	0.0464303480969084	0.0427029078335939
chr1:43977216:43977981:clu_2654	-0.855346437350113	0.556582927669652	0.532726399906895	-0.0238565277627574
chr1:44632208:44632343:clu_2660	0.0310999529958812	0.679061665842347	0.69246373406111	0.0134020682187632
chr1:44632212:44632343:clu_2660	-0.0310999529958812	0.320938334157653	0.30753626593889	-0.0134020682187632
chr1:44635588:44636030:clu_2661	0.267743038615175	0.590616070704471	0.711360091351447	0.120744020646976
chr1:44635666:44636030:clu_2661	-0.267743038615175	0.409383929295529	0.288639908648553	-0.120744020646976
chr1:44724839:44725033:clu_2666	0.0916649765672546	0.586430742091815	0.630079884787013	0.0436491426951986
chr1:44724839:44725136:clu_2666	-0.0916649765672546	0.413569257908185	0.369920115212987	-0.0436491426951984
chr1:44803153:44803268:clu_2669	-0.257922860078268	0.332047607010886	0.316146052059519	-0.0159015549513667
chr1:44803153:44803600:clu_2669	0.702727862792556	0.0920233379817621	0.228976387088972	0.13695304910721
chr1:44803391:44803600:clu_2669	-0.444805002714288	0.575929055007352	0.454877560851509	-0.121051494155844
chr1:44804501:44804650:clu_2671	0.156412694748148	0.29537864115623	0.257565798612509	-0.0378128425437214
chr1:44804501:44805266:clu_2671	0.508535227333885	0.551299841585866	0.683631154401902	0.132331312816036
chr1:44804779:44805266:clu_2671	-0.664947922082033	0.153321517257904	0.058803046985589	-0.0945184702723148
chr1:45551155:45552436:clu_2694	0.442565249969426	0.130650633923699	0.221811017961371	0.0911603840376723
chr1:45551155:45561789:clu_2694	-0.156663467407962	0.582355055345447	0.543022366631002	-0.0393326887144457
chr1:45552563:45561789:clu_2694	-0.285901782561465	0.286994310730854	0.235166615407627	-0.0518276953232267
chr1:45568177:45568485:clu_2696	-0.122709072817667	0.499312892995842	0.449065586193168	-0.0502473068026741
chr1:45568177:45568927:clu_2696	0.0280209123306645	0.120924180929196	0.126447820880454	0.00552363995125835
chr1:45568684:45568927:clu_2696	0.0946881604870028	0.379762926074962	0.424486592926378	0.0447236668514158
chr1:45661225:45685576:clu_2704	-0.151912385530588	0.588293690155067	0.560393268310546	-0.0279004218445212
chr1:45661225:45686412:clu_2704	0.249645124334236	0.061270848764198	0.087206092378326	0.025935243614128
chr1:45685620:45686412:clu_2704	-0.0977327388036484	0.350435461080735	0.352400639311128	0.00196517823039333
chr1:46309127:46309897:clu_2715	-0.0350974020997763	0.0872674797575129	0.0805654423243622	-0.00670203743315068
chr1:46309127:46310155:clu_2715	0.0596478812522391	0.828038996705524	0.840416375639651	0.012377378934126
chr1:46310044:46310155:clu_2715	-0.0245504791524628	0.0846935235369625	0.0790181820359872	-0.00567534150097539
chr1:46558800:46560234:clu_2720	0.0895527847450291	0.405146450686918	0.435556633117407	0.0304101824304893
chr1:46558800:46561478:clu_2720	-0.12274271181997	0.272724533831008	0.237114459654293	-0.0356100741767149
chr1:46560277:46561478:clu_2720	0.0331899270749407	0.322129015482074	0.3273289072283	0.00519989174622559
chr1:46686870:46688353:clu_2731	0.00228820631425456	0.201957835682068	0.120439775596779	-0.0815180600852889
chr1:46686870:46689587:clu_2731	0.992490236091474	0.50819007925472	0.815783073385643	0.307592994130923
chr1:46688544:46689587:clu_2731	-0.994778442405728	0.289852085063212	0.0637771510175776	-0.226074934045634
chr1:51789657:51790533:clu_2747	-0.004851839437922	0.491282089407685	0.500511496356038	0.00922940694835306
chr1:51789657:51790900:clu_2747	0.0657739664485649	0.0728157636837438	0.0796124395982669	0.0067966759145231
chr1:51790649:51790900:clu_2747	-0.0609221270106429	0.435902146908572	0.419876064045695	-0.0160260828628761
chr1:51836212:51836369:clu_2752	0.19142612944765	0.225437569875404	0.208330054931043	-0.0171075149443613
chr1:51836212:51840226:clu_2752	0.361677655812076	0.687819089044725	0.753596993505924	0.0657779044611988
chr1:51836438:51840226:clu_2752	-0.553103785259725	0.0867433410798707	0.0380729515630332	-0.0486703895168375
chr1:52064938:52086112:clu_2755	0.09554551580532	0.125844515504315	0.148410807515798	0.0225662920114833
chr1:52083541:52086112:clu_2755	-0.09554551580532	0.874155484495685	0.851589192484202	-0.0225662920114834
chr1:53228954:53233542:clu_2779	-0.0655217310543893	0.450798545888082	0.412511742745299	-0.0382868031427833
chr1:53228954:53235577:clu_2779	-0.181925657677086	0.228350665266898	0.185995530241524	-0.0423551350253742
chr1:53233652:53235577:clu_2779	0.247447388731475	0.320850788845019	0.401492727013177	0.0806419381681575
chr1:54040837:54041724:clu_2792	-0.0431132710525406	0.751898473544947	0.73546642732826	-0.0164320462166864
chr1:54040840:54041724:clu_2792	0.0431132710525406	0.248101526455053	0.26453357267174	0.0164320462166863
chr1:54251860:54257127:clu_2798	0.386782499133562	0.443372632629067	0.492142486030789	0.0487698534017222
chr1:54251860:54281438:clu_2798	-0.627351135034959	0.0466440334509914	0.0187795608824572	-0.0278644725685342
chr1:54257186:54281438:clu_2798	0.240568635901398	0.509983333919942	0.489077953086754	-0.0209053808331879
chr1:64855695:64857656:clu_2836	-0.0120030787294932	0.0777224787278991	0.0760190268130845	-0.00170345191481465
chr1:64855698:64857656:clu_2836	0.0120030787294933	0.922277521272101	0.923980973186916	0.00170345191481458
chr1:64879148:64882892:clu_2842	0.235316371094431	0.0211022139251861	0.0333616780236641	0.012259464098478
chr1:64879148:64883277:clu_2842	-0.235316371094431	0.978897786074814	0.966638321976336	-0.0122594640984781
chr1:66368065:66368787:clu_2845	-0.107238817520038	0.536456865227222	0.448175976574522	-0.0882808886527001
chr1:66368065:66372313:clu_2845	-0.169139381338451	0.0374650796117908	0.0294209947485423	-0.00804408486324846
chr1:66368969:66372313:clu_2845	0.276378198858489	0.426078055160987	0.522403028676935	0.0963249735159486
chr1:67424277:67424888:clu_2851	-0.0750819375887219	0.856117190215512	0.836613583764447	-0.0195036064510649
chr1:67424322:67424888:clu_2851	0.075081937588722	0.143882809784488	0.163386416235553	0.0195036064510649
chr1:67424959:67425083:clu_2851_B	-0.0534365681075151	0.677727379848111	0.653956001395042	-0.0237713784530693
chr1:67424977:67425083:clu_2851_B	0.0534365681075151	0.322272620151889	0.346043998604958	0.0237713784530693
chr1:70221839:70228422:clu_2856	-0.387205644312822	0.938940414002037	0.876369499712815	-0.0625709142892226
chr1:70222798:70228422:clu_2856	0.387205644312822	0.0610595859979629	0.123630500287185	0.0625709142892225
chr1:70228555:70231095:clu_2857	0.373736525110175	0.11243788052672	0.143224658399351	0.030786777872631
chr1:70228555:70231859:clu_2857	-0.0925820486459323	0.14438391603321	0.115373051107514	-0.0290108649256964
chr1:70228555:70232268:clu_2857	0.762966841883044	0.260979798635196	0.490628322465886	0.22964852383069
chr1:70230618:70231095:clu_2857	-0.522033768820759	0.0617340131829909	0.032107135380137	-0.0296268778028539
chr1:70231975:70232268:clu_2857	-0.522087549526527	0.420464391621883	0.218666832647112	-0.201797558974771
chr1:70246907:70247117:clu_2859	0.0257429971808318	0.0665619897878044	0.0737776016598157	0.00721561187201128
chr1:70246907:70249952:clu_2859	-0.100274162201023	0.857919849794624	0.838332680272609	-0.0195871695220146
chr1:70247149:70249952:clu_2859	0.0745311650201915	0.0755181604175716	0.0878897180675751	0.0123715576500036
chr1:70250503:70250608:clu_2860	0.0130651243796547	0.656819653646744	0.662685240834234	0.00586558718748964
chr1:70250503:70250611:clu_2860	-0.0130651243796547	0.343180346353256	0.337314759165766	-0.0058655871874897
chr1:71065137:71065678:clu_2869	-0.0010656881284089	0.38903296285559	0.446253220899288	0.0572202580436977
chr1:71065137:71066776:clu_2869	-0.651206574952061	0.493939468951344	0.295744103050381	-0.198195365900963
chr1:71065752:71066776:clu_2869	0.652272263080469	0.117027568193066	0.258002676050331	0.140975107857265
chr1:75787604:75789159:clu_2880	-0.00594670848061673	0.340422382271962	0.330651040992868	-0.00977134127909418
chr1:75787604:75789952:clu_2880	0.276963186465202	0.327120443702747	0.421624346083835	0.0945039023810874
chr1:75789356:75789952:clu_2880	-0.271016477984586	0.332457174025291	0.247724612923298	-0.0847325611019931
chr1:75790057:75790152:clu_2880_B	-0.689785225879766	0.439407377266022	0.234078489805946	-0.205328887460076
chr1:75790057:75791285:clu_2880_B	0.624031569235993	0.153561112367837	0.304339832008237	0.150778719640399
chr1:75790517:75791285:clu_2880_B	0.0657536566437723	0.407031510366141	0.461581678185817	0.0545501678196765
chr1:75791571:75792181:clu_2880_C	-0.390118119954951	0.445290320464819	0.34503549289594	-0.100254827568879
chr1:75791571:75792197:clu_2880_C	-0.19841204318342	0.0778761649278369	0.0730940397182946	-0.00478212520954231
chr1:75791571:75794084:clu_2880_C	0.7033105840897	0.0737402964922929	0.170527902155447	0.096787605663154
chr1:75792306:75794084:clu_2880_C	-0.114780420951328	0.403093218115051	0.411342565230318	0.00824934711526693
chr1:77967098:77967627:clu_2902	-0.285251490325047	0.717854628543696	0.589849114575893	-0.128005513967803
chr1:77967101:77967627:clu_2902	0.285251490325047	0.282145371456304	0.410150885424107	0.128005513967803
chr1:78620571:78627906:clu_2904	0.0359283910130861	0.387982868766852	0.431734704236399	0.0437518354695473
chr1:78620571:78628951:clu_2904	0.211201348057657	0.11307419534682	0.149929811212184	0.0368556158653634
chr1:78628393:78628951:clu_2904	-0.247129739070743	0.498942935886328	0.418335484551417	-0.0806074513349107
chr1:78649905:78650186:clu_2906	-0.168599038183018	0.333880784407706	0.308826347299339	-0.0250544371083665
chr1:78649905:78654243:clu_2906	0.245630512447598	0.0413434798092231	0.0578665453126358	0.0165230655034128
chr1:78650652:78654243:clu_2906	-0.0770314742645808	0.624775735783071	0.633307107388025	0.00853137160495376
chr1:78659483:78660554:clu_2908	0.264846240250261	0.229659993313782	0.296925343186822	0.0672653498730398
chr1:78659483:78662704:clu_2908	-0.804132960416057	0.0802314002334605	0.0356167692720103	-0.0446146309614502
chr1:78659483:78663765:clu_2908	0.14021716418997	0.0112400068542405	0.0128292945209651	0.0015892876667246
chr1:78660654:78662704:clu_2908	0.52154501090285	0.0740717008971675	0.123793287469489	0.0497215865723211
chr1:78662878:78663765:clu_2908	-0.122475454927024	0.604796898701349	0.530835305550714	-0.0739615931506352
chr1:86724405:86728403:clu_2934	-0.350199497517076	0.0878919216654334	0.0456490104144875	-0.042242911250946
chr1:86724405:86734602:clu_2934	0.350199497517076	0.912108078334567	0.954350989585513	0.042242911250946
chr1:86735179:86742208:clu_2935	0.502780123561559	0.89793849786087	0.960077971279796	0.0621394734189261
chr1:86738785:86742208:clu_2935	-0.502780123561559	0.10206150213913	0.0399220287202038	-0.0621394734189262
chr1:86880725:86887156:clu_2937	-0.175622037279729	0.0511500647475711	0.0346276022353137	-0.0165224625122574
chr1:86880725:86903281:clu_2937	0.252621743398525	0.879067097446495	0.913234202624958	0.0341671051784631
chr1:86887196:86903281:clu_2937	-0.0769997061187958	0.0697828378059336	0.0521381951397279	-0.0176446426662057
chr1:89114296:89116992:clu_2957	0.0812614838885195	0.961386521463505	0.966987462071665	0.0056009406081593
chr1:89114296:89117016:clu_2957	-0.0812614838885195	0.0386134785364948	0.0330125379283355	-0.00560094060815935
chr1:89107052:89108023:clu_2960	-0.383942181715423	0.0839250301826987	0.0586842172232413	-0.0252408129594574
chr1:89107052:89109677:clu_2960	0.413464395168329	0.0509257852794701	0.0790454398853828	0.0281196546059127
chr1:89108291:89109677:clu_2960	-0.0295222134529064	0.865149184537831	0.862270342891376	-0.00287884164645524
chr1:89110266:89112460:clu_2961	0.0128259940708865	0.0397716914064168	0.0407629870218396	0.000991295615422765
chr1:89110266:89112472:clu_2961	-0.0128259940708865	0.960228308593583	0.95923701297816	-0.000991295615422882
chr1:89262401:89262683:clu_2963	-0.1916695696017	0.385998125700536	0.374750674587348	-0.0112474511131878
chr1:89262401:89263736:clu_2963	0.583404419515415	0.0277491244214023	0.0584812798086953	0.030732155387293
chr1:89262785:89263736:clu_2963	-0.19590323533826	0.550553490671281	0.532252966072449	-0.0183005245988312
chr1:89263244:89263736:clu_2963	-0.195831614575455	0.0356992592067811	0.0345150795315072	-0.00118417967527391
chr1:89266588:89266957:clu_2966	-0.250469200852807	0.82434467765577	0.739837986595634	-0.0845066910601356
chr1:89266705:89266957:clu_2966	0.250469200852807	0.17565532234423	0.260162013404365	0.0845066910601355
chr1:89268856:89269366:clu_2968	-0.638002228580122	0.655453343735579	0.489394368349926	-0.166058975385654
chr1:89268856:89272452:clu_2968	0.632021057023783	0.0243259981005426	0.0646773112843817	0.0403513131838392
chr1:89269574:89270755:clu_2968	-0.211794222476596	0.123907325660493	0.141681763180025	0.0177744375195319
chr1:89269574:89272452:clu_2968	0.141546767683131	0.0470684359450223	0.0766303446432781	0.0295619086982558
chr1:89270862:89272452:clu_2968	0.0762286263498042	0.149244896558363	0.22761621254239	0.0783713159840267
chr1:100068195:100068473:clu_3028	-0.200066649946017	0.409266497961228	0.331343990656305	-0.0779225073049236
chr1:100068195:100069614:clu_3028	0.233524802716357	0.354293514144288	0.442529758295554	0.0882362441512661
chr1:100068586:100069614:clu_3028	-0.0334581527703407	0.236439987894484	0.226126251048141	-0.0103137368463425
chr1:108692867:108693590:clu_3059	-0.253042813140429	0.265999374532023	0.199171962944874	-0.0668274115871487
chr1:108692867:108695702:clu_3059	0.342109407234392	0.322359768381748	0.437683070400539	0.115323302018791
chr1:108693642:108695702:clu_3059	-0.0890665940939629	0.411640857086229	0.363144966654587	-0.0484958904316424
chr1:108695770:108696043:clu_3060	0.00448849994993121	0.444607000608535	0.446824793629848	0.00221779302131325
chr1:108695780:108696043:clu_3060	-0.00448849994993121	0.555392999391465	0.553175206370152	-0.0022177930213132
chr1:108696337:108697810:clu_3061	-0.291404376026571	0.11748832240866	0.0754811083103774	-0.042007214098283
chr1:108696337:108697947:clu_3061	1.29633936510258	0.032830936361843	0.103198926696632	0.0703679903347891
chr1:108696337:108698604:clu_3061	0.725127672913589	0.144418316287215	0.256413037092828	0.111994720805613
chr1:108696351:108697947:clu_3061	-0.218129739752576	0.0830605982098279	0.0574197623333315	-0.0256408358764965
chr1:108696351:108698604:clu_3061	0.274899958654097	0.108135503768059	0.12239247615791	0.0142569723898508
chr1:108697863:108697947:clu_3061	-1.59524733132965	0.10900182720595	0.0190119009551862	-0.0899899262507635
chr1:108697863:108698604:clu_3061	-0.29044121931624	0.0600557311793475	0.0386203600484004	-0.0214353711309471
chr1:108698017:108698604:clu_3061	0.0988556697547663	0.345008764579097	0.327462428405334	-0.0175463361737633
chr1:109402090:109402313:clu_3083	-0.872710345036229	0.220756086907258	0.0257365081286762	-0.195019578778582
chr1:109402090:109409928:clu_3083	1.74542848125068	0.596179278207044	0.952921349861769	0.356742071654724
chr1:109402527:109409928:clu_3083	-0.872718136214447	0.183064634885698	0.0213421420095553	-0.161722492876143
chr1:109620278:109625303:clu_3093	-0.423574682000584	0.244961054815428	0.188002159945714	-0.0569588948697142
chr1:109620278:109625662:clu_3093	0.200672590546882	0.183250444248699	0.262553599944547	0.0793031556958473
chr1:109621266:109625303:clu_3093	0.222278761823837	0.0752369805383069	0.110150821391445	0.0349138408531376
chr1:109621266:109625662:clu_3093	0.413904470435136	0.0543741771584906	0.0964208749093923	0.0420466977509017
chr1:109625433:109625662:clu_3093	-0.413281140805271	0.442177343239075	0.342872543808903	-0.0993047994301724
chr1:109628495:109628643:clu_3097	-0.268098569959261	0.453884429649357	0.414547929115356	-0.0393365005340003
chr1:109628495:109629109:clu_3097	0.619023203152723	0.0917341213674984	0.203438179931938	0.111704058564439
chr1:109628806:109629109:clu_3097	-0.350924633193462	0.454381448983145	0.382013890952706	-0.0723675580304388
chr1:109629490:109629796:clu_3098	-0.0956411126785261	0.32702767631531	0.335467049580917	0.00843937326560718
chr1:109629490:109630233:clu_3098	0.438636290780808	0.1321826001818	0.23135206453651	0.0991694643547104
chr1:109629916:109630233:clu_3098	-0.342995178102282	0.54078972350289	0.433180885882573	-0.107608837620318
chr1:109630406:109630683:clu_3099	-0.356402699356656	0.487938632306281	0.431815999707874	-0.0561226325984071
chr1:109630406:109630943:clu_3099	0.516361045603844	0.0159946813503558	0.0338801711955995	0.0178854898452437
chr1:109630793:109630943:clu_3099	-0.159958346247188	0.496066686343363	0.534303829096527	0.0382371427531635
chr1:110406379:110407033:clu_3116	-0.392815086797955	0.292493182631452	0.158566078584123	-0.133927104047328
chr1:110406379:110407586:clu_3116	0.392815086797955	0.707506817368548	0.841433921415877	0.133927104047328
chr1:110891471:110892345:clu_3119	0.320507681834714	0.23336495231306	0.203475209759762	-0.0298897425532982
chr1:110891471:110899124:clu_3119	-0.610210594746322	0.0118720969088861	0.00408129036200921	-0.00779080654687691
chr1:110892533:110894327:clu_3119	0.369343360335614	0.231806891024732	0.212232202116218	-0.0195746889085145
chr1:110892533:110899124:clu_3119	-0.624922411149035	0.012812475413855	0.00434024099766432	-0.00847223441619071
chr1:110894401:110894960:clu_3119	0.528881508352903	0.138111778041255	0.148320845247611	0.0102090672063566
chr1:110894401:110896653:clu_3119	0.110174549947959	0.00696948037052091	0.00492413275521133	-0.00204534761530958
chr1:110894401:110899124:clu_3119	-0.675982669802029	0.0232596399084746	0.00748701319156922	-0.0157726267169054
chr1:110895055:110896653:clu_3119	0.706494850021185	0.0918903971837447	0.117863164778523	0.0259727675947781
chr1:110895055:110897809:clu_3119	-0.221242845154397	0.00509827706179306	0.00258594950957921	-0.00251232755221384
chr1:110895055:110899124:clu_3119	-0.677293661054816	0.00911794824202334	0.00293111850767097	-0.00618682973435237
chr1:110896733:110897809:clu_3119	0.781424276512433	0.110349721972084	0.152552963723917	0.0422032417518327
chr1:110896733:110899124:clu_3119	-0.67643680711489	0.0171696947211175	0.00552421986765785	-0.0116454748534597
chr1:110897892:110899124:clu_3119	0.669262762016682	0.108176646838453	0.133681649182607	0.0255050023441536
chr1:111118897:111119615:clu_3122	-0.351712284254047	0.0785995164921026	0.0405060836784142	-0.0380934328136884
chr1:111118897:111119877:clu_3122	0.351712284254047	0.921400483507897	0.959493916321586	0.0380934328136886
chr1:111119959:111120516:clu_3123	0.802596894328956	0.52054274872081	0.843883386346482	0.323340637625672
chr1:111119959:111120532:clu_3123	-0.802596894328956	0.47945725127919	0.156116613653518	-0.323340637625672
chr1:111120693:111122616:clu_3124	-0.850066426465187	0.114566198862579	0.0255787554887712	-0.0889874433738078
chr1:111120693:111124742:clu_3124	0.816011765022467	0.367729257760438	0.434429848200491	0.0667005904400537
chr1:111120693:111126227:clu_3124	-0.115335375141086	0.12003111156652	0.0558735641388135	-0.0641575474277063
chr1:111122643:111126227:clu_3124	-1.3544812858516	0.0165597062736652	0.00223260012954428	-0.0143271061441209
chr1:111124881:111126227:clu_3124	0.930763574799021	0.323124610967142	0.428151615151987	0.105027004184845
chr1:111125650:111126227:clu_3124	0.573107747636386	0.0579891145696568	0.053733616890393	-0.00425549767926382
chr1:111137586:111139501:clu_3126	-0.194267986698956	0.395989056424164	0.347037689923405	-0.0489513665007592
chr1:111137586:111139588:clu_3126	0.217217903717088	0.0609105625644798	0.0805549295334659	0.019644366968986
chr1:111137586:111140038:clu_3126	0.0146203086672609	0.124344259549358	0.134288318063627	0.00994405851426962
chr1:111139666:111140038:clu_3126	0.0669534912445414	0.204489956811714	0.232708630055782	0.028218673244068
chr1:111139711:111140038:clu_3126	-0.104523716929935	0.214266164650285	0.20541043242372	-0.00885573222656458
chr1:111449873:111454211:clu_3140	0.293444318685553	0.403087286730139	0.390774917011748	-0.0123123697183913
chr1:111449873:111456086:clu_3140	-0.70677112542495	0.0586097080755568	0.0208982099944912	-0.0377114980810657
chr1:111454356:111456086:clu_3140	0.413326806739397	0.538303005194304	0.588326872993761	0.0500238677994568
chr1:111476867:111477334:clu_3142	-0.238321014546358	0.257715197291341	0.235332967982765	-0.0223822293085761
chr1:111476867:111477726:clu_3142	0.824603090484944	0.00876952088261318	0.0231814545496216	0.0144119336670085
chr1:111477428:111477651:clu_3142	-0.172518233840376	0.0348152925089254	0.0339539711766115	-0.000861321332313918
chr1:111477428:111477726:clu_3142	-0.139986607960621	0.246438752319924	0.248289202911894	0.00185045059197017
chr1:111477428:111477983:clu_3142	-0.142357301839453	0.030305721549432	0.030460980753575	0.000155259204142971
chr1:111477775:111477983:clu_3142	-0.131419932298135	0.421955515447764	0.428781422625532	0.00682590717776843
chr1:111697497:111703336:clu_3145	0.368707067439328	0.952418767013084	0.976660241063746	0.0242414740506621
chr1:111699607:111703336:clu_3145	-0.368707067439328	0.047581232986916	0.0233397589362539	-0.0242414740506621
chr1:112659779:112661206:clu_3156	-0.232147319749454	0.154205396407987	0.102819160232004	-0.0513862361759835
chr1:112659779:112667074:clu_3156	0.232147319749454	0.845794603592013	0.897180839767996	0.0513862361759835
chr1:113952889:113954651:clu_3185	-0.205069409754228	0.37099596517012	0.347673111930511	-0.0233228532396084
chr1:113952889:113955563:clu_3185	0.453118497415393	0.0961047286780631	0.173937831568935	0.0778331028908718
chr1:113954770:113955563:clu_3185	-0.248049087661165	0.532899306151817	0.478389056500554	-0.0545102496512634
chr1:113970197:113971824:clu_3189	0.0828606498285032	0.831243745890973	0.853233326703979	0.0219895808130054
chr1:113970197:113971899:clu_3189	-0.0828606498285032	0.168756254109027	0.146766673296021	-0.0219895808130054
chr1:114397860:114397940:clu_3190	-0.0356691521981485	0.460398135970193	0.398052459823519	-0.0623456761466742
chr1:114397860:114399457:clu_3190	-0.426579566736238	0.197733120573055	0.115642092061198	-0.0820910285118569
chr1:114397990:114399457:clu_3190	0.462248718934387	0.341868743456752	0.486305448115284	0.144436704658531
chr1:114718745:114719579:clu_3201	-0.209476005589887	0.473007470454799	0.47143818980698	-0.00156928064781847
chr1:114718745:114720539:clu_3201	0.440389119158555	0.0154893843078096	0.0295681228221468	0.0140787385143373
chr1:114719742:114720539:clu_3201	-0.230913113568668	0.511503145237392	0.498993687370873	-0.0125094578665188
chr1:114727090:114730258:clu_3203	-0.00313489783599609	0.458892198385932	0.444103755175236	-0.0147884432106956
chr1:114727090:114732604:clu_3203	-0.061110278594433	0.0350456056899187	0.0320058196279286	-0.0030397860619901
chr1:114730648:114732604:clu_3203	0.0642451764304292	0.50606219592415	0.523890425196835	0.0178282292726857
chr1:114736855:114737471:clu_3205	-0.0214287439367973	0.0594619821439919	0.0585528490713767	-0.000909133072615212
chr1:114736855:114737963:clu_3205	-0.00705765644063795	0.888434545792706	0.887514323824027	-0.000920221968679358
chr1:114737563:114737963:clu_3205	0.0284864003774353	0.0521034720633017	0.0539328271045963	0.00182935504129456
chr1:116393723:116395110:clu_3218	0.0540742018234122	0.384282086168311	0.404316389254869	0.0200343030865572
chr1:116393723:116396598:clu_3218	-0.0229660947161016	0.0966324269230382	0.0941317034023925	-0.00250072352064572
chr1:116395285:116396598:clu_3218	-0.0311081071073106	0.519085486908651	0.501551907342739	-0.0175335795659115
chr1:145926883:145927018:clu_3283	0.0311502467134879	0.121766183845562	0.128587069905984	0.00682088606042269
chr1:145926886:145927018:clu_3283	-0.0311502467134879	0.878233816154439	0.871412930094016	-0.00682088606042275
chr1:146979010:146982928:clu_3293	0.104964139041944	0.45798364391147	0.500344515336088	0.0423608714246185
chr1:146979010:146984134:clu_3293	-0.0336887799074036	0.0908398033254597	0.0863931209105328	-0.00444668241492686
chr1:146983091:146984134:clu_3293	-0.0712753591345408	0.451176552763071	0.413262363753379	-0.0379141890096916
chr1:150267478:150267716:clu_3339	0.180764112209586	0.348476453580912	0.331820995783449	-0.0166554577974631
chr1:150267478:150268698:clu_3339	-0.256527023818427	0.0189577220141466	0.0116574469382376	-0.00730027507590892
chr1:150267789:150267957:clu_3339	0.148535460100419	0.337678686670885	0.311341740019886	-0.0263369466509981
chr1:150267789:150268698:clu_3339	-0.984809848341828	0.0255597750502606	0.00758726253771455	-0.017972512512546
chr1:150267991:150268698:clu_3339	0.456450961414907	0.0202049609330517	0.0253464835774084	0.00514152264435677
chr1:150268127:150268698:clu_3339	0.455586338435343	0.249122401750744	0.312246071143304	0.0631236693925593
chr1:150328466:150332684:clu_3343	0.0892297058475156	0.495621235140381	0.54014934799468	0.0445281128542982
chr1:150330498:150332684:clu_3343	-0.0892297058475156	0.504378764859619	0.45985065200532	-0.0445281128542983
chr1:150344261:150344376:clu_3346	0.102491287969271	0.167456435946774	0.198009819646795	0.0305533837000213
chr1:150344261:150344434:clu_3346	-0.102491287969271	0.832543564053226	0.801990180353205	-0.0305533837000214
chr1:150344547:150346018:clu_3346_B	-0.0485399282077805	0.445346527138788	0.421120666869435	-0.0242258602693526
chr1:150344547:150346408:clu_3346_B	-0.0235030290893492	0.131847316060686	0.127835997922279	-0.00401131813840758
chr1:150346136:150346408:clu_3346_B	0.0720429572971298	0.422806156800526	0.451043335208286	0.0282371784077602
chr1:150577491:150578244:clu_3360	-0.358571726574969	0.425594675397088	0.395537024005861	-0.0300576513912263
chr1:150577491:150578843:clu_3360	0.717143973427139	0.0393316344720505	0.107179158454516	0.0678475239824654
chr1:150578491:150578843:clu_3360	-0.35857224685217	0.535073690130862	0.497283817539623	-0.0377898725912391
chr1:150747879:150750006:clu_3367	0.0685109829792252	0.457696526489324	0.427471846413866	-0.0302246800754589
chr1:150747879:150751781:clu_3367	-0.266322671889499	0.00982008794292979	0.0065618888387026	-0.00325819910422719
chr1:150750171:150751781:clu_3367	0.197811688910274	0.532483385567746	0.565966264747432	0.0334828791796861
chr1:151055126:151055677:clu_3385	-0.326045380076691	0.936107197051015	0.88156007164256	-0.0545471254084551
chr1:151055126:151055885:clu_3385	0.652090434106406	0.0372858677476614	0.0933833756209675	0.056097507873306
chr1:151055126:151055892:clu_3385	-0.326045054029715	0.0266069352013232	0.0250565527364722	-0.00155038246485099
chr1:151055993:151056651:clu_3385_B	-0.0385259240908937	0.156724062842803	0.103157143024245	-0.0535669198185586
chr1:151055993:151056656:clu_3385_B	-0.109654163038165	0.0893194620247644	0.0547544121959956	-0.0345650498287689
chr1:151055993:151059479:clu_3385_B	0.640944541548466	0.598439670518357	0.777095283569079	0.178655613050722
chr1:151056786:151059479:clu_3385_B	-0.492764454419408	0.155516804614075	0.0649931612106805	-0.0905236434033944
chr1:151156722:151158666:clu_3388	0.0409576788071427	0.150475515499984	0.217191067024286	0.0667155515243021
chr1:151156722:151158693:clu_3388	0.387355420737348	0.0165462150758733	0.0337686277152462	0.0172224126393729
chr1:151156722:151163931:clu_3388	0.540034124116112	0.0393035935480032	0.0934446679951037	0.0541410744471005
chr1:151156722:151166471:clu_3388	0.252096624161877	0.253731106475946	0.452320541808583	0.198589435332637
chr1:151164036:151166471:clu_3388	0.670009168204017	0.0361507267322331	0.0978783731064995	0.0617276463742664
chr1:151166203:151166471:clu_3388	-1.89045301602649	0.503792842667961	0.105396722350282	-0.398396120317679
chr1:151307801:151310211:clu_3402	-0.461445629589972	0.169230824649761	0.0608865278125489	-0.108344296837212
chr1:151307801:151315573:clu_3402	0.922972136301231	0.594641552013905	0.854165423197576	0.259523871183671
chr1:151310255:151315573:clu_3402	-0.461526506711258	0.236127623336334	0.0849480489898749	-0.151179574346459
chr1:151316509:151326172:clu_3403	0.0055719681843512	0.38940746749591	0.385885950125021	-0.00352151737088929
chr1:151316509:151327271:clu_3403	0.144844019716464	0.331149456535455	0.377193170737204	0.0460437142017488
chr1:151326373:151327271:clu_3403	-0.150415987900815	0.279443075968635	0.236920879137775	-0.0425221968308595
chr1:151399727:151399981:clu_3408	-0.265308639705572	0.497037020438442	0.454547961176353	-0.0424890592620887
chr1:151399727:151400442:clu_3408	0.378987032544113	0.015015692253837	0.0261547390271218	0.0111390467732848
chr1:151400187:151400442:clu_3408	-0.113678392838541	0.487947287307721	0.519297299796525	0.0313500124888039
chr1:151400588:151400764:clu_3409	0.412559894648096	0.456786400284763	0.489805814639169	0.0330194143544061
chr1:151400588:151401239:clu_3409	-0.75415750073886	0.0487035281195623	0.0162619367407748	-0.0324415913787875
chr1:151400845:151401239:clu_3409	0.341597606090764	0.494510071595675	0.493932248620056	-0.000577822975618592
chr1:151760899:151761451:clu_3418	-0.125988759810317	0.582525030582617	0.574989066134789	-0.00753596444782723
chr1:151760899:151762105:clu_3418	0.449012511539769	0.0918089727774924	0.161046022246493	0.0692370494690007
chr1:151761552:151762105:clu_3418	-0.323023751729452	0.325665996639891	0.263964911618718	-0.0617010850211734
chr1:151762500:151762990:clu_3419	0.211331194114432	0.352148783981264	0.483240570214363	0.131091786233099
chr1:151762500:151763327:clu_3419	0.181920367728277	0.0533349095177692	0.0710682789141254	0.0177333693963562
chr1:151763146:151763327:clu_3419	-0.393251561842709	0.594516306500966	0.445691150871512	-0.148825155629455
chr1:153642429:153643227:clu_3433_B	0.0981424667502095	0.509197789530655	0.548614070464553	0.039416280933898
chr1:153642429:153645064:clu_3433_B	0.0688343047441209	0.208103733818955	0.217736847957262	0.00963311413830756
chr1:153643364:153645064:clu_3433_B	-0.16697677149433	0.28269847665039	0.233649081578184	-0.0490493950722057
chr1:153662795:153663019:clu_3435	-0.218303424260939	0.516009350152627	0.436392818275551	-0.0796165318770763
chr1:153662795:153663215:clu_3435	0.118729125531063	0.0500094524048071	0.0592438807829671	0.00923442837815997
chr1:153663133:153663215:clu_3435	0.0995742987298764	0.433981197442566	0.504363300941482	0.0703821034989163
chr1:153930857:153930947:clu_3449	-0.0439771343414317	0.606676944631591	0.585504285356585	-0.0211726592750062
chr1:153930857:153931023:clu_3449	0.0439771343414316	0.393323055368409	0.414495714643415	0.0211726592750062
chr1:153939045:153939589:clu_3452	-0.537858093744197	0.487806594842455	0.478593312102129	-0.00921328274032585
chr1:153939045:153940156:clu_3452	1.34377886189973	0.0240867049064221	0.155124679357846	0.131037974451423
chr1:153939804:153940156:clu_3452	-0.805920768155537	0.488106700251123	0.366282008540025	-0.121824691711098
chr1:153944397:153945135:clu_3456	0.597052060071512	0.419991614209821	0.70501536015344	0.285023745943619
chr1:153944397:153946297:clu_3456	-0.597052060071512	0.580008385790179	0.29498463984656	-0.285023745943619
chr1:153975905:153976693:clu_3466	0.231381106851394	0.541333985693752	0.505064436232616	-0.0362695494611368
chr1:153975905:153976976:clu_3466	-0.634775687423029	0.0186110225654172	0.00730271942274149	-0.0113083031426757
chr1:153976775:153976976:clu_3466	0.403394580571635	0.44005499174083	0.487632844344643	0.0475778526038125
chr1:153990802:153991115:clu_3467	0.222208367720091	0.96492466445147	0.977223110231243	0.0122984457797721
chr1:153991034:153991115:clu_3467	-0.222208367720091	0.0350753355485296	0.0227768897687576	-0.0122984457797721
chr1:154157721:154169305:clu_3468	-0.481980396514831	0.0339418003564339	0.0238218260524414	-0.0101199743039925
chr1:154157721:154170400:clu_3468	-0.121622777192943	0.914062870519502	0.919851176541732	0.00578830602222924
chr1:154159048:154170400:clu_3468	1.08558357617314	0.00744685599381164	0.0250609490421108	0.0176140930482992
chr1:154169383:154170400:clu_3468	-0.48198040246537	0.0445484731302522	0.0312660483637162	-0.013282424766536
chr1:154212624:154213893:clu_3472	0.00544811630211739	0.450871189833749	0.455178815570139	0.00430762573639032
chr1:154212624:154214457:clu_3472	0.0113133623682413	0.0932911288885435	0.0947364591338912	0.00144533024534764
chr1:154213946:154214457:clu_3472	-0.0167614786703586	0.455837681277708	0.45008472529597	-0.00575295598173786
chr1:154214574:154219836:clu_3473	0.241712680820077	0.209225127304397	0.280309173796373	0.0710840464919757
chr1:154214574:154220342:clu_3473	-0.20116193388885	0.528391390550266	0.454612321057708	-0.0737790694925586
chr1:154219937:154220342:clu_3473	-0.0405507469312272	0.262383482145337	0.26507850514592	0.00269502300058289
chr1:154228725:154234591:clu_3475	-0.0914902459742422	0.472489632738848	0.447437063927023	-0.0250525688118247
chr1:154228725:154235196:clu_3475	0.120967768169038	0.128768933186816	0.15080651837067	0.0220375851838539
chr1:154234759:154235196:clu_3475	-0.0294775221947957	0.398741434074336	0.401756417702307	0.00301498362797076
chr1:154241565:154241700:clu_3477	-0.0906270381076524	0.206003896220401	0.137429985652464	-0.0685739105679375
chr1:154241565:154243217:clu_3477	0.633952193457063	0.551880712261287	0.759857308271677	0.207976596010389
chr1:154241797:154243217:clu_3477	-0.543325155349411	0.242115391518311	0.102712706075859	-0.139402685442452
chr1:154261697:154263103:clu_3484	0.23419690654333	0.602928606055465	0.708079838197504	0.105151232142039
chr1:154261697:154266501:clu_3484	-0.23419690654333	0.397071393944535	0.291920161802496	-0.105151232142039
chr1:154435156:154435969:clu_3496	-0.236257083591101	0.511223700225429	0.453979766125245	-0.0572439341001844
chr1:154435156:154448125:clu_3496	0.294381090180123	0.0609660887809537	0.0920379808193662	0.0310718920384125
chr1:154436110:154448125:clu_3496	-0.058124006589022	0.427810210993617	0.453982253055389	0.0261720420617718
chr1:154448171:154449911:clu_3497	-0.127397970996372	0.952573945781675	0.939641693613135	-0.0129322521685408
chr1:154448808:154449911:clu_3497	0.127397970996372	0.0474260542183245	0.0603583063868653	0.0129322521685408
chr1:154551004:154551397:clu_3498	-0.0938102698467101	0.529510030810386	0.522405328632517	-0.00710470217786952
chr1:154551004:154551771:clu_3498	0.191482835740457	0.0461477193772138	0.0605598611957349	0.0144121418185211
chr1:154551492:154551771:clu_3498	-0.0976725658937464	0.4243422498124	0.417034810171749	-0.00730743964065156
chr1:154585865:154586181:clu_3501	-0.473766981161505	0.493587262081328	0.465033686497943	-0.0285535755833851
chr1:154585865:154588125:clu_3501	1.07563310765822	0.0319386072249732	0.141687765997311	0.109749158772337
chr1:154586363:154588125:clu_3501	-0.601866126496715	0.474474130693699	0.393278547504747	-0.0811955831889523
chr1:154589928:154590184:clu_3503	-0.210633234487238	0.908032565942593	0.86629379783677	-0.0417387681058226
chr1:154589928:154590262:clu_3503	0.210633234487238	0.0919674340574074	0.13370620216323	0.0417387681058226
chr1:154602626:154607992:clu_3506	0.459871793883314	0.687575357283602	0.846648341957492	0.159072984673889
chr1:154602626:154627855:clu_3506	-0.459871793883314	0.312424642716398	0.153351658042508	-0.159072984673889
chr1:154951921:154953671:clu_3508	0.0966860819242293	0.417127745820929	0.393988833236166	-0.0231389125847627
chr1:154951921:154956069:clu_3508	-0.324454724126974	0.0473543231351373	0.0293545440812438	-0.0179997790538935
chr1:154953757:154956069:clu_3508	0.227768642202745	0.535517931043934	0.57665662268259	0.0411386916386561
chr1:154966077:154966162:clu_3509	0.203730182548317	0.317320776142634	0.411286026279665	0.0939652501370303
chr1:154966080:154966162:clu_3509	-0.203730182548317	0.682679223857366	0.588713973720335	-0.0939652501370303
chr1:154968031:154968204:clu_3511	-0.465037554604069	0.444219467378932	0.39231707963561	-0.0519023877433225
chr1:154968031:154968495:clu_3511	0.929992429179364	0.0435751313057067	0.155285947786917	0.11171081648121
chr1:154968257:154968495:clu_3511	-0.464954874575294	0.512205401315361	0.452396972577474	-0.0598084287378872
chr1:154969448:154970032:clu_3512	-0.619501229055943	0.673220203344778	0.565146284516447	-0.108073918828331
chr1:154969448:154974248:clu_3512	1.23895960752791	0.0353203388876167	0.190172573701347	0.15485223481373
chr1:154970199:154974248:clu_3512	-0.619458378471964	0.291459457767606	0.244681141782206	-0.0467783159853996
chr1:155002943:155010258:clu_3517	0.0625862244946914	0.131136219286673	0.159576561019655	0.0284403417329818
chr1:155002943:155014655:clu_3517	-0.335870236355904	0.514563100538689	0.420375735598614	-0.0941873649400746
chr1:155011015:155014015:clu_3517	-0.186922717396037	0.123021170340136	0.116644949796427	-0.00637622054370987
chr1:155011015:155014655:clu_3517	0.431873095733973	0.0537859519943334	0.094687914910953	0.0409019629166196
chr1:155014093:155014655:clu_3517	0.0283336335232761	0.177493557840168	0.208714838674352	0.0312212808341832
chr1:155136376:155136828:clu_3524	-0.211284614809943	0.314893749482573	0.309714152357138	-0.00517959712543553
chr1:155136376:155137561:clu_3524	0.174633513657098	0.0878265145082295	0.127064658037978	0.0392381435297481
chr1:155136376:155137979:clu_3524	0.685522555021907	0.0235859068280526	0.0568758623532609	0.0332899555252083
chr1:155136951:155137561:clu_3524	-0.438546498729972	0.290976148557201	0.228011010715003	-0.062965137842198
chr1:155137722:155137979:clu_3524	-0.21032495513909	0.282717680623944	0.278334316536621	-0.00438336408732304
chr1:155260659:155261657:clu_3542	0.33765438123066	0.504016627481223	0.566252318306283	0.0622356908250602
chr1:155260659:155262086:clu_3542	-0.58812897962351	0.131656122591691	0.058606202925773	-0.0730499196659177
chr1:155261734:155262086:clu_3542	0.25047459839285	0.364327249927087	0.375141478767944	0.0108142288408575
chr1:155264774:155265860:clu_3545	-0.343218709253966	0.449254828685106	0.424068943401361	-0.0251858852837455
chr1:155264774:155266729:clu_3545	0.757991427455172	0.0469084499627379	0.133181616745182	0.0862731667824438
chr1:155265954:155266729:clu_3545	-0.414772718201206	0.503836721352156	0.442749439853457	-0.0610872814986983
chr1:155308965:155310043:clu_3549	-0.0699116557904865	0.469709928640106	0.435085423060966	-0.0346245055791408
chr1:155308965:155310064:clu_3549	0.0699116557904865	0.530290071359894	0.564914576939034	0.0346245055791409
chr1:155689174:155709773:clu_3560	0.0889869110239093	0.540952094364417	0.584712682274836	0.0437605879104188
chr1:155689243:155709773:clu_3560	-0.0889869110239093	0.459047905635583	0.415287317725164	-0.0437605879104189
chr1:155948015:155950269:clu_3584	0.274161995525039	0.302517346647028	0.428734793077538	0.126217446430511
chr1:155948015:155950299:clu_3584	-0.274161995525039	0.697482653352972	0.571265206922462	-0.126217446430511
chr1:155965128:155965303:clu_3588	0.117570677910612	0.579386613521586	0.635386884637393	0.0560002711158073
chr1:155965131:155965303:clu_3588	-0.117570677910612	0.420613386478414	0.364613115362607	-0.0560002711158071
chr1:155965412:155965631:clu_3589	-0.202847205545474	0.348089430137436	0.278988303744522	-0.0691011263929135
chr1:155965412:155966416:clu_3589	-0.0663325635447634	0.318564894449313	0.292671633405972	-0.0258932610433411
chr1:155965760:155966416:clu_3589	0.269179769090237	0.333345675413251	0.428340062849505	0.0949943874362546
chr1:155966479:155966820:clu_3590	0.196641082228851	0.472503300611149	0.471488884179388	-0.00101441643176176
chr1:155966479:155969156:clu_3590	-0.430595178596269	0.0355247873839095	0.0189318411640196	-0.0165929462198899
chr1:155966887:155969156:clu_3590	0.233954096367418	0.491971912004941	0.509579274656593	0.0176073626516519
chr1:156266380:156266541:clu_3612	-0.357741466712499	0.563546396848802	0.498908299958719	-0.0646380968900829
chr1:156266380:156267470:clu_3612	0.675861693934398	0.0632039817269743	0.157298158972524	0.0940941772455497
chr1:156266678:156267470:clu_3612	-0.318120227221899	0.373249621424223	0.343793541068756	-0.0294560803554668
chr1:156469020:156475108:clu_3620	-0.461704482867906	0.653529645285734	0.507775578948302	-0.145754066337431
chr1:156469020:156477012:clu_3620	0.354322518425549	0.0432902292345333	0.0760663235793958	0.0327760943448625
chr1:156475237:156477012:clu_3620	0.107381964442357	0.303180125479733	0.416158097472302	0.112977971992569
chr1:159032691:159045297:clu_3673	-0.0697765441916198	0.366866293791024	0.412334046330876	0.0454677525398519
chr1:159032691:159051679:clu_3673	0.514253389208984	0.0792110603600101	0.159649729815387	0.0804386694553771
chr1:159049599:159051679:clu_3673	-0.444476845017365	0.553922645848966	0.428016223853736	-0.125906421995229
chr1:159052098:159053533:clu_3673_B	0.0833635976755685	0.416922609006501	0.441921221980037	0.0249986129735355
chr1:159052098:159054821:clu_3673_B	-0.0707627419115263	0.0626170813150917	0.0568913203019371	-0.00572576101315455
chr1:159053724:159054821:clu_3673_B	-0.0126008557640421	0.520460309678407	0.501187457718026	-0.0192728519603809
chr1:160218968:160220459:clu_3693	0.0163390255428251	0.473075043954192	0.481227314041691	0.00815227008749964
chr1:160218968:160222651:clu_3693	-0.0163390255428251	0.526924956045808	0.518772685958309	-0.00815227008749952
chr1:160224549:160225062:clu_3694	-0.0753088855445595	0.455521078500612	0.408441447541774	-0.0470796309588384
chr1:160224549:160225591:clu_3694	-0.077012034641675	0.0929317403328691	0.083185135936132	-0.00974660439673704
chr1:160225119:160225591:clu_3694	0.152320920186234	0.451547181166519	0.508373416522094	0.0568262353555755
chr1:160244034:160261285:clu_3695	-0.119001248658986	0.499427200922083	0.472721387673208	-0.0267058132488748
chr1:160244034:160262449:clu_3695	0.00429413969871396	0.141851938743457	0.151884984888153	0.0100330461446959
chr1:160261358:160262117:clu_3695	0.502965086075589	0.111553636922269	0.196667836707041	0.0851141997847717
chr1:160261358:160262449:clu_3695	-0.388257977115317	0.247167223412191	0.178725790731598	-0.0684414326805927
chr1:160354290:160355655:clu_3709	0.12839704745731	0.353150692583461	0.349505196493042	-0.00364549609041903
chr1:160354290:160356260:clu_3709	-0.309104583235642	0.0595683975282331	0.0380631694255108	-0.0215052281027223
chr1:160355958:160356260:clu_3709	0.180707535778332	0.587280909888306	0.612431634081448	0.0251507241931412
chr1:160679131:160681202:clu_3717	0.129000882698963	0.280329789173143	0.283406958036385	0.00307716886324233
chr1:160679131:160684887:clu_3717	0.320233352392586	0.0112605384581998	0.0137832496590674	0.0025227112008676
chr1:160681468:160684887:clu_3717	0.13406500540788	0.371159590748557	0.377138844316355	0.00597925356779805
chr1:160681468:160711682:clu_3717	0.180581924909484	0.0126003298699811	0.0134129570845784	0.000812627214597354
chr1:160685189:160710424:clu_3717	-0.419973276067811	0.00632216138994141	0.00369139388522788	-0.00263076750471353
chr1:160685189:160711682:clu_3717	0.0998464591699948	0.308593506748483	0.303016610935253	-0.00557689581322984
chr1:160710513:160711682:clu_3717	-0.443754348511096	0.00973408361169496	0.00554998608313297	-0.00418409752856199
chr1:161041411:161041651:clu_3728	-0.334364589538556	0.410026206693541	0.466435566935974	0.0564093602424328
chr1:161041411:161042116:clu_3728	1.01321680637277	0.0162416710296169	0.0710980873363324	0.0548564163067155
chr1:161041846:161042116:clu_3728	-0.678852216834212	0.573732122276842	0.462466345727694	-0.111265776549148
chr1:161042217:161042555:clu_3729	0.0580852230293833	0.637610090869833	0.664001267455224	0.0263911765853914
chr1:161042217:161042586:clu_3729	-0.0580852230293833	0.362389909130167	0.335998732544776	-0.0263911765853913
chr1:161049334:161049424:clu_3731	-0.215857214267041	0.72944487586852	0.636474176117845	-0.0929706997506744
chr1:161049334:161049595:clu_3731	0.215857214267041	0.270555124131481	0.363525823882155	0.0929706997506742
chr1:161054705:161056388:clu_3734	-0.0743998305003137	0.332750989585919	0.313271030811195	-0.0194799587747243
chr1:161054705:161059614:clu_3734	0.420893583002595	0.0265338028376378	0.040992421582571	0.0144586187449332
chr1:161056528:161059614:clu_3734	-0.0761140705968848	0.0195641646085165	0.0183872890638692	-0.00117687554464724
chr1:161056532:161059614:clu_3734	-0.115103228550586	0.309483954191615	0.279744628572328	-0.0297393256192869
chr1:161056532:161069528:clu_3734	-0.288839203418319	0.0341717112242596	0.0259619776458597	-0.00820973357839994
chr1:161059716:161069528:clu_3734	0.133562750063508	0.277495377552052	0.321642652324177	0.0441472747721251
chr1:161157017:161157254:clu_3740	-0.0222104816581504	0.538870299121113	0.518465020798157	-0.0204052783229559
chr1:161157017:161157617:clu_3740	-0.0487555621816343	0.0458190117561917	0.042929175736744	-0.0028898360194477
chr1:161157317:161157617:clu_3740	0.0709660438397848	0.415310689122695	0.438605803465098	0.0232951143424036
chr1:161157693:161158121:clu_3740_B	0.060495464108126	0.449451316331421	0.481993932548214	0.032542616216793
chr1:161157693:161158412:clu_3740_B	0.0379950705187449	0.107496877250293	0.112715324612601	0.00521844736230777
chr1:161158211:161158412:clu_3740_B	-0.0984905346268708	0.443051806418286	0.405290742839185	-0.0377610635791009
chr1:161209931:161210111:clu_3751	0.236378350055722	0.428302080004841	0.504715902378261	0.0764138223734196
chr1:161209931:161210304:clu_3751	-0.195978327432742	0.120609929341478	0.0922379726515165	-0.0283719566899614
chr1:161210188:161210304:clu_3751	-0.0404000226229807	0.451087990653681	0.403046124970223	-0.0480418656834583
chr1:167630429:167638390:clu_3805	-0.301012104115897	0.122470885511298	0.0710110721663324	-0.0514598133449653
chr1:167630429:167683900:clu_3805	0.301012104115897	0.877529114488702	0.928988927833668	0.0514598133449653
chr1:167684001:167685421:clu_3806	0.292198570743167	0.493896669346503	0.508617665219225	0.0147209958727219
chr1:167684001:167690049:clu_3806	-0.617616870912737	0.072939887919569	0.0302407535076555	-0.0426991344119136
chr1:167685510:167690049:clu_3806	0.325418300169571	0.433163442733928	0.46114158127312	0.0279781385391917
chr1:169696553:169701377:clu_3818	-1.53112570120888	0.0874200216844685	0.00446148210224337	-0.0829585395822251
chr1:169696553:169701560:clu_3818	1.53112570120888	0.912579978315531	0.995538517897757	0.0829585395822253
chr1:169703440:169704036:clu_3819	-1.37919788307424	0.0514846012197874	0.000902727297873123	-0.0505818739219142
chr1:169703440:169704568:clu_3819	2.75839576718304	0.908849624105981	0.998401775860269	0.0895521517542885
chr1:169704094:169704568:clu_3819	-1.37919788410881	0.0396657746742322	0.000695496841857765	-0.0389702778323744
chr1:171584526:171587003:clu_3835	-0.0837946292350836	0.62226816336599	0.58214798713572	-0.0401201762302694
chr1:171584541:171587003:clu_3835	0.0837946292350837	0.37773183663401	0.41785201286428	0.0401201762302694
chr1:171588505:171591152:clu_3837	-0.020354176299987	0.557849990453335	0.518069223955814	-0.039780766497521
chr1:171588505:171591587:clu_3837	-0.257182526375543	0.137385998882791	0.100683798951816	-0.0367021999309756
chr1:171591204:171591587:clu_3837	0.27753670267553	0.304764010663873	0.38124697709237	0.0764829664284967
chr1:173864075:173864257:clu_3852	0.0757039897821117	0.978871648825085	0.981786176677918	0.00291452785283342
chr1:173864079:173864257:clu_3852	-0.0757039897821117	0.0211283511749155	0.0182138233220821	-0.00291452785283346
chr1:173864304:173864484:clu_3853	-0.0539028697850898	0.582558648750571	0.56319331799648	-0.0193653307540913
chr1:173864304:173864675:clu_3853	0.028869758525891	0.0236336268221328	0.0248196646158626	0.0011860377937298
chr1:173864506:173864675:clu_3853	0.0250331112591988	0.393807724427296	0.411987017387658	0.0181792929603616
chr1:173865282:173865471:clu_3853_B	-0.145084929719072	0.552924644935592	0.480590934379249	-0.0723337105563434
chr1:173865282:173865510:clu_3853_B	0.145084929719072	0.447075355064408	0.519409065620751	0.0723337105563435
chr1:175166737:175177611:clu_3874	0.185360543310332	0.498618982435105	0.575812585169556	0.0771936027344504
chr1:175166737:175192640:clu_3874	-0.0333185083887672	0.105876590667832	0.0982519519889067	-0.00762463867892572
chr1:175177684:175192640:clu_3874	-0.152042034921565	0.395504426897062	0.325935462841537	-0.0695689640555249
chr1:179884769:179889310:clu_3896	-0.138905719410581	0.179600742231164	0.142232959876961	-0.037367782354203
chr1:179884769:179889313:clu_3896	0.138905719410581	0.820399257768836	0.857767040123039	0.0373677823542031
chr1:179908673:179913586:clu_3898	0.269775273521914	0.146179218076268	0.226998535453447	0.0808193173771792
chr1:179908673:179913998:clu_3898	-0.269775273521914	0.853820781923732	0.773001464546553	-0.0808193173771793
chr1:182384723:182385357:clu_3912	-0.36627119453493	0.796197787319344	0.742331046959823	-0.0538667403595202
chr1:182384723:182385760:clu_3912	0.484858379742164	0.014402700720992	0.0314529563536301	0.0170502556326382
chr1:182385556:182385760:clu_3912	-0.118587185207234	0.189399511959665	0.226215996686547	0.0368164847268821
chr1:182385887:182386256:clu_3913	-0.149532611219285	0.882433708445877	0.847692453417327	-0.0347412550285496
chr1:182385887:182386362:clu_3913	0.149532611219285	0.117566291554123	0.152307546582673	0.0347412550285496
chr1:182388750:182390497:clu_3915	-0.415252794925356	0.0392471250487911	0.0139063186656265	-0.0253408063831646
chr1:182388750:182391175:clu_3915	-0.41945458923871	0.228600098428907	0.0806595741889802	-0.147940524239927
chr1:182388750:182391679:clu_3915	0.834707384164066	0.732152776522301	0.905434107145393	0.173281330623092
chr1:182854178:182855577:clu_3922	-0.195805700523788	0.258825417595832	0.183304212600455	-0.0755212049953765
chr1:182854178:182856532:clu_3922	0.416448566808352	0.494964025017981	0.646603136494605	0.151639111476625
chr1:182855713:182856532:clu_3922	-0.220642866284564	0.246210557386188	0.17009265090494	-0.0761179064812483
chr1:183542364:183544353:clu_3933	-0.0291901637307181	0.625717805229192	0.611948272361498	-0.0137695328676941
chr1:183542502:183544353:clu_3933	0.0291901637307181	0.374282194770808	0.388051727638502	0.0137695328676939
chr1:185305643:185306485:clu_3961	-0.302784151712316	0.396581450076396	0.295145362902074	-0.101436087174322
chr1:185305643:185307014:clu_3961	0.15716518130445	0.124377529470917	0.146621936555987	0.0222444070850702
chr1:185306625:185307014:clu_3961	0.145618970407866	0.479041020452687	0.558232700541939	0.079191680089252
chr1:185308875:185309003:clu_3963	-0.557780170751846	0.438593225877494	0.387060162304141	-0.0515330635733535
chr1:185308875:185309383:clu_3963	1.50212951418484	0.0436981820610932	0.302543156632634	0.258844974571541
chr1:185309172:185309383:clu_3963	-0.944349343432997	0.517708592061413	0.310396681063225	-0.207311910998188
chr1:192575929:192576285:clu_3973	-0.241862848681784	0.560125297889399	0.503368386794915	-0.056756911094484
chr1:192575929:192576774:clu_3973	0.271246981845746	0.019869998009555	0.0298290444056852	0.00995904639613021
chr1:192576365:192576774:clu_3973	-0.0293841331639628	0.420004704101046	0.4668025687994	0.0467978646983538
chr1:198264235:198277961:clu_3989	0.277107742141936	0.416135896271385	0.468415216380605	0.0522793201092194
chr1:198264235:198278954:clu_3989	-0.774444393870911	0.284794047487289	0.112006553060202	-0.172787494427088
chr1:198278069:198278954:clu_3989	0.497336651728975	0.299070056241326	0.419578230559194	0.120508174317868
chr1:198692373:198694018:clu_3994	0.318096925903686	0.00494251931002564	0.00473977505488326	-0.000202744255142385
chr1:198692373:198696712:clu_3994	-0.739200995398302	0.117531565957345	0.0391548194669358	-0.0783767464904094
chr1:198692373:198699564:clu_3994	1.19667466041181	0.12651850411019	0.292095500219762	0.165576996109572
chr1:198692373:198703298:clu_3994	0.848243418496382	0.129489431055422	0.211000446955301	0.0815110158998791
chr1:198696909:198699564:clu_3994	-1.20298044258124	0.124337903186126	0.0260505794438746	-0.0982873237422511
chr1:198699704:198702387:clu_3994	-0.609520999670418	0.144017187008331	0.0546215894582455	-0.0893955975500858
chr1:198699704:198703298:clu_3994	0.88324724128587	0.186168428906594	0.314164459737148	0.127996030830554
chr1:198702530:198703298:clu_3994	-0.694559808447794	0.166994460465966	0.0581728296638502	-0.108821630802116
chr1:198729171:198729634:clu_3997	-0.195799395803287	0.0785401443219926	0.0578051567440384	-0.0207349875779542
chr1:198729171:198731617:clu_3997	0.142991469841519	0.810580764228831	0.837155596686501	0.0265748324576695
chr1:198729765:198731617:clu_3997	0.387480883212126	0.0501482263613131	0.0661372103123679	0.0159889839510548
chr1:198731462:198731617:clu_3997	-0.334672957250359	0.0607308650878628	0.038902036257093	-0.0218288288307698
chr1:201957574:201958839:clu_4017	0.29769592352897	0.145962139163897	0.227721629289439	0.0817594901255421
chr1:201957574:201963616:clu_4017	-0.318709086033815	0.698709622585665	0.588517651083255	-0.110191971502409
chr1:201958908:201963616:clu_4017	0.0210131625048457	0.155328238250438	0.183760719627306	0.0284324813768674
chr1:202945169:202946439:clu_4040	-0.0542332273909906	0.867552852978949	0.854585255727282	-0.0129675972516666
chr1:202945195:202946439:clu_4040	0.0542332273909905	0.132447147021051	0.145414744272718	0.0129675972516666
chr1:203008810:203014889:clu_4045	-0.166977851337844	0.781320101393785	0.718982528423853	-0.0623375729699319
chr1:203008810:203014892:clu_4045	0.166977851337844	0.218679898606215	0.281017471576147	0.0623375729699318
chr1:203016140:203017756:clu_4046	-0.293379879786358	0.332386997712792	0.207777125040017	-0.124609872672776
chr1:203016140:203017759:clu_4046	-0.291979058997458	0.0491834247426262	0.0307879548506043	-0.0183954698920218
chr1:203016140:203018481:clu_4046	0.878780510471027	0.269037540532654	0.543036947645871	0.273999407113217
chr1:203017919:203018481:clu_4046	-0.293421571687211	0.349392037011928	0.218397972463508	-0.13099406454842
chr1:203833853:203833937:clu_4064	-0.283811203109924	0.0718451500359762	0.0672620516392802	-0.00458309839669596
chr1:203833853:203837966:clu_4064	-0.283812669122276	0.877418520140255	0.821445612707871	-0.0559729074323847
chr1:203834102:203837966:clu_4064	0.5676238722322	0.0507363298237685	0.111292335652849	0.0605560058290807
chr1:204532246:204537430:clu_4076	-0.119019939659716	0.356135417843507	0.296890826163854	-0.0592445916796527
chr1:204532246:204538209:clu_4076	-0.237465642102367	0.267099180463392	0.197794336479838	-0.0693048439835539
chr1:204537497:204538209:clu_4076	0.356485581762084	0.376765401693101	0.505314837356308	0.128549435663207
chr1:205719673:205720501:clu_4102	-0.585356391907475	0.109984578789235	0.0369118818634087	-0.0730726969258265
chr1:205719676:205720501:clu_4102	0.585356391907475	0.890015421210765	0.963088118136591	0.0730726969258266
chr1:205729621:205749957:clu_4103	0.277463974701043	0.843424471752282	0.903685263315869	0.0602607915635877
chr1:205748224:205749957:clu_4103	-0.277463974701043	0.156575528247718	0.0963147366841307	-0.0602607915635878
chr1:206584684:206585180:clu_4119	-0.188417669611606	0.511488604653953	0.468502498091346	-0.0429861065626069
chr1:206584684:206586826:clu_4119	0.39002852219989	0.123252495037987	0.201320340886309	0.0780678458483215
chr1:206585295:206586826:clu_4119	-0.201610852588284	0.36525890030806	0.330177161022345	-0.0350817392857145
chr1:206731919:206732038:clu_4128	-0.371460150376023	0.116299159249441	0.0589185860802364	-0.0573805731692044
chr1:206731919:206732575:clu_4128	0.371460150376023	0.883700840750559	0.941081413919764	0.0573805731692044
chr1:207325721:207326752:clu_4138	0.525162729040648	0.629006236329498	0.828960981246237	0.199954744916739
chr1:207325721:207326796:clu_4138	-0.525162729040648	0.370993763670502	0.171039018753763	-0.199954744916739
chr1:207336818:207337329:clu_4140	0.460047918973412	0.892646344331199	0.95426849964569	0.0616221553144907
chr1:207337250:207337329:clu_4140	-0.460047918973412	0.107353655668801	0.0457315003543099	-0.0616221553144908
chr1:207339417:207340391:clu_4141	-0.141388725030331	0.0988442479359264	0.0763566983188541	-0.0224875496170723
chr1:207339417:207359546:clu_4141	0.141388725030331	0.901155752064074	0.923643301681146	0.0224875496170724
chr1:207767195:207767607:clu_4150	0.582657268779308	0.0331262030144845	0.0522979319165936	0.0191717289021091
chr1:207767195:207767779:clu_4150	0.188971937645357	0.259890242107392	0.276775384658456	0.0168851425510648
chr1:207767195:207770321:clu_4150	0.633422227147877	0.0735224438317279	0.122118013720078	0.0485955698883503
chr1:207767651:207767779:clu_4150	-0.343639369392081	0.0718109817422736	0.0448970908892539	-0.0269138908530197
chr1:207767823:207770321:clu_4150	0.0359944208876939	0.546509725963372	0.499456987319761	-0.0470527386436107
chr1:207768772:207770321:clu_4150	-1.09740648506815	0.0151404033407506	0.00445459149585687	-0.0106858118448938
chr1:207785682:207790253:clu_4152	-0.23776826553544	0.399098645921901	0.301436295437237	-0.0976623504846643
chr1:207785682:207793519:clu_4152	0.344612115983282	0.368896134009518	0.498820139467289	0.129924005457771
chr1:207790345:207793519:clu_4152	-0.106843850447842	0.232005220068581	0.199743565095474	-0.0322616549731068
chr1:209760324:209762515:clu_4155	0.21683942860717	0.100348110300323	0.146829946280326	0.0464818359800027
chr1:209760384:209762515:clu_4155	-0.21683942860717	0.899651889699677	0.853170053719674	-0.0464818359800027
chr1:209763587:209772948:clu_4156	0.567041178854227	0.443485293876222	0.71239681967009	0.268911525793869
chr1:209768660:209772948:clu_4156	-0.567041178854227	0.556514706123778	0.28760318032991	-0.268911525793869
chr1:209773019:209775290:clu_4156_B	-0.00337333692782642	0.0908255719455278	0.0902699924874313	-0.000555579458096589
chr1:209773019:209775349:clu_4156_B	0.00337333692782642	0.909174428054472	0.909730007512569	0.000555579458096589
chr1:209775489:209775574:clu_4157	-0.965988860595781	0.0231687695157172	0.00342410086812043	-0.0197446686475967
chr1:209775489:209775599:clu_4157	0.965988860595781	0.976831230484283	0.996575899131879	0.0197446686475966
chr1:209775736:209777352:clu_4158	0.773613341727177	0.633242946441724	0.89025819854016	0.257015252098437
chr1:209776124:209777352:clu_4158	-0.773613341727177	0.366757053558276	0.10974180145984	-0.257015252098436
chr1:209778173:209779315:clu_4159	-0.157083647574522	0.85927724199707	0.81684740204003	-0.0424298399570403
chr1:209778173:209779431:clu_4159	0.157083647574522	0.14072275800293	0.18315259795997	0.0424298399570402
chr1:209779374:209780470:clu_4159_B	-0.349133587134004	0.215930077233672	0.189305256497544	-0.0266248207361283
chr1:209779374:209781345:clu_4159_B	-0.0334238602425751	0.095889202843271	0.115273700147067	0.0193844973037961
chr1:209779374:209782056:clu_4159_B	1.01790096006322	0.0228123257098167	0.0784719884077224	0.0556596626979056
chr1:209780606:209781345:clu_4159_B	-0.503185652766432	0.319088355667944	0.239804057538408	-0.0792842981295352
chr1:209781458:209782056:clu_4159_B	-0.132157859920207	0.346280038545297	0.377144997409259	0.0308649588639619
chr1:212347406:212347974:clu_4180	-0.170953031042754	0.249670708865667	0.192586881128569	-0.0570838277370981
chr1:212347406:212348389:clu_4180	0.524585643303157	0.35987452061845	0.556517484296753	0.196642963678303
chr1:212348021:212348389:clu_4180	-0.353632612260404	0.390454770515883	0.250895634574679	-0.139559135941205
chr1:224424654:224431477:clu_4256	0.0810989952214065	0.490185726344906	0.5306953142211	0.0405095878761935
chr1:224424654:224431525:clu_4256	-0.0810989952214065	0.509814273655094	0.4693046857789	-0.0405095878761936
chr1:225406832:225410291:clu_4259	-0.141906832730768	0.446634512730501	0.456942930730119	0.010308417999618
chr1:225406832:225411337:clu_4259	0.386708376624175	0.0397143465685524	0.0689337291570589	0.0292193825885066
chr1:225410416:225411337:clu_4259	-0.244801543893407	0.513651140700947	0.474123340112822	-0.0395278005881246
chr1:225783368:225786862:clu_4261	-0.333932231890355	0.22128697159114	0.103778908910952	-0.117508062680188
chr1:225783368:225789240:clu_4261	0.662427139886288	0.662406843347602	0.841378563098522	0.17897171975092
chr1:225786985:225789240:clu_4261	-0.328494907995933	0.116306185061258	0.0548425279905266	-0.0614636570707317
chr1:228140363:228141124:clu_4293	-0.0873059021610026	0.18968947265876	0.147723376301133	-0.0419660963576278
chr1:228140363:228145511:clu_4293	0.277711017312029	0.674958472436387	0.757195253803886	0.082236781367499
chr1:228141288:228145511:clu_4293	-0.190405115151027	0.135352054904852	0.0950813698949812	-0.0402706850098712
chr1:228146067:228146842:clu_4295	-0.111715170899101	0.931105071098149	0.915317281579246	-0.0157877895189033
chr1:228146067:228146861:clu_4295	0.111715170899101	0.0688949289018507	0.0846827184207539	0.0157877895189033
chr1:228147699:228148371:clu_4298	-0.0073870971557474	0.489852516810345	0.515993265674501	0.026140748864156
chr1:228147699:228148665:clu_4298	0.143773026284625	0.0389840528154409	0.0477654291578734	0.00878137634243253
chr1:228148456:228148665:clu_4298	-0.136385929128878	0.471163430374214	0.436241305167625	-0.0349221252065884
chr1:235177913:235181071:clu_4358	-0.600975877960003	0.252196760661243	0.10727513453782	-0.144921626123424
chr1:235177913:235181585:clu_4358	0.524617811783187	0.562764255073396	0.737777144072952	0.175012888999556
chr1:235181184:235181585:clu_4358	0.0763580661768163	0.18503898426536	0.154947721389228	-0.0300912628761322
chr1:236542787:236542915:clu_4388	-0.221092785557849	0.315666274541627	0.254149708006436	-0.0615165665351905
chr1:236542787:236543560:clu_4388	0.457395647552637	0.25596427225932	0.406166932564253	0.150202660304934
chr1:236543040:236543560:clu_4388	-0.236302861994788	0.428369453199054	0.33968335942931	-0.0886860937697434
chr1:244857717:244858011:clu_4416	-0.348982074672748	0.593585133547349	0.568655590604265	-0.0249295429430847
chr1:244857717:244858729:clu_4416	0.699266755243256	0.0239318330906437	0.0654019873797176	0.0414701542890739
chr1:244858274:244858729:clu_4416	-0.350284680570507	0.382483033362007	0.365942422016018	-0.0165406113459891
chr1:244859374:244859876:clu_4417	0.405239103590816	0.031795074156666	0.0687754121946453	0.0369803380379793
chr1:244859374:244860335:clu_4417	-0.405239103590816	0.968204925843334	0.931224587805355	-0.0369803380379792
chr1:244862534:244862619:clu_4418	-0.223997452048777	0.500454679854201	0.479386859617943	-0.0210678202362581
chr1:244862534:244863674:clu_4418	0.589847524469207	0.0345936693526203	0.0747767151555662	0.0401830458029459
chr1:244862730:244863617:clu_4418	-0.0904590483729168	0.123185953611953	0.134858260146145	0.0116723065341922
chr1:244862730:244863674:clu_4418	-0.275391024047513	0.341765697181226	0.310978165080346	-0.0307875321008801
chr1:247191014:247199360:clu_4431	-0.506291581689038	0.980954143219768	0.949266009968636	-0.0316881332511315
chr1:247197247:247199360:clu_4431	0.506291581689038	0.0190458567802322	0.0507339900313638	0.0316881332511316
chr10:1043393:1043999:clu_4458	1.38564573356498	0.239863550813286	0.493805684533189	0.253942133719903
chr10:1043393:1048264:clu_4458	-2.28500190702905	0.0550465696088804	0.00288522755425336	-0.052161342054627
chr10:1043393:1048864:clu_4458	0.0138292248717372	0.20632137714152	0.107736711358061	-0.0985846657834586
chr10:1044171:1048264:clu_4458	0.458593015708407	0.0751021064293111	0.0611829009427392	-0.0139192054865719
chr10:1044171:1048864:clu_4458	0.426933932883918	0.423666396007003	0.334389475611758	-0.0892769203952454
chr10:3779590:3780106:clu_4473	-0.143019014943823	0.386863255791821	0.345888113339718	-0.0409751424521031
chr10:3779590:3781641:clu_4473	0.1625456445086	0.167612537727477	0.203418150814342	0.0358056130868652
chr10:3780229:3781641:clu_4473	-0.0195266295647767	0.445524206480702	0.45069373584594	0.0051695293652379
chr10:3782214:3783216:clu_4474	0.738797199849078	0.00979968044749067	0.0393100406401684	0.0295103601926777
chr10:3782214:3784615:clu_4474	-0.307631945328315	0.0120312774815893	0.0169490327282346	0.00491775524664521
chr10:3782214:3784913:clu_4474	-0.702623943920574	0.968322691470508	0.918989266217848	-0.0493334252526603
chr10:3783281:3784913:clu_4474	0.271458689399811	0.00984635060041181	0.0247516604137492	0.0149053098133374
chr10:6112361:6113508:clu_4499	0.956728667331018	0.523744402407855	0.881687310418749	0.357942908010894
chr10:6113068:6113508:clu_4499	-0.956728667331018	0.476255597592145	0.118312689581251	-0.357942908010894
chr10:6217191:6218474:clu_4502	-0.55994921707998	0.249958804897879	0.177745803217678	-0.0722130016802011
chr10:6217191:6219569:clu_4502	-0.225191145102635	0.705773953207662	0.701423199078148	-0.00435075412951447
chr10:6218571:6219569:clu_4502	0.785140362182615	0.0442672418944583	0.120830997704174	0.0765637558097154
chr10:11257872:11266598:clu_4532	0.20567578748744	0.286301502004829	0.349978631841206	0.0636771298363771
chr10:11257872:11270666:clu_4532	-0.486056439628703	0.411374231178792	0.251790590917037	-0.159583640261756
chr10:11266677:11270666:clu_4532	0.280380652141263	0.302324266816379	0.398230777241758	0.0959065104253786
chr10:11314258:11321207:clu_4533	-0.0703285295824263	0.84857436894756	0.829601555903599	-0.0189728130439618
chr10:11314270:11321207:clu_4533	0.0703285295824263	0.15142563105244	0.170398444096401	0.0189728130439617
chr10:14530515:14553322:clu_4569	3.9931796642835	0.487808810904698	0.462733082485384	-0.0250757284193135
chr10:14530515:14571763:clu_4569	-4.36444116525417	0.0391072330789679	8.7030081698124e-06	-0.0390985300707981
chr10:14530515:14604240:clu_4569	4.48302183526633	0.225846618257871	0.349647359944579	0.123800741686708
chr10:14553387:14571763:clu_4569	-4.37555759916291	0.109118750790618	2.40150713342186e-05	-0.109094735719284
chr10:14553387:14572229:clu_4569	-4.35980232160109	0.0328456931043259	7.34353816624063e-06	-0.0328383495661597
chr10:14553387:14604240:clu_4569	4.62359958646833	0.10527289386352	0.187579495952366	0.0823066020888467
chr10:16782084:16816973:clu_4586	-0.0341057196828638	0.556090260417619	0.547572220821342	-0.00851803959627662
chr10:16782084:16817315:clu_4586	0.0563938807901557	0.124091988121046	0.133765260163534	0.00967327204248782
chr10:16817084:16817315:clu_4586	-0.0222881611072918	0.319817751461335	0.318662519015124	-0.00115523244621119
chr10:17235389:17235846:clu_4592	-0.0789037128543228	0.525004638165355	0.529011876816027	0.00400723865067187
chr10:17235389:17236294:clu_4592	0.18300070249153	0.0130820444415166	0.0171285872716857	0.0040465428301691
chr10:17235889:17236294:clu_4592	-0.104096989637207	0.461913317393129	0.453859535912288	-0.00805378148084102
chr10:22573457:22591629:clu_4616	-0.0820463116393737	0.443397175109657	0.441295368271575	-0.00210180683808181
chr10:22573457:22609620:clu_4616	0.16369334864828	0.016323018283025	0.0207711380825437	0.00444811979951861
chr10:22608023:22609620:clu_4616	-0.0816470370089057	0.540279806607318	0.537933493645881	-0.00234631296143695
chr10:26533525:26535726:clu_4622	-0.142214997453102	0.0704389305366802	0.0609128525153191	-0.00952607802136116
chr10:26533525:26536074:clu_4622	-0.0646421227950248	0.405096538917523	0.378568250715061	-0.0265282882024618
chr10:26533525:26541582:clu_4622	0.144631128825129	0.0450190446401783	0.0518642555536004	0.00684521091342215
chr10:26536217:26541582:clu_4622	0.0622259914229976	0.479445485905619	0.508654641216019	0.0292091553104007
chr10:26541692:26550926:clu_4623	-0.393995112339046	0.0375191737399541	0.0174184685823361	-0.020100705157618
chr10:26541692:26560105:clu_4623	0.393995112339046	0.962480826260046	0.982581531417664	0.0201007051576181
chr10:26751783:26759062:clu_4627	0.0750679509796423	0.41330942067808	0.437572263704669	0.0242628430265893
chr10:26751783:26765218:clu_4627	0.0871928079287958	0.157705359306244	0.168999995079587	0.0112946357733432
chr10:26759235:26765218:clu_4627	-0.122863752930999	0.153672690640756	0.133478257912352	-0.0201944327284038
chr10:26759238:26765218:clu_4627	-0.0393970059774387	0.27531252937492	0.259949483303392	-0.0153630460715287
chr10:26770345:26771075:clu_4629	0.610105021434364	0.115814101799259	0.331352688914887	0.215538587115629
chr10:26770345:26777065:clu_4629	-1.17256462898589	0.775950961648926	0.373387469472784	-0.402563492176142
chr10:26771089:26777065:clu_4629	0.562459607551523	0.108234936551816	0.295259841612329	0.187024905060513
chr10:27526889:27532507:clu_4644	1.09549692068173	0.712633272353073	0.956859799337698	0.244226526984625
chr10:27531615:27532507:clu_4644	-1.09549692068173	0.287366727646927	0.043140200662302	-0.244226526984625
chr10:28533007:28533998:clu_4651	0.321794278912397	0.172040059410595	0.283401952945374	0.111361893534779
chr10:28533620:28533998:clu_4651	-0.321794278912397	0.827959940589405	0.716598047054626	-0.111361893534779
chr10:28535757:28535910:clu_4653	-0.0377789609619792	0.0605465275245944	0.0444872817493746	-0.0160592457752198
chr10:28535757:28583399:clu_4653	0.326039603658987	0.86183323197145	0.911117233557977	0.0492840015865278
chr10:28536059:28583399:clu_4653	-0.288260642697008	0.0776202405039561	0.044395484692648	-0.033224755811308
chr10:28590832:28595733:clu_4655	-0.0824892057660366	0.408518820361949	0.396018100418569	-0.0125007199433798
chr10:28590832:28608186:clu_4655	0.152270790973387	0.0953144512706656	0.116846764224792	0.0215323129541262
chr10:28596041:28608186:clu_4655	-0.0697815852073503	0.496166728367385	0.487135135356639	-0.00903159301074641
chr10:28614685:28616173:clu_4657	-0.0156410563373543	0.682891814184479	0.676079233521761	-0.0068125806627175
chr10:28614685:28616176:clu_4657	0.0156410563373543	0.317108185815521	0.323920766478239	0.00681258066271745
chr10:32305931:32346763:clu_4684	0.0342196997145489	0.200978403434881	0.150118415256292	-0.0508599881785884
chr10:32305931:32378491:clu_4684	-1.34041896991841	0.206535602011309	0.0390194834003429	-0.167516118610966
chr10:32345562:32346763:clu_4684	0.681362892221389	0.153219918409652	0.218600184139506	0.0653802657298541
chr10:32345623:32346763:clu_4684	0.624836377982477	0.439266076144158	0.592261917203859	0.152995841059701
chr10:32908534:32910223:clu_4689	-0.340375811273262	0.67261167334675	0.638049371673488	-0.0345623016732618
chr10:32908534:32911448:clu_4689	0.680646078392909	0.0304822289217489	0.0802713889823491	0.0497891600606002
chr10:32910455:32911448:clu_4689	-0.340270267119647	0.296906097731501	0.281679239344163	-0.0152268583873384
chr10:32911670:32911886:clu_4690	-0.0133042445043308	0.587064514825556	0.602455647293694	0.0153911324681386
chr10:32911670:32920245:clu_4690	0.115121768435888	0.0425352750895187	0.0496321631968068	0.00709688810728807
chr10:32920084:32920245:clu_4690	-0.101817523931557	0.370400210084926	0.347912189509499	-0.0224880205754267
chr10:43396590:43397185:clu_4725	0.584293181493709	0.0727336245583947	0.14334826486464	0.0706146403062455
chr10:43396590:43407717:clu_4725	-0.602210280295182	0.349378599253913	0.210213984007071	-0.139164615246842
chr10:43396590:43409131:clu_4725	0.0179170988014731	0.577887776187692	0.646437751128288	0.0685499749405966
chr10:46006597:46008401:clu_4761	0.666512155402477	0.0235349893518555	0.0502795597789797	0.0267445704271242
chr10:46006597:46009411:clu_4761	-0.0897650761584101	0.90012308222364	0.902676903826122	0.00255382160248219
chr10:46008447:46009411:clu_4761	-0.576747079244067	0.0763419284245048	0.0470435363948983	-0.0292983920296065
chr10:46014552:46014854:clu_4762	0.303781291008039	0.460737166373054	0.487304992315455	0.026567825942401
chr10:46014552:46015126:clu_4762	-0.557224910477416	0.0531012309996273	0.0237422547480382	-0.0293589762515891
chr10:46014942:46015126:clu_4762	0.253443619469377	0.486161602627319	0.488952752936507	0.00279115030918803
chr10:46015266:46016540:clu_4762_B	-0.90476551065235	0.531412263951105	0.543455738834183	0.0120434748830787
chr10:46015266:46030526:clu_4762_B	-0.504626101894966	0.00800715475907024	0.0122176918138202	0.00421053705474991
chr10:46016694:46023330:clu_4762_B	3.30613975357996	0.00393274901907638	0.271145098349502	0.267212349330425
chr10:46016694:46030526:clu_4762_B	-1.89674814103265	0.456647832270749	0.173181471002495	-0.283466361268254
chr10:58388819:58390765:clu_4808	-0.109935555359625	0.380763615352115	0.327444574066219	-0.0533190412858958
chr10:58388819:58394358:clu_4808	-0.213282948089272	0.26997149285207	0.209371257856004	-0.0606002349960663
chr10:58390860:58394358:clu_4808	0.323218503448896	0.349264891795815	0.463184168077777	0.113919276281962
chr10:63168109:63168435:clu_4814	-0.0419007179477195	0.132888878408608	0.123526009330658	-0.00936286907795068
chr10:63168134:63168435:clu_4814	0.0419007179477195	0.867111121591392	0.876473990669342	0.00936286907795059
chr10:63168566:63176297:clu_4815	0.882468998702389	0.918170232162317	0.984971728153749	0.0668014959914327
chr10:63174477:63176297:clu_4815	-0.882468998702389	0.0818297678376833	0.0150282718462507	-0.0668014959914326
chr10:68332216:68337199:clu_4830	-0.0202676800817094	0.64561990496437	0.636291839523258	-0.00932806544111198
chr10:68332235:68337199:clu_4830	0.0202676800817095	0.35438009503563	0.363708160476742	0.00932806544111214
chr10:68337333:68337858:clu_4831	0.110939981172854	0.154554485843652	0.170784697260235	0.016230211416583
chr10:68337333:68338503:clu_4831	0.00855064566716092	0.119247627497056	0.118946033274931	-0.000301594222124793
chr10:68337333:68339140:clu_4831	0.199290306710862	0.151624527202344	0.183023500767097	0.0313989735647533
chr10:68337996:68338503:clu_4831	0.0483658427202678	0.218152693286037	0.226439566910284	0.00828687362424704
chr10:68338642:68339140:clu_4831	-0.383725344404674	0.173585551268398	0.116963536532968	-0.0566220147354301
chr10:68338687:68339140:clu_4831	0.01657856813353	0.182835114902513	0.183842665254485	0.00100755035197153
chr10:68970350:68971891:clu_4847	-0.371150577760401	0.590596689476076	0.529690262567867	-0.0609064269082092
chr10:68970350:68973545:clu_4847	0.74228717691933	0.056230249287232	0.153553904052568	0.0973236547653359
chr10:68972052:68973545:clu_4847	-0.371136599158929	0.353173061236692	0.316755833379565	-0.0364172278571268
chr10:69088236:69093065:clu_4848	-0.580483386719992	0.0239648078941757	0.00763097815569655	-0.0163338297384792
chr10:69088236:69097084:clu_4848	0.580483386719992	0.976035192105824	0.992369021844303	0.0163338297384792
chr10:70153969:70157764:clu_4861	0.723885580616606	0.913469414050299	0.978215325735746	0.0647459116854464
chr10:70155124:70157764:clu_4861	-0.723885580616606	0.0865305859497008	0.0217846742642544	-0.0647459116854464
chr10:71760924:71761598:clu_4871	0.046918024158826	0.561330859417284	0.532636530961782	-0.0286943284555021
chr10:71760924:71773358:clu_4871	0.913886165164823	0.0124072283942989	0.0280160102325222	0.0156087818382233
chr10:71761823:71773358:clu_4871	-1.12717327214822	0.0211904790386309	0.00621514741882533	-0.0149753316198056
chr10:71762026:71773358:clu_4871	0.16636908282457	0.405071433149786	0.43313231138687	0.0280608782370844
chr10:72216072:72223888:clu_4884	-0.0349811614356226	0.221555303736546	0.174743866114097	-0.0468114376224485
chr10:72216072:72230366:clu_4884	0.230451190630206	0.0950001813575104	0.0977057289666891	0.0027055476091787
chr10:72216138:72220054:clu_4884	-0.507090804552395	0.0248123328234302	0.0122054212854955	-0.0126069115379347
chr10:72216138:72223888:clu_4884	0.376949412811097	0.130247921555865	0.155092132009655	0.0248442104537897
chr10:72216138:72230366:clu_4884	-0.136173316752809	0.046477729487127	0.0331296996270494	-0.0133480298600776
chr10:72220379:72223888:clu_4884	0.235989591287832	0.14351224313012	0.148419117305728	0.00490687417560742
chr10:72220379:72230366:clu_4884	-0.518775717446398	0.0220794703934932	0.010734927978754	-0.0113445424147392
chr10:72224056:72230366:clu_4884	0.353630805458091	0.316314817515908	0.367969106712532	0.0516542891966243
chr10:73744437:73746805:clu_4920	0.122491469110195	0.798806864594683	0.835323593862018	0.0365167292673353
chr10:73746716:73746805:clu_4920	-0.122491469110195	0.201193135405317	0.164676406137982	-0.0365167292673353
chr10:73765589:73765800:clu_4922	-0.0495852567700937	0.492516700181144	0.494212048569392	0.00169534838824803
chr10:73765589:73766086:clu_4922	0.219769126669011	0.128273423723336	0.168503209333348	0.0402297856100117
chr10:73765915:73766086:clu_4922	-0.170183869898917	0.379209876095521	0.337284742097261	-0.0419251339982597
chr10:73770015:73770280:clu_4925	-0.632700486024984	0.793739848674429	0.620481935035925	-0.173257913638504
chr10:73770015:73770709:clu_4925	0.585608247415437	0.0557128341883931	0.147268875304728	0.0915560411163351
chr10:73770471:73770709:clu_4925	0.0470922386095472	0.150547317137178	0.232249189659347	0.0817018725221692
chr10:73791176:73791324:clu_4930	-0.47697088327245	0.398602769668021	0.241936354942679	-0.156666414725342
chr10:73791176:73791859:clu_4930	0.135975481023337	0.270814214476652	0.303411124954147	0.0325969104774957
chr10:73791499:73791859:clu_4930	0.340995402249113	0.330583015855327	0.454652520103173	0.124069504247846
chr10:73794330:73794541:clu_4932	-0.32973577168316	0.649043131566321	0.488842926251848	-0.160200205314473
chr10:73794330:73794556:clu_4932	0.32973577168316	0.350956868433679	0.511157073748152	0.160200205314473
chr10:73800170:73800296:clu_4936	-0.323978661044297	0.779873063823035	0.649528991427395	-0.13034407239564
chr10:73800194:73800296:clu_4936	0.323978661044297	0.220126936176965	0.350471008572605	0.13034407239564
chr10:75214070:75217888:clu_4962	0.0456972710791026	0.172786157450671	0.173865722987606	0.00107956553693447
chr10:75214070:75219063:clu_4962	0.164094250043203	0.513440595928205	0.581586588037389	0.0681459921091839
chr10:75217991:75219063:clu_4962	-0.209791521122306	0.313773246621124	0.244547688975005	-0.0692255576461184
chr10:78037304:78040204:clu_4970	-0.192679229478353	0.413863685360827	0.359176888471099	-0.0546867968897281
chr10:78037304:78040615:clu_4970	0.322883582733111	0.187619378680019	0.272668419611962	0.0850490409319426
chr10:78040225:78040615:clu_4970	-0.130204353254758	0.398516935959154	0.368154691916939	-0.0303622440422144
chr10:80172869:80176107:clu_4985	-0.153224528248887	0.475010225649254	0.432695895369002	-0.0423143302802523
chr10:80172869:80205343:clu_4985	0.097533605728522	0.145632380342734	0.170467125716959	0.0248347453742253
chr10:80176155:80180941:clu_4985	-0.0467920958853079	0.0196446624450209	0.0199043227566769	0.000259660311656081
chr10:80176155:80205343:clu_4985	-0.0182183447739032	0.34747887328067	0.362276915713696	0.0147980424330263
chr10:80181455:80205343:clu_4985	0.120701363179576	0.0122338582823208	0.0146557404436653	0.00242188216134449
chr10:80454371:80468547:clu_4987	0.277627872967914	0.186407254295964	0.25434980396632	0.0679425496703553
chr10:80454371:80489217:clu_4987	0.0384160807227439	0.41338803637298	0.444056406551535	0.0306683701785551
chr10:80468687:80489217:clu_4987	-0.316043953690658	0.400204709331056	0.301593789482145	-0.0986109198489105
chr10:80507296:80509301:clu_4987_B	0.0929336823229203	0.0891738518411303	0.105467647604724	0.0162937957635938
chr10:80507374:80509301:clu_4987_B	-0.0929336823229203	0.91082614815887	0.894532352395276	-0.0162937957635938
chr10:87925557:87927548:clu_5016	0.291940867141232	0.0877770824217996	0.124003278423311	0.0362261960015117
chr10:87925557:87931046:clu_5016	-0.0528731375502356	0.748289842480361	0.748809001265455	0.000519158785094009
chr10:87927599:87931046:clu_5016	-0.479663412947101	0.134713617038836	0.0879751552276233	-0.0467384618112126
chr10:87930255:87931046:clu_5016	0.240595683356105	0.0292194580590039	0.0392125650836108	0.00999310702460684
chr10:87933251:87952118:clu_5018	0.798106170607138	0.321175854004617	0.47454169217991	0.153365838175293
chr10:87933251:87957853:clu_5018	-1.22619411019642	0.202711295516527	0.0395609757362435	-0.163150319780284
chr10:87952259:87957853:clu_5018	0.428087939589286	0.476112850478856	0.485897332083846	0.0097844816049904
chr10:89010600:89010753:clu_5028	0.256490873252051	0.225421060875506	0.301169529932783	0.0757484690572768
chr10:89010600:89011999:clu_5028	-0.148695891071249	0.539853197699291	0.480974269883659	-0.0588789278156328
chr10:89010815:89011999:clu_5028	-0.107794982180802	0.234725741425203	0.217856200183559	-0.016869541241644
chr10:91163081:91222689:clu_5038	-2.41967196219658	0.644574948708373	0.014146127634615	-0.630428821073758
chr10:91220836:91222689:clu_5038	2.41967196219658	0.355425051291627	0.985853872365385	0.630428821073758
chr10:91222983:91227337:clu_5039	0.680524416633783	0.502481195707204	0.797537423507746	0.295056227800543
chr10:91222983:91240484:clu_5039	-0.680524416633783	0.497518804292796	0.202462576492254	-0.295056227800543
chr10:97468406:97468966:clu_5116	0.551805523089118	0.541204780190511	0.556051598655613	0.0148468184651013
chr10:97468406:97469646:clu_5116	-1.3976404326298	0.153006979268436	0.0223785060132278	-0.130628473255208
chr10:97469104:97469646:clu_5116	0.845834909540686	0.305788240541053	0.421569895331159	0.115781654790106
chr10:98430670:98431131:clu_5139	0.335662456708398	0.388127298778088	0.436200245322552	0.0480729465444633
chr10:98430670:98433940:clu_5139	-0.23951268827978	0.107503459698449	0.0679733642361387	-0.03953009546231
chr10:98431291:98433940:clu_5139	-0.701217323363645	0.229546095154054	0.0914682685501075	-0.138077826603946
chr10:98431291:98433983:clu_5139	0.605067554935027	0.274823146369409	0.404358121891202	0.129534975521793
chr10:98429642:98429791:clu_5140	0.311959328808237	0.382817505643769	0.447957535214019	0.0651400295702501
chr10:98429642:98430571:clu_5140	-0.629164952326836	0.241698963083493	0.110355698087431	-0.131343264996062
chr10:98429889:98430571:clu_5140	0.317205623518599	0.375483531272738	0.44168676669855	0.0662032354258115
chr10:98434091:98435272:clu_5141	-0.0403840403344214	0.513108723854883	0.486541668233082	-0.026567055621801
chr10:98434091:98435635:clu_5141	-0.0802328818311856	0.142451793240719	0.129799323815599	-0.0126524694251207
chr10:98435414:98435635:clu_5141	0.120616922165607	0.344439482904397	0.383659007951319	0.0392195250469218
chr10:98435772:98443124:clu_5142	0.0278789949941449	0.790107872053377	0.799205121042953	0.00909724898957587
chr10:98442957:98443124:clu_5142	-0.0278789949941449	0.209892127946623	0.200794878957047	-0.00909724898957598
chr10:98445413:98446807:clu_5143	0.0411710083469174	0.847447438508757	0.857790872991006	0.0103434344822489
chr10:98445413:98446887:clu_5143	-0.0411710083469174	0.152552561491243	0.142209127008994	-0.0103434344822491
chr10:99613924:99619727:clu_5146	0.710682363467711	0.0577367166534964	0.202454019165519	0.144717302512022
chr10:99613924:99620045:clu_5146	-0.710682363467711	0.942263283346504	0.797545980834481	-0.144717302512022
chr10:100275493:100277046:clu_5163	0.110148660728849	0.0331029935291844	0.0409272456482565	0.00782425211907208
chr10:100275493:100280124:clu_5163	-0.110148660728849	0.966897006470816	0.959072754351743	-0.00782425211907212
chr10:100516960:100526399:clu_5177	-0.464411049219713	0.136919561982297	0.0589705439405485	-0.077949018041748
chr10:100523929:100526399:clu_5177	0.464411049219713	0.863080438017704	0.941029456059452	0.077949018041748
chr10:100527074:100529366:clu_5178	-0.330444095711808	0.0640553079371795	0.0341351035987983	-0.0299202043383813
chr10:100527074:100529380:clu_5178	0.330444095711808	0.93594469206282	0.965864896401202	0.0299202043383813
chr10:101624810:101667886:clu_5195	0.494400302529737	0.429957505165139	0.558246214451004	0.128288709285864
chr10:101624810:101672915:clu_5195	-0.509794959657849	0.0507703579574883	0.0241487144864855	-0.0266216434710028
chr10:101667980:101672915:clu_5195	0.0153946571281121	0.519272136877372	0.417605071062511	-0.101667065814861
chr10:101792943:101793913:clu_5197	0.400068360609491	0.525805839597431	0.666610375931443	0.140804536334012
chr10:101792943:101797980:clu_5197	-0.304716968416618	0.225578099647778	0.141338090148597	-0.0842400094991812
chr10:101793998:101797980:clu_5197	-0.0953513921928738	0.248616060754791	0.19205153391996	-0.0565645268348306
chr10:101810314:101812248:clu_5200	-0.443286388610016	0.0621194441135478	0.0265675902928902	-0.0355518538206576
chr10:101810314:101813030:clu_5200	0.443286388610016	0.937880555886452	0.97343240970711	0.0355518538206576
chr10:102110043:102110529:clu_5205	-0.48463190214588	0.464098999802103	0.374316192602537	-0.0897828071995665
chr10:102110043:102110869:clu_5205	0.659220710644759	0.0253847000451643	0.0642641690091909	0.0388794689640266
chr10:102110701:102110869:clu_5205	-0.174588808498879	0.510516300152732	0.561419638388272	0.0509033382355401
chr10:102111536:102114406:clu_5207	-0.173203480888274	0.211890151345127	0.159765157281057	-0.0521249940640696
chr10:102111536:102120086:clu_5207	0.173203480888274	0.788109848654873	0.840234842718943	0.0521249940640696
chr10:102157074:102157186:clu_5212	0.189397180566932	0.225550144530397	0.290295316058765	0.0647451715283676
chr10:102157074:102157189:clu_5212	-0.354314836913487	0.256330530459759	0.191542929845361	-0.0647876006143986
chr10:102157074:102158049:clu_5212	0.296728555955444	0.0691116518194316	0.0990288226795807	0.0299171708601491
chr10:102157555:102158049:clu_5212	-0.131810899608889	0.449007673190412	0.419132931416294	-0.0298747417741183
chr10:102369775:102369861:clu_5221	0.139613115131829	0.284416200161302	0.321942020567352	0.0375258204060502
chr10:102369775:102370174:clu_5221	-0.316036055778947	0.355406503528406	0.255071998892698	-0.100334504635708
chr10:102369984:102370174:clu_5221	0.176422940647118	0.360177296310291	0.422985980539949	0.0628086842296577
chr10:102402159:102402252:clu_5232	-0.113337402343443	0.431312137349858	0.376794946632332	-0.054517190717526
chr10:102402159:102402255:clu_5232	0.113337402343443	0.568687862650142	0.623205053367668	0.0545171907175259
chr10:103089908:103090611:clu_5251	-0.395419367863513	0.484861622831292	0.434549797847085	-0.0503118249842063
chr10:103089908:103090936:clu_5251	0.839164414209247	0.0563907610492032	0.173701121051567	0.117310360002364
chr10:103090787:103090936:clu_5251	-0.443745046345734	0.458747616119505	0.391749081101348	-0.0669985350181572
chr10:103100019:103100752:clu_5254	0.148344352147217	0.232145494205677	0.201632864224141	-0.0305126299815354
chr10:103100019:103101045:clu_5254	0.558471951797427	0.547866190821185	0.717119801668237	0.169253610847051
chr10:103100943:103101045:clu_5254	-0.706816303944644	0.219988314973138	0.081247334107622	-0.138740980865516
chr10:103101326:103105358:clu_5255	0.0226506396337806	0.369743376202083	0.37819565377523	0.00845227757314698
chr10:103101326:103105706:clu_5255	0.05229610451032	0.294584653175223	0.310385275776709	0.0158006226014858
chr10:103105381:103105706:clu_5255	-0.0749467441441006	0.335671970622693	0.311419070448061	-0.0242529001746328
chr10:103106706:103111745:clu_5256	-0.121177517293625	0.423386722365862	0.296591780658562	-0.126794941707299
chr10:103106706:103139406:clu_5256	0.703251719523151	0.388177934799131	0.620151488789106	0.231973553989975
chr10:103111805:103139406:clu_5256	-0.582074202229526	0.188435342835007	0.0832567305523316	-0.105178612282675
chr10:103139479:103174858:clu_5256_B	-0.434707545714125	0.917583863469346	0.823544321746	-0.0940395417233458
chr10:103143168:103174858:clu_5256_B	0.434707545714125	0.0824161365306543	0.176455678254	0.0940395417233455
chr10:103174982:103181185:clu_5257	-0.091675754787848	0.262074422034284	0.254366273123535	-0.007708148910749
chr10:103174982:103181231:clu_5257	0.395009130292004	0.106754957262952	0.16857280028524	0.061817843022288
chr10:103174982:103193236:clu_5257	-0.153281737125553	0.273661595265853	0.249743162169821	-0.0239184330960318
chr10:103181328:103193236:clu_5257	-0.150051638378603	0.357509025436911	0.327317764421404	-0.0301912610155071
chr10:110008299:110100625:clu_5284	1.41456178107002	0.693325929890934	0.929819282040855	0.236493352149921
chr10:110008982:110100625:clu_5284	-0.353646877617949	0.0857392758110971	0.0196208425582301	-0.066118433252867
chr10:110077118:110079240:clu_5284	-0.35363841875964	0.0471829698601895	0.0107975889145994	-0.0363853809455901
chr10:110077118:110100625:clu_5284	-0.353640680138762	0.0553353337849983	0.0126631883768067	-0.0426721454081916
chr10:110079297:110100625:clu_5284	-0.35363580455367	0.118416490652781	0.0270990981095085	-0.0913173925432724
chr10:110100848:110112777:clu_5285	0.407272212461654	0.955986869955337	0.980019204957361	0.0240323350020237
chr10:110106053:110112777:clu_5285	-0.407272212461654	0.0440131300446628	0.0199807950426392	-0.0240323350020237
chr10:110112915:110116259:clu_5286	0.224044317743748	0.489574337273288	0.524212520559841	0.0346381832865533
chr10:110112915:110117342:clu_5286	-0.357364823851901	0.0615748337380886	0.0368628756187891	-0.0247119581192995
chr10:110116410:110117342:clu_5286	0.133320506108153	0.448850828988624	0.43892460382137	-0.00992622516725378
chr10:110130486:110132305:clu_5289	-1.30078740689911	0.502121797846601	0.367317361350354	-0.134804436496246
chr10:110130486:110133326:clu_5289	2.6015748137982	0.00756394432282774	0.274002851810743	0.266438907487915
chr10:110132400:110133326:clu_5289	-1.3007874068991	0.490314257830572	0.358679786838902	-0.131634470991669
chr10:110298790:110300547:clu_5293	-0.018835564320172	0.366110269805305	0.299193277143383	-0.0669169926619217
chr10:110298790:110303468:clu_5293	0.581694282089339	0.394014871489163	0.587028696093716	0.193013824604552
chr10:110300736:110303468:clu_5293	-0.562858717769167	0.239874858705532	0.113778026762901	-0.126096831942631
chr10:110872018:110875966:clu_5298	-0.0444009747069177	0.28803891859011	0.243424837598389	-0.044614080991721
chr10:110872018:110881233:clu_5298	0.856284189802558	0.13638054216307	0.283680005493771	0.147299463330701
chr10:110876070:110876670:clu_5298	-0.71415979342661	0.158473898105956	0.0685486488256976	-0.0899252492802587
chr10:110876070:110881233:clu_5298	0.234242927431028	0.289868724837067	0.323689481033061	0.033820756195994
chr10:110876753:110881233:clu_5298	-0.331966349100059	0.127237916303797	0.0806570270490816	-0.046580889254715
chr10:110894198:110894412:clu_5301	-0.169800470880442	0.463640545027402	0.425574908913422	-0.0380656361139793
chr10:110894198:110895948:clu_5301	0.192632679125911	0.0162664840167125	0.0214531473188584	0.00518666330214588
chr10:110894522:110895948:clu_5301	-0.0228322082454693	0.520092970955886	0.552971943767719	0.0328789728118334
chr10:118336423:118341727:clu_5338	-0.0628109711076746	0.335825390011379	0.307962879427483	-0.0278625105838961
chr10:118336423:118342270:clu_5338	0.200591634002437	0.370593340180292	0.442259073938866	0.0716657337585743
chr10:118341927:118342270:clu_5338	-0.137780662894762	0.29358126980833	0.249778046633651	-0.0438032231746782
chr10:119071005:119072890:clu_5345	0.0307458385693464	0.189807521315314	0.199444532289812	0.00963701097449746
chr10:119071085:119072890:clu_5345	-0.0307458385693464	0.810192478684686	0.800555467710188	-0.00963701097449743
chr10:119576750:119576847:clu_5357	-0.340720411669712	0.241123039022766	0.13223579238567	-0.108887246637097
chr10:119576750:119577080:clu_5357	0.681730204793112	0.46265089410492	0.705356024154796	0.242705130049876
chr10:119576905:119577080:clu_5357	-0.3410097931234	0.296226066872313	0.162408183459534	-0.133817883412779
chr10:119580010:119580471:clu_5358	-0.277789172276199	0.327242835917414	0.230375666328939	-0.0968671695884753
chr10:119580010:119581922:clu_5358	0.548592004453303	0.28720458734929	0.462009189702667	0.174804602353377
chr10:119580538:119581922:clu_5358	-0.0983195364836204	0.100444365534166	0.0846125354506887	-0.0158318300834772
chr10:119580846:119581922:clu_5358	-0.172483295693484	0.28510821119913	0.223002608517705	-0.0621056026814247
chr10:119582557:119588152:clu_5359	0.0739128698981865	0.705491966909214	0.735248102460177	0.0297561355509631
chr10:119582608:119588152:clu_5359	-0.0739128698981865	0.294508033090786	0.264751897539823	-0.0297561355509631
chr10:123162828:123163820:clu_5392	-0.541433856779256	0.773046888023936	0.535621685795453	-0.237425202228483
chr10:123162828:123165047:clu_5392	0.541433856779255	0.226953111976064	0.464378314204547	0.237425202228483
chr10:124682379:124696158:clu_5399	-0.0113707763174878	0.361425594956526	0.325819803921279	-0.0356057910352475
chr10:124682379:124706636:clu_5399	-0.208591378470719	0.12959415609925	0.095916245832305	-0.0336779102669449
chr10:124696212:124706636:clu_5399	0.219962154788207	0.508980248944224	0.578263950246416	0.0692837013021924
chr10:125833946:125836104:clu_5423	-0.121303949976937	0.657025252481319	0.600478134247807	-0.0565471182335119
chr10:125833946:125841255:clu_5423	0.121303949976937	0.342974747518681	0.399521865752193	0.0565471182335119
chr10:128073471:128076603:clu_5434	-0.38873774545141	0.526291026591357	0.475763762558887	-0.0505272640324705
chr10:128073471:128077617:clu_5434	0.610722484146565	0.0131839735221358	0.032379622381591	0.0191956488594552
chr10:128076728:128077617:clu_5434	-0.221984738695155	0.460524999886507	0.491856615059522	0.0313316151730152
chr10:133263233:133263688:clu_5454	0.151152371087017	0.42157452110553	0.465770558438722	0.0441960373331922
chr10:133263233:133267352:clu_5454	0.0380133292141584	0.0684296278894126	0.067515920725503	-0.000913707163909608
chr10:133263765:133266274:clu_5454	-0.0384967467708843	0.0108292910032788	0.00989769659043343	-0.000931594412845363
chr10:133263765:133267352:clu_5454	-0.0348081980642608	0.48382587415558	0.443838650278261	-0.0399872238773197
chr10:133266391:133267352:clu_5454	-0.115860755466031	0.0153406858461981	0.0129771739670806	-0.00236351187911747
chr10:133272585:133272798:clu_5461	0.232961517091475	0.897769171273383	0.933305042099786	0.0355358708264027
chr10:133272604:133272798:clu_5461	-0.232961517091475	0.102230828726617	0.0666949579002143	-0.0355358708264027
chr11:250865:251546:clu_7125	0.118392459336957	0.393875697088426	0.43012070847389	0.036245011385464
chr11:250865:252505:clu_7125	-0.0941842277413355	0.0633647238599165	0.055944556080234	-0.00742016777968244
chr11:251936:252505:clu_7125	-0.0242082315956215	0.542759579051658	0.513934735445876	-0.0288248436057815
chr11:294196:294267:clu_7140	-0.625410315769587	0.466100635578964	0.448793808727164	-0.0173068268518
chr11:294196:294321:clu_7140	0.0834268093405327	0.0154585964483637	0.0302399642800933	0.0147813678317296
chr11:294196:294556:clu_7140	1.16738811245033	0.00451687266676579	0.0261220630981276	0.0216051904313618
chr11:294478:294556:clu_7140	-0.625404606021275	0.513923895305907	0.494844163894615	-0.0190797314112914
chr11:308438:309013:clu_7142	1.54201611325287	0.076410284252335	0.344855279598975	0.26844499534664
chr11:308438:314922:clu_7142	-0.308403222649516	0.0107656237463823	0.00763655272359317	-0.0031290710227891
chr11:314356:314674:clu_7142	-0.308403222650839	0.017896422226806	0.0126947564876985	-0.00520166573910746
chr11:314356:314922:clu_7142	-0.308403222650839	0.853021632155428	0.605087528764959	-0.247934103390469
chr11:314356:314927:clu_7142	-0.308403222650839	0.0224774093378443	0.0159442616184398	-0.00653314771940457
chr11:314809:314922:clu_7142	-0.308403222650839	0.019428628281204	0.0137816208063346	-0.00564700747486943
chr11:406059:406142:clu_7145	-0.467219876146572	0.0792359919517772	0.0326974925833291	-0.0465384993684482
chr11:406059:406349:clu_7145	0.467219876146572	0.920764008048223	0.967302507416671	0.0465384993684482
chr11:407534:407817:clu_7147	-0.0667857385912183	0.0569459208992864	0.0501829983678179	-0.00676292253146846
chr11:407568:407817:clu_7147	0.0667857385912183	0.943054079100714	0.949817001632182	0.00676292253146848
chr11:408206:408695:clu_7148	-0.0803356031808278	0.245991470565852	0.228253199569129	-0.0177382709967228
chr11:408206:409868:clu_7148	-0.0422957929880344	0.0591866227200785	0.0570480578823911	-0.00213856483768735
chr11:408206:414823:clu_7148	0.862739235335449	0.0224730513400377	0.0535464973632318	0.031073446023194
chr11:408893:409868:clu_7148	0.0704639184737914	0.19882672605186	0.214517628275001	0.0156909022231416
chr11:410027:414823:clu_7148	-0.0284727225759273	0.442340622523147	0.432292213388008	-0.0100484091351393
chr11:410027:417294:clu_7148	-0.782099035064451	0.0311815067990243	0.0143424035222381	-0.0168391032767862
chr11:502181:504427:clu_7156	4.75789146604917	8.98055917624252e-05	0.100492398700733	0.10040259310897
chr11:502181:504824:clu_7156	-2.31512721081708	0.210621087331492	0.199783079204806	-0.0108380081266863
chr11:502181:507113:clu_7156	-2.67867250638429	0.471697073414556	0.311052945316393	-0.160644128098163
chr11:502249:504427:clu_7156	4.8332255358504	0.00010471208966892	0.126340860699174	0.126236148609505
chr11:502249:504824:clu_7156	-1.5345163540693	0.0738544113781232	0.152914363306159	0.0790599519280354
chr11:502249:507113:clu_7156	-3.06280093062888	0.243632910194397	0.109416352772735	-0.134216557421662
chr11:613865:613951:clu_7170	-0.355085265827527	0.396542259115801	0.331266894444027	-0.065275364671774
chr11:613865:614476:clu_7170	0.884400055458397	0.037537538223544	0.108306864401045	0.0707693261775008
chr11:614037:614174:clu_7170	-0.123959176047297	0.116932435520228	0.123083642664022	0.00615120714379382
chr11:614037:614476:clu_7170	-0.144774189514112	0.222540202895808	0.229421428430379	0.0068812255345708
chr11:614399:614476:clu_7170	-0.260581424069461	0.226447564244618	0.207921170060527	-0.0185263941840914
chr11:614531:614797:clu_7171	0.0330876676298426	0.105658989406778	0.112077388983712	0.00641839957693353
chr11:614534:614797:clu_7171	-0.0330876676298426	0.894341010593222	0.887922611016288	-0.00641839957693369
chr11:756002:758950:clu_7181	0.683219973848625	0.934774283904081	0.982517044047071	0.0477427601429901
chr11:756002:759009:clu_7181	-0.683219973848625	0.0652257160959191	0.0174829559529292	-0.0477427601429899
chr11:2297916:2299428:clu_7218	0.406633482943425	0.0681658287668242	0.141614525751075	0.0734486969842512
chr11:2297921:2299428:clu_7218	-0.406633482943425	0.931834171233176	0.858385474248925	-0.0734486969842513
chr11:2299707:2300520:clu_7218_B	0.0893954780614366	0.535632071027962	0.563020465961791	0.0273883949338286
chr11:2299707:2300684:clu_7218_B	-0.709549302888636	0.197540720664921	0.0933978617124602	-0.104142858952461
chr11:2299707:2301756:clu_7218_B	-0.0783410214065336	0.164888687415896	0.146555268021342	-0.0183334193945536
chr11:2300613:2301756:clu_7218_B	0.698494846233734	0.101938520891221	0.197026404304407	0.0950878834131861
chr11:2304204:2308736:clu_7221	0.0118805590683249	0.506968754742508	0.486706130138143	-0.0202626246043653
chr11:2304204:2313654:clu_7221	-0.132173975484503	0.0596128382594522	0.0495522447000252	-0.010060593559427
chr11:2308810:2313654:clu_7221	0.120293416416179	0.433418406998039	0.463741625161832	0.0303232181637922
chr11:2313708:2314485:clu_7222	0.207668940362914	0.184725078617775	0.255532642748737	0.0708075641309616
chr11:2313755:2314485:clu_7222	-0.207668940362914	0.815274921382225	0.744467357251263	-0.0708075641309615
chr11:2314571:2315869:clu_7223	-0.298424012195578	0.373805680380537	0.247354338446536	-0.126451341934002
chr11:2314571:2316229:clu_7223	0.298424012195578	0.626194319619462	0.752645661553464	0.126451341934002
chr11:2316667:2317344:clu_7223_B	0.249380503643366	0.795232473040681	0.847467347630085	0.0522348745894042
chr11:2316667:2317424:clu_7223_B	0.168752216763889	0.0930009257551216	0.0914323157883885	-0.00156860996673303
chr11:2316667:2317427:clu_7223_B	-0.418132720407254	0.111766601204198	0.0611003365815263	-0.0506662646226712
chr11:2945646:2949227:clu_7235	-0.233747525857428	0.325532443260136	0.222671211155229	-0.102861232104906
chr11:2945646:2951259:clu_7235	0.941242247505402	0.273927617636381	0.606732402271916	0.332804784635535
chr11:2949264:2951259:clu_7235	-0.707494721647974	0.400539939103483	0.170596386572854	-0.229943552530628
chr11:6617153:6617301:clu_7315	0.432065365012784	0.912364055552969	0.961096050807138	0.0487319952541688
chr11:6617153:6617359:clu_7315	-0.432065365012784	0.0876359444470313	0.0389039491928623	-0.048731995254169
chr11:8956298:8962092:clu_7333	-0.178894625776784	0.499939535181939	0.443397635609683	-0.0565418995722561
chr11:8956298:8964209:clu_7333	0.227605509718917	0.159972082520621	0.213039853649817	0.0530677711291964
chr11:8962183:8964209:clu_7333	-0.0487108839421333	0.34008838229744	0.3435625107405	0.00347412844305983
chr11:9139854:9140189:clu_7334	0.211518195888276	0.0526191285220921	0.0781620585768978	0.0255429300548057
chr11:9139854:9141940:clu_7334	-0.211518195888276	0.947380871477908	0.921837941423102	-0.0255429300548057
chr11:9142845:9143403:clu_7335	-0.115860511669668	0.442563502427688	0.385595237964243	-0.0569682644634444
chr11:9142845:9144097:clu_7335	-0.016052894274818	0.0510377453988136	0.049135281099197	-0.00190246429961662
chr11:9143485:9144097:clu_7335	0.131913405944486	0.506398752173499	0.565269480936559	0.0588707287630609
chr11:9169949:9170627:clu_7338	-0.0430322208649853	0.510096384306595	0.577544754897942	0.0674483705913463
chr11:9169949:9178132:clu_7338	1.12032827050191	0.00502064851729502	0.0181942542518677	0.0131736057345727
chr11:9170777:9176772:clu_7338	-0.203810594278492	0.0297969700752426	0.0287263431038058	-0.00107062697143682
chr11:9170777:9178132:clu_7338	-0.348712290573436	0.425245308254168	0.354664534315787	-0.0705807739383809
chr11:9176902:9178132:clu_7338	-0.524773164784996	0.0298406888466988	0.0208701134305974	-0.00897057541610134
chr11:10801087:10801661:clu_7368	-0.0227298987931602	0.436606792693365	0.429685728477516	-0.00692106421584904
chr11:10801087:10802049:clu_7368	0.0297487413481793	0.188878511079231	0.195899882530255	0.00702137145102311
chr11:10801774:10802049:clu_7368	-0.00701884255501907	0.374514696227404	0.37441438899223	-0.000100307235174013
chr11:10806047:10806820:clu_7371	-0.242534382435292	0.488171544829749	0.474140008799554	-0.014031536030195
chr11:10806047:10807255:clu_7371	0.484746086437619	0.027525824515176	0.0553258854923047	0.0278000609771287
chr11:10806885:10807255:clu_7371	-0.242211704002327	0.484302630655075	0.470534105708142	-0.0137685249469338
chr11:18399548:18400837:clu_7440	1.20594054173415	0.932179600933104	0.99352006361553	0.0613404626824259
chr11:18400745:18400837:clu_7440	-1.20594054173415	0.0678203990668955	0.00647993638446965	-0.0613404626824259
chr11:32601822:32602079:clu_7464	-0.0401933419831852	0.0552323886683819	0.036567441535765	-0.0186649471326169
chr11:32601822:32602279:clu_7464	0.444467018816722	0.85997543909678	0.92442592846509	0.0644504893683094
chr11:32602114:32602279:clu_7464	-0.404273676833537	0.0847921722348377	0.0390066299991453	-0.0457855422356924
chr11:33348013:33348166:clu_7472	-0.069271854355409	0.296286264103187	0.268531065625265	-0.0277551984779222
chr11:33348013:33348522:clu_7472	0.353850633184125	0.0537442031526462	0.0743659973781716	0.0206217942255254
chr11:33348228:33348522:clu_7472	-0.0358515561181272	0.246012901138496	0.230544704389665	-0.015468196748831
chr11:33348228:33349147:clu_7472	-0.45896930384099	0.0985397394570641	0.0604854582154634	-0.0380542812416007
chr11:33348818:33349147:clu_7472	0.210242081130402	0.305416892148607	0.366072774391435	0.0606558822428286
chr11:34090678:34091906:clu_7478	0.0839677940125402	0.359240098582606	0.380444406263479	0.0212043076808724
chr11:34090678:34096479:clu_7478	-0.114991472084744	0.176124304438342	0.152868771571388	-0.0232555328669541
chr11:34092056:34096479:clu_7478	0.0310236780722039	0.464635596979052	0.466686822165133	0.00205122518608153
chr11:34096673:34097196:clu_7479	0.052230737664392	0.472365955195208	0.495993295646887	0.0236273404516781
chr11:34096673:34097698:clu_7479	-0.00123737126418843	0.0893560029968696	0.0889405982431228	-0.000415404753746795
chr11:34097296:34097698:clu_7479	-0.0509933664002036	0.438278041807922	0.415066106109991	-0.0232119356979313
chr11:35190065:35204512:clu_7487	-0.265905144036224	0.025838817355042	0.0329240120343636	0.00708519467932156
chr11:35190065:35208105:clu_7487	-0.143145156767364	0.0416249134710125	0.0599663269721128	0.0183414135011002
chr11:35190065:35211246:clu_7487	0.0492240468480825	0.0236203934477618	0.0412464063282411	0.0176260128804793
chr11:35190065:35214852:clu_7487	-0.66445529236746	0.812585708748644	0.695058197004639	-0.117527511744005
chr11:35206243:35208105:clu_7487	0.958406723537394	0.0057661205615511	0.0249939977582575	0.0192278771967063
chr11:35210054:35211246:clu_7487	0.38930694197118	0.014351157135028	0.0352112978342014	0.0208601406991734
chr11:35210054:35214852:clu_7487	-0.216859396779063	0.0210526857206594	0.0281739619889364	0.00712127626827706
chr11:35211449:35214852:clu_7487	-0.106572722406548	0.0551602035603009	0.0824258000792481	0.0272655965189471
chr11:35219387:35221654:clu_7488	0.296957917733494	0.52638978978077	0.52008805127812	-0.00630173850264981
chr11:35219387:35229129:clu_7488	-0.64130987896403	0.01653917265153	0.00639438341525589	-0.0101447892362741
chr11:35221732:35229129:clu_7488	0.344351961230536	0.4570710375677	0.473517565306624	0.0164465277389239
chr11:43444209:43445931:clu_7507	0.108489426200339	0.620607914909724	0.670204066348276	0.0495961514385512
chr11:43444209:43448002:clu_7507	-0.108489426200339	0.379392085090276	0.329795933651724	-0.0495961514385512
chr11:45936569:45938157:clu_7543	-0.117395007941074	0.468566660421938	0.410971736803069	-0.0575949236188689
chr11:45936569:45945840:clu_7543	-0.21400038886205	0.24429571462576	0.194536561962429	-0.0497591526633312
chr11:45938312:45945840:clu_7543	0.331395396803123	0.287137624952303	0.394491701234503	0.1073540762822
chr11:45946003:45948886:clu_7544	0.219053047648537	0.79947115481967	0.860697879561341	0.0612267247416708
chr11:45946098:45948886:clu_7544	-0.219053047648537	0.20052884518033	0.139302120438659	-0.0612267247416709
chr11:46084302:46090455:clu_7547	0.212386158968291	0.258321159033274	0.323658246129984	0.0653370870967094
chr11:46084302:46092183:clu_7547	-0.103508161925117	0.491507282535565	0.44901980032983	-0.0424874822057355
chr11:46090566:46092183:clu_7547	-0.108877997043174	0.250171558431161	0.227321953540187	-0.0228496048909739
chr11:46345585:46367291:clu_7549	3.63734167306516	0.127010794070446	0.995260308310893	0.868249514240448
chr11:46347820:46367291:clu_7549	-3.63734167306516	0.872989205929554	0.00473969168910666	-0.868249514240448
chr11:46367747:46368002:clu_7551	-0.00750032140996739	0.644366503205136	0.640921585523333	-0.00344491768180333
chr11:46367747:46368005:clu_7551	0.00750032140996739	0.355633496794864	0.359078414476667	0.00344491768180344
chr11:46369550:46369941:clu_7552	-0.320013631316167	0.578336083220055	0.601383004060383	0.0230469208403274
chr11:46369550:46371313:clu_7552	0.78274825835701	0.00827778760681233	0.0259303598215147	0.0176525722147023
chr11:46370009:46371313:clu_7552	-0.462734627040843	0.413386129173132	0.372686636118103	-0.0406994930550297
chr11:47565986:47569700:clu_7610	-0.0787864641230522	0.364096876425013	0.329262410021274	-0.034834466403739
chr11:47565986:47571471:clu_7610	-0.0718476763125457	0.231899731997387	0.211173259550502	-0.0207264724468844
chr11:47569891:47571471:clu_7610	0.150634140435598	0.4040033915776	0.459564330428224	0.0555609388506234
chr11:47724778:47725737:clu_7623	0.329873032115632	0.42136255080577	0.506030433420114	0.0846678826143442
chr11:47724778:47731374:clu_7623	-0.553331450978786	0.224271575255183	0.111358687188313	-0.11291288806687
chr11:47725836:47731374:clu_7623	0.223458418863154	0.354365873939047	0.382610879391574	0.0282450054525261
chr11:47736740:47743953:clu_7625	-0.53108073279984	0.417729934493472	0.290147756705506	-0.127582177787966
chr11:47736740:47746056:clu_7625	0.56446516800742	0.0476953266848968	0.0990806818050156	0.0513853551201188
chr11:47744163:47746056:clu_7625	-0.0333844352075794	0.534574738821631	0.610771561489479	0.0761968226678473
chr11:48112983:48121003:clu_7634	-0.0677548640676582	0.45726837897161	0.40696525723826	-0.0503031217333503
chr11:48112983:48123613:clu_7634	-0.131281530358403	0.115279808444317	0.096283114567178	-0.0189966938771394
chr11:48121266:48123613:clu_7634	0.199036394426061	0.427451812584073	0.496751628194562	0.0692998156104897
chr11:57560432:57567585:clu_7644	-0.0726004341947856	0.969899930018	0.965359081424618	-0.00454084859338166
chr11:57560432:57567849:clu_7644	0.0726004341947856	0.0301000699819999	0.0346409185753816	0.0045408485933817
chr11:57741954:57742117:clu_7649	0.335849826719476	0.423364340659338	0.41575051671097	-0.00761382394836768
chr11:57741954:57742863:clu_7649	-0.734227753161161	0.0261850272484906	0.00881947562782207	-0.0173655516206686
chr11:57742247:57742863:clu_7649	0.398377926441685	0.550450632092171	0.575430007661207	0.0249793755690362
chr11:58610334:58610950:clu_7655	-0.015406571309128	0.745075163572279	0.739178509576072	-0.00589665399620776
chr11:58610334:58610953:clu_7655	0.015406571309128	0.254924836427721	0.260821490423928	0.00589665399620776
chr11:59655740:59655956:clu_7667	0.0247983796900437	0.297442043170864	0.311480153580442	0.0140381104095788
chr11:59655740:59656499:clu_7667	-0.128360465796342	0.458317986029682	0.411792927974308	-0.0465250580553742
chr11:59656045:59656499:clu_7667	0.103562086106299	0.244239970799455	0.27672691844525	0.0324869476457952
chr11:59656600:59657080:clu_7668	-0.279814225539354	0.257017688684248	0.159694638820374	-0.0973230498638744
chr11:59656600:59657530:clu_7668	0.482694142677279	0.517089169257725	0.688725147607743	0.171635978350018
chr11:59657153:59657530:clu_7668	-0.202879917137925	0.225893142058027	0.151580213571883	-0.0743129284861436
chr11:61353139:61353784:clu_7697	0.99834985037969	0.947893709967763	0.992591244052357	0.0446975340845941
chr11:61353562:61353784:clu_7697	-0.99834985037969	0.0521062900322368	0.00740875594764263	-0.0446975340845941
chr11:61356728:61357733:clu_7699	0.0491866229855776	0.540323904596703	0.520233940807886	-0.0200899637888171
chr11:61356728:61361733:clu_7699	-0.239991399517713	0.0776585137494059	0.0559944723156049	-0.0216640414338009
chr11:61357828:61361733:clu_7699	0.190804776532136	0.382017581653891	0.423771586876509	0.041754005222618
chr11:61416519:61419922:clu_7706	-0.173058659549589	0.33415016387456	0.262001607233263	-0.072148556641297
chr11:61416519:61419949:clu_7706	0.173058659549589	0.66584983612544	0.737998392766737	0.0721485566412969
chr11:61430182:61437625:clu_7708	-0.073144141899509	0.566555240499144	0.54245043682421	-0.0241048036749341
chr11:61430182:61445941:clu_7708	0.0650251972640301	0.121911935954002	0.134020184569822	0.0121082486158197
chr11:61438113:61445941:clu_7708	0.00811894463547898	0.311532823546854	0.323529378605968	0.0119965550591142
chr11:61965515:61967312:clu_7717	0.362552078506924	0.909011923950755	0.953767367105262	0.0447554431545074
chr11:61965577:61967312:clu_7717	-0.362552078506924	0.0909880760492455	0.0462326328947381	-0.0447554431545074
chr11:62491831:62535003:clu_7723	0.707377099260866	0.112035247522706	0.341781720548	0.229746473025294
chr11:62534074:62535003:clu_7723	-0.707377099260866	0.887964752477294	0.658218279452	-0.229746473025294
chr11:62522571:62526070:clu_7724	0.0434386570751419	0.638186846040184	0.657996915468968	0.0198100694287837
chr11:62524917:62526070:clu_7724	-0.0434386570751419	0.361813153959816	0.342003084531032	-0.0198100694287837
chr11:62520070:62520455:clu_7725	0.697664524593029	0.0722874705984641	0.167932495549692	0.0956450249512282
chr11:62520070:62522999:clu_7725	-0.00251247544168191	0.190898014436761	0.220186210403904	0.0292881959671434
chr11:62521462:62522999:clu_7725	-0.273624070210375	0.437754716560198	0.385014663491675	-0.052740053068524
chr11:62522230:62522999:clu_7725	-0.421527978940972	0.299059798404576	0.226866630554729	-0.0721931678498477
chr11:62522245:62523014:clu_7726	0.0923913625386615	0.112359561552445	0.116272313244032	0.00391275169158686
chr11:62522245:62526512:clu_7726	0.830906393291371	0.0795299836073349	0.172238475410382	0.0927084918030471
chr11:62522245:62527697:clu_7726	-0.502216897478661	0.182771450231774	0.10436131641137	-0.0784101338204037
chr11:62522245:62528282:clu_7726	-1.24206988832888	0.0508059382439724	0.0138430438770967	-0.0369628943668757
chr11:62522629:62527697:clu_7726	-0.187221379064443	0.321812875397889	0.251788228367293	-0.0700246470305962
chr11:62524975:62526512:clu_7726	0.225119125684752	0.204179419019334	0.241279917603348	0.0371004985840141
chr11:62527696:62528282:clu_7726	0.783091283357199	0.0485407719472509	0.100216705086478	0.0516759331392276
chr11:62521950:62526601:clu_7728_B	-0.0474429023017647	0.33649321288024	0.351859863252744	0.015366650372504
chr11:62525448:62526601:clu_7728_B	-0.395876253197117	0.500173082995004	0.369139955397232	-0.131033127597773
chr11:62526216:62526601:clu_7728_B	0.443319155498882	0.163333704124755	0.279000181350024	0.115666477225269
chr11:62520391:62521784:clu_7730	-0.288462923834053	0.644135531486195	0.533539184250359	-0.110596347235836
chr11:62520391:62522552:clu_7730	0.0526885793498274	0.134332880792115	0.156506222041678	0.022173341249563
chr11:62520391:62522936:clu_7730	0.235774344484225	0.221531587721689	0.309954593707962	0.0884230059862731
chr11:62524897:62525666:clu_7730_B	-1.76755477791521	0.157571999865686	0.0298729876712627	-0.127699012194423
chr11:62524897:62526050:clu_7730_B	0.322110336159755	0.130618652745385	0.200140435588107	0.0695217828427225
chr11:62524897:62531717:clu_7730_B	-0.801523976278546	0.138239397609975	0.0688609946962362	-0.0693784029137389
chr11:62524897:62532101:clu_7730_B	-0.0382081953656907	0.0917760886354173	0.0980787304179933	0.00630264178257599
chr11:62528203:62531717:clu_7730_B	-0.272834766862896	0.336963032295262	0.284793795210581	-0.0521692370846816
chr11:62528203:62532101:clu_7730_B	0.0213219405800728	0.0124405837135478	0.0141104108191685	0.00166982710562071
chr11:62530585:62531717:clu_7730_B	2.33397508659239	0.0122922825595602	0.140832839226363	0.128540556666803
chr11:62531716:62532101:clu_7730_B	0.202714353090123	0.120097962575167	0.163309806370288	0.0432118437951213
chr11:62521606:62525489:clu_7732	0.983828907706265	0.257016086365364	0.499287986323711	0.242271899958346
chr11:62521606:62526641:clu_7732	-1.18389175967504	0.238305811325753	0.052978092730976	-0.185327718594777
chr11:62525488:62526641:clu_7732	0.200062851968772	0.504678102308882	0.447733920945313	-0.0569441813635693
chr11:62525245:62530934:clu_7734	-0.589128542206894	0.465081398118156	0.322872462248769	-0.142208935869386
chr11:62528167:62530934:clu_7734	0.997529829992631	0.0906643479692892	0.307620698960381	0.216956350991092
chr11:62530549:62530934:clu_7734	-0.408401287785736	0.444254253912555	0.36950683879085	-0.0747474151217054
chr11:62522152:62522921:clu_7735	0.105341670615895	0.3224646911729	0.370100735799195	0.0476360446262947
chr11:62522536:62522921:clu_7735	-0.105341670615895	0.6775353088271	0.629899264200805	-0.0476360446262947
chr11:62528425:62528828:clu_7740	-0.211516446332451	0.325900867640672	0.240522542251513	-0.0853783253891594
chr11:62528626:62528828:clu_7740	0.211516446332451	0.674099132359328	0.759477457748487	0.0853783253891595
chr11:62611344:62611425:clu_7758	-0.00835984285454162	0.645638986378232	0.641804453522642	-0.00383453285559032
chr11:62611347:62611425:clu_7758	0.00835984285454162	0.354361013621768	0.358195546477358	0.00383453285559038
chr11:62633514:62634310:clu_7764	-0.299120321817857	0.114241162674032	0.077450311336615	-0.0367908513374174
chr11:62633514:62634821:clu_7764	0.125632540276649	0.802106107564342	0.831572657116054	0.029466549551712
chr11:62634375:62634821:clu_7764	0.173487781541209	0.0836527297616258	0.0909770315473312	0.00732430178570542
chr11:62677634:62677740:clu_7769	0.154298795185864	0.0995967664521332	0.130889660156163	0.0312928937040298
chr11:62677634:62677781:clu_7769	-0.154298795185864	0.900403233547867	0.869110339843837	-0.0312928937040297
chr11:62715607:62715864:clu_7772	0.229021317359686	0.498665802515747	0.523116577217579	0.0244507747018317
chr11:62715607:62716989:clu_7772	-0.442934262362102	0.08269761003799	0.0443052564596636	-0.0383923535783264
chr11:62715937:62716989:clu_7772	0.213912945002417	0.418636587446263	0.432578166322758	0.0139415788764947
chr11:62723990:62724291:clu_7775	0.392138081468067	0.422736129494355	0.456743084531726	0.0340069550373717
chr11:62723990:62726619:clu_7775	-0.734243336479432	0.0738185954361749	0.0258575371267248	-0.04796105830945
chr11:62724426:62726619:clu_7775	0.342105255011366	0.50344527506947	0.517399378341549	0.0139541032720782
chr11:62761904:62762542:clu_7778	-0.677281291597904	0.247418079544855	0.0782047382576173	-0.169213341287238
chr11:62761904:62762867:clu_7778	0.677281291597904	0.752581920455145	0.921795261742383	0.169213341287237
chr11:62794398:62794935:clu_7782	0.0174926107949417	0.0728834020641868	0.0752830149905743	0.00239961292638756
chr11:62794440:62794935:clu_7782	-0.0174926107949417	0.927116597935813	0.924716985009426	-0.00239961292638757
chr11:62802260:62803419:clu_7786	-0.77421681259356	0.424134555257884	0.400632863646197	-0.0235016916116879
chr11:62802260:62803792:clu_7786	1.54843362518712	0.00637438407986167	0.0614321069495075	0.0550577228696458
chr11:62803572:62803792:clu_7786	-0.774216812593564	0.569491060662254	0.537935029404296	-0.031556031257958
chr11:62833131:62833618:clu_7789	-0.470543860356165	0.466757435509204	0.321080483551283	-0.145676951957921
chr11:62833131:62833792:clu_7789	0.775467664846084	0.155752524499514	0.372472048714457	0.216719524214943
chr11:62833674:62833792:clu_7789	-0.304923804489918	0.377490039991282	0.30644746773426	-0.0710425722570228
chr11:62834527:62835431:clu_7790	0.0434842037968611	0.829599043684175	0.841543378280433	0.0119443345962581
chr11:62834538:62835431:clu_7790	-0.0434842037968611	0.170400956315825	0.158456621719567	-0.011944334596258
chr11:62885608:62888135:clu_7796	-0.207781229622	0.572627898327073	0.56413256724163	-0.00849533108544265
chr11:62885608:62888331:clu_7796	0.464861399422811	0.0353516269177812	0.0682406345523157	0.0328890076345346
chr11:62888218:62888331:clu_7796	-0.257080169800811	0.392020474755146	0.367626798206054	-0.0243936765490919
chr11:63536877:63539516:clu_7797	-0.00290100426761164	0.355787303924626	0.402214418168757	0.0464271142441311
chr11:63536877:63544621:clu_7797	0.222609370578288	0.0226355062808813	0.0320623471667439	0.00942684088586263
chr11:63539624:63544621:clu_7797	-0.219708366310676	0.621577189794492	0.565723234664499	-0.0558539551299937
chr11:63903158:63903986:clu_7810	-0.281581897666924	0.566089917500462	0.426230322356428	-0.139859595144033
chr11:63903158:63904786:clu_7810	0.281581897666924	0.433910082499538	0.573769677643572	0.139859595144033
chr11:63905043:63908260:clu_7811	-0.465743960080185	0.454172888720655	0.408431394218925	-0.0457414945017307
chr11:63905043:63908877:clu_7811	0.818233596773187	0.0186825470393696	0.0606678163091134	0.0419852692697438
chr11:63908304:63908877:clu_7811	-0.352489636693001	0.527144564239975	0.530900789471962	0.00375622523198693
chr11:64206814:64207351:clu_7815	-0.161528652017001	0.849924087369791	0.803915501075847	-0.0460085862939442
chr11:64206814:64207354:clu_7815	0.161528652017001	0.150075912630209	0.196084498924153	0.0460085862939443
chr11:64232614:64232701:clu_7830	0.157009814113106	0.110846550591952	0.145778350292895	0.0349317997009427
chr11:64232614:64232704:clu_7830	-0.157009814113106	0.889153449408048	0.854221649707105	-0.0349317997009426
chr11:64318386:64319734:clu_7845	0.227656535948065	0.503224625890082	0.528902655810686	0.0256780299206045
chr11:64318386:64320661:clu_7845	-0.376868702684056	0.0292678159496937	0.0168059165264535	-0.0124618994232402
chr11:64319868:64320661:clu_7845	0.149212166735991	0.467507558160225	0.454291427662861	-0.0132161304973643
chr11:64349668:64351160:clu_7854	-0.472209318880546	0.269368000973773	0.24128057966833	-0.0280874213054424
chr11:64349668:64351476:clu_7854	0.966621781238454	0.0409094056623481	0.15448130924446	0.113571903582112
chr11:64351255:64351476:clu_7854	-0.494412462357908	0.689722593363879	0.604238111087209	-0.0854844822766695
chr11:64353813:64354004:clu_7856	0.0107876429751187	0.574350774208345	0.614036072615236	0.0396852984068915
chr11:64353813:64355194:clu_7856	0.135481045185906	0.0493297944193791	0.0597419833560554	0.0104121889366763
chr11:64354028:64355194:clu_7856	0.0896246572359511	0.0368746731103611	0.0426563148931699	0.00578164178280888
chr11:64354170:64355194:clu_7856	-0.235893345396975	0.339444758261915	0.283565629135538	-0.0558791291263767
chr11:64361745:64361852:clu_7860	0.147087720321956	0.773596226999727	0.820965931277846	0.0473697042781189
chr11:64361745:64361907:clu_7860	-0.147087720321956	0.226403773000273	0.179034068722154	-0.0473697042781189
chr11:64369893:64370225:clu_7863	-0.359661031493186	0.483804167369701	0.415848955842119	-0.0679552115275819
chr11:64369893:64370563:clu_7863	0.551399067006567	0.0529318863529668	0.113149269702317	0.0602173833493499
chr11:64370384:64370563:clu_7863	-0.191738035513381	0.463263946277332	0.471001774455564	0.00773782817823188
chr11:64727360:64728863:clu_7864	0.143887114637596	0.945017606080897	0.958192172149739	0.0131745660688419
chr11:64727363:64728863:clu_7864	-0.143887114637596	0.0549823939191034	0.0418078278502615	-0.0131745660688419
chr11:64740163:64740368:clu_7869	-0.491981761222619	0.145463257649117	0.0559663503655695	-0.0894969072835479
chr11:64740163:64740948:clu_7869	0.650354652186291	0.725353316903832	0.874648749870039	0.149295432966206
chr11:64740449:64740948:clu_7869	-0.158372890963672	0.12918342544705	0.069384899764392	-0.0597985256826583
chr11:64741079:64741165:clu_7870	0.00927464761484959	0.0308235520472734	0.0419691054913379	0.0111455534440645
chr11:64741079:64741439:clu_7870	-0.325924020624891	0.952951201739668	0.927988850957944	-0.0249623507817239
chr11:64741251:64741439:clu_7870	0.316649373010041	0.0162252462130586	0.0300420435507181	0.0138167973376595
chr11:64742032:64742794:clu_7871	0.0946608575605005	0.0326944565671678	0.0392415397791638	0.00654708321199591
chr11:64742112:64742794:clu_7871	-0.0946608575605005	0.967305543432832	0.960758460220836	-0.00654708321199593
chr11:64765518:64766900:clu_7875	0.318188613534023	0.248016488732471	0.383943815628029	0.135927326895559
chr11:64766155:64766900:clu_7875	-0.318188613534023	0.751983511267529	0.616056184371971	-0.135927326895559
chr11:64767246:64767571:clu_7876	-0.212080498404167	0.149709058085455	0.118016915153316	-0.0316921429321391
chr11:64767251:64767567:clu_7876	0.167229685591083	0.115499635623844	0.133048234020141	0.0175485983962976
chr11:64767251:64767571:clu_7876	0.044850812813084	0.734791306290701	0.748934850826543	0.0141435445358414
chr11:64770408:64773430:clu_7878	0.729180821446167	0.452016049174637	0.47851030535086	0.0264942561762229
chr11:64770408:64776498:clu_7878	-1.64671271188999	0.151609030181474	0.0149150618554877	-0.136693968325986
chr11:64773505:64776498:clu_7878	0.917531890443826	0.396374920643889	0.506574632793652	0.110199712149763
chr11:64776626:64777499:clu_7879	5.27409543315591	2.24864123849472e-06	0.00609581087227159	0.00609356223103309
chr11:64776626:64777987:clu_7879	-2.63704771657795	0.0490860444954041	0.0487869349560061	-0.00029910953939806
chr11:64776626:64778362:clu_7879	-2.63704771657795	0.950911706863357	0.945117254171722	-0.00579445269163492
chr11:64790274:64790394:clu_7880	-0.23043151820163	0.409667047666237	0.339190196850581	-0.0704768508156557
chr11:64790274:64791909:clu_7880	0.178100207551908	0.0835949783517756	0.104139508515325	0.0205445301635494
chr11:64790462:64791909:clu_7880	0.0523313106497222	0.506737973981987	0.556670294634094	0.0499323206521065
chr11:65120806:65120981:clu_7909	-0.526595000525546	0.561091613328917	0.534564060508376	-0.026527552820541
chr11:65120806:65121500:clu_7909	0.959872593800222	0.00201434589667879	0.00848525116023624	0.00647090526355745
chr11:65121036:65121500:clu_7909	-0.433277593274676	0.436894040774404	0.456950688331388	0.0200566475569836
chr11:65181782:65182701:clu_7915	0.237928819899718	0.0411628933710349	0.0492561410780334	0.00809324770699843
chr11:65181843:65182701:clu_7915	-0.331063496380902	0.117211561374183	0.0793989425475229	-0.0378126188266603
chr11:65182013:65182701:clu_7915	0.0931346764811848	0.841625545254782	0.871344916374444	0.0297193711196619
chr11:65343837:65343991:clu_7922	0.0143511360878608	0.411414881770087	0.426907197115034	0.0154923153449473
chr11:65343837:65345666:clu_7922	0.0909236221096771	0.156357575333304	0.175156966349297	0.0187993910159934
chr11:65344069:65345666:clu_7922	-0.105274758197538	0.432227542896609	0.397935836535669	-0.0342917063609406
chr11:65536750:65536986:clu_7930	-0.1028407438856	0.590249243503579	0.539744557958166	-0.0505046855454123
chr11:65536750:65537037:clu_7930	0.102840743885599	0.409750756496422	0.460255442041834	0.0505046855454122
chr11:65572960:65573353:clu_7944	0.367757553048447	0.20356100803532	0.347812246931407	0.144251238896086
chr11:65572960:65573363:clu_7944	-0.367757553048447	0.79643899196468	0.652187753068593	-0.144251238896086
chr11:65581251:65584241:clu_7947	0.0632139520183067	0.0378295275869975	0.0410438626934015	0.00321433510640406
chr11:65581965:65584241:clu_7947	-0.0547786122668262	0.279626844543106	0.269620339072348	-0.0100065054707583
chr11:65583765:65584241:clu_7947	-0.00843533975148053	0.682543627869896	0.68933579823425	0.00679217036435431
chr11:65590592:65591800:clu_7950	-0.185099919323835	0.971745716709311	0.959598546578585	-0.0121471701307259
chr11:65590642:65591800:clu_7950	0.185099919323835	0.0282542832906894	0.0404014534214152	0.0121471701307258
chr11:65638182:65640831:clu_7966	1.60126442824459	0.707811520486559	0.963968465742492	0.256156945255932
chr11:65640021:65640831:clu_7966	-0.800506832828819	0.159297630006338	0.0196461976568316	-0.139651432349507
chr11:65640099:65640831:clu_7966	-0.800757595415772	0.132890849507103	0.0163853366006769	-0.116505512906426
chr11:65641600:65642250:clu_7967	-0.343353423244377	0.524031813565947	0.451664390301772	-0.0723674232641755
chr11:65641600:65642463:clu_7967	0.418498248797112	0.0165424017680479	0.0305439176262622	0.0140015158582143
chr11:65642377:65642463:clu_7967	-0.0751448255527352	0.459425784666005	0.517791692071966	0.0583659074059613
chr11:65713058:65713348:clu_7975	-0.129622541472245	0.245391911096318	0.185925073879665	-0.059466837216653
chr11:65713058:65713593:clu_7975	0.441626864666986	0.475513752452635	0.637868662581351	0.162354910128716
chr11:65713503:65713593:clu_7975	-0.312004323194742	0.279094336451047	0.176206263538985	-0.102888072912062
chr11:66002513:66003235:clu_8000	0.787971701473814	0.0456713488942231	0.0882718693830043	0.0426005204887812
chr11:66002570:66003235:clu_8000	0.231435727409549	0.437894869703419	0.485118503583612	0.0472236338801931
chr11:66002570:66003626:clu_8000	-1.06943791009389	0.0812997780830348	0.0245247788911743	-0.0567749991918605
chr11:66003373:66003626:clu_8000	0.0500304812105278	0.435134003319323	0.402084848142209	-0.0330491551771139
chr11:66438259:66438632:clu_8023	0.29322412038168	0.831816348035366	0.898894702128959	0.0670783540935935
chr11:66438259:66438710:clu_8023	-0.29322412038168	0.168183651964634	0.101105297871041	-0.0670783540935935
chr11:66617057:66624214:clu_8032	0.582050082806314	0.0782355837757532	0.090196019575139	0.0119604357993858
chr11:66617057:66639700:clu_8032	-0.0721513726000838	0.121105953129505	0.0725825888743446	-0.0485233642551608
chr11:66623968:66624214:clu_8032	-1.10976476435546	0.106560415228053	0.0226273188275315	-0.0839330964005213
chr11:66638752:66639700:clu_8032	0.599866054149226	0.694098047866689	0.814594072722985	0.120496024856296
chr11:66640123:66643450:clu_8033	0.154664928764063	0.301219472312128	0.290902222261905	-0.0103172500502228
chr11:66640123:66646027:clu_8033	0.087421278095807	0.361338357116339	0.326268025542087	-0.035070331574252
chr11:66640123:66665856:clu_8033	-0.816768052293854	0.102475540964353	0.037462454799783	-0.0650130861645697
chr11:66644140:66646027:clu_8033	0.574681845433985	0.23496662960718	0.345367297396225	0.110400667789045
chr11:67121358:67149055:clu_8043	0.793522275882802	0.0241508785638167	0.107941463849993	0.0837905852861764
chr11:67121358:67180079:clu_8043	-0.793522275882802	0.975849121436183	0.892058536150007	-0.0837905852861763
chr11:67180217:67181320:clu_8044	-0.732725985567877	0.559648664092028	0.430666513029017	-0.128982151063011
chr11:67180217:67181846:clu_8044	1.22866037910852	0.0311267619211162	0.170285963726625	0.139159201805509
chr11:67181398:67181846:clu_8044	-0.495934393540639	0.409224573986856	0.399047523244358	-0.0101770507424983
chr11:67215446:67215856:clu_8046	-0.601079415427877	0.577050416547257	0.457475130681793	-0.119575285865464
chr11:67215446:67217731:clu_8046	1.2021509577623	0.0515617674479335	0.248093009574831	0.196531242126898
chr11:67215949:67217731:clu_8046	-0.601071542334427	0.371387816004809	0.294431859743375	-0.0769559562614337
chr11:67231960:67243009:clu_8047	0.719407789342078	0.496168604525157	0.805884907911053	0.309716303385896
chr11:67240369:67243009:clu_8047	-0.719407789342078	0.503831395474843	0.194115092088947	-0.309716303385896
chr11:67253611:67254203:clu_8051	0.534053290384947	0.95135326943958	0.982730745415708	0.0313774759761286
chr11:67253770:67254203:clu_8051	-0.534053290384947	0.0486467305604202	0.0172692545842915	-0.0313774759761287
chr11:67279900:67280495:clu_8055	-0.0864063443681109	0.0564313179481666	0.0500663026598322	-0.00636501528833435
chr11:67279900:67280498:clu_8055	0.0465966014213094	0.0253656122057113	0.0257059181960861	0.000340305990374861
chr11:67279900:67280732:clu_8055	0.0398097429468016	0.918203069846122	0.924227779144082	0.0060247092979594
chr11:67283228:67283707:clu_8059	-0.162930107323075	0.511260857663307	0.478223670440592	-0.0330371872227152
chr11:67283228:67283854:clu_8059	0.222784402442233	0.044237861502111	0.0608550091372808	0.0166171476351698
chr11:67283773:67283854:clu_8059	-0.0598542951191573	0.444501280834582	0.460921320422127	0.0164200395875454
chr11:67289550:67289829:clu_8062	0.663524660327223	0.0433402982354768	0.168347848035769	0.125007549800292
chr11:67289550:67290078:clu_8062	-1.0518211103021	0.884182916315399	0.617863571486405	-0.266319344828994
chr11:67289965:67290078:clu_8062	0.388296449974876	0.0724767854491244	0.213788580477826	0.141311795028702
chr11:67290446:67290592:clu_8064	-0.167776090181719	0.43371246018516	0.353823983558241	-0.0798884766269192
chr11:67290446:67291476:clu_8064	0.167776090181719	0.56628753981484	0.646176016441759	0.0798884766269192
chr11:67292180:67299058:clu_8066	-0.258376283535822	0.914656964717604	0.864726858512474	-0.0499301062051301
chr11:67292180:67299530:clu_8066	0.258376283535822	0.0853430352823963	0.135273141487526	0.0499301062051301
chr11:67299611:67299827:clu_8067	0.141156510744321	0.799436831005527	0.840920264243185	0.0414834332376575
chr11:67299621:67299827:clu_8067	-0.141156510744321	0.200563168994473	0.159079735756815	-0.0414834332376574
chr11:67300123:67300990:clu_8068	-0.158166296605217	0.968944310326444	0.957875670266087	-0.0110686400603572
chr11:67300499:67300990:clu_8068	0.158166296605217	0.031055689673556	0.0421243297339131	0.0110686400603571
chr11:67353077:67353294:clu_8075	-0.448551168698216	0.0839484979385375	0.0301904078422306	-0.0537580900963068
chr11:67353077:67353303:clu_8075	0.79324633182611	0.553046952353195	0.688531566281701	0.135484613928506
chr11:67353077:67353364:clu_8075	1.94310996546883	0.0672474739499486	0.26437309699372	0.197125623043771
chr11:67353077:67353539:clu_8075	-2.28780512859673	0.295757075758319	0.0169049288823491	-0.27885214687597
chr11:67429595:67431368:clu_8087	0.237913681687222	0.404587794445943	0.470274711970582	0.0656869175246397
chr11:67429595:67432600:clu_8087	-0.257163787819858	0.117144562088953	0.082994931212514	-0.0341496308764386
chr11:67431515:67432600:clu_8087	0.0192501061326363	0.478267643465105	0.446730356816904	-0.0315372866482012
chr11:67433042:67433126:clu_8089	0.138747441575802	0.767045905137266	0.780420752309864	0.0133748471725976
chr11:67433042:67433340:clu_8089	0.515138793453877	0.10988938265063	0.162902546846041	0.0530131641954109
chr11:67433194:67433340:clu_8089	-0.653886235029679	0.123064712212104	0.0566767008440952	-0.0663880113680086
chr11:67438501:67438632:clu_8093	-2.43674665629271	0.338848875494113	0.0039036905700402	-0.334945184924073
chr11:67438501:67438671:clu_8093	2.43674665629271	0.661151124505887	0.99609630942996	0.334945184924073
chr11:67496345:67497231:clu_8105	-0.357732677199999	0.211200336648698	0.128940751792002	-0.0822595848566965
chr11:67496348:67497060:clu_8105	0.0803747098868551	0.18331202059755	0.173441953805859	-0.00987006679169081
chr11:67496348:67497231:clu_8105	0.277357967313144	0.605487642753752	0.697617294402139	0.0921296516483875
chr11:68039119:68039792:clu_8126	0.0619915898701502	0.0514497193280291	0.0801064036102424	0.0286566842822133
chr11:68039119:68041268:clu_8126	-0.639357270053088	0.846359542162891	0.653502389278626	-0.192857152884264
chr11:68039962:68041268:clu_8126	0.577365680182938	0.10219073850908	0.266391207111131	0.164200468602051
chr11:68041346:68041753:clu_8127	0.195861193667853	0.0361065266991287	0.05251139323507	0.0164048665359413
chr11:68041388:68041753:clu_8127	-0.195861193667853	0.963893473300871	0.94748860676493	-0.0164048665359413
chr11:68043653:68043798:clu_8129	-0.145818335627721	0.12319404935935	0.108568668907968	-0.0146253804513826
chr11:68043653:68043814:clu_8129	-0.0161353415700515	0.816867185146513	0.819571488192628	0.00270430304611524
chr11:68043653:68043845:clu_8129	0.161953677197773	0.0599387654941364	0.0718598428994039	0.0119210774052675
chr11:68049294:68049663:clu_8134	0.0651798592372842	0.931848660650739	0.939675672773042	0.00782701212230263
chr11:68049437:68049663:clu_8134	-0.0651798592372842	0.0681513393492608	0.0603243272269582	-0.00782701212230257
chr11:70378195:70382088:clu_8170	-0.176572933086334	0.379371762107274	0.382230487616932	0.00285872550965849
chr11:70378195:70383003:clu_8170	0.626083039161523	0.0957369168864244	0.215242892521477	0.119505975635052
chr11:70382158:70383003:clu_8170	-0.449510106075188	0.524891321006302	0.402526619861591	-0.122364701144711
chr11:71474526:71478395:clu_8176	0.477064815526064	0.674580185706137	0.843315127254731	0.168734941548593
chr11:71477438:71478395:clu_8176	-0.477064815526064	0.325419814293863	0.156684872745269	-0.168734941548593
chr11:71478469:71480755:clu_8177	0.258257353384613	0.34900629382873	0.473301589967727	0.124295296138997
chr11:71480274:71480755:clu_8177	-0.258257353384613	0.65099370617127	0.526698410032273	-0.124295296138997
chr11:72007435:72008092:clu_8190	-0.50013848613379	0.138883659546648	0.0569319877386171	-0.0819516718080313
chr11:72007435:72008688:clu_8190	0.526060711518961	0.774682283418026	0.886138219974121	0.111455936556095
chr11:72008145:72008688:clu_8190	-0.0259222253851712	0.0864340570353256	0.0569297922872615	-0.0295042647480641
chr11:72010854:72012401:clu_8192	-0.243106979086763	0.251016099963663	0.176267467826666	-0.0747486321369964
chr11:72010854:72012895:clu_8192	0.411019616042007	0.432442113979341	0.58409318689201	0.151651072912669
chr11:72012442:72012895:clu_8192	-0.167912636955244	0.316541786056996	0.239639345281324	-0.0769024407756723
chr11:72111281:72111412:clu_8198	-0.0630142099920208	0.415594251121279	0.385346797069684	-0.030247454051595
chr11:72111286:72111412:clu_8198	0.0630142099920208	0.584405748878721	0.614653202930316	0.0302474540515949
chr11:72237796:72238042:clu_8211	0.0805793260635425	0.334771462075888	0.346926928215339	0.0121554661394507
chr11:72237796:72238263:clu_8211	-0.119852577158373	0.0575193749035726	0.0487817380565561	-0.00873763684701646
chr11:72238175:72238263:clu_8211	0.0392732510948303	0.607709163020539	0.604291333728105	-0.00341782929243428
chr11:72685681:72686042:clu_8213	-0.156929108483062	0.463680627198638	0.464596257578995	0.000915630380356636
chr11:72685681:72687688:clu_8213	0.73545840601682	0.0116268543052274	0.0284366190210582	0.0168097647158308
chr11:72686191:72687439:clu_8213	-0.193371368689533	0.251840779818034	0.243307859953492	-0.00853291986454149
chr11:72686191:72687688:clu_8213	-0.191793545588274	0.0332500427263056	0.0321741832443666	-0.00107585948193901
chr11:72687502:72687688:clu_8213	-0.193364383255951	0.239601695951796	0.231485080202089	-0.00811661574970696
chr11:72688537:72692753:clu_8214	0.533040296672768	0.171063860208197	0.391713965764211	0.220650105556013
chr11:72688537:72693325:clu_8214	-0.973287102208855	0.710256942850951	0.360609030341999	-0.349647912508952
chr11:72692785:72693325:clu_8214	0.440246805536087	0.118679196940852	0.24767700389379	0.128997806952938
chr11:72696652:72696983:clu_8216	-0.238418022383279	0.0966770332912384	0.0622958125731165	-0.0343812207181219
chr11:72696654:72696983:clu_8216	0.238418022383279	0.903322966708762	0.937704187426884	0.034381220718122
chr11:72699552:72701120:clu_8218	0.857788792205793	0.00629991956470042	0.0388626594960162	0.0325627399313158
chr11:72699552:72701649:clu_8218	-1.02355923058102	0.981112317456439	0.922268076505302	-0.0588442409511368
chr11:72701184:72701649:clu_8218	0.165770438375228	0.012587762978861	0.038869263998682	0.026281501019821
chr11:72703079:72704152:clu_8220	0.00279358474419798	0.471384248371012	0.501577679863907	0.0301934314928942
chr11:72703079:72705805:clu_8220	0.126944284959614	0.0211356726167839	0.0254622731819516	0.00432660056516774
chr11:72704334:72705805:clu_8220	-0.129737869703812	0.507480079012204	0.472960046954142	-0.034520032058062
chr11:72709976:72710385:clu_8221	0.133449452994754	0.968009808745137	0.975318540550209	0.00730873180507252
chr11:72709976:72710434:clu_8221	-0.133449452994754	0.0319901912548634	0.0246814594497907	-0.00730873180507268
chr11:72714321:72721850:clu_8224	-0.813819982935574	0.64664873534658	0.264385220160417	-0.382263515186163
chr11:72714321:72726620:clu_8224	0.813819982935574	0.35335126465342	0.735614779839583	0.382263515186163
chr11:72817855:72821199:clu_8230	-0.160576571559759	0.1763034716944	0.170827162564418	-0.00547630912998212
chr11:72817855:72821548:clu_8230	0.0690746300306033	0.0797690470951268	0.0972448737206209	0.0174758266254941
chr11:72817855:72821668:clu_8230	1.04372792487056	0.081798894995055	0.264281216511562	0.182482321516507
chr11:72817855:72822044:clu_8230	-0.47543017240015	0.013150778141308	0.00930054359209632	-0.00385023454921164
chr11:72821741:72822044:clu_8230	-0.476795810941254	0.64897780807411	0.458346203611303	-0.190631604462807
chr11:72822295:72822478:clu_8231	-0.236447527896806	0.978941998791937	0.966634458973003	-0.0123075398189332
chr11:72822295:72822488:clu_8231	0.236447527896806	0.0210580012080634	0.0333655410269965	0.0123075398189331
chr11:72822543:72822848:clu_8232	-0.296659080906246	0.549341827858201	0.466393992593054	-0.0829478352651469
chr11:72822543:72824060:clu_8232	0.778828535064675	0.0245455837124544	0.061088854415448	0.0365432707029936
chr11:72822961:72823544:clu_8232	-0.227257130854178	0.0156862927134064	0.0142748475366047	-0.00141144517680169
chr11:72822961:72823766:clu_8232	-0.284260484269777	0.0315560371235545	0.027125476753311	-0.00443056037024344
chr11:72822961:72824060:clu_8232	-0.00886195718847917	0.338849311602829	0.383623841588999	0.0447745299861706
chr11:72823797:72824060:clu_8232	0.0382101181540057	0.0400209469895555	0.0474929871125832	0.00747204012302774
chr11:72824842:72825302:clu_8234	-0.257077142590173	0.937332632704623	0.89944228777038	-0.0378903449342427
chr11:72824842:72825349:clu_8234	0.257077142590173	0.0626673672953775	0.10055771222962	0.0378903449342426
chr11:72826823:72827188:clu_8236	0.304389017967207	0.455065296539039	0.502653536052922	0.0475882395138832
chr11:72826823:72828359:clu_8236	-0.433489988216114	0.0195432749641881	0.0103213281614158	-0.00922194680277231
chr11:72827293:72828359:clu_8236	0.129100970248907	0.525391428496773	0.487025135785662	-0.038366292711111
chr11:72828984:72829303:clu_8237	1.0060731091844	0.854780798153643	0.977789883925883	0.12300908577224
chr11:72828984:72842617:clu_8237	-1.0060731091844	0.145219201846357	0.0222101160741175	-0.12300908577224
chr11:72841583:72842621:clu_8239	-0.136777663400505	0.684254587467345	0.615454860108313	-0.0687997273590317
chr11:72841583:72843151:clu_8239	-0.0535940193372601	0.0346671023792574	0.0338861499609489	-0.000780952418308528
chr11:72842841:72843151:clu_8239	0.190371682737765	0.281078310153398	0.350658989930738	0.0695806797773403
chr11:73716362:73718613:clu_8252	0.020204139001604	0.698530446830045	0.706970989979562	0.00844054314951759
chr11:73716362:73718785:clu_8252	-0.020204139001604	0.301469553169955	0.293029010020438	-0.00844054314951764
chr11:73718718:73720846:clu_8253	-0.153939299767313	0.595921945733116	0.520144847388599	-0.0757770983445174
chr11:73718890:73720846:clu_8253	0.153939299767313	0.404078054266884	0.479855152611401	0.0757770983445172
chr11:73975671:73976641:clu_8261	0.492669150387278	0.973440926803133	0.989917336858169	0.0164764100550358
chr11:73976525:73976641:clu_8261	-0.492669150387278	0.0265590731968673	0.0100826631418314	-0.0164764100550358
chr11:83167505:83168428:clu_8345	0.161790871425406	0.213779664793924	0.273147931206907	0.0593682664129823
chr11:83167898:83168428:clu_8345	-0.161790871425406	0.786220335206076	0.726852068793093	-0.0593682664129823
chr11:85959060:85974708:clu_8365	-0.134501854781611	0.973564217575288	0.965684551770072	-0.00787966580521682
chr11:85960777:85974708:clu_8365	0.134501854781611	0.0264357824247115	0.0343154482299285	0.00787966580521697
chr11:85976682:85978070:clu_8365_B	0.877894126913837	0.0137956368084341	0.12414066046723	0.110345023658796
chr11:85976682:85981129:clu_8365_B	-1.54652868035315	0.97233115068572	0.774592079400887	-0.197739071284833
chr11:85978093:85981129:clu_8365_B	0.66863455343931	0.013873212505846	0.101267260131883	0.0873940476260366
chr11:85983973:85990250:clu_8367	-0.345529893615383	0.552166151691672	0.482752047526498	-0.0694141041651742
chr11:85983973:85996826:clu_8367	1.39428763717374	0.0446762226347832	0.222496889343025	0.177820666708242
chr11:85990378:85996826:clu_8367	-0.524376005540575	0.085257214662164	0.062332364942173	-0.022924849719991
chr11:85990399:85996826:clu_8367	-0.52438173801778	0.31790041101138	0.232418698188303	-0.0854817128230768
chr11:88312554:88334937:clu_8384	0.504262156800935	0.506844132181005	0.738058627400804	0.231214495219798
chr11:88328196:88334937:clu_8384	-0.504262156800935	0.493155867818995	0.261941372599196	-0.231214495219798
chr11:95778957:95779078:clu_8419	0.156827783458097	0.227277821775973	0.272398367134187	0.0451205453582134
chr11:95778957:95779607:clu_8419	-0.0596510210005275	0.259222460564529	0.250209917602527	-0.00901254296200188
chr11:95779135:95779607:clu_8419	-0.0971767624575691	0.513499717659497	0.477391715263286	-0.0361080023962116
chr11:102402157:102448812:clu_8435	2.66079108600776	0.028666991637647	0.0142740767213265	-0.0143929149163205
chr11:102402206:102416990:clu_8435	-6.05710704429816	0.0225758462748058	1.83939454575081e-06	-0.02257400688026
chr11:102402206:102448812:clu_8435	3.3963159582904	0.948757162087547	0.985724083884128	0.0369669217965805
chr11:104949777:104950925:clu_8442	-0.0903811065887382	0.597971761944293	0.552121355803349	-0.0458504061409437
chr11:104949777:104954747:clu_8442	-0.0166108997611473	0.0330267451397997	0.0328289988609766	-0.000197746278823109
chr11:104952005:104954747:clu_8442	0.106992006349886	0.369001492915908	0.415049645335674	0.0460481524197668
chr11:104954998:104968519:clu_8443	0.674141321369188	0.0374775211621845	0.038121466039844	0.000643944877659501
chr11:104955001:104956597:clu_8443	-1.34704417218743	0.0181245040096954	0.00244272827674894	-0.0156817757329464
chr11:104955001:104968519:clu_8443	0.67290285081824	0.94439797482812	0.959435805683407	0.015037830855287
chr11:105031280:105033064:clu_8447	-0.182984296621565	0.519589784222132	0.478279098156257	-0.0413106860658752
chr11:105031280:105034208:clu_8447	0.258640738523492	0.0722812872155797	0.103476562226914	0.0311952750113348
chr11:105033126:105034208:clu_8447	-0.075656441901927	0.408128928562288	0.418244339616828	0.0101154110545404
chr11:105041719:105043483:clu_8449	0.294113822890316	0.182971577296849	0.258438403284239	0.0754668259873901
chr11:105041719:105044392:clu_8449	-0.248505741822151	0.433523021127367	0.355900746593965	-0.0776222745334023
chr11:105043545:105044392:clu_8449	-0.0456080810681641	0.383505401575784	0.385660850121797	0.0021554485460123
chr11:114402915:114405706:clu_8522	-0.0234349426133713	0.716391709374995	0.706773144705721	-0.00961856466927402
chr11:114402915:114405709:clu_8522	0.0234349426133712	0.283608290625005	0.293226855294279	0.00961856466927402
chr11:117206798:117207067:clu_8549	0.778589491035225	0.339032151137902	0.419717612870187	0.0806854617322849
chr11:117206798:117207970:clu_8549	0.879217995086023	0.115252574992578	0.157786321033436	0.0425337460408575
chr11:117207160:117207654:clu_8549	-1.41624944991068	0.139875485826357	0.019286413606645	-0.120589072219712
chr11:117207160:117207970:clu_8549	0.893628690818679	0.272812560468708	0.378914792652193	0.106102232183485
chr11:117207735:117207970:clu_8549	-1.13518672702924	0.133027227574455	0.0242948598375392	-0.108732367736915
chr11:117208064:117208897:clu_8550	0.354455863593264	0.551499971120687	0.619087524638862	0.0675875535181749
chr11:117208064:117218466:clu_8550	-0.481032471179571	0.0490341126692643	0.0238702465994823	-0.025163866069782
chr11:117209053:117218466:clu_8550	0.126576607586307	0.399465916210049	0.357042228761656	-0.042423687448393
chr11:117986534:117986684:clu_8567	-0.196827293407569	0.146805318027643	0.116923269194437	-0.0298820488332066
chr11:117986534:117988382:clu_8567	0.282677470028945	0.312169717981332	0.401602313942894	0.0894325959615622
chr11:117986813:117988382:clu_8567	-0.0858501766213764	0.541024963991025	0.48147441686267	-0.0595505471283556
chr11:117988502:117989442:clu_8567_B	-0.320706897913614	0.437908237810003	0.42670970728375	-0.0111985305262522
chr11:117988502:117993241:clu_8567_B	0.703712160140406	0.0326093957047325	0.0885098699449021	0.0559004742401696
chr11:117989620:117993241:clu_8567_B	-0.383005262226792	0.529482366485265	0.484780422771347	-0.0447019437139174
chr11:118196821:118197968:clu_8571	-0.536098223989941	0.462137364202475	0.227244269666512	-0.234893094535963
chr11:118196821:118197998:clu_8571	0.536098223989941	0.537862635797525	0.772755730333488	0.234893094535963
chr11:118200612:118201331:clu_8571_B	-0.187037813059746	0.0152495133588927	0.0105406827624613	-0.00470883059643132
chr11:118200612:118203428:clu_8571_B	0.187037813059746	0.984750486641107	0.989459317237539	0.00470883059643135
chr11:118203665:118205645:clu_8573	-0.69432704021761	0.0319761222030577	0.00891635532606523	-0.0230597668769925
chr11:118203665:118205882:clu_8573	0.776905890271304	0.354395110245664	0.430326049537986	0.0759309392923228
chr11:118203665:118205915:clu_8573	0.0480673776907829	0.0229419100474097	0.0134402994202327	-0.00950161062717706
chr11:118203665:118210487:clu_8573	-0.716875140576226	0.0621389740967663	0.0169407695838452	-0.0451982045129211
chr11:118205991:118210487:clu_8573	0.586228912831748	0.528547883407103	0.53037652613187	0.00182864272476779
chr11:118212561:118214824:clu_8575	0.179412082686334	0.487573176857349	0.532593349630104	0.0450201727727546
chr11:118212561:118224941:clu_8575	-0.322244956220035	0.18441959716454	0.12198210370216	-0.0624374934623799
chr11:118214886:118224941:clu_8575	0.142832873533701	0.328007225978111	0.345424546667736	0.0174173206896253
chr11:118572550:118581246:clu_8597	-0.114327375681701	0.309738576736498	0.275651841177014	-0.0340867355594841
chr11:118572550:118583179:clu_8597	0.0802090771837296	0.241168821995595	0.260719112603571	0.0195502906079759
chr11:118581509:118583179:clu_8597	0.0341182984979718	0.449092601267907	0.463629046219415	0.0145364449515082
chr11:119019317:119020150:clu_8612	0.299233442313351	0.422592645162621	0.509120123576204	0.0865274784135829
chr11:119019317:119021760:clu_8612	-0.302567602967341	0.112524828214591	0.0742656205904425	-0.0382592076241486
chr11:119020253:119021760:clu_8612	0.00333416065398976	0.464882526622788	0.416614255833353	-0.0482682707894343
chr11:119112874:119113611:clu_8634	-0.0185618165789967	0.802701269198931	0.796755798682131	-0.00594547051679994
chr11:119112874:119113637:clu_8634	0.0185618165789966	0.197298730801069	0.203244201317869	0.00594547051679992
chr11:121452616:121457635:clu_8653	-0.505327873645323	0.213358136653125	0.0898509100060789	-0.123507226647046
chr11:121452616:121470007:clu_8653	0.505327873645323	0.786641863346875	0.910149089993921	0.123507226647046
chr11:121549999:121550585:clu_8658	-0.359086236533648	0.0780924047136955	0.0396683646587153	-0.0384240400549802
chr11:121550088:121550585:clu_8658	0.359086236533648	0.921907595286305	0.960331635341285	0.0384240400549802
chr11:121567113:121570157:clu_8661	-0.132361340894692	0.41876388446776	0.42311365557465	0.00434977110689022
chr11:121567113:121574241:clu_8661	0.300812783707738	0.0178715807154484	0.0278468401120455	0.00997525939659713
chr11:121570270:121574241:clu_8661	-0.168451442813046	0.563364534816792	0.549039504313304	-0.0143250305034873
chr11:123060268:123060593:clu_8669	0.197705430259989	0.399239667967762	0.405691266630175	0.00645159866241318
chr11:123060268:123061120:clu_8669	-0.412260348635035	0.0551303606141362	0.030440237341767	-0.0246901232723692
chr11:123060798:123061120:clu_8669	0.214554918375046	0.545629971418102	0.563868496028058	0.0182385246099561
chr11:124625903:124626473:clu_8675	0.534051766890273	0.395199790731111	0.563464372471405	0.168264581740294
chr11:124625903:124626904:clu_8675	-0.682240893576657	0.27378487803792	0.115672473201937	-0.158112404835983
chr11:124626751:124626904:clu_8675	0.148189126686384	0.331015331230969	0.320863154326658	-0.010152176904311
chr11:130122513:130123612:clu_8725	0.317489178898503	0.363327090543191	0.460928845273592	0.0976017547304006
chr11:130122513:130126700:clu_8725	-0.328129422258222	0.205827554997553	0.136914998370209	-0.0689125566273434
chr11:130123779:130126700:clu_8725	0.010640243359719	0.430845354459256	0.402156156356199	-0.0286891981030572
chr11:130135715:130137256:clu_8727	-0.0652766632328323	0.198223704272576	0.195559120912781	-0.00266458335979522
chr11:130135715:130140398:clu_8727	-0.123723359435797	0.630989446321141	0.587166820354653	-0.0438226259664877
chr11:130137291:130140398:clu_8727	0.18900002266863	0.170786849406283	0.217274058732566	0.0464872093262828
chr11:134248484:134248809:clu_8741	0.292232949910063	0.340924444449507	0.423213113974333	0.0822886695248253
chr11:134248484:134249167:clu_8741	-0.464471958267749	0.287069475466637	0.167207296423543	-0.119862179043095
chr11:134248959:134249167:clu_8741	0.172239008357686	0.372006080083855	0.409579589602125	0.0375735095182695
chr12:308005:309520:clu_16721	-0.0838158354259276	0.369362037049229	0.338650151171632	-0.0307118858775967
chr12:308005:309803:clu_16721	0.0728508539349592	0.39882188532399	0.427678558844925	0.0288566735209349
chr12:309562:309803:clu_16721	0.0109649814909685	0.231816077626781	0.233671289983443	0.00185521235666178
chr12:862270:871265:clu_16737	-0.701005630934298	0.367092161229102	0.192664714824848	-0.174427446404254
chr12:862270:878212:clu_16737	0.064966753061029	0.3697537739854	0.417443082072966	0.0476893080875664
chr12:862270:878215:clu_16737	0.0677242857365794	0.138102611732025	0.156345046462573	0.0182424347305474
chr12:871348:878212:clu_16737	0.56831459213669	0.125051453053473	0.233547156639614	0.108495703586141
chr12:878361:880721:clu_16738	-0.038968665006627	0.316870434587704	0.27247787241948	-0.0443925621682236
chr12:878361:881692:clu_16738	0.376327207218677	0.438868961719224	0.571669593144908	0.132800631425684
chr12:880999:881692:clu_16738	-0.33735854221205	0.244260603693073	0.155852534435612	-0.0884080692574601
chr12:6333865:6334091:clu_16778	0.116133556987115	0.449138510380273	0.462055566881919	0.0129170565016461
chr12:6333865:6341776:clu_16778	-0.207897218397472	0.0581466026526507	0.0432626860723628	-0.0148839165802879
chr12:6334244:6341776:clu_16778	0.0917636614103574	0.492714886967076	0.494681747045718	0.00196686007864183
chr12:6460938:6462034:clu_16787	1.28546925718546	0.769872783208475	0.977654503262304	0.207781720053829
chr12:6461390:6462034:clu_16787	-1.28546925718546	0.230127216791525	0.0223454967376961	-0.207781720053829
chr12:6548157:6548425:clu_16796	0.115703651256235	0.312547192626743	0.364281159165104	0.0517339665383613
chr12:6548160:6548425:clu_16796	-0.115703651256235	0.687452807373257	0.635718840834896	-0.0517339665383613
chr12:6551001:6551398:clu_16798	-0.138726702977825	0.320891456508064	0.257511188034306	-0.0633802684737581
chr12:6551001:6555257:clu_16798	0.397051892880421	0.392790106305141	0.538622108711953	0.145832002406812
chr12:6551503:6555257:clu_16798	-0.258325189902595	0.286318437186795	0.203866703253741	-0.0824517339330543
chr12:6653050:6653230:clu_16812	0.192206575758985	0.394550136488722	0.37838948352296	-0.0161606529657621
chr12:6653050:6656727:clu_16812	-0.643260142978733	0.158004346776462	0.0657154231501896	-0.0922889236262724
chr12:6653396:6656727:clu_16812	0.451053567219748	0.447445516734816	0.55589509332685	0.108449576592034
chr12:6670838:6672350:clu_16813	-0.434386679771804	0.20874890241051	0.119945833359787	-0.0888030690507224
chr12:6670838:6673216:clu_16813	0.232054736953287	0.630122623200966	0.705046673083278	0.0749240498823119
chr12:6672532:6673216:clu_16813	0.202331942818517	0.161128474388525	0.175007493556935	0.0138790191684104
chr12:6789662:6800072:clu_16821	0.0166340210199247	0.410324112149887	0.38298587933328	-0.0273382328166075
chr12:6789662:6814142:clu_16821	-0.178117780966694	0.061679253618396	0.0473821976619769	-0.0142970559564191
chr12:6800471:6814142:clu_16821	0.16148375994677	0.527996634231717	0.569631923004744	0.0416352887730266
chr12:6951731:6951912:clu_16838	-0.730794067605618	0.0822005919616659	0.0203442186911483	-0.0618563732705176
chr12:6951731:6951983:clu_16838	0.730794067605618	0.917799408038334	0.979655781308852	0.0618563732705175
chr12:6954994:6955151:clu_16839	-0.375283582882272	0.430589154342097	0.415899430684996	-0.0146897236571011
chr12:6954994:6955372:clu_16839	0.75081134523644	0.0170164087540695	0.050681558565672	0.0336651498116025
chr12:6955267:6955372:clu_16839	-0.375527762354168	0.552394436903834	0.533419010749332	-0.0189754261545014
chr12:6957785:6957919:clu_16840	-0.305622260019227	0.441728594459375	0.432527907010561	-0.00920068744881347
chr12:6957785:6959927:clu_16840	0.667631129351871	0.0304930529831762	0.0790201964748458	0.0485271434916696
chr12:6958073:6959927:clu_16840	-0.362008869332643	0.527778352557449	0.488451896514593	-0.0393264560428561
chr12:6960435:6960806:clu_16842	-0.442657329892249	0.503200333828328	0.491253529034592	-0.0119468047937354
chr12:6960435:6961126:clu_16842	0.795887154688609	0.0104639088494248	0.0352494013639471	0.0247854925145223
chr12:6960936:6961126:clu_16842	0.137053094618734	0.0255945211269163	0.0446145800590767	0.0190200589321605
chr12:6960945:6961126:clu_16842	-0.490282919415095	0.460741236195331	0.428882489542384	-0.0318587466529471
chr12:6969577:6969956:clu_16844	-0.520444552503613	0.0481476361374112	0.0175494568417937	-0.0305981792956175
chr12:6969577:6970196:clu_16844	0.520444552503613	0.951852363862589	0.982450543158206	0.0305981792956176
chr12:7925948:7929684:clu_16863	0.0201329279658113	0.360543164357156	0.352241969350458	-0.00830119500669818
chr12:7925948:7930480:clu_16863	-0.084958162109499	0.0389122106743509	0.0342238811111914	-0.0046883295631595
chr12:7929871:7930480:clu_16863	0.0648252341436877	0.600544624968493	0.61353414953835	0.0129895245698577
chr12:8940869:8942416:clu_16887	-0.402177151337752	0.473634392575527	0.287017303895496	-0.186617088680031
chr12:8941940:8942416:clu_16887	0.402177151337752	0.526365607424473	0.712982696104504	0.186617088680031
chr12:10213219:10214669:clu_16926	-0.487208417406979	0.0910051810195758	0.0534786613833703	-0.0375265196362056
chr12:10213219:10218063:clu_16926	0.0505770270806985	0.841668774209573	0.846862449391777	0.00519367518220415
chr12:10214779:10218063:clu_16926	0.436631390326281	0.0673260447708511	0.0996588892248525	0.0323328444540014
chr12:14456634:14457207:clu_16965	-0.242021996430523	0.478586176314657	0.430514016196836	-0.0480721601178208
chr12:14456634:14460495:clu_16965	0.349447617610461	0.0551485523482355	0.0896258425633507	0.0344772902151152
chr12:14457295:14460495:clu_16965	-0.107425621179938	0.466265271337107	0.479860141239813	0.0135948699027056
chr12:14794736:14794971:clu_16973	-0.252865864164838	0.616977361830258	0.564393317231901	-0.0525840445983561
chr12:14794736:14796807:clu_16973	0.336786315054784	0.0366083001092885	0.0603913703519647	0.0237830702426761
chr12:14795104:14796807:clu_16973	-0.0839204508899456	0.346414338060454	0.375215312416134	0.02880097435568
chr12:15882819:15883541:clu_16979	-0.0237111079960167	0.380264710054636	0.364672806405936	-0.0155919036487
chr12:15882819:15889928:clu_16979	-0.0602443431019666	0.185177623926932	0.171214160556629	-0.0139634633703021
chr12:15883676:15889928:clu_16979	0.0839554510979834	0.434557666018433	0.464113033037435	0.0295553670190021
chr12:25104462:25104738:clu_17014	0.265789690749701	0.0309642343180112	0.0515689506345355	0.0206047163165243
chr12:25104462:25106943:clu_17014	-0.265789690749701	0.969035765681989	0.948431049365465	-0.0206047163165243
chr12:26957743:26960515:clu_17020	0.895929804694923	0.16719908809319	0.546428424906561	0.379229336813371
chr12:26957743:26963342:clu_17020	-0.895929804694923	0.83280091190681	0.453571575093439	-0.379229336813371
chr12:31959491:31960777:clu_17056	0.46165329687267	0.13013371252291	0.173827271524985	0.0436935590020742
chr12:31959491:31980878:clu_17056	0.744635269581016	0.00927249940663225	0.0164369947719897	0.00716449536535748
chr12:31970356:31980878:clu_17056	0.24794919755804	0.276564160266299	0.298341371600316	0.0217772113340165
chr12:31970356:31987239:clu_17056	2.31961846061162	0.0024278032807345	0.0207895747393413	0.0183617714586069
chr12:31985957:31987184:clu_17056	-3.86207643864526	0.00700008221331711	0.000123896565866453	-0.00687618564745065
chr12:31985957:31987239:clu_17056	-0.179364079743	0.27317260461348	0.192209534825083	-0.0809630697883971
chr12:31985957:31992378:clu_17056	0.104879278867481	0.00580512306150182	0.00542743382527228	-0.000377689236229541
chr12:31987322:31992378:clu_17056	0.162705014897441	0.295624014635124	0.292843922147146	-0.00278009248797767
chr12:42326229:42332660:clu_17094	-0.193385874002385	0.327143036976809	0.258804640674504	-0.0683383963023041
chr12:42326229:42335883:clu_17094	0.21292036827273	0.437700652199786	0.519838129298073	0.0821374770982871
chr12:42332702:42335883:clu_17094	-0.0195344942703459	0.235156310823406	0.221357230027423	-0.013799080795983
chr12:42335974:42351885:clu_17095	0.243054151383575	0.303598366485883	0.40853421012392	0.104935843638038
chr12:42335974:42355161:clu_17095	-0.406445663684585	0.507414122697923	0.35662958163285	-0.150784541065073
chr12:42352049:42355161:clu_17095	0.16339151230101	0.188987510816194	0.234836208243229	0.0458486974270353
chr12:46362638:46363021:clu_17125	-0.220400978507305	0.367710849210975	0.294798215823995	-0.072912633386981
chr12:46362638:46363726:clu_17125	0.104868909150251	0.344168980865723	0.381990929106274	0.0378219482405512
chr12:46363145:46363726:clu_17125	0.115532069357055	0.288120169923302	0.323210855069731	0.0350906851464297
chr12:46367340:46370512:clu_17127	-0.295689364239758	0.436998364432531	0.332836348012534	-0.104162016419998
chr12:46367340:46370776:clu_17127	0.107744949803098	0.297682193857972	0.339400979003051	0.0417187851450787
chr12:46370627:46370776:clu_17127	0.18794441443666	0.265319441709496	0.327762672984415	0.0624432312749192
chr12:47795767:47795906:clu_17142	-0.0525997854963018	0.392930104581372	0.373777408165258	-0.0191526964161142
chr12:47795767:47796207:clu_17142	0.0362658218245907	0.367073291112108	0.381631639367624	0.0145583482555159
chr12:47796016:47796207:clu_17142	0.0163339636717111	0.23999660430652	0.244590952467118	0.00459434816059834
chr12:47798972:47802224:clu_17145	0.349953993659898	0.515356278645456	0.615046725462994	0.0996904468175372
chr12:47798972:47819767:clu_17145	-0.437542263899073	0.159888722384047	0.0868186627523578	-0.0730700596316888
chr12:47802274:47819767:clu_17145	0.0875882702391752	0.324754998970497	0.298134611784649	-0.0266203871858486
chr12:48660619:48667693:clu_17157	0.470047864453263	0.668474074779607	0.837723623412868	0.169249548633261
chr12:48662654:48667693:clu_17157	-0.470047864453263	0.331525925220393	0.162276376587132	-0.169249548633261
chr12:48671962:48679036:clu_17158	-0.289703394111384	0.352990245286584	0.261052068455421	-0.0919381768311622
chr12:48671962:48679655:clu_17158	0.332985659386181	0.293217103542468	0.404188687209512	0.110971583667043
chr12:48679150:48679655:clu_17158	-0.0432822652747974	0.353792651170948	0.334759244335067	-0.0190334068358812
chr12:49560365:49563001:clu_17200	-0.111184346776495	0.193473696085116	0.161113863822135	-0.0323598322629817
chr12:49560370:49563001:clu_17200	0.111184346776495	0.806526303914884	0.838886136177865	0.0323598322629817
chr12:51049185:51052092:clu_17231	0.17563488724805	0.133217583484898	0.159248786734515	0.0260312032496167
chr12:51049185:51053778:clu_17231	0.0257165374952453	0.0847747809877345	0.0872313402660824	0.00245655927834794
chr12:51049185:51056350:clu_17231	-0.215130565077407	0.29528342207338	0.23880662257039	-0.0564767995029892
chr12:51052207:51053778:clu_17231	-0.124769746805507	0.172261690552662	0.152489243858054	-0.0197724466946085
chr12:51056245:51056350:clu_17231	0.138548887139618	0.314462522901326	0.362224006570959	0.047761483669633
chr12:51284787:51288108:clu_17244	0.230049632251491	0.483914842447719	0.492665832561551	0.0087509901138319
chr12:51284787:51291591:clu_17244	-0.447322851026989	0.0233871628480392	0.0120943326425361	-0.0112928302055031
chr12:51288188:51291591:clu_17244	0.217273218775498	0.492697994704242	0.495239834795913	0.00254184009167141
chr12:51292341:51295796:clu_17245	-0.187597044568017	0.0428926979951292	0.0298748528520694	-0.0130178451430598
chr12:51292344:51295796:clu_17245	0.187597044568017	0.957107302004871	0.970125147147931	0.0130178451430598
chr12:51302115:51302518:clu_17246	-0.401153050270346	0.0731688730004354	0.0341809713525278	-0.0389879016479076
chr12:51302115:51302686:clu_17246	0.401153050270346	0.926831126999565	0.965819028647472	0.0389879016479076
chr12:51313903:51324022:clu_17248	0.496361498157424	0.971220188519385	0.989138415305968	0.0179182267865828
chr12:51323203:51324022:clu_17248	-0.496361498157424	0.0287798114806149	0.010861584694032	-0.0179182267865829
chr12:53020026:53021716:clu_17269	0.0447157190081097	0.0445413867494538	0.0485062153061526	0.00396482855669873
chr12:53020026:53021806:clu_17269	-0.0447157190081097	0.955458613250546	0.951493784693847	-0.00396482855669866
chr12:53034709:53037409:clu_17272	-0.0636463428517781	0.913480205155691	0.902875919275177	-0.0106042858805137
chr12:53034724:53037409:clu_17272	0.0636463428517781	0.0865197948443089	0.0971240807248226	0.0106042858805138
chr12:53160844:53161127:clu_17277	0.272514283019987	0.340933199151448	0.456586698452011	0.115653499300563
chr12:53160844:53161273:clu_17277	0.0390298115574631	0.163367478446629	0.173228182881147	0.00986070443451748
chr12:53161191:53161273:clu_17277	-0.31154409457745	0.495699322401923	0.370185118666842	-0.125514203735081
chr12:53192538:53192691:clu_17285	0.548204870920088	0.598734646162121	0.677595982868525	0.0788613367064033
chr12:53192538:53193140:clu_17285	-0.823335217198527	0.0404006469624378	0.0116003865432218	-0.028800260419216
chr12:53192910:53193140:clu_17285	0.275130346278439	0.360864706875441	0.310803630588254	-0.0500610762871873
chr12:53195463:53195626:clu_17287	0.231944100415818	0.419759564620462	0.471545586186263	0.0517860215658012
chr12:53195463:53196041:clu_17287	-0.263684205228831	0.0217084875938259	0.0148560725908906	-0.00685241500293535
chr12:53195721:53196041:clu_17287	0.0317401048130132	0.558531947785712	0.513598341222846	-0.0449336065628658
chr12:53200446:53201072:clu_17289	4.89151999482197	0.342702895757467	0.408071645911639	0.0653687501541712
chr12:53200446:53201118:clu_17289	5.56411220956661	0.0394446776026517	0.092025914888556	0.0525812372859043
chr12:53200446:53207202:clu_17289	-15.014927789019	0.0325910853257605	8.78328635614535e-11	-0.0325910852379276
chr12:53201194:53207202:clu_17289	4.55929558463039	0.58526134131412	0.499902439111973	-0.0853589022021478
chr12:53295639:53295839:clu_17293	-0.0495800963459553	0.199302010412161	0.171987210641064	-0.0273147997710974
chr12:53295639:53297850:clu_17293	0.157422509722793	0.0316792427937506	0.0336247725569415	0.00194552976319086
chr12:53295639:53298045:clu_17293	-0.36276303104631	0.00462030240434175	0.00291501809261679	-0.00170528431172496
chr12:53296275:53297850:clu_17293	0.106289976241914	0.292720816602966	0.295210359650659	0.00248954304769256
chr12:53297924:53298045:clu_17293	0.148630641427558	0.47167762778678	0.496262639058719	0.024585011271939
chr12:53441792:53442695:clu_17299	-0.0212283600080498	0.833815965008342	0.82784919977654	-0.00596676523180117
chr12:53441800:53442695:clu_17299	0.0212283600080498	0.166184034991658	0.17215080022346	0.00596676523180126
chr12:53452376:53454726:clu_17300	-0.0970262761542646	0.966032014786204	0.95905528396409	-0.00697673082211381
chr12:53452376:53454750:clu_17300	0.0970262761542646	0.0339679852137961	0.0409447160359098	0.0069767308221137
chr12:53459403:53459800:clu_17301	-0.449089474699587	0.0257106750787145	0.0106342834385821	-0.0150763916401324
chr12:53459403:53461015:clu_17301	0.449089474699587	0.974289324921285	0.989365716561418	0.0150763916401324
chr12:53462567:53464760:clu_17302	-0.0486838207805667	0.263592445831893	0.263708330815024	0.00011588498313142
chr12:53462567:53465932:clu_17302	-0.0532296787759342	0.117122158254334	0.1166422035673	-0.000479954687034018
chr12:53462567:53467221:clu_17302	0.145469847913307	0.0272087327964962	0.0330536232459624	0.00584489044946616
chr12:53464852:53465932:clu_17302	-0.0934671981873131	0.219366788530652	0.209851749209414	-0.0095150393212384
chr12:53464852:53467221:clu_17302	0.0975347590613981	0.0222101226143724	0.0257183894486135	0.00350826683424112
chr12:53465973:53467221:clu_17302	-0.0476239092308911	0.350499751972252	0.351025703713686	0.000525951741433717
chr12:53467293:53467805:clu_17303	-0.223408417262125	0.550972181907955	0.480731504718073	-0.0702406771898819
chr12:53467293:53468777:clu_17303	0.527827815474379	0.0887269367942617	0.164091524913066	0.0753645881188039
chr12:53467843:53468777:clu_17303	-0.0582316638372654	0.271548766531491	0.279483452316508	0.00793468578501699
chr12:53467843:53468780:clu_17303	-0.246187734374989	0.088752114766292	0.075693518052353	-0.013058596713939
chr12:54280822:54281386:clu_17324	-0.484025718996827	0.545367415514736	0.508622960711247	-0.0367444548034885
chr12:54280822:54281795:clu_17324	0.966421564354655	0.0219101615758232	0.0871512472961642	0.065241085720341
chr12:54281502:54281795:clu_17324	-0.482395845357827	0.432722422909441	0.404225791992588	-0.0284966309168523
chr12:54282874:54283079:clu_17325	-0.00612823628649292	0.061729654653846	0.0521275216562698	-0.00960213299757619
chr12:54282874:54283812:clu_17325	0.187639980423418	0.894468896609082	0.916834486443281	0.0223655898341995
chr12:54283234:54283812:clu_17325	-0.181511744136925	0.0438014487370722	0.0310379919004491	-0.0127634568366232
chr12:54284317:54284549:clu_17326	-0.126017672592847	0.722733370871055	0.669522329766588	-0.0532110411044673
chr12:54284317:54286662:clu_17326	0.126017672592847	0.277266629128945	0.330477670233412	0.0532110411044672
chr12:54509985:54511803:clu_17340	-0.069846041559096	0.973572563188418	0.969730498261582	-0.00384206492683581
chr12:54510466:54511803:clu_17340	0.0698460415590961	0.0264274368115818	0.0302695017384176	0.00384206492683589
chr12:55938052:55938511:clu_17367	0.145432003398282	0.911230757377225	0.93211366165204	0.020882904274815
chr12:55938052:55938638:clu_17367	-0.145432003398282	0.0887692426227753	0.0678863383479603	-0.020882904274815
chr12:55941325:55941510:clu_17372	-0.0880865387013594	0.480349725978193	0.437651466311375	-0.0426982596668173
chr12:55941325:55941998:clu_17372	0.00228327852210879	0.0118729939047719	0.0118407223719403	-3.22715328316438e-05
chr12:55941584:55941998:clu_17372	0.0858032601792507	0.507777280117035	0.550507811316684	0.0427305311996489
chr12:55951783:55952035:clu_17374	0.0163317303229234	0.431053021051876	0.477379638889781	0.0463266178379043
chr12:55951783:55952341:clu_17374	0.182051770695605	0.0345231547606069	0.0451247670153313	0.0106016122547244
chr12:55952099:55952341:clu_17374	-0.198383501018528	0.534423824187517	0.477495594094888	-0.0569282300926285
chr12:56116799:56117189:clu_17379	3.23215630574793	0.498284322767932	0.549600378073234	0.0513160553053019
chr12:56116799:56117194:clu_17379	-10.3000113627958	0.0339571078868853	4.97227050259356e-08	-0.0339570581641802
chr12:56116799:56117482:clu_17379	4.11545231965563	0.0329152547361438	0.0878167993995928	0.054901544663449
chr12:56117211:56117482:clu_17379	2.95240273739227	0.434843314609039	0.362582772804468	-0.0722605418045706
chr12:56133873:56134080:clu_17382	-0.0446964807240448	0.216461573187413	0.201684381022272	-0.0147771921651412
chr12:56133873:56134110:clu_17382	0.0446964807240448	0.783538426812587	0.798315618977728	0.0147771921651411
chr12:56139013:56142285:clu_17385	-0.400122279469107	0.478706626520046	0.403320111253653	-0.0753865152663928
chr12:56139013:56142578:clu_17385	0.620202885093167	0.0533226544890307	0.124627472932618	0.0713048184435868
chr12:56142425:56142578:clu_17385	-0.22008060562406	0.467970718990924	0.47205241581373	0.00408169682280607
chr12:56158711:56159587:clu_17389	-0.27041382908624	0.519009539582279	0.501034892886162	-0.0179746466961175
chr12:56158711:56159975:clu_17389	0.507628626066111	0.0171748645338285	0.0360981958367721	0.0189233313029435
chr12:56159730:56159975:clu_17389	-0.237214796979872	0.463815595883892	0.462866911277066	-0.000948684606825956
chr12:56160320:56160626:clu_17391	0.323649656908114	0.0403579603825748	0.0634928358403837	0.0231348754578089
chr12:56160320:56161387:clu_17391	-0.153089378752106	0.915191099815926	0.893844908407722	-0.0213461914082038
chr12:56160670:56161387:clu_17391	-0.170560278156007	0.0444509398014997	0.0426622557518946	-0.00178868404960515
chr12:56172704:56172937:clu_17395	-0.809046562657533	0.236559462371645	0.0578817444604047	-0.178677717911241
chr12:56172704:56173696:clu_17395	0.809046562657532	0.763440537628355	0.942118255539595	0.178677717911241
chr12:56317643:56318237:clu_17410	-0.0589699530092184	0.54079292665241	0.540827332401624	3.44057492134286e-05
chr12:56317643:56319088:clu_17410	0.253294232272685	0.1177610507658	0.160932557880745	0.0431715071149455
chr12:56318434:56319088:clu_17410	-0.194324279263467	0.34144602258179	0.298240109717631	-0.0432059128641588
chr12:56351190:56351292:clu_17419	-0.620500307830473	0.562303848253169	0.433285734305219	-0.129018113947951
chr12:56351190:56354466:clu_17419	1.04282544914858	0.0497416225123016	0.202253702127746	0.152512079615444
chr12:56351450:56354466:clu_17419	-0.422325141318112	0.387954529234529	0.364460563567035	-0.0234939656674938
chr12:56355791:56356132:clu_17420	-0.0241437633593709	0.173477453568686	0.166662615282098	-0.00681483828658849
chr12:56355803:56356132:clu_17420	0.0241437633593709	0.826522546431314	0.833337384717902	0.00681483828658835
chr12:56605327:56605830:clu_17432	-0.311476646232942	0.416462525230207	0.441264756656401	0.024802231426194
chr12:56605327:56606247:clu_17432	0.892523364578124	0.0317849224096378	0.112262583019712	0.080477660610074
chr12:56606063:56606247:clu_17432	-0.581046718345182	0.551752552360155	0.446472660323887	-0.105279892036268
chr12:56644955:56645171:clu_17439	-0.0889837423332137	0.582705868195791	0.603099441051183	0.0203935728553919
chr12:56644955:56645837:clu_17439	0.292996311491966	0.0200898051372241	0.0304654142744348	0.0103756091372107
chr12:56645353:56645837:clu_17439	-0.204012569158753	0.397204326666985	0.366435144674383	-0.0307691819926025
chr12:56724523:56725263:clu_17444	-0.0257217849002191	0.956538151385689	0.954348550159039	-0.00218960122665002
chr12:56724549:56725263:clu_17444	0.0257217849002192	0.0434618486143111	0.0456514498409612	0.00218960122665011
chr12:57100090:57100846:clu_17449	0.0886772495670655	0.052071559164202	0.0629109229446465	0.0108393637804444
chr12:57100090:57102290:clu_17449	-0.120896237146838	0.896296359970723	0.87813340540806	-0.0181629545626635
chr12:57100899:57102290:clu_17449	0.0322189875797726	0.0516320808650746	0.0589556716472937	0.00732359078221907
chr12:57107314:57107605:clu_17451	0.195131595123721	0.472391691268153	0.512151860185668	0.0397601689175145
chr12:57107314:57108163:clu_17451	-0.283585596608211	0.0868354123700863	0.0583296190912603	-0.028505793278826
chr12:57107743:57108163:clu_17451	0.0884540014844895	0.440772896361761	0.429518520723072	-0.0112543756386886
chr12:57108299:57109941:clu_17451_B	-0.0896768926737427	0.0962173037210292	0.089618035084808	-0.00659926863622122
chr12:57108299:57111110:clu_17451_B	0.213717998837542	0.0386884751601697	0.0488075013881012	0.0101190262279315
chr12:57108299:57111129:clu_17451_B	-0.0128461615051207	0.774521837397265	0.779010057369935	0.00448821997267057
chr12:57110110:57111129:clu_17451_B	-0.111194944658679	0.0905723837215363	0.0825644061571555	-0.00800797756438079
chr12:57231000:57231481:clu_17453	0.662491550050739	0.340799014636289	0.441079391396603	0.100280376760314
chr12:57231000:57231713:clu_17453	-1.07758479271308	0.136910273998381	0.0310991788607092	-0.105811095137671
chr12:57231560:57231713:clu_17453	0.415093242662342	0.522290711365331	0.527821429742688	0.00553071837735708
chr12:57269082:57269323:clu_17458	-0.0504426597389705	0.427247682710919	0.453015590916301	0.025767908205382
chr12:57269082:57269752:clu_17458	0.27594570229315	0.0642205354567391	0.0943747946982	0.0301542592414608
chr12:57269449:57269752:clu_17458	-0.22550304255418	0.508531781832342	0.452609614385499	-0.0559221674468429
chr12:57292667:57295399:clu_17459	-0.400735699342101	0.906393509087951	0.81289050216304	-0.0935030069249109
chr12:57292721:57295399:clu_17459	0.400735699342101	0.093606490912049	0.18710949783696	0.093503006924911
chr12:57472688:57473603:clu_17464	-0.175093046312454	0.501012159717792	0.486146723087272	-0.0148654366305197
chr12:57472688:57474042:clu_17464	0.44281265952679	0.0791957826091307	0.14255228709181	0.0633565044826789
chr12:57473708:57474042:clu_17464	-0.267719613214336	0.419792057673077	0.371300989820918	-0.0484910678521593
chr12:57474703:57474875:clu_17465	-0.200251114107474	0.563473008178279	0.553320375758727	-0.0101526324195513
chr12:57474703:57475291:clu_17465	0.380329298181691	0.0123296462723169	0.0216369993844054	0.00930735311208852
chr12:57474973:57475291:clu_17465	-0.180078184074217	0.424197345549405	0.425042624856867	0.000845279307462699
chr12:57475615:57475776:clu_17466	-0.0609757573651152	0.0692171755255865	0.0617612408383834	-0.00745593468720313
chr12:57475615:57475833:clu_17466	0.0609757573651152	0.930782824474414	0.938238759161617	0.00745593468720307
chr12:57476159:57476364:clu_17467	-0.421022476380451	0.0726331080319009	0.0326418569118189	-0.0399912511200821
chr12:57476166:57476364:clu_17467	0.421022476380451	0.927366891968099	0.967358143088181	0.0399912511200822
chr12:57476651:57476871:clu_17468	0.226882075767211	0.335627028468534	0.340209670098278	0.00458264162974381
chr12:57476651:57477156:clu_17468	-0.460054932064338	0.0351009428257843	0.0179009284213624	-0.0172000144044219
chr12:57476963:57477156:clu_17468	0.233172856297127	0.629272028705682	0.64188940148036	0.0126173727746781
chr12:57477676:57477785:clu_17472	0.326272499096878	0.184723051824918	0.196717360109305	0.0119943082843872
chr12:57477680:57477785:clu_17472	0.324353350460975	0.719703251791811	0.764965029833604	0.0452617780417935
chr12:57477680:57478540:clu_17472	-0.650625849557853	0.0955736963832715	0.0383176100570907	-0.0572560863261808
chr12:57512103:57512236:clu_17476	0.191175369285515	0.754062276018129	0.817983875949508	0.0639215999313785
chr12:57512103:57512303:clu_17476	-0.191175369285515	0.24593772398187	0.182016124050492	-0.0639215999313784
chr12:57528017:57528144:clu_17483	0.00443194870902126	0.212241585689703	0.213727365854174	0.00148578016447184
chr12:57528017:57528147:clu_17483	-0.00443194870902126	0.787758414310297	0.786272634145826	-0.00148578016447176
chr12:57528718:57528869:clu_17484	0.23486819042548	0.0348903896720892	0.0546661283724709	0.0197757387003817
chr12:57528718:57528946:clu_17484	-0.23486819042548	0.965109610327911	0.945333871627529	-0.0197757387003816
chr12:57715970:57716089:clu_17494	-0.0194238948475201	0.318475224111953	0.310103448913266	-0.00837177519868687
chr12:57715970:57716092:clu_17494	0.0194238948475201	0.681524775888047	0.689896551086734	0.00837177519868681
chr12:57719182:57720099:clu_17496	0.0935782636681588	0.332328020610403	0.364105576591537	0.0317775559811332
chr12:57719182:57720406:clu_17496	-0.118311825120034	0.344456048022387	0.305331413313704	-0.0391246347086833
chr12:57720263:57720406:clu_17496	0.0247335614518754	0.323215931367209	0.33056301009476	0.00734707872755008
chr12:57826402:57826996:clu_17507	0.0363952150732387	0.47984437733155	0.46509089460853	-0.0147534827230202
chr12:57826402:57827552:clu_17507	-0.153939616815178	0.0508047114507902	0.040708026520496	-0.0100966849302941
chr12:57827097:57827534:clu_17507	-0.083296149390369	0.148739685573476	0.127903664337807	-0.0208360212356685
chr12:57827097:57827552:clu_17507	0.200840551132308	0.320611225644184	0.366297414533167	0.0456861888889828
chr12:62302920:62304673:clu_17511	0.0667371389096696	0.139305248920232	0.148867705300587	0.0095624563803558
chr12:62302920:62314790:clu_17511	0.0505447431265747	0.529088594482301	0.556325727940717	0.0272371334584159
chr12:62306058:62314790:clu_17511	-0.117281882036244	0.331606156597467	0.294806566758696	-0.0367995898387716
chr12:62325933:62335166:clu_17512	0.822603090361642	0.0800554099054394	0.136468080907222	0.0564126710017828
chr12:62325933:62342668:clu_17512	-0.851011109879142	0.00728937585892845	0.00233071585684796	-0.00495866000208049
chr12:62325933:62349221:clu_17512	0.305817895019328	0.415838303254443	0.422793138136792	0.00695483488234866
chr12:62325933:62355331:clu_17512	-0.572163546826621	0.104911914168101	0.0443328606397004	-0.0605790535284007
chr12:62349307:62355331:clu_17512	0.294753671324793	0.391904996813088	0.394075204459437	0.00217020764634973
chr12:62355475:62374390:clu_17513	-0.272821496615564	0.190020339547095	0.148472454561594	-0.0415478849855008
chr12:62355475:62381490:clu_17513	0.109403307561217	0.511188738763142	0.585362908420272	0.0741741696571293
chr12:62374535:62381490:clu_17513	-0.412518236808945	0.243708981416496	0.165595225058227	-0.0781137563582694
chr12:62381219:62381490:clu_17513	0.575936425863291	0.0550819402732665	0.100569411959907	0.0454874716866408
chr12:62391886:62392256:clu_17516	-0.328408900916948	0.119083509446556	0.0655003585314195	-0.0535831509151361
chr12:62391886:62392272:clu_17516	0.328408900916948	0.880916490553444	0.934499641468581	0.0535831509151361
chr12:62393202:62396295:clu_17518	-0.00845744004854213	0.456931239038169	0.435492917168727	-0.0214383218694419
chr12:62393202:62401187:clu_17518	-0.119587959311445	0.120112013900683	0.102436167842542	-0.0176758460581414
chr12:62396398:62401187:clu_17518	0.128045399359987	0.422956747061147	0.462070914988731	0.0391141679275834
chr12:64684894:64688216:clu_17532	0.297270810655208	0.367478899363058	0.389269150511271	0.021790251148213
chr12:64684894:64691470:clu_17532	-0.526557303693983	0.0290700403435623	0.0135107423103478	-0.0155592980332145
chr12:64688453:64691470:clu_17532	0.229286493038775	0.603451060293379	0.597220107178381	-0.00623095311499855
chr12:68611043:68648699:clu_17553	-0.0977081245396974	0.817540545533044	0.786567222958261	-0.0309733225747825
chr12:68611052:68648699:clu_17553	0.0977081245396974	0.182459454466956	0.213432777041739	0.0309733225747826
chr12:69257905:69258590:clu_17564	0.595071335443862	0.738796818493121	0.902899702371599	0.164102883878478
chr12:69258145:69258590:clu_17564	-0.595071335443862	0.26120318150688	0.0971002976284014	-0.164102883878478
chr12:69260197:69262370:clu_17565	-0.539791604285641	0.310293545614353	0.132580751576564	-0.177712794037788
chr12:69260197:69262373:clu_17565	0.539791604285641	0.689706454385647	0.867419248423436	0.177712794037788
chr12:70329570:70330287:clu_17577	-0.0798309698982135	0.316978390421212	0.304699494624035	-0.0122788957971772
chr12:70329570:70332767:clu_17577	0.163104200053203	0.153168314596131	0.187722537242309	0.0345542226461777
chr12:70330469:70332767:clu_17577	-0.0832732301549899	0.529853294982656	0.507577968133656	-0.0222753268490004
chr12:75482079:75487739:clu_17595	-0.0620990686052733	0.0516722900988459	0.0401041916085879	-0.011568098490258
chr12:75482079:75490406:clu_17595	0.220855678843084	0.896572088038412	0.923427824776126	0.0268557367377139
chr12:75487809:75490406:clu_17595	-0.15875661023781	0.0517556218627422	0.0364679836152864	-0.0152876382474558
chr12:76047718:76048393:clu_17597	-0.172065046185542	0.787120629289413	0.723827163613527	-0.0632934656758863
chr12:76047718:76048421:clu_17597	0.172065046185542	0.212879370710587	0.276172836386473	0.0632934656758863
chr12:76450979:76487510:clu_17608	-0.0491596262868381	0.452524373610965	0.42829875719578	-0.024225616415185
chr12:76450988:76487510:clu_17608	0.0491596262868381	0.547475626389035	0.57170124280422	0.0242256164151848
chr12:82357269:82358223:clu_17622	-0.131577122622001	0.809041531377194	0.765062865959994	-0.0439786654172002
chr12:82357269:82358679:clu_17622	0.131577122622001	0.190958468622806	0.234937134040007	0.0439786654172002
chr12:96003064:96003838:clu_17687	0.122666469610888	0.463939458826571	0.491331634223484	0.0273921753969129
chr12:96003064:96006314:clu_17687	0.558412020119712	0.0314399772034569	0.0514798800068608	0.020039902803404
chr12:96003920:96006314:clu_17687	-0.00590329937499647	0.476560153467632	0.443806849988525	-0.0327533034791071
chr12:96003981:96006314:clu_17687	-0.675175190355603	0.0280604105023402	0.0133816357811304	-0.0146787747212098
chr12:98531838:98532823:clu_17701	0.427381957492185	0.16531520848713	0.317683886887597	0.152368678400466
chr12:98531838:98537475:clu_17701	-0.427381957492185	0.83468479151287	0.682316113112403	-0.152368678400466
chr12:102046119:102050189:clu_17744	-0.247993317004904	0.30477244547821	0.210708436983988	-0.0940640084942219
chr12:102046119:102061248:clu_17744	0.247993317004903	0.69522755452179	0.789291563016012	0.0940640084942219
chr12:103931623:103932277:clu_17749	-0.222280359730917	0.496812065133096	0.483007348228677	-0.0138047169044188
chr12:103931623:103932826:clu_17749	0.401983421744962	0.00812964191233671	0.014755275946008	0.00662563403367129
chr12:103932418:103932826:clu_17749	-0.179703062014045	0.495058292954568	0.502237375825315	0.00717908287074759
chr12:108562736:108564060:clu_17800	0.829718937289636	0.00598910938041432	0.0306983316949947	0.0247092223145804
chr12:108562736:108564279:clu_17800	-0.829718937289636	0.994010890619586	0.969301668305005	-0.0247092223145804
chr12:109939247:109945260:clu_17836	0.238766272317595	0.397932179401077	0.479260082948078	0.0813279035470013
chr12:109939247:109947256:clu_17836	-0.197620645268426	0.207339121133133	0.161407243659482	-0.0459318774736506
chr12:109945349:109947256:clu_17836	-0.041145627049168	0.394728699465791	0.35933267339244	-0.0353960260733507
chr12:109947504:109951167:clu_17836_B	0.249110091212537	0.125375389308537	0.170791461800636	0.0454160724920992
chr12:109948846:109951167:clu_17836_B	-0.0990226945896762	0.282088316047116	0.271298137024684	-0.0107901790224325
chr12:109948846:109953092:clu_17836_B	-0.0064454284771008	0.0954299680007804	0.100682105077042	0.00525213707626192
chr12:109951316:109953092:clu_17836_B	-0.14364196814576	0.497106326643567	0.457228296097638	-0.0398780305459285
chr12:110016433:110018345:clu_17841	-0.377322000970704	0.494199452810883	0.480422339753249	-0.0137771130576345
chr12:110016433:110019139:clu_17841	0.797904364551885	0.0219583347765158	0.0691376575861286	0.0471793228096128
chr12:110018488:110019139:clu_17841	-0.420582363581181	0.483842212412601	0.450440002660623	-0.0334022097519783
chr12:110025823:110027705:clu_17843	-0.119723002355864	0.850019847716695	0.816874046048831	-0.0331458016678645
chr12:110025823:110027708:clu_17843	0.119723002355864	0.149980152283305	0.183125953951169	0.0331458016678645
chr12:110027766:110028509:clu_17843_B	-0.145446199630942	0.0742337201944326	0.0565565338121874	-0.0176771863822452
chr12:110027766:110028512:clu_17843_B	0.145446199630942	0.925766279805567	0.943443466187813	0.0176771863822451
chr12:110436204:110436557:clu_17852	0.531225022988025	0.429225062675055	0.459550902537152	0.0303258398620974
chr12:110436204:110436665:clu_17852	-0.501248211355987	0.0233690068982284	0.00891028056136021	-0.0144587263368682
chr12:110436204:110437084:clu_17852	-0.501359034304972	0.0326820995237612	0.0124598536328332	-0.020222245890928
chr12:110436683:110437084:clu_17852	0.471382222672933	0.514723830902955	0.519078963268654	0.00435513236569884
chr12:110496203:110498820:clu_17856	-0.315471819160376	0.104182561567125	0.0906834563755545	-0.0134991051915708
chr12:110496203:110499535:clu_17856	0.14746254738904	0.1226433615012	0.169600418584409	0.046957057083209
chr12:110496203:110502049:clu_17856	1.02770686730317	0.0543297021322124	0.181177994962717	0.126848292830505
chr12:110498859:110499535:clu_17856	-0.431430374494405	0.172189120667627	0.133468438929797	-0.0387206817378294
chr12:110499546:110502049:clu_17856	-0.428267221037432	0.546655254131836	0.425069691147522	-0.121585562984314
chr12:110537095:110538144:clu_17857	0.0124162352981891	0.42046524105128	0.417474230495023	-0.00299101055625683
chr12:110537095:110539822:clu_17857	-0.0937195922239915	0.198619776520392	0.17734863823943	-0.0212711382809617
chr12:110538273:110539822:clu_17857	0.0813033569258023	0.380914982428328	0.405177131265547	0.0242621488372187
chr12:111840003:111840333:clu_17895	0.317837946408788	0.19287068995806	0.272871579065925	0.0800008891078648
chr12:111840003:111841327:clu_17895	-0.218385184858834	0.241115493180917	0.1995438928206	-0.0415716003603168
chr12:111840477:111841327:clu_17895	-0.0994527615499536	0.566013816861023	0.527584528113475	-0.0384292887475479
chr12:111867669:111868753:clu_17897	-0.297160866262509	0.544481740173971	0.466087586848774	-0.078394153325197
chr12:111867669:111871085:clu_17897	0.419962252725152	0.0948985444105419	0.16641266722584	0.0715141228152985
chr12:111870360:111871085:clu_17897	-0.122801386462643	0.360619715415487	0.367499745925386	0.0068800305098986
chr12:111889000:111890040:clu_17900	-0.414476121463044	0.775352667840456	0.601048069289959	-0.174304598550498
chr12:111889006:111890040:clu_17900	0.414476121463044	0.224647332159544	0.398951930710042	0.174304598550498
chr12:112013609:112019756:clu_17906	0.354388927291107	0.305535291193318	0.373509397914753	0.067974106721435
chr12:112013609:112022150:clu_17906	-0.568165286017283	0.192843931855225	0.0937099974426945	-0.0991339344125303
chr12:112019894:112022150:clu_17906	0.213776358726177	0.501620776951457	0.532780604642552	0.0311598276910953
chr12:113163045:113163132:clu_17935	0.0921019045892011	0.604693432405593	0.623190500294134	0.0184970678885417
chr12:113163045:113164067:clu_17935	-0.13915181622116	0.0755318861933302	0.0617708657106868	-0.0137610204826434
chr12:113163274:113164067:clu_17935	0.0470499116319588	0.319774681401077	0.315038633995179	-0.00473604740589839
chr12:120197462:120198554:clu_17998	-0.260299067992964	0.495124563776307	0.48901869892177	-0.00610586485453679
chr12:120197462:120198854:clu_17998	0.520598135985252	0.0105506450286473	0.0227525119601161	0.0122018669314688
chr12:120198739:120198854:clu_17998	-0.260299067992287	0.494324791195046	0.488228789118114	-0.00609600207693217
chr12:120200831:120201083:clu_17999	-0.010646947700436	0.877688831714555	0.875384461886773	-0.00230436982778182
chr12:120200891:120201083:clu_17999	0.010646947700436	0.122311168285445	0.124615538113227	0.00230436982778169
chr12:120215273:120215560:clu_18002	-0.358236900169372	0.0721060162131513	0.0670699067681261	-0.00503610944502525
chr12:120215273:120221623:clu_18002	-0.360539508848597	0.816912074856108	0.758108744295158	-0.0588033305609501
chr12:120215661:120221623:clu_18002	-0.139072980196271	0.0876030129192714	0.101451138449581	0.0138481255303095
chr12:120216581:120221623:clu_18002	0.857849389214241	0.0233788960114697	0.0733702104871355	0.0499913144756658
chr12:120221758:120222549:clu_18003	-0.025005085974757	0.449179867877327	0.399192445400055	-0.0499874224772716
chr12:120221758:120222863:clu_18003	-0.175995960484473	0.036719407891779	0.02805971118728	-0.00865969670449908
chr12:120222750:120222863:clu_18003	0.20100104645923	0.514100724230894	0.572747843412665	0.0586471191817707
chr12:120224377:120226362:clu_18005	0.40158787456838	0.0751593213714944	0.112217870687936	0.0370585493164413
chr12:120224377:120265617:clu_18005	-0.014690861626325	0.850066675967989	0.837036906111971	-0.0130297698560186
chr12:120227117:120265617:clu_18005	-0.386897012942055	0.0747740026605164	0.0507452232000937	-0.0240287794604227
chr12:120534968:120546405:clu_18011	0.112944089561767	0.864015015849912	0.888442904537453	0.0244278886875409
chr12:120539468:120546405:clu_18011	-0.112944089561767	0.135984984150088	0.111557095462547	-0.024427888687541
chr12:120563070:120563332:clu_18014	-0.23274289352522	0.251078735015439	0.173883097842964	-0.0771956371724752
chr12:120563070:120563347:clu_18014	0.23274289352522	0.748921264984561	0.826116902157036	0.0771956371724752
chr12:120566980:120571191:clu_18016	-0.224062135190021	0.469282511209947	0.427987338374875	-0.0412951728350719
chr12:120566980:120575631:clu_18016	0.347640445536174	0.0606799250922124	0.0980231971457363	0.037343272053524
chr12:120571291:120575631:clu_18016	-0.123578310346153	0.470037563697841	0.473989464479389	0.003951900781548
chr12:120579597:120579774:clu_18018	-0.114516421024626	0.406948030081313	0.372382143660053	-0.03456588642126
chr12:120579597:120581115:clu_18018	0.122727032860549	0.169073934095388	0.196137248343458	0.0270633142480696
chr12:120579923:120581115:clu_18018	-0.00821061183592316	0.423978035823299	0.43148060799649	0.00750257217319039
chr12:121328458:121330583:clu_18039	-0.139745291812368	0.423758617705396	0.357357195255742	-0.0664014224496545
chr12:121328497:121330583:clu_18039	0.139745291812367	0.576241382294604	0.642642804744258	0.0664014224496545
chr12:121330672:121331347:clu_18039_B	0.342179893645992	0.471914983985508	0.541951601569121	0.0700366175836136
chr12:121330672:121335533:clu_18039_B	-0.537388433599321	0.127244776714802	0.0606380225223048	-0.0666067541924972
chr12:121331428:121335533:clu_18039_B	0.195208539953329	0.40084023929969	0.397410375908574	-0.00342986339111628
chr12:122135666:122137469:clu_18059	0.0969099110730437	0.326584575822458	0.376837152189524	0.0502525763670661
chr12:122135666:122138194:clu_18059	0.138569530199138	0.175460759434064	0.211071983266985	0.0356112238329205
chr12:122137590:122138194:clu_18059	-0.235479441272181	0.497954664743478	0.412090864543491	-0.0858638001999867
chr12:122138295:122138424:clu_18060	-0.194308737575407	0.467153164913254	0.414341179112233	-0.0528119858010209
chr12:122138295:122138815:clu_18060	0.429712428013619	0.164240524860121	0.271886769875574	0.107646245015453
chr12:122138551:122138815:clu_18060	-0.235403690438212	0.368606310226624	0.313772051012193	-0.0548342592144319
chr12:122208577:122209773:clu_18061	-0.27584390996499	0.306561630676435	0.231696534027897	-0.0748650966485379
chr12:122208577:122216488:clu_18061	-0.170782592580569	0.433831057420993	0.364208376039975	-0.0696226813810183
chr12:122209858:122216488:clu_18061	0.446626502545559	0.259607311902572	0.404095089932129	0.144487778029556
chr12:122505706:122506834:clu_18072	0.0437490475660443	0.403641712267359	0.438961109902715	0.035319397635356
chr12:122505706:122508218:clu_18072	0.158789080908769	0.14615528349042	0.178322349184442	0.0321670656940214
chr12:122506923:122508218:clu_18072	-0.202538128474813	0.450203004242221	0.382716540912843	-0.0674864633293775
chr12:122522299:122522799:clu_18073	0.229556342145319	0.367846757568457	0.450136905603406	0.0822901480349491
chr12:122522299:122526848:clu_18073	-0.0983993545917378	0.371208107555494	0.327239554346303	-0.0439685532091908
chr12:122522906:122526848:clu_18073	-0.131156987553581	0.260945134876049	0.222623540050291	-0.0383215948257583
chr12:122508447:122511109:clu_18074	0.149409974491268	0.50591595721604	0.57992971732834	0.0740137601123
chr12:122508450:122511109:clu_18074	-0.149409974491268	0.494084042783961	0.42007028267166	-0.0740137601123
chr12:122511188:122513767:clu_18075	-0.191477451164454	0.225370310820639	0.155163213336481	-0.0702070974841586
chr12:122511188:122514712:clu_18075	-0.153637480814088	0.0666462851005469	0.0476542565211661	-0.0189920285793808
chr12:122511188:122515105:clu_18075	0.413140133066181	0.499985051469072	0.630131458648657	0.130146407179585
chr12:122513874:122515105:clu_18075	-0.0562560972749933	0.12115507620629	0.0954903673969184	-0.0256647088093717
chr12:122514728:122515105:clu_18075	-0.0117691038126458	0.0868432764034514	0.071560704096778	-0.0152825723066734
chr12:122519029:122520504:clu_18076	-0.080067376062587	0.203781784237142	0.188295992380211	-0.0154857918569316
chr12:122519029:122521385:clu_18076	-0.304850645111066	0.164219692945956	0.121193357923212	-0.0430263350227444
chr12:122519051:122520504:clu_18076	0.411684630988311	0.139036189219221	0.210072283041551	0.07103609382233
chr12:122520581:122521385:clu_18076	-0.0267666098146586	0.492962333597681	0.480438366655027	-0.012523966942654
chr12:122868562:122870890:clu_18082	-0.419653839373248	0.381332083639111	0.265762588718748	-0.115569494920363
chr12:122868562:122895952:clu_18082	0.357098857739026	0.0434436640350857	0.0658349265900995	0.0223912625550139
chr12:122871061:122895952:clu_18082	0.127949544757493	0.458247064734063	0.552218966456553	0.0939719017224897
chr12:122877964:122895952:clu_18082	-0.0653945631232713	0.11697718759174	0.116183518234599	-0.000793669357140731
chr12:122980745:122981129:clu_18085	0.00843535432195777	0.834421906144101	0.83673966518291	0.00231775903880893
chr12:122980812:122981129:clu_18085	-0.00843535432195777	0.165578093855899	0.16326033481709	-0.00231775903880901
chr12:122981266:122981571:clu_18086	0.232623729035874	0.0529784415408093	0.0538260320481524	0.00084759050734308
chr12:122981266:122981595:clu_18086	0.236669711731877	0.404639494628324	0.412779959993994	0.00814046536567037
chr12:122981299:122981571:clu_18086	0.132354414743567	0.115640942180513	0.106281677031881	-0.00935926514863171
chr12:122981299:122981595:clu_18086	0.354376315754323	0.35205211576055	0.403995588069953	0.0519434723094028
chr12:122981299:122981656:clu_18086	-0.956024171265641	0.0746890058898038	0.0231167428560193	-0.0515722630337845
chr12:123423157:123430508:clu_18113	-0.658975474996987	0.583104348085343	0.414250205622628	-0.168854142462716
chr12:123423157:123436082:clu_18113	0.86937058387087	0.0563694997828308	0.184634516535533	0.128265016752702
chr12:123430659:123436082:clu_18113	-0.210395108873884	0.360526152131826	0.401115277841839	0.0405891257100129
chr12:124326370:124327547:clu_18134	-0.0665399367451565	0.260253210520597	0.19988692960834	-0.060366280912257
chr12:124326370:124330845:clu_18134	-0.354124562348189	0.185010097064394	0.106582846880254	-0.07842725018414
chr12:124327633:124330845:clu_18134	0.420664499093346	0.554736692415009	0.693530223511406	0.138793531096397
chr12:124335632:124336639:clu_18137	-0.122570832519719	0.388646234415249	0.332222980246509	-0.0564232541687405
chr12:124335632:124336753:clu_18137	0.122570832519719	0.611353765584751	0.667777019753491	0.0564232541687406
chr12:124356803:124362126:clu_18143	-0.136402945167919	0.474324639416952	0.407189104257209	-0.0671355351597433
chr12:124356806:124362126:clu_18143	0.136402945167919	0.525675360583048	0.592810895742791	0.0671355351597434
chr12:124362294:124363679:clu_18144	-0.126815404211373	0.504988797809302	0.441845642389007	-0.063143155420295
chr12:124362297:124363679:clu_18144	0.126815404211373	0.495011202190698	0.558154357610993	0.0631431554202951
chr12:124372610:124374413:clu_18145	0.58439061260127	0.170134703137758	0.330087691012237	0.159952987874479
chr12:124372610:124378237:clu_18145	-0.293147863491289	0.545140919434675	0.439779606775045	-0.105361312659629
chr12:124374463:124378237:clu_18145	-0.291242749109981	0.284724377427567	0.230132702212717	-0.0545916752148499
chr12:124402558:124419957:clu_18147	0.0266329680833954	0.448966173693996	0.462176716933347	0.0132105432393511
chr12:124402561:124419957:clu_18147	-0.0266329680833954	0.551033826306004	0.537823283066653	-0.013210543239351
chr12:124911822:124912279:clu_18154	-0.217246573439118	0.00438676276211442	0.00380027741869009	-0.000586485343424328
chr12:124911822:124912507:clu_18154	0.683797578833254	0.00455879079256664	0.00972387390825347	0.00516508311568683
chr12:124911822:124912735:clu_18154	-0.232277153904716	0.0198812531200404	0.0169663026309726	-0.00291495048906782
chr12:124911822:124913191:clu_18154	0.0111938161609185	0.0602057186979174	0.0655419409862896	0.00533622228837222
chr12:124912050:124912279:clu_18154	-0.178321178279261	0.00243963566225638	0.00219735997917017	-0.000242275683086202
chr12:124912050:124912507:clu_18154	0.660805532283377	0.00280557046216708	0.00584824445521427	0.00304267399304719
chr12:124912050:124912735:clu_18154	-0.233580799367463	0.0220124247030412	0.0187605329679973	-0.00325189173504387
chr12:124912278:124912507:clu_18154	-0.213539921780615	0.101881079526273	0.0885879127632515	-0.0132931667630212
chr12:124912278:124912735:clu_18154	-0.187899480712437	0.0139003676915934	0.0124006006491563	-0.0014997670424371
chr12:124912506:124912735:clu_18154	-0.0686816904210068	0.169466188751515	0.170323716202025	0.000857527450510015
chr12:124912506:124913191:clu_18154	-0.229204458119194	0.12559937607283	0.107514092017206	-0.0180852840556235
chr12:124912734:124912963:clu_18154	-0.235539665553408	0.202063013526377	0.171875268487969	-0.0301877450384081
chr12:124912734:124913191:clu_18154	0.864670019544942	0.0239794649721706	0.061288790095715	0.0373093251235444
chr12:124912734:124913419:clu_18154	-0.159993977890392	0.0323998220033601	0.029722015990795	-0.00267780601256511
chr12:124912962:124913191:clu_18154	-0.204846901057249	0.0046880529415976	0.00411195894263623	-0.000576093998961369
chr12:124912962:124913419:clu_18154	0.175349361163095	0.122326784759345	0.156926020567339	0.0345992358079944
chr12:124913190:124913419:clu_18154	-0.234684507460729	0.0874056935548351	0.0744110919373186	-0.0129946016175165
chr12:124911899:124912584:clu_18155	-0.169705426421592	0.00604697948646758	0.00496727203114958	-0.001079707455318
chr12:124911899:124913268:clu_18155	1.39981060422279	0.0586137875736021	0.231319042909519	0.172705255335917
chr12:124911899:124913496:clu_18155	-0.175712745571751	0.0111052005701471	0.00906769513914932	-0.00203750543099779
chr12:124911899:124913724:clu_18155	-0.175724205061752	0.00436890969355163	0.0035672914654251	-0.000801618228126535
chr12:124912583:124912812:clu_18155	-0.175730943385968	0.0995350187813567	0.0812715426373222	-0.0182634761440345
chr12:124912583:124913268:clu_18155	-0.175734321087135	0.242010287380359	0.197603649408437	-0.0444066379719219
chr12:124913039:124913496:clu_18155	-0.175734320648554	0.203136132297734	0.165862540476492	-0.0372735918212422
chr12:124913267:124913496:clu_18155	-0.175734320943531	0.0987997018929117	0.0806708750633593	-0.0181288268295524
chr12:124913267:124913724:clu_18155	-0.175734321102511	0.276383982323871	0.225670090869147	-0.0507138914547234
chr12:124911952:124912637:clu_18156	0.0481580236253702	0.0104414522943	0.0142191380276015	0.00377768573330148
chr12:124911952:124913093:clu_18156	-1.23713363058094	0.0458964771479793	0.017286084843328	-0.0286103923046513
chr12:124911952:124913321:clu_18156	-0.496426587626472	0.00904112305971594	0.00714207901049902	-0.00189904404921692
chr12:124912180:124912409:clu_18156	-0.351349354840926	0.436231898607904	0.398406055534622	-0.0378258430732825
chr12:124912408:124912637:clu_18156	-0.538176885504146	0.0145019149780244	0.0109874193544465	-0.00351449562357784
chr12:124912408:124913321:clu_18156	-0.372092593721635	0.00901334117824385	0.00806279555737858	-0.000950545620865271
chr12:124912636:124912865:clu_18156	1.13931727132761	0.0124158297135417	0.0503468784473901	0.0379310487338484
chr12:124912636:124913321:clu_18156	1.08614840197656	0.00748138914929281	0.0287665712484368	0.0212851820991439
chr12:124912636:124913549:clu_18156	1.19982500076509	0.00387562660216434	0.0166961717206585	0.0128205451184942
chr12:124912864:124913321:clu_18156	-0.299726741764665	0.0483327398383441	0.046480344917259	-0.00185239492108515
chr12:124912864:124913549:clu_18156	0.59974038631497	0.0087684955226677	0.0207293947748514	0.0119608992521837
chr12:124913092:124913321:clu_18156	-0.259556728798609	0.254381847743052	0.254659369804529	0.000277522061476743
chr12:124913092:124913549:clu_18156	-0.10614388803219	0.0203868807243675	0.0237930805394638	0.00340619981509628
chr12:124913320:124913549:clu_18156	-0.412582673140032	0.119230983440403	0.102424616219537	-0.0168063672208658
chr12:124911971:124912200:clu_18157	-0.025749412774094	0.108429071800461	0.112983799967592	0.0045547281671305
chr12:124911971:124912428:clu_18157	0.13249329308453	0.0664757372923494	0.0811442095425749	0.0146684722502256
chr12:124911971:124912656:clu_18157	0.97786948454243	0.00536144506322056	0.0152411748874053	0.00987972982418477
chr12:124911971:124912884:clu_18157	0.595931404160649	0.0136245607474129	0.0264353761933725	0.0128108154459595
chr12:124911971:124913340:clu_18157	1.01227317887734	0.0117115897569031	0.0344582939895327	0.0227467042326295
chr12:124912199:124912428:clu_18157	0.0305145852186103	0.0233121018918062	0.0256972715385465	0.00238516964674029
chr12:124912199:124913568:clu_18157	-0.038429413329222	0.0758755013198343	0.0780665804587803	0.00219107913894596
chr12:124912427:124912656:clu_18157	-0.775905287458438	0.0140559438978914	0.00691738416336084	-0.00713855973453058
chr12:124912427:124913112:clu_18157	-0.499951580978648	0.0161330958780164	0.0104627239506114	-0.00567037192740498
chr12:124912427:124913568:clu_18157	0.129856756246626	0.144907324661163	0.176416692726128	0.0315093680649648
chr12:124912655:124913112:clu_18157	0.972524691149453	0.0809620980600294	0.228927057388494	0.147964959328464
chr12:124912883:124913112:clu_18157	-0.836772172345637	0.0446863776211255	0.0206929724326586	-0.0239934051884669
chr12:124912883:124913340:clu_18157	-0.837374733355581	0.36999926280748	0.171232776151846	-0.198766486655634
chr12:124913339:124913568:clu_18157	-0.837280793038017	0.024465889202306	0.011323686609097	-0.013142202593209
chr12:132508350:132509166:clu_18197	-0.40814108823077	0.319995670877645	0.172205860698499	-0.147789810179146
chr12:132508350:132525734:clu_18197	0.40814108823077	0.680004329122355	0.827794139301501	0.147789810179146
chr12:132570241:132570335:clu_18200	0.232344914507762	0.485277613216047	0.600076352595336	0.11479873937929
chr12:132570241:132570338:clu_18200	-0.232344914507762	0.514722386783953	0.399923647404664	-0.11479873937929
chr12:132570540:132571068:clu_18201	0.214766922678058	0.671255193729959	0.758303600649665	0.0870484069197056
chr12:132570540:132571307:clu_18201	-0.214766922678058	0.328744806270041	0.241696399350335	-0.0870484069197056
chr12:132571231:132572288:clu_18201_B	0.385738545928487	0.367205422426164	0.556569919764926	0.189364497338762
chr12:132571524:132572288:clu_18201_B	-0.385738545928487	0.632794577573836	0.443430080235074	-0.189364497338762
chr12:132572338:132572527:clu_18202	-0.115428760223268	0.188120066003471	0.15536471351011	-0.0327553524933608
chr12:132572344:132572527:clu_18202	0.115428760223268	0.811879933996529	0.84463528648989	0.0327553524933607
chr13:21381549:21381901:clu_23252	-0.00452335839189699	0.174111858436821	0.148777119234251	-0.02533473920257
chr13:21381549:21382920:clu_23252	0.384494154409592	0.543789621500067	0.685625351993171	0.141835730493105
chr13:21381945:21382920:clu_23252	-0.379970796017695	0.282098520063112	0.165597528772577	-0.116500991290535
chr13:27251585:27253765:clu_23288	0.0161560406081044	0.969343821114308	0.970289593742061	0.000945772627752972
chr13:27251850:27253765:clu_23288	-0.0161560406081044	0.0306561788856919	0.0297104062579389	-0.000945772627752924
chr13:27424938:27427092:clu_23289	0.297521747803124	0.943734918045671	0.968164336484534	0.0244294184388637
chr13:27426341:27427092:clu_23289	-0.297521747803124	0.0562650819543293	0.0318356635154656	-0.0244294184388638
chr13:27430621:27432731:clu_23292	0.319645422462463	0.549376468475429	0.566345213526128	0.0169687450506996
chr13:27430621:27434139:clu_23292	-0.79502376670687	0.125995801255771	0.0426061778451801	-0.0833896234105908
chr13:27432804:27434139:clu_23292	0.475378344244408	0.3246277302688	0.391048608628692	0.0664208783598914
chr13:27622009:27622875:clu_23298	-0.263743738634544	0.661944745784486	0.536058605263281	-0.125886140521205
chr13:27622009:27648379:clu_23298	0.263743738634544	0.338055254215514	0.463941394736719	0.125886140521205
chr13:27648453:27650042:clu_23299	-0.724781867953455	0.4174017049482	0.143931540623103	-0.273470164325097
chr13:27648453:27665686:clu_23299	0.724781867953455	0.5825982950518	0.856068459376897	0.273470164325097
chr13:28659187:28662410:clu_23305	0.28576083663588	0.866591791082507	0.920024211562408	0.0534324204799005
chr13:28659919:28662410:clu_23305	-0.28576083663588	0.133408208917493	0.0799757884375923	-0.0534324204799006
chr13:32407772:32427904:clu_23331	0.369887779740777	0.29430805911277	0.466356860945668	0.172048801832898
chr13:32425955:32427904:clu_23331	-0.369887779740777	0.70569194088723	0.533643139054332	-0.172048801832898
chr13:32522270:32522935:clu_23335	-0.199631506620705	0.0710910914966368	0.0504953777331388	-0.020595713763498
chr13:32522270:32526539:clu_23335	1.45630813936245	0.0315525403416425	0.117391384423756	0.0858388440821138
chr13:32522270:32527408:clu_23335	0.133752136200086	0.390212682156276	0.38683387630047	-0.00337880585580602
chr13:32522270:32535769:clu_23335	-1.63601395560753	0.124461173734793	0.0210211932085588	-0.103439980526235
chr13:32527532:32535769:clu_23335	0.245585186665699	0.382682512270652	0.424258168334077	0.041575656063425
chr13:32537027:32538618:clu_23335_B	-0.247456857607108	0.69197491732136	0.572238347229763	-0.119736570091597
chr13:32537027:32538683:clu_23335_B	0.494641669498987	0.190132763805642	0.330242422815428	0.140109659009786
chr13:32537027:32538778:clu_23335_B	-0.247184811891879	0.117892318872998	0.0975192299548097	-0.0203730889181885
chr13:38359333:38360041:clu_23361	-0.256399841320373	0.384919353928745	0.272590438924447	-0.112328915004298
chr13:38359333:38360711:clu_23361	0.256399841320373	0.615080646071254	0.727409561075553	0.112328915004299
chr13:40959016:40961443:clu_23372	0.470603244729473	0.0315484924366569	0.0640990498354396	0.0325505573987827
chr13:40959016:40981983:clu_23372	-0.278146908157052	0.907037144868462	0.871605563428703	-0.0354315814397589
chr13:40961561:40981983:clu_23372	-0.192456336572422	0.0614143626948809	0.0642953867358569	0.00288102404097604
chr13:40982282:40982858:clu_23373	0.443573812118192	0.795378115436577	0.904201173065239	0.108823057628662
chr13:40982282:41019228:clu_23373	-0.443573812118192	0.204621884563423	0.0957988269347608	-0.108823057628662
chr13:41458470:41458972:clu_23385	-0.300690461653256	0.053865927568884	0.0427180124715551	-0.0111479150973289
chr13:41458470:41460882:clu_23385	0.605779009418962	0.0712105034695234	0.139802726409963	0.0685922229404401
chr13:41458470:41466823:clu_23385	-0.395586677758912	0.471546347407417	0.340101367031264	-0.131444980376153
chr13:41459239:41460882:clu_23385	-0.684356051906796	0.156166726936491	0.0843842810916643	-0.0717824458448265
chr13:41462119:41466823:clu_23385	0.400969164720156	0.18976121538514	0.303550709706003	0.113789494320862
chr13:41462119:41466829:clu_23385	0.373885017179846	0.0574492792325445	0.0894429032895502	0.0319936240570057
chr13:42917624:42919300:clu_23394	-0.444542285017476	0.104661901973753	0.053786529340717	-0.0508753726330357
chr13:42917624:42926336:clu_23394	0.293435144719946	0.78158546782288	0.840157870786197	0.0585724029633168
chr13:42919332:42926336:clu_23394	0.151107140297529	0.113752630203367	0.106055599873086	-0.00769703033028121
chr13:45340184:45340712:clu_23403	-0.185556109348188	0.576424294558354	0.57525536598636	-0.00116892857199447
chr13:45340184:45341042:clu_23403	0.381306678137181	0.00818792061500532	0.0144038107198968	0.00621589010489153
chr13:45340785:45341042:clu_23403	-0.195750568788992	0.41538778482664	0.410340823293743	-0.00504696153289713
chr13:48090418:48094954:clu_23444	-0.424433923313608	0.61472803784291	0.405732043715661	-0.208995994127249
chr13:48090418:48095060:clu_23444	0.424433923313608	0.38527196215709	0.594267956284339	0.208995994127249
chr13:49496095:49506635:clu_23465	0.0801900122568297	0.332301877015342	0.344005517024896	0.0117036400095545
chr13:49496095:49513059:clu_23465	-0.131363643061023	0.092092509764242	0.0771578889774534	-0.0149346207867886
chr13:49506756:49513059:clu_23465	0.0511736308041937	0.575605613220416	0.57883659399765	0.00323098077723394
chr13:49520940:49522043:clu_23466	0.451930206045969	0.796424591671777	0.906188200522226	0.109763608850448
chr13:49521500:49522043:clu_23466	-0.451930206045969	0.203575408328223	0.0938117994777743	-0.109763608850448
chr13:49524216:49525773:clu_23467	-0.102603223587905	0.154425221910967	0.129485774465302	-0.0249394474456654
chr13:49524216:49526387:clu_23467	0.102603223587905	0.845574778089033	0.870514225534698	0.0249394474456655
chr13:75526639:75530114:clu_23531	0.0756078496765124	0.976007125532125	0.979304547767602	0.00329742223547713
chr13:75526639:75530311:clu_23531	-0.0756078496765124	0.0239928744678754	0.0206954522323982	-0.00329742223547714
chr13:98463836:98466039:clu_23567	-0.314568040121213	0.076485273215778	0.0385644043528134	-0.0379208688629646
chr13:98463836:98466376:clu_23567	0.461511927361376	0.822638497175263	0.901291099416398	0.0786526022411355
chr13:98466168:98466376:clu_23567	-0.146943887240164	0.100876229608959	0.0601444962307884	-0.040731733378171
chr13:99318069:99340320:clu_23577	-0.00212804624611763	0.725918364692909	0.725070755009927	-0.000847609682982142
chr13:99318069:99340435:clu_23577	0.00212804624611763	0.274081635307091	0.274929244990073	0.000847609682982142
chr13:106557131:106557559:clu_23604	-0.158434376414654	0.370028370336196	0.247147515214097	-0.1228808551221
chr13:106557131:106559432:clu_23604	0.748792355616794	0.392823439736763	0.650013210714004	0.257189770977241
chr13:106557616:106559432:clu_23604	-0.59035797920214	0.23714818992704	0.1028392740719	-0.134308915855141
chr13:110642521:110644065:clu_23614	-0.103395803515566	0.2631134633671	0.227794382004071	-0.0353190813630281
chr13:110642521:110644385:clu_23614	0.598824738665748	0.293497121677915	0.512831024752944	0.219333903075029
chr13:110644182:110644385:clu_23614	-0.495428935150182	0.443389414954985	0.259374593242984	-0.184014821712001
chr13:110644483:110645967:clu_23615	0.215857142709092	0.895206710555944	0.929352094007357	0.0341453834514132
chr13:110644606:110645967:clu_23615	-0.215857142709092	0.104793289444056	0.0706479059926427	-0.0341453834514132
chr13:110647239:110651034:clu_23617	-0.0600510892375592	0.535074497180027	0.533230010068333	-0.00184448711169349
chr13:110647239:110663451:clu_23617	0.150270020519773	0.065488930729245	0.0805396111212582	0.0150506803920133
chr13:110651100:110663451:clu_23617	-0.0902189312822137	0.399436572090728	0.386230378810409	-0.0132061932803197
chr13:110663518:110665528:clu_23618	12.2844232493731	2.92628821372478e-11	0.577896751799664	0.577896751770401
chr13:110663518:110667340:clu_23618	-12.2844232493731	0.999999999970737	0.422103248200336	-0.577896751770401
chr13:113585849:113585966:clu_23658	0.440407741759773	0.176268315625257	0.340510067916158	0.164241752290901
chr13:113585849:113610996:clu_23658	-0.440407741759773	0.823731684374743	0.659489932083842	-0.164241752290901
chr13:114282943:114286302:clu_23678	0.0534396936800961	0.244369206017284	0.261133270110894	0.0167640640936101
chr13:114282943:114286519:clu_23678	0.183559367471747	0.322918149288205	0.393023429253743	0.0701052799655386
chr13:114286400:114286519:clu_23678	-0.236999061151843	0.432712644694511	0.345843300635363	-0.0868693440591487
chr13:114291792:114298840:clu_23680	0.00606326253991209	0.432898963594315	0.377984808169202	-0.0549141554251136
chr13:114291792:114301731:clu_23680	-0.305570782409016	0.0790452250943102	0.0505385169631587	-0.0285067081311515
chr13:114299000:114301731:clu_23680	0.299507519869104	0.488055811311374	0.571476674867639	0.083420863556265
chr14:20455338:20455578:clu_5503	0.0760055221995674	0.188882120802592	0.213277872186889	0.0243957513842973
chr14:20455394:20455578:clu_5503	-0.0760055221995674	0.811117879197408	0.786722127813111	-0.0243957513842973
chr14:20455703:20455914:clu_5503_B	0.207766837791381	0.876521509589227	0.914934267736495	0.0384127581472681
chr14:20455773:20455914:clu_5503_B	-0.207766837791381	0.123478490410773	0.0850657322635046	-0.0384127581472682
chr14:20459440:20459628:clu_5505	-0.254590048521925	0.351785838636177	0.371742986715221	0.0199571480790437
chr14:20459440:20460192:clu_5505	1.03744734171166	0.069601770102908	0.267737636267623	0.198135866164715
chr14:20459733:20460192:clu_5505	-0.782857293189731	0.578612391260915	0.360519377017156	-0.218093014243759
chr14:21230366:21230958:clu_5520	-0.0491644401415959	0.275060651986394	0.255893039156381	-0.0191676128300136
chr14:21230366:21230997:clu_5520	0.0491644401415959	0.724939348013606	0.744106960843619	0.0191676128300136
chr14:21234229:21262601:clu_5521	-0.296081753255491	0.123735521394622	0.072447645332096	-0.051287876062526
chr14:21234229:21263311:clu_5521	0.296081753255491	0.876264478605378	0.927552354667904	0.051287876062526
chr14:21263336:21269298:clu_5521_B	0.273321284435374	0.604811266161956	0.725556903797882	0.120745637635926
chr14:21263829:21269298:clu_5521_B	-0.273321284435374	0.395188733838044	0.274443096202118	-0.120745637635927
chr14:22829940:22830050:clu_5560	-0.00511689523301772	0.607601955635327	0.605159328251442	-0.00244262738388556
chr14:22829940:22830053:clu_5560	0.00511689523301766	0.392398044364673	0.394840671748558	0.00244262738388562
chr14:22830254:22830964:clu_5561	-0.379794883542044	0.136543291036698	0.0601804225808224	-0.0763628684558756
chr14:22830254:22833418:clu_5561	0.583534083589115	0.772238246506789	0.891876310262685	0.119638063755896
chr14:22831037:22833418:clu_5561	-0.203739200047071	0.0912184624565131	0.0479432671564931	-0.0432751953000201
chr14:22905453:22905606:clu_5571	-0.327836153518207	0.5839834314082	0.519425628468024	-0.0645578029401758
chr14:22905453:22906195:clu_5571	0.558611178393866	0.0618189465502017	0.133420828474326	0.0716018819241243
chr14:22905659:22906195:clu_5571	-0.230775024875659	0.354197622041599	0.34715354305765	-0.00704407898394854
chr14:22906368:22908333:clu_5572	-0.0352903639670984	0.491654877867343	0.478471302223853	-0.0131835756434903
chr14:22906368:22909483:clu_5572	-0.000229437452300289	0.258591976736445	0.260637772525598	0.0020457957891532
chr14:22908380:22909483:clu_5572	0.0355198014193987	0.249753145396212	0.260890925250549	0.0111377798543373
chr14:22950410:22951555:clu_5575	-0.101342805666307	0.482864431853402	0.473701657778564	-0.00916277407483734
chr14:22950410:22952328:clu_5575	0.243110874483134	0.0883496203847484	0.122314715310872	0.0339650949261236
chr14:22951689:22952328:clu_5575	-0.141768068816827	0.42878594776185	0.403983626910563	-0.0248023208512863
chr14:22955176:22956916:clu_5577	-0.0860039113394429	0.688901655035554	0.650896367037298	-0.0380052879982561
chr14:22955176:22956924:clu_5577	0.0860039113394429	0.311098344964446	0.349103632962702	0.038005287998256
chr14:23064221:23064355:clu_5583	-0.316331720095787	0.160512387593994	0.0921983193046027	-0.0683140682893909
chr14:23064257:23064355:clu_5583	0.316331720095787	0.839487612406006	0.907801680695397	0.0683140682893909
chr14:23064485:23065966:clu_5584	0.136707957527838	0.185586590268057	0.230492809772696	0.0449062195046398
chr14:23064488:23065966:clu_5584	-0.136707957527838	0.814413409731943	0.769507190227304	-0.0449062195046398
chr14:23066008:23067304:clu_5585	0.0721637697178115	0.102692818513841	0.112727552878653	0.0100347343648125
chr14:23066008:23067314:clu_5585	-0.627022111183056	0.614839885817934	0.335428120683959	-0.279411765133975
chr14:23066008:23069476:clu_5585	1.18185508890169	0.142852379854194	0.475674972870701	0.332822593016507
chr14:23068464:23069476:clu_5585	-0.626996747436447	0.139614915814032	0.076169353566687	-0.0634455622473449
chr14:23081836:23089982:clu_5588	0.127744100046192	0.34286352376932	0.389663476580622	0.0467999528113024
chr14:23081836:23090522:clu_5588	-0.0193320639542693	0.246297257865886	0.241631542856289	-0.00466571500959698
chr14:23090101:23090522:clu_5588	-0.108412036091922	0.410839218364794	0.368704980563089	-0.0421342378017053
chr14:23564159:23564333:clu_5606	0.345359941144634	0.570975524230471	0.72642357314667	0.155448048916199
chr14:23564221:23564333:clu_5606	-0.345359941144634	0.429024475769529	0.27357642685333	-0.155448048916199
chr14:23562593:23563200:clu_5608	0.278675710323305	0.07930531806995	0.128808643730474	0.0495033256605242
chr14:23562593:23563380:clu_5608	-0.411758645681132	0.714775059783953	0.582049949279725	-0.132725110504228
chr14:23563282:23563380:clu_5608	0.133082935357827	0.205919622146097	0.289141406989801	0.083221784843704
chr14:23565199:23565606:clu_5611	4.34825388535845	0.654850094638981	0.645730688805377	-0.00911940583360438
chr14:23565199:23566064:clu_5611	-8.89383130193801	0.050214186449411	8.78560022552071e-08	-0.0502140985934087
chr14:23565892:23566064:clu_5611	4.54557741657956	0.294935718911608	0.354269223338621	0.0593335044270131
chr14:23566419:23566562:clu_5613	0.175133300406771	0.458203123183362	0.466894288578256	0.00869116539489329
chr14:23566419:23567111:clu_5613	-0.407264834907284	0.100767252600644	0.0573518772127067	-0.0434153753879369
chr14:23566686:23567111:clu_5613	0.232131534500514	0.441029624215994	0.475753834209038	0.0347242099930436
chr14:23567315:23567739:clu_5614	-0.0346721681064674	0.152032762302055	0.143307018225336	-0.00872574407671906
chr14:23567319:23567739:clu_5614	0.0346721681064674	0.847967237697945	0.856692981774664	0.00872574407671911
chr14:24163508:24163878:clu_5646	-0.0819968670853268	0.296617511156217	0.295328129329666	-0.00128938182655097
chr14:24163508:24164063:clu_5646	0.234658565155662	0.118784254002753	0.162326195256989	0.0435419412542358
chr14:24163959:24164063:clu_5646	-0.152661698070335	0.58459823484103	0.542345675413345	-0.0422525594276849
chr14:24178916:24179085:clu_5650	-0.424796560273678	0.375475147848905	0.254055705427298	-0.121419442421607
chr14:24178916:24179397:clu_5650	0.849807482597226	0.185473725818484	0.44893519519731	0.263461469378826
chr14:24179133:24179397:clu_5650	-0.425010922323547	0.439051126332611	0.297009099375393	-0.142042026957218
chr14:24232788:24233219:clu_5660	-0.222595660310729	0.443745563895275	0.333317376572837	-0.110428187322438
chr14:24232847:24233219:clu_5660	-0.771842580595227	0.35395856864669	0.153511690430155	-0.200446878216535
chr14:24232977:24233219:clu_5660	0.994438240905956	0.202295867458036	0.513170932997008	0.310875065538972
chr14:24237562:24238246:clu_5663	0.141528810148353	0.452964067989827	0.424903035259942	-0.0280610327298845
chr14:24237562:24238589:clu_5663	-0.490189772358745	0.0856970410231328	0.042740540826669	-0.0429565001964637
chr14:24238405:24238589:clu_5663	0.348660962210391	0.461338890987041	0.532356423913389	0.0710175329263484
chr14:24241776:24241890:clu_5664	0.337827246210557	0.445087009853276	0.544544518913041	0.0994575090597648
chr14:24241776:24242141:clu_5664	-0.460749530922808	0.211225369835866	0.11628322372506	-0.0949421461108062
chr14:24241994:24242141:clu_5664	0.122922284712252	0.343687620310858	0.3391722573619	-0.00451536294895866
chr14:24315016:24315637:clu_5679	0.0863798677498392	0.574825156209008	0.616406954470038	0.0415817982610309
chr14:24315020:24315637:clu_5679	-0.0863798677498392	0.425174843790992	0.383593045529962	-0.0415817982610308
chr14:24433032:24434100:clu_5684	-0.373282129094732	0.461475384409378	0.288851459468342	-0.172623924941036
chr14:24433032:24436072:clu_5684	0.373282129094732	0.538524615590622	0.711148540531658	0.172623924941036
chr14:34786001:34786126:clu_5722	-5.62500036345071	0.393082286969572	0.377993389982062	-0.015088896987509
chr14:34786001:34792775:clu_5722	11.2500007269013	1.87263636596436e-09	0.0383861043743459	0.0383861025017095
chr14:34786221:34792775:clu_5722	-5.62500036345057	0.606917711157792	0.583620505643592	-0.0232972055142004
chr14:35310895:35312881:clu_5735	0.708711542063918	0.45584161087231	0.508864798772489	0.0530231879001792
chr14:35310895:35314361:clu_5735	-1.39740620868134	0.108815253611769	0.0147843727534653	-0.0940308808583036
chr14:35313059:35314361:clu_5735	0.688694666617423	0.435343135515921	0.476350828474046	0.0410076929581242
chr14:35402663:35402771:clu_5736	0.336285538868293	0.556024137970559	0.581314013132816	0.0252898751622563
chr14:35402663:35403150:clu_5736	-0.596236737659033	0.0204059490628176	0.00839623655737533	-0.0120097125054423
chr14:35402859:35403150:clu_5736	0.25995119879074	0.423569912966623	0.410289750309809	-0.013280162656814
chr14:39399787:39401176:clu_5756	-0.522520554875487	0.434848921975295	0.315197783882865	-0.11965113809243
chr14:39399787:39402401:clu_5756	0.80182687326006	0.0901617201015682	0.245710506025154	0.155548785923586
chr14:39401861:39402401:clu_5756	-0.279306318384573	0.474989357923137	0.439091710091981	-0.0358976478311556
chr14:50726066:50729523:clu_5818	0.583010369590852	0.825333229200242	0.938134343943409	0.112801114743167
chr14:50727751:50729523:clu_5818	-0.583010369590852	0.174666770799758	0.0618656560565908	-0.112801114743167
chr14:50754867:50756492:clu_5821	1.69531620168036	0.0186104079481689	0.172079882084936	0.153469474136767
chr14:50754867:50759857:clu_5821	-1.43453671235408	0.290335495045298	0.117380644771589	-0.172954850273709
chr14:50754867:50761790:clu_5821	-0.526179569861943	0.126273736544235	0.126620458929477	0.000346722385241999
chr14:50758630:50759857:clu_5821	1.03938132302379	0.0353323896129739	0.169542397072341	0.134210007459368
chr14:50760359:50761790:clu_5821	-0.773981242488123	0.529447970849324	0.414376617141656	-0.115071353707668
chr14:52718142:52718229:clu_5851	-0.230365502544192	0.329760061955777	0.300200028527742	-0.0295600334280341
chr14:52718142:52718977:clu_5851	0.68743986499283	0.137360267610591	0.313091738414263	0.175731470803671
chr14:52718352:52718977:clu_5851	-0.457074362448637	0.532879670433632	0.386708233057995	-0.146171437375637
chr14:52721190:52723805:clu_5852	-0.247361515755372	0.239204678054885	0.178246202979071	-0.0609584750758147
chr14:52721190:52723965:clu_5852	0.229365117479382	0.360990863293347	0.433297890484613	0.0723070271912662
chr14:52723874:52723965:clu_5852	0.0179963982759899	0.399804458651768	0.388455906536316	-0.0113485521154514
chr14:54430404:54432108:clu_5859	0.429774147682431	0.279984639208461	0.375138529786191	0.0951538905777292
chr14:54430404:54436369:clu_5859	-0.70291837465407	0.280117985973909	0.120913933531408	-0.159204052442501
chr14:54432220:54436369:clu_5859	0.273144226971639	0.439897374817629	0.503947536682401	0.0640501618647721
chr14:54843054:54845768:clu_5866	0.0951751281713546	0.719294794621911	0.756081774326739	0.036786979704828
chr14:54844143:54845768:clu_5866	-0.0951751281713546	0.280705205378089	0.243918225673261	-0.036786979704828
chr14:55051803:55061680:clu_5869	-0.287046370557966	0.351149849749004	0.309344123357727	-0.0418057263912767
chr14:55051803:55062618:clu_5869	0.446044362644326	0.0492170475657603	0.0902489589761191	0.0410319114103588
chr14:55061701:55062618:clu_5869	-0.15899799208636	0.599633102685236	0.600406917666154	0.000773814980917886
chr14:55661612:55663955:clu_5877	0.359175915587046	0.29061643745452	0.413605692497179	0.122989255042659
chr14:55661612:55667241:clu_5877	-0.665200952472928	0.442347929967041	0.226021165883016	-0.216326764084024
chr14:55664041:55667241:clu_5877	0.306025036885882	0.267035632578439	0.360373141619804	0.093337509041365
chr14:55673012:55673172:clu_5878	0.23156954700369	0.231829670386068	0.308838201014971	0.077008530628903
chr14:55673012:55675835:clu_5878	-0.591463725070836	0.508048443010135	0.297185976700759	-0.210862466309376
chr14:55673255:55675835:clu_5878	0.359894178067146	0.260121886603797	0.39397582228427	0.133853935680473
chr14:55679685:55680686:clu_5879	-0.380333443219783	0.0899117960599081	0.0568711757034516	-0.0330406203564565
chr14:55679685:55684099:clu_5879	0.0917881029589805	0.818786322620355	0.830397236329844	0.0116109137094883
chr14:55680741:55684099:clu_5879	0.288545340260802	0.0913018813197365	0.112731587966705	0.0214297066469682
chr14:58291707:58297955:clu_5897	-0.147891810098955	0.314551313738676	0.283794703393844	-0.030756610344832
chr14:58295811:58297955:clu_5897	-0.143243142109028	0.492996271632833	0.446863937638643	-0.0461323339941908
chr14:58295813:58297955:clu_5897	0.291134952207983	0.192452414628491	0.269341358967513	0.0768889443390226
chr14:61695839:61720379:clu_5928	0.121062430181231	0.289292030707749	0.341481280131698	0.0521892494239484
chr14:61695839:61720382:clu_5928	-0.121062430181231	0.710707969292251	0.658518719868302	-0.0521892494239483
chr14:61738373:61740505:clu_5930	-0.495571742540163	0.259271599427755	0.227759045446526	-0.0315125539812291
chr14:61738373:61740755:clu_5930	0.850099074928524	0.00972628346942001	0.0328159529564343	0.0230896694870143
chr14:61740627:61740755:clu_5930	-0.354527332388361	0.731002117102825	0.73942500159704	0.00842288449421491
chr14:64504946:64516600:clu_5948	0.522772513137112	0.0500856772214217	0.112520290328853	0.0624346131074312
chr14:64504946:64521487:clu_5948	-0.50997732879297	0.70201749545201	0.561497299387582	-0.140520196064427
chr14:64516751:64521487:clu_5948	-0.0127951843441417	0.247896827326569	0.325982410283565	0.078085582956996
chr14:64924126:64926007:clu_5954	0.0896345535426388	0.0802013310761849	0.0968990250628797	0.0166976939866948
chr14:64924126:64926010:clu_5954	-0.118922681627524	0.482031171144093	0.472756706268749	-0.00927446487534384
chr14:64924126:64932138:clu_5954	0.206837226666723	0.0586984459969694	0.0797379211964605	0.0210394751994911
chr14:64926080:64932138:clu_5954	-0.177549098581838	0.379069051782753	0.350606347471911	-0.0284627043108421
chr14:65076663:65077328:clu_5955	-0.458563447358286	0.0642467187857309	0.0284431483612848	-0.0358035704244461
chr14:65076663:65077913:clu_5955	0.472345051746734	0.752167941707801	0.844753418675557	0.0925854769677567
chr14:65077428:65077913:clu_5955	-0.013781604388448	0.183585339506468	0.126803432963158	-0.0567819065433106
chr14:65078036:65093708:clu_5955_B	-0.434004744014925	0.931652043861146	0.851237266368018	-0.0804147774931289
chr14:65084299:65093708:clu_5955_B	0.434004744014925	0.0683479561388536	0.148762733631982	0.0804147774931289
chr14:65093815:65101546:clu_5957	-0.017514486825413	0.359023109927165	0.356109579218936	-0.00291353070822892
chr14:65093815:65102304:clu_5957	0.23615885387576	0.265346670324711	0.339190613974275	0.0738439436495642
chr14:65101572:65102304:clu_5957	-0.218644367050347	0.375630219748124	0.304699806806789	-0.0709304129413353
chr14:67662535:67663029:clu_5966	-0.26931418141087	0.192983642285116	0.122456907441285	-0.0705267348438313
chr14:67662535:67674375:clu_5966	0.26931418141087	0.807016357714884	0.877543092558715	0.0705267348438313
chr14:68790492:68792882:clu_5973	0.881209405436068	0.986532368818832	0.9976624831414	0.0111301143225677
chr14:68790492:68796075:clu_5973	-0.881209405436068	0.0134676311811677	0.00233751685859995	-0.0111301143225677
chr14:69767251:69768138:clu_5991	-0.107543822847833	0.228131591032083	0.184757752895381	-0.0433738381367023
chr14:69767255:69768138:clu_5991	0.251129183408297	0.561415147360299	0.65083526322782	0.0894201158675205
chr14:69767380:69768138:clu_5991	-0.143585360560464	0.210453261607618	0.1644069838768	-0.0460462777308182
chr14:69768674:69768798:clu_5992	-0.433931944020831	0.543602994214628	0.502717710722326	-0.040885283492302
chr14:69768674:69769182:clu_5992	0.867864087878953	0.030393070491371	0.103318895786777	0.0729258252954056
chr14:69768896:69769182:clu_5992	-0.433932143858122	0.426003935294001	0.393963393490897	-0.0320405418031036
chr14:69771105:69771194:clu_5994	0.204658212755951	0.94453771145805	0.962468065693575	0.0179303542355251
chr14:69771105:69771197:clu_5994	-0.204658212755951	0.0554622885419498	0.0375319343064245	-0.0179303542355253
chr14:73099750:73100301:clu_6031	0.640757082503491	0.0917120580539687	0.170945199009503	0.0792331409555346
chr14:73099750:73103192:clu_6031	-0.657877978946322	0.102729559414413	0.0522559627159648	-0.0504735966984486
chr14:73099750:73105859:clu_6031	0.0386247046169044	0.0418896961203409	0.0427597256083761	0.000870029488035128
chr14:73103478:73105859:clu_6031	-0.0215038081740738	0.763668686411277	0.734039112666156	-0.0296295737451211
chr14:73282505:73284081:clu_6039	-0.174802720606173	0.453803102037577	0.371571863535244	-0.0822312385023327
chr14:73282505:73287110:clu_6039	0.171759683727708	0.201167230106522	0.232939284029521	0.0317720539229993
chr14:73284365:73287110:clu_6039	-0.17078773468306	0.0143757494159037	0.0118181511601318	-0.0025575982557719
chr14:73284374:73287110:clu_6039	0.173830771561525	0.330653918439998	0.383670701275103	0.0530167828351052
chr14:73355766:73366897:clu_6041	-1.07684120832617	0.374030776950206	0.315074400551776	-0.0589563763984305
chr14:73355766:73409937:clu_6041	-1.07684227074449	0.0644698849398999	0.0543078003794718	-0.010162084560428
chr14:73366981:73409937:clu_6041	-0.909575270538794	0.255721008586431	0.254633102566513	-0.00108790601991815
chr14:73366981:73458493:clu_6041	-1.0759353964718	0.0165366672001429	0.0139427087250099	-0.00259395847513303
chr14:73410068:73458493:clu_6041	-1.07684227877146	0.276546633965482	0.232955887643646	-0.0435907463218359
chr14:73410068:73462529:clu_6041	3.17119614674049	0.00106892609283494	0.0630017539080209	0.0619328278151859
chr14:73459305:73462529:clu_6041	3.12113294431295	0.0010193235171456	0.0571445520934944	0.0561252285763488
chr14:73461264:73462529:clu_6041	-1.07629266620073	0.0106067787478575	0.00893979413206843	-0.00166698461578908
chr14:73719501:73721297:clu_6044	0.0493574792072091	0.299781773797298	0.324803584113565	0.0250218103162672
chr14:73719501:73722698:clu_6044	0.472528459591665	0.236682761903581	0.391528191297016	0.154845429393436
chr14:73721509:73722698:clu_6044	-0.521885938798874	0.463535464299122	0.283668224589419	-0.179867239709703
chr14:73921105:73922066:clu_6054	-0.307078469213117	0.326672481127095	0.222606122812081	-0.104066358315014
chr14:73921105:73923395:clu_6054	0.492835274800345	0.347184763600866	0.526481769081894	0.179297005481027
chr14:73922206:73923395:clu_6054	-0.185756805587228	0.326142755272038	0.250912108106026	-0.0752306471660129
chr14:74292869:74293154:clu_6066	-0.0954109677339924	0.351435339967564	0.312033324043546	-0.0394020159240183
chr14:74292869:74295148:clu_6066	-0.0277348074822636	0.18452851998104	0.175311508802403	-0.00921701117863699
chr14:74293248:74295148:clu_6066	0.123145775216256	0.464036140051396	0.512655167154051	0.0486190271026552
chr14:74893424:74894312:clu_6082	-0.3402499587628	0.35840128891787	0.310681976627031	-0.0477193122908391
chr14:74893424:74898369:clu_6082	0.680929710406414	0.0865953339830877	0.208417260754984	0.121821926771896
chr14:74894409:74898369:clu_6082	-0.340679751643615	0.555003377099042	0.480900762617985	-0.0741026144810574
chr14:77720828:77723181:clu_6128	0.07510762999571	0.424560290986809	0.400976597531872	-0.0235836934549373
chr14:77720828:77730988:clu_6128	-0.3179641151378	0.0911682792039528	0.0581185167050884	-0.0330497624988645
chr14:77723277:77730988:clu_6128	0.24285648514209	0.484271429809238	0.54090488576304	0.0566334559538018
chr14:89412490:89416871:clu_6151	1.54962824380469	0.0749706503079868	0.642568049478857	0.567597399170871
chr14:89412490:89486569:clu_6151	-1.54962824380469	0.925029349692013	0.357431950521143	-0.567597399170871
chr14:90397233:90400065:clu_6157	0.111764067528392	0.961107894344292	0.968654082235517	0.00754618789122496
chr14:90399087:90400065:clu_6157	-0.111764067528392	0.0388921056557078	0.0313459177644829	-0.0075461878912249
chr14:91114283:91145221:clu_6160	0.480364815417136	0.183490930195202	0.216260104996874	0.0327691748016723
chr14:91114283:91157639:clu_6160	0.527086683721863	0.265350244519462	0.327696912050548	0.0623466675310857
chr14:91114994:91145221:clu_6160	-1.86953865286242	0.102323928614525	0.0115024115928681	-0.0908215170216568
chr14:91114994:91157639:clu_6160	0.179202628773708	0.0505756055132326	0.0441072338730926	-0.00646837164013996
chr14:91145313:91147781:clu_6160	0.229105848709446	0.193843019979274	0.177701703752574	-0.0161413162267005
chr14:91145313:91157639:clu_6160	-0.495967388725842	0.112802972997667	0.0500802703140236	-0.0627227026836437
chr14:91147858:91157639:clu_6160	0.949746064966114	0.0916132981806367	0.17265136342002	0.081038065239383
chr14:91189170:91189616:clu_6163	-0.571394891695902	0.110132304056243	0.0357199243776314	-0.0744123796786113
chr14:91189170:91189656:clu_6163	-0.424438474343414	0.0730794424093302	0.0274544907132441	-0.045624951696086
chr14:91189170:91196375:clu_6163	0.7383584006351	0.719246972258326	0.864355650726455	0.145108678468128
chr14:91189807:91196375:clu_6163	0.257474965404216	0.0975412812761009	0.0724699341826697	-0.0250713470934312
chr14:91279306:91281162:clu_6167	0.105270709607849	0.165390353954316	0.144590914761676	-0.0207994391926401
chr14:91279306:91281457:clu_6167	0.324374233782749	0.742692100183928	0.808341888532758	0.0656497883488297
chr14:91281308:91281457:clu_6167	-0.429644943390597	0.091917545861756	0.0470671967055665	-0.0448503491561895
chr14:91465419:91466261:clu_6177	0.0573386143238219	0.332375227440893	0.351713428835086	0.0193382013941934
chr14:91465419:91470837:clu_6177	-0.0296979605484367	0.313774665734517	0.304353762084586	-0.00942090364993076
chr14:91466416:91470837:clu_6177	-0.0276406537753852	0.35385010682459	0.343932809080328	-0.00991729774426259
chr14:91473370:91475811:clu_6179	0.0247747516258269	0.823854021963484	0.830929587343097	0.00707556537961362
chr14:91473370:91475850:clu_6179	-0.0247747516258269	0.176145978036516	0.169070412656903	-0.00707556537961374
chr14:92659469:92676475:clu_6206	-0.0388775482282227	0.345003511861081	0.363252530572406	0.0182490187113248
chr14:92659469:92676533:clu_6206	0.217812798077682	0.0607047766096711	0.0826203820364746	0.0219156054268034
chr14:92659469:92684987:clu_6206	0.00462365299009538	0.0672544757252776	0.0739602985858183	0.00670582286054071
chr14:92676606:92684987:clu_6206	-0.183558902839555	0.52703723580397	0.480166788805301	-0.0468704469986691
chr14:94062621:94079025:clu_6218	-0.0847382023559265	0.512893473639078	0.506421773014007	-0.00647170062507119
chr14:94062621:94081119:clu_6218	0.158999039351421	0.028811761591889	0.0363001774538535	0.00748841586196449
chr14:94079747:94081119:clu_6218	-0.0742608369954941	0.458294764769033	0.457278049532139	-0.00101671523689323
chr14:99400259:99404225:clu_6255	0.813696993008478	0.262601906073762	0.455476720737619	0.192874814663857
chr14:99400259:99405205:clu_6255	-1.09758217459873	0.272618134668578	0.069930246195114	-0.202687888473464
chr14:99404310:99405205:clu_6255	0.283885181590249	0.46477995925766	0.474593033067267	0.00981307380960678
chr14:99481479:99492626:clu_6260	0.0393981218716318	0.723850423054909	0.739320213747065	0.0154697906921567
chr14:99481614:99492626:clu_6260	-0.0393981218716318	0.276149576945091	0.260679786252935	-0.0154697906921568
chr14:100097658:100102304:clu_6264	-0.582478088503096	0.0538023337421238	0.0258682857406835	-0.0279340480014403
chr14:100097658:100106024:clu_6264	0.739244434398134	0.024589841350546	0.0443342188146772	0.0197443774641312
chr14:100097658:100123539:clu_6264	0.171972655265389	0.890685294092806	0.910635574158424	0.0199502800656183
chr14:100102379:100123539:clu_6264	-0.328739001160427	0.0309225308145243	0.0191619212862151	-0.0117606095283092
chr14:100132779:100132994:clu_6267	-0.560802197153867	0.0163490306207314	0.00561969906044578	-0.0107293315602856
chr14:100132779:100135905:clu_6267	0.535779001607371	0.940159507071627	0.967524024556618	0.0273645174849914
chr14:100133159:100135905:clu_6267	0.0250231955464963	0.0434914623076421	0.0268562763829363	-0.0166351859247058
chr14:100137802:100141180:clu_6268	-0.179500534592496	0.861644469480249	0.859224214574784	-0.00242025490546494
chr14:100138897:100139334:clu_6268	0.0665864870174386	0.0155917344629467	0.0198859832091511	0.00429424874620449
chr14:100138897:100141180:clu_6268	-0.303654968298627	0.109025868435596	0.0960258968875488	-0.0129999715480476
chr14:100139369:100141180:clu_6268	0.416569015873685	0.0137379276212076	0.0248639053285156	0.011125977707308
chr14:100361921:100369087:clu_6274	-0.867484283619935	0.4445505411862	0.439694732761851	-0.00485580842434946
chr14:100361921:100375283:clu_6274	0.101283643462417	0.0111156532070034	0.0289664767107072	0.0178508235037038
chr14:100369258:100374136:clu_6274	-1.03380481608037	0.091904833128511	0.0769726398197299	-0.0149321933087811
chr14:100369258:100375283:clu_6274	5.56095240680941	0.000476846392200367	0.292040580389351	0.29156373399715
chr14:100369258:100376260:clu_6274	-1.88047347528581	0.384804842796221	0.13820858883683	-0.246596253959391
chr14:100374244:100375283:clu_6274	-1.88047347528571	0.0671472832898638	0.0241169814815309	-0.0430303018083329
chr14:101786183:101856686:clu_6275	1.04938751188116	0.208510520895605	0.27951277681718	0.071002255921575
chr14:101810036:101836169:clu_6275	0.326110586124571	0.118103723814574	0.0768107675463898	-0.0412929562681844
chr14:101810036:101856686:clu_6275	1.00056494001234	0.479245547204289	0.611826670103183	0.132581122898894
chr14:101824169:101836169:clu_6275	-1.86486854739434	0.109218274644141	0.00794188652805534	-0.101276388116086
chr14:101831804:101836169:clu_6275	-0.511194490623732	0.0849219334413904	0.0239078990051915	-0.0610140344361988
chr14:102081821:102082111:clu_6284	-0.515154431187884	0.42371898018147	0.360035199140905	-0.0636837810405652
chr14:102081821:102083034:clu_6284	0.343148675054137	0.0125772922510506	0.0252121858002394	0.0126348935491887
chr14:102081821:102083546:clu_6284	0.764666936724586	0.00993646709664542	0.0303611627848068	0.0204246956881614
chr14:102082444:102083034:clu_6284	-0.287084234066318	0.211930154519115	0.226208763874937	0.0142786093558223
chr14:102083302:102083546:clu_6284	-0.30557694652452	0.341837105951719	0.358182688399112	0.0163455824473928
chr14:102886269:102889560:clu_6300	0.0527594192370287	0.457828213087622	0.438550543491831	-0.0192776695957906
chr14:102886269:102891325:clu_6300	-0.287136490976273	0.131371621837781	0.0895784915316228	-0.041793130306158
chr14:102889634:102891325:clu_6300	0.234377071739245	0.410800165074597	0.471870964976546	0.0610707999019484
chr14:103335932:103336036:clu_6308	-0.597398031376737	0.60051172695444	0.475087062681716	-0.125424664272724
chr14:103335932:103336677:clu_6308	1.19479606036581	0.0527731772820658	0.250613786388496	0.19784060910643
chr14:103336117:103336677:clu_6308	-0.597398028989077	0.346715095763495	0.274299150929788	-0.0724159448337067
chr14:103339333:103339639:clu_6309	-0.450744542833958	0.567635569922508	0.554090402659619	-0.0135451672628886
chr14:103339333:103340427:clu_6309	0.901489093669383	0.0085294269309684	0.0321883329952472	0.0236589060642788
chr14:103339803:103340427:clu_6309	-0.450744550835426	0.423835003146524	0.413721264345133	-0.0101137388013903
chr14:103467191:103468033:clu_6315	-0.0941054686072457	0.729996070840222	0.691340065587874	-0.038656005252348
chr14:103467191:103468081:clu_6315	0.0941054686072457	0.270003929159778	0.308659934412126	0.038656005252348
chr14:103480490:103491777:clu_6317	-0.0808235977635868	0.510344660355709	0.501829666797689	-0.00851499355802077
chr14:103480490:103502882:clu_6317	0.313030339273252	0.137612691291072	0.20063183109253	0.0630191398014571
chr14:103492034:103502882:clu_6317	-0.232206741509665	0.352042648353218	0.297538502109782	-0.0545041462434362
chr14:103677523:103679384:clu_6322	0.170375716158216	0.807832097583121	0.855293383146355	0.0474612855632336
chr14:103677523:103679408:clu_6322	-0.170375716158216	0.192167902416879	0.144706616853645	-0.0474612855632337
chr14:105445511:105445667:clu_6349	-0.318510704107168	0.0469732157725245	0.0338965556978652	-0.0130766600746593
chr14:105445511:105449359:clu_6349	-0.318619918772966	0.37133663995824	0.267932656482425	-0.103403983475815
chr14:105445511:105450058:clu_6349	0.551903806093463	0.108348195738795	0.186699510966768	0.0783513152279725
chr14:105449409:105450058:clu_6349	0.0852268167866711	0.47334194853044	0.511471276852942	0.0381293283225017
chr14:105464147:105464416:clu_6352	-0.19948701824519	0.694287485949534	0.603786372754698	-0.0905011131948363
chr14:105464147:105464463:clu_6352	0.19948701824519	0.305712514050466	0.396213627245302	0.0905011131948363
chr15:31327789:31372010:clu_15578	10.1853962289249	0.943577963840833	0.999999999914935	0.0564220360741027
chr15:31345571:31372010:clu_15578	-10.1853962289249	0.0564220361591673	8.50644715881651e-11	-0.0564220360741028
chr15:34227846:34228429:clu_15595	-0.0334456157551565	0.423220717775729	0.452614814954646	0.0293940971789164
chr15:34227846:34229753:clu_15595	0.238430442991481	0.0552623499020658	0.0775649409387388	0.022302591036673
chr15:34228589:34229753:clu_15595	-0.204984827236324	0.521516932322205	0.469820244106616	-0.0516966882155893
chr15:40037018:40037309:clu_15627	-0.509376664933255	0.0234141272935975	0.00861564773528492	-0.0147984795583126
chr15:40037018:40038282:clu_15627	0.516586888910928	0.949993989074684	0.975216692001969	0.0252227029272849
chr15:40037355:40038282:clu_15627	-0.00721022397767226	0.0265918836317188	0.0161676602627465	-0.0104242233689723
chr15:40289358:40290025:clu_15632	0.379667081147616	0.487132631506871	0.495894162000884	0.00876153049401324
chr15:40289358:40290577:clu_15632	-0.822512163737628	0.0668458279945855	0.0204510809481012	-0.0463947470464842
chr15:40290082:40290577:clu_15632	0.442845082590012	0.446021540498543	0.483654757051014	0.0376332165524709
chr15:40291487:40291606:clu_15634	0.121279748100159	0.301280156450893	0.29921775142511	-0.00206240502578298
chr15:40291487:40291849:clu_15634	0.311059935384025	0.479315279798659	0.575517572560968	0.0962022927623093
chr15:40291650:40291849:clu_15634	-0.432339683484184	0.219404563750448	0.125264676013922	-0.0941398877365263
chr15:40295285:40295852:clu_15635	0.131540531285129	0.0374872321452337	0.0482243222361275	0.0107370900908938
chr15:40295285:40296296:clu_15635	-0.131540531285129	0.962512767854766	0.951775677763873	-0.0107370900908937
chr15:40296634:40296746:clu_15636	-0.023250602158942	0.829359993461062	0.822677914017041	-0.00668207944402188
chr15:40296634:40296758:clu_15636	0.023250602158942	0.170640006538938	0.177322085982959	0.00668207944402174
chr15:40810757:40812699:clu_15653	0.0619623175848286	0.279177179044767	0.292842428338946	0.0136652492941796
chr15:40810757:40813338:clu_15653	-0.111754135352057	0.257481604443023	0.227015857546704	-0.0304657468963189
chr15:40812902:40813338:clu_15653	0.0497918177672282	0.46334121651221	0.480141714114349	0.0168004976021391
chr15:42512996:42513174:clu_15713	-0.395789114986029	0.373528000933611	0.212706247900828	-0.160821753032783
chr15:42512996:42513399:clu_15713	0.395789114986029	0.626471999066389	0.787293752099172	0.160821753032783
chr15:43185879:43186154:clu_15739	0.518823426263106	0.306458153594145	0.436491732090579	0.130033578496434
chr15:43185879:43189199:clu_15739	-0.575816823424018	0.140066766891434	0.0667642116444713	-0.0733025552469628
chr15:43186233:43189199:clu_15739	0.056993397160912	0.553475079514421	0.49674405626495	-0.056731023249471
chr15:43189280:43190055:clu_15740	0.353787799057515	0.27287563650823	0.377641110522813	0.104765474014583
chr15:43189280:43190325:clu_15740	-0.681302882120442	0.417799829631438	0.205375480145927	-0.212424349485511
chr15:43190151:43190325:clu_15740	0.327515083062927	0.309324533860332	0.41698340933126	0.107658875470928
chr15:43192803:43194081:clu_15741	1.83657923589201	0.00490321590663884	0.0718930329015093	0.0669898169948704
chr15:43192803:43194415:clu_15741	-0.918407926555679	0.96949188862682	0.90422028474301	-0.0652716038838099
chr15:43194137:43194415:clu_15741	-0.918171309336327	0.0256048954665415	0.0238866823554811	-0.00171821311106046
chr15:43800784:43801132:clu_15753	-0.141897405863377	0.358380644196325	0.324531279490111	-0.0338493647062136
chr15:43800784:43801518:clu_15753	0.151827338850158	0.0688233422021458	0.0836008727134495	0.0147775305113037
chr15:43801187:43801518:clu_15753	-0.00992993298678094	0.57279601360153	0.59186784779644	0.0190718341949099
chr15:44380976:44402887:clu_15756	-0.221450050690998	0.319600272064281	0.246355107326512	-0.0732451647377687
chr15:44380976:44413336:clu_15756	0.0157446105113922	0.246088714667887	0.240468647318263	-0.00562006734962384
chr15:44403054:44413336:clu_15756	0.205705440179605	0.434311013267833	0.513176245355225	0.0788652320873925
chr15:50482065:50484275:clu_15817	0.683019236413955	0.261334129339924	0.475539279250265	0.214205149910341
chr15:50482065:50489801:clu_15817	-0.545606174812716	0.250579426438686	0.133459790512644	-0.117119635926042
chr15:50484361:50489801:clu_15817	-0.137413061601238	0.48808644422139	0.391000930237091	-0.0970855139842988
chr15:55234956:55270165:clu_15852	-0.325907081590252	0.542723105547598	0.531445035103677	-0.0112780704439214
chr15:55234956:55289716:clu_15852	0.690657950363617	0.0214472560199431	0.0580417318859381	0.036594475865995
chr15:55270284:55289716:clu_15852	-0.364750868773364	0.435829638432459	0.410513233010385	-0.0253164054220737
chr15:58889554:58890281:clu_15890	-0.14053999002256	0.422326987531872	0.380785351575954	-0.0415416359559175
chr15:58889554:58892897:clu_15890	0.228596867843148	0.198590668512356	0.259002727036613	0.0604120585242573
chr15:58890461:58892897:clu_15890	-0.0880568778205878	0.379082343955772	0.360211921387433	-0.0188704225683398
chr15:58894193:58894433:clu_15892	-0.361580999794478	0.428889592105312	0.381889640330619	-0.0469999517746935
chr15:58894193:58897115:clu_15892	0.747904130796725	0.0666084269854755	0.179872519307543	0.113264092322067
chr15:58894582:58897115:clu_15892	-0.386323131002247	0.504501980909212	0.438237840361838	-0.0662641405473738
chr15:58898852:58899469:clu_15893	-0.541524415793219	0.629714841022022	0.440841944020902	-0.18887289700112
chr15:58898852:58901260:clu_15893	0.466251609800923	0.127001973255917	0.243568440631882	0.116566467375965
chr15:58899937:58901260:clu_15893	0.0752728059922958	0.243283185722062	0.315589615347216	0.0723064296251546
chr15:59664120:59668103:clu_15902	0.0083821126247659	0.0573807187708627	0.10707331140562	0.0496925926347572
chr15:59664120:59668892:clu_15902	-0.828097931338591	0.904027726619795	0.730833309665334	-0.173194416954461
chr15:59668138:59668892:clu_15902	0.819715818713825	0.0385915546093424	0.162093378929046	0.123501824319704
chr15:59678087:59679592:clu_15905	-0.0323105576166528	0.495124272037468	0.493858858311146	-0.0012654137263225
chr15:59678087:59680241:clu_15905	0.0895547971518602	0.0972270009254598	0.109547121905095	0.0123201209796356
chr15:59679768:59680241:clu_15905	-0.0572442395352073	0.407648727037072	0.396594019783759	-0.011054707253313
chr15:60386086:60397258:clu_15908	-0.349206949266917	0.284747447243846	0.189549892978009	-0.0951975542658366
chr15:60386086:60397943:clu_15908	0.28317420431445	0.393158308919739	0.492573232990716	0.099414924070977
chr15:60396427:60397943:clu_15908	0.00799388487568537	0.0883215735488797	0.0840351255653267	-0.00428644798355299
chr15:60397338:60397943:clu_15908	0.0580388600767814	0.233772670287535	0.233841748465948	6.9078178412646e-05
chr15:64075537:64081102:clu_15954	0.33749225424186	0.323700022334625	0.409538364501533	0.0858383421669085
chr15:64075537:64088687:clu_15954	-0.444315040140544	0.208907089211966	0.120940134225595	-0.0879669549863709
chr15:64081151:64088687:clu_15954	0.106822785898684	0.467392888453409	0.469521501272872	0.00212861281946231
chr15:64136932:64137568:clu_15958	0.845062070611908	0.587896977947991	0.885482241436344	0.297585263488353
chr15:64136932:64138042:clu_15958	-0.845062070611908	0.412103022052009	0.114517758563656	-0.297585263488353
chr15:64690549:64691434:clu_15969	0.0588890620642059	0.552339455929737	0.489599113054559	-0.0627403428751789
chr15:64690549:64703029:clu_15969	-0.44063464368045	0.0548175880608076	0.0294858796461939	-0.0253317084146137
chr15:64691591:64703029:clu_15969	0.381745581616244	0.392842956009455	0.480915007299248	0.0880720512897926
chr15:67165088:67165253:clu_16008	-0.2200046614936	0.34887487997644	0.338009802268963	-0.0108650777074774
chr15:67165088:67166779:clu_16008	0.463806763905269	0.0472235601408964	0.0906554355199485	0.0434318753790521
chr15:67165384:67166779:clu_16008	-0.243802102411669	0.603901559882663	0.571334762211089	-0.0325667976715746
chr15:68784595:68787413:clu_16031	-0.155610690798008	0.328119588041422	0.294677715739892	-0.0334418723015296
chr15:68784595:68787770:clu_16031	-0.0681631529547304	0.0657168812326092	0.0644124865606105	-0.00130439467199869
chr15:68784595:68820698:clu_16031	0.222587134699502	0.0148628152521332	0.0194834313305448	0.00462061607841156
chr15:68787535:68787770:clu_16031	-0.136330825190105	0.313739378674692	0.287248195047864	-0.0264911836268284
chr15:68787919:68820698:clu_16031	0.137517534243341	0.277561336799143	0.334178171321088	0.056616834521945
chr15:70050204:70051391:clu_16036	0.247766192736742	0.887040720469897	0.928002022187802	0.040961301717905
chr15:70050347:70051391:clu_16036	-0.247766192736742	0.112959279530103	0.0719979778121975	-0.0409613017179051
chr15:70053374:70054438:clu_16038	-0.592286675501815	0.42163111539708	0.450628142930984	0.0289970275339038
chr15:70053374:70055049:clu_16038	1.4343617653283	0.0093237484316983	0.0756203075804905	0.0662965591487922
chr15:70054685:70055049:clu_16038	-0.842075089826484	0.569045136171221	0.473751549488526	-0.0952935866826958
chr15:70060649:70064454:clu_16041	-2.27892773773689	0.588861032589706	0.447890267845934	-0.140970764743773
chr15:70060649:70074533:clu_16041	5.8552071714244	1.6575247942295e-05	0.0429762729518786	0.0429596977039363
chr15:70066218:70074503:clu_16041	-1.77786800897172	0.138039164258213	0.173288046619027	0.0352488823608141
chr15:70066218:70074533:clu_16041	-1.79841142471579	0.273083227904138	0.33584541258316	0.0627621846790224
chr15:72200655:72202454:clu_16046	0.85101036074367	0.866484747487622	0.972675040714798	0.106190293227176
chr15:72200655:72203022:clu_16046	-0.85101036074367	0.133515252512378	0.0273249592852023	-0.106190293227176
chr15:72202620:72206728:clu_16046_B	0.83098117887178	0.825134597654963	0.961338872391928	0.136204274736965
chr15:72203188:72206728:clu_16046_B	-0.83098117887178	0.174865402345037	0.0386611276080724	-0.136204274736965
chr15:72250092:72250845:clu_16048	0.179016474176416	0.420571977151539	0.465365162284152	0.0447931851326128
chr15:72250092:72251207:clu_16048	-0.120844971960685	0.139864713847602	0.114665699845839	-0.025199014001763
chr15:72250954:72251207:clu_16048	0.212735851929437	0.250231469574277	0.286377967506392	0.0361464979321144
chr15:72250957:72251207:clu_16048	-0.270907354145168	0.189331839426581	0.133591170363617	-0.0557406690629641
chr15:72346710:72347686:clu_16057	0.601199920370847	0.532099598038099	0.536599937497388	0.00450033945928952
chr15:72346710:72348048:clu_16057	-1.28308436910347	0.0511794469733599	0.00784185858760527	-0.0433375883857546
chr15:72347758:72348048:clu_16057	0.681884448732618	0.416720954988541	0.455558203915006	0.0388372489264652
chr15:72348134:72349079:clu_16058	0.253429962085004	0.525761191077272	0.508327638098197	-0.0174335529790748
chr15:72348134:72350518:clu_16058	-0.651506560280564	0.0526059702654213	0.0205769638499596	-0.0320290064154617
chr15:72349259:72350518:clu_16058	0.39807659819556	0.421632838657307	0.471095398051844	0.0494625593945365
chr15:72752892:72755556:clu_16066	0.117400622888343	0.477840619779151	0.53646156738792	0.058620947608769
chr15:72752895:72755556:clu_16066	-0.117400622888343	0.522159380220849	0.46353843261208	-0.058620947608769
chr15:72771845:72774872:clu_16066_B	-0.257814655580295	0.671235508009759	0.558965853375143	-0.112269654634615
chr15:72771845:72783246:clu_16066_B	0.20636632291416	0.0759755898207888	0.100641169214995	0.0246655793942065
chr15:72775097:72783246:clu_16066_B	-0.351914805010178	0.0787907218751525	0.0597197883042965	-0.019070933570856
chr15:72775097:72783459:clu_16066_B	0.403363137676314	0.1739981802943	0.280673189105565	0.106675008811265
chr15:74024927:74032572:clu_16075	-0.47250379353213	0.493854403776978	0.329257197896901	-0.164597205880077
chr15:74024927:74033156:clu_16075	0.0798387333735048	0.307561423421058	0.356243969063688	0.0486825456426301
chr15:74032715:74033156:clu_16075	0.392665060158625	0.198584172801964	0.314498833039411	0.115914660237447
chr15:74620225:74622120:clu_16086	-0.436808095306158	0.455451663954033	0.347652373602798	-0.107799290351235
chr15:74620225:74622494:clu_16086	0.873822007487614	0.114515490729726	0.324165330941364	0.209649840211639
chr15:74622216:74622494:clu_16086	-0.437013912181456	0.430032845316241	0.328182295455838	-0.101850549860404
chr15:74625018:74625802:clu_16087	-0.366316368740645	0.388383233563183	0.325207794221698	-0.0631754393414853
chr15:74625018:74627352:clu_16087	0.737185176542428	0.0975808812865512	0.246325765131682	0.148744883845131
chr15:74625968:74627352:clu_16087	-0.370868807801783	0.514035885150266	0.42846644064662	-0.0855694445036455
chr15:74782720:74798233:clu_16090	-0.0448556455057776	0.973168048531259	0.970723374053809	-0.00244467447745
chr15:74784523:74798233:clu_16090	0.0448556455057775	0.0268319514687415	0.0292766259461914	0.00244467447744999
chr15:74837435:74837751:clu_16093	0.175368706730691	0.603704104646258	0.683879974137535	0.0801758694912773
chr15:74837435:74837757:clu_16093	-0.175368706730691	0.396295895353742	0.316120025862465	-0.0801758694912773
chr15:75356380:75356606:clu_16118	0.101769091139394	0.148109063693394	0.175668883813113	0.0275598201197189
chr15:75356449:75356606:clu_16118	-0.101769091139394	0.851890936306606	0.824331116186887	-0.027559820119719
chr15:75362748:75363210:clu_16119	0.635388008855396	0.0270973924039229	0.0668563194648883	0.0397589270609654
chr15:75362748:75363999:clu_16119	-0.281199702307295	0.283519280534271	0.279723257327014	-0.00379602320725697
chr15:75362748:75364488:clu_16119	0.359564238182079	0.0291019503401609	0.0544939535974589	0.0253920032572979
chr15:75363290:75363999:clu_16119	-0.346206937040006	0.0704333667014974	0.0651166640667177	-0.00531670263477974
chr15:75364188:75364488:clu_16119	-0.367545607690174	0.589848010020148	0.533809805543922	-0.0560382044762265
chr15:77018531:77025284:clu_16148	0.320506571295251	0.947394032036858	0.971581882309603	0.0241878502727452
chr15:77024531:77025284:clu_16148	-0.320506571295251	0.0526059679631418	0.0284181176903966	-0.0241878502727453
chr15:77031278:77032298:clu_16149	0.107047401585743	0.302244510950167	0.314194223950743	0.011949713000576
chr15:77031278:77035508:clu_16149	-1.13664366565757	0.0609161344731446	0.0182576107384203	-0.0426585237347242
chr15:77032394:77032862:clu_16149	0.165922153255955	0.263390468439615	0.290408155805314	0.0270176873656983
chr15:77032394:77035508:clu_16149	0.829964442030864	0.013928434219492	0.0298332765134936	0.0159048422940016
chr15:77032952:77035508:clu_16149	0.0337096687850063	0.359520451917582	0.34730673299203	-0.0122137189255518
chr15:77025604:77027800:clu_16150	-0.39907377739035	0.118479234434312	0.0570514405264574	-0.0614277939078549
chr15:77025604:77027852:clu_16150	0.39907377739035	0.881520765565688	0.942948559473543	0.0614277939078548
chr15:78542219:78542483:clu_16179	0.301038175929898	0.557061078000891	0.614599356654997	0.0575382786541054
chr15:78542219:78544190:clu_16179	-0.56239306218711	0.141618003520864	0.065890731867746	-0.0757272716531175
chr15:78542645:78544190:clu_16179	0.261354886257211	0.301320918478245	0.319509911477257	0.0181889929990121
chr15:78880579:78884967:clu_16182	0.287149762829947	0.0315754402152832	0.0521181663777622	0.020542726162479
chr15:78880579:78886141:clu_16182	-0.251180691855874	0.904378165538708	0.871356422450548	-0.0330217430881599
chr15:78885083:78886141:clu_16182	-0.0359690709740729	0.0640463942460091	0.0765254111716901	0.012479016925681
chr15:78893627:78894058:clu_16185	-0.304497318478991	0.618785171910652	0.572307851734518	-0.0464773201761337
chr15:78893627:78894820:clu_16185	0.623852484377961	0.0561994275144426	0.131522148396181	0.0753227208817384
chr15:78894230:78894820:clu_16185	-0.31935516589897	0.325015400574905	0.296169999869301	-0.0288454007056047
chr15:81303641:81305908:clu_16201	-0.181883397229621	0.0572172466544621	0.0404752550154636	-0.0167419916389985
chr15:81303650:81305908:clu_16201	0.181883397229621	0.942782753345538	0.959524744984536	0.0167419916389985
chr15:81306166:81306420:clu_16203	-0.0297493372385791	0.533914706038256	0.519082919694871	-0.0148317863433847
chr15:81306166:81306423:clu_16203	0.029749337238579	0.466085293961744	0.480917080305129	0.0148317863433848
chr15:84670782:84680713:clu_16234	0.43704261493409	0.320517312839415	0.368261006080071	0.0477436932406557
chr15:84670782:84687625:clu_16234	-0.720293009050698	0.0603655505856801	0.0218006244307479	-0.0385649261549322
chr15:84680832:84687625:clu_16234	0.283250394116608	0.619117136574905	0.609938369489181	-0.0091787670857234
chr15:84764815:84778183:clu_16235	-0.113291931018898	0.350569240312193	0.325670912919359	-0.024898327392834
chr15:84764815:84782657:clu_16235	0.211109299706605	0.180422433266149	0.23183626107364	0.0514138278074911
chr15:84778312:84782657:clu_16235	-0.0978173686877074	0.469008326421658	0.442492826007001	-0.026515500414657
chr15:84799977:84801569:clu_16238	-0.200359053009899	0.179629499717823	0.150725386383242	-0.0289041133345808
chr15:84799977:84801863:clu_16238	-0.0695908488363709	0.65292140985491	0.624398088269135	-0.0285233215857753
chr15:84801603:84801863:clu_16238	0.26994990184627	0.167449090427267	0.224876525347623	0.0574274349203562
chr15:85655787:85658537:clu_16244	0.202420824647264	0.601962983973911	0.603479937870096	0.00151695389618456
chr15:85655787:85664563:clu_16244	-0.739832834395178	0.159598329076305	0.0623599597340631	-0.0972383693422423
chr15:85658590:85664563:clu_16244	0.537412009747914	0.238438686949784	0.334160102395841	0.0957214154460576
chr15:85684873:85693277:clu_16245	2.44294363434943	0.423180908705669	0.989810526425063	0.566629617719395
chr15:85690104:85693277:clu_16245	-2.44294363434943	0.576819091294331	0.0101894735749369	-0.566629617719394
chr15:85717402:85718007:clu_16248	0.0946725345159729	0.320526626952904	0.36308306132269	0.042556434369786
chr15:85717402:85718013:clu_16248	-0.0946725345159729	0.679473373047096	0.63691693867731	-0.042556434369786
chr15:88475239:88476989:clu_16256	0.00569241090225175	0.418039869374046	0.398624787667434	-0.0194150817066117
chr15:88475239:88477872:clu_16256	-0.138207456127214	0.111368411370484	0.0919631214846444	-0.01940528988584
chr15:88477054:88477872:clu_16256	0.132515045224962	0.47059171925547	0.509412090847921	0.0388203715924518
chr15:88635700:88636167:clu_16258	-0.129680966677399	0.0677301915065229	0.0456548996519433	-0.0220752918545796
chr15:88635700:88639343:clu_16258	-0.129724687865164	0.0528019319406311	0.0355906495411246	-0.0172112823995065
chr15:88635700:88652110:clu_16258	-0.129605360030866	0.0366896017999849	0.0247332349377827	-0.0119563668622022
chr15:88636292:88637362:clu_16258	-0.129107471731926	0.0169993816719603	0.0114653490133528	-0.00553403265860745
chr15:88636292:88639343:clu_16258	-0.129790830673834	0.0501322221873365	0.0337889216243123	-0.0163433005630242
chr15:88639076:88639343:clu_16258	0.907527605680444	0.265512420069154	0.504944783274493	0.239432363205339
chr15:88639594:88652110:clu_16258	-0.129809242120001	0.487392005066489	0.328494256503829	-0.15889774856266
chr15:88639594:88652170:clu_16258	-0.129809046581255	0.0227422457579212	0.0153279054531628	-0.00741434030475845
chr15:90482281:90482702:clu_16293	0.496790645964957	0.0443424639468378	0.0890610942941844	0.0447186303473466
chr15:90482281:90483361:clu_16293	-0.24852764680343	0.902628717702771	0.860378858775416	-0.0422498589273549
chr15:90482749:90483361:clu_16293	-0.248262999161526	0.053028818350391	0.0505600469303993	-0.0024687714199917
chr15:90641199:90641932:clu_16300	0.13758477459484	0.584463863880589	0.649375418468714	0.0649115545881246
chr15:90641199:90641935:clu_16300	-0.13758477459484	0.41553613611941	0.350624581531286	-0.0649115545881244
chr15:90877211:90877527:clu_16302	-0.00394554258843065	0.545375587488822	0.523354258942832	-0.0220213285459897
chr15:90877211:90878132:clu_16302	-0.093804403943871	0.0341401626223044	0.0299461121519258	-0.00419405047037859
chr15:90877615:90878132:clu_16302	0.0977499465323017	0.420484249888873	0.446699628905242	0.0262153790163683
chr15:90912279:90912517:clu_16316	0.2966200263489	0.302982280716297	0.440311867770578	0.137329587054281
chr15:90912279:90912542:clu_16316	-0.2966200263489	0.697017719283703	0.559688132229422	-0.137329587054281
chr15:90916256:90918194:clu_16319	-0.841799449846834	0.95350506940697	0.792029526180695	-0.161475543226276
chr15:90916660:90918194:clu_16319	0.841799449846834	0.0464949305930296	0.207970473819305	0.161475543226276
chr15:92883186:92883585:clu_16333	-0.19750714452191	0.251069218726002	0.201347042276877	-0.0497221764491249
chr15:92883186:92885515:clu_16333	0.23939167680809	0.318403809624843	0.395250825614307	0.0768470159894641
chr15:92883778:92885515:clu_16333	-0.0418845322861796	0.430526971649156	0.403402132108816	-0.0271248395403391
chr15:92886254:92888185:clu_16333_B	0.358528144890534	0.185073825509006	0.283722538816934	0.0986487133079281
chr15:92886254:92892004:clu_16333_B	-0.339249236772295	0.486422760722245	0.371126407081923	-0.115296353640322
chr15:92888314:92892004:clu_16333_B	-0.0192789081182384	0.328503413768749	0.345151054101143	0.016647640332394
chr15:101285801:101286214:clu_16375	0.198966764657229	0.35073718235342	0.384383191044936	0.033646008691516
chr15:101285801:101286908:clu_16375	-0.415959536647925	0.20804270335924	0.123275271626885	-0.0847674317323555
chr15:101286293:101286908:clu_16375	0.216992771990696	0.44122011428734	0.492341537328179	0.0511214230408396
chr15:101650161:101651696:clu_16378	0.05182648003253	0.538530937776075	0.564164966060154	0.0256340282840788
chr15:101650161:101652271:clu_16378	-0.05182648003253	0.461469062223925	0.435835033939846	-0.0256340282840788
chr16:289607:291190:clu_14219	-0.389558171760898	0.299399383487156	0.198871183291242	-0.100528200195914
chr16:289607:293488:clu_14219	0.113194028330012	0.537416687617065	0.590166576706701	0.0527498890896362
chr16:291297:293488:clu_14219	0.276364143430886	0.163183928895779	0.210962240002057	0.0477783111062777
chr16:634797:634889:clu_14240	0.338941844897604	0.569372506564447	0.671309249767163	0.101936743202716
chr16:634797:635281:clu_14240	-0.116202074807064	0.0958753466580087	0.0717078321529435	-0.0241675145050652
chr16:634956:635281:clu_14240	-0.0662925031738788	0.243271251421096	0.191260764231837	-0.0520104871892594
chr16:635063:635281:clu_14240	-0.156447266916662	0.0914808953564477	0.0657221538480563	-0.0257587415083914
chr16:635340:635612:clu_14240_B	-0.459875220570277	0.485755653999501	0.351375898654492	-0.134379755345008
chr16:635340:636094:clu_14240_B	0.424916460075814	0.0680165263980346	0.119186947810068	0.0511704214120336
chr16:635774:636094:clu_14240_B	0.0349587604944632	0.446227819602465	0.52943715353544	0.0832093339329749
chr16:642249:646472:clu_14241	-0.288906659488351	0.317974005301105	0.282502196515047	-0.0354718087860571
chr16:642249:647417:clu_14241	1.09872067940877	0.117981953656859	0.419840848484055	0.301858894827196
chr16:646608:647417:clu_14241	-0.809814019920421	0.564044041042037	0.297656955000898	-0.266387086041139
chr16:668699:669553:clu_14245	0.163346639725358	0.55963868624603	0.60215949130549	0.04252080505946
chr16:668699:670123:clu_14245	-0.179363881161976	0.0671729465583684	0.0513051449302844	-0.015867801628084
chr16:669606:670123:clu_14245	0.016017241436618	0.373188367195602	0.346535363764225	-0.0266530034313762
chr16:670175:670249:clu_14246	0.113649589881548	0.780988956246551	0.817386182755969	0.036397226509418
chr16:670175:670266:clu_14246	-0.113649589881548	0.219011043753449	0.182613817244031	-0.036397226509418
chr16:670557:670675:clu_14247	0.30522394072849	0.93177375211126	0.961753589244853	0.0299798371335931
chr16:670557:670774:clu_14247	-0.30522394072849	0.0682262478887401	0.038246410755147	-0.0299798371335931
chr16:1729578:1743332:clu_14296	-0.115735957740641	0.400878877925141	0.346768002801148	-0.0541108751239927
chr16:1729578:1743335:clu_14296	0.115735957740641	0.599121122074859	0.653231997198852	0.0541108751239927
chr16:1761278:1762351:clu_14299	-0.383094020936325	0.288474647049072	0.158558632591604	-0.129916014457468
chr16:1761305:1762351:clu_14299	0.383094020936325	0.711525352950928	0.841441367408396	0.129916014457468
chr16:1770766:1770881:clu_14304	0.111756198050172	0.877616245976945	0.899669720861604	0.0220534748846589
chr16:1770766:1770889:clu_14304	-0.111756198050172	0.122383754023055	0.100330279138396	-0.0220534748846588
chr16:1786655:1786757:clu_14312	0.451178698406338	0.314880259434554	0.407077188334765	0.0921969289002107
chr16:1786655:1787677:clu_14312	-0.668504194549436	0.179796892973828	0.0758649912837296	-0.103931901690098
chr16:1786955:1787677:clu_14312	0.217325496143098	0.505322847591619	0.517057820381506	0.0117349727898874
chr16:2076585:2079032:clu_14328	-0.146372522815188	0.557733041952696	0.484810102068644	-0.0729229398840518
chr16:2076585:2079035:clu_14328	0.146372522815188	0.442266958047304	0.515189897931356	0.0729229398840519
chr16:2207345:2208210:clu_14344	0.421109002437186	0.384126871102189	0.492044810421872	0.107917939319683
chr16:2207345:2208450:clu_14344	-0.741988960185015	0.271214353172314	0.108571442839699	-0.162642910332614
chr16:2208334:2208450:clu_14344	0.320879957747829	0.344658775725497	0.399383746738429	0.0547249710129316
chr16:2264331:2264573:clu_14350	0.0711861056868172	0.286780982573425	0.3159651475366	0.0291841649631758
chr16:2264331:2268055:clu_14350	0.163640632778687	0.265351928928721	0.320673869275982	0.0553219403472607
chr16:2264760:2268055:clu_14350	-0.234826738465504	0.447867088497854	0.363360983187418	-0.0845061053104363
chr16:2752846:2756334:clu_14363	-0.410520099902116	0.253320849744001	0.192575599474425	-0.0607452502695761
chr16:2752846:2757472:clu_14363	0.716414315365117	0.0635202868567959	0.149026729623968	0.0855064427671719
chr16:2752854:2756334:clu_14363	-0.129912174534611	0.0393451507493719	0.0395993456416926	0.000254194892320647
chr16:2756606:2757472:clu_14363	-0.17598204092839	0.643813712649832	0.618798325259915	-0.0250153873899165
chr16:2758547:2758985:clu_14364	-0.101917122047043	0.927490153304208	0.912530038362494	-0.014960114941714
chr16:2758547:2758988:clu_14364	0.101917122047043	0.0725098466957916	0.0874699616375055	0.0149601149417139
chr16:2759661:2759747:clu_14365	-0.433303223922632	0.353626394460756	0.203519660588077	-0.150106733872679
chr16:2759661:2760301:clu_14365	0.559348897544977	0.377278542242142	0.58590491448707	0.208626372244929
chr16:2760008:2760301:clu_14365	-0.126045673622345	0.269095063297102	0.210575424924853	-0.0585196383722494
chr16:2768261:2768505:clu_14366	-0.495033867138374	0.180304739296987	0.100092981735714	-0.0802117575612729
chr16:2768261:2768997:clu_14366	0.18206686117561	0.791453676540733	0.864735115870502	0.0732814393297695
chr16:2768599:2768997:clu_14366	0.312967005962764	0.0282415841622804	0.0351719023937838	0.00693031823150342
chr16:2769284:2769628:clu_14367	-0.676180883462083	0.0902270243445322	0.0382850362812739	-0.0519419880632582
chr16:2769284:2769862:clu_14367	0.285125305933996	0.133176448516191	0.147778015755305	0.0146015672391137
chr16:2769284:2770352:clu_14367	0.242983489911872	0.649474949150804	0.690943997314636	0.0414690481638321
chr16:2770227:2770352:clu_14367	0.148072087616215	0.127121577988473	0.122992950648786	-0.00412862733968741
chr16:2770465:2770604:clu_14368	0.0790948326052749	0.926955707971419	0.936969349851902	0.010013641880483
chr16:2770465:2770607:clu_14368	-0.0790948326052749	0.0730442920285813	0.0630306501480983	-0.010013641880483
chr16:2772102:2775451:clu_14369	0.0265617717518156	0.474917388180466	0.447683487622688	-0.027233900557778
chr16:2772102:2776993:clu_14369	-0.17980876118658	0.031364434148459	0.0240527578184451	-0.00731167633001388
chr16:2775556:2776993:clu_14369	0.153246989434764	0.493718177671075	0.528263754558867	0.0345455768877919
chr16:3736815:3738559:clu_14434	-0.29646005502296	0.271786601877839	0.193920091597712	-0.0778665102801266
chr16:3736815:3740399:clu_14434	0.672168104804965	0.267183006837915	0.502196245745348	0.235013238907433
chr16:3739724:3740399:clu_14434	-0.375708049782005	0.461030391284246	0.30388366265694	-0.157146728627306
chr16:3745354:3745440:clu_14435	0.354765328785913	0.118478839930696	0.214605619741824	0.0961267798111272
chr16:3745354:3749627:clu_14435	-0.354765328785913	0.881521160069304	0.785394380258176	-0.0961267798111272
chr16:4361469:4361749:clu_14446	-0.647690016422431	0.278202674229311	0.0719575879930221	-0.206245086236289
chr16:4361469:4361985:clu_14446	1.295389401632	0.479281550490393	0.865315887917175	0.386034337426782
chr16:4361803:4361985:clu_14446	-0.647699385209569	0.242515775280296	0.0627265240898028	-0.179789251190493
chr16:4664775:4665099:clu_14464	-0.0343374296128846	0.143775233571773	0.1355261346519	-0.0082490989198738
chr16:4664775:4665102:clu_14464	0.0343374296128846	0.856224766428226	0.8644738653481	0.0082490989198738
chr16:4683932:4686259:clu_14467	-0.107706489462154	0.12056334634506	0.181748952416052	0.0611856060709922
chr16:4683932:4688796:clu_14467	-0.982236476153763	0.818643735282058	0.514692710932234	-0.303951024349824
chr16:4686303:4688796:clu_14467	1.08994296561592	0.0607929183728816	0.303558336651713	0.242765418278832
chr16:4823907:4831979:clu_14479	0.252112249540979	0.37224198755647	0.491191653307844	0.118949665751374
chr16:4823907:4832774:clu_14479	0.0463104839267468	0.0994356585589247	0.106804414399504	0.00736875584057906
chr16:4832221:4832774:clu_14479	-0.298422733467726	0.528322353884606	0.402003932292652	-0.126318421591953
chr16:4870972:4871155:clu_14485	-0.144799093597482	0.483994806207135	0.461193564085074	-0.0228012421220614
chr16:4870972:4872884:clu_14485	0.317499852971299	0.10343681461032	0.156491789272916	0.0530549746625969
chr16:4871301:4872884:clu_14485	-0.172700759373817	0.412568379182545	0.38231464664201	-0.0302537325405355
chr16:8923413:8930293:clu_14508	0.555645106853061	0.886537920904829	0.959579009439456	0.0730410885346271
chr16:8929543:8930293:clu_14508	-0.555645106853061	0.113462079095171	0.0404209905605437	-0.0730410885346271
chr16:9093001:9100925:clu_14509	0.86503776611106	0.02479315174545	0.113432404515415	0.088639252769965
chr16:9093001:9102984:clu_14509	-0.795830232602438	0.933242420250802	0.81113672332194	-0.122105696928863
chr16:9101029:9102984:clu_14509	-0.069207533508621	0.0419644280037476	0.0754308721626454	0.0334664441588978
chr16:9103259:9108371:clu_14510	0.438733943107367	0.532799229745861	0.732795713413353	0.199996483667492
chr16:9103259:9116668:clu_14510	-0.438733943107367	0.467200770254139	0.267204286586647	-0.199996483667493
chr16:11556735:11586886:clu_14542	0.630779110161641	0.895600071118901	0.968041079811853	0.072441008692952
chr16:11556735:11587151:clu_14542	-0.630779110161641	0.104399928881099	0.0319589201881472	-0.0724410086929521
chr16:18789118:18790244:clu_14628	0.293213346442977	0.0459059637366709	0.0796039386526533	0.0336979749159824
chr16:18789118:18790310:clu_14628	-0.293213346442977	0.954094036263329	0.920396061347347	-0.0336979749159823
chr16:20737956:20738088:clu_14644	-0.402196609605812	0.233957860803364	0.131117624376396	-0.102840236426968
chr16:20737956:20738897:clu_14644	0.364548775516517	0.601589334138173	0.725799806135811	0.124210471997639
chr16:20738269:20738897:clu_14644	0.0376478340892949	0.164452805058464	0.143082569487793	-0.0213702355706708
chr16:21599898:21612645:clu_14651	0.0200624288962331	0.450421455832261	0.430162242595898	-0.0202592132363629
chr16:21599898:21617865:clu_14651	-0.143617568491407	0.049334307211047	0.0400015603135296	-0.00933274689751743
chr16:21612835:21617865:clu_14651	0.123555139595174	0.500244236956692	0.529836197090572	0.0295919601338804
chr16:21625115:21655227:clu_14652	0.002472124655988	0.578644995337062	0.579850006296783	0.00120501095972125
chr16:21625115:21655230:clu_14652	-0.002472124655988	0.421355004662938	0.420149993703217	-0.00120501095972125
chr16:21958599:21959339:clu_14658	-0.209082310804071	0.0754406770110041	0.050973287485224	-0.0244673895257801
chr16:21958599:21962460:clu_14658	0.209082310804071	0.924559322988996	0.949026712514776	0.0244673895257801
chr16:22513921:22516765:clu_14675	0.202382467244842	0.145001467096538	0.185449580088701	0.0404481129921634
chr16:22513921:22519138:clu_14675	-0.255281608749722	0.0964283923172813	0.0780364314676134	-0.0183919608496679
chr16:22513921:22523820:clu_14675	-0.263221143484275	0.456660396810473	0.366638214060991	-0.0900221827494819
chr16:22519269:22523820:clu_14675	0.229675932030017	0.148338337801095	0.194966622076164	0.046628284275069
chr16:22519414:22523820:clu_14675	0.0864443529591376	0.153571405974613	0.174909152306531	0.0213377463319174
chr16:23494378:23495139:clu_14683	0.277950661038158	0.122909597240018	0.174850371812642	0.0519407745726241
chr16:23494378:23495694:clu_14683	-0.133310510097354	0.700898295726926	0.660887155508815	-0.0400111402181109
chr16:23495170:23495694:clu_14683	-0.144640150940805	0.176192107033056	0.164262472678543	-0.0119296343545131
chr16:24191230:24214658:clu_14692	0.00537541141083729	0.85819775486014	0.859501038060439	0.00130328320029882
chr16:24191230:24219961:clu_14692	-0.00537541141083729	0.14180224513986	0.140498961939561	-0.0013032832002989
chr16:24949484:24952289:clu_14702	-0.0979842614780626	0.491256380616606	0.482965718246832	-0.0082906623697746
chr16:24949484:24952931:clu_14702	0.217240694010417	0.0711768746697614	0.0959063745010393	0.0247294998312779
chr16:24952370:24952931:clu_14702	-0.119256432532355	0.437566744713632	0.421127907252129	-0.0164388374615034
chr16:27314020:27330066:clu_14714	-0.205603941967369	0.354146292326503	0.319574364698683	-0.0345719276278204
chr16:27314020:27340186:clu_14714	0.427087529365304	0.13173728908674	0.223806333152983	0.0920690440662427
chr16:27330198:27340186:clu_14714	-0.221483587397935	0.514116418586757	0.456619302148335	-0.0574971164384222
chr16:27340273:27341070:clu_14714_B	-0.306943747324381	0.0159466116489771	0.00866764479201386	-0.00727896685696324
chr16:27340273:27342121:clu_14714_B	0.313364371437312	0.972246866568178	0.982665327317074	0.0104184607488959
chr16:27341313:27342121:clu_14714_B	-0.00642062411293082	0.0118065217828448	0.00866702789091211	-0.00313949389193265
chr16:27342259:27344594:clu_14715	-7.96523431000222	0.0241059451019947	2.97993556725005e-09	-0.0241059421220592
chr16:27342259:27344869:clu_14715	7.96523431000222	0.975894054898005	0.999999997020064	0.0241059421220592
chr16:27345020:27345185:clu_14716	-5.31341082255687	0.0198000182659132	1.56978401674282e-05	-0.0197843204257457
chr16:27345020:27345374:clu_14716	1.54935649230204	0.00769094827796058	0.00582929693433687	-0.00186165134362371
chr16:27345020:27345572:clu_14716	-5.31970545756352	0.0149074273182496	1.17447367632779e-05	-0.0148956825814864
chr16:27345020:27346467:clu_14716	2.31906759907844	0.231678220567524	0.379142773404989	0.147464552837465
chr16:27345020:27352540:clu_14716	2.40091164998942	0.0143413476858313	0.0254713496891601	0.0111300020033287
chr16:27345789:27346467:clu_14716	0.659866930945243	0.195192619614364	0.06078539900256	-0.134407220611804
chr16:27346618:27352540:clu_14716	1.84989425864731	0.484823912084616	0.496297642824032	0.0114737307394162
chr16:27346618:27352545:clu_14716	1.85401934915793	0.0315655061855422	0.0324460955679919	0.000880589382449712
chr16:27355907:27358916:clu_14717	7.94457780005848	0.954395265628786	0.999999993992289	0.0456047283635033
chr16:27356838:27358916:clu_14717	-7.94457780005848	0.0456047343712145	6.00771126980591e-09	-0.0456047283635032
chr16:27358994:27360766:clu_14718	-0.0641939304483791	0.340422695643627	0.328597224755155	-0.0118254708884712
chr16:27358994:27362252:clu_14718	0.156231891809362	0.197395611094097	0.237526787697196	0.0401311766030991
chr16:27360815:27362252:clu_14718	-0.0920379613609831	0.462181693262277	0.433875987547649	-0.0283057057146279
chr16:28106497:28107522:clu_14729	0.408410992310444	0.948038210618268	0.976355775444458	0.0283175648261893
chr16:28106497:28107562:clu_14729	-0.408410992310444	0.0519617893817317	0.0236442245555425	-0.0283175648261892
chr16:28107677:28111817:clu_14730	-0.109601004574722	0.485054378491888	0.515493346240036	0.0304389677481475
chr16:28107677:28112904:clu_14730	-0.325088676092886	0.0468731251543818	0.0401579410741244	-0.00671518408025737
chr16:28111942:28112904:clu_14730	0.783858002986478	0.0300329125766107	0.07799278048179	0.0479598679051794
chr16:28112006:28112904:clu_14730	-0.349168322318871	0.438039583777119	0.36635593220405	-0.0716836515730694
chr16:28133930:28135216:clu_14733	0.116983081924639	0.0398366085476719	0.0498145056373473	0.00997789708967543
chr16:28133933:28135216:clu_14733	-0.116983081924639	0.960163391452328	0.950185494362653	-0.00997789708967534
chr16:28152785:28152930:clu_14734	-0.423341161465002	0.309122743860184	0.200068188565295	-0.109054555294889
chr16:28152785:28156074:clu_14734	0.32817489735311	0.408968075425463	0.561197548860161	0.152229473434697
chr16:28152964:28155702:clu_14734	0.331331140326605	0.03757966529202	0.0517308964420585	0.0141512311500385
chr16:28152964:28155946:clu_14734	-0.138033279151423	0.0151767847005416	0.0130657544633096	-0.00211103023723197
chr16:28152964:28156074:clu_14734	0.162530741999467	0.0499267531017727	0.0580525549897522	0.00812580188797957
chr16:28155771:28155946:clu_14734	0.220331023767258	0.0102837716667177	0.012669013060765	0.00238524139404734
chr16:28155975:28156074:clu_14734	-0.480993362830014	0.168942205953301	0.103216043618659	-0.0657261623346417
chr16:28166585:28166668:clu_14735	-0.573803414099442	0.104692779510186	0.0357864453773847	-0.0689063341328009
chr16:28166585:28169750:clu_14735	0.573803414099442	0.895307220489814	0.964213554622615	0.0689063341328009
chr16:28176095:28177220:clu_14736	0.178446102162074	0.28149772872564	0.354117876104625	0.0726201473789855
chr16:28176095:28180941:clu_14736	0.0606229488240759	0.00995590316529972	0.0111322685423378	0.00117636537703803
chr16:28177332:28180941:clu_14736	-0.126422205509106	0.299236750935646	0.277514233435302	-0.0217225175003438
chr16:28177332:28211366:clu_14736	-0.0910400753964498	0.00609452222982377	0.00585566551710643	-0.000238856712717343
chr16:28181031:28208987:clu_14736	0.558109182939958	0.0231671564932084	0.0426021256545781	0.0194349691613697
chr16:28181031:28211366:clu_14736	-0.253876567049496	0.35352137443953	0.288624559493487	-0.0648968149460428
chr16:28209055:28211366:clu_14736	-0.325839385971056	0.0265265640108527	0.0201532712525633	-0.00637329275828933
chr16:28826390:28826862:clu_14752	-0.390284615780317	0.41823253476139	0.378862882244293	-0.0393696525170966
chr16:28826390:28829401:clu_14752	0.780684308904144	0.0467287426096171	0.136519183569059	0.089790440959442
chr16:28826986:28829401:clu_14752	-0.390399693123826	0.535038722628993	0.484617934186648	-0.0504207884423453
chr16:28831072:28832187:clu_14754	-0.211005328855555	0.0733816843522006	0.0493654921268519	-0.0240161922253487
chr16:28831072:28832205:clu_14754	0.211005328855555	0.926618315647799	0.950634507873148	0.0240161922253487
chr16:28832399:28832496:clu_14755	-0.0610983157108751	0.340254542133531	0.378817901608168	0.0385633594746377
chr16:28832399:28832817:clu_14755	-0.762853516308398	0.0194772371855656	0.0107494316927706	-0.00872780549279499
chr16:28832567:28832817:clu_14755	-0.355187791662583	0.302920020714366	0.251323502728302	-0.0515965179860647
chr16:28832567:28833059:clu_14755	1.37341310684968	0.00820739927321418	0.0383559301592905	0.0301485308860764
chr16:28832887:28833059:clu_14755	-0.19427348316782	0.329140800693324	0.320753233811469	-0.00838756688185444
chr16:28835399:28835546:clu_14756	0.0549237551508892	0.144160515268224	0.158249871419527	0.0140893561513025
chr16:28835399:28835549:clu_14756	-0.0549237551508892	0.855839484731776	0.841750128580473	-0.0140893561513025
chr16:28836122:28836728:clu_14757	0.288327884041639	0.40737914418604	0.494634490854105	0.0872553466680655
chr16:28836122:28836751:clu_14757	0.147250395694666	0.3360092904871	0.354297196475603	0.0182879059885031
chr16:28836176:28836751:clu_14757	-0.435578279736304	0.25661156532686	0.151068312670292	-0.105543252656569
chr16:28845055:28845314:clu_14758	0.340368339158899	0.430266322516609	0.46348102700755	0.0332147044909405
chr16:28845055:28845912:clu_14758	-0.603219924537383	0.0543993527371873	0.0228083128960341	-0.0315910398411531
chr16:28845480:28845912:clu_14758	0.262851585378484	0.515334324746204	0.513710660096416	-0.00162366464978747
chr16:28872705:28873170:clu_14763	0.106577083099024	0.742976418565301	0.781537820433702	0.0385614018684005
chr16:28872758:28873170:clu_14763	-0.106577083099024	0.257023581434699	0.218462179566298	-0.0385614018684005
chr16:28978044:28978946:clu_14772	-0.786812554175944	0.327368859593913	0.0916431848291621	-0.235725674764751
chr16:28978044:28979155:clu_14772	0.786812554175944	0.672631140406087	0.908356815170838	0.235725674764751
chr16:29663080:29663695:clu_14789	-0.753217900079113	0.052676691505901	0.0121776187578335	-0.0404990727480676
chr16:29663316:29663695:clu_14789	0.753217900079113	0.947323308494099	0.987822381242166	0.0404990727480675
chr16:29744951:29745697:clu_14792	0.0706365276092161	0.0362674575479682	0.0415420349189703	0.00527457737100214
chr16:29744951:29745911:clu_14792	-0.0706365276092161	0.963732542452032	0.95845796508103	-0.00527457737100212
chr16:29808741:29809540:clu_14799	-0.0859052100676099	0.445226507872909	0.403287150243149	-0.0419393576297599
chr16:29808741:29810077:clu_14799	0.0859052100676099	0.554773492127091	0.59671284975685	0.0419393576297598
chr16:29820510:29830474:clu_14801	-0.239528121855172	0.267109275539165	0.184162750112012	-0.0829465254271535
chr16:29820510:29830515:clu_14801	0.239528121855172	0.732890724460835	0.815837249887989	0.0829465254271535
chr16:29834066:29834326:clu_14802	-0.452148446572554	0.0298284165000601	0.0136060675923798	-0.0162223489076803
chr16:29834066:29835704:clu_14802	0.904703435353228	0.413500712121201	0.732574795325725	0.319074083204524
chr16:29834437:29835704:clu_14802	-0.452554988780674	0.556670871378739	0.253819137081895	-0.302851734296844
chr16:29962132:29963107:clu_14809	-0.0409809414253658	0.389946276151992	0.370633528540951	-0.0193127476110411
chr16:29962132:29963110:clu_14809	0.0409809414253658	0.610053723848008	0.629366471459049	0.019312747611041
chr16:30001040:30001212:clu_14817	-0.492898359212894	0.608445005866494	0.367021468485409	-0.241423537381085
chr16:30001040:30001414:clu_14817	0.492898359212894	0.391554994133506	0.632978531514591	0.241423537381085
chr16:30064505:30067234:clu_14818	-0.826261122821844	0.389857338642553	0.109054629070225	-0.280802709572328
chr16:30065927:30067234:clu_14818	0.826261122821844	0.610142661357447	0.890945370929775	0.280802709572328
chr16:30076094:30076315:clu_14819	-0.240091510648827	0.844288400534143	0.770353007574672	-0.0739353929594703
chr16:30076100:30076315:clu_14819	0.240091510648828	0.155711599465857	0.229646992425328	0.0739353929594704
chr16:30092793:30094789:clu_14823	-0.0211519731416466	0.0386709213824992	0.0270946325351412	-0.011576288847358
chr16:30092799:30094385:clu_14823	-0.342518770653311	0.0321816980315518	0.0163508326725283	-0.0158308653590236
chr16:30092799:30094789:clu_14823	0.363670743794958	0.929147380585949	0.95655453479233	0.0274071542063814
chr16:30095335:30096097:clu_14825	0.347397975357884	0.0894897940018357	0.164504838691819	0.0750150446899834
chr16:30095434:30096097:clu_14825	-0.347397975357884	0.910510205998164	0.835495161308181	-0.0750150446899833
chr16:30114708:30115595:clu_14830	-0.14367002000706	0.116737992197043	0.0670181978708025	-0.0497197943262406
chr16:30114708:30116636:clu_14830	0.6984024571766	0.626930061406231	0.835424199006372	0.20849413760014
chr16:30115645:30116636:clu_14830	-0.55473243716954	0.256331946396726	0.0975576031228259	-0.1587743432739
chr16:30117003:30117154:clu_14831	-3.37823267696893	0.576959004088771	0.563396525659039	-0.0135624784297316
chr16:30117003:30117670:clu_14831	6.75646535393786	9.55209642783519e-07	0.0235077648418824	0.0235068096322396
chr16:30117285:30117670:clu_14831	-3.37823267696893	0.423040040701587	0.413095709499079	-0.00994433120250809
chr16:30183725:30185209:clu_14833	0.324411766412379	0.969673058629296	0.983916482418242	0.0142434237889454
chr16:30184343:30185209:clu_14833	-0.324411766412379	0.0303269413707037	0.0160835175817584	-0.0142434237889454
chr16:30472898:30473965:clu_14847	0.0667487553800752	0.0894866317954374	0.0396545023892214	-0.049832129406216
chr16:30472898:30474196:clu_14847	0.979831566327714	0.863450418275114	0.953495336067708	0.0900449177925938
chr16:30474083:30474196:clu_14847	-1.04658032170779	0.0470629499294487	0.00685016154307097	-0.0402127883863777
chr16:30475580:30479091:clu_14848	0.163127859783701	0.409039028729549	0.394779268508122	-0.0142597602214272
chr16:30475580:30481439:clu_14848	0.291309499688176	0.0164089401092755	0.0180027436875516	0.00159380357827615
chr16:30479208:30479331:clu_14848	0.268182582244219	0.266434583641867	0.285630692012923	0.019196108371056
chr16:30479208:30481439:clu_14848	-0.974170660064935	0.0312556151368108	0.00967375688301161	-0.0215818582537992
chr16:30479461:30481439:clu_14848	0.251550718348839	0.276861832382498	0.291913538908392	0.0150517065258943
chr16:30499234:30499338:clu_14851	0.133915845445064	0.897098216302627	0.919325823024152	0.0222276067215258
chr16:30499234:30499373:clu_14851	-0.133915845445064	0.102901783697374	0.0806741769758476	-0.0222276067215259
chr16:30504264:30505244:clu_14852	0.0916255583699522	0.426069281216099	0.471367457785631	0.0452981765695321
chr16:30504264:30505247:clu_14852	-0.0916255583699522	0.573930718783901	0.528632542214369	-0.0452981765695321
chr16:30660442:30661180:clu_14864	-0.0976371100210674	0.464726086637683	0.478273546109776	0.0135474594720927
chr16:30660442:30662420:clu_14864	0.29868705705298	0.0415028766392498	0.0634861377229055	0.0219832610836557
chr16:30661333:30662420:clu_14864	-0.201049947031913	0.493771036723067	0.458240316167318	-0.0355307205557484
chr16:31182664:31183858:clu_14898	0.0621761710681015	0.680140478959528	0.706567229208295	0.0264267502487672
chr16:31182664:31183861:clu_14898	-0.0621761710681015	0.319859521040472	0.293432770791705	-0.0264267502487672
chr16:31185179:31186802:clu_14900	0.263716981067248	0.506730672039134	0.520346106621212	0.0136154345820777
chr16:31185179:31188325:clu_14900	-0.551390390635858	0.0655471712358055	0.0297901326489452	-0.0357570385868604
chr16:31186836:31188325:clu_14900	0.28767340956861	0.42772215672506	0.449863760729843	0.0221416040047828
chr16:31201841:31202147:clu_14903	0.118356107669068	0.423740286345007	0.475850252738913	0.0521099663939059
chr16:31201841:31202417:clu_14903	-0.0143512065727589	0.0716674447928994	0.0704787860209005	-0.00118865877199889
chr16:31202203:31202417:clu_14903	-0.104004901096309	0.504592268862093	0.453670961240186	-0.050921307621907
chr16:46959419:46960218:clu_14940	0.203860111946987	0.43774795093152	0.539272259447049	0.101524308515529
chr16:46959419:46964611:clu_14940	-0.203860111946987	0.56225204906848	0.460727740552951	-0.101524308515529
chr16:48548114:48551386:clu_14956	-0.0161082391655523	0.346096529425392	0.34499679625767	-0.00109973316772183
chr16:48548114:48553539:clu_14956	-0.118705655120488	0.396816071155555	0.356984680249174	-0.0398313909063805
chr16:48551482:48553539:clu_14956	0.13481389428604	0.257087399419053	0.298018523493156	0.0409311240741024
chr16:50246203:50287912:clu_14969	0.617791249980854	0.00791299969173767	0.0610648048175012	0.0531518051257635
chr16:50266587:50287912:clu_14969	-3.83283093703361	0.278933515997989	0.0251229057365636	-0.253810610261425
chr16:50266680:50287912:clu_14969	-3.83283127124223	0.61362152619031	0.0552674731579126	-0.558354053032397
chr16:50274198:50287912:clu_14969	0.388243630595028	0.0994554198841695	0.610080319403777	0.510624899519607
chr16:50279704:50287912:clu_14969	6.65962732769997	7.65382357943095e-05	0.248464496884246	0.248387958648451
chr16:50309646:50310454:clu_14974	-0.0211841724018379	0.0552694505469818	0.0611953002484616	0.00592584970147979
chr16:50309646:50310687:clu_14974	-0.226861506796657	0.457534269425906	0.412412689711047	-0.0451215797148589
chr16:50309646:50311693:clu_14974	0.346025891135124	0.0468231427507237	0.0748463777435637	0.02802323499284
chr16:50310880:50311693:clu_14974	-0.0979802119366295	0.440373137276389	0.451545632296928	0.0111724950205391
chr16:50313036:50313958:clu_14976	0.304497890435505	0.822635843605321	0.895041439638982	0.072405596033661
chr16:50313491:50313958:clu_14976	-0.304497890435505	0.177364156394679	0.104958560361018	-0.072405596033661
chr16:50320774:50321982:clu_14979	0.243388263857419	0.661160292213571	0.760467757176142	0.099307464962571
chr16:50320777:50321982:clu_14979	-0.243388263857419	0.338839707786429	0.239532242823858	-0.0993074649625709
chr16:50322038:50323587:clu_14980	0.305687594234171	0.42165918536504	0.503014492230471	0.0813553068654316
chr16:50322038:50325748:clu_14980	-0.392469098337022	0.157021083560088	0.0931904273062369	-0.0638306562538512
chr16:50323698:50325748:clu_14980	0.0867815041028516	0.421319731074872	0.403795080463292	-0.0175246506115804
chr16:50669148:50675770:clu_14986	-0.0294497055278118	0.36364909235671	0.350131737409297	-0.0135173549474129
chr16:50674074:50675770:clu_14986	0.0294497055278118	0.63635090764329	0.649868262590703	0.0135173549474129
chr16:50742841:50744730:clu_14991	-0.355576965837453	0.189494183269749	0.113133650186039	-0.0763605330837104
chr16:50742841:50749576:clu_14991	0.321971107888779	0.586577412220485	0.689567272243987	0.102989860023502
chr16:50744866:50749576:clu_14991	0.0336058579486735	0.223928404509766	0.197299077569974	-0.0266293269397916
chr16:53442858:53447042:clu_15005	8.58298524818016	0.933628467878074	0.999999997507005	0.0663715296289303
chr16:53445929:53447042:clu_15005	-8.58298524818016	0.0663715321219258	2.49299549242322e-09	-0.0663715296289303
chr16:53453769:53454656:clu_15006	1.0313462133229	0.933693358309268	0.991053892845739	0.0573605345364709
chr16:53453769:53454709:clu_15006	-1.0313462133229	0.0663066416907317	0.00894610715426069	-0.057360534536471
chr16:53465602:53465771:clu_15008	-0.0114358309231857	0.100862793901387	0.0677614302267221	-0.0331013636746648
chr16:53465602:53467058:clu_15008	0.529160016554437	0.758951188181728	0.875473911096664	0.116522722914936
chr16:53465811:53467058:clu_15008	-0.517724185631251	0.140186017916885	0.0567646586766136	-0.0834213592402714
chr16:53467169:53469916:clu_15009	-0.0848410107865122	0.488485927064318	0.457958886302263	-0.0305270407620548
chr16:53467169:53470383:clu_15009	0.0487721549042106	0.0635935812462387	0.0681420472625474	0.00454846601630864
chr16:53470185:53470383:clu_15009	0.0360688558823017	0.447920491689444	0.47389906643519	0.0259785747457461
chr16:56609057:56609263:clu_15034	1.0472702386702	0.426152554888746	0.733322528008196	0.30716997311945
chr16:56609057:56683958:clu_15034	-0.261765824494273	0.00701996532945473	0.00326255437716983	-0.00375741095228491
chr16:56682568:56683165:clu_15034	-0.26184793479827	0.325823647969636	0.151415290231272	-0.174408357738365
chr16:56682568:56683958:clu_15034	-0.261819464670652	0.0239069020224293	0.0111102235533145	-0.0127966784691148
chr16:56683230:56683958:clu_15034	-0.261837014707003	0.217096929789733	0.100889403830048	-0.116207525959686
chr16:56935312:56935401:clu_15039	-0.5156673851249	0.478441123347809	0.393269304037721	-0.085171819310088
chr16:56935312:56935404:clu_15039	0.872296345557603	0.0111317259408284	0.0366613998033451	0.0255296738625167
chr16:56935312:56936687:clu_15039	0.674705879533966	0.0800172840497676	0.216280763942085	0.136263479892317
chr16:56935475:56936687:clu_15039	-0.515667420180093	0.416743996012071	0.3425554525528	-0.0741885434592713
chr16:56935497:56936687:clu_15039	-0.515667419786575	0.0136658706495243	0.0112330796640497	-0.0024327909854746
chr16:56989595:57017074:clu_15041	0.0449120015107468	0.385818810662192	0.40730971248873	0.0214909018265379
chr16:56989617:57017074:clu_15041	-0.0449120015107468	0.614181189337808	0.592690287511271	-0.0214909018265379
chr16:57055094:57055433:clu_15049	-0.127296602419871	0.241828266351258	0.225175050694369	-0.0166532156568891
chr16:57055094:57055436:clu_15049	-0.014820774597526	0.325125177913664	0.338775067869258	0.0136498899555939
chr16:57055094:57058065:clu_15049	0.325247648243976	0.0937872692194052	0.137307597543981	0.0435203283245756
chr16:57055519:57058065:clu_15049	-0.183130271226578	0.339259286515673	0.298742283892393	-0.0405170026232803
chr16:57061701:57062159:clu_15053	-0.0578073912719052	0.135364725814939	0.118683116801293	-0.0166816090136452
chr16:57061701:57065212:clu_15053	0.111433904582937	0.759828027586938	0.789040518017596	0.0292124904306581
chr16:57062173:57065212:clu_15053	-0.0536265133110319	0.104807246598123	0.0922763651811104	-0.0125308814170128
chr16:57074683:57076819:clu_15054	0.303137692563983	0.943860545150264	0.96858086744018	0.0247203222899161
chr16:57076056:57076819:clu_15054	-0.303137692563983	0.0561394548497363	0.0314191325598202	-0.024720322289916
chr16:57999683:58002479:clu_15080	1.72089234150177	0.0132201694440618	0.150413100548147	0.137192931104085
chr16:57999786:58002479:clu_15080	-0.860446100637447	0.0494465407561586	0.0425719472008304	-0.00687459355532814
chr16:58001581:58002479:clu_15080	-0.860446240864323	0.93733328979978	0.807014952251022	-0.130318337548757
chr16:58534395:58536968:clu_15088	0.027202401557511	0.298080626640868	0.309587232048836	0.0115066054079679
chr16:58534395:58536989:clu_15088	-0.027202401557511	0.701919373359132	0.690412767951164	-0.0115066054079679
chr16:66552793:66558190:clu_15101	-0.145761414399152	0.378092416898682	0.319804464678325	-0.0582879522203567
chr16:66552793:66563122:clu_15101	0.347341724931848	0.136458623074029	0.188990299170378	0.0525316760963495
chr16:66558348:66563122:clu_15101	0.197647480693879	0.129199698625743	0.154059556794153	0.0248598581684099
chr16:66558348:66565886:clu_15101	-0.504245410504652	0.100965746367833	0.0596723297452851	-0.0412934166225475
chr16:66563217:66565886:clu_15101	0.105017619278077	0.255283515033714	0.277473349611858	0.0221898345781446
chr16:67082308:67098710:clu_15115	0.00246754893365319	0.392349252994369	0.393526459196323	0.001177206201954
chr16:67082339:67098710:clu_15115	-0.00246754893365319	0.607650747005631	0.606473540803677	-0.00117720620195405
chr16:67155654:67156510:clu_15119	2.94032426742675	0.364799488422862	0.531027443311799	0.166227954888937
chr16:67156199:67156510:clu_15119	0.383190273493931	0.188078446752224	0.0212252391222416	-0.166853207629983
chr16:67156199:67159838:clu_15119	-6.19148074945897	0.116465488144738	1.83386544740423e-05	-0.116447149490264
chr16:67156668:67159838:clu_15119	2.86796620853828	0.330656576680176	0.447728978911485	0.117072402231309
chr16:67987760:67987852:clu_15186	0.086401197752145	0.466054844299766	0.434033611543018	-0.0320212327567478
chr16:67987760:67989323:clu_15186	0.0315363805607521	0.176812564030088	0.155873386425892	-0.0209391776041964
chr16:67987987:67989323:clu_15186	0.352462338624846	0.322089186663751	0.391391478744488	0.0693022920807365
chr16:67988002:67989323:clu_15186	-0.470399916937743	0.0350434050063944	0.0187015232866021	-0.0163418817197923
chr16:67990939:67991115:clu_15187	-0.302219036625431	0.252191424821162	0.155592251215863	-0.0965991736052988
chr16:67990997:67991115:clu_15187	0.302219036625431	0.747808575178838	0.844407748784137	0.0965991736052987
chr16:67991184:67991838:clu_15187_B	-0.386805866387206	0.50755527079481	0.470286868182634	-0.0372684026121763
chr16:67991184:67992064:clu_15187_B	0.672941057769836	0.0152214887306504	0.0406985448729163	0.0254770561422659
chr16:67991979:67992064:clu_15187_B	-0.286135191382631	0.477223240474539	0.48901458694445	0.0117913464699104
chr16:69120649:69121053:clu_15212	-0.0980750150257833	0.499808040946904	0.449704191298171	-0.0501038496487324
chr16:69120649:69121436:clu_15212	-0.106375684712699	0.18058622247221	0.161140005776812	-0.0194462166953975
chr16:69121170:69121436:clu_15212	0.204450699738483	0.319605736580887	0.389155802925017	0.0695500663441299
chr16:69762391:69776189:clu_15233	-0.0644396839071536	0.36679829156506	0.337410285802456	-0.0293880057626043
chr16:69762391:69786996:clu_15233	0.0644396839071535	0.63320170843494	0.662589714197544	0.0293880057626044
chr16:70560591:70561630:clu_15258	0.232490181383558	0.461892902267982	0.515758959098889	0.0538660568309073
chr16:70560591:70563876:clu_15258	-0.338602286814997	0.128193845421423	0.0808630949890784	-0.0473307504323444
chr16:70561784:70563876:clu_15258	0.10611210543144	0.409913252310595	0.403377945912032	-0.00653530639856276
chr16:74675764:74676301:clu_15300	0.505150727196619	0.212740565578296	0.371970152048816	0.159229586470519
chr16:74675764:74678899:clu_15300	-0.00742753539506859	0.303297581923297	0.317626566256249	0.0143289843329519
chr16:74676425:74678899:clu_15300	-0.49772319180155	0.483961852498406	0.310403281694935	-0.173558570803471
chr16:75641723:75644283:clu_15319	0.115952451495081	0.177567964830451	0.228842319976073	0.0512743551456217
chr16:75641723:75647578:clu_15319	-0.310080418082909	0.679406303963531	0.571844005242675	-0.107562298720856
chr16:75644462:75647578:clu_15319	0.194127966587828	0.143025731206018	0.199313674781253	0.0562879435752345
chr16:75648552:75654273:clu_15320	0.514291209754507	0.883121124450209	0.954821652515775	0.0717005280655659
chr16:75648682:75654273:clu_15320	-0.514291209754507	0.116878875549791	0.0451783474842255	-0.0717005280655658
chr16:81670245:81670683:clu_15329	0.145144231145914	0.0622452452898756	0.08150157494266	0.0192563296527844
chr16:81670245:81671966:clu_15329	-0.145144231145914	0.937754754710124	0.91849842505734	-0.0192563296527845
chr16:81701800:81702622:clu_15331	0.0795690692175472	0.392063254977873	0.458373220170153	0.0663099651922807
chr16:81701800:81703939:clu_15331	0.143487457827277	0.0430513305263641	0.0536548613622218	0.0106035308358577
chr16:81702669:81703939:clu_15331	-0.223056527044824	0.564885414495763	0.487971918467625	-0.0769134960281384
chr16:84070776:84074597:clu_15347	-0.0979438118768434	0.484495147229364	0.475104892501989	-0.00939025472737443
chr16:84070776:84081747:clu_15347	0.234675039998173	0.0910110446883886	0.124465418212958	0.0334543735245694
chr16:84074741:84081747:clu_15347	-0.13673122812133	0.424493808082248	0.400429689285053	-0.0240641187971949
chr16:84184989:84186901:clu_15356	-0.141243346620414	0.26303059203564	0.212024906517123	-0.0510056855185164
chr16:84185060:84186901:clu_15356	0.141243346620414	0.73696940796436	0.787975093482877	0.0510056855185164
chr16:88697633:88697934:clu_15414	-0.427289547488422	0.0808121825915055	0.0360566282925321	-0.0447555542989734
chr16:88697633:88698502:clu_15414	0.427289547488422	0.919187817408495	0.963943371707468	0.0447555542989733
chr16:88699732:88700618:clu_15416	-0.500424758560385	0.0550991642568381	0.021139192560974	-0.0339599716958641
chr16:88699732:88700784:clu_15416	0.324305012803277	0.0890697611098949	0.0779559484220845	-0.0111138126878104
chr16:88699732:88701262:clu_15416	0.67679404582491	0.664675265532239	0.827584850068037	0.162909584535798
chr16:88700940:88701262:clu_15416	-0.500674300067802	0.191155809101028	0.073320008948904	-0.117835800152124
chr16:88701418:88702773:clu_15416_B	-1.09351938448077	0.304174819526692	0.046773550060173	-0.257401269466519
chr16:88701418:88706171:clu_15416_B	1.09351938448077	0.695825180473308	0.953226449939827	0.257401269466519
chr16:88720532:88720616:clu_15419	-0.138065105881775	0.472709622033938	0.476781417679347	0.00407179564540922
chr16:88720532:88721166:clu_15419	0.349017422596979	0.0408757314026398	0.0671007955514283	0.0262250641487885
chr16:88720748:88721166:clu_15419	-0.210952316715205	0.486414646563422	0.456117786769224	-0.0302968597941977
chr16:88723971:88725009:clu_15421	0.14168479772223	0.425952278913136	0.441918053666867	0.0159657747537308
chr16:88723971:88725416:clu_15421	-0.405004557898681	0.200510404301145	0.120418590709019	-0.0800918135921257
chr16:88725080:88725416:clu_15421	0.263319760176451	0.373537316785719	0.437663355624114	0.064126038838395
chr16:88809706:88810070:clu_15426	-0.122221661892006	0.269435655382098	0.224100041264809	-0.0453356141172888
chr16:88809840:88810070:clu_15426	0.122221661892006	0.730564344617902	0.775899958735191	0.0453356141172887
chr16:88859972:88860911:clu_15433	0.129870914366524	0.345116372082213	0.40592574931735	0.0608093772351371
chr16:88859972:88860914:clu_15433	-0.129870914366524	0.654883627917787	0.59407425068265	-0.060809377235137
chr16:89291183:89291681:clu_15443	-0.460298269608128	0.259259092468794	0.19439192637103	-0.0648671660977636
chr16:89291183:89305206:clu_15443	-0.460298606644157	0.628705574296148	0.471401968405005	-0.157303605891143
chr16:89300962:89305206:clu_15443	0.920596876252285	0.112035333235058	0.334206105223964	0.222170771988907
chr16:89873859:89878461:clu_15480	-0.223006572395596	0.111751395997231	0.0603946479952374	-0.0513567480019937
chr16:89873859:89883351:clu_15480	0.56584384947688	0.723600347422808	0.86067195022045	0.137071602797642
chr16:89878627:89883351:clu_15480	-0.342837277081284	0.164648256579961	0.0789334017843127	-0.0857148547956486
chr16:89893858:89895038:clu_15482	0.0978355585401476	0.87275982302822	0.892951958371352	0.020192135343132
chr16:89893858:89895083:clu_15482	-0.0978355585401476	0.12724017697178	0.107048041628648	-0.020192135343132
chr16:89907322:89908966:clu_15486	-0.269022572100994	0.130534291837625	0.103212310728952	-0.027321981108673
chr16:89907322:89910591:clu_15486	-0.0308099223618155	0.807429780911318	0.810151213378887	0.00272143246756917
chr16:89909107:89910591:clu_15486	0.29983249446281	0.0620359272510572	0.0866364758921609	0.0246005486411037
chr17:1100735:1108934:clu_19469	-1.18515799046877	0.926411865950169	0.540540593783555	-0.385871272166614
chr17:1100735:1125183:clu_19469	1.18515799046877	0.0735881340498305	0.459459406216445	0.385871272166614
chr17:3720402:3723288:clu_19542	-0.157625596867199	0.330869634684906	0.266755219132753	-0.0641144155521527
chr17:3720402:3723688:clu_19542	0.976855198503813	0.217538159521367	0.545368704164866	0.327830544643499
chr17:3723383:3723688:clu_19542	-0.819229601636613	0.451592205793727	0.187876076702381	-0.263716129091346
chr17:3925438:3928663:clu_19551	-0.19695154464967	0.214373890186593	0.174516377937531	-0.0398575122490619
chr17:3925441:3928240:clu_19551	0.144494824418868	0.0472644700469636	0.0541361501872472	0.00687168014028364
chr17:3925441:3928663:clu_19551	0.0524567202308018	0.738361639766444	0.771347471875222	0.0329858321087784
chr17:4710744:4715013:clu_19576	0.310092189376903	0.317004147177503	0.260351799849863	-0.0566523473276404
chr17:4710744:4715973:clu_19576	1.68972801340855	0.109207610990543	0.356382830287718	0.247175219297174
chr17:4715043:4715973:clu_19576	0.262366087871266	0.482134777300717	0.377517351103861	-0.104617426196856
chr17:4715336:4715973:clu_19576	-2.26218629065672	0.0916534645312358	0.00574801875855841	-0.0859054457726774
chr17:4716033:4716147:clu_19577	-0.372291430676278	0.489391360367449	0.447483430618802	-0.0419079297486475
chr17:4716033:4716412:clu_19577	0.614460442256657	0.0147027737225472	0.0360629149521077	0.0213601412295605
chr17:4716191:4716412:clu_19577	-0.242169011580379	0.495905865910003	0.51645365442909	0.0205477885190871
chr17:4718023:4718261:clu_19579	0.0878691701773954	0.369061340861209	0.391883089681494	0.0228217488202848
chr17:4718023:4718612:clu_19579	-0.0944120905705745	0.101160276209637	0.0895167340609643	-0.0116435421486722
chr17:4718345:4718612:clu_19579	0.00654292039317917	0.529778382929154	0.518600176257542	-0.0111782066716125
chr17:4720299:4720393:clu_19581	-0.343847881530637	0.427992513858594	0.406044924274626	-0.021947589583968
chr17:4720299:4720586:clu_19581	0.717404629791785	0.0080228409693913	0.0219969367717922	0.0139740958024009
chr17:4720472:4720550:clu_19581	-0.08853034712108	0.020494266893796	0.0250988196135252	0.00460455271972914
chr17:4720472:4720586:clu_19581	-0.285026401140068	0.543490378278219	0.546859319340057	0.00336894106183805
chr17:4892234:4892402:clu_19597	0.488912225468184	0.434000641216313	0.483090434373828	0.0490897931575152
chr17:4892234:4892656:clu_19597	-0.897024741230674	0.0857999840098365	0.0238847388401168	-0.0619152451697197
chr17:4892512:4892656:clu_19597	0.408112515762489	0.48019937477385	0.493024826786055	0.0128254520122046
chr17:4982160:4982757:clu_19615	0.177348657264205	0.636806863898175	0.714273111610872	0.0774662477126966
chr17:4982227:4982757:clu_19615	-0.177348657264205	0.363193136101825	0.285726888389128	-0.0774662477126965
chr17:5346925:5350451:clu_19624	-0.292662722624773	0.492696644585874	0.402213450818475	-0.090483193767399
chr17:5346925:5354359:clu_19624	0.255167466867326	0.0783669449479264	0.110644423546722	0.0322774785987959
chr17:5350629:5354359:clu_19624	0.0374952557574475	0.4289364104662	0.487142125634803	0.058205715168603
chr17:5422829:5425971:clu_19633	0.0499895113193326	0.457063547910159	0.425947455047417	-0.0311160928627415
chr17:5422829:5432542:clu_19633	-1.09460028966514	0.146883280309966	0.0435775459640054	-0.10330573434596
chr17:5426082:5426236:clu_19633	0.777662769656163	0.127520905899542	0.246028439088475	0.118507533188933
chr17:5426082:5432542:clu_19633	-0.0823464141851537	0.120545744764676	0.0984143806264399	-0.0221313641382365
chr17:5428211:5432542:clu_19633	0.3492944228748	0.147986521115657	0.186032179273662	0.0380456581580053
chr17:5499950:5500031:clu_19641	-0.0663138985165493	0.590467071455808	0.557604181851446	-0.0328628896043619
chr17:5499950:5501737:clu_19641	0.863456105586741	0.0738509514427166	0.176717848665965	0.102866897223249
chr17:5500112:5501737:clu_19641	-0.435015854822368	0.0820849832215646	0.0536128417324203	-0.0284721414891443
chr17:5500219:5501737:clu_19641	-0.167339007641656	0.0629586454733916	0.0537416587852245	-0.00921698668816706
chr17:5501303:5501737:clu_19641	-0.194787344606168	0.190638348406519	0.158323468964944	-0.0323148794415757
chr17:5517887:5520881:clu_19641_B	0.056962844101137	0.506988580519419	0.522489206857481	0.0155006263380627
chr17:5517887:5521524:clu_19641_B	-0.271809908204236	0.252617140171393	0.187394900481483	-0.0652222396899094
chr17:5521012:5521524:clu_19641_B	0.214847064103099	0.240394279309189	0.290115892661035	0.0497216133518467
chr17:5501872:5515473:clu_19641_C	-0.119435946643604	0.0413750830930577	0.03674797730336	-0.00462710578969763
chr17:5501872:5517746:clu_19641_C	0.262951898625659	0.291758809737783	0.379828431594264	0.0880696218564813
chr17:5515044:5515473:clu_19641_C	0.157313834815012	0.0350908900578525	0.041103598751194	0.00601270869334148
chr17:5515073:5515473:clu_19641_C	-0.136135776935795	0.245098975869436	0.214083606778966	-0.0310153690904706
chr17:5515517:5517746:clu_19641_C	-0.164694009861271	0.38667624124187	0.328236385572216	-0.0584398556696544
chr17:5532984:5533292:clu_19642	0.0274796501362281	0.0360874491848185	0.0313524205410702	-0.00473502864374825
chr17:5532984:5536851:clu_19642	-0.254558528975706	0.0309774884148143	0.020298945093733	-0.0106785433210813
chr17:5533384:5533897:clu_19642	0.19931448525784	0.282737863151095	0.291692849200448	0.00895498604935319
chr17:5533384:5536851:clu_19642	-0.0110103187050366	0.0117658612402487	0.00983609312137433	-0.00192976811887434
chr17:5533988:5536851:clu_19642	0.148855838566387	0.322957257211842	0.316791082143649	-0.00616617506819317
chr17:5533988:5539415:clu_19642	-0.348431431567924	0.0176266244283528	0.0105154517046838	-0.00711117272366901
chr17:5536940:5539415:clu_19642	0.238350305288213	0.297847456368829	0.319513158195042	0.0216657018262129
chr17:5553556:5555105:clu_19645	-0.05040558553158	0.0584124898972198	0.0374993035453618	-0.020913186351858
chr17:5553556:5558339:clu_19645	0.45590910838378	0.875864566000874	0.932919385415517	0.0570548194146431
chr17:5555180:5558339:clu_19645	-0.4055035228522	0.0657229441019064	0.0295813110391212	-0.0361416330627852
chr17:5560043:5581859:clu_19646	-0.803893558855468	0.997806777989418	0.989146993711322	-0.00865978427809644
chr17:5580411:5581859:clu_19646	0.803893558855468	0.00219322201058197	0.0108530062886785	0.00865978427809656
chr17:6760601:6761886:clu_19657	-0.413534402336005	0.554458412181802	0.352431661502837	-0.202026750678965
chr17:6760601:6762155:clu_19657	0.413534402336005	0.445541587818198	0.647568338497163	0.202026750678965
chr17:7012757:7013666:clu_19661	0.185262552848535	0.136347318652668	0.186117145967694	0.0497698273150263
chr17:7012761:7013666:clu_19661	-0.185262552848535	0.863652681347332	0.813882854032306	-0.0497698273150264
chr17:7016525:7016910:clu_19663	0.202898167201556	0.0258180181745703	0.0371120089293895	0.0112939907548192
chr17:7016685:7016910:clu_19663	-0.379014084514483	0.389900079725817	0.313201336006163	-0.0766987437196538
chr17:7016685:7017257:clu_19663	0.292124555755961	0.0540287969094461	0.0849116708829922	0.0308828739735462
chr17:7017014:7017257:clu_19663	0.0295433695238879	0.138155856402271	0.166983603579037	0.0288277471767661
chr17:7017014:7017261:clu_19663	-0.145552007966923	0.392097248787895	0.397791380602417	0.00569413181452244
chr17:7224069:7224146:clu_19675	0.214013454418897	0.531759197282054	0.535622797445026	0.00386360016297194
chr17:7224069:7224321:clu_19675	-0.464746461032278	0.0466399113572123	0.0238297822411126	-0.0228101291160997
chr17:7224243:7224321:clu_19675	0.250733006613381	0.421600891360734	0.440547420313862	0.0189465289531278
chr17:7224393:7224480:clu_19676	0.152590637711306	0.878395152097028	0.907417372032912	0.0290222199358834
chr17:7224393:7224484:clu_19676	-0.152590637711306	0.121604847902972	0.0925826279670885	-0.0290222199358833
chr17:7241460:7241601:clu_19681	0.134820044067344	0.474531944149768	0.512650735341157	0.0381187911913883
chr17:7241460:7242241:clu_19681	-0.119824870056167	0.0145471372005327	0.0121826785533772	-0.00236445864715553
chr17:7241679:7242241:clu_19681	-0.0149951740111772	0.510920918649699	0.475166586105466	-0.0357543325442327
chr17:7307115:7309615:clu_19687	0.584691112725767	0.0145942989935876	0.0302894398098455	0.015695140816258
chr17:7307752:7309615:clu_19687	-0.145555376570342	0.924012137180843	0.923939761016148	-7.23761646944654e-05
chr17:7308113:7309615:clu_19687	-0.439135736155425	0.0613935638255699	0.0457707991740065	-0.0156227646515634
chr17:7336787:7337312:clu_19698	0.193841159756935	0.416941029359265	0.499944985252585	0.0830039558933197
chr17:7336787:7341948:clu_19698	-0.0471443047883646	0.0302413278910425	0.0284963857950012	-0.00174494209604134
chr17:7337369:7341948:clu_19698	-0.14669685496857	0.552817642749692	0.471558628952414	-0.0812590137972783
chr17:7392952:7393144:clu_19707	0.258530636846177	0.431442501896941	0.481535165482424	0.0500926635854832
chr17:7392952:7393467:clu_19707	-0.565314522023495	0.216367315000288	0.105951066291227	-0.110416248709061
chr17:7393364:7393467:clu_19707	0.306783885177319	0.352190183102771	0.412513768226349	0.0603235851235781
chr17:7393509:7393601:clu_19708	0.484865978109146	0.392971473812777	0.367874208716892	-0.0250972650958852
chr17:7393509:7394104:clu_19708	-1.21661051708015	0.0927104978484101	0.015831620672149	-0.0768788771762611
chr17:7393836:7394104:clu_19708	0.731744538971009	0.514318028338813	0.616294170610959	0.101976142272146
chr17:7394159:7394477:clu_19709	-0.34066313632539	0.156994354901681	0.100433184951877	-0.0565611699498046
chr17:7394267:7394477:clu_19709	0.17197700311354	0.590829358999465	0.631091092275124	0.0402617332756594
chr17:7394271:7394477:clu_19709	0.16868613321185	0.252176286098854	0.268475722773	0.0162994366741454
chr17:7549312:7549471:clu_19715	-0.0665853466703305	0.31984304058135	0.291592149494152	-0.0282508910871988
chr17:7549312:7549474:clu_19715	0.0665853466703306	0.68015695941865	0.708407850505848	0.0282508910871988
chr17:7550978:7553587:clu_19717	0.0677165043526253	0.13666314192069	0.114480625423669	-0.0221825164970205
chr17:7550978:7556778:clu_19717	0.396376837331911	0.685980195094123	0.798229067842852	0.112248872748729
chr17:7553825:7556778:clu_19717	-0.464093341684537	0.177356662985188	0.0872903067334788	-0.0900663562517087
chr17:7574308:7574546:clu_19721	-0.377660589590845	0.420634468222409	0.398096426228854	-0.0225380419935542
chr17:7574308:7575119:clu_19721	0.756083197656505	0.0270659641198454	0.0795949646042005	0.0525290004843551
chr17:7574678:7575119:clu_19721	-0.378422608065661	0.552299567657746	0.522308609166945	-0.0299909584908008
chr17:7626793:7626943:clu_19731	0.0228698400270774	0.198601207373151	0.202001137704197	0.00339993033104563
chr17:7626793:7627143:clu_19731	0.109644077240452	0.419931708703121	0.465839351544425	0.0459076428413041
chr17:7627044:7627143:clu_19731	-0.132513917267529	0.381467083923728	0.332159510751378	-0.0493075731723497
chr17:7856843:7856985:clu_19743	-0.420764864040714	0.233878579945307	0.116287284696328	-0.11759129524898
chr17:7856843:7857015:clu_19743	0.420764864040714	0.766121420054693	0.883712715303672	0.11759129524898
chr17:7893935:7894115:clu_19748	0.0943674684005604	0.574064179903477	0.619443646499083	0.0453794665956062
chr17:7893935:7894127:clu_19748	-0.0943674684005604	0.425935820096523	0.380556353500917	-0.0453794665956062
chr17:7907488:7907601:clu_19755	0.0175350767093235	0.469629327648256	0.455484628364799	-0.0141446992834571
chr17:7907488:7907894:clu_19755	0.196486185937982	0.206959788682282	0.2400611965551	0.033101407872818
chr17:7907702:7907891:clu_19755	-0.241976555467234	0.0539215929763634	0.0403437959801703	-0.0135777969961931
chr17:7907702:7907894:clu_19755	0.0279552928199288	0.269489290693099	0.264110379099931	-0.00537891159316783
chr17:8141340:8141805:clu_19763	-0.473954304450666	0.660337978388133	0.621636884413727	-0.0387010939744064
chr17:8141340:8142269:clu_19763	0.947836725861797	0.019791073562121	0.0772175203561633	0.0574264467940422
chr17:8141955:8142269:clu_19763	-0.473882421411131	0.319870948049746	0.30114559523011	-0.018725352819636
chr17:8144993:8145958:clu_19764	-0.34786819981776	0.133827726975514	0.0935585177979257	-0.0402692091775887
chr17:8144993:8146372:clu_19764	-0.00302715291774556	0.743140357314381	0.733450217933427	-0.00969013938095342
chr17:8146137:8146372:clu_19764	0.350895352735506	0.123031915710105	0.172991264268647	0.0499593485585419
chr17:8146765:8146897:clu_19765	-0.602732099020217	0.517462176236939	0.332125113563138	-0.1853370626738
chr17:8146765:8147250:clu_19765	1.20535205952258	0.109436981911183	0.428379012698974	0.318942030787792
chr17:8147002:8147250:clu_19765	-0.60261996050236	0.373100841851879	0.239495873737887	-0.133604968113991
chr17:8150845:8152337:clu_19768	1.53234540714198	0.150417619799487	0.638114247445018	0.487696627645531
chr17:8150845:8156307:clu_19768	-0.766172726763299	0.79579403779401	0.338974218523883	-0.456819819270127
chr17:8153980:8156307:clu_19768	-0.766172680378679	0.0537883424065033	0.0229115340310999	-0.0308768083754035
chr17:8886602:8887096:clu_19795	-0.0581821311949104	0.342794111866267	0.317078271250393	-0.0257158406158737
chr17:8886605:8887096:clu_19795	0.0581821311949104	0.657205888133733	0.682921728749607	0.0257158406158737
chr17:16381955:16382412:clu_19840	-0.00985385255890179	0.63747468314101	0.632907993691735	-0.00456668944927563
chr17:16382183:16382412:clu_19840	0.00985385255890179	0.36252531685899	0.367092006308265	0.00456668944927574
chr17:16439414:16439528:clu_19845	-0.0601029997709592	0.0557590477411231	0.0486757752485362	-0.00708327249258692
chr17:16439414:16439581:clu_19845	-0.12959721889991	0.0475082864731159	0.0386888605856561	-0.00881942588745983
chr17:16439414:16439660:clu_19845	0.333264951466573	0.0346098696102225	0.0447749410405295	0.0101650714303071
chr17:16439414:16440185:clu_19845	0.159201247853963	0.689825354440813	0.749858478467271	0.0600331240264574
chr17:16439703:16440185:clu_19845	-0.302765980649667	0.172297441734725	0.118001944658008	-0.0542954970767176
chr17:16440253:16441074:clu_19846	0.149539863022022	0.407533333914459	0.411564702822654	0.00403136890819461
chr17:16440253:16441368:clu_19846	-0.317638550735186	0.0533043434311373	0.0337399609005316	-0.0195643825306056
chr17:16441130:16441368:clu_19846	0.168098687713163	0.539162322654404	0.554695336276815	0.015533013622411
chr17:17161356:17164109:clu_19857	-0.329721787784262	0.180677067568569	0.095780134223332	-0.0848969333452368
chr17:17161356:17171718:clu_19857	0.660031119659811	0.524406879676496	0.747971438924184	0.223564559247688
chr17:17167915:17171718:clu_19857	-0.330309331875549	0.294916052754935	0.156248426852484	-0.138667625902451
chr17:17174075:17175293:clu_19858	-0.246829129336342	0.434451782854849	0.385111867683054	-0.0493399151717941
chr17:17174075:17176426:clu_19858	0.435780170789334	0.102691654253468	0.180149856550103	0.077458202296635
chr17:17175412:17176426:clu_19858	-0.188951041452992	0.462856562891684	0.434738275766843	-0.028118287124841
chr17:18251813:18251999:clu_19892	-0.178393025574473	0.623960191425501	0.537331773512681	-0.0866284179128199
chr17:18251816:18251999:clu_19892	0.178393025574473	0.3760398085745	0.462668226487319	0.0866284179128197
chr17:21007996:21011040:clu_19930	-0.32223551848862	0.161880752612372	0.0920571832765888	-0.0698235693357829
chr17:21007996:21011151:clu_19930	0.32223551848862	0.838119247387628	0.907942816723411	0.0698235693357829
chr17:21284969:21298413:clu_19935	-3.61947902584178	0.963774944626799	0.916747273597552	-0.0470276710292479
chr17:21288091:21298413:clu_19935	7.23895805168355	9.8708123597129e-07	0.0487962217688598	0.0487952346876238
chr17:21296210:21298413:clu_19935	-3.61947902584178	0.0362240682919645	0.0344565046335886	-0.00176756365837583
chr17:27294435:27301788:clu_19939	-0.112313697612207	0.376690825418733	0.356065412997339	-0.0206254124213936
chr17:27294435:27303367:clu_19939	0.279982957670165	0.171260044736139	0.239647593825125	0.0683875490889859
chr17:27301956:27303367:clu_19939	-0.167669260057959	0.452049129845128	0.404286993177536	-0.0477621366675923
chr17:27306882:27307744:clu_19941	-0.169253965393728	0.460113256666724	0.377918007410414	-0.0821952492563101
chr17:27306882:27309100:clu_19941	0.169253965393728	0.539886743333276	0.622081992589586	0.0821952492563102
chr17:27309272:27310061:clu_19942	-0.17624959618241	0.446284432822707	0.404888587348248	-0.0413958454744582
chr17:27309272:27311509:clu_19942	0.26761211920422	0.11312867271231	0.159979075512533	0.0468504028002234
chr17:27310174:27311509:clu_19942	-0.0913625230218095	0.440586894464984	0.435132337139218	-0.00545455732576516
chr17:27638354:27640572:clu_19947	0.0523558329025876	0.954507077173979	0.958843656054704	0.00433657888072547
chr17:27638354:27640643:clu_19947	-0.0523558329025876	0.0454929228260213	0.0411563439452958	-0.00433657888072552
chr17:27642348:27643525:clu_19948	-0.0159396815242727	0.111985753300465	0.112313619783912	0.000327866483447126
chr17:27642348:27645314:clu_19948	-0.19277792672855	0.305337615412375	0.256596119471241	-0.048741495941134
chr17:27642348:27645861:clu_19948	-0.194305647958281	0.0542132570004669	0.0454895659748013	-0.00872369102566553
chr17:27643620:27645314:clu_19948	0.361885821653175	0.0609116246424335	0.0891368665348225	0.028225241892389
chr17:27645349:27645861:clu_19948	0.0411374345579292	0.46755174964426	0.496463828235223	0.0289120785909632
chr17:27647118:27647270:clu_19949	0.0733159533765988	0.480146985560708	0.469031919941539	-0.0111150656191694
chr17:27647118:27648836:clu_19949	-0.230744251639988	0.0626396433592126	0.0451466780777891	-0.0174929652814235
chr17:27647432:27648836:clu_19949	0.157428298263389	0.457213371080079	0.485821401980672	0.0286080309005926
chr17:28882691:28883108:clu_19994	0.479365452033492	0.961673780221673	0.984950875342225	0.0232770951205522
chr17:28882691:28883177:clu_19994	-0.479365452033492	0.038326219778327	0.0150491246577749	-0.0232770951205522
chr17:28883231:28884225:clu_19995	0.72419956392201	0.313817598449282	0.400977688899994	0.0871600904507123
chr17:28883231:28888945:clu_19995	-0.341119130074732	0.0784579840169925	0.0345476115884458	-0.0439103724285467
chr17:28883231:28897526:clu_19995	-0.958368100475346	0.0323817054389096	0.00769153073228125	-0.0246901747066283
chr17:28884315:28888945:clu_19995	0.524705710749948	0.282670557696636	0.295858744511975	0.0131881868153393
chr17:28884315:28897526:clu_19995	0.138757416479135	0.00623776894737695	0.00443831276865015	-0.0017994561787268
chr17:28885947:28888945:clu_19995	-0.554227709483457	0.041560671513093	0.0147880721055727	-0.0267725994075203
chr17:28889026:28897526:clu_19995	0.466052248882443	0.24487371393771	0.241698039393081	-0.00317567454462941
chr17:28907672:28908783:clu_19998	-0.109650535113044	0.426597177165943	0.467021694068757	0.0404245169028142
chr17:28907672:28910226:clu_19998	0.470264497931332	0.0403916657906124	0.0789704732404938	0.0385788074498814
chr17:28908881:28910226:clu_19998	-0.360613962818288	0.533011157043445	0.454007832690749	-0.0790033243526955
chr17:28924302:28926782:clu_20002	-0.29594280433286	0.175733689851187	0.133641758166309	-0.0420919316848773
chr17:28924302:28926991:clu_20002	-0.0298010020880585	0.710067190533113	0.704645227314405	-0.00542196321870791
chr17:28926873:28926991:clu_20002	0.325743806420919	0.114199119615701	0.161713014519286	0.0475138949035852
chr17:29636802:29637486:clu_20018	0.630112334088211	0.0643108788189405	0.135894236857785	0.0715833580388445
chr17:29636802:29643101:clu_20018	-0.479807160100637	0.15404918666405	0.107286256730695	-0.0467629299333553
chr17:29636802:29648144:clu_20018	-0.150305173987574	0.78163993451701	0.75681950641152	-0.0248204281054892
chr17:31305630:31307887:clu_20056	-0.189217368321299	0.0338178950431309	0.042915762285383	0.00909786724225214
chr17:31305630:31313979:clu_20056	-0.456108398994788	0.956865969850911	0.929848225767117	-0.0270177440837945
chr17:31307959:31313979:clu_20056	0.645325767316087	0.00931613510595797	0.0272360119475002	0.0179198768415422
chr17:32207029:32208107:clu_20075	-0.209924276611726	0.840470585079855	0.775891968801358	-0.064578616278496
chr17:32207563:32208107:clu_20075	0.209924276611725	0.159529414920145	0.224108031198642	0.0645786162784961
chr17:32365487:32366665:clu_20079	-0.144314872514961	0.413753620570246	0.374990186253595	-0.0387634343166512
chr17:32365487:32367772:clu_20079	0.287513904665996	0.190586140784359	0.266017535755228	0.0754313949708695
chr17:32366757:32367772:clu_20079	-0.143199032151035	0.395660238645396	0.358992277991177	-0.0366679606542185
chr17:35820239:35820332:clu_20103	-0.0514595011410783	0.124030274687925	0.113274152649337	-0.0107561220385881
chr17:35820248:35820332:clu_20103	0.0514595011410782	0.875969725312075	0.886725847350663	0.0107561220385881
chr17:35822833:35824078:clu_20104	0.133061249966719	0.501641187358404	0.527746848565337	0.0261056612069329
chr17:35822833:35834566:clu_20104	-0.196803499210918	0.0751872134927628	0.0568745549013768	-0.0183126585913861
chr17:35833941:35834566:clu_20104	0.0637422492441997	0.423171599148833	0.415378596533286	-0.00779300261554705
chr17:35824099:35833907:clu_20104_B	-0.207804738440131	0.1832836980062	0.128995901130553	-0.0542877968756464
chr17:35824198:35833907:clu_20104_B	0.207804738440131	0.8167163019938	0.871004098869447	0.0542877968756464
chr17:36578186:36579245:clu_20125	-0.144947709042907	0.2305475077573	0.183154833503376	-0.0473926742539237
chr17:36578192:36579245:clu_20125	0.144947709042907	0.7694524922427	0.816845166496624	0.0473926742539237
chr17:36581538:36585022:clu_20126	-0.484176112836591	0.103402497409259	0.0449024656764768	-0.0585000317327819
chr17:36581538:36585300:clu_20126	0.445574768765903	0.811081716317491	0.892461418365017	0.0813797020475261
chr17:36585106:36585300:clu_20126	0.0386013440706881	0.0855157862732506	0.0626361159585064	-0.0228796703147442
chr17:38715750:38716367:clu_20158	0.221714155603866	0.149211497405757	0.2146078878821	0.0653963904763428
chr17:38715828:38716367:clu_20158	-0.221714155603866	0.850788502594243	0.7853921121179	-0.0653963904763427
chr17:38755990:38760431:clu_20162	0.0445662348083284	0.41244971361825	0.40815217867508	-0.00429753494317026
chr17:38755990:38762411:clu_20162	-0.137771406773537	0.0866195571488419	0.0714297023016439	-0.0151898548471981
chr17:38760608:38762411:clu_20162	0.0932051719652087	0.500930729232908	0.520418119023277	0.0194873897903683
chr17:38809765:38810276:clu_20168	-0.597351368960521	0.55780993347806	0.276393080478945	-0.281416852999116
chr17:38809765:38810468:clu_20168	0.597351368960521	0.44219006652194	0.723606919521055	0.281416852999116
chr17:39657839:39657973:clu_20191	-0.292319397070646	0.169038806625928	0.101826435664408	-0.0672123709615205
chr17:39657852:39657973:clu_20191	0.292319397070646	0.830961193374072	0.898173564335592	0.0672123709615203
chr17:40129627:40131537:clu_20209	-0.480516899699156	0.455610911900137	0.341720941236307	-0.11388997066383
chr17:40129627:40132034:clu_20209	-0.301414929252859	0.0408226840902672	0.0366236842122499	-0.00419899987801729
chr17:40129861:40131537:clu_20209	-0.475506394580123	0.0479987849050739	0.0361812656726446	-0.0118175192324294
chr17:40131345:40131537:clu_20209	1.23483580069061	0.00695365662674872	0.0289907152734401	0.0220370586466913
chr17:40131584:40132034:clu_20209	0.0226024228415251	0.448613962477773	0.556483393605359	0.107869431127586
chr17:40166861:40167371:clu_20213	-0.35206496997787	0.255307429234038	0.144967116729185	-0.110340312504852
chr17:40166861:40167498:clu_20213	0.35206496997787	0.744692570765962	0.855032883270815	0.110340312504852
chr17:40318448:40330857:clu_20218	-8.51555616872021	0.999999997645832	0.944588710865692	-0.0554112867801405
chr17:40330611:40330857:clu_20218	8.51555616872021	2.35416768171484e-09	0.0554112891343083	0.0554112867801406
chr17:40628993:40630208:clu_20222	-0.377559583176617	0.125970139605263	0.052831143305728	-0.0731389962995347
chr17:40628993:40630714:clu_20222	0.672534767981404	0.73886652082042	0.885601960368922	0.146735439548502
chr17:40630286:40630714:clu_20222	-0.294975184804787	0.135163339574318	0.0615668963253503	-0.0735964432489674
chr17:41689069:41689778:clu_20226	-0.35589164090738	0.440715049166709	0.416746144614972	-0.023968904551737
chr17:41689069:41690088:clu_20226	0.712604234544064	0.0303236755080993	0.0834713453654847	0.0531476698573853
chr17:41689941:41690088:clu_20226	-0.356712593636684	0.528961275325192	0.499782510019544	-0.0291787653056483
chr17:41913896:41918880:clu_20234	-0.0664709409483581	0.661280438986685	0.630896241547957	-0.030384197438728
chr17:41913900:41918880:clu_20234	0.0664709409483581	0.338719561013316	0.369103758452044	0.030384197438728
chr17:42130590:42137762:clu_20249	0.906560250559651	0.0129280831334176	0.0743150495909285	0.0613869664575109
chr17:42130590:42154893:clu_20249	-0.906560250559651	0.987071916866582	0.925684950409071	-0.061386966457511
chr17:42316851:42317182:clu_20264	-0.00190551222083965	0.190356200902573	0.189769536090308	-0.000586664812265131
chr17:42316901:42317182:clu_20264	0.00190551222083965	0.809643799097427	0.810230463909692	0.000586664812265214
chr17:42317224:42322282:clu_20265	-0.0231408986292305	0.728098363844423	0.718839815780652	-0.00925854806377124
chr17:42317224:42322285:clu_20265	0.0231408986292305	0.271901636155577	0.281160184219348	0.00925854806377113
chr17:42348517:42388279:clu_20268	-0.0564431818100032	0.44392901810656	0.432899728704704	-0.0110292894018567
chr17:42348520:42388279:clu_20268	0.27835840062412	0.200451151823311	0.273202591923444	0.0727514401001328
chr17:42348539:42388279:clu_20268	-0.221915218814116	0.355619830070128	0.293897679371852	-0.0617221506982761
chr17:42538755:42540950:clu_20276	0.272366998781482	0.304103154734231	0.435563052020352	0.131459897286121
chr17:42538755:42543028:clu_20276	0.139666607109394	0.116002325871534	0.145500925554275	0.0294985996827418
chr17:42541206:42543028:clu_20276	-0.412033605890876	0.579894519394235	0.418936022425372	-0.160958496968862
chr17:42567655:42568470:clu_20281	-0.0956959387827411	0.380603455943306	0.348031344523564	-0.0325721114197426
chr17:42567655:42568837:clu_20281	0.0660706321507453	0.258891063100896	0.278302443749352	0.0194113806484565
chr17:42568559:42568837:clu_20281	0.0296253066319959	0.360505480955798	0.373666211727084	0.0131607307712861
chr17:42810928:42811655:clu_20292	-0.0959846994858072	0.284415679848145	0.262312339607183	-0.0221033402409613
chr17:42810928:42813948:clu_20292	-0.115828074429247	0.0580171836469271	0.0524570616511335	-0.00556012199579353
chr17:42810928:42814524:clu_20292	0.227762296919874	0.107856774908169	0.137503625673394	0.0296468507652251
chr17:42811797:42813948:clu_20292	-0.139697961325062	0.315123713079565	0.27820302140101	-0.0369206916785558
chr17:42814008:42814524:clu_20292	0.123748438320242	0.234586648517194	0.26952395166728	0.0349373031500857
chr17:42823879:42824133:clu_20296	0.00901872052531244	0.371249407802978	0.375469452472556	0.00422004466957737
chr17:42823879:42824155:clu_20296	-0.00901872052531244	0.628750592197022	0.624530547527444	-0.00422004466957737
chr17:44082646:44082765:clu_20330	-0.362631778575825	0.118592897741855	0.0611637394210571	-0.0574291583207976
chr17:44082672:44082765:clu_20330	0.362631778575825	0.881407102258145	0.938836260578943	0.0574291583207976
chr17:44187109:44187907:clu_20338	0.290653267912462	0.0870672945969827	0.13017850399648	0.0431112093994974
chr17:44187743:44187907:clu_20338	-0.390373853414241	0.38850151787315	0.293975153241072	-0.0945263646320775
chr17:44187743:44188935:clu_20338	0.560603657713277	0.0701674828319257	0.137422576909232	0.0672550940773059
chr17:44187743:44189022:clu_20338	-0.12324251175383	0.110535851834017	0.109253343229915	-0.00128250860410167
chr17:44188009:44188935:clu_20338	-0.232635643339157	0.139474340874844	0.123571141185753	-0.0159031996890917
chr17:44188009:44189022:clu_20338	-0.10500491711851	0.204253511989081	0.205599281437548	0.00134576944846757
chr17:44196079:44196396:clu_20342	-0.234427868701821	0.844170639658603	0.772193283624162	-0.0719773560344412
chr17:44196100:44196396:clu_20342	0.234427868701821	0.155829360341397	0.227806716375838	0.0719773560344411
chr17:44207911:44208619:clu_20346	-0.151410075965282	0.144384069776647	0.110842427356871	-0.0335416424197753
chr17:44207911:44209352:clu_20346	0.151410075965282	0.855615930223353	0.889157572643128	0.0335416424197753
chr17:44212006:44212344:clu_20349	-0.262061674096753	0.360930180966157	0.254613265046103	-0.106316915920054
chr17:44212006:44212819:clu_20349	0.426275471641844	0.396424056248428	0.556620057578314	0.160196001329885
chr17:44212454:44212819:clu_20349	-0.164213797545092	0.242645762785415	0.188766677375583	-0.0538790854098317
chr17:45219174:45220268:clu_20378	0.68738345310495	0.396195961235834	0.565436428718586	0.169240467482752
chr17:45219632:45220268:clu_20378	0.181727127939184	0.416928547280871	0.358865427775814	-0.0580631195050562
chr17:45220055:45220268:clu_20378	-1.08636488596593	0.140021817567814	0.0339109795976061	-0.106110837970208
chr17:45220075:45220268:clu_20378	0.217254304921793	0.0468536739154817	0.0417871639079937	-0.00506651000748803
chr17:45220454:45220868:clu_20379	-0.526409372191972	0.353989180042252	0.209658463252575	-0.144330716789677
chr17:45220454:45221349:clu_20379	0.680155906010076	0.209836759343225	0.415344652553621	0.205507893210396
chr17:45220914:45221349:clu_20379	-0.153746533818104	0.436174060614523	0.374996884193805	-0.0611771764207185
chr17:45232450:45233224:clu_20381	-0.0487837075947984	0.420498760076987	0.396925127886431	-0.0235736321905565
chr17:45232480:45233224:clu_20381	0.0487837075947985	0.579501239923013	0.603074872113569	0.0235736321905566
chr17:45233731:45234072:clu_20382	-0.138103179280094	0.987841503266384	0.984035393064756	-0.00380611020162791
chr17:45233986:45234072:clu_20382	0.138103179280094	0.0121584967336158	0.0159646069352437	0.00380611020162789
chr17:45234200:45234832:clu_20383	0.115362138375	0.0846218275519469	0.119731093323371	0.0351092657714241
chr17:45234200:45236136:clu_20383	-0.318088954763713	0.85052093963212	0.780124900579305	-0.0703960390528153
chr17:45234849:45236136:clu_20383	0.202726816388713	0.0648572328159326	0.100144006097324	0.0352867732813912
chr17:45245416:45245632:clu_20389	-0.0980635073163029	0.441000010115642	0.44162326070384	0.000623250588198176
chr17:45245416:45245878:clu_20389	0.282335398530915	0.0820592150062536	0.120211452420928	0.0381522374146748
chr17:45245733:45245878:clu_20389	-0.184271891214612	0.476940774878104	0.438165286875231	-0.038775488002873
chr17:45246330:45246505:clu_20391	0.495929147167427	0.0179203371020807	0.0394714082573257	0.021551071155245
chr17:45246330:45246867:clu_20391	-0.337092229011834	0.874281634107686	0.837165292223729	-0.0371163418839577
chr17:45246604:45246867:clu_20391	-0.158836918155592	0.107798028790233	0.123363299518946	0.0155652707287127
chr17:45396790:45396916:clu_20398	-0.490241814102876	0.53263257506074	0.449015625246721	-0.0836169498140198
chr17:45396790:45397949:clu_20398	0.716142896789316	0.0219787606955715	0.0619103349875047	0.0399315742919332
chr17:45397024:45397949:clu_20398	-0.22590108268644	0.445388664243688	0.489074039765775	0.0436853755220867
chr17:45404096:45404269:clu_20400	-0.101633094769719	0.236070806586393	0.211838728072838	-0.0242320785135545
chr17:45404096:45404445:clu_20400	-0.149685468513652	0.444412484899697	0.380084751481997	-0.0643277334177006
chr17:45404334:45404445:clu_20400	0.251318563283371	0.31951670851391	0.408076520445165	0.0885598119312551
chr17:45404681:45404924:clu_20401	-0.361768631255244	0.951839639036911	0.905537265275215	-0.0463023737616959
chr17:45404681:45405028:clu_20401	0.361768631255244	0.0481603609630893	0.0944627347247852	0.046302373761696
chr17:45406083:45410232:clu_20403	-2.04829934843002	0.989639000038911	0.613652783634995	-0.375986216403916
chr17:45406083:45429623:clu_20403	2.04829934843002	0.010360999961089	0.386347216365005	0.375986216403916
chr17:46034282:46038538:clu_20414	0.158817648064693	0.154311424727758	0.200440567948921	0.0461291432211635
chr17:46034285:46038538:clu_20414	-0.158817648064693	0.845688575272242	0.799559432051079	-0.0461291432211636
chr17:46038686:46039027:clu_20415	-0.151189756553379	0.463657123788181	0.483331232059017	0.0196741082708363
chr17:46038686:46039702:clu_20415	0.648431189874054	0.0765794379889569	0.177595133929666	0.101015695940709
chr17:46039215:46039702:clu_20415	-0.497241433320675	0.459763438222862	0.339073634011317	-0.120689804211545
chr17:46094701:46170855:clu_20418	-0.206177601851458	0.887137125591344	0.838819512060784	-0.04831761353056
chr17:46152966:46170855:clu_20418	0.206177601851458	0.112862874408656	0.161180487939216	0.04831761353056
chr17:47668410:47669678:clu_20448	-0.248809922207042	0.471976459339666	0.424102293440363	-0.0478741658993027
chr17:47668410:47670702:clu_20448	0.600835379633395	0.114598943557518	0.24083919298218	0.126240249424661
chr17:47669869:47670702:clu_20448	-0.352025457426353	0.413424597102816	0.335058513577457	-0.0783660835253586
chr17:47973650:47973931:clu_20470	0.224633429666321	0.886235169802351	0.924290010888077	0.0380548410857264
chr17:47973693:47973931:clu_20470	-0.224633429666321	0.113764830197649	0.0757099891119227	-0.0380548410857265
chr17:48851628:48852506:clu_20493	-0.877461102019656	0.490950132159585	0.456733854440776	-0.0342162777188091
chr17:48851628:48852926:clu_20493	1.75487327402671	0.00580267948737209	0.0750693576252238	0.0692666781378517
chr17:48852628:48852926:clu_20493	-0.877412172007053	0.503247188353043	0.468196787934	-0.0350504004190425
chr17:49805445:49809119:clu_20520	0.0219166268432822	0.439225227554542	0.413633473442971	-0.0255917541115712
chr17:49805445:49811476:clu_20520	-0.28592141665208	0.170224510886152	0.117830611576464	-0.0523938993096881
chr17:49809208:49811476:clu_20520	0.264004789808798	0.390550261559307	0.468535914980566	0.0779856534212592
chr17:50139316:50139429:clu_20524	-0.459819746318013	0.453286039760698	0.409809839957313	-0.0434761998033858
chr17:50139316:50140093:clu_20524	0.633201447108625	0.0178229101889861	0.048070842052505	0.0302479318635189
chr17:50139316:50141269:clu_20524	0.473885024070974	0.00656392229497212	0.0150965009537194	0.00853257865874731
chr17:50139581:50140093:clu_20524	-0.422608605603622	0.349830907108203	0.328268195168208	-0.0215627119399944
chr17:50139581:50141269:clu_20524	0.6652593025655	0.00653462436761465	0.0181989481923003	0.0116643238246857
chr17:50140228:50141269:clu_20524	-0.273761113988287	0.13395681753857	0.145874404703703	0.0119175871651329
chr17:50140359:50141269:clu_20524	0.0321281826069241	0.0146831455028299	0.0217109792112747	0.00702783370844475
chr17:50141134:50141269:clu_20524	-0.648284490442101	0.0173216332381263	0.012970289760977	-0.00435134347714932
chr17:50746702:50749219:clu_20539	-0.466328943457031	0.0738285501261231	0.0326361218039142	-0.0411924283222089
chr17:50746702:50750501:clu_20539	0.427933791732926	0.829039225815732	0.896236561011507	0.0671973351957748
chr17:50749344:50750501:clu_20539	0.0383951517241057	0.0971322240581451	0.0711273171845793	-0.0260049068735658
chr17:58005041:58005414:clu_20586	-0.551297881366704	0.0613569068934296	0.0185620704492555	-0.0427948364441741
chr17:58005041:58005801:clu_20586	-0.578059756317917	0.408488229931341	0.120315054315429	-0.288173175615912
chr17:58005600:58005801:clu_20586	1.12935763768462	0.530154863175229	0.861122875235316	0.330968012060086
chr17:58083683:58087082:clu_20588	-0.0367118825295498	0.471064117270035	0.511531058141111	0.0404669408710766
chr17:58083683:58089142:clu_20588	0.290059114551987	0.0411430200220756	0.0619445342309001	0.0208015142088245
chr17:58087222:58089142:clu_20588	-0.253347232022437	0.48779286270789	0.426524407627988	-0.0612684550799013
chr17:58351508:58352065:clu_20601	-0.0746285436996476	0.215281483833801	0.19113751725192	-0.024143966581881
chr17:58351508:58352067:clu_20601	0.0746285436996476	0.784718516166199	0.80886248274808	0.0241439665818811
chr17:59735473:59737453:clu_20621	0.195690885235383	0.399630886764799	0.395086332542015	-0.00454455422278432
chr17:59735473:59738837:clu_20621	-0.42969598355193	0.0237028826405384	0.0125381095315895	-0.0111647731089489
chr17:59737543:59738837:clu_20621	0.234005098316548	0.576666230594662	0.592375557926396	0.0157093273317334
chr17:63632802:63634709:clu_20663	0.164641362225589	0.240578801149481	0.289823182345569	0.0492443811960882
chr17:63632802:63646034:clu_20663	-0.167212782788867	0.423892064486033	0.366444853663544	-0.0574472108224893
chr17:63634801:63646034:clu_20663	0.00257142056327818	0.335529134364486	0.343731963990887	0.00820282962640101
chr17:63685578:63688527:clu_20665	0.0383464551780393	0.414300314142542	0.433024162534811	0.0187238483922693
chr17:63685590:63688527:clu_20665	-0.0383464551780393	0.585699685857458	0.566975837465189	-0.0187238483922694
chr17:63691862:63692242:clu_20669	-0.438064628955703	0.458524234691028	0.35254619230404	-0.105978042386988
chr17:63691862:63693549:clu_20669	0.479787074837705	0.0366041374030928	0.0704696055924146	0.0338654681893218
chr17:63692419:63693549:clu_20669	-0.0417224458820016	0.504871627905879	0.576984202103545	0.072112574197666
chr17:63699348:63700032:clu_20671	-0.227252126465483	0.936524257529438	0.903524431140325	-0.0329998263891131
chr17:63699395:63700032:clu_20671	0.227252126465483	0.0634757424705618	0.096475568859675	0.0329998263891132
chr17:63929888:63930074:clu_20689	-0.0681066316934688	0.458220094797646	0.364855171354453	-0.093364923443193
chr17:63929888:63931335:clu_20689	-0.503657355774465	0.183832182722212	0.0946914230080853	-0.0891407597141265
chr17:63930385:63931335:clu_20689	0.571763987467934	0.357947722480142	0.540453405637462	0.18250568315732
chr17:64006735:64007741:clu_20692	-0.563843649097512	0.187398756496336	0.0726219744639317	-0.114776782032404
chr17:64006735:64020523:clu_20692	0.597188649988291	0.677510713581757	0.83839259857731	0.160881884995553
chr17:64007822:64020523:clu_20692	-0.0333450008907786	0.135090529921907	0.0889854269587579	-0.0461051029631492
chr17:64323845:64329700:clu_20698	-0.102952866125857	0.445367039253984	0.394885131222975	-0.0504819080310095
chr17:64323845:64341634:clu_20698	-0.65540083904422	0.0249033037798082	0.0127082154447406	-0.0121950883350675
chr17:64329722:64341634:clu_20698	0.0893068265369134	0.285844880855603	0.307171169559643	0.0213262887040409
chr17:64329722:64348260:clu_20698	0.50987019078953	0.00865303937355449	0.0141601241357151	0.00550708476216059
chr17:64341690:64348260:clu_20698	0.159176687843634	0.235231736737051	0.271075359636926	0.0358436228998755
chr17:64353518:64354933:clu_20699	0.153623443326961	0.437221498406306	0.457640488681107	0.0204189902748009
chr17:64353518:64356111:clu_20699	-0.265043695199795	0.0710257766637842	0.0489118507069025	-0.0221139259568817
chr17:64355040:64356111:clu_20699	0.111420251872834	0.49175272492991	0.493447660611991	0.0016949356820809
chr17:64500773:64501057:clu_20710	-1.45801820800577	0.0955040387498328	0.00568487118908586	-0.089819167560747
chr17:64500773:64502010:clu_20710	1.45801820800577	0.904495961250167	0.994315128810914	0.089819167560747
chr17:64822393:64824625:clu_20726	0.0876379889318233	0.350255209113289	0.337332397587364	-0.0129228115259254
chr17:64822393:64829161:clu_20726	-0.358309877582136	0.164447887104007	0.101397920934429	-0.0630499661695787
chr17:64824872:64829161:clu_20726	0.270671888650313	0.485296903782703	0.561269681478207	0.0759727776955042
chr17:65014829:65018253:clu_20730	-0.283255603025869	0.830039669289316	0.734855169937709	-0.0951844993516069
chr17:65017952:65018253:clu_20730	0.283255603025869	0.169960330710684	0.265144830062291	0.095184499351607
chr17:67675542:67687066:clu_20748	0.164197018422838	0.512505876474633	0.540098168936903	0.0275922924622698
chr17:67675542:67692572:clu_20748	-0.254568331044867	0.0605012731531849	0.0419441008358575	-0.0185571723173273
chr17:67687184:67692572:clu_20748	0.0903713126220291	0.426992850372182	0.41795773022724	-0.00903512014494245
chr17:68512548:68515394:clu_20780	-0.476176777707011	0.958780466991731	0.899745169479787	-0.0590352975119445
chr17:68512970:68515394:clu_20780	0.476176777707011	0.0412195330082691	0.100254830520213	0.0590352975119443
chr17:74203710:74203918:clu_20795	-0.0306264936618885	0.139336257858404	0.132151663946203	-0.00718459391220097
chr17:74203745:74203918:clu_20795	0.0306264936618885	0.860663742141596	0.867848336053797	0.00718459391220094
chr17:74749287:74762012:clu_20808	-0.540978168368595	0.45112189061911	0.395475890942911	-0.0556459996761989
chr17:74749287:74768147:clu_20808	1.08195697369209	0.0345891603233052	0.153673119534029	0.119083959210724
chr17:74766976:74768147:clu_20808	-0.540978805323494	0.514288949057585	0.45085098952306	-0.0634379595345254
chr17:74763520:74766936:clu_20808_B	0.71636312867013	0.580178404336741	0.852737123810884	0.272558719474143
chr17:74764646:74766936:clu_20808_B	-0.71636312867013	0.419821595663259	0.147262876189116	-0.272558719474143
chr17:75042277:75042529:clu_20816	-0.150949167676503	0.460400750443586	0.445119507781611	-0.0152812426619743
chr17:75042277:75046925:clu_20816	0.258056519611939	0.0220354489492342	0.0320694433381064	0.0100339943888722
chr17:75042659:75046925:clu_20816	-0.107107351935436	0.51756380060718	0.522811048880282	0.00524724827310208
chr17:75130867:75130965:clu_20822	-1.00804631252089	0.235572875213739	0.0667110579616647	-0.168861817252074
chr17:75130867:75131045:clu_20822	0.365884219795382	0.369721926561044	0.413654927081812	0.0439330005207679
chr17:75130867:75131181:clu_20822	0.0921192605173114	0.022802681847608	0.0194023489417418	-0.00340033290586618
chr17:75131105:75131181:clu_20822	0.550042832208196	0.371902516377609	0.500231666014781	0.128329149637172
chr17:75174823:75181057:clu_20824	-0.0104284081003917	0.436228247252235	0.40350718187486	-0.0327210653773743
chr17:75174823:75182814:clu_20824	-0.132273926761145	0.0435408165596434	0.035654735404762	-0.00788608115488138
chr17:75181188:75182814:clu_20824	0.142702334861537	0.520230936188122	0.560838082720378	0.0406071465322556
chr17:75243570:75244619:clu_20834	0.172499781104352	0.460932790099389	0.527676190036554	0.0667433999371651
chr17:75243570:75246509:clu_20834	-0.0671965591795369	0.145046352488768	0.130658572191768	-0.0143877802969997
chr17:75244717:75246509:clu_20834	-0.105303221924815	0.394020857411843	0.341665237771678	-0.0523556196401653
chr17:75268192:75269347:clu_20838	-0.0861374533684156	0.349086775051067	0.240822185165586	-0.108264589885481
chr17:75268192:75270114:clu_20838	0.741111005488251	0.425339829902429	0.671071184083467	0.245731354181038
chr17:75269469:75270114:clu_20838	-0.654973552119835	0.225573395046504	0.0881066307509468	-0.137466764295557
chr17:75318297:75321659:clu_20841	0.348785398190648	0.0621650622799923	0.117511451687047	0.0553463894070549
chr17:75320553:75321659:clu_20841	-0.348785398190648	0.937834937720008	0.882488548312953	-0.0553463894070549
chr17:75613777:75613981:clu_20869	0.271197491588948	0.10194526785816	0.159422832247223	0.0574775643890628
chr17:75613777:75614199:clu_20869	-0.308381398106981	0.748895064356981	0.655988919739362	-0.0929061446176181
chr17:75614033:75614199:clu_20869	0.0371839065180328	0.14915966778486	0.184588248013415	0.0354285802285554
chr17:75671863:75690671:clu_20881	0.314630761220222	0.0743117781193189	0.130902049918004	0.0565902717986849
chr17:75671863:75693440:clu_20881	-0.314630761220222	0.925688221880681	0.869097950081996	-0.0565902717986848
chr17:75703371:75703808:clu_20882	0.403024452489978	0.721614546901035	0.853025878409056	0.131411331508021
chr17:75703705:75703808:clu_20882	-0.403024452489978	0.278385453098965	0.146974121590944	-0.131411331508021
chr17:75704814:75705611:clu_20882_B	0.391236589020308	0.335690573168876	0.524957979328605	0.189267406159729
chr17:75704814:75706008:clu_20882_B	-0.391236589020308	0.664309426831124	0.475042020671395	-0.189267406159729
chr17:75836693:75836801:clu_20896	0.411912943554129	0.0268483200474409	0.0591609258820688	0.0323126058346279
chr17:75836696:75836801:clu_20896	-0.411912943554129	0.973151679952559	0.940839074117931	-0.0323126058346278
chr17:75843519:75843663:clu_20902	-2.49362977007313	0.572036336219551	0.00903928046047393	-0.562997055759077
chr17:75843519:75844221:clu_20902	2.49362977007313	0.42796366378045	0.990960719539526	0.562997055759076
chr17:76089320:76090329:clu_20922	-0.247145282281186	0.257164665882739	0.180057865460396	-0.0771068004223437
chr17:76089320:76094414:clu_20922	0.246298406403934	0.614766454254347	0.705035253268423	0.0902687990140756
chr17:76091235:76094414:clu_20922	0.000846875877252674	0.128068879862914	0.114906881271182	-0.013161998591732
chr17:76557857:76558945:clu_20938	0.0601936143363915	0.203368855009727	0.219274087748443	0.015905232738716
chr17:76557857:76561288:clu_20938	-0.046444661378587	0.527409914155974	0.51113867636729	-0.0162712377886841
chr17:76559043:76561288:clu_20938	-0.0137489529578044	0.269221230834299	0.269587235884267	0.000366005049968199
chr17:76720498:76721263:clu_20944	-0.521300983659293	0.228769044038801	0.0946721822660285	-0.134096861772773
chr17:76720498:76721798:clu_20944	0.521300983659293	0.771230955961199	0.905327817733971	0.134096861772773
chr17:76721933:76723772:clu_20945	0.166177878706555	0.355787820975736	0.448926777510369	0.0931389565346334
chr17:76721933:76725467:clu_20945	0.167939121655304	0.116644921572896	0.147439947252031	0.0307950256791353
chr17:76724058:76725467:clu_20945	-0.334117000361859	0.527567257451368	0.403633275237599	-0.123933982213769
chr17:76735158:76735772:clu_20948	-0.736858326945874	0.457280737341522	0.155476987934205	-0.301803749407317
chr17:76735158:76736154:clu_20948	1.47371672877779	0.239029305187516	0.741267413345246	0.50223810815773
chr17:76735875:76736154:clu_20948	-0.736858401831914	0.303689957470963	0.103255598720549	-0.200434358750413
chr17:77212201:77213314:clu_20963	-3.35610290306954	0.64619772247382	0.539957885066735	-0.106239837407086
chr17:77212201:77213918:clu_20963	6.40087463300848	3.90972507741728e-06	0.0564341760290105	0.0564302663039331
chr17:77213492:77213918:clu_20963	-3.04477172993894	0.353798367801102	0.403607938904255	0.0498095711031527
chr17:77402703:77482144:clu_20966	0.481806557895631	0.325061363044643	0.379185016048019	0.0541236530033767
chr17:77451528:77482144:clu_20966	0.429060300304054	0.480935901791202	0.532188646094212	0.0512527443030095
chr17:77454363:77482144:clu_20966	-0.455708004650339	0.172421273901636	0.0787624584438973	-0.0936588154577383
chr17:77456506:77482144:clu_20966	-0.455158853549346	0.0215814612625197	0.00986387941387175	-0.011717581848648
chr17:78121164:78121556:clu_20977	-0.0998571225084235	0.573597179699946	0.549849020324622	-0.023748159375324
chr17:78121164:78122605:clu_20977	0.121788983874781	0.0516725547004856	0.0618238523091475	0.0101512976086619
chr17:78121711:78122605:clu_20977	-0.0219318613663573	0.374730265599568	0.38832712736623	0.013596861766662
chr17:78119392:78120653:clu_20979	-0.0607078170983617	0.447463338757812	0.432305543925282	-0.0151577948325303
chr17:78119392:78121013:clu_20979	0.100531221920172	0.152097196981624	0.172655247179536	0.0205580501979122
chr17:78120832:78121013:clu_20979	-0.0398234048218098	0.400439464260564	0.395039208895182	-0.00540025536538186
chr17:78126906:78128612:clu_20981	2.84667616714731	0.623451277805167	0.705289967586244	0.0818386897810764
chr17:78126906:78128659:clu_20981	2.79958150194759	0.273053237926829	0.294686041196277	0.0216328032694482
chr17:78126906:78131001:clu_20981	-5.6462576690949	0.103495484268004	2.39912174792776e-05	-0.103471493050525
chr17:78124655:78124889:clu_20983	0.530057081116176	0.0365363250648477	0.0738220879079651	0.0372857628431175
chr17:78124781:78124889:clu_20983	-0.423291012741217	0.38589094845494	0.300533048637354	-0.0853578998175858
chr17:78124781:78125158:clu_20983	0.00290196232109239	0.0797719129872188	0.0951417004658614	0.0153697874786426
chr17:78124985:78125158:clu_20983	-0.109668030696052	0.497800813492993	0.530503162988819	0.0327023494958257
chr17:78131737:78131882:clu_20986	-0.244736470503687	0.370013366046309	0.352495141379669	-0.0175182246666404
chr17:78131737:78132359:clu_20986	0.734209580829825	0.0299087301053679	0.0758375972248699	0.045928867119502
chr17:78132030:78132359:clu_20986	-0.244736555167594	0.576940356364184	0.549625159326788	-0.0273151970373959
chr17:78132214:78132359:clu_20986	-0.244736555158544	0.0231375474841384	0.0220421020686728	-0.00109544541546563
chr17:78132870:78133093:clu_20988	-0.462689603826212	0.0374010815375788	0.015832143431624	-0.0215689381059549
chr17:78132870:78133406:clu_20988	0.427413953735761	0.938110803777234	0.967111963396091	0.0290011596188565
chr17:78133282:78133406:clu_20988	0.0352756500904517	0.0244881146851872	0.0170558931722855	-0.00743222151290164
chr17:78133542:78133853:clu_20989	0.634589904260501	0.898971634559546	0.961596599341845	0.0626249647822992
chr17:78133542:78133956:clu_20989	-0.0697722677485741	0.0282575283023853	0.014944469289794	-0.0133130590125913
chr17:78133553:78133853:clu_20989	-0.564817636511927	0.0727708371380692	0.0234589313683612	-0.0493119057697079
chr17:78135009:78136620:clu_20992	-0.665064183606793	0.0218299827963041	0.0093390229126141	-0.01249095988369
chr17:78135009:78137235:clu_20992	0.339017526090646	0.463350966417084	0.541034882462515	0.0776839160454307
chr17:78135009:78137717:clu_20992	0.719044445929797	0.0186202372238225	0.0317939141533798	0.0131736769295573
chr17:78137323:78137717:clu_20992	-0.81381530814025	0.234771312698082	0.0865548251065913	-0.148216487591491
chr17:78137358:78137717:clu_20992	0.420817519726599	0.261427500864707	0.3312773553649	0.0698498545001929
chr17:78139240:78140834:clu_20993	-0.0345773654878906	0.932253987551163	0.927753685975552	-0.00450030157561088
chr17:78139240:78140837:clu_20993	0.0345773654878907	0.0677460124488373	0.0722463140244483	0.004500301575611
chr17:78138188:78138349:clu_20994	-0.152094400169686	0.962676591891715	0.950069733710415	-0.0126068581813001
chr17:78138188:78138421:clu_20994	0.152094400169686	0.0373234081082853	0.0499302662895853	0.0126068581813001
chr17:78171054:78171510:clu_20995	-0.171855287537976	0.570301944944656	0.57714816438661	0.00684621944195407
chr17:78171054:78171739:clu_20995	0.430089942061443	0.0260859348398583	0.048195929760067	0.0221099949202087
chr17:78171649:78171739:clu_20995	-0.258234654523467	0.403612120215486	0.374655905853323	-0.0289562143621628
chr17:78702240:78702538:clu_21004	-0.436621301167576	0.347481348403045	0.269664092836218	-0.0778172555668274
chr17:78702240:78708197:clu_21004	0.590715539586543	0.0514868251031491	0.111623196959497	0.0601363718563477
chr17:78702604:78708197:clu_21004	-0.154094238418967	0.601031826493806	0.618712710204286	0.0176808837104797
chr17:78709732:78736692:clu_21005	-0.390626129769935	0.177991563495008	0.0901941410680467	-0.0877974224269608
chr17:78709732:78782202:clu_21005	0.390626129769935	0.822008436504992	0.909805858931953	0.087797422426961
chr17:78813001:78813773:clu_21008	-0.43418031565938	0.529605268065979	0.548267192275298	0.0186619242093194
chr17:78813001:78814412:clu_21008	1.14181196477247	0.019265843914744	0.0964434529289871	0.0771776090142431
chr17:78813873:78814412:clu_21008	-0.70763164911309	0.451128888019277	0.355289354795714	-0.0958395332235625
chr17:79077864:79079489:clu_21014	0.122411041797947	0.505364786525171	0.501849253843759	-0.00351553268141258
chr17:79077864:79080207:clu_21014	-0.465425700409852	0.166476181294076	0.0918387908887481	-0.0746373904053279
chr17:79079637:79080207:clu_21014	0.343014658611905	0.328159032180753	0.406311955267493	0.0781529230867406
chr17:79083951:79084538:clu_21016	0.0612840436320096	0.75621530959524	0.778096647590888	0.021881337995648
chr17:79083955:79084538:clu_21016	-0.0612840436320096	0.24378469040476	0.221903352409112	-0.0218813379956479
chr17:79082063:79083020:clu_21017	-0.20242872717826	0.224565278465639	0.161905935715878	-0.0626593427497606
chr17:79082877:79083020:clu_21017	0.20242872717826	0.775434721534361	0.838094064284122	0.0626593427497607
chr17:79835395:79835646:clu_21020	-0.293189544313858	0.715411990969992	0.583081678801934	-0.132330312168058
chr17:79835520:79835646:clu_21020	0.293189544313858	0.284588009030008	0.416918321198066	0.132330312168058
chr17:80381727:80382979:clu_21047	0.389429157324446	0.875149625705338	0.938551434761949	0.0634018090566106
chr17:80382454:80382979:clu_21047	-0.389429157324446	0.124850374294662	0.0614485652380514	-0.0634018090566107
chr17:81559416:81560721:clu_21073	1.0042201415039	0.0765217695019235	0.381748887835731	0.305227118333808
chr17:81559416:81565505:clu_21073	-1.0042201415039	0.923478230498077	0.618251112164269	-0.305227118333808
chr17:81888583:81888876:clu_21096	-0.508056118789124	0.140791520032247	0.0417713583390888	-0.0990201616931584
chr17:81888583:81889182:clu_21096	1.01614158299003	0.660047616054366	0.89914144887832	0.239093832823954
chr17:81888989:81889182:clu_21096	-0.508085464200906	0.199160863913387	0.0590871927825915	-0.140073671130796
chr17:81891833:81894467:clu_21098	0.536171773237191	0.0685227458637081	0.142975405292877	0.074452659429169
chr17:81891841:81893552:clu_21098	-0.319418928402383	0.207699670892091	0.184197642041383	-0.0235020288507084
chr17:81891841:81894467:clu_21098	0.181432234721272	0.12360087449533	0.180878395904049	0.0572775214087185
chr17:81893614:81894467:clu_21098	-0.39818507955608	0.600176708748871	0.491948556761692	-0.108228151987179
chr17:82019381:82019641:clu_21110	0.0556236101800237	0.403032136110323	0.441943677735249	0.0389115416249255
chr17:82019381:82019858:clu_21110	0.569074483918994	0.177387771150417	0.325042243706557	0.14765447255614
chr17:82019694:82019858:clu_21110	-0.624698094099018	0.41958009273926	0.233014078558194	-0.186566014181066
chr17:82054049:82054498:clu_21116	-0.0384409113580267	0.289678688383568	0.274118376514095	-0.015560311869473
chr17:82054049:82054510:clu_21116	0.0384409113580267	0.710321311616431	0.725881623485904	0.015560311869473
chr17:82054975:82055162:clu_21117	-0.0509684214362427	0.886780456065926	0.876135419943313	-0.0106450361226128
chr17:82054975:82055165:clu_21117	0.0509684214362427	0.113219543934074	0.123864580056687	0.0106450361226128
chr17:82062973:82063468:clu_21123	-0.257081243923857	0.489978812073862	0.465550295724629	-0.0244285163492329
chr17:82062973:82064126:clu_21123	0.461711185825099	0.0250546114648999	0.0488477500359316	0.0237931385710317
chr17:82063518:82064126:clu_21123	-0.204629941901242	0.484966576461238	0.48560195423944	0.000635377778201274
chr17:82244831:82245976:clu_21140	0.370307569467084	0.509662236334572	0.495899534956291	-0.0137627013782804
chr17:82244831:82248875:clu_21140	0.802041380387211	0.158538812498984	0.237545308799617	0.0790064963006328
chr17:82246039:82248875:clu_21140	0.368492211375535	0.264474567746215	0.256866082031895	-0.00760848571432027
chr17:82246433:82248875:clu_21140	-1.54084116122983	0.0673243834202293	0.00968907421219719	-0.0576353092080321
chr17:82249602:82251379:clu_21141	0.206836166199454	0.741446696807137	0.812627426959369	0.0711807301522315
chr17:82250179:82251379:clu_21141	-0.206836166199454	0.258553303192863	0.187372573040631	-0.0711807301522315
chr17:82445960:82446623:clu_21155	0.140252901375511	0.380652740428998	0.322373595275868	-0.0582791451531308
chr17:82445960:82450700:clu_21155	-0.146808828457797	0.0172799641669835	0.0109825708670631	-0.00629739329992041
chr17:82446696:82447580:clu_21155	0.407358130314668	0.223773582530805	0.247537866688818	0.0237642841580125
chr17:82446696:82450700:clu_21155	-0.437274084775929	0.0221017387457099	0.0105060668469972	-0.0115956718987127
chr17:82447621:82449170:clu_21155	0.608030915474723	0.148741966821941	0.201102482681722	0.0523605158597812
chr17:82447621:82450700:clu_21155	-0.456321557626273	0.0717331713945963	0.0334550388269781	-0.0382781325676182
chr17:82449292:82449431:clu_21155	-0.445075615192007	0.02989020530035	0.0140979009560488	-0.0157923043443012
chr17:82449292:82450700:clu_21155	0.787429252743204	0.0960598814784318	0.15539522393893	0.059335342460498
chr17:82450254:82450700:clu_21155	-0.457591113856099	0.00976674913218396	0.00454925391757562	-0.00521749521460834
chr17:82625483:82627204:clu_21166	1.09449462200508	0.619873489823025	0.935715957218793	0.315842467395767
chr17:82627008:82627204:clu_21166	-1.09449462200508	0.380126510176975	0.0642840427812073	-0.315842467395767
chr18:2656261:2666157:clu_16402	-0.170562352912011	0.432671642052785	0.35158399055528	-0.0810876514975042
chr18:2666232:2666870:clu_16402	0.170562352912011	0.567328357947215	0.648416009444719	0.0810876514975041
chr18:2707920:2718158:clu_16405	0.135665363243645	0.427286895380656	0.494600584630953	0.0673136892502975
chr18:2718235:2718315:clu_16405	-0.135665363243645	0.572713104619344	0.505399415369047	-0.0673136892502975
chr18:2718434:2722519:clu_16406	-0.30389145474934	0.575538675451324	0.523577308663435	-0.0519613667878888
chr18:2718434:2724899:clu_16406	0.610402243968999	0.0670081623637737	0.152092122118428	0.0850839597546543
chr18:2722663:2724899:clu_16406	-0.306510789219658	0.357453162184902	0.324330569218137	-0.0331225929667657
chr18:2747647:2750043:clu_16411	-0.13560488300574	0.552563610129828	0.592344151678209	0.0397805415483805
chr18:2747647:2750350:clu_16411	0.558680053907998	0.0356437669371691	0.0765067118099185	0.0408629448727493
chr18:2750122:2750350:clu_16411	-0.423075170902258	0.411792622933003	0.331149136511873	-0.08064348642113
chr18:2763789:2769694:clu_16414	-0.315807463439827	0.984764385165986	0.971726563147264	-0.0130378220187221
chr18:2763969:2769694:clu_16414	0.315807463439827	0.0152356148340138	0.0282734368527358	0.013037822018722
chr18:2777915:2778169:clu_16416	0.227916981251069	0.451565173495014	0.527005671517581	0.0754404980225668
chr18:2777915:2784450:clu_16416	-0.179360111922447	0.114811783404844	0.0891667870227012	-0.0256449963821426
chr18:2778239:2784450:clu_16416	-0.048556869328622	0.433623043100142	0.383827541459718	-0.0497955016404243
chr18:2784621:2784845:clu_16417	-0.274037127140523	0.0462941468284105	0.0291888318682164	-0.0171053149601941
chr18:2784621:2795949:clu_16417	0.212376097242237	0.903399929958348	0.926439923505712	0.0230399935473641
chr18:2784987:2795949:clu_16417	0.0616610298982863	0.0503059232132414	0.0443712446260712	-0.0059346785871701
chr18:2796521:2799281:clu_16418	0.896648610926388	0.00558489606600358	0.0114227808561217	0.00583788479011816
chr18:2796521:2800523:clu_16418	-0.51065907244528	0.118958596497154	0.059561636258047	-0.0593969602391066
chr18:2796521:2802528:clu_16418	0.282735359008856	0.775957647858201	0.858965319912363	0.0830076720541627
chr18:2799383:2802528:clu_16418	-0.512473768933321	0.0044773725887941	0.00223772086760624	-0.00223965172118786
chr18:2800740:2802528:clu_16418	-0.156251128556643	0.0950214869898483	0.0678125421058619	-0.0272089448839864
chr18:3247587:3253233:clu_16426	0.165875320730858	0.0205931927182384	0.0205055301788903	-8.76625393481344e-05
chr18:3247909:3249361:clu_16426	-0.147944739131645	0.0314433343785306	0.0228762899618465	-0.00856704441668409
chr18:3247909:3253233:clu_16426	0.184980551265014	0.903833927787759	0.917346175576126	0.0135122477883672
chr18:3249443:3253233:clu_16426	0.221339133918962	0.0297962560318409	0.0313614868374148	0.00156523080557385
chr18:3249723:3253233:clu_16426	-0.424250266783189	0.0143332890836315	0.0079105174457227	-0.00642277163790878
chr18:9937066:9944924:clu_16458	0.0689562470837677	0.0624174971469182	0.0907234285045483	0.0283059313576301
chr18:9937066:9950395:clu_16458	-0.399508661686098	0.880099052597881	0.800742597906678	-0.0793564546912037
chr18:9945058:9950395:clu_16458	0.330552414602331	0.0574834502552003	0.108533973588774	0.0510505233335736
chr18:11884627:11884879:clu_16460	-0.525357939053529	0.389742133339141	0.176861008105168	-0.212881125233973
chr18:11884627:11885676:clu_16460	0.73716088030848	0.451940356441209	0.724837774850531	0.272897418409321
chr18:11885043:11885676:clu_16460	-0.211802941254951	0.15831751021965	0.0983012170443013	-0.0600162931753484
chr18:11889490:11890279:clu_16461	0.241305616373427	0.0688901330216858	0.100743304330846	0.0318531713091604
chr18:11889490:11893468:clu_16461	-0.183570123938237	0.861295217916112	0.823550081450075	-0.0377451364660366
chr18:11891470:11893468:clu_16461	-0.0577354924351906	0.0698146490622021	0.0757066142190784	0.00589196515687626
chr18:11897356:11897526:clu_16463	0.41719227586697	0.248847528355459	0.338251462085883	0.089403933730424
chr18:11897356:11908201:clu_16463	-0.492535402622209	0.152100721291017	0.0832430364848364	-0.0688576848061808
chr18:11906309:11908201:clu_16463	0.0753431267552394	0.599051750353524	0.578505501429281	-0.0205462489242432
chr18:12817365:12819214:clu_16472	-0.0254046703342078	0.398828393711127	0.392388462705797	-0.00643993100532936
chr18:12817365:12825810:clu_16472	0.341233055017188	0.241664404973919	0.343061188961268	0.101396783987348
chr18:12819282:12825810:clu_16472	-0.31582838468298	0.359507201314954	0.264550348332935	-0.0949568529820188
chr18:46091851:46094980:clu_16574	-1.04485836298813	0.0810922538222854	0.0108003780467071	-0.0702918757755783
chr18:46091851:46095053:clu_16574	1.04485836298813	0.918907746177715	0.989199621953293	0.0702918757755783
chr18:47896809:47930361:clu_16588	-0.342753770531782	0.866648477755968	0.766049501136767	-0.100598976619201
chr18:47896809:47930800:clu_16588	0.342753770531782	0.133351522244032	0.233950498863233	0.100598976619201
chr18:49483771:49487043:clu_16596	-0.257618275892624	0.636377968429608	0.511108464693774	-0.125269503735834
chr18:49483771:49487207:clu_16596	0.257618275892624	0.363622031570392	0.488891535306226	0.125269503735834
chr18:49491584:49491736:clu_16598	-0.0823665098865132	0.0290577447055765	0.0366535860150272	0.00759584130945069
chr18:49491584:49491746:clu_16598	-0.38388358970159	0.0154036235741543	0.0143724319023826	-0.00103119167177176
chr18:49491584:49492258:clu_16598	0.115544048592907	0.00615802146562246	0.00946775973966865	0.00330973827404619
chr18:49491584:49492275:clu_16598	1.13170261112092	0.0179353902478653	0.0761778861273194	0.0582424958794542
chr18:49491584:49492458:clu_16598	-0.390538893597039	0.887182469240924	0.822299360260117	-0.0648831089808076
chr18:49491833:49492458:clu_16598	-0.390457666528687	0.0442627507658569	0.0410289759554852	-0.00323377481037163
chr18:50272955:50273334:clu_16603	-0.339836511157781	0.471482840453912	0.350369982215284	-0.121112858238628
chr18:50272955:50273564:clu_16603	0.301550474137933	0.233854227530098	0.330032761752637	0.0961785342225391
chr18:50273471:50273564:clu_16603	0.038286037019848	0.29466293201599	0.319597256032079	0.0249343240160885
chr18:50932360:50939570:clu_16613	0.170411565268363	0.429515176900212	0.411105320425652	-0.0184098564745602
chr18:50932360:50940288:clu_16613	-0.754268211897279	0.221737532962645	0.0841841768377232	-0.137553356124922
chr18:50939640:50940288:clu_16613	0.583856646628916	0.348747290137142	0.504710502736625	0.155963212599483
chr18:54166166:54187714:clu_16619	-0.490899827193662	0.0737321538120035	0.0193383228278529	-0.0543938309841507
chr18:54166166:54188874:clu_16619	0.981898878345207	0.836775318731906	0.957192083715472	0.120416764983566
chr18:54187837:54188874:clu_16619	-0.490999051151545	0.0894925274560903	0.0234695934566751	-0.0660229339994152
chr18:56624461:56626162:clu_16628	0.0273638320498726	0.258447698734366	0.269074217682816	0.0106265189484505
chr18:56624461:56626361:clu_16628	-0.0273638320498726	0.741552301265634	0.730925782317184	-0.0106265189484505
chr18:57602943:57603725:clu_16632	-0.225902841849387	0.209017214787267	0.127020080910852	-0.0819971338764157
chr18:57602943:57605857:clu_16632	0.577234111678943	0.547081376178025	0.742232909729546	0.195151533551521
chr18:57603850:57605857:clu_16632	-0.351331269829556	0.243901409034708	0.130747009359602	-0.113154399675106
chr18:57606751:57607134:clu_16633	0.0227074450503258	0.455461014411067	0.469806250562187	0.01434523615112
chr18:57606751:57607444:clu_16633	0.0678469773427298	0.181241998553359	0.195582626392032	0.0143406278386736
chr18:57607333:57607444:clu_16633	-0.0905544223930555	0.363296987035575	0.334611123045781	-0.0286858639897937
chr18:62275473:62280360:clu_16657	0.580517968627713	0.245184543548097	0.398477770175976	0.153293226627879
chr18:62275473:62280646:clu_16657	-0.96880362528784	0.412406943555631	0.142355797785309	-0.270051145770322
chr18:62280442:62280646:clu_16657	0.388285656660127	0.342408512896272	0.459166432038715	0.116757919142443
chr18:79904183:79919184:clu_16709	-0.200012489276896	0.274719182363751	0.241331589387391	-0.0333875929763594
chr18:79904183:79943329:clu_16709	0.684513388563693	0.081964995916702	0.174380660100395	0.0924156641836927
chr18:79919400:79933969:clu_16709	-0.110863855433643	0.165794117272518	0.159224929192129	-0.00656918808038887
chr18:79919400:79943329:clu_16709	-0.188421894608554	0.237323788928664	0.210911467036499	-0.0264123218921652
chr18:79934022:79943329:clu_16709	-0.1852151492446	0.240197915518365	0.214151354283586	-0.0260465612347792
chr18:79973856:79977598:clu_16711	0.148085366590865	0.527425080014101	0.508345377381638	-0.0190797026324629
chr18:79973856:79988240:clu_16711	-0.44746211806625	0.0647883933001989	0.0344232859790333	-0.0303651073211656
chr18:79977701:79988240:clu_16711	0.299376751475385	0.4077865266857	0.457231336639328	0.0494448099536284
chr19:805187:805492:clu_12509	-0.290632030491339	0.318899590210046	0.231077956556925	-0.087821633653121
chr19:805187:806408:clu_12509	0.219969319537	0.36193845634646	0.437009256225933	0.0750707998794728
chr19:805569:806408:clu_12509	0.0706627109543391	0.319161953443494	0.331912787217142	0.0127508337736482
chr19:902130:902242:clu_12517	-0.348579784569048	0.19179300333602	0.0610482007541972	-0.130744802581823
chr19:902130:908990:clu_12517	-0.347615623715013	0.0124189712132949	0.00395680327898305	-0.00846216793431182
chr19:902130:913087:clu_12517	1.04478567168156	0.70719355221127	0.906795445309792	0.199601893098521
chr19:902627:913087:clu_12517	-0.348590263397497	0.0885944732394151	0.0281995506570282	-0.0603949225823869
chr19:1011612:1011741:clu_12523	-0.0645718289533849	0.194041320099091	0.174638261043571	-0.0194030590555195
chr19:1011663:1011741:clu_12523	0.064571828953385	0.805958679900909	0.825361738956429	0.0194030590555194
chr19:1010895:1010991:clu_12524	0.0559608821164819	0.0412953511307776	0.0459609993666711	0.00466564823589354
chr19:1010895:1011096:clu_12524	-0.0559608821164819	0.958704648869222	0.954039000633329	-0.00466564823589333
chr19:1011095:1011367:clu_12524_B	0.116022644420611	0.0740135156195235	0.0915739511699465	0.017560435550423
chr19:1011195:1011367:clu_12524_B	-0.116022644420611	0.925986484380476	0.908426048830053	-0.0175604355504231
chr19:1036562:1037625:clu_12530	0.0171885295662126	0.961039440633325	0.962306403194436	0.00126696256111081
chr19:1037000:1037625:clu_12530	-0.0171885295662126	0.0389605593666751	0.0376935968055642	-0.00126696256111085
chr19:1054341:1054570:clu_12538	0.426233472365405	0.385684733151167	0.543845850547651	0.158161117396484
chr19:1054341:1054780:clu_12538	-0.210449213104318	0.0798083041289221	0.0595365516170076	-0.0202717525119145
chr19:1054694:1054780:clu_12538	-0.215784259261087	0.534506962719911	0.396617597835342	-0.13788936488457
chr19:1056243:1056330:clu_12540	-0.397430196306363	0.892389441429048	0.789268784659783	-0.103120656769265
chr19:1056243:1056418:clu_12540	0.397430196306363	0.107610558570952	0.210731215340217	0.103120656769265
chr19:1073590:1073674:clu_12547	-0.331660455743553	0.554484332920675	0.537184591069316	-0.0172997418513592
chr19:1073590:1073948:clu_12547	0.605897018568292	0.00392900241541637	0.00972058943543349	0.00579158702001712
chr19:1073746:1073948:clu_12547	-0.274236562824739	0.441586664663909	0.453094819495251	0.0115081548313421
chr19:1104127:1105186:clu_12554	1.21372925096572	0.865558107706582	0.986476371171173	0.12091826346459
chr19:1104929:1105186:clu_12554	-1.21372925096572	0.134441892293418	0.0135236288288275	-0.12091826346459
chr19:1127765:1132090:clu_12564	-0.714249418973185	0.311236508727768	0.0977177923928186	-0.213518716334949
chr19:1127765:1147309:clu_12564	0.714249418973185	0.688763491272232	0.902282207607181	0.213518716334949
chr19:1207203:1216268:clu_12566	0.246281819314635	0.0820030894697919	0.106597214882686	0.0245941254128937
chr19:1207203:1218417:clu_12566	-0.0295278457128362	0.845121207252372	0.833781063535362	-0.0113401437170106
chr19:1216398:1218417:clu_12566	-0.216753973601799	0.0728757032778355	0.0596217215819526	-0.0132539816958829
chr19:1221340:1221949:clu_12568	0.395813096714087	0.74279962022656	0.86438485466092	0.12158523443436
chr19:1221846:1221949:clu_12568	-0.395813096714087	0.25720037977344	0.13561514533908	-0.12158523443436
chr19:1223172:1223638:clu_12569	-0.409809118949714	0.406107712485615	0.231528984021508	-0.174578728464107
chr19:1223172:1226454:clu_12569	0.409809118949714	0.593892287514385	0.768471015978492	0.174578728464107
chr19:1251901:1253954:clu_12571	0.00739933943460509	0.0797084555774854	0.0785459709284808	-0.00116248464900458
chr19:1251901:1254167:clu_12571	0.0297892237615393	0.829159604930619	0.835567341944927	0.00640773701430764
chr19:1254082:1254167:clu_12571	-0.0371885631961443	0.0911319394918952	0.0858866871265921	-0.00524525236530303
chr19:1254478:1254902:clu_12572	-0.143821433677557	0.830580527053466	0.786188918766728	-0.0443916082867385
chr19:1254478:1254905:clu_12572	0.143821433677557	0.169419472946534	0.213811081233272	0.0443916082867385
chr19:1269410:1270867:clu_12573	-0.141443542422053	0.174582955782485	0.137480480655679	-0.0371024751268052
chr19:1269410:1270928:clu_12573	0.141443542422053	0.825417044217515	0.862519519344321	0.0371024751268053
chr19:1272051:1272427:clu_12576	0.58701871378905	0.789199838267763	0.891186683214098	0.101986844946335
chr19:1272051:1274307:clu_12576	-0.195521201876277	0.0794087107748017	0.0410012482504096	-0.0384074625243921
chr19:1272523:1274307:clu_12576	-0.195505189310683	0.00965864133133621	0.00498714421141335	-0.00467149711992286
chr19:1273715:1274307:clu_12576	-0.19599232260209	0.121732809626099	0.0628249243240791	-0.0589078853020202
chr19:1432690:1434737:clu_12583	0.182678649215306	0.792073341652421	0.845903450240922	0.0538301085885001
chr19:1432690:1434740:clu_12583	-0.182678649215306	0.207926658347579	0.154096549759078	-0.0538301085885003
chr19:1418731:1421148:clu_12584	-0.0949817983504651	0.825523628990916	0.796451992338966	-0.02907163665195
chr19:1418731:1421151:clu_12584	0.094981798350465	0.174476371009084	0.203548007661034	0.0290716366519501
chr19:1422396:1425878:clu_12585	0.42589478646092	0.458854211339389	0.537240438464064	0.0783862271246744
chr19:1422396:1428842:clu_12585	-0.661043079253032	0.106177917458778	0.0419253849218619	-0.0642525325369165
chr19:1425960:1428842:clu_12585	0.235148292792112	0.434967871201832	0.420834176614074	-0.0141336945877578
chr19:1611849:1612207:clu_12596	3.90669796759629	0.294869639176802	0.278373357473401	-0.0164962817034006
chr19:1611849:1615285:clu_12596	4.15359035767182	0.158479521527845	0.191511458224578	0.0330319366967332
chr19:1612430:1615285:clu_12596	-11.6555765109076	0.0216564917025346	3.56431255733084e-09	-0.0216564881382221
chr19:1612430:1615686:clu_12596	3.34957442182624	0.0325934813748961	0.0176267675880984	-0.0149667137867977
chr19:1612433:1615285:clu_12596	3.83696466524556	0.0493036166397411	0.0434101811981144	-0.00589343544162671
chr19:1612433:1615686:clu_12596	3.89058053700283	0.177190033991667	0.16460278896389	-0.0125872450277764
chr19:1615485:1615686:clu_12596	-11.6555329665776	0.0189643494893406	3.12136487259029e-09	-0.0189643463679758
chr19:1615520:1615686:clu_12596	4.17370152814255	0.246942866097174	0.30447543986624	0.057532573769066
chr19:1877687:1878664:clu_12607	-0.786106318121104	0.164788686994061	0.0198591168941743	-0.144929570099887
chr19:1877687:1879921:clu_12607	1.57218257463476	0.762352674632835	0.971360233537967	0.209007558905132
chr19:1878904:1879921:clu_12607	-0.786076256513651	0.0728586383731039	0.00878064956785897	-0.0640779888052449
chr19:1979618:1979752:clu_12615	-0.0528914919813595	0.075054851215751	0.0680333994130712	-0.00702145180267978
chr19:1979643:1979752:clu_12615	0.0528914919813594	0.924945148784249	0.931966600586929	0.00702145180267966
chr19:1997463:2013547:clu_12619	-0.593500449952462	0.0700712641840639	0.0224755320200931	-0.0475957321639708
chr19:1997463:2015297:clu_12619	0.593500449952462	0.929928735815936	0.977524467979907	0.0475957321639708
chr19:2037829:2040134:clu_12620	-0.243083305662132	0.137185456561316	0.0890708766327533	-0.0481145799285622
chr19:2039856:2040134:clu_12620	0.243083305662132	0.862814543438685	0.910929123367247	0.0481145799285621
chr19:2073424:2076811:clu_12624	-0.291319621657389	0.388640830146871	0.381489497253597	-0.0071513328932743
chr19:2073424:2085175:clu_12624	0.642329798698327	0.0338201604924748	0.0844478537288315	0.0506276932363566
chr19:2078679:2085175:clu_12624	-0.351010177040937	0.577539009360654	0.534062649017572	-0.0434763603430823
chr19:2324192:2328387:clu_12644	-0.189675673550194	0.213058339282813	0.156310589639416	-0.0567477496433973
chr19:2324196:2328387:clu_12644	0.189675673550194	0.786941660717187	0.843689410360584	0.0567477496433973
chr19:3054037:3054120:clu_12662	0.0722265873449735	0.0277041929603748	0.0318724100497756	0.0041682170894008
chr19:3054040:3054120:clu_12662	-0.0722265873449735	0.972295807039625	0.968127589950224	-0.00416821708940074
chr19:3206190:3206262:clu_12669	-0.00115245238551947	0.61233449754125	0.611787215572334	-0.000547281968916069
chr19:3206190:3206265:clu_12669	0.00115245238551942	0.38766550245875	0.388212784427666	0.000547281968915958
chr19:4099378:4101019:clu_12702	-0.308314262277831	0.0621247604951995	0.0345195231473065	-0.027605237347893
chr19:4099414:4101019:clu_12702	0.308314262277831	0.9378752395048	0.965480476852694	0.0276052373478931
chr19:5928087:5931404:clu_12754	0.0201022268600705	0.487981502886668	0.498030311032283	0.0100488081456152
chr19:5928087:5931419:clu_12754	-0.0201022268600705	0.512018497113332	0.501969688967717	-0.0100488081456152
chr19:6472993:6475096:clu_12769	0.265030400694521	0.0772680185911993	0.124553589970995	0.0472855713797958
chr19:6472993:6475274:clu_12769	-0.265030400694521	0.922731981408801	0.875446410029005	-0.0472855713797958
chr19:6475643:6475837:clu_12770	-0.563272077599346	0.109208561649646	0.0382211682163276	-0.0709873934333183
chr19:6475751:6475837:clu_12770	0.563272077599346	0.890791438350354	0.961778831783673	0.0709873934333184
chr19:7551437:7553872:clu_12809	-0.430874568687245	0.61701202795377	0.404954248088675	-0.212057779865095
chr19:7551437:7553875:clu_12809	0.430874568687245	0.38298797204623	0.595045751911325	0.212057779865095
chr19:7629860:7630573:clu_12815	0.239812907835883	0.498741461108002	0.509690699959741	0.0109492388517392
chr19:7629860:7630823:clu_12815	-0.541179640158657	0.0880308537991289	0.0411988787009609	-0.046831975098168
chr19:7630659:7630823:clu_12815	0.301366732322774	0.413227685092869	0.449110421339298	0.0358827362464288
chr19:7630846:7631232:clu_12816	-0.519930592892304	0.146688055808685	0.0572875433157825	-0.0894005124929028
chr19:7630846:7631473:clu_12816	0.519930592892304	0.853311944191315	0.942712456684217	0.0894005124929027
chr19:7645306:7645760:clu_12822	-0.389918027519031	0.0237394582385612	0.0110258357356122	-0.012713622502949
chr19:7645306:7646249:clu_12822	0.389918027519031	0.976260541761439	0.988974164264388	0.0127136225029489
chr19:7647247:7647354:clu_12823	-0.446338380349287	0.480887134141953	0.518055552953924	0.0371684188119706
chr19:7647247:7647725:clu_12823	1.07225590082615	0.00364186646384195	0.017913246795189	0.0142713803313471
chr19:7647511:7647725:clu_12823	-0.625917520476867	0.515470999394205	0.464031200250887	-0.0514397991433176
chr19:7904068:7905808:clu_12827	0.00450347169468997	0.344694638104846	0.386484183756488	0.0417895456516429
chr19:7904068:7909755:clu_12827	0.828587327403844	0.142711676708945	0.364797436537303	0.222085759828358
chr19:7905855:7909755:clu_12827	-0.833090799098533	0.512593685186209	0.248718379706209	-0.263875305480001
chr19:8455574:8462529:clu_12844	-0.0184679396921675	0.647318520106857	0.64207479381905	-0.00524372628780723
chr19:8455574:8463497:clu_12844	0.0151105638501003	0.0318493730812903	0.0326701730860037	0.000820800004713414
chr19:8462581:8463497:clu_12844	0.00335737584206726	0.320832106811852	0.325255033094946	0.00442292628309388
chr19:8471427:8473664:clu_12848	-0.120289416122089	0.548593708550279	0.548037961237826	-0.000555747312453003
chr19:8471427:8474167:clu_12848	0.289308652336759	0.0406008007487563	0.0610914733692968	0.0204906726205405
chr19:8473708:8474167:clu_12848	-0.16901923621467	0.410805490700965	0.390870565392877	-0.0199349253080876
chr19:8474244:8483158:clu_12848_B	-0.0792535058878719	0.603938372607535	0.552776080692199	-0.0511622919153369
chr19:8474244:8485603:clu_12848_B	-0.0960102132525002	0.07256780815283	0.0653165561381231	-0.0072512520147069
chr19:8483211:8485603:clu_12848_B	0.175263719140372	0.323493819239635	0.381907363169678	0.0584135439300439
chr19:8536396:8536499:clu_12854	0.320815580166457	0.958455544417928	0.977690711738583	0.0192351673206544
chr19:8536410:8536499:clu_12854	-0.320815580166457	0.0415444555820716	0.0223092882614172	-0.0192351673206544
chr19:8536597:8536949:clu_12855	0.79993355673723	0.960663828674083	0.991799673396851	0.0311358447227681
chr19:8536646:8536949:clu_12855	-0.79993355673723	0.0393361713259173	0.00820032660314921	-0.0311358447227681
chr19:8540028:8541906:clu_12856	0.272759587699292	0.430577793039029	0.422740499973386	-0.00783729306564368
chr19:8540028:8541913:clu_12856	-0.703362706631305	0.0581360594045192	0.0215051905062042	-0.036630868898315
chr19:8540028:8544297:clu_12856	0.0459966769285679	0.0178530812067687	0.0139718375949765	-0.00388124361179219
chr19:8541991:8544297:clu_12856	0.384606442003445	0.493433066349683	0.541782471925433	0.048349405575751
chr19:8550682:8551740:clu_12859	0.790430170184304	0.0219539679507557	0.0458643965368148	0.0239104285860591
chr19:8550694:8551740:clu_12859	0.0484904089969885	0.945854837886964	0.940950555748877	-0.00490428213808647
chr19:8550694:8551751:clu_12859	-0.838920579181293	0.0321911941622807	0.0131850477143081	-0.0190061464479726
chr19:9157394:9157980:clu_12872	0.169359041903909	0.281559861807931	0.316654997952296	0.0350951361443645
chr19:9157394:9158826:clu_12872	0.344287741557007	0.356712257624137	0.477863880988563	0.121151623364426
chr19:9158075:9158826:clu_12872	-0.513646783460916	0.361727880567931	0.205481121059141	-0.15624675950879
chr19:9827984:9828327:clu_12894	0.13178214190857	0.884208949459174	0.908584297557153	0.0243753480979784
chr19:9828064:9828327:clu_12894	-0.13178214190857	0.115791050540826	0.0914157024428474	-0.0243753480979784
chr19:10087300:10089111:clu_12897	-0.352194891471915	0.224737706690056	0.104165211603907	-0.120572495086149
chr19:10087300:10089657:clu_12897	0.704403429629518	0.616824738865898	0.822400488434963	0.205575749569066
chr19:10089378:10089657:clu_12897	-0.352208538157603	0.158437554444047	0.0734342999611293	-0.0850032544829172
chr19:10133701:10134217:clu_12904	-0.147699832537086	0.440741194524624	0.419714606173932	-0.0210265883506915
chr19:10133701:10135736:clu_12904	0.268013739971807	0.0708853309617944	0.102298418721687	0.0314130877598923
chr19:10134307:10135736:clu_12904	-0.120313907434721	0.488373474513582	0.477986975104381	-0.0103864994092009
chr19:10142220:10142819:clu_12908	-7.47121598681596	0.187193536808	7.46256138879895e-08	-0.187193462182386
chr19:10142220:10143766:clu_12908	7.47121598681596	0.812806463192	0.999999925374386	0.187193462182386
chr19:10334782:10335066:clu_12919	-0.345775604694067	0.461508712919287	0.462797212239979	0.00128849932069164
chr19:10334782:10335671:clu_12919	0.759370646331925	0.0155978245212337	0.0472317218563623	0.0316338973351287
chr19:10335353:10335671:clu_12919	-0.413595041637858	0.522893462559479	0.489971065903659	-0.0329223966558203
chr19:10361836:10362078:clu_12926	0.240529239805375	0.0639837191698053	0.0995758981509254	0.0355921789811201
chr19:10361955:10362078:clu_12926	-0.240529239805375	0.936016280830195	0.900424101849075	-0.03559217898112
chr19:10602561:10626253:clu_12942	1.1613296851048	0.917102824227363	0.991218414828079	0.0741155906007164
chr19:10603093:10626253:clu_12942	-1.1613296851048	0.0828971757726369	0.00878158517192057	-0.0741155906007163
chr19:10634887:10634974:clu_12944	0.324811409896916	0.206566999030626	0.251125795697297	0.0445587966666706
chr19:10634887:10636323:clu_12944	-0.353219168452531	0.0695882915247161	0.042943913667257	-0.0266443778574591
chr19:10635073:10635163:clu_12944	0.184650357567315	0.268542306894623	0.28377356055898	0.0152312536643571
chr19:10635073:10636323:clu_12944	-0.246353010712816	0.0566769492826445	0.038920937722264	-0.0177560115603805
chr19:10635515:10636323:clu_12944	0.0901104117011157	0.39862545326739	0.383235792354202	-0.0153896609131882
chr19:10679927:10680346:clu_12950	-0.0221871472159238	0.459728025606135	0.449789059177467	-0.00993896642866821
chr19:10679927:10681019:clu_12950	0.00309111161055385	0.0407326093820726	0.0408722313893368	0.000139622007264195
chr19:10680443:10681019:clu_12950	0.0190960356053701	0.499539365011792	0.509338709433196	0.00979934442140401
chr19:10682704:10683125:clu_12952	-0.0334414372602963	0.417113219454512	0.400947643679284	-0.0161655757752276
chr19:10682704:10683137:clu_12952	0.0334414372602963	0.582886780545488	0.599052356320716	0.0161655757752276
chr19:10683970:10684416:clu_12953	0.273491624833207	0.33572343977219	0.40483815026447	0.0691147104922806
chr19:10683970:10687346:clu_12953	-0.196586509850625	0.170494084013098	0.128486275952655	-0.0420078080604428
chr19:10683970:10689179:clu_12953	-0.121729578719518	0.0478949158697891	0.0388997485994605	-0.00899516727032858
chr19:10688678:10689179:clu_12953	0.0448244637369356	0.445887560344924	0.427775825183415	-0.0181117351615092
chr19:10796199:10798486:clu_12956	0.0442645919489779	0.477741966865834	0.49985954257	0.0221175757041661
chr19:10797518:10798486:clu_12956	-0.0442645919489779	0.522258033134166	0.50014045743	-0.0221175757041661
chr19:10805967:10808569:clu_12957	-0.923427446787523	0.53729365354802	0.508217223812433	-0.0290764297355871
chr19:10805967:10812264:clu_12957	1.84685489578087	0.0038235692014732	0.0577331106924526	0.0539095414909794
chr19:10808580:10812264:clu_12957	-0.923427448993351	0.458882777250507	0.434049665495114	-0.0248331117553924
chr19:10830378:10830978:clu_12959	0.0231520532242591	0.714294152357213	0.723649302753828	0.00935515039661527
chr19:10830378:10830981:clu_12959	-0.0231520532242591	0.285705847642787	0.276350697246172	-0.00935515039661516
chr19:10921127:10921375:clu_12965	-0.108038434511702	0.252869637469262	0.252341835322741	-0.000527802146520984
chr19:10921127:10921615:clu_12965	-0.459259836277381	0.569973794517549	0.400326134899661	-0.169647659617888
chr19:10921443:10921615:clu_12965	0.567298270789083	0.177156568013189	0.347332029777598	0.170175461764409
chr19:11435706:11436041:clu_12985	-0.119036530769548	0.928870241223024	0.911443609307446	-0.0174266319155778
chr19:11435710:11436041:clu_12985	0.119036530769548	0.0711297587769761	0.0885563906925539	0.0174266319155778
chr19:11447597:11447693:clu_12988	0.202077113697684	0.458681630591388	0.538663632135441	0.0799820015440522
chr19:11447618:11447693:clu_12988	-0.206407126589925	0.329382799000139	0.25710159543666	-0.072281203563479
chr19:11447618:11447723:clu_12988	0.00433001289224135	0.211935570408472	0.204234772427899	-0.00770079798057313
chr19:11577679:11578585:clu_12995	-0.69347245089069	0.576150968628915	0.314719505711623	-0.261431462917292
chr19:11577679:11578844:clu_12995	0.8569510343077	0.177288333107312	0.456465422515112	0.2791770894078
chr19:11578657:11578844:clu_12995	-0.16347858341701	0.246560698263772	0.228815071773265	-0.0177456264905078
chr19:12658344:12658428:clu_13010	0.233641147349086	0.461479047186357	0.503040292532233	0.041561245345876
chr19:12658344:12661260:clu_13010	-0.277921689136567	0.0420006155046657	0.0274496949929769	-0.0145509205116888
chr19:12658510:12661260:clu_13010	0.10599910768932	0.450146162229098	0.431886972070036	-0.0182591901590617
chr19:12658513:12661260:clu_13010	-0.0617185659018392	0.0463741750798794	0.037623040404754	-0.00875113467512537
chr19:12676142:12677108:clu_13017	0.383942493590197	0.414125950003558	0.521165887273694	0.107039937270136
chr19:12676142:12677291:clu_13017	-0.391858653896119	0.0961920142117775	0.0557258109856458	-0.0404662032261316
chr19:12677211:12677291:clu_13017	0.00791616030592202	0.489682035784665	0.423108301740661	-0.066573734044004
chr19:12731421:12734313:clu_13024	0.778016175309703	0.888934187641421	0.974317630724925	0.085383443083504
chr19:12731557:12734313:clu_13024	-0.778016175309703	0.111065812358579	0.025682369275075	-0.0853834430835039
chr19:12938770:12939134:clu_13029	1.15347472457624	0.929938295440055	0.992554642159769	0.0626163467197139
chr19:12938844:12939134:clu_13029	-1.15347472457624	0.0700617045599448	0.00744535784023087	-0.062616346719714
chr19:12940887:12943537:clu_13031	0.671182944021643	0.931502253661694	0.981152796445786	0.0496505427840914
chr19:12940975:12943537:clu_13031	-0.671182944021643	0.0684977463383059	0.0188472035542145	-0.0496505427840915
chr19:12948358:12948497:clu_13033	0.705910447631333	0.846723787912032	0.957748842648959	0.111025054736927
chr19:12948358:12948514:clu_13033	-0.705910447631333	0.153276212087969	0.0422511573510411	-0.111025054736927
chr19:12948813:12949081:clu_13034	-0.058419755273834	0.372678561624827	0.360280238140525	-0.0123983234843022
chr19:12948813:12949278:clu_13034	0.0691624714491092	0.048837643315026	0.0536375566510583	0.00479991333603223
chr19:12949159:12949275:clu_13034	0.153970992465528	0.255137376730491	0.305014331791217	0.0498769550607254
chr19:12949159:12949278:clu_13034	-0.164713708640803	0.323346418329655	0.2810678734172	-0.0422785449124555
chr19:13109838:13109915:clu_13038	-0.0876197313815479	0.399923016026226	0.416184957508513	0.016261941482287
chr19:13109838:13110158:clu_13038	0.429204159434169	0.106009555986608	0.184973178572423	0.0789636225858145
chr19:13110001:13110158:clu_13038	-0.341584428052621	0.494067427987166	0.398841863919064	-0.0952255640681015
chr19:14093237:14093628:clu_13059	-0.0885223400386172	0.520594024586537	0.517813586201067	-0.00278043838547015
chr19:14093237:14097361:clu_13059	0.200463385163261	0.0459668152715414	0.0610412731836218	0.0150744579120803
chr19:14093792:14097361:clu_13059	-0.111941045124644	0.433439160141921	0.421145140615311	-0.0122940195266102
chr19:14391079:14396342:clu_13063	-0.203828276216953	0.265788112008254	0.245258777159597	-0.020529334848657
chr19:14391079:14397658:clu_13063	-0.306870902545669	0.447344365244641	0.372374672002063	-0.074969693242578
chr19:14396473:14397077:clu_13063	-0.164935450655109	0.164131923576663	0.157460999998769	-0.00667092357789334
chr19:14396473:14397658:clu_13063	0.882151379707534	0.0617422839664958	0.168774437501462	0.107032153534966
chr19:14397223:14397658:clu_13063	-0.206516750289803	0.0609933152039463	0.056131113338109	-0.0048622018658373
chr19:14397804:14397889:clu_13064	-0.177041133585173	0.569576208091303	0.524415304865252	-0.0451609032260509
chr19:14397804:14398062:clu_13064	0.175799589226737	0.00927355523715779	0.0121508472129127	0.00287729197575489
chr19:14397935:14398062:clu_13064	0.0012415443584356	0.42115023667154	0.463433847921836	0.0422836112502961
chr19:14406960:14407061:clu_13067	-0.223889374360223	0.963488530941849	0.944020133978211	-0.019468396963638
chr19:14406960:14407188:clu_13067	0.223889374360223	0.0365114690581505	0.0559798660217885	0.019468396963638
chr19:14408009:14408092:clu_13067_B	-0.2301884314815	0.85761535560063	0.791707171845602	-0.0659081837550286
chr19:14408009:14408488:clu_13067_B	0.2301884314815	0.14238464439937	0.208292828154398	0.0659081837550286
chr19:14410334:14410421:clu_13068	-0.373468023043249	0.079032931655685	0.0273978250794819	-0.051635106576203
chr19:14410334:14410548:clu_13068	-0.373501334266926	0.165631811221575	0.0574165747642987	-0.108215236457276
chr19:14410334:14410989:clu_13068	1.12047120851541	0.545548076367125	0.842462522186148	0.296914445819023
chr19:14410605:14410989:clu_13068	-0.373501851205239	0.209787180755615	0.0727230779700716	-0.137064102785544
chr19:14433542:14441143:clu_13069	-0.119989854421511	0.524506195159154	0.464590295914384	-0.0599158992447695
chr19:14440329:14441143:clu_13069	0.119989854421511	0.475493804840847	0.535409704085616	0.0599158992447694
chr19:15397855:15398630:clu_13112	-0.339113667703252	0.146940215353135	0.0803921228231629	-0.0665480925299722
chr19:15397855:15399302:clu_13112	0.339113667703252	0.853059784646865	0.919607877176837	0.0665480925299722
chr19:15458655:15460203:clu_13119	0.0550208375364744	0.888155338951357	0.89862846855246	0.0104731296011025
chr19:15458655:15460221:clu_13119	-0.0550208375364744	0.111844661048643	0.10137153144754	-0.0104731296011024
chr19:16148875:16151447:clu_13129	0.646855495877475	0.0307671218068456	0.0598648205996459	0.0290976987928004
chr19:16148875:16152552:clu_13129	-0.0137837688839868	0.896043400639764	0.900537646220241	0.00449424558047684
chr19:16151578:16152552:clu_13129	-0.633071726993488	0.0731894775533902	0.0395975331801129	-0.0335919443732773
chr19:16324998:16325216:clu_13136	-0.31404661780068	0.39530415028676	0.330160768969299	-0.0651433813174611
chr19:16324998:16326856:clu_13136	0.41325278245197	0.0631271481191043	0.109111965569486	0.0459848174503815
chr19:16326032:16326856:clu_13136	-0.0992061646512894	0.541568701594136	0.560727265461215	0.0191585638670795
chr19:16862559:16862884:clu_13146	-0.493780096332191	0.638689885593445	0.440451442643674	-0.19823844294977
chr19:16862559:16863680:clu_13146	0.987928388027589	0.132383487117955	0.401734966087237	0.269351478969282
chr19:16863362:16863680:clu_13146	-0.494148291695398	0.228926627288601	0.157813591269088	-0.0711130360195122
chr19:17202303:17202842:clu_13155	-0.013110089594757	0.506883180889736	0.50032857091128	-0.00655460997845614
chr19:17202303:17202845:clu_13155	0.013110089594757	0.493116819110263	0.49967142908872	0.00655460997845619
chr19:17516280:17517288:clu_13175	1.03087848677303	0.821185018696072	0.973042173667497	0.151857154971425
chr19:17516474:17517288:clu_13175	-1.03087848677303	0.178814981303928	0.0269578263325029	-0.151857154971425
chr19:18001573:18008711:clu_13202	0.433942755653939	0.455358339635478	0.665709297861303	0.210350958225825
chr19:18008584:18008711:clu_13202	-0.433942755653939	0.544641660364522	0.334290702138697	-0.210350958225825
chr19:18009118:18009592:clu_13203	-0.291223561553488	0.475293096355179	0.409798804873485	-0.0654942914816934
chr19:18009118:18009783:clu_13203	0.433887966403881	0.0837564083439832	0.14912112184506	0.0653647135010772
chr19:18009694:18009783:clu_13203	-0.142664404850392	0.440950495300838	0.441080073281455	0.000129577980616191
chr19:18430930:18431353:clu_13231	-0.0405016652486395	0.320536264022442	0.309194912042868	-0.011341351979574
chr19:18430930:18431647:clu_13231	-0.129287976578285	0.383514419834869	0.338514643875091	-0.0449997759597782
chr19:18431418:18431647:clu_13231	0.169789641826924	0.295949316142689	0.352290444082041	0.0563411279393523
chr19:18571887:18573293:clu_13239	-0.118956614782235	0.637412402748463	0.580843631231807	-0.056568771516656
chr19:18571909:18573293:clu_13239	0.118956614782235	0.362587597251537	0.419156368768193	0.0565687715166558
chr19:18538433:18539371:clu_13241	-0.150150750018689	0.337520046784826	0.273951269645106	-0.0635687771397203
chr19:18538436:18539371:clu_13241	0.150150750018689	0.662479953215174	0.726048730354894	0.0635687771397201
chr19:18557914:18562036:clu_13243	0.451868128236475	0.760311873010506	0.88676617014852	0.126454297138014
chr19:18560550:18562036:clu_13243	-0.451868128236475	0.239688126989494	0.11323382985148	-0.126454297138014
chr19:18567178:18568402:clu_13245	0.438142626139459	0.921851972561021	0.965909951290191	0.0440579787291697
chr19:18567584:18568402:clu_13245	-0.438142626139459	0.0781480274389793	0.0340900487098094	-0.0440579787291699
chr19:18589077:18589413:clu_13246	-0.187713615642727	0.769244683396268	0.696063894352497	-0.0731807890437707
chr19:18589077:18589479:clu_13246	0.187713615642727	0.230755316603732	0.303936105647503	0.0731807890437708
chr19:18853071:18853252:clu_13252	0.164116042242629	0.803447009772216	0.850205184503565	0.0467581747313491
chr19:18853104:18853252:clu_13252	-0.164116042242629	0.196552990227784	0.149794815496435	-0.0467581747313492
chr19:18995280:18998924:clu_13265	0.570691418581253	0.0539208580379572	0.15143039828353	0.0975095402455732
chr19:18995280:19001613:clu_13265	-0.570691418581253	0.946079141962043	0.84856960171647	-0.0975095402455731
chr19:19150764:19180686:clu_13277	-0.849261607907302	0.584879868953188	0.204942547980062	-0.379937320973126
chr19:19177460:19180686:clu_13277	0.849261607907302	0.415120131046812	0.795057452019938	0.379937320973126
chr19:19182683:19186034:clu_13278	-0.118435790091397	0.488694970296919	0.528410395932525	0.0397154256356064
chr19:19182683:19192081:clu_13278	0.514465106716996	0.0433402523496565	0.0882450364514808	0.0449047841018243
chr19:19187005:19192081:clu_13278	-0.396029316625599	0.467964777353425	0.383344567615994	-0.0846202097374308
chr19:19194133:19196963:clu_13279	0.3210355620557	0.318039402248659	0.469855234546728	0.151815832298069
chr19:19194133:19196966:clu_13279	-0.3210355620557	0.681960597751341	0.530144765453272	-0.151815832298069
chr19:19465614:19492306:clu_13290	-0.148199906176852	0.474057973126319	0.49626480115857	0.0222068280322511
chr19:19465614:19492581:clu_13290	0.464640804463091	0.0366751557643806	0.0708610076048838	0.0341858518405032
chr19:19492438:19492581:clu_13290	-0.316440898286239	0.4892668711093	0.432874191236546	-0.0563926798727544
chr19:19627284:19627397:clu_13298	0.798254055490762	0.392523000686821	0.600751800181676	0.208228799494855
chr19:19627284:19628092:clu_13298	-1.52732650174426	0.271876868205771	0.0406644989986852	-0.231212369207086
chr19:19627504:19628092:clu_13298	0.210204415737346	0.0971089978132551	0.0825472727170643	-0.0145617250961909
chr19:19627969:19628092:clu_13298	0.518868030516156	0.238491133294153	0.276036428102575	0.0375452948084221
chr19:19630537:19633803:clu_13299	0.604425296149264	0.900941527145027	0.968218721982523	0.0672771948374961
chr19:19632266:19633803:clu_13299	-0.604425296149264	0.0990584728549728	0.0317812780174767	-0.0672771948374961
chr19:19635569:19635644:clu_13301	-0.0118668010255891	0.397928036436871	0.387566181922253	-0.0103618545146179
chr19:19635569:19636707:clu_13301	-0.0295158803603107	0.0857947114487131	0.0820988277007151	-0.00369588374799802
chr19:19635721:19636707:clu_13301	0.0413826813858998	0.516277252114416	0.530334990377032	0.014057738262616
chr19:19636787:19636917:clu_13302	-0.155377801797679	0.259457101536839	0.204313808016691	-0.0551432935201472
chr19:19636796:19636917:clu_13302	0.155377801797679	0.740542898463161	0.795686191983309	0.0551432935201474
chr19:19640192:19640296:clu_13305	-0.229942631270835	0.448298620746838	0.484604829971493	0.0363062092246551
chr19:19640192:19640446:clu_13305	0.642835256381173	0.011097202697423	0.0287128614261642	0.0176156587287412
chr19:19640360:19640446:clu_13305	-0.412892625110338	0.540604176555739	0.486682308602342	-0.0539218679533964
chr19:19642051:19642535:clu_13307	-0.189413771557648	0.841622253413924	0.784404482274015	-0.0572177711399091
chr19:19642051:19642537:clu_13307	0.189413771557648	0.158377746586075	0.215595517725985	0.0572177711399092
chr19:19642619:19643195:clu_13307_B	1.05413646174598	0.0075747592929422	0.0591305219391481	0.0515557626462059
chr19:19642619:19643511:clu_13307_B	-1.05413646174598	0.992425240707058	0.940869478060852	-0.051555762646206
chr19:19654074:19654543:clu_13309	-0.463294483657188	0.716853046991109	0.500578966102342	-0.216274080888767
chr19:19654144:19654543:clu_13309	0.463294483657188	0.283146953008891	0.499421033897658	0.216274080888767
chr19:34209051:34215124:clu_13369	0.0216289090129537	0.463405780892867	0.472453938439474	0.00904815754660754
chr19:34209051:34215596:clu_13369	-0.00132928012942077	0.156931926659394	0.156364700818737	-0.000567225840657049
chr19:34215300:34215596:clu_13369	-0.0202996288835329	0.379662292447739	0.371181360741789	-0.00848093170595055
chr19:34221738:34226408:clu_13371	0.136291935800572	0.316873323535806	0.362265088306196	0.0453917647703903
chr19:34221738:34227365:clu_13371	-0.139058479579513	0.344968642767163	0.29945892270614	-0.0455097200610226
chr19:34226464:34227365:clu_13371	0.00276654377894166	0.338158033697031	0.338275988987663	0.000117955290632354
chr19:35011554:35013256:clu_13385	0.0694756320291685	0.493394518651181	0.48817800661039	-0.00521651204079143
chr19:35011554:35013541:clu_13385	-0.241532145456406	0.117343866885484	0.0850697826730164	-0.0322740842124676
chr19:35013368:35013541:clu_13385	0.172056513427237	0.389261614463335	0.426752210716594	0.0374905962532591
chr19:35023547:35023697:clu_13390	-0.21927979202444	0.0960855336605382	0.0641605407219045	-0.0319249929386337
chr19:35023547:35026049:clu_13390	0.21927979202444	0.903914466339462	0.935839459278095	0.0319249929386337
chr19:35154809:35155551:clu_13392	0.0365271116489514	0.922808079617362	0.927853877003385	0.00504579738602284
chr19:35154869:35155551:clu_13392	-0.0365271116489514	0.0771919203826384	0.0721461229966154	-0.00504579738602297
chr19:35269699:35269803:clu_13400	-0.381050872789958	0.428469171077471	0.379296944500139	-0.0491722265773321
chr19:35269699:35270447:clu_13400	0.639883707828468	0.0336259618471994	0.0826267623116062	0.0490008004644068
chr19:35270003:35270447:clu_13400	-0.25883283503851	0.53790486707533	0.538076293188255	0.00017142611292531
chr19:35739626:35739710:clu_13423	-0.161619050116671	0.506274455611698	0.441796037893931	-0.0644784177177675
chr19:35739626:35741024:clu_13423	0.738728436927762	0.0979689468399871	0.210348871411544	0.112379924571557
chr19:35740088:35740380:clu_13423	-0.366515559131079	0.0956982364436263	0.0680384345531852	-0.027659801890441
chr19:35740088:35741024:clu_13423	-0.0156947945026726	0.160229222695855	0.16178998182116	0.00156075912530482
chr19:35740564:35741024:clu_13423	-0.194899033177339	0.139829138408833	0.118026674320181	-0.0218024640886527
chr19:35741223:35742396:clu_13423_B	-0.0954438810516254	0.615590361547749	0.569542603347589	-0.0460477582001603
chr19:35741228:35742396:clu_13423_B	0.0954438810516254	0.384409638452251	0.430457396652411	0.0460477582001603
chr19:35742803:35743155:clu_13424	0.175712944180446	0.110606896284868	0.163912366327622	0.0533054700427543
chr19:35742803:35743809:clu_13424	-0.354498255004325	0.790995425298163	0.689819850960495	-0.101175574337667
chr19:35743345:35743809:clu_13424	0.178785310823879	0.098397678416969	0.146267782711882	0.0478701042949132
chr19:35903416:35903650:clu_13439	-0.204798993930918	0.0357654154282132	0.024034165001555	-0.0117312504266582
chr19:35903416:35903772:clu_13439	0.204798993930918	0.964234584571787	0.975965834998445	0.0117312504266581
chr19:35903903:35904120:clu_13440	0.0400044676757965	0.74189636118161	0.756918220502883	0.0150218593212736
chr19:35903903:35904123:clu_13440	-0.0400044676757965	0.25810363881839	0.243081779497116	-0.0150218593212736
chr19:36121718:36125451:clu_13447	1.0744190411014	0.737494532310925	0.960144556052663	0.222650023741738
chr19:36122173:36125451:clu_13447	-1.0744190411014	0.262505467689074	0.0398554439473367	-0.222650023741738
chr19:38305507:38307428:clu_13488	0.161025047803169	0.752864035981861	0.807833858292407	0.0549698223105454
chr19:38306990:38307428:clu_13488	-0.161025047803169	0.247135964018139	0.192166141707593	-0.0549698223105454
chr19:38619317:38620337:clu_13505	-0.378569987238695	0.0636512509190991	0.030897084160589	-0.0327541667585101
chr19:38619327:38620337:clu_13505	0.378569987238695	0.936348749080901	0.969102915839411	0.0327541667585102
chr19:38709476:38710257:clu_13507	-0.784105262276696	0.98204354410249	0.919344610990944	-0.0626989331115463
chr19:38709476:38711276:clu_13507	0.784105262276696	0.0179564558975101	0.0806553890090564	0.0626989331115463
chr19:38710342:38714469:clu_13507_B	-0.97896978790012	0.965595982944687	0.7984496367315	-0.167146346213187
chr19:38711361:38714469:clu_13507_B	0.97896978790012	0.0344040170553127	0.2015503632685	0.167146346213187
chr19:38840559:38841613:clu_13513	-0.0748176567879014	0.113884313721851	0.0937124667148299	-0.0201718470070208
chr19:38840559:38843842:clu_13513	0.183636004124727	0.745761213250492	0.794654325030826	0.0488931117803337
chr19:38841682:38843842:clu_13513	-0.108818347336826	0.140354473027657	0.111633208254344	-0.028721264773313
chr19:38843914:38844008:clu_13513_B	-0.293981154128937	0.467544906645404	0.43066135819317	-0.0368835484522336
chr19:38843914:38845853:clu_13513_B	0.724180907495977	0.080957603483872	0.206420290156941	0.125462686673069
chr19:38845735:38845853:clu_13513_B	-0.43019975336704	0.451497489870724	0.362918351649888	-0.0885791382208358
chr19:38847434:38849700:clu_13514	-0.414405803265944	0.558341852799302	0.411129477639563	-0.14721237515974
chr19:38847434:38849871:clu_13514	0.289943832905498	0.138412450734486	0.206133582770473	0.0677211320359872
chr19:38847434:38852296:clu_13514	0.124461970360447	0.303245696466212	0.382736939589965	0.0794912431237524
chr19:39329626:39333077:clu_13532	0.188317708876135	0.562722895226624	0.558538096185793	-0.00418479904083058
chr19:39329626:39335261:clu_13532	-0.406017560347327	0.0116059208980215	0.00635801126923747	-0.00524790962878408
chr19:39333126:39335261:clu_13532	0.217699851471191	0.425671183875355	0.435103892544969	0.00943270866961465
chr19:39335310:39335435:clu_13532_B	0.0428861752443164	0.455248345700229	0.461308681526521	0.00606033582629145
chr19:39335310:39335974:clu_13532_B	-0.0643348908440865	0.019679215837602	0.0179137093360427	-0.00176550650155929
chr19:39335531:39335974:clu_13532_B	0.0214487155997702	0.525072438462169	0.520777609137437	-0.00429482932473224
chr19:39406928:39407743:clu_13538	0.0982138914645744	0.973649127960691	0.978246295610187	0.00459716764949591
chr19:39407481:39407743:clu_13538	-0.0982138914645744	0.0263508720393092	0.0217537043898133	-0.00459716764949595
chr19:39445637:39445804:clu_13543	-0.376336751818715	0.773684314780044	0.616935137195105	-0.156749177584939
chr19:39445637:39445882:clu_13543	0.376336751818715	0.226315685219956	0.383064862804895	0.156749177584939
chr19:40257054:40265222:clu_13571	0.26673337087173	0.622660769913735	0.649288736319683	0.0266279664059479
chr19:40257054:40285181:clu_13571	-0.478352614389166	0.0440485217400268	0.0218037388049236	-0.0222447829351031
chr19:40265351:40285181:clu_13571	0.211619243517436	0.333290708346239	0.328907524875394	-0.00438318347084482
chr19:40348724:40365553:clu_13574	0.161317226847848	0.180097639942169	0.232713593421887	0.0526159534797181
chr19:40348768:40365553:clu_13574	-0.161317226847848	0.819902360057831	0.767286406578113	-0.0526159534797181
chr19:40590422:40590730:clu_13581	-0.0604259818945711	0.929745819408245	0.921430187649141	-0.00831563175910388
chr19:40590422:40590733:clu_13581	0.0604259818945711	0.0702541805917553	0.0785698123508592	0.00831563175910385
chr19:40801415:40806555:clu_13598	-0.467161264174382	0.37840598466925	0.325198720154846	-0.0532072645144042
chr19:40801415:40807809:clu_13598	1.02840943087743	0.0617824737201468	0.236904998807646	0.1751225250875
chr19:40807551:40807809:clu_13598	-0.56124816670305	0.559811541610604	0.437896281037508	-0.121915260573095
chr19:41264692:41268223:clu_13599	0.0957046739947373	0.106140163309103	0.125716082909346	0.0195759196002426
chr19:41264798:41268223:clu_13599	-0.0957046739947373	0.893859836690897	0.874283917090654	-0.0195759196002426
chr19:41304261:41305646:clu_13606	0.0211117159666866	0.113183989006028	0.117491815768866	0.00430782676283807
chr19:41304261:41305676:clu_13606	-0.0211117159666866	0.886816010993972	0.882508184231134	-0.00430782676283792
chr19:41433673:41436392:clu_13619	0.289097993435358	0.344633377770688	0.440816789938328	0.0961834121676403
chr19:41433673:41438218:clu_13619	-0.339032963652944	0.310559012598264	0.211958637784923	-0.0986003748133416
chr19:41436472:41438218:clu_13619	0.0499349702175859	0.344807609631048	0.347224572276749	0.00241696264570135
chr19:41883289:41888064:clu_13634	0.917891325508519	0.725379304457627	0.943057565586855	0.217678261129228
chr19:41884493:41888064:clu_13634	-0.917891325508519	0.274620695542373	0.0569424344131451	-0.217678261129228
chr19:41896482:41897315:clu_13637	-0.072662317458229	0.438840429362397	0.366016903444165	-0.0728235259182313
chr19:41896482:41897946:clu_13637	1.03450256820315	0.0109349770131504	0.0275961175378355	0.0166611405246852
chr19:41896482:41898442:clu_13637	0.651051713343692	0.0527700091067274	0.0907583706129171	0.0379883615061896
chr19:41897326:41897946:clu_13637	0.101171264429508	0.16615464816862	0.164892905944301	-0.00126174222431966
chr19:41897326:41898442:clu_13637	-0.990340649621278	0.0289193689090572	0.00963475524833172	-0.0192846136607255
chr19:41897982:41898442:clu_13637	-0.990424327788597	0.0155195830913151	0.0051700600195364	-0.0103495230717787
chr19:41898113:41898442:clu_13637	0.266701748891757	0.286860984348733	0.335930887192913	0.0490699028441804
chr19:41902026:41902274:clu_13641	-0.623180820626913	0.0561986136131194	0.0168338679962281	-0.0393647456168913
chr19:41902033:41902274:clu_13641	0.623180820626913	0.943801386386881	0.983166132003772	0.0393647456168914
chr19:41902356:41902533:clu_13642	0.225747498715364	0.965139192427851	0.977520250427566	0.0123810579997158
chr19:41902356:41902586:clu_13642	-0.225747498715364	0.0348608075721493	0.0224797495724336	-0.0123810579997157
chr19:41906025:41906457:clu_13647	0.131031283577036	0.503053065815993	0.525861891430427	0.0228088256144348
chr19:41906025:41906703:clu_13647	-0.229642735717214	0.101595511980056	0.0740446502290077	-0.0275508617510487
chr19:41906620:41906703:clu_13647	0.0986114521401774	0.395351422203951	0.400093458340565	0.00474203613661395
chr19:42199829:42202051:clu_13659	0.125024371547567	0.104464484196544	0.100176055290653	-0.00428842890589103
chr19:42199829:42209700:clu_13659	0.280733559538308	0.709306281656298	0.794790576163467	0.0854842945071688
chr19:42202072:42209700:clu_13659	-0.405757931085875	0.186229234147158	0.10503336854588	-0.0811958656012779
chr19:42215252:42216680:clu_13659_B	-0.35326289321651	0.205325027489899	0.132009750860202	-0.0733152766296976
chr19:42215252:42217632:clu_13659_B	0.176796308645859	0.569352831381154	0.621938429945064	0.0525855985639102
chr19:42217045:42217632:clu_13659_B	0.176466584570651	0.225322141128947	0.246051819194734	0.0207296780657874
chr19:42292859:42292956:clu_13666	-0.15887520183101	0.610103192037554	0.532453210356583	-0.0776499816809713
chr19:42292859:42292959:clu_13666	0.15887520183101	0.389896807962446	0.467546789643417	0.0776499816809711
chr19:42291466:42291558:clu_13667	-0.208068982292516	0.449495362569192	0.435554246580938	-0.0139411159882541
chr19:42291466:42292086:clu_13667	0.464084437935666	0.0574771049214637	0.109074804494312	0.0515976995728479
chr19:42291745:42292086:clu_13667	-0.256015455643149	0.493027532509344	0.45537094892475	-0.0376565835845938
chr19:42293836:42293935:clu_13669	0.0978605602429979	0.590956609246166	0.637294919261085	0.0463383100149192
chr19:42293836:42293938:clu_13669	-0.0978605602429979	0.409043390753834	0.362705080738915	-0.0463383100149191
chr19:42294298:42294604:clu_13670	0.132816190303002	0.263958274564918	0.318675926690096	0.0547176521251785
chr19:42294304:42294604:clu_13670	-0.132816190303002	0.736041725435082	0.681324073309904	-0.0547176521251785
chr19:45057882:45059268:clu_13716	-0.535939386850711	0.191432672433418	0.0749791254347136	-0.116453546998704
chr19:45057898:45059268:clu_13716	0.535939386850711	0.808567327566582	0.925020874565286	0.116453546998704
chr19:45068054:45068420:clu_13717	0.26762619322166	0.406827642023752	0.539457034086863	0.13262939206311
chr19:45068058:45068420:clu_13717	-0.26762619322166	0.593172357976248	0.460542965913137	-0.13262939206311
chr19:45413745:45413963:clu_13728	0.0578138865183246	0.483963863554394	0.514140770099143	0.0301769065447486
chr19:45413745:45414861:clu_13728	0.0288218530342257	0.101144195030173	0.104380408173233	0.00323621314305915
chr19:45414034:45414861:clu_13728	-0.0866357395525502	0.414891941415432	0.381478821727625	-0.0334131196878075
chr19:45470949:45471194:clu_13730_B	-0.153027862125975	0.356863822390856	0.361079630087783	0.00421580769692692
chr19:45470949:45472551:clu_13730_B	0.475165522992123	0.0858278900299513	0.16276080259235	0.0769329125623988
chr19:45471301:45472551:clu_13730_B	-0.322137660866148	0.557308287579193	0.476159567319867	-0.081148720259326
chr19:45518094:45521322:clu_13733	-0.184336476903422	0.499371937053948	0.470857629034345	-0.0285143080196031
chr19:45518094:45522168:clu_13733	0.265914310347596	0.01385140108287	0.0204880495534863	0.00663664847061636
chr19:45521406:45522168:clu_13733	-0.0815778334441742	0.486776661863182	0.508654321412169	0.0218776595489868
chr19:45523695:45523841:clu_13735	-0.0945656006646777	0.898728650366307	0.880170570525937	-0.0185580798403693
chr19:45523695:45523844:clu_13735	0.0945656006646778	0.101271349633693	0.119829429474063	0.0185580798403693
chr19:46733236:46736823:clu_13775	0.539527028134888	0.89045307479229	0.959860669122758	0.0694075943304683
chr19:46733875:46736823:clu_13775	-0.539527028134888	0.10954692520771	0.0401393308772416	-0.0694075943304684
chr19:47745783:47746967:clu_13805	-0.240905747873927	0.422438269969368	0.447643724456329	0.0252054544869611
chr19:47745783:47750178:clu_13805	0.599254714922059	0.00538832040876468	0.013228168263088	0.00783984785432328
chr19:47747031:47750178:clu_13805	-0.358348967048132	0.572173409621868	0.539128107280583	-0.0330453023412844
chr19:48215384:48218871:clu_13816	0.0578918554264567	0.448129994162655	0.479722323098932	0.0315923289362776
chr19:48215384:48221730:clu_13816	0.0322006692212208	0.089643722499231	0.0935294234575628	0.00388570095833188
chr19:48219012:48221730:clu_13816	-0.0900925246476775	0.462226283338114	0.426748253443505	-0.0354780298946095
chr19:48221855:48223719:clu_13816_B	-0.23193030175969	0.199589361428015	0.140418920420482	-0.0591704410075327
chr19:48221855:48230438:clu_13816_B	0.250269746137308	0.604937831160566	0.689311947525252	0.0843741163646859
chr19:48223868:48230438:clu_13816_B	-0.0183394443776187	0.19547280741142	0.170269132054266	-0.0252036753571534
chr19:48230697:48230777:clu_13817	0.0849238724149535	0.172618660292428	0.198239653994611	0.0256209937021834
chr19:48230700:48230777:clu_13817	-0.0849238724149535	0.827381339707572	0.801760346005389	-0.0256209937021834
chr19:48231810:48232453:clu_13818	0.524714571255119	0.37613462609768	0.426973730121928	0.050839104024248
chr19:48231810:48234403:clu_13818	-0.163555101492644	0.0889019591615037	0.0507057780342784	-0.0381961811272253
chr19:48232493:48233829:clu_13818	-0.487005944506625	0.12241630289751	0.0505257143123273	-0.0718905885851827
chr19:48232493:48234403:clu_13818	0.957897307203516	0.240834010398373	0.42160381267833	0.180769802279957
chr19:48233980:48234403:clu_13818	-0.832050832459366	0.171713101444933	0.0501909648531361	-0.121522136591797
chr19:48234543:48238383:clu_13819	0.112239571651481	0.274300755259987	0.303636972747134	0.0293362174871469
chr19:48234543:48240962:clu_13819	-0.100665685647122	0.160725218685219	0.143796427467687	-0.0169287912175317
chr19:48238532:48240962:clu_13819	-0.011573886004359	0.564974026054794	0.552566599785179	-0.0124074262696152
chr19:48241063:48249523:clu_13820	0.0831414295796767	0.318450665614123	0.342023405577307	0.0235727399631834
chr19:48241063:48249751:clu_13820	0.130624843736229	0.22957667498983	0.258561115285694	0.0289844402958641
chr19:48242644:48249523:clu_13820	-0.0989726714139691	0.0824241389705464	0.0737865043346776	-0.00863763463586878
chr19:48249633:48249751:clu_13820	-0.114793601901937	0.369548520425501	0.325628974802322	-0.0439195456231786
chr19:48325610:48326830:clu_13822	-0.132098607335992	0.434479337417465	0.445222800477021	0.0107434630595563
chr19:48325610:48327521:clu_13822	0.344472848232264	0.028345454108439	0.0467804119556314	0.0184349578471924
chr19:48326922:48327521:clu_13822	-0.212374240896273	0.537175208474096	0.507996787567348	-0.0291784209067487
chr19:48960914:48961483:clu_13840	-0.152425350711332	0.165449136237608	0.12751843526145	-0.0379307009761586
chr19:48960914:48961532:clu_13840	0.152425350711332	0.834550863762392	0.87248156473855	0.0379307009761586
chr19:49101471:49102114:clu_13847	-0.450741234116546	0.725550322604751	0.518697311526268	-0.206853011078483
chr19:49101471:49104634:clu_13847	1.35222345883211	0.0786945545016647	0.341356954964128	0.262662400462463
chr19:49102173:49104634:clu_13847	-0.450741012483274	0.134259959833748	0.0959827230122149	-0.0382772368215336
chr19:49103587:49104634:clu_13847	-0.450741212232288	0.0614951630598355	0.0439630104973889	-0.0175321525624466
chr19:49107712:49107795:clu_13849	0.0834588136049253	0.662601279360639	0.698849583748048	0.036248304387409
chr19:49107712:49107822:clu_13849	-0.0834588136049253	0.337398720639361	0.301150416251952	-0.036248304387409
chr19:49335575:49335714:clu_13852	0.0840300549493246	0.0401093893132897	0.0471039586618638	0.00699456934857409
chr19:49335609:49335714:clu_13852	-0.0840300549493246	0.95989061068671	0.952896041338136	-0.00699456934857412
chr19:49335782:49336909:clu_13853	-0.263913793764449	0.172690789757884	0.109632205378501	-0.0630585843793834
chr19:49335786:49336909:clu_13853	0.263913793764449	0.827309210242116	0.890367794621499	0.0630585843793835
chr19:49450848:49451485:clu_13861	0.62520263462542	0.619352204005934	0.850331680235096	0.230979476229163
chr19:49450939:49451485:clu_13861	-0.62520263462542	0.380647795994066	0.149668319764904	-0.230979476229163
chr19:49476566:49478909:clu_13867	0.787204525088177	0.236072334984025	0.183203723154356	-0.0528686118296691
chr19:49476566:49478963:clu_13867	1.37171346151117	0.0822500563300014	0.114518172664477	0.0322681163344755
chr19:49476566:49480298:clu_13867	0.785819178778637	0.0395640805259286	0.0306611633284418	-0.00890291719748674
chr19:49479047:49480298:clu_13867	1.12794738634681	0.335916047191825	0.366524234449324	0.0306081872574988
chr19:49479047:49480552:clu_13867	-5.16406731720327	0.0162007415985107	3.27204730210365e-05	-0.0161680211254897
chr19:49480476:49480552:clu_13867	1.09138276547847	0.289996739369708	0.30505998593038	0.0150632465606713
chr19:49512750:49513387:clu_13870	2.30424295370065	0.0157171982574743	0.336091635096409	0.320374436838935
chr19:49512750:49513882:clu_13870	-1.15208333663825	0.0664129447049922	0.0447993665844532	-0.0216135781205391
chr19:49513473:49513882:clu_13870	-1.15215961706241	0.917869857037533	0.619108998319138	-0.298760858718395
chr19:49514486:49521695:clu_13870_B	-0.150209449369716	0.0352689893351914	0.0183896445317076	-0.0168793448034838
chr19:49514486:49524507:clu_13870_B	0.565344660535657	0.893857744587946	0.953256836292061	0.0593990917041147
chr19:49521813:49524507:clu_13870_B	-0.415135211165941	0.0708732660768628	0.0283535191762318	-0.042519746900631
chr19:49557249:49558062:clu_13878	0.0524050956633986	0.085671486058651	0.03413076461415	-0.051540721444501
chr19:49557249:49558897:clu_13878	1.10184019401593	0.841217904223008	0.957154614086056	0.115936709863048
chr19:49558199:49558897:clu_13878	-1.15424528967933	0.0731106097183411	0.00871462129979429	-0.0643959884185468
chr19:49558973:49559934:clu_13879	-7.94140112904493	0.0422511097268035	5.58178472004846e-09	-0.0422511041450188
chr19:49558978:49559934:clu_13879	7.94140112904493	0.957748890273197	0.999999994418215	0.0422511041450185
chr19:49677316:49679872:clu_13889	-0.297181840060422	0.309128478320904	0.198044625383146	-0.111083852937757
chr19:49677316:49680487:clu_13889	0.297181840060422	0.690871521679096	0.801955374616854	0.111083852937757
chr19:49860336:49860566:clu_13914	0.113968212924381	0.199715113553949	0.238641951352123	0.0389268377981743
chr19:49860336:49860614:clu_13914	-0.113968212924381	0.800284886446052	0.761358048647877	-0.0389268377981744
chr19:50376576:50376719:clu_13936	0.0953723533215037	0.406101635608518	0.368929279451247	-0.037172356157271
chr19:50376576:50377587:clu_13936	-0.380799956876212	0.0400490887990398	0.0225996658384028	-0.017449422960637
chr19:50376826:50377587:clu_13936	0.285427603554708	0.553849275592442	0.60847105471035	0.054621779117908
chr19:50377870:50378149:clu_13937	-0.413386202713757	0.469491575456207	0.410144794133617	-0.0593467813225906
chr19:50377870:50378522:clu_13937	0.826770535330922	0.0589116959702582	0.177870593177957	0.118958897207699
chr19:50378439:50378522:clu_13937	-0.413384332617165	0.471596728573535	0.411984612688426	-0.0596121158851084
chr19:50378796:50379002:clu_13938	-0.203876537413135	0.901716430871684	0.859203493088213	-0.0425129377834718
chr19:50378796:50379134:clu_13938	0.203876537413135	0.0982835691283155	0.140796506911787	0.042512937783472
chr19:50480977:50481861:clu_13944	-0.368459404588288	0.324892687140042	0.150972831741413	-0.173919855398629
chr19:50480977:50482149:clu_13944	0.736924343035303	0.570186343056168	0.800272213499537	0.230085870443369
chr19:50481947:50482149:clu_13944	-0.368464938447015	0.10492096980379	0.0487549547590498	-0.0561660150447398
chr19:51372074:51372161:clu_13960	0.0148702240758644	0.357184763491558	0.353005646761229	-0.00417911673032945
chr19:51372160:51372379:clu_13960	0.505330961170921	0.00914325200568231	0.0147568549793839	0.00561360297370155
chr19:51372202:51372379:clu_13960	-0.586837725534985	0.0546583619544309	0.0295955828791697	-0.0250627790752612
chr19:51372307:51372379:clu_13960	0.066636540288199	0.579013622548328	0.602641915380217	0.0236282928318892
chr19:54200888:54201160:clu_14048	-0.125862362864752	0.930689433445115	0.912584138663695	-0.0181052947814201
chr19:54200893:54201160:clu_14048	0.125862362864752	0.0693105665548848	0.0874158613363049	0.0181052947814201
chr19:54206462:54206553:clu_14049	0.507826731178712	0.0214908163971671	0.0834063149441309	0.0619154985469638
chr19:54206462:54207398:clu_14049	-1.05016438356663	0.94195640461664	0.769750321789724	-0.172206082826916
chr19:54206724:54207398:clu_14049	0.542337652387915	0.0365527789861926	0.146843363266145	0.110290584279952
chr19:54356966:54360022:clu_14066	-0.26848231298636	0.940676239090027	0.902615049846232	-0.038061189243795
chr19:54358625:54360022:clu_14066	0.26848231298636	0.059323760909973	0.0973849501537679	0.0380611892437948
chr19:54360072:54360916:clu_14066_B	0.433629623545338	0.606291280120373	0.785668056424164	0.179376776303791
chr19:54360072:54361010:clu_14066_B	-0.433629623545338	0.393708719879627	0.214331943575836	-0.179376776303791
chr19:54361206:54364295:clu_14067	0.346094007334286	0.118513901160008	0.211753006233527	0.0932391050735194
chr19:54361209:54364295:clu_14067	-0.346094007334286	0.881486098839992	0.788246993766473	-0.0932391050735194
chr19:54449306:54451290:clu_14070	-0.0432199237582427	0.627668659393572	0.607255036612875	-0.020413622780697
chr19:54449310:54451290:clu_14070	0.0432199237582427	0.372331340606428	0.392744963387125	0.020413622780697
chr19:54452752:54453546:clu_14072	-0.161370344031313	0.404138076421444	0.399810093303968	-0.00432798311747606
chr19:54452752:54454430:clu_14072	0.370235181803647	0.0514188936514697	0.0865605601458263	0.0351416664943566
chr19:54453656:54454430:clu_14072	-0.208864837772334	0.544443029927086	0.513629346550206	-0.0308136833768806
chr19:54459352:54459409:clu_14075	-0.17151014233034	0.0463238437602801	0.0290181511097406	-0.0173056926505395
chr19:54459352:54459465:clu_14075	-1.30332937173368	0.0304127693700135	0.00614296827560721	-0.0242698010944063
chr19:54459352:54459577:clu_14075	0.00769442769602622	0.00924096929075508	0.0069248478017603	-0.00231612148899478
chr19:54459408:54459465:clu_14075	0.40028331597769	0.357618526707133	0.396836767322976	0.0392182406158432
chr19:54459408:54459521:clu_14075	0.457544361178167	0.220467739033933	0.259062825407898	0.0385950863739655
chr19:54459408:54459577:clu_14075	-1.28694388371901	0.0214855707183816	0.0044114902653781	-0.0170740804530035
chr19:54459464:54459521:clu_14075	0.17438429725988	0.0979298955751991	0.086696284914084	-0.0112336106611151
chr19:54459464:54459577:clu_14075	0.179582874039417	0.0913933860841325	0.0813312931317878	-0.0100620929523447
chr19:54459520:54459577:clu_14075	0.199324503088513	0.0929469243727169	0.084362921973008	-0.00858400239970897
chr19:54459520:54459633:clu_14075	0.757886712834026	0.00895452878768497	0.0142082245590784	0.00525369577139344
chr19:54459576:54459633:clu_14075	0.585082905709315	0.0232258462997709	0.0310042252386815	0.00777837893891067
chr19:55092865:55093016:clu_14108	0.126222148075525	0.63384682588633	0.690231085896255	0.0563842600099251
chr19:55092868:55093016:clu_14108	-0.126222148075525	0.36615317411367	0.309768914103745	-0.0563842600099252
chr19:55095600:55095867:clu_14112	0.0946670977477789	0.363649974606111	0.408487192592972	0.0448372179868609
chr19:55095603:55095867:clu_14112	-0.0946670977477789	0.636350025393889	0.591512807407028	-0.0448372179868609
chr19:55661189:55661771:clu_14139	-0.519449313509076	0.304239948303453	0.133995164254454	-0.170244784048999
chr19:55661189:55662502:clu_14139	0.519449313509076	0.695760051696547	0.866004835745546	0.170244784048999
chr19:55692796:55692951:clu_14142	-0.0661409843719821	0.686336392333002	0.657182789738838	-0.0291536025941636
chr19:55692796:55692954:clu_14142	0.0661409843719821	0.313663607666998	0.342817210261162	0.0291536025941637
chr2:135772547:135775458:clu_1037	0.205690538362897	0.253407375519528	0.298259943083481	0.0448525675639527
chr2:135772547:135776249:clu_1037	0.0680808849242466	0.531003567973956	0.544640591475744	0.0136370235017879
chr2:135775539:135776249:clu_1037	-0.273771423287143	0.215589056506516	0.157099465440775	-0.0584895910657405
chr2:156326207:156326718:clu_1098	-0.0700030838619776	0.380928737258525	0.348505658801975	-0.0324230784565508
chr2:156326328:156326718:clu_1098	0.0700030838619776	0.619071262741475	0.651494341198026	0.0324230784565508
chr2:156330010:156330668:clu_1098_B	-0.0669837990035092	0.0893791367636348	0.0888120914385746	-0.000567045325060203
chr2:156330188:156330668:clu_1098_B	0.21769623672335	0.226158287023445	0.298733148532953	0.0725748615095083
chr2:156330188:156332480:clu_1098_B	0.0304635777180479	0.0274191718937654	0.030033858735346	0.00261468684158065
chr2:156330791:156332480:clu_1098_B	-0.181176015437889	0.657043404319155	0.582420901293126	-0.0746225030260288
chr2:156326920:156327851:clu_1099	0.0399179531112284	0.632246256907233	0.65060539140028	0.0183591344930465
chr2:156326920:156327926:clu_1099	-0.0399179531112284	0.367753743092767	0.34939460859972	-0.0183591344930464
chr2:160281364:160282257:clu_1134	0.716444386162676	0.0446201616450488	0.156656506693706	0.112036345048657
chr2:160281364:160284775:clu_1134	-0.75108294788279	0.882715421859292	0.714330164270473	-0.168385257588819
chr2:160282304:160284775:clu_1134	0.0346385617201139	0.072664416495659	0.129013329035821	0.0563489125401625
chr2:160285044:160286969:clu_1135	0.0932753902195806	0.479598582092582	0.526200922207122	0.0466023401145393
chr2:160285044:160286978:clu_1135	-0.0932753902195806	0.520401417907418	0.473799077792879	-0.0466023401145392
chr2:161137063:161179614:clu_1139	-0.383718536610151	0.596260994635122	0.406723436224708	-0.189537558410413
chr2:161160486:161179614:clu_1139	0.383718536610151	0.403739005364878	0.593276563775292	0.189537558410413
chr2:161203595:161204151:clu_1141	0.132349078772561	0.0933116699097004	0.109155237565637	0.0158435676559369
chr2:161203595:161204675:clu_1141	-0.0298298685623928	0.748907947470574	0.744909709309949	-0.00399823816062495
chr2:161204243:161204675:clu_1141	-0.102519210210168	0.157780382619726	0.145935053124414	-0.0118453294953121
chr2:24221066:24246129:clu_116	-0.0511606355030252	0.406531554703607	0.382100120987865	-0.0244314337157417
chr2:24242206:24246129:clu_116	0.0511606355030252	0.593468445296393	0.617899879012135	0.0244314337157416
chr2:169798976:169800952:clu_1180	8.51850028539412	0.827934381443978	0.999999991708696	0.172065610264718
chr2:169799516:169800952:clu_1180	-8.51850028539412	0.172065618556022	8.29130407173287e-09	-0.172065610264718
chr2:24261742:24270671:clu_119	-0.257401503448876	0.706020627353128	0.589362797554497	-0.11665782979863
chr2:24265092:24270671:clu_119	0.257401503448876	0.293979372646872	0.410637202445503	0.11665782979863
chr2:24270768:24271766:clu_120	-0.209435073485872	0.490162441150377	0.387406878125784	-0.102755563024593
chr2:24270768:24271805:clu_120	0.209435073485872	0.509837558849623	0.612593121874216	0.102755563024593
chr2:173918785:173954873:clu_1229	-0.363643981366228	0.825886680743904	0.696241427788895	-0.129645252955009
chr2:173934411:173954873:clu_1229	0.363643981366229	0.174113319256096	0.303758572211105	0.129645252955009
chr2:174572446:174575204:clu_1238	0.246087507867755	0.533426578060388	0.515026771670893	-0.0183998063894957
chr2:174572446:174581310:clu_1238	-0.601701749837452	0.026593244610601	0.0109985715889831	-0.0155946730216179
chr2:174575380:174581310:clu_1238	0.355614241969697	0.439980177329011	0.473974656740124	0.0339944794111136
chr2:174585611:174597601:clu_1239	-1.50620549944652	0.762094494168864	0.367510176832686	-0.394584317336177
chr2:174585611:174634518:clu_1239	0.250792869429288	0.13208628066164	0.369124569408917	0.237038288747278
chr2:174585611:174682774:clu_1239	-0.402600443244012	0.0342543548766181	0.0498041949659753	0.0155498400893572
chr2:174629868:174630382:clu_1239	0.302687725836699	0.028296380788731	0.0832882588174452	0.0549918780287142
chr2:174629868:174634518:clu_1239	0.46153941139448	0.0141573361186508	0.0488453072031387	0.0346879710844879
chr2:174630560:174634518:clu_1239	1.3700985548513	0.00584167705535674	0.0499989712973675	0.0441572942420108
chr2:174677124:174682774:clu_1239	-0.476312618821227	0.02326947633014	0.0314285214744696	0.00815904514432956
chr2:177212805:177215539:clu_1253	0.162833674803194	0.46199957310426	0.543234749711976	0.0812351766077156
chr2:177212871:177215539:clu_1253	-0.162833674803194	0.53800042689574	0.456765250288024	-0.0812351766077156
chr2:177216940:177217705:clu_1254	-0.13216065882513	0.499609314024532	0.478082653193891	-0.0215266608306414
chr2:177216940:177219037:clu_1254	0.337427336492593	0.119885838145569	0.183476234643424	0.0635903964978544
chr2:177217845:177219037:clu_1254	-0.205266677667462	0.380504847829898	0.338441112162685	-0.0420637356672129
chr2:177219314:177219408:clu_1255	0.45935862284356	0.843458708110911	0.931048523160721	0.0875898150498099
chr2:177219314:177222060:clu_1255	-0.45935862284356	0.156541291889089	0.068951476839279	-0.0875898150498097
chr2:181475066:181475159:clu_1278	0.565222065246613	0.585827004575528	0.632372390568464	0.0465453859929351
chr2:181475066:181478757:clu_1278	-0.999368742151555	0.0340189645465133	0.00768124203001986	-0.0263377225164934
chr2:181475288:181478757:clu_1278	0.434146676904942	0.380154030877958	0.359946367401517	-0.0202076634764417
chr2:181495416:181495783:clu_1282	0.505852578641688	0.514177363974691	0.502285307307289	-0.0118920566674025
chr2:181495416:181498623:clu_1282	-1.26466475353088	0.103937412180146	0.0172855623583286	-0.0866518498218179
chr2:181495937:181498623:clu_1282	0.75881217488919	0.381885223845162	0.480429130334383	0.0985439064892205
chr2:181498777:181498872:clu_1283	0.0593824558979122	0.066654334388258	0.0462220038632754	-0.0204323305249826
chr2:181498777:181509658:clu_1283	0.497881554795169	0.862453347187301	0.927243344188581	0.0647899970012803
chr2:181498922:181509658:clu_1283	-0.557264010693081	0.0708923184244409	0.0265346519481432	-0.0443576664762978
chr2:24762776:24768079:clu_129	-0.173265460649455	0.443456409837256	0.40299451907335	-0.0404618907639053
chr2:24762776:24768221:clu_129	0.488623643613081	0.162592926799273	0.286420855281829	0.123827928482557
chr2:24768135:24768221:clu_129	-0.315358182963626	0.393950663363472	0.31058462564482	-0.0833660377186514
chr2:189782602:189783014:clu_1310	0.525227403491711	0.543014739293436	0.722280540425619	0.179265801132182
chr2:189782602:189784269:clu_1310	-0.185676408765716	0.233160762797854	0.152337968917748	-0.0808227938801061
chr2:189783123:189784269:clu_1310	-0.339550994725995	0.22382449790871	0.125381490656634	-0.0984430072520762
chr2:191010004:191013525:clu_1333	-0.356252581374456	0.422877843531161	0.42854661039778	0.00566876686661877
chr2:191010004:191014018:clu_1333	0.76123287989085	0.00675615576235667	0.0209315098480271	0.0141753540856704
chr2:191013678:191014018:clu_1333	-0.404980298516395	0.570366000706482	0.550521879754193	-0.0198441209522892
chr2:196146055:196147238:clu_1347	-0.831094850280168	0.0840159604187883	0.0434677342866382	-0.0405482261321501
chr2:196146055:196154968:clu_1347	0.329329256954256	0.0205269846186091	0.0338919182817374	0.0133649336631283
chr2:196146055:196156439:clu_1347	-0.163633708904696	0.801817891408339	0.808640782554168	0.00682289114582912
chr2:196147415:196156439:clu_1347	-0.831080971287595	0.0606566808839011	0.0313826690542093	-0.0292740118296919
chr2:196155043:196156439:clu_1347	0.626752823793519	0.0177770991333884	0.0395185773517596	0.0217414782183712
chr2:196155435:196156439:clu_1347	0.869727449724684	0.015205383536974	0.0430983184714873	0.0278929349345133
chr2:196163427:196171333:clu_1348	-0.260462621095442	0.956537886922507	0.928939075877595	-0.0275988110449118
chr2:196165734:196171333:clu_1348	0.260462621095442	0.043462113077493	0.0710609241224048	0.0275988110449118
chr2:197392461:197392972:clu_1358	-0.201609974446184	0.491956219630586	0.490621748406906	-0.00133447122367991
chr2:197392461:197396056:clu_1358	0.416730568676821	0.0109722345341909	0.0203075395742677	0.00933530504007679
chr2:197393188:197396056:clu_1358	-0.215120594230637	0.497071545835224	0.489070712018827	-0.00800083381639688
chr2:197398581:197398969:clu_1359	-0.285444860511303	0.084379041317671	0.0395767764434978	-0.0448022648741733
chr2:197398581:197400055:clu_1359	0.56514210601676	0.843850239832382	0.926566160331982	0.0827159204995999
chr2:197399038:197400055:clu_1359	-0.279697245505457	0.0717707188499472	0.0338570632245207	-0.0379136556254266
chr2:197418588:197418896:clu_1363	-0.292311727095975	0.0796279437228586	0.0409004794359242	-0.0387274642869344
chr2:197418588:197420428:clu_1363	0.584531005487481	0.674729605565633	0.832914887388602	0.158185281822969
chr2:197420231:197420428:clu_1363	-0.292219278391506	0.245642450711509	0.126184633175474	-0.119457817536035
chr2:197500439:197501074:clu_1367	1.11402365773312	0.946574844258569	0.993955932389948	0.0473810881313788
chr2:197500918:197501074:clu_1367	-1.11402365773312	0.0534251557414306	0.00604406761005184	-0.0473810881313787
chr2:197516146:197523624:clu_1368	0.046156754358926	0.450969776778472	0.48894042069944	0.0379706439209672
chr2:197516146:197535530:clu_1368	0.213053418529656	0.150224293712627	0.192455787568318	0.0422314938556906
chr2:197523686:197535530:clu_1368	-0.259210172888582	0.398805929508901	0.318603791732243	-0.080202137776658
chr2:200856985:200857718:clu_1383	-1.24674287609172	0.50552004529176	0.458382148723981	-0.0471378965677792
chr2:200856985:200857973:clu_1383	2.49348580735929	0.00250161401628646	0.095514717306425	0.0930131032901385
chr2:200857884:200857973:clu_1383	-1.24674293126757	0.491978340691954	0.446103133969594	-0.0458752067223594
chr2:200859746:200860125:clu_1384	-0.868792847344355	0.0397116361194312	0.00868945453303721	-0.031022181586394
chr2:200859746:200861238:clu_1384	0.698801603868451	0.922562424908663	0.967983862270591	0.0454214373619271
chr2:200860215:200861238:clu_1384	0.169991243475904	0.0377259389719053	0.0233266831963722	-0.0143992557755331
chr2:201116481:201129729:clu_1397	0.441064060946	0.473362370918787	0.71795909564039	0.244596724721603
chr2:201118901:201119028:clu_1397	0.305647913119348	0.0446530318072022	0.0591488678142651	0.0144958360070629
chr2:201118901:201129729:clu_1397	-0.746711974065347	0.481984597274011	0.222892036545345	-0.259092560728665
chr2:201130146:201130921:clu_1397_B	-0.473453143874008	0.063241499988367	0.0255217525240844	-0.0377197474642826
chr2:201130146:201133029:clu_1397_B	0.473453143874008	0.936758500011633	0.974478247475916	0.0377197474642826
chr2:201136107:201136198:clu_1398	-0.0531941989582925	0.18759009153888	0.149200218511527	-0.0383898730273521
chr2:201136107:201140357:clu_1398	0.256591339187727	0.737383486746866	0.799449658377863	0.0620661716309974
chr2:201138964:201140357:clu_1398	-0.203397140229434	0.0750264217142545	0.0513501231106092	-0.0236762986036452
chr2:201140439:201141374:clu_1399	-0.00358262211447086	0.249430937019531	0.248091904596922	-0.00133903242260885
chr2:201140439:201145378:clu_1399	0.00358262211447081	0.750569062980469	0.751908095403077	0.0013390324226088
chr2:201149835:201154137:clu_1400	0.19042199769333	0.0263768320805375	0.0352521262537808	0.00887529417324331
chr2:201149835:201160432:clu_1400	-0.109998382573972	0.933927822849643	0.924283249787694	-0.0096445730619481
chr2:201154407:201160432:clu_1400	-0.0804236151193579	0.0396953450698199	0.0404646239585247	0.000769278888704795
chr2:201160942:201162996:clu_1401	-0.0889352799299526	0.101474705358333	0.0863675872372462	-0.0151071181210869
chr2:201160942:201163835:clu_1401	0.0889352799299527	0.898525294641667	0.913632412762754	0.0151071181210868
chr2:201234112:201266461:clu_1408	-1.87613378546839	0.1671890957467	0.0131818559718555	-0.154007239774844
chr2:201260613:201266461:clu_1408	0.799089052574265	0.740931603429521	0.847971486456618	0.107039883027096
chr2:201260613:201266487:clu_1408	1.07704473289412	0.0918793008237786	0.138846657571527	0.0469673567477483
chr2:201266791:201271516:clu_1408_B	-0.544323079573253	0.381548405058697	0.329698593592684	-0.0518498114660125
chr2:201266791:201272638:clu_1408_B	1.08877091834886	0.0381913798898943	0.168957126184879	0.130765746294984
chr2:201271621:201272638:clu_1408_B	-0.544447838775604	0.580260215051409	0.501344280222437	-0.0789159348289721
chr2:201272942:201274889:clu_1409	-0.0448260165924303	0.415104931169288	0.388281438073227	-0.0268234930960606
chr2:201272942:201276827:clu_1409	-0.0383002557364024	0.0827604347885248	0.0779194004912458	-0.00484103429727901
chr2:201274953:201276827:clu_1409	0.0831262723288328	0.502134634042187	0.533799161435527	0.0316645273933396
chr2:201276968:201284816:clu_1410	0.0931384946624933	0.168901773881287	0.196683384804329	0.0277816109230419
chr2:201277104:201284816:clu_1410	-0.0931384946624933	0.831098226118713	0.803316615195671	-0.0277816109230419
chr2:202292903:202295674:clu_1421	-0.0575298330354607	0.300310460005384	0.284244423182102	-0.0160660368232826
chr2:202292903:202297379:clu_1421	0.0655336189118229	0.26185774528985	0.280306194688587	0.0184484493987369
chr2:202295837:202297379:clu_1421	-0.0080037858763622	0.437831794704766	0.435449382129312	-0.0023824125754543
chr2:202297906:202300234:clu_1422	0.220790559052874	0.784981172947934	0.850243897623949	0.0652627246760143
chr2:202300137:202300234:clu_1422	-0.220790559052874	0.215018827052065	0.149756102376051	-0.0652627246760143
chr2:26034735:26093591:clu_143	0.0870048744641625	0.252670438622234	0.286915844955244	0.0342454063330098
chr2:26034735:26098662:clu_143	-0.0870048744641625	0.747329561377766	0.713084155044756	-0.0342454063330098
chr2:26109906:26127144:clu_144	0.651658080164964	0.588589765459149	0.840433189797316	0.251843424338166
chr2:26124047:26127144:clu_144	-0.651658080164964	0.411410234540851	0.159566810202685	-0.251843424338166
chr2:207560372:207561119:clu_1454	-0.167578602685416	0.226481959425553	0.202430682462084	-0.0240512769634689
chr2:207560372:207567463:clu_1454	-0.192765149033848	0.581854101223116	0.507129001205003	-0.0747251000181134
chr2:207561160:207567463:clu_1454	0.360343751719264	0.191663939351331	0.290440316332913	0.0987763769815822
chr2:207575454:207576631:clu_1456	-1.30939321869093	0.250692656288806	0.0653380018652885	-0.185354654423518
chr2:207575454:207577505:clu_1456	0.0735778329343965	0.472909249689263	0.491381432173454	0.0184721824841916
chr2:207576693:207577505:clu_1456	0.35355939851019	0.210320201310053	0.289145455580739	0.0788252542706865
chr2:207577224:207577505:clu_1456	0.88225598724634	0.0660778927118779	0.154135110380518	0.0880572176686399
chr2:218234397:218238664:clu_1492	0.406116368933294	0.947596178811151	0.976041493603831	0.0284453147926801
chr2:218236733:218238664:clu_1492	-0.406116368933294	0.0524038211888493	0.0239585063961692	-0.0284453147926801
chr2:218401712:218402111:clu_1508	-0.0215675674432576	0.335386748594875	0.325841080318174	-0.00954566827670139
chr2:218401712:218402114:clu_1508	0.0215675674432576	0.664613251405125	0.674158919681826	0.00954566827670134
chr2:219173467:219174146:clu_1535	-0.183447976054726	0.681633810635062	0.643381632343577	-0.0382521782914853
chr2:219173467:219174778:clu_1535	0.225304748134432	0.0312600524920785	0.0444044289635626	0.0131443764714841
chr2:219174207:219174778:clu_1535	-0.0418567720797055	0.287106136872859	0.31221393869286	0.0251078018200013
chr2:219246876:219247113:clu_1551	0.119402295929118	0.32079972459287	0.338866041882846	0.0180663172899758
chr2:219246876:219247415:clu_1551	-0.357569379632905	0.274935205353028	0.180251235867836	-0.0946839694851918
chr2:219247246:219247415:clu_1551	0.238167083703787	0.404265070054102	0.480882722249318	0.0766176521952158
chr2:219247535:219247662:clu_1552	-0.316280652746049	0.552120222372788	0.410910276512112	-0.141209945860676
chr2:219247535:219248193:clu_1552	0.00960023982989835	0.0908072235542039	0.0936185734604399	0.00281134990623605
chr2:219247757:219248193:clu_1552	0.306680412916151	0.357072554073008	0.495471150027448	0.13839859595444
chr2:219251323:219251565:clu_1553	0.0504056417710259	0.38860988153257	0.406970823089621	0.0183609415570514
chr2:219251323:219253856:clu_1553	-0.169795745233864	0.0235060257025356	0.0197513322371624	-0.00375469346537322
chr2:219251713:219252008:clu_1553	-0.047360296759825	0.288981431934934	0.274448060504089	-0.0145333714308443
chr2:219251713:219253856:clu_1553	0.500660258072198	0.0921608862038736	0.151404635650405	0.0592437494465314
chr2:219252230:219253856:clu_1553	-0.333909857849535	0.206741774626087	0.147425148518722	-0.0593166261073653
chr2:230172959:230177538:clu_1615	-0.0994189822971639	0.252731189494018	0.217050779783264	-0.0356804097107537
chr2:230176724:230177538:clu_1615	0.0994189822971639	0.747268810505982	0.782949220216736	0.0356804097107537
chr2:230200965:230202579:clu_1617	-0.265614309333517	0.484804852249567	0.448133743509033	-0.0366711087405345
chr2:230200965:230207991:clu_1617	0.52174514104728	0.0647457318821324	0.131521786002676	0.0667760541205433
chr2:230202728:230207991:clu_1617	-0.256130831713763	0.4504494158683	0.420344470488292	-0.0301049453800087
chr2:230215118:230216781:clu_1621	0.0713317809488815	0.586900482054287	0.558760676422934	-0.0281398056313529
chr2:230215118:230219874:clu_1621	0.407910177217286	0.0225439282308983	0.0300514271517413	0.00750749892084298
chr2:230216928:230219874:clu_1621	0.233953835211992	0.352195964157297	0.394522343352741	0.0423263791954434
chr2:230216928:230221705:clu_1621	-0.71319579337816	0.0383596255575175	0.0166655530725839	-0.0216940724849336
chr2:230417665:230436381:clu_1632	0.327562976158987	0.00813817683304235	0.0147887105974971	0.0066505337644547
chr2:230417665:230442937:clu_1632	-0.287801793616996	0.951682709282529	0.934643183451958	-0.0170395258305701
chr2:230440557:230442937:clu_1632	-0.0397611825419905	0.0401791138844292	0.0505681059505445	0.0103889920661153
chr2:230450255:230457703:clu_1633	0.601712123982472	0.0461765875371726	0.109148604389828	0.0629720168526551
chr2:230450255:230461262:clu_1633	-0.331014363394012	0.889435811579871	0.82724280157854	-0.0621930100013309
chr2:230457743:230461262:clu_1633	-0.27069776058846	0.0643876008829567	0.0636085940316326	-0.000779006851324149
chr2:230462518:230463408:clu_1635	0.408540943277946	0.00973627094419486	0.0168767195029762	0.00714044855878135
chr2:230462518:230464067:clu_1635	-0.0482422762473386	0.393706816758252	0.432205096721124	0.0384982799628723
chr2:230462518:230466301:clu_1635	-0.108572242380576	0.120449417033128	0.12448604821775	0.00403663118462214
chr2:230464150:230466301:clu_1635	-0.251726424650031	0.476107495264425	0.42643213555815	-0.0496753597062757
chr2:231455624:231456010:clu_1651	-0.112609878089388	0.4174200462802	0.376298755979078	-0.0411212903011217
chr2:231455624:231456631:clu_1651	0.0510231793189866	0.126369147476641	0.134173104989422	0.00780395751278146
chr2:231456136:231456631:clu_1651	0.0615866987704011	0.45621080624316	0.4895281390315	0.0333173327883401
chr2:231457124:231457286:clu_1652	0.18976481793133	0.0392274641826301	0.0563150299257477	0.0170875657431176
chr2:231457124:231457643:clu_1652	-0.18976481793133	0.96077253581737	0.943684970074252	-0.0170875657431178
chr2:231711419:231711887:clu_1656	-0.0232373366339119	0.0389275945237639	0.0398673973166012	0.000939802792837278
chr2:231711419:231711890:clu_1656	-0.0622582742763362	0.325519608261366	0.320620208869203	-0.00489939939216277
chr2:231711419:231712443:clu_1656	-0.0193663905632661	0.0289740626196455	0.0297886513415325	0.000814588721887017
chr2:231711983:231712443:clu_1656	-0.0589115845942641	0.265024996589187	0.261911172605425	-0.00311382398376153
chr2:231711983:231712804:clu_1656	0.199475381297802	0.00874791818389134	0.0111940678109102	0.00244614962701886
chr2:231712516:231712804:clu_1656	-0.035701795230024	0.332805819822147	0.336618502056328	0.00381268223418119
chr2:27212467:27213177:clu_166	0.193287040038596	0.5494806835836	0.642250810881055	0.0927701272974553
chr2:27212607:27213177:clu_166	-0.193287040038596	0.4505193164164	0.357749189118945	-0.0927701272974552
chr2:232556530:232557884:clu_1669	-0.0726780972275778	0.530651342172377	0.493207377221389	-0.0374439649509879
chr2:232556530:232564247:clu_1669	-0.0456177900587948	0.124836031698803	0.119209919269099	-0.00562611242970387
chr2:232558018:232564247:clu_1669	0.118295887286373	0.34451262612882	0.387582703509512	0.0430700773806919
chr2:232567214:232568945:clu_1670	0.71692556328927	0.678799674671645	0.898631639117058	0.219831964445413
chr2:232567214:232580904:clu_1670	-0.71692556328927	0.321200325328355	0.101368360882942	-0.219831964445413
chr2:233122257:233125745:clu_1676	-0.0284570471877426	0.539111444127034	0.524942266372707	-0.0141691777543274
chr2:233122257:233125748:clu_1676	0.0284570471877426	0.460888555872966	0.475057733627293	0.0141691777543273
chr2:233161826:233163707:clu_1679	0.204138692691054	0.797748679065554	0.855765989385923	0.0580173103203684
chr2:233161826:233163754:clu_1679	-0.204138692691054	0.202251320934446	0.144234010614077	-0.0580173103203683
chr2:233390483:233434380:clu_1691	8.64222609165128	0.704912851391734	0.999999986960148	0.295087135568414
chr2:233419421:233434380:clu_1691	-8.64222609165128	0.295087148608266	1.30398518104309e-08	-0.295087135568414
chr2:233437479:233438217:clu_1691_B	0.147941568574252	0.52701709869401	0.521587243271804	-0.00542985542220686
chr2:233437479:233441887:clu_1691_B	0.530363788306086	0.058406077921718	0.0847313563672942	0.0263252784455762
chr2:233438099:233438217:clu_1691_B	-0.863050360689531	0.0480072757090589	0.0172878545785546	-0.0307194211305043
chr2:233438379:233441887:clu_1691_B	0.184745003809193	0.366569547675213	0.376393545782348	0.00982399810713486
chr2:233459891:233460105:clu_1696	-0.141146426452217	0.044012762366726	0.0335511326147968	-0.0104616297519292
chr2:233459891:233460194:clu_1696	0.141146426452217	0.955987237633274	0.966448867385203	0.0104616297519292
chr2:237086042:237087127:clu_1704	-0.252204387738471	0.426027944992686	0.337400957607864	-0.0886269873848214
chr2:237086042:237088605:clu_1704	0.134973846096703	0.237733729654737	0.277299060295659	0.0395653306409219
chr2:237087197:237088605:clu_1704	0.117230541641768	0.336238325352577	0.385299982096476	0.0490616567438993
chr2:237088653:237089862:clu_1705	-0.408360235087386	0.489314327197138	0.419910914835238	-0.0694034123618999
chr2:237088653:237094090:clu_1705	0.81685023445734	0.0687512225069069	0.200886985798328	0.132135763291421
chr2:237089994:237094090:clu_1705	-0.408489999369954	0.441934450295955	0.379202099366434	-0.062732350929521
chr2:237749324:237753309:clu_1707	-0.881286978270432	0.982167689412866	0.904320181460429	-0.077847507952437
chr2:237751271:237753309:clu_1707	0.881286978270432	0.0178323105871344	0.0956798185395714	0.077847507952437
chr2:237994809:238016566:clu_1714	0.369544069850293	0.40057596603349	0.455728396312491	0.0551524302790005
chr2:237994809:238025342:clu_1714	-0.787616221010485	0.20510945767551	0.0733598709705879	-0.131749586704923
chr2:238016633:238025342:clu_1714	0.418072151160192	0.394314576290999	0.470911732716921	0.076597156425922
chr2:238182186:238183653:clu_1718	-0.345610842256178	0.441343050276727	0.340134649306247	-0.10120840097048
chr2:238182186:238184020:clu_1718	0.437905003431341	0.151518993778332	0.255633796005444	0.104114802227112
chr2:238183740:238184020:clu_1718	-0.0922941611751625	0.40713795594494	0.404231554688309	-0.00290640125663127
chr2:240575610:240576535:clu_1736	0.0567739644180764	0.893751070213904	0.904061539660274	0.0103104694463702
chr2:240575610:240576568:clu_1736	-0.0567739644180764	0.106248929786096	0.0959384603397255	-0.0103104694463702
chr2:241150547:241153476:clu_1751	-0.0107771819260144	0.346377527899232	0.339808339284814	-0.00656918861441819
chr2:241150547:241157807:clu_1751	-0.0190293835083511	0.15593352571358	0.151718988058224	-0.00421453765535632
chr2:241153604:241157807:clu_1751	0.0298065654343655	0.497688946387187	0.508472672656962	0.0107837262697746
chr2:241166441:241167045:clu_1753	0.204547773130237	0.174250000945654	0.24109135829008	0.0668413573444264
chr2:241166441:241169781:clu_1753	-0.204547773130237	0.825749999054346	0.75890864170992	-0.0668413573444264
chr2:241236769:241238649:clu_1756	0.195652456421428	0.419305150315171	0.467699398683535	0.0483942483683632
chr2:241236769:241239602:clu_1756	-0.215914428259476	0.0569696994875397	0.0421055472508777	-0.014864152236662
chr2:241238787:241239602:clu_1756	0.020261971838048	0.523725150197289	0.490195054065588	-0.0335300961317012
chr2:241315982:241324216:clu_1759	0.0711545737003793	0.742071781741439	0.768359977469708	0.0262881957282693
chr2:241317599:241324216:clu_1759	-0.0711545737003793	0.257928218258561	0.231640022530292	-0.0262881957282694
chr2:241336098:241336785:clu_1760	-0.943503071803315	0.324456743889697	0.0678388221494377	-0.256617921740259
chr2:241336098:241337382:clu_1760	0.943503071803315	0.675543256110303	0.932161177850562	0.256617921740259
chr2:241651335:241653307:clu_1769	-0.285135184740378	0.227224225450477	0.142543651023202	-0.0846805744272746
chr2:241651335:241653512:clu_1769	0.285135184740378	0.772775774549524	0.857456348976798	0.0846805744272745
chr2:241654647:241655271:clu_1770	0.215009921222481	0.405518591748778	0.426287985058315	0.020769393309537
chr2:241654647:241659108:clu_1770	-0.42414869005444	0.0969993438296421	0.0538118670639498	-0.0431874767656923
chr2:241655343:241659108:clu_1770	0.209138768831958	0.49748206442158	0.519900147877736	0.0224180834561552
chr2:27772692:27774424:clu_199	0.203219748902295	0.128738450023683	0.170546920987341	0.0418084709636571
chr2:27772692:27779433:clu_199	-0.651909974328594	0.571572390674554	0.321979876462712	-0.249592514211843
chr2:27774530:27779433:clu_199	0.448690225426299	0.299689159301762	0.507473202549948	0.207784043248186
chr2:28393822:28404107:clu_203	-8.929494907062	0.999999999326667	0.963023375051625	-0.0369766242750424
chr2:28395776:28404107:clu_203	8.929494907062	6.73332706858223e-10	0.0369766249483751	0.0369766242750424
chr2:28408866:28410473:clu_204	0.178834349358547	0.035578790811078	0.05349013335356	0.017911342542482
chr2:28408866:28411930:clu_204	-0.295450506016381	0.871842052912861	0.815719819181261	-0.0561222337316
chr2:28410575:28411930:clu_204	0.116616156657834	0.0925791562760613	0.130790047465179	0.0382108911891179
chr2:30147062:30148245:clu_220	0.274089714359969	0.0183742653054529	0.0286089050241612	0.0102346397187082
chr2:30147062:30155850:clu_220	0.0355475115478599	0.187228769369944	0.229649906785923	0.0424211374159794
chr2:30147062:30156628:clu_220	-0.411569330709012	0.568998968786849	0.446297847953444	-0.122701120833405
chr2:30155910:30156628:clu_220	0.101932104801183	0.225397996537754	0.295443340236472	0.0700453436987173
chr2:31869952:31883386:clu_223	0.253731261236413	0.388858109176939	0.44808074436017	0.0592226351832312
chr2:31869952:31891992:clu_223	-0.326383597884642	0.112720695909728	0.0727156850916198	-0.0400050108181086
chr2:31883462:31891992:clu_223	0.072652336648229	0.498421194913332	0.47920357054821	-0.0192176243651225
chr2:38745187:38746144:clu_292	-0.110358343020105	0.462179839282457	0.441071976717051	-0.0211078625654061
chr2:38745187:38746694:clu_292	0.15514006085493	0.048264927120148	0.0600668165006963	0.0118018893805483
chr2:38746179:38746694:clu_292	-0.0447817178348253	0.489555233597395	0.498861206782253	0.00930597318485793
chr2:38746747:38747062:clu_293	0.0618566306620481	0.101982185849919	0.112018633375766	0.0100364475258476
chr2:38746747:38748047:clu_293	-0.0392528670909299	0.776597155219964	0.770993030373223	-0.00560412484674111
chr2:38746747:38748056:clu_293	0.252913448718735	0.039960334966865	0.0531336921997655	0.0131733572329005
chr2:38747130:38748047:clu_293	-0.275517212289854	0.0814603239632524	0.0638546440512455	-0.017605679912007
chr2:38748653:38748898:clu_294	-0.732377550279992	0.306019565629902	0.137321731597216	-0.168697834032686
chr2:38748653:38749240:clu_294	-0.0763997995263864	0.0479955102284978	0.0415028773661351	-0.00649263286236277
chr2:38748653:38749529:clu_294	1.54118058787037	0.13587552256996	0.592277258982731	0.456401736412771
chr2:38749346:38749529:clu_294	-0.732403238063991	0.51010940157164	0.228898132053917	-0.281211269517722
chr2:38750194:38751229:clu_295	-0.0431859078607342	0.96374120094985	0.96059911518496	-0.0031420857648905
chr2:38750194:38751331:clu_295	0.0431859078607342	0.0362587990501498	0.0394008848150403	0.00314208576489051
chr2:43889876:43894545:clu_327	0.331538855711112	0.851751467451266	0.917698709945349	0.0659472424940825
chr2:43890362:43894545:clu_327	-0.331538855711112	0.148248532548734	0.0823012900546511	-0.0659472424940826
chr2:47011435:47021862:clu_349	0.495781453729322	0.364546411636006	0.51785851308497	0.153312101448964
chr2:47011435:47023408:clu_349	-0.424943598927255	0.125162035119161	0.0708051910130386	-0.0543568441061227
chr2:47021979:47023408:clu_349	-0.0708378548020671	0.510291553244833	0.411336295901991	-0.0989552573428416
chr2:54973621:54973821:clu_379	0.223324884024862	0.274393921732264	0.305551125107898	0.0311572033756337
chr2:54973621:54974695:clu_379	0.904741092962026	0.0197949523721634	0.0435711638746657	0.0237762115025023
chr2:54973621:54982515:clu_379	-1.29245280961888	0.0436617864814897	0.010678666260578	-0.0329831202209117
chr2:54973867:54974695:clu_379	0.0839870249433642	0.306250779513003	0.296669527482279	-0.00958125203072396
chr2:54974764:54982515:clu_379	0.0803998076886275	0.35589855990108	0.34352951727458	-0.0123690426265003
chr2:54987698:55010087:clu_380	-11.1080732558511	0.320029315761119	2.79928628460347e-08	-0.320029287768256
chr2:54987698:55049745:clu_380	5.52257462398414	0.606095306245406	0.885109656146447	0.279014349901041
chr2:55028220:55049745:clu_380	5.58549863186695	0.073875377993475	0.114890315860691	0.0410149378672156
chr2:61186497:61186617:clu_423	-0.0954711909252459	0.862729087441316	0.838512520964619	-0.024216566476697
chr2:61186497:61187909:clu_423	0.0954711909252459	0.137270912558684	0.161487479035381	0.024216566476697
chr2:61868706:61869440:clu_440	-0.0514047495827699	0.41758820983539	0.420006838337908	0.00241862850251856
chr2:61868706:61872082:clu_440	0.295010509258652	0.163168242402549	0.232054504949104	0.0688862625465549
chr2:61869553:61872082:clu_440	-0.243605759675882	0.419243547762061	0.347938656712988	-0.0713048910490734
chr2:61877052:61877393:clu_442	-0.143355442337153	0.430845479396302	0.435683162688473	0.00483768329217049
chr2:61877052:61878869:clu_442	0.439265218965902	0.0744730308876616	0.134858151769314	0.0603851208816524
chr2:61877514:61878869:clu_442	-0.295909776628749	0.494681489716036	0.429458685542213	-0.065222804173823
chr2:61885072:61888381:clu_444	0.269359256572791	0.768991639405738	0.850857787793726	0.0818661483879879
chr2:61888257:61888381:clu_444	-0.269359256572791	0.231008360594262	0.149142212206274	-0.0818661483879879
chr2:63841232:63842539:clu_450	0.0867378483243753	0.0983275049021553	0.114815269231515	0.0164877643293602
chr2:63841232:63856306:clu_450	-0.0867378483243753	0.901672495097845	0.885184730768485	-0.0164877643293601
chr2:63856433:63857550:clu_451	-0.151796869250962	0.09493875976349	0.0718665700320068	-0.0230721897314833
chr2:63856433:63857829:clu_451	0.151796869250962	0.90506124023651	0.928133429967993	0.0230721897314834
chr2:64100499:64104701:clu_456	-0.0321843939886896	0.390734556719212	0.380993889354179	-0.0097406673650331
chr2:64100499:64108240:clu_456	-0.60979947942807	0.0533139944777643	0.0291757726763806	-0.0241382218013836
chr2:64104597:64104701:clu_456	1.1790024554989	0.0222203163995902	0.0727441698405877	0.0505238534409975
chr2:64104830:64108240:clu_456	0.059322445022175	0.430181054444533	0.459651183970603	0.0294701295260695
chr2:64106299:64108240:clu_456	-0.59634102710432	0.1035500779589	0.0574349841582501	-0.0461150938006501
chr2:64573068:64579486:clu_467	-0.0842565542348246	0.317398378190327	0.292677319221654	-0.0247210589686728
chr2:64573068:64585422:clu_467	-0.0562217542824712	0.391592116046828	0.371358751994553	-0.0202333640522746
chr2:64579546:64585422:clu_467	0.140478308517296	0.291009505762845	0.335963928783792	0.0449544230209474
chr2:68047319:68053061:clu_477	-0.163590188579972	0.200871647685074	0.163195821209192	-0.0376758264758821
chr2:68047319:68062945:clu_477	-0.308727635076488	0.209742389415622	0.147381920416718	-0.062360468998904
chr2:68047319:68062958:clu_477	0.364019183750769	0.290265541873751	0.399690396833362	0.109424854959611
chr2:68053137:68062945:clu_477	0.208275276219716	0.098382377275441	0.115932933172461	0.0175505558970201
chr2:68053137:68062958:clu_477	-0.0999766363140244	0.200738043750112	0.173798928368267	-0.026939115381845
chr2:68807480:68813287:clu_489	-0.405166457744663	0.423345710667197	0.312268104495067	-0.111077606172129
chr2:68807480:68816289:clu_489	0.441397621732855	0.165809580784524	0.285167607996333	0.11935802721181
chr2:68813419:68816154:clu_489	0.125413437087322	0.0509984616723857	0.06394660023531	0.0129481385629243
chr2:68813419:68816289:clu_489	-0.161644601075514	0.359846246875894	0.33861768727329	-0.0212285596026044
chr2:69419604:69423582:clu_490	0.194337313667137	0.45757531289213	0.500290952540465	0.0427156396483351
chr2:69419604:69431902:clu_490	-0.296600920925831	0.125568485875629	0.0840289535083019	-0.0415395323673267
chr2:69423717:69431902:clu_490	0.102263607258694	0.416856201232241	0.415680093951233	-0.00117610728100842
chr2:71075610:71076604:clu_532	-0.489318132251976	0.225461360822075	0.0986109175788124	-0.126850443243263
chr2:71075642:71076604:clu_532	0.489318132251976	0.774538639177925	0.901389082421188	0.126850443243263
chr2:73250438:73251226:clu_561	0.108102913985151	0.43192459511549	0.415974609659254	-0.0159499854562353
chr2:73250438:73252640:clu_561	-0.337935233724033	0.0719264405710301	0.0443440699511759	-0.0275823706198542
chr2:73251432:73252640:clu_561	0.229832319738882	0.49614896431348	0.53968132038957	0.0435323560760894
chr2:73927052:73938910:clu_574	0.0758443470224347	0.195243150959631	0.244966439459146	0.0497232884995142
chr2:73927052:73946719:clu_574	-0.427980111970495	0.642953403153682	0.487418601058716	-0.155534802094966
chr2:73939022:73946719:clu_574	0.35213576494806	0.161803445886687	0.267614959482138	0.105811513595452
chr2:73946906:73950585:clu_574_B	0.0683076693695023	0.140235831461529	0.134660797593757	-0.00557503386777108
chr2:73946906:73958146:clu_574_B	0.151880573040059	0.375770838176014	0.392283925982373	0.0165130878063589
chr2:73950732:73957125:clu_574_B	0.490286992360331	0.143237455134907	0.20975005169094	0.066512596556033
chr2:73950732:73958146:clu_574_B	-0.912055002267505	0.150026367388342	0.0540485047696661	-0.0959778626186763
chr2:73957240:73958146:clu_574_B	0.201579767497613	0.190729507839208	0.209256719963263	0.0185272121240555
chr2:74172749:74178661:clu_580	-0.200284739641023	0.0833028373647402	0.0573855919963944	-0.0259172453683459
chr2:74172752:74178661:clu_580	0.200284739641023	0.91669716263526	0.942614408003606	0.0259172453683459
chr2:74458671:74459643:clu_589	0.608257402085806	0.294149674025998	0.53771321983416	0.243563545808163
chr2:74459552:74459643:clu_589	0.0127965358570498	0.179401040863804	0.180801459716888	0.0014004188530839
chr2:74459562:74459643:clu_589	-0.621053937942856	0.526449285110198	0.281485320448951	-0.244963964661246
chr2:74483410:74490025:clu_594	-6.12159237228941e-05	0.521455315578058	0.492727579933952	-0.0287277356441057
chr2:74483410:74490244:clu_594	-0.263687234024645	0.161462900973826	0.117211763304965	-0.0442511376688607
chr2:74490127:74490244:clu_594	0.263748449948368	0.317081783448116	0.390060656761083	0.0729788733129664
chr2:74527059:74527248:clu_598	0.325749140145451	0.824748811955595	0.900281551091032	0.0755327391354373
chr2:74527121:74527248:clu_598	-0.325749140145451	0.175251188044405	0.0997184489089677	-0.0755327391354375
chr2:74528006:74528248:clu_600	0.296176669121691	0.922894628053293	0.955836805340208	0.0329421772869158
chr2:74528006:74528253:clu_600	-0.296176669121691	0.0771053719467075	0.0441631946597916	-0.032942177286916
chr2:74528489:74528751:clu_601	-0.156331659816399	0.721284174602185	0.634907690424021	-0.0863764841781636
chr2:74528489:74529132:clu_601	-0.177472113361962	0.0615992951104237	0.0530882909049084	-0.00851100420551529
chr2:74528935:74529132:clu_601	0.333803773178361	0.217116530287392	0.31200401867107	0.094887488383679
chr2:10396920:10419734:clu_61	0.21635242920628	0.822200394980433	0.876968635731699	0.0547682407512661
chr2:10408734:10419734:clu_61	-0.21635242920628	0.177799605019567	0.123031364268301	-0.054768240751266
chr2:84423772:84425415:clu_615	0.765106142709212	0.79643703535526	0.947568168134208	0.151131132778948
chr2:84424011:84425415:clu_615	-0.765106142709212	0.20356296464474	0.0524318318657916	-0.151131132778948
chr2:10423088:10426724:clu_62	1.24475553515789	0.834301033583623	0.983792368767082	0.149491335183459
chr2:10425981:10426724:clu_62	-1.24475553515789	0.165698966416377	0.016207631232918	-0.149491335183459
chr2:10443836:10444095:clu_63	-0.415375419363134	0.47380420702115	0.457864816287525	-0.0159393907336252
chr2:10443836:10444474:clu_63	0.83075200431495	0.0140553528012236	0.0472243919539844	0.0331690391527608
chr2:10444267:10444474:clu_63	-0.415376584951816	0.512140440177626	0.494910791758491	-0.0172296484191355
chr2:10444547:10444931:clu_63_B	0.239879171125444	0.269376357038187	0.373312852506566	0.103936495468379
chr2:10444647:10444931:clu_63_B	-0.239879171125444	0.730623642961813	0.626687147493434	-0.103936495468379
chr2:85596649:85596822:clu_641	-0.0376485451401109	0.505513977214967	0.526464657286879	0.0209506800719111
chr2:85596649:85597104:clu_641	0.204254613215361	0.0507581386266168	0.0673285013313494	0.0165703627047326
chr2:85596931:85597104:clu_641	-0.16660606807525	0.443727884158416	0.406206841381772	-0.0375210427766438
chr2:86510479:86529218:clu_666	0.130442779309409	0.700597838397869	0.752321438002783	0.0517235996049142
chr2:86527241:86529218:clu_666	-0.130442779309409	0.299402161602131	0.247678561997217	-0.0517235996049142
chr2:86529397:86542252:clu_666_B	0.187394397634527	0.413299217280028	0.436962544169612	0.0236633268895836
chr2:86529397:86563304:clu_666_B	-0.324616870218182	0.072331236104172	0.0458291547458899	-0.0265020813582821
chr2:86542312:86563304:clu_666_B	0.137222472583655	0.5143695466158	0.517208301084498	0.00283875446869841
chr2:10784326:10784934:clu_67	0.525219829525522	0.320273123500431	0.404165913126768	0.0838927896263366
chr2:10784326:10787281:clu_67	-0.926361350307211	0.197583007014173	0.0583949218777391	-0.139188085136434
chr2:10785030:10787281:clu_67	0.401141520781689	0.482143869485395	0.537439164995493	0.0552952955100976
chr2:11172045:11174968:clu_68	-0.300125649730245	0.355947502033921	0.343262286898979	-0.0126852151349415
chr2:11172045:11177737:clu_68	1.03109154388484	0.0836809785205162	0.305497157290406	0.221816178769889
chr2:11175009:11177737:clu_68	-0.730965894154597	0.560371519445563	0.351240555810615	-0.209130963634948
chr2:96547517:96549321:clu_720	-0.145038548468379	0.282969505344386	0.211700087955164	-0.0712694173892225
chr2:96547517:96549753:clu_720	0.603291559986805	0.383012794502076	0.60560621209883	0.222593417596753
chr2:96549459:96549753:clu_720	-0.458253011518425	0.334017700153537	0.182693699946007	-0.151324000207531
chr2:99171646:99173414:clu_790	-0.510932410086623	0.371618298500235	0.151640651734167	-0.219977646766068
chr2:99171646:99173915:clu_790	1.02187870976503	0.399499649159488	0.754964212307645	0.355464563148157
chr2:99173502:99173915:clu_790	-0.510946299678411	0.228882052340277	0.0933951359581878	-0.135486916382089
chr2:271939:272037:clu_8	0.0236638338008068	0.807089749989491	0.814351575447506	0.00726182545801501
chr2:271939:272192:clu_8	-0.0236638338008068	0.192910250010509	0.185648424552494	-0.00726182545801504
chr2:101274738:101281859:clu_814	-0.657660228480199	0.0282937303393042	0.00775421877413186	-0.0205395115651723
chr2:101277281:101281859:clu_814	0.657660228480199	0.971706269660696	0.992245781225868	0.0205395115651723
chr2:101282057:101286081:clu_816	0.418659476115971	0.677269766016227	0.733604584042534	0.0563348180263074
chr2:101282057:101288973:clu_816	-0.659983441301738	0.0489458718313734	0.0180288385406524	-0.030917033290721
chr2:101286177:101288973:clu_816	0.241323965185767	0.2737843621524	0.248366577416813	-0.0254177847355863
chr2:101294082:101294931:clu_818	0.0946776630687783	0.812815725152627	0.839937912830284	0.0271221876776565
chr2:101294082:101295050:clu_818	-0.0946776630687783	0.187184274847373	0.160062087169716	-0.0271221876776564
chr2:101295181:101307841:clu_819	0.288615277965454	0.217841262704129	0.33157714149566	0.113735878791531
chr2:101295181:101308129:clu_819	-0.288615277965454	0.782158737295871	0.66842285850434	-0.113735878791531
chr2:101859864:101860825:clu_823	0.261791294790604	0.158615536867864	0.134168676533248	-0.0244468603346158
chr2:101859864:101864930:clu_823	0.747199556569974	0.585832761335745	0.805172984461652	0.219340223125907
chr2:101860986:101864930:clu_823	-1.00899085136058	0.255551701796391	0.0606583390051001	-0.194893362791291
chr2:101859082:101859643:clu_824	0.0689041689442539	0.473608382098223	0.508035224054846	0.0344268419566231
chr2:101859082:101859736:clu_824	-0.0689041689442539	0.526391617901777	0.491964775945154	-0.0344268419566232
chr2:101865036:101866428:clu_825	0.0964109172709992	0.838908328465699	0.863297187642763	0.0243888591770635
chr2:101865036:101866431:clu_825	-0.0964109172709992	0.161091671534301	0.136702812357237	-0.0243888591770635
chr2:101867309:101869622:clu_826	0.0225897634584735	0.906006232759031	0.9097837393613	0.00377750660226817
chr2:101868037:101869622:clu_826	-0.0225897634584735	0.0939937672409685	0.0902162606387004	-0.00377750660226808
chr2:101870415:101871494:clu_827	-0.247055573158371	0.257796167162876	0.163215151142756	-0.0945810160201206
chr2:101870415:101873647:clu_827	0.498850157128384	0.523768998601908	0.699143859219432	0.175374860617524
chr2:101871685:101873647:clu_827	-0.251794583970013	0.218434834235216	0.137640989637812	-0.0807938445974031
chr2:101887237:101887778:clu_829	-0.497040301078867	0.871693370000788	0.715436043005252	-0.156257326995536
chr2:101887261:101887778:clu_829	0.497040301078867	0.128306629999212	0.284563956994748	0.156257326995536
chr2:112647162:112647324:clu_896	-0.309637064511736	0.459877037566687	0.426324903298642	-0.0335521342680444
chr2:112647162:112647653:clu_896	0.746976397784212	0.0718524833621607	0.191611758296415	0.119759274934254
chr2:112647464:112647653:clu_896	-0.437339333272476	0.468270479071153	0.382063338404943	-0.0862071406662097
chr2:272150:275140:clu_9	0.0207976731958095	0.65316399847787	0.662526046539089	0.00936204806121943
chr2:272305:275140:clu_9	-0.0207976731958095	0.34683600152213	0.337473953460911	-0.00936204806121943
chr2:113186255:113192380:clu_908	-0.283783000978514	0.5792144016843	0.52416044426156	-0.0550539574227398
chr2:113186255:113193048:clu_908	0.515200407199264	0.0704655883865142	0.141773826133918	0.071308237747404
chr2:113192589:113193048:clu_908	-0.23141740622075	0.350320009929186	0.334065729604522	-0.0162542803246642
chr2:113197634:113197747:clu_911	-0.00597929903183622	0.445925851919001	0.442973114084725	-0.00295273783427569
chr2:113197634:113197750:clu_911	0.00597929903183627	0.554074148080999	0.557026885915275	0.00295273783427574
chr2:113197913:113198740:clu_912	0.012031482007787	0.341296954021006	0.388328750556343	0.0470317965353366
chr2:113197913:113199083:clu_912	0.341599900054279	0.115733033207981	0.183085611123957	0.067352577915976
chr2:113198884:113199083:clu_912	-0.353631382062066	0.542970012771013	0.4285856383197	-0.114384374451313
chr2:113931396:113934158:clu_929	-0.28227269234674	0.220571985068986	0.138610180605948	-0.0819618044630381
chr2:113931396:113934279:clu_929	0.28227269234674	0.779428014931014	0.861389819394052	0.0819618044630382
chr2:20037438:20037538:clu_93	0.300846587810423	0.525931715794157	0.558995013402108	0.0330632976079508
chr2:20037438:20040891:clu_93	-0.50012002116302	0.0293934260998712	0.0140240484785586	-0.0153693776213126
chr2:20037614:20040891:clu_93	0.199273433352597	0.444674858105971	0.426980938119333	-0.0176939199866383
chr2:120278778:120280835:clu_947_B	0.0704345002441015	0.0245850184406043	0.0224294302313184	-0.00215558820928591
chr2:120278778:120285874:clu_947_B	-0.19737346280094	0.447709103654145	0.312489988373244	-0.135219115280901
chr2:120278778:120289580:clu_947_B	-0.197149567385677	0.0857681789495235	0.0598774929365678	-0.0258906860129557
chr2:120280907:120285874:clu_947_B	-0.197529856245704	0.0379404414240842	0.0264773576096015	-0.0114630838144827
chr2:120286082:120289580:clu_947_B	0.521618386188219	0.403997257531643	0.578725730849268	0.174728473317625
chr2:126656312:126690255:clu_957	0.475076528612426	0.5100393796115	0.610918570071265	0.100879190459765
chr2:126656312:126693864:clu_957	-0.600021269619858	0.0561206381374207	0.0229399875115376	-0.0331806506258831
chr2:126690311:126693864:clu_957	0.124944741007432	0.433839982251079	0.366141442417197	-0.0676985398338818
chr2:130182452:130182627:clu_999	0.0441991682642091	0.515162583295037	0.480843662875771	-0.0343189204192665
chr2:130182452:130190469:clu_999	-0.272924659274733	0.0566586856298996	0.038512432629467	-0.0181462530004325
chr2:130182775:130190469:clu_999	0.228725491010524	0.428178731075063	0.480643904494762	0.0524651734196991
chr20:408779:409881:clu_23688	-0.121244245581082	0.366438044533079	0.355087570572084	-0.0113504739609944
chr20:408779:410412:clu_23688	0.346703479972349	0.0443838691471103	0.0686731846334443	0.0242893154863341
chr20:410025:410412:clu_23688	-0.116131381964881	0.230564405153462	0.224567892509561	-0.00599651264390058
chr20:410025:417526:clu_23688	-0.109327852426387	0.358613681166349	0.35167135228491	-0.00694232888143903
chr20:419731:419918:clu_23689	0.0553291296632779	0.113803330565761	0.125449269588086	0.0116459390223248
chr20:419731:420871:clu_23689	-0.0553291296632779	0.886196669434239	0.874550730411914	-0.0116459390223249
chr20:1164476:1165029:clu_23700	0.166778554860802	0.86713201025699	0.901089773885981	0.0339577636289912
chr20:1164476:1166227:clu_23700	-0.166778554860802	0.13286798974301	0.0989102261140191	-0.0339577636289911
chr20:1372240:1375491:clu_23701	0.377390788519689	0.674575197597235	0.644910029916668	-0.0296651676805668
chr20:1372240:1392834:clu_23701	-0.945559365016773	0.0237351967468398	0.00604382174110971	-0.0176913750057301
chr20:1375603:1392834:clu_23701	0.568168576497084	0.301689605655925	0.349046148342222	0.0473565426862969
chr20:1455037:1458200:clu_23704	-0.288464012386765	0.169008023788037	0.102513648042147	-0.0664943757458904
chr20:1455132:1458200:clu_23704	0.288464012386765	0.830991976211963	0.897486351957853	0.0664943757458902
chr20:2461793:2462636:clu_23721	0.109737392292521	0.178082977849962	0.212501059725502	0.0344180818755401
chr20:2461939:2462636:clu_23721	-0.109737392292521	0.821917022150038	0.787498940274498	-0.0344180818755401
chr20:2657218:2657373:clu_23728	0.0594449333605964	0.112158999192843	0.124554960331568	0.0123959611387242
chr20:2657218:2657929:clu_23728	-0.0594449333605964	0.887841000807157	0.875445039668432	-0.0123959611387242
chr20:3218632:3221841:clu_23758	0.610172749411138	0.758974576354243	0.914308261414147	0.155333685059903
chr20:3221466:3221841:clu_23758	-0.610172749411138	0.241025423645757	0.0856917385858535	-0.155333685059903
chr20:5584322:5586194:clu_23797	0.706831289574203	0.335009180812551	0.498153071806193	0.163143890993643
chr20:5584322:5593327:clu_23797	-1.13413399752892	0.276718978998814	0.0652865899078621	-0.211432389090951
chr20:5586269:5593327:clu_23797	0.427302707954719	0.388271840188636	0.436560338285945	0.048288498097309
chr20:5604440:5605250:clu_23798	-0.0619494415721574	0.133283539074163	0.150701778646978	0.0174182395728148
chr20:5604440:5609640:clu_23798	-0.480706954453017	0.416589996637074	0.309875058806975	-0.106714937830099
chr20:5604440:5610842:clu_23798	-0.19778489342915	0.323841684187783	0.319655384434991	-0.00418629975279211
chr20:5605308:5609640:clu_23798	0.738230723078138	0.0514918759285662	0.129596838237296	0.0781049623087294
chr20:5609811:5610842:clu_23798	0.002210566376186	0.0747929041724138	0.0901709398737607	0.0153780357013469
chr20:16730064:16731668:clu_23817	-0.0083651335192703	0.481106898805402	0.476931721006498	-0.00417517779890403
chr20:16730164:16731668:clu_23817	0.0083651335192703	0.518893101194598	0.523068278993502	0.00417517779890386
chr20:18567596:18569236:clu_23837	-0.0367965742063133	0.279185937546445	0.264619255950284	-0.0145666815961604
chr20:18567596:18569239:clu_23837	0.0367965742063133	0.720814062453555	0.735380744049716	0.0145666815961605
chr20:20026919:20032508:clu_23841	0.36699006928226	0.207782687792112	0.295879549758973	0.088096861966861
chr20:20026919:20033102:clu_23841	-0.778801063500706	0.458958549547563	0.207810882820182	-0.251147666727381
chr20:20032653:20033102:clu_23841	0.411810994218446	0.333258762660325	0.496309567420846	0.16305080476052
chr20:24964022:24968892:clu_23872	0.160886764342374	0.403053328403493	0.43253609174202	0.0294827633385262
chr20:24964022:24969526:clu_23872	-0.362111188973037	0.206801532898885	0.131546248845191	-0.0752552840536934
chr20:24969084:24969526:clu_23872	0.201224424630663	0.390145138697622	0.435917659412789	0.0457725207151672
chr20:24973737:24978767:clu_23873	-0.0579058874226447	0.435356430413792	0.438813772899425	0.00345734248563284
chr20:24973737:24983903:clu_23873	0.13342828938644	0.00867666239018881	0.0105896928349045	0.00191303044471567
chr20:24978882:24983903:clu_23873	-0.0755224019637953	0.555966907196019	0.550596534265671	-0.00537037293034848
chr20:25012664:25012812:clu_23874	0.346803467914116	0.432492009048257	0.530751449309508	0.0982594402612506
chr20:25012664:25013536:clu_23874	-0.345099777069335	0.0884282565775449	0.0543268347619221	-0.0341014218156228
chr20:25012939:25013536:clu_23874	-0.00170369084478059	0.479079734374198	0.41492171592857	-0.0641580184456278
chr20:25023092:25023466:clu_23875	0.319933664269892	0.47486670895797	0.574729416418717	0.0998627074607477
chr20:25023092:25030759:clu_23875	-0.302006481122653	0.131510242110607	0.0854566976938722	-0.0460535444167347
chr20:25023641:25030759:clu_23875	-0.0179271831472382	0.393623048931423	0.33981388588741	-0.053809163044013
chr20:25195867:25206522:clu_23877	0.591630709559028	0.107016615705055	0.203147324466107	0.0961307087610519
chr20:25195867:25209849:clu_23877	-0.600588277743153	0.309462842987266	0.178317627701559	-0.131145215285707
chr20:25207397:25209849:clu_23877	0.00895756818412518	0.583520541307679	0.618535047832334	0.035014506524655
chr20:25224157:25225162:clu_23880	0.0504775620553444	0.202585859256705	0.219384767451806	0.0167989081951008
chr20:25224157:25225205:clu_23880	-0.0504775620553444	0.797414140743295	0.780615232548194	-0.0167989081951008
chr20:28600461:28601657:clu_23892	-0.150483437253358	0.29280065007774	0.234551372934273	-0.0582492771434672
chr20:28600461:28602609:clu_23892	0.150483437253358	0.70719934992226	0.765448627065727	0.0582492771434671
chr20:31561736:31566210:clu_23900	0.361106050434815	0.448021800417549	0.536725085223979	0.0887032848064306
chr20:31561736:31569120:clu_23900	-0.475463141346376	0.128023169076236	0.0664391299330247	-0.0615840391432113
chr20:31566295:31569120:clu_23900	0.11435709091156	0.423955030506215	0.396835784842996	-0.0271192456632193
chr20:33994131:34031522:clu_23936	0.127662793127535	0.516527661981324	0.491223564396543	-0.0253040975847806
chr20:33994131:34072066:clu_23936	-0.39050723445276	0.0336304719149089	0.0190493510564181	-0.0145811208584907
chr20:34031604:34072066:clu_23936	0.262844441325225	0.449841866103767	0.489727084547039	0.0398852184432714
chr20:34073635:34073819:clu_23938	0.0929679259277728	0.381038685400755	0.382187206752385	0.00114852135163013
chr20:34073635:34075874:clu_23938	-0.267769499598334	0.143739530333841	0.100511793731417	-0.0432277366024236
chr20:34073866:34075874:clu_23938	0.174801573670561	0.475221784265404	0.517300999516198	0.0420792152507933
chr20:34516461:34519420:clu_23948	0.0336713297702306	0.0973196728272642	0.103398164992055	0.00607849216479123
chr20:34516461:34526268:clu_23948	-0.0336713297702306	0.902680327172736	0.896601835007945	-0.00607849216479117
chr20:35003616:35003873:clu_23966	-0.632231482328746	0.259775602915859	0.0901669514487379	-0.169608651467122
chr20:35003616:35004458:clu_23966	0.632231482328747	0.740224397084141	0.909833048551262	0.169608651467121
chr20:35016139:35021190:clu_23971	0.0835820663830049	0.501190381511941	0.521933405533441	0.0207430240215
chr20:35016139:35035123:clu_23971	-0.195316986284746	0.0790358785899717	0.062274798673751	-0.0167610799162207
chr20:35021332:35035123:clu_23971	0.103472638630089	0.107394006879827	0.114085586229722	0.00669157934989527
chr20:35021356:35035123:clu_23971	0.00826228127165121	0.31237973301826	0.301706209563085	-0.0106735234551744
chr20:35115933:35118598:clu_23976	0.0560374028306454	0.400331454749194	0.39358592870689	-0.00674552604230394
chr20:35115933:35123890:clu_23976	-0.234512070641066	0.159434643972033	0.117224533163506	-0.0422101108085268
chr20:35118719:35123890:clu_23976	0.178474667810421	0.440233901278774	0.489189538129604	0.0489556368508307
chr20:35277932:35278009:clu_23980	-0.0722113313163462	0.412988111064119	0.378469633134311	-0.0345184779298074
chr20:35277932:35278046:clu_23980	0.0722113313163462	0.587011888935881	0.621530366865689	0.0345184779298074
chr20:35280118:35280654:clu_23981	0.283669775624007	0.359374129762995	0.429088029150618	0.0697138993876225
chr20:35280118:35284176:clu_23981	-0.342961905683734	0.127398093845267	0.0812867643976953	-0.0461113294475717
chr20:35280829:35284176:clu_23981	0.0592921300597263	0.513227776391738	0.489625206451687	-0.0236025699400509
chr20:35626381:35626567:clu_23991	0.150923689112008	0.905781316034385	0.92857656334408	0.0227952473096943
chr20:35626381:35626735:clu_23991	-0.150923689112008	0.0942186839656148	0.0714234366559203	-0.0227952473096944
chr20:35630490:35630741:clu_23993	0.402367399242037	0.4605495731745	0.43292505079682	-0.0276245223776795
chr20:35630490:35630901:clu_23993	-0.997738231669866	0.0528118544531921	0.0122407943183804	-0.0405710601348118
chr20:35630795:35630901:clu_23993	0.59537083242783	0.486638572372308	0.554834154884799	0.0681955825124914
chr20:35632025:35632163:clu_23994	0.159150633245045	0.421847670248847	0.449529127825957	0.0276814575771104
chr20:35632025:35632311:clu_23994	-0.272990743429205	0.117315752916031	0.0811487621786576	-0.0361669907373732
chr20:35632234:35632311:clu_23994	0.11384011018416	0.460836576835123	0.469322109995385	0.00848553316026279
chr20:35632923:35655202:clu_23995	-1.45930103813795	0.174174005801424	0.0342084595359294	-0.139965546265495
chr20:35632923:35664760:clu_23995	0.548203604218724	0.295092526152893	0.43147593265795	0.136383406505056
chr20:35632923:35664802:clu_23995	1.6192994546096	0.062549218815729	0.266926242815902	0.204377024000173
chr20:35658982:35664760:clu_23995	-0.275667953946216	0.114391467812116	0.0733819295410428	-0.0410095382710733
chr20:35659014:35664760:clu_23995	-0.432534066744162	0.353792781417837	0.194007435449176	-0.159785345968661
chr20:35699451:35699633:clu_23999	0.162163519300359	0.236452805443143	0.299873720493994	0.0634209150508505
chr20:35699456:35699633:clu_23999	-0.162163519300359	0.763547194556857	0.700126279506006	-0.0634209150508507
chr20:35709256:35713019:clu_24002	0.115414828586225	0.663170845059522	0.712649390676829	0.0494785456173069
chr20:35709274:35713019:clu_24002	-0.115414828586225	0.336829154940478	0.287350609323171	-0.0494785456173072
chr20:35713096:35714185:clu_24002_B	0.227873067953588	0.851495310983726	0.900440048442515	0.0489447374587889
chr20:35713857:35714185:clu_24002_B	-0.227873067953588	0.148504689016274	0.099559951557485	-0.048944737458789
chr20:35732135:35734186:clu_24003	-0.275474681675136	0.0500831674122421	0.0198154556070718	-0.0302677118051704
chr20:35732135:35738968:clu_24003	0.720874382070356	0.8667684241515	0.928804385682591	0.062035961531091
chr20:35734257:35738968:clu_24003	-1.24153263318896	0.0444722636696801	0.00669650000497205	-0.037775763664708
chr20:35735081:35738968:clu_24003	0.796132932793738	0.0386761447665777	0.0446836587053651	0.00600751393878739
chr20:35739017:35740525:clu_24004	-0.611813230408877	0.410699601790972	0.206456237852599	-0.204243363938373
chr20:35739017:35740824:clu_24004	1.22373777119227	0.18777829548008	0.591723464224846	0.403945168744766
chr20:35740597:35740824:clu_24004	-0.611924540783395	0.401522102728948	0.201820297922555	-0.199701804806393
chr20:35729365:35729462:clu_24005	0.643144984156109	0.42230402310694	0.439501230994054	0.017197207887114
chr20:35729365:35731941:clu_24005	-1.22253494882898	0.00440034440345034	0.000708870732941501	-0.00369147367050884
chr20:35729527:35731941:clu_24005	0.579389964672867	0.57329563248961	0.559789898273005	-0.0135057342166053
chr20:35772079:35774488:clu_24007	-0.366382824704016	0.627568851127795	0.604451788937297	-0.0231170621904987
chr20:35772079:35801491:clu_24007	-0.519078575567457	0.337946420986946	0.279404384601893	-0.0585420363850525
chr20:35800173:35801491:clu_24007	0.885461400271472	0.0344847278852587	0.11614382646081	0.0816590985755512
chr20:36497066:36499588:clu_24014	-0.171784851746718	0.436052702149255	0.384759285909251	-0.0512934162400039
chr20:36497066:36500199:clu_24014	0.172582681620927	0.125325022114565	0.156043196223128	0.0307181741085632
chr20:36499676:36500199:clu_24014	-0.000797829874209562	0.43862227573618	0.459197517867621	0.0205752421314407
chr20:36607818:36607890:clu_24016	-1.37891213950999	0.0545866105014935	0.061027138080773	0.00644052757927952
chr20:36607818:36609601:clu_24016	-0.943261526465985	0.185943581034109	0.321379909178195	0.135436328144086
chr20:36607818:36612010:clu_24016	6.03381317805993	4.6692193461385e-06	0.00864941735413041	0.00864474813478427
chr20:36608000:36609601:clu_24016	-2.15809189445551	0.244349221482436	0.125329806003132	-0.119019415479304
chr20:36609730:36612010:clu_24016	-1.55354761762844	0.515115917762616	0.483613729383769	-0.0315021883788463
chr20:36917049:36919364:clu_24024	1.09012269089412	0.781543669252149	0.948332142613198	0.166788473361049
chr20:36917096:36919364:clu_24024	-0.545061345489348	0.103604810398692	0.0245039296856401	-0.0791008807130522
chr20:36917215:36919364:clu_24024	-0.545061345404775	0.114851520349159	0.0271639277011619	-0.0876875926479967
chr20:36935189:36935341:clu_24026	-0.230409681182007	0.318578076088105	0.218994622034214	-0.0995834540538906
chr20:36935189:36941039:clu_24026	0.442341516705645	0.469750497373245	0.63278612240491	0.163035625031665
chr20:36935403:36941039:clu_24026	-0.211931835523638	0.21167142653865	0.148219255560876	-0.063452170977774
chr20:43458509:43459153:clu_24088	-0.277861106006222	0.167290980334416	0.128122952151236	-0.0391680281831804
chr20:43458509:43459771:clu_24088	0.556384513592205	0.234907529533071	0.414342629110606	0.179435099577535
chr20:43459420:43459771:clu_24088	-0.278523407585983	0.597801490132513	0.457534418738158	-0.140267071394355
chr20:44197739:44202961:clu_24096	-0.0294041886372164	0.562958910567228	0.553815751681299	-0.00914315888592887
chr20:44197739:44206881:clu_24096	0.0252528852922099	0.0723437651488724	0.0751669588810593	0.0028231937321869
chr20:44203074:44206881:clu_24096	0.00415130334500659	0.3646973242839	0.371017289437642	0.006319965153742
chr20:44206998:44207554:clu_24097	0.893447190863594	0.0205299992311123	0.111230822525333	0.0907008232942209
chr20:44206998:44210696:clu_24097	-0.893447190863594	0.979470000768888	0.888769177474667	-0.0907008232942209
chr20:44501300:44503815:clu_24099	0.488825033092654	0.705950420886357	0.864531275784412	0.158580854898056
chr20:44501300:44503885:clu_24099	-0.488825033092654	0.294049579113643	0.135468724215588	-0.158580854898056
chr20:44621147:44622588:clu_24105	0.466668300770565	0.417130892921767	0.447832239459809	0.0307013465380421
chr20:44621147:44622829:clu_24105	-0.98463338964663	0.121259228662669	0.0304975874820528	-0.0907616411806162
chr20:44622652:44622829:clu_24105	0.517965088876065	0.461609878415564	0.521670173058138	0.0600602946425741
chr20:44885886:44887648:clu_24108	0.384316394876365	0.0451788157621282	0.0815615359911873	0.0363827202290591
chr20:44885886:44901531:clu_24108	-0.258155417413253	0.867009766957623	0.823289506608994	-0.0437202603486282
chr20:44887742:44901531:clu_24108	-0.126160977463112	0.0878114172802493	0.0951489573998183	0.00733754011956896
chr20:44901833:44902898:clu_24109	-0.554012372457022	0.078811283882838	0.0199625450091003	-0.0588487388737377
chr20:44901833:44903993:clu_24109	1.10802475395417	0.690382464435206	0.92157526634314	0.231192801907935
chr20:44903121:44903993:clu_24109	-0.554012381497143	0.230806251681956	0.0584621886477595	-0.172344063034197
chr20:45025130:45053086:clu_24122	0.0767543468424291	0.288872522694188	0.309456458107521	0.0205839354133329
chr20:45025130:45075018:clu_24122	0.0214468324350122	0.446332273532831	0.45240964918612	0.00607737565328909
chr20:45053180:45075018:clu_24122	-0.0982011792774413	0.264795203772981	0.23813389270636	-0.0266613110666219
chr20:45416694:45418852:clu_24127	0.519354868337655	0.290892038270874	0.388951779812784	0.0980597415419104
chr20:45416694:45419295:clu_24127	-0.698809869519735	0.114830520649976	0.0454128793423697	-0.0694176413076062
chr20:45418979:45419295:clu_24127	0.17945500118208	0.59427744107915	0.565635340844846	-0.0286421002343041
chr20:45941207:45943097:clu_24141	-0.7439995389746	0.593767775652677	0.439286698337086	-0.154481077315591
chr20:45941207:45943666:clu_24141	1.48799908660646	0.0422750082765994	0.291447152579992	0.249172144303393
chr20:45943423:45943666:clu_24141	-0.743999547631863	0.363957216070723	0.269266149082922	-0.0946910669878016
chr20:45945030:45945711:clu_24143	-0.300045224680743	0.381951119150893	0.288334225974996	-0.0936168931758964
chr20:45945030:45946029:clu_24143	0.353356263222843	0.236251901371747	0.342793346214027	0.10654144484228
chr20:45945883:45946029:clu_24143	-0.0533110385420994	0.38179697947736	0.368872427810977	-0.0129245516663833
chr20:48658228:48659919:clu_24192	-0.315595472376199	0.522355572581668	0.433260208416458	-0.0890953641652099
chr20:48658228:48666283:clu_24192	0.294111284872014	0.0322869713685367	0.049272223485104	0.0169852521165674
chr20:48660061:48666283:clu_24192	0.0214841875041851	0.445357456049796	0.517467568098438	0.0721101120486425
chr20:48688804:48690947:clu_24194	-0.271862181118592	0.972148533816192	0.952974522159453	-0.0191740116567389
chr20:48688826:48690947:clu_24194	0.271862181118592	0.0278514661838078	0.0470254778405467	0.0191740116567389
chr20:48747880:48827642:clu_24197	0.698730941183515	0.765116276591846	0.929458377596571	0.164342101004725
chr20:48822029:48827642:clu_24197	-0.698730941183515	0.234883723408154	0.0705416224034289	-0.164342101004725
chr20:49230349:49231023:clu_24212	0.141059693660037	0.181008833462468	0.226635394799203	0.0456265613367345
chr20:49230349:49233306:clu_24212	-0.141059693660037	0.818991166537532	0.773364605200797	-0.0456265613367346
chr20:49278716:49279104:clu_24219	0.0915552329317088	0.924778946184226	0.936566833858706	0.0117878876744807
chr20:49278738:49279104:clu_24219	-0.0915552329317088	0.0752210538157746	0.0634331661412938	-0.0117878876744808
chr20:49279208:49280485:clu_24220	0.127321892793533	0.428764561626472	0.420677577504409	-0.00808698412206282
chr20:49279208:49289045:clu_24220	0.313924696141143	0.0455729345483454	0.053886260235574	0.00831332568722857
chr20:49280570:49280903:clu_24220	0.232370347676426	0.152391971892861	0.166078928643519	0.0136869567506584
chr20:49280570:49289045:clu_24220	0.0242369874476241	0.207248523629272	0.183422547743927	-0.0238259758853446
chr20:49280964:49281752:clu_24220	-0.605345889031728	0.0280504107306424	0.0132274500963749	-0.0148229606342675
chr20:49280964:49289045:clu_24220	0.510846051733146	0.100815410383846	0.145150932365978	0.044335521982132
chr20:49281818:49289045:clu_24220	-0.603354086760143	0.0371561871885616	0.0175563034102177	-0.019599883778344
chr20:57391818:57392654:clu_24262	-0.215467396544587	0.942032468740278	0.913506553425279	-0.0285259153149985
chr20:57392492:57392654:clu_24262	0.215467396544587	0.0579675312597224	0.0864934465747209	0.0285259153149984
chr20:57392777:57393279:clu_24263	0.218487017728175	0.291283816335032	0.282039129718402	-0.00924468661662919
chr20:57392777:57407543:clu_24263	-0.741649282467959	0.22567123197574	0.0836541156964863	-0.142017116279254
chr20:57393333:57407543:clu_24263	0.523162264739784	0.483044951689228	0.634306754585111	0.151261802895883
chr20:58652087:58659623:clu_24272	-0.0866251143053621	0.155564171229074	0.134722202316736	-0.0208419689123377
chr20:58652087:58667490:clu_24272	0.163884352026899	0.469416567965338	0.522255337033641	0.0528387690683032
chr20:58652138:58659623:clu_24272	-0.043224258480205	0.0705879590325224	0.0638423656482611	-0.00674559338426139
chr20:58652138:58667490:clu_24272	0.1785867168046	0.127883150508972	0.144385292093581	0.0165021415846098
chr20:58659634:58667490:clu_24272	-0.212621696045932	0.176548151264095	0.134794802907781	-0.0417533483563138
chr20:58668127:58669291:clu_24273	-0.0605081976992903	0.402855091659994	0.381988159410176	-0.020866932249818
chr20:58668127:58670512:clu_24273	0.0401196500376923	0.199590851724164	0.209287743048652	0.0096968913244877
chr20:58669453:58670512:clu_24273	0.020388547661598	0.397554056615842	0.408724097541172	0.0111700409253302
chr20:58670603:58671154:clu_24274	-0.1248957863943	0.457578834587338	0.441833578731107	-0.0157452558562315
chr20:58670603:58673631:clu_24274	0.236812673387451	0.0675399094136498	0.0936356549660683	0.0260957455524185
chr20:58671297:58673631:clu_24274	-0.111916886993151	0.474881255999012	0.464530766302825	-0.0103504896961868
chr20:58673711:58676187:clu_24275	-0.0767619518080195	0.710427442730423	0.695921427742896	-0.0145060149875272
chr20:58673711:58691034:clu_24275	0.0961653275276672	0.0498276825116766	0.0580246502483995	0.00819696773672295
chr20:58673711:58691724:clu_24275	-0.08171552240831	0.157860439310389	0.153873020252233	-0.00398741905815661
chr20:58691562:58691724:clu_24275	0.0623121466886622	0.0818844354475108	0.0921809017564718	0.010296466308961
chr20:58691780:58693737:clu_24276	-0.737254556796946	0.175215076388937	0.0463702439660248	-0.128844832422912
chr20:58693050:58693737:clu_24276	0.737254556796946	0.824784923611063	0.953629756033975	0.128844832422912
chr20:58701158:58705498:clu_24277	0.26356307456345	0.104900287561282	0.0803370239565542	-0.0245632636047281
chr20:58701158:58707123:clu_24277	0.746812370617314	0.708455385800616	0.879678686406906	0.17122330060629
chr20:58705569:58707123:clu_24277	-1.01037544518076	0.186644326638102	0.0399842896365401	-0.146660037001561
chr20:58889353:58895612:clu_24280	0.124678000177481	0.0401604731372537	0.0509543457869495	0.0107938726496958
chr20:58891865:58895612:clu_24280	-0.124678000177481	0.959839526862746	0.94904565421305	-0.010793872649696
chr20:58895684:58898941:clu_24280_B	0.168971520051833	0.303825822406167	0.287491336296176	-0.0163344861099912
chr20:58895684:58903531:clu_24280_B	0.175920955072856	0.341293060606655	0.32519633221356	-0.0160967283930953
chr20:58898985:58899949:clu_24280_B	-0.707315851891448	0.0267284125456121	0.0105294691157677	-0.0161989434298444
chr20:58898985:58903531:clu_24280_B	0.362423376766758	0.328152704441566	0.376782862374497	0.0486301579329309
chr20:62303049:62303568:clu_24313	0.0471929138017778	0.298894702960005	0.334107198690217	0.0352124957302122
chr20:62303049:62306197:clu_24313	0.102075289028171	0.0837413265201034	0.0988877654710804	0.015146438950977
chr20:62304577:62306197:clu_24313	-0.149268202829948	0.617363970519891	0.567005035838702	-0.0503589346811892
chr20:62308178:62308368:clu_24314	0.111058350690883	0.312467509316932	0.356261313721752	0.0437938044048206
chr20:62308178:62308655:clu_24314	0.114370373260812	0.254353923497122	0.290964921319567	0.0366109978224452
chr20:62308470:62308655:clu_24314	-0.225428723951694	0.433178567185947	0.352773764958681	-0.0804048022272658
chr20:62813200:62813261:clu_24320	-0.490994068251768	0.159643500138977	0.0873838404758446	-0.0722596596631325
chr20:62813200:62813501:clu_24320	-0.501291118638009	0.273861678120827	0.148367643760909	-0.125494034359919
chr20:62813260:62813321:clu_24320	-0.501570822214473	0.188037520407481	0.101842951384967	-0.0861945690225135
chr20:62813260:62813501:clu_24320	0.530538664945645	0.285254221972118	0.43366861894531	0.148414396973192
chr20:62813380:62813561:clu_24320	-0.499220824091457	0.0395147688273292	0.021451936250631	-0.0180628325766982
chr20:62813440:62813501:clu_24320	1.46253816825006	0.0536883105332671	0.207285009182338	0.153596698649071
chr20:63873816:63875816:clu_24364	0.147311643420306	0.390376493922103	0.413125499801939	0.0227490058798359
chr20:63873816:63882719:clu_24364	-0.347172515157607	0.198071697904165	0.127840666445343	-0.0702310314588225
chr20:63875875:63882719:clu_24364	0.199860871737301	0.411551808173732	0.459033833752719	0.0474820255789867
chr20:63931022:63931109:clu_24368	-0.116492886701073	0.231733189882893	0.183069718287794	-0.0486634715950989
chr20:63931022:63931465:clu_24368	0.274579396174929	0.572146239613145	0.668306762569032	0.0961605229558861
chr20:63931182:63931465:clu_24368	-0.158086509473856	0.196120570503962	0.148623519143175	-0.0474970513607872
chr20:64076646:64076857:clu_24382	-1.16934813493717	0.62385366378203	0.561846184760487	-0.0620074790215426
chr20:64076646:64077110:clu_24382	4.7150294124378	3.35596244404951e-05	0.0108618673949831	0.0108283077705426
chr20:64076646:64079294:clu_24382	-0.917734268760119	0.118573015135083	0.137339380244568	0.018766365109485
chr20:64076954:64079294:clu_24382	-0.324326383750075	0.11917708424362	0.249870937159655	0.130693852916035
chr20:64076954:64079873:clu_24382	-2.30362062499043	0.138362677214827	0.0400816304403069	-0.0982810467745197
chr21:15818846:15824039:clu_18246	0.166214040523148	0.332694768769497	0.285327662302358	-0.0473671064671389
chr21:15818846:15824966:clu_18246	-0.871803418712701	0.228597367760036	0.0694326716841915	-0.159164696075845
chr21:15824166:15824966:clu_18246	0.705589378189553	0.438707863470467	0.645239666013451	0.206531802542984
chr21:25729801:25734853:clu_18255	0.402719392723113	0.885549393767593	0.945396357807493	0.0598469640398999
chr21:25729801:25734989:clu_18255	-0.402719392723113	0.114450606232407	0.0546036421925069	-0.0598469640398999
chr21:25897673:25905024:clu_18260	-0.144522390276655	0.433191403258161	0.38426541835735	-0.0489259849008111
chr21:25897673:25911741:clu_18260	0.104185012248465	0.154230236121103	0.175441870444365	0.0212116343232621
chr21:25905077:25911741:clu_18260	0.0403373780281898	0.412578360620735	0.440292711198284	0.027714350577549
chr21:25982477:25997360:clu_18261	-0.0172282354852744	0.148862929211593	0.153437242865135	0.00457431365354208
chr21:25982477:26000015:clu_18261	-0.0965934154696719	0.688752766441549	0.655752148328197	-0.0330006181133526
chr21:25997416:26000015:clu_18261	0.113821650954946	0.162384304346858	0.190810608806668	0.0284263044598105
chr21:33252830:33260597:clu_18300	0.0634412328926848	0.4939616102866	0.51447762884904	0.0205160185624394
chr21:33252830:33262561:clu_18300	-0.0758944364162686	0.124951475166918	0.113214479090339	-0.0117369960765795
chr21:33260727:33262561:clu_18300	-0.0204563440277246	0.241374139081607	0.231168034437084	-0.0102061046445225
chr21:33260727:33262793:clu_18300	0.0329095475513084	0.139712775464875	0.141139857623537	0.00142708215866266
chr21:33341174:33343268:clu_18302	0.103722421387061	0.494844205830177	0.546569863812008	0.0517256579818308
chr21:33343422:33343535:clu_18302	-0.103722421387061	0.505155794169823	0.453430136187992	-0.0517256579818308
chr21:33557316:33557546:clu_18317	-0.130019724476704	0.25257064276764	0.206690937597747	-0.0458797051698938
chr21:33557316:33559230:clu_18317	0.130019724476704	0.747429357232359	0.793309062402253	0.0458797051698939
chr21:33559775:33559877:clu_18319	0.573070283017596	0.314056141127949	0.590230067382698	0.276173926254749
chr21:33559775:33567157:clu_18319	-0.573070283017596	0.685943858872051	0.409769932617302	-0.276173926254749
chr21:33569087:33572551:clu_18320	-0.240326752515435	0.11913735894076	0.0982678738367316	-0.0208694851040279
chr21:33569087:33573308:clu_18320	-0.240513997705271	0.679789559116819	0.560604735079054	-0.119184824037765
chr21:33572630:33573308:clu_18320	0.480840750220705	0.201073081942421	0.341127391084214	0.140054309141793
chr21:34799462:34834410:clu_18331	0.360500153376194	0.328819778684431	0.358162042405286	0.0293422637208553
chr21:34799462:34859474:clu_18331	-0.718588366976171	0.122106418377948	0.0452082741652501	-0.0768981442126977
chr21:34834601:34859474:clu_18331	0.358088213599977	0.549073802937622	0.596629683429464	0.0475558804918421
chr21:39345274:39345830:clu_18387	-0.00621046683337209	0.35736314923864	0.271899607198794	-0.0854635420398454
chr21:39345274:39348292:clu_18387	0.534527644177357	0.467460212759571	0.610777519214587	0.143317306455016
chr21:39345958:39348292:clu_18387	0.0340315700081316	0.114938356968295	0.0910417700368751	-0.0238965869314203
chr21:39347952:39348292:clu_18387	-0.562348747352117	0.0602382810334935	0.0262811035497435	-0.03395717748375
chr21:41377981:41380017:clu_18392	0.000882686280781499	0.399291346185847	0.384289652376845	-0.0150016938090018
chr21:41377981:41382410:clu_18392	-0.0899516037959337	0.0912889185489422	0.0802302275547242	-0.011058690994218
chr21:41380151:41382410:clu_18392	0.0890689175151523	0.509419735265211	0.535480120068431	0.0260603848032197
chr21:41382564:41390565:clu_18393	0.109416478615407	0.477156033003422	0.498886082346013	0.0217300493425914
chr21:41382564:41395587:clu_18393	-0.21635246390465	0.153372316056343	0.115773267550067	-0.0375990485062761
chr21:41390703:41395587:clu_18393	0.106935985289243	0.369471650940235	0.385340650103919	0.0158689991636846
chr21:41403343:41406744:clu_18396	0.101365130513089	0.641230764663123	0.686421098361789	0.0451903336986662
chr21:41403636:41406744:clu_18396	-0.101365130513089	0.358769235336877	0.313578901638211	-0.0451903336986663
chr21:41426263:41427206:clu_18397	-0.277769896249315	0.306421046495822	0.281005631594006	-0.025415414901816
chr21:41426263:41427755:clu_18397	0.556562590625822	0.0698870260942178	0.147617888039378	0.0777308619451601
chr21:41427304:41427755:clu_18397	-0.278792694376507	0.62369192740996	0.571376480366616	-0.0523154470433441
chr21:41430608:41432031:clu_18398	0.0213634749226232	0.0302730037848207	0.0315528106135516	0.00127980682873088
chr21:41430608:41432050:clu_18398	-0.0213634749226232	0.969726996215179	0.968447189386448	-0.00127980682873097
chr21:41441914:41442602:clu_18400	-0.372153424662939	0.0397733764747601	0.019297787310045	-0.0204755891647151
chr21:41441914:41443788:clu_18400	0.372153424662939	0.96022662352524	0.980702212689955	0.0204755891647151
chr21:41446141:41447114:clu_18401	-0.257909763938648	0.149163533492829	0.115060746344502	-0.0341027871483268
chr21:41446141:41449137:clu_18401	0.286099704828717	0.237099714003123	0.315105413628041	0.0780056996249181
chr21:41446141:41451167:clu_18401	0.058006327543557	0.054370525208436	0.0575212966734643	0.0031507714650283
chr21:41449295:41451167:clu_18401	-0.0861962684336265	0.559366227295612	0.512312543353992	-0.0470536839416196
chr21:44089933:44091923:clu_18443	-0.0863980347114137	0.394608471781488	0.416146916801855	0.0215384450203673
chr21:44089933:44094063:clu_18443	0.369927351006853	0.0746956270615814	0.124324021838624	0.0496283947770426
chr21:44092049:44094063:clu_18443	-0.283529316295439	0.530695901156931	0.459529061359521	-0.0711668397974099
chr21:44907095:44910284:clu_18466	0.328094897466819	0.863011707824658	0.913675530293703	0.0506638224690448
chr21:44908182:44910284:clu_18466	-0.261144183039394	0.090364451981514	0.0530725120618692	-0.0372919399196448
chr21:44909491:44910284:clu_18466	-0.0669507144274246	0.046623840193828	0.033251957644428	-0.0133718825494
chr21:44901584:44903365:clu_18468	-0.440187056836302	0.0462217780216842	0.0129174899633216	-0.0333042880583626
chr21:44901618:44903365:clu_18468	-0.440187055150743	0.0147103352265202	0.00411106227624598	-0.0105992729502742
chr21:44901733:44903365:clu_18468	0.880374111987046	0.939067886751796	0.982971447760432	0.0439035610086368
chr21:44910372:44910600:clu_18469	-0.278858995840994	0.0384564740746611	0.0134540682164299	-0.0250024058582311
chr21:44910372:44910725:clu_18469	0.836628781210331	0.906047533085347	0.967131059373063	0.0610835262877168
chr21:44910372:44910730:clu_18469	-0.278884897585109	0.0303512967985375	0.0106181819995413	-0.0197331147989962
chr21:44910415:44910725:clu_18469	-0.278884887784228	0.0251446960414547	0.00879669041096536	-0.0163480056304893
chr21:46635763:46636439:clu_18528	0.735848562760863	0.0647611889921979	0.162506114605478	0.09774492561328
chr21:46635763:46636896:clu_18528	-0.992566802463636	0.555644815041812	0.247577346378886	-0.308067468662926
chr21:46636547:46636896:clu_18528	0.256718239702773	0.37959399596599	0.589916539015636	0.210322543049646
chr21:46649739:46658745:clu_18532	0.268236103645102	0.613461600858459	0.672256608982684	0.0587950081242254
chr21:46649739:46663383:clu_18532	-0.391623775089348	0.101472664447232	0.0574808599536928	-0.0439918044935392
chr21:46661936:46663383:clu_18532	0.123387671444247	0.285065734694309	0.270262531063623	-0.0148032036306863
chr22:17098887:17100355:clu_6389	0.00842606601231171	0.276700281458851	0.298367134289572	0.0216668528307215
chr22:17098887:17101996:clu_6389	0.182537511706824	0.156708875492695	0.201117849462104	0.0444089739694098
chr22:17100481:17101996:clu_6389	-0.190963577719136	0.566590843048455	0.500515016248323	-0.0660758268001314
chr22:17203773:17207071:clu_6395	0.906727677450618	0.807591222386684	0.962597190404542	0.155005968017858
chr22:17203889:17207071:clu_6395	-0.906727677450618	0.192408777613316	0.0374028095954584	-0.155005968017858
chr22:17209723:17219356:clu_6396	0.702628394517763	0.747470080190891	0.923467585616665	0.175997505425774
chr22:17212578:17219356:clu_6396	-0.702628394517763	0.252529919809109	0.0765324143833354	-0.175997505425774
chr22:20052584:20053437:clu_6438	0.660243497097774	0.193608952063823	0.388252626485962	0.194643674422139
chr22:20052584:20055943:clu_6438	-0.572967091341042	0.421549506645483	0.246298064985252	-0.175251441660231
chr22:20053551:20055943:clu_6438	-0.0872764057567323	0.384841541290694	0.365449308528786	-0.0193922327619082
chr22:20126368:20126952:clu_6445	0.0807948352905057	0.588259741016496	0.626765496989488	0.0385057559729912
chr22:20126368:20126955:clu_6445	-0.0807948352905057	0.411740258983504	0.373234503010512	-0.0385057559729913
chr22:20568631:20575113:clu_6458	0.000244098081073916	0.3336121109507	0.323126212232643	-0.0104858987180564
chr22:20568631:20582611:clu_6458	-0.251570771228189	0.310507772404114	0.233798138450121	-0.0767096339539936
chr22:20575232:20582611:clu_6458	0.251326673147115	0.355880116645186	0.443075649317236	0.08719553267205
chr22:21611043:21614557:clu_6482	-0.117803300165497	0.563131497406447	0.521972597861932	-0.0411588995445156
chr22:21611043:21621515:clu_6482	0.0987625426578164	0.155389146827018	0.178859461047087	0.0234703142200693
chr22:21614665:21621515:clu_6482	0.0190407575076808	0.281479355766535	0.299167941090981	0.0176885853244463
chr22:21769320:21772649:clu_6493	-1.23537213607908	0.0427245067172479	0.00375815158672995	-0.0389663551305179
chr22:21769320:21772873:clu_6493	1.23537213607908	0.957275493282752	0.99624184841327	0.0389663551305179
chr22:23791867:23793559:clu_6529	-0.0943186094162549	0.783946095724138	0.750292914556339	-0.0336531811677989
chr22:23791894:23793559:clu_6529	0.0943186094162548	0.216053904275862	0.249707085443661	0.0336531811677989
chr22:26526267:26527606:clu_6572	-0.0535203476000918	0.117549013199508	0.0698795020226581	-0.0476695111768499
chr22:26526267:26528214:clu_6572	0.658002724058913	0.72292767175589	0.875459795217242	0.152532123461352
chr22:26527687:26528214:clu_6572	-0.604482376458822	0.159523315044602	0.0546607027600999	-0.104862612284502
chr22:26532745:26534921:clu_6573	0.0676284521311684	0.050377165553447	0.0572555872978209	0.00687842174437397
chr22:26532745:26536288:clu_6573	-0.0676284521311684	0.949622834446553	0.942744412702179	-0.00687842174437403
chr22:29287134:29288606:clu_6597	-0.111347498462643	0.50270846415203	0.463918320636951	-0.0387901435150797
chr22:29287134:29292137:clu_6597	0.0783680284883268	0.119376118658518	0.133178827444293	0.0138027087857743
chr22:29291599:29292137:clu_6597	0.0329794699743164	0.377915417189451	0.402902851918757	0.0249874347293054
chr22:29288786:29291562:clu_6597_B	-0.0493370408333427	0.41836315586452	0.394563282303971	-0.0237998735605491
chr22:29288786:29291565:clu_6597_B	0.0493370408333427	0.58163684413548	0.605436717696029	0.023799873560549
chr22:29299280:29299599:clu_6599	0.258544514879353	0.0858054602858658	0.136005424529229	0.0501999642433632
chr22:29299331:29299599:clu_6599	-0.258544514879353	0.914194539714134	0.863994575470771	-0.0501999642433634
chr22:29328895:29329712:clu_6600	-0.0303651359877092	0.331666621816214	0.326958665092484	-0.00470795672373059
chr22:29328895:29330378:clu_6600	-0.180254946425458	0.407392117810939	0.345706375422375	-0.0616857423885632
chr22:29329720:29330378:clu_6600	0.210620082413168	0.260941260372847	0.327334959485141	0.0663936991122939
chr22:29340857:29341501:clu_6604	-0.322118148631145	0.566170964432014	0.515413999963499	-0.0507569644685157
chr22:29340857:29342285:clu_6604	0.508494897471463	0.0308051103471443	0.0643520000221247	0.0335468896749804
chr22:29341760:29342285:clu_6604	-0.186376748840317	0.403023925220841	0.420234000014377	0.0172100747935353
chr22:29767548:29769678:clu_6617	0.232563129939855	0.896582093017925	0.9324494031459	0.0358673101279747
chr22:29767607:29769678:clu_6617	-0.232563129939855	0.103417906982075	0.0675505968541002	-0.0358673101279748
chr22:30020884:30022029:clu_6629	0.0144801637471583	0.245160575186354	0.248644345958512	0.00348377077215772
chr22:30020884:30022609:clu_6629	-0.108236090732643	0.385312991523041	0.345658003030266	-0.0396549884927758
chr22:30022139:30022609:clu_6629	0.0937559269854852	0.369526433290604	0.405697651011222	0.0361712177206182
chr22:30022697:30023457:clu_6630	0.429327255297899	0.194687438677603	0.356103623909217	0.161416185231613
chr22:30022697:30025630:clu_6630	-0.636339382894344	0.641776112213613	0.404397879149975	-0.237378233063639
chr22:30023483:30025630:clu_6630	0.207012127596445	0.163536449108783	0.239498496940809	0.0759620478320255
chr22:30264464:30265002:clu_6631	-0.43811280163798	0.524729772974488	0.555169712311642	0.0304399393371535
chr22:30264464:30266766:clu_6631	1.27040059588238	0.0206325554302155	0.120514976265245	0.099882420835029
chr22:30265144:30266766:clu_6631	-0.832287794244399	0.454637671595296	0.324315311423114	-0.130322360172182
chr22:30342350:30342805:clu_6638	0.500823494825093	0.902141683224413	0.961686930695215	0.0595452474708021
chr22:30342574:30342805:clu_6638	-0.500823494825093	0.0978583167755869	0.0383130693047848	-0.0595452474708021
chr22:30971779:30972924:clu_6651	0.131893952982275	0.870455148784136	0.897410423779392	0.0269552749952554
chr22:30972172:30972924:clu_6651	-0.131893952982275	0.129544851215864	0.102589576220608	-0.0269552749952554
chr22:30973587:30975170:clu_6652	-0.0792903538895548	0.334585605821402	0.30025204480174	-0.0343335610196621
chr22:30973601:30975170:clu_6652	0.0792903538895547	0.665414394178598	0.69974795519826	0.034333561019662
chr22:31283288:31289315:clu_6656	0.0805272241824643	0.393749261883796	0.422976895017766	0.0292276331339696
chr22:31283288:31289499:clu_6656	-0.0399585701884396	0.080755056919328	0.0769024726775236	-0.00385258424180442
chr22:31289393:31289499:clu_6656	-0.0405686539940246	0.525495681196876	0.50012063230471	-0.0253750488921652
chr22:31400743:31403029:clu_6664	0.441440062807686	0.614862767240223	0.689735383878849	0.0748726166386262
chr22:31400743:31411012:clu_6664	-0.680193618163451	0.0772089543669618	0.0282132205170178	-0.048995733849944
chr22:31403204:31411012:clu_6664	0.238753555355765	0.307928278392816	0.282051395604133	-0.0258768827886823
chr22:32475124:32478981:clu_6692	0.0891848236742054	0.542242169744705	0.586069929238164	0.0438277594934586
chr22:32475124:32479133:clu_6692	-0.0891848236742054	0.457757830255295	0.413930070761836	-0.0438277594934585
chr22:36861203:36864045:clu_6725	0.0882627567297402	0.493872069042731	0.540716656487456	0.0468445874447257
chr22:36861203:36864919:clu_6725	0.0141934361901155	0.0122000285085287	0.0124036136704194	0.000203585161890766
chr22:36864129:36864919:clu_6725	-0.102456192919856	0.493927902448741	0.446879729842124	-0.0470481726066164
chr22:37301019:37303254:clu_6750	-0.216937241436829	0.983714700811294	0.975088498335323	-0.00862620247597157
chr22:37302031:37303254:clu_6750	0.216937241436829	0.0162852991887058	0.0249115016646774	0.00862620247597162
chr22:37303402:37304172:clu_6750_B	-0.257305328368873	0.125281504618696	0.0606923360238363	-0.06458916859486
chr22:37303402:37309212:clu_6750_B	0.671201056031579	0.710755415748791	0.871389394218588	0.160633978469797
chr22:37304286:37309212:clu_6750_B	-0.413895727662705	0.163963079632513	0.0679182697575761	-0.0960448098749366
chr22:37470029:37472443:clu_6753	0.648564662051587	0.39665431933107	0.481709414302037	0.0850550949709675
chr22:37470029:37474512:clu_6753	-1.07405456139499	0.0900035622753299	0.0195212948844359	-0.070482267390894
chr22:37472528:37474512:clu_6753	0.425489899343408	0.5133421183936	0.498769290813527	-0.0145728275800734
chr22:37480769:37485916:clu_6755	-0.351600364177661	0.0760568064757974	0.0391517711507129	-0.0369050353250844
chr22:37480769:37485923:clu_6755	0.35160036417766	0.923943193524203	0.960848228849287	0.0369050353250844
chr22:38486440:38487873:clu_6810	-0.0529641985823717	0.283600487760088	0.262580375314579	-0.0210201124455091
chr22:38486440:38487879:clu_6810	0.0529641985823717	0.716399512239912	0.737419624685422	0.0210201124455093
chr22:38488115:38489223:clu_6811	-0.809536869183525	0.339036632861456	0.0664753733131062	-0.27256125954835
chr22:38488115:38492056:clu_6811	2.42861060789633	0.167446962033049	0.836760194528129	0.66931323249508
chr22:38489458:38492056:clu_6811	-0.809536869356404	0.160801817683663	0.0315286308971447	-0.129273186786519
chr22:38490436:38492056:clu_6811	-0.809536869356402	0.332714587421831	0.0652358012616199	-0.267478786160211
chr22:38689129:38689296:clu_6818	-0.272235470402163	0.470850552152447	0.381684946924666	-0.0891656052277813
chr22:38689129:38699803:clu_6818	0.208156036143194	0.101726388259068	0.133317436480499	0.0315910482214305
chr22:38689424:38699803:clu_6818	0.0640794342589695	0.427423059588484	0.484997616594835	0.0575745570063508
chr22:38706147:38708845:clu_6820	-0.23821568864181	0.436001001792956	0.352705943234926	-0.0832950585580307
chr22:38706147:38715907:clu_6820	0.138497554089941	0.169657198776103	0.200033192026247	0.0303759932501445
chr22:38708956:38715907:clu_6820	0.0997181345518693	0.394341799430941	0.447260864738827	0.0529190653078863
chr22:38739426:38739722:clu_6825	-1.53550776069532	0.552445153659603	0.524677769746141	-0.027767383913462
chr22:38739426:38740267:clu_6825	3.07101552139065	0.000533842975621127	0.0507697085756088	0.0502358655999877
chr22:38739943:38740267:clu_6825	-1.53550776069532	0.447021003364776	0.42455252167825	-0.0224684816865258
chr22:38750320:38750898:clu_6833	-0.176690593674683	0.425399460045882	0.449829549262292	0.0244300892164099
chr22:38750320:38751210:clu_6833	0.522785155836756	0.0301503720011956	0.0641685431847093	0.0340181711835137
chr22:38751035:38751210:clu_6833	-0.346094562162073	0.544450167952923	0.486001907552999	-0.0584482603999236
chr22:38752665:38754642:clu_6835	-0.0829686257001292	0.438969060047779	0.500525126460206	0.0615560664124271
chr22:38752665:38755763:clu_6835	-0.519935461819001	0.377184223337383	0.277826204886221	-0.0993580184511618
chr22:38754706:38754898:clu_6835	1.01112273458431	0.0272019826394038	0.0926297245828006	0.0654277419433968
chr22:38754706:38755763:clu_6835	-0.408218647065179	0.156644733975434	0.129018944070772	-0.0276257899046621
chr22:38991626:39087011:clu_6843	6.41491000948876	2.14661791689264e-06	0.444777481845478	0.444775335227561
chr22:39086567:39087011:clu_6843	-6.41491000948876	0.999997853382083	0.555222518154522	-0.444775335227561
chr22:39313310:39313634:clu_6855	-0.277136952735794	0.563103427744088	0.554989507421909	-0.00811392032217884
chr22:39313310:39314107:clu_6855	0.554273905419261	0.0112759851413044	0.0255227957085345	0.01424681056723
chr22:39313729:39314107:clu_6855	-0.277136952683468	0.425620587114608	0.419487696869557	-0.00613289024505115
chr22:39316841:39317461:clu_6856	-0.491704640265548	0.996683664445334	0.991182530023173	-0.00550113442216116
chr22:39317021:39317461:clu_6856	0.491704640265548	0.00331633555466592	0.00881746997682716	0.00550113442216124
chr22:39520751:39521354:clu_6861	-0.678984727523436	0.37322196920678	0.365304313561763	-0.00791765564501712
chr22:39520751:39521773:clu_6861	1.35802575225366	0.00325590437753724	0.0244355238024636	0.0211796194249263
chr22:39521671:39521773:clu_6861	-0.67904102473022	0.623522126415683	0.610260162635773	-0.0132619637799092
chr22:40364365:40364880:clu_6879	-0.0696245472432744	0.496816686489554	0.496898242053155	8.15555636018983e-05
chr22:40364365:40366436:clu_6879	0.218606073938794	0.0931478421493783	0.124285668649656	0.0311378265002781
chr22:40365056:40366436:clu_6879	-0.148981526695519	0.410035471361068	0.378816089297188	-0.03121938206388
chr22:40366498:40400696:clu_6880	-1.55799459101662	0.186575463825942	0.0100666807585697	-0.176508783067373
chr22:40370688:40400696:clu_6880	1.55799459101662	0.813424536174058	0.98993331924143	0.176508783067373
chr22:40400813:40401593:clu_6881	-0.305532320496549	0.411121937859895	0.344215525744233	-0.0669064121156627
chr22:40400813:40402139:clu_6881	0.648236580302906	0.132271082247474	0.287436079729027	0.155164997481553
chr22:40401675:40402139:clu_6881	-0.342704259806357	0.456606979892631	0.36834839452674	-0.0882585853658905
chr22:40407568:40407789:clu_6885	-0.0176373933304352	0.456830596629335	0.401710726354843	-0.055119870274492
chr22:40407568:40408071:clu_6885	-0.243496663565907	0.0714546157545532	0.0501301608630062	-0.021324454891547
chr22:40407843:40408071:clu_6885	0.261134056896342	0.471714787616112	0.548159112782151	0.0764443251660391
chr22:40431480:40435185:clu_6891	0.299571693101178	0.0996569966326075	0.177617564766215	0.0779605681336075
chr22:40431480:40435499:clu_6891	-0.527492499379559	0.763225081083896	0.594896392591439	-0.168328688492457
chr22:40435244:40435499:clu_6891	0.227920806278382	0.137117922283497	0.227486042642346	0.0903681203588495
chr22:41680364:41682356:clu_6927	0.644911858500781	0.101271952766159	0.121107892819682	0.0198359400535229
chr22:41680364:41688794:clu_6927	0.522969649834591	0.814776832870631	0.862507950587891	0.0477311177172596
chr22:41688327:41688794:clu_6927	-1.16788150833537	0.0839512143632094	0.0163841565924269	-0.0675670577707825
chr22:41878123:41878659:clu_6932	-0.872477427174311	0.109222114867141	0.0209659566799302	-0.0882561581872109
chr22:41878123:41880716:clu_6932	0.872477427174311	0.890777885132859	0.97903404332007	0.0882561581872107
chr22:41898781:41900330:clu_6935	0.785816296038	0.869885729331641	0.969868266820523	0.0999825374888823
chr22:41900122:41900330:clu_6935	-0.785816296038	0.130114270668359	0.0301317331794768	-0.0999825374888823
chr22:42079905:42081925:clu_6939	-0.00717260237256167	0.0683184776829692	0.067411025163457	-0.0009074525195122
chr22:42079954:42081925:clu_6939	0.00717260237256167	0.931681522317031	0.932588974836543	0.000907452519512075
chr22:42596365:42597673:clu_6953	0.0752964875321274	0.213800835470534	0.236861277821195	0.0230604423506614
chr22:42596365:42599698:clu_6953	-0.0879550378895585	0.551945134607426	0.51937536059783	-0.0325697740095958
chr22:42597737:42599698:clu_6953	0.0126585503574311	0.23425402992204	0.243763361580974	0.00950933165893439
chr22:42876333:42876888:clu_6961	0.185975059657688	0.462819150932217	0.46301797213326	0.000198821201042643
chr22:42876333:42879048:clu_6961	-0.524001934285657	0.131802183266075	0.0648291072183702	-0.0669730760477046
chr22:42877010:42879048:clu_6961	0.338026874627969	0.405378665801708	0.47215292064837	0.0667742548466619
chr22:43151604:43159210:clu_6964	0.203627006408816	0.392606678981645	0.424537812295164	0.031931133313519
chr22:43151604:43161052:clu_6964	-0.290256196588828	0.0291758457668489	0.019252689148444	-0.00992315661840488
chr22:43159420:43161052:clu_6964	0.086629190180012	0.578217475251506	0.556209498556392	-0.0220079766951142
chr22:44181185:44181742:clu_6967	0.932511418698467	0.00791918647066556	0.0490093446348293	0.0410901581641637
chr22:44181370:44181742:clu_6967	-0.932511418698467	0.992080813529334	0.950990655365171	-0.0410901581641636
chr22:44185872:44186577:clu_6969	-0.535282959961278	0.53545245682904	0.283225533073896	-0.252226923755143
chr22:44185872:44187776:clu_6969	0.535282959961278	0.46454754317096	0.716774466926104	0.252226923755143
chr22:46337944:46343262:clu_7002	-0.0651318286269624	0.371406106127038	0.350544703037046	-0.0208614030899926
chr22:46337944:46346422:clu_7002	0.115266768643642	0.273918792082825	0.309643745928591	0.0357249538457656
chr22:46343368:46346422:clu_7002	-0.05013494001668	0.354675101790137	0.339811551034363	-0.0148635507557732
chr22:50185976:50193027:clu_7030	0.418108755689944	0.339669002420423	0.43703846038979	0.0973694579693669
chr22:50186001:50193027:clu_7030	-0.563706488702674	0.168758859521564	0.0813454714786767	-0.0874133880428871
chr22:50190648:50193027:clu_7030	0.14559773301273	0.491572138058013	0.481616068131533	-0.00995606992647985
chr22:50197588:50197823:clu_7032	0.237485306873608	0.897666454472891	0.93379689851098	0.0361304440380891
chr22:50197588:50197827:clu_7032	-0.237485306873608	0.102333545527109	0.0662031014890203	-0.0361304440380892
chr22:50220015:50220251:clu_7042	-0.51667678277566	0.26290882519766	0.185381301817638	-0.0775275233800221
chr22:50220015:50222028:clu_7042	0.771162339148456	0.0848300035916234	0.216826157098847	0.131996153507224
chr22:50221874:50222028:clu_7042	-0.254485556372795	0.652261171210717	0.597792541083515	-0.0544686301272015
chr22:50246966:50247692:clu_7049	0.372890451770252	0.329616765323988	0.399152366606961	0.0695356012829723
chr22:50246966:50247890:clu_7049	-0.782633663247455	0.275894449426871	0.105204576343726	-0.170689873083145
chr22:50247776:50247890:clu_7049	0.409743211477203	0.394488785249141	0.495643057049314	0.101154271800173
chr22:50250160:50250427:clu_7051	0.141636544812633	0.411801271132212	0.434824972371591	0.0230237012393792
chr22:50250160:50250771:clu_7051	-0.322961338753646	0.186274284193569	0.123596849661264	-0.0626774345323055
chr22:50250523:50250771:clu_7051	0.181324793941013	0.401924444674219	0.441578177967146	0.0396537332929263
chr22:50250905:50250974:clu_7052	0.23794127728995	0.434314892665078	0.55270715965901	0.118392266993932
chr22:50250905:50251102:clu_7052	-0.23794127728995	0.565685107334922	0.44729284034099	-0.118392266993932
chr22:50436452:50436988:clu_7063	-0.0949518243149026	0.346966641951209	0.337261185764264	-0.00970545618694457
chr22:50436452:50437506:clu_7063	0.280455102336119	0.157357044089336	0.222639380715466	0.0652823366261303
chr22:50437068:50437506:clu_7063	-0.185503278021216	0.495676313959455	0.44009943352027	-0.0555768804391857
chr22:50456673:50457034:clu_7071	0.120239013543635	0.279499513539667	0.276834279287675	-0.00266523425199194
chr22:50456673:50459255:clu_7071	-0.693574853515593	0.356939983275852	0.156674795650397	-0.200265187625455
chr22:50457111:50459255:clu_7071	0.573335839971959	0.363560503184481	0.566490925061928	0.202930421877447
chr22:50504984:50505057:clu_7079	0.29384732678067	0.426769566624505	0.438446623167806	0.0116770565433009
chr22:50504984:50505403:clu_7079	-0.43448317225128	0.0364076928954695	0.0180553757164531	-0.0183523171790164
chr22:50505317:50505403:clu_7079	-0.175446977825257	0.0500447573274009	0.0321565870453331	-0.0178881702820677
chr22:50505334:50505403:clu_7079	0.316082823295866	0.486777983152624	0.511341414070408	0.0245634309177832
chr22:50506213:50506285:clu_7080	-0.0995744247425607	0.89027308979488	0.869254670700453	-0.0210184190944271
chr22:50506213:50506370:clu_7080	0.0995744247425607	0.10972691020512	0.130745329299547	0.0210184190944271
chr22:50524424:50525472:clu_7086	-0.989347882592124	0.0141419427576389	0.00421434749109834	-0.00992759526654058
chr22:50524424:50526246:clu_7086	-0.613569598207062	0.0267577685385588	0.0116109992008829	-0.0151467693376759
chr22:50524424:50529904:clu_7086	0.799174775531185	0.00597798809440329	0.0106542242639311	0.00467623616952785
chr22:50526141:50526246:clu_7086	0.0511440207100562	0.131985418950803	0.11133382103936	-0.0206515979114437
chr22:50526738:50527165:clu_7086	0.231691701545023	0.121820848941952	0.123093081082231	0.00127223214027945
chr22:50526738:50529904:clu_7086	-0.536585128675072	0.0060221338161877	0.00282230558021487	-0.00319982823597283
chr22:50527283:50527588:clu_7086	0.376183601587476	0.158713516485062	0.185301088164645	0.0265875716795836
chr22:50527283:50529904:clu_7086	0.227140305198453	0.00605419044822908	0.00608963766807864	3.54472198495588e-05
chr22:50527717:50528512:clu_7086	0.0496077701724266	0.227467703924435	0.191581565588684	-0.0358861383357512
chr22:50527717:50529904:clu_7086	0.391108573786097	0.00588284376860188	0.00697161191743673	0.00108876814883486
chr22:50529338:50529496:clu_7086	0.586650330084811	0.148377633787088	0.213814441681191	0.0654368078941029
chr22:50529338:50529904:clu_7086	-0.931403562622379	0.0187775523898709	0.00592959659088547	-0.0128479557989854
chr22:50529719:50529904:clu_7086	0.225641569234103	0.105683494460847	0.106143070475882	0.000459576015035268
chr22:50529731:50529904:clu_7086	0.132563524247005	0.022336963636322	0.0204402092554781	-0.00189675438084391
chr22:50579802:50579974:clu_7096	0.0293405840467661	0.165277079996771	0.173532551797701	0.00825547180092936
chr22:50579830:50579974:clu_7096	-0.0293405840467661	0.834722920003229	0.826467448202299	-0.00825547180092945
chr3:15430007:15432087:clu_10013	0.420009538556742	0.367236544374037	0.438177136391041	0.0709405920170049
chr3:15430007:15434348:clu_10013	-0.895465259628413	0.251024803460604	0.0803742642642029	-0.170650539196401
chr3:15432223:15434348:clu_10013	0.475455721071672	0.38173865216536	0.481448599344756	0.0997099471793961
chr3:20126113:20127423:clu_10054	-0.0438525643260212	0.533581988106456	0.535918450226843	0.00233646212038674
chr3:20126113:20136942:clu_10054	0.145781309187272	0.0827831180758274	0.10050699146856	0.0177238733927329
chr3:20127549:20136942:clu_10054	-0.101928744861251	0.383634893817717	0.363574558304597	-0.0200603355131196
chr3:23917173:23917850:clu_10056	0.0102611010151441	0.92719711056603	0.93914140455291	0.0119442939868799
chr3:23917239:23917850:clu_10056	-0.25798570782864	0.0640392541541841	0.0496029007748112	-0.0144363533793729
chr3:23917295:23917850:clu_10056	0.247724606813496	0.00876363527978553	0.0112556946722784	0.00249205939249289
chr3:23954803:23956037:clu_10058	0.0235893787779357	0.375992221811971	0.391030004395424	0.0150377825834528
chr3:23954803:23959671:clu_10058	0.0368044900834349	0.125820838680073	0.132593748257165	0.00677290957709242
chr3:23956125:23959671:clu_10058	-0.0603938688613706	0.498186939507956	0.476376247347411	-0.0218106921605454
chr3:23965162:23967813:clu_10060	-0.155289053324115	0.334807303481451	0.286004730611449	-0.0488025728700027
chr3:23965162:23977223:clu_10060	0.09150561103463	0.220476930923098	0.241058810466494	0.0205818795433963
chr3:23968023:23977223:clu_10060	0.0637834422894856	0.444715765595451	0.472936458922057	0.0282206933266063
chr3:25601225:25604760:clu_10061	-0.000101372385341563	0.58071022298053	0.572189568090829	-0.00852065488970166
chr3:25601225:25606043:clu_10061	-0.0558367229990103	0.0829352309956799	0.077288337850024	-0.00564689314565585
chr3:25604870:25606043:clu_10061	0.0559380953843519	0.33635454602379	0.350522094059147	0.0141675480353576
chr3:30606977:30623199:clu_10080	0.0591531946591219	0.249414556140981	0.264447676796659	0.0150331206556772
chr3:30606977:30644747:clu_10080	-0.176149434439392	0.377181220863936	0.316065715071773	-0.0611155057921632
chr3:30623273:30644747:clu_10080	0.11699623978027	0.373404222995083	0.419486608131569	0.0460823851364858
chr3:32392065:32403032:clu_10093	-0.580936027525076	0.158857992925648	0.0557969579583653	-0.103061034967283
chr3:32392065:32441840:clu_10093	0.580936027525076	0.841142007074352	0.944203042041635	0.103061034967283
chr3:32442013:32449454:clu_10093_B	0.0580026962150032	0.50378480702212	0.475802920290586	-0.0279818867315344
chr3:32442013:32452392:clu_10093_B	-0.267370059779021	0.0505076154428579	0.0344533384046631	-0.0160542770381948
chr3:32449552:32452392:clu_10093_B	0.209367363564018	0.445707577535022	0.489743741304751	0.0440361637697292
chr3:33396280:33396445:clu_10104	0.146150657075016	0.211103533421662	0.270928171573332	0.0598246381516701
chr3:33396280:33397045:clu_10104	-0.336819415584455	0.599024501560335	0.474298785409659	-0.124725716150676
chr3:33396516:33397045:clu_10104	0.190668758509439	0.189871965018003	0.254773043017009	0.0649010779990056
chr3:33402904:33408690:clu_10105	-0.310442214398212	0.409080162992291	0.305285624041542	-0.10379453895075
chr3:33402904:33409236:clu_10105	0.202314237668539	0.218780433914276	0.272642597381623	0.0538621634673469
chr3:33408797:33409236:clu_10105	0.108127976729673	0.372139403093433	0.422071778576836	0.049932375483403
chr3:38125881:38126162:clu_10147	-0.359671142224357	0.624746103792233	0.490994313635908	-0.133751790156325
chr3:38125881:38126510:clu_10147	0.128475510044996	0.16950482624433	0.217047292019919	0.0475424657755894
chr3:38126341:38126510:clu_10147	0.231195632179361	0.205749069963437	0.291958394344173	0.0862093243807358
chr3:38129388:38131596:clu_10148	0.482090248299261	0.357799520833069	0.461285570146679	0.10348604931361
chr3:38129388:38131926:clu_10148	-0.903915256818647	0.270135902977508	0.0870919231654124	-0.183043979812095
chr3:38131638:38131926:clu_10148	0.421825008519387	0.372064576189424	0.451622506687909	0.0795579304984854
chr3:38139028:38139864:clu_10150	-0.606985517063145	0.451392403176056	0.329262434745348	-0.122129968430708
chr3:38139028:38140388:clu_10150	-0.685025981358274	0.0406420352291627	0.0274202142899502	-0.0132218209392125
chr3:38139028:38140757:clu_10150	1.4060313120127	0.00549796662998378	0.0300214828785394	0.0245235162485556
chr3:38139998:38140388:clu_10150	-0.364791408179735	0.284486729686681	0.264382994621989	-0.0201037350646927
chr3:38139998:38140757:clu_10150	-0.0371601183334839	0.025269097811918	0.0325873993149441	0.00731830150302619
chr3:38140549:38140757:clu_10150	0.0525629896306884	0.0355405604671123	0.0501360931744293	0.014595532707317
chr3:38140568:38140757:clu_10150	0.235368723291244	0.157171206999086	0.2661893809748	0.109018173975714
chr3:39144451:39144919:clu_10168	-0.296109661642154	0.0365365859555609	0.0205437718790897	-0.0159928140764712
chr3:39144451:39144997:clu_10168	0.296109661642154	0.963463414044439	0.97945622812091	0.0159928140764712
chr3:40457363:40457890:clu_10176	0.23165475376434	0.948746546418275	0.967126682859416	0.0183801364411406
chr3:40457474:40457890:clu_10176	-0.23165475376434	0.0512534535817249	0.0328733171405844	-0.0183801364411405
chr3:41225861:41227208:clu_10182	-0.39291850087246	0.472951316855836	0.407646130962681	-0.065305185893155
chr3:41225861:41233341:clu_10182	0.670498437501784	0.0539838660019759	0.134761853906532	0.080777987904556
chr3:41227352:41233341:clu_10182	-0.277579936629323	0.473064817142188	0.457592015130787	-0.0154728020114009
chr3:41239354:41239660:clu_10183	-0.621889226655279	0.890683591242031	0.701398079921104	-0.189285511320927
chr3:41239354:41239819:clu_10183	0.621889226655279	0.109316408757969	0.298601920078896	0.189285511320927
chr3:42530912:42531471:clu_10192	-0.113478127872175	0.464598501390493	0.408831114484168	-0.0557673869063255
chr3:42530932:42531471:clu_10192	0.113478127872175	0.535401498609507	0.591168885515832	0.0557673869063257
chr3:42643395:42643899:clu_10203	0.157360191198267	0.428970512223845	0.507166437258819	0.0781959250349741
chr3:42643395:42643902:clu_10203	-0.157360191198267	0.571029487776155	0.492833562741181	-0.0781959250349741
chr3:45738873:45739587:clu_10237	-0.091981611771287	0.439112773953563	0.435833989421539	-0.00327878453202385
chr3:45738873:45743533:clu_10237	0.194396583381199	0.0390219332700318	0.0515734610277489	0.0125515277577171
chr3:45739644:45743533:clu_10237	-0.102414971609912	0.521865292776405	0.512592549550712	-0.00927274322569327
chr3:46991946:46992475:clu_10253	0.106614963401465	0.161563942550161	0.212641355384478	0.0510774128343166
chr3:46991946:46993937:clu_10253	-0.414316939826472	0.679030737225344	0.530829282304597	-0.148201454920747
chr3:46992555:46993937:clu_10253	0.307701976425007	0.159405320224494	0.256529362310925	0.0971240420864302
chr3:46999117:46999270:clu_10258	-0.197016872512712	0.20856535353978	0.150891157489183	-0.0576741960505969
chr3:46999117:46999315:clu_10258	0.197016872512712	0.79143464646022	0.849108842510817	0.0576741960505969
chr3:47002520:47002645:clu_10259	0.0895655633614379	0.864311878643145	0.883983479402411	0.0196716007592658
chr3:47002534:47002645:clu_10259	-0.0895655633614379	0.135688121356855	0.116016520597589	-0.0196716007592658
chr3:47006449:47007066:clu_10265	0.192696356729979	0.459513165443854	0.481122093943378	0.0216089284995242
chr3:47006449:47007525:clu_10265	-0.407190296074669	0.120094446147925	0.0690164795436399	-0.0510779666042853
chr3:47007350:47007525:clu_10265	0.21449393934469	0.420392388408221	0.449861426512982	0.0294690381047611
chr3:48469843:48473010:clu_10308	-0.541344940157015	0.683531404618263	0.422470161117381	-0.261061243500882
chr3:48469843:48479177:clu_10308	0.541344940157015	0.316468595381737	0.577529838882619	0.261061243500882
chr3:48600151:48600482:clu_10318	0.45480485662932	0.451608410486233	0.470989456093248	0.0193810456070158
chr3:48600151:48600680:clu_10318	-0.975186913160605	0.0945327053289027	0.023593573005555	-0.0709391323233478
chr3:48600567:48600680:clu_10318	0.520382056531285	0.453858884184865	0.505416970901197	0.0515580867163318
chr3:48695418:48717157:clu_10332	-0.0802548170407701	0.354706072376806	0.318879473992664	-0.0358265983841415
chr3:48695421:48717157:clu_10332	0.0802548170407701	0.645293927623194	0.681120526007336	0.0358265983841414
chr3:48922811:48924718:clu_10337	-0.181737029463691	0.410366231130821	0.332902392964793	-0.0774638381660273
chr3:48922811:48927462:clu_10337	0.344025125442735	0.328983152741226	0.451496681113746	0.12251352837252
chr3:48924839:48927462:clu_10337	-0.162288095979044	0.260650616127953	0.215600925921461	-0.0450496902064925
chr3:48927813:48933566:clu_10338	0.523222963594514	0.342845641010482	0.489397203853562	0.14655156284308
chr3:48927813:48945136:clu_10338	-0.914054783679691	0.341410586940923	0.115781198588078	-0.225629388352844
chr3:48927813:48961612:clu_10338	0.390831820085177	0.315743772048595	0.39482159755836	0.0790778255097644
chr3:49022768:49022876:clu_10347	0.191977501613857	0.829218117140785	0.876970698374854	0.0477525812340699
chr3:49022768:49022878:clu_10347	-0.191977501613857	0.170781882859216	0.123029301625146	-0.04775258123407
chr3:49077038:49092397:clu_10353	-0.0765497150647489	0.164062347010211	0.154491670004868	-0.00957067700534275
chr3:49077038:49093912:clu_10353	-0.0318385672562911	0.685220608584344	0.674752292421776	-0.0104683161625685
chr3:49092456:49093912:clu_10353	0.10838828232104	0.150717044405445	0.170756037573357	0.0200389931679112
chr3:49101441:49101620:clu_10358	0.0342802625175966	0.505576164775303	0.538819758494457	0.0332435937191542
chr3:49101441:49101828:clu_10358	0.075118622803252	0.0254894078848172	0.0282977915636419	0.00280838367882472
chr3:49101705:49101828:clu_10358	-0.109398885320849	0.46893442733988	0.432882449941901	-0.0360519773979789
chr3:49298635:49300467:clu_10376	-0.22283394926074	0.479019788061472	0.424126372017243	-0.0548934160442284
chr3:49298635:49302384:clu_10376	0.264804665767656	0.0607650454550615	0.0876141819006642	0.0268491364456027
chr3:49300691:49302384:clu_10376	-0.0419707165069159	0.460215166483467	0.488259446082092	0.0280442795986257
chr3:49310737:49311514:clu_10378	-0.0553922597266885	0.434589228908029	0.408453865708654	-0.0261353631993759
chr3:49310737:49324702:clu_10378	0.168960110481397	0.311467758958619	0.366363455703214	0.0548956967445952
chr3:49311654:49324702:clu_10378	-0.113567850754709	0.253943012133352	0.225182678588133	-0.0287603335452194
chr3:49357747:49358027:clu_10380	0.112531932072161	0.973865891382735	0.979022335184799	0.00515644380206426
chr3:49357747:49358165:clu_10380	-0.112531932072161	0.026134108617265	0.0209776648152006	-0.00515644380206441
chr3:49360382:49375434:clu_10381	-0.985019961300002	0.133366127661874	0.0210092714971703	-0.112356856164703
chr3:49368548:49375434:clu_10381	0.985019961300002	0.866633872338126	0.97899072850283	0.112356856164703
chr3:49674621:49675183:clu_10383	0.568896543702967	0.364994396098266	0.494840687406019	0.129846291307753
chr3:49674621:49675694:clu_10383	-0.927622877068301	0.242153936327087	0.0735090163788938	-0.168644919948193
chr3:49675309:49675694:clu_10383	0.358726333365334	0.392851667574647	0.431650296215087	0.0387986286404404
chr3:49676219:49676378:clu_10384	0.542365346405002	0.430017846713043	0.52309606656172	0.0930782198486765
chr3:49676219:49676609:clu_10384	-0.869282006344071	0.119947390019285	0.0355643700879122	-0.0843830199313727
chr3:49676515:49676609:clu_10384	0.32691665993907	0.450034763267672	0.441339563350368	-0.00869519991730378
chr3:49809159:49809390:clu_10401	0.0650197575009889	0.48768070833755	0.513981534137454	0.0263008257999042
chr3:49809159:49809542:clu_10401	-0.0133221029268222	0.151330554402905	0.147473886479102	-0.00385666792380368
chr3:49809464:49809542:clu_10401	-0.0516976545741666	0.360988737259545	0.338544579383444	-0.0224441578761004
chr3:49810532:49810752:clu_10402	-0.628597836213943	0.0887115712113595	0.0269444248453997	-0.0617671463659598
chr3:49810672:49810752:clu_10402	0.628597836213943	0.91128842878864	0.9730555751546	0.0617671463659599
chr3:49812543:49812648:clu_10404	0.230776029271327	0.463085474032849	0.437749937348297	-0.0253355366845521
chr3:49812543:49813062:clu_10404	-0.679709234621447	0.0867708632836766	0.0330004701000077	-0.0537703931836688
chr3:49812738:49813062:clu_10404	0.44893320535012	0.450143662683474	0.529249592551695	0.079105929868221
chr3:49962685:49967470:clu_10408	0.133799413527259	0.331872174343209	0.349438541776939	0.0175663674337299
chr3:49962685:50048245:clu_10408	0.55776899126327	0.0538163554665455	0.086584847228983	0.0327684917624376
chr3:49975392:49999440:clu_10408	0.0978946357974889	0.224881318013461	0.228433658218435	0.00355234020497397
chr3:49975392:50048245:clu_10408	-0.0171541726905465	0.11880693061642	0.107568083273148	-0.0112388473432719
chr3:49999513:50048245:clu_10408	-0.0343871358413487	0.242013873499179	0.215376212811319	-0.02663766068786
chr3:50047326:50048245:clu_10408	-0.737921732056121	0.0286093480611849	0.0125986566911755	-0.0160106913700094
chr3:50061547:50061962:clu_10410	0.346446771963744	0.752257310777995	0.858584327154102	0.106327016376107
chr3:50061748:50061962:clu_10410	-0.346446771963744	0.247742689222005	0.141415672845898	-0.106327016376107
chr3:50090451:50092043:clu_10413	-0.190306997450575	0.418542022224208	0.366122286709334	-0.0524197355148739
chr3:50090451:50093720:clu_10413	0.182334875891005	0.0674247669238163	0.0856136200661562	0.0181888531423398
chr3:50092208:50093720:clu_10413	0.00797212155957058	0.514033210851975	0.548264093224509	0.034230882372534
chr3:50100051:50100532:clu_10414	-0.225159714038147	0.274866638290637	0.210273091646403	-0.0645935466442349
chr3:50100051:50103083:clu_10414	0.195180519317666	0.415959388686966	0.484466826498693	0.0685074378117274
chr3:50100605:50103083:clu_10414	0.0299791947204816	0.309173973022397	0.305260081854904	-0.00391389116749247
chr3:50103166:50104248:clu_10415	0.0752541301206554	0.486080583542282	0.51636016594976	0.0302795824074785
chr3:50103166:50105077:clu_10415	-0.024655083470425	0.0920580820085238	0.0884945164028059	-0.00356356560571788
chr3:50104308:50105077:clu_10415	-0.0505990466502303	0.421861334449194	0.395145317647434	-0.0267160168017606
chr3:50109688:50110379:clu_10417	-0.159429434810897	0.365819481976452	0.337653524261069	-0.028165957715383
chr3:50109688:50110679:clu_10417	0.491129496919625	0.170975647812458	0.30246342713705	0.131487779324593
chr3:50110463:50110679:clu_10417	-0.331700062108729	0.46320487021109	0.359883048601881	-0.10332182160921
chr3:50332154:50336760:clu_10427	1.29495294098006	0.116382529469139	0.387128922592215	0.270746393123077
chr3:50332154:50337173:clu_10427	-1.80760289817679	0.533140629467759	0.0796868622886388	-0.45345376717912
chr3:50332154:50337905:clu_10427	0.512649957196737	0.350476841063102	0.533184215119146	0.182707374056044
chr3:50351560:50352009:clu_10434	0.467073227153338	0.365599256468065	0.480447873370677	0.114848616902612
chr3:50351560:50353241:clu_10434	-0.728787068765197	0.236899260467466	0.0941562490340791	-0.142743011433387
chr3:50352046:50353241:clu_10434	0.261713841611859	0.397501483064469	0.425395877595244	0.0278943945307745
chr3:50642332:50644409:clu_10447	0.210581075547091	0.489412314199544	0.521914621423093	0.0325023072235489
chr3:50642332:50645710:clu_10447	-0.418949809807324	0.131513081410284	0.0747294412660455	-0.0567836401442382
chr3:50644532:50645710:clu_10447	0.208368734260233	0.379074604390172	0.403355937310862	0.0242813329206895
chr3:52246812:52246974:clu_10473	-0.119769305321469	0.479916010536625	0.436439231417807	-0.0434767791188183
chr3:52246812:52247682:clu_10473	0.0675456855311292	0.109782822495718	0.12040452332738	0.0106217008316618
chr3:52247228:52247682:clu_10473	0.0522236197903398	0.410301166967656	0.443156245254813	0.0328550782871566
chr3:52249322:52249645:clu_10475	-0.156070641652224	0.121435934052511	0.0918674740280675	-0.0295684600244435
chr3:52249322:52249670:clu_10475	0.156070641652224	0.878564065947489	0.908132525971933	0.0295684600244436
chr3:52478282:52478373:clu_10497	-0.144049501945951	0.162157250700001	0.126710419239395	-0.0354468314606061
chr3:52478282:52478449:clu_10497	0.144049501945951	0.837842749299999	0.873289580760605	0.0354468314606062
chr3:53185700:53185927:clu_10549	0.139997904841338	0.488807623215199	0.521364262336007	0.0325566391208076
chr3:53185700:53186167:clu_10549	-0.227290828148832	0.141380065322757	0.104443158298279	-0.0369369070244778
chr3:53186027:53186167:clu_10549	0.0872929233074938	0.369812311462044	0.374192579365714	0.00438026790367019
chr3:53231550:53232739:clu_10555	-0.620492006591615	0.0204959162627726	0.00601297355780597	-0.0144829427049667
chr3:53231550:53233156:clu_10555	0.620492006591615	0.979504083737227	0.993987026442194	0.0144829427049666
chr3:53235174:53237797:clu_10556	-0.380112662339391	0.0504419404385466	0.0170001102130795	-0.0334418302254672
chr3:53235174:53240251:clu_10556	0.76018796899062	0.924540549511985	0.974568090532432	0.0500275410204467
chr3:53237921:53240251:clu_10556	-0.38007530665123	0.0250175100494682	0.00843179925448857	-0.0165857107949796
chr3:53886934:53888393:clu_10565	-0.214531080592976	0.502110362711445	0.465636373750162	-0.0364739889612832
chr3:53886934:53891770:clu_10565	0.330803881443872	0.0432929140124612	0.069262872280052	0.0259699582675908
chr3:53888483:53891770:clu_10565	-0.116272800850896	0.454596723276094	0.465100753969786	0.0105040306936925
chr3:57672438:57679487:clu_10591	0.12147177299279	0.257481610421865	0.286136846822421	0.0286552364005557
chr3:57672438:57692782:clu_10591	-0.326991399243154	0.367980828496324	0.261148588037685	-0.106832240458639
chr3:57679725:57692782:clu_10591	0.205519626250363	0.37453756108181	0.452714565139894	0.0781770040580837
chr3:69062141:69062982:clu_10636	0.335417211009059	0.114517583947163	0.201882530640251	0.0873649466930887
chr3:69062179:69062982:clu_10636	-0.335417211009059	0.885482416052837	0.798117469359749	-0.0873649466930887
chr3:69068008:69071535:clu_10637	0.112195691782534	0.459870721987463	0.434538699210762	-0.0253320227767013
chr3:69068008:69075430:clu_10637	-0.406823352728321	0.0823119410304739	0.0462858704262592	-0.0360260706042147
chr3:69071617:69075430:clu_10637	0.294627660945787	0.457817336982063	0.519175430362979	0.061358093380916
chr3:69077918:69080112:clu_10638	0.0162782984797474	0.399765408136877	0.425412496446482	0.0256470883096055
chr3:69077918:69080334:clu_10638	0.153373613190449	0.131246128900453	0.160188477181665	0.028942348281212
chr3:69080153:69080334:clu_10638	-0.169651911670196	0.468988462962671	0.414399026371853	-0.0545894365908176
chr3:88055999:88057191:clu_10665	-0.13897661557536	0.168741921210795	0.127802057545938	-0.0409398636648565
chr3:88055999:88058019:clu_10665	0.282728946817245	0.61266542293165	0.707428619916181	0.0947631969845314
chr3:88057292:88058019:clu_10665	-0.143752331241885	0.218592655857555	0.16476932253788	-0.0538233333196748
chr3:101574279:101579589:clu_10700	-1.51263236692383	0.051259138355002	0.0092296009146059	-0.0420295374403961
chr3:101574279:101579790:clu_10700	0.354821171337342	0.149300458390657	0.173979279937318	0.0246788215466614
chr3:101574279:101579842:clu_10700	-0.109346794730796	0.190141932636376	0.139292811860271	-0.0508491207761055
chr3:101574279:101585437:clu_10700	1.01687523248891	0.0313825980650683	0.07090089346258	0.0395182953975117
chr3:101580004:101585437:clu_10700	0.250282757828372	0.577915872552897	0.606597413825225	0.0286815412723286
chr3:101855902:101857073:clu_10711	-0.269016415920894	0.400112526767659	0.417629781566857	0.0175172547991978
chr3:101855902:101857292:clu_10711	0.665678451844181	0.0179700141909093	0.0477628854955798	0.0297928713046705
chr3:101857183:101857292:clu_10711	-0.396662035923286	0.581917459041431	0.534607332937563	-0.0473101261038684
chr3:108047292:108049619:clu_10723	-0.563007513872997	0.225243524966827	0.119731353392681	-0.105512171574146
chr3:108047292:108050578:clu_10723	0.58084022774397	0.0594761977646471	0.0992351511548173	0.0397589533901702
chr3:108047292:108051939:clu_10723	1.10851213615661	0.174555094795881	0.493650823681558	0.319095728885677
chr3:108049651:108050578:clu_10723	-0.563172615781898	0.186070766044074	0.0988921955848903	-0.0871785704591834
chr3:108050602:108051939:clu_10723	-0.563172234245688	0.354654416428571	0.188490476186054	-0.166163940242517
chr3:108051970:108054253:clu_10723_B	-1.40647056393788	0.171878773260935	0.0123056928082457	-0.159573080452689
chr3:108051970:108057477:clu_10723_B	1.40647056393788	0.828121226739065	0.987694307191754	0.159573080452689
chr3:113724092:113745942:clu_10768	0.182260216021013	0.229497349176179	0.300140020684139	0.0706426715079604
chr3:113724095:113745942:clu_10768	-0.182260216021013	0.770502650823821	0.699859979315861	-0.0706426715079606
chr3:121781874:121788284:clu_10818	0.504695607423187	0.333418446768521	0.485521351460175	0.152102904691654
chr3:121781874:121790073:clu_10818	-0.80061154362328	0.347236798675404	0.13707452830258	-0.210162270372824
chr3:121788432:121790073:clu_10818	0.295915936200093	0.319344754556075	0.377404120237245	0.0580593656811701
chr3:127673081:127674345:clu_10882	0.00309917841048299	0.12766540285666	0.128357289501206	0.000691886644546086
chr3:127673081:127674391:clu_10882	-0.00309917841048299	0.87233459714334	0.871642710498794	-0.000691886644545892
chr3:127674418:127674545:clu_10884	-0.0584792683591344	0.332761664030669	0.307319839935732	-0.0254418240949366
chr3:127674453:127674545:clu_10884	0.0584792683591343	0.667238335969331	0.692680160064268	0.0254418240949366
chr3:127676581:127676967:clu_10885	-0.0504327398083462	0.54999041440765	0.516646703214959	-0.0333437111926911
chr3:127676581:127677168:clu_10885	0.0537214969512231	0.0333997269628788	0.0348189017750075	0.00141917481212873
chr3:127677070:127677168:clu_10885	-0.101377371907465	0.0278101670484521	0.0248265954251445	-0.00298357162330763
chr3:127677083:127677168:clu_10885	0.098088614764588	0.388799691581019	0.423707799584889	0.03490810800387
chr3:127677563:127677676:clu_10886	-8.26441771604359	0.999999998162309	0.97303605106971	-0.0269639470925985
chr3:127677563:127677696:clu_10886	8.26441771604359	1.83769123297332e-09	0.0269639489302897	0.0269639470925985
chr3:127677843:127679573:clu_10886_B	0.203972056205656	0.0710833690134407	0.0628563058467947	-0.00822706316664597
chr3:127677843:127679985:clu_10886_B	0.460229031901432	0.767934500979784	0.877396747778377	0.109462246798593
chr3:127679679:127679985:clu_10886_B	-0.664201088107089	0.160982130006775	0.0597469463748284	-0.101235183631947
chr3:129171508:129171634:clu_10899	-0.130930113139589	0.0375831041414747	0.0322680772083882	-0.00531502693308655
chr3:129171538:129171634:clu_10899	0.157921385720967	0.263127688329247	0.301573795829094	0.038446107499847
chr3:129171538:129171655:clu_10899	-0.0269912725813773	0.699289207529279	0.666158126962518	-0.0331310805667604
chr3:129434136:129436443:clu_10910	-0.196177411590381	0.198749540583157	0.143504464039546	-0.0552450765436111
chr3:129434136:129436461:clu_10910	0.196177411590381	0.801250459416843	0.856495535960454	0.055245076543611
chr3:133586722:133587159:clu_10952	-0.00728318444211019	0.307187953156244	0.324948638054203	0.017760684897959
chr3:133586722:133587896:clu_10952	-0.149822271376108	0.572817155161321	0.525439379276553	-0.0473777758847681
chr3:133586722:133588353:clu_10952	0.157105455818218	0.119994891682435	0.149611982669244	0.0296170909868092
chr3:134482931:134485320:clu_10962	-0.894075912166646	0.57904912526704	0.187051976989737	-0.391997148277304
chr3:134482931:134485952:clu_10962	0.894075912166646	0.42095087473296	0.812948023010263	0.391997148277304
chr3:143053794:143054943:clu_11035	0.0266442888987696	0.5071284181748	0.532046278432494	0.0249178602576938
chr3:143053794:143056312:clu_11035	0.124493756031267	0.125879353918384	0.145640261682856	0.0197609077644727
chr3:143055119:143056312:clu_11035	-0.151138044930037	0.366992227906817	0.32231345988465	-0.0446787680221665
chr3:146517167:146521544:clu_11038	-0.0113379845785506	0.436325090954995	0.437617410412275	0.00129231945727948
chr3:146517167:146525605:clu_11038	0.0914994491495777	0.197552724841336	0.219598393304809	0.0220456684634734
chr3:146522053:146525605:clu_11038	-0.080161464571027	0.366122184203669	0.342784196282916	-0.0233379879207529
chr3:149895560:149902072:clu_11053	0.379006592685169	0.795021980397779	0.892206494978335	0.0971845145805561
chr3:149895570:149902072:clu_11053	-0.379006592685169	0.204978019602221	0.107793505021665	-0.097184514580556
chr3:150544498:150545703:clu_11055	0.0407164009067294	0.396277474982875	0.377139048221497	-0.0191384267613782
chr3:150544498:150546052:clu_11055	-0.184023633024485	0.0468087214341244	0.0355816051268604	-0.011227116307264
chr3:150545778:150546052:clu_11055	0.143307232117755	0.556913803583001	0.587279346651643	0.0303655430686423
chr3:150603499:150618709:clu_11060	-0.546239079238697	0.179567814518939	0.0514002062552079	-0.128167608263731
chr3:150603499:150622385:clu_11060	1.0924821037772	0.601054666562055	0.88580454692903	0.284749880366976
chr3:150618928:150622385:clu_11060	-0.5462430245385	0.219377518919006	0.0627952468157617	-0.156582272103244
chr3:152244440:152299405:clu_11067	-0.399820602329792	0.0726305034694137	0.0622689264554831	-0.0103615770139306
chr3:152269092:152299405:clu_11067	-0.2163047090973	0.805650336860082	0.829848582465603	0.0241982456055209
chr3:152269092:152335111:clu_11067	-1.43205132953158	0.114361072898926	0.0349251625358254	-0.0794359103631009
chr3:152269407:152299405:clu_11067	2.04817664095867	0.00735808677157794	0.0729573285430885	0.0655992417715106
chr3:152300367:152300881:clu_11067_B	-0.0206088457386211	0.138473839193939	0.0965482224395642	-0.041925616754375
chr3:152300367:152301919:clu_11067_B	0.472994768908907	0.744634944054314	0.850529317194737	0.105894373140422
chr3:152300973:152301919:clu_11067_B	-0.452385923170286	0.116891216751746	0.0529224603656992	-0.0639687563860471
chr3:152415111:152432717:clu_11068	-0.0933840570389844	0.430269559373872	0.407484042258614	-0.0227855171152582
chr3:152415111:152445282:clu_11068	0.0993102036745819	0.0317572335411587	0.0364668878055934	0.00470965426443477
chr3:152432920:152445282:clu_11068	-0.00592614663559744	0.53797320708497	0.556049069935793	0.0180758628508234
chr3:152445539:152446704:clu_11069	-0.405595371615035	0.0449204930979359	0.0226875352651399	-0.022232957832796
chr3:152445539:152447620:clu_11069	0.316046054944863	0.882364688809206	0.917055905306831	0.0346912164976256
chr3:152446757:152447620:clu_11069	0.0895493166701729	0.0727148180928583	0.0602565594280287	-0.0124582586648297
chr3:152456361:152459271:clu_11069_B	-0.289489745621495	0.953853389119209	0.920540019239158	-0.0333133698800513
chr3:152458193:152459271:clu_11069_B	0.289489745621495	0.0461466108807906	0.0794599807608419	0.0333133698800513
chr3:157148589:157149287:clu_11080	-0.657339155475474	0.429816240638068	0.394421768199685	-0.0353944724383829
chr3:157148589:157149485:clu_11080	1.31472812295467	0.0145121778700404	0.0956904471706097	0.0811782693005693
chr3:157149385:157149485:clu_11080	-0.657388967479194	0.555671581491892	0.509887784629705	-0.0457837968621865
chr3:157150381:157151729:clu_11082	-0.523100973413961	0.0856090725843611	0.0239866011507583	-0.0616224714336027
chr3:157150381:157152177:clu_11082	1.04620604564637	0.67547281604581	0.909071779432963	0.233598963387154
chr3:157151930:157152177:clu_11082	-0.52310507223241	0.238918111369829	0.0669416194162783	-0.171976491953551
chr3:157153156:157156936:clu_11083	0.0585627236101662	0.0480632098256175	0.0482156428424161	0.000152433016798591
chr3:157153156:157157011:clu_11083	0.14189653285447	0.329452344884117	0.35921892332196	0.0297665784378422
chr3:157153156:157158866:clu_11083	-0.299849039154027	0.168372061550419	0.118029065595627	-0.0503429959547921
chr3:157157083:157158866:clu_11083	0.0993897826893904	0.454112383739846	0.474536368239998	0.0204239845001514
chr3:158821653:158821984:clu_11091	0.347781576931021	0.345646539310666	0.410349141408238	0.0647026020975729
chr3:158821653:158823428:clu_11091	-0.96771399580722	0.346930050224541	0.110522517008672	-0.236407533215868
chr3:158822140:158823428:clu_11091	0.619932418876198	0.307423410464794	0.479128341583089	0.171704931118295
chr3:161242653:161246336:clu_11108	-0.616064756727594	0.458710091163336	0.383729383832484	-0.0749807073308519
chr3:161242653:161247258:clu_11108	1.23211452142535	0.0365338893447112	0.194015636605296	0.157481747260585
chr3:161246448:161247258:clu_11108	-0.616049764697754	0.504756019491952	0.42225497956222	-0.0825010399297327
chr3:167720273:167725401:clu_11110	-0.250728269412223	0.396110374185485	0.305394226665951	-0.090716147519534
chr3:167720273:167734806:clu_11110	0.275673145474271	0.327804255684467	0.427831170794373	0.100026915109906
chr3:167725473:167734806:clu_11110	-0.0249448760620478	0.276085370130048	0.266774602539676	-0.00931076759037214
chr3:170868134:170868298:clu_11127	0.107685130547734	0.399099108902227	0.451688697947265	0.0525895890450387
chr3:170868201:170868298:clu_11127	-0.107685130547734	0.600900891097773	0.548311302052735	-0.0525895890450385
chr3:170868387:170870159:clu_11128	0.0883710132799057	0.137317262987808	0.159626338003941	0.0223090750161331
chr3:170868390:170870159:clu_11128	-0.0883710132799057	0.862682737012192	0.840373661996059	-0.0223090750161331
chr3:180912736:180914652:clu_11164	0.024031149776508	0.104056605022675	0.108623424146578	0.00456681912390329
chr3:180912736:180933334:clu_11164	-0.024031149776508	0.895943394977325	0.891376575853422	-0.00456681912390322
chr3:180970358:180975313:clu_11165	0.226463060661384	0.176784412378332	0.223468386832013	0.0466839744536812
chr3:180970358:180976122:clu_11165	-0.0238975158986593	0.614541653516968	0.604774167584277	-0.00976748593269117
chr3:180975404:180976122:clu_11165	-0.202565544762725	0.2086739341047	0.17175744558371	-0.0369164885209902
chr3:183833589:183833724:clu_11188	-0.0991702966160452	0.436644196900517	0.400746133595154	-0.0358980633053635
chr3:183833589:183840570:clu_11188	0.0519261034205903	0.138125309514125	0.147446763901495	0.00932145438737
chr3:183833825:183840570:clu_11188	0.0472441931954549	0.425230493585357	0.451807102503351	0.0265766089179935
chr3:183840640:183842298:clu_11189	-0.0174958409358216	0.31384125734447	0.376182252988573	0.062340995644103
chr3:183840640:183844231:clu_11189	0.447733558335006	0.0712656444978566	0.136023844741449	0.0647582002435919
chr3:183842447:183844231:clu_11189	-0.430237717399184	0.614893098157674	0.487793902269979	-0.127099195887695
chr3:184180251:184180645:clu_11205	0.662273101860354	0.045934452058903	0.144164355294844	0.0982299032359411
chr3:184180251:184180849:clu_11205	-0.810268976023118	0.80787613907556	0.581496675928548	-0.226379463147012
chr3:184180650:184180849:clu_11205	0.147995874162765	0.146189408865537	0.274338968776607	0.12814955991107
chr3:184323241:184323405:clu_11215	-0.117856722479104	0.313310313688705	0.264949137417545	-0.0483611762711599
chr3:184323241:184323408:clu_11215	0.117856722479104	0.686689686311295	0.735050862582455	0.04836117627116
chr3:184332086:184334727:clu_11220	0.384775316736576	0.673697517309589	0.816753791751685	0.143056274442096
chr3:184334262:184334727:clu_11220	-0.384775316736576	0.326302482690411	0.183246208248315	-0.143056274442096
chr3:185918435:185919437:clu_11231	0.196037198237926	0.0119513764565379	0.0175877039014921	0.00563632744495425
chr3:185918438:185919437:clu_11231	-0.196037198237926	0.988048623543462	0.982412296098508	-0.00563632744495413
chr3:185922126:185923796:clu_11232	-0.252234747331811	0.587267753641419	0.586827871373539	-0.000439882267880165
chr3:185922126:185925464:clu_11232	0.540310861291482	0.0122812130794055	0.0271090331493665	0.0148278200699611
chr3:185923984:185925464:clu_11232	-0.288076113959672	0.400451033279175	0.386063095477094	-0.0143879378020809
chr3:185925626:185926601:clu_11233	-0.163554549061458	0.360988351911312	0.347461206676284	-0.0135271452350287
chr3:185925626:185937825:clu_11233	0.32317925485757	0.0144951623918623	0.0226997997123156	0.0082046373204533
chr3:185926734:185931577:clu_11233	-0.159858467438164	0.218899690125732	0.211477160023911	-0.00742253010182045
chr3:185926734:185937825:clu_11233	0.130964356729755	0.0501358405535524	0.0647842404016049	0.0146483998480525
chr3:185931852:185937825:clu_11233	-0.130730595087704	0.355480955017541	0.353577593185885	-0.00190336183165657
chr3:186783639:186784429:clu_11237	0.136071106971116	0.181254372654488	0.225180147958418	0.0439257753039302
chr3:186783639:186784432:clu_11237	-0.136071106971116	0.818745627345512	0.774819852041582	-0.0439257753039304
chr3:186784513:186785883:clu_11238	1.4147057587046	0.0105839896754755	0.0658967358963341	0.0553127462208585
chr3:186784696:186784962:clu_11238	-0.471568585648693	0.218322306979799	0.206117121201078	-0.012205185778721
chr3:186784696:186785883:clu_11238	-0.471568586412983	0.340646564337405	0.321602909505244	-0.0190436548321604
chr3:186785101:186785883:clu_11238	-0.471568586642928	0.430447139007321	0.406383233397344	-0.0240639056099772
chr3:186786273:186786418:clu_11239	0.579401998355099	0.0473401373312765	0.136685613130158	0.0893454757988817
chr3:186786273:186786502:clu_11239	-0.579401998355099	0.952659862668723	0.863314386869842	-0.0893454757988817
chr3:186786465:186787127:clu_11239_B	0.870488230413847	0.0231224919176043	0.118932410647099	0.0958099187294947
chr3:186786645:186787127:clu_11239_B	-0.870488230413847	0.976877508082396	0.881067589352901	-0.0958099187294948
chr3:186787882:186788310:clu_11240	-0.121547305192173	0.359552240360357	0.350072296772402	-0.00947994358795534
chr3:186787882:186789125:clu_11240	-0.183112869475314	0.295469903626787	0.270502579210593	-0.0249673244161938
chr3:186788416:186789125:clu_11240	0.465198219915489	0.0692449004307293	0.121228263336173	0.0519833629054437
chr3:186788420:186789125:clu_11240	-0.160538045248002	0.275732955582126	0.258196860680832	-0.0175360949012947
chr3:195524896:195527758:clu_11269	-0.0539375494488939	0.134182276632338	0.122136659501667	-0.0120456171306707
chr3:195524896:195529794:clu_11269	0.0539375494488939	0.865817723367662	0.877863340498333	0.0120456171306706
chr3:195868709:195869497:clu_11279	0.712598602647131	0.121344611377447	0.364806861545523	0.243462250168077
chr3:195868709:195870114:clu_11279	-0.712598602647131	0.878655388622553	0.635193138454477	-0.243462250168077
chr3:195879175:195882051:clu_11282	0.150812605298392	0.436767116424617	0.458947332165677	0.0221802157410597
chr3:195879175:195882286:clu_11282	-0.362214906888928	0.046012190325526	0.0289454833505974	-0.0170667069749286
chr3:195879175:195883157:clu_11282	0.125069365711531	0.0657545190389247	0.0673377149272469	0.0015831958883222
chr3:195882328:195883157:clu_11282	0.0863329358790046	0.451466174210932	0.444769469556479	-0.00669670465445338
chr3:195885033:195885413:clu_11283	-0.283969756314704	0.147995783479564	0.0895894830409342	-0.0584063004386301
chr3:195885033:195886977:clu_11283	0.343440495024573	0.704421074462714	0.798584430776384	0.0941633563136695
chr3:195885543:195886977:clu_11283	-0.0594707387098691	0.147583142057722	0.111826086182682	-0.0357570558750395
chr3:196939432:196942370:clu_11316	-0.0387323141169755	0.368703203590843	0.350862819983954	-0.0178403836068896
chr3:196939432:196942426:clu_11316	0.0387323141169755	0.631296796409157	0.649137180016046	0.0178403836068897
chr3:3151045:3152456:clu_9846	0.0172880886018347	0.316701472862956	0.321143183878917	0.00444171101596097
chr3:3151045:3153424:clu_9846	0.0294012234276956	0.384512420100798	0.394656868639932	0.0101444485391345
chr3:3152587:3153424:clu_9846	-0.0466893120295303	0.298786107036246	0.284199947481151	-0.0145861595550956
chr3:3153488:3153960:clu_9848	0.122328827955984	0.307674925658257	0.353702230241161	0.0460273045829037
chr3:3153488:3154747:clu_9848	-0.189484058384342	0.434013334150505	0.365283579970863	-0.0687297541796426
chr3:3154075:3154747:clu_9848	0.0671552304283576	0.258311740191237	0.281014189787976	0.0227024495967389
chr3:3167793:3172776:clu_9849	0.208116003144498	0.879525088485373	0.91714492977468	0.0376198412893074
chr3:3172646:3172776:clu_9849	-0.208116003144498	0.120474911514627	0.0828550702253198	-0.0376198412893073
chr3:4980408:4981392:clu_9863	-0.0626544940061501	0.486892292453803	0.507144437675651	0.0202521452218474
chr3:4980408:4982836:clu_9863	0.260132104871842	0.0488746662296248	0.070301891517648	0.0214272252880231
chr3:4981515:4982836:clu_9863	-0.197477610865692	0.464233041316572	0.422553670806701	-0.0416793705098705
chr3:5208263:5210175:clu_9867	0.407894058548355	0.281118412548117	0.379216616959695	0.0980982044115783
chr3:5208263:5211120:clu_9867	-0.42509720666205	0.108303723421962	0.0635152402989947	-0.0447884831229672
chr3:5210248:5211120:clu_9867	0.0172031481136952	0.610577864029922	0.557268142741311	-0.053309721288611
chr3:5211190:5213319:clu_9868	0.0643852312960849	0.639131539996234	0.668269187525055	0.0291376475288214
chr3:5211216:5213319:clu_9868	-0.0643852312960849	0.360868460003766	0.331730812474945	-0.0291376475288216
chr3:9677387:9677984:clu_9885	0.152764236398757	0.392447004952674	0.438969785965399	0.0465227810127257
chr3:9677387:9683178:clu_9885	-0.15673313085402	0.171850389625799	0.141055859759719	-0.0307945298660804
chr3:9678058:9683178:clu_9885	0.00396889445526301	0.435702605421527	0.419974354274882	-0.0157282511466453
chr3:9689082:9689964:clu_9887	-0.179118430711492	0.346314344388295	0.304262699206891	-0.0420516451814034
chr3:9689082:9701790:clu_9887	0.812458291225841	0.0820743673978586	0.194366796133903	0.112292428736045
chr3:9690143:9697711:clu_9887	-0.313154721398806	0.177768248369042	0.136590723355478	-0.0411775250135636
chr3:9690143:9701790:clu_9887	-0.375335193953504	0.186850349711574	0.134913773866836	-0.0519365758447384
chr3:9697866:9701790:clu_9887	0.0551500548379608	0.206992690133231	0.229866007436891	0.0228733173036605
chr3:9797777:9799879:clu_9899	-0.714050475244465	0.0444503527244778	0.0110303315003264	-0.0334200212241513
chr3:9797777:9800185:clu_9899	0.714050475244465	0.955549647275522	0.988969668499673	0.0334200212241513
chr3:9804013:9806210:clu_9901	0.271568599592172	0.874845166681539	0.923270250092889	0.0484250834113503
chr3:9804013:9810621:clu_9901	-0.271568599592172	0.125154833318461	0.0767297499071111	-0.0484250834113502
chr3:9813345:9816074:clu_9903	-0.087330747102504	0.436305255395856	0.413399605476652	-0.0229056499192046
chr3:9813345:9817645:clu_9903	0.181515753839736	0.187952141149706	0.233015839162069	0.0450636980123629
chr3:9816202:9817645:clu_9903	-0.0941850067372315	0.375742603454438	0.35358455536128	-0.0221580480931582
chr3:9827148:9828960:clu_9905	0.126299087990789	0.220774883155011	0.267262097182836	0.0464872140278249
chr3:9827240:9828960:clu_9905	-0.126299087990789	0.779225116844989	0.732737902817164	-0.0464872140278246
chr3:9829395:9833104:clu_9906	-0.162242812562302	0.458626450195147	0.40910877982467	-0.0495176703704768
chr3:9829395:9834681:clu_9906	-0.00708057437987379	0.407464858650319	0.424478761206089	0.01701390255577
chr3:9833273:9834681:clu_9906	0.169323386942176	0.133908691154534	0.166412458969241	0.0325037678147069
chr3:10115819:10118906:clu_9922	-0.25409335086254	0.209613851842839	0.122258515373572	-0.0873553364692677
chr3:10115819:10125626:clu_9922	0.488046733662341	0.646648869715853	0.792200305255848	0.145551435539995
chr3:10118970:10125626:clu_9922	-0.233953382799802	0.143737278441308	0.0855411793705806	-0.0581960990707273
chr3:10142187:10146514:clu_9923	0.364407229437239	0.784834001353243	0.883178156529157	0.0983441551759147
chr3:10143021:10146514:clu_9923	-0.364407229437239	0.215165998646757	0.116821843470843	-0.0983441551759147
chr3:10278462:10278664:clu_9928	-0.311064976377422	0.330227253799489	0.228873543198756	-0.101353710600733
chr3:10278462:10278885:clu_9928	0.465901591103836	0.327691810888959	0.493947237996838	0.166255427107879
chr3:10278760:10278885:clu_9928	-0.154836614726414	0.342080935311552	0.277179218804406	-0.0649017165071462
chr3:10301147:10304026:clu_9931	0.425114079574478	0.0765142036455147	0.162403722236978	0.085889518591463
chr3:10301374:10304026:clu_9931	-0.425114079574478	0.923485796354485	0.837596277763022	-0.0858895185914629
chr3:12604289:12606201:clu_9953	-0.124771769114975	0.429368315551133	0.389383964906306	-0.0399843506448274
chr3:12604289:12608766:clu_9953	0.0964601276273707	0.100875824405852	0.114133979143058	0.0132581547372058
chr3:12606299:12608766:clu_9953	0.0283116414876039	0.469755860043015	0.496482055950636	0.0267261959076215
chr3:12901522:12902773:clu_9958	-0.310911914615055	0.129119717565723	0.0783823513818621	-0.0507373661838607
chr3:12901522:12908349:clu_9958	0.269607420577064	0.766569454492718	0.83155996847061	0.0649905139778921
chr3:12902822:12908349:clu_9958	0.0413044940379906	0.104310827941559	0.0900576801475278	-0.0142531477940315
chr3:13332384:13335454:clu_9964	-0.31713517558825	0.522914185019392	0.494554961183583	-0.0283592238358087
chr3:13332384:13336787:clu_9964	0.580490997485115	0.0221542086215932	0.0514131809566989	0.0292589723351057
chr3:13335612:13336787:clu_9964	-0.263355821896866	0.454931606359015	0.454031857859718	-0.000899748499296971
chr3:13343303:13344861:clu_9967	-0.922102035381818	0.136059547867761	0.0306232042705133	-0.105436343597248
chr3:13343303:13347090:clu_9967	0.123872384699266	0.18952517307303	0.121408593699845	-0.0681165793731851
chr3:13343303:13351879:clu_9967	0.798229650682552	0.674415279059208	0.847968202029642	0.173552922970433
chr3:14125205:14128855:clu_9974	0.0338754314749406	0.142674966989548	0.137433247643974	-0.00524171934557346
chr3:14125205:14129412:clu_9974	0.131045401599598	0.682537461545848	0.724554241810473	0.0420167802646253
chr3:14129085:14129412:clu_9974	-0.164920833074539	0.174787571464604	0.138012510545553	-0.0367750609190519
chr4:673401:673912:clu_18547	0.406896973342657	0.464862712203281	0.497249000792365	0.0323862885890833
chr4:673401:674212:clu_18547	-0.763375701382756	0.0606028502894883	0.0201140392333026	-0.0404888110561857
chr4:673966:674212:clu_18547	0.3564787280401	0.47453443750723	0.482636959974333	0.00810252246710247
chr4:731110:733672:clu_18552	-0.00840794988384097	0.231759741790046	0.228779232947485	-0.00298050884256162
chr4:732498:733672:clu_18552	0.00840794988384097	0.768240258209954	0.771220767052515	0.00298050884256162
chr4:733789:733884:clu_18553	-0.11085100080323	0.666256060332321	0.615288608412116	-0.0509674519202047
chr4:733789:734931:clu_18553	0.11085100080323	0.333743939667679	0.384711391587884	0.0509674519202047
chr4:866501:866956:clu_18558	0.376853049260122	0.316572009066381	0.496033966639891	0.17946195757351
chr4:866534:866956:clu_18558	-0.376853049260122	0.683427990933619	0.503966033360109	-0.17946195757351
chr4:948154:950421:clu_18564	0.587294725071075	0.228019974707877	0.488767891944131	0.260747917236254
chr4:948615:950421:clu_18564	-0.587294725071075	0.771980025292123	0.511232108055869	-0.260747917236254
chr4:951258:951646:clu_18565	0.201281639406557	0.19054853884614	0.260400773717377	0.0698522348712369
chr4:951258:951682:clu_18565	-0.201281639406557	0.80945146115386	0.739599226282623	-0.0698522348712368
chr4:1212423:1212913:clu_18578	-0.00113317654036795	0.649388942356863	0.648872757872868	-0.000516184483994597
chr4:1212426:1212913:clu_18578	0.00113317654036795	0.350611057643137	0.351127242127132	0.000516184483994597
chr4:1238337:1241325:clu_18581	-0.232505411891229	0.60062023662106	0.558966747116485	-0.0416534895045748
chr4:1238337:1248916:clu_18581	1.01455633379573	0.0392324288486689	0.127064210484661	0.0878317816359924
chr4:1241519:1241651:clu_18581	-0.752892317729757	0.164754250131955	0.0911216293819974	-0.0736326207499572
chr4:1241519:1248916:clu_18581	-0.029158604174744	0.195393084398317	0.222847413016856	0.0274543286185396
chr4:2252522:2257982:clu_18606	0.986988331149514	0.778017299090869	0.961879095879689	0.18386179678882
chr4:2255294:2257982:clu_18606	-0.986988331149514	0.221982700909131	0.0381209041203108	-0.18386179678882
chr4:2931465:2931555:clu_18637	0.40357016547956	0.501474190248181	0.507037409114002	0.00556321886582045
chr4:2931465:2931825:clu_18637	-0.88153543305192	0.0617957093745162	0.0172836502270592	-0.044512059147457
chr4:2931663:2931825:clu_18637	0.47796526757236	0.436730100377303	0.475678940658939	0.0389488402816365
chr4:2932409:2932600:clu_18638	-0.207896411142675	0.447644992518593	0.348421869198914	-0.0992231233196792
chr4:2932512:2932600:clu_18638	0.207896411142675	0.552355007481407	0.651578130801086	0.0992231233196792
chr4:2933177:2933567:clu_18640	0.0834342784811021	0.0789486845609951	0.091967149361415	0.0130184648004198
chr4:2933209:2933567:clu_18640	-0.0834342784811021	0.921051315439005	0.908032850638585	-0.01301846480042
chr4:6967424:6994184:clu_18672	1.61521199228202	0.805663487598236	0.990552370502433	0.184888882904197
chr4:6987349:6994184:clu_18672	-1.61521199228202	0.194336512401764	0.00944762949756712	-0.184888882904197
chr4:7006726:7009877:clu_18673	-0.0388657555131224	0.403803531159187	0.392977468239058	-0.0108260629201296
chr4:7006726:7010653:clu_18673	0.0362779944356196	0.0648189772184315	0.0680039638629538	0.0031849866445223
chr4:7009948:7010653:clu_18673	0.00258776107750293	0.531377491622381	0.539018567897989	0.00764107627560728
chr4:7014557:7025004:clu_18675	-0.269955598181303	0.408824166524793	0.347186467112725	-0.0616376994120673
chr4:7014557:7030327:clu_18675	0.298542107779321	0.0327823400382289	0.0491543090809922	0.0163719690427633
chr4:7025262:7030327:clu_18675	-0.0285865095980179	0.558393493436978	0.603659223806282	0.045265730369304
chr4:15640883:15644493:clu_18710	-2.85705086057294	0.318458087672854	0.357471745504216	0.0390136578313616
chr4:15640883:15655204:clu_18710	-3.083541702791	0.0509464213855366	0.0455973284955006	-0.00534909289003598
chr4:15644657:15655204:clu_18710	-3.09231210063182	0.0789341507900481	0.070029612092405	-0.0089045386976431
chr4:15644657:15659727:clu_18710	2.23131294268231	2.07313196665649e-05	0.00377280803248092	0.00375207671281435
chr4:15644708:15655204:clu_18710	-3.20013746055371	0.551510450463331	0.439281149462135	-0.112229301001197
chr4:15644708:15656229:clu_18710	3.55935341095548	4.84870853472052e-05	0.0332984858338105	0.0332499987484633
chr4:15644708:15659727:clu_18710	3.68698628759285	5.38116658473852e-05	0.0419860576359981	0.0419322459701507
chr4:15644708:15659741:clu_18710	2.75538948331883	2.78596173687344e-05	0.00856281294345444	0.0085349533260857
chr4:38680682:38687963:clu_18795	-0.000237923063555604	0.0852808562702852	0.0740276839122722	-0.011253172358013
chr4:38680682:38688585:clu_18795	0.257258519447037	0.690499049603724	0.775416394331365	0.0849173447276411
chr4:38688186:38688585:clu_18795	-0.257020596383481	0.224220094125991	0.150555921756363	-0.073664172369628
chr4:48383784:48394576:clu_18853	-0.162147691644408	0.277103172490119	0.220467273346402	-0.0566358991437168
chr4:48383784:48420125:clu_18853	0.2124610249301	0.509831531027825	0.589956272280405	0.0801247412525797
chr4:48394653:48420125:clu_18853	-0.0503133332856911	0.213065296482056	0.189576454373193	-0.023488842108863
chr4:48831249:48832620:clu_18864	0.506413472687132	0.74016754408543	0.886920726132744	0.146753182047314
chr4:48831496:48832620:clu_18864	-0.506413472687132	0.25983245591457	0.113079273867256	-0.146753182047314
chr4:53428183:53440582:clu_18876	0.00386610857372114	0.28787235177643	0.290524829624618	0.00265247784818845
chr4:53428183:53442653:clu_18876	-0.0293901748902546	0.452743558783683	0.441969763828657	-0.0107737949550258
chr4:53440608:53442653:clu_18876	0.0255240663165336	0.259384089439887	0.267505406546724	0.00812131710683739
chr4:75645702:75646338:clu_18951	0.383567359693092	0.469001670725219	0.530243883098978	0.0612422123737592
chr4:75645702:75647029:clu_18951	-0.64067826348199	0.100397810856786	0.0407569145040129	-0.0596408963527726
chr4:75646456:75647029:clu_18951	0.257110903788897	0.430600518417995	0.428999202397009	-0.00160131602098651
chr4:75655870:75656924:clu_18953	0.238525944111521	0.471943307760885	0.516896460379554	0.0449531526186696
chr4:75655870:75657557:clu_18953	-0.378693517929006	0.102216061140643	0.0603917842958391	-0.0418242768448038
chr4:75657014:75657557:clu_18953	0.140167573817485	0.425840631098472	0.422711755324606	-0.00312887577386572
chr4:75911353:75914868:clu_18956	0.741860061919304	0.0249160236443492	0.0613842503656354	0.0364682267212862
chr4:75911353:75918761:clu_18956	0.092178802863181	0.0278925253070338	0.0358850100494106	0.00799248474237686
chr4:75911353:75919909:clu_18956	-0.425764774001032	0.1341614351389	0.102828356451164	-0.0313330786877363
chr4:75914338:75914868:clu_18956	-0.39053769432954	0.204665320365958	0.162490653368656	-0.0421746669973021
chr4:75914985:75918761:clu_18956	-0.0335547777572534	0.223615856438226	0.253701147736413	0.0300852912981876
chr4:75917773:75919909:clu_18956	0.255047942183696	0.04800502448787	0.0726850511585235	0.0246800266706535
chr4:75918789:75919909:clu_18956	-0.239229560878355	0.336743814617663	0.311025530870197	-0.0257182837474658
chr4:82355401:82356537:clu_18997	-0.118551270634633	0.272374198704334	0.238046766781291	-0.0343274319230427
chr4:82355401:82356796:clu_18997	0.123231276738788	0.369154496973323	0.410874615774642	0.0417201188013189
chr4:82356683:82356796:clu_18997	-0.00468000610415493	0.358471304322343	0.351078617444067	-0.00739268687827627
chr4:82359639:82371528:clu_18998	0.0633852024799957	0.469888136193501	0.467528447466091	-0.00235968872741033
chr4:82359639:82373446:clu_18998	-0.182400976004314	0.0918842651668572	0.0715008371564495	-0.0203834280104077
chr4:82371584:82373446:clu_18998	0.119015773524319	0.438227598639642	0.46097071537746	0.022743116737818
chr4:82424883:82425563:clu_18999	-0.366179473248201	0.0456773673342165	0.0254465467070349	-0.0202308206271815
chr4:82424883:82426037:clu_18999	0.245355665425784	0.909337640706752	0.933768659255881	0.0244310185491291
chr4:82425667:82426037:clu_18999	0.120823807822417	0.0449849919590316	0.0407847940370839	-0.00420019792194764
chr4:82426129:82426463:clu_19000	-0.240147051713558	0.592996122212879	0.55916855412058	-0.0338275680922989
chr4:82426129:82427190:clu_19000	0.368768027172253	0.0173178511496029	0.0300215663789442	0.0127037152293413
chr4:82426633:82427190:clu_19000	-0.128620975458695	0.389686026637518	0.410809879500476	0.0211238528629576
chr4:82857764:82861631:clu_19007	-1.25350642213762	0.426030377282963	0.0942205405489093	-0.331809836734053
chr4:82857764:82863318:clu_19007	0.971683058742338	0.310195738352576	0.63493367942459	0.324737941072014
chr4:82862572:82863318:clu_19007	0.281823363395282	0.263773884364462	0.270845780026501	0.00707189566203908
chr4:82898062:82899713:clu_19010	-0.113428769186827	0.29274998038546	0.283957575177089	-0.00879240520837149
chr4:82898062:82900077:clu_19010	0.286767144354054	0.131010181877706	0.189611428769666	0.0586012468919608
chr4:82899737:82900077:clu_19010	-0.173338375167227	0.576239837736834	0.526430996053245	-0.0498088416835892
chr4:83094791:83104896:clu_19018	0.318129843036057	0.37719633569072	0.411353953684856	0.0341576179941367
chr4:83094791:83114666:clu_19018	-0.612404346483111	0.0315000407402452	0.0135466984186427	-0.0179533423216025
chr4:83105020:83107804:clu_19018	0.335647074297472	0.282784499360808	0.313842278301603	0.0310577789407952
chr4:83105020:83114666:clu_19018	-0.170715647848113	0.0739852537626798	0.0494869262153307	-0.0244983275473491
chr4:83107950:83114666:clu_19018	0.129343076997695	0.234533870445547	0.211770143379567	-0.0227637270659803
chr4:99892034:99893955:clu_19105	0.197498480460477	0.238158416172702	0.281636157640552	0.0434777414678505
chr4:99892034:99894335:clu_19105	-0.30317659006183	0.285935378809007	0.204950957104507	-0.0809844217044995
chr4:99894000:99894335:clu_19105	0.105678109601353	0.475906205018291	0.51341288525494	0.037506680236649
chr4:102580639:102582573:clu_19127	-0.619808833224417	0.185321343791426	0.0617849080583321	-0.123536435733094
chr4:102580639:102582866:clu_19127	0.619808833224417	0.814678656208574	0.938215091941668	0.123536435733094
chr4:102802638:102809068:clu_19138	-0.0869497064443512	0.0641715657116104	0.0397193281073849	-0.0244522376042255
chr4:102802638:102809672:clu_19138	0.447168714107131	0.888194755956019	0.937847327291954	0.0496525713359349
chr4:102809159:102809672:clu_19138	-0.36021900766278	0.0476336783323709	0.0224333446006616	-0.0252003337317094
chr4:102826636:102827427:clu_19139	-1.22552593630815	0.963539015469421	0.694940276371622	-0.268598739097799
chr4:102826636:102827944:clu_19139	1.22552593630815	0.0364609845305792	0.305059723628378	0.268598739097799
chr4:106316594:106324985:clu_19157	-0.180142412824557	0.890241802624523	0.849786630456555	-0.0404551721679675
chr4:106321451:106324985:clu_19157	0.180142412824557	0.109758197375477	0.150213369543445	0.0404551721679674
chr4:109560436:109603111:clu_19179	0.0685116294639651	0.0573906061039656	0.0652686039040425	0.00787799780007691
chr4:109560436:109659011:clu_19179	-0.0685116294639651	0.942609393896034	0.934731396095958	-0.00787799780007681
chr4:109682742:109684443:clu_19181	-0.22244361316923	0.602245715414114	0.535876301560602	-0.0663694138535114
chr4:109682742:109685251:clu_19181	0.185826521548424	0.0298857991338489	0.0400004771795013	0.0101146780456524
chr4:109684646:109685251:clu_19181	0.0366170916208067	0.367868485452038	0.424123221259897	0.0562547358078589
chr4:118278792:118278944:clu_19204	-0.115728601819163	0.0618071435446054	0.0519087568655237	-0.00989838667908174
chr4:118278792:118279389:clu_19204	0.182099666822052	0.483303298533162	0.546722425624771	0.0634191270916091
chr4:118279137:118279389:clu_19204	-0.0663710650028888	0.454889557922233	0.401368817509705	-0.0535207404125272
chr4:121678494:121681671:clu_19221	-0.28858254228801	0.982718603393563	0.969631998634489	-0.0130866047590742
chr4:121680808:121681671:clu_19221	0.28858254228801	0.017281396606437	0.0303680013655111	0.0130866047590741
chr4:121683477:121684677:clu_19222	-0.0314747525392677	0.462163173031263	0.475862002473586	0.0136988294423229
chr4:121683477:121686288:clu_19222	0.127578878453563	0.0207383003240521	0.0250342719274483	0.00429597160339627
chr4:121684771:121686288:clu_19222	-0.0961041259142953	0.517098526644685	0.499103725598966	-0.0179948010457192
chr4:143526460:143527868:clu_19289	0.167434236625217	0.546356562240057	0.557423515920129	0.011066953680072
chr4:143526460:143528583:clu_19289	-0.339541186694765	0.0546226565263857	0.0335664421986727	-0.021056214327713
chr4:143528023:143528583:clu_19289	0.172106950069548	0.399020781233558	0.409010041881198	0.00998926064764094
chr4:143538938:143540363:clu_19290	0.334463627388262	0.252778814160548	0.354632056861792	0.101853242701244
chr4:143538938:143543509:clu_19290	-0.417879994691939	0.395515329910431	0.26149413726871	-0.134021192641722
chr4:143540495:143543509:clu_19290	0.0834163673036777	0.35170585592902	0.383873805869498	0.0321679499404781
chr4:153473888:153550073:clu_19331	8.80038007290433	0.980546543472557	0.999999999549582	0.0194534560770253
chr4:153489934:153550073:clu_19331	-8.80038007290433	0.0194534565274431	4.50417812313041e-10	-0.0194534560770253
chr4:153583672:153584835:clu_19333	0.127336649315028	0.683029045813993	0.735439932041848	0.0524108862278551
chr4:153583672:153584838:clu_19333	-0.127336649315028	0.316970954186007	0.264560067958152	-0.0524108862278552
chr4:153621849:153622898:clu_19340	0.0978423883055939	0.797157496056358	0.826970541298433	0.029813045242075
chr4:153621849:153622901:clu_19340	-0.0978423883055939	0.202842503943642	0.173029458701567	-0.0298130452420749
chr4:153627687:153628488:clu_19341	0.081192249315544	0.199109709581925	0.215782543246462	0.0166728336645373
chr4:153627687:153632718:clu_19341	0.000597051559533664	0.591850960426328	0.591744425803433	-0.000106534622894783
chr4:153628544:153632718:clu_19341	-0.0817893008750776	0.209039329991747	0.192473030950105	-0.0165662990416425
chr4:165317969:165321312:clu_19374	0.093606597949395	0.433850993377046	0.514265555892826	0.0804145625157801
chr4:165317969:165322032:clu_19374	0.244720642927894	0.0821357420340477	0.113241867324815	0.031106125290767
chr4:165321375:165322032:clu_19374	-0.338327240877289	0.484013264588906	0.372492576782359	-0.111520687806547
chr4:168416797:168419302:clu_19386	-0.422286725379115	0.458178805342811	0.461632879084768	0.00345407374195739
chr4:168416797:168420261:clu_19386	1.07337364353233	0.0281790870904986	0.126690981871913	0.0985118947814141
chr4:168419397:168420261:clu_19386	-0.651086918153219	0.513642107566691	0.411676139043319	-0.101965968523371
chr5:304221:306602:clu_11357	0.14750191643751	0.420980786906173	0.405065450553076	-0.0159153363530962
chr5:304221:314417:clu_11357	-0.461322196492278	0.102804408969293	0.053810337335495	-0.0489940716337982
chr5:311402:314417:clu_11357	0.313820280054769	0.476214804124534	0.541124212111429	0.0649094079868944
chr5:306754:311293:clu_11357_B	-0.0919210797285291	0.208359968744277	0.179655722058692	-0.0287042466855849
chr5:306760:311293:clu_11357_B	0.0919210797285291	0.791640031255723	0.820344277941308	0.0287042466855849
chr5:6604685:6605273:clu_11397	0.119224570653509	0.337850646378232	0.360567410223208	0.0227167638449761
chr5:6604685:6606820:clu_11397	-0.192768197001063	0.149694200330669	0.116941848283425	-0.0327523520472438
chr5:6605408:6606820:clu_11397	0.0735436263475536	0.512455153291099	0.522490741493367	0.0100355882022679
chr5:10423824:10426390:clu_11423	-0.129262767869893	0.503339909419756	0.471382680470015	-0.0319572289497415
chr5:10423824:10429893:clu_11423	0.168909482211702	0.08370405042942	0.105621733706343	0.0219176832769234
chr5:10426522:10429893:clu_11423	-0.0396467143418096	0.412956040150824	0.422995585823642	0.010039545672818
chr5:32585625:32588512:clu_11457	0.541124211383414	0.956852851169375	0.984951020045202	0.0280981688758265
chr5:32586501:32588512:clu_11457	-0.541124211383414	0.0431471488306249	0.0150489799547982	-0.0280981688758266
chr5:32591685:32598961:clu_11458	0.145345843110051	0.577561643289409	0.55988770336235	-0.0176739399270587
chr5:32591685:32601005:clu_11458	-0.381032648513408	0.0166204921161529	0.00951794498733328	-0.00710254712881966
chr5:32599069:32601005:clu_11458	0.235686805403357	0.405817864594438	0.430594351650317	0.0247764870558784
chr5:39124278:39125972:clu_11498	-1.21652896369644	0.03753692411137	0.00365431507774029	-0.0338826090336297
chr5:39124278:39125998:clu_11498	1.91342834375857	0.206222328792956	0.459204548923233	0.252982220130277
chr5:39124278:39127741:clu_11498	-2.38874631777772	0.463006842164805	0.0139587711743043	-0.449048070990501
chr5:39126135:39127741:clu_11498	1.69184693771559	0.293233904930869	0.523182364824723	0.229948459893853
chr5:39137720:39138657:clu_11502	0.327793577721808	0.871405379321304	0.928841574942817	0.0574361956215126
chr5:39138117:39138657:clu_11502	-0.327793577721808	0.128594620678696	0.0711584250571834	-0.0574361956215125
chr5:40681860:40685392:clu_11506	0.29015243779118	0.165302992092005	0.263767939485382	0.0984649473933774
chr5:40681860:40691779:clu_11506	-0.623344719159599	0.601718391303096	0.385130402302244	-0.216587989000852
chr5:40685483:40691779:clu_11506	0.310126575243293	0.163668960661404	0.26642947823548	0.102760517574075
chr5:40685788:40691779:clu_11506	0.0230657061251255	0.0693096559434948	0.0846721799768939	0.0153625240333991
chr5:50668125:50715631:clu_11548	0.534617825926502	0.0117345534507375	0.0326468967565566	0.0209123433058192
chr5:50668125:50744736:clu_11548	0.200213361567808	0.161220976548926	0.321045710845141	0.159824734296215
chr5:50668125:50750151:clu_11548	-0.964434927853103	0.734407262935676	0.456333090624139	-0.278074172311537
chr5:50745463:50750151:clu_11548	0.229603740358793	0.0926372070646608	0.189974301774164	0.097337094709503
chr5:50759732:50760292:clu_11549	0.28980630853688	0.407968542627158	0.421924671024053	0.013956128396895
chr5:50759732:50761821:clu_11549	-0.57653430875291	0.0542254211946291	0.0235811091163756	-0.0306443120782535
chr5:50760362:50761821:clu_11549	0.28672800021603	0.537806036178213	0.554494219859571	0.0166881836813585
chr5:50815524:50821213:clu_11553	0.388299724122434	0.278270945227115	0.370313509244513	0.0920425640173973
chr5:50815524:50822335:clu_11553	-0.401410444150693	0.0976354235265916	0.0589851025127857	-0.0386503210138059
chr5:50821338:50822335:clu_11553	0.0131107200282594	0.624093631246293	0.570701388242702	-0.0533922430035915
chr5:50834048:50834842:clu_11555	0.293772832065743	0.0556762884017566	0.0959229777779558	0.0402466893761992
chr5:50834048:50834931:clu_11555	-0.293772832065743	0.944323711598243	0.904077022222044	-0.0402466893761992
chr5:55947589:55948898:clu_11569	-0.538135583126188	0.225600276884332	0.0829907930512883	-0.142609483833044
chr5:55947589:55951464:clu_11569	1.07628800219247	0.426928453549016	0.789188305619977	0.362259852070961
chr5:55948982:55951464:clu_11569	-0.53815241906628	0.347471269566652	0.127820901328734	-0.219650368237918
chr5:55957291:55959626:clu_11572	-0.127387476463534	0.148961344344209	0.129903357066452	-0.0190579872777571
chr5:55957291:55959630:clu_11572	0.0858081444171644	0.137440503705783	0.148337587443175	0.0108970837373921
chr5:55957291:55960402:clu_11572	0.0876371751127535	0.345359603839423	0.373424104896517	0.0280645010570941
chr5:55959671:55960402:clu_11572	-0.0460578430663838	0.368238548110585	0.348334950593856	-0.0199035975167291
chr5:56873005:56875032:clu_11579	-0.247239950942768	0.387997156880129	0.337523855329003	-0.0504733015511263
chr5:56873005:56878980:clu_11579	0.38503556203501	0.10278499391631	0.168267177779315	0.0654821838630052
chr5:56875310:56878980:clu_11579	-0.137795611092243	0.509217849203561	0.494208966891682	-0.015008882311879
chr5:56886063:56887378:clu_11580	-0.180692285632703	0.367506308027659	0.306220273044992	-0.0612860349826669
chr5:56886063:56888226:clu_11580	0.192661228280571	0.312082679633054	0.377732348389322	0.065649668756268
chr5:56887520:56888226:clu_11580	-0.0119689426478675	0.320411012339287	0.316047378565686	-0.00436363377360122
chr5:57214193:57221376:clu_11585	0.120401026826974	0.294271251502483	0.31604025063867	0.0217689991361867
chr5:57214193:57230846:clu_11585	0.146857872429885	0.453547910720918	0.500158661419268	0.0466107506983503
chr5:57221396:57230846:clu_11585	-0.267258899256859	0.252180837776599	0.183801087942062	-0.0683797498345371
chr5:57236032:57237113:clu_11586	0.0410627591748365	0.190117301369531	0.208126610528398	0.018009309158867
chr5:57236032:57246300:clu_11586	-0.115456287084605	0.637550226069864	0.596822264910499	-0.0407279611593653
chr5:57237172:57246300:clu_11586	0.0743935279097687	0.172332472560605	0.195051124561103	0.0227186520004983
chr5:66054951:66072169:clu_11627	0.170203371797236	0.108966939142149	0.136464566373419	0.0274976272312693
chr5:66054951:66075024:clu_11627	-0.938052177539342	0.260733692281249	0.107798578218649	-0.1529351140626
chr5:66054951:66076316:clu_11627	0.487227132096526	0.194690527351213	0.334773936386685	0.140083409035472
chr5:66072291:66075024:clu_11627	0.611124152134429	0.0760680309325733	0.148052854112182	0.0719848231796092
chr5:66075230:66076316:clu_11627	-0.33050247848885	0.359540810292815	0.272910064909064	-0.0866307453837507
chr5:69355953:69366503:clu_11648	-0.694683563047254	0.277313831278595	0.0872891978118655	-0.190024633466729
chr5:69365754:69366503:clu_11648	0.694683563047254	0.722686168721405	0.912710802188135	0.190024633466729
chr5:73498558:73499134:clu_11679	0.276344865103211	0.939058515374753	0.964002812052025	0.0249442966772718
chr5:73498799:73499134:clu_11679	-0.276344865103211	0.0609414846252467	0.0359971879479749	-0.0249442966772718
chr5:74770810:74772313:clu_11693	-0.0358655996079102	0.0650218744416357	0.0474092671456371	-0.0176126072959986
chr5:74770810:74773868:clu_11693	0.348577156334279	0.840958991918312	0.900616590648086	0.0596575987297738
chr5:74772421:74773868:clu_11693	-0.312711556726369	0.0940191336400522	0.0519741422062769	-0.0420449914337753
chr5:76683217:76683776:clu_11719	0.124666117790252	0.440962982348233	0.466895153089851	0.0259321707416175
chr5:76683217:76693355:clu_11719	-0.195367155197579	0.118247055056968	0.0909115120974024	-0.0273355429595653
chr5:76683917:76693355:clu_11719	0.0707010374073271	0.440789962594799	0.442193334812747	0.0014033722179479
chr5:77708347:77776205:clu_11727	0.1570482342683	0.949407143715643	0.962533577265649	0.0131264335500058
chr5:77774217:77776205:clu_11727	-0.1570482342683	0.0505928562843571	0.0374664227343515	-0.0131264335500056
chr5:79641196:79642832:clu_11737	-0.10126668074082	0.274021395448309	0.243592157908254	-0.030429237540055
chr5:79641196:79642844:clu_11737	-0.16311823731129	0.207384252788984	0.173297706694926	-0.0340865460940574
chr5:79641196:79645123:clu_11737	0.128706230786409	0.147666938248663	0.165210659853556	0.0175437216048932
chr5:79642910:79645123:clu_11737	0.135678687265701	0.370927413514044	0.417899475543264	0.0469720620292193
chr5:79648693:79649062:clu_11739	-0.625098507732041	0.490319903021686	0.323467545051345	-0.166852357970341
chr5:79648693:79656958:clu_11739	0.759798525120066	0.0818199428231256	0.215607319874807	0.133787377051681
chr5:79649190:79656958:clu_11739	-0.134700017388025	0.427860154155188	0.460925135073849	0.0330649809186603
chr5:83061911:83065008:clu_11764	-0.100561386229306	0.407220900487936	0.347566760940756	-0.0596541395471801
chr5:83061911:83077321:clu_11764	-0.101322169074061	0.106560073973057	0.0908808303095107	-0.0156792436635467
chr5:83065117:83077321:clu_11764	0.201883555303368	0.486219025539006	0.561552408749733	0.0753333832107269
chr5:86618053:86619353:clu_11769	-0.342343729642669	0.185049350522424	0.102735545848149	-0.0823138046742748
chr5:86618130:86619353:clu_11769	0.342343729642669	0.814950649477576	0.897264454151851	0.0823138046742747
chr5:91373838:91374114:clu_11800	-0.360682519767174	0.91385736724958	0.837576437761374	-0.0762809294882055
chr5:91373876:91374114:clu_11800	0.360682519767174	0.0861426327504202	0.162423562238626	0.0762809294882056
chr5:91375613:91376621:clu_11802	0.373511293265804	0.41866028930739	0.501659759153026	0.0829994698456359
chr5:91375613:91378694:clu_11802	-0.580877705334499	0.165542830250708	0.0763786532480805	-0.0891641770026275
chr5:91376768:91378694:clu_11802	0.207366412068695	0.415796880441902	0.421961587598893	0.00616470715699174
chr5:96722698:96726794:clu_11826	7.3401300925495	3.680280698191e-08	0.080362531416227	0.0803624946134201
chr5:96722698:96727489:clu_11826	-7.3401300925495	0.999999963197193	0.919637468583773	-0.08036249461342
chr5:96740118:96740745:clu_11830	0.155347265226658	0.43810722713919	0.487262221963648	0.0491549948244582
chr5:96740118:96741266:clu_11830	-0.115350283698304	0.0196452342645823	0.0166677540779093	-0.00297748018667302
chr5:96740783:96741266:clu_11830	-0.0399969815283541	0.542247538596228	0.496070023958443	-0.0461775146377851
chr5:96762372:96765221:clu_11833	0.00399564231173421	0.75269774516458	0.754182267932346	0.00148452276776601
chr5:96762372:96765224:clu_11833	-0.00399564231173421	0.24730225483542	0.245817732067654	-0.00148452276776598
chr5:96900189:96901506:clu_11842	0.685917743949024	0.710373113669826	0.9062796297559	0.195906516086074
chr5:96900245:96901506:clu_11842	-0.685917743949024	0.289626886330174	0.0937203702441002	-0.195906516086074
chr5:98875113:98876398:clu_11855	0.00791173552194772	0.375891724881067	0.385180725214819	0.00928900033375174
chr5:98875113:98879552:clu_11855	0.0887249110701218	0.206275139294554	0.22916346845327	0.0228883291587165
chr5:98876558:98879552:clu_11855	-0.0966366465920695	0.41783313582438	0.385655806331911	-0.0321773294924683
chr5:112161295:112161703:clu_11884	-0.121578815886509	0.512728953632531	0.521312494596171	0.00858354096364
chr5:112161295:112162151:clu_11884	0.31373719135999	0.0272825597771407	0.0428697298456443	0.0155871700685036
chr5:112161775:112162151:clu_11884	-0.192158375473482	0.459988486590329	0.435817775558185	-0.0241707110321437
chr5:112864732:112867372:clu_11888	0.0375756101836256	0.778628216292001	0.791310235268185	0.0126820189761843
chr5:112864732:112867404:clu_11888	-0.0375756101836256	0.221371783707999	0.208689764731815	-0.0126820189761842
chr5:115895158:115902885:clu_11908	0.0484520282126111	0.510817533011276	0.516214497482785	0.0053969644715085
chr5:115895158:115913362:clu_11908	-0.0996043198229184	0.0839329897276474	0.0731470877633747	-0.0107859019642727
chr5:115902992:115913362:clu_11908	0.0511522916103074	0.405249477261077	0.410638414753841	0.00538893749276409
chr5:122775211:122795266:clu_11924	0.612410837832487	0.990402934452483	0.997161044719973	0.00675811026748963
chr5:122775762:122795266:clu_11924	-0.612410837832487	0.00959706554751665	0.00283895528002705	-0.0067581102674896
chr5:131159611:131160656:clu_11942	0.141328188247128	0.0191512302846945	0.0191934392967138	4.22090120192689e-05
chr5:131159611:131162572:clu_11942	0.157586651650854	0.931785646034852	0.949146174956407	0.0173605289215553
chr5:131162477:131162572:clu_11942	-0.298914839897982	0.0490631236804532	0.0316603857468787	-0.0174027379335745
chr5:131162676:131165060:clu_11943	-0.0454529033667133	0.0426535784129009	0.0390920330873688	-0.00356154532553213
chr5:131162676:131165095:clu_11943	0.0454529033667133	0.957346421587099	0.960907966912631	0.0035615453255321
chr5:131391108:131391829:clu_11946	0.195553021751313	0.393221598776062	0.48933054706992	0.0961089482938575
chr5:131391108:131391918:clu_11946	-0.195553021751313	0.606778401223938	0.51066945293008	-0.0961089482938576
chr5:132484075:132484362:clu_11963	-0.539286246300935	0.227111021790278	0.218362048155092	-0.00874897363518612
chr5:132484075:132485667:clu_11963	0.818506086210054	0.0059342292653479	0.0221811973860859	0.016246968120738
chr5:132484497:132485667:clu_11963	-0.623420955069681	0.277528065548049	0.245305122172684	-0.032222943375365
chr5:132484497:132486557:clu_11963	1.01052305902836	0.00523816292752234	0.0237242001781754	0.018486037250653
chr5:132485716:132486251:clu_11963	-0.567651696979445	0.194549872397886	0.181823887728758	-0.0127259846691289
chr5:132485716:132486557:clu_11963	0.523498025941041	0.0275423438722774	0.0766480638776482	0.0491057200053708
chr5:132486373:132486557:clu_11963	-0.622168272829397	0.262096304198639	0.231955480501557	-0.0301408236970818
chr5:132487130:132487926:clu_11965	-0.49249608554509	0.489300694102528	0.480234316540927	-0.00906637756160067
chr5:132487130:132489392:clu_11965	0.582401965242583	0.00543325544131612	0.0156228324261079	0.0101895769847918
chr5:132487130:132490545:clu_11965	1.55272693071075	0.00538342590364519	0.0408474706022302	0.0354640446985851
chr5:132488025:132489392:clu_11965	-0.549896786703386	0.264865014052646	0.245455714389609	-0.0194092996630366
chr5:132488025:132490545:clu_11965	-0.542870327513584	0.00574374521444032	0.00536037620098633	-0.000383369013453989
chr5:132489483:132490545:clu_11965	-0.549865696191274	0.229273865285425	0.212479289840139	-0.0167945754452856
chr5:132866687:132866869:clu_11971	0.0573335651454775	0.514159642503419	0.539564117916312	0.025404475412893
chr5:132866687:132867488:clu_11971	0.244249730959539	0.0405448963905798	0.0512929798401215	0.0107480834495417
chr5:132866691:132866869:clu_11971	-0.273686478534817	0.0951279220629554	0.0716956666807778	-0.0234322553821776
chr5:132867035:132867488:clu_11971	-0.0278968175702003	0.350167539043046	0.337447235562789	-0.012720303480257
chr5:134174022:134174462:clu_11996	-0.312346922207469	0.0696584404768969	0.0297461487447376	-0.0399122917321593
chr5:134174022:134176855:clu_11996	0.625015834435168	0.863862367913928	0.941874472162611	0.0780121042486832
chr5:134174514:134176855:clu_11996	-0.312668912227699	0.066479191609175	0.028379379092651	-0.0380998125165239
chr5:134199204:134200335:clu_11997	-0.162812902907277	0.349230948922383	0.282164888741918	-0.0670660601804654
chr5:134199204:134200985:clu_11997	0.354441802425874	0.362937409889543	0.49188417100394	0.128946761114397
chr5:134200496:134200985:clu_11997	-0.191628899518597	0.287831641188074	0.225950940254142	-0.0618807009339315
chr5:134738792:134741063:clu_12009	-0.514616402998856	0.395750685460052	0.261318109908954	-0.134432575551098
chr5:134738792:134743987:clu_12009	0.0487460253553353	0.0635650281222188	0.0737277991514022	0.0101627710291834
chr5:134738792:134750759:clu_12009	0.202977572017205	0.0989953067556018	0.133970612177617	0.0349753054220154
chr5:134741523:134743987:clu_12009	0.465386698124792	0.154569629437408	0.271945537965895	0.117375908528487
chr5:134744052:134750759:clu_12009	-0.202493892498476	0.28711935022472	0.259037940796132	-0.0280814094285878
chr5:134777624:134781133:clu_12010	-0.818959791266567	0.162666642532007	0.0363883784306995	-0.126278264101308
chr5:134777725:134781133:clu_12010	0.818959791266567	0.837333357467993	0.963611621569301	0.126278264101308
chr5:135335141:135343260:clu_12016	-0.507988230998214	0.647492068741823	0.540837990558914	-0.106654078182908
chr5:135335141:135345968:clu_12016	0.600018868051332	0.0101622291252331	0.0257053244079344	0.0155430952827013
chr5:135343434:135345968:clu_12016	-0.0920306370531181	0.342345702132944	0.433456685033151	0.0911109829002071
chr5:135346057:135350823:clu_12017	0.350601869291784	0.231718300795771	0.378144745257919	0.146426444462148
chr5:135346057:135352946:clu_12017	-0.350601869291784	0.768281699204229	0.621855254742081	-0.146426444462148
chr5:135350913:135360497:clu_12017_B	0.709602391890918	0.167534830264134	0.368463748183532	0.200928917919398
chr5:135353045:135360497:clu_12017_B	-0.354776182755389	0.690673157514843	0.523972497117512	-0.166700660397332
chr5:135359628:135360497:clu_12017_B	-0.354826209135529	0.141792012221023	0.107563754698956	-0.0342282575220666
chr5:135360604:135369406:clu_12018	0.192348592654343	0.528335315552759	0.622026830792818	0.0936915152400589
chr5:135360607:135369406:clu_12018	-0.192348592654343	0.471664684447241	0.377973169207182	-0.0936915152400589
chr5:138513706:138517561:clu_12043	-0.176165257248418	0.534414771865637	0.467099400129111	-0.0673153717365255
chr5:138513706:138518692:clu_12043	0.0813652859782617	0.0451622596408437	0.0510682072900214	0.00590594764917768
chr5:138517700:138518692:clu_12043	0.0947999712701562	0.42042296849352	0.481832392580867	0.0614094240873478
chr5:138561789:138566626:clu_12048	-0.200222187357782	0.456122906265878	0.394448338100969	-0.0616745681649093
chr5:138561789:138567001:clu_12048	0.180903180387158	0.104529176642128	0.132332470830124	0.0278032941879958
chr5:138566718:138567001:clu_12048	0.0193190069706231	0.439347917091994	0.473219191068907	0.0338712739769134
chr5:138573850:138574068:clu_12050	-0.0623909502675531	0.577642134391724	0.558182543731901	-0.0194595906598227
chr5:138573850:138575238:clu_12050	0.0686982956061966	0.127431377925065	0.140386420825445	0.0129550429003799
chr5:138574126:138575238:clu_12050	-0.00630734533864347	0.294926487683212	0.301431035442655	0.00650454775944292
chr5:139293772:139307239:clu_12056	-0.0668870943299783	0.0616460144635121	0.0489228972018684	-0.0127231172616437
chr5:139293772:139314675:clu_12056	-0.154702047013073	0.0692019865220901	0.0503023386013465	-0.0188996479207437
chr5:139293805:139307239:clu_12056	0.284256458512073	0.241657941338218	0.272463256415025	0.0308053150768068
chr5:139293805:139314675:clu_12056	-0.344211392557699	0.14771224705012	0.08883482609669	-0.05887742095343
chr5:139308327:139314675:clu_12056	0.281544075388677	0.47978181062606	0.53947668168507	0.0596948710590106
chr5:139476454:139477329:clu_12063	-0.297298907109489	0.463183228948758	0.397834904610076	-0.0653483243386819
chr5:139476454:139478270:clu_12063	0.402654374889563	0.0631731090239276	0.109261751181722	0.0460886421577944
chr5:139477515:139478270:clu_12063	-0.105355467780074	0.473643662027315	0.492903344208202	0.0192596821808875
chr5:139478508:139480790:clu_12064	0.391958811992485	0.880248172708892	0.941513901005167	0.0612657282962744
chr5:139479204:139480790:clu_12064	-0.391958811992485	0.119751827291107	0.0584860989948331	-0.0612657282962743
chr5:139561815:139600372:clu_12065	0.281956281071753	0.829078876987926	0.895015252164106	0.0659363751761806
chr5:139562407:139600372:clu_12065	-0.281956281071753	0.170921123012074	0.104984747835894	-0.0659363751761807
chr5:140281533:140300416:clu_12068	-0.415945872922321	0.352688795665772	0.290081229649087	-0.0626075660166848
chr5:140281533:140303041:clu_12068	0.643276594737227	0.0485886366556426	0.115259611358946	0.0666709747033037
chr5:140300582:140303041:clu_12068	-0.227330721814905	0.598722567678586	0.594659158991967	-0.00406340868661903
chr5:141529273:141529603:clu_12108	-0.212419050633892	0.480012375040176	0.447893714289579	-0.0321186607505972
chr5:141529273:141534335:clu_12108	0.356655824645345	0.050310782340142	0.0829334405106696	0.0326226581705276
chr5:141529697:141534335:clu_12108	-0.144236774011453	0.469676842619682	0.469172845199752	-0.000503997419930458
chr5:141587197:141618798:clu_12110	0.114178313585886	0.889853348582078	0.910324262984169	0.0204709144020909
chr5:141588250:141618798:clu_12110	-0.114178313585886	0.110146651417922	0.0896757370158306	-0.020470914402091
chr5:142135817:142137734:clu_12133	0.186363952855884	0.42287662646621	0.442508031361629	0.0196314048954194
chr5:142135817:142140563:clu_12133	-0.357280248717446	0.0879047300362256	0.0534094423933617	-0.0344952876428639
chr5:142137858:142140563:clu_12133	0.170916295861562	0.489218643497564	0.504082526245009	0.0148638827474445
chr5:149525171:149550075:clu_12175	-0.785180727156336	0.912494567008575	0.684411413442874	-0.2280831535657
chr5:149549513:149550075:clu_12175	0.785180727156336	0.0875054329914254	0.315588586557126	0.2280831535657
chr5:150402625:150403121:clu_12186	-0.10814377242367	0.0879805322614641	0.0678011798904296	-0.0201793523710345
chr5:150402625:150404680:clu_12186	0.207643291458869	0.798848196180408	0.844227519334395	0.0453793231539869
chr5:150403312:150404680:clu_12186	-0.0994995190351985	0.113171271558128	0.0879713007751752	-0.0251999707829523
chr5:151030673:151032287:clu_12196	0.179106437614752	0.0574985279320138	0.0802787811597873	0.0227802532277736
chr5:151030747:151032287:clu_12196	-0.179106437614752	0.942501472067986	0.919721218840213	-0.0227802532277737
chr5:151063747:151064960:clu_12200	-0.00462577223763452	0.435431471919011	0.439238520205283	0.00380704828627182
chr5:151063747:151080880:clu_12200	0.0526848420496307	0.151040120886119	0.161347638066105	0.0103075171799855
chr5:151065131:151080880:clu_12200	-0.0480590698119962	0.41352840719487	0.399413841728612	-0.0141145654662573
chr5:151109846:151110627:clu_12202	0.0827416074102723	0.412171140378231	0.428640050291989	0.0164689099137587
chr5:151109846:151117127:clu_12202	-0.136509371750334	0.128527740800383	0.1073476522838	-0.0211800885165837
chr5:151110644:151117127:clu_12202	0.0537677643400616	0.459301118821386	0.464012297424211	0.00471117860282511
chr5:154858768:154863207:clu_12228	0.102380867318724	0.208155331466582	0.230310375774041	0.0221550443074597
chr5:154858768:154865192:clu_12228	-0.0987916445297879	0.202958748573699	0.183639300402918	-0.0193194481707815
chr5:154863395:154865192:clu_12228	-0.00358922278893621	0.58888591995972	0.586050323823041	-0.00283559613667828
chr5:154865385:154867692:clu_12228_B	0.145700349810489	0.130391625396207	0.157443473653243	0.0270518482570357
chr5:154865385:154870661:clu_12228_B	-0.075309853594226	0.713670612678682	0.69085875561624	-0.0228118570624415
chr5:154867792:154870661:clu_12228_B	-0.0703904962162629	0.155937761925111	0.151697770730517	-0.00423999119459428
chr5:171405403:171406397:clu_12300	0.304844480999988	0.144124253238448	0.236536921955187	0.092412668716739
chr5:171405403:171407700:clu_12300	-0.304844480999988	0.855875746761552	0.763463078044813	-0.092412668716739
chr5:172090362:172092427:clu_12307	0.245947143816103	0.0689560885353385	0.108037832633094	0.0390817440977555
chr5:172090362:172093412:clu_12307	-0.245947143816103	0.931043911464662	0.891962167366906	-0.0390817440977557
chr5:172983964:172994775:clu_12318	0.732950559631942	0.912570961439262	0.978360111039319	0.0657891496000573
chr5:172986760:172994775:clu_12318	-0.732950559631942	0.0874290385607383	0.0216398889606811	-0.0657891496000573
chr5:173080784:173086501:clu_12319	-0.195033457835698	0.853465235862628	0.797699088804166	-0.0557661470584618
chr5:173080798:173086501:clu_12319	0.195033457835698	0.146534764137372	0.202300911195834	0.0557661470584619
chr5:176531012:176531463:clu_12343	-0.268122083536781	0.280796594037319	0.185917627421119	-0.0948789666161993
chr5:176531021:176531463:clu_12343	0.268122083536781	0.719203405962681	0.814082372578881	0.0948789666161993
chr5:176532129:176532366:clu_12345	-0.0172162540633129	0.6715262884126	0.6638868450115	-0.00763944340110057
chr5:176532193:176532366:clu_12345	0.0172162540633129	0.3284737115874	0.3361131549885	0.00763944340110045
chr5:176532516:176536463:clu_12346	-0.285781119364662	0.182205071979262	0.11936231183567	-0.0628427601435915
chr5:176532516:176536940:clu_12346	-0.286832291208507	0.430159856045015	0.281501115142455	-0.14865874090256
chr5:176532516:176537731:clu_12346	0.572613410573169	0.387635071975723	0.599136573021875	0.211501501046152
chr5:176958154:176968555:clu_12359	-0.739387813106639	0.261471221431645	0.116155611537084	-0.145315609894561
chr5:176958154:176970742:clu_12359	0.615679703918213	0.158574233739308	0.273116077657506	0.114541843918198
chr5:176969706:176970742:clu_12359	0.123708109188425	0.579954544829047	0.610728310805409	0.0307737659763627
chr5:177371396:177371475:clu_12385	0.177046794678144	0.380499598876499	0.437413503185199	0.0569139043086999
chr5:177371396:177371873:clu_12385	-0.20272406494406	0.245530032822985	0.193067963531431	-0.0524620692915536
chr5:177371589:177371873:clu_12385	0.025677270265916	0.373970368300516	0.369518533283369	-0.00445183501714635
chr5:177430967:177431995:clu_12386	-0.230917262570644	0.450977004027243	0.42263557161846	-0.0283414324087828
chr5:177430967:177432233:clu_12386	0.406721653872136	0.0430373909350028	0.0763098584576386	0.0332724675226358
chr5:177432107:177432233:clu_12386	-0.175804391301492	0.505985605037754	0.501054569923901	-0.00493103511385296
chr5:177433239:177433347:clu_12387	-0.0292099725563259	0.958806914883496	0.956436692042151	-0.00237022284134525
chr5:177433239:177433351:clu_12387	0.0292099725563259	0.0411930851165038	0.043563307957849	0.00237022284134517
chr5:177433669:177433914:clu_12388	-0.234665562182212	0.094884797624677	0.061529778991344	-0.033355018633333
chr5:177433676:177433914:clu_12388	0.234665562182212	0.905115202375323	0.938470221008656	0.033355018633333
chr5:177522071:177523957:clu_12397	0.927740684820749	0.855947609414588	0.974357158573701	0.118409549159113
chr5:177523265:177523957:clu_12397	-0.927740684820749	0.144052390585412	0.0256428414262991	-0.118409549159113
chr5:177525205:177531282:clu_12400	0.0782733493742376	0.404421706141872	0.379390473139698	-0.0250312330021743
chr5:177525205:177532443:clu_12400	0.217762915751969	0.0761069996277115	0.0820835468477149	0.00597654722000336
chr5:177531521:177531953:clu_12400	0.110592296798693	0.173551775923193	0.168157780586376	-0.00539399533681642
chr5:177531521:177532443:clu_12400	0.848279633910425	0.112515570236516	0.227968094993289	0.115452524756773
chr5:177532131:177532443:clu_12400	-1.05595616206251	0.0575353942906983	0.0173619075670435	-0.0401734867236548
chr5:177532200:177532443:clu_12400	-0.198952033772817	0.175868553780009	0.125038196865878	-0.0508303569141306
chr5:177536486:177537873:clu_12401	-0.214606870093735	0.10890637319409	0.0737014108401997	-0.0352049623538905
chr5:177536745:177537873:clu_12401	0.214606870093735	0.89109362680591	0.9262985891598	0.0352049623538904
chr5:177539042:177553168:clu_12402	0.145113985579963	0.123920511029292	0.139138808359262	0.0152182973299698
chr5:177539147:177547168:clu_12402	0.00495295783772797	0.209943536663596	0.204897392605126	-0.00504614405847054
chr5:177539147:177553168:clu_12402	0.197908740267254	0.399985487385071	0.473453998460943	0.0734685110758717
chr5:177547228:177553168:clu_12402	-0.347975683684946	0.266150464922041	0.18250980057467	-0.0836406643473711
chr5:178209447:178210132:clu_12420	-0.362469883629496	0.255407759591517	0.179452667488932	-0.0759550921025845
chr5:178209447:178210553:clu_12420	0.464978795545827	0.204125252856676	0.32807184572308	0.123946592866404
chr5:178210272:178210553:clu_12420	-0.102508911916332	0.540466987551807	0.492475486787988	-0.0479915007638195
chr5:178211970:178212973:clu_12422	0.0115930495464912	0.433635229750737	0.437982665121436	0.00434743537069887
chr5:178211970:178214796:clu_12422	-0.00533819245207784	0.102910684765467	0.102197362259727	-0.000713322505740313
chr5:178213103:178214796:clu_12422	-0.00625485709441334	0.463454085483796	0.459819972618837	-0.00363411286495857
chr5:178214885:178215276:clu_12423	0.0541543654237719	0.549588761336066	0.573524266068532	0.0239355047324653
chr5:178214885:178222355:clu_12423	-1.18089828874628e-06	0.0901190425092032	0.0890863300889533	-0.00103271242024988
chr5:178215430:178222355:clu_12423	-0.0541531845254831	0.36029219615473	0.337389403842515	-0.0229027923122154
chr5:178222934:178224448:clu_12423_B	-0.0653478938630788	0.717805926006975	0.69059627356391	-0.0272096524430646
chr5:178222934:178224616:clu_12423_B	0.0653478938630787	0.282194073993025	0.30940372643609	0.0272096524430647
chr5:179614959:179615546:clu_12435	-0.143421609151688	0.369757283746277	0.349233865910962	-0.0205234178353155
chr5:179614959:179616126:clu_12435	0.220340272115652	0.0417033788935088	0.0566696636873217	0.0149662847938129
chr5:179615595:179616126:clu_12435	-0.0769186629639639	0.588539337360214	0.594096470401717	0.00555713304150252
chr5:179616218:179616869:clu_12436	-0.003606701625775	0.908688760511589	0.90480406226559	-0.00388469824599869
chr5:179616218:179616899:clu_12436	0.13145680324626	0.0572273243212768	0.0652229084441786	0.00799558412290188
chr5:179616218:179617021:clu_12436	-0.127850101620485	0.0340839151671347	0.0299730292902314	-0.00411088587690327
chr5:179618323:179619269:clu_12438	-0.0138070324873222	0.437332519053512	0.431638530080151	-0.00569398897336137
chr5:179618323:179620892:clu_12438	-0.215115258849809	0.309336746171099	0.249639264475611	-0.0596974816954886
chr5:179619407:179620892:clu_12438	0.228922291337132	0.253330734775389	0.318722205444239	0.0653914706688498
chr5:179623164:179623595:clu_12439	0.119973136058152	0.392499640158928	0.450940633144521	0.0584409929855932
chr5:179623164:179623636:clu_12439	-0.119973136058152	0.607500359841072	0.549059366855479	-0.0584409929855934
chr5:179699049:179705679:clu_12440	-0.57368895023215	0.124896684743621	0.0433457666185152	-0.0815509181251063
chr5:179699102:179705679:clu_12440	0.57368895023215	0.875103315256379	0.956654233381485	0.0815509181251064
chr5:179708380:179708978:clu_12441	0.584088110491527	0.414417960851142	0.447409910156295	0.0329919493051529
chr5:179708380:179709873:clu_12441	-1.09386462366519	0.0428812543648436	0.00864587391091417	-0.0342353804539295
chr5:179709059:179709873:clu_12441	0.509776513173665	0.542700784784014	0.543944215932791	0.00124343114877645
chr5:180793097:180802680:clu_12472	1.718430940714	0.0749157343637205	0.474128118004732	0.399212383641011
chr5:180793097:180803602:clu_12472	0.0925129326749292	0.330024759327516	0.41090551934122	0.0808807600137041
chr5:180793097:180808648:clu_12472	-3.00392673462142	0.572956059134398	0.0322515140381357	-0.540704545096262
chr5:180795875:180802680:clu_12472	1.19298286123249	0.022103447174366	0.0827148486159125	0.0606114014415465
chr6:311962:335114:clu_21185	-0.0865623903759239	0.468872719130236	0.414938534251859	-0.0539341848783772
chr6:311962:345854:clu_21185	-0.201022843187987	0.197575886537409	0.155938445390955	-0.0416374411464538
chr6:335163:345854:clu_21185	0.287585233563911	0.333551394332355	0.429123020357186	0.0955716260248309
chr6:2838686:2840419:clu_21194	0.661567781730534	0.855702911816384	0.957023912719537	0.101321000903153
chr6:2838686:2840445:clu_21194	-0.661567781730534	0.144297088183616	0.042976087280463	-0.101321000903153
chr6:2840594:2841216:clu_21195	-0.104235983929724	0.0414027484423273	0.0188516119685395	-0.0225511364737877
chr6:2840594:2841812:clu_21195	0.77028517214019	0.88001528204716	0.960747463234942	0.0807321811877821
chr6:2841475:2841812:clu_21195	-0.666049188210466	0.0785819695105126	0.020400924796518	-0.0581810447139946
chr6:4062299:4062557:clu_21216	-0.198228484598347	0.444776851244371	0.393339897988869	-0.0514369532555022
chr6:4062299:4063074:clu_21216	0.417058655821902	0.163214701762859	0.267055121100456	0.103840419337597
chr6:4062633:4063074:clu_21216	-0.218830171223555	0.392008446992769	0.339604980910675	-0.0524034660820947
chr6:11306155:11382139:clu_21249	-1.17334616181708	0.948396030899876	0.637488780944621	-0.310907249955255
chr6:11352780:11382139:clu_21249	1.17334616181708	0.0516039691001239	0.362511219055379	0.310907249955255
chr6:16129409:16130557:clu_21278	-0.159109718842339	0.505207810636542	0.460651096589864	-0.0445567140466785
chr6:16129409:16141625:clu_21278	0.301940103668569	0.15563107197832	0.225024474295457	0.0693934023171368
chr6:16130747:16141625:clu_21278	-0.142830384826229	0.339161117385138	0.314324429114679	-0.0248366882704584
chr6:16143217:16143699:clu_21279	-0.0739749317608509	0.643154420367532	0.608528694830465	-0.034625725537067
chr6:16143217:16144897:clu_21279	0.073974931760851	0.356845579632468	0.391471305169535	0.0346257255370671
chr6:24708911:24714318:clu_21320	-0.218757113559489	0.760180255561976	0.671759491609362	-0.0884207639526139
chr6:24710589:24714318:clu_21320	0.218757113559489	0.239819744438024	0.328240508390638	0.0884207639526139
chr6:24832391:24835703:clu_21324	-0.247021710065051	0.211336100746941	0.204815054256765	-0.0065210464901769
chr6:24832391:24842862:clu_21324	0.0353272791369442	0.0220706705431124	0.0283678433839479	0.00629717284083554
chr6:24835871:24839091:clu_21324	-0.301239471326268	0.17300161610073	0.158815128465781	-0.0141864876349489
chr6:24835871:24842862:clu_21324	-0.674748062870364	0.0252275050351892	0.0159405496152067	-0.00928695541998258
chr6:24839272:24842862:clu_21324	-0.487424610905217	0.170984508017387	0.130298463500324	-0.0406860445170634
chr6:24839596:24842862:clu_21324	-0.104767043968469	0.00572326786432043	0.00639458955107304	0.000671321686752619
chr6:24839599:24840712:clu_21324	1.41001570146284	0.00496104331506707	0.0252117741304966	0.0202507308154296
chr6:24839599:24842862:clu_21324	0.612377448195299	0.040827336834099	0.0934483308788052	0.0526209940447062
chr6:24840775:24842862:clu_21324	-0.242519529659715	0.345867951543153	0.336708266217601	-0.00915968532555217
chr6:24843554:24848025:clu_21325	-0.0074169974839494	0.515302889827863	0.523378966238133	0.00807607641027042
chr6:24843554:24849802:clu_21325	0.0607284869246648	0.0547030071771856	0.0594785121673754	0.00477550499018983
chr6:24848154:24849802:clu_21325	-0.0533114894407154	0.429994102994952	0.417142521594491	-0.0128515814004603
chr6:24852618:24852733:clu_21327	2.3712332889712	0.0709646156150644	0.024797440052311	-0.0461671755627533
chr6:24852618:24860973:clu_21327	3.51177982605811	0.89206248150211	0.97519919889842	0.0831367173963095
chr6:24852915:24860973:clu_21327	-5.88301311502931	0.0369729028828254	3.36104926930667e-06	-0.0369695418335561
chr6:26370603:26372897:clu_21345	-0.0619832594998303	0.509348760585201	0.54841301442241	0.039064253837209
chr6:26370603:26373276:clu_21345	0.434308525414306	0.0656198626399144	0.116055198666986	0.0504353360270715
chr6:26373097:26373276:clu_21345	-0.372325265914475	0.425031376774885	0.335531786910605	-0.0894995898642804
chr6:26411581:26412412:clu_21355	0.0417139935186377	0.0682968327426422	0.0961258568172761	0.0278290240746339
chr6:26411581:26412705:clu_21355	0.476662181917842	0.113017212400763	0.245742260766739	0.132725048365976
chr6:26411581:26413169:clu_21355	-0.51837617543648	0.818685954856595	0.658131882415985	-0.16055407244061
chr6:26459828:26462797:clu_21361	-0.621003922107205	0.60274220405791	0.463315378190661	-0.139426825867249
chr6:26459828:26463244:clu_21361	0.962711977542728	0.0487032444127279	0.182432446709495	0.133729202296767
chr6:26462897:26463244:clu_21361	-0.341708055435522	0.348554551529362	0.354252175099844	0.00569762357048192
chr6:26463525:26465185:clu_21362	-0.241449587972589	0.742793420048119	0.640524010203918	-0.102269409844202
chr6:26463525:26465218:clu_21362	0.241449587972589	0.257206579951881	0.359475989796082	0.102269409844202
chr6:29723927:29724173:clu_21381	0.455168519612867	0.913647825533228	0.963362174440966	0.0497143489077374
chr6:29723927:29724190:clu_21381	-0.455168519612867	0.0863521744667715	0.0366378255590342	-0.0497143489077373
chr6:29725563:29726011:clu_21383	0.403636937437963	0.586479472874851	0.562216469009377	-0.0242630038654741
chr6:29725563:29726883:clu_21383	0.278908128499768	0.0125811917447907	0.0106464175461424	-0.00193477419864825
chr6:29726043:29726403:clu_21383	0.554426492779346	0.379654817880995	0.423181559243481	0.0435267413624859
chr6:29726043:29726883:clu_21383	-1.23697155871708	0.021284517499363	0.00395555420099958	-0.0173289632983635
chr6:29888742:29889328:clu_21385	0.176458986243838	0.094013320029048	0.117624700725615	0.023611380696567
chr6:29888742:29944122:clu_21385	-0.118645519895911	0.246638501846485	0.229724733681311	-0.0169137681651734
chr6:29943543:29944122:clu_21385	-0.0578134663479276	0.659348178124467	0.652650565593074	-0.00669761253139356
chr6:29889604:29889707:clu_21386	0.920344146995834	0.0386410886008287	0.128476205196403	0.0898351165955743
chr6:29889604:29944500:clu_21386	-0.295347194480958	0.108761902414007	0.10722155506172	-0.00154034735228706
chr6:29928328:29944500:clu_21386	-0.190236128148802	0.139585103031633	0.1528598868286	0.0132747837969677
chr6:29944397:29944500:clu_21386	-0.434760824366074	0.713011905953531	0.611442352913276	-0.101569553040255
chr6:29944616:29945059:clu_21386_B	-0.00794395367335353	0.703814769268648	0.70049209385319	-0.0033226754154585
chr6:29944616:30009145:clu_21386_B	0.00794395367335353	0.296185230731352	0.29950790614681	0.0033226754154585
chr6:29890296:29890439:clu_21387	0.173332229654983	0.249321283059687	0.306866914112293	0.057545631052606
chr6:29890296:29945234:clu_21387	-0.394944504635662	0.465166036882073	0.3243390654961	-0.140826971385973
chr6:29945091:29945234:clu_21387	0.221612274980679	0.28551268005824	0.368794020391607	0.0832813403333673
chr6:29888250:29926956:clu_21390	0.0656648566639756	0.218098987473544	0.241321248913288	0.0232222614397434
chr6:29888250:29943053:clu_21390	-0.0656648566639756	0.781901012526456	0.758678751086712	-0.0232222614397435
chr6:29888683:29934229:clu_21395	-0.0140210129829928	0.15842978237928	0.154726657426342	-0.00370312495293815
chr6:29927394:29934229:clu_21395	0.0140210129829928	0.84157021762072	0.845273342573658	0.00370312495293823
chr6:29889554:29896877:clu_21398	-0.669768271720569	0.744728910171405	0.433191318936233	-0.311537591235172
chr6:29889554:29944348:clu_21398	0.669768271720569	0.255271089828595	0.566808681063767	0.311537591235172
chr6:30061669:30061917:clu_21404	0.612663363648378	0.323179750283151	0.475368900691637	0.152189150408487
chr6:30061669:30062224:clu_21404	-0.777146952129677	0.194204703582913	0.0711638471616512	-0.123040856421262
chr6:30062017:30062224:clu_21404	0.164483588481299	0.482615546133936	0.453467252146711	-0.0291482939872247
chr6:30246223:30261587:clu_21409	-0.00391508437786578	0.0708395838638486	0.0703259204239725	-0.000513663439876022
chr6:30261479:30261587:clu_21409	0.00391508437786572	0.929160416136151	0.929674079576028	0.000513663439876133
chr6:30679389:30684408:clu_21436	-1.23025532266214	0.975781783485937	0.861943497728888	-0.113838285757049
chr6:30679389:30687114:clu_21436	-0.154882418738671	0.0162766672521082	0.0421424805445352	0.025865813292427
chr6:30686046:30687114:clu_21436	1.38513774140081	0.00794154926195441	0.0959140217265766	0.0879724724646222
chr6:30741333:30741614:clu_21445	0.325566158565819	0.312794870383126	0.336433883343218	0.0236390129600921
chr6:30741333:30741792:clu_21445	-0.262665873238859	0.0333670018440986	0.0199292688563751	-0.0134377329877235
chr6:30741333:30742147:clu_21445	-0.653228799360956	0.0666668792338265	0.0269441807218529	-0.0397226985119737
chr6:30741704:30741792:clu_21445	0.379993056433327	0.30403843629323	0.345307409857013	0.041268973563783
chr6:30741867:30742147:clu_21445	0.210335457600667	0.283132812245719	0.271385257221541	-0.0117475550241778
chr6:31269525:31269966:clu_21459	-0.152514192307046	0.207572003247525	0.200242665902371	-0.00732933734515401
chr6:31269525:31355107:clu_21459	-0.0655562175781196	0.0245652335443367	0.0258508071539753	0.00128557360963861
chr6:31269525:31355317:clu_21459	-0.0629261610833173	0.0167028526433656	0.01762325312861	0.000920400485244357
chr6:31269543:31269966:clu_21459	0.532673418331322	0.00534841406376668	0.0102373148998006	0.00488890083603388
chr6:31270085:31270210:clu_21459	-0.0786277939476234	0.0421246073410194	0.0437534358395787	0.0016288284985593
chr6:31270085:31355317:clu_21459	-0.131399555060617	0.255764418173706	0.251998489645675	-0.00376592852803165
chr6:31354665:31355107:clu_21459	-0.136756260145205	0.230186697060086	0.225585741634226	-0.00460095542585981
chr6:31354665:31355317:clu_21459	0.249340407374959	0.0313742530788105	0.0452360288640828	0.0138617757852723
chr6:31355223:31355317:clu_21459	-0.154233645584353	0.186361520847384	0.179472262931681	-0.00688925791570294
chr6:31271348:31271599:clu_21460	0.0781602385938496	0.298080737700448	0.301856440218566	0.00377570251811798
chr6:31271348:31356688:clu_21460	-0.203296145267156	0.157689631406732	0.12051322744659	-0.0371764039601421
chr6:31356442:31356688:clu_21460	0.125135906673306	0.54422963089282	0.577630332334844	0.033400701442024
chr6:31271868:31271999:clu_21461	0.0412010801479226	0.244813273107739	0.259838294924988	0.0150250218172489
chr6:31271868:31357086:clu_21461	0.0063888444985799	0.124898218652261	0.128028211853821	0.00312999320156035
chr6:31356957:31357086:clu_21461	-0.0475899246465025	0.63028850824	0.612133493221191	-0.0181550150188093
chr6:31271142:31356201:clu_21463	0.438154985293151	0.171665654493984	0.332353831724167	0.160688177230184
chr6:31271142:31356237:clu_21463	-0.438154985293151	0.828334345506016	0.667646168275833	-0.160688177230184
chr6:31531178:31531296:clu_21468	0.215575071919965	0.0698745593252662	0.0689159726410857	-0.000958586684180571
chr6:31531181:31531296:clu_21468	-0.465676121815623	0.0354624668553206	0.0176972634733084	-0.0177652033820121
chr6:31531197:31531296:clu_21468	0.250101049895658	0.894662973819413	0.913386763885606	0.0187237900661926
chr6:31532911:31535367:clu_21469	1.26087196923274	0.62989121865067	0.91856878575398	0.28867756710331
chr6:31534854:31535367:clu_21469	-0.630435978458359	0.162973381035283	0.0358573507782606	-0.127116030257023
chr6:31535017:31535367:clu_21469	-0.630435990774377	0.207135400314047	0.0455738634677593	-0.161561536846287
chr6:31536683:31538763:clu_21470	-0.403397594244687	0.281607091071934	0.269128867812546	-0.0124782232593882
chr6:31536683:31540322:clu_21470	0.398912559144754	0.00728303876856996	0.0155263078191198	0.0082432690505498
chr6:31538855:31539147:clu_21470	-0.402624560205921	0.297598922122873	0.284632033958009	-0.0129668881648646
chr6:31538855:31540322:clu_21470	0.810505573836833	0.0157066290009531	0.0505348674576559	0.0348282384567027
chr6:31539274:31540322:clu_21470	-0.403395978530979	0.39780431903567	0.38017792295267	-0.0176263960829997
chr6:31540401:31541950:clu_21471	0.263326249565982	0.0385995154051422	0.0497035913058085	0.0111040759006663
chr6:31540534:31541950:clu_21471	0.245051734549311	0.564999671147227	0.714360760923202	0.149361089775976
chr6:31540664:31541950:clu_21471	-0.508377984115293	0.396400813447631	0.235935647770989	-0.160465165676642
chr6:31587318:31587581:clu_21476	-0.939059079279434	0.0195689931722073	0.0139785434346789	-0.00559044973752837
chr6:31587318:31587641:clu_21476	-0.789673081002198	0.191913796327109	0.159175839761885	-0.0327379565652237
chr6:31587318:31587944:clu_21476	-0.42758649418094	0.071633408435321	0.085337276018254	0.013703867582933
chr6:31587318:31588497:clu_21476	5.504896431799	2.60652799010967e-05	0.0117092789299079	0.0116832136500068
chr6:31587318:31588518:clu_21476	-0.104882486562198	0.119728242868098	0.196955602266767	0.0772273593986688
chr6:31587318:31588563:clu_21476	-0.79656067399858	0.202416662864712	0.166734691468429	-0.0356819713962828
chr6:31587733:31587944:clu_21476	-0.889315062014114	0.121388366797646	0.0911326625825978	-0.0302557042150485
chr6:31587733:31588518:clu_21476	-0.822743417709075	0.0500398741024329	0.0401536377715286	-0.00988623633090432
chr6:31587733:31588563:clu_21476	0.13479688116261	0.0209552614266147	0.0438082837820235	0.0228530223554088
chr6:31587966:31588497:clu_21476	-0.231611232793837	0.0104578055595319	0.0151556545379953	0.00469784897846339
chr6:31587966:31588518:clu_21476	-0.764758218711871	0.181484315871626	0.15432292247703	-0.0271613933945964
chr6:31587966:31588563:clu_21476	0.126496433290638	0.0103872072948003	0.0215356069689035	0.0111483996741032
chr6:31620858:31622690:clu_21481	-0.382338148360709	0.31390620949273	0.175578398870059	-0.138327810622671
chr6:31620858:31622727:clu_21481	0.382338148360709	0.68609379050727	0.824421601129941	0.138327810622671
chr6:31625611:31625792:clu_21482	-0.311227127069997	0.610462630690266	0.546734566634043	-0.0637280640562229
chr6:31625611:31626020:clu_21482	0.757277426159263	0.0813358006235805	0.212053197741753	0.130717397118173
chr6:31625871:31626020:clu_21482	-0.446050299089266	0.308201568686153	0.241212235624203	-0.06698933306195
chr6:31632992:31633379:clu_21486	-0.229344106840292	0.517418001488357	0.511340250134905	-0.00607775135345223
chr6:31632992:31633859:clu_21486	0.545688196927262	0.0415443922133389	0.089119575237677	0.0475751830243381
chr6:31633647:31633859:clu_21486	-0.316344090086971	0.441037606298304	0.399540174627418	-0.0414974316708857
chr6:31636608:31636733:clu_21489	-0.628084665695276	0.430834454057452	0.361835190441271	-0.0689992636161813
chr6:31636608:31637042:clu_21489	1.25617167487469	0.0341655823763231	0.188847541116996	0.154681958740673
chr6:31636945:31637042:clu_21489	-0.628087009179414	0.534999963566225	0.449317268441733	-0.0856826951244919
chr6:31639226:31639500:clu_21491	-0.0485395344762525	0.277356486152807	0.263618172128825	-0.013738314023982
chr6:31639226:31640199:clu_21491	0.0689585063436267	0.327630661455276	0.350227550927587	0.022596889472311
chr6:31639646:31640199:clu_21491	-0.0204189718673742	0.395012852391917	0.386154276943588	-0.00885857544832908
chr6:31644194:31644307:clu_21495	-0.306962465414624	0.391084802961856	0.296232546039081	-0.0948522569227752
chr6:31644194:31644525:clu_21495	0.314411307046422	0.209964004995648	0.296050555176388	0.0860865501807395
chr6:31644414:31644525:clu_21495	-0.00744884163179757	0.398951192042495	0.407716898784531	0.00876570674203575
chr6:31651776:31652247:clu_21499	-0.34688005232297	0.229386534628326	0.156266540055073	-0.073119994573253
chr6:31651776:31652400:clu_21499	-0.0438606100761501	0.264685958903891	0.244134215934346	-0.0205517429695446
chr6:31651776:31652424:clu_21499	0.22424778414892	0.350290876213523	0.422439548173409	0.0721486719598855
chr6:31651776:31652513:clu_21499	0.1664928782502	0.15563663025426	0.177159695837172	0.0215230655829121
chr6:31835057:31835411:clu_21520	0.325518969116814	0.0345324573430571	0.0641834021148745	0.0296509447718173
chr6:31835200:31835411:clu_21520	-0.325518969116814	0.965467542656943	0.935816597885126	-0.0296509447718174
chr6:31835451:31836424:clu_21521	-0.333926232747821	0.143568568795377	0.0783582935654001	-0.065210275229977
chr6:31835451:31837236:clu_21521	0.40487602486033	0.724921856215878	0.828274967578028	0.10335311136215
chr6:31836517:31837236:clu_21521	-0.0709497921125094	0.131509574988745	0.0933667388565724	-0.0381428361321724
chr6:31961094:31961196:clu_21530	-0.0202229411166264	0.334446658385903	0.373980283177027	0.0395336247911237
chr6:31961094:31961547:clu_21530	0.426233789720743	0.121564632877593	0.212433391427534	0.0908687585499411
chr6:31961386:31961547:clu_21530	-0.406010848604117	0.543988708736504	0.413586325395439	-0.130402383341065
chr6:32191870:32192148:clu_21549	0.431529516967315	0.0391357253232738	0.0607298098664741	0.0215940845432003
chr6:32191908:32192148:clu_21549	-0.0260829152011266	0.471077324749468	0.462575024049301	-0.0085023007001675
chr6:32191908:32192472:clu_21549	-0.416655411355877	0.0256553291592018	0.0170468480978933	-0.00860848106130846
chr6:32192250:32192472:clu_21549	-0.0191511806402749	0.449715951625295	0.444670876603137	-0.00504507502215817
chr6:32192272:32192472:clu_21549	0.0303599902299642	0.0144156691427613	0.0149774413831952	0.000561772240433875
chr6:32580270:32580746:clu_21556_B	-2.81305625009402	0.437028246515547	0.430913075532581	-0.00611517098296649
chr6:32580270:32581557:clu_21556_B	5.62611250018803	3.069222898403e-06	0.0139956481074446	0.0139925788845462
chr6:32580856:32581557:clu_21556_B	-2.81305625009402	0.562968684261554	0.555091276359975	-0.00787740790157965
chr6:32830806:32831149:clu_21565	-0.178899727503644	0.0837587626918373	0.0600788371539217	-0.0236799255379156
chr6:32830806:32832333:clu_21565	0.178899727503644	0.916241237308163	0.939921162846078	0.0236799255379156
chr6:32832824:32835154:clu_21566	-0.189642827570178	0.949961637566041	0.928531398765782	-0.021430238800259
chr6:32834504:32835154:clu_21566	0.189642827570178	0.0500383624339595	0.0714686012342184	0.0214302388002589
chr6:32843089:32843850:clu_21569	0.871896414526678	0.522458819937075	0.862200557860649	0.339741737923574
chr6:32843089:32844279:clu_21569	-0.871896414526678	0.477541180062925	0.137799442139351	-0.339741737923574
chr6:32844274:32845330:clu_21570	0.417043785134708	0.153947684855477	0.210882882849287	0.0569351979938094
chr6:32844274:32845418:clu_21570	0.313113215722801	0.413310137829011	0.510279067177403	0.0969689293483922
chr6:32844870:32845330:clu_21570	-0.423313604453279	0.117526448706176	0.0694770234352465	-0.0480494252709296
chr6:32844870:32845418:clu_21570	-0.306843396404231	0.315215728609336	0.209361026538064	-0.105854702071272
chr6:32847204:32847304:clu_21571	-1.20855644613118	0.236165763709027	0.0268328298911649	-0.209332933817862
chr6:32847204:32847513:clu_21571	1.20855644613118	0.763834236290973	0.973167170108835	0.209332933817863
chr6:32848840:32848990:clu_21573	0.350401035468575	0.452650214398173	0.513750273207654	0.0611000588094804
chr6:32848840:32850320:clu_21573	-0.524380965395872	0.0721646307368877	0.0341507883285887	-0.038013842408299
chr6:32849118:32850320:clu_21573	0.173979929927297	0.475185154864939	0.452098938463757	-0.0230862164011816
chr6:32850517:32850944:clu_21574	0.240241664607701	0.398012171031529	0.439761520763077	0.041749349731548
chr6:32850517:32852109:clu_21574	-0.321666231099945	0.0230923137397902	0.0145463764931007	-0.00854593724668948
chr6:32851149:32852109:clu_21574	0.0814245664922449	0.578895515228681	0.545692102743823	-0.0332034124848586
chr6:32856205:32857263:clu_21575	-0.0280730710138419	0.615427707727125	0.582839766563184	-0.0325879411639408
chr6:32856205:32858005:clu_21575	-0.107866534665545	0.0495432724199314	0.0433214474334968	-0.0062218249864346
chr6:32857394:32858005:clu_21575	0.135939605679387	0.335029019852944	0.373838786003319	0.0388097661503755
chr6:32949399:32949611:clu_21581_B	-1.13364404747739	0.718449200056061	0.627632239001617	-0.0908169610544443
chr6:32949399:32950519:clu_21581_B	3.03253652065658	0.000544344822232821	0.0306572013038703	0.0301128564816374
chr6:32949787:32950519:clu_21581_B	-1.13364477047809	0.0337114175764191	0.0294500393267093	-0.0042613782497098
chr6:32949889:32950519:clu_21581_B	-0.765247702701101	0.247295037545287	0.312260520367803	0.0649654828225166
chr6:32969056:32971595:clu_21582	-0.626569783458337	0.418884122164903	0.170725329092881	-0.248158793072023
chr6:32971197:32971595:clu_21582	0.626569783458337	0.581115877835097	0.829274670907119	0.248158793072023
chr6:32974765:32975021:clu_21584	0.0903054996045863	0.242266651702847	0.258321089697697	0.01605443799485
chr6:32974765:32975384:clu_21584	0.132521564977993	0.453782804582793	0.504717619561021	0.0509348149782279
chr6:32975112:32975384:clu_21584	-0.22282706458258	0.30395054371436	0.236961290741282	-0.0669892529730779
chr6:33076141:33080672:clu_21594	0.218045987588229	0.981199085906891	0.987762797221315	0.00656371131442379
chr6:33076141:33080689:clu_21594	-0.218045987588229	0.0188009140931091	0.0122372027786854	-0.00656371131442377
chr6:33195050:33195363:clu_21596	0.240657081129972	0.256840603338973	0.300947047669813	0.0441064443308402
chr6:33195050:33195570:clu_21596	0.0674663342967537	0.211901584465858	0.208806889621957	-0.0030946948439016
chr6:33195454:33195570:clu_21596	0.185682722628159	0.350336596182525	0.388540997970688	0.0382044017881628
chr6:33195466:33195570:clu_21596	-0.493806138054885	0.180921216012644	0.101705064737542	-0.0792161512751014
chr6:33295759:33296028:clu_21615	0.175932555127629	0.900113948201779	0.927597455630017	0.0274835074282376
chr6:33295759:33296218:clu_21615	-0.175932555127629	0.0998860517982211	0.0724025443699834	-0.0274835074282377
chr6:33297115:33298455:clu_21616	0.340089234323638	0.60892548013939	0.697949213126414	0.0890237329870243
chr6:33297115:33298870:clu_21616	-0.351567876013535	0.0822145015293971	0.0471873117420789	-0.0350271897873182
chr6:33298651:33298870:clu_21616	0.0114786416898975	0.308860018331213	0.254863475131507	-0.053996543199706
chr6:33301771:33303955:clu_21617	-0.255869598096278	0.576357121258323	0.518395928740109	-0.0579611925182147
chr6:33301771:33304297:clu_21617	0.286012340947177	0.00971714477687595	0.0150260534012935	0.00530890862441755
chr6:33304217:33304297:clu_21617	-0.0301427428508986	0.413925733964801	0.466578017858598	0.0526522838937971
chr6:33415329:33415590:clu_21623_B	0.956647452511005	0.936187288978346	0.990039899211962	0.0538526102336163
chr6:33415329:33415593:clu_21623_B	-0.956647452511005	0.0638127110216538	0.00996010078803752	-0.0538526102336163
chr6:33417695:33417869:clu_21624	0.213932409805595	0.180943763219128	0.420523169280121	0.239579406060993
chr6:33417695:33417959:clu_21624	-1.90714690933862	0.783661388245204	0.218374395411808	-0.565286992833396
chr6:33417695:33418087:clu_21624	1.69321449953303	0.0353948485356683	0.361102435308071	0.325707586772403
chr6:34240882:34242712:clu_21644	0.0307075946239776	0.222274482610599	0.233072011629807	0.010797529019208
chr6:34240915:34242712:clu_21644	-0.0307075946239776	0.777725517389401	0.766927988370193	-0.0107975290192078
chr6:34247864:34248727:clu_21646	-0.447835382833362	0.29604880206047	0.146558105585292	-0.149490696475178
chr6:34247864:34248979:clu_21646	0.447835382833362	0.703951197939531	0.853441894414708	0.149490696475177
chr6:34757551:34757912:clu_21654	-0.0613933636621172	0.517130103448463	0.492120692643764	-0.0250094108046993
chr6:34757551:34762595:clu_21654	0.0165632337736143	0.106332794832464	0.10939441640151	0.00306162156904621
chr6:34757954:34762595:clu_21654	0.044830129888503	0.376537101719073	0.398484890954726	0.021947789235653
chr6:36540204:36547190:clu_21700	-0.105022393332192	0.580442040888478	0.528604603800893	-0.0518374370875851
chr6:36540207:36547190:clu_21700	0.105022393332192	0.419557959111522	0.471395396199107	0.0518374370875852
chr6:36596968:36597557:clu_21701	-0.373113690309206	0.0123462304117351	0.00636083070686242	-0.00598539970487272
chr6:36596968:36598849:clu_21701	0.299946282081586	0.969064700573446	0.978674934370182	0.00961023379673598
chr6:36597679:36598849:clu_21701	0.0731674082276201	0.0185890690148188	0.0149642349229556	-0.00362483409186324
chr6:36598983:36599821:clu_21702	-0.579221102753221	0.418450076904564	0.228285904141092	-0.190164172763472
chr6:36598983:36601152:clu_21702	1.15845920406864	0.177837386590609	0.551472017079318	0.373634630488709
chr6:36600276:36601152:clu_21702	-0.579238101315415	0.403712536504827	0.22024207877959	-0.183470457725237
chr6:36970694:36972652:clu_21716	-0.131802510424597	0.455399152109066	0.391149273065244	-0.0642498790438222
chr6:36970694:36972703:clu_21716	0.131802510424597	0.544600847890934	0.608850726934756	0.0642498790438222
chr6:36978611:36981588:clu_21718	0.146502282909453	0.493629951362725	0.504100123660339	0.0104701722976143
chr6:36978611:36985853:clu_21718	-0.307536658704704	0.0742461546579215	0.0481507060570305	-0.026095448600891
chr6:36981672:36985853:clu_21718	0.161034375795251	0.432123893979354	0.447749170282631	0.0156252763032766
chr6:37170879:37170981:clu_21726	-0.107620039395805	0.562536825631948	0.563396941202557	0.000860115570609499
chr6:37170879:37171125:clu_21726	0.252250755008717	0.0306045909015947	0.0439278558339517	0.013323264932357
chr6:37171031:37171125:clu_21726	-0.144630715612912	0.406858583466458	0.392675202963491	-0.0141833805029666
chr6:37171491:37172996:clu_21727	10.1491913113046	0.964700657038436	0.999999999944037	0.0352993429056013
chr6:37172612:37172996:clu_21727	-10.1491913113046	0.0352993429615639	5.59626772457572e-11	-0.0352993429056013
chr6:37461645:37461970:clu_21739	0.299147463666226	0.363829371662366	0.441075947599974	0.0772465759376083
chr6:37461645:37462829:clu_21739	-0.360174035767498	0.148879718783852	0.0933493869601052	-0.0555303318237467
chr6:37462102:37462829:clu_21739	0.0610265721012721	0.487290909553782	0.46557466543992	-0.0217162441138615
chr6:41789336:41789531:clu_21774	0.0257882236390266	0.236468358197503	0.245906735621386	0.00943837742388343
chr6:41789336:41789568:clu_21774	-0.0257882236390266	0.763531641802497	0.754093264378614	-0.00943837742388332
chr6:41936107:41936559:clu_21777	-0.150201103953516	0.417447447105328	0.397456088251385	-0.0199913588539435
chr6:41936107:41937235:clu_21777	0.280355637405657	0.0743481022546073	0.108879382448049	0.0345312801934419
chr6:41936695:41937235:clu_21777	-0.130154533452141	0.508204450640064	0.493664529300566	-0.0145399213394984
chr6:42684871:42688216:clu_21805	-0.170364958442394	0.447064402945828	0.43777426420335	-0.0092901387424783
chr6:42684871:42689569:clu_21805	0.440848487917298	0.0787893921866603	0.142165596945555	0.0633762047588949
chr6:42688386:42689569:clu_21805	-0.270483529474904	0.474146204867511	0.420060138851095	-0.0540860660164166
chr6:42929721:42934475:clu_21814	0.260645658913272	0.291462007547318	0.322305938513579	0.0308439309662613
chr6:42929721:42935412:clu_21814	0.0806257924122323	0.0314701954281255	0.0290672643818114	-0.00240293104631414
chr6:42929721:42935574:clu_21814	-0.280861971505461	0.038113725731649	0.0245241511529877	-0.0135895745786613
chr6:42934598:42935412:clu_21814	-0.319260603285925	0.192503500905738	0.119199627422795	-0.0733038734829433
chr6:42934598:42935574:clu_21814	0.514177603197425	0.274835672417442	0.391621910215373	0.116786237797931
chr6:42935473:42935574:clu_21814	-0.255326479731544	0.171614897969727	0.113281108313454	-0.0583337896562729
chr6:43017346:43017519:clu_21824	-0.0227076445005668	0.43581688260197	0.455970643055953	0.0201537604539831
chr6:43017346:43017853:clu_21824	0.142826515227695	0.0299302008961074	0.0369515819911704	0.00702138109506304
chr6:43017695:43017853:clu_21824	-0.120118870727128	0.534252916501923	0.507077774952877	-0.027175141549046
chr6:43513633:43515595:clu_21870	0.185700727264057	0.411525774849528	0.478220202375639	0.0666944275261104
chr6:43513633:43515889:clu_21870	-0.101433510579994	0.0179462835435157	0.0156496485063952	-0.00229663503712055
chr6:43515701:43515889:clu_21870	-0.0842672166840631	0.570527941606956	0.506130149117966	-0.0643977924889897
chr6:53291963:53295642:clu_21922	0.394588367894268	0.682375434759679	0.825474377603909	0.143098942844231
chr6:53294491:53295642:clu_21922	-0.394588367894268	0.317624565240321	0.174525622396091	-0.143098942844231
chr6:53295707:53335255:clu_21923	-6.13680782061235	0.0318096552226507	1.5354461927744e-07	-0.0318095016780314
chr6:53295707:53348817:clu_21923	6.13680782061235	0.968190344777349	0.999999846455381	0.0318095016780314
chr6:70857030:70857922:clu_21951	0.450091392558855	0.357315208227475	0.440904615425628	0.0835894071981528
chr6:70857030:70860200:clu_21951	-0.712809920574633	0.154433245550992	0.0595651608866034	-0.0948680846643885
chr6:70858229:70860200:clu_21951	0.262718528015778	0.488251546221533	0.499530223687769	0.0112786774662357
chr6:75237988:75240301:clu_21963	0.124053479939935	0.479870788881415	0.520021959172845	0.0401511702914302
chr6:75237988:75241176:clu_21963	-0.0930174007392753	0.0483425384812442	0.0421651971335624	-0.00617734134768176
chr6:75240385:75241176:clu_21963	-0.0310360792006596	0.471786672637341	0.437812843693592	-0.0339738289437483
chr6:79201726:79202276:clu_21977	-0.151227070393785	0.550674565365927	0.475255841105408	-0.0754187242605188
chr6:79201726:79202317:clu_21977	0.151227070393784	0.449325434634073	0.524744158894592	0.075418724260519
chr6:83924592:83926136:clu_21992	-1.04770871496556	0.23236596085237	0.0630929344166967	-0.169273026435673
chr6:83924592:83929420:clu_21992	0.36694382946593	0.06673272057015	0.0745629088317968	0.00783018826164675
chr6:83924592:83934595:clu_21992	0.495564511281071	0.617457111052651	0.784603173993865	0.167146062941215
chr6:83929510:83934595:clu_21992	0.185200374218555	0.0834442075248298	0.0777409827576411	-0.00570322476718869
chr6:85677492:85677795:clu_22009	0.0796461106169286	0.39209814877707	0.38393201980481	-0.00816612897226027
chr6:85677492:85677954:clu_22009	-0.205341259146302	0.0250018957328867	0.0184104345450833	-0.00659146118780343
chr6:85677875:85677954:clu_22009	0.125695148529374	0.582899955490043	0.597657545650107	0.0147575901600636
chr6:85678188:85678694:clu_22010	-0.0161690167870033	0.968052145170765	0.967036740113025	-0.00101540505773967
chr6:85678188:85678698:clu_22010	0.0161690167870033	0.0319478548292354	0.0329632598869749	0.00101540505773951
chr6:89637353:89637725:clu_22033	-0.142983826942219	0.475417898646198	0.405072039167572	-0.070345859478626
chr6:89637353:89637742:clu_22033	0.142983826942219	0.524582101353802	0.594927960832428	0.070345859478626
chr6:99402710:99403829:clu_22059	-0.622104448173768	0.507386774960602	0.499898964623732	-0.00748781033686952
chr6:99402710:99404603:clu_22059	1.24420889496553	0.00274112273193716	0.017458268230828	0.0147171454988909
chr6:99403882:99404603:clu_22059	-0.622104446791763	0.489872102307461	0.48264276714544	-0.00722933516202134
chr6:99410964:99412551:clu_22061	0.144052019785737	0.829892769701794	0.866801734474147	0.0369089647723528
chr6:99412318:99412551:clu_22061	-0.144052019785737	0.170107230298206	0.133198265525853	-0.0369089647723528
chr6:99414686:99416349:clu_22062	-0.175823100218125	0.0833902278813811	0.0668172205067688	-0.0165730073746123
chr6:99414690:99416349:clu_22062	0.182942563029406	0.317466415483609	0.364150559276946	0.0466841437933366
chr6:99414690:99425215:clu_22062	-0.000609844597058709	0.0701907354342774	0.0670111680354699	-0.00317956739880748
chr6:99416428:99425215:clu_22062	-0.00650961821422302	0.528952621200732	0.502021052180815	-0.0269315690199167
chr6:106105933:106106371:clu_22078	-0.412244620507648	0.360016895592047	0.228193638800728	-0.131823256791319
chr6:106105933:106106911:clu_22078	0.441770985037553	0.316358401863103	0.471036204558138	0.154677802695034
chr6:106106499:106106911:clu_22078	-0.0295263645299051	0.32362470254485	0.300770156641135	-0.022854545903715
chr6:108212254:108214498:clu_22103	0.254360002511028	0.508554203220571	0.54639776503579	0.0378435618152192
chr6:108212254:108222950:clu_22103	-0.371851867682163	0.0189553836570106	0.0108878940318763	-0.0080674896251343
chr6:108214622:108222950:clu_22103	0.117491865171135	0.472490413122418	0.442714340932333	-0.029776072190085
chr6:108223045:108260760:clu_22104	0.0460018817332051	0.90077167335276	0.908697331065135	0.00792565771237541
chr6:108223045:108260826:clu_22104	-0.0460018817332051	0.0992283266472402	0.0913026689348647	-0.00792565771237551
chr6:109369017:109370411:clu_22111	-0.151204542708452	0.429100036665709	0.371899687617262	-0.0572003490484471
chr6:109369017:109376074:clu_22111	0.0529979448594911	0.139497276692324	0.148291754911899	0.00879447821957496
chr6:109370467:109376074:clu_22111	0.0982065978489614	0.431402686641967	0.479808557470839	0.0484058708288723
chr6:109446412:109446679:clu_22119	-0.176435130545763	0.0998507806731976	0.0723087430033669	-0.0275420376698307
chr6:109446412:109446696:clu_22119	0.176435130545763	0.900149219326802	0.927691256996633	0.0275420376698307
chr6:109447440:109447681:clu_22120	0.346132095670695	0.802149682196447	0.89012794357926	0.0879782613828126
chr6:109447577:109447681:clu_22120	-0.346132095670695	0.197850317803553	0.10987205642074	-0.0879782613828127
chr6:109447722:109447875:clu_22120_B	0.0294739822593898	0.480105838552041	0.458902930434944	-0.0212029081170971
chr6:109447722:109448203:clu_22120_B	-0.170768390829956	0.0510583610270782	0.0399472194816086	-0.0111111415454696
chr6:109447963:109448203:clu_22120_B	0.141294408570566	0.468835800420881	0.501149850083447	0.0323140496625667
chr6:109451700:109452246:clu_22120_C	0.560571610166837	0.547590451940239	0.787861513085966	0.240271061145727
chr6:109452119:109452246:clu_22120_C	-0.560571610166837	0.452409548059761	0.212138486914034	-0.240271061145727
chr6:111696456:111699515:clu_22149	0.476900550492703	0.360196888338397	0.475496150003253	0.115299261664856
chr6:111696456:111700104:clu_22149	-0.0462974582336502	0.0666039473994303	0.0521056729456711	-0.0144982744537593
chr6:111696456:111702885:clu_22149	-0.623492956793869	0.218921174653153	0.0961612255747804	-0.122759949078373
chr6:111699670:111702885:clu_22149	0.327233547977843	0.291368881926319	0.331169751586905	0.0398008696605867
chr6:111700268:111702885:clu_22149	-0.134343683443027	0.0629091076827008	0.0450671998893902	-0.0178419077933107
chr6:111708020:111708947:clu_22150	0.223685690525816	0.0452222815811881	0.0689765896310625	0.0237543080498744
chr6:111708020:111714347:clu_22150	-0.223685690525816	0.954777718418812	0.931023410368937	-0.0237543080498744
chr6:111720062:111740981:clu_22151	0.96053347744375	0.0408411738774547	0.0303599919487792	-0.0104811819286755
chr6:111720062:111758834:clu_22151	-1.19257807597534	0.113090712666735	0.0097621597454183	-0.103328552921316
chr6:111720062:111780566:clu_22151	1.42439388213226	0.809324638873398	0.95670537077659	0.147380731903192
chr6:111741093:111780566:clu_22151	-1.19234928360067	0.0367434745824128	0.00317247752921259	-0.0335709970532002
chr6:111780635:111793623:clu_22152	-7.5498431066997	0.0364672852529117	1.04791622314963e-08	-0.0364672747737494
chr6:111780635:111846589:clu_22152	7.5498431066997	0.963532714747088	0.999999989520838	0.0364672747737494
chr6:116571655:116574058:clu_22162	0.35381301682439	0.243788326888437	0.261654142646594	0.0178658157581573
chr6:116571655:116580295:clu_22162	0.29906499513578	0.446733750266309	0.45392772435515	0.00719397408884154
chr6:116572985:116574058:clu_22162	-0.319310431876005	0.0560845889803519	0.0307060851803466	-0.0253785038000053
chr6:116574171:116580295:clu_22162	0.409762218463453	0.209749313841307	0.238074941676861	0.0283256278355546
chr6:116575866:116580295:clu_22162	-0.743329798547618	0.0436440200235958	0.0156371061410476	-0.0280069138825482
chr6:125292909:125298714:clu_22195	0.00419258192116513	0.341162648863014	0.342748928325281	0.00158627946226669
chr6:125292909:125300538:clu_22195	0.00107119589506693	0.249827105366237	0.250206497291877	0.000379391925639933
chr6:125298816:125300538:clu_22195	-0.00526377781623195	0.409010245770749	0.407044574382842	-0.00196567138790649
chr6:132749865:132751145:clu_22236	-1.02638130401985	0.404537376459275	0.286413865134284	-0.118123511324991
chr6:132749865:132751436:clu_22236	-1.88882719196055	0.0105531343592709	0.00315399762446678	-0.00739913673480416
chr6:132749865:132755843:clu_22236	2.68258396984819	0.000197226759769468	0.00569881260548695	0.00550158584571749
chr6:132751518:132752461:clu_22236	-0.384210396829521	0.264306716820449	0.355659870405161	0.0913531535847127
chr6:132751518:132753418:clu_22236	2.70632052735223	0.000306612204668341	0.00907228386162281	0.00876567165695447
chr6:132751518:132755843:clu_22236	2.80093268401729	0.000437634745494694	0.0142340512438505	0.0137964164983558
chr6:132752749:132753418:clu_22236	-0.399757812537318	0.00986095138723403	0.0130645160537169	0.00320356466648282
chr6:132752749:132755843:clu_22236	-0.282540357754096	0.190647283627239	0.283995870155319	0.0933485865280804
chr6:132753491:132755843:clu_22236	-2.10460521107776	0.0915188675465468	0.0220434379397683	-0.0694754296067785
chr6:132753949:132755843:clu_22236	-2.10351490703861	0.0276341960900537	0.00666329497632378	-0.02097090111373
chr6:136261477:136267029:clu_22254	-0.0319408833768927	0.388815362565991	0.383395048268291	-0.00542031429770007
chr6:136261477:136268162:clu_22254	0.0927059588203597	0.195475873179734	0.218338177511501	0.0228623043317679
chr6:136267175:136268162:clu_22254	-0.060765075443467	0.415708764254275	0.398266774220208	-0.0174419900340678
chr6:136268339:136269141:clu_22255	-0.513355428378469	0.221736938645983	0.113876990575117	-0.107859948070867
chr6:136268339:136269437:clu_22255	0.30551950495445	0.590480473159377	0.687759090661023	0.097278617501646
chr6:136269303:136269437:clu_22255	0.207835923424019	0.18778258819464	0.19836391876386	0.0105813305692205
chr6:136269612:136270323:clu_22256	-0.1318003793012	0.237982761006079	0.16949807928466	-0.0684846817214193
chr6:136269612:136271995:clu_22256	0.422910730150142	0.580917485274171	0.720512807488488	0.139595322214317
chr6:136270383:136271995:clu_22256	-0.291110350848942	0.18109975371975	0.109989113226852	-0.0711106404928979
chr6:137867494:137871213:clu_22273	0.0161208350828998	0.692982706895601	0.682745249758928	-0.0102374571366733
chr6:137867518:137871213:clu_22273	-0.254251182290339	0.126315886345069	0.0949671027330244	-0.0313487836120444
chr6:137867542:137871213:clu_22273	0.23813034720744	0.18070140675933	0.222287647508048	0.0415862407487177
chr6:137871522:137871742:clu_22274	-0.12052401438555	0.0207449354692385	0.0163742094183717	-0.00437072605086677
chr6:137871522:137874845:clu_22274	0.12052401438555	0.979255064530762	0.983625790581628	0.00437072605086675
chr6:137875035:137875688:clu_22275	-0.803593984692744	0.936063488554809	0.832968488662666	-0.103094999892143
chr6:137875035:137875734:clu_22275	-0.393324160950717	0.048417657509056	0.0649389049721242	0.0165212474630682
chr6:137875035:137875836:clu_22275	1.19691814564346	0.0155188539361344	0.10209260636521	0.0865737524290754
chr6:137879351:137880071:clu_22277	-0.172123854671896	0.453367579038544	0.431635643333871	-0.021731935704673
chr6:137879351:137881035:clu_22277	0.284100709294164	0.0318936168919874	0.0479188541243162	0.0160252372323287
chr6:137880252:137881035:clu_22277	-0.111976854622268	0.514738804069469	0.520445502541813	0.00570669847234428
chr6:138406033:138412880:clu_22278	-0.472437910805728	0.272728864345441	0.12722761698073	-0.145501247364712
chr6:138406151:138412880:clu_22278	0.472437910805728	0.727271135654559	0.87277238301927	0.145501247364712
chr6:158785583:158786567:clu_22400	-0.640008507786579	0.0203594286938581	0.00808484183068903	-0.012274586863169
chr6:158785583:158789288:clu_22400	0.346902280881517	0.0513042813062193	0.0546599787696554	0.00335569746343604
chr6:158787203:158789288:clu_22400	0.293106226905062	0.928336289999923	0.937255179399656	0.00891888939973295
chr6:158789371:158818082:clu_22401	-0.229327649819662	0.614819381829576	0.561481145985194	-0.0533382358443819
chr6:158789371:158819317:clu_22401	0.270950691194714	0.0349322700287708	0.0526117271621393	0.0176794571333686
chr6:158818166:158819317:clu_22401	-0.0416230413750516	0.350248348141653	0.385907126852666	0.0356587787110133
chr6:159041515:159042078:clu_22404	-0.183182040617572	0.574454940069052	0.520369553643987	-0.0540853864250649
chr6:159041515:159043589:clu_22404	0.171815198388905	0.0593396197870556	0.0766609172321746	0.017321297445119
chr6:159042244:159043589:clu_22404	0.0113668422286661	0.366205440143893	0.402969529123839	0.036764088979946
chr6:159044200:159044879:clu_22405	0.33507543518399	0.0456741427608003	0.0855421625742626	0.0398680198134623
chr6:159044204:159044879:clu_22405	-0.33507543518399	0.9543258572392	0.914457837425737	-0.0398680198134623
chr6:159685033:159688126:clu_22407	-0.230934870329523	0.515553610839488	0.513340451711336	-0.00221315912815168
chr6:159685033:159692661:clu_22407	0.495205666278085	0.0183607850735756	0.0377904210335164	0.0194296359599408
chr6:159688242:159692661:clu_22407	-0.264270795948563	0.466085604086937	0.448869127255148	-0.0172164768317891
chr6:159727333:159736258:clu_22408	0.16080017926039	0.534548069338883	0.613017305341131	0.0784692360022482
chr6:159727703:159736258:clu_22408	-0.16080017926039	0.465451930661117	0.386982694658869	-0.0784692360022484
chr6:159748369:159748590:clu_22410	-0.00517142591503047	0.561021201413664	0.558472415062433	-0.00254878635123124
chr6:159748369:159753460:clu_22410	0.00517142591503047	0.438978798586336	0.441527584937567	0.00254878635123107
chr6:159780566:159780935:clu_22412	-0.249140107831276	0.406960939134301	0.376370411731438	-0.0305905274028627
chr6:159780566:159783941:clu_22412	0.503258386450863	0.0747284193516052	0.146659789649792	0.071931370298187
chr6:159781110:159783941:clu_22412	-0.254118278619587	0.518310641514094	0.47696979861877	-0.0413408428953242
chr6:159797369:159798052:clu_22416	-0.70728889607775	0.393645201042667	0.136273404299776	-0.257371796742891
chr6:159797518:159798052:clu_22416	0.70728889607775	0.606354798957333	0.863726595700224	0.257371796742891
chr6:160064531:160064804:clu_22420	-0.457577128352459	0.523073354710139	0.428558380571119	-0.0945149741390193
chr6:160064531:160068249:clu_22420	0.619356306356424	0.0354291228259434	0.0852146064483357	0.0497854836223922
chr6:160064901:160068249:clu_22420	-0.161779178003965	0.441497522463918	0.486227012980545	0.0447294905166272
chr6:163563719:163565946:clu_22437	1.17945868109492	0.0341950259089158	0.272502183800792	0.238307157891876
chr6:163563719:163566721:clu_22437	-1.17945868109492	0.965804974091084	0.727497816199208	-0.238307157891876
chr6:166330247:166342419:clu_22440	0.271594109338805	0.464711496724852	0.599119844670759	0.134408347945907
chr6:166332045:166342419:clu_22440	-0.271594109338805	0.535288503275148	0.400880155329241	-0.134408347945907
chr6:166952548:166955484:clu_22445	-0.200131202813115	0.0402801879102008	0.0173975202708305	-0.0228826676393704
chr6:166952548:166956080:clu_22445	-0.19912937214433	0.0359839796349751	0.0155575120171268	-0.0204264676178483
chr6:166952548:166956097:clu_22445	0.79961662446809	0.765752994202069	0.89881338573615	0.133060391534081
chr6:166952548:166956239:clu_22445	-0.200178024755306	0.0221363017222699	0.00956049974991417	-0.0125758019723557
chr6:166955627:166956097:clu_22445	-0.200178024755338	0.135846536530485	0.0586710822259785	-0.0771754543045065
chr6:170577717:170578857:clu_22480	-0.388015582513224	0.894467149158689	0.795950554983304	-0.0985165941753847
chr6:170578656:170578857:clu_22480	0.388015582513224	0.105532850841311	0.204049445016696	0.0985165941753847
chr7:1153131:1155453:clu_25267	0.0579426334995764	0.183060813276959	0.201031327962634	0.0179705146856744
chr7:1153224:1155453:clu_25267	-0.0579426334995764	0.816939186723041	0.798968672037366	-0.0179705146856743
chr7:2379511:2380204:clu_25286	-0.0254593028058157	0.690602550070605	0.679618508196183	-0.010984041874422
chr7:2379511:2380279:clu_25286	0.0254593028058158	0.309397449929395	0.320381491803817	0.0109840418744219
chr7:5229705:5230835:clu_25319	-0.00589905502182083	0.464078003238932	0.461144976962155	-0.00293302627677705
chr7:5229738:5230835:clu_25319	0.00589905502182089	0.535921996761068	0.538855023037845	0.00293302627677705
chr7:6046151:6046286:clu_25343	-0.404444911953337	0.201945890289169	0.0816532108502508	-0.120292679438919
chr7:6046151:6046992:clu_25343	0.746368711179933	0.678224744607901	0.866770026354448	0.188545281746546
chr7:6046359:6046992:clu_25343	-0.341923799226596	0.119829365102929	0.0515767627953015	-0.0682526023076277
chr7:10938147:10938808:clu_25385	0.226116705880004	0.444702113749986	0.463228679863938	0.018526566113951
chr7:10938147:10940016:clu_25385	-0.398004832869681	0.0259629822609439	0.014488662050444	-0.0114743202104998
chr7:10938896:10940016:clu_25385	0.171888126989677	0.52933490398907	0.522282658085618	-0.00705224590345122
chr7:12687043:12688166:clu_25390	-0.225810166603749	0.589519603200837	0.477604860911943	-0.111914742288894
chr7:12687043:12688169:clu_25390	0.225810166603749	0.410480396799163	0.522395139088057	0.111914742288894
chr7:23521840:23522121:clu_25425	-0.356268665778674	0.254384387795759	0.160688529060836	-0.0936958587349239
chr7:23521840:23531789:clu_25425	0.713144194594652	0.304837219336172	0.56105122733508	0.256214007998908
chr7:23522432:23531789:clu_25425	-0.356875528815978	0.440778392868068	0.278260243604085	-0.162518149263984
chr7:25123849:25123951:clu_25435	-0.38149472328274	0.449411462232272	0.407656759103877	-0.0417547031283956
chr7:25123849:25125200:clu_25435	0.632677527491454	0.0159424271188016	0.0398707454021112	0.0239283182833096
chr7:25124127:25125200:clu_25435	-0.251182804208714	0.534646110648926	0.552472495494012	0.0178263848450858
chr7:26190460:26190993:clu_25437	-0.452139013177195	0.115036502841786	0.0818359077732129	-0.0332005950685728
chr7:26190460:26192495:clu_25437	0.886693243673936	0.0109194112388655	0.0296315873774186	0.0187121761385531
chr7:26191128:26192495:clu_25437	-0.452033643397841	0.248506080010992	0.176803563487177	-0.071702516523815
chr7:26192338:26192495:clu_25437	0.0174794129011	0.625538005908357	0.711728941362191	0.0861909354538348
chr7:26193373:26193575:clu_25438	-0.0111070084161445	0.44685356021854	0.457558720142942	0.0107051599244015
chr7:26193373:26195847:clu_25438	0.0903191965145859	0.0754503912630302	0.0855050866548132	0.0100546953917829
chr7:26193694:26195847:clu_25438	-0.0792121880984414	0.477696048518429	0.456936193202245	-0.0207598553161844
chr7:26197732:26197831:clu_25440	-0.228949085696115	0.135332914240726	0.0907264336467324	-0.0446064805939931
chr7:26197732:26200572:clu_25440	0.272245904931845	0.705779455649728	0.781026261266496	0.0752468056167676
chr7:26197866:26200572:clu_25440	-0.0432968192357301	0.158887630109546	0.128247305086772	-0.0306403250227745
chr7:26201561:26202971:clu_25441	-0.498125896160855	0.163894711707465	0.0674974466119016	-0.0963972650955638
chr7:26201826:26202971:clu_25441	0.498125896160855	0.836105288292535	0.932502553388098	0.0963972650955638
chr7:26206510:26208393:clu_25442	0.233547520526418	0.782693619293153	0.851767058600981	0.0690734393078274
chr7:26206510:26208466:clu_25442	-0.233547520526418	0.217306380706847	0.148232941399019	-0.0690734393078274
chr7:27800090:27816349:clu_25454	0.0606688383759337	0.422002164703001	0.438125784149589	0.0161236194465874
chr7:27800090:27827738:clu_25454	-0.0640154678089636	0.0747949196883974	0.0685498530150994	-0.00624506667329797
chr7:27817038:27827738:clu_25454	0.00334662943302997	0.503202915608601	0.493324362835312	-0.00987855277328931
chr7:27816394:27816890:clu_25454_B	0.164743095311314	0.932916297418593	0.950821066555927	0.017904769137334
chr7:27816520:27816890:clu_25454_B	-0.164743095311314	0.0670837025814066	0.0491789334440726	-0.017904769137334
chr7:30550781:30552100:clu_25480	-0.259066901000432	0.406936685705196	0.31578784131472	-0.0911488443904766
chr7:30550781:30561466:clu_25480	-0.093526656674767	0.318939486300927	0.292058644927654	-0.0268808413732733
chr7:30552179:30561466:clu_25480	0.352593557675199	0.274123827993876	0.392153513757626	0.11802968576375
chr7:33035988:33040872:clu_25499	-0.770283647035679	0.385560230786243	0.118513711853124	-0.26704651893312
chr7:33035988:33062568:clu_25499	0.770283647035679	0.614439769213756	0.881486288146876	0.26704651893312
chr7:35885879:35890668:clu_25510	-0.0255109868109191	0.952104037354325	0.949722927294929	-0.00238111005939612
chr7:35887111:35890668:clu_25510	0.0255109868109191	0.0478959626456751	0.0502770727050713	0.00238111005939617
chr7:44057859:44057973:clu_25571	-0.426570086161543	0.018973982336545	0.00817334205082156	-0.0108006402857235
chr7:44057859:44058129:clu_25571	0.426570086161543	0.981026017663455	0.991826657949178	0.0108006402857235
chr7:44058280:44058429:clu_25572	0.150158972315441	0.201626282504809	0.254293503001053	0.0526672204962446
chr7:44058280:44058432:clu_25572	-0.150158972315441	0.798373717495191	0.745706496998947	-0.0526672204962444
chr7:44569903:44569984:clu_25592	0.101047657148712	0.205585130386355	0.240552961453361	0.0349678310670055
chr7:44569903:44570015:clu_25592	-0.101047657148712	0.794414869613645	0.759447038546639	-0.0349678310670055
chr7:44645518:44647444:clu_25597	0.0469895935592438	0.196617080204778	0.211886027129728	0.0152689469249498
chr7:44645518:44647657:clu_25597	-0.0469895935592438	0.803382919795222	0.788113972870272	-0.0152689469249497
chr7:44748631:44756188:clu_25600	0.502834906437312	0.338732579742369	0.583394143289052	0.244661563546683
chr7:44748991:44756188:clu_25600	-0.502834906437312	0.661267420257631	0.416605856710948	-0.244661563546683
chr7:44756539:44756947:clu_25601	-0.0614633290793321	0.867026655470039	0.852204173981439	-0.0148224814886005
chr7:44756539:44757043:clu_25601	0.0614633290793321	0.132973344529961	0.147795826018561	0.0148224814886006
chr7:44759460:44760151:clu_25602	0.0577310936404429	0.38197637153523	0.417616517522138	0.0356401459869078
chr7:44759460:44760425:clu_25602	0.113738038023423	0.157175278779892	0.181739326698222	0.0245640479183297
chr7:44760228:44760425:clu_25602	-0.171469131663865	0.460848349684877	0.40064415577964	-0.0602041939052375
chr7:44760593:44761422:clu_25603	0.0526559971692584	0.0828531414015454	0.0912152676643975	0.0083621262628521
chr7:44760593:44761449:clu_25603	-0.0526559971692584	0.917146858598455	0.908784732335603	-0.00836212626285215
chr7:44765579:44765967:clu_25606	0.498150409590562	0.118678523660076	0.223160571893313	0.104482048233238
chr7:44765579:44766164:clu_25606	-0.276995337134031	0.610650562557769	0.528928016610712	-0.0817225459470566
chr7:44766056:44766164:clu_25606	-0.221155072456531	0.270670913782156	0.247911411495974	-0.0227595022861811
chr7:44796793:44798748:clu_25607	-0.138652449633233	0.0484901180170739	0.0259248033684817	-0.0225653146485922
chr7:44796793:44799247:clu_25607	0.55473628252878	0.869997197290472	0.930497013767404	0.0604998164769328
chr7:44797621:44798748:clu_25607	-0.138694693934485	0.0218976830092219	0.0117069037601978	-0.0101907792490241
chr7:44798814:44799247:clu_25607	-0.138694653622486	0.0335184840577602	0.0179195982837547	-0.0155988857740055
chr7:44798904:44799247:clu_25607	-0.138694485338575	0.0260965176254723	0.0139516808201613	-0.0121448368053111
chr7:44799277:44799392:clu_25608	-0.0649885189237732	0.397286889926345	0.400674616659702	0.00338772673335663
chr7:44799277:44801287:clu_25608	0.151925317242965	0.0175389639511398	0.0219733368587368	0.00443437290759699
chr7:44799874:44801287:clu_25608	-0.0869367983191918	0.585174146122515	0.577352046481562	-0.00782209964095371
chr7:44830163:44835529:clu_25609	-0.417173515316387	0.141755887526089	0.0669115046345515	-0.0748443828915375
chr7:44834562:44835529:clu_25609	0.417173515316387	0.858244112473911	0.933088495365448	0.0748443828915375
chr7:44841012:44843277:clu_25609_B	0.245295754377865	0.484190182221032	0.499839204108663	0.015649021887631
chr7:44841012:44847969:clu_25609_B	-0.467305435815325	0.0399405206145746	0.0202185168353459	-0.0197220037792287
chr7:44843354:44847969:clu_25609_B	0.222009681437461	0.475869297164393	0.479942279055991	0.0040729818915976
chr7:44975227:44975476:clu_25618	0.108215499096307	0.0149361011521235	0.0184785306592549	0.00354242950713138
chr7:44975227:44975484:clu_25618	-0.108215499096307	0.985063898847876	0.981521469340745	-0.00354242950713135
chr7:44976657:44976863:clu_25619	0.237903626460782	0.574754623700326	0.598759329607321	0.0240047059069946
chr7:44976657:44978867:clu_25619	-0.439090422668164	0.0543217868607413	0.0287560405351628	-0.0255657463255785
chr7:44977071:44978867:clu_25619	0.201186796207382	0.370923589438933	0.372484629857517	0.00156104041858407
chr7:44984426:44986021:clu_25620	-0.93730615439521	0.477840020246493	0.488536082413333	0.0106960621668395
chr7:44984426:44986525:clu_25620	1.9628123147584	0.00128545141829285	0.0238877497732504	0.0226022983549575
chr7:44986097:44986525:clu_25620	-1.02550616036319	0.520874528335214	0.487576167813417	-0.0332983605217971
chr7:45000363:45063918:clu_25621	0.888134997924425	0.0901442065873544	0.182553657889897	0.092409451302543
chr7:45027797:45038253:clu_25621	-0.611139308546617	0.18105977548067	0.0818744014792899	-0.0991853740013804
chr7:45027797:45063918:clu_25621	-1.08215841040169	0.393802911120988	0.11118445873144	-0.282618452389548
chr7:45038426:45063918:clu_25621	0.80516272102388	0.334993106810987	0.624387481899373	0.289394375088386
chr7:45064646:45068443:clu_25621_B	0.245092197903644	0.188699506912247	0.218497042514809	0.0297975356025615
chr7:45064646:45069826:clu_25621_B	-0.564038254159832	0.0576443813136746	0.0297187740089061	-0.0279256073047685
chr7:45064646:45072726:clu_25621_B	-0.146963030976284	0.072641417037467	0.0568318354873282	-0.0158095815501388
chr7:45068579:45069826:clu_25621_B	0.12300008391289	0.341558242370077	0.350038356645806	0.00848011427572926
chr7:45069961:45072726:clu_25621_B	0.100885280633336	0.308929545708263	0.309674877840104	0.000745332131840637
chr7:45071872:45072726:clu_25621_B	0.242023722686246	0.0305269066582715	0.0352391135030474	0.00471220684477595
chr7:48089418:48090188:clu_25634	-0.050469180724011	0.875711341794339	0.864302116255669	-0.0114092255386696
chr7:48089418:48090250:clu_25634	0.050469180724011	0.124288658205661	0.135697883744331	0.0114092255386696
chr7:48094827:48099670:clu_25635	0.20723717807632	0.119544112862925	0.143962661044108	0.0244185481811828
chr7:48094827:48101824:clu_25635	-0.177839090150968	0.179873003725517	0.147384278880204	-0.0324887248453136
chr7:48094827:48106873:clu_25635	0.182726106159895	0.148777242401184	0.174828871269875	0.0260516288686911
chr7:48099787:48101824:clu_25635	0.136580816828612	0.123381203408895	0.138447464400771	0.015066260991876
chr7:48101870:48106873:clu_25635	-0.35692917236892	0.223291011803419	0.152960248670417	-0.0703307631330022
chr7:48101982:48103297:clu_25635	0.827778964629817	0.0473760752438492	0.1061154513662	0.0587393761223503
chr7:48101982:48106873:clu_25635	-0.591276318384051	0.0648298750977694	0.0351323217809115	-0.0296975533168579
chr7:48103411:48103782:clu_25635	-0.579577464934522	0.0333279869893966	0.0182734899002444	-0.0150544970891521
chr7:48103411:48106873:clu_25635	0.351298980143818	0.0595994884670443	0.0828952126872699	0.0232957242202256
chr7:50304114:50319048:clu_25636	0.210545688912959	0.0986836139564005	0.0745138294988615	-0.024169784457539
chr7:50304359:50319048:clu_25636	-0.411788124400609	0.378027981568384	0.153193255152397	-0.224834726415987
chr7:50304530:50319048:clu_25636	-0.411424783248589	0.0648650049759393	0.0262956523757306	-0.0385693526002087
chr7:50304922:50319048:clu_25636	1.02445431429857	0.431356518206548	0.735028583086151	0.303672064879603
chr7:50308906:50319048:clu_25636	-0.411787095562329	0.0270668812927281	0.0109686798868596	-0.0160982014058685
chr7:50327757:50368006:clu_25637	0.557163323408427	0.304933521279806	0.423033420887659	0.118099899607854
chr7:50327757:50376533:clu_25637	-0.489785820874246	0.0915303860860125	0.0445708142819874	-0.0469595718040252
chr7:50327757:50382540:clu_25637	-0.250664901807561	0.199591451878648	0.123445739934585	-0.0761457119440629
chr7:50368065:50369522:clu_25637	0.947602452164288	0.102438262900945	0.209989352697636	0.107551089796691
chr7:50368065:50376533:clu_25637	-0.345147318960696	0.0464874854757756	0.0261599574414563	-0.0203275280343193
chr7:50368065:50382540:clu_25637	-0.346122457046775	0.0882816743573615	0.0496304304367753	-0.0386512439205862
chr7:50376793:50382540:clu_25637	-0.0730452768834368	0.166737218021451	0.1231702843199	-0.0435669337015511
chr7:50391833:50399918:clu_25637_B	0.259093778836666	0.225021608515036	0.327734140540699	0.102712532025663
chr7:50391863:50399918:clu_25637_B	-0.259093778836666	0.774978391484964	0.672265859459301	-0.102712532025663
chr7:50382707:50387345:clu_25637_C	-0.186118829152606	0.506001240981379	0.450008244208049	-0.0559929967733299
chr7:50382707:50391729:clu_25637_C	0.173502721818606	0.0742819095425237	0.094652829894594	0.0203709203520702
chr7:50387470:50391729:clu_25637_C	0.0126161073340004	0.419716849476097	0.455338925897357	0.0356220764212598
chr7:54755881:54757495:clu_25639	0.262525442493216	0.585477870898553	0.585454728622782	-2.31422757708266e-05
chr7:54755881:54759158:clu_25639	-0.859371934348413	0.0198726141940172	0.00647148567924692	-0.0134011285147703
chr7:54757594:54759158:clu_25639	0.295495562537344	0.359739087714731	0.37178272254233	0.0120436348275991
chr7:54757594:54759162:clu_25639	0.301350929317854	0.0349104271926995	0.0362910631556416	0.00138063596294205
chr7:65974704:65974919:clu_25664	-0.0611442963384646	0.323312022637766	0.403896482699411	0.0805844600616448
chr7:65974704:65976015:clu_25664	0.766049795652314	0.0690842580661759	0.197366365689562	0.128282107623386
chr7:65975071:65976015:clu_25664	-0.704905499313849	0.607603719296058	0.398737151611027	-0.208866567685031
chr7:66554837:66560579:clu_25683	-0.122332862816509	0.305916910613173	0.256556497071402	-0.0493604135417712
chr7:66554837:66573385:clu_25683	0.122332862816509	0.694083089386827	0.743443502928598	0.0493604135417715
chr7:66573550:66576755:clu_25684	-0.105170275775582	0.530639181179149	0.488613071935266	-0.0420261092438821
chr7:66573550:66592257:clu_25684	-0.317039360961969	0.271006868260304	0.201898220133591	-0.069108648126713
chr7:66576932:66592257:clu_25684	0.422209636737552	0.198353950560547	0.309488707931142	0.111134757370595
chr7:73463099:73464120:clu_25733	0.171179777435763	0.331692756044482	0.387744659432729	0.0560519033882466
chr7:73463099:73465439:clu_25733	-0.13119373030842	0.245681961306996	0.212257948538516	-0.0334240127684792
chr7:73464196:73465439:clu_25733	-0.0399860471273425	0.422625282648522	0.399997392028755	-0.0226278906197673
chr7:74189918:74190247:clu_25749	0.034793643182169	0.375381062862631	0.389051981028115	0.0136709181654841
chr7:74189918:74194741:clu_25749	0.0499275657598054	0.275404618788651	0.289787114156502	0.0143824953678513
chr7:74190306:74194741:clu_25749	-0.0847212089419743	0.349214318348718	0.321160904815383	-0.0280534135333353
chr7:74716950:74718879:clu_25761	-0.0323489400007997	0.248675101087225	0.23261742173283	-0.0160576793543955
chr7:74716950:74728786:clu_25761	0.0955391389652889	0.550662922537267	0.585378620726929	0.0347156981896615
chr7:74718941:74728786:clu_25761	-0.0631901989644892	0.200661976375508	0.182003957540242	-0.0186580188352658
chr7:75879260:75881365:clu_25792	-0.0498194862114839	0.194276445386003	0.193348619082951	-0.000927826303052215
chr7:75879260:75881829:clu_25792	-0.13002040925483	0.606179879334283	0.556790253607156	-0.0493896257271262
chr7:75881486:75881829:clu_25792	0.179839895466314	0.199543675279714	0.249861127309892	0.0503174520301783
chr7:76048226:76048576:clu_25798	-0.873220120025569	0.327275031591409	0.0782059619225001	-0.249069069668909
chr7:76048226:76054830:clu_25798	0.873220120025569	0.672724968408591	0.9217940380775	0.249069069668909
chr7:87194102:87194684:clu_25847	-0.119255040353577	0.463741126385544	0.452484883405792	-0.0112562429797526
chr7:87194102:87195031:clu_25847	0.483501959094189	0.135383488827628	0.2413616148142	0.105978125986572
chr7:87194828:87195031:clu_25847	-0.364246918740612	0.400875384786827	0.306153501780008	-0.0947218830068191
chr7:99374781:99377338:clu_25940	-0.0592974564367324	0.0286206551745444	0.0417501906474164	0.0131295354728719
chr7:99374781:99377358:clu_25940	0.148466774332139	0.0309776334595352	0.0556234583571324	0.0246458248975972
chr7:99374781:99385702:clu_25940	-0.523197710620935	0.877141766454211	0.80459876619682	-0.0725430002573916
chr7:99377439:99385702:clu_25940	0.673181374104192	0.0115301892864149	0.0349886223589306	0.0234584330725156
chr7:99377455:99385702:clu_25940	-0.239152981378664	0.0517297556252939	0.0630389624397007	0.0113092068144068
chr7:99385778:99386685:clu_25941	0.565946220279862	0.982976750737298	0.994447272866455	0.0114705221291568
chr7:99386590:99386685:clu_25941	-0.565946220279862	0.0170232492627015	0.00555272713354489	-0.0114705221291567
chr7:99409004:99410034:clu_25947	0.209305688158099	0.758901927882469	0.827109714170718	0.0682077862882486
chr7:99409245:99410034:clu_25947	-0.209305688158099	0.241098072117531	0.172890285829282	-0.0682077862882487
chr7:99458355:99459147:clu_25955	0.102790807779002	0.371477789060228	0.358476850403512	-0.0130009386567163
chr7:99458355:99460086:clu_25955	-0.299578256088067	0.0597398374037644	0.0385518865465471	-0.0211879508572172
chr7:99459263:99460086:clu_25955	0.196787448309065	0.568782373536008	0.602971263049941	0.0341888895139335
chr7:99460193:99466111:clu_25956	-0.226940496312421	0.484380579667285	0.373699331537666	-0.110681248129619
chr7:99460193:99466129:clu_25956	0.226940496312421	0.515619420332715	0.626300668462334	0.110681248129619
chr7:99494631:99498716:clu_25960	-0.531578672192072	0.382313738057654	0.297033972844863	-0.085279765212791
chr7:99494631:99499638:clu_25960	0.839614582073745	0.049218100421959	0.150665123441951	0.101447023019992
chr7:99498842:99499638:clu_25960	-0.308035909881673	0.568468161520387	0.552300903713186	-0.0161672578072006
chr7:99558787:99560533:clu_25963	-0.552442336144293	0.877157497055845	0.702848409201619	-0.174309087854226
chr7:99559017:99560533:clu_25963	0.552442336144293	0.122842502944155	0.297151590798381	0.174309087854226
chr7:99562494:99563863:clu_25964	-0.0787324493563731	0.803807157753518	0.77778356009035	-0.0260235976631675
chr7:99562494:99571688:clu_25964	0.078732449356373	0.196192842246483	0.22221643990965	0.0260235976631675
chr7:100148975:100149499:clu_25986	1.8263098488499	0.664297700936947	0.968384154100352	0.304086453163405
chr7:100149033:100149499:clu_25986	-0.91315492442495	0.108362190055726	0.0102053584730045	-0.0981568315827213
chr7:100149053:100149499:clu_25986	-0.91315492442495	0.227340109007327	0.0214104874266438	-0.205929621580683
chr7:100149565:100153400:clu_25987	0.263846395034458	0.0289497409425455	0.0225758163165466	-0.00637392462599893
chr7:100149579:100153400:clu_25987	0.591943218425141	0.88182798644221	0.95471401698876	0.0728860305465497
chr7:100152757:100153400:clu_25987	-0.855789613459599	0.0892222726152442	0.0227101666946935	-0.0665121059205507
chr7:100353270:100353373:clu_26006	0.0550537427959588	0.439122992249891	0.463258521962072	0.0241355297121805
chr7:100353270:100355143:clu_26006	0.000133510974640275	0.0569952440377264	0.0569146807324661	-8.05633052602603e-05
chr7:100353483:100353895:clu_26006	-1.49091972869162	0.0733910976271535	0.0164995794657523	-0.0568915181614012
chr7:100353483:100355143:clu_26006	1.58659433780526	0.0233014397133364	0.113699780081847	0.0903983403685105
chr7:100354012:100355143:clu_26006	-0.150861862884244	0.407189226371893	0.349627437757863	-0.0575617886140296
chr7:100577005:100577086:clu_26023	-0.130607779954096	0.385798790037464	0.399006679336339	0.0132078892988756
chr7:100577005:100577273:clu_26023	-0.225107070798674	0.00151531470098175	0.00142587554513627	-8.94391558454873e-05
chr7:100577154:100577273:clu_26023	-0.269068208924742	0.324703389532319	0.292397413409332	-0.0323059761229873
chr7:100577154:100577497:clu_26023	0.782787199900682	0.0110555559914924	0.0285024565652493	0.0174469005737568
chr7:100577389:100577497:clu_26023	-0.158004140223172	0.276926949737743	0.278667575143943	0.00174062540620035
chr7:100577558:100577664:clu_26023_B	0.416526491514776	0.930438662792721	0.96852254621196	0.0380838834192385
chr7:100577581:100577664:clu_26023_B	-0.416526491514776	0.0695613372072784	0.0314774537880399	-0.0380838834192384
chr7:100578465:100578650:clu_26025	0.0815235567104656	0.0364652599854125	0.04264756544475	0.00618230545933748
chr7:100578511:100578650:clu_26025	-0.0815235567104656	0.963534740014587	0.95735243455525	-0.00618230545933751
chr7:100858942:100859050:clu_26039_B	0.214385774589262	0.592111450387073	0.558501459656966	-0.0336099907301068
chr7:100858942:100859885:clu_26039_B	-0.726996335646387	0.0851785978121397	0.0313411034948844	-0.0538374943172553
chr7:100859161:100859885:clu_26039_B	0.512610561057125	0.322709951800787	0.41015743684815	0.0874474850473622
chr7:100860232:100861138:clu_26040	-0.456802249329098	0.468417936261157	0.471017824781475	0.00259988852031884
chr7:100860232:100861392:clu_26040	0.948614115492033	0.00410356133495908	0.0168240026182201	0.012720441283261
chr7:100861262:100861392:clu_26040	-0.491811866162935	0.527478502403884	0.512158172600305	-0.0153203298035797
chr7:100875712:100880696:clu_26043	-0.597709993105876	0.147860949066934	0.0498833538170166	-0.0979775952499179
chr7:100875712:100881285:clu_26043	0.597709993105876	0.852139050933066	0.950116646182983	0.0979775952499178
chr7:100882241:100882765:clu_26044	-0.108707911795491	0.21221403443963	0.161659004513494	-0.0505550299261364
chr7:100882241:100884070:clu_26044	1.49452483618397	0.18780415235264	0.710896087697977	0.523091935345337
chr7:100883090:100884070:clu_26044	-1.38581692438848	0.599981813207729	0.127444907788529	-0.4725369054192
chr7:100885040:100885213:clu_26045	-0.0485348353536541	0.494221506570406	0.469989945905082	-0.0242315606653238
chr7:100885040:100885216:clu_26045	0.0485348353536541	0.505778493429594	0.530010054094918	0.0242315606653238
chr7:101240906:101244007:clu_26055	0.321775459926064	0.95400067633877	0.975291488437856	0.0212908120990863
chr7:101240906:101251895:clu_26055	-0.321775459926064	0.0459993236612301	0.0247085115621439	-0.0212908120990862
chr7:102376322:102395977:clu_26065	-0.631272108337793	0.123975548288612	0.0531968579112474	-0.0707786903773646
chr7:102376322:102397620:clu_26065	-0.28660484179646	0.24761203667033	0.149971518197721	-0.0976405184726096
chr7:102376322:102399548:clu_26065	-0.0406628146683913	0.0572728965193638	0.0443606037754433	-0.0129122927439206
chr7:102396537:102397620:clu_26065	0.441992955073951	0.204071218053217	0.256120767754303	0.0520495497010858
chr7:102397698:102399548:clu_26065	0.516546809728693	0.367068300468476	0.496350252361285	0.129281951892809
chr7:103297558:103298568:clu_26085	0.0964841360761806	0.899209727325391	0.915401228052917	0.016191500727526
chr7:103297953:103298568:clu_26085	-0.0964841360761806	0.100790272674609	0.0845987719470826	-0.0161915007275261
chr7:103304490:103307596:clu_26086	0.095639873708729	0.368368683631776	0.38107301961675	0.0127043359849748
chr7:103304490:103308952:clu_26086	-0.211368304722727	0.16214881729049	0.123397774360794	-0.038751042929696
chr7:103307708:103308952:clu_26086	0.115728431013998	0.469482499077734	0.495529206022455	0.0260467069447213
chr7:105014535:105038126:clu_26095	0.243925968882325	0.310713102167346	0.384858738852647	0.0741456366853008
chr7:105014535:105040839:clu_26095	-0.444940668328207	0.359117405954216	0.223360956846732	-0.135756449107484
chr7:105038199:105040839:clu_26095	0.201014699445882	0.330169491878437	0.391780304300621	0.0616108124221836
chr7:107169027:107179879:clu_26128	0.0940660209947826	0.627334634781589	0.670164967716648	0.0428303329350594
chr7:107169185:107179879:clu_26128	-0.0940660209947826	0.372665365218411	0.329835032283352	-0.0428303329350596
chr7:107186681:107189292:clu_26129	0.321595575355266	0.187451844456919	0.277872338269038	0.0904204938121195
chr7:107186681:107190173:clu_26129	-0.32698975969152	0.510030473774863	0.39525255956636	-0.114777914208503
chr7:107189448:107190173:clu_26129	0.00539418433625441	0.302517681768218	0.326875102164602	0.0243574203963838
chr7:108479379:108485694:clu_26137	0.481141013073384	0.264729174064829	0.425601353753669	0.16087217968884
chr7:108479379:108487759:clu_26137	-0.240572870053308	0.293217711945951	0.229063050246502	-0.0641546616994496
chr7:108485762:108487759:clu_26137	-0.240568143020076	0.44205311398922	0.345335595999829	-0.0967175179893907
chr7:112462179:112462270:clu_26147	-0.291866585018706	0.100022488760688	0.059152297255244	-0.040870191505444
chr7:112462179:112467981:clu_26147	0.338316547367266	0.734576468634465	0.815823156507298	0.0812466878728324
chr7:112462378:112467981:clu_26147	-0.0464499623485607	0.165401042604847	0.125024546237458	-0.0403764963673883
chr7:116250496:116251760:clu_26158	-0.0779781704103638	0.411447207917031	0.368334654045407	-0.0431125538716244
chr7:116250496:116252318:clu_26158	-0.0502821928955899	0.0883675142802826	0.0813297261440327	-0.00703778813624989
chr7:116251975:116252318:clu_26158	0.128260363305954	0.500185277802687	0.550335619810561	0.0501503420078743
chr7:116904383:116906263:clu_26161	0.581461249810437	0.351494357241082	0.449528686823591	0.0980343295825081
chr7:116904383:116910233:clu_26161	-0.854684421227244	0.0926953688220268	0.0281959642230637	-0.0644994045989632
chr7:116906342:116910233:clu_26161	0.273223171416807	0.555810273936891	0.522275348953346	-0.0335349249835449
chr7:120955624:120956160:clu_26165	1.67885691540573	0.08920913247361	0.478799218362457	0.389590085888847
chr7:120955624:120964742:clu_26165	-0.559618971692192	0.432136209420461	0.247290281637297	-0.184845927783165
chr7:120955624:120966626:clu_26165	-0.559618971857351	0.13358256638603	0.0764427274036582	-0.0571398389823718
chr7:120964838:120966626:clu_26165	-0.559618971856182	0.345072091719899	0.197467772596588	-0.147604319123311
chr7:128400182:128400333:clu_26189	0.511105174575399	0.669061297265513	0.848919667134061	0.179858369868548
chr7:128400204:128400333:clu_26189	-0.511105174575399	0.330938702734486	0.151080332865939	-0.179858369868548
chr7:128403754:128405767:clu_26191	0.00141089982269019	0.513504354811255	0.49659367708482	-0.016910677726435
chr7:128403754:128409756:clu_26191	-0.844894435711281	0.121877567019061	0.050563263098473	-0.0713143039205877
chr7:128405865:128409289:clu_26191	0.0241829949168137	0.0812287054915444	0.0803630446050194	-0.000865660886524983
chr7:128405865:128409756:clu_26191	0.762270918934498	0.121023281370639	0.250474366219273	0.129451084848635
chr7:128409366:128409756:clu_26191	0.683428464410536	0.0273497442941611	0.0523126583175408	0.0249629140233796
chr7:128409484:128409756:clu_26191	-0.626398842373256	0.13501634701334	0.0696929906748739	-0.0653233563384664
chr7:128574791:128577953:clu_26196	0.276120651490705	0.449643651708082	0.488721694875057	0.0390780431669746
chr7:128574791:128578890:clu_26196	-0.55634505140328	0.144469448879754	0.0683020764642029	-0.0761673724155516
chr7:128578033:128578890:clu_26196	0.280224399912575	0.405886899412163	0.44297622866074	0.037089329248577
chr7:139074030:139076286:clu_26267	0.138947959227463	0.342554406578114	0.428777169305432	0.0862227627273183
chr7:139074030:139078552:clu_26267	0.832910313579012	0.0526130634460334	0.131819513694276	0.0792064502482423
chr7:139075776:139076286:clu_26267	-0.597649346219242	0.0918613098710962	0.0550471175646603	-0.0368141923064359
chr7:139076409:139078552:clu_26267	-0.374208926587234	0.512971220104757	0.384356199435632	-0.128615020669125
chr7:140026348:140027276:clu_26283	-0.272634266254222	0.473694645498876	0.478782130298231	0.00508748479935489
chr7:140026348:140028613:clu_26283	0.749666489476924	0.0441183302628926	0.123947594204005	0.0798292639411121
chr7:140027406:140028613:clu_26283	-0.477032223222702	0.482187024238232	0.397270275497765	-0.084916748740467
chr7:140028688:140034235:clu_26284	-0.264992445633417	0.871523832740196	0.799715134509683	-0.0718086982305132
chr7:140034081:140034235:clu_26284	0.264992445633417	0.128476167259804	0.200284865490317	0.071808698230513
chr7:140037856:140041644:clu_26284_B	0.562162784103218	0.823150249609629	0.934756754200118	0.111606504590489
chr7:140038311:140041644:clu_26284_B	-0.562162784103218	0.176849750390371	0.0652432457998818	-0.111606504590489
chr7:140057153:140057899:clu_26285	0.517027658662414	0.327177015371701	0.577635509962993	0.250458494591292
chr7:140057773:140057899:clu_26285	-0.517027658662414	0.672822984628299	0.422364490037007	-0.250458494591292
chr7:140120529:140124621:clu_26289	-0.0294821069047459	0.258675619299966	0.24771661682786	-0.0109590024721063
chr7:140120529:140127442:clu_26289	0.14161863735992	0.387491516642806	0.440321559660618	0.0528300430178121
chr7:140126823:140127442:clu_26289	-0.112136530455174	0.353832864057228	0.311961823511522	-0.0418710405457057
chr7:141738410:141739124:clu_26313	0.0827241027548836	0.863938749634398	0.882243059875766	0.018304310241368
chr7:141738503:141739124:clu_26313	-0.0827241027548836	0.136061250365602	0.117756940124234	-0.0183043102413681
chr7:141739190:141741749:clu_26314	0.300110912671123	0.0887645587772616	0.150767763963857	0.0620032051865953
chr7:141739190:141742169:clu_26314	-0.300110912671123	0.911235441222738	0.849232236036143	-0.0620032051865952
chr7:143381409:143381557:clu_26339	0.0256241813400754	0.466769147503918	0.479543604609965	0.0127744571060467
chr7:143381409:143381560:clu_26339	-0.0256241813400754	0.533230852496082	0.520456395390035	-0.0127744571060466
chr7:143382447:143382593:clu_26340	-0.0689550736113331	0.491688183095295	0.493249060455928	0.00156087736063237
chr7:143382447:143382801:clu_26340	0.146543268698691	0.00483767599862833	0.00602009043041445	0.00118241443178612
chr7:143382685:143382801:clu_26340	-0.077588195087358	0.503474140906076	0.500730849113658	-0.00274329179241839
chr7:150628288:150630058:clu_26395	0.473966168731564	0.173022583385933	0.350595438082334	0.177572854696401
chr7:150628512:150630058:clu_26395	-0.473966168731564	0.826977416614067	0.649404561917666	-0.177572854696401
chr7:150687087:150690159:clu_26396	-0.163328414448002	0.100166925656911	0.0743282874421383	-0.0258386382147723
chr7:150687087:150692315:clu_26396	0.163328414448002	0.899833074343089	0.925671712557862	0.0258386382147723
chr7:151235612:151236408:clu_26420	-0.373758411392862	0.463876207988035	0.33558267266354	-0.128293535324495
chr7:151235612:151237374:clu_26420	0.308801361442428	0.203281895892364	0.291023510833572	0.0877416149412079
chr7:151236590:151237374:clu_26420	0.0649570499504343	0.332841896119601	0.373393816502888	0.0405519203832866
chr7:151352882:151355768:clu_26429	-0.10963916889334	0.388139700984916	0.345904845845155	-0.0422348551397607
chr7:151352882:151360141:clu_26429	0.0350198445557065	0.0363308501594121	0.0374169816716678	0.00108613151225571
chr7:151356222:151360141:clu_26429	0.0746193243376334	0.575529448855672	0.616678172483177	0.0411487236275051
chr7:155298697:155301566:clu_26454	-0.0313218782096812	0.497475686975425	0.446343977039766	-0.0511317099356592
chr7:155298697:155308241:clu_26454	-1.16154341287467	0.140800908559056	0.040799449170565	-0.100001459388491
chr7:155302846:155303825:clu_26454	0.50114562029325	0.145781303133827	0.222765197823245	0.0769838946894172
chr7:155302846:155308241:clu_26454	0.219554889309774	0.0919197628734845	0.105989076835076	0.0140693139615912
chr7:155303895:155308241:clu_26454	0.472164781481331	0.124022338458207	0.184102299131349	0.0600799606731421
chr7:158741896:158743529:clu_26475	0.815569623797901	0.395547893886358	0.485534357001499	0.089986463115141
chr7:158741896:158748194:clu_26475	-1.3167613006461	0.0364236528411776	0.00530084168804413	-0.0311228111531335
chr7:158743678:158748194:clu_26475	0.501191676848197	0.568028453272464	0.509164801310457	-0.0588636519620074
chr7:158749723:158752781:clu_26476	-4.51000502639933	0.165039908822006	3.07746517126562e-07	-0.165039601075489
chr7:158749723:158759486:clu_26476	9.02001005279867	0.713484770570233	0.999999465740956	0.286514695170723
chr7:158752843:158759486:clu_26476	-4.51000502639933	0.121475320607761	2.2651252718631e-07	-0.121475094095234
chr8:11821878:11826024:clu_24427	0.44711793285555	0.876043996542023	0.945304491171412	0.0692604946293894
chr8:11821878:11826079:clu_24427	-0.44711793285555	0.123956003457977	0.0546955088285875	-0.0692604946293895
chr8:11853479:11864376:clu_24431	0.591488924550285	0.0605674613321839	0.150273432993128	0.0897059716609446
chr8:11853479:11868001:clu_24431	-0.445558399937329	0.863110877502461	0.759146329730111	-0.10396454777235
chr8:11864463:11868001:clu_24431	-0.145930524612956	0.0763216611653556	0.0905802372767607	0.0142585761114051
chr8:21910857:21911901:clu_24474	0.261771286929853	0.373363441216588	0.420005502923294	0.0466420617067061
chr8:21910857:21912229:clu_24474	-0.472868870425167	0.170070875218854	0.0917704729780205	-0.0783004022408333
chr8:21911988:21912229:clu_24474	0.211097583495314	0.456565683564558	0.488224024098685	0.0316583405341274
chr8:22589741:22591551:clu_24505	-0.251346735365623	0.523933546916938	0.454936388772747	-0.0689971581441918
chr8:22589741:22593733:clu_24505	0.272461598861543	0.0661467252399514	0.0969772548923994	0.030830529652448
chr8:22591668:22593733:clu_24505	-0.0211148634959198	0.40991972784311	0.448086356334854	0.0381666284917438
chr8:22619355:22619638:clu_24511	-0.428445528951358	0.751014718944386	0.561472533714143	-0.189542185230244
chr8:22619355:22620004:clu_24511	0.428445528951358	0.248985281055614	0.438527466285857	0.189542185230244
chr8:23258081:23258330:clu_24524	-0.449000000149198	0.562075512463465	0.462361117717459	-0.099714394746006
chr8:23258081:23258732:clu_24524	0.556111882267049	0.0280567105751893	0.0630576724357621	0.0350009618605727
chr8:23258449:23258732:clu_24524	-0.107111882117851	0.409867776961346	0.474581209846779	0.0647134328854331
chr8:27325681:27397548:clu_24565	9.30443870071992	0.846021124529536	0.999999998492188	0.153978873962652
chr8:27380792:27397548:clu_24565	-9.30443870071992	0.153978875470464	1.50781189772081e-09	-0.153978873962652
chr8:27444271:27445794:clu_24571	0.435971402327184	0.0210997349966915	0.0682857610029863	0.0471860260062948
chr8:27444271:27450749:clu_24571	-1.10175098933332	0.904576743571009	0.629034146728377	-0.275542596842632
chr8:27445919:27450749:clu_24571	0.665779587006136	0.0743235214322997	0.302680092268637	0.228356570836337
chr8:30066910:30069642:clu_24602	-0.743708722631824	0.0339285615728965	0.00787310852272471	-0.0260554530501718
chr8:30066918:30069642:clu_24602	0.743708722631824	0.966071438427104	0.992126891477275	0.0260554530501718
chr8:30070059:30073757:clu_24603	-0.472075884903138	0.0154215775599255	0.00655546873565888	-0.00886610882426657
chr8:30070059:30073877:clu_24603	0.416458711106181	0.429219688183512	0.443649763988895	0.0144300758053834
chr8:30070059:30082847:clu_24603	0.212798776419164	0.119447877625043	0.100714191753993	-0.0187336858710497
chr8:30074051:30082847:clu_24603	0.432857845513544	0.0108837461201566	0.0114356558320368	0.000551909711880185
chr8:30074055:30078212:clu_24603	-0.533006143332329	0.0178992950536715	0.00715894787212345	-0.0107403471815481
chr8:30074055:30082847:clu_24603	0.47495860494059	0.384582079639414	0.421459497248163	0.0368774176087483
chr8:30078256:30082847:clu_24603	-0.531991909744011	0.0225457358182777	0.00902647456913015	-0.0135192612491475
chr8:38163840:38169802:clu_24626	0.0404870724256501	0.495784594104106	0.461601530405266	-0.0341830636988402
chr8:38163840:38171965:clu_24626	-0.335416902353844	0.119453838442314	0.0763697379128648	-0.0430841005294488
chr8:38169917:38171965:clu_24626	0.294929829928194	0.38476156745358	0.46202873168187	0.0772671642282891
chr8:38936050:38943789:clu_24649	0.197172975707109	0.492074156551406	0.492009073709665	-6.50828417405047e-05
chr8:38936050:38946124:clu_24649	-0.481590095395521	0.0790722460598094	0.0401036197987038	-0.0389686262611057
chr8:38943837:38946124:clu_24649	0.284417119688411	0.428853597388785	0.467887306491631	0.0390337091028462
chr8:38950990:38952166:clu_24650	-0.295702156869177	0.50705236719852	0.555399905916881	0.0483475387183611
chr8:38950990:38952636:clu_24650	1.02156983070071	0.0276642096312832	0.11312411888243	0.085459909251147
chr8:38952312:38952636:clu_24650	-0.725867673831532	0.465283423170196	0.331475975200688	-0.133807447969508
chr8:41490617:41490833:clu_24655	0.746616207725641	0.692227863763092	0.909190266388023	0.216962402624932
chr8:41490617:41490870:clu_24655	-0.746616207725641	0.307772136236908	0.0908097336119767	-0.216962402624932
chr8:56211837:56212762:clu_24734	-0.260788547620473	0.385342057638517	0.2716128334188	-0.113729224219717
chr8:56211837:56214598:clu_24734	0.751147820700373	0.245197231022948	0.475442297824113	0.230245066801166
chr8:56212889:56214598:clu_24734	-0.500279896208548	0.239500830527045	0.132862104290191	-0.106638726236854
chr8:56212909:56214598:clu_24734	0.00992062312864899	0.129959880811489	0.120082764466896	-0.00987711634459379
chr8:56216531:56216680:clu_24736	-0.99108487739913	0.186669974712552	0.0403555759772418	-0.146314398735311
chr8:56216531:56217331:clu_24736	0.825131544701132	0.624033880219494	0.829487834181957	0.205453953962463
chr8:56216754:56217331:clu_24736	0.165953332697999	0.189296145067954	0.130156589840801	-0.0591395552271529
chr8:58553303:58565019:clu_24741	-0.0444918345348375	0.952684873353607	0.948508327100154	-0.00417654625345298
chr8:58553303:58565022:clu_24741	0.0444918345348375	0.0473151266463936	0.0514916728998464	0.00417654625345284
chr8:58565084:58565842:clu_24742	-0.728188337240689	0.0503949118232283	0.014493940786131	-0.0359009710370973
chr8:58565084:58570887:clu_24742	0.576770106668741	0.890795970841261	0.944744317491686	0.0539483466504251
chr8:58565944:58570887:clu_24742	0.151418230571948	0.0588091173355109	0.0407617417221831	-0.0180473756133278
chr8:58572314:58575900:clu_24743	0.0492529063828903	0.795437234411207	0.811000286169511	0.0155630517583049
chr8:58572314:58575903:clu_24743	-0.0492529063828903	0.204562765588794	0.188999713830489	-0.0155630517583049
chr8:58595659:58595800:clu_24746	9.66979936878321	6.13305461917584e-10	0.133245872530875	0.13324587191757
chr8:58595659:58597387:clu_24746	-9.66979936878321	0.999999999386695	0.866754127469125	-0.13324587191757
chr8:63169411:63175331:clu_24762	-0.160416627214629	0.379562525547726	0.354559037111542	-0.0250034884361845
chr8:63169411:63186147:clu_24762	-0.952526120482203	0.115676697973081	0.0489375623421539	-0.0667391356309271
chr8:63175416:63182664:clu_24762	1.23568735375521	0.0381300848063931	0.143877624211031	0.105747539404638
chr8:63175416:63186147:clu_24762	-0.122744606058384	0.4666306916728	0.452625776335273	-0.0140049153375263
chr8:66922114:66922324:clu_24785	-0.0900949463703126	0.290672869437309	0.27535206834457	-0.0153208010927396
chr8:66922114:66922614:clu_24785	0.116153456907337	0.0480276390824159	0.0559174846246659	0.00788984554224995
chr8:66922392:66922614:clu_24785	8.14185940015515e-05	0.294242790294031	0.30503717712205	0.0107943868280187
chr8:66922392:66925437:clu_24785	0.0210733560026892	0.0107143992078727	0.0113430918617512	0.00062869265387849
chr8:66922725:66925437:clu_24785	-0.0472132851337151	0.356342301978371	0.352350178046964	-0.00399212393140769
chr8:67045960:67047685:clu_24786	-0.572061390875899	0.19425133990057	0.0554926430494197	-0.138758696851151
chr8:67045960:67051230:clu_24786	1.144128841834	0.547957279702027	0.870863394605005	0.322906114902977
chr8:67047859:67051230:clu_24786	-0.572067450958096	0.257791380397402	0.0736439623455755	-0.184147418051827
chr8:70598011:70598134:clu_24802	-0.776277459205626	0.53292011913181	0.477284868022865	-0.0556352511089447
chr8:70598011:70600019:clu_24802	1.55255207529178	0.0125799551323661	0.115662468677697	0.103082513545331
chr8:70598255:70600019:clu_24802	-0.776274616086156	0.454499925735824	0.407052663299438	-0.0474472624363867
chr8:85214631:85214921:clu_24841	-0.194808155821612	0.41165927342177	0.393345350656766	-0.0183139227650042
chr8:85214631:85217386:clu_24841	0.361461926123489	0.0415869605261006	0.0693071954389583	0.0277202349128577
chr8:85215037:85217386:clu_24841	-0.166653770301876	0.546753766052129	0.537347453904276	-0.00940631214785337
chr8:85217502:85219236:clu_24842	0.279708062863221	0.112902447615304	0.131947444951925	0.0190449973366216
chr8:85217502:85219323:clu_24842	-0.265746593324643	0.122121441657583	0.0827183005091317	-0.0394031411484515
chr8:85217502:85220306:clu_24842	0.385128618352098	0.470178285165084	0.610581668040302	0.140403382875218
chr8:85219363:85220306:clu_24842	-0.399090087890675	0.294797825562029	0.174752586498641	-0.120045239063388
chr8:94930728:94932070:clu_24896	0.278552215966848	0.503334441203033	0.61745612365094	0.114121682447906
chr8:94930728:94939860:clu_24896	0.0661796452741922	0.167120739044093	0.165785890197719	-0.00133484884637411
chr8:94932107:94939860:clu_24896	-0.34473186124104	0.329544819752874	0.216757986151341	-0.112786833601532
chr8:98042718:98044943:clu_24920	0.248613100906595	0.0240999236477022	0.0390182727425701	0.0149183490948679
chr8:98042775:98044943:clu_24920	-0.248613100906595	0.975900076352298	0.96098172725743	-0.014918349094868
chr8:100925039:100948596:clu_24944	0.672941838157179	0.538454173670484	0.527025171166799	-0.0114290025036852
chr8:100925039:100951929:clu_24944	1.39776876002415	0.00950979550592552	0.019215076641704	0.00970528113577847
chr8:100948900:100951456:clu_24944	-0.309732851007504	0.0340006526197192	0.0124566042919071	-0.0215440483278121
chr8:100948900:100951929:clu_24944	0.978352599566575	0.31696651231308	0.421050512145257	0.104083999832177
chr8:100948900:100952850:clu_24944	-0.913085749478728	0.0107833037494298	0.00216088383023177	-0.00862241991919805
chr8:100948900:100953269:clu_24944	-0.913126553499818	0.0791050424256546	0.0158513416919794	-0.0632537007336752
chr8:100952125:100952850:clu_24944	-0.913118043761854	0.0111805197157069	0.00224041023212158	-0.00894010948358534
chr8:101201743:101202333:clu_24945	-0.247909863109491	0.424034651821314	0.309586737155946	-0.114447914665368
chr8:101201743:101205435:clu_24945	0.247909863109491	0.575965348178686	0.690413262844054	0.114447914665367
chr8:102270183:102271134:clu_24951	-0.105338680749773	0.464190072472633	0.441898551079403	-0.0222915213932293
chr8:102270183:102272529:clu_24951	0.1933673449378	0.124267199234474	0.159481245381876	0.0352140461474028
chr8:102271245:102272529:clu_24951	-0.0880286641880266	0.411542728292894	0.39862020353872	-0.0129225247541734
chr8:102843747:102849999:clu_24960	-0.059626752121415	0.310331842798739	0.304427659844031	-0.0059041829547079
chr8:102843747:102858013:clu_24960	-0.0886540755626326	0.539015847857925	0.513632974196267	-0.0253828736616579
chr8:102850144:102858013:clu_24960	0.148280827684048	0.150652309343337	0.181939365959702	0.0312870566163656
chr8:108229195:108234998:clu_24972	-0.00604541027939355	0.95928975426109	0.958814941451921	-0.000474812809168057
chr8:108233672:108234998:clu_24972	0.00604541027939361	0.0407102457389105	0.0411850585480785	0.000474812809168015
chr8:109334402:109336128:clu_24975	0.328134431734248	0.131657721167797	0.226161898882141	0.0945041777143446
chr8:109334474:109336128:clu_24975	-0.328134431734248	0.868342278832203	0.773838101117858	-0.0945041777143446
chr8:117521053:117528651:clu_24986	-0.0589799608287116	0.384925529738584	0.334623071838005	-0.0503024579005786
chr8:117521053:117539883:clu_24986	-1.00950549624546	0.136906841285737	0.0460040769466442	-0.0909027643390925
chr8:117528809:117530723:clu_24986	0.534893928493154	0.0902548841179608	0.142090823614268	0.0518359394963074
chr8:117528809:117539883:clu_24986	0.127659111077352	0.177092809663564	0.185539513246226	0.00844670358266189
chr8:117530827:117539883:clu_24986	0.405932417503666	0.210819935194155	0.291742514354856	0.0809225791607018
chr8:123019245:123021447:clu_24997	-0.144307882151211	0.167186783509584	0.130753428771109	-0.0364333547384758
chr8:123019305:123021447:clu_24997	0.144307882151211	0.832813216490416	0.869246571228891	0.0364333547384758
chr8:129871496:129879389:clu_25051	-0.16316515427139	0.5544781812281	0.579574986664813	0.0250968054367133
chr8:129871496:129903312:clu_25051	0.47762460659621	0.0185399006081528	0.0367810422393843	0.0182411416312316
chr8:129879471:129903312:clu_25051	-0.31445945232482	0.426981918163747	0.383643971095803	-0.0433379470679449
chr8:129903350:129904499:clu_25052	-0.289316532826568	0.310229307522331	0.26304587255157	-0.0471834349707616
chr8:129903350:129970943:clu_25052	-0.0284661577386178	0.480135243463145	0.528442979408769	0.0483077359456245
chr8:129904585:129970943:clu_25052	-0.296852215697478	0.18400596901053	0.154848810704554	-0.0291571583059753
chr8:129912515:129970943:clu_25052	0.614634906262664	0.0256294800039938	0.0536623373351061	0.0280328573311123
chr8:130079971:130091973:clu_25055	-0.246774020419221	0.382566098606997	0.32796361517082	-0.0546024834361778
chr8:130079971:130112094:clu_25055	0.427305011996426	0.138970891037623	0.233771643019635	0.0948007519820122
chr8:130092143:130112094:clu_25055	-0.180530991577205	0.47846301035538	0.438264741809546	-0.0401982685458344
chr8:132727983:132746942:clu_25061	-0.0292210823993562	0.431623782593611	0.417347588023821	-0.0142761945697899
chr8:132727986:132746942:clu_25061	0.0292210823993562	0.568376217406389	0.582652411976179	0.0142761945697899
chr8:132751997:132756963:clu_25063	-0.284340941637893	0.104299816405362	0.0618604295852401	-0.0424393868201215
chr8:132751997:132757234:clu_25063	0.284340941637893	0.895700183594638	0.93813957041476	0.0424393868201214
chr8:133040130:133044984:clu_25074	-0.239745021269575	0.536463170723922	0.493719394027774	-0.0427437766961482
chr8:133040130:133047830:clu_25074	0.390317529079793	0.055249953455947	0.0954783445773097	0.0402283911213627
chr8:133045115:133047830:clu_25074	-0.150572507810218	0.408286875820131	0.410802261394916	0.00251538557478542
chr8:133459937:133461875:clu_25078	-0.485803211157279	0.424589115504574	0.273989887224636	-0.150599228279938
chr8:133459937:133463414:clu_25078	0.344000166286979	0.112565410132688	0.166551927397864	0.0539865172651754
chr8:133461994:133463414:clu_25078	0.1418030448703	0.462845474362738	0.5594581853775	0.0966127110147629
chr8:143018586:143020883:clu_25116	0.0149457765002919	0.708228728703768	0.714366880417986	0.00613815171421805
chr8:143018586:143020888:clu_25116	-0.0149457765002919	0.291771271296232	0.285633119582014	-0.006138151714218
chr8:143576842:143577062:clu_25144	0.364160837195696	0.417053504939328	0.488517815206939	0.0714643102676105
chr8:143576842:143577269:clu_25144	-0.599768591516487	0.152548398939091	0.0681501871525921	-0.0843982117864993
chr8:143577177:143577269:clu_25144	0.235607754320791	0.43039809612158	0.443331997640469	0.0129339015188888
chr8:143581328:143586219:clu_25148	-0.015778954265188	0.42221879889703	0.42106922527735	-0.00114957361968004
chr8:143581328:143586729:clu_25148	0.036435628230442	0.0947792965781696	0.0995877502593751	0.00480845368120544
chr8:143586290:143586729:clu_25148	-0.0206566739652539	0.4830019045248	0.479343024463275	-0.00365888006152554
chr8:143586849:143597348:clu_25149	-0.0961823559119764	0.148767311801633	0.137174760390795	-0.0115925514108385
chr8:143586852:143588991:clu_25149	0.102370535911461	0.0346744644246711	0.038994816577153	0.00432035215248187
chr8:143586852:143597348:clu_25149	-0.00618817999948448	0.816558223773696	0.823830423032052	0.00727219925835665
chr8:143818534:143820666:clu_25159	-0.288066727686747	0.348508059998205	0.279704618246083	-0.0688034417521226
chr8:143818534:143821597:clu_25159	0.430412247024769	0.160753815253722	0.264654665081235	0.103900849827512
chr8:143820716:143821597:clu_25159	-0.142345519338022	0.490738124748072	0.455640716672683	-0.0350974080753895
chr8:143821913:143824313:clu_25160	-0.267049422689405	0.612999228352062	0.577483098980989	-0.0355161293710731
chr8:143821913:143829280:clu_25160	0.556561360694421	0.0538829621443052	0.115669919008632	0.0617869568643273
chr8:143824399:143829280:clu_25160	-0.289511938005016	0.333117809503633	0.306846982010379	-0.026270827493254
chr8:143922395:143922504:clu_25162	-0.243388027229563	0.470973193953856	0.413822113515699	-0.0571510804381568
chr8:143922395:143926784:clu_25162	0.763669764547829	0.134413711382576	0.323311177899067	0.188897466516491
chr8:143925884:143926784:clu_25162	-0.520281737318267	0.394613094663569	0.262866708585234	-0.131746386078334
chr8:143934929:143935011:clu_25165	-0.109381839209614	0.655393427995649	0.604456427403592	-0.0509370005920564
chr8:143934929:143935023:clu_25165	0.109381839209614	0.344606572004351	0.395543572596408	0.0509370005920564
chr8:143938692:143939350:clu_25166	-0.125137732459965	0.521199970323902	0.458737875034848	-0.0624620952890549
chr8:143938692:143975177:clu_25166	0.125137732459965	0.478800029676098	0.541262124965152	0.0624620952890549
chr8:143991804:143991878:clu_25171	-0.850193703631644	0.514640185976561	0.492412984896356	-0.0222272010802044
chr8:143991804:143992245:clu_25171	1.70029032232907	0.00381710266742204	0.046797298312328	0.042980195644906
chr8:143992078:143992245:clu_25171	-0.850096618697422	0.481542711356017	0.460789716791316	-0.0207529945647016
chr8:144105997:144106076:clu_25181	0.0108346527594826	0.465492509818977	0.458849045901181	-0.00664346391779608
chr8:144105997:144106343:clu_25181	-0.0536481523381556	0.0304458861070457	0.0281372226906798	-0.0023086634163659
chr8:144106241:144106343:clu_25181	0.0428134995786731	0.504061604073977	0.51301373140814	0.00895212733416206
chr8:144291874:144292483:clu_25194	-0.702809764306856	0.146153323810874	0.0402827668468678	-0.105870556964006
chr8:144291874:144308906:clu_25194	0.702809764306856	0.853846676189126	0.959717233153132	0.105870556964006
chr8:144312244:144313511:clu_25197	-0.196750268500477	0.717625166776781	0.631628964111606	-0.0859962026651754
chr8:144312711:144313511:clu_25197	0.196750268500477	0.282374833223219	0.368371035888394	0.0859962026651753
chr8:144401673:144402867:clu_25214	-0.570645900970145	0.209750245224737	0.0781520990151901	-0.131598146209547
chr8:144401673:144409015:clu_25214	0.570645900970145	0.790249754775263	0.92184790098481	0.131598146209547
chr8:144425000:144425683:clu_25217	-0.19139329349094	0.115174285138733	0.0815305552824609	-0.033643729856272
chr8:144425051:144425683:clu_25217	0.19139329349094	0.884825714861267	0.918469444717539	0.033643729856272
chr8:144425772:144425875:clu_25218	-0.639048675721103	0.0276742588813805	0.00786617933547138	-0.0198080795459091
chr8:144425772:144426026:clu_25218	0.639048675721103	0.972325741118619	0.992133820664529	0.0198080795459092
chr9:175784:177723:clu_8757	0.784988811566565	0.133978394913512	0.4172685023405	0.283290107426988
chr9:175784:178816:clu_8757	-1.33716241250781	0.742042252358757	0.276803069103475	-0.465239183255281
chr9:177820:178816:clu_8757	0.552173600941246	0.123979352727732	0.305928428556025	0.181949075828294
chr9:271729:286461:clu_8759	3.55627098268308	0.00866641688212885	0.914740923572423	0.906074506690294
chr9:273100:286461:clu_8759	-3.55627098268308	0.991333583117871	0.0852590764275773	-0.906074506690294
chr9:463687:464159:clu_8771	-0.799471055128384	0.955078637937183	0.811217112852451	-0.143861525084732
chr9:463687:465073:clu_8771	0.799471055128384	0.0449213620628166	0.188782887147549	0.143861525084732
chr9:2186228:2191266:clu_8779	-0.010455280255059	0.429979668537358	0.442100415510884	0.0121207469735255
chr9:2186228:2192704:clu_8779	0.0991753078763861	0.0810641041446859	0.0930065531443846	0.0119424489996987
chr9:2191408:2192704:clu_8779	-0.088720027621327	0.488956227317956	0.464893031344731	-0.0240631959732243
chr9:6486925:6492303:clu_8813	-0.53402103827389	0.201226664582273	0.105366243883218	-0.0958604206990549
chr9:6486925:6493826:clu_8813	0.0749000326506047	0.520048040279182	0.500622650282623	-0.0194253899965598
chr9:6492401:6493826:clu_8813	0.459121005623285	0.278725295138545	0.39401110583416	0.115285810695615
chr9:15478552:15479591:clu_8831	-0.163275359533217	0.438311935015309	0.485667592637887	0.0473556576225778
chr9:15478552:15486006:clu_8831	0.671514968689178	0.0415821215656538	0.106171341663592	0.0645892200979386
chr9:15479687:15486006:clu_8831	-0.508239609155961	0.520105943419037	0.40816106569852	-0.111944877720516
chr9:19376651:19378368:clu_8841	0.393137116130982	0.951998873808611	0.977546812866093	0.0255479390574811
chr9:19376651:19378393:clu_8841	-0.393137116130982	0.0480011261913885	0.0224531871339075	-0.025547939057481
chr9:21008146:21010725:clu_8845	-0.417214452061553	0.395503537734308	0.267038926797178	-0.12846461093713
chr9:21008146:21011589:clu_8845	0.112647673393396	0.441139295471979	0.505959953392751	0.0648206579207722
chr9:21011438:21011589:clu_8845	0.304566778668156	0.163357166793713	0.227001119810071	0.0636439530163579
chr9:33026616:33026813:clu_8874	-0.0802776209380202	0.367867970817481	0.33289170923799	-0.0349762615794907
chr9:33026616:33029885:clu_8874	-0.292715434899038	0.336578022624904	0.246283993247664	-0.0902940293772401
chr9:33026990:33029885:clu_8874	0.372993055837058	0.295554006557615	0.420824297514346	0.125270290956731
chr9:33261169:33262105:clu_8881	-0.286265924582201	0.267707012194742	0.182626263617695	-0.0850807485770472
chr9:33261169:33262702:clu_8881	0.29315262922711	0.496765430689933	0.604913300546244	0.108147869856311
chr9:33262246:33262702:clu_8881	-0.00688670464490898	0.235527557115326	0.212460435836061	-0.0230671212792642
chr9:35725727:35732075:clu_8952	-1.14622010867765	0.980551712407268	0.835883971253614	-0.144667741153654
chr9:35729399:35732075:clu_8952	1.14622010867765	0.0194482875927323	0.164116028746386	0.144667741153654
chr9:36136791:36141846:clu_8965	-0.313589775967971	0.0917146239893403	0.0511709659374934	-0.0405436580518469
chr9:36136791:36147786:clu_8965	0.313589775967971	0.90828537601066	0.948829034062507	0.040543658051847
chr9:37080536:37086668:clu_8979	-0.279519353883419	0.92251217684847	0.871908659662027	-0.0506035171864428
chr9:37084292:37086668:clu_8979	0.279519353883419	0.07748782315153	0.128091340337973	0.0506035171864428
chr9:37422805:37424845:clu_8983	-0.265658964886626	0.218161759088792	0.140912821403411	-0.0772489376853805
chr9:37422833:37424845:clu_8983	0.265658964886626	0.781838240911208	0.859087178596589	0.0772489376853805
chr9:71732520:71734806:clu_9043	-0.297189117196303	0.459490606792001	0.397312103311601	-0.0621785034804
chr9:71732520:71740063:clu_9043	0.396084610149867	0.048599790142072	0.0840571199452127	0.0354573298031407
chr9:71734994:71740063:clu_9043	-0.0988954929535644	0.491909603065927	0.518630776743187	0.0267211736772592
chr9:72359521:72360110:clu_9049	-0.359008007979714	0.806874849895695	0.703053345201787	-0.103821504693908
chr9:72359521:72360628:clu_9049	0.132338324302688	0.0376978502231646	0.0536892930685265	0.0159914428453619
chr9:72360221:72360628:clu_9049	0.226669683677026	0.155427299881141	0.243257361729687	0.0878300618485461
chr9:72360787:72363470:clu_9049_B	-0.0675776028366598	0.289104010965527	0.308184611313289	0.0190806003477616
chr9:72360787:72364696:clu_9049_B	-0.210282646857442	0.65109132682847	0.601759186726751	-0.0493321401017184
chr9:72363606:72364696:clu_9049_B	0.277860249694102	0.059804662206003	0.0900562019599597	0.0302515397539567
chr9:75117550:75126477:clu_9063	-0.48823184535456	0.0619530802084272	0.0191752020866418	-0.0427778781217854
chr9:75117550:75127569:clu_9063	0.787457871847784	0.857830553148847	0.95083150028498	0.0930009471361327
chr9:75126505:75127569:clu_9063	-0.299226026493224	0.0802163666427254	0.0299932976283781	-0.0502230690143474
chr9:75137616:75140834:clu_9064	-0.168197387316426	0.500965740919586	0.475974058002622	-0.0249916829169647
chr9:75137616:75146683:clu_9064	0.249206183206134	0.0164979022237092	0.0237946898632098	0.0072967876395006
chr9:75140932:75146683:clu_9064	-0.0810087958897076	0.482536356856704	0.500231252134168	0.017694895277464
chr9:83969380:83970162:clu_9092	-0.0120566495104268	0.287372492799944	0.282459767631137	-0.00491272516880714
chr9:83969440:83970162:clu_9092	0.0120566495104267	0.712627507200056	0.717540232368863	0.00491272516880714
chr9:83970804:83970897:clu_9093	-0.0413561862318889	0.0339072088839045	0.0312997651090785	-0.00260744377482603
chr9:83970819:83970897:clu_9093	0.041356186231889	0.966092791116095	0.968700234890922	0.00260744377482613
chr9:83973399:83973902:clu_9096	-0.0125588379963331	0.477305542869669	0.487967625744697	0.0106620828750286
chr9:83973399:83974517:clu_9096	0.0791563014142318	0.0379806703061846	0.0425587178815997	0.00457804757541513
chr9:83973973:83974517:clu_9096	-0.0665974634178987	0.484713786824147	0.469473656373703	-0.0152401304504438
chr9:83974589:83975462:clu_9097	-0.0986787559306182	0.498680797441536	0.496102304333489	-0.00257849310804631
chr9:83974589:83976995:clu_9097	0.206016525319089	0.026093265919874	0.0352050137720986	0.00911174785222456
chr9:83975505:83976995:clu_9097	-0.107337769388471	0.47522593663859	0.468692681894412	-0.00653325474417826
chr9:83978452:83980153:clu_9098	0.00749522558129521	0.596020333997953	0.599624481001955	0.00360414700400136
chr9:83978452:83980503:clu_9098	-0.00749522558129521	0.403979666002047	0.400375518998045	-0.00360414700400141
chr9:85586960:85588298:clu_9100	0.37438798387812	0.476488621940032	0.507831920849314	0.0313432989092822
chr9:85586960:85589528:clu_9100	-0.784505521940787	0.111775921706625	0.0373864876483292	-0.0743894340582955
chr9:85588478:85589528:clu_9100	0.410117538062668	0.411735456353344	0.454781591502357	0.0430461351490133
chr9:89405699:89418056:clu_9138	-0.0093714188725624	0.422151745384308	0.409931937957456	-0.0122198074268519
chr9:89405699:89455888:clu_9138	0.511774435776896	0.0771630814253527	0.126177958902602	0.0490148774772489
chr9:89418118:89418363:clu_9138	0.0100205199756457	0.175620287072211	0.173876008212518	-0.00174427885969344
chr9:89418118:89455888:clu_9138	0.151260839409324	0.198166417080988	0.22596174874064	0.0277953316596518
chr9:89418437:89455888:clu_9138	-0.663684376289304	0.12689846903714	0.0640523461867846	-0.0628461228503553
chr9:92947729:92975238:clu_9169	-23.5316365752367	0.0529982968934532	2.03512610032851e-22	-0.0529982968934532
chr9:92964353:92975238:clu_9169	23.5316365752367	0.947001703106547	1	0.0529982968934531
chr9:93018215:93019831:clu_9173	-0.435615420669663	0.396795648540738	0.312405405862271	-0.0843902426784676
chr9:93018215:93020317:clu_9173	0.67661323339084	0.0769510310395626	0.184247180103328	0.107296149063766
chr9:93019861:93020317:clu_9173	-0.240997812721177	0.526253320419699	0.503347414034401	-0.022905906385298
chr9:93032873:93034541:clu_9175	0.0515828582804962	0.841242262305669	0.854540477804342	0.0132982154986725
chr9:93032873:93034544:clu_9175	-0.0515828582804962	0.158757737694331	0.145459522195658	-0.0132982154986723
chr9:93107816:93110568:clu_9179	0.0681324568037042	0.446548335529808	0.480419553849071	0.0338712183192624
chr9:93107827:93110568:clu_9179	-0.0681324568037042	0.553451664470192	0.519580446150929	-0.0338712183192624
chr9:93110721:93111879:clu_9179_B	0.0456332894877913	0.37741738319156	0.395062678952367	0.0176452957608069
chr9:93110721:93112218:clu_9179_B	0.0872380196448185	0.277308888150117	0.302605348296956	0.0252964601468389
chr9:93111938:93112218:clu_9179_B	-0.13287130913261	0.345273728658324	0.302331972750678	-0.0429417559076459
chr9:93126638:93131485:clu_9180	-4.66078162757091	0.0147801416205565	0.0145273890040761	-0.00025275261648044
chr9:93126638:93134143:clu_9180	-4.66078162757091	0.985219843654514	0.968371771444855	-0.0168480722096591
chr9:93131541:93134143:clu_9180	9.32156325514182	1.47249298710766e-08	0.0171008395510693	0.0171008248261395
chr9:93498886:93515667:clu_9184	0.204991088414309	0.787104051778976	0.847811583880341	0.0607075321013658
chr9:93498886:93515670:clu_9184	-0.204991088414309	0.212895948221024	0.152188416119659	-0.0607075321013658
chr9:93550691:93552107:clu_9188	0.595127377386086	0.0447930268975473	0.115372292180334	0.0705792652827863
chr9:93550691:93556382:clu_9188	-0.465389677523739	0.848044356211367	0.756367698405521	-0.0916766578058462
chr9:93552161:93556382:clu_9188	-0.529868845674986	0.0770413924043807	0.0644222044431287	-0.012619187961252
chr9:93553444:93556382:clu_9188	0.400131145812639	0.0301212244867051	0.0638378049710168	0.0337165804843118
chr9:93562304:93563005:clu_9190	-0.12645290388246	0.226621051885856	0.16604671474881	-0.0605743371370456
chr9:93562304:93564229:clu_9190	0.351822175540718	0.618599437545885	0.731226269301971	0.112626831756085
chr9:93563044:93564229:clu_9190	-0.225369271658258	0.154779510568259	0.102727015949219	-0.0520524946190399
chr9:99222643:99227899:clu_9255	0.0250217246466178	0.908506205823278	0.912581783635525	0.00407557781224699
chr9:99224170:99227899:clu_9255	-0.0250217246466178	0.0914937941767216	0.0874182163644747	-0.00407557781224689
chr9:111666946:111669269:clu_9299	0.214790188569571	0.708201608958043	0.78855647181955	0.0803548628615071
chr9:111666946:111669272:clu_9299	-0.214790188569571	0.291798391041957	0.21144352818045	-0.080354862861507
chr9:112276013:112297832:clu_9313	0.15537413983497	0.511202174374898	0.587966296495068	0.0767641221201705
chr9:112276013:112297841:clu_9313	-0.15537413983497	0.488797825625102	0.412033703504932	-0.0767641221201704
chr9:114342125:114343708:clu_9344	-0.227267269932086	0.46449747123996	0.398494825071082	-0.0660026461688772
chr9:114342125:114345863:clu_9344	0.505306453271665	0.170045244211758	0.303498499105589	0.133453254893831
chr9:114343803:114345863:clu_9344	-0.278039183339579	0.365457284548282	0.298006675823328	-0.0674506087249541
chr9:114356131:114356863:clu_9347	-0.446340235313159	0.0424889636037419	0.0358429213054858	-0.00664604229825603
chr9:114356136:114356863:clu_9347	-0.258275669999649	0.525841369151682	0.535374169741526	0.00953280058984363
chr9:114356136:114357921:clu_9347	1.15102806173984	0.0194538329435398	0.081070094636115	0.0616162616925753
chr9:114356969:114357921:clu_9347	-0.446412156427031	0.412215834301036	0.347712814316873	-0.064503019984163
chr9:114358167:114359594:clu_9348	-0.152396082321079	0.510547912561713	0.535620393112306	0.0250724805505932
chr9:114358167:114359896:clu_9348	0.522116541520659	0.0421225339235281	0.086750542282069	0.0446280083585409
chr9:114359794:114359896:clu_9348	-0.369720459199579	0.447329553514759	0.377629064605625	-0.0697004889091339
chr9:114381446:114387188:clu_9351	1.79913516690143	0.00223655220279054	0.0443119729321774	0.0420754207293869
chr9:114381446:114387860:clu_9351	-1.39051970631343	0.89389233292085	0.729420137797502	-0.164472195123347
chr9:114381446:114394357:clu_9351	-0.408615460587994	0.10387111487636	0.22626788927032	0.12239677439396
chr9:121140786:121141381:clu_9388	-0.470520151403057	0.38421308093742	0.249191779318808	-0.135021301618612
chr9:121140786:121142091:clu_9388	0.38687619624615	0.139256095989009	0.212881676915073	0.0736255809260641
chr9:121141588:121142091:clu_9388	0.0836439551569073	0.476530823073571	0.537926543766119	0.0613957206925484
chr9:121157600:121157740:clu_9394	-0.455514691369099	0.507393944013244	0.425809383109063	-0.0815845609041809
chr9:121157600:121158855:clu_9394	0.799486971725868	0.0558491490796257	0.164409460987797	0.108560311908172
chr9:121158109:121158855:clu_9394	-0.343972280356769	0.43675690690713	0.40978115590314	-0.0269757510039907
chr9:125484583:125506310:clu_9459	-0.0386897974337175	0.526560727137796	0.524234770098299	-0.00232595703949756
chr9:125484583:125543059:clu_9459	0.0947013363829471	0.0786081217348958	0.0894284720052058	0.01082035027031
chr9:125506417:125543059:clu_9459	-0.0560115389492296	0.394831151127308	0.386336757896495	-0.00849439323081241
chr9:127450804:127451050:clu_9468	-0.112504479653818	0.0196838112810212	0.0157802880857614	-0.0039035231952598
chr9:127450804:127451281:clu_9468	0.112504479653818	0.980316188718979	0.984219711914239	0.00390352319525977
chr9:127751300:127761611:clu_9481	-0.472262254194887	0.5153564969239	0.371995528434425	-0.143360968489475
chr9:127751300:127773990:clu_9481	0.596419180559229	0.122787834128454	0.25805231110381	0.135264476975356
chr9:127761650:127773990:clu_9481	-0.124156926364341	0.361855668947646	0.369952160461765	0.00809649151411884
chr9:128180799:128185547:clu_9512	-0.020348653777804	0.0941631116765369	0.0907486432566654	-0.00341446841987152
chr9:128180814:128185547:clu_9512	0.0203486537778039	0.905836888323463	0.909251356743335	0.00341446841987147
chr9:128684007:128691170:clu_9534	1.66182847678122	0.0195225088365279	0.355989306996538	0.33646679816001
chr9:128689655:128691170:clu_9534	-1.66182847678122	0.980477491163472	0.644010693003462	-0.33646679816001
chr9:129123138:129128985:clu_9564	-0.00643414404673267	0.729741895382559	0.727196538899732	-0.00254535648282683
chr9:129128068:129128985:clu_9564	0.00643414404673267	0.270258104617441	0.272803461100268	0.00254535648282689
chr9:129137692:129142445:clu_9566	0.513942433383898	0.758886270683219	0.897933189622114	0.139046918938895
chr9:129139649:129142445:clu_9566	-0.513942433383898	0.241113729316781	0.102066810377886	-0.139046918938895
chr9:129900101:129900426:clu_9584	-0.252373047595238	0.868121185506829	0.798943103027539	-0.0691780824792902
chr9:129900104:129900426:clu_9584	0.252373047595238	0.131878814493171	0.201056896972461	0.0691780824792901
chr9:129929695:129957360:clu_9586	0.198751888653097	0.904525769438782	0.933767623635725	0.0292418541969423
chr9:129956160:129957360:clu_9586	-0.198751888653097	0.0954742305612174	0.0662323763642753	-0.029241854196942
chr9:131473724:131474454:clu_9610	-0.527318655819053	0.387812531688434	0.249139694026877	-0.138672837661557
chr9:131473724:131477744:clu_9610	0.722770600521205	0.150527782765697	0.337555056985461	0.187027274219764
chr9:131476535:131477744:clu_9610	-0.195451944702152	0.461659685545869	0.413305248987662	-0.0483544365582066
chr9:131486182:131486481:clu_9614	-0.364028523593487	0.166022470477315	0.0957542568381749	-0.0702682136391403
chr9:131486182:131487167:clu_9614	0.424358484009426	0.518226343472292	0.657510709630455	0.139284366158163
chr9:131486541:131487167:clu_9614	-0.0603299604159382	0.315751186050393	0.24673503353137	-0.0690161525190225
chr9:131492260:131494405:clu_9616	-0.133143878128838	0.249562198875459	0.219103318709443	-0.0304588801660153
chr9:131492260:131495740:clu_9616	-0.0633160125981237	0.484032772956901	0.455691341639923	-0.0283414313169784
chr9:131494486:131495740:clu_9616	0.196459890726962	0.26640502816764	0.325205339650634	0.0588003114829938
chr9:131592183:131593867:clu_9624	-0.361667173709949	0.107076984987581	0.0549773998592082	-0.0520995851283728
chr9:131592183:131596298:clu_9624	0.361667173709949	0.892923015012419	0.945022600140792	0.0520995851283728
chr9:131643417:131650129:clu_9628	0.115965123431048	0.437884150667005	0.468033523725439	0.0301493730584343
chr9:131643417:131650810:clu_9628	-0.357839034250978	0.273367668880227	0.181925825156784	-0.091441843723443
chr9:131650242:131650810:clu_9628	0.24187391081993	0.288748180452768	0.350040651117776	0.0612924706650086
chr9:132264985:132269403:clu_9633	-0.0776831074036119	0.315992872235637	0.289152894186564	-0.0268399780490731
chr9:132264985:132269615:clu_9633	-0.0310726711023746	0.301233689714577	0.288799511155759	-0.0124341785588186
chr9:132269489:132269615:clu_9633	0.108755778505986	0.382773438049786	0.422047594657678	0.0392741566078917
chr9:133100382:133100496:clu_9660	-0.692013156304565	0.175701508612537	0.0507012763131762	-0.125000232299361
chr9:133100382:133101520:clu_9660	0.692013156304565	0.824298491387463	0.949298723686824	0.125000232299361
chr9:133363759:133364840:clu_9677	-0.193691237750469	0.593254398083811	0.534271322959295	-0.0589830751245163
chr9:133363759:133365985:clu_9677	0.170773074419007	0.0607632132256368	0.0787855314464059	0.0180223182207691
chr9:133365026:133365985:clu_9677	0.0229181633314621	0.345982388690552	0.386943145594299	0.0409607569037471
chr9:136850137:136850755:clu_9753	0.267370024091935	0.691297925141607	0.792643540963312	0.101345615821705
chr9:136850560:136850755:clu_9753	-0.267370024091935	0.308702074858393	0.207356459036688	-0.101345615821705
chr9:136862345:136862906:clu_9754	0.135456106674691	0.809225902780221	0.847600019938469	0.0383741171582478
chr9:136862496:136862906:clu_9754	-0.135456106674691	0.190774097219779	0.152399980061531	-0.0383741171582478
chr9:136992700:136992925:clu_9765	0.432574771744727	0.333903710362421	0.442584684130441	0.10868097376802
chr9:136992704:136992925:clu_9765	0.00301392137213554	0.241806212920591	0.208586734085847	-0.0332194788347437
chr9:136992704:136993053:clu_9765	-0.479416658270125	0.0885588841689453	0.0471557249765104	-0.0414031591924348
chr9:136992974:136993053:clu_9765	0.0438279651532629	0.335731192548043	0.301672856807201	-0.0340583357408414
chr9:136993664:136993766:clu_9767	0.0522007416895784	0.950875077752239	0.955528569478476	0.00465349172623741
chr9:136993664:136993770:clu_9767	-0.0522007416895784	0.0491249222477612	0.0444714305215237	-0.00465349172623753
chr9:137111754:137111873:clu_9789	0.312567914051373	0.915571259264337	0.952969033006536	0.0373977737421993
chr9:137111754:137111941:clu_9789	-0.312567914051373	0.0844287407356633	0.047030966993464	-0.0373977737421992
chrGL000219.1:97363:99126:clu_23221	-0.361988374856761	0.490391120847067	0.318121739724891	-0.172269381122176
chrGL000219.1:97363:99416:clu_23221	0.361988374856761	0.509608879152933	0.681878260275109	0.172269381122176
chrX:311627:312532:clu_22485	-1.26907413544614	0.257225147975323	0.0266335357452129	-0.23059161223011
chrX:311627:312766:clu_22485	1.26907413544614	0.742774852024677	0.973366464254787	0.23059161223011
chrX:1599432:1600138:clu_22513	-0.299470508278537	0.472579927278813	0.386606712788733	-0.0859732144900796
chrX:1599432:1600659:clu_22513	0.455686501441699	0.144923214943904	0.252285680743452	0.107362465799548
chrX:1600207:1600659:clu_22513	-0.156215993163161	0.382496857777283	0.361107606467815	-0.0213892513094686
chrX:2723364:2726260:clu_22524	0.214367968985848	0.538635598274315	0.527864035484263	-0.010771562790052
chrX:2723364:2738200:clu_22524	-0.981572683725716	0.0254151655988803	0.00753233347070112	-0.0178828321281792
chrX:2726373:2738200:clu_22524	0.278689280519205	0.399106874672548	0.41711001777345	0.0180031431009024
chrX:2726373:2738203:clu_22524	0.488515434220664	0.0368423614542569	0.0474936132715857	0.0106512518173289
chrX:3608945:3612177:clu_22525	0.396142086939804	0.512265814031135	0.698750996919005	0.18648518288787
chrX:3611334:3612177:clu_22525	-0.396142086939804	0.487734185968865	0.301249003080995	-0.186485182887871
chrX:3655412:3674598:clu_22527	0.376742908869946	0.765447799629315	0.873941645252891	0.108493845623576
chrX:3670405:3674598:clu_22527	-0.376742908869946	0.234552200370685	0.126058354747109	-0.108493845623576
chrX:11759875:11760403:clu_22544	0.977061094668922	0.733034091663401	0.950930038766682	0.217895947103281
chrX:11760309:11760403:clu_22544	-0.977061094668922	0.266965908336599	0.0490699612333177	-0.217895947103281
chrX:15791013:15799872:clu_22571	-0.132011139756455	0.726306374726898	0.690453243973243	-0.035853130753655
chrX:15791013:15799883:clu_22571	0.468995862753606	0.101706484807363	0.176350659310085	0.0746441745027226
chrX:15796250:15799872:clu_22571	-0.336984722997151	0.171987140465739	0.133196096716672	-0.0387910437490675
chrX:19746441:19799634:clu_22597	-8.87463396322462	0.715037115587155	4.91056142279914e-08	-0.715037066481541
chrX:19746441:19836125:clu_22597	8.87463396322462	0.284962884412845	0.999999950894386	0.715037066481541
chrX:23783709:23783800:clu_22608	-1.14710625257295	0.50552273731408	0.502854423371581	-0.00266831394249878
chrX:23783709:23785328:clu_22608	4.7412775611686	1.65301403316045e-05	0.00593295041780354	0.00591642027747193
chrX:23783883:23784294:clu_22608	-1.3115111432705	0.134515492597161	0.113520357544362	-0.0209951350527983
chrX:23783883:23785328:clu_22608	-0.970530986498621	0.215809219705966	0.256128106549959	0.0403188868439936
chrX:23784403:23785328:clu_22608	-1.31212917882653	0.144136020242462	0.121564162116293	-0.0225718581261684
chrX:24073181:24076722:clu_22611	0.392346183667479	0.0593070981141184	0.0716483818665077	0.0123412837523893
chrX:24073263:24076722:clu_22611	0.237863599085603	0.865075755551233	0.895494491458944	0.030418735907711
chrX:24076640:24076722:clu_22611	-0.630209782753082	0.0756171463346489	0.0328571266745487	-0.0427600196601002
chrX:40630773:40636533:clu_22638	0.0284874516899316	0.479619287349629	0.472329629149964	-0.00728965819966526
chrX:40630773:40637007:clu_22638	-0.206105407050225	0.184511203896926	0.14371063511153	-0.0408005687853963
chrX:40636712:40637007:clu_22638	0.177617955360293	0.335869508753445	0.383959735738507	0.0480902269850614
chrX:41337465:41337691:clu_22648	-0.374234442365917	0.012944239073263	0.00790105763272621	-0.0050431814405368
chrX:41337465:41339036:clu_22648	0.0985256597567454	0.471660347441065	0.461907670591139	-0.00975267684992515
chrX:41337465:41341484:clu_22648	0.549844567907172	0.044610644253399	0.0686071872277715	0.0239965429743725
chrX:41339083:41341484:clu_22648	0.117505831767028	0.449941256251588	0.44908092476261	-0.000860331488977684
chrX:41340814:41341484:clu_22648	-0.391641617065028	0.0208435129806856	0.0125031597857528	-0.00834035319493283
chrX:41342836:41343216:clu_22649	-0.0573133973854493	0.308038638555093	0.306993590194818	-0.00104504836027558
chrX:41342836:41343737:clu_22649	0.383840334964603	0.0285009978669156	0.0441544835895675	0.0156534857226519
chrX:41343351:41343737:clu_22649	-0.13177232560473	0.25154842766412	0.23270655556916	-0.0188418720949606
chrX:41343351:41344030:clu_22649	-0.167670669570125	0.0517243831775027	0.0461627718852928	-0.0055616112922099
chrX:41343822:41344030:clu_22649	-0.027083942404299	0.360187552736368	0.369982598761162	0.00979504602479403
chrX:41346622:41346859:clu_22651	-0.349259813643711	0.349043178054435	0.31300813198704	-0.0360350460673947
chrX:41346622:41347312:clu_22651	0.23759989183116	0.0365691910661571	0.0589741583759835	0.0224049673098264
chrX:41346622:41347640:clu_22651	0.678217279566281	0.0189024629205054	0.0473611776945681	0.0284587147740627
chrX:41347012:41347312:clu_22651	-0.367426843008551	0.195997163775606	0.172598259798175	-0.0233989039774313
chrX:41347012:41347315:clu_22651	-0.364184859766941	0.101936117357455	0.0900580810895892	-0.0118780362678658
chrX:41347012:41347640:clu_22651	0.464262219469335	0.034691187486957	0.0701784484660097	0.0354872609790527
chrX:41347451:41347640:clu_22651	-0.299207874447572	0.262860699338885	0.247821742588635	-0.0150389567502499
chrX:47142440:47142584:clu_22667	-0.052990734230965	0.224595102403489	0.2066779330888	-0.0179171693146891
chrX:47142440:47142614:clu_22667	0.052990734230965	0.775404897596511	0.7933220669112	0.0179171693146891
chrX:47199106:47199209:clu_22676	0.269927851603641	0.532498075799421	0.56945946705389	0.0369613912544684
chrX:47199106:47199480:clu_22676	-0.447138755038298	0.055542610990156	0.0289969951341161	-0.0265456158560398
chrX:47199377:47199480:clu_22676	0.177210903434658	0.411959313210423	0.401543537811994	-0.0104157753984287
chrX:47226027:47226279:clu_22684	-0.176995153810354	0.314247342229678	0.272679643391412	-0.0415676988382661
chrX:47226027:47226583:clu_22684	0.79568509996982	0.198439954222464	0.455449142892085	0.257009188669621
chrX:47226402:47226583:clu_22684	-0.618689946159466	0.487312703547858	0.271871213716503	-0.215441489831355
chrX:48481715:48482403:clu_22705	0.343855898115274	0.554114373684195	0.71198011022378	0.157865736539585
chrX:48481715:48482409:clu_22705	-0.343855898115274	0.445885626315805	0.28801988977622	-0.157865736539585
chrX:48575283:48575561:clu_22713	-0.0978911855161124	0.514835723575787	0.512797862642883	-0.0020378609329047
chrX:48575283:48576314:clu_22713	0.199037389628032	0.0159058747015026	0.021320114404905	0.00541423970340241
chrX:48575667:48576314:clu_22713	-0.101146204111919	0.46925840172271	0.465882022952212	-0.00337637877049762
chrX:48689434:48690150:clu_22721	0.114003444507605	0.119208661832334	0.145301430113065	0.0260927682807314
chrX:48689434:48691107:clu_22721	-0.114003444507605	0.880791338167666	0.854698569886935	-0.0260927682807314
chrX:48895101:48895352:clu_22727	-0.643584862847085	0.265805290499908	0.0908599418963444	-0.174945348603563
chrX:48895101:48896759:clu_22727	0.643584862847085	0.734194709500092	0.909140058103656	0.174945348603563
chrX:48898014:48898492:clu_22728	0.146733619461072	0.213956316505645	0.267415852784131	0.0534595362784865
chrX:48898082:48898492:clu_22728	-0.146733619461072	0.786043683494355	0.732584147215868	-0.0534595362784867
chrX:48902042:48902233:clu_22730	-0.187925794751353	0.475857673813131	0.415785166451982	-0.0600725073611487
chrX:48902042:48902732:clu_22730	1.10445678167921	0.0534986752686969	0.170219599266318	0.116720923997621
chrX:48902384:48902732:clu_22730	-0.822268546079765	0.0757995227838971	0.0351209964369756	-0.0406785263469214
chrX:48902517:48902732:clu_22730	-0.0942624408480902	0.394844128134275	0.378874237844724	-0.0159698902895507
chrX:48935018:48936191:clu_22737	-0.477689744917479	0.215386888219879	0.0955105141039457	-0.119876374115934
chrX:48935018:48944190:clu_22737	0.477689744917479	0.784613111780121	0.904489485896054	0.119876374115934
chrX:49031544:49033136:clu_22746	0.199127274360834	0.035393551664429	0.0518117551225903	0.0164182034581613
chrX:49031544:49033465:clu_22746	-0.199127274360834	0.964606448335571	0.94818824487741	-0.0164182034581614
chrX:49039345:49040455:clu_22749	-0.114293125096565	0.33724620757868	0.288192968196197	-0.0490532393824828
chrX:49039410:49040455:clu_22749	0.114293125096565	0.66275379242132	0.711807031803803	0.049053239382483
chrX:49078112:49079751:clu_22756	0.579281559617872	0.911502468595925	0.970421499902553	0.0589190313066283
chrX:49078112:49079939:clu_22756	-0.579281559617872	0.0884975314040753	0.029578500097447	-0.0589190313066284
chrX:53193636:53193773:clu_22770	0.110301366054059	0.390475682344671	0.444057597161113	0.0535819148164421
chrX:53193636:53193782:clu_22770	-0.110301366054059	0.609524317655329	0.555942402838887	-0.053581914816442
chrX:53217274:53217796:clu_22778	0.186951217141683	0.176739905770274	0.237816031815994	0.0610761260457204
chrX:53217277:53217796:clu_22778	-0.186951217141683	0.823260094229726	0.762183968184006	-0.0610761260457203
chrX:71108346:71108599:clu_22840	-0.147098813110497	0.50489643003196	0.458800480803606	-0.0460959492283547
chrX:71108346:71109228:clu_22840	0.119819417521684	0.053284382955631	0.0632328301185522	0.00994844716292119
chrX:71108695:71109228:clu_22840	0.0272793955888133	0.441819187012409	0.477966689077842	0.0361475020654337
chrX:71109390:71110156:clu_22841	-0.162875451919299	0.48596630152276	0.439945101204156	-0.046021200318604
chrX:71109390:71110504:clu_22841	0.153858918628587	0.0443026153911544	0.0550525811862301	0.0107499657950757
chrX:71110295:71110504:clu_22841	0.00901653329071213	0.469731083086085	0.505002317609614	0.0352712345235283
chrX:71283721:71284397:clu_22851	-0.235481137918136	0.343280904457686	0.319825884168825	-0.0234550202888603
chrX:71283721:71290629:clu_22851	0.453103400242917	0.0632179346563405	0.11726076735614	0.0540428326997991
chrX:71284453:71290629:clu_22851	-0.217622262324781	0.593501160885974	0.562913348475035	-0.0305878124109388
chrX:71533336:71536178:clu_22862	-0.121750440757156	0.889812605084638	0.863577563586745	-0.0262350414978931
chrX:71533336:71536208:clu_22862	0.121750440757156	0.110187394915362	0.136422436413255	0.0262350414978931
chrX:71554592:71555190:clu_22864	0.234077281763662	0.408663781427139	0.477263409653191	0.0685996282260517
chrX:71554592:71555954:clu_22864	-0.319970978717062	0.216552865888375	0.145323491548825	-0.0712293743395501
chrX:71555385:71555954:clu_22864	0.0858936969534001	0.374783352684486	0.377413098797985	0.00262974611349853
chrX:72181828:72186461:clu_22868	0.216164254584793	0.282453480630894	0.339317616172927	0.056864135542033
chrX:72181828:72196785:clu_22868	-0.201072447715141	0.144325123966892	0.114234640203415	-0.0300904837634775
chrX:72186534:72196785:clu_22868	-0.015091806869652	0.573221395402214	0.546447743623658	-0.0267736517785554
chrX:73827928:73829068:clu_22876	-0.0355250618804394	0.169761675381934	0.159981278847348	-0.00978039653458693
chrX:73827984:73829068:clu_22876	0.0355250618804394	0.830238324618066	0.840018721152653	0.00978039653458684
chrX:73831274:73833238:clu_22877	0.175779575478597	0.558161765808756	0.577306550921703	0.0191447851129478
chrX:73831274:73837440:clu_22877	-0.390566766862867	0.107453839537935	0.0630822606722129	-0.0443715788657217
chrX:73833374:73837440:clu_22877	0.21478719138427	0.33438439465331	0.359611188406084	0.0252267937527739
chrX:81202245:81276984:clu_22909	-8.40904399190116	0.999999994130052	0.894290138448702	-0.10570985568135
chrX:81202576:81276984:clu_22909	8.40904399190116	5.8699479763997e-09	0.105709861551298	0.10570985568135
chrX:103215238:103215682:clu_22934	-0.0601859315224576	0.335621168393674	0.329957707402879	-0.00566346099079518
chrX:103215238:103216149:clu_22934	0.280818148905682	0.208529218051144	0.288318186462204	0.0797889684110591
chrX:103215764:103216149:clu_22934	-0.220632217383224	0.455849613555182	0.381724106134918	-0.0741255074202639
chrX:111681299:111682132:clu_22964	0.265884312348444	0.434801175672906	0.566965219954903	0.132164044281998
chrX:111681424:111682132:clu_22964	-0.265884312348444	0.565198824327094	0.433034780045096	-0.132164044281998
chrX:111685103:111686137:clu_22966	0.0081059559511366	0.348580563895016	0.354261037703501	0.0056804738084848
chrX:111685103:111687887:clu_22966	-0.114747301413153	0.380961111885444	0.342409949944066	-0.0385511619413776
chrX:111686174:111687887:clu_22966	0.106641345462016	0.27045832421954	0.303329012352433	0.0328706881328928
chrX:119616742:119625335:clu_22997	-0.388993659459125	0.0702118170315826	0.0250117376567746	-0.0452000793748081
chrX:119618786:119625335:clu_22997	-0.390447474613771	0.114560829662593	0.0407510139059562	-0.0738098157566366
chrX:119620051:119625335:clu_22997	0.779441134072896	0.815227353305825	0.934237248437269	0.119009895131445
chrX:119633492:119637027:clu_22998	2.91907065072941	0.505275937529702	0.52985075212008	0.0245748145903782
chrX:119633492:119640692:clu_22998	-5.76849027265585	0.014042382620446	2.4837390798265e-06	-0.0140398988813662
chrX:119637195:119640692:clu_22998	2.84941962192644	0.480681679849852	0.47014676414084	-0.010534915709012
chrX:120431462:120441730:clu_23003	0.517617040336334	0.174148883810685	0.372555350032003	0.198406466221318
chrX:120439293:120441730:clu_23003	-0.517617040336334	0.825851116189315	0.627444649967997	-0.198406466221318
chrX:124090764:124090854:clu_23017	-0.105448972295643	0.0783719622431137	0.0466602437026856	-0.0317117185404281
chrX:124090764:124094018:clu_23017	0.5211434824163	0.81326399685695	0.906031869537116	0.0927678726801654
chrX:124090964:124094018:clu_23017	-0.415694510120657	0.108364040899936	0.0473078867601984	-0.0610561541397374
chrX:134785947:134787472:clu_23048	-0.15607476119858	0.488398236832603	0.41130700598666	-0.0770912308459431
chrX:134785950:134787472:clu_23048	0.15607476119858	0.511601763167397	0.58869299401334	0.077091230845943
chrX:134789266:134789580:clu_23049	-0.0863412685959199	0.323670125135029	0.300506651053283	-0.0231634740817459
chrX:134789266:134793815:clu_23049	0.351347749293708	0.263404976385946	0.378844837712529	0.115439861326583
chrX:134789636:134793815:clu_23049	-0.265006480697788	0.412924898479026	0.320648511234189	-0.092276387244837
chrX:136747592:136767144:clu_23069	1.50530124375304	0.0406114486254047	0.46216156871668	0.421550120091275
chrX:136747592:136779414:clu_23069	-1.50530124375304	0.959388551374595	0.53783843128332	-0.421550120091275
chrX:136872345:136873246:clu_23070	-0.670304134212711	0.392724291059367	0.224493910984476	-0.16823038007489
chrX:136872345:136875086:clu_23070	0.578754471888519	0.041432623523736	0.0825882940934442	0.0411556705697082
chrX:136874452:136875086:clu_23070	0.0915496623241918	0.565843085416897	0.69291779492208	0.127074709505182
chrX:149487098:149490314:clu_23082	-0.623583367718215	0.891845063815027	0.703195420537277	-0.18864964327775
chrX:149487313:149490314:clu_23082	0.623583367718215	0.108154936184973	0.296804579462723	0.18864964327775
chrX:149501037:149502075:clu_23083	0.0456446150721803	0.0877101476821774	0.0953626650225702	0.00765251734039284
chrX:149501037:149503312:clu_23083	-0.0672176897376995	0.430765415411899	0.418363597753013	-0.0124018176588865
chrX:149501037:149504157:clu_23083	0.437779317814936	0.0337733924231604	0.0543507023920728	0.0205773099689124
chrX:149502177:149503312:clu_23083	-0.842553739593155	0.052775662226703	0.0236060098737172	-0.0291696523529858
chrX:149503445:149504157:clu_23083	0.457962444410685	0.0170050192916781	0.0279237039048011	0.010918684613123
chrX:149503489:149504157:clu_23083	-0.0316149479669466	0.377970362964382	0.380393321053826	0.0024229580894442
chrX:149496516:149498107:clu_23085	-0.177332258448976	0.481099961191542	0.42243688746217	-0.0586630737293715
chrX:149496516:149500949:clu_23085	0.12004067168794	0.0201984232619186	0.0238776401862201	0.00367921692430151
chrX:149498307:149500949:clu_23085	0.0572915867610361	0.49870161554654	0.55368547235161	0.0549838568050699
chrX:153723288:153724201:clu_23116	-0.0969528642835122	0.0950257451762505	0.0796095173385769	-0.0154162278376736
chrX:153723288:153724334:clu_23116	0.0969528642835122	0.904974254823749	0.920390482661423	0.0154162278376737
chrX:153911189:153912700:clu_23127	0.805023515675096	0.928636545244574	0.9848722117017	0.0562356664571257
chrX:153911563:153912700:clu_23127	-0.805023515675096	0.0713634547554262	0.0151277882983003	-0.0562356664571258
chrX:153919283:153919567:clu_23131	0.0218553135356526	0.0621448166638356	0.0435693479650442	-0.0185754686987914
chrX:153919283:153920626:clu_23131	0.457425860957838	0.846812106203512	0.917759931347892	0.0709478251443808
chrX:153919686:153920626:clu_23131	-0.47928117449349	0.0910430771326529	0.0386707206870636	-0.0523723564455893
chrX:153956411:153956625:clu_23141	0.354539143163126	0.260974344157595	0.39278741627757	0.131813072119976
chrX:153956411:153956918:clu_23141	0.335190800405527	0.227929998928523	0.336479307063132	0.108549308134609
chrX:153956763:153956918:clu_23141	-0.689729943568652	0.511095656913882	0.270733276659298	-0.240362380254585
chrX:154355072:154357251:clu_23149	-0.413601976338623	0.344590160499791	0.217139020230276	-0.127451140269516
chrX:154355072:154357434:clu_23149	0.827279174981077	0.238742981680004	0.520323512989175	0.281580531309171
chrX:154357274:154357434:clu_23149	-0.413677198642455	0.416666857820204	0.262537466780549	-0.154129391039655
chrX:154352447:154352553:clu_23150	-0.145746687544444	0.555250778487312	0.571949889999514	0.0166991115122013
chrX:154352447:154352772:clu_23150	0.403144860256883	0.0212530616075723	0.0379027635481869	0.0166497019406146
chrX:154352675:154352772:clu_23150	-0.257398172712439	0.423496159905115	0.390147346452299	-0.0333488134528159
chrX:154353457:154353554:clu_23151	-0.163137597945845	0.56239690546311	0.571711348107673	0.00931444264456338
chrX:154353457:154353915:clu_23151	0.398804496913058	0.0173816877732843	0.0309937542938707	0.0136120665205864
chrX:154353727:154353915:clu_23151	-0.235666898967212	0.420221406763606	0.397294897598456	-0.0229265091651498
chrX:154354483:154354616:clu_23152	-0.0737278126014915	0.440623503599816	0.428566262400076	-0.0120572411997396
chrX:154354483:154354825:clu_23152	0.105707199578632	0.0278507526892434	0.0324126763411523	0.00456192365190886
chrX:154354711:154354825:clu_23152	-0.0319793869771409	0.531525743710941	0.539021061258772	0.00749531754783073
chrX:154365486:154365745:clu_23156	0.404781591982139	0.0189240947675445	0.0415408093900863	0.0226167146225419
chrX:154365486:154366024:clu_23156	-0.404781591982139	0.981075905232456	0.958459190609914	-0.022616714622542
chrX:154399941:154400464:clu_23160	-0.257696263371283	0.561004456746724	0.554114087279671	-0.00689036946705224
chrX:154399941:154400702:clu_23160	0.515392574335202	0.0106605287616813	0.0228118150823734	0.0121512863206921
chrX:154400626:154400702:clu_23160	-0.257696310963919	0.428335014491595	0.423074097637955	-0.00526091685363994
chrX:154413567:154414101:clu_23164	0.000165655351075856	0.275179242993983	0.276491631335334	0.00131238834135089
chrX:154413567:154419543:clu_23164	-0.0145597854543938	0.522783187297701	0.517598195816872	-0.00518499148082874
chrX:154414190:154419543:clu_23164	0.014394130103318	0.202037569708316	0.205910172847794	0.00387260313947785
chrX:154419623:154419705:clu_23165	0.320121641744215	0.208933682015907	0.29714159428184	0.0882079122659334
chrX:154419623:154420032:clu_23165	-0.124188590714802	0.496605765604004	0.452903072066523	-0.043702693537481
chrX:154419746:154420032:clu_23165	-0.195933051029413	0.29446055238009	0.249955333651637	-0.0445052187284523
chrX:154429174:154431830:clu_23167	0.520697199462005	0.764701214275393	0.902033268131611	0.137332053856218
chrX:154431657:154431830:clu_23167	-0.520697199462005	0.235298785724607	0.097966731868389	-0.137332053856218
chrX:154534496:154535168:clu_23184	0.123878977186338	0.895327038109033	0.916376764020111	0.0210497259110779
chrX:154534499:154535168:clu_23184	-0.123878977186338	0.104672961890967	0.0836232359798891	-0.021049725911078
chrX:154535385:154535937:clu_23185	0.225360084355015	0.906053030493198	0.938027442373154	0.0319744118799561
chrX:154535385:154535954:clu_23185	-0.225360084355015	0.0939469695068017	0.0619725576268457	-0.031974411879956
