event,alternative_transcripts_group,gene_symbol,species,event_effect_on_domain,canonical_transcript_id,alternative_transcript_id,canonical_junctions,alternative_junctions,domain_id,domain_name,canonical_domain_length,alternative_domain_length,length_change_pct,canonical_domains_number,alternative_domains_number,domain_description
chr1:clu_3819,,SELL,human,no_unique_junctions,ENST00000236147.6,ENST00000463108.5,169703440-169704568,169703440-169704568,,,,,,,,
chr1:clu_3819,,SELL,human,transcript_doesnt_have_junctions,ENST00000236147.6,ENST00000466340.1,169703440-169704568,,,,,,,,,
chr1:clu_3819,,SELL,human,no_unique_junctions,ENST00000236147.6,ENST00000650983.1,169703440-169704568,169703440-169704568,,,,,,,,
chr1:clu_3819,,SELL,human,no_unique_junctions,ENST00000236147.6,ENST00000878074.1,169703440-169704568,169703440-169704568,,,,,,,,
chr1:clu_3819,,SELL,human,no_unique_junctions,ENST00000236147.6,ENST00000878075.1,169703440-169704568,169703440-169704568,,,,,,,,
chr1:clu_3819,,SELL,human,transcript_doesnt_have_junctions,ENST00000236147.6,ENST00000497295.1,169703440-169704568,,,,,,,,,
chr1:clu_3819,,SELL,human,no_unique_junctions,ENST00000236147.6,ENST00000460650.5,169703440-169704568,169703440-169704568,,,,,,,,
chr11:clu_7549,,DGKZ,human,transcript_doesnt_have_junctions,ENST00000456247.7,ENST00000343674.10,46347820-46367291,,,,,,,,,
chr11:clu_7549,,DGKZ,human,no_unique_junctions,ENST00000456247.7,ENST00000527911.5,46347820-46367291,46347820-46367291,,,,,,,,
chr11:clu_7549,,DGKZ,human,no_unique_junctions,ENST00000456247.7,ENST00000421244.6,46347820-46367291,46347820-46367291,,,,,,,,
chr11:clu_7549,,DGKZ,human,no_unique_junctions,ENST00000456247.7,ENST00000318201.12,46347820-46367291,46347820-46367291,,,,,,,,
chr11:clu_7549,,DGKZ,human,transcript_doesnt_have_junctions,ENST00000456247.7,ENST00000454345.6,46347820-46367291,,,,,,,,,
chr11:clu_7549,,DGKZ,human,transcript_doesnt_have_junctions,ENST00000456247.7,ENST00000528173.5,46347820-46367291,,,,,,,,,
chr11:clu_7549,,DGKZ,human,transcript_doesnt_have_junctions,ENST00000456247.7,ENST00000527903.1,46347820-46367291,,,,,,,,,
chr11:clu_7549,,DGKZ,human,transcript_doesnt_have_junctions,ENST00000456247.7,ENST00000529698.1,46347820-46367291,,,,,,,,,
chr11:clu_7549,,DGKZ,human,transcript_doesnt_have_junctions,ENST00000456247.7,ENST00000527211.5,46347820-46367291,,,,,,,,,
chr11:clu_7549,,DGKZ,human,transcript_doesnt_have_junctions,ENST00000456247.7,ENST00000534802.1,46347820-46367291,,,,,,,,,
chr11:clu_7549,,DGKZ,human,transcript_doesnt_have_junctions,ENST00000456247.7,ENST00000532941.1,46347820-46367291,,,,,,,,,
chr11:clu_7549,,DGKZ,human,transcript_doesnt_have_junctions,ENST00000456247.7,ENST00000525242.5,46347820-46367291,,,,,,,,,
chr11:clu_7549,,DGKZ,human,transcript_doesnt_have_junctions,ENST00000456247.7,ENST00000528615.5,46347820-46367291,,,,,,,,,
chr11:clu_7549,,DGKZ,human,transcript_doesnt_have_junctions,ENST00000456247.7,ENST00000926265.1,46347820-46367291,,,,,,,,,
chr11:clu_7549,,DGKZ,human,no_unique_junctions,ENST00000456247.7,ENST00000926267.1,46347820-46367291,46347820-46367291,,,,,,,,
chr11:clu_7549,,DGKZ,human,no_unique_junctions,ENST00000456247.7,ENST00000926266.1,46347820-46367291,46347820-46367291,,,,,,,,
chr11:clu_7549,,DGKZ,human,no_unique_junctions,ENST00000456247.7,ENST00000946824.1,46347820-46367291,46347820-46367291,,,,,,,,
chr11:clu_7549,,DGKZ,human,no_unique_junctions,ENST00000456247.7,ENST00000946825.1,46347820-46367291,46347820-46367291,,,,,,,,
chr11:clu_7549,,DGKZ,human,no_unique_junctions,ENST00000456247.7,ENST00000926268.1,46347820-46367291,46347820-46367291,,,,,,,,
chr11:clu_7549,,DGKZ,human,no_unique_junctions,ENST00000456247.7,ENST00000926269.1,46347820-46367291,46347820-46367291,,,,,,,,
chr11:clu_7549,,DGKZ,human,no_unique_junctions,ENST00000456247.7,ENST00000946826.1,46347820-46367291,46347820-46367291,,,,,,,,
chr11:clu_7549,,DGKZ,human,transcript_doesnt_have_junctions,ENST00000456247.7,ENST00000533376.5,46347820-46367291,,,,,,,,,
chr11:clu_7549,,DGKZ,human,no_unique_junctions,ENST00000456247.7,ENST00000878698.1,46347820-46367291,46347820-46367291,,,,,,,,
chr11:clu_7549,,DGKZ,human,no_unique_junctions,ENST00000456247.7,ENST00000926270.1,46347820-46367291,46347820-46367291,,,,,,,,
chr11:clu_7549,,DGKZ,human,no_unique_junctions,ENST00000456247.7,ENST00000878699.1,46347820-46367291,46347820-46367291,,,,,,,,
chr11:clu_7549,,DGKZ,human,no_unique_junctions,ENST00000456247.7,ENST00000878701.1,46347820-46367291,46347820-46367291,,,,,,,,
chr11:clu_7549,,DGKZ,human,no_unique_junctions,ENST00000456247.7,ENST00000878700.1,46347820-46367291,46347820-46367291,,,,,,,,
chr11:clu_7549,,DGKZ,human,no_unique_junctions,ENST00000456247.7,ENST00000878702.1,46347820-46367291,46347820-46367291,,,,,,,,
chr11:clu_7549,,DGKZ,human,no_unique_junctions,ENST00000456247.7,ENST00000878703.1,46347820-46367291,46347820-46367291,,,,,,,,
chr11:clu_7549,,DGKZ,human,no_unique_junctions,ENST00000456247.7,ENST00000878704.1,46347820-46367291,46347820-46367291,,,,,,,,
chr11:clu_7549,,DGKZ,human,no_unique_junctions,ENST00000456247.7,ENST00000878705.1,46347820-46367291,46347820-46367291,,,,,,,,
chr11:clu_7549,,DGKZ,human,transcript_doesnt_have_junctions,ENST00000456247.7,ENST00000524448.1,46347820-46367291,,,,,,,,,
chr11:clu_7549,,DGKZ,human,transcript_doesnt_have_junctions,ENST00000456247.7,ENST00000524869.1,46347820-46367291,,,,,,,,,
chr11:clu_7549,,DGKZ,human,transcript_doesnt_have_junctions,ENST00000456247.7,ENST00000525434.5,46347820-46367291,,,,,,,,,
chr11:clu_7549,,DGKZ,human,transcript_doesnt_have_junctions,ENST00000456247.7,ENST00000534215.5,46347820-46367291,,,,,,,,,
chr11:clu_7549,,DGKZ,human,transcript_doesnt_have_junctions,ENST00000456247.7,ENST00000529660.5,46347820-46367291,,,,,,,,,
chr11:clu_7549,1/1,DGKZ,human,transcript_not_chosen,ENST00000456247.7,ENST00000524984.5,46347820-46367291,46345585-46367291,,,,,,,,
chr11:clu_7549,1/1,DGKZ,human,transcript_not_chosen,ENST00000456247.7,ENST00000527674.5,46347820-46367291,46345585-46367291,,,,,,,,
chr11:clu_7549,1/1,DGKZ,human,transcript_not_chosen,ENST00000456247.7,ENST00000531879.5,46347820-46367291,46345585-46367291,,,,,,,,
chr10:clu_4474,,KLF6,human,novel_junction,ENST00000497571.6,,3782214-3784913,3782214-3784615,,,,,,,,
chr10:clu_4474,,KLF6,human,no_unique_junctions,ENST00000497571.6,ENST00000875519.1,3782214-3784913,3782214-3784913,,,,,,,,
chr10:clu_4474,,KLF6,human,no_unique_junctions,ENST00000497571.6,ENST00000542957.1,3782214-3784913,3782214-3784913,,,,,,,,
chr10:clu_4474,,KLF6,human,no_unique_junctions,ENST00000497571.6,ENST00000875520.1,3782214-3784913,3782214-3784913,,,,,,,,
chr10:clu_4474,,KLF6,human,no_unique_junctions,ENST00000497571.6,ENST00000469435.1,3782214-3784913,3782214-3784913,,,,,,,,
chr10:clu_4474,,KLF6,human,transcript_doesnt_have_junctions,ENST00000497571.6,ENST00000461124.1,3782214-3784913,,,,,,,,,
chr10:clu_4474,,KLF6,human,transcript_doesnt_have_junctions,ENST00000497571.6,ENST00000173785.4,3782214-3784913,,,,,,,,,
chr10:clu_4474,,KLF6,human,transcript_doesnt_have_junctions,ENST00000497571.6,ENST00000492125.1,3782214-3784913,,,,,,,,,
chr20:clu_24004,,RBM39,human,no_unique_junctions,ENST00000253363.11,XM_017028138.3,35739017-35740824,35739017-35740824,,,,,,,,
chr20:clu_24004,,RBM39,human,no_unique_junctions,ENST00000253363.11,ENST00000862907.1,35739017-35740824,35739017-35740824,,,,,,,,
chr20:clu_24004,,RBM39,human,no_unique_junctions,ENST00000253363.11,ENST00000862897.1,35739017-35740824,35739017-35740824,,,,,,,,
chr20:clu_24004,,RBM39,human,no_unique_junctions,ENST00000253363.11,ENST00000528062.7,35739017-35740824,35739017-35740824,,,,,,,,
chr20:clu_24004,,RBM39,human,no_unique_junctions,ENST00000253363.11,NM_001323424.2,35739017-35740824,35739017-35740824,,,,,,,,
chr20:clu_24004,,RBM39,human,transcript_doesnt_have_junctions,ENST00000253363.11,ENST00000913162.1,35739017-35740824,,,,,,,,,
chr20:clu_24004,,RBM39,human,no_unique_junctions,ENST00000253363.11,ENST00000862898.1,35739017-35740824,35739017-35740824,,,,,,,,
chr20:clu_24004,,RBM39,human,no_unique_junctions,ENST00000253363.11,ENST00000361162.10,35739017-35740824,35739017-35740824,,,,,,,,
chr20:clu_24004,,RBM39,human,transcript_doesnt_have_junctions,ENST00000253363.11,ENST00000862908.1,35739017-35740824,,,,,,,,,
chr20:clu_24004,,RBM39,human,transcript_doesnt_have_junctions,ENST00000253363.11,XM_024452023.2,35739017-35740824,,,,,,,,,
chr20:clu_24004,,RBM39,human,no_unique_junctions,ENST00000253363.11,XM_047440602.1,35739017-35740824,35739017-35740824,,,,,,,,
chr20:clu_24004,,RBM39,human,no_unique_junctions,ENST00000253363.11,ENST00000338163.10,35739017-35740824,35739017-35740824,,,,,,,,
chr20:clu_24004,,RBM39,human,no_unique_junctions,ENST00000253363.11,XM_047440603.1,35739017-35740824,35739017-35740824,,,,,,,,
chr20:clu_24004,,RBM39,human,no_unique_junctions,ENST00000253363.11,ENST00000639702.1,35739017-35740824,35739017-35740824,,,,,,,,
chr20:clu_24004,,RBM39,human,transcript_doesnt_have_junctions,ENST00000253363.11,ENST00000463004.5,35739017-35740824,,,,,,,,,
chr20:clu_24004,,RBM39,human,transcript_doesnt_have_junctions,ENST00000253363.11,ENST00000461283.5,35739017-35740824,,,,,,,,,
chr20:clu_24004,,RBM39,human,transcript_doesnt_have_junctions,ENST00000253363.11,ENST00000495293.5,35739017-35740824,,,,,,,,,
chr20:clu_24004,,RBM39,human,transcript_doesnt_have_junctions,ENST00000253363.11,ENST00000492779.5,35739017-35740824,,,,,,,,,
chr20:clu_24004,,RBM39,human,transcript_doesnt_have_junctions,ENST00000253363.11,ENST00000496183.5,35739017-35740824,,,,,,,,,
chr20:clu_24004,,RBM39,human,transcript_doesnt_have_junctions,ENST00000253363.11,ENST00000482563.1,35739017-35740824,,,,,,,,,
chr20:clu_24004,,RBM39,human,transcript_doesnt_have_junctions,ENST00000253363.11,ENST00000490354.5,35739017-35740824,,,,,,,,,
chr20:clu_24004,,RBM39,human,transcript_doesnt_have_junctions,ENST00000253363.11,ENST00000465158.5,35739017-35740824,,,,,,,,,
chr20:clu_24004,,RBM39,human,transcript_doesnt_have_junctions,ENST00000253363.11,ENST00000471635.5,35739017-35740824,,,,,,,,,
chr20:clu_24004,,RBM39,human,transcript_doesnt_have_junctions,ENST00000253363.11,ENST00000468086.1,35739017-35740824,,,,,,,,,
chr20:clu_24004,,RBM39,human,transcript_doesnt_have_junctions,ENST00000253363.11,ENST00000475651.5,35739017-35740824,,,,,,,,,
chr20:clu_24004,,RBM39,human,transcript_doesnt_have_junctions,ENST00000253363.11,ENST00000481037.5,35739017-35740824,,,,,,,,,
chr20:clu_24004,,RBM39,human,transcript_doesnt_have_junctions,ENST00000253363.11,ENST00000477334.1,35739017-35740824,,,,,,,,,
chr20:clu_24004,,RBM39,human,transcript_doesnt_have_junctions,ENST00000253363.11,ENST00000493853.1,35739017-35740824,,,,,,,,,
chr20:clu_24004,,RBM39,human,no_unique_junctions,ENST00000253363.11,ENST00000862903.1,35739017-35740824,35739017-35740824,,,,,,,,
chr20:clu_24004,,RBM39,human,no_unique_junctions,ENST00000253363.11,ENST00000954304.1,35739017-35740824,35739017-35740824,,,,,,,,
chr20:clu_24004,,RBM39,human,no_unique_junctions,ENST00000253363.11,ENST00000913159.1,35739017-35740824,35739017-35740824,,,,,,,,
chr20:clu_24004,,RBM39,human,no_unique_junctions,ENST00000253363.11,ENST00000954303.1,35739017-35740824,35739017-35740824,,,,,,,,
chr20:clu_24004,,RBM39,human,no_unique_junctions,ENST00000253363.11,ENST00000954301.1,35739017-35740824,35739017-35740824,,,,,,,,
chr20:clu_24004,,RBM39,human,no_unique_junctions,ENST00000253363.11,ENST00000913163.1,35739017-35740824,35739017-35740824,,,,,,,,
chr20:clu_24004,,RBM39,human,no_unique_junctions,ENST00000253363.11,ENST00000862901.1,35739017-35740824,35739017-35740824,,,,,,,,
chr20:clu_24004,,RBM39,human,no_unique_junctions,ENST00000253363.11,ENST00000913160.1,35739017-35740824,35739017-35740824,,,,,,,,
chr20:clu_24004,,RBM39,human,no_unique_junctions,ENST00000253363.11,ENST00000862900.1,35739017-35740824,35739017-35740824,,,,,,,,
chr20:clu_24004,,RBM39,human,no_unique_junctions,ENST00000253363.11,ENST00000954302.1,35739017-35740824,35739017-35740824,,,,,,,,
chr20:clu_24004,,RBM39,human,transcript_doesnt_have_junctions,ENST00000253363.11,ENST00000862899.1,35739017-35740824,,,,,,,,,
chr20:clu_24004,,RBM39,human,no_unique_junctions,ENST00000253363.11,ENST00000913157.1,35739017-35740824,35739017-35740824,,,,,,,,
chr20:clu_24004,,RBM39,human,no_unique_junctions,ENST00000253363.11,ENST00000954300.1,35739017-35740824,35739017-35740824,,,,,,,,
chr20:clu_24004,,RBM39,human,transcript_doesnt_have_junctions,ENST00000253363.11,ENST00000913156.1,35739017-35740824,,,,,,,,,
chr20:clu_24004,,RBM39,human,no_unique_junctions,ENST00000253363.11,ENST00000913155.1,35739017-35740824,35739017-35740824,,,,,,,,
chr20:clu_24004,,RBM39,human,no_unique_junctions,ENST00000253363.11,ENST00000862904.1,35739017-35740824,35739017-35740824,,,,,,,,
chr20:clu_24004,,RBM39,human,no_unique_junctions,ENST00000253363.11,ENST00000913161.1,35739017-35740824,35739017-35740824,,,,,,,,
chr20:clu_24004,,RBM39,human,no_unique_junctions,ENST00000253363.11,ENST00000862902.1,35739017-35740824,35739017-35740824,,,,,,,,
chr20:clu_24004,,RBM39,human,transcript_doesnt_have_junctions,ENST00000253363.11,ENST00000913158.1,35739017-35740824,,,,,,,,,
chr20:clu_24004,,RBM39,human,no_unique_junctions,ENST00000253363.11,ENST00000862905.1,35739017-35740824,35739017-35740824,,,,,,,,
chr20:clu_24004,,RBM39,human,transcript_doesnt_have_junctions,ENST00000253363.11,ENST00000476806.5,35739017-35740824,,,,,,,,,
chr20:clu_24004,,RBM39,human,no_unique_junctions,ENST00000253363.11,ENST00000954306.1,35739017-35740824,35739017-35740824,,,,,,,,
chr20:clu_24004,,RBM39,human,no_unique_junctions,ENST00000253363.11,ENST00000862910.1,35739017-35740824,35739017-35740824,,,,,,,,
chr20:clu_24004,,RBM39,human,no_unique_junctions,ENST00000253363.11,ENST00000429968.5,35739017-35740824,35739017-35740824,,,,,,,,
chr20:clu_24004,,RBM39,human,transcript_doesnt_have_junctions,ENST00000253363.11,ENST00000913164.1,35739017-35740824,,,,,,,,,
chr20:clu_24004,,RBM39,human,transcript_doesnt_have_junctions,ENST00000253363.11,ENST00000913165.1,35739017-35740824,,,,,,,,,
chr20:clu_24004,,RBM39,human,no_unique_junctions,ENST00000253363.11,ENST00000954305.1,35739017-35740824,35739017-35740824,,,,,,,,
chr20:clu_24004,,RBM39,human,no_unique_junctions,ENST00000253363.11,ENST00000862909.1,35739017-35740824,35739017-35740824,,,,,,,,
chr20:clu_24004,,RBM39,human,no_unique_junctions,ENST00000253363.11,ENST00000862906.1,35739017-35740824,35739017-35740824,,,,,,,,
chr20:clu_24004,,RBM39,human,transcript_doesnt_have_junctions,ENST00000253363.11,ENST00000448303.5,35739017-35740824,,,,,,,,,
chr20:clu_24004,,RBM39,human,transcript_doesnt_have_junctions,ENST00000253363.11,ENST00000615771.5,35739017-35740824,,,,,,,,,
chr20:clu_24004,,RBM39,human,transcript_doesnt_have_junctions,ENST00000253363.11,ENST00000490484.7,35739017-35740824,,,,,,,,,
chr20:clu_24004,,RBM39,human,no_unique_junctions,ENST00000253363.11,ENST00000374038.7,35739017-35740824,35739017-35740824,,,,,,,,
chr20:clu_24004,,RBM39,human,no_unique_junctions,ENST00000253363.11,ENST00000434927.5,35739017-35740824,35739017-35740824,,,,,,,,
chr20:clu_24004,,RBM39,human,no_unique_junctions,ENST00000253363.11,ENST00000426951.5,35739017-35740824,35739017-35740824,,,,,,,,
chr20:clu_24004,,RBM39,human,no_unique_junctions,ENST00000253363.11,ENST00000433027.5,35739017-35740824,35739017-35740824,,,,,,,,
chr20:clu_24004,,RBM39,human,transcript_doesnt_have_junctions,ENST00000253363.11,ENST00000416529.5,35739017-35740824,,,,,,,,,
chr20:clu_24004,,RBM39,human,no_unique_junctions,ENST00000253363.11,ENST00000397370.3,35739017-35740824,35739017-35740824,,,,,,,,
chr20:clu_24004,,RBM39,human,transcript_doesnt_have_junctions,ENST00000253363.11,ENST00000665058.1,35739017-35740824,,,,,,,,,
chr20:clu_24004,,RBM39,human,transcript_doesnt_have_junctions,ENST00000253363.11,ENST00000470563.5,35739017-35740824,,,,,,,,,
chr20:clu_24004,,RBM39,human,transcript_doesnt_have_junctions,ENST00000253363.11,ENST00000494274.5,35739017-35740824,,,,,,,,,
chr20:clu_24004,,RBM39,human,no_unique_junctions,ENST00000253363.11,ENST00000442447.5,35739017-35740824,35739017-35740824,,,,,,,,
chr20:clu_24004,,RBM39,human,transcript_doesnt_have_junctions,ENST00000253363.11,ENST00000487604.1,35739017-35740824,,,,,,,,,
chr20:clu_24004,,RBM39,human,transcript_doesnt_have_junctions,ENST00000253363.11,ENST00000498280.1,35739017-35740824,,,,,,,,,
chr20:clu_24004,,RBM39,human,subsumed_by_larger_group,ENST00000253363.11,ENST00000461849.1,35739017-35740824,35740597-35740824,,,,,,,,
chr20:clu_24004,,RBM39,human,subsumed_by_larger_group,ENST00000253363.11,ENST00000463098.5,35739017-35740824,35740597-35740824,,,,,,,,
chr20:clu_24004,,RBM39,human,subsumed_by_larger_group,ENST00000253363.11,XM_006723891.5,35739017-35740824,35740597-35740824,,,,,,,,
chr20:clu_24004,,RBM39,human,subsumed_by_larger_group,ENST00000253363.11,XM_047440605.1,35739017-35740824,35740597-35740824,,,,,,,,
chr20:clu_24004,,RBM39,human,subsumed_by_larger_group,ENST00000253363.11,ENST00000425184.5,35739017-35740824,35739017-35740525,,,,,,,,
chr20:clu_24004,1/1,RBM39,human,transcript_not_chosen,ENST00000253363.11,ENST00000403542.6,35739017-35740824,35739017-35740525;35740597-35740824,,,,,,,,
chr20:clu_24004,1/1,RBM39,human,transcript_not_chosen,ENST00000253363.11,ENST00000412738.5,35739017-35740824,35739017-35740525;35740597-35740824,,,,,,,,
chr20:clu_24004,1/1,RBM39,human,transcript_not_chosen,ENST00000253363.11,ENST00000416108.5,35739017-35740824,35739017-35740525;35740597-35740824,,,,,,,,
chr20:clu_24004,1/1,RBM39,human,transcript_not_chosen,ENST00000253363.11,ENST00000444878.5,35739017-35740824,35739017-35740525;35740597-35740824,,,,,,,,
chr20:clu_24004,1/1,RBM39,human,transcript_not_chosen,ENST00000253363.11,ENST00000449489.5,35739017-35740824,35739017-35740525;35740597-35740824,,,,,,,,
chr20:clu_24004,1/1,RBM39,human,transcript_not_chosen,ENST00000253363.11,ENST00000453310.5,35739017-35740824,35739017-35740525;35740597-35740824,,,,,,,,
chr20:clu_24004,1/1,RBM39,human,transcript_not_chosen,ENST00000253363.11,ENST00000455343.5,35739017-35740824,35739017-35740525;35740597-35740824,,,,,,,,
chr20:clu_24004,1/1,RBM39,human,transcript_not_chosen,ENST00000253363.11,ENST00000656873.1,35739017-35740824,35739017-35740525;35740597-35740824,,,,,,,,
chr20:clu_24004,1/1,RBM39,human,transcript_not_chosen,ENST00000253363.11,NM_001323423.2,35739017-35740824,35739017-35740525;35740597-35740824,,,,,,,,
chr9:clu_8759,,DOCK8,human,no_unique_junctions,ENST00000432829.7,XM_017015173.2,271729-286461,271729-286461,,,,,,,,
chr9:clu_8759,,DOCK8,human,no_unique_junctions,ENST00000432829.7,XM_047423927.1,271729-286461,271729-286461,,,,,,,,
chr9:clu_8759,,DOCK8,human,no_unique_junctions,ENST00000432829.7,XM_011518045.4,271729-286461,271729-286461,,,,,,,,
chr9:clu_8759,,DOCK8,human,no_unique_junctions,ENST00000432829.7,XM_047423930.1,271729-286461,271729-286461,,,,,,,,
chr9:clu_8759,,DOCK8,human,no_unique_junctions,ENST00000432829.7,ENST00000382329.2,271729-286461,271729-286461,,,,,,,,
chr9:clu_8759,,DOCK8,human,transcript_doesnt_have_junctions,ENST00000432829.7,XM_047423932.1,271729-286461,,,,,,,,,
chr9:clu_8759,,DOCK8,human,transcript_doesnt_have_junctions,ENST00000432829.7,XM_047423929.1,271729-286461,,,,,,,,,
chr9:clu_8759,,DOCK8,human,transcript_doesnt_have_junctions,ENST00000432829.7,XM_047423928.1,271729-286461,,,,,,,,,
chr9:clu_8759,,DOCK8,human,transcript_doesnt_have_junctions,ENST00000432829.7,XM_047423931.1,271729-286461,,,,,,,,,
chr9:clu_8759,,DOCK8,human,transcript_doesnt_have_junctions,ENST00000432829.7,XM_011518046.3,271729-286461,,,,,,,,,
chr9:clu_8759,,DOCK8,human,transcript_doesnt_have_junctions,ENST00000432829.7,XM_047423934.1,271729-286461,,,,,,,,,
chr9:clu_8759,,DOCK8,human,transcript_doesnt_have_junctions,ENST00000432829.7,XM_047423936.1,271729-286461,,,,,,,,,
chr9:clu_8759,,DOCK8,human,transcript_doesnt_have_junctions,ENST00000432829.7,XM_047423933.1,271729-286461,,,,,,,,,
chr9:clu_8759,,DOCK8,human,transcript_doesnt_have_junctions,ENST00000432829.7,ENST00000682121.1,271729-286461,,,,,,,,,
chr9:clu_8759,,DOCK8,human,no_unique_junctions,ENST00000432829.7,ENST00000684166.1,271729-286461,271729-286461,,,,,,,,
chr9:clu_8759,,DOCK8,human,no_unique_junctions,ENST00000432829.7,ENST00000684384.1,271729-286461,271729-286461,,,,,,,,
chr9:clu_8759,,DOCK8,human,no_unique_junctions,ENST00000432829.7,ENST00000454469.6,271729-286461,271729-286461,,,,,,,,
chr9:clu_8759,,DOCK8,human,transcript_doesnt_have_junctions,ENST00000432829.7,ENST00000474772.2,271729-286461,,,,,,,,,
chr9:clu_8759,,DOCK8,human,transcript_doesnt_have_junctions,ENST00000432829.7,ENST00000382331.6,271729-286461,,,,,,,,,
chr9:clu_8759,,DOCK8,human,transcript_doesnt_have_junctions,ENST00000432829.7,ENST00000685949.1,271729-286461,,,,,,,,,
chr9:clu_8759,,DOCK8,human,transcript_doesnt_have_junctions,ENST00000432829.7,ENST00000682260.1,271729-286461,,,,,,,,,
chr9:clu_8759,,DOCK8,human,transcript_doesnt_have_junctions,ENST00000432829.7,ENST00000684637.1,271729-286461,,,,,,,,,
chr9:clu_8759,,DOCK8,human,transcript_doesnt_have_junctions,ENST00000432829.7,ENST00000469197.5,271729-286461,,,,,,,,,
chr9:clu_8759,,DOCK8,human,no_unique_junctions,ENST00000432829.7,ENST00000524396.5,271729-286461,271729-286461,,,,,,,,
chr9:clu_8759,,DOCK8,human,transcript_doesnt_have_junctions,ENST00000432829.7,ENST00000487230.5,271729-286461,,,,,,,,,
chr9:clu_8759,,DOCK8,human,transcript_doesnt_have_junctions,ENST00000432829.7,ENST00000462618.1,271729-286461,,,,,,,,,
chr9:clu_8759,,DOCK8,human,transcript_doesnt_have_junctions,ENST00000432829.7,ENST00000479404.6,271729-286461,,,,,,,,,
chr9:clu_8759,,DOCK8,human,transcript_doesnt_have_junctions,ENST00000432829.7,ENST00000683406.1,271729-286461,,,,,,,,,
chr9:clu_8759,,DOCK8,human,transcript_doesnt_have_junctions,ENST00000432829.7,ENST00000493666.2,271729-286461,,,,,,,,,
chr9:clu_8759,1/1,DOCK8,human,transcript_not_chosen,ENST00000432829.7,ENST00000382341.5,271729-286461,273100-286461,,,,,,,,
chr9:clu_8759,1/1,DOCK8,human,transcript_not_chosen,ENST00000432829.7,ENST00000453981.5,271729-286461,273100-286461,,,,,,,,
chr9:clu_8759,1/1,DOCK8,human,transcript_not_chosen,ENST00000432829.7,ENST00000469391.5,271729-286461,273100-286461,,,,,,,,
chr9:clu_8759,1/1,DOCK8,human,transcript_not_chosen,ENST00000432829.7,ENST00000478380.5,271729-286461,273100-286461,,,,,,,,
chr9:clu_8759,1/1,DOCK8,human,transcript_not_chosen,ENST00000432829.7,ENST00000483757.6,271729-286461,273100-286461,,,,,,,,
chr9:clu_8759,1/1,DOCK8,human,transcript_not_chosen,ENST00000432829.7,ENST00000495184.5,271729-286461,273100-286461,,,,,,,,
chr9:clu_8759,1/1,DOCK8,human,transcript_not_chosen,ENST00000432829.7,ENST00000682249.1,271729-286461,273100-286461,,,,,,,,
chr9:clu_8759,1/1,DOCK8,human,transcript_not_chosen,ENST00000432829.7,XM_047423937.1,271729-286461,273100-286461,,,,,,,,
chr13:clu_23335,,N4BP2L2,human,novel_junction,ENST00000267068.6,,32522270-32527408;32527532-32535769,32522270-32522935,,,,,,,,
chr13:clu_23335,,N4BP2L2,human,novel_junction,ENST00000267068.6,,32522270-32527408;32527532-32535769,32522270-32526539,,,,,,,,
chr13:clu_23335,,N4BP2L2,human,transcript_doesnt_have_junctions,ENST00000267068.6,ENST00000357505.10,32522270-32527408;32527532-32535769,,,,,,,,,
chr13:clu_23335,,N4BP2L2,human,transcript_doesnt_have_junctions,ENST00000267068.6,ENST00000399396.7,32522270-32527408;32527532-32535769,,,,,,,,,
chr13:clu_23335,,N4BP2L2,human,no_unique_junctions,ENST00000267068.6,NM_001387001.1,32522270-32527408;32527532-32535769,32522270-32527408;32527532-32535769,,,,,,,,
chr13:clu_23335,,N4BP2L2,human,transcript_doesnt_have_junctions,ENST00000267068.6,NM_001387016.1,32522270-32527408;32527532-32535769,,,,,,,,,
chr13:clu_23335,,N4BP2L2,human,transcript_doesnt_have_junctions,ENST00000267068.6,ENST00000674456.1,32522270-32527408;32527532-32535769,,,,,,,,,
chr13:clu_23335,,N4BP2L2,human,no_unique_junctions,ENST00000267068.6,NM_001387008.1,32522270-32527408;32527532-32535769,32522270-32527408,,,,,,,,
chr13:clu_23335,,N4BP2L2,human,transcript_doesnt_have_junctions,ENST00000267068.6,NM_001387019.1,32522270-32527408;32527532-32535769,,,,,,,,,
chr13:clu_23335,,N4BP2L2,human,transcript_doesnt_have_junctions,ENST00000267068.6,NM_001387005.1,32522270-32527408;32527532-32535769,,,,,,,,,
chr13:clu_23335,,N4BP2L2,human,transcript_doesnt_have_junctions,ENST00000267068.6,NM_001387017.1,32522270-32527408;32527532-32535769,,,,,,,,,
chr13:clu_23335,,N4BP2L2,human,no_unique_junctions,ENST00000267068.6,NM_001387018.1,32522270-32527408;32527532-32535769,32527532-32535769,,,,,,,,
chr13:clu_23335,,N4BP2L2,human,no_unique_junctions,ENST00000267068.6,NM_001387002.1,32522270-32527408;32527532-32535769,32522270-32527408;32527532-32535769,,,,,,,,
chr13:clu_23335,,N4BP2L2,human,transcript_doesnt_have_junctions,ENST00000267068.6,ENST00000504114.5,32522270-32527408;32527532-32535769,,,,,,,,,
chr13:clu_23335,,N4BP2L2,human,no_unique_junctions,ENST00000267068.6,NM_001387009.1,32522270-32527408;32527532-32535769,32522270-32527408,,,,,,,,
chr13:clu_23335,,N4BP2L2,human,transcript_doesnt_have_junctions,ENST00000267068.6,NM_001387020.1,32522270-32527408;32527532-32535769,,,,,,,,,
chr13:clu_23335,,N4BP2L2,human,transcript_doesnt_have_junctions,ENST00000267068.6,NM_001387006.1,32522270-32527408;32527532-32535769,,,,,,,,,
chr13:clu_23335,,N4BP2L2,human,transcript_doesnt_have_junctions,ENST00000267068.6,NM_001387004.1,32522270-32527408;32527532-32535769,,,,,,,,,
chr13:clu_23335,,N4BP2L2,human,no_unique_junctions,ENST00000267068.6,NM_001320836.3,32522270-32527408;32527532-32535769,32522270-32527408;32527532-32535769,,,,,,,,
chr13:clu_23335,,N4BP2L2,human,transcript_doesnt_have_junctions,ENST00000267068.6,XM_047430041.1,32522270-32527408;32527532-32535769,,,,,,,,,
chr13:clu_23335,,N4BP2L2,human,no_unique_junctions,ENST00000267068.6,XM_047430043.1,32522270-32527408;32527532-32535769,32522270-32527408;32527532-32535769,,,,,,,,
chr13:clu_23335,,N4BP2L2,human,no_unique_junctions,ENST00000267068.6,XM_047430042.1,32522270-32527408;32527532-32535769,32522270-32527408;32527532-32535769,,,,,,,,
chr13:clu_23335,,N4BP2L2,human,transcript_doesnt_have_junctions,ENST00000267068.6,NM_001387059.1,32522270-32527408;32527532-32535769,,,,,,,,,
chr13:clu_23335,,N4BP2L2,human,transcript_doesnt_have_junctions,ENST00000267068.6,NM_001387165.1,32522270-32527408;32527532-32535769,,,,,,,,,
chr13:clu_23335,,N4BP2L2,human,transcript_doesnt_have_junctions,ENST00000267068.6,ENST00000946928.1,32522270-32527408;32527532-32535769,,,,,,,,,
chr13:clu_23335,,N4BP2L2,human,no_unique_junctions,ENST00000267068.6,ENST00000674465.1,32522270-32527408;32527532-32535769,32522270-32527408;32527532-32535769,,,,,,,,
chr13:clu_23335,,N4BP2L2,human,no_unique_junctions,ENST00000267068.6,NM_001387083.1,32522270-32527408;32527532-32535769,32522270-32527408,,,,,,,,
chr13:clu_23335,,N4BP2L2,human,no_unique_junctions,ENST00000267068.6,ENST00000674428.1,32522270-32527408;32527532-32535769,32522270-32527408,,,,,,,,
chr13:clu_23335,,N4BP2L2,human,transcript_doesnt_have_junctions,ENST00000267068.6,NM_001387060.1,32522270-32527408;32527532-32535769,,,,,,,,,
chr13:clu_23335,,N4BP2L2,human,no_unique_junctions,ENST00000267068.6,NM_001387108.1,32522270-32527408;32527532-32535769,32527532-32535769,,,,,,,,
chr13:clu_23335,,N4BP2L2,human,no_unique_junctions,ENST00000267068.6,ENST00000674349.1,32522270-32527408;32527532-32535769,32522270-32527408;32527532-32535769,,,,,,,,
chr13:clu_23335,,N4BP2L2,human,no_unique_junctions,ENST00000267068.6,ENST00000674421.1,32522270-32527408;32527532-32535769,32522270-32527408;32527532-32535769,,,,,,,,
chr13:clu_23335,,N4BP2L2,human,no_unique_junctions,ENST00000267068.6,NM_001387225.1,32522270-32527408;32527532-32535769,32522270-32527408;32527532-32535769,,,,,,,,
chr13:clu_23335,,N4BP2L2,human,transcript_doesnt_have_junctions,ENST00000267068.6,ENST00000674377.1,32522270-32527408;32527532-32535769,,,,,,,,,
chr13:clu_23335,,N4BP2L2,human,no_unique_junctions,ENST00000267068.6,ENST00000674484.1,32522270-32527408;32527532-32535769,32522270-32527408;32527532-32535769,,,,,,,,
chr13:clu_23335,,N4BP2L2,human,transcript_doesnt_have_junctions,ENST00000267068.6,NM_001387099.1,32522270-32527408;32527532-32535769,,,,,,,,,
chr13:clu_23335,,N4BP2L2,human,transcript_doesnt_have_junctions,ENST00000267068.6,NM_001395224.1,32522270-32527408;32527532-32535769,,,,,,,,,
chr13:clu_23335,,N4BP2L2,human,no_unique_junctions,ENST00000267068.6,NM_001387100.1,32522270-32527408;32527532-32535769,32522270-32527408,,,,,,,,
chr13:clu_23335,,N4BP2L2,human,no_unique_junctions,ENST00000267068.6,ENST00000674180.1,32522270-32527408;32527532-32535769,32522270-32527408,,,,,,,,
chr13:clu_23335,,N4BP2L2,human,no_unique_junctions,ENST00000267068.6,ENST00000884185.1,32522270-32527408;32527532-32535769,32522270-32527408,,,,,,,,
chr13:clu_23335,,N4BP2L2,human,transcript_doesnt_have_junctions,ENST00000267068.6,ENST00000884187.1,32522270-32527408;32527532-32535769,,,,,,,,,
chr13:clu_23335,,N4BP2L2,human,no_unique_junctions,ENST00000267068.6,ENST00000674327.1,32522270-32527408;32527532-32535769,32527532-32535769,,,,,,,,
chr13:clu_23335,,N4BP2L2,human,no_unique_junctions,ENST00000267068.6,NM_001387107.1,32522270-32527408;32527532-32535769,32527532-32535769,,,,,,,,
chr13:clu_23335,,N4BP2L2,human,no_unique_junctions,ENST00000267068.6,NM_001387103.1,32522270-32527408;32527532-32535769,32522270-32527408;32527532-32535769,,,,,,,,
chr13:clu_23335,,N4BP2L2,human,no_unique_junctions,ENST00000267068.6,XM_047430044.1,32522270-32527408;32527532-32535769,32527532-32535769,,,,,,,,
chr13:clu_23335,,N4BP2L2,human,transcript_doesnt_have_junctions,ENST00000267068.6,ENST00000509076.1,32522270-32527408;32527532-32535769,,,,,,,,,
chr13:clu_23335,,N4BP2L2,human,transcript_doesnt_have_junctions,ENST00000267068.6,ENST00000674346.1,32522270-32527408;32527532-32535769,,,,,,,,,
chr13:clu_23335,,N4BP2L2,human,no_unique_junctions,ENST00000267068.6,ENST00000674219.1,32522270-32527408;32527532-32535769,32522270-32527408;32527532-32535769,,,,,,,,
chr13:clu_23335,,N4BP2L2,human,transcript_doesnt_have_junctions,ENST00000267068.6,ENST00000503814.2,32522270-32527408;32527532-32535769,,,,,,,,,
chr13:clu_23335,,N4BP2L2,human,transcript_doesnt_have_junctions,ENST00000267068.6,ENST00000674293.1,32522270-32527408;32527532-32535769,,,,,,,,,
chr13:clu_23335,,N4BP2L2,human,no_unique_junctions,ENST00000267068.6,ENST00000674433.1,32522270-32527408;32527532-32535769,32527532-32535769,,,,,,,,
chr13:clu_23335,,N4BP2L2,human,transcript_doesnt_have_junctions,ENST00000267068.6,ENST00000674408.1,32522270-32527408;32527532-32535769,,,,,,,,,
chr13:clu_23335,,N4BP2L2,human,no_unique_junctions,ENST00000267068.6,ENST00000674494.1,32522270-32527408;32527532-32535769,32527532-32535769,,,,,,,,
chr13:clu_23335,,N4BP2L2,human,no_unique_junctions,ENST00000267068.6,ENST00000512755.2,32522270-32527408;32527532-32535769,32527532-32535769,,,,,,,,
chr13:clu_23335,,N4BP2L2,human,transcript_doesnt_have_junctions,ENST00000267068.6,ENST00000674276.1,32522270-32527408;32527532-32535769,,,,,,,,,
chr13:clu_23335,,N4BP2L2,human,transcript_doesnt_have_junctions,ENST00000267068.6,ENST00000674369.1,32522270-32527408;32527532-32535769,,,,,,,,,
chr13:clu_23335,,N4BP2L2,human,transcript_doesnt_have_junctions,ENST00000267068.6,ENST00000674462.1,32522270-32527408;32527532-32535769,,,,,,,,,
chr13:clu_23335,,N4BP2L2,human,transcript_doesnt_have_junctions,ENST00000267068.6,ENST00000483088.2,32522270-32527408;32527532-32535769,,,,,,,,,
chr13:clu_23335,,N4BP2L2,human,no_unique_junctions,ENST00000267068.6,ENST00000446957.6,32522270-32527408;32527532-32535769,32522270-32527408;32527532-32535769,,,,,,,,
chr13:clu_23335,,N4BP2L2,human,no_unique_junctions,ENST00000267068.6,ENST00000674272.1,32522270-32527408;32527532-32535769,32522270-32527408,,,,,,,,
chr13:clu_23335,,N4BP2L2,human,no_unique_junctions,ENST00000267068.6,ENST00000674422.1,32522270-32527408;32527532-32535769,32522270-32527408;32527532-32535769,,,,,,,,
chr13:clu_23335,,N4BP2L2,human,transcript_doesnt_have_junctions,ENST00000267068.6,ENST00000674452.1,32522270-32527408;32527532-32535769,,,,,,,,,
chr13:clu_23335,,N4BP2L2,human,transcript_doesnt_have_junctions,ENST00000267068.6,ENST00000674384.1,32522270-32527408;32527532-32535769,,,,,,,,,
chr13:clu_23335,,N4BP2L2,human,no_unique_junctions,ENST00000267068.6,ENST00000505213.5,32522270-32527408;32527532-32535769,32522270-32527408;32527532-32535769,,,,,,,,
chr13:clu_23335,,N4BP2L2,human,no_unique_junctions,ENST00000267068.6,ENST00000884184.1,32522270-32527408;32527532-32535769,32522270-32527408,,,,,,,,
chr13:clu_23335,,N4BP2L2,human,no_unique_junctions,ENST00000267068.6,ENST00000674297.1,32522270-32527408;32527532-32535769,32522270-32527408,,,,,,,,
chr13:clu_23335,,N4BP2L2,human,transcript_doesnt_have_junctions,ENST00000267068.6,ENST00000674437.1,32522270-32527408;32527532-32535769,,,,,,,,,
chr13:clu_23335,,N4BP2L2,human,no_unique_junctions,ENST00000267068.6,ENST00000674196.1,32522270-32527408;32527532-32535769,32527532-32535769,,,,,,,,
chr13:clu_23335,,N4BP2L2,human,no_unique_junctions,ENST00000267068.6,ENST00000674399.1,32522270-32527408;32527532-32535769,32527532-32535769,,,,,,,,
chr13:clu_23335,,N4BP2L2,human,transcript_doesnt_have_junctions,ENST00000267068.6,ENST00000674163.1,32522270-32527408;32527532-32535769,,,,,,,,,
chr13:clu_23335,,N4BP2L2,human,no_unique_junctions,ENST00000267068.6,ENST00000884186.1,32522270-32527408;32527532-32535769,32522270-32527408,,,,,,,,
chr13:clu_23335,,N4BP2L2,human,no_unique_junctions,ENST00000267068.6,ENST00000946929.1,32522270-32527408;32527532-32535769,32522270-32527408;32527532-32535769,,,,,,,,
chr13:clu_23335,,N4BP2L2,human,no_unique_junctions,ENST00000267068.6,ENST00000884188.1,32522270-32527408;32527532-32535769,32522270-32527408;32527532-32535769,,,,,,,,
chr13:clu_23335,,N4BP2L2,human,transcript_doesnt_have_junctions,ENST00000267068.6,ENST00000380121.7,32522270-32527408;32527532-32535769,,,,,,,,,
chr13:clu_23335,,N4BP2L2,human,transcript_doesnt_have_junctions,ENST00000267068.6,ENST00000503296.6,32522270-32527408;32527532-32535769,,,,,,,,,
chr13:clu_23335,,N4BP2L2,human,transcript_doesnt_have_junctions,ENST00000267068.6,ENST00000674161.1,32522270-32527408;32527532-32535769,,,,,,,,,
chr13:clu_23335,,N4BP2L2,human,transcript_doesnt_have_junctions,ENST00000267068.6,ENST00000674279.1,32522270-32527408;32527532-32535769,,,,,,,,,
chr13:clu_23335,,N4BP2L2,human,transcript_doesnt_have_junctions,ENST00000267068.6,ENST00000473025.1,32522270-32527408;32527532-32535769,,,,,,,,,
chr13:clu_23335,,N4BP2L2,human,transcript_doesnt_have_junctions,ENST00000267068.6,ENST00000511143.5,32522270-32527408;32527532-32535769,,,,,,,,,
chr13:clu_23335,,N4BP2L2,human,no_unique_junctions,ENST00000267068.6,ENST00000475731.1,32522270-32527408;32527532-32535769,32522270-32527408;32527532-32535769,,,,,,,,
chr20:clu_23797,,GPCPD1,human,transcript_doesnt_have_junctions,ENST00000379019.7,ENST00000481038.5,5584322-5586194;5586269-5593327,,,,,,,,,
chr20:clu_23797,,GPCPD1,human,transcript_doesnt_have_junctions,ENST00000379019.7,ENST00000473797.1,5584322-5586194;5586269-5593327,,,,,,,,,
chr20:clu_23797,,GPCPD1,human,no_unique_junctions,ENST00000379019.7,ENST00000718343.1,5584322-5586194;5586269-5593327,5584322-5586194;5586269-5593327,,,,,,,,
chr20:clu_23797,,GPCPD1,human,transcript_doesnt_have_junctions,ENST00000379019.7,ENST00000418646.5,5584322-5586194;5586269-5593327,,,,,,,,,
chr20:clu_23797,,GPCPD1,human,no_unique_junctions,ENST00000379019.7,ENST00000922545.1,5584322-5586194;5586269-5593327,5584322-5586194;5586269-5593327,,,,,,,,
chr20:clu_23797,,GPCPD1,human,no_unique_junctions,ENST00000379019.7,ENST00000959744.1,5584322-5586194;5586269-5593327,5584322-5586194;5586269-5593327,,,,,,,,
chr20:clu_23797,,GPCPD1,human,no_unique_junctions,ENST00000379019.7,ENST00000959745.1,5584322-5586194;5586269-5593327,5584322-5586194;5586269-5593327,,,,,,,,
chr20:clu_23797,,GPCPD1,human,no_unique_junctions,ENST00000379019.7,ENST00000922546.1,5584322-5586194;5586269-5593327,5584322-5586194;5586269-5593327,,,,,,,,
chr20:clu_23797,,GPCPD1,human,no_unique_junctions,ENST00000379019.7,ENST00000873925.1,5584322-5586194;5586269-5593327,5584322-5586194;5586269-5593327,,,,,,,,
chr20:clu_23797,,GPCPD1,human,no_unique_junctions,ENST00000379019.7,ENST00000959747.1,5584322-5586194;5586269-5593327,5584322-5586194;5586269-5593327,,,,,,,,
chr20:clu_23797,,GPCPD1,human,no_unique_junctions,ENST00000379019.7,ENST00000959748.1,5584322-5586194;5586269-5593327,5584322-5586194;5586269-5593327,,,,,,,,
chr20:clu_23797,,GPCPD1,human,no_unique_junctions,ENST00000379019.7,ENST00000873924.1,5584322-5586194;5586269-5593327,5584322-5586194;5586269-5593327,,,,,,,,
chr20:clu_23797,,GPCPD1,human,no_unique_junctions,ENST00000379019.7,ENST00000959746.1,5584322-5586194;5586269-5593327,5584322-5586194;5586269-5593327,,,,,,,,
chr20:clu_23797,,GPCPD1,human,no_unique_junctions,ENST00000379019.7,ENST00000873927.1,5584322-5586194;5586269-5593327,5584322-5586194;5586269-5593327,,,,,,,,
chr20:clu_23797,,GPCPD1,human,no_unique_junctions,ENST00000379019.7,ENST00000873926.1,5584322-5586194;5586269-5593327,5584322-5586194;5586269-5593327,,,,,,,,
chr20:clu_23797,,GPCPD1,human,transcript_doesnt_have_junctions,ENST00000379019.7,ENST00000633552.1,5584322-5586194;5586269-5593327,,,,,,,,,
chr20:clu_23797,,GPCPD1,human,transcript_doesnt_have_junctions,ENST00000379019.7,ENST00000462080.1,5584322-5586194;5586269-5593327,,,,,,,,,
chr20:clu_24109,,YWHAB,human,no_unique_junctions,ENST00000353703.9,ENST00000372839.7,44901833-44903993,44901833-44903993,,,,,,,,
chr20:clu_24109,,YWHAB,human,transcript_doesnt_have_junctions,ENST00000353703.9,ENST00000428262.1,44901833-44903993,,,,,,,,,
chr20:clu_24109,,YWHAB,human,transcript_doesnt_have_junctions,ENST00000353703.9,ENST00000631616.1,44901833-44903993,,,,,,,,,
chr20:clu_24109,,YWHAB,human,transcript_doesnt_have_junctions,ENST00000353703.9,ENST00000477896.1,44901833-44903993,,,,,,,,,
chr20:clu_24109,,YWHAB,human,no_unique_junctions,ENST00000353703.9,ENST00000879921.1,44901833-44903993,44901833-44903993,,,,,,,,
chr20:clu_24109,,YWHAB,human,transcript_doesnt_have_junctions,ENST00000353703.9,ENST00000879923.1,44901833-44903993,,,,,,,,,
chr20:clu_24109,,YWHAB,human,transcript_doesnt_have_junctions,ENST00000353703.9,ENST00000920368.1,44901833-44903993,,,,,,,,,
chr20:clu_24109,,YWHAB,human,no_unique_junctions,ENST00000353703.9,ENST00000879925.1,44901833-44903993,44901833-44903993,,,,,,,,
chr20:clu_24109,,YWHAB,human,transcript_doesnt_have_junctions,ENST00000353703.9,ENST00000957067.1,44901833-44903993,,,,,,,,,
chr20:clu_24109,,YWHAB,human,no_unique_junctions,ENST00000353703.9,ENST00000920367.1,44901833-44903993,44901833-44903993,,,,,,,,
chr20:clu_24109,,YWHAB,human,no_unique_junctions,ENST00000353703.9,ENST00000957071.1,44901833-44903993,44901833-44903993,,,,,,,,
chr20:clu_24109,,YWHAB,human,no_unique_junctions,ENST00000353703.9,ENST00000879922.1,44901833-44903993,44901833-44903993,,,,,,,,
chr20:clu_24109,,YWHAB,human,no_unique_junctions,ENST00000353703.9,ENST00000957069.1,44901833-44903993,44901833-44903993,,,,,,,,
chr20:clu_24109,,YWHAB,human,no_unique_junctions,ENST00000353703.9,ENST00000957070.1,44901833-44903993,44901833-44903993,,,,,,,,
chr20:clu_24109,,YWHAB,human,no_unique_junctions,ENST00000353703.9,ENST00000957068.1,44901833-44903993,44901833-44903993,,,,,,,,
chr20:clu_24109,,YWHAB,human,no_unique_junctions,ENST00000353703.9,ENST00000879926.1,44901833-44903993,44901833-44903993,,,,,,,,
chr20:clu_24109,,YWHAB,human,transcript_doesnt_have_junctions,ENST00000353703.9,ENST00000879927.1,44901833-44903993,,,,,,,,,
chr20:clu_24109,,YWHAB,human,transcript_doesnt_have_junctions,ENST00000353703.9,ENST00000445830.1,44901833-44903993,,,,,,,,,
chr20:clu_24109,,YWHAB,human,no_unique_junctions,ENST00000353703.9,ENST00000879928.1,44901833-44903993,44901833-44903993,,,,,,,,
chr20:clu_24109,,YWHAB,human,no_unique_junctions,ENST00000353703.9,ENST00000957072.1,44901833-44903993,44901833-44903993,,,,,,,,
chr20:clu_24109,,YWHAB,human,no_unique_junctions,ENST00000353703.9,ENST00000920369.1,44901833-44903993,44901833-44903993,,,,,,,,
chr20:clu_24109,,YWHAB,human,no_unique_junctions,ENST00000353703.9,ENST00000957073.1,44901833-44903993,44901833-44903993,,,,,,,,
chr20:clu_24109,,YWHAB,human,no_unique_junctions,ENST00000353703.9,ENST00000957074.1,44901833-44903993,44901833-44903993,,,,,,,,
chr20:clu_24109,,YWHAB,human,no_unique_junctions,ENST00000353703.9,ENST00000879924.1,44901833-44903993,44901833-44903993,,,,,,,,
chr20:clu_24109,,YWHAB,human,no_unique_junctions,ENST00000353703.9,ENST00000879929.1,44901833-44903993,44901833-44903993,,,,,,,,
chr20:clu_24109,,YWHAB,human,no_unique_junctions,ENST00000353703.9,ENST00000920370.1,44901833-44903993,44901833-44903993,,,,,,,,
chr20:clu_24109,,YWHAB,human,no_unique_junctions,ENST00000353703.9,ENST00000957075.1,44901833-44903993,44901833-44903993,,,,,,,,
chr20:clu_24109,,YWHAB,human,no_unique_junctions,ENST00000353703.9,ENST00000879930.1,44901833-44903993,44901833-44903993,,,,,,,,
chr20:clu_24109,,YWHAB,human,no_unique_junctions,ENST00000353703.9,ENST00000957076.1,44901833-44903993,44901833-44903993,,,,,,,,
chr20:clu_24109,,YWHAB,human,no_unique_junctions,ENST00000353703.9,ENST00000957077.1,44901833-44903993,44901833-44903993,,,,,,,,
chr20:clu_24109,,YWHAB,human,subsumed_by_larger_group,ENST00000353703.9,XM_017028040.2,44901833-44903993,44901833-44902898,,,,,,,,
chr20:clu_24109,,YWHAB,human,subsumed_by_larger_group,ENST00000353703.9,ENST00000479421.5,44901833-44903993,44903121-44903993,,,,,,,,
chr5:clu_11963,,IRF1,human,novel_junction,ENST00000245414.9,,132484075-132484362;132484497-132485667;132485716-132486251;132486373-132486557,132484075-132485667,,,,,,,,
chr5:clu_11963,,IRF1,human,no_unique_junctions,ENST00000245414.9,XM_011543379.3,132484075-132484362;132484497-132485667;132485716-132486251;132486373-132486557,132484075-132484362;132484497-132485667;132485716-132486251;132486373-132486557,,,,,,,,
chr5:clu_11963,,IRF1,human,no_unique_junctions,ENST00000245414.9,XM_047417153.1,132484075-132484362;132484497-132485667;132485716-132486251;132486373-132486557,132484075-132484362;132484497-132485667;132485716-132486251;132486373-132486557,,,,,,,,
chr5:clu_11963,,IRF1,human,no_unique_junctions,ENST00000245414.9,ENST00000680139.1,132484075-132484362;132484497-132485667;132485716-132486251;132486373-132486557,132486373-132486557,,,,,,,,
chr5:clu_11963,,IRF1,human,transcript_doesnt_have_junctions,ENST00000245414.9,ENST00000443093.2,132484075-132484362;132484497-132485667;132485716-132486251;132486373-132486557,,,,,,,,,
chr5:clu_11963,,IRF1,human,transcript_doesnt_have_junctions,ENST00000245414.9,ENST00000472045.1,132484075-132484362;132484497-132485667;132485716-132486251;132486373-132486557,,,,,,,,,
chr5:clu_11963,,IRF1,human,transcript_doesnt_have_junctions,ENST00000245414.9,ENST00000459982.5,132484075-132484362;132484497-132485667;132485716-132486251;132486373-132486557,,,,,,,,,
chr5:clu_11963,,IRF1,human,transcript_doesnt_have_junctions,ENST00000245414.9,ENST00000493208.1,132484075-132484362;132484497-132485667;132485716-132486251;132486373-132486557,,,,,,,,,
chr5:clu_11963,,IRF1,human,transcript_doesnt_have_junctions,ENST00000245414.9,ENST00000679921.1,132484075-132484362;132484497-132485667;132485716-132486251;132486373-132486557,,,,,,,,,
chr5:clu_11963,,IRF1,human,no_unique_junctions,ENST00000245414.9,ENST00000886279.1,132484075-132484362;132484497-132485667;132485716-132486251;132486373-132486557,132484075-132484362;132484497-132485667;132485716-132486251;132486373-132486557,,,,,,,,
chr5:clu_11963,,IRF1,human,transcript_doesnt_have_junctions,ENST00000245414.9,ENST00000886280.1,132484075-132484362;132484497-132485667;132485716-132486251;132486373-132486557,,,,,,,,,
chr5:clu_11963,,IRF1,human,no_unique_junctions,ENST00000245414.9,ENST00000886281.1,132484075-132484362;132484497-132485667;132485716-132486251;132486373-132486557,132484075-132484362;132484497-132485667;132485716-132486251;132486373-132486557,,,,,,,,
chr5:clu_11963,,IRF1,human,no_unique_junctions,ENST00000245414.9,ENST00000965376.1,132484075-132484362;132484497-132485667;132485716-132486251;132486373-132486557,132484075-132484362;132484497-132485667;132485716-132486251;132486373-132486557,,,,,,,,
chr5:clu_11963,,IRF1,human,no_unique_junctions,ENST00000245414.9,ENST00000405885.6,132484075-132484362;132484497-132485667;132485716-132486251;132486373-132486557,132484075-132484362;132484497-132485667;132485716-132486251;132486373-132486557,,,,,,,,
chr5:clu_11963,,IRF1,human,transcript_doesnt_have_junctions,ENST00000245414.9,ENST00000681240.1,132484075-132484362;132484497-132485667;132485716-132486251;132486373-132486557,,,,,,,,,
chr5:clu_11963,,IRF1,human,transcript_doesnt_have_junctions,ENST00000245414.9,ENST00000681336.1,132484075-132484362;132484497-132485667;132485716-132486251;132486373-132486557,,,,,,,,,
chr5:clu_11963,,IRF1,human,no_unique_junctions,ENST00000245414.9,ENST00000680562.1,132484075-132484362;132484497-132485667;132485716-132486251;132486373-132486557,132484075-132484362,,,,,,,,
chr5:clu_11963,,IRF1,human,transcript_doesnt_have_junctions,ENST00000245414.9,ENST00000681694.1,132484075-132484362;132484497-132485667;132485716-132486251;132486373-132486557,,,,,,,,,
chr5:clu_11963,,IRF1,human,no_unique_junctions,ENST00000245414.9,ENST00000681595.1,132484075-132484362;132484497-132485667;132485716-132486251;132486373-132486557,132484075-132484362;132484497-132485667;132485716-132486251,,,,,,,,
chr5:clu_11963,,IRF1,human,no_unique_junctions,ENST00000245414.9,ENST00000679743.1,132484075-132484362;132484497-132485667;132485716-132486251;132486373-132486557,132484075-132484362;132484497-132485667;132485716-132486251,,,,,,,,
chr5:clu_11963,,IRF1,human,no_unique_junctions,ENST00000245414.9,ENST00000681715.1,132484075-132484362;132484497-132485667;132485716-132486251;132486373-132486557,132484075-132484362;132484497-132485667,,,,,,,,
chr5:clu_11963,,IRF1,human,transcript_doesnt_have_junctions,ENST00000245414.9,ENST00000679860.1,132484075-132484362;132484497-132485667;132485716-132486251;132486373-132486557,,,,,,,,,
chr5:clu_11963,,IRF1,human,no_unique_junctions,ENST00000245414.9,ENST00000681462.1,132484075-132484362;132484497-132485667;132485716-132486251;132486373-132486557,132484075-132484362;132486373-132486557,,,,,,,,
chr5:clu_11963,,IRF1,human,no_unique_junctions,ENST00000245414.9,ENST00000681458.1,132484075-132484362;132484497-132485667;132485716-132486251;132486373-132486557,132485716-132486251;132486373-132486557,,,,,,,,
chr5:clu_11963,,IRF1,human,no_unique_junctions,ENST00000245414.9,ENST00000681749.1,132484075-132484362;132484497-132485667;132485716-132486251;132486373-132486557,132486373-132486557,,,,,,,,
chr5:clu_11963,,IRF1,human,no_unique_junctions,ENST00000245414.9,ENST00000680237.1,132484075-132484362;132484497-132485667;132485716-132486251;132486373-132486557,132486373-132486557,,,,,,,,
chr5:clu_11963,,IRF1,human,no_unique_junctions,ENST00000245414.9,ENST00000437654.6,132484075-132484362;132484497-132485667;132485716-132486251;132486373-132486557,132486373-132486557,,,,,,,,
chr5:clu_11963,,IRF1,human,no_unique_junctions,ENST00000245414.9,ENST00000458069.5,132484075-132484362;132484497-132485667;132485716-132486251;132486373-132486557,132486373-132486557,,,,,,,,
chr5:clu_11963,,IRF1,human,transcript_doesnt_have_junctions,ENST00000245414.9,ENST00000679633.1,132484075-132484362;132484497-132485667;132485716-132486251;132486373-132486557,,,,,,,,,
chr5:clu_11963,,IRF1,human,transcript_doesnt_have_junctions,ENST00000245414.9,ENST00000439555.2,132484075-132484362;132484497-132485667;132485716-132486251;132486373-132486557,,,,,,,,,
chr5:clu_11963,,IRF1,human,transcript_doesnt_have_junctions,ENST00000245414.9,ENST00000476613.1,132484075-132484362;132484497-132485667;132485716-132486251;132486373-132486557,,,,,,,,,
chr5:clu_11963,,IRF1,human,transcript_doesnt_have_junctions,ENST00000245414.9,ENST00000679499.1,132484075-132484362;132484497-132485667;132485716-132486251;132486373-132486557,,,,,,,,,
chr5:clu_11963,,IRF1,human,transcript_doesnt_have_junctions,ENST00000245414.9,ENST00000680352.1,132484075-132484362;132484497-132485667;132485716-132486251;132486373-132486557,,,,,,,,,
chr5:clu_11963,,IRF1,human,transcript_doesnt_have_junctions,ENST00000245414.9,ENST00000679440.1,132484075-132484362;132484497-132485667;132485716-132486251;132486373-132486557,,,,,,,,,
chr5:clu_11963,,IRF1,human,transcript_doesnt_have_junctions,ENST00000245414.9,ENST00000681584.1,132484075-132484362;132484497-132485667;132485716-132486251;132486373-132486557,,,,,,,,,
chr5:clu_11963,,IRF1,human,transcript_doesnt_have_junctions,ENST00000245414.9,ENST00000680796.1,132484075-132484362;132484497-132485667;132485716-132486251;132486373-132486557,,,,,,,,,
chr5:clu_11963,,IRF1,human,transcript_doesnt_have_junctions,ENST00000245414.9,ENST00000679762.1,132484075-132484362;132484497-132485667;132485716-132486251;132486373-132486557,,,,,,,,,
chr5:clu_11963,,IRF1,human,transcript_doesnt_have_junctions,ENST00000245414.9,ENST00000681634.1,132484075-132484362;132484497-132485667;132485716-132486251;132486373-132486557,,,,,,,,,
chr5:clu_11963,,IRF1,human,transcript_doesnt_have_junctions,ENST00000245414.9,ENST00000680594.1,132484075-132484362;132484497-132485667;132485716-132486251;132486373-132486557,,,,,,,,,
chr5:clu_11963,,IRF1,human,transcript_doesnt_have_junctions,ENST00000245414.9,ENST00000679964.1,132484075-132484362;132484497-132485667;132485716-132486251;132486373-132486557,,,,,,,,,
chr5:clu_11963,,IRF1,human,transcript_doesnt_have_junctions,ENST00000245414.9,ENST00000679786.1,132484075-132484362;132484497-132485667;132485716-132486251;132486373-132486557,,,,,,,,,
chr5:clu_11963,,IRF1,human,transcript_doesnt_have_junctions,ENST00000245414.9,ENST00000679945.1,132484075-132484362;132484497-132485667;132485716-132486251;132486373-132486557,,,,,,,,,
chr5:clu_11963,,IRF1,human,transcript_doesnt_have_junctions,ENST00000245414.9,ENST00000681049.1,132484075-132484362;132484497-132485667;132485716-132486251;132486373-132486557,,,,,,,,,
chr5:clu_11963,,IRF1,human,transcript_doesnt_have_junctions,ENST00000245414.9,ENST00000680380.1,132484075-132484362;132484497-132485667;132485716-132486251;132486373-132486557,,,,,,,,,
chr5:clu_11963,,IRF1,human,transcript_doesnt_have_junctions,ENST00000245414.9,ENST00000681197.1,132484075-132484362;132484497-132485667;132485716-132486251;132486373-132486557,,,,,,,,,
chr5:clu_11963,,IRF1,human,transcript_doesnt_have_junctions,ENST00000245414.9,ENST00000679820.1,132484075-132484362;132484497-132485667;132485716-132486251;132486373-132486557,,,,,,,,,
chr5:clu_11963,,IRF1,human,transcript_doesnt_have_junctions,ENST00000245414.9,ENST00000679620.1,132484075-132484362;132484497-132485667;132485716-132486251;132486373-132486557,,,,,,,,,
chr5:clu_11963,,IRF1,human,transcript_doesnt_have_junctions,ENST00000245414.9,ENST00000681573.1,132484075-132484362;132484497-132485667;132485716-132486251;132486373-132486557,,,,,,,,,
chr5:clu_11963,,IRF1,human,transcript_doesnt_have_junctions,ENST00000245414.9,ENST00000463784.6,132484075-132484362;132484497-132485667;132485716-132486251;132486373-132486557,,,,,,,,,
chr5:clu_11963,,IRF1,human,transcript_doesnt_have_junctions,ENST00000245414.9,ENST00000680848.1,132484075-132484362;132484497-132485667;132485716-132486251;132486373-132486557,,,,,,,,,
chr5:clu_11963,,IRF1,human,transcript_doesnt_have_junctions,ENST00000245414.9,ENST00000679522.1,132484075-132484362;132484497-132485667;132485716-132486251;132486373-132486557,,,,,,,,,
chr5:clu_11963,,IRF1,human,transcript_doesnt_have_junctions,ENST00000245414.9,ENST00000681603.1,132484075-132484362;132484497-132485667;132485716-132486251;132486373-132486557,,,,,,,,,
chr5:clu_11963,,IRF1,human,transcript_doesnt_have_junctions,ENST00000245414.9,ENST00000679500.1,132484075-132484362;132484497-132485667;132485716-132486251;132486373-132486557,,,,,,,,,
chr5:clu_11963,2/2,IRF1,human,transcript_not_chosen,ENST00000245414.9,ENST00000679700.1,132484075-132484362;132484497-132485667;132485716-132486251;132486373-132486557,132485716-132486557,,,,,,,,
chr5:clu_11963,2/2,IRF1,human,transcript_not_chosen,ENST00000245414.9,XM_047417154.1,132484075-132484362;132484497-132485667;132485716-132486251;132486373-132486557,132484075-132484362;132484497-132485667;132485716-132486557,,,,,,,,
chr16:clu_14446:CORO7-PAM16,,CORO7-PAM16,human,transcript_doesnt_have_junctions,ENST00000572467.5,ENST00000572274.1,4361469-4361985,,,,,,,,,
chr5:clu_11506,,PTGER4,human,transcript_doesnt_have_junctions,ENST00000302472.4,XM_017009659.3,40681860-40691779,,,,,,,,,
chr5:clu_11506,,PTGER4,human,transcript_doesnt_have_junctions,ENST00000302472.4,XM_047417415.1,40681860-40691779,,,,,,,,,
chr5:clu_11506,,PTGER4,human,transcript_doesnt_have_junctions,ENST00000302472.4,XM_047417416.1,40681860-40691779,,,,,,,,,
chr5:clu_11506,,PTGER4,human,transcript_doesnt_have_junctions,ENST00000302472.4,ENST00000963428.1,40681860-40691779,,,,,,,,,
chr5:clu_11506,,PTGER4,human,transcript_doesnt_have_junctions,ENST00000302472.4,ENST00000514343.1,40681860-40691779,,,,,,,,,
chr5:clu_11506,,PTGER4,human,no_unique_junctions,ENST00000302472.4,ENST00000512578.1,40681860-40691779,40681860-40691779,,,,,,,,
chr5:clu_11506,,PTGER4,human,subsumed_by_larger_group,ENST00000302472.4,ENST00000509543.1,40681860-40691779,40681860-40685392,,,,,,,,
chr5:clu_11506,,PTGER4,human,subsumed_by_larger_group,ENST00000302472.4,ENST00000513635.1,40681860-40691779,40685483-40691779,,,,,,,,
chrX:clu_23149,,FLNA,human,transcript_doesnt_have_junctions,ENST00000369850.10,ENST00000678304.1,154355072-154357251;154357274-154357434,,,,,,,,,
chrX:clu_23149,,FLNA,human,transcript_doesnt_have_junctions,ENST00000369850.10,ENST00000462590.1,154355072-154357251;154357274-154357434,,,,,,,,,
chrX:clu_23149,,FLNA,human,transcript_doesnt_have_junctions,ENST00000369850.10,ENST00000474358.5,154355072-154357251;154357274-154357434,,,,,,,,,
chrX:clu_23149,,FLNA,human,transcript_doesnt_have_junctions,ENST00000369850.10,ENST00000466325.1,154355072-154357251;154357274-154357434,,,,,,,,,
chrX:clu_23149,,FLNA,human,transcript_doesnt_have_junctions,ENST00000369850.10,ENST00000474072.1,154355072-154357251;154357274-154357434,,,,,,,,,
chrX:clu_23149,,FLNA,human,transcript_doesnt_have_junctions,ENST00000369850.10,ENST00000466319.1,154355072-154357251;154357274-154357434,,,,,,,,,
chrX:clu_23149,,FLNA,human,transcript_doesnt_have_junctions,ENST00000369850.10,ENST00000465144.1,154355072-154357251;154357274-154357434,,,,,,,,,
chrX:clu_23149,,FLNA,human,no_unique_junctions,ENST00000369850.10,ENST00000420627.5,154355072-154357251;154357274-154357434,154355072-154357251;154357274-154357434,,,,,,,,
chrX:clu_23149,,FLNA,human,transcript_doesnt_have_junctions,ENST00000369850.10,ENST00000422373.6,154355072-154357251;154357274-154357434,,,,,,,,,
chrX:clu_23149,,FLNA,human,no_unique_junctions,ENST00000369850.10,ENST00000369856.8,154355072-154357251;154357274-154357434,154355072-154357251;154357274-154357434,,,,,,,,
chrX:clu_23149,,FLNA,human,no_unique_junctions,ENST00000369850.10,ENST00000676696.1,154355072-154357251;154357274-154357434,154355072-154357251;154357274-154357434,,,,,,,,
chrX:clu_23149,,FLNA,human,no_unique_junctions,ENST00000369850.10,ENST00000610817.5,154355072-154357251;154357274-154357434,154355072-154357251;154357274-154357434,,,,,,,,
chrX:clu_23149,,FLNA,human,transcript_doesnt_have_junctions,ENST00000369850.10,ENST00000888344.1,154355072-154357251;154357274-154357434,,,,,,,,,
chrX:clu_23149,,FLNA,human,no_unique_junctions,ENST00000369850.10,ENST00000888342.1,154355072-154357251;154357274-154357434,154355072-154357251;154357274-154357434,,,,,,,,
chrX:clu_23149,,FLNA,human,transcript_doesnt_have_junctions,ENST00000369850.10,ENST00000964814.1,154355072-154357251;154357274-154357434,,,,,,,,,
chrX:clu_23149,,FLNA,human,no_unique_junctions,ENST00000369850.10,ENST00000888343.1,154355072-154357251;154357274-154357434,154355072-154357251;154357274-154357434,,,,,,,,
chrX:clu_23149,,FLNA,human,transcript_doesnt_have_junctions,ENST00000369850.10,ENST00000673639.2,154355072-154357251;154357274-154357434,,,,,,,,,
chrX:clu_23149,,FLNA,human,transcript_doesnt_have_junctions,ENST00000369850.10,ENST00000444578.1,154355072-154357251;154357274-154357434,,,,,,,,,
chrX:clu_23149,,FLNA,human,transcript_doesnt_have_junctions,ENST00000369850.10,ENST00000415241.1,154355072-154357251;154357274-154357434,,,,,,,,,
chrX:clu_23149,,FLNA,human,transcript_doesnt_have_junctions,ENST00000369850.10,ENST00000438732.2,154355072-154357251;154357274-154357434,,,,,,,,,
chrX:clu_23149,,FLNA,human,transcript_doesnt_have_junctions,ENST00000369850.10,ENST00000498411.1,154355072-154357251;154357274-154357434,,,,,,,,,
chrX:clu_23149,,FLNA,human,transcript_doesnt_have_junctions,ENST00000369850.10,ENST00000498491.5,154355072-154357251;154357274-154357434,,,,,,,,,
chrX:clu_23149,1/1,FLNA,human,transcript_not_chosen,ENST00000369850.10,ENST00000360319.9,154355072-154357251;154357274-154357434,154355072-154357434,,,,,,,,
chrX:clu_23149,1/1,FLNA,human,transcript_not_chosen,ENST00000369850.10,ENST00000490936.5,154355072-154357251;154357274-154357434,154355072-154357434,,,,,,,,
chrX:clu_23149,1/1,FLNA,human,transcript_not_chosen,ENST00000369850.10,ENST00000888338.1,154355072-154357251;154357274-154357434,154355072-154357434,,,,,,,,
chrX:clu_23149,1/1,FLNA,human,transcript_not_chosen,ENST00000369850.10,ENST00000888340.1,154355072-154357251;154357274-154357434,154355072-154357434,,,,,,,,
chrX:clu_23149,1/1,FLNA,human,transcript_not_chosen,ENST00000369850.10,ENST00000888341.1,154355072-154357251;154357274-154357434,154355072-154357434,,,,,,,,
chrX:clu_23149,1/1,FLNA,human,transcript_not_chosen,ENST00000369850.10,ENST00000934717.1,154355072-154357251;154357274-154357434,154355072-154357434,,,,,,,,
chrX:clu_23149,1/1,FLNA,human,transcript_not_chosen,ENST00000369850.10,ENST00000964813.1,154355072-154357251;154357274-154357434,154355072-154357434,,,,,,,,
chr16:clu_15039,,HERPUD1,human,no_unique_junctions,ENST00000439977.7,NM_001436351.1,56935312-56935401;56935475-56936687,56935312-56935401;56935475-56936687,,,,,,,,
chr16:clu_15039,,HERPUD1,human,no_unique_junctions,ENST00000439977.7,NM_001436353.1,56935312-56935401;56935475-56936687,56935312-56935401;56935475-56936687,,,,,,,,
chr16:clu_15039,,HERPUD1,human,no_unique_junctions,ENST00000439977.7,NM_001436354.1,56935312-56935401;56935475-56936687,56935312-56935401;56935475-56936687,,,,,,,,
chr16:clu_15039,,HERPUD1,human,no_unique_junctions,ENST00000439977.7,NM_001436352.1,56935312-56935401;56935475-56936687,56935312-56935401,,,,,,,,
chr16:clu_15039,,HERPUD1,human,no_unique_junctions,ENST00000439977.7,NM_001436349.1,56935312-56935401;56935475-56936687,56935312-56935401;56935475-56936687,,,,,,,,
chr16:clu_15039,,HERPUD1,human,no_unique_junctions,ENST00000439977.7,NM_001272103.2,56935312-56935401;56935475-56936687,56935312-56935401;56935475-56936687,,,,,,,,
chr16:clu_15039,,HERPUD1,human,no_unique_junctions,ENST00000439977.7,NM_001436355.1,56935312-56935401;56935475-56936687,56935312-56935401;56935475-56936687,,,,,,,,
chr16:clu_15039,,HERPUD1,human,transcript_doesnt_have_junctions,ENST00000439977.7,ENST00000562914.1,56935312-56935401;56935475-56936687,,,,,,,,,
chr16:clu_15039,,HERPUD1,human,no_unique_junctions,ENST00000439977.7,ENST00000568676.5,56935312-56935401;56935475-56936687,56935312-56935401,,,,,,,,
chr16:clu_15039,,HERPUD1,human,no_unique_junctions,ENST00000439977.7,ENST00000569569.5,56935312-56935401;56935475-56936687,56935312-56935401;56935475-56936687,,,,,,,,
chr16:clu_15039,,HERPUD1,human,no_unique_junctions,ENST00000439977.7,ENST00000566550.1,56935312-56935401;56935475-56936687,56935312-56935401,,,,,,,,
chr16:clu_15039,,HERPUD1,human,transcript_doesnt_have_junctions,ENST00000439977.7,ENST00000564678.1,56935312-56935401;56935475-56936687,,,,,,,,,
chr16:clu_15039,,HERPUD1,human,transcript_doesnt_have_junctions,ENST00000439977.7,ENST00000567944.1,56935312-56935401;56935475-56936687,,,,,,,,,
chr16:clu_15039,,HERPUD1,human,no_unique_junctions,ENST00000439977.7,ENST00000938506.1,56935312-56935401;56935475-56936687,56935312-56935401;56935475-56936687,,,,,,,,
chr16:clu_15039,,HERPUD1,human,no_unique_junctions,ENST00000439977.7,ENST00000855548.1,56935312-56935401;56935475-56936687,56935312-56935401;56935475-56936687,,,,,,,,
chr16:clu_15039,,HERPUD1,human,no_unique_junctions,ENST00000439977.7,ENST00000951121.1,56935312-56935401;56935475-56936687,56935312-56935401;56935475-56936687,,,,,,,,
chr16:clu_15039,,HERPUD1,human,no_unique_junctions,ENST00000439977.7,ENST00000855547.1,56935312-56935401;56935475-56936687,56935312-56935401;56935475-56936687,,,,,,,,
chr16:clu_15039,,HERPUD1,human,no_unique_junctions,ENST00000439977.7,ENST00000855546.1,56935312-56935401;56935475-56936687,56935312-56935401;56935475-56936687,,,,,,,,
chr16:clu_15039,,HERPUD1,human,no_unique_junctions,ENST00000439977.7,ENST00000565966.5,56935312-56935401;56935475-56936687,56935312-56935401;56935475-56936687,,,,,,,,
chr16:clu_15039,,HERPUD1,human,no_unique_junctions,ENST00000439977.7,ENST00000563343.5,56935312-56935401;56935475-56936687,56935312-56935401;56935475-56936687,,,,,,,,
chr16:clu_15039,,HERPUD1,human,no_unique_junctions,ENST00000439977.7,ENST00000568358.1,56935312-56935401;56935475-56936687,56935475-56936687,,,,,,,,
chr16:clu_15039,,HERPUD1,human,transcript_doesnt_have_junctions,ENST00000439977.7,ENST00000563911.5,56935312-56935401;56935475-56936687,,,,,,,,,
chr16:clu_15039,,HERPUD1,human,transcript_doesnt_have_junctions,ENST00000439977.7,ENST00000568651.1,56935312-56935401;56935475-56936687,,,,,,,,,
chr16:clu_15039,,HERPUD1,human,no_unique_junctions,ENST00000439977.7,ENST00000570273.5,56935312-56935401;56935475-56936687,56935312-56935401;56935475-56936687,,,,,,,,
chr16:clu_15039,,HERPUD1,human,no_unique_junctions,ENST00000439977.7,ENST00000563781.5,56935312-56935401;56935475-56936687,56935475-56936687,,,,,,,,
chr16:clu_15039,,HERPUD1,human,transcript_doesnt_have_junctions,ENST00000439977.7,ENST00000568814.1,56935312-56935401;56935475-56936687,,,,,,,,,
chr16:clu_15039,1/3,HERPUD1,human,transcript_not_chosen,ENST00000439977.7,ENST00000300302.9,56935312-56935401;56935475-56936687,56935312-56935404;56935475-56936687,,,,,,,,
chr16:clu_15039,1/3,HERPUD1,human,transcript_not_chosen,ENST00000439977.7,ENST00000344114.8,56935312-56935401;56935475-56936687,56935312-56935404;56935475-56936687,,,,,,,,
chr16:clu_15039,2/3,HERPUD1,human,transcript_not_chosen,ENST00000439977.7,ENST00000569429.5,56935312-56935401;56935475-56936687,56935312-56936687,,,,,,,,
chr17:clu_19576,,ARRB2,human,no_unique_junctions,ENST00000269260.7,XM_047436066.1,4710744-4715013;4715043-4715973,4715043-4715973,,,,,,,,
chr17:clu_19576,,ARRB2,human,transcript_doesnt_have_junctions,ENST00000269260.7,ENST00000572457.5,4710744-4715013;4715043-4715973,,,,,,,,,
chr17:clu_19576,,ARRB2,human,no_unique_junctions,ENST00000269260.7,ENST00000412477.7,4710744-4715013;4715043-4715973,4710744-4715013;4715043-4715973,,,,,,,,
chr17:clu_19576,,ARRB2,human,no_unique_junctions,ENST00000269260.7,ENST00000855436.1,4710744-4715013;4715043-4715973,4710744-4715013;4715043-4715973,,,,,,,,
chr17:clu_19576,,ARRB2,human,no_unique_junctions,ENST00000269260.7,ENST00000575877.5,4710744-4715013;4715043-4715973,4710744-4715013;4715043-4715973,,,,,,,,
chr17:clu_19576,,ARRB2,human,no_unique_junctions,ENST00000269260.7,ENST00000346341.6,4710744-4715013;4715043-4715973,4710744-4715013;4715043-4715973,,,,,,,,
chr17:clu_19576,,ARRB2,human,no_unique_junctions,ENST00000269260.7,ENST00000381488.10,4710744-4715013;4715043-4715973,4710744-4715013;4715043-4715973,,,,,,,,
chr17:clu_19576,,ARRB2,human,no_unique_junctions,ENST00000269260.7,XM_011523858.3,4710744-4715013;4715043-4715973,4715043-4715973,,,,,,,,
chr17:clu_19576,,ARRB2,human,no_unique_junctions,ENST00000269260.7,XM_047436062.1,4710744-4715013;4715043-4715973,4715043-4715973,,,,,,,,
chr17:clu_19576,,ARRB2,human,no_unique_junctions,ENST00000269260.7,XM_047436065.1,4710744-4715013;4715043-4715973,4715043-4715973,,,,,,,,
chr17:clu_19576,,ARRB2,human,no_unique_junctions,ENST00000269260.7,XM_047436063.1,4710744-4715013;4715043-4715973,4715043-4715973,,,,,,,,
chr17:clu_19576,,ARRB2,human,no_unique_junctions,ENST00000269260.7,XM_047436064.1,4710744-4715013;4715043-4715973,4715043-4715973,,,,,,,,
chr17:clu_19576,,ARRB2,human,no_unique_junctions,ENST00000269260.7,ENST00000574888.5,4710744-4715013;4715043-4715973,4710744-4715013;4715043-4715973,,,,,,,,
chr17:clu_19576,,ARRB2,human,no_unique_junctions,ENST00000269260.7,ENST00000571791.5,4710744-4715013;4715043-4715973,4710744-4715013;4715043-4715973,,,,,,,,
chr17:clu_19576,,ARRB2,human,transcript_doesnt_have_junctions,ENST00000269260.7,ENST00000573886.5,4710744-4715013;4715043-4715973,,,,,,,,,
chr17:clu_19576,,ARRB2,human,no_unique_junctions,ENST00000269260.7,ENST00000572782.1,4710744-4715013;4715043-4715973,4715043-4715973,,,,,,,,
chr17:clu_19576,,ARRB2,human,transcript_doesnt_have_junctions,ENST00000269260.7,ENST00000577054.1,4710744-4715013;4715043-4715973,,,,,,,,,
chr17:clu_19576,,ARRB2,human,no_unique_junctions,ENST00000269260.7,ENST00000915218.1,4710744-4715013;4715043-4715973,4710744-4715013;4715043-4715973,,,,,,,,
chr17:clu_19576,,ARRB2,human,no_unique_junctions,ENST00000269260.7,ENST00000574502.5,4710744-4715013;4715043-4715973,4710744-4715013;4715043-4715973,,,,,,,,
chr17:clu_19576,,ARRB2,human,no_unique_junctions,ENST00000269260.7,ENST00000855439.1,4710744-4715013;4715043-4715973,4710744-4715013;4715043-4715973,,,,,,,,
chr17:clu_19576,,ARRB2,human,no_unique_junctions,ENST00000269260.7,ENST00000855440.1,4710744-4715013;4715043-4715973,4710744-4715013;4715043-4715973,,,,,,,,
chr17:clu_19576,,ARRB2,human,no_unique_junctions,ENST00000269260.7,ENST00000855441.1,4710744-4715013;4715043-4715973,4710744-4715013;4715043-4715973,,,,,,,,
chr17:clu_19576,,ARRB2,human,no_unique_junctions,ENST00000269260.7,ENST00000855442.1,4710744-4715013;4715043-4715973,4710744-4715013;4715043-4715973,,,,,,,,
chr17:clu_19576,,ARRB2,human,transcript_doesnt_have_junctions,ENST00000269260.7,ENST00000571206.1,4710744-4715013;4715043-4715973,,,,,,,,,
chr17:clu_19576,1/2,ARRB2,human,transcript_not_chosen,ENST00000269260.7,ENST00000570739.5,4710744-4715013;4715043-4715973,4710744-4715973,,,,,,,,
chr17:clu_19576,1/2,ARRB2,human,transcript_not_chosen,ENST00000269260.7,ENST00000571428.5,4710744-4715013;4715043-4715973,4710744-4715973,,,,,,,,
chr17:clu_19576,1/2,ARRB2,human,transcript_not_chosen,ENST00000269260.7,ENST00000574954.5,4710744-4715013;4715043-4715973,4710744-4715973,,,,,,,,
chr17:clu_19576,1/2,ARRB2,human,transcript_not_chosen,ENST00000269260.7,ENST00000575131.5,4710744-4715013;4715043-4715973,4710744-4715973,,,,,,,,
chr17:clu_19576,1/2,ARRB2,human,transcript_not_chosen,ENST00000269260.7,ENST00000576235.1,4710744-4715013;4715043-4715973,4710744-4715973,,,,,,,,
chr17:clu_19576,1/2,ARRB2,human,transcript_not_chosen,ENST00000269260.7,NM_001330064.2,4710744-4715013;4715043-4715973,4710744-4715973,,,,,,,,
chr17:clu_19576,1/2,ARRB2,human,transcript_not_chosen,ENST00000269260.7,XM_024450752.2,4710744-4715013;4715043-4715973,4710744-4715973,,,,,,,,
chr17:clu_19576,2/2,ARRB2,human,transcript_not_chosen,ENST00000269260.7,ENST00000570718.5,4710744-4715013;4715043-4715973,4710744-4715013;4715336-4715973,,,,,,,,
chr17:clu_19576,2/2,ARRB2,human,transcript_not_chosen,ENST00000269260.7,ENST00000572497.5,4710744-4715013;4715043-4715973,4710744-4715013;4715336-4715973,,,,,,,,
chr22:clu_6811,,DDX17,human,novel_junction,ENST00000403230.3,,38488115-38492056,38488115-38489223,,,,,,,,
chr22:clu_6811,,DDX17,human,no_unique_junctions,ENST00000403230.3,ENST00000396821.8,38488115-38492056,38488115-38492056,,,,,,,,
chr22:clu_6811,,DDX17,human,transcript_doesnt_have_junctions,ENST00000403230.3,ENST00000431312.2,38488115-38492056,,,,,,,,,
chr22:clu_6811,,DDX17,human,transcript_doesnt_have_junctions,ENST00000403230.3,ENST00000216019.11,38488115-38492056,,,,,,,,,
chr22:clu_6811,,DDX17,human,transcript_doesnt_have_junctions,ENST00000403230.3,ENST00000497196.5,38488115-38492056,,,,,,,,,
chr22:clu_6811,,DDX17,human,transcript_doesnt_have_junctions,ENST00000403230.3,ENST00000477112.1,38488115-38492056,,,,,,,,,
chr22:clu_6811,,DDX17,human,transcript_doesnt_have_junctions,ENST00000403230.3,ENST00000467279.1,38488115-38492056,,,,,,,,,
chr22:clu_6811,,DDX17,human,transcript_doesnt_have_junctions,ENST00000403230.3,ENST00000479734.1,38488115-38492056,,,,,,,,,
chr19:clu_13847,,SNRNP70,human,no_unique_junctions,ENST00000598441.6,ENST00000221448.9,49101471-49104634,49101471-49104634,,,,,,,,
chr19:clu_13847,,SNRNP70,human,no_unique_junctions,ENST00000598441.6,XM_011527240.3,49101471-49104634,49101471-49104634,,,,,,,,
chr19:clu_13847,,SNRNP70,human,transcript_doesnt_have_junctions,ENST00000598441.6,ENST00000597936.5,49101471-49104634,,,,,,,,,
chr19:clu_13847,,SNRNP70,human,transcript_doesnt_have_junctions,ENST00000598441.6,ENST00000599687.1,49101471-49104634,,,,,,,,,
chr19:clu_13847,,SNRNP70,human,transcript_doesnt_have_junctions,ENST00000598441.6,ENST00000544278.2,49101471-49104634,,,,,,,,,
chr19:clu_13847,,SNRNP70,human,no_unique_junctions,ENST00000598441.6,ENST00000917203.1,49101471-49104634,49101471-49104634,,,,,,,,
chr19:clu_13847,,SNRNP70,human,no_unique_junctions,ENST00000598441.6,ENST00000917204.1,49101471-49104634,49101471-49104634,,,,,,,,
chr19:clu_13847,,SNRNP70,human,no_unique_junctions,ENST00000598441.6,ENST00000917205.1,49101471-49104634,49101471-49104634,,,,,,,,
chr19:clu_13847,,SNRNP70,human,transcript_doesnt_have_junctions,ENST00000598441.6,ENST00000917206.1,49101471-49104634,,,,,,,,,
chr19:clu_13847,,SNRNP70,human,no_unique_junctions,ENST00000598441.6,ENST00000917207.1,49101471-49104634,49101471-49104634,,,,,,,,
chr19:clu_13847,,SNRNP70,human,no_unique_junctions,ENST00000598441.6,ENST00000948669.1,49101471-49104634,49101471-49104634,,,,,,,,
chr19:clu_13847,,SNRNP70,human,transcript_doesnt_have_junctions,ENST00000598441.6,ENST00000868104.1,49101471-49104634,,,,,,,,,
chr19:clu_13847,,SNRNP70,human,no_unique_junctions,ENST00000598441.6,ENST00000868103.1,49101471-49104634,49101471-49104634,,,,,,,,
chr19:clu_13847,,SNRNP70,human,no_unique_junctions,ENST00000598441.6,ENST00000917208.1,49101471-49104634,49101471-49104634,,,,,,,,
chr19:clu_13847,,SNRNP70,human,no_unique_junctions,ENST00000598441.6,ENST00000917211.1,49101471-49104634,49101471-49104634,,,,,,,,
chr19:clu_13847,,SNRNP70,human,no_unique_junctions,ENST00000598441.6,ENST00000917209.1,49101471-49104634,49101471-49104634,,,,,,,,
chr19:clu_13847,,SNRNP70,human,no_unique_junctions,ENST00000598441.6,ENST00000917210.1,49101471-49104634,49101471-49104634,,,,,,,,
chr19:clu_13847,,SNRNP70,human,no_unique_junctions,ENST00000598441.6,ENST00000917212.1,49101471-49104634,49101471-49104634,,,,,,,,
chr19:clu_13847,,SNRNP70,human,no_unique_junctions,ENST00000598441.6,ENST00000917213.1,49101471-49104634,49101471-49104634,,,,,,,,
chr19:clu_13847,,SNRNP70,human,no_unique_junctions,ENST00000598441.6,ENST00000917214.1,49101471-49104634,49101471-49104634,,,,,,,,
chr19:clu_13847,,SNRNP70,human,no_unique_junctions,ENST00000598441.6,ENST00000917215.1,49101471-49104634,49101471-49104634,,,,,,,,
chr19:clu_13847,,SNRNP70,human,no_unique_junctions,ENST00000598441.6,ENST00000917216.1,49101471-49104634,49101471-49104634,,,,,,,,
chr19:clu_13847,,SNRNP70,human,transcript_doesnt_have_junctions,ENST00000598441.6,ENST00000868105.1,49101471-49104634,,,,,,,,,
chr19:clu_13847,,SNRNP70,human,transcript_doesnt_have_junctions,ENST00000598441.6,ENST00000601411.1,49101471-49104634,,,,,,,,,
chr19:clu_13847,,SNRNP70,human,subsumed_by_larger_group,ENST00000598441.6,XM_047439252.1,49101471-49104634,49102173-49104634,,,,,,,,
chr19:clu_13847,,SNRNP70,human,subsumed_by_larger_group,ENST00000598441.6,ENST00000948670.1,49101471-49104634,49103587-49104634,,,,,,,,
chr19:clu_13847,,SNRNP70,human,subsumed_by_larger_group,ENST00000598441.6,XM_011527241.3,49101471-49104634,49103587-49104634,,,,,,,,
chr19:clu_13847,,SNRNP70,human,subsumed_by_larger_group,ENST00000598441.6,ENST00000595231.5,49101471-49104634,49101471-49102114,,,,,,,,
chr19:clu_13847,,SNRNP70,human,subsumed_by_larger_group,ENST00000598441.6,ENST00000598984.5,49101471-49104634,49101471-49102114,,,,,,,,
chr1:clu_3994,,PTPRC,human,no_unique_junctions,ENST00000442510.8,XM_047426381.1,198692373-198696712;198696909-198699564;198699704-198702387;198702530-198703298,198692373-198696712;198696909-198699564;198699704-198702387;198702530-198703298,,,,,,,,
chr1:clu_3994,,PTPRC,human,no_unique_junctions,ENST00000442510.8,ENST00000697631.1,198692373-198696712;198696909-198699564;198699704-198702387;198702530-198703298,198692373-198696712,,,,,,,,
chr1:clu_3994,,PTPRC,human,transcript_doesnt_have_junctions,ENST00000442510.8,XM_047426420.1,198692373-198696712;198696909-198699564;198699704-198702387;198702530-198703298,,,,,,,,,
chr1:clu_3994,,PTPRC,human,transcript_doesnt_have_junctions,ENST00000442510.8,XM_047426417.1,198692373-198696712;198696909-198699564;198699704-198702387;198702530-198703298,,,,,,,,,
chr1:clu_3994,,PTPRC,human,no_unique_junctions,ENST00000442510.8,ENST00000484135.1,198692373-198696712;198696909-198699564;198699704-198702387;198702530-198703298,198696909-198699564,,,,,,,,
chr1:clu_3994,,PTPRC,human,transcript_doesnt_have_junctions,ENST00000442510.8,ENST00000491302.2,198692373-198696712;198696909-198699564;198699704-198702387;198702530-198703298,,,,,,,,,
chr1:clu_3994,,PTPRC,human,transcript_doesnt_have_junctions,ENST00000442510.8,ENST00000697634.1,198692373-198696712;198696909-198699564;198699704-198702387;198702530-198703298,,,,,,,,,
chr1:clu_3994,,PTPRC,human,transcript_doesnt_have_junctions,ENST00000442510.8,ENST00000697635.1,198692373-198696712;198696909-198699564;198699704-198702387;198702530-198703298,,,,,,,,,
chr1:clu_3994,,PTPRC,human,transcript_doesnt_have_junctions,ENST00000442510.8,ENST00000646230.1,198692373-198696712;198696909-198699564;198699704-198702387;198702530-198703298,,,,,,,,,
chr1:clu_3994,,PTPRC,human,transcript_doesnt_have_junctions,ENST00000442510.8,ENST00000367364.5,198692373-198696712;198696909-198699564;198699704-198702387;198702530-198703298,,,,,,,,,
chr1:clu_3994,,PTPRC,human,no_unique_junctions,ENST00000442510.8,ENST00000418674.1,198692373-198696712;198696909-198699564;198699704-198702387;198702530-198703298,198692373-198696712;198696909-198699564,,,,,,,,
chr1:clu_3994,,PTPRC,human,transcript_doesnt_have_junctions,ENST00000442510.8,ENST00000697633.1,198692373-198696712;198696909-198699564;198699704-198702387;198702530-198703298,,,,,,,,,
chr1:clu_3994,,PTPRC,human,subsumed_by_larger_group,ENST00000442510.8,ENST00000367367.8,198692373-198696712;198696909-198699564;198699704-198702387;198702530-198703298,198692373-198699564;198699704-198702387;198702530-198703298,,,,,,,,
chr1:clu_3994,,PTPRC,human,subsumed_by_larger_group,ENST00000442510.8,ENST00000391970.3,198692373-198696712;198696909-198699564;198699704-198702387;198702530-198703298,198692373-198699564;198699704-198702387;198702530-198703298,,,,,,,,
chr1:clu_3994,,PTPRC,human,subsumed_by_larger_group,ENST00000442510.8,XM_006711473.4,198692373-198696712;198696909-198699564;198699704-198702387;198702530-198703298,198692373-198699564;198699704-198702387;198702530-198703298,,,,,,,,
chr1:clu_3994,,PTPRC,human,subsumed_by_larger_group,ENST00000442510.8,XM_047426398.1,198692373-198696712;198696909-198699564;198699704-198702387;198702530-198703298,198692373-198699564;198699704-198702387;198702530-198703298,,,,,,,,
chr1:clu_3994,,PTPRC,human,subsumed_by_larger_group,ENST00000442510.8,ENST00000529828.5,198692373-198696712;198696909-198699564;198699704-198702387;198702530-198703298,198692373-198696712;198696909-198699564;198699704-198703298,,,,,,,,
chr1:clu_3994,,PTPRC,human,subsumed_by_larger_group,ENST00000442510.8,XM_006711472.5,198692373-198696712;198696909-198699564;198699704-198702387;198702530-198703298,198692373-198696712;198696909-198699564;198699704-198703298,,,,,,,,
chr1:clu_3994,,PTPRC,human,subsumed_by_larger_group,ENST00000442510.8,ENST00000413409.6,198692373-198696712;198696909-198699564;198699704-198702387;198702530-198703298,198692373-198694018,,,,,,,,
chr1:clu_3994,2/3,PTPRC,human,transcript_not_chosen,ENST00000442510.8,ENST00000427110.6,198692373-198696712;198696909-198699564;198699704-198702387;198702530-198703298,198692373-198699564;198699704-198703298,,,,,,,,
chr1:clu_3994,2/3,PTPRC,human,transcript_not_chosen,ENST00000442510.8,ENST00000462363.6,198692373-198696712;198696909-198699564;198699704-198702387;198702530-198703298,198692373-198699564;198699704-198703298,,,,,,,,
chr1:clu_3994,2/3,PTPRC,human,transcript_not_chosen,ENST00000442510.8,ENST00000530727.5,198692373-198696712;198696909-198699564;198699704-198702387;198702530-198703298,198692373-198699564;198699704-198703298,,,,,,,,
chr1:clu_3994,2/3,PTPRC,human,transcript_not_chosen,ENST00000442510.8,ENST00000643513.1,198692373-198696712;198696909-198699564;198699704-198702387;198702530-198703298,198692373-198699564;198699704-198703298,,,,,,,,
chr1:clu_3994,2/3,PTPRC,human,transcript_not_chosen,ENST00000442510.8,ENST00000970625.1,198692373-198696712;198696909-198699564;198699704-198702387;198702530-198703298,198692373-198699564;198699704-198703298,,,,,,,,
chr1:clu_3994,2/3,PTPRC,human,transcript_not_chosen,ENST00000442510.8,XM_047426409.1,198692373-198696712;198696909-198699564;198699704-198702387;198702530-198703298,198692373-198699564;198699704-198703298,,,,,,,,
chr1:clu_3994,3/3,PTPRC,human,transcript_not_chosen,ENST00000442510.8,ENST00000348564.12,198692373-198696712;198696909-198699564;198699704-198702387;198702530-198703298,198692373-198703298,,,,,,,,
chr1:clu_3994,3/3,PTPRC,human,transcript_not_chosen,ENST00000442510.8,ENST00000367379.6,198692373-198696712;198696909-198699564;198699704-198702387;198702530-198703298,198692373-198703298,,,,,,,,
chr1:clu_3994,3/3,PTPRC,human,transcript_not_chosen,ENST00000442510.8,ENST00000697630.1,198692373-198696712;198696909-198699564;198699704-198702387;198702530-198703298,198692373-198703298,,,,,,,,
chr1:clu_3994,3/3,PTPRC,human,transcript_not_chosen,ENST00000442510.8,ENST00000697632.1,198692373-198696712;198696909-198699564;198699704-198702387;198702530-198703298,198692373-198703298,,,,,,,,
chr1:clu_3994,3/3,PTPRC,human,transcript_not_chosen,ENST00000442510.8,ENST00000908298.1,198692373-198696712;198696909-198699564;198699704-198702387;198702530-198703298,198692373-198703298,,,,,,,,
chr1:clu_3994,3/3,PTPRC,human,transcript_not_chosen,ENST00000442510.8,ENST00000908299.1,198692373-198696712;198696909-198699564;198699704-198702387;198702530-198703298,198692373-198703298,,,,,,,,
chr1:clu_3994,3/3,PTPRC,human,transcript_not_chosen,ENST00000442510.8,ENST00000970623.1,198692373-198696712;198696909-198699564;198699704-198702387;198702530-198703298,198692373-198703298,,,,,,,,
chr1:clu_3994,3/3,PTPRC,human,transcript_not_chosen,ENST00000442510.8,ENST00000970624.1,198692373-198696712;198696909-198699564;198699704-198702387;198702530-198703298,198692373-198703298,,,,,,,,
chr4:clu_19007,,SEC31A,human,no_unique_junctions,ENST00000395310.7,ENST00000355196.6,82857764-82861631;82862572-82863318,82857764-82861631;82862572-82863318,,,,,,,,
chr4:clu_19007,,SEC31A,human,no_unique_junctions,ENST00000395310.7,ENST00000443462.6,82857764-82861631;82862572-82863318,82857764-82861631;82862572-82863318,,,,,,,,
chr4:clu_19007,,SEC31A,human,no_unique_junctions,ENST00000395310.7,ENST00000854379.1,82857764-82861631;82862572-82863318,82857764-82861631;82862572-82863318,,,,,,,,
chr4:clu_19007,,SEC31A,human,no_unique_junctions,ENST00000395310.7,ENST00000311785.11,82857764-82861631;82862572-82863318,82857764-82861631;82862572-82863318,,,,,,,,
chr4:clu_19007,,SEC31A,human,no_unique_junctions,ENST00000395310.7,ENST00000508502.5,82857764-82861631;82862572-82863318,82857764-82861631;82862572-82863318,,,,,,,,
chr4:clu_19007,,SEC31A,human,no_unique_junctions,ENST00000395310.7,NM_001400212.1,82857764-82861631;82862572-82863318,82857764-82861631;82862572-82863318,,,,,,,,
chr4:clu_19007,,SEC31A,human,no_unique_junctions,ENST00000395310.7,NM_001400214.1,82857764-82861631;82862572-82863318,82857764-82861631;82862572-82863318,,,,,,,,
chr4:clu_19007,,SEC31A,human,no_unique_junctions,ENST00000395310.7,NM_001400205.1,82857764-82861631;82862572-82863318,82857764-82861631,,,,,,,,
chr4:clu_19007,,SEC31A,human,no_unique_junctions,ENST00000395310.7,NM_001400184.1,82857764-82861631;82862572-82863318,82857764-82861631,,,,,,,,
chr4:clu_19007,,SEC31A,human,no_unique_junctions,ENST00000395310.7,NM_001400221.1,82857764-82861631;82862572-82863318,82862572-82863318,,,,,,,,
chr4:clu_19007,,SEC31A,human,no_unique_junctions,ENST00000395310.7,NM_001400210.1,82857764-82861631;82862572-82863318,82862572-82863318,,,,,,,,
chr4:clu_19007,,SEC31A,human,no_unique_junctions,ENST00000395310.7,ENST00000922804.1,82857764-82861631;82862572-82863318,82862572-82863318,,,,,,,,
chr4:clu_19007,,SEC31A,human,no_unique_junctions,ENST00000395310.7,NM_001400197.1,82857764-82861631;82862572-82863318,82862572-82863318,,,,,,,,
chr4:clu_19007,,SEC31A,human,no_unique_junctions,ENST00000395310.7,NM_001400180.1,82857764-82861631;82862572-82863318,82862572-82863318,,,,,,,,
chr4:clu_19007,,SEC31A,human,no_unique_junctions,ENST00000395310.7,NM_001400219.1,82857764-82861631;82862572-82863318,82857764-82861631;82862572-82863318,,,,,,,,
chr4:clu_19007,,SEC31A,human,no_unique_junctions,ENST00000395310.7,ENST00000509142.5,82857764-82861631;82862572-82863318,82857764-82861631;82862572-82863318,,,,,,,,
chr4:clu_19007,,SEC31A,human,no_unique_junctions,ENST00000395310.7,NM_001400208.1,82857764-82861631;82862572-82863318,82857764-82861631;82862572-82863318,,,,,,,,
chr4:clu_19007,,SEC31A,human,no_unique_junctions,ENST00000395310.7,ENST00000448323.5,82857764-82861631;82862572-82863318,82857764-82861631;82862572-82863318,,,,,,,,
chr4:clu_19007,,SEC31A,human,no_unique_junctions,ENST00000395310.7,NM_001400157.1,82857764-82861631;82862572-82863318,82857764-82861631;82862572-82863318,,,,,,,,
chr4:clu_19007,,SEC31A,human,no_unique_junctions,ENST00000395310.7,ENST00000854391.1,82857764-82861631;82862572-82863318,82857764-82861631;82862572-82863318,,,,,,,,
chr4:clu_19007,,SEC31A,human,no_unique_junctions,ENST00000395310.7,ENST00000505472.5,82857764-82861631;82862572-82863318,82857764-82861631;82862572-82863318,,,,,,,,
chr4:clu_19007,,SEC31A,human,no_unique_junctions,ENST00000395310.7,NM_001400224.1,82857764-82861631;82862572-82863318,82857764-82861631;82862572-82863318,,,,,,,,
chr4:clu_19007,,SEC31A,human,no_unique_junctions,ENST00000395310.7,NM_001400216.1,82857764-82861631;82862572-82863318,82857764-82861631,,,,,,,,
chr4:clu_19007,,SEC31A,human,no_unique_junctions,ENST00000395310.7,NM_001400204.1,82857764-82861631;82862572-82863318,82857764-82861631,,,,,,,,
chr4:clu_19007,,SEC31A,human,no_unique_junctions,ENST00000395310.7,NM_001400186.1,82857764-82861631;82862572-82863318,82857764-82861631,,,,,,,,
chr4:clu_19007,,SEC31A,human,no_unique_junctions,ENST00000395310.7,NM_001400165.1,82857764-82861631;82862572-82863318,82857764-82861631,,,,,,,,
chr4:clu_19007,,SEC31A,human,no_unique_junctions,ENST00000395310.7,NM_001400162.1,82857764-82861631;82862572-82863318,82857764-82861631,,,,,,,,
chr4:clu_19007,,SEC31A,human,no_unique_junctions,ENST00000395310.7,NM_001400222.1,82857764-82861631;82862572-82863318,82862572-82863318,,,,,,,,
chr4:clu_19007,,SEC31A,human,no_unique_junctions,ENST00000395310.7,NM_001400211.1,82857764-82861631;82862572-82863318,82862572-82863318,,,,,,,,
chr4:clu_19007,,SEC31A,human,no_unique_junctions,ENST00000395310.7,NM_001400200.1,82857764-82861631;82862572-82863318,82862572-82863318,,,,,,,,
chr4:clu_19007,,SEC31A,human,no_unique_junctions,ENST00000395310.7,NM_001400188.1,82857764-82861631;82862572-82863318,82862572-82863318,,,,,,,,
chr4:clu_19007,,SEC31A,human,no_unique_junctions,ENST00000395310.7,NM_001400220.1,82857764-82861631;82862572-82863318,82857764-82861631;82862572-82863318,,,,,,,,
chr4:clu_19007,,SEC31A,human,no_unique_junctions,ENST00000395310.7,ENST00000508479.5,82857764-82861631;82862572-82863318,82857764-82861631;82862572-82863318,,,,,,,,
chr4:clu_19007,,SEC31A,human,no_unique_junctions,ENST00000395310.7,NM_001400194.1,82857764-82861631;82862572-82863318,82857764-82861631;82862572-82863318,,,,,,,,
chr4:clu_19007,,SEC31A,human,no_unique_junctions,ENST00000395310.7,NM_001400159.1,82857764-82861631;82862572-82863318,82857764-82861631;82862572-82863318,,,,,,,,
chr4:clu_19007,,SEC31A,human,no_unique_junctions,ENST00000395310.7,ENST00000854394.1,82857764-82861631;82862572-82863318,82857764-82861631;82862572-82863318,,,,,,,,
chr4:clu_19007,,SEC31A,human,no_unique_junctions,ENST00000395310.7,ENST00000854381.1,82857764-82861631;82862572-82863318,82857764-82861631;82862572-82863318,,,,,,,,
chr4:clu_19007,,SEC31A,human,no_unique_junctions,ENST00000395310.7,NM_001400154.1,82857764-82861631;82862572-82863318,82857764-82861631;82862572-82863318,,,,,,,,
chr4:clu_19007,,SEC31A,human,no_unique_junctions,ENST00000395310.7,NM_001400206.1,82857764-82861631;82862572-82863318,82857764-82861631,,,,,,,,
chr4:clu_19007,,SEC31A,human,no_unique_junctions,ENST00000395310.7,NM_001400203.1,82857764-82861631;82862572-82863318,82862572-82863318,,,,,,,,
chr4:clu_19007,,SEC31A,human,no_unique_junctions,ENST00000395310.7,NM_001400160.1,82857764-82861631;82862572-82863318,82862572-82863318,,,,,,,,
chr4:clu_19007,,SEC31A,human,no_unique_junctions,ENST00000395310.7,ENST00000854402.1,82857764-82861631;82862572-82863318,82857764-82861631;82862572-82863318,,,,,,,,
chr4:clu_19007,,SEC31A,human,no_unique_junctions,ENST00000395310.7,ENST00000854405.1,82857764-82861631;82862572-82863318,82857764-82861631;82862572-82863318,,,,,,,,
chr4:clu_19007,,SEC31A,human,no_unique_junctions,ENST00000395310.7,NM_001400158.1,82857764-82861631;82862572-82863318,82857764-82861631;82862572-82863318,,,,,,,,
chr4:clu_19007,,SEC31A,human,no_unique_junctions,ENST00000395310.7,NM_001400193.1,82857764-82861631;82862572-82863318,82857764-82861631;82862572-82863318,,,,,,,,
chr4:clu_19007,,SEC31A,human,no_unique_junctions,ENST00000395310.7,NM_001400190.1,82857764-82861631;82862572-82863318,82857764-82861631;82862572-82863318,,,,,,,,
chr4:clu_19007,,SEC31A,human,transcript_doesnt_have_junctions,ENST00000395310.7,ENST00000505479.1,82857764-82861631;82862572-82863318,,,,,,,,,
chr4:clu_19007,,SEC31A,human,transcript_doesnt_have_junctions,ENST00000395310.7,ENST00000514362.5,82857764-82861631;82862572-82863318,,,,,,,,,
chr4:clu_19007,,SEC31A,human,transcript_doesnt_have_junctions,ENST00000395310.7,ENST00000515749.1,82857764-82861631;82862572-82863318,,,,,,,,,
chr4:clu_19007,,SEC31A,human,transcript_doesnt_have_junctions,ENST00000395310.7,ENST00000509691.1,82857764-82861631;82862572-82863318,,,,,,,,,
chr4:clu_19007,,SEC31A,human,transcript_doesnt_have_junctions,ENST00000395310.7,ENST00000503226.5,82857764-82861631;82862572-82863318,,,,,,,,,
chr4:clu_19007,,SEC31A,human,no_unique_junctions,ENST00000395310.7,ENST00000512732.1,82857764-82861631;82862572-82863318,82857764-82861631,,,,,,,,
chr4:clu_19007,,SEC31A,human,no_unique_junctions,ENST00000395310.7,ENST00000951355.1,82857764-82861631;82862572-82863318,82857764-82861631;82862572-82863318,,,,,,,,
chr4:clu_19007,,SEC31A,human,no_unique_junctions,ENST00000395310.7,ENST00000951354.1,82857764-82861631;82862572-82863318,82857764-82861631;82862572-82863318,,,,,,,,
chr4:clu_19007,,SEC31A,human,transcript_doesnt_have_junctions,ENST00000395310.7,ENST00000503937.5,82857764-82861631;82862572-82863318,,,,,,,,,
chr4:clu_19007,,SEC31A,human,no_unique_junctions,ENST00000395310.7,ENST00000854406.1,82857764-82861631;82862572-82863318,82857764-82861631;82862572-82863318,,,,,,,,
chr4:clu_19007,,SEC31A,human,no_unique_junctions,ENST00000395310.7,ENST00000951367.1,82857764-82861631;82862572-82863318,82857764-82861631;82862572-82863318,,,,,,,,
chr4:clu_19007,,SEC31A,human,no_unique_junctions,ENST00000395310.7,ENST00000922807.1,82857764-82861631;82862572-82863318,82857764-82861631;82862572-82863318,,,,,,,,
chr4:clu_19007,,SEC31A,human,no_unique_junctions,ENST00000395310.7,ENST00000854397.1,82857764-82861631;82862572-82863318,82857764-82861631;82862572-82863318,,,,,,,,
chr4:clu_19007,,SEC31A,human,no_unique_junctions,ENST00000395310.7,ENST00000854392.1,82857764-82861631;82862572-82863318,82857764-82861631;82862572-82863318,,,,,,,,
chr4:clu_19007,,SEC31A,human,no_unique_junctions,ENST00000395310.7,ENST00000951360.1,82857764-82861631;82862572-82863318,82857764-82861631;82862572-82863318,,,,,,,,
chr4:clu_19007,,SEC31A,human,transcript_doesnt_have_junctions,ENST00000395310.7,ENST00000922805.1,82857764-82861631;82862572-82863318,,,,,,,,,
chr4:clu_19007,,SEC31A,human,no_unique_junctions,ENST00000395310.7,ENST00000854382.1,82857764-82861631;82862572-82863318,82857764-82861631;82862572-82863318,,,,,,,,
chr4:clu_19007,,SEC31A,human,no_unique_junctions,ENST00000395310.7,ENST00000951369.1,82857764-82861631;82862572-82863318,82857764-82861631;82862572-82863318,,,,,,,,
chr4:clu_19007,,SEC31A,human,no_unique_junctions,ENST00000395310.7,ENST00000951368.1,82857764-82861631;82862572-82863318,82857764-82861631;82862572-82863318,,,,,,,,
chr4:clu_19007,,SEC31A,human,no_unique_junctions,ENST00000395310.7,ENST00000951366.1,82857764-82861631;82862572-82863318,82857764-82861631;82862572-82863318,,,,,,,,
chr4:clu_19007,,SEC31A,human,no_unique_junctions,ENST00000395310.7,ENST00000951364.1,82857764-82861631;82862572-82863318,82857764-82861631;82862572-82863318,,,,,,,,
chr4:clu_19007,,SEC31A,human,no_unique_junctions,ENST00000395310.7,ENST00000951363.1,82857764-82861631;82862572-82863318,82857764-82861631;82862572-82863318,,,,,,,,
chr4:clu_19007,,SEC31A,human,no_unique_junctions,ENST00000395310.7,ENST00000951359.1,82857764-82861631;82862572-82863318,82857764-82861631;82862572-82863318,,,,,,,,
chr4:clu_19007,,SEC31A,human,no_unique_junctions,ENST00000395310.7,ENST00000951358.1,82857764-82861631;82862572-82863318,82857764-82861631;82862572-82863318,,,,,,,,
chr4:clu_19007,,SEC31A,human,no_unique_junctions,ENST00000395310.7,ENST00000854407.1,82857764-82861631;82862572-82863318,82857764-82861631;82862572-82863318,,,,,,,,
chr4:clu_19007,,SEC31A,human,no_unique_junctions,ENST00000395310.7,ENST00000854401.1,82857764-82861631;82862572-82863318,82857764-82861631;82862572-82863318,,,,,,,,
chr4:clu_19007,,SEC31A,human,no_unique_junctions,ENST00000395310.7,ENST00000854400.1,82857764-82861631;82862572-82863318,82857764-82861631;82862572-82863318,,,,,,,,
chr4:clu_19007,,SEC31A,human,no_unique_junctions,ENST00000395310.7,ENST00000951370.1,82857764-82861631;82862572-82863318,82857764-82861631;82862572-82863318,,,,,,,,
chr4:clu_19007,,SEC31A,human,transcript_doesnt_have_junctions,ENST00000395310.7,ENST00000951362.1,82857764-82861631;82862572-82863318,,,,,,,,,
chr4:clu_19007,,SEC31A,human,no_unique_junctions,ENST00000395310.7,ENST00000951361.1,82857764-82861631;82862572-82863318,82857764-82861631;82862572-82863318,,,,,,,,
chr4:clu_19007,,SEC31A,human,no_unique_junctions,ENST00000395310.7,ENST00000854408.1,82857764-82861631;82862572-82863318,82857764-82861631;82862572-82863318,,,,,,,,
chr4:clu_19007,,SEC31A,human,no_unique_junctions,ENST00000395310.7,ENST00000854409.1,82857764-82861631;82862572-82863318,82857764-82861631;82862572-82863318,,,,,,,,
chr4:clu_19007,,SEC31A,human,no_unique_junctions,ENST00000395310.7,ENST00000854410.1,82857764-82861631;82862572-82863318,82857764-82861631;82862572-82863318,,,,,,,,
chr4:clu_19007,,SEC31A,human,transcript_doesnt_have_junctions,ENST00000395310.7,ENST00000515062.5,82857764-82861631;82862572-82863318,,,,,,,,,
chr4:clu_19007,,SEC31A,human,transcript_doesnt_have_junctions,ENST00000395310.7,ENST00000951374.1,82857764-82861631;82862572-82863318,,,,,,,,,
chr4:clu_19007,,SEC31A,human,no_unique_junctions,ENST00000395310.7,ENST00000854413.1,82857764-82861631;82862572-82863318,82857764-82861631;82862572-82863318,,,,,,,,
chr4:clu_19007,,SEC31A,human,transcript_doesnt_have_junctions,ENST00000395310.7,ENST00000511338.1,82857764-82861631;82862572-82863318,,,,,,,,,
chr4:clu_19007,,SEC31A,human,no_unique_junctions,ENST00000395310.7,ENST00000507828.5,82857764-82861631;82862572-82863318,82862572-82863318,,,,,,,,
chr4:clu_19007,,SEC31A,human,no_unique_junctions,ENST00000395310.7,ENST00000510167.1,82857764-82861631;82862572-82863318,82857764-82861631,,,,,,,,
chr4:clu_19007,,SEC31A,human,transcript_doesnt_have_junctions,ENST00000395310.7,ENST00000503058.5,82857764-82861631;82862572-82863318,,,,,,,,,
chr4:clu_19007,,SEC31A,human,transcript_doesnt_have_junctions,ENST00000395310.7,ENST00000507816.5,82857764-82861631;82862572-82863318,,,,,,,,,
chr4:clu_19007,,SEC31A,human,transcript_doesnt_have_junctions,ENST00000395310.7,ENST00000514326.5,82857764-82861631;82862572-82863318,,,,,,,,,
chr4:clu_19007,,SEC31A,human,transcript_doesnt_have_junctions,ENST00000395310.7,ENST00000513323.5,82857764-82861631;82862572-82863318,,,,,,,,,
chr4:clu_19007,,SEC31A,human,transcript_doesnt_have_junctions,ENST00000395310.7,ENST00000507340.5,82857764-82861631;82862572-82863318,,,,,,,,,
chr4:clu_19007,,SEC31A,human,transcript_doesnt_have_junctions,ENST00000395310.7,ENST00000503210.5,82857764-82861631;82862572-82863318,,,,,,,,,
chr4:clu_19007,,SEC31A,human,transcript_doesnt_have_junctions,ENST00000395310.7,ENST00000505434.5,82857764-82861631;82862572-82863318,,,,,,,,,
chr4:clu_19007,,SEC31A,human,transcript_doesnt_have_junctions,ENST00000395310.7,ENST00000507676.5,82857764-82861631;82862572-82863318,,,,,,,,,
chr4:clu_19007,,SEC31A,human,transcript_doesnt_have_junctions,ENST00000395310.7,ENST00000506495.5,82857764-82861631;82862572-82863318,,,,,,,,,
chr4:clu_19007,,SEC31A,human,transcript_doesnt_have_junctions,ENST00000395310.7,ENST00000507051.1,82857764-82861631;82862572-82863318,,,,,,,,,
chr4:clu_19007,,SEC31A,human,transcript_doesnt_have_junctions,ENST00000395310.7,ENST00000436790.6,82857764-82861631;82862572-82863318,,,,,,,,,
chr4:clu_19007,,SEC31A,human,transcript_doesnt_have_junctions,ENST00000395310.7,ENST00000511975.5,82857764-82861631;82862572-82863318,,,,,,,,,
chr4:clu_19007,,SEC31A,human,transcript_doesnt_have_junctions,ENST00000395310.7,ENST00000507867.5,82857764-82861631;82862572-82863318,,,,,,,,,
chr4:clu_19007,,SEC31A,human,transcript_doesnt_have_junctions,ENST00000395310.7,ENST00000506497.5,82857764-82861631;82862572-82863318,,,,,,,,,
chr4:clu_19007,,SEC31A,human,transcript_doesnt_have_junctions,ENST00000395310.7,ENST00000510310.1,82857764-82861631;82862572-82863318,,,,,,,,,
chr4:clu_19007,1/1,SEC31A,human,transcript_not_chosen,ENST00000395310.7,ENST00000264405.9,82857764-82861631;82862572-82863318,82857764-82863318,,,,,,,,
chr4:clu_19007,1/1,SEC31A,human,transcript_not_chosen,ENST00000395310.7,ENST00000348405.8,82857764-82861631;82862572-82863318,82857764-82863318,,,,,,,,
chr4:clu_19007,1/1,SEC31A,human,transcript_not_chosen,ENST00000395310.7,ENST00000500777.6,82857764-82861631;82862572-82863318,82857764-82863318,,,,,,,,
chr4:clu_19007,1/1,SEC31A,human,transcript_not_chosen,ENST00000395310.7,ENST00000505984.5,82857764-82861631;82862572-82863318,82857764-82863318,,,,,,,,
chr4:clu_19007,1/1,SEC31A,human,transcript_not_chosen,ENST00000395310.7,ENST00000512664.5,82857764-82861631;82862572-82863318,82857764-82863318,,,,,,,,
chr4:clu_19007,1/1,SEC31A,human,transcript_not_chosen,ENST00000395310.7,ENST00000513858.5,82857764-82861631;82862572-82863318,82857764-82863318,,,,,,,,
chr4:clu_19007,1/1,SEC31A,human,transcript_not_chosen,ENST00000395310.7,ENST00000854377.1,82857764-82861631;82862572-82863318,82857764-82863318,,,,,,,,
chr4:clu_19007,1/1,SEC31A,human,transcript_not_chosen,ENST00000395310.7,ENST00000854378.1,82857764-82861631;82862572-82863318,82857764-82863318,,,,,,,,
chr4:clu_19007,1/1,SEC31A,human,transcript_not_chosen,ENST00000395310.7,ENST00000854380.1,82857764-82861631;82862572-82863318,82857764-82863318,,,,,,,,
chr4:clu_19007,1/1,SEC31A,human,transcript_not_chosen,ENST00000395310.7,ENST00000854383.1,82857764-82861631;82862572-82863318,82857764-82863318,,,,,,,,
chr4:clu_19007,1/1,SEC31A,human,transcript_not_chosen,ENST00000395310.7,ENST00000854384.1,82857764-82861631;82862572-82863318,82857764-82863318,,,,,,,,
chr4:clu_19007,1/1,SEC31A,human,transcript_not_chosen,ENST00000395310.7,ENST00000854385.1,82857764-82861631;82862572-82863318,82857764-82863318,,,,,,,,
chr4:clu_19007,1/1,SEC31A,human,transcript_not_chosen,ENST00000395310.7,ENST00000854386.1,82857764-82861631;82862572-82863318,82857764-82863318,,,,,,,,
chr4:clu_19007,1/1,SEC31A,human,transcript_not_chosen,ENST00000395310.7,ENST00000854387.1,82857764-82861631;82862572-82863318,82857764-82863318,,,,,,,,
chr4:clu_19007,1/1,SEC31A,human,transcript_not_chosen,ENST00000395310.7,ENST00000854388.1,82857764-82861631;82862572-82863318,82857764-82863318,,,,,,,,
chr4:clu_19007,1/1,SEC31A,human,transcript_not_chosen,ENST00000395310.7,ENST00000854389.1,82857764-82861631;82862572-82863318,82857764-82863318,,,,,,,,
chr4:clu_19007,1/1,SEC31A,human,transcript_not_chosen,ENST00000395310.7,ENST00000854390.1,82857764-82861631;82862572-82863318,82857764-82863318,,,,,,,,
chr4:clu_19007,1/1,SEC31A,human,transcript_not_chosen,ENST00000395310.7,ENST00000854393.1,82857764-82861631;82862572-82863318,82857764-82863318,,,,,,,,
chr4:clu_19007,1/1,SEC31A,human,transcript_not_chosen,ENST00000395310.7,ENST00000854395.1,82857764-82861631;82862572-82863318,82857764-82863318,,,,,,,,
chr4:clu_19007,1/1,SEC31A,human,transcript_not_chosen,ENST00000395310.7,ENST00000854396.1,82857764-82861631;82862572-82863318,82857764-82863318,,,,,,,,
chr4:clu_19007,1/1,SEC31A,human,transcript_not_chosen,ENST00000395310.7,ENST00000854398.1,82857764-82861631;82862572-82863318,82857764-82863318,,,,,,,,
chr4:clu_19007,1/1,SEC31A,human,transcript_not_chosen,ENST00000395310.7,ENST00000854399.1,82857764-82861631;82862572-82863318,82857764-82863318,,,,,,,,
chr4:clu_19007,1/1,SEC31A,human,transcript_not_chosen,ENST00000395310.7,ENST00000854403.1,82857764-82861631;82862572-82863318,82857764-82863318,,,,,,,,
chr4:clu_19007,1/1,SEC31A,human,transcript_not_chosen,ENST00000395310.7,ENST00000854404.1,82857764-82861631;82862572-82863318,82857764-82863318,,,,,,,,
chr4:clu_19007,1/1,SEC31A,human,transcript_not_chosen,ENST00000395310.7,ENST00000854411.1,82857764-82861631;82862572-82863318,82857764-82863318,,,,,,,,
chr4:clu_19007,1/1,SEC31A,human,transcript_not_chosen,ENST00000395310.7,ENST00000854412.1,82857764-82861631;82862572-82863318,82857764-82863318,,,,,,,,
chr4:clu_19007,1/1,SEC31A,human,transcript_not_chosen,ENST00000395310.7,ENST00000922801.1,82857764-82861631;82862572-82863318,82857764-82863318,,,,,,,,
chr4:clu_19007,1/1,SEC31A,human,transcript_not_chosen,ENST00000395310.7,ENST00000922802.1,82857764-82861631;82862572-82863318,82857764-82863318,,,,,,,,
chr4:clu_19007,1/1,SEC31A,human,transcript_not_chosen,ENST00000395310.7,ENST00000922803.1,82857764-82861631;82862572-82863318,82857764-82863318,,,,,,,,
chr4:clu_19007,1/1,SEC31A,human,transcript_not_chosen,ENST00000395310.7,ENST00000922806.1,82857764-82861631;82862572-82863318,82857764-82863318,,,,,,,,
chr4:clu_19007,1/1,SEC31A,human,transcript_not_chosen,ENST00000395310.7,ENST00000922808.1,82857764-82861631;82862572-82863318,82857764-82863318,,,,,,,,
chr4:clu_19007,1/1,SEC31A,human,transcript_not_chosen,ENST00000395310.7,ENST00000922809.1,82857764-82861631;82862572-82863318,82857764-82863318,,,,,,,,
chr4:clu_19007,1/1,SEC31A,human,transcript_not_chosen,ENST00000395310.7,ENST00000951356.1,82857764-82861631;82862572-82863318,82857764-82863318,,,,,,,,
chr4:clu_19007,1/1,SEC31A,human,transcript_not_chosen,ENST00000395310.7,ENST00000951357.1,82857764-82861631;82862572-82863318,82857764-82863318,,,,,,,,
chr4:clu_19007,1/1,SEC31A,human,transcript_not_chosen,ENST00000395310.7,ENST00000951365.1,82857764-82861631;82862572-82863318,82857764-82863318,,,,,,,,
chr4:clu_19007,1/1,SEC31A,human,transcript_not_chosen,ENST00000395310.7,ENST00000951371.1,82857764-82861631;82862572-82863318,82857764-82863318,,,,,,,,
chr4:clu_19007,1/1,SEC31A,human,transcript_not_chosen,ENST00000395310.7,ENST00000951372.1,82857764-82861631;82862572-82863318,82857764-82863318,,,,,,,,
chr4:clu_19007,1/1,SEC31A,human,transcript_not_chosen,ENST00000395310.7,ENST00000951373.1,82857764-82861631;82862572-82863318,82857764-82863318,,,,,,,,
chr4:clu_19007,1/1,SEC31A,human,transcript_not_chosen,ENST00000395310.7,ENST00000951375.1,82857764-82861631;82862572-82863318,82857764-82863318,,,,,,,,
chr4:clu_19007,1/1,SEC31A,human,transcript_not_chosen,ENST00000395310.7,NM_001400198.1,82857764-82861631;82862572-82863318,82857764-82863318,,,,,,,,
chr4:clu_19007,1/1,SEC31A,human,transcript_not_chosen,ENST00000395310.7,NM_001400202.1,82857764-82861631;82862572-82863318,82857764-82863318,,,,,,,,
chr4:clu_19007,1/1,SEC31A,human,transcript_not_chosen,ENST00000395310.7,NM_001400215.1,82857764-82861631;82862572-82863318,82857764-82863318,,,,,,,,
chr4:clu_19007,1/1,SEC31A,human,transcript_not_chosen,ENST00000395310.7,NM_001400218.1,82857764-82861631;82862572-82863318,82857764-82863318,,,,,,,,
chr3:clu_11091,,MFSD1,human,no_unique_junctions,ENST00000415822.8,NM_001289406.3,158821653-158821984;158822140-158823428,158821653-158821984;158822140-158823428,,,,,,,,
chr3:clu_11091,,MFSD1,human,no_unique_junctions,ENST00000415822.8,ENST00000651862.1,158821653-158821984;158822140-158823428,158821653-158821984;158822140-158823428,,,,,,,,
chr3:clu_11091,,MFSD1,human,no_unique_junctions,ENST00000415822.8,NM_001289407.3,158821653-158821984;158822140-158823428,158821653-158821984;158822140-158823428,,,,,,,,
chr3:clu_11091,,MFSD1,human,no_unique_junctions,ENST00000415822.8,XM_047448733.1,158821653-158821984;158822140-158823428,158821653-158821984;158822140-158823428,,,,,,,,
chr3:clu_11091,,MFSD1,human,no_unique_junctions,ENST00000415822.8,XM_006713730.3,158821653-158821984;158822140-158823428,158821653-158821984;158822140-158823428,,,,,,,,
chr3:clu_11091,,MFSD1,human,transcript_doesnt_have_junctions,ENST00000415822.8,ENST00000476860.1,158821653-158821984;158822140-158823428,,,,,,,,,
chr3:clu_11091,,MFSD1,human,transcript_doesnt_have_junctions,ENST00000415822.8,ENST00000489639.1,158821653-158821984;158822140-158823428,,,,,,,,,
chr3:clu_11091,,MFSD1,human,no_unique_junctions,ENST00000415822.8,ENST00000465624.5,158821653-158821984;158822140-158823428,158821653-158821984;158822140-158823428,,,,,,,,
chr3:clu_11091,,MFSD1,human,transcript_doesnt_have_junctions,ENST00000415822.8,ENST00000465235.1,158821653-158821984;158822140-158823428,,,,,,,,,
chr3:clu_11091,,MFSD1,human,transcript_doesnt_have_junctions,ENST00000415822.8,ENST00000468409.1,158821653-158821984;158822140-158823428,,,,,,,,,
chr3:clu_11091,,MFSD1,human,transcript_doesnt_have_junctions,ENST00000415822.8,ENST00000486568.5,158821653-158821984;158822140-158823428,,,,,,,,,
chr3:clu_11091,,MFSD1,human,transcript_doesnt_have_junctions,ENST00000415822.8,ENST00000491804.1,158821653-158821984;158822140-158823428,,,,,,,,,
chr3:clu_11091,,MFSD1,human,transcript_doesnt_have_junctions,ENST00000415822.8,ENST00000465739.5,158821653-158821984;158822140-158823428,,,,,,,,,
chr3:clu_11091,,MFSD1,human,no_unique_junctions,ENST00000415822.8,ENST00000392813.8,158821653-158821984;158822140-158823428,158821653-158821984;158822140-158823428,,,,,,,,
chr3:clu_11091,,MFSD1,human,no_unique_junctions,ENST00000415822.8,ENST00000622669.4,158821653-158821984;158822140-158823428,158821653-158821984;158822140-158823428,,,,,,,,
chr3:clu_11091,,MFSD1,human,no_unique_junctions,ENST00000415822.8,ENST00000484166.5,158821653-158821984;158822140-158823428,158821653-158821984;158822140-158823428,,,,,,,,
chr3:clu_11091,,MFSD1,human,no_unique_junctions,ENST00000415822.8,ENST00000893305.1,158821653-158821984;158822140-158823428,158821653-158821984;158822140-158823428,,,,,,,,
chr3:clu_11091,,MFSD1,human,no_unique_junctions,ENST00000415822.8,ENST00000893306.1,158821653-158821984;158822140-158823428,158821653-158821984;158822140-158823428,,,,,,,,
chr3:clu_11091,,MFSD1,human,no_unique_junctions,ENST00000415822.8,ENST00000480292.5,158821653-158821984;158822140-158823428,158821653-158821984;158822140-158823428,,,,,,,,
chr3:clu_11091,,MFSD1,human,no_unique_junctions,ENST00000415822.8,ENST00000945280.1,158821653-158821984;158822140-158823428,158821653-158821984;158822140-158823428,,,,,,,,
chr3:clu_11091,,MFSD1,human,no_unique_junctions,ENST00000415822.8,ENST00000264266.12,158821653-158821984;158822140-158823428,158821653-158821984;158822140-158823428,,,,,,,,
chr3:clu_11091,,MFSD1,human,transcript_doesnt_have_junctions,ENST00000415822.8,ENST00000471266.5,158821653-158821984;158822140-158823428,,,,,,,,,
chr3:clu_11091,,MFSD1,human,no_unique_junctions,ENST00000415822.8,ENST00000893307.1,158821653-158821984;158822140-158823428,158821653-158821984;158822140-158823428,,,,,,,,
chr3:clu_11091,,MFSD1,human,no_unique_junctions,ENST00000415822.8,ENST00000945281.1,158821653-158821984;158822140-158823428,158822140-158823428,,,,,,,,
chr3:clu_11091,,MFSD1,human,no_unique_junctions,ENST00000415822.8,ENST00000471500.5,158821653-158821984;158822140-158823428,158821653-158821984;158822140-158823428,,,,,,,,
chr3:clu_11091,,MFSD1,human,transcript_doesnt_have_junctions,ENST00000415822.8,ENST00000474670.6,158821653-158821984;158822140-158823428,,,,,,,,,
chr3:clu_11091,,MFSD1,human,transcript_doesnt_have_junctions,ENST00000415822.8,ENST00000482835.1,158821653-158821984;158822140-158823428,,,,,,,,,
chr3:clu_11091,,MFSD1,human,no_unique_junctions,ENST00000415822.8,ENST00000477743.1,158821653-158821984;158822140-158823428,158822140-158823428,,,,,,,,
chr1:clu_2590:SMAP2,,SMAP2,human,novel_junction,ENST00000372718.8,,40374223-40406736;40409835-40413016,40374223-40406800,,,,,,,,
chr1:clu_2590:SMAP2,,SMAP2,human,novel_junction,ENST00000372718.8,,40374223-40406736;40409835-40413016,40374223-40413016,,,,,,,,
chr1:clu_2590:SMAP2,,SMAP2,human,no_unique_junctions,ENST00000372718.8,XM_047428017.1,40374223-40406736;40409835-40413016,40409835-40413016,,,,,,,,
chr1:clu_2590:SMAP2,,SMAP2,human,no_unique_junctions,ENST00000372718.8,ENST00000372708.5,40374223-40406736;40409835-40413016,40409835-40413016,,,,,,,,
chr1:clu_2590:SMAP2,,SMAP2,human,no_unique_junctions,ENST00000372718.8,XM_047428016.1,40374223-40406736;40409835-40413016,40409835-40413016,,,,,,,,
chr1:clu_2590:SMAP2,,SMAP2,human,no_unique_junctions,ENST00000372718.8,ENST00000614549.4,40374223-40406736;40409835-40413016,40409835-40413016,,,,,,,,
chr1:clu_2590:SMAP2,,SMAP2,human,no_unique_junctions,ENST00000372718.8,ENST00000539317.2,40374223-40406736;40409835-40413016,40409835-40413016,,,,,,,,
chr1:clu_2590:SMAP2,,SMAP2,human,no_unique_junctions,ENST00000372718.8,ENST00000851553.1,40374223-40406736;40409835-40413016,40374223-40406736;40409835-40413016,,,,,,,,
chr1:clu_2590:SMAP2,,SMAP2,human,transcript_doesnt_have_junctions,ENST00000372718.8,ENST00000851555.1,40374223-40406736;40409835-40413016,,,,,,,,,
chr1:clu_2590:SMAP2,,SMAP2,human,no_unique_junctions,ENST00000372718.8,ENST00000913386.1,40374223-40406736;40409835-40413016,40374223-40406736;40409835-40413016,,,,,,,,
chr1:clu_2590:SMAP2,,SMAP2,human,transcript_doesnt_have_junctions,ENST00000372718.8,ENST00000913385.1,40374223-40406736;40409835-40413016,,,,,,,,,
chr1:clu_2590:SMAP2,,SMAP2,human,transcript_doesnt_have_junctions,ENST00000372718.8,ENST00000487871.1,40374223-40406736;40409835-40413016,,,,,,,,,
chr1:clu_2590:SMAP2,,SMAP2,human,subsumed_by_larger_group,ENST00000372718.8,XM_011541960.3,40374223-40406736;40409835-40413016,40403746-40406736;40409835-40413016,,,,,,,,
chr1:clu_2590:SMAP2,,SMAP2,human,subsumed_by_larger_group,ENST00000372718.8,XM_047428010.1,40374223-40406736;40409835-40413016,40403746-40406736;40409835-40413016,,,,,,,,
chr1:clu_2590:SMAP2,,SMAP2,human,subsumed_by_larger_group,ENST00000372718.8,XM_047428011.1,40374223-40406736;40409835-40413016,40403746-40406736;40409835-40413016,,,,,,,,
chr1:clu_2590:SMAP2,,SMAP2,human,subsumed_by_larger_group,ENST00000372718.8,XM_047428012.1,40374223-40406736;40409835-40413016,40403746-40406736;40409835-40413016,,,,,,,,
chr1:clu_2590:SMAP2,,SMAP2,human,subsumed_by_larger_group,ENST00000372718.8,XM_047428013.1,40374223-40406736;40409835-40413016,40403746-40406736;40409835-40413016,,,,,,,,
chr1:clu_2590:SMAP2,1/3,SMAP2,human,transcript_not_chosen,ENST00000372718.8,ENST00000435168.6,40374223-40406736;40409835-40413016,40362436-40406736;40409835-40413016,,,,,,,,
chr1:clu_2393,,LAPTM5,human,novel_junction,ENST00000294507.4,,30739937-30741640;30741716-30742456;30742549-30757659,30741716-30757659,,,,,,,,
chr1:clu_2393,,LAPTM5,human,no_unique_junctions,ENST00000294507.4,ENST00000953433.1,30739937-30741640;30741716-30742456;30742549-30757659,30739937-30741640;30741716-30742456;30742549-30757659,,,,,,,,
chr1:clu_2393,,LAPTM5,human,no_unique_junctions,ENST00000294507.4,ENST00000875064.1,30739937-30741640;30741716-30742456;30742549-30757659,30739937-30741640;30741716-30742456;30742549-30757659,,,,,,,,
chr1:clu_2393,,LAPTM5,human,no_unique_junctions,ENST00000294507.4,ENST00000875063.1,30739937-30741640;30741716-30742456;30742549-30757659,30739937-30741640;30741716-30742456;30742549-30757659,,,,,,,,
chr1:clu_2393,,LAPTM5,human,no_unique_junctions,ENST00000294507.4,ENST00000875065.1,30739937-30741640;30741716-30742456;30742549-30757659,30741716-30742456;30742549-30757659,,,,,,,,
chr1:clu_2393,,LAPTM5,human,no_unique_junctions,ENST00000294507.4,ENST00000464569.1,30739937-30741640;30741716-30742456;30742549-30757659,30739937-30741640;30741716-30742456,,,,,,,,
chr1:clu_2393,,LAPTM5,human,no_unique_junctions,ENST00000294507.4,ENST00000476492.1,30739937-30741640;30741716-30742456;30742549-30757659,30742549-30757659,,,,,,,,
chr20:clu_23995:CPNE1,,CPNE1,human,transcript_doesnt_have_junctions,ENST00000397443.7,ENST00000879751.1,35632923-35664760,,,,,,,,,
chr20:clu_23995:CPNE1,,CPNE1,human,transcript_doesnt_have_junctions,ENST00000397443.7,ENST00000317677.9,35632923-35664760,,,,,,,,,
chr20:clu_23995:CPNE1,,CPNE1,human,transcript_doesnt_have_junctions,ENST00000397443.7,ENST00000473373.1,35632923-35664760,,,,,,,,,
chr20:clu_23995:CPNE1,,CPNE1,human,no_unique_junctions,ENST00000397443.7,ENST00000483359.5,35632923-35664760,35632923-35664760,,,,,,,,
chr20:clu_23995:CPNE1,,CPNE1,human,transcript_doesnt_have_junctions,ENST00000397443.7,ENST00000483495.5,35632923-35664760,,,,,,,,,
chr20:clu_23995:CPNE1,,CPNE1,human,transcript_doesnt_have_junctions,ENST00000397443.7,ENST00000486021.5,35632923-35664760,,,,,,,,,
chr20:clu_23995:CPNE1,,CPNE1,human,transcript_doesnt_have_junctions,ENST00000397443.7,ENST00000415920.5,35632923-35664760,,,,,,,,,
chr20:clu_23995:CPNE1,,CPNE1,human,transcript_doesnt_have_junctions,ENST00000397443.7,ENST00000879752.1,35632923-35664760,,,,,,,,,
chr20:clu_23995:CPNE1,,CPNE1,human,no_unique_junctions,ENST00000397443.7,ENST00000430570.5,35632923-35664760,35632923-35664760,,,,,,,,
chr20:clu_23995:CPNE1,,CPNE1,human,no_unique_junctions,ENST00000397443.7,ENST00000414664.5,35632923-35664760,35632923-35664760,,,,,,,,
chr20:clu_23995:CPNE1,,CPNE1,human,no_unique_junctions,ENST00000397443.7,ENST00000416778.5,35632923-35664760,35632923-35664760,,,,,,,,
chr20:clu_23995:CPNE1,,CPNE1,human,transcript_doesnt_have_junctions,ENST00000397443.7,ENST00000439806.6,35632923-35664760,,,,,,,,,
chr20:clu_23995:CPNE1,,CPNE1,human,no_unique_junctions,ENST00000397443.7,ENST00000439669.5,35632923-35664760,35632923-35664760,,,,,,,,
chr20:clu_23995:CPNE1,,CPNE1,human,transcript_doesnt_have_junctions,ENST00000397443.7,ENST00000435747.2,35632923-35664760,,,,,,,,,
chr20:clu_23995:CPNE1,,CPNE1,human,transcript_doesnt_have_junctions,ENST00000397443.7,ENST00000462352.5,35632923-35664760,,,,,,,,,
chr20:clu_23995:CPNE1,,CPNE1,human,transcript_doesnt_have_junctions,ENST00000397443.7,ENST00000498814.1,35632923-35664760,,,,,,,,,
chr20:clu_23995:CPNE1,,CPNE1,human,transcript_doesnt_have_junctions,ENST00000397443.7,ENST00000498056.1,35632923-35664760,,,,,,,,,
chr20:clu_23995:CPNE1,,CPNE1,human,transcript_doesnt_have_junctions,ENST00000397443.7,ENST00000475146.1,35632923-35664760,,,,,,,,,
chr20:clu_23995:CPNE1,,CPNE1,human,subsumed_by_larger_group,ENST00000397443.7,ENST00000434795.5,35632923-35664760,35659014-35664760,,,,,,,,
chr20:clu_23995:CPNE1,,CPNE1,human,subsumed_by_larger_group,ENST00000397443.7,NM_152927.3,35632923-35664760,35659014-35664760,,,,,,,,
chr20:clu_23995:CPNE1,,CPNE1,human,subsumed_by_larger_group,ENST00000397443.7,ENST00000420363.5,35632923-35664760,35658982-35664760,,,,,,,,
chr20:clu_23995:CPNE1,,CPNE1,human,subsumed_by_larger_group,ENST00000397443.7,ENST00000458038.5,35632923-35664760,35658982-35664760,,,,,,,,
chr20:clu_23995:CPNE1,,CPNE1,human,subsumed_by_larger_group,ENST00000397443.7,ENST00000414711.5,35632923-35664760,35632923-35655202,,,,,,,,
chr20:clu_23995:CPNE1,,CPNE1,human,subsumed_by_larger_group,ENST00000397443.7,ENST00000440240.5,35632923-35664760,35632923-35655202,,,,,,,,
chr20:clu_23995:CPNE1,3/3,CPNE1,human,transcript_not_chosen,ENST00000397443.7,ENST00000397442.5,35632923-35664760,35632923-35664802,,,,,,,,
chr20:clu_23995:CPNE1,3/3,CPNE1,human,transcript_not_chosen,ENST00000397443.7,ENST00000401607.6,35632923-35664760,35632923-35664802,,,,,,,,
chr20:clu_23995:CPNE1,3/3,CPNE1,human,transcript_not_chosen,ENST00000397443.7,ENST00000412056.5,35632923-35664760,35632923-35664802,,,,,,,,
chr20:clu_23995:CPNE1,3/3,CPNE1,human,transcript_not_chosen,ENST00000397443.7,ENST00000437340.5,35632923-35664760,35632923-35664802,,,,,,,,
chr2:clu_1239,,WIPF1,human,transcript_doesnt_have_junctions,ENST00000679041.1,ENST00000856318.1,174585611-174597601,,,,,,,,,
chr2:clu_1239,,WIPF1,human,transcript_doesnt_have_junctions,ENST00000679041.1,ENST00000856317.1,174585611-174597601,,,,,,,,,
chr2:clu_1239,,WIPF1,human,transcript_doesnt_have_junctions,ENST00000679041.1,XM_047445754.1,174585611-174597601,,,,,,,,,
chr2:clu_1239,,WIPF1,human,transcript_doesnt_have_junctions,ENST00000679041.1,ENST00000698701.1,174585611-174597601,,,,,,,,,
chr2:clu_1239,,WIPF1,human,transcript_doesnt_have_junctions,ENST00000679041.1,XM_047445752.1,174585611-174597601,,,,,,,,,
chr2:clu_1239,,WIPF1,human,transcript_doesnt_have_junctions,ENST00000679041.1,XM_047445750.1,174585611-174597601,,,,,,,,,
chr2:clu_1239,,WIPF1,human,transcript_doesnt_have_junctions,ENST00000679041.1,NM_001375838.1,174585611-174597601,,,,,,,,,
chr2:clu_1239,,WIPF1,human,transcript_doesnt_have_junctions,ENST00000679041.1,ENST00000698666.1,174585611-174597601,,,,,,,,,
chr2:clu_1239,,WIPF1,human,no_unique_junctions,ENST00000679041.1,ENST00000480400.1,174585611-174597601,174585611-174597601,,,,,,,,
chr2:clu_1239,,WIPF1,human,transcript_doesnt_have_junctions,ENST00000679041.1,ENST00000923323.1,174585611-174597601,,,,,,,,,
chr2:clu_1239,,WIPF1,human,no_unique_junctions,ENST00000679041.1,ENST00000856325.1,174585611-174597601,174585611-174597601,,,,,,,,
chr2:clu_1239,,WIPF1,human,transcript_doesnt_have_junctions,ENST00000679041.1,ENST00000698668.1,174585611-174597601,,,,,,,,,
chr2:clu_1239,,WIPF1,human,transcript_doesnt_have_junctions,ENST00000679041.1,ENST00000856324.1,174585611-174597601,,,,,,,,,
chr2:clu_1239,,WIPF1,human,transcript_doesnt_have_junctions,ENST00000679041.1,ENST00000856320.1,174585611-174597601,,,,,,,,,
chr2:clu_1239,,WIPF1,human,transcript_doesnt_have_junctions,ENST00000679041.1,ENST00000856319.1,174585611-174597601,,,,,,,,,
chr2:clu_1239,,WIPF1,human,transcript_doesnt_have_junctions,ENST00000679041.1,ENST00000436221.2,174585611-174597601,,,,,,,,,
chr2:clu_1239,,WIPF1,human,no_unique_junctions,ENST00000679041.1,ENST00000392546.6,174585611-174597601,174585611-174597601,,,,,,,,
chr2:clu_1239,,WIPF1,human,no_unique_junctions,ENST00000679041.1,ENST00000409891.5,174585611-174597601,174585611-174597601,,,,,,,,
chr2:clu_1239,,WIPF1,human,transcript_doesnt_have_junctions,ENST00000679041.1,ENST00000455428.5,174585611-174597601,,,,,,,,,
chr2:clu_1239,,WIPF1,human,transcript_doesnt_have_junctions,ENST00000679041.1,ENST00000467149.1,174585611-174597601,,,,,,,,,
chr2:clu_1239,,WIPF1,human,no_unique_junctions,ENST00000679041.1,ENST00000410117.5,174585611-174597601,174585611-174597601,,,,,,,,
chr2:clu_1239,,WIPF1,human,transcript_doesnt_have_junctions,ENST00000679041.1,ENST00000698702.1,174585611-174597601,,,,,,,,,
chr2:clu_1239,,WIPF1,human,transcript_doesnt_have_junctions,ENST00000679041.1,ENST00000698670.1,174585611-174597601,,,,,,,,,
chr2:clu_1239,,WIPF1,human,transcript_doesnt_have_junctions,ENST00000679041.1,ENST00000469002.1,174585611-174597601,,,,,,,,,
chr2:clu_1239,,WIPF1,human,transcript_doesnt_have_junctions,ENST00000679041.1,ENST00000698671.1,174585611-174597601,,,,,,,,,
chr2:clu_1239,,WIPF1,human,subsumed_by_larger_group,ENST00000679041.1,ENST00000488830.7,174585611-174597601,174629868-174630382,,,,,,,,
chr2:clu_1239,,WIPF1,human,subsumed_by_larger_group,ENST00000679041.1,ENST00000490887.1,174585611-174597601,174629868-174630382,,,,,,,,
chr2:clu_1239,,WIPF1,human,subsumed_by_larger_group,ENST00000679041.1,XM_047445751.1,174585611-174597601,174629868-174630382,,,,,,,,
chr2:clu_1239,,WIPF1,human,subsumed_by_larger_group,ENST00000679041.1,XM_047445757.1,174585611-174597601,174585611-174597601;174629868-174630382,,,,,,,,
chr2:clu_1239,1/5,WIPF1,human,transcript_not_chosen,ENST00000679041.1,ENST00000392547.6,174585611-174597601,174585611-174634518,,,,,,,,
chr2:clu_1239,1/5,WIPF1,human,transcript_not_chosen,ENST00000679041.1,ENST00000856323.1,174585611-174597601,174585611-174634518,,,,,,,,
chr2:clu_1239,1/5,WIPF1,human,transcript_not_chosen,ENST00000679041.1,NM_001375837.1,174585611-174597601,174585611-174634518,,,,,,,,
chr2:clu_1239,1/5,WIPF1,human,transcript_not_chosen,ENST00000679041.1,NM_001375839.1,174585611-174597601,174585611-174634518,,,,,,,,
chr2:clu_1239,2/5,WIPF1,human,transcript_not_chosen,ENST00000679041.1,ENST00000359761.7,174585611-174597601,174585611-174682774,,,,,,,,
chr2:clu_1239,2/5,WIPF1,human,transcript_not_chosen,ENST00000679041.1,ENST00000409415.7,174585611-174597601,174585611-174682774,,,,,,,,
chr2:clu_1239,2/5,WIPF1,human,transcript_not_chosen,ENST00000679041.1,ENST00000698667.1,174585611-174597601,174585611-174682774,,,,,,,,
chr2:clu_1239,4/5,WIPF1,human,transcript_not_chosen,ENST00000679041.1,ENST00000698669.1,174585611-174597601,174629868-174634518,,,,,,,,
chr2:clu_1239,4/5,WIPF1,human,transcript_not_chosen,ENST00000679041.1,ENST00000856322.1,174585611-174597601,174629868-174634518,,,,,,,,
chr2:clu_1239,5/5,WIPF1,human,transcript_not_chosen,ENST00000679041.1,ENST00000487291.2,174585611-174597601,174677124-174682774,,,,,,,,
chr2:clu_1239,5/5,WIPF1,human,transcript_not_chosen,ENST00000679041.1,ENST00000698703.1,174585611-174597601,174677124-174682774,,,,,,,,
chr19:clu_13637,,ARHGEF1,human,no_unique_junctions,ENST00000354532.8,NM_001396003.1,41896482-41898442,41896482-41898442,,,,,,,,
chr19:clu_13637,,ARHGEF1,human,no_unique_junctions,ENST00000354532.8,ENST00000698932.1,41896482-41898442,41896482-41898442,,,,,,,,
chr19:clu_13637,,ARHGEF1,human,no_unique_junctions,ENST00000354532.8,NM_001396002.1,41896482-41898442,41896482-41898442,,,,,,,,
chr19:clu_13637,,ARHGEF1,human,no_unique_junctions,ENST00000354532.8,XM_047439665.1,41896482-41898442,41896482-41898442,,,,,,,,
chr19:clu_13637,,ARHGEF1,human,no_unique_junctions,ENST00000354532.8,NM_001396006.1,41896482-41898442,41896482-41898442,,,,,,,,
chr19:clu_13637,,ARHGEF1,human,no_unique_junctions,ENST00000354532.8,ENST00000347545.8,41896482-41898442,41896482-41898442,,,,,,,,
chr19:clu_13637,,ARHGEF1,human,no_unique_junctions,ENST00000354532.8,NM_001396004.1,41896482-41898442,41896482-41898442,,,,,,,,
chr19:clu_13637,,ARHGEF1,human,no_unique_junctions,ENST00000354532.8,ENST00000378152.8,41896482-41898442,41896482-41898442,,,,,,,,
chr19:clu_13637,,ARHGEF1,human,no_unique_junctions,ENST00000354532.8,ENST00000337665.8,41896482-41898442,41896482-41898442,,,,,,,,
chr19:clu_13637,,ARHGEF1,human,transcript_doesnt_have_junctions,ENST00000354532.8,ENST00000600387.5,41896482-41898442,,,,,,,,,
chr19:clu_13637,,ARHGEF1,human,no_unique_junctions,ENST00000354532.8,ENST00000600274.5,41896482-41898442,41896482-41898442,,,,,,,,
chr19:clu_13637,,ARHGEF1,human,transcript_doesnt_have_junctions,ENST00000354532.8,ENST00000617585.1,41896482-41898442,,,,,,,,,
chr19:clu_13637,,ARHGEF1,human,transcript_doesnt_have_junctions,ENST00000354532.8,ENST00000595897.5,41896482-41898442,,,,,,,,,
chr19:clu_13637,,ARHGEF1,human,transcript_doesnt_have_junctions,ENST00000354532.8,ENST00000594044.1,41896482-41898442,,,,,,,,,
chr19:clu_13637,,ARHGEF1,human,transcript_doesnt_have_junctions,ENST00000354532.8,ENST00000598587.1,41896482-41898442,,,,,,,,,
chr19:clu_13637,,ARHGEF1,human,transcript_doesnt_have_junctions,ENST00000354532.8,ENST00000598444.1,41896482-41898442,,,,,,,,,
chr19:clu_13637,,ARHGEF1,human,transcript_doesnt_have_junctions,ENST00000354532.8,ENST00000593609.1,41896482-41898442,,,,,,,,,
chr19:clu_13637,,ARHGEF1,human,transcript_doesnt_have_junctions,ENST00000354532.8,ENST00000594513.1,41896482-41898442,,,,,,,,,
chr19:clu_13637,,ARHGEF1,human,no_unique_junctions,ENST00000354532.8,ENST00000938777.1,41896482-41898442,41896482-41898442,,,,,,,,
chr19:clu_13637,,ARHGEF1,human,no_unique_junctions,ENST00000354532.8,ENST00000854348.1,41896482-41898442,41896482-41898442,,,,,,,,
chr19:clu_13637,,ARHGEF1,human,no_unique_junctions,ENST00000354532.8,ENST00000854352.1,41896482-41898442,41896482-41898442,,,,,,,,
chr19:clu_13637,,ARHGEF1,human,no_unique_junctions,ENST00000354532.8,ENST00000854351.1,41896482-41898442,41896482-41898442,,,,,,,,
chr19:clu_13637,,ARHGEF1,human,no_unique_junctions,ENST00000354532.8,ENST00000854347.1,41896482-41898442,41896482-41898442,,,,,,,,
chr19:clu_13637,,ARHGEF1,human,no_unique_junctions,ENST00000354532.8,ENST00000953276.1,41896482-41898442,41896482-41898442,,,,,,,,
chr19:clu_13637,,ARHGEF1,human,no_unique_junctions,ENST00000354532.8,ENST00000938778.1,41896482-41898442,41896482-41898442,,,,,,,,
chr19:clu_13637,,ARHGEF1,human,no_unique_junctions,ENST00000354532.8,ENST00000854353.1,41896482-41898442,41896482-41898442,,,,,,,,
chr19:clu_13637,,ARHGEF1,human,no_unique_junctions,ENST00000354532.8,ENST00000854345.1,41896482-41898442,41896482-41898442,,,,,,,,
chr19:clu_13637,,ARHGEF1,human,no_unique_junctions,ENST00000354532.8,ENST00000953281.1,41896482-41898442,41896482-41898442,,,,,,,,
chr19:clu_13637,,ARHGEF1,human,no_unique_junctions,ENST00000354532.8,ENST00000953277.1,41896482-41898442,41896482-41898442,,,,,,,,
chr19:clu_13637,,ARHGEF1,human,no_unique_junctions,ENST00000354532.8,ENST00000854354.1,41896482-41898442,41896482-41898442,,,,,,,,
chr19:clu_13637,,ARHGEF1,human,no_unique_junctions,ENST00000354532.8,ENST00000953282.1,41896482-41898442,41896482-41898442,,,,,,,,
chr19:clu_13637,,ARHGEF1,human,no_unique_junctions,ENST00000354532.8,ENST00000953284.1,41896482-41898442,41896482-41898442,,,,,,,,
chr19:clu_13637,,ARHGEF1,human,no_unique_junctions,ENST00000354532.8,ENST00000854355.1,41896482-41898442,41896482-41898442,,,,,,,,
chr19:clu_13637,,ARHGEF1,human,no_unique_junctions,ENST00000354532.8,ENST00000938779.1,41896482-41898442,41896482-41898442,,,,,,,,
chr19:clu_13637,,ARHGEF1,human,no_unique_junctions,ENST00000354532.8,ENST00000938780.1,41896482-41898442,41896482-41898442,,,,,,,,
chr19:clu_13637,,ARHGEF1,human,no_unique_junctions,ENST00000354532.8,ENST00000854359.1,41896482-41898442,41896482-41898442,,,,,,,,
chr19:clu_13637,,ARHGEF1,human,no_unique_junctions,ENST00000354532.8,ENST00000854357.1,41896482-41898442,41896482-41898442,,,,,,,,
chr19:clu_13637,,ARHGEF1,human,no_unique_junctions,ENST00000354532.8,ENST00000854346.1,41896482-41898442,41896482-41898442,,,,,,,,
chr19:clu_13637,,ARHGEF1,human,no_unique_junctions,ENST00000354532.8,ENST00000938781.1,41896482-41898442,41896482-41898442,,,,,,,,
chr19:clu_13637,,ARHGEF1,human,no_unique_junctions,ENST00000354532.8,ENST00000938782.1,41896482-41898442,41896482-41898442,,,,,,,,
chr19:clu_13637,,ARHGEF1,human,no_unique_junctions,ENST00000354532.8,ENST00000938783.1,41896482-41898442,41896482-41898442,,,,,,,,
chr19:clu_13637,,ARHGEF1,human,no_unique_junctions,ENST00000354532.8,ENST00000938784.1,41896482-41898442,41896482-41898442,,,,,,,,
chr19:clu_13637,,ARHGEF1,human,transcript_doesnt_have_junctions,ENST00000354532.8,ENST00000598812.5,41896482-41898442,,,,,,,,,
chr19:clu_13637,,ARHGEF1,human,transcript_doesnt_have_junctions,ENST00000354532.8,ENST00000595723.5,41896482-41898442,,,,,,,,,
chr19:clu_13637,,ARHGEF1,human,transcript_doesnt_have_junctions,ENST00000354532.8,ENST00000600517.1,41896482-41898442,,,,,,,,,
chr19:clu_13637,,ARHGEF1,human,transcript_doesnt_have_junctions,ENST00000354532.8,ENST00000594417.1,41896482-41898442,,,,,,,,,
chr19:clu_13637,,ARHGEF1,human,transcript_doesnt_have_junctions,ENST00000354532.8,ENST00000596957.1,41896482-41898442,,,,,,,,,
chr19:clu_13637,,ARHGEF1,human,transcript_doesnt_have_junctions,ENST00000354532.8,ENST00000595770.1,41896482-41898442,,,,,,,,,
chr19:clu_13637,,ARHGEF1,human,subsumed_by_larger_group,ENST00000354532.8,ENST00000594258.1,41896482-41898442,41898113-41898442,,,,,,,,
chr19:clu_13637,,ARHGEF1,human,subsumed_by_larger_group,ENST00000354532.8,ENST00000854350.1,41896482-41898442,41898113-41898442,,,,,,,,
chr19:clu_13637,1/4,ARHGEF1,human,transcript_not_chosen,ENST00000354532.8,ENST00000594521.5,41896482-41898442,41896482-41897315;41897326-41897946;41898113-41898442,,,,,,,,
chr19:clu_13637,1/4,ARHGEF1,human,transcript_not_chosen,ENST00000354532.8,ENST00000599589.5,41896482-41898442,41896482-41897315;41897326-41897946;41898113-41898442,,,,,,,,
chr19:clu_13637,1/4,ARHGEF1,human,transcript_not_chosen,ENST00000354532.8,ENST00000706938.1,41896482-41898442,41896482-41897315;41897326-41897946;41898113-41898442,,,,,,,,
chr19:clu_13637,1/4,ARHGEF1,human,transcript_not_chosen,ENST00000354532.8,ENST00000953275.1,41896482-41898442,41896482-41897315;41897326-41897946;41898113-41898442,,,,,,,,
chr19:clu_13637,1/4,ARHGEF1,human,transcript_not_chosen,ENST00000354532.8,ENST00000953280.1,41896482-41898442,41896482-41897315;41897326-41897946;41898113-41898442,,,,,,,,
chr19:clu_13637,1/4,ARHGEF1,human,transcript_not_chosen,ENST00000354532.8,ENST00000953283.1,41896482-41898442,41896482-41897315;41897326-41897946;41898113-41898442,,,,,,,,
chr19:clu_13637,1/4,ARHGEF1,human,transcript_not_chosen,ENST00000354532.8,ENST00000953285.1,41896482-41898442,41896482-41897315;41897326-41897946;41898113-41898442,,,,,,,,
chr19:clu_13637,1/4,ARHGEF1,human,transcript_not_chosen,ENST00000354532.8,ENST00000953287.1,41896482-41898442,41896482-41897315;41897326-41897946;41898113-41898442,,,,,,,,
chr19:clu_13637,1/4,ARHGEF1,human,transcript_not_chosen,ENST00000354532.8,ENST00000953288.1,41896482-41898442,41896482-41897315;41897326-41897946;41898113-41898442,,,,,,,,
chr19:clu_13637,1/4,ARHGEF1,human,transcript_not_chosen,ENST00000354532.8,XM_047439663.1,41896482-41898442,41896482-41897315;41897326-41897946;41898113-41898442,,,,,,,,
chr19:clu_13637,1/4,ARHGEF1,human,transcript_not_chosen,ENST00000354532.8,XM_047439666.1,41896482-41898442,41896482-41897315;41897326-41897946;41898113-41898442,,,,,,,,
chr19:clu_13637,2/4,ARHGEF1,human,transcript_not_chosen,ENST00000354532.8,ENST00000953279.1,41896482-41898442,41896482-41897315;41897326-41898442,,,,,,,,
chr19:clu_13637,4/4,ARHGEF1,human,transcript_not_chosen,ENST00000354532.8,ENST00000599846.6,41896482-41898442,41896482-41897946;41898113-41898442,,,,,,,,
chr19:clu_13637,4/4,ARHGEF1,human,transcript_not_chosen,ENST00000354532.8,ENST00000698934.1,41896482-41898442,41896482-41897946;41898113-41898442,,,,,,,,
chr19:clu_13637,4/4,ARHGEF1,human,transcript_not_chosen,ENST00000354532.8,ENST00000854349.1,41896482-41898442,41896482-41897946;41898113-41898442,,,,,,,,
chr19:clu_13637,4/4,ARHGEF1,human,transcript_not_chosen,ENST00000354532.8,ENST00000854356.1,41896482-41898442,41896482-41897946;41898113-41898442,,,,,,,,
chr19:clu_13637,4/4,ARHGEF1,human,transcript_not_chosen,ENST00000354532.8,ENST00000854358.1,41896482-41898442,41896482-41897946;41898113-41898442,,,,,,,,
chr19:clu_13637,4/4,ARHGEF1,human,transcript_not_chosen,ENST00000354532.8,ENST00000953278.1,41896482-41898442,41896482-41897946;41898113-41898442,,,,,,,,
chr2:clu_380,,RTN4,human,transcript_doesnt_have_junctions,ENST00000337526.11,NM_001321904.2,55028220-55049745,,,,,,,,,
chr2:clu_380,,RTN4,human,transcript_doesnt_have_junctions,ENST00000337526.11,ENST00000404909.5,55028220-55049745,,,,,,,,,
chr2:clu_380,,RTN4,human,transcript_doesnt_have_junctions,ENST00000337526.11,ENST00000394611.6,55028220-55049745,,,,,,,,,
chr2:clu_380,,RTN4,human,no_unique_junctions,ENST00000337526.11,ENST00000357732.8,55028220-55049745,55028220-55049745,,,,,,,,
chr2:clu_380,,RTN4,human,transcript_doesnt_have_junctions,ENST00000337526.11,NM_001321861.2,55028220-55049745,,,,,,,,,
chr2:clu_380,,RTN4,human,transcript_doesnt_have_junctions,ENST00000337526.11,ENST00000357376.7,55028220-55049745,,,,,,,,,
chr2:clu_380,,RTN4,human,transcript_doesnt_have_junctions,ENST00000337526.11,NM_001321862.2,55028220-55049745,,,,,,,,,
chr2:clu_380,,RTN4,human,transcript_doesnt_have_junctions,ENST00000337526.11,ENST00000405240.5,55028220-55049745,,,,,,,,,
chr2:clu_380,,RTN4,human,transcript_doesnt_have_junctions,ENST00000337526.11,ENST00000491592.1,55028220-55049745,,,,,,,,,
chr2:clu_380,,RTN4,human,transcript_doesnt_have_junctions,ENST00000337526.11,ENST00000485749.1,55028220-55049745,,,,,,,,,
chr2:clu_380,,RTN4,human,no_unique_junctions,ENST00000337526.11,ENST00000852508.1,55028220-55049745,55028220-55049745,,,,,,,,
chr2:clu_380,,RTN4,human,no_unique_junctions,ENST00000337526.11,ENST00000938587.1,55028220-55049745,55028220-55049745,,,,,,,,
chr2:clu_380,,RTN4,human,no_unique_junctions,ENST00000337526.11,ENST00000951906.1,55028220-55049745,55028220-55049745,,,,,,,,
chr2:clu_380,,RTN4,human,transcript_doesnt_have_junctions,ENST00000337526.11,ENST00000486085.5,55028220-55049745,,,,,,,,,
chr2:clu_380,,RTN4,human,transcript_doesnt_have_junctions,ENST00000337526.11,ENST00000438462.1,55028220-55049745,,,,,,,,,
chr2:clu_380,,RTN4,human,transcript_doesnt_have_junctions,ENST00000337526.11,ENST00000427710.5,55028220-55049745,,,,,,,,,
chr2:clu_380,,RTN4,human,transcript_doesnt_have_junctions,ENST00000337526.11,ENST00000461004.1,55028220-55049745,,,,,,,,,
chr2:clu_380,2/2,RTN4,human,transcript_not_chosen,ENST00000337526.11,ENST00000852509.1,55028220-55049745,54987698-55049745,,,,,,,,
chr3:clu_11082,,CCNL1,human,no_unique_junctions,ENST00000295926.8,ENST00000461804.5,157150381-157152177,157150381-157152177,,,,,,,,
chr3:clu_11082,,CCNL1,human,no_unique_junctions,ENST00000295926.8,ENST00000871090.1,157150381-157152177,157150381-157152177,,,,,,,,
chr3:clu_11082,,CCNL1,human,no_unique_junctions,ENST00000295926.8,XM_047448605.1,157150381-157152177,157150381-157152177,,,,,,,,
chr3:clu_11082,,CCNL1,human,no_unique_junctions,ENST00000295926.8,XM_011513011.4,157150381-157152177,157150381-157152177,,,,,,,,
chr3:clu_11082,,CCNL1,human,no_unique_junctions,ENST00000295926.8,XM_024453669.2,157150381-157152177,157150381-157152177,,,,,,,,
chr3:clu_11082,,CCNL1,human,no_unique_junctions,ENST00000295926.8,XM_047448606.1,157150381-157152177,157150381-157152177,,,,,,,,
chr3:clu_11082,,CCNL1,human,no_unique_junctions,ENST00000295926.8,XM_047448604.1,157150381-157152177,157150381-157152177,,,,,,,,
chr3:clu_11082,,CCNL1,human,no_unique_junctions,ENST00000295926.8,ENST00000464316.5,157150381-157152177,157150381-157152177,,,,,,,,
chr3:clu_11082,,CCNL1,human,transcript_doesnt_have_junctions,ENST00000295926.8,ENST00000471247.5,157150381-157152177,,,,,,,,,
chr3:clu_11082,,CCNL1,human,transcript_doesnt_have_junctions,ENST00000295926.8,ENST00000474539.5,157150381-157152177,,,,,,,,,
chr3:clu_11082,,CCNL1,human,transcript_doesnt_have_junctions,ENST00000295926.8,ENST00000476744.5,157150381-157152177,,,,,,,,,
chr3:clu_11082,,CCNL1,human,transcript_doesnt_have_junctions,ENST00000295926.8,ENST00000467849.1,157150381-157152177,,,,,,,,,
chr3:clu_11082,,CCNL1,human,no_unique_junctions,ENST00000295926.8,ENST00000476367.5,157150381-157152177,157150381-157152177,,,,,,,,
chr3:clu_11082,,CCNL1,human,no_unique_junctions,ENST00000295926.8,ENST00000464679.5,157150381-157152177,157150381-157152177,,,,,,,,
chr3:clu_11082,,CCNL1,human,transcript_doesnt_have_junctions,ENST00000295926.8,ENST00000495471.1,157150381-157152177,,,,,,,,,
chr3:clu_11082,,CCNL1,human,transcript_doesnt_have_junctions,ENST00000295926.8,ENST00000481173.1,157150381-157152177,,,,,,,,,
chr3:clu_11082,,CCNL1,human,transcript_doesnt_have_junctions,ENST00000295926.8,ENST00000478454.5,157150381-157152177,,,,,,,,,
chr3:clu_11082,,CCNL1,human,transcript_doesnt_have_junctions,ENST00000295926.8,ENST00000479596.5,157150381-157152177,,,,,,,,,
chr3:clu_11082,,CCNL1,human,transcript_doesnt_have_junctions,ENST00000295926.8,ENST00000467081.1,157150381-157152177,,,,,,,,,
chr3:clu_11082,,CCNL1,human,transcript_doesnt_have_junctions,ENST00000295926.8,ENST00000464575.1,157150381-157152177,,,,,,,,,
chr3:clu_11082,,CCNL1,human,transcript_doesnt_have_junctions,ENST00000295926.8,ENST00000471044.1,157150381-157152177,,,,,,,,,
chr3:clu_11082,,CCNL1,human,transcript_doesnt_have_junctions,ENST00000295926.8,ENST00000466101.1,157150381-157152177,,,,,,,,,
chr3:clu_11082,,CCNL1,human,no_unique_junctions,ENST00000295926.8,ENST00000961332.1,157150381-157152177,157150381-157152177,,,,,,,,
chr3:clu_11082,,CCNL1,human,no_unique_junctions,ENST00000295926.8,ENST00000961333.1,157150381-157152177,157150381-157152177,,,,,,,,
chr3:clu_11082,,CCNL1,human,transcript_doesnt_have_junctions,ENST00000295926.8,ENST00000468977.5,157150381-157152177,,,,,,,,,
chr3:clu_11082,,CCNL1,human,no_unique_junctions,ENST00000295926.8,ENST00000477127.5,157150381-157152177,157150381-157152177,,,,,,,,
chr3:clu_11082,,CCNL1,human,transcript_doesnt_have_junctions,ENST00000295926.8,ENST00000465947.5,157150381-157152177,,,,,,,,,
chr3:clu_11082,,CCNL1,human,transcript_doesnt_have_junctions,ENST00000295926.8,ENST00000295925.5,157150381-157152177,,,,,,,,,
chr3:clu_11082,,CCNL1,human,no_unique_junctions,ENST00000295926.8,ENST00000479052.5,157150381-157152177,157150381-157152177,,,,,,,,
chr3:clu_11082,,CCNL1,human,subsumed_by_larger_group,ENST00000295926.8,ENST00000470121.5,157150381-157152177,157151930-157152177,,,,,,,,
chr3:clu_11082,,CCNL1,human,subsumed_by_larger_group,ENST00000295926.8,ENST00000483789.5,157150381-157152177,157151930-157152177,,,,,,,,
chr3:clu_11082,,CCNL1,human,subsumed_by_larger_group,ENST00000295926.8,ENST00000631619.1,157150381-157152177,157151930-157152177,,,,,,,,
chr1:clu_4158,,TRAF3IP3,human,no_unique_junctions,ENST00000367025.8,XM_047430963.1,209775736-209777352,209775736-209777352,,,,,,,,
chr1:clu_4158,,TRAF3IP3,human,no_unique_junctions,ENST00000367025.8,XM_011510018.4,209775736-209777352,209775736-209777352,,,,,,,,
chr1:clu_4158,,TRAF3IP3,human,no_unique_junctions,ENST00000367025.8,ENST00000400959.7,209775736-209777352,209775736-209777352,,,,,,,,
chr1:clu_4158,,TRAF3IP3,human,no_unique_junctions,ENST00000367025.8,ENST00000367026.7,209775736-209777352,209775736-209777352,,,,,,,,
chr1:clu_4158,,TRAF3IP3,human,no_unique_junctions,ENST00000367025.8,XM_047430964.1,209775736-209777352,209775736-209777352,,,,,,,,
chr1:clu_4158,,TRAF3IP3,human,transcript_doesnt_have_junctions,ENST00000367025.8,XM_011510019.3,209775736-209777352,,,,,,,,,
chr1:clu_4158,,TRAF3IP3,human,transcript_doesnt_have_junctions,ENST00000367025.8,XM_047430976.1,209775736-209777352,,,,,,,,,
chr1:clu_4158,,TRAF3IP3,human,no_unique_junctions,ENST00000367025.8,ENST00000367024.5,209775736-209777352,209775736-209777352,,,,,,,,
chr1:clu_4158,,TRAF3IP3,human,no_unique_junctions,ENST00000367025.8,XM_005273279.6,209775736-209777352,209775736-209777352,,,,,,,,
chr1:clu_4158,,TRAF3IP3,human,no_unique_junctions,ENST00000367025.8,ENST00000367023.5,209775736-209777352,209775736-209777352,,,,,,,,
chr1:clu_4158,,TRAF3IP3,human,transcript_doesnt_have_junctions,ENST00000367025.8,ENST00000476050.5,209775736-209777352,,,,,,,,,
chr1:clu_4158,,TRAF3IP3,human,no_unique_junctions,ENST00000367025.8,ENST00000474496.5,209775736-209777352,209775736-209777352,,,,,,,,
chr1:clu_4158,,TRAF3IP3,human,transcript_doesnt_have_junctions,ENST00000367025.8,ENST00000460314.1,209775736-209777352,,,,,,,,,
chr1:clu_4158,,TRAF3IP3,human,no_unique_junctions,ENST00000367025.8,ENST00000884880.1,209775736-209777352,209775736-209777352,,,,,,,,
chr1:clu_4158,,TRAF3IP3,human,transcript_doesnt_have_junctions,ENST00000367025.8,ENST00000478359.5,209775736-209777352,,,,,,,,,
chr1:clu_4158,,TRAF3IP3,human,no_unique_junctions,ENST00000367025.8,ENST00000884881.1,209775736-209777352,209775736-209777352,,,,,,,,
chr1:clu_4158,,TRAF3IP3,human,transcript_doesnt_have_junctions,ENST00000367025.8,ENST00000479796.5,209775736-209777352,,,,,,,,,
chr1:clu_4158,,TRAF3IP3,human,no_unique_junctions,ENST00000367025.8,ENST00000957589.1,209775736-209777352,209775736-209777352,,,,,,,,
chr1:clu_4158,,TRAF3IP3,human,no_unique_junctions,ENST00000367025.8,ENST00000884882.1,209775736-209777352,209775736-209777352,,,,,,,,
chr1:clu_4158,,TRAF3IP3,human,no_unique_junctions,ENST00000367025.8,ENST00000884883.1,209775736-209777352,209775736-209777352,,,,,,,,
chr1:clu_4158,,TRAF3IP3,human,no_unique_junctions,ENST00000367025.8,ENST00000884884.1,209775736-209777352,209775736-209777352,,,,,,,,
chr1:clu_4158,,TRAF3IP3,human,no_unique_junctions,ENST00000367025.8,ENST00000487271.5,209775736-209777352,209775736-209777352,,,,,,,,
chr1:clu_4158,,TRAF3IP3,human,no_unique_junctions,ENST00000367025.8,ENST00000477431.1,209775736-209777352,209775736-209777352,,,,,,,,
chr1:clu_4158,,TRAF3IP3,human,transcript_doesnt_have_junctions,ENST00000367025.8,ENST00000471368.1,209775736-209777352,,,,,,,,,
chr1:clu_4158,,TRAF3IP3,human,transcript_doesnt_have_junctions,ENST00000367025.8,ENST00000468672.5,209775736-209777352,,,,,,,,,
chr1:clu_4158,,TRAF3IP3,human,transcript_doesnt_have_junctions,ENST00000367025.8,ENST00000467830.1,209775736-209777352,,,,,,,,,
chr1:clu_4158,1/1,TRAF3IP3,human,transcript_not_chosen,ENST00000367025.8,ENST00000488702.1,209775736-209777352,209776124-209777352,,,,,,,,
chr11:clu_7487,,CD44,human,no_unique_junctions,ENST00000428726.8,ENST00000904013.1,35206243-35208105;35210054-35211246;35211449-35214852,35206243-35208105;35210054-35211246;35211449-35214852,,,,,,,,
chr11:clu_7487,,CD44,human,no_unique_junctions,ENST00000428726.8,ENST00000969346.1,35206243-35208105;35210054-35211246;35211449-35214852,35206243-35208105;35210054-35211246;35211449-35214852,,,,,,,,
chr11:clu_7487,,CD44,human,no_unique_junctions,ENST00000428726.8,XM_017018583.3,35206243-35208105;35210054-35211246;35211449-35214852,35210054-35211246;35211449-35214852,,,,,,,,
chr11:clu_7487,,CD44,human,no_unique_junctions,ENST00000428726.8,ENST00000969353.1,35206243-35208105;35210054-35211246;35211449-35214852,35206243-35208105;35210054-35211246;35211449-35214852,,,,,,,,
chr11:clu_7487,,CD44,human,no_unique_junctions,ENST00000428726.8,NM_001440343.1,35206243-35208105;35210054-35211246;35211449-35214852,35210054-35211246;35211449-35214852,,,,,,,,
chr11:clu_7487,,CD44,human,no_unique_junctions,ENST00000428726.8,ENST00000969367.1,35206243-35208105;35210054-35211246;35211449-35214852,35206243-35208105;35210054-35211246;35211449-35214852,,,,,,,,
chr11:clu_7487,,CD44,human,no_unique_junctions,ENST00000428726.8,ENST00000904018.1,35206243-35208105;35210054-35211246;35211449-35214852,35206243-35208105;35210054-35211246;35211449-35214852,,,,,,,,
chr11:clu_7487,,CD44,human,no_unique_junctions,ENST00000428726.8,ENST00000904022.1,35206243-35208105;35210054-35211246;35211449-35214852,35206243-35208105;35210054-35211246;35211449-35214852,,,,,,,,
chr11:clu_7487,,CD44,human,no_unique_junctions,ENST00000428726.8,NM_001440337.1,35206243-35208105;35210054-35211246;35211449-35214852,35210054-35211246;35211449-35214852,,,,,,,,
chr11:clu_7487,,CD44,human,no_unique_junctions,ENST00000428726.8,ENST00000969348.1,35206243-35208105;35210054-35211246;35211449-35214852,35210054-35211246;35211449-35214852,,,,,,,,
chr11:clu_7487,,CD44,human,no_unique_junctions,ENST00000428726.8,ENST00000415148.6,35206243-35208105;35210054-35211246;35211449-35214852,35206243-35208105;35210054-35211246;35211449-35214852,,,,,,,,
chr11:clu_7487,,CD44,human,no_unique_junctions,ENST00000428726.8,NM_001440333.1,35206243-35208105;35210054-35211246;35211449-35214852,35206243-35208105;35211449-35214852,,,,,,,,
chr11:clu_7487,,CD44,human,no_unique_junctions,ENST00000428726.8,NM_001440334.1,35206243-35208105;35210054-35211246;35211449-35214852,35206243-35208105;35210054-35211246;35211449-35214852,,,,,,,,
chr11:clu_7487,,CD44,human,no_unique_junctions,ENST00000428726.8,NM_001440346.1,35206243-35208105;35210054-35211246;35211449-35214852,35210054-35211246;35211449-35214852,,,,,,,,
chr11:clu_7487,,CD44,human,no_unique_junctions,ENST00000428726.8,ENST00000969340.1,35206243-35208105;35210054-35211246;35211449-35214852,35210054-35211246;35211449-35214852,,,,,,,,
chr11:clu_7487,,CD44,human,no_unique_junctions,ENST00000428726.8,ENST00000969360.1,35206243-35208105;35210054-35211246;35211449-35214852,35206243-35208105;35210054-35211246;35211449-35214852,,,,,,,,
chr11:clu_7487,,CD44,human,no_unique_junctions,ENST00000428726.8,ENST00000969345.1,35206243-35208105;35210054-35211246;35211449-35214852,35206243-35208105;35210054-35211246;35211449-35214852,,,,,,,,
chr11:clu_7487,,CD44,human,no_unique_junctions,ENST00000428726.8,NM_001440339.1,35206243-35208105;35210054-35211246;35211449-35214852,35210054-35211246;35211449-35214852,,,,,,,,
chr11:clu_7487,,CD44,human,no_unique_junctions,ENST00000428726.8,NM_001440336.1,35206243-35208105;35210054-35211246;35211449-35214852,35206243-35208105;35210054-35211246;35211449-35214852,,,,,,,,
chr11:clu_7487,,CD44,human,no_unique_junctions,ENST00000428726.8,XM_011520485.3,35206243-35208105;35210054-35211246;35211449-35214852,35206243-35208105;35210054-35211246;35211449-35214852,,,,,,,,
chr11:clu_7487,,CD44,human,no_unique_junctions,ENST00000428726.8,ENST00000904017.1,35206243-35208105;35210054-35211246;35211449-35214852,35206243-35208105;35210054-35211246;35211449-35214852,,,,,,,,
chr11:clu_7487,,CD44,human,transcript_doesnt_have_junctions,ENST00000428726.8,ENST00000352818.8,35206243-35208105;35210054-35211246;35211449-35214852,,,,,,,,,
chr11:clu_7487,,CD44,human,no_unique_junctions,ENST00000428726.8,NM_001440326.1,35206243-35208105;35210054-35211246;35211449-35214852,35206243-35208105;35210054-35211246;35211449-35214852,,,,,,,,
chr11:clu_7487,,CD44,human,no_unique_junctions,ENST00000428726.8,ENST00000969355.1,35206243-35208105;35210054-35211246;35211449-35214852,35206243-35208105;35210054-35211246;35211449-35214852,,,,,,,,
chr11:clu_7487,,CD44,human,no_unique_junctions,ENST00000428726.8,NM_001440329.1,35206243-35208105;35210054-35211246;35211449-35214852,35206243-35208105;35210054-35211246;35211449-35214852,,,,,,,,
chr11:clu_7487,,CD44,human,no_unique_junctions,ENST00000428726.8,NM_001440331.1,35206243-35208105;35210054-35211246;35211449-35214852,35206243-35208105;35210054-35211246;35211449-35214852,,,,,,,,
chr11:clu_7487,,CD44,human,transcript_doesnt_have_junctions,ENST00000428726.8,ENST00000278386.10,35206243-35208105;35210054-35211246;35211449-35214852,,,,,,,,,
chr11:clu_7487,,CD44,human,transcript_doesnt_have_junctions,ENST00000428726.8,XM_011520487.4,35206243-35208105;35210054-35211246;35211449-35214852,,,,,,,,,
chr11:clu_7487,,CD44,human,transcript_doesnt_have_junctions,ENST00000428726.8,NM_001440351.1,35206243-35208105;35210054-35211246;35211449-35214852,,,,,,,,,
chr11:clu_7487,,CD44,human,transcript_doesnt_have_junctions,ENST00000428726.8,NM_001440352.1,35206243-35208105;35210054-35211246;35211449-35214852,,,,,,,,,
chr11:clu_7487,,CD44,human,transcript_doesnt_have_junctions,ENST00000428726.8,NM_001440354.1,35206243-35208105;35210054-35211246;35211449-35214852,,,,,,,,,
chr11:clu_7487,,CD44,human,transcript_doesnt_have_junctions,ENST00000428726.8,NM_001440353.1,35206243-35208105;35210054-35211246;35211449-35214852,,,,,,,,,
chr11:clu_7487,,CD44,human,transcript_doesnt_have_junctions,ENST00000428726.8,ENST00000531118.5,35206243-35208105;35210054-35211246;35211449-35214852,,,,,,,,,
chr11:clu_7487,,CD44,human,transcript_doesnt_have_junctions,ENST00000428726.8,ENST00000534296.5,35206243-35208105;35210054-35211246;35211449-35214852,,,,,,,,,
chr11:clu_7487,,CD44,human,transcript_doesnt_have_junctions,ENST00000428726.8,ENST00000525348.1,35206243-35208105;35210054-35211246;35211449-35214852,,,,,,,,,
chr11:clu_7487,,CD44,human,transcript_doesnt_have_junctions,ENST00000428726.8,ENST00000534082.1,35206243-35208105;35210054-35211246;35211449-35214852,,,,,,,,,
chr11:clu_7487,,CD44,human,no_unique_junctions,ENST00000428726.8,ENST00000525293.5,35206243-35208105;35210054-35211246;35211449-35214852,35211449-35214852,,,,,,,,
chr11:clu_7487,,CD44,human,no_unique_junctions,ENST00000428726.8,ENST00000532339.1,35206243-35208105;35210054-35211246;35211449-35214852,35206243-35208105,,,,,,,,
chr11:clu_7487,,CD44,human,transcript_doesnt_have_junctions,ENST00000428726.8,ENST00000527326.1,35206243-35208105;35210054-35211246;35211449-35214852,,,,,,,,,
chr11:clu_7487,,CD44,human,transcript_doesnt_have_junctions,ENST00000428726.8,ENST00000531141.1,35206243-35208105;35210054-35211246;35211449-35214852,,,,,,,,,
chr11:clu_7487,,CD44,human,transcript_doesnt_have_junctions,ENST00000428726.8,ENST00000526025.2,35206243-35208105;35210054-35211246;35211449-35214852,,,,,,,,,
chr11:clu_7487,,CD44,human,no_unique_junctions,ENST00000428726.8,ENST00000969362.1,35206243-35208105;35210054-35211246;35211449-35214852,35206243-35208105;35210054-35211246;35211449-35214852,,,,,,,,
chr11:clu_7487,,CD44,human,no_unique_junctions,ENST00000428726.8,ENST00000969357.1,35206243-35208105;35210054-35211246;35211449-35214852,35206243-35208105;35211449-35214852,,,,,,,,
chr11:clu_7487,,CD44,human,no_unique_junctions,ENST00000428726.8,ENST00000969336.1,35206243-35208105;35210054-35211246;35211449-35214852,35206243-35208105;35210054-35211246;35211449-35214852,,,,,,,,
chr11:clu_7487,,CD44,human,no_unique_junctions,ENST00000428726.8,ENST00000969347.1,35206243-35208105;35210054-35211246;35211449-35214852,35206243-35208105;35210054-35211246;35211449-35214852,,,,,,,,
chr11:clu_7487,,CD44,human,no_unique_junctions,ENST00000428726.8,ENST00000969372.1,35206243-35208105;35210054-35211246;35211449-35214852,35206243-35208105;35211449-35214852,,,,,,,,
chr11:clu_7487,,CD44,human,no_unique_junctions,ENST00000428726.8,ENST00000969334.1,35206243-35208105;35210054-35211246;35211449-35214852,35206243-35208105;35210054-35211246;35211449-35214852,,,,,,,,
chr11:clu_7487,,CD44,human,no_unique_junctions,ENST00000428726.8,ENST00000969375.1,35206243-35208105;35210054-35211246;35211449-35214852,35206243-35208105;35211449-35214852,,,,,,,,
chr11:clu_7487,,CD44,human,transcript_doesnt_have_junctions,ENST00000428726.8,ENST00000969370.1,35206243-35208105;35210054-35211246;35211449-35214852,,,,,,,,,
chr11:clu_7487,,CD44,human,no_unique_junctions,ENST00000428726.8,ENST00000969371.1,35206243-35208105;35210054-35211246;35211449-35214852,35206243-35208105;35210054-35211246;35211449-35214852,,,,,,,,
chr11:clu_7487,,CD44,human,no_unique_junctions,ENST00000428726.8,ENST00000969368.1,35206243-35208105;35210054-35211246;35211449-35214852,35206243-35208105;35210054-35211246;35211449-35214852,,,,,,,,
chr11:clu_7487,,CD44,human,no_unique_junctions,ENST00000428726.8,ENST00000969366.1,35206243-35208105;35210054-35211246;35211449-35214852,35210054-35211246;35211449-35214852,,,,,,,,
chr11:clu_7487,,CD44,human,no_unique_junctions,ENST00000428726.8,ENST00000969364.1,35206243-35208105;35210054-35211246;35211449-35214852,35206243-35208105;35211449-35214852,,,,,,,,
chr11:clu_7487,,CD44,human,no_unique_junctions,ENST00000428726.8,ENST00000969363.1,35206243-35208105;35210054-35211246;35211449-35214852,35211449-35214852,,,,,,,,
chr11:clu_7487,,CD44,human,no_unique_junctions,ENST00000428726.8,ENST00000969361.1,35206243-35208105;35210054-35211246;35211449-35214852,35211449-35214852,,,,,,,,
chr11:clu_7487,,CD44,human,transcript_doesnt_have_junctions,ENST00000428726.8,ENST00000969359.1,35206243-35208105;35210054-35211246;35211449-35214852,,,,,,,,,
chr11:clu_7487,,CD44,human,no_unique_junctions,ENST00000428726.8,ENST00000969351.1,35206243-35208105;35210054-35211246;35211449-35214852,35206243-35208105;35210054-35211246;35211449-35214852,,,,,,,,
chr11:clu_7487,,CD44,human,transcript_doesnt_have_junctions,ENST00000428726.8,ENST00000969354.1,35206243-35208105;35210054-35211246;35211449-35214852,,,,,,,,,
chr11:clu_7487,,CD44,human,no_unique_junctions,ENST00000428726.8,ENST00000969350.1,35206243-35208105;35210054-35211246;35211449-35214852,35206243-35208105;35211449-35214852,,,,,,,,
chr11:clu_7487,,CD44,human,no_unique_junctions,ENST00000428726.8,ENST00000969337.1,35206243-35208105;35210054-35211246;35211449-35214852,35206243-35208105,,,,,,,,
chr11:clu_7487,,CD44,human,no_unique_junctions,ENST00000428726.8,ENST00000969339.1,35206243-35208105;35210054-35211246;35211449-35214852,35206243-35208105;35210054-35211246;35211449-35214852,,,,,,,,
chr11:clu_7487,,CD44,human,no_unique_junctions,ENST00000428726.8,ENST00000969377.1,35206243-35208105;35210054-35211246;35211449-35214852,35206243-35208105;35210054-35211246;35211449-35214852,,,,,,,,
chr11:clu_7487,,CD44,human,transcript_doesnt_have_junctions,ENST00000428726.8,ENST00000904021.1,35206243-35208105;35210054-35211246;35211449-35214852,,,,,,,,,
chr11:clu_7487,,CD44,human,no_unique_junctions,ENST00000428726.8,ENST00000904015.1,35206243-35208105;35210054-35211246;35211449-35214852,35206243-35208105;35210054-35211246;35211449-35214852,,,,,,,,
chr11:clu_7487,,CD44,human,transcript_doesnt_have_junctions,ENST00000428726.8,ENST00000526669.6,35206243-35208105;35210054-35211246;35211449-35214852,,,,,,,,,
chr11:clu_7487,,CD44,human,no_unique_junctions,ENST00000428726.8,ENST00000969343.1,35206243-35208105;35210054-35211246;35211449-35214852,35211449-35214852,,,,,,,,
chr11:clu_7487,,CD44,human,no_unique_junctions,ENST00000428726.8,ENST00000525211.6,35206243-35208105;35210054-35211246;35211449-35214852,35206243-35208105,,,,,,,,
chr11:clu_7487,,CD44,human,no_unique_junctions,ENST00000428726.8,ENST00000526000.6,35206243-35208105;35210054-35211246;35211449-35214852,35211449-35214852,,,,,,,,
chr11:clu_7487,,CD44,human,transcript_doesnt_have_junctions,ENST00000428726.8,ENST00000279452.10,35206243-35208105;35210054-35211246;35211449-35214852,,,,,,,,,
chr11:clu_7487,,CD44,human,transcript_doesnt_have_junctions,ENST00000428726.8,ENST00000527889.6,35206243-35208105;35210054-35211246;35211449-35214852,,,,,,,,,
chr11:clu_7487,,CD44,human,transcript_doesnt_have_junctions,ENST00000428726.8,ENST00000528455.5,35206243-35208105;35210054-35211246;35211449-35214852,,,,,,,,,
chr11:clu_7487,,CD44,human,no_unique_junctions,ENST00000428726.8,ENST00000531873.5,35206243-35208105;35210054-35211246;35211449-35214852,35210054-35211246,,,,,,,,
chr11:clu_7487,,CD44,human,no_unique_junctions,ENST00000428726.8,ENST00000525685.6,35206243-35208105;35210054-35211246;35211449-35214852,35210054-35211246,,,,,,,,
chr11:clu_7487,,CD44,human,transcript_doesnt_have_junctions,ENST00000428726.8,ENST00000525688.5,35206243-35208105;35210054-35211246;35211449-35214852,,,,,,,,,
chr11:clu_7487,,CD44,human,no_unique_junctions,ENST00000428726.8,ENST00000533222.5,35206243-35208105;35210054-35211246;35211449-35214852,35210054-35211246,,,,,,,,
chr11:clu_7487,,CD44,human,transcript_doesnt_have_junctions,ENST00000428726.8,ENST00000524922.1,35206243-35208105;35210054-35211246;35211449-35214852,,,,,,,,,
chr11:clu_7487,,CD44,human,no_unique_junctions,ENST00000428726.8,ENST00000526553.6,35206243-35208105;35210054-35211246;35211449-35214852,35206243-35208105;35210054-35211246,,,,,,,,
chr11:clu_7487,,CD44,human,no_unique_junctions,ENST00000428726.8,ENST00000528672.1,35206243-35208105;35210054-35211246;35211449-35214852,35210054-35211246,,,,,,,,
chr11:clu_7487,,CD44,human,transcript_doesnt_have_junctions,ENST00000428726.8,ENST00000525469.1,35206243-35208105;35210054-35211246;35211449-35214852,,,,,,,,,
chr11:clu_7487,,CD44,human,transcript_doesnt_have_junctions,ENST00000428726.8,ENST00000528086.5,35206243-35208105;35210054-35211246;35211449-35214852,,,,,,,,,
chr11:clu_7487,,CD44,human,transcript_doesnt_have_junctions,ENST00000428726.8,ENST00000525209.5,35206243-35208105;35210054-35211246;35211449-35214852,,,,,,,,,
chr11:clu_7487,,CD44,human,transcript_doesnt_have_junctions,ENST00000428726.8,ENST00000528922.1,35206243-35208105;35210054-35211246;35211449-35214852,,,,,,,,,
chr11:clu_7487,,CD44,human,subsumed_by_larger_group,ENST00000428726.8,ENST00000904023.1,35206243-35208105;35210054-35211246;35211449-35214852,35206243-35208105;35210054-35214852,,,,,,,,
chr11:clu_7487,,CD44,human,subsumed_by_larger_group,ENST00000428726.8,ENST00000935511.1,35206243-35208105;35210054-35211246;35211449-35214852,35210054-35214852,,,,,,,,
chr11:clu_7487,,CD44,human,subsumed_by_larger_group,ENST00000428726.8,ENST00000969341.1,35206243-35208105;35210054-35211246;35211449-35214852,35206243-35208105;35210054-35214852,,,,,,,,
chr11:clu_7487,,CD44,human,subsumed_by_larger_group,ENST00000428726.8,ENST00000969356.1,35206243-35208105;35210054-35211246;35211449-35214852,35210054-35214852,,,,,,,,
chr11:clu_7487,,CD44,human,subsumed_by_larger_group,ENST00000428726.8,ENST00000969358.1,35206243-35208105;35210054-35211246;35211449-35214852,35206243-35208105;35210054-35214852,,,,,,,,
chr11:clu_7487,,CD44,human,subsumed_by_larger_group,ENST00000428726.8,ENST00000969374.1,35206243-35208105;35210054-35211246;35211449-35214852,35206243-35208105;35210054-35214852,,,,,,,,
chr11:clu_7487,,CD44,human,subsumed_by_larger_group,ENST00000428726.8,ENST00000969376.1,35206243-35208105;35210054-35211246;35211449-35214852,35206243-35208105;35210054-35214852,,,,,,,,
chr11:clu_7487,,CD44,human,subsumed_by_larger_group,ENST00000428726.8,ENST00000525241.1,35206243-35208105;35210054-35211246;35211449-35214852,35190065-35204512,,,,,,,,
chr11:clu_7487,,CD44,human,subsumed_by_larger_group,ENST00000428726.8,ENST00000531110.6,35206243-35208105;35210054-35211246;35211449-35214852,35190065-35204512;35206243-35208105;35210054-35211246,,,,,,,,
chr11:clu_7487,,CD44,human,subsumed_by_larger_group,ENST00000428726.8,ENST00000904012.1,35206243-35208105;35210054-35211246;35211449-35214852,35190065-35204512;35206243-35208105;35210054-35211246;35211449-35214852,,,,,,,,
chr11:clu_7487,,CD44,human,subsumed_by_larger_group,ENST00000428726.8,ENST00000904014.1,35206243-35208105;35210054-35211246;35211449-35214852,35190065-35204512;35210054-35211246;35211449-35214852,,,,,,,,
chr11:clu_7487,,CD44,human,subsumed_by_larger_group,ENST00000428726.8,ENST00000904020.1,35206243-35208105;35210054-35211246;35211449-35214852,35190065-35204512,,,,,,,,
chr11:clu_7487,,CD44,human,subsumed_by_larger_group,ENST00000428726.8,ENST00000969333.1,35206243-35208105;35210054-35211246;35211449-35214852,35190065-35204512;35206243-35208105;35211449-35214852,,,,,,,,
chr11:clu_7487,,CD44,human,subsumed_by_larger_group,ENST00000428726.8,ENST00000969349.1,35206243-35208105;35210054-35211246;35211449-35214852,35190065-35204512,,,,,,,,
chr11:clu_7487,,CD44,human,subsumed_by_larger_group,ENST00000428726.8,ENST00000969352.1,35206243-35208105;35210054-35211246;35211449-35214852,35190065-35204512,,,,,,,,
chr11:clu_7487,,CD44,human,subsumed_by_larger_group,ENST00000428726.8,ENST00000969365.1,35206243-35208105;35210054-35211246;35211449-35214852,35190065-35204512;35211449-35214852,,,,,,,,
chr11:clu_7487,,CD44,human,subsumed_by_larger_group,ENST00000428726.8,ENST00000969373.1,35206243-35208105;35210054-35211246;35211449-35214852,35190065-35204512;35206243-35208105,,,,,,,,
chr11:clu_7487,,CD44,human,subsumed_by_larger_group,ENST00000428726.8,NM_001440341.1,35206243-35208105;35210054-35211246;35211449-35214852,35190065-35204512;35206243-35208105;35210054-35211246;35211449-35214852,,,,,,,,
chr11:clu_7487,,CD44,human,subsumed_by_larger_group,ENST00000428726.8,ENST00000433892.6,35206243-35208105;35210054-35211246;35211449-35214852,35190065-35208105;35210054-35211246;35211449-35214852,,,,,,,,
chr11:clu_7487,,CD44,human,subsumed_by_larger_group,ENST00000428726.8,ENST00000904016.1,35206243-35208105;35210054-35211246;35211449-35214852,35190065-35208105;35211449-35214852,,,,,,,,
chr11:clu_7487,,CD44,human,subsumed_by_larger_group,ENST00000428726.8,ENST00000969342.1,35206243-35208105;35210054-35211246;35211449-35214852,35190065-35208105;35211449-35214852,,,,,,,,
chr11:clu_7487,,CD44,human,subsumed_by_larger_group,ENST00000428726.8,ENST00000969344.1,35206243-35208105;35210054-35211246;35211449-35214852,35190065-35208105,,,,,,,,
chr11:clu_7487,1/4,CD44,human,transcript_not_chosen,ENST00000428726.8,ENST00000969338.1,35206243-35208105;35210054-35211246;35211449-35214852,35190065-35204512;35206243-35208105;35210054-35214852,,,,,,,,
chr11:clu_7487,1/4,CD44,human,transcript_not_chosen,ENST00000428726.8,NM_001440348.1,35206243-35208105;35210054-35211246;35211449-35214852,35190065-35204512;35210054-35214852,,,,,,,,
chr11:clu_7487,2/4,CD44,human,transcript_not_chosen,ENST00000428726.8,ENST00000278385.10,35206243-35208105;35210054-35211246;35211449-35214852,35190065-35208105;35210054-35214852,,,,,,,,
chr11:clu_7487,4/4,CD44,human,transcript_not_chosen,ENST00000428726.8,ENST00000425428.6,35206243-35208105;35210054-35211246;35211449-35214852,35190065-35214852,,,,,,,,
chr11:clu_7487,4/4,CD44,human,transcript_not_chosen,ENST00000428726.8,ENST00000442151.6,35206243-35208105;35210054-35211246;35211449-35214852,35190065-35214852,,,,,,,,
chr11:clu_7487,4/4,CD44,human,transcript_not_chosen,ENST00000428726.8,ENST00000904010.1,35206243-35208105;35210054-35211246;35211449-35214852,35190065-35214852,,,,,,,,
chr11:clu_7487,4/4,CD44,human,transcript_not_chosen,ENST00000428726.8,ENST00000904011.1,35206243-35208105;35210054-35211246;35211449-35214852,35190065-35214852,,,,,,,,
chr11:clu_7487,4/4,CD44,human,transcript_not_chosen,ENST00000428726.8,ENST00000904019.1,35206243-35208105;35210054-35211246;35211449-35214852,35190065-35214852,,,,,,,,
chr11:clu_7487,4/4,CD44,human,transcript_not_chosen,ENST00000428726.8,ENST00000969332.1,35206243-35208105;35210054-35211246;35211449-35214852,35190065-35214852,,,,,,,,
chr11:clu_7487,4/4,CD44,human,transcript_not_chosen,ENST00000428726.8,ENST00000969369.1,35206243-35208105;35210054-35211246;35211449-35214852,35190065-35214852,,,,,,,,
chr14:clu_6274,,WARS1,human,transcript_doesnt_have_junctions,ENST00000392882.7,ENST00000358655.8,100361921-100369087;100369258-100375283,,,,,,,,,
chr14:clu_6274,,WARS1,human,no_unique_junctions,ENST00000392882.7,XM_024449707.2,100361921-100369087;100369258-100375283,100361921-100369087,,,,,,,,
chr14:clu_6274,,WARS1,human,no_unique_junctions,ENST00000392882.7,ENST00000883285.1,100361921-100369087;100369258-100375283,100361921-100369087,,,,,,,,
chr14:clu_6274,,WARS1,human,no_unique_junctions,ENST00000392882.7,ENST00000960986.1,100361921-100369087;100369258-100375283,100361921-100369087,,,,,,,,
chr14:clu_6274,,WARS1,human,no_unique_junctions,ENST00000392882.7,ENST00000883294.1,100361921-100369087;100369258-100375283,100361921-100369087,,,,,,,,
chr14:clu_6274,,WARS1,human,no_unique_junctions,ENST00000392882.7,XM_047431757.1,100361921-100369087;100369258-100375283,100361921-100369087;100369258-100375283,,,,,,,,
chr14:clu_6274,,WARS1,human,transcript_doesnt_have_junctions,ENST00000392882.7,XM_047431765.1,100361921-100369087;100369258-100375283,,,,,,,,,
chr14:clu_6274,,WARS1,human,transcript_doesnt_have_junctions,ENST00000392882.7,ENST00000554950.1,100361921-100369087;100369258-100375283,,,,,,,,,
chr14:clu_6274,,WARS1,human,transcript_doesnt_have_junctions,ENST00000392882.7,ENST00000557614.1,100361921-100369087;100369258-100375283,,,,,,,,,
chr14:clu_6274,,WARS1,human,no_unique_junctions,ENST00000392882.7,ENST00000553808.5,100361921-100369087;100369258-100375283,100361921-100369087;100369258-100375283,,,,,,,,
chr14:clu_6274,,WARS1,human,transcript_doesnt_have_junctions,ENST00000392882.7,ENST00000555063.5,100361921-100369087;100369258-100375283,,,,,,,,,
chr14:clu_6274,,WARS1,human,no_unique_junctions,ENST00000392882.7,ENST00000557094.5,100361921-100369087;100369258-100375283,100361921-100369087;100369258-100375283,,,,,,,,
chr14:clu_6274,,WARS1,human,no_unique_junctions,ENST00000392882.7,ENST00000883286.1,100361921-100369087;100369258-100375283,100361921-100369087,,,,,,,,
chr14:clu_6274,,WARS1,human,no_unique_junctions,ENST00000392882.7,ENST00000960985.1,100361921-100369087;100369258-100375283,100361921-100369087,,,,,,,,
chr14:clu_6274,,WARS1,human,no_unique_junctions,ENST00000392882.7,ENST00000883299.1,100361921-100369087;100369258-100375283,100361921-100369087,,,,,,,,
chr14:clu_6274,,WARS1,human,no_unique_junctions,ENST00000392882.7,ENST00000960997.1,100361921-100369087;100369258-100375283,100361921-100369087,,,,,,,,
chr14:clu_6274,,WARS1,human,no_unique_junctions,ENST00000392882.7,ENST00000940838.1,100361921-100369087;100369258-100375283,100361921-100369087,,,,,,,,
chr14:clu_6274,,WARS1,human,no_unique_junctions,ENST00000392882.7,ENST00000883291.1,100361921-100369087;100369258-100375283,100361921-100369087,,,,,,,,
chr14:clu_6274,,WARS1,human,no_unique_junctions,ENST00000392882.7,ENST00000940837.1,100361921-100369087;100369258-100375283,100361921-100369087,,,,,,,,
chr14:clu_6274,,WARS1,human,no_unique_junctions,ENST00000392882.7,ENST00000883287.1,100361921-100369087;100369258-100375283,100361921-100369087,,,,,,,,
chr14:clu_6274,,WARS1,human,no_unique_junctions,ENST00000392882.7,ENST00000883284.1,100361921-100369087;100369258-100375283,100361921-100369087,,,,,,,,
chr14:clu_6274,,WARS1,human,no_unique_junctions,ENST00000392882.7,ENST00000960984.1,100361921-100369087;100369258-100375283,100361921-100369087,,,,,,,,
chr14:clu_6274,,WARS1,human,no_unique_junctions,ENST00000392882.7,ENST00000960999.1,100361921-100369087;100369258-100375283,100361921-100369087,,,,,,,,
chr14:clu_6274,,WARS1,human,no_unique_junctions,ENST00000392882.7,ENST00000960996.1,100361921-100369087;100369258-100375283,100361921-100369087,,,,,,,,
chr14:clu_6274,,WARS1,human,no_unique_junctions,ENST00000392882.7,ENST00000960989.1,100361921-100369087;100369258-100375283,100361921-100369087,,,,,,,,
chr14:clu_6274,,WARS1,human,no_unique_junctions,ENST00000392882.7,ENST00000960998.1,100361921-100369087;100369258-100375283,100361921-100369087,,,,,,,,
chr14:clu_6274,,WARS1,human,no_unique_junctions,ENST00000392882.7,ENST00000883298.1,100361921-100369087;100369258-100375283,100361921-100369087,,,,,,,,
chr14:clu_6274,,WARS1,human,no_unique_junctions,ENST00000392882.7,ENST00000960990.1,100361921-100369087;100369258-100375283,100361921-100369087,,,,,,,,
chr14:clu_6274,,WARS1,human,no_unique_junctions,ENST00000392882.7,ENST00000940841.1,100361921-100369087;100369258-100375283,100361921-100369087;100369258-100375283,,,,,,,,
chr14:clu_6274,,WARS1,human,no_unique_junctions,ENST00000392882.7,ENST00000883301.1,100361921-100369087;100369258-100375283,100361921-100369087,,,,,,,,
chr14:clu_6274,,WARS1,human,no_unique_junctions,ENST00000392882.7,ENST00000883297.1,100361921-100369087;100369258-100375283,100361921-100369087,,,,,,,,
chr14:clu_6274,,WARS1,human,no_unique_junctions,ENST00000392882.7,ENST00000883295.1,100361921-100369087;100369258-100375283,100361921-100369087,,,,,,,,
chr14:clu_6274,,WARS1,human,no_unique_junctions,ENST00000392882.7,ENST00000883296.1,100361921-100369087;100369258-100375283,100361921-100369087,,,,,,,,
chr14:clu_6274,,WARS1,human,no_unique_junctions,ENST00000392882.7,ENST00000940839.1,100361921-100369087;100369258-100375283,100361921-100369087,,,,,,,,
chr14:clu_6274,,WARS1,human,no_unique_junctions,ENST00000392882.7,ENST00000883302.1,100361921-100369087;100369258-100375283,100361921-100369087,,,,,,,,
chr14:clu_6274,,WARS1,human,no_unique_junctions,ENST00000392882.7,ENST00000940840.1,100361921-100369087;100369258-100375283,100361921-100369087,,,,,,,,
chr14:clu_6274,,WARS1,human,no_unique_junctions,ENST00000392882.7,ENST00000883300.1,100361921-100369087;100369258-100375283,100361921-100369087,,,,,,,,
chr14:clu_6274,,WARS1,human,transcript_doesnt_have_junctions,ENST00000392882.7,ENST00000554601.1,100361921-100369087;100369258-100375283,,,,,,,,,
chr14:clu_6274,,WARS1,human,transcript_doesnt_have_junctions,ENST00000392882.7,ENST00000553395.5,100361921-100369087;100369258-100375283,,,,,,,,,
chr14:clu_6274,,WARS1,human,no_unique_junctions,ENST00000392882.7,ENST00000557722.5,100361921-100369087;100369258-100375283,100361921-100369087,,,,,,,,
chr14:clu_6274,,WARS1,human,transcript_doesnt_have_junctions,ENST00000392882.7,ENST00000556435.5,100361921-100369087;100369258-100375283,,,,,,,,,
chr14:clu_6274,,WARS1,human,transcript_doesnt_have_junctions,ENST00000392882.7,ENST00000556338.5,100361921-100369087;100369258-100375283,,,,,,,,,
chr14:clu_6274,,WARS1,human,no_unique_junctions,ENST00000392882.7,ENST00000555410.5,100361921-100369087;100369258-100375283,100369258-100375283,,,,,,,,
chr14:clu_6274,,WARS1,human,no_unique_junctions,ENST00000392882.7,ENST00000554772.5,100361921-100369087;100369258-100375283,100361921-100369087;100369258-100375283,,,,,,,,
chr14:clu_6274,,WARS1,human,no_unique_junctions,ENST00000392882.7,ENST00000556660.5,100361921-100369087;100369258-100375283,100361921-100369087,,,,,,,,
chr14:clu_6274,,WARS1,human,no_unique_junctions,ENST00000392882.7,ENST00000553413.5,100361921-100369087;100369258-100375283,100361921-100369087;100369258-100375283,,,,,,,,
chr14:clu_6274,,WARS1,human,no_unique_junctions,ENST00000392882.7,ENST00000553769.6,100361921-100369087;100369258-100375283,100361921-100369087;100369258-100375283,,,,,,,,
chr14:clu_6274,,WARS1,human,no_unique_junctions,ENST00000392882.7,ENST00000557347.5,100361921-100369087;100369258-100375283,100369258-100375283,,,,,,,,
chr14:clu_6274,,WARS1,human,no_unique_junctions,ENST00000392882.7,ENST00000556295.5,100361921-100369087;100369258-100375283,100361921-100369087,,,,,,,,
chr14:clu_6274,,WARS1,human,transcript_doesnt_have_junctions,ENST00000392882.7,ENST00000627608.1,100361921-100369087;100369258-100375283,,,,,,,,,
chr14:clu_6274,,WARS1,human,no_unique_junctions,ENST00000392882.7,ENST00000553934.1,100361921-100369087;100369258-100375283,100369258-100375283,,,,,,,,
chr14:clu_6274,,WARS1,human,transcript_doesnt_have_junctions,ENST00000392882.7,ENST00000554084.5,100361921-100369087;100369258-100375283,,,,,,,,,
chr14:clu_6274,,WARS1,human,transcript_doesnt_have_junctions,ENST00000392882.7,ENST00000555464.1,100361921-100369087;100369258-100375283,,,,,,,,,
chr14:clu_6274,,WARS1,human,subsumed_by_larger_group,ENST00000392882.7,ENST00000553524.5,100361921-100369087;100369258-100375283,100361921-100369087;100369258-100374136,,,,,,,,
chr14:clu_6274,,WARS1,human,subsumed_by_larger_group,ENST00000392882.7,ENST00000553545.5,100361921-100369087;100369258-100375283,100361921-100369087;100369258-100374136,,,,,,,,
chr14:clu_6274,,WARS1,human,subsumed_by_larger_group,ENST00000392882.7,ENST00000554820.5,100361921-100369087;100369258-100375283,100361921-100369087;100369258-100374136,,,,,,,,
chr14:clu_6274,,WARS1,human,subsumed_by_larger_group,ENST00000392882.7,ENST00000555813.5,100361921-100369087;100369258-100375283,100361921-100369087;100369258-100374136,,,,,,,,
chr14:clu_6274,,WARS1,human,subsumed_by_larger_group,ENST00000392882.7,ENST00000556209.5,100361921-100369087;100369258-100375283,100361921-100369087;100369258-100374136,,,,,,,,
chr14:clu_6274,,WARS1,human,subsumed_by_larger_group,ENST00000392882.7,ENST00000556695.5,100361921-100369087;100369258-100375283,100361921-100369087;100369258-100374136,,,,,,,,
chr14:clu_6274,,WARS1,human,subsumed_by_larger_group,ENST00000392882.7,ENST00000556698.5,100361921-100369087;100369258-100375283,100361921-100369087;100369258-100374136,,,,,,,,
chr14:clu_6274,,WARS1,human,subsumed_by_larger_group,ENST00000392882.7,ENST00000557135.5,100361921-100369087;100369258-100375283,100361921-100369087;100369258-100374136,,,,,,,,
chr14:clu_6274,,WARS1,human,subsumed_by_larger_group,ENST00000392882.7,ENST00000557297.5,100361921-100369087;100369258-100375283,100369258-100374136,,,,,,,,
chr14:clu_6274,,WARS1,human,subsumed_by_larger_group,ENST00000392882.7,ENST00000883283.1,100361921-100369087;100369258-100375283,100361921-100369087;100369258-100374136,,,,,,,,
chr14:clu_6274,,WARS1,human,subsumed_by_larger_group,ENST00000392882.7,ENST00000883288.1,100361921-100369087;100369258-100375283,100361921-100369087;100369258-100374136,,,,,,,,
chr14:clu_6274,,WARS1,human,subsumed_by_larger_group,ENST00000392882.7,ENST00000960983.1,100361921-100369087;100369258-100375283,100361921-100369087;100369258-100374136,,,,,,,,
chr14:clu_6274,,WARS1,human,subsumed_by_larger_group,ENST00000392882.7,ENST00000960988.1,100361921-100369087;100369258-100375283,100361921-100369087;100369258-100374136,,,,,,,,
chr14:clu_6274,,WARS1,human,subsumed_by_larger_group,ENST00000392882.7,ENST00000960991.1,100361921-100369087;100369258-100375283,100361921-100369087;100369258-100374136,,,,,,,,
chr14:clu_6274,,WARS1,human,subsumed_by_larger_group,ENST00000392882.7,ENST00000960993.1,100361921-100369087;100369258-100375283,100361921-100369087;100369258-100374136,,,,,,,,
chr14:clu_6274,,WARS1,human,subsumed_by_larger_group,ENST00000392882.7,ENST00000960994.1,100361921-100369087;100369258-100375283,100361921-100369087;100369258-100374136,,,,,,,,
chr14:clu_6274,,WARS1,human,subsumed_by_larger_group,ENST00000392882.7,ENST00000960995.1,100361921-100369087;100369258-100375283,100361921-100369087;100369258-100374136,,,,,,,,
chr14:clu_6274,,WARS1,human,subsumed_by_larger_group,ENST00000392882.7,XM_047431762.1,100361921-100369087;100369258-100375283,100361921-100369087;100369258-100374136,,,,,,,,
chr14:clu_6274,,WARS1,human,subsumed_by_larger_group,ENST00000392882.7,ENST00000883292.1,100361921-100369087;100369258-100375283,100361921-100369087;100374244-100375283,,,,,,,,
chr14:clu_6274,,WARS1,human,subsumed_by_larger_group,ENST00000392882.7,ENST00000883293.1,100361921-100369087;100369258-100375283,100361921-100369087;100374244-100375283,,,,,,,,
chr14:clu_6274,,WARS1,human,subsumed_by_larger_group,ENST00000392882.7,XM_011537136.4,100361921-100369087;100369258-100375283,100374244-100375283,,,,,,,,
chr14:clu_6274,1/3,WARS1,human,transcript_not_chosen,ENST00000392882.7,ENST00000344102.9,100361921-100369087;100369258-100375283,100361921-100375283,,,,,,,,
chr14:clu_6274,1/3,WARS1,human,transcript_not_chosen,ENST00000392882.7,ENST00000556504.5,100361921-100369087;100369258-100375283,100361921-100375283,,,,,,,,
chr14:clu_6274,2/3,WARS1,human,transcript_not_chosen,ENST00000392882.7,ENST00000553581.1,100361921-100369087;100369258-100375283,100369258-100374136;100374244-100375283,,,,,,,,
chr14:clu_6274,2/3,WARS1,human,transcript_not_chosen,ENST00000392882.7,ENST00000554509.5,100361921-100369087;100369258-100375283,100369258-100374136;100374244-100375283,,,,,,,,
chr14:clu_6274,2/3,WARS1,human,transcript_not_chosen,ENST00000392882.7,ENST00000554605.5,100361921-100369087;100369258-100375283,100361921-100369087;100369258-100374136;100374244-100375283,,,,,,,,
chr14:clu_6274,2/3,WARS1,human,transcript_not_chosen,ENST00000392882.7,ENST00000555031.5,100361921-100369087;100369258-100375283,100361921-100369087;100369258-100374136;100374244-100375283,,,,,,,,
chr14:clu_6274,3/3,WARS1,human,transcript_not_chosen,ENST00000392882.7,ENST00000554331.5,100361921-100369087;100369258-100375283,100361921-100369087;100369258-100376260,,,,,,,,
chr14:clu_6274,3/3,WARS1,human,transcript_not_chosen,ENST00000392882.7,ENST00000556579.5,100361921-100369087;100369258-100375283,100361921-100369087;100369258-100376260,,,,,,,,
chr14:clu_6274,3/3,WARS1,human,transcript_not_chosen,ENST00000392882.7,ENST00000556783.5,100361921-100369087;100369258-100375283,100369258-100376260,,,,,,,,
chr14:clu_6274,3/3,WARS1,human,transcript_not_chosen,ENST00000392882.7,ENST00000557239.5,100361921-100369087;100369258-100375283,100361921-100369087;100369258-100376260,,,,,,,,
chr14:clu_6274,3/3,WARS1,human,transcript_not_chosen,ENST00000392882.7,ENST00000883290.1,100361921-100369087;100369258-100375283,100369258-100376260,,,,,,,,
chr14:clu_6274,3/3,WARS1,human,transcript_not_chosen,ENST00000392882.7,ENST00000960987.1,100361921-100369087;100369258-100375283,100369258-100376260,,,,,,,,
chr14:clu_6274,3/3,WARS1,human,transcript_not_chosen,ENST00000392882.7,ENST00000960992.1,100361921-100369087;100369258-100375283,100361921-100369087;100369258-100376260,,,,,,,,
chr17:clu_21096,,ALYREF,human,transcript_doesnt_have_junctions,ENST00000505490.3,ENST00000511412.1,81888583-81889182,,,,,,,,,
chr17:clu_21096,,ALYREF,human,no_unique_junctions,ENST00000505490.3,ENST00000864755.1,81888583-81889182,81888583-81889182,,,,,,,,
chr20:clu_24024,,SAMHD1,human,no_unique_junctions,ENST00000646673.2,ENST00000262878.5,36917049-36919364,36917049-36919364,,,,,,,,
chr20:clu_24024,,SAMHD1,human,no_unique_junctions,ENST00000646673.2,ENST00000643918.1,36917049-36919364,36917049-36919364,,,,,,,,
chr20:clu_24024,,SAMHD1,human,no_unique_junctions,ENST00000646673.2,ENST00000647095.1,36917049-36919364,36917049-36919364,,,,,,,,
chr20:clu_24024,,SAMHD1,human,no_unique_junctions,ENST00000646673.2,ENST00000647459.1,36917049-36919364,36917049-36919364,,,,,,,,
chr20:clu_24024,,SAMHD1,human,no_unique_junctions,ENST00000646673.2,ENST00000644688.2,36917049-36919364,36917049-36919364,,,,,,,,
chr20:clu_24024,,SAMHD1,human,transcript_doesnt_have_junctions,ENST00000646673.2,ENST00000643003.1,36917049-36919364,,,,,,,,,
chr20:clu_24024,,SAMHD1,human,transcript_doesnt_have_junctions,ENST00000646673.2,ENST00000643243.1,36917049-36919364,,,,,,,,,
chr20:clu_24024,,SAMHD1,human,transcript_doesnt_have_junctions,ENST00000646673.2,ENST00000643907.1,36917049-36919364,,,,,,,,,
chr20:clu_24024,,SAMHD1,human,no_unique_junctions,ENST00000646673.2,ENST00000682773.1,36917049-36919364,36917049-36919364,,,,,,,,
chr20:clu_24024,,SAMHD1,human,no_unique_junctions,ENST00000646673.2,ENST00000644250.2,36917049-36919364,36917049-36919364,,,,,,,,
chr20:clu_24024,,SAMHD1,human,no_unique_junctions,ENST00000646673.2,ENST00000866370.1,36917049-36919364,36917049-36919364,,,,,,,,
chr20:clu_24024,,SAMHD1,human,no_unique_junctions,ENST00000646673.2,ENST00000642246.1,36917049-36919364,36917049-36919364,,,,,,,,
chr20:clu_24024,,SAMHD1,human,no_unique_junctions,ENST00000646673.2,ENST00000683766.1,36917049-36919364,36917049-36919364,,,,,,,,
chr20:clu_24024,,SAMHD1,human,no_unique_junctions,ENST00000646673.2,ENST00000646869.1,36917049-36919364,36917049-36919364,,,,,,,,
chr20:clu_24024,,SAMHD1,human,no_unique_junctions,ENST00000646673.2,ENST00000970830.1,36917049-36919364,36917049-36919364,,,,,,,,
chr20:clu_24024,,SAMHD1,human,no_unique_junctions,ENST00000646673.2,ENST00000926798.1,36917049-36919364,36917049-36919364,,,,,,,,
chr20:clu_24024,,SAMHD1,human,transcript_doesnt_have_junctions,ENST00000646673.2,ENST00000970831.1,36917049-36919364,,,,,,,,,
chr20:clu_24024,,SAMHD1,human,no_unique_junctions,ENST00000646673.2,ENST00000866371.1,36917049-36919364,36917049-36919364,,,,,,,,
chr20:clu_24024,,SAMHD1,human,no_unique_junctions,ENST00000646673.2,ENST00000644114.2,36917049-36919364,36917049-36919364,,,,,,,,
chr20:clu_24024,,SAMHD1,human,no_unique_junctions,ENST00000646673.2,ENST00000866373.1,36917049-36919364,36917049-36919364,,,,,,,,
chr20:clu_24024,,SAMHD1,human,transcript_doesnt_have_junctions,ENST00000646673.2,ENST00000866372.1,36917049-36919364,,,,,,,,,
chr20:clu_24024,,SAMHD1,human,transcript_doesnt_have_junctions,ENST00000646673.2,ENST00000646066.1,36917049-36919364,,,,,,,,,
chr20:clu_24024,,SAMHD1,human,no_unique_junctions,ENST00000646673.2,ENST00000683720.1,36917049-36919364,36917049-36919364,,,,,,,,
chr20:clu_24024,,SAMHD1,human,transcript_doesnt_have_junctions,ENST00000646673.2,ENST00000465985.2,36917049-36919364,,,,,,,,,
chr20:clu_24024,,SAMHD1,human,transcript_doesnt_have_junctions,ENST00000646673.2,ENST00000643825.1,36917049-36919364,,,,,,,,,
chr20:clu_24024,,SAMHD1,human,no_unique_junctions,ENST00000646673.2,ENST00000643078.1,36917049-36919364,36917049-36919364,,,,,,,,
chr20:clu_24024,,SAMHD1,human,transcript_doesnt_have_junctions,ENST00000646673.2,ENST00000646121.1,36917049-36919364,,,,,,,,,
chr20:clu_24024,,SAMHD1,human,no_unique_junctions,ENST00000646673.2,ENST00000643161.1,36917049-36919364,36917049-36919364,,,,,,,,
chr20:clu_24024,,SAMHD1,human,transcript_doesnt_have_junctions,ENST00000646673.2,ENST00000644370.1,36917049-36919364,,,,,,,,,
chr20:clu_24024,1/2,SAMHD1,human,transcript_not_chosen,ENST00000646673.2,ENST00000642186.1,36917049-36919364,36917096-36919364,,,,,,,,
chr20:clu_24024,1/2,SAMHD1,human,transcript_not_chosen,ENST00000646673.2,ENST00000642616.1,36917049-36919364,36917096-36919364,,,,,,,,
chr20:clu_24024,1/2,SAMHD1,human,transcript_not_chosen,ENST00000646673.2,ENST00000645033.1,36917049-36919364,36917096-36919364,,,,,,,,
chr20:clu_24024,1/2,SAMHD1,human,transcript_not_chosen,ENST00000646673.2,ENST00000645444.2,36917049-36919364,36917096-36919364,,,,,,,,
chr20:clu_24024,1/2,SAMHD1,human,transcript_not_chosen,ENST00000646673.2,ENST00000646866.1,36917049-36919364,36917096-36919364,,,,,,,,
chr17:clu_19768,,PER1,human,transcript_doesnt_have_junctions,ENST00000317276.9,ENST00000585095.2,8150845-8152337,,,,,,,,,
chr17:clu_19768,,PER1,human,transcript_doesnt_have_junctions,ENST00000317276.9,ENST00000583677.1,8150845-8152337,,,,,,,,,
chr17:clu_19768,,PER1,human,transcript_doesnt_have_junctions,ENST00000317276.9,ENST00000585284.1,8150845-8152337,,,,,,,,,
chr17:clu_19768,,PER1,human,transcript_doesnt_have_junctions,ENST00000317276.9,ENST00000579098.1,8150845-8152337,,,,,,,,,
chr17:clu_19768,,PER1,human,transcript_doesnt_have_junctions,ENST00000317276.9,ENST00000578950.1,8150845-8152337,,,,,,,,,
chr17:clu_19768,,PER1,human,transcript_doesnt_have_junctions,ENST00000317276.9,ENST00000577424.1,8150845-8152337,,,,,,,,,
chr17:clu_19768,,PER1,human,transcript_doesnt_have_junctions,ENST00000317276.9,ENST00000579203.1,8150845-8152337,,,,,,,,,
chr17:clu_19768,,PER1,human,transcript_doesnt_have_junctions,ENST00000317276.9,ENST00000578223.1,8150845-8152337,,,,,,,,,
chr17:clu_19768,,PER1,human,no_unique_junctions,ENST00000317276.9,ENST00000579065.1,8150845-8152337,8150845-8152337,,,,,,,,
chr17:clu_19768,,PER1,human,transcript_doesnt_have_junctions,ENST00000317276.9,ENST00000581082.6,8150845-8152337,,,,,,,,,
chr17:clu_19768,,PER1,human,no_unique_junctions,ENST00000317276.9,ENST00000857864.1,8150845-8152337,8150845-8152337,,,,,,,,
chr17:clu_19768,,PER1,human,no_unique_junctions,ENST00000317276.9,ENST00000857865.1,8150845-8152337,8150845-8152337,,,,,,,,
chr17:clu_19768,,PER1,human,no_unique_junctions,ENST00000317276.9,ENST00000582719.5,8150845-8152337,8150845-8152337,,,,,,,,
chr17:clu_19768,,PER1,human,transcript_doesnt_have_junctions,ENST00000317276.9,ENST00000354903.9,8150845-8152337,,,,,,,,,
chr17:clu_19768,,PER1,human,transcript_doesnt_have_junctions,ENST00000317276.9,ENST00000583559.1,8150845-8152337,,,,,,,,,
chr17:clu_19768,,PER1,human,transcript_doesnt_have_junctions,ENST00000317276.9,ENST00000581703.1,8150845-8152337,,,,,,,,,
chr17:clu_19768,,PER1,human,transcript_doesnt_have_junctions,ENST00000317276.9,ENST00000578089.1,8150845-8152337,,,,,,,,,
chr17:clu_19768,1/2,PER1,human,transcript_not_chosen,ENST00000317276.9,ENST00000577253.5,8150845-8152337,8150845-8156307,,,,,,,,
chr17:clu_19768,1/2,PER1,human,transcript_not_chosen,ENST00000317276.9,ENST00000581395.5,8150845-8152337,8150845-8156307,,,,,,,,
chr17:clu_19768,1/2,PER1,human,transcript_not_chosen,ENST00000317276.9,ENST00000857861.1,8150845-8152337,8150845-8156307,,,,,,,,
chr17:clu_19768,1/2,PER1,human,transcript_not_chosen,ENST00000317276.9,ENST00000857862.1,8150845-8152337,8150845-8156307,,,,,,,,
chr17:clu_19768,1/2,PER1,human,transcript_not_chosen,ENST00000317276.9,ENST00000857863.1,8150845-8152337,8150845-8156307,,,,,,,,
chr17:clu_19768,1/2,PER1,human,transcript_not_chosen,ENST00000317276.9,ENST00000929275.1,8150845-8152337,8150845-8156307,,,,,,,,
chr11:clu_7878,,SF1,human,no_unique_junctions,ENST00000377390.8,NM_001346364.2,64770408-64773430;64773505-64776498,64770408-64773430;64773505-64776498,,,,,,,,
chr11:clu_7878,,SF1,human,no_unique_junctions,ENST00000377390.8,NM_001440583.1,64770408-64773430;64773505-64776498,64770408-64773430;64773505-64776498,,,,,,,,
chr11:clu_7878,,SF1,human,no_unique_junctions,ENST00000377390.8,ENST00000486867.2,64770408-64773430;64773505-64776498,64770408-64773430;64773505-64776498,,,,,,,,
chr11:clu_7878,,SF1,human,no_unique_junctions,ENST00000377390.8,ENST00000227503.13,64770408-64773430;64773505-64776498,64770408-64773430;64773505-64776498,,,,,,,,
chr11:clu_7878,,SF1,human,no_unique_junctions,ENST00000377390.8,ENST00000334944.9,64770408-64773430;64773505-64776498,64770408-64773430;64773505-64776498,,,,,,,,
chr11:clu_7878,,SF1,human,no_unique_junctions,ENST00000377390.8,ENST00000377394.7,64770408-64773430;64773505-64776498,64770408-64773430;64773505-64776498,,,,,,,,
chr11:clu_7878,,SF1,human,no_unique_junctions,ENST00000377390.8,NM_001440582.1,64770408-64773430;64773505-64776498,64770408-64773430;64773505-64776498,,,,,,,,
chr11:clu_7878,,SF1,human,no_unique_junctions,ENST00000377390.8,NM_001440585.1,64770408-64773430;64773505-64776498,64770408-64773430;64773505-64776498,,,,,,,,
chr11:clu_7878,,SF1,human,no_unique_junctions,ENST00000377390.8,NM_001440584.1,64770408-64773430;64773505-64776498,64770408-64773430;64773505-64776498,,,,,,,,
chr11:clu_7878,,SF1,human,no_unique_junctions,ENST00000377390.8,NM_001440581.1,64770408-64773430;64773505-64776498,64770408-64773430;64773505-64776498,,,,,,,,
chr11:clu_7878,,SF1,human,no_unique_junctions,ENST00000377390.8,XM_047427549.1,64770408-64773430;64773505-64776498,64770408-64773430;64773505-64776498,,,,,,,,
chr11:clu_7878,,SF1,human,no_unique_junctions,ENST00000377390.8,ENST00000377387.5,64770408-64773430;64773505-64776498,64770408-64773430;64773505-64776498,,,,,,,,
chr11:clu_7878,,SF1,human,no_unique_junctions,ENST00000377390.8,ENST00000706684.1,64770408-64773430;64773505-64776498,64770408-64773430;64773505-64776498,,,,,,,,
chr11:clu_7878,,SF1,human,no_unique_junctions,ENST00000377390.8,ENST00000681407.1,64770408-64773430;64773505-64776498,64770408-64773430;64773505-64776498,,,,,,,,
chr11:clu_7878,,SF1,human,no_unique_junctions,ENST00000377390.8,NM_001440580.1,64770408-64773430;64773505-64776498,64770408-64773430;64773505-64776498,,,,,,,,
chr11:clu_7878,,SF1,human,no_unique_junctions,ENST00000377390.8,XM_011545247.2,64770408-64773430;64773505-64776498,64770408-64773430;64773505-64776498,,,,,,,,
chr11:clu_7878,,SF1,human,no_unique_junctions,ENST00000377390.8,ENST00000433274.6,64770408-64773430;64773505-64776498,64770408-64773430;64773505-64776498,,,,,,,,
chr11:clu_7878,,SF1,human,transcript_doesnt_have_junctions,ENST00000377390.8,ENST00000477596.1,64770408-64773430;64773505-64776498,,,,,,,,,
chr11:clu_7878,,SF1,human,transcript_doesnt_have_junctions,ENST00000377390.8,ENST00000486960.5,64770408-64773430;64773505-64776498,,,,,,,,,
chr11:clu_7878,,SF1,human,no_unique_junctions,ENST00000377390.8,ENST00000482693.1,64770408-64773430;64773505-64776498,64773505-64776498,,,,,,,,
chr11:clu_7878,,SF1,human,transcript_doesnt_have_junctions,ENST00000377390.8,ENST00000472725.5,64770408-64773430;64773505-64776498,,,,,,,,,
chr11:clu_7878,,SF1,human,transcript_doesnt_have_junctions,ENST00000377390.8,ENST00000463343.1,64770408-64773430;64773505-64776498,,,,,,,,,
chr11:clu_7878,,SF1,human,no_unique_junctions,ENST00000377390.8,ENST00000931519.1,64770408-64773430;64773505-64776498,64770408-64773430;64773505-64776498,,,,,,,,
chr11:clu_7878,,SF1,human,no_unique_junctions,ENST00000377390.8,ENST00000890453.1,64770408-64773430;64773505-64776498,64770408-64773430;64773505-64776498,,,,,,,,
chr11:clu_7878,,SF1,human,no_unique_junctions,ENST00000377390.8,ENST00000706685.1,64770408-64773430;64773505-64776498,64770408-64773430;64773505-64776498,,,,,,,,
chr11:clu_7878,,SF1,human,transcript_doesnt_have_junctions,ENST00000377390.8,ENST00000443908.5,64770408-64773430;64773505-64776498,,,,,,,,,
chr11:clu_7878,,SF1,human,transcript_doesnt_have_junctions,ENST00000377390.8,ENST00000413725.5,64770408-64773430;64773505-64776498,,,,,,,,,
chr11:clu_7878,,SF1,human,transcript_doesnt_have_junctions,ENST00000377390.8,ENST00000706686.1,64770408-64773430;64773505-64776498,,,,,,,,,
chr11:clu_7878,,SF1,human,no_unique_junctions,ENST00000377390.8,ENST00000413951.5,64770408-64773430;64773505-64776498,64770408-64773430;64773505-64776498,,,,,,,,
chr11:clu_7878,,SF1,human,no_unique_junctions,ENST00000377390.8,ENST00000432725.1,64770408-64773430;64773505-64776498,64770408-64773430;64773505-64776498,,,,,,,,
chr11:clu_7878,,SF1,human,transcript_doesnt_have_junctions,ENST00000377390.8,ENST00000489544.1,64770408-64773430;64773505-64776498,,,,,,,,,
chr11:clu_7878,,SF1,human,transcript_doesnt_have_junctions,ENST00000377390.8,ENST00000496969.1,64770408-64773430;64773505-64776498,,,,,,,,,
chr11:clu_7878,,SF1,human,no_unique_junctions,ENST00000377390.8,ENST00000633899.1,64770408-64773430;64773505-64776498,64773505-64776498,,,,,,,,
chr11:clu_7878,1/1,SF1,human,transcript_not_chosen,ENST00000377390.8,ENST00000448404.5,64770408-64773430;64773505-64776498,64770408-64776498,,,,,,,,
chr11:clu_7878,1/1,SF1,human,transcript_not_chosen,ENST00000377390.8,NM_001346409.2,64770408-64773430;64773505-64776498,64770408-64776498,,,,,,,,
chr1:clu_3388:TNFAIP8L2,,TNFAIP8L2,human,novel_junction,ENST00000368910.4,,151156722-151158666,151156722-151163931,,,,,,,,
chr1:clu_3388:TNFAIP8L2,,TNFAIP8L2,human,novel_junction,ENST00000368910.4,,151156722-151158666,151156722-151166471,,,,,,,,
chr1:clu_3388:TNFAIP8L2,,TNFAIP8L2,human,novel_junction,ENST00000368910.4,,151156722-151158666,151164036-151166471,,,,,,,,
chr1:clu_3388:TNFAIP8L2,,TNFAIP8L2,human,novel_junction,ENST00000368910.4,,151156722-151158666,151166203-151166471,,,,,,,,
chr1:clu_3388:TNFAIP8L2,,TNFAIP8L2,human,transcript_doesnt_have_junctions,ENST00000368910.4,ENST00000901232.1,151156722-151158666,,,,,,,,,
chr1:clu_3388:SCNM1,,SCNM1,human,gene_not_in_db,,,,,,,,,,,,
chr8:clu_24802,,TRAM1,human,no_unique_junctions,ENST00000262213.7,NM_001317804.2,70598011-70598134;70598255-70600019,70598011-70598134;70598255-70600019,,,,,,,,
chr8:clu_24802,,TRAM1,human,no_unique_junctions,ENST00000262213.7,XM_047421636.1,70598011-70598134;70598255-70600019,70598011-70598134;70598255-70600019,,,,,,,,
chr8:clu_24802,,TRAM1,human,no_unique_junctions,ENST00000262213.7,ENST00000521425.5,70598011-70598134;70598255-70600019,70598011-70598134;70598255-70600019,,,,,,,,
chr8:clu_24802,,TRAM1,human,no_unique_junctions,ENST00000262213.7,ENST00000884663.1,70598011-70598134;70598255-70600019,70598011-70598134;70598255-70600019,,,,,,,,
chr8:clu_24802,,TRAM1,human,no_unique_junctions,ENST00000262213.7,ENST00000952367.1,70598011-70598134;70598255-70600019,70598011-70598134;70598255-70600019,,,,,,,,
chr8:clu_24802,,TRAM1,human,no_unique_junctions,ENST00000262213.7,ENST00000884667.1,70598011-70598134;70598255-70600019,70598011-70598134;70598255-70600019,,,,,,,,
chr8:clu_24802,,TRAM1,human,no_unique_junctions,ENST00000262213.7,ENST00000884665.1,70598011-70598134;70598255-70600019,70598011-70598134;70598255-70600019,,,,,,,,
chr8:clu_24802,,TRAM1,human,no_unique_junctions,ENST00000262213.7,ENST00000884664.1,70598011-70598134;70598255-70600019,70598255-70600019,,,,,,,,
chr8:clu_24802,,TRAM1,human,no_unique_junctions,ENST00000262213.7,ENST00000884666.1,70598011-70598134;70598255-70600019,70598011-70598134;70598255-70600019,,,,,,,,
chr8:clu_24802,,TRAM1,human,no_unique_junctions,ENST00000262213.7,ENST00000952368.1,70598011-70598134;70598255-70600019,70598011-70598134,,,,,,,,
chr8:clu_24802,,TRAM1,human,no_unique_junctions,ENST00000262213.7,ENST00000884668.1,70598011-70598134;70598255-70600019,70598011-70598134;70598255-70600019,,,,,,,,
chr8:clu_24802,,TRAM1,human,transcript_doesnt_have_junctions,ENST00000262213.7,ENST00000952369.1,70598011-70598134;70598255-70600019,,,,,,,,,
chr8:clu_24802,,TRAM1,human,no_unique_junctions,ENST00000262213.7,ENST00000952370.1,70598011-70598134;70598255-70600019,70598011-70598134;70598255-70600019,,,,,,,,
chr8:clu_24802,,TRAM1,human,no_unique_junctions,ENST00000262213.7,ENST00000884670.1,70598011-70598134;70598255-70600019,70598011-70598134;70598255-70600019,,,,,,,,
chr8:clu_24802,,TRAM1,human,transcript_doesnt_have_junctions,ENST00000262213.7,ENST00000884669.1,70598011-70598134;70598255-70600019,,,,,,,,,
chr8:clu_24802,,TRAM1,human,no_unique_junctions,ENST00000262213.7,ENST00000518678.1,70598011-70598134;70598255-70600019,70598011-70598134;70598255-70600019,,,,,,,,
chr8:clu_24802,,TRAM1,human,no_unique_junctions,ENST00000262213.7,ENST00000520700.1,70598011-70598134;70598255-70600019,70598011-70598134;70598255-70600019,,,,,,,,
chr1:clu_3083,,PSMA5,human,novel_junction,ENST00000271308.9,,109402090-109409928,109402527-109409928,,,,,,,,
chr1:clu_3083,,PSMA5,human,no_unique_junctions,ENST00000271308.9,ENST00000538610.5,109402090-109409928,109402090-109409928,,,,,,,,
chr1:clu_3083,,PSMA5,human,no_unique_junctions,ENST00000271308.9,NM_001199773.2,109402090-109409928,109402090-109409928,,,,,,,,
chr1:clu_3083,,PSMA5,human,no_unique_junctions,ENST00000271308.9,NM_001199772.2,109402090-109409928,109402090-109409928,,,,,,,,
chr1:clu_3083,,PSMA5,human,no_unique_junctions,ENST00000271308.9,ENST00000933843.1,109402090-109409928,109402090-109409928,,,,,,,,
chr1:clu_3083,,PSMA5,human,no_unique_junctions,ENST00000271308.9,ENST00000933844.1,109402090-109409928,109402090-109409928,,,,,,,,
chr1:clu_3083,,PSMA5,human,no_unique_junctions,ENST00000271308.9,ENST00000933845.1,109402090-109409928,109402090-109409928,,,,,,,,
chr1:clu_3083,,PSMA5,human,transcript_doesnt_have_junctions,ENST00000271308.9,ENST00000933841.1,109402090-109409928,,,,,,,,,
chr1:clu_3083,,PSMA5,human,transcript_doesnt_have_junctions,ENST00000271308.9,ENST00000886871.1,109402090-109409928,,,,,,,,,
chr1:clu_3083,,PSMA5,human,no_unique_junctions,ENST00000271308.9,ENST00000886870.1,109402090-109409928,109402090-109409928,,,,,,,,
chr1:clu_3083,,PSMA5,human,no_unique_junctions,ENST00000271308.9,ENST00000490870.5,109402090-109409928,109402090-109409928,,,,,,,,
chr1:clu_3083,,PSMA5,human,transcript_doesnt_have_junctions,ENST00000271308.9,ENST00000477897.1,109402090-109409928,,,,,,,,,
chr1:clu_3083,,PSMA5,human,transcript_doesnt_have_junctions,ENST00000271308.9,ENST00000484563.1,109402090-109409928,,,,,,,,,
chr1:clu_3083,,PSMA5,human,transcript_doesnt_have_junctions,ENST00000271308.9,ENST00000491287.1,109402090-109409928,,,,,,,,,
chr10:clu_5289,,ADD3,human,no_unique_junctions,ENST00000356080.9,NM_001320591.2,110130486-110132305;110132400-110133326,110130486-110132305;110132400-110133326,,,,,,,,
chr10:clu_5289,,ADD3,human,no_unique_junctions,ENST00000356080.9,ENST00000901328.1,110130486-110132305;110132400-110133326,110130486-110132305;110132400-110133326,,,,,,,,
chr10:clu_5289,,ADD3,human,no_unique_junctions,ENST00000356080.9,ENST00000901327.1,110130486-110132305;110132400-110133326,110130486-110132305;110132400-110133326,,,,,,,,
chr10:clu_5289,,ADD3,human,no_unique_junctions,ENST00000356080.9,XM_047424587.1,110130486-110132305;110132400-110133326,110130486-110132305;110132400-110133326,,,,,,,,
chr10:clu_5289,,ADD3,human,no_unique_junctions,ENST00000356080.9,ENST00000901326.1,110130486-110132305;110132400-110133326,110130486-110132305;110132400-110133326,,,,,,,,
chr10:clu_5289,,ADD3,human,no_unique_junctions,ENST00000356080.9,ENST00000922592.1,110130486-110132305;110132400-110133326,110130486-110132305;110132400-110133326,,,,,,,,
chr10:clu_5289,,ADD3,human,no_unique_junctions,ENST00000356080.9,ENST00000901331.1,110130486-110132305;110132400-110133326,110130486-110132305;110132400-110133326,,,,,,,,
chr10:clu_5289,,ADD3,human,no_unique_junctions,ENST00000356080.9,ENST00000901330.1,110130486-110132305;110132400-110133326,110130486-110132305;110132400-110133326,,,,,,,,
chr10:clu_5289,,ADD3,human,no_unique_junctions,ENST00000356080.9,ENST00000901347.1,110130486-110132305;110132400-110133326,110130486-110132305;110132400-110133326,,,,,,,,
chr10:clu_5289,,ADD3,human,no_unique_junctions,ENST00000356080.9,ENST00000958054.1,110130486-110132305;110132400-110133326,110130486-110132305;110132400-110133326,,,,,,,,
chr10:clu_5289,,ADD3,human,no_unique_junctions,ENST00000356080.9,XM_024447795.1,110130486-110132305;110132400-110133326,110130486-110132305;110132400-110133326,,,,,,,,
chr10:clu_5289,,ADD3,human,no_unique_junctions,ENST00000356080.9,NM_001320594.2,110130486-110132305;110132400-110133326,110130486-110132305;110132400-110133326,,,,,,,,
chr10:clu_5289,,ADD3,human,no_unique_junctions,ENST00000356080.9,XM_047424589.1,110130486-110132305;110132400-110133326,110130486-110132305;110132400-110133326,,,,,,,,
chr10:clu_5289,,ADD3,human,no_unique_junctions,ENST00000356080.9,ENST00000901356.1,110130486-110132305;110132400-110133326,110130486-110132305;110132400-110133326,,,,,,,,
chr10:clu_5289,,ADD3,human,no_unique_junctions,ENST00000356080.9,XM_047424591.1,110130486-110132305;110132400-110133326,110130486-110132305;110132400-110133326,,,,,,,,
chr10:clu_5289,,ADD3,human,no_unique_junctions,ENST00000356080.9,XM_024447794.2,110130486-110132305;110132400-110133326,110130486-110132305;110132400-110133326,,,,,,,,
chr10:clu_5289,,ADD3,human,no_unique_junctions,ENST00000356080.9,XM_024447798.1,110130486-110132305;110132400-110133326,110130486-110132305;110132400-110133326,,,,,,,,
chr10:clu_5289,,ADD3,human,no_unique_junctions,ENST00000356080.9,ENST00000901360.1,110130486-110132305;110132400-110133326,110130486-110132305;110132400-110133326,,,,,,,,
chr10:clu_5289,,ADD3,human,no_unique_junctions,ENST00000356080.9,XM_047424597.1,110130486-110132305;110132400-110133326,110130486-110132305;110132400-110133326,,,,,,,,
chr10:clu_5289,,ADD3,human,no_unique_junctions,ENST00000356080.9,ENST00000958044.1,110130486-110132305;110132400-110133326,110130486-110132305;110132400-110133326,,,,,,,,
chr10:clu_5289,,ADD3,human,no_unique_junctions,ENST00000356080.9,ENST00000958051.1,110130486-110132305;110132400-110133326,110130486-110132305;110132400-110133326,,,,,,,,
chr10:clu_5289,,ADD3,human,no_unique_junctions,ENST00000356080.9,ENST00000922591.1,110130486-110132305;110132400-110133326,110130486-110132305;110132400-110133326,,,,,,,,
chr10:clu_5289,,ADD3,human,no_unique_junctions,ENST00000356080.9,ENST00000922593.1,110130486-110132305;110132400-110133326,110130486-110132305;110132400-110133326,,,,,,,,
chr10:clu_5289,,ADD3,human,no_unique_junctions,ENST00000356080.9,ENST00000901342.1,110130486-110132305;110132400-110133326,110130486-110132305;110132400-110133326,,,,,,,,
chr10:clu_5289,,ADD3,human,no_unique_junctions,ENST00000356080.9,ENST00000922594.1,110130486-110132305;110132400-110133326,110130486-110132305;110132400-110133326,,,,,,,,
chr10:clu_5289,,ADD3,human,no_unique_junctions,ENST00000356080.9,ENST00000901345.1,110130486-110132305;110132400-110133326,110130486-110132305;110132400-110133326,,,,,,,,
chr10:clu_5289,,ADD3,human,no_unique_junctions,ENST00000356080.9,ENST00000922596.1,110130486-110132305;110132400-110133326,110130486-110132305;110132400-110133326,,,,,,,,
chr10:clu_5289,,ADD3,human,no_unique_junctions,ENST00000356080.9,ENST00000958062.1,110130486-110132305;110132400-110133326,110130486-110132305;110132400-110133326,,,,,,,,
chr10:clu_5289,,ADD3,human,no_unique_junctions,ENST00000356080.9,ENST00000922595.1,110130486-110132305;110132400-110133326,110130486-110132305;110132400-110133326,,,,,,,,
chr10:clu_5289,,ADD3,human,no_unique_junctions,ENST00000356080.9,ENST00000922597.1,110130486-110132305;110132400-110133326,110130486-110132305;110132400-110133326,,,,,,,,
chr10:clu_5289,,ADD3,human,no_unique_junctions,ENST00000356080.9,ENST00000958064.1,110130486-110132305;110132400-110133326,110130486-110132305;110132400-110133326,,,,,,,,
chr10:clu_5289,,ADD3,human,no_unique_junctions,ENST00000356080.9,ENST00000901350.1,110130486-110132305;110132400-110133326,110130486-110132305;110132400-110133326,,,,,,,,
chr10:clu_5289,,ADD3,human,no_unique_junctions,ENST00000356080.9,ENST00000901352.1,110130486-110132305;110132400-110133326,110130486-110132305;110132400-110133326,,,,,,,,
chr10:clu_5289,,ADD3,human,no_unique_junctions,ENST00000356080.9,ENST00000922598.1,110130486-110132305;110132400-110133326,110130486-110132305;110132400-110133326,,,,,,,,
chr10:clu_5289,,ADD3,human,no_unique_junctions,ENST00000356080.9,ENST00000958068.1,110130486-110132305;110132400-110133326,110130486-110132305;110132400-110133326,,,,,,,,
chr10:clu_5289,,ADD3,human,no_unique_junctions,ENST00000356080.9,ENST00000901354.1,110130486-110132305;110132400-110133326,110130486-110132305;110132400-110133326,,,,,,,,
chr10:clu_5289,,ADD3,human,no_unique_junctions,ENST00000356080.9,ENST00000901339.1,110130486-110132305;110132400-110133326,110130486-110132305;110132400-110133326,,,,,,,,
chr10:clu_5289,,ADD3,human,transcript_doesnt_have_junctions,ENST00000356080.9,ENST00000468251.5,110130486-110132305;110132400-110133326,,,,,,,,,
chr10:clu_5289,,ADD3,human,transcript_doesnt_have_junctions,ENST00000356080.9,ENST00000487085.5,110130486-110132305;110132400-110133326,,,,,,,,,
chr10:clu_5289,,ADD3,human,transcript_doesnt_have_junctions,ENST00000356080.9,ENST00000484622.5,110130486-110132305;110132400-110133326,,,,,,,,,
chr10:clu_5289,,ADD3,human,transcript_doesnt_have_junctions,ENST00000356080.9,ENST00000459738.5,110130486-110132305;110132400-110133326,,,,,,,,,
chr10:clu_5289,,ADD3,human,transcript_doesnt_have_junctions,ENST00000356080.9,ENST00000495661.5,110130486-110132305;110132400-110133326,,,,,,,,,
chr10:clu_5289,,ADD3,human,transcript_doesnt_have_junctions,ENST00000356080.9,ENST00000497125.5,110130486-110132305;110132400-110133326,,,,,,,,,
chr10:clu_5289,,ADD3,human,transcript_doesnt_have_junctions,ENST00000356080.9,ENST00000475954.5,110130486-110132305;110132400-110133326,,,,,,,,,
chr10:clu_5289,,ADD3,human,transcript_doesnt_have_junctions,ENST00000356080.9,ENST00000496517.5,110130486-110132305;110132400-110133326,,,,,,,,,
chr10:clu_5289,,ADD3,human,transcript_doesnt_have_junctions,ENST00000356080.9,ENST00000473669.5,110130486-110132305;110132400-110133326,,,,,,,,,
chr10:clu_5289,,ADD3,human,transcript_doesnt_have_junctions,ENST00000356080.9,ENST00000468345.1,110130486-110132305;110132400-110133326,,,,,,,,,
chr10:clu_5289,,ADD3,human,transcript_doesnt_have_junctions,ENST00000356080.9,ENST00000486014.1,110130486-110132305;110132400-110133326,,,,,,,,,
chr10:clu_5289,,ADD3,human,transcript_doesnt_have_junctions,ENST00000356080.9,ENST00000488104.1,110130486-110132305;110132400-110133326,,,,,,,,,
chr10:clu_5289,,ADD3,human,transcript_doesnt_have_junctions,ENST00000356080.9,ENST00000488837.1,110130486-110132305;110132400-110133326,,,,,,,,,
chr10:clu_5289,,ADD3,human,transcript_doesnt_have_junctions,ENST00000356080.9,ENST00000472568.5,110130486-110132305;110132400-110133326,,,,,,,,,
chr10:clu_5289,,ADD3,human,transcript_doesnt_have_junctions,ENST00000356080.9,ENST00000492162.5,110130486-110132305;110132400-110133326,,,,,,,,,
chr10:clu_5289,,ADD3,human,no_unique_junctions,ENST00000356080.9,ENST00000479805.1,110130486-110132305;110132400-110133326,110130486-110132305,,,,,,,,
chr10:clu_5289,1/1,ADD3,human,transcript_not_chosen,ENST00000356080.9,ENST00000277900.12,110130486-110132305;110132400-110133326,110130486-110133326,,,,,,,,
chr10:clu_5289,1/1,ADD3,human,transcript_not_chosen,ENST00000356080.9,ENST00000360162.7,110130486-110132305;110132400-110133326,110130486-110133326,,,,,,,,
chr10:clu_5289,1/1,ADD3,human,transcript_not_chosen,ENST00000356080.9,ENST00000488799.5,110130486-110132305;110132400-110133326,110130486-110133326,,,,,,,,
chr10:clu_5289,1/1,ADD3,human,transcript_not_chosen,ENST00000356080.9,ENST00000901329.1,110130486-110132305;110132400-110133326,110130486-110133326,,,,,,,,
chr10:clu_5289,1/1,ADD3,human,transcript_not_chosen,ENST00000356080.9,ENST00000901332.1,110130486-110132305;110132400-110133326,110130486-110133326,,,,,,,,
chr10:clu_5289,1/1,ADD3,human,transcript_not_chosen,ENST00000356080.9,ENST00000901333.1,110130486-110132305;110132400-110133326,110130486-110133326,,,,,,,,
chr10:clu_5289,1/1,ADD3,human,transcript_not_chosen,ENST00000356080.9,ENST00000901334.1,110130486-110132305;110132400-110133326,110130486-110133326,,,,,,,,
chr10:clu_5289,1/1,ADD3,human,transcript_not_chosen,ENST00000356080.9,ENST00000901335.1,110130486-110132305;110132400-110133326,110130486-110133326,,,,,,,,
chr10:clu_5289,1/1,ADD3,human,transcript_not_chosen,ENST00000356080.9,ENST00000901336.1,110130486-110132305;110132400-110133326,110130486-110133326,,,,,,,,
chr10:clu_5289,1/1,ADD3,human,transcript_not_chosen,ENST00000356080.9,ENST00000901337.1,110130486-110132305;110132400-110133326,110130486-110133326,,,,,,,,
chr10:clu_5289,1/1,ADD3,human,transcript_not_chosen,ENST00000356080.9,ENST00000901338.1,110130486-110132305;110132400-110133326,110130486-110133326,,,,,,,,
chr10:clu_5289,1/1,ADD3,human,transcript_not_chosen,ENST00000356080.9,ENST00000901340.1,110130486-110132305;110132400-110133326,110130486-110133326,,,,,,,,
chr10:clu_5289,1/1,ADD3,human,transcript_not_chosen,ENST00000356080.9,ENST00000901341.1,110130486-110132305;110132400-110133326,110130486-110133326,,,,,,,,
chr10:clu_5289,1/1,ADD3,human,transcript_not_chosen,ENST00000356080.9,ENST00000901344.1,110130486-110132305;110132400-110133326,110130486-110133326,,,,,,,,
chr10:clu_5289,1/1,ADD3,human,transcript_not_chosen,ENST00000356080.9,ENST00000901346.1,110130486-110132305;110132400-110133326,110130486-110133326,,,,,,,,
chr10:clu_5289,1/1,ADD3,human,transcript_not_chosen,ENST00000356080.9,ENST00000901348.1,110130486-110132305;110132400-110133326,110130486-110133326,,,,,,,,
chr10:clu_5289,1/1,ADD3,human,transcript_not_chosen,ENST00000356080.9,ENST00000901349.1,110130486-110132305;110132400-110133326,110130486-110133326,,,,,,,,
chr10:clu_5289,1/1,ADD3,human,transcript_not_chosen,ENST00000356080.9,ENST00000901351.1,110130486-110132305;110132400-110133326,110130486-110133326,,,,,,,,
chr10:clu_5289,1/1,ADD3,human,transcript_not_chosen,ENST00000356080.9,ENST00000901353.1,110130486-110132305;110132400-110133326,110130486-110133326,,,,,,,,
chr10:clu_5289,1/1,ADD3,human,transcript_not_chosen,ENST00000356080.9,ENST00000901355.1,110130486-110132305;110132400-110133326,110130486-110133326,,,,,,,,
chr10:clu_5289,1/1,ADD3,human,transcript_not_chosen,ENST00000356080.9,ENST00000901357.1,110130486-110132305;110132400-110133326,110130486-110133326,,,,,,,,
chr10:clu_5289,1/1,ADD3,human,transcript_not_chosen,ENST00000356080.9,ENST00000901358.1,110130486-110132305;110132400-110133326,110130486-110133326,,,,,,,,
chr10:clu_5289,1/1,ADD3,human,transcript_not_chosen,ENST00000356080.9,ENST00000901359.1,110130486-110132305;110132400-110133326,110130486-110133326,,,,,,,,
chr10:clu_5289,1/1,ADD3,human,transcript_not_chosen,ENST00000356080.9,ENST00000958043.1,110130486-110132305;110132400-110133326,110130486-110133326,,,,,,,,
chr10:clu_5289,1/1,ADD3,human,transcript_not_chosen,ENST00000356080.9,ENST00000958045.1,110130486-110132305;110132400-110133326,110130486-110133326,,,,,,,,
chr10:clu_5289,1/1,ADD3,human,transcript_not_chosen,ENST00000356080.9,ENST00000958046.1,110130486-110132305;110132400-110133326,110130486-110133326,,,,,,,,
chr10:clu_5289,1/1,ADD3,human,transcript_not_chosen,ENST00000356080.9,ENST00000958047.1,110130486-110132305;110132400-110133326,110130486-110133326,,,,,,,,
chr10:clu_5289,1/1,ADD3,human,transcript_not_chosen,ENST00000356080.9,ENST00000958048.1,110130486-110132305;110132400-110133326,110130486-110133326,,,,,,,,
chr10:clu_5289,1/1,ADD3,human,transcript_not_chosen,ENST00000356080.9,ENST00000958049.1,110130486-110132305;110132400-110133326,110130486-110133326,,,,,,,,
chr10:clu_5289,1/1,ADD3,human,transcript_not_chosen,ENST00000356080.9,ENST00000958050.1,110130486-110132305;110132400-110133326,110130486-110133326,,,,,,,,
chr10:clu_5289,1/1,ADD3,human,transcript_not_chosen,ENST00000356080.9,ENST00000958052.1,110130486-110132305;110132400-110133326,110130486-110133326,,,,,,,,
chr10:clu_5289,1/1,ADD3,human,transcript_not_chosen,ENST00000356080.9,ENST00000958053.1,110130486-110132305;110132400-110133326,110130486-110133326,,,,,,,,
chr10:clu_5289,1/1,ADD3,human,transcript_not_chosen,ENST00000356080.9,ENST00000958055.1,110130486-110132305;110132400-110133326,110130486-110133326,,,,,,,,
chr10:clu_5289,1/1,ADD3,human,transcript_not_chosen,ENST00000356080.9,ENST00000958056.1,110130486-110132305;110132400-110133326,110130486-110133326,,,,,,,,
chr10:clu_5289,1/1,ADD3,human,transcript_not_chosen,ENST00000356080.9,ENST00000958057.1,110130486-110132305;110132400-110133326,110130486-110133326,,,,,,,,
chr10:clu_5289,1/1,ADD3,human,transcript_not_chosen,ENST00000356080.9,ENST00000958058.1,110130486-110132305;110132400-110133326,110130486-110133326,,,,,,,,
chr10:clu_5289,1/1,ADD3,human,transcript_not_chosen,ENST00000356080.9,ENST00000958059.1,110130486-110132305;110132400-110133326,110130486-110133326,,,,,,,,
chr10:clu_5289,1/1,ADD3,human,transcript_not_chosen,ENST00000356080.9,ENST00000958060.1,110130486-110132305;110132400-110133326,110130486-110133326,,,,,,,,
chr10:clu_5289,1/1,ADD3,human,transcript_not_chosen,ENST00000356080.9,ENST00000958061.1,110130486-110132305;110132400-110133326,110130486-110133326,,,,,,,,
chr10:clu_5289,1/1,ADD3,human,transcript_not_chosen,ENST00000356080.9,ENST00000958063.1,110130486-110132305;110132400-110133326,110130486-110133326,,,,,,,,
chr10:clu_5289,1/1,ADD3,human,transcript_not_chosen,ENST00000356080.9,ENST00000958065.1,110130486-110132305;110132400-110133326,110130486-110133326,,,,,,,,
chr10:clu_5289,1/1,ADD3,human,transcript_not_chosen,ENST00000356080.9,ENST00000958066.1,110130486-110132305;110132400-110133326,110130486-110133326,,,,,,,,
chr10:clu_5289,1/1,ADD3,human,transcript_not_chosen,ENST00000356080.9,ENST00000958067.1,110130486-110132305;110132400-110133326,110130486-110133326,,,,,,,,
chr10:clu_5289,1/1,ADD3,human,transcript_not_chosen,ENST00000356080.9,ENST00000958069.1,110130486-110132305;110132400-110133326,110130486-110133326,,,,,,,,
chr10:clu_5289,1/1,ADD3,human,transcript_not_chosen,ENST00000356080.9,XM_047424592.1,110130486-110132305;110132400-110133326,110130486-110133326,,,,,,,,
chr19:clu_13634,,ARHGEF1,human,no_unique_junctions,ENST00000354532.8,NM_001396003.1,41883289-41888064,41883289-41888064,,,,,,,,
chr19:clu_13634,,ARHGEF1,human,no_unique_junctions,ENST00000354532.8,ENST00000698932.1,41883289-41888064,41883289-41888064,,,,,,,,
chr19:clu_13634,,ARHGEF1,human,no_unique_junctions,ENST00000354532.8,NM_001396002.1,41883289-41888064,41883289-41888064,,,,,,,,
chr19:clu_13634,,ARHGEF1,human,no_unique_junctions,ENST00000354532.8,ENST00000599846.6,41883289-41888064,41883289-41888064,,,,,,,,
chr19:clu_13634,,ARHGEF1,human,no_unique_junctions,ENST00000354532.8,NM_001396006.1,41883289-41888064,41883289-41888064,,,,,,,,
chr19:clu_13634,,ARHGEF1,human,no_unique_junctions,ENST00000354532.8,ENST00000347545.8,41883289-41888064,41883289-41888064,,,,,,,,
chr19:clu_13634,,ARHGEF1,human,no_unique_junctions,ENST00000354532.8,NM_001396004.1,41883289-41888064,41883289-41888064,,,,,,,,
chr19:clu_13634,,ARHGEF1,human,no_unique_junctions,ENST00000354532.8,ENST00000600387.5,41883289-41888064,41883289-41888064,,,,,,,,
chr19:clu_13634,,ARHGEF1,human,no_unique_junctions,ENST00000354532.8,ENST00000600274.5,41883289-41888064,41883289-41888064,,,,,,,,
chr19:clu_13634,,ARHGEF1,human,transcript_doesnt_have_junctions,ENST00000354532.8,ENST00000617585.1,41883289-41888064,,,,,,,,,
chr19:clu_13634,,ARHGEF1,human,transcript_doesnt_have_junctions,ENST00000354532.8,ENST00000595897.5,41883289-41888064,,,,,,,,,
chr19:clu_13634,,ARHGEF1,human,transcript_doesnt_have_junctions,ENST00000354532.8,ENST00000594044.1,41883289-41888064,,,,,,,,,
chr19:clu_13634,,ARHGEF1,human,transcript_doesnt_have_junctions,ENST00000354532.8,ENST00000598587.1,41883289-41888064,,,,,,,,,
chr19:clu_13634,,ARHGEF1,human,transcript_doesnt_have_junctions,ENST00000354532.8,ENST00000598444.1,41883289-41888064,,,,,,,,,
chr19:clu_13634,,ARHGEF1,human,transcript_doesnt_have_junctions,ENST00000354532.8,ENST00000593609.1,41883289-41888064,,,,,,,,,
chr19:clu_13634,,ARHGEF1,human,transcript_doesnt_have_junctions,ENST00000354532.8,ENST00000594513.1,41883289-41888064,,,,,,,,,
chr19:clu_13634,,ARHGEF1,human,no_unique_junctions,ENST00000354532.8,ENST00000938777.1,41883289-41888064,41883289-41888064,,,,,,,,
chr19:clu_13634,,ARHGEF1,human,no_unique_junctions,ENST00000354532.8,ENST00000953275.1,41883289-41888064,41883289-41888064,,,,,,,,
chr19:clu_13634,,ARHGEF1,human,no_unique_junctions,ENST00000354532.8,ENST00000854348.1,41883289-41888064,41883289-41888064,,,,,,,,
chr19:clu_13634,,ARHGEF1,human,no_unique_junctions,ENST00000354532.8,ENST00000854350.1,41883289-41888064,41883289-41888064,,,,,,,,
chr19:clu_13634,,ARHGEF1,human,no_unique_junctions,ENST00000354532.8,ENST00000854349.1,41883289-41888064,41883289-41888064,,,,,,,,
chr19:clu_13634,,ARHGEF1,human,no_unique_junctions,ENST00000354532.8,ENST00000854352.1,41883289-41888064,41883289-41888064,,,,,,,,
chr19:clu_13634,,ARHGEF1,human,no_unique_junctions,ENST00000354532.8,ENST00000854351.1,41883289-41888064,41883289-41888064,,,,,,,,
chr19:clu_13634,,ARHGEF1,human,no_unique_junctions,ENST00000354532.8,ENST00000854347.1,41883289-41888064,41883289-41888064,,,,,,,,
chr19:clu_13634,,ARHGEF1,human,no_unique_junctions,ENST00000354532.8,ENST00000953276.1,41883289-41888064,41883289-41888064,,,,,,,,
chr19:clu_13634,,ARHGEF1,human,no_unique_junctions,ENST00000354532.8,ENST00000938778.1,41883289-41888064,41883289-41888064,,,,,,,,
chr19:clu_13634,,ARHGEF1,human,no_unique_junctions,ENST00000354532.8,ENST00000854353.1,41883289-41888064,41883289-41888064,,,,,,,,
chr19:clu_13634,,ARHGEF1,human,no_unique_junctions,ENST00000354532.8,ENST00000854345.1,41883289-41888064,41883289-41888064,,,,,,,,
chr19:clu_13634,,ARHGEF1,human,no_unique_junctions,ENST00000354532.8,ENST00000953281.1,41883289-41888064,41883289-41888064,,,,,,,,
chr19:clu_13634,,ARHGEF1,human,no_unique_junctions,ENST00000354532.8,ENST00000953279.1,41883289-41888064,41883289-41888064,,,,,,,,
chr19:clu_13634,,ARHGEF1,human,no_unique_junctions,ENST00000354532.8,ENST00000953278.1,41883289-41888064,41883289-41888064,,,,,,,,
chr19:clu_13634,,ARHGEF1,human,no_unique_junctions,ENST00000354532.8,ENST00000953277.1,41883289-41888064,41883289-41888064,,,,,,,,
chr19:clu_13634,,ARHGEF1,human,transcript_doesnt_have_junctions,ENST00000354532.8,ENST00000953280.1,41883289-41888064,,,,,,,,,
chr19:clu_13634,,ARHGEF1,human,no_unique_junctions,ENST00000354532.8,ENST00000854354.1,41883289-41888064,41883289-41888064,,,,,,,,
chr19:clu_13634,,ARHGEF1,human,no_unique_junctions,ENST00000354532.8,ENST00000953282.1,41883289-41888064,41883289-41888064,,,,,,,,
chr19:clu_13634,,ARHGEF1,human,no_unique_junctions,ENST00000354532.8,ENST00000953284.1,41883289-41888064,41883289-41888064,,,,,,,,
chr19:clu_13634,,ARHGEF1,human,transcript_doesnt_have_junctions,ENST00000354532.8,ENST00000854355.1,41883289-41888064,,,,,,,,,
chr19:clu_13634,,ARHGEF1,human,no_unique_junctions,ENST00000354532.8,ENST00000953283.1,41883289-41888064,41883289-41888064,,,,,,,,
chr19:clu_13634,,ARHGEF1,human,no_unique_junctions,ENST00000354532.8,ENST00000706938.1,41883289-41888064,41883289-41888064,,,,,,,,
chr19:clu_13634,,ARHGEF1,human,transcript_doesnt_have_junctions,ENST00000354532.8,ENST00000938781.1,41883289-41888064,,,,,,,,,
chr19:clu_13634,,ARHGEF1,human,transcript_doesnt_have_junctions,ENST00000354532.8,ENST00000938784.1,41883289-41888064,,,,,,,,,
chr19:clu_13634,,ARHGEF1,human,transcript_doesnt_have_junctions,ENST00000354532.8,ENST00000953288.1,41883289-41888064,,,,,,,,,
chr19:clu_13634,,ARHGEF1,human,transcript_doesnt_have_junctions,ENST00000354532.8,ENST00000598812.5,41883289-41888064,,,,,,,,,
chr19:clu_13634,,ARHGEF1,human,transcript_doesnt_have_junctions,ENST00000354532.8,ENST00000594521.5,41883289-41888064,,,,,,,,,
chr19:clu_13634,,ARHGEF1,human,transcript_doesnt_have_junctions,ENST00000354532.8,ENST00000599589.5,41883289-41888064,,,,,,,,,
chr19:clu_13634,,ARHGEF1,human,transcript_doesnt_have_junctions,ENST00000354532.8,ENST00000594258.1,41883289-41888064,,,,,,,,,
chr19:clu_13634,,ARHGEF1,human,transcript_doesnt_have_junctions,ENST00000354532.8,ENST00000595723.5,41883289-41888064,,,,,,,,,
chr19:clu_13634,,ARHGEF1,human,transcript_doesnt_have_junctions,ENST00000354532.8,ENST00000600517.1,41883289-41888064,,,,,,,,,
chr19:clu_13634,,ARHGEF1,human,transcript_doesnt_have_junctions,ENST00000354532.8,ENST00000594417.1,41883289-41888064,,,,,,,,,
chr19:clu_13634,,ARHGEF1,human,transcript_doesnt_have_junctions,ENST00000354532.8,ENST00000596957.1,41883289-41888064,,,,,,,,,
chr19:clu_13634,,ARHGEF1,human,transcript_doesnt_have_junctions,ENST00000354532.8,ENST00000595770.1,41883289-41888064,,,,,,,,,
chr19:clu_13634,1/1,ARHGEF1,human,transcript_not_chosen,ENST00000354532.8,ENST00000337665.8,41883289-41888064,41884493-41888064,,,,,,,,
chr19:clu_13634,1/1,ARHGEF1,human,transcript_not_chosen,ENST00000354532.8,ENST00000378152.8,41883289-41888064,41884493-41888064,,,,,,,,
chr19:clu_13634,1/1,ARHGEF1,human,transcript_not_chosen,ENST00000354532.8,ENST00000698933.1,41883289-41888064,41884493-41888064,,,,,,,,
chr19:clu_13634,1/1,ARHGEF1,human,transcript_not_chosen,ENST00000354532.8,ENST00000698934.1,41883289-41888064,41884493-41888064,,,,,,,,
chr19:clu_13634,1/1,ARHGEF1,human,transcript_not_chosen,ENST00000354532.8,ENST00000854346.1,41883289-41888064,41884493-41888064,,,,,,,,
chr19:clu_13634,1/1,ARHGEF1,human,transcript_not_chosen,ENST00000354532.8,ENST00000854356.1,41883289-41888064,41884493-41888064,,,,,,,,
chr19:clu_13634,1/1,ARHGEF1,human,transcript_not_chosen,ENST00000354532.8,ENST00000854357.1,41883289-41888064,41884493-41888064,,,,,,,,
chr19:clu_13634,1/1,ARHGEF1,human,transcript_not_chosen,ENST00000354532.8,ENST00000854358.1,41883289-41888064,41884493-41888064,,,,,,,,
chr19:clu_13634,1/1,ARHGEF1,human,transcript_not_chosen,ENST00000354532.8,ENST00000854359.1,41883289-41888064,41884493-41888064,,,,,,,,
chr19:clu_13634,1/1,ARHGEF1,human,transcript_not_chosen,ENST00000354532.8,ENST00000938779.1,41883289-41888064,41884493-41888064,,,,,,,,
chr19:clu_13634,1/1,ARHGEF1,human,transcript_not_chosen,ENST00000354532.8,ENST00000938780.1,41883289-41888064,41884493-41888064,,,,,,,,
chr19:clu_13634,1/1,ARHGEF1,human,transcript_not_chosen,ENST00000354532.8,ENST00000938782.1,41883289-41888064,41884493-41888064,,,,,,,,
chr19:clu_13634,1/1,ARHGEF1,human,transcript_not_chosen,ENST00000354532.8,ENST00000938783.1,41883289-41888064,41884493-41888064,,,,,,,,
chr19:clu_13634,1/1,ARHGEF1,human,transcript_not_chosen,ENST00000354532.8,ENST00000953285.1,41883289-41888064,41884493-41888064,,,,,,,,
chr19:clu_13634,1/1,ARHGEF1,human,transcript_not_chosen,ENST00000354532.8,ENST00000953286.1,41883289-41888064,41884493-41888064,,,,,,,,
chr19:clu_13634,1/1,ARHGEF1,human,transcript_not_chosen,ENST00000354532.8,ENST00000953287.1,41883289-41888064,41884493-41888064,,,,,,,,
chr19:clu_13634,1/1,ARHGEF1,human,transcript_not_chosen,ENST00000354532.8,XM_047439663.1,41883289-41888064,41884493-41888064,,,,,,,,
chr19:clu_13634,1/1,ARHGEF1,human,transcript_not_chosen,ENST00000354532.8,XM_047439664.1,41883289-41888064,41884493-41888064,,,,,,,,
chr19:clu_13634,1/1,ARHGEF1,human,transcript_not_chosen,ENST00000354532.8,XM_047439665.1,41883289-41888064,41884493-41888064,,,,,,,,
chr19:clu_13634,1/1,ARHGEF1,human,transcript_not_chosen,ENST00000354532.8,XM_047439666.1,41883289-41888064,41884493-41888064,,,,,,,,
chr1:clu_3818,,SELL,human,novel_junction,ENST00000236147.6,,169696553-169701560,169696553-169701377,,,,,,,,
chr1:clu_3818,,SELL,human,transcript_doesnt_have_junctions,ENST00000236147.6,ENST00000463108.5,169696553-169701560,,,,,,,,,
chr1:clu_3818,,SELL,human,transcript_doesnt_have_junctions,ENST00000236147.6,ENST00000466340.1,169696553-169701560,,,,,,,,,
chr1:clu_3818,,SELL,human,no_unique_junctions,ENST00000236147.6,ENST00000650983.1,169696553-169701560,169696553-169701560,,,,,,,,
chr1:clu_3818,,SELL,human,no_unique_junctions,ENST00000236147.6,ENST00000878074.1,169696553-169701560,169696553-169701560,,,,,,,,
chr1:clu_3818,,SELL,human,no_unique_junctions,ENST00000236147.6,ENST00000878075.1,169696553-169701560,169696553-169701560,,,,,,,,
chr1:clu_3818,,SELL,human,transcript_doesnt_have_junctions,ENST00000236147.6,ENST00000497295.1,169696553-169701560,,,,,,,,,
chr1:clu_3818,,SELL,human,transcript_doesnt_have_junctions,ENST00000236147.6,ENST00000460650.5,169696553-169701560,,,,,,,,,
chr1:clu_3818,,SELL,human,transcript_doesnt_have_junctions,ENST00000236147.6,ENST00000479657.5,169696553-169701560,,,,,,,,,
chr1:clu_3818,,SELL,human,all_known_junctions_are_canonical,ENST00000236147.6,,169696553-169701560,,,,,,,,,
chr1:clu_2590:LOC107984945,,LOC107984945,human,gene_not_in_db,,,,,,,,,,,,
chrX:clu_22909,,SH3BGRL,human,transcript_doesnt_have_junctions,ENST00000373212.6,XM_011531014.2,81202245-81276984,,,,,,,,,
chrX:clu_22909,,SH3BGRL,human,transcript_doesnt_have_junctions,ENST00000373212.6,XM_047442354.1,81202245-81276984,,,,,,,,,
chrX:clu_22909,,SH3BGRL,human,transcript_doesnt_have_junctions,ENST00000373212.6,XM_011531013.1,81202245-81276984,,,,,,,,,
chrX:clu_22909,,SH3BGRL,human,transcript_doesnt_have_junctions,ENST00000373212.6,ENST00000963204.1,81202245-81276984,,,,,,,,,
chrX:clu_22909,,SH3BGRL,human,no_unique_junctions,ENST00000373212.6,ENST00000963205.1,81202245-81276984,81202245-81276984,,,,,,,,
chrX:clu_22909,,SH3BGRL,human,transcript_doesnt_have_junctions,ENST00000373212.6,ENST00000877843.1,81202245-81276984,,,,,,,,,
chrX:clu_22909,,SH3BGRL,human,no_unique_junctions,ENST00000373212.6,ENST00000877844.1,81202245-81276984,81202245-81276984,,,,,,,,
chrX:clu_22909,,SH3BGRL,human,transcript_doesnt_have_junctions,ENST00000373212.6,ENST00000463546.5,81202245-81276984,,,,,,,,,
chrX:clu_22909,,SH3BGRL,human,transcript_doesnt_have_junctions,ENST00000373212.6,ENST00000474113.1,81202245-81276984,,,,,,,,,
chr3:clu_11080,,CCNL1,human,no_unique_junctions,ENST00000295926.8,ENST00000461804.5,157148589-157149287;157149385-157149485,157149385-157149485,,,,,,,,
chr3:clu_11080,,CCNL1,human,no_unique_junctions,ENST00000295926.8,XM_047448605.1,157148589-157149287;157149385-157149485,157148589-157149287;157149385-157149485,,,,,,,,
chr3:clu_11080,,CCNL1,human,no_unique_junctions,ENST00000295926.8,XM_011513011.4,157148589-157149287;157149385-157149485,157148589-157149287;157149385-157149485,,,,,,,,
chr3:clu_11080,,CCNL1,human,no_unique_junctions,ENST00000295926.8,XM_024453669.2,157148589-157149287;157149385-157149485,157148589-157149287;157149385-157149485,,,,,,,,
chr3:clu_11080,,CCNL1,human,no_unique_junctions,ENST00000295926.8,XM_047448604.1,157148589-157149287;157149385-157149485,157148589-157149287;157149385-157149485,,,,,,,,
chr3:clu_11080,,CCNL1,human,no_unique_junctions,ENST00000295926.8,ENST00000464316.5,157148589-157149287;157149385-157149485,157148589-157149287;157149385-157149485,,,,,,,,
chr3:clu_11080,,CCNL1,human,no_unique_junctions,ENST00000295926.8,ENST00000471247.5,157148589-157149287;157149385-157149485,157148589-157149287;157149385-157149485,,,,,,,,
chr3:clu_11080,,CCNL1,human,no_unique_junctions,ENST00000295926.8,ENST00000474539.5,157148589-157149287;157149385-157149485,157148589-157149287;157149385-157149485,,,,,,,,
chr3:clu_11080,,CCNL1,human,no_unique_junctions,ENST00000295926.8,ENST00000476744.5,157148589-157149287;157149385-157149485,157148589-157149287;157149385-157149485,,,,,,,,
chr3:clu_11080,,CCNL1,human,no_unique_junctions,ENST00000295926.8,ENST00000467849.1,157148589-157149287;157149385-157149485,157149385-157149485,,,,,,,,
chr3:clu_11080,,CCNL1,human,no_unique_junctions,ENST00000295926.8,ENST00000476367.5,157148589-157149287;157149385-157149485,157149385-157149485,,,,,,,,
chr3:clu_11080,,CCNL1,human,transcript_doesnt_have_junctions,ENST00000295926.8,ENST00000464679.5,157148589-157149287;157149385-157149485,,,,,,,,,
chr3:clu_11080,,CCNL1,human,transcript_doesnt_have_junctions,ENST00000295926.8,ENST00000495471.1,157148589-157149287;157149385-157149485,,,,,,,,,
chr3:clu_11080,,CCNL1,human,transcript_doesnt_have_junctions,ENST00000295926.8,ENST00000481173.1,157148589-157149287;157149385-157149485,,,,,,,,,
chr3:clu_11080,,CCNL1,human,transcript_doesnt_have_junctions,ENST00000295926.8,ENST00000483789.5,157148589-157149287;157149385-157149485,,,,,,,,,
chr3:clu_11080,,CCNL1,human,transcript_doesnt_have_junctions,ENST00000295926.8,ENST00000478454.5,157148589-157149287;157149385-157149485,,,,,,,,,
chr3:clu_11080,,CCNL1,human,transcript_doesnt_have_junctions,ENST00000295926.8,ENST00000479596.5,157148589-157149287;157149385-157149485,,,,,,,,,
chr3:clu_11080,,CCNL1,human,transcript_doesnt_have_junctions,ENST00000295926.8,ENST00000467081.1,157148589-157149287;157149385-157149485,,,,,,,,,
chr3:clu_11080,,CCNL1,human,transcript_doesnt_have_junctions,ENST00000295926.8,ENST00000464575.1,157148589-157149287;157149385-157149485,,,,,,,,,
chr3:clu_11080,,CCNL1,human,transcript_doesnt_have_junctions,ENST00000295926.8,ENST00000471044.1,157148589-157149287;157149385-157149485,,,,,,,,,
chr3:clu_11080,,CCNL1,human,transcript_doesnt_have_junctions,ENST00000295926.8,ENST00000466101.1,157148589-157149287;157149385-157149485,,,,,,,,,
chr3:clu_11080,,CCNL1,human,no_unique_junctions,ENST00000295926.8,ENST00000961332.1,157148589-157149287;157149385-157149485,157148589-157149287,,,,,,,,
chr3:clu_11080,,CCNL1,human,no_unique_junctions,ENST00000295926.8,ENST00000961333.1,157148589-157149287;157149385-157149485,157149385-157149485,,,,,,,,
chr3:clu_11080,,CCNL1,human,no_unique_junctions,ENST00000295926.8,ENST00000475298.5,157148589-157149287;157149385-157149485,157148589-157149287;157149385-157149485,,,,,,,,
chr3:clu_11080,,CCNL1,human,no_unique_junctions,ENST00000295926.8,ENST00000631619.1,157148589-157149287;157149385-157149485,157148589-157149287;157149385-157149485,,,,,,,,
chr3:clu_11080,,CCNL1,human,no_unique_junctions,ENST00000295926.8,ENST00000470121.5,157148589-157149287;157149385-157149485,157148589-157149287;157149385-157149485,,,,,,,,
chr3:clu_11080,,CCNL1,human,no_unique_junctions,ENST00000295926.8,ENST00000468977.5,157148589-157149287;157149385-157149485,157148589-157149287;157149385-157149485,,,,,,,,
chr3:clu_11080,,CCNL1,human,no_unique_junctions,ENST00000295926.8,ENST00000477127.5,157148589-157149287;157149385-157149485,157149385-157149485,,,,,,,,
chr3:clu_11080,,CCNL1,human,transcript_doesnt_have_junctions,ENST00000295926.8,ENST00000465947.5,157148589-157149287;157149385-157149485,,,,,,,,,
chr3:clu_11080,,CCNL1,human,transcript_doesnt_have_junctions,ENST00000295926.8,ENST00000295925.5,157148589-157149287;157149385-157149485,,,,,,,,,
chr3:clu_11080,,CCNL1,human,transcript_doesnt_have_junctions,ENST00000295926.8,ENST00000479052.5,157148589-157149287;157149385-157149485,,,,,,,,,
chr3:clu_11080,1/1,CCNL1,human,transcript_not_chosen,ENST00000295926.8,XM_047448606.1,157148589-157149287;157149385-157149485,157148589-157149485,,,,,,,,
chr6:clu_21814:CNPY3,,CNPY3,human,novel_junction,ENST00000372836.5,,42929721-42934475;42934598-42935574,42929721-42935412,,,,,,,,
chr6:clu_21814:CNPY3,,CNPY3,human,no_unique_junctions,ENST00000372836.5,NM_001318848.2,42929721-42934475;42934598-42935574,42929721-42934475;42934598-42935574,,,,,,,,
chr6:clu_21814:CNPY3,,CNPY3,human,no_unique_junctions,ENST00000372836.5,ENST00000945352.1,42929721-42934475;42934598-42935574,42929721-42934475,,,,,,,,
chr6:clu_21814:CNPY3,,CNPY3,human,transcript_doesnt_have_junctions,ENST00000372836.5,ENST00000945353.1,42929721-42934475;42934598-42935574,,,,,,,,,
chr6:clu_21814:CNPY3,,CNPY3,human,no_unique_junctions,ENST00000372836.5,ENST00000893180.1,42929721-42934475;42934598-42935574,42934598-42935574,,,,,,,,
chr6:clu_21814:CNPY3,,CNPY3,human,transcript_doesnt_have_junctions,ENST00000372836.5,ENST00000924678.1,42929721-42934475;42934598-42935574,,,,,,,,,
chr6:clu_21814:CNPY3,,CNPY3,human,no_unique_junctions,ENST00000372836.5,ENST00000893181.1,42929721-42934475;42934598-42935574,42929721-42934475;42934598-42935574,,,,,,,,
chr6:clu_21814:CNPY3,,CNPY3,human,no_unique_junctions,ENST00000372836.5,ENST00000924680.1,42929721-42934475;42934598-42935574,42934598-42935574,,,,,,,,
chr6:clu_21814:CNPY3,,CNPY3,human,no_unique_junctions,ENST00000372836.5,ENST00000945355.1,42929721-42934475;42934598-42935574,42929721-42934475;42934598-42935574,,,,,,,,
chr6:clu_21814:CNPY3,,CNPY3,human,no_unique_junctions,ENST00000372836.5,ENST00000893182.1,42929721-42934475;42934598-42935574,42929721-42934475;42934598-42935574,,,,,,,,
chr6:clu_21814:CNPY3,,CNPY3,human,subsumed_by_larger_group,ENST00000372836.5,ENST00000893179.1,42929721-42934475;42934598-42935574,42929721-42934475;42934598-42935412,,,,,,,,
chr6:clu_21814:CNPY3,,CNPY3,human,subsumed_by_larger_group,ENST00000372836.5,ENST00000924677.1,42929721-42934475;42934598-42935574,42929721-42934475;42934598-42935412,,,,,,,,
chr6:clu_21814:CNPY3,,CNPY3,human,subsumed_by_larger_group,ENST00000372836.5,ENST00000924679.1,42929721-42934475;42934598-42935574,42929721-42934475;42934598-42935412,,,,,,,,
chr6:clu_21814:CNPY3,,CNPY3,human,subsumed_by_larger_group,ENST00000372836.5,ENST00000945354.1,42929721-42934475;42934598-42935574,42929721-42934475;42934598-42935412,,,,,,,,
chr7:clu_25986,,LAMTOR4,human,novel_junction,ENST00000341942.10,,100148975-100149499,100149033-100149499,,,,,,,,
chr7:clu_25986,,LAMTOR4,human,transcript_doesnt_have_junctions,ENST00000341942.10,NM_001394589.1,100148975-100149499,,,,,,,,,
chr7:clu_25986,,LAMTOR4,human,no_unique_junctions,ENST00000341942.10,ENST00000460732.5,100148975-100149499,100148975-100149499,,,,,,,,
chr7:clu_25986,,LAMTOR4,human,transcript_doesnt_have_junctions,ENST00000341942.10,ENST00000474141.5,100148975-100149499,,,,,,,,,
chr7:clu_25986,,LAMTOR4,human,no_unique_junctions,ENST00000341942.10,ENST00000494136.1,100148975-100149499,100148975-100149499,,,,,,,,
chr7:clu_25986,,LAMTOR4,human,transcript_doesnt_have_junctions,ENST00000341942.10,ENST00000488338.2,100148975-100149499,,,,,,,,,
chr7:clu_25986,,LAMTOR4,human,no_unique_junctions,ENST00000341942.10,ENST00000441173.1,100148975-100149499,100148975-100149499,,,,,,,,
chr7:clu_25986,,LAMTOR4,human,transcript_doesnt_have_junctions,ENST00000341942.10,ENST00000473459.5,100148975-100149499,,,,,,,,,
chr7:clu_25986,,LAMTOR4,human,transcript_doesnt_have_junctions,ENST00000341942.10,ENST00000466498.2,100148975-100149499,,,,,,,,,
chr7:clu_25986,,LAMTOR4,human,transcript_doesnt_have_junctions,ENST00000341942.10,ENST00000490633.1,100148975-100149499,,,,,,,,,
chr7:clu_25986,,LAMTOR4,human,no_unique_junctions,ENST00000341942.10,ENST00000474831.5,100148975-100149499,100148975-100149499,,,,,,,,
chr7:clu_25986,1/1,LAMTOR4,human,transcript_not_chosen,ENST00000341942.10,ENST00000468582.5,100148975-100149499,100149053-100149499,,,,,,,,
chr7:clu_25986,1/1,LAMTOR4,human,transcript_not_chosen,ENST00000341942.10,ENST00000488241.5,100148975-100149499,100149053-100149499,,,,,,,,
chr7:clu_25986,1/1,LAMTOR4,human,transcript_not_chosen,ENST00000341942.10,NM_001394588.1,100148975-100149499,100149053-100149499,,,,,,,,
chr17:clu_20948,,SRSF2,human,transcript_doesnt_have_junctions,ENST00000359995.10,ENST00000392485.2,76735158-76736154,,,,,,,,,
chr17:clu_20948,,SRSF2,human,transcript_doesnt_have_junctions,ENST00000359995.10,ENST00000586778.1,76735158-76736154,,,,,,,,,
chr17:clu_20948,,SRSF2,human,transcript_doesnt_have_junctions,ENST00000359995.10,ENST00000592676.1,76735158-76736154,,,,,,,,,
chr17:clu_20948,,SRSF2,human,no_unique_junctions,ENST00000359995.10,ENST00000358156.7,76735158-76736154,76735158-76736154,,,,,,,,
chr17:clu_20948,,SRSF2,human,no_unique_junctions,ENST00000359995.10,ENST00000970524.1,76735158-76736154,76735158-76736154,,,,,,,,
chr17:clu_20948,,SRSF2,human,transcript_doesnt_have_junctions,ENST00000359995.10,ENST00000870177.1,76735158-76736154,,,,,,,,,
chr17:clu_20948,,SRSF2,human,no_unique_junctions,ENST00000359995.10,ENST00000585202.5,76735158-76736154,76735158-76736154,,,,,,,,
chr17:clu_20948,,SRSF2,human,no_unique_junctions,ENST00000359995.10,ENST00000508921.7,76735158-76736154,76735158-76736154,,,,,,,,
chr17:clu_20948,,SRSF2,human,transcript_doesnt_have_junctions,ENST00000359995.10,ENST00000583836.1,76735158-76736154,,,,,,,,,
chr17:clu_20948,,SRSF2,human,subsumed_by_larger_group,ENST00000359995.10,ENST00000589919.1,76735158-76736154,76735158-76735772,,,,,,,,
chr17:clu_20948,,SRSF2,human,subsumed_by_larger_group,ENST00000359995.10,ENST00000870176.1,76735158-76736154,76735158-76735772,,,,,,,,
chr17:clu_20948,,SRSF2,human,subsumed_by_larger_group,ENST00000359995.10,ENST00000870175.1,76735158-76736154,76735875-76736154,,,,,,,,
chr17:clu_20948,1/1,SRSF2,human,transcript_not_chosen,ENST00000359995.10,ENST00000582449.5,76735158-76736154,76735158-76735772;76735875-76736154,,,,,,,,
chr15:clu_16046_B,,PKM,human,no_unique_junctions,ENST00000335181.10,ENST00000891960.1,72202620-72206728,72202620-72206728,,,,,,,,
chr15:clu_16046_B,,PKM,human,no_unique_junctions,ENST00000335181.10,ENST00000389093.7,72202620-72206728,72202620-72206728,,,,,,,,
chr15:clu_16046_B,,PKM,human,no_unique_junctions,ENST00000335181.10,NM_001206798.3,72202620-72206728,72202620-72206728,,,,,,,,
chr15:clu_16046_B,,PKM,human,no_unique_junctions,ENST00000335181.10,XM_011521670.2,72202620-72206728,72202620-72206728,,,,,,,,
chr15:clu_16046_B,,PKM,human,no_unique_junctions,ENST00000335181.10,ENST00000698741.1,72202620-72206728,72202620-72206728,,,,,,,,
chr15:clu_16046_B,,PKM,human,no_unique_junctions,ENST00000335181.10,ENST00000969854.1,72202620-72206728,72202620-72206728,,,,,,,,
chr15:clu_16046_B,,PKM,human,no_unique_junctions,ENST00000335181.10,XM_047432664.1,72202620-72206728,72202620-72206728,,,,,,,,
chr15:clu_16046_B,,PKM,human,no_unique_junctions,ENST00000335181.10,XM_005254443.2,72202620-72206728,72202620-72206728,,,,,,,,
chr15:clu_16046_B,,PKM,human,no_unique_junctions,ENST00000335181.10,XM_047432662.1,72202620-72206728,72202620-72206728,,,,,,,,
chr15:clu_16046_B,,PKM,human,transcript_doesnt_have_junctions,ENST00000335181.10,ENST00000564440.5,72202620-72206728,,,,,,,,,
chr15:clu_16046_B,,PKM,human,transcript_doesnt_have_junctions,ENST00000335181.10,ENST00000565143.1,72202620-72206728,,,,,,,,,
chr15:clu_16046_B,,PKM,human,no_unique_junctions,ENST00000335181.10,ENST00000563986.1,72202620-72206728,72202620-72206728,,,,,,,,
chr15:clu_16046_B,,PKM,human,transcript_doesnt_have_junctions,ENST00000335181.10,ENST00000564993.1,72202620-72206728,,,,,,,,,
chr15:clu_16046_B,,PKM,human,transcript_doesnt_have_junctions,ENST00000335181.10,ENST00000563275.1,72202620-72206728,,,,,,,,,
chr15:clu_16046_B,,PKM,human,transcript_doesnt_have_junctions,ENST00000335181.10,ENST00000568743.1,72202620-72206728,,,,,,,,,
chr15:clu_16046_B,,PKM,human,transcript_doesnt_have_junctions,ENST00000335181.10,ENST00000562784.1,72202620-72206728,,,,,,,,,
chr15:clu_16046_B,,PKM,human,transcript_doesnt_have_junctions,ENST00000335181.10,ENST00000564276.1,72202620-72206728,,,,,,,,,
chr15:clu_16046_B,,PKM,human,no_unique_junctions,ENST00000335181.10,ENST00000891975.1,72202620-72206728,72202620-72206728,,,,,,,,
chr15:clu_16046_B,,PKM,human,no_unique_junctions,ENST00000335181.10,ENST00000933430.1,72202620-72206728,72202620-72206728,,,,,,,,
chr15:clu_16046_B,,PKM,human,no_unique_junctions,ENST00000335181.10,ENST00000891968.1,72202620-72206728,72202620-72206728,,,,,,,,
chr15:clu_16046_B,,PKM,human,no_unique_junctions,ENST00000335181.10,ENST00000891981.1,72202620-72206728,72202620-72206728,,,,,,,,
chr15:clu_16046_B,,PKM,human,no_unique_junctions,ENST00000335181.10,ENST00000891980.1,72202620-72206728,72202620-72206728,,,,,,,,
chr15:clu_16046_B,,PKM,human,no_unique_junctions,ENST00000335181.10,ENST00000933440.1,72202620-72206728,72202620-72206728,,,,,,,,
chr15:clu_16046_B,,PKM,human,transcript_doesnt_have_junctions,ENST00000335181.10,ENST00000933445.1,72202620-72206728,,,,,,,,,
chr15:clu_16046_B,,PKM,human,no_unique_junctions,ENST00000335181.10,ENST00000891973.1,72202620-72206728,72202620-72206728,,,,,,,,
chr15:clu_16046_B,,PKM,human,no_unique_junctions,ENST00000335181.10,ENST00000891974.1,72202620-72206728,72202620-72206728,,,,,,,,
chr15:clu_16046_B,,PKM,human,no_unique_junctions,ENST00000335181.10,ENST00000891971.1,72202620-72206728,72202620-72206728,,,,,,,,
chr15:clu_16046_B,,PKM,human,transcript_doesnt_have_junctions,ENST00000335181.10,ENST00000933435.1,72202620-72206728,,,,,,,,,
chr15:clu_16046_B,,PKM,human,no_unique_junctions,ENST00000335181.10,ENST00000933436.1,72202620-72206728,72202620-72206728,,,,,,,,
chr15:clu_16046_B,,PKM,human,no_unique_junctions,ENST00000335181.10,ENST00000698740.1,72202620-72206728,72202620-72206728,,,,,,,,
chr15:clu_16046_B,,PKM,human,no_unique_junctions,ENST00000335181.10,ENST00000891969.1,72202620-72206728,72202620-72206728,,,,,,,,
chr15:clu_16046_B,,PKM,human,transcript_doesnt_have_junctions,ENST00000335181.10,ENST00000933432.1,72202620-72206728,,,,,,,,,
chr15:clu_16046_B,,PKM,human,transcript_doesnt_have_junctions,ENST00000335181.10,ENST00000933433.1,72202620-72206728,,,,,,,,,
chr15:clu_16046_B,,PKM,human,no_unique_junctions,ENST00000335181.10,ENST00000933434.1,72202620-72206728,72202620-72206728,,,,,,,,
chr15:clu_16046_B,,PKM,human,no_unique_junctions,ENST00000335181.10,ENST00000933431.1,72202620-72206728,72202620-72206728,,,,,,,,
chr15:clu_16046_B,,PKM,human,no_unique_junctions,ENST00000335181.10,ENST00000891967.1,72202620-72206728,72202620-72206728,,,,,,,,
chr15:clu_16046_B,,PKM,human,no_unique_junctions,ENST00000335181.10,ENST00000891965.1,72202620-72206728,72202620-72206728,,,,,,,,
chr15:clu_16046_B,,PKM,human,no_unique_junctions,ENST00000335181.10,ENST00000891963.1,72202620-72206728,72202620-72206728,,,,,,,,
chr15:clu_16046_B,,PKM,human,no_unique_junctions,ENST00000335181.10,ENST00000933446.1,72202620-72206728,72202620-72206728,,,,,,,,
chr15:clu_16046_B,,PKM,human,no_unique_junctions,ENST00000335181.10,ENST00000969855.1,72202620-72206728,72202620-72206728,,,,,,,,
chr15:clu_16046_B,,PKM,human,no_unique_junctions,ENST00000335181.10,ENST00000891976.1,72202620-72206728,72202620-72206728,,,,,,,,
chr15:clu_16046_B,,PKM,human,no_unique_junctions,ENST00000335181.10,ENST00000891978.1,72202620-72206728,72202620-72206728,,,,,,,,
chr15:clu_16046_B,,PKM,human,no_unique_junctions,ENST00000335181.10,ENST00000933441.1,72202620-72206728,72202620-72206728,,,,,,,,
chr15:clu_16046_B,,PKM,human,no_unique_junctions,ENST00000335181.10,ENST00000933443.1,72202620-72206728,72202620-72206728,,,,,,,,
chr15:clu_16046_B,,PKM,human,transcript_doesnt_have_junctions,ENST00000335181.10,ENST00000933437.1,72202620-72206728,,,,,,,,,
chr15:clu_16046_B,,PKM,human,no_unique_junctions,ENST00000335181.10,ENST00000969841.1,72202620-72206728,72202620-72206728,,,,,,,,
chr15:clu_16046_B,,PKM,human,no_unique_junctions,ENST00000335181.10,ENST00000891961.1,72202620-72206728,72202620-72206728,,,,,,,,
chr15:clu_16046_B,,PKM,human,no_unique_junctions,ENST00000335181.10,ENST00000969856.1,72202620-72206728,72202620-72206728,,,,,,,,
chr15:clu_16046_B,,PKM,human,no_unique_junctions,ENST00000335181.10,ENST00000891972.1,72202620-72206728,72202620-72206728,,,,,,,,
chr15:clu_16046_B,,PKM,human,no_unique_junctions,ENST00000335181.10,ENST00000891984.1,72202620-72206728,72202620-72206728,,,,,,,,
chr15:clu_16046_B,,PKM,human,no_unique_junctions,ENST00000335181.10,ENST00000933442.1,72202620-72206728,72202620-72206728,,,,,,,,
chr15:clu_16046_B,,PKM,human,no_unique_junctions,ENST00000335181.10,ENST00000969850.1,72202620-72206728,72202620-72206728,,,,,,,,
chr15:clu_16046_B,,PKM,human,no_unique_junctions,ENST00000335181.10,ENST00000933439.1,72202620-72206728,72202620-72206728,,,,,,,,
chr15:clu_16046_B,,PKM,human,no_unique_junctions,ENST00000335181.10,ENST00000891970.1,72202620-72206728,72202620-72206728,,,,,,,,
chr15:clu_16046_B,,PKM,human,no_unique_junctions,ENST00000335181.10,ENST00000891962.1,72202620-72206728,72202620-72206728,,,,,,,,
chr15:clu_16046_B,,PKM,human,no_unique_junctions,ENST00000335181.10,ENST00000933438.1,72202620-72206728,72202620-72206728,,,,,,,,
chr15:clu_16046_B,,PKM,human,no_unique_junctions,ENST00000335181.10,ENST00000969852.1,72202620-72206728,72202620-72206728,,,,,,,,
chr15:clu_16046_B,,PKM,human,no_unique_junctions,ENST00000335181.10,ENST00000567118.5,72202620-72206728,72202620-72206728,,,,,,,,
chr15:clu_16046_B,,PKM,human,no_unique_junctions,ENST00000335181.10,ENST00000569857.5,72202620-72206728,72202620-72206728,,,,,,,,
chr15:clu_16046_B,,PKM,human,transcript_doesnt_have_junctions,ENST00000335181.10,ENST00000564178.5,72202620-72206728,,,,,,,,,
chr15:clu_16046_B,,PKM,human,transcript_doesnt_have_junctions,ENST00000335181.10,ENST00000562997.5,72202620-72206728,,,,,,,,,
chr15:clu_16046_B,,PKM,human,transcript_doesnt_have_junctions,ENST00000335181.10,ENST00000567087.5,72202620-72206728,,,,,,,,,
chr15:clu_16046_B,,PKM,human,transcript_doesnt_have_junctions,ENST00000335181.10,ENST00000566809.1,72202620-72206728,,,,,,,,,
chr15:clu_16046_B,,PKM,human,transcript_doesnt_have_junctions,ENST00000335181.10,ENST00000569050.1,72202620-72206728,,,,,,,,,
chr15:clu_16046_B,1/1,PKM,human,transcript_not_chosen,ENST00000335181.10,ENST00000319622.10,72202620-72206728,72203188-72206728,,,,,,,,
chr15:clu_16046_B,1/1,PKM,human,transcript_not_chosen,ENST00000335181.10,ENST00000561609.5,72202620-72206728,72203188-72206728,,,,,,,,
chr15:clu_16046_B,1/1,PKM,human,transcript_not_chosen,ENST00000335181.10,ENST00000565154.6,72202620-72206728,72203188-72206728,,,,,,,,
chr15:clu_16046_B,1/1,PKM,human,transcript_not_chosen,ENST00000335181.10,ENST00000565184.6,72202620-72206728,72203188-72206728,,,,,,,,
chr15:clu_16046_B,1/1,PKM,human,transcript_not_chosen,ENST00000335181.10,ENST00000568459.5,72202620-72206728,72203188-72206728,,,,,,,,
chr15:clu_16046_B,1/1,PKM,human,transcript_not_chosen,ENST00000335181.10,ENST00000570166.1,72202620-72206728,72203188-72206728,,,,,,,,
chr15:clu_16046_B,1/1,PKM,human,transcript_not_chosen,ENST00000335181.10,ENST00000891959.1,72202620-72206728,72203188-72206728,,,,,,,,
chr15:clu_16046_B,1/1,PKM,human,transcript_not_chosen,ENST00000335181.10,ENST00000891964.1,72202620-72206728,72203188-72206728,,,,,,,,
chr15:clu_16046_B,1/1,PKM,human,transcript_not_chosen,ENST00000335181.10,ENST00000891966.1,72202620-72206728,72203188-72206728,,,,,,,,
chr15:clu_16046_B,1/1,PKM,human,transcript_not_chosen,ENST00000335181.10,ENST00000891977.1,72202620-72206728,72203188-72206728,,,,,,,,
chr15:clu_16046_B,1/1,PKM,human,transcript_not_chosen,ENST00000335181.10,ENST00000891979.1,72202620-72206728,72203188-72206728,,,,,,,,
chr15:clu_16046_B,1/1,PKM,human,transcript_not_chosen,ENST00000335181.10,ENST00000891982.1,72202620-72206728,72203188-72206728,,,,,,,,
chr15:clu_16046_B,1/1,PKM,human,transcript_not_chosen,ENST00000335181.10,ENST00000891983.1,72202620-72206728,72203188-72206728,,,,,,,,
chr15:clu_16046_B,1/1,PKM,human,transcript_not_chosen,ENST00000335181.10,ENST00000933444.1,72202620-72206728,72203188-72206728,,,,,,,,
chr15:clu_16046_B,1/1,PKM,human,transcript_not_chosen,ENST00000335181.10,ENST00000969834.1,72202620-72206728,72203188-72206728,,,,,,,,
chr15:clu_16046_B,1/1,PKM,human,transcript_not_chosen,ENST00000335181.10,ENST00000969835.1,72202620-72206728,72203188-72206728,,,,,,,,
chr15:clu_16046_B,1/1,PKM,human,transcript_not_chosen,ENST00000335181.10,ENST00000969836.1,72202620-72206728,72203188-72206728,,,,,,,,
chr15:clu_16046_B,1/1,PKM,human,transcript_not_chosen,ENST00000335181.10,ENST00000969837.1,72202620-72206728,72203188-72206728,,,,,,,,
chr15:clu_16046_B,1/1,PKM,human,transcript_not_chosen,ENST00000335181.10,ENST00000969838.1,72202620-72206728,72203188-72206728,,,,,,,,
chr15:clu_16046_B,1/1,PKM,human,transcript_not_chosen,ENST00000335181.10,ENST00000969839.1,72202620-72206728,72203188-72206728,,,,,,,,
chr15:clu_16046_B,1/1,PKM,human,transcript_not_chosen,ENST00000335181.10,ENST00000969840.1,72202620-72206728,72203188-72206728,,,,,,,,
chr15:clu_16046_B,1/1,PKM,human,transcript_not_chosen,ENST00000335181.10,ENST00000969842.1,72202620-72206728,72203188-72206728,,,,,,,,
chr15:clu_16046_B,1/1,PKM,human,transcript_not_chosen,ENST00000335181.10,ENST00000969843.1,72202620-72206728,72203188-72206728,,,,,,,,
chr15:clu_16046_B,1/1,PKM,human,transcript_not_chosen,ENST00000335181.10,ENST00000969844.1,72202620-72206728,72203188-72206728,,,,,,,,
chr15:clu_16046_B,1/1,PKM,human,transcript_not_chosen,ENST00000335181.10,ENST00000969845.1,72202620-72206728,72203188-72206728,,,,,,,,
chr15:clu_16046_B,1/1,PKM,human,transcript_not_chosen,ENST00000335181.10,ENST00000969846.1,72202620-72206728,72203188-72206728,,,,,,,,
chr15:clu_16046_B,1/1,PKM,human,transcript_not_chosen,ENST00000335181.10,ENST00000969847.1,72202620-72206728,72203188-72206728,,,,,,,,
chr15:clu_16046_B,1/1,PKM,human,transcript_not_chosen,ENST00000335181.10,ENST00000969848.1,72202620-72206728,72203188-72206728,,,,,,,,
chr15:clu_16046_B,1/1,PKM,human,transcript_not_chosen,ENST00000335181.10,ENST00000969849.1,72202620-72206728,72203188-72206728,,,,,,,,
chr15:clu_16046_B,1/1,PKM,human,transcript_not_chosen,ENST00000335181.10,ENST00000969851.1,72202620-72206728,72203188-72206728,,,,,,,,
chr15:clu_16046_B,1/1,PKM,human,transcript_not_chosen,ENST00000335181.10,ENST00000969853.1,72202620-72206728,72203188-72206728,,,,,,,,
chr15:clu_16046_B,1/1,PKM,human,transcript_not_chosen,ENST00000335181.10,ENST00000969857.1,72202620-72206728,72203188-72206728,,,,,,,,
chr15:clu_16046_B,1/1,PKM,human,transcript_not_chosen,ENST00000335181.10,NM_001206799.2,72202620-72206728,72203188-72206728,,,,,,,,
chr15:clu_16046_B,1/1,PKM,human,transcript_not_chosen,ENST00000335181.10,XM_047432665.1,72202620-72206728,72203188-72206728,,,,,,,,
chr19:clu_12957,,DNM2,human,no_unique_junctions,ENST00000389253.9,ENST00000355667.11,10805967-10808569;10808580-10812264,10805967-10808569;10808580-10812264,,,,,,,,
chr19:clu_12957,,DNM2,human,no_unique_junctions,ENST00000389253.9,ENST00000585892.5,10805967-10808569;10808580-10812264,10805967-10808569;10808580-10812264,,,,,,,,
chr19:clu_12957,,DNM2,human,transcript_doesnt_have_junctions,ENST00000389253.9,ENST00000682524.1,10805967-10808569;10808580-10812264,,,,,,,,,
chr19:clu_12957,,DNM2,human,transcript_doesnt_have_junctions,ENST00000389253.9,ENST00000682285.1,10805967-10808569;10808580-10812264,,,,,,,,,
chr19:clu_12957,,DNM2,human,transcript_doesnt_have_junctions,ENST00000389253.9,ENST00000683738.1,10805967-10808569;10808580-10812264,,,,,,,,,
chr19:clu_12957,,DNM2,human,transcript_doesnt_have_junctions,ENST00000389253.9,ENST00000591701.5,10805967-10808569;10808580-10812264,,,,,,,,,
chr19:clu_12957,,DNM2,human,transcript_doesnt_have_junctions,ENST00000389253.9,ENST00000586130.1,10805967-10808569;10808580-10812264,,,,,,,,,
chr19:clu_12957,,DNM2,human,transcript_doesnt_have_junctions,ENST00000389253.9,ENST00000593220.1,10805967-10808569;10808580-10812264,,,,,,,,,
chr19:clu_12957,,DNM2,human,transcript_doesnt_have_junctions,ENST00000389253.9,ENST00000587329.1,10805967-10808569;10808580-10812264,,,,,,,,,
chr19:clu_12957,,DNM2,human,transcript_doesnt_have_junctions,ENST00000389253.9,ENST00000590806.5,10805967-10808569;10808580-10812264,,,,,,,,,
chr19:clu_12957,,DNM2,human,transcript_doesnt_have_junctions,ENST00000389253.9,ENST00000590787.1,10805967-10808569;10808580-10812264,,,,,,,,,
chr19:clu_12957,,DNM2,human,transcript_doesnt_have_junctions,ENST00000389253.9,ENST00000593203.1,10805967-10808569;10808580-10812264,,,,,,,,,
chr19:clu_12957,,DNM2,human,no_unique_junctions,ENST00000389253.9,ENST00000957413.1,10805967-10808569;10808580-10812264,10805967-10808569;10808580-10812264,,,,,,,,
chr19:clu_12957,,DNM2,human,transcript_doesnt_have_junctions,ENST00000389253.9,ENST00000908375.1,10805967-10808569;10808580-10812264,,,,,,,,,
chr19:clu_12957,,DNM2,human,no_unique_junctions,ENST00000389253.9,ENST00000957417.1,10805967-10808569;10808580-10812264,10805967-10808569;10808580-10812264,,,,,,,,
chr19:clu_12957,,DNM2,human,no_unique_junctions,ENST00000389253.9,ENST00000957416.1,10805967-10808569;10808580-10812264,10805967-10808569;10808580-10812264,,,,,,,,
chr19:clu_12957,,DNM2,human,no_unique_junctions,ENST00000389253.9,ENST00000957418.1,10805967-10808569;10808580-10812264,10805967-10808569;10808580-10812264,,,,,,,,
chr19:clu_12957,,DNM2,human,no_unique_junctions,ENST00000389253.9,ENST00000957421.1,10805967-10808569;10808580-10812264,10805967-10808569;10808580-10812264,,,,,,,,
chr19:clu_12957,,DNM2,human,transcript_doesnt_have_junctions,ENST00000389253.9,ENST00000908378.1,10805967-10808569;10808580-10812264,,,,,,,,,
chr19:clu_12957,,DNM2,human,no_unique_junctions,ENST00000389253.9,ENST00000957422.1,10805967-10808569;10808580-10812264,10805967-10808569;10808580-10812264,,,,,,,,
chr19:clu_12957,,DNM2,human,no_unique_junctions,ENST00000389253.9,ENST00000957429.1,10805967-10808569;10808580-10812264,10805967-10808569;10808580-10812264,,,,,,,,
chr19:clu_12957,,DNM2,human,no_unique_junctions,ENST00000389253.9,ENST00000957428.1,10805967-10808569;10808580-10812264,10805967-10808569;10808580-10812264,,,,,,,,
chr19:clu_12957,,DNM2,human,transcript_doesnt_have_junctions,ENST00000389253.9,ENST00000586939.5,10805967-10808569;10808580-10812264,,,,,,,,,
chr19:clu_12957,,DNM2,human,transcript_doesnt_have_junctions,ENST00000389253.9,ENST00000589106.1,10805967-10808569;10808580-10812264,,,,,,,,,
chr19:clu_12957,,DNM2,human,transcript_doesnt_have_junctions,ENST00000389253.9,ENST00000591818.1,10805967-10808569;10808580-10812264,,,,,,,,,
chr19:clu_12957,,DNM2,human,transcript_doesnt_have_junctions,ENST00000389253.9,ENST00000588976.1,10805967-10808569;10808580-10812264,,,,,,,,,
chr19:clu_12957,,DNM2,human,transcript_doesnt_have_junctions,ENST00000389253.9,ENST00000591266.1,10805967-10808569;10808580-10812264,,,,,,,,,
chr19:clu_12957,,DNM2,human,transcript_doesnt_have_junctions,ENST00000389253.9,ENST00000587991.5,10805967-10808569;10808580-10812264,,,,,,,,,
chr19:clu_12957,,DNM2,human,transcript_doesnt_have_junctions,ENST00000389253.9,ENST00000591819.1,10805967-10808569;10808580-10812264,,,,,,,,,
chr19:clu_12957,,DNM2,human,transcript_doesnt_have_junctions,ENST00000389253.9,ENST00000591118.1,10805967-10808569;10808580-10812264,,,,,,,,,
chr19:clu_12957,,DNM2,human,transcript_doesnt_have_junctions,ENST00000389253.9,ENST00000587485.1,10805967-10808569;10808580-10812264,,,,,,,,,
chr19:clu_12957,1/1,DNM2,human,transcript_not_chosen,ENST00000389253.9,ENST00000359692.10,10805967-10808569;10808580-10812264,10805967-10812264,,,,,,,,
chr19:clu_12957,1/1,DNM2,human,transcript_not_chosen,ENST00000389253.9,ENST00000408974.8,10805967-10808569;10808580-10812264,10805967-10812264,,,,,,,,
chr19:clu_12957,1/1,DNM2,human,transcript_not_chosen,ENST00000389253.9,ENST00000587830.2,10805967-10808569;10808580-10812264,10805967-10812264,,,,,,,,
chr19:clu_12957,1/1,DNM2,human,transcript_not_chosen,ENST00000389253.9,ENST00000681972.1,10805967-10808569;10808580-10812264,10805967-10812264,,,,,,,,
chr19:clu_12957,1/1,DNM2,human,transcript_not_chosen,ENST00000389253.9,ENST00000908371.1,10805967-10808569;10808580-10812264,10805967-10812264,,,,,,,,
chr19:clu_12957,1/1,DNM2,human,transcript_not_chosen,ENST00000389253.9,ENST00000908372.1,10805967-10808569;10808580-10812264,10805967-10812264,,,,,,,,
chr19:clu_12957,1/1,DNM2,human,transcript_not_chosen,ENST00000389253.9,ENST00000908373.1,10805967-10808569;10808580-10812264,10805967-10812264,,,,,,,,
chr19:clu_12957,1/1,DNM2,human,transcript_not_chosen,ENST00000389253.9,ENST00000908374.1,10805967-10808569;10808580-10812264,10805967-10812264,,,,,,,,
chr19:clu_12957,1/1,DNM2,human,transcript_not_chosen,ENST00000389253.9,ENST00000908376.1,10805967-10808569;10808580-10812264,10805967-10812264,,,,,,,,
chr19:clu_12957,1/1,DNM2,human,transcript_not_chosen,ENST00000389253.9,ENST00000908377.1,10805967-10808569;10808580-10812264,10805967-10812264,,,,,,,,
chr19:clu_12957,1/1,DNM2,human,transcript_not_chosen,ENST00000389253.9,ENST00000908379.1,10805967-10808569;10808580-10812264,10805967-10812264,,,,,,,,
chr19:clu_12957,1/1,DNM2,human,transcript_not_chosen,ENST00000389253.9,ENST00000908380.1,10805967-10808569;10808580-10812264,10805967-10812264,,,,,,,,
chr19:clu_12957,1/1,DNM2,human,transcript_not_chosen,ENST00000389253.9,ENST00000908381.1,10805967-10808569;10808580-10812264,10805967-10812264,,,,,,,,
chr19:clu_12957,1/1,DNM2,human,transcript_not_chosen,ENST00000389253.9,ENST00000908382.1,10805967-10808569;10808580-10812264,10805967-10812264,,,,,,,,
chr19:clu_12957,1/1,DNM2,human,transcript_not_chosen,ENST00000389253.9,ENST00000908383.1,10805967-10808569;10808580-10812264,10805967-10812264,,,,,,,,
chr19:clu_12957,1/1,DNM2,human,transcript_not_chosen,ENST00000389253.9,ENST00000916585.1,10805967-10808569;10808580-10812264,10805967-10812264,,,,,,,,
chr19:clu_12957,1/1,DNM2,human,transcript_not_chosen,ENST00000389253.9,ENST00000957414.1,10805967-10808569;10808580-10812264,10805967-10812264,,,,,,,,
chr19:clu_12957,1/1,DNM2,human,transcript_not_chosen,ENST00000389253.9,ENST00000957415.1,10805967-10808569;10808580-10812264,10805967-10812264,,,,,,,,
chr19:clu_12957,1/1,DNM2,human,transcript_not_chosen,ENST00000389253.9,ENST00000957419.1,10805967-10808569;10808580-10812264,10805967-10812264,,,,,,,,
chr19:clu_12957,1/1,DNM2,human,transcript_not_chosen,ENST00000389253.9,ENST00000957420.1,10805967-10808569;10808580-10812264,10805967-10812264,,,,,,,,
chr19:clu_12957,1/1,DNM2,human,transcript_not_chosen,ENST00000389253.9,ENST00000957423.1,10805967-10808569;10808580-10812264,10805967-10812264,,,,,,,,
chr19:clu_12957,1/1,DNM2,human,transcript_not_chosen,ENST00000389253.9,ENST00000957424.1,10805967-10808569;10808580-10812264,10805967-10812264,,,,,,,,
chr19:clu_12957,1/1,DNM2,human,transcript_not_chosen,ENST00000389253.9,ENST00000957425.1,10805967-10808569;10808580-10812264,10805967-10812264,,,,,,,,
chr19:clu_12957,1/1,DNM2,human,transcript_not_chosen,ENST00000389253.9,ENST00000957426.1,10805967-10808569;10808580-10812264,10805967-10812264,,,,,,,,
chr19:clu_12957,1/1,DNM2,human,transcript_not_chosen,ENST00000389253.9,ENST00000957430.1,10805967-10808569;10808580-10812264,10805967-10812264,,,,,,,,
chr19:clu_13068,,DDX39A,human,no_unique_junctions,ENST00000242776.9,ENST00000926039.1,14410334-14410989,14410334-14410989,,,,,,,,
chr19:clu_13068,,DDX39A,human,transcript_doesnt_have_junctions,ENST00000242776.9,ENST00000587730.5,14410334-14410989,,,,,,,,,
chr19:clu_13068,,DDX39A,human,no_unique_junctions,ENST00000242776.9,ENST00000589318.5,14410334-14410989,14410334-14410989,,,,,,,,
chr19:clu_13068,,DDX39A,human,transcript_doesnt_have_junctions,ENST00000242776.9,ENST00000590556.1,14410334-14410989,,,,,,,,,
chr19:clu_13068,,DDX39A,human,transcript_doesnt_have_junctions,ENST00000242776.9,ENST00000590260.5,14410334-14410989,,,,,,,,,
chr19:clu_13068,,DDX39A,human,transcript_doesnt_have_junctions,ENST00000242776.9,ENST00000586558.5,14410334-14410989,,,,,,,,,
chr19:clu_13068,,DDX39A,human,transcript_doesnt_have_junctions,ENST00000242776.9,ENST00000592632.5,14410334-14410989,,,,,,,,,
chr19:clu_13068,,DDX39A,human,no_unique_junctions,ENST00000242776.9,ENST00000926036.1,14410334-14410989,14410334-14410989,,,,,,,,
chr19:clu_13068,,DDX39A,human,no_unique_junctions,ENST00000242776.9,ENST00000950771.1,14410334-14410989,14410334-14410989,,,,,,,,
chr19:clu_13068,,DDX39A,human,no_unique_junctions,ENST00000242776.9,ENST00000898539.1,14410334-14410989,14410334-14410989,,,,,,,,
chr19:clu_13068,,DDX39A,human,no_unique_junctions,ENST00000242776.9,ENST00000324340.13,14410334-14410989,14410334-14410989,,,,,,,,
chr19:clu_13068,,DDX39A,human,no_unique_junctions,ENST00000242776.9,ENST00000898538.1,14410334-14410989,14410334-14410989,,,,,,,,
chr19:clu_13068,,DDX39A,human,transcript_doesnt_have_junctions,ENST00000242776.9,ENST00000926038.1,14410334-14410989,,,,,,,,,
chr19:clu_13068,,DDX39A,human,no_unique_junctions,ENST00000242776.9,ENST00000926037.1,14410334-14410989,14410334-14410989,,,,,,,,
chr19:clu_13068,,DDX39A,human,no_unique_junctions,ENST00000242776.9,ENST00000926035.1,14410334-14410989,14410334-14410989,,,,,,,,
chr19:clu_13068,,DDX39A,human,no_unique_junctions,ENST00000242776.9,ENST00000898540.1,14410334-14410989,14410334-14410989,,,,,,,,
chr19:clu_13068,,DDX39A,human,no_unique_junctions,ENST00000242776.9,ENST00000588692.5,14410334-14410989,14410334-14410989,,,,,,,,
chr19:clu_13068,,DDX39A,human,no_unique_junctions,ENST00000242776.9,ENST00000454233.6,14410334-14410989,14410334-14410989,,,,,,,,
chr19:clu_13068,,DDX39A,human,no_unique_junctions,ENST00000242776.9,ENST00000589675.5,14410334-14410989,14410334-14410989,,,,,,,,
chr19:clu_13068,,DDX39A,human,no_unique_junctions,ENST00000242776.9,ENST00000590315.5,14410334-14410989,14410334-14410989,,,,,,,,
chr19:clu_13068,,DDX39A,human,transcript_doesnt_have_junctions,ENST00000242776.9,ENST00000590239.5,14410334-14410989,,,,,,,,,
chr19:clu_13068,,DDX39A,human,transcript_doesnt_have_junctions,ENST00000242776.9,ENST00000586993.5,14410334-14410989,,,,,,,,,
chr19:clu_13068,,DDX39A,human,transcript_doesnt_have_junctions,ENST00000242776.9,ENST00000591275.5,14410334-14410989,,,,,,,,,
chr19:clu_13068,,DDX39A,human,transcript_doesnt_have_junctions,ENST00000242776.9,ENST00000590696.1,14410334-14410989,,,,,,,,,
chr19:clu_13068,,DDX39A,human,transcript_doesnt_have_junctions,ENST00000242776.9,ENST00000593008.1,14410334-14410989,,,,,,,,,
chr19:clu_13068,1/2,DDX39A,human,transcript_not_chosen,ENST00000242776.9,ENST00000592391.5,14410334-14410989,14410334-14410421;14410605-14410989,,,,,,,,
chr19:clu_13068,1/2,DDX39A,human,transcript_not_chosen,ENST00000242776.9,ENST00000593026.1,14410334-14410989,14410334-14410421;14410605-14410989,,,,,,,,
chr14:clu_5821,,NIN,human,novel_junction,ENST00000530997.7,,50754867-50756492;50758630-50759857;50760359-50761790,50754867-50761790,,,,,,,,
chr14:clu_5821,,NIN,human,no_unique_junctions,ENST00000530997.7,XM_047431439.1,50754867-50756492;50758630-50759857;50760359-50761790,50754867-50756492;50758630-50759857;50760359-50761790,,,,,,,,
chr14:clu_5821,,NIN,human,no_unique_junctions,ENST00000530997.7,XM_047431438.1,50754867-50756492;50758630-50759857;50760359-50761790,50754867-50756492;50758630-50759857;50760359-50761790,,,,,,,,
chr14:clu_5821,,NIN,human,no_unique_junctions,ENST00000530997.7,ENST00000389869.7,50754867-50756492;50758630-50759857;50760359-50761790,50754867-50756492;50758630-50759857;50760359-50761790,,,,,,,,
chr14:clu_5821,,NIN,human,no_unique_junctions,ENST00000530997.7,ENST00000872465.1,50754867-50756492;50758630-50759857;50760359-50761790,50754867-50756492;50758630-50759857;50760359-50761790,,,,,,,,
chr14:clu_5821,,NIN,human,no_unique_junctions,ENST00000530997.7,XM_047431434.1,50754867-50756492;50758630-50759857;50760359-50761790,50754867-50756492;50758630-50759857;50760359-50761790,,,,,,,,
chr14:clu_5821,,NIN,human,no_unique_junctions,ENST00000530997.7,ENST00000965312.1,50754867-50756492;50758630-50759857;50760359-50761790,50754867-50756492;50758630-50759857;50760359-50761790,,,,,,,,
chr14:clu_5821,,NIN,human,no_unique_junctions,ENST00000530997.7,XM_047431431.1,50754867-50756492;50758630-50759857;50760359-50761790,50754867-50756492;50758630-50759857;50760359-50761790,,,,,,,,
chr14:clu_5821,,NIN,human,no_unique_junctions,ENST00000530997.7,XM_047431433.1,50754867-50756492;50758630-50759857;50760359-50761790,50754867-50756492;50758630-50759857;50760359-50761790,,,,,,,,
chr14:clu_5821,,NIN,human,no_unique_junctions,ENST00000530997.7,XM_024449622.2,50754867-50756492;50758630-50759857;50760359-50761790,50754867-50756492;50758630-50759857;50760359-50761790,,,,,,,,
chr14:clu_5821,,NIN,human,no_unique_junctions,ENST00000530997.7,ENST00000382041.7,50754867-50756492;50758630-50759857;50760359-50761790,50754867-50756492;50758630-50759857;50760359-50761790,,,,,,,,
chr14:clu_5821,,NIN,human,no_unique_junctions,ENST00000530997.7,ENST00000453196.6,50754867-50756492;50758630-50759857;50760359-50761790,50754867-50756492;50758630-50759857;50760359-50761790,,,,,,,,
chr14:clu_5821,,NIN,human,no_unique_junctions,ENST00000530997.7,XM_047431435.1,50754867-50756492;50758630-50759857;50760359-50761790,50754867-50756492;50758630-50759857;50760359-50761790,,,,,,,,
chr14:clu_5821,,NIN,human,no_unique_junctions,ENST00000530997.7,XM_011536819.4,50754867-50756492;50758630-50759857;50760359-50761790,50754867-50756492;50758630-50759857;50760359-50761790,,,,,,,,
chr14:clu_5821,,NIN,human,no_unique_junctions,ENST00000530997.7,ENST00000476352.5,50754867-50756492;50758630-50759857;50760359-50761790,50754867-50756492;50758630-50759857;50760359-50761790,,,,,,,,
chr14:clu_5821,,NIN,human,no_unique_junctions,ENST00000530997.7,XM_047431436.1,50754867-50756492;50758630-50759857;50760359-50761790,50754867-50756492;50758630-50759857;50760359-50761790,,,,,,,,
chr14:clu_5821,,NIN,human,transcript_doesnt_have_junctions,ENST00000530997.7,ENST00000706703.1,50754867-50756492;50758630-50759857;50760359-50761790,,,,,,,,,
chr14:clu_5821,,NIN,human,transcript_doesnt_have_junctions,ENST00000530997.7,ENST00000706704.1,50754867-50756492;50758630-50759857;50760359-50761790,,,,,,,,,
chr14:clu_5821,,NIN,human,transcript_doesnt_have_junctions,ENST00000530997.7,ENST00000555984.1,50754867-50756492;50758630-50759857;50760359-50761790,,,,,,,,,
chr14:clu_5821,,NIN,human,transcript_doesnt_have_junctions,ENST00000530997.7,ENST00000706707.1,50754867-50756492;50758630-50759857;50760359-50761790,,,,,,,,,
chr14:clu_5821,,NIN,human,transcript_doesnt_have_junctions,ENST00000530997.7,ENST00000706708.1,50754867-50756492;50758630-50759857;50760359-50761790,,,,,,,,,
chr14:clu_5821,,NIN,human,transcript_doesnt_have_junctions,ENST00000530997.7,ENST00000706709.1,50754867-50756492;50758630-50759857;50760359-50761790,,,,,,,,,
chr14:clu_5821,,NIN,human,transcript_doesnt_have_junctions,ENST00000530997.7,ENST00000480476.1,50754867-50756492;50758630-50759857;50760359-50761790,,,,,,,,,
chr14:clu_5821,,NIN,human,transcript_doesnt_have_junctions,ENST00000530997.7,ENST00000706710.1,50754867-50756492;50758630-50759857;50760359-50761790,,,,,,,,,
chr14:clu_5821,,NIN,human,transcript_doesnt_have_junctions,ENST00000530997.7,ENST00000706711.1,50754867-50756492;50758630-50759857;50760359-50761790,,,,,,,,,
chr14:clu_5821,,NIN,human,transcript_doesnt_have_junctions,ENST00000530997.7,ENST00000474937.1,50754867-50756492;50758630-50759857;50760359-50761790,,,,,,,,,
chr14:clu_5821,,NIN,human,transcript_doesnt_have_junctions,ENST00000530997.7,ENST00000706712.1,50754867-50756492;50758630-50759857;50760359-50761790,,,,,,,,,
chr14:clu_5821,,NIN,human,transcript_doesnt_have_junctions,ENST00000530997.7,ENST00000463419.1,50754867-50756492;50758630-50759857;50760359-50761790,,,,,,,,,
chr14:clu_5821,,NIN,human,no_unique_junctions,ENST00000530997.7,ENST00000914777.1,50754867-50756492;50758630-50759857;50760359-50761790,50754867-50756492;50758630-50759857;50760359-50761790,,,,,,,,
chr14:clu_5821,,NIN,human,transcript_doesnt_have_junctions,ENST00000530997.7,ENST00000453401.6,50754867-50756492;50758630-50759857;50760359-50761790,,,,,,,,,
chr14:clu_5821,,NIN,human,transcript_doesnt_have_junctions,ENST00000530997.7,ENST00000486950.5,50754867-50756492;50758630-50759857;50760359-50761790,,,,,,,,,
chr14:clu_5821,,NIN,human,transcript_doesnt_have_junctions,ENST00000530997.7,ENST00000673852.1,50754867-50756492;50758630-50759857;50760359-50761790,,,,,,,,,
chr14:clu_5821,,NIN,human,transcript_doesnt_have_junctions,ENST00000530997.7,ENST00000674061.1,50754867-50756492;50758630-50759857;50760359-50761790,,,,,,,,,
chr14:clu_5821,,NIN,human,transcript_doesnt_have_junctions,ENST00000530997.7,ENST00000496749.1,50754867-50756492;50758630-50759857;50760359-50761790,,,,,,,,,
chr14:clu_5821,,NIN,human,no_unique_junctions,ENST00000530997.7,ENST00000673819.1,50754867-50756492;50758630-50759857;50760359-50761790,50760359-50761790,,,,,,,,
chr14:clu_5821,,NIN,human,transcript_doesnt_have_junctions,ENST00000530997.7,ENST00000486200.1,50754867-50756492;50758630-50759857;50760359-50761790,,,,,,,,,
chr14:clu_5821,1/1,NIN,human,transcript_not_chosen,ENST00000530997.7,ENST00000324330.13,50754867-50756492;50758630-50759857;50760359-50761790,50754867-50759857;50760359-50761790,,,,,,,,
chr14:clu_5821,1/1,NIN,human,transcript_not_chosen,ENST00000530997.7,ENST00000382043.8,50754867-50756492;50758630-50759857;50760359-50761790,50754867-50759857;50760359-50761790,,,,,,,,
chr14:clu_5821,1/1,NIN,human,transcript_not_chosen,ENST00000530997.7,ENST00000485005.2,50754867-50756492;50758630-50759857;50760359-50761790,50754867-50759857;50760359-50761790,,,,,,,,
chr14:clu_5821,1/1,NIN,human,transcript_not_chosen,ENST00000530997.7,ENST00000673657.1,50754867-50756492;50758630-50759857;50760359-50761790,50754867-50759857;50760359-50761790,,,,,,,,
chr14:clu_5821,1/1,NIN,human,transcript_not_chosen,ENST00000530997.7,ENST00000674030.1,50754867-50756492;50758630-50759857;50760359-50761790,50754867-50759857;50760359-50761790,,,,,,,,
chr14:clu_5821,1/1,NIN,human,transcript_not_chosen,ENST00000530997.7,ENST00000706705.1,50754867-50756492;50758630-50759857;50760359-50761790,50754867-50759857;50760359-50761790,,,,,,,,
chr14:clu_5821,1/1,NIN,human,transcript_not_chosen,ENST00000530997.7,ENST00000706706.1,50754867-50756492;50758630-50759857;50760359-50761790,50754867-50759857;50760359-50761790,,,,,,,,
chr14:clu_5821,1/1,NIN,human,transcript_not_chosen,ENST00000530997.7,XM_011536822.3,50754867-50756492;50758630-50759857;50760359-50761790,50754867-50759857;50760359-50761790,,,,,,,,
chr14:clu_5821,1/1,NIN,human,transcript_not_chosen,ENST00000530997.7,XM_047431441.1,50754867-50756492;50758630-50759857;50760359-50761790,50754867-50759857;50760359-50761790,,,,,,,,
chr14:clu_5821,1/1,NIN,human,transcript_not_chosen,ENST00000530997.7,XM_047431442.1,50754867-50756492;50758630-50759857;50760359-50761790,50754867-50759857;50760359-50761790,,,,,,,,
chr14:clu_5821,1/1,NIN,human,transcript_not_chosen,ENST00000530997.7,XM_047431443.1,50754867-50756492;50758630-50759857;50760359-50761790,50754867-50759857;50760359-50761790,,,,,,,,
chr14:clu_5821,1/1,NIN,human,transcript_not_chosen,ENST00000530997.7,XM_047431444.1,50754867-50756492;50758630-50759857;50760359-50761790,50754867-50759857;50760359-50761790,,,,,,,,
chr14:clu_5821,1/1,NIN,human,transcript_not_chosen,ENST00000530997.7,XM_047431445.1,50754867-50756492;50758630-50759857;50760359-50761790,50754867-50759857;50760359-50761790,,,,,,,,
chr14:clu_5821,1/1,NIN,human,transcript_not_chosen,ENST00000530997.7,XM_047431446.1,50754867-50756492;50758630-50759857;50760359-50761790,50754867-50759857;50760359-50761790,,,,,,,,
chr14:clu_5821,1/1,NIN,human,transcript_not_chosen,ENST00000530997.7,XM_047431447.1,50754867-50756492;50758630-50759857;50760359-50761790,50754867-50759857;50760359-50761790,,,,,,,,
chr14:clu_5821,1/1,NIN,human,transcript_not_chosen,ENST00000530997.7,XM_047431448.1,50754867-50756492;50758630-50759857;50760359-50761790,50754867-50759857;50760359-50761790,,,,,,,,
chr14:clu_5821,1/1,NIN,human,transcript_not_chosen,ENST00000530997.7,XM_047431449.1,50754867-50756492;50758630-50759857;50760359-50761790,50754867-50759857;50760359-50761790,,,,,,,,
chr14:clu_5821,1/1,NIN,human,transcript_not_chosen,ENST00000530997.7,XM_047431450.1,50754867-50756492;50758630-50759857;50760359-50761790,50754867-50759857;50760359-50761790,,,,,,,,
chr14:clu_5821,1/1,NIN,human,transcript_not_chosen,ENST00000530997.7,XM_047431451.1,50754867-50756492;50758630-50759857;50760359-50761790,50754867-50759857;50760359-50761790,,,,,,,,
chr14:clu_5821,1/1,NIN,human,transcript_not_chosen,ENST00000530997.7,XM_047431452.1,50754867-50756492;50758630-50759857;50760359-50761790,50754867-50759857;50760359-50761790,,,,,,,,
chr14:clu_5821,1/1,NIN,human,transcript_not_chosen,ENST00000530997.7,XM_047431453.1,50754867-50756492;50758630-50759857;50760359-50761790,50754867-50759857;50760359-50761790,,,,,,,,
chr14:clu_5821,1/1,NIN,human,transcript_not_chosen,ENST00000530997.7,XM_047431454.1,50754867-50756492;50758630-50759857;50760359-50761790,50754867-50759857;50760359-50761790,,,,,,,,
chr5:clu_11498,,FYB1,human,no_unique_junctions,ENST00000512982.4,XM_006714464.4,39124278-39125998;39126135-39127741,39124278-39125998;39126135-39127741,,,,,,,,
chr5:clu_11498,,FYB1,human,no_unique_junctions,ENST00000512982.4,XM_047417073.1,39124278-39125998;39126135-39127741,39124278-39125998;39126135-39127741,,,,,,,,
chr5:clu_11498,,FYB1,human,no_unique_junctions,ENST00000512982.4,XM_047417072.1,39124278-39125998;39126135-39127741,39124278-39125998;39126135-39127741,,,,,,,,
chr5:clu_11498,,FYB1,human,no_unique_junctions,ENST00000512982.4,ENST00000646045.2,39124278-39125998;39126135-39127741,39124278-39125998;39126135-39127741,,,,,,,,
chr5:clu_11498,,FYB1,human,no_unique_junctions,ENST00000512982.4,XM_047417074.1,39124278-39125998;39126135-39127741,39124278-39125998;39126135-39127741,,,,,,,,
chr5:clu_11498,,FYB1,human,no_unique_junctions,ENST00000512982.4,XM_047417071.1,39124278-39125998;39126135-39127741,39124278-39125998;39126135-39127741,,,,,,,,
chr5:clu_11498,,FYB1,human,no_unique_junctions,ENST00000512982.4,XM_011514010.2,39124278-39125998;39126135-39127741,39124278-39125998;39126135-39127741,,,,,,,,
chr5:clu_11498,,FYB1,human,no_unique_junctions,ENST00000512982.4,NM_001349333.2,39124278-39125998;39126135-39127741,39124278-39125998;39126135-39127741,,,,,,,,
chr5:clu_11498,,FYB1,human,no_unique_junctions,ENST00000512982.4,XM_011514008.3,39124278-39125998;39126135-39127741,39124278-39125998;39126135-39127741,,,,,,,,
chr5:clu_11498,,FYB1,human,no_unique_junctions,ENST00000512982.4,XM_011514009.1,39124278-39125998;39126135-39127741,39124278-39125998;39126135-39127741,,,,,,,,
chr5:clu_11498,,FYB1,human,transcript_doesnt_have_junctions,ENST00000512982.4,XM_011514013.4,39124278-39125998;39126135-39127741,,,,,,,,,
chr5:clu_11498,,FYB1,human,transcript_doesnt_have_junctions,ENST00000512982.4,ENST00000647313.1,39124278-39125998;39126135-39127741,,,,,,,,,
chr5:clu_11498,,FYB1,human,transcript_doesnt_have_junctions,ENST00000512982.4,ENST00000642942.1,39124278-39125998;39126135-39127741,,,,,,,,,
chr5:clu_11498,,FYB1,human,transcript_doesnt_have_junctions,ENST00000512982.4,ENST00000644817.1,39124278-39125998;39126135-39127741,,,,,,,,,
chr5:clu_11498,,FYB1,human,no_unique_junctions,ENST00000512982.4,ENST00000909809.1,39124278-39125998;39126135-39127741,39124278-39125998;39126135-39127741,,,,,,,,
chr5:clu_11498,,FYB1,human,transcript_doesnt_have_junctions,ENST00000512982.4,ENST00000510188.1,39124278-39125998;39126135-39127741,,,,,,,,,
chr5:clu_11498,,FYB1,human,transcript_doesnt_have_junctions,ENST00000512982.4,ENST00000512138.1,39124278-39125998;39126135-39127741,,,,,,,,,
chr5:clu_11498,,FYB1,human,transcript_doesnt_have_junctions,ENST00000512982.4,ENST00000506557.5,39124278-39125998;39126135-39127741,,,,,,,,,
chr5:clu_11498,,FYB1,human,transcript_doesnt_have_junctions,ENST00000512982.4,ENST00000509072.5,39124278-39125998;39126135-39127741,,,,,,,,,
chr5:clu_11498,,FYB1,human,transcript_doesnt_have_junctions,ENST00000512982.4,ENST00000504542.1,39124278-39125998;39126135-39127741,,,,,,,,,
chr5:clu_11498,,FYB1,human,transcript_doesnt_have_junctions,ENST00000512982.4,ENST00000503065.1,39124278-39125998;39126135-39127741,,,,,,,,,
chr5:clu_11498,1/2,FYB1,human,transcript_not_chosen,ENST00000512982.4,ENST00000646444.1,39124278-39125998;39126135-39127741,39124278-39125972;39126135-39127741,,,,,,,,
chr5:clu_11498,2/2,FYB1,human,transcript_not_chosen,ENST00000512982.4,ENST00000515010.5,39124278-39125998;39126135-39127741,39124278-39127741,,,,,,,,
chr5:clu_11498,2/2,FYB1,human,transcript_not_chosen,ENST00000512982.4,ENST00000909807.1,39124278-39125998;39126135-39127741,39124278-39127741,,,,,,,,
chr5:clu_11498,2/2,FYB1,human,transcript_not_chosen,ENST00000512982.4,ENST00000909808.1,39124278-39125998;39126135-39127741,39124278-39127741,,,,,,,,
chr5:clu_11498,2/2,FYB1,human,transcript_not_chosen,ENST00000512982.4,NM_018594.2,39124278-39125998;39126135-39127741,39124278-39127741,,,,,,,,
chr10:clu_5038,,PCGF5,human,transcript_doesnt_have_junctions,ENST00000336126.6,ENST00000888214.1,91220836-91222689,,,,,,,,,
chr10:clu_5038,,PCGF5,human,transcript_doesnt_have_junctions,ENST00000336126.6,ENST00000888206.1,91220836-91222689,,,,,,,,,
chr10:clu_5038,,PCGF5,human,transcript_doesnt_have_junctions,ENST00000336126.6,ENST00000543648.5,91220836-91222689,,,,,,,,,
chr10:clu_5038,,PCGF5,human,transcript_doesnt_have_junctions,ENST00000336126.6,XM_047425845.1,91220836-91222689,,,,,,,,,
chr10:clu_5038,,PCGF5,human,transcript_doesnt_have_junctions,ENST00000336126.6,XM_047425848.1,91220836-91222689,,,,,,,,,
chr10:clu_5038,,PCGF5,human,transcript_doesnt_have_junctions,ENST00000336126.6,ENST00000888221.1,91220836-91222689,,,,,,,,,
chr10:clu_5038,,PCGF5,human,transcript_doesnt_have_junctions,ENST00000336126.6,ENST00000888219.1,91220836-91222689,,,,,,,,,
chr10:clu_5038,,PCGF5,human,transcript_doesnt_have_junctions,ENST00000336126.6,XM_047425847.1,91220836-91222689,,,,,,,,,
chr10:clu_5038,,PCGF5,human,transcript_doesnt_have_junctions,ENST00000336126.6,ENST00000888220.1,91220836-91222689,,,,,,,,,
chr10:clu_5038,,PCGF5,human,no_unique_junctions,ENST00000336126.6,XM_006718030.2,91220836-91222689,91220836-91222689,,,,,,,,
chr10:clu_5038,,PCGF5,human,no_unique_junctions,ENST00000336126.6,XM_017016778.2,91220836-91222689,91220836-91222689,,,,,,,,
chr10:clu_5038,,PCGF5,human,transcript_doesnt_have_junctions,ENST00000336126.6,ENST00000888207.1,91220836-91222689,,,,,,,,,
chr10:clu_5038,,PCGF5,human,transcript_doesnt_have_junctions,ENST00000336126.6,ENST00000942713.1,91220836-91222689,,,,,,,,,
chr10:clu_5038,,PCGF5,human,transcript_doesnt_have_junctions,ENST00000336126.6,ENST00000888212.1,91220836-91222689,,,,,,,,,
chr10:clu_5038,,PCGF5,human,transcript_doesnt_have_junctions,ENST00000336126.6,ENST00000888213.1,91220836-91222689,,,,,,,,,
chr10:clu_5038,,PCGF5,human,transcript_doesnt_have_junctions,ENST00000336126.6,ENST00000888217.1,91220836-91222689,,,,,,,,,
chr10:clu_5038,,PCGF5,human,transcript_doesnt_have_junctions,ENST00000336126.6,ENST00000888218.1,91220836-91222689,,,,,,,,,
chr10:clu_5038,,PCGF5,human,transcript_doesnt_have_junctions,ENST00000336126.6,ENST00000942714.1,91220836-91222689,,,,,,,,,
chr10:clu_5038,,PCGF5,human,no_unique_junctions,ENST00000336126.6,ENST00000496708.1,91220836-91222689,91220836-91222689,,,,,,,,
chr10:clu_5038,,PCGF5,human,no_unique_junctions,ENST00000336126.6,ENST00000490164.1,91220836-91222689,91220836-91222689,,,,,,,,
chr10:clu_5038,1/1,PCGF5,human,transcript_not_chosen,ENST00000336126.6,ENST00000888208.1,91220836-91222689,91163081-91222689,,,,,,,,
chr10:clu_5038,1/1,PCGF5,human,transcript_not_chosen,ENST00000336126.6,ENST00000888209.1,91220836-91222689,91163081-91222689,,,,,,,,
chr10:clu_5038,1/1,PCGF5,human,transcript_not_chosen,ENST00000336126.6,ENST00000888210.1,91220836-91222689,91163081-91222689,,,,,,,,
chr10:clu_5038,1/1,PCGF5,human,transcript_not_chosen,ENST00000336126.6,ENST00000888211.1,91220836-91222689,91163081-91222689,,,,,,,,
chr10:clu_5038,1/1,PCGF5,human,transcript_not_chosen,ENST00000336126.6,ENST00000888215.1,91220836-91222689,91163081-91222689,,,,,,,,
chr10:clu_5038,1/1,PCGF5,human,transcript_not_chosen,ENST00000336126.6,ENST00000888216.1,91220836-91222689,91163081-91222689,,,,,,,,
chr10:clu_5038,1/1,PCGF5,human,transcript_not_chosen,ENST00000336126.6,ENST00000942712.1,91220836-91222689,91163081-91222689,,,,,,,,
chr10:clu_5038,1/1,PCGF5,human,transcript_not_chosen,ENST00000336126.6,XM_047425846.1,91220836-91222689,91163081-91222689,,,,,,,,
chr10:clu_5038,1/1,PCGF5,human,transcript_not_chosen,ENST00000336126.6,XM_047425849.1,91220836-91222689,91163081-91222689,,,,,,,,
chr15:clu_16245,,AKAP13,human,no_unique_junctions,ENST00000394518.7,ENST00000361243.6,85684873-85693277,85684873-85693277,,,,,,,,
chr15:clu_16245,,AKAP13,human,no_unique_junctions,ENST00000394518.7,ENST00000394510.6,85684873-85693277,85684873-85693277,,,,,,,,
chr15:clu_16245,,AKAP13,human,transcript_doesnt_have_junctions,ENST00000394518.7,ENST00000560957.1,85684873-85693277,,,,,,,,,
chr15:clu_16245,,AKAP13,human,transcript_doesnt_have_junctions,ENST00000394518.7,ENST00000560482.5,85684873-85693277,,,,,,,,,
chr15:clu_16245,,AKAP13,human,transcript_doesnt_have_junctions,ENST00000394518.7,ENST00000559278.1,85684873-85693277,,,,,,,,,
chr15:clu_16245,,AKAP13,human,transcript_doesnt_have_junctions,ENST00000394518.7,ENST00000558644.2,85684873-85693277,,,,,,,,,
chr15:clu_16245,,AKAP13,human,transcript_doesnt_have_junctions,ENST00000394518.7,ENST00000558009.1,85684873-85693277,,,,,,,,,
chr15:clu_16245,,AKAP13,human,transcript_doesnt_have_junctions,ENST00000394518.7,ENST00000559391.1,85684873-85693277,,,,,,,,,
chr15:clu_16245,,AKAP13,human,transcript_doesnt_have_junctions,ENST00000394518.7,ENST00000559362.5,85684873-85693277,,,,,,,,,
chr15:clu_16245,,AKAP13,human,no_unique_junctions,ENST00000394518.7,ENST00000915939.1,85684873-85693277,85684873-85693277,,,,,,,,
chr15:clu_16245,,AKAP13,human,transcript_doesnt_have_junctions,ENST00000394518.7,ENST00000560302.5,85684873-85693277,,,,,,,,,
chr15:clu_16245,,AKAP13,human,transcript_doesnt_have_junctions,ENST00000394518.7,ENST00000560256.1,85684873-85693277,,,,,,,,,
chr15:clu_16245,,AKAP13,human,transcript_doesnt_have_junctions,ENST00000394518.7,ENST00000558166.2,85684873-85693277,,,,,,,,,
chr15:clu_16245,,AKAP13,human,transcript_doesnt_have_junctions,ENST00000394518.7,ENST00000558811.2,85684873-85693277,,,,,,,,,
chr15:clu_16245,,AKAP13,human,transcript_doesnt_have_junctions,ENST00000394518.7,ENST00000560340.5,85684873-85693277,,,,,,,,,
chr15:clu_16245,,AKAP13,human,no_unique_junctions,ENST00000394518.7,ENST00000560676.5,85684873-85693277,85684873-85693277,,,,,,,,
chr15:clu_16245,,AKAP13,human,no_unique_junctions,ENST00000394518.7,ENST00000560579.5,85684873-85693277,85684873-85693277,,,,,,,,
chr15:clu_16245,,AKAP13,human,transcript_doesnt_have_junctions,ENST00000394518.7,ENST00000559486.2,85684873-85693277,,,,,,,,,
chr15:clu_16245,,AKAP13,human,no_unique_junctions,ENST00000394518.7,ENST00000612418.1,85684873-85693277,85684873-85693277,,,,,,,,
chr15:clu_16245,,AKAP13,human,transcript_doesnt_have_junctions,ENST00000394518.7,ENST00000560571.1,85684873-85693277,,,,,,,,,
chr15:clu_16245,,AKAP13,human,transcript_doesnt_have_junctions,ENST00000394518.7,ENST00000558092.1,85684873-85693277,,,,,,,,,
chr15:clu_16245,,AKAP13,human,transcript_doesnt_have_junctions,ENST00000394518.7,ENST00000559820.1,85684873-85693277,,,,,,,,,
chr15:clu_16245,,AKAP13,human,transcript_doesnt_have_junctions,ENST00000394518.7,ENST00000560185.1,85684873-85693277,,,,,,,,,
chr11:clu_7156,,RNH1,human,no_unique_junctions,ENST00000354420.7,ENST00000903636.1,502249-504824,502249-504824,,,,,,,,
chr11:clu_7156,,RNH1,human,transcript_doesnt_have_junctions,ENST00000354420.7,ENST00000438658.6,502249-504824,,,,,,,,,
chr11:clu_7156,,RNH1,human,transcript_doesnt_have_junctions,ENST00000354420.7,ENST00000397614.5,502249-504824,,,,,,,,,
chr11:clu_7156,,RNH1,human,no_unique_junctions,ENST00000354420.7,ENST00000397615.6,502249-504824,502249-504824,,,,,,,,
chr11:clu_7156,,RNH1,human,no_unique_junctions,ENST00000354420.7,ENST00000903653.1,502249-504824,502249-504824,,,,,,,,
chr11:clu_7156,,RNH1,human,transcript_doesnt_have_junctions,ENST00000354420.7,ENST00000972508.1,502249-504824,,,,,,,,,
chr11:clu_7156,,RNH1,human,transcript_doesnt_have_junctions,ENST00000354420.7,ENST00000531223.1,502249-504824,,,,,,,,,
chr11:clu_7156,,RNH1,human,no_unique_junctions,ENST00000354420.7,ENST00000528713.5,502249-504824,502249-504824,,,,,,,,
chr11:clu_7156,,RNH1,human,transcript_doesnt_have_junctions,ENST00000354420.7,ENST00000903681.1,502249-504824,,,,,,,,,
chr11:clu_7156,,RNH1,human,transcript_doesnt_have_junctions,ENST00000354420.7,ENST00000972490.1,502249-504824,,,,,,,,,
chr11:clu_7156,,RNH1,human,transcript_doesnt_have_junctions,ENST00000354420.7,ENST00000903678.1,502249-504824,,,,,,,,,
chr11:clu_7156,,RNH1,human,transcript_doesnt_have_junctions,ENST00000354420.7,ENST00000534797.5,502249-504824,,,,,,,,,
chr11:clu_7156,,RNH1,human,no_unique_junctions,ENST00000354420.7,ENST00000903666.1,502249-504824,502249-504824,,,,,,,,
chr11:clu_7156,,RNH1,human,no_unique_junctions,ENST00000354420.7,ENST00000903662.1,502249-504824,502249-504824,,,,,,,,
chr11:clu_7156,,RNH1,human,transcript_doesnt_have_junctions,ENST00000354420.7,ENST00000972491.1,502249-504824,,,,,,,,,
chr11:clu_7156,,RNH1,human,transcript_doesnt_have_junctions,ENST00000354420.7,ENST00000903657.1,502249-504824,,,,,,,,,
chr11:clu_7156,,RNH1,human,transcript_doesnt_have_junctions,ENST00000354420.7,ENST00000903651.1,502249-504824,,,,,,,,,
chr11:clu_7156,,RNH1,human,no_unique_junctions,ENST00000354420.7,ENST00000903647.1,502249-504824,502249-504824,,,,,,,,
chr11:clu_7156,,RNH1,human,transcript_doesnt_have_junctions,ENST00000354420.7,ENST00000972512.1,502249-504824,,,,,,,,,
chr11:clu_7156,,RNH1,human,no_unique_junctions,ENST00000354420.7,ENST00000903663.1,502249-504824,502249-504824,,,,,,,,
chr11:clu_7156,,RNH1,human,transcript_doesnt_have_junctions,ENST00000354420.7,ENST00000903664.1,502249-504824,,,,,,,,,
chr11:clu_7156,,RNH1,human,transcript_doesnt_have_junctions,ENST00000354420.7,ENST00000940520.1,502249-504824,,,,,,,,,
chr11:clu_7156,,RNH1,human,no_unique_junctions,ENST00000354420.7,ENST00000903656.1,502249-504824,502249-504824,,,,,,,,
chr11:clu_7156,,RNH1,human,no_unique_junctions,ENST00000354420.7,ENST00000972489.1,502249-504824,502249-504824,,,,,,,,
chr11:clu_7156,,RNH1,human,no_unique_junctions,ENST00000354420.7,ENST00000972472.1,502249-504824,502249-504824,,,,,,,,
chr11:clu_7156,,RNH1,human,transcript_doesnt_have_junctions,ENST00000354420.7,ENST00000903680.1,502249-504824,,,,,,,,,
chr11:clu_7156,,RNH1,human,transcript_doesnt_have_junctions,ENST00000354420.7,ENST00000903677.1,502249-504824,,,,,,,,,
chr11:clu_7156,,RNH1,human,transcript_doesnt_have_junctions,ENST00000354420.7,ENST00000903675.1,502249-504824,,,,,,,,,
chr11:clu_7156,,RNH1,human,transcript_doesnt_have_junctions,ENST00000354420.7,ENST00000903676.1,502249-504824,,,,,,,,,
chr11:clu_7156,,RNH1,human,transcript_doesnt_have_junctions,ENST00000354420.7,ENST00000903672.1,502249-504824,,,,,,,,,
chr11:clu_7156,,RNH1,human,no_unique_junctions,ENST00000354420.7,ENST00000903671.1,502249-504824,502249-504824,,,,,,,,
chr11:clu_7156,,RNH1,human,no_unique_junctions,ENST00000354420.7,ENST00000903670.1,502249-504824,502249-504824,,,,,,,,
chr11:clu_7156,,RNH1,human,no_unique_junctions,ENST00000354420.7,ENST00000903669.1,502249-504824,502249-504824,,,,,,,,
chr11:clu_7156,,RNH1,human,transcript_doesnt_have_junctions,ENST00000354420.7,ENST00000903667.1,502249-504824,,,,,,,,,
chr11:clu_7156,,RNH1,human,transcript_doesnt_have_junctions,ENST00000354420.7,ENST00000940516.1,502249-504824,,,,,,,,,
chr11:clu_7156,,RNH1,human,transcript_doesnt_have_junctions,ENST00000354420.7,ENST00000903650.1,502249-504824,,,,,,,,,
chr11:clu_7156,,RNH1,human,no_unique_junctions,ENST00000354420.7,ENST00000903645.1,502249-504824,502249-504824,,,,,,,,
chr11:clu_7156,,RNH1,human,no_unique_junctions,ENST00000354420.7,ENST00000972479.1,502249-504824,502249-504824,,,,,,,,
chr11:clu_7156,,RNH1,human,no_unique_junctions,ENST00000354420.7,ENST00000903641.1,502249-504824,502249-504824,,,,,,,,
chr11:clu_7156,,RNH1,human,transcript_doesnt_have_junctions,ENST00000354420.7,ENST00000940515.1,502249-504824,,,,,,,,,
chr11:clu_7156,,RNH1,human,transcript_doesnt_have_junctions,ENST00000354420.7,ENST00000972510.1,502249-504824,,,,,,,,,
chr11:clu_7156,,RNH1,human,transcript_doesnt_have_junctions,ENST00000354420.7,ENST00000972507.1,502249-504824,,,,,,,,,
chr11:clu_7156,,RNH1,human,no_unique_junctions,ENST00000354420.7,ENST00000972494.1,502249-504824,502249-504824,,,,,,,,
chr11:clu_7156,,RNH1,human,transcript_doesnt_have_junctions,ENST00000354420.7,ENST00000903665.1,502249-504824,,,,,,,,,
chr11:clu_7156,,RNH1,human,transcript_doesnt_have_junctions,ENST00000354420.7,ENST00000903661.1,502249-504824,,,,,,,,,
chr11:clu_7156,,RNH1,human,transcript_doesnt_have_junctions,ENST00000354420.7,ENST00000940521.1,502249-504824,,,,,,,,,
chr11:clu_7156,,RNH1,human,no_unique_junctions,ENST00000354420.7,ENST00000972480.1,502249-504824,502249-504824,,,,,,,,
chr11:clu_7156,,RNH1,human,transcript_doesnt_have_junctions,ENST00000354420.7,ENST00000972475.1,502249-504824,,,,,,,,,
chr11:clu_7156,,RNH1,human,no_unique_junctions,ENST00000354420.7,ENST00000972470.1,502249-504824,502249-504824,,,,,,,,
chr11:clu_7156,,RNH1,human,transcript_doesnt_have_junctions,ENST00000354420.7,ENST00000972471.1,502249-504824,,,,,,,,,
chr11:clu_7156,,RNH1,human,transcript_doesnt_have_junctions,ENST00000354420.7,ENST00000972465.1,502249-504824,,,,,,,,,
chr11:clu_7156,,RNH1,human,transcript_doesnt_have_junctions,ENST00000354420.7,ENST00000903679.1,502249-504824,,,,,,,,,
chr11:clu_7156,,RNH1,human,no_unique_junctions,ENST00000354420.7,ENST00000903644.1,502249-504824,502249-504824,,,,,,,,
chr11:clu_7156,,RNH1,human,transcript_doesnt_have_junctions,ENST00000354420.7,ENST00000972511.1,502249-504824,,,,,,,,,
chr11:clu_7156,,RNH1,human,no_unique_junctions,ENST00000354420.7,ENST00000972499.1,502249-504824,502249-504824,,,,,,,,
chr11:clu_7156,,RNH1,human,no_unique_junctions,ENST00000354420.7,ENST00000972497.1,502249-504824,502249-504824,,,,,,,,
chr11:clu_7156,,RNH1,human,transcript_doesnt_have_junctions,ENST00000354420.7,ENST00000972495.1,502249-504824,,,,,,,,,
chr11:clu_7156,,RNH1,human,no_unique_junctions,ENST00000354420.7,ENST00000972496.1,502249-504824,502249-504824,,,,,,,,
chr11:clu_7156,,RNH1,human,no_unique_junctions,ENST00000354420.7,ENST00000940518.1,502249-504824,502249-504824,,,,,,,,
chr11:clu_7156,,RNH1,human,no_unique_junctions,ENST00000354420.7,ENST00000972488.1,502249-504824,502249-504824,,,,,,,,
chr11:clu_7156,,RNH1,human,no_unique_junctions,ENST00000354420.7,ENST00000972482.1,502249-504824,502249-504824,,,,,,,,
chr11:clu_7156,,RNH1,human,no_unique_junctions,ENST00000354420.7,ENST00000972498.1,502249-504824,502249-504824,,,,,,,,
chr11:clu_7156,,RNH1,human,transcript_doesnt_have_junctions,ENST00000354420.7,ENST00000972493.1,502249-504824,,,,,,,,,
chr11:clu_7156,,RNH1,human,transcript_doesnt_have_junctions,ENST00000354420.7,ENST00000529768.5,502249-504824,,,,,,,,,
chr11:clu_7156,,RNH1,human,transcript_doesnt_have_junctions,ENST00000354420.7,ENST00000527485.5,502249-504824,,,,,,,,,
chr11:clu_7156,,RNH1,human,no_unique_junctions,ENST00000354420.7,ENST00000529306.5,502249-504824,502249-504824,,,,,,,,
chr11:clu_7156,,RNH1,human,no_unique_junctions,ENST00000354420.7,ENST00000532055.5,502249-504824,502249-504824,,,,,,,,
chr11:clu_7156,,RNH1,human,transcript_doesnt_have_junctions,ENST00000354420.7,ENST00000533592.2,502249-504824,,,,,,,,,
chr11:clu_7156,,RNH1,human,no_unique_junctions,ENST00000354420.7,ENST00000526295.1,502249-504824,502249-504824,,,,,,,,
chr11:clu_7156,1/5,RNH1,human,transcript_not_chosen,ENST00000354420.7,ENST00000529368.5,502249-504824,502181-504427,,,,,,,,
chr11:clu_7156,2/5,RNH1,human,transcript_not_chosen,ENST00000354420.7,ENST00000525522.5,502249-504824,502181-504824,,,,,,,,
chr11:clu_7156,2/5,RNH1,human,transcript_not_chosen,ENST00000354420.7,ENST00000531540.5,502249-504824,502181-504824,,,,,,,,
chr11:clu_7156,2/5,RNH1,human,transcript_not_chosen,ENST00000354420.7,ENST00000533410.5,502249-504824,502181-504824,,,,,,,,
chr11:clu_7156,2/5,RNH1,human,transcript_not_chosen,ENST00000354420.7,ENST00000903634.1,502249-504824,502181-504824,,,,,,,,
chr11:clu_7156,2/5,RNH1,human,transcript_not_chosen,ENST00000354420.7,ENST00000903637.1,502249-504824,502181-504824,,,,,,,,
chr11:clu_7156,2/5,RNH1,human,transcript_not_chosen,ENST00000354420.7,ENST00000903643.1,502249-504824,502181-504824,,,,,,,,
chr11:clu_7156,2/5,RNH1,human,transcript_not_chosen,ENST00000354420.7,ENST00000903648.1,502249-504824,502181-504824,,,,,,,,
chr11:clu_7156,2/5,RNH1,human,transcript_not_chosen,ENST00000354420.7,ENST00000903649.1,502249-504824,502181-504824,,,,,,,,
chr11:clu_7156,2/5,RNH1,human,transcript_not_chosen,ENST00000354420.7,ENST00000903652.1,502249-504824,502181-504824,,,,,,,,
chr11:clu_7156,2/5,RNH1,human,transcript_not_chosen,ENST00000354420.7,ENST00000903654.1,502249-504824,502181-504824,,,,,,,,
chr11:clu_7156,2/5,RNH1,human,transcript_not_chosen,ENST00000354420.7,ENST00000903655.1,502249-504824,502181-504824,,,,,,,,
chr11:clu_7156,2/5,RNH1,human,transcript_not_chosen,ENST00000354420.7,ENST00000903658.1,502249-504824,502181-504824,,,,,,,,
chr11:clu_7156,2/5,RNH1,human,transcript_not_chosen,ENST00000354420.7,ENST00000903659.1,502249-504824,502181-504824,,,,,,,,
chr11:clu_7156,2/5,RNH1,human,transcript_not_chosen,ENST00000354420.7,ENST00000903660.1,502249-504824,502181-504824,,,,,,,,
chr11:clu_7156,2/5,RNH1,human,transcript_not_chosen,ENST00000354420.7,ENST00000903668.1,502249-504824,502181-504824,,,,,,,,
chr11:clu_7156,2/5,RNH1,human,transcript_not_chosen,ENST00000354420.7,ENST00000940514.1,502249-504824,502181-504824,,,,,,,,
chr11:clu_7156,2/5,RNH1,human,transcript_not_chosen,ENST00000354420.7,ENST00000940517.1,502249-504824,502181-504824,,,,,,,,
chr11:clu_7156,2/5,RNH1,human,transcript_not_chosen,ENST00000354420.7,ENST00000940519.1,502249-504824,502181-504824,,,,,,,,
chr11:clu_7156,2/5,RNH1,human,transcript_not_chosen,ENST00000354420.7,ENST00000972477.1,502249-504824,502181-504824,,,,,,,,
chr11:clu_7156,2/5,RNH1,human,transcript_not_chosen,ENST00000354420.7,ENST00000972481.1,502249-504824,502181-504824,,,,,,,,
chr11:clu_7156,2/5,RNH1,human,transcript_not_chosen,ENST00000354420.7,ENST00000972487.1,502249-504824,502181-504824,,,,,,,,
chr11:clu_7156,2/5,RNH1,human,transcript_not_chosen,ENST00000354420.7,ENST00000972492.1,502249-504824,502181-504824,,,,,,,,
chr11:clu_7156,2/5,RNH1,human,transcript_not_chosen,ENST00000354420.7,ENST00000972500.1,502249-504824,502181-504824,,,,,,,,
chr11:clu_7156,2/5,RNH1,human,transcript_not_chosen,ENST00000354420.7,ENST00000972501.1,502249-504824,502181-504824,,,,,,,,
chr11:clu_7156,2/5,RNH1,human,transcript_not_chosen,ENST00000354420.7,ENST00000972502.1,502249-504824,502181-504824,,,,,,,,
chr11:clu_7156,3/5,RNH1,human,transcript_not_chosen,ENST00000354420.7,ENST00000524464.5,502249-504824,502181-507113,,,,,,,,
chr11:clu_7156,3/5,RNH1,human,transcript_not_chosen,ENST00000354420.7,ENST00000529115.5,502249-504824,502181-507113,,,,,,,,
chr11:clu_7156,3/5,RNH1,human,transcript_not_chosen,ENST00000354420.7,ENST00000531149.1,502249-504824,502181-507113,,,,,,,,
chr11:clu_7156,3/5,RNH1,human,transcript_not_chosen,ENST00000354420.7,ENST00000903633.1,502249-504824,502181-507113,,,,,,,,
chr11:clu_7156,3/5,RNH1,human,transcript_not_chosen,ENST00000354420.7,ENST00000903635.1,502249-504824,502181-507113,,,,,,,,
chr11:clu_7156,3/5,RNH1,human,transcript_not_chosen,ENST00000354420.7,ENST00000903638.1,502249-504824,502181-507113,,,,,,,,
chr11:clu_7156,3/5,RNH1,human,transcript_not_chosen,ENST00000354420.7,ENST00000903642.1,502249-504824,502181-507113,,,,,,,,
chr11:clu_7156,3/5,RNH1,human,transcript_not_chosen,ENST00000354420.7,ENST00000972466.1,502249-504824,502181-507113,,,,,,,,
chr11:clu_7156,3/5,RNH1,human,transcript_not_chosen,ENST00000354420.7,ENST00000972468.1,502249-504824,502181-507113,,,,,,,,
chr11:clu_7156,3/5,RNH1,human,transcript_not_chosen,ENST00000354420.7,ENST00000972473.1,502249-504824,502181-507113,,,,,,,,
chr11:clu_7156,3/5,RNH1,human,transcript_not_chosen,ENST00000354420.7,ENST00000972476.1,502249-504824,502181-507113,,,,,,,,
chr11:clu_7156,3/5,RNH1,human,transcript_not_chosen,ENST00000354420.7,ENST00000972483.1,502249-504824,502181-507113,,,,,,,,
chr11:clu_7156,3/5,RNH1,human,transcript_not_chosen,ENST00000354420.7,ENST00000972485.1,502249-504824,502181-507113,,,,,,,,
chr11:clu_7156,4/5,RNH1,human,transcript_not_chosen,ENST00000354420.7,ENST00000903673.1,502249-504824,502249-504427,,,,,,,,
chr11:clu_7156,4/5,RNH1,human,transcript_not_chosen,ENST00000354420.7,ENST00000903674.1,502249-504824,502249-504427,,,,,,,,
chr11:clu_7156,4/5,RNH1,human,transcript_not_chosen,ENST00000354420.7,ENST00000972503.1,502249-504824,502249-504427,,,,,,,,
chr11:clu_7156,4/5,RNH1,human,transcript_not_chosen,ENST00000354420.7,ENST00000972504.1,502249-504824,502249-504427,,,,,,,,
chr11:clu_7156,4/5,RNH1,human,transcript_not_chosen,ENST00000354420.7,ENST00000972509.1,502249-504824,502249-504427,,,,,,,,
chr11:clu_7156,5/5,RNH1,human,transcript_not_chosen,ENST00000354420.7,ENST00000356187.9,502249-504824,502249-507113,,,,,,,,
chr11:clu_7156,5/5,RNH1,human,transcript_not_chosen,ENST00000354420.7,ENST00000524780.5,502249-504824,502249-507113,,,,,,,,
chr11:clu_7156,5/5,RNH1,human,transcript_not_chosen,ENST00000354420.7,ENST00000525701.5,502249-504824,502249-507113,,,,,,,,
chr11:clu_7156,5/5,RNH1,human,transcript_not_chosen,ENST00000354420.7,ENST00000903639.1,502249-504824,502249-507113,,,,,,,,
chr11:clu_7156,5/5,RNH1,human,transcript_not_chosen,ENST00000354420.7,ENST00000903646.1,502249-504824,502249-507113,,,,,,,,
chr11:clu_7156,5/5,RNH1,human,transcript_not_chosen,ENST00000354420.7,ENST00000972464.1,502249-504824,502249-507113,,,,,,,,
chr11:clu_7156,5/5,RNH1,human,transcript_not_chosen,ENST00000354420.7,ENST00000972467.1,502249-504824,502249-507113,,,,,,,,
chr11:clu_7156,5/5,RNH1,human,transcript_not_chosen,ENST00000354420.7,ENST00000972469.1,502249-504824,502249-507113,,,,,,,,
chr11:clu_7156,5/5,RNH1,human,transcript_not_chosen,ENST00000354420.7,ENST00000972478.1,502249-504824,502249-507113,,,,,,,,
chr11:clu_7156,5/5,RNH1,human,transcript_not_chosen,ENST00000354420.7,ENST00000972484.1,502249-504824,502249-507113,,,,,,,,
chr11:clu_7156,5/5,RNH1,human,transcript_not_chosen,ENST00000354420.7,ENST00000972486.1,502249-504824,502249-507113,,,,,,,,
chr17:clu_20403,,ARHGAP27,human,no_unique_junctions,ENST00000685559.1,XM_047435547.1,45406083-45429623,45406083-45429623,,,,,,,,
chr17:clu_20403,,ARHGAP27,human,no_unique_junctions,ENST00000685559.1,ENST00000868963.1,45406083-45429623,45406083-45429623,,,,,,,,
chr17:clu_20403,,ARHGAP27,human,no_unique_junctions,ENST00000685559.1,NM_001385384.1,45406083-45429623,45406083-45429623,,,,,,,,
chr17:clu_20403,,ARHGAP27,human,no_unique_junctions,ENST00000685559.1,ENST00000917072.1,45406083-45429623,45406083-45429623,,,,,,,,
chr17:clu_20403,,ARHGAP27,human,no_unique_junctions,ENST00000685559.1,XM_047435546.1,45406083-45429623,45406083-45429623,,,,,,,,
chr17:clu_20403,,ARHGAP27,human,no_unique_junctions,ENST00000685559.1,XM_011524468.2,45406083-45429623,45406083-45429623,,,,,,,,
chr17:clu_20403,,ARHGAP27,human,no_unique_junctions,ENST00000685559.1,XM_047435544.1,45406083-45429623,45406083-45429623,,,,,,,,
chr17:clu_20403,,ARHGAP27,human,no_unique_junctions,ENST00000685559.1,ENST00000868966.1,45406083-45429623,45406083-45429623,,,,,,,,
chr17:clu_20403,,ARHGAP27,human,no_unique_junctions,ENST00000685559.1,ENST00000532891.6,45406083-45429623,45406083-45429623,,,,,,,,
chr17:clu_20403,,ARHGAP27,human,transcript_doesnt_have_junctions,ENST00000685559.1,NM_001385398.1,45406083-45429623,,,,,,,,,
chr17:clu_20403,,ARHGAP27,human,transcript_doesnt_have_junctions,ENST00000685559.1,NM_001385397.1,45406083-45429623,,,,,,,,,
chr17:clu_20403,,ARHGAP27,human,transcript_doesnt_have_junctions,ENST00000685559.1,NM_001385396.1,45406083-45429623,,,,,,,,,
chr17:clu_20403,,ARHGAP27,human,transcript_doesnt_have_junctions,ENST00000685559.1,NM_001385394.1,45406083-45429623,,,,,,,,,
chr17:clu_20403,,ARHGAP27,human,transcript_doesnt_have_junctions,ENST00000685559.1,ENST00000376922.6,45406083-45429623,,,,,,,,,
chr17:clu_20403,,ARHGAP27,human,transcript_doesnt_have_junctions,ENST00000685559.1,NM_001385395.1,45406083-45429623,,,,,,,,,
chr17:clu_20403,,ARHGAP27,human,transcript_doesnt_have_junctions,ENST00000685559.1,NM_001385393.1,45406083-45429623,,,,,,,,,
chr17:clu_20403,,ARHGAP27,human,transcript_doesnt_have_junctions,ENST00000685559.1,XM_011524474.2,45406083-45429623,,,,,,,,,
chr17:clu_20403,,ARHGAP27,human,transcript_doesnt_have_junctions,ENST00000685559.1,XM_047435551.1,45406083-45429623,,,,,,,,,
chr17:clu_20403,,ARHGAP27,human,no_unique_junctions,ENST00000685559.1,XM_047435549.1,45406083-45429623,45406083-45429623,,,,,,,,
chr17:clu_20403,,ARHGAP27,human,no_unique_junctions,ENST00000685559.1,XM_006721750.5,45406083-45429623,45406083-45429623,,,,,,,,
chr17:clu_20403,,ARHGAP27,human,no_unique_junctions,ENST00000685559.1,XM_011524473.3,45406083-45429623,45406083-45429623,,,,,,,,
chr17:clu_20403,,ARHGAP27,human,transcript_doesnt_have_junctions,ENST00000685559.1,ENST00000290470.3,45406083-45429623,,,,,,,,,
chr17:clu_20403,,ARHGAP27,human,no_unique_junctions,ENST00000685559.1,ENST00000531735.5,45406083-45429623,45406083-45429623,,,,,,,,
chr17:clu_20403,,ARHGAP27,human,transcript_doesnt_have_junctions,ENST00000685559.1,ENST00000703659.1,45406083-45429623,,,,,,,,,
chr17:clu_20403,,ARHGAP27,human,transcript_doesnt_have_junctions,ENST00000685559.1,ENST00000703660.1,45406083-45429623,,,,,,,,,
chr17:clu_20403,,ARHGAP27,human,transcript_doesnt_have_junctions,ENST00000685559.1,ENST00000590026.1,45406083-45429623,,,,,,,,,
chr17:clu_20403,,ARHGAP27,human,transcript_doesnt_have_junctions,ENST00000685559.1,ENST00000703661.1,45406083-45429623,,,,,,,,,
chr17:clu_20403,,ARHGAP27,human,transcript_doesnt_have_junctions,ENST00000685559.1,ENST00000581991.1,45406083-45429623,,,,,,,,,
chr17:clu_20403,,ARHGAP27,human,transcript_doesnt_have_junctions,ENST00000685559.1,ENST00000581638.1,45406083-45429623,,,,,,,,,
chr17:clu_20403,,ARHGAP27,human,transcript_doesnt_have_junctions,ENST00000685559.1,ENST00000526484.5,45406083-45429623,,,,,,,,,
chr17:clu_20403,,ARHGAP27,human,transcript_doesnt_have_junctions,ENST00000685559.1,ENST00000532667.1,45406083-45429623,,,,,,,,,
chr17:clu_20403,,ARHGAP27,human,transcript_doesnt_have_junctions,ENST00000685559.1,ENST00000527678.1,45406083-45429623,,,,,,,,,
chr17:clu_20403,,ARHGAP27,human,transcript_doesnt_have_junctions,ENST00000685559.1,ENST00000579357.1,45406083-45429623,,,,,,,,,
chr17:clu_20403,,ARHGAP27,human,no_unique_junctions,ENST00000685559.1,ENST00000868967.1,45406083-45429623,45406083-45429623,,,,,,,,
chr17:clu_20403,,ARHGAP27,human,no_unique_junctions,ENST00000685559.1,ENST00000868964.1,45406083-45429623,45406083-45429623,,,,,,,,
chr17:clu_20403,,ARHGAP27,human,no_unique_junctions,ENST00000685559.1,ENST00000917071.1,45406083-45429623,45406083-45429623,,,,,,,,
chr17:clu_20403,,ARHGAP27,human,no_unique_junctions,ENST00000685559.1,ENST00000962086.1,45406083-45429623,45406083-45429623,,,,,,,,
chr17:clu_20403,,ARHGAP27,human,no_unique_junctions,ENST00000685559.1,ENST00000868965.1,45406083-45429623,45406083-45429623,,,,,,,,
chr17:clu_20403,,ARHGAP27,human,no_unique_junctions,ENST00000685559.1,ENST00000962084.1,45406083-45429623,45406083-45429623,,,,,,,,
chr17:clu_20403,,ARHGAP27,human,no_unique_junctions,ENST00000685559.1,ENST00000962087.1,45406083-45429623,45406083-45429623,,,,,,,,
chr17:clu_20403,,ARHGAP27,human,no_unique_junctions,ENST00000685559.1,ENST00000962085.1,45406083-45429623,45406083-45429623,,,,,,,,
chr17:clu_20403,,ARHGAP27,human,transcript_doesnt_have_junctions,ENST00000685559.1,ENST00000528384.5,45406083-45429623,,,,,,,,,
chr17:clu_20403,,ARHGAP27,human,transcript_doesnt_have_junctions,ENST00000685559.1,ENST00000524404.5,45406083-45429623,,,,,,,,,
chr17:clu_20403,,ARHGAP27,human,transcript_doesnt_have_junctions,ENST00000685559.1,ENST00000528273.5,45406083-45429623,,,,,,,,,
chr17:clu_20403,,ARHGAP27,human,transcript_doesnt_have_junctions,ENST00000685559.1,ENST00000703662.1,45406083-45429623,,,,,,,,,
chr17:clu_20403,,ARHGAP27,human,transcript_doesnt_have_junctions,ENST00000685559.1,ENST00000582826.5,45406083-45429623,,,,,,,,,
chr17:clu_20403,1/1,ARHGAP27,human,transcript_not_chosen,ENST00000685559.1,ENST00000528677.2,45406083-45429623,45406083-45410232,,,,,,,,
chr17:clu_20403,1/1,ARHGAP27,human,transcript_not_chosen,ENST00000685559.1,ENST00000529357.5,45406083-45429623,45406083-45410232,,,,,,,,
chr17:clu_20403,1/1,ARHGAP27,human,transcript_not_chosen,ENST00000685559.1,ENST00000532038.5,45406083-45429623,45406083-45410232,,,,,,,,
chr17:clu_20403,1/1,ARHGAP27,human,transcript_not_chosen,ENST00000685559.1,ENST00000691061.1,45406083-45429623,45406083-45410232,,,,,,,,
chr17:clu_20403,1/1,ARHGAP27,human,transcript_not_chosen,ENST00000685559.1,NM_001385386.1,45406083-45429623,45406083-45410232,,,,,,,,
chr17:clu_20403,1/1,ARHGAP27,human,transcript_not_chosen,ENST00000685559.1,NM_001385388.1,45406083-45429623,45406083-45410232,,,,,,,,
chr17:clu_20403,1/1,ARHGAP27,human,transcript_not_chosen,ENST00000685559.1,NM_001385389.1,45406083-45429623,45406083-45410232,,,,,,,,
chr17:clu_20403,1/1,ARHGAP27,human,transcript_not_chosen,ENST00000685559.1,NM_001385391.1,45406083-45429623,45406083-45410232,,,,,,,,
chr17:clu_20403,1/1,ARHGAP27,human,transcript_not_chosen,ENST00000685559.1,NM_001385392.1,45406083-45429623,45406083-45410232,,,,,,,,
chr17:clu_20403,1/1,ARHGAP27,human,transcript_not_chosen,ENST00000685559.1,NM_001385399.1,45406083-45429623,45406083-45410232,,,,,,,,
chr17:clu_20403,1/1,ARHGAP27,human,transcript_not_chosen,ENST00000685559.1,XM_047435548.1,45406083-45429623,45406083-45410232,,,,,,,,
chr17:clu_20403,1/1,ARHGAP27,human,transcript_not_chosen,ENST00000685559.1,XM_047435550.1,45406083-45429623,45406083-45410232,,,,,,,,
chr6:clu_21469:ATP6V1G2-DDX39B,,ATP6V1G2-DDX39B,human,novel_junction,ENST00000376185.5,,31532911-31535367,31534854-31535367,,,,,,,,
chr6:clu_21469:ATP6V1G2-DDX39B,,ATP6V1G2-DDX39B,human,novel_junction,ENST00000376185.5,,31532911-31535367,31535017-31535367,,,,,,,,
chr6:clu_21469:ATP6V1G2-DDX39B,,ATP6V1G2-DDX39B,human,transcript_doesnt_have_junctions,ENST00000376185.5,ENST00000480131.1,31532911-31535367,,,,,,,,,
chr6:clu_21469:ATP6V1G2-DDX39B,,ATP6V1G2-DDX39B,human,transcript_doesnt_have_junctions,ENST00000376185.5,ENST00000475917.1,31532911-31535367,,,,,,,,,
chr6:clu_21469:ATP6V1G2-DDX39B,,ATP6V1G2-DDX39B,human,all_known_junctions_are_canonical,ENST00000376185.5,,31532911-31535367,,,,,,,,,
chr1:clu_2003,,PIK3CD,human,no_unique_junctions,ENST00000377346.9,XM_047422557.1,9723292-9723969;9724092-9724276,9723292-9723969;9724092-9724276,,,,,,,,
chr1:clu_2003,,PIK3CD,human,no_unique_junctions,ENST00000377346.9,XM_047422553.1,9723292-9723969;9724092-9724276,9723292-9723969;9724092-9724276,,,,,,,,
chr1:clu_2003,,PIK3CD,human,no_unique_junctions,ENST00000377346.9,XM_047422555.1,9723292-9723969;9724092-9724276,9723292-9723969;9724092-9724276,,,,,,,,
chr1:clu_2003,,PIK3CD,human,no_unique_junctions,ENST00000377346.9,XM_047422551.1,9723292-9723969;9724092-9724276,9723292-9723969;9724092-9724276,,,,,,,,
chr1:clu_2003,,PIK3CD,human,no_unique_junctions,ENST00000377346.9,XM_047422561.1,9723292-9723969;9724092-9724276,9723292-9723969;9724092-9724276,,,,,,,,
chr1:clu_2003,,PIK3CD,human,no_unique_junctions,ENST00000377346.9,ENST00000892287.1,9723292-9723969;9724092-9724276,9723292-9723969;9724092-9724276,,,,,,,,
chr1:clu_2003,,PIK3CD,human,no_unique_junctions,ENST00000377346.9,XM_047422576.1,9723292-9723969;9724092-9724276,9723292-9723969;9724092-9724276,,,,,,,,
chr1:clu_2003,,PIK3CD,human,no_unique_junctions,ENST00000377346.9,XM_047422562.1,9723292-9723969;9724092-9724276,9723292-9723969;9724092-9724276,,,,,,,,
chr1:clu_2003,,PIK3CD,human,no_unique_junctions,ENST00000377346.9,ENST00000892289.1,9723292-9723969;9724092-9724276,9723292-9723969;9724092-9724276,,,,,,,,
chr1:clu_2003,,PIK3CD,human,no_unique_junctions,ENST00000377346.9,XM_047422564.1,9723292-9723969;9724092-9724276,9723292-9723969;9724092-9724276,,,,,,,,
chr1:clu_2003,,PIK3CD,human,no_unique_junctions,ENST00000377346.9,XM_047422568.1,9723292-9723969;9724092-9724276,9723292-9723969;9724092-9724276,,,,,,,,
chr1:clu_2003,,PIK3CD,human,no_unique_junctions,ENST00000377346.9,XM_047422573.1,9723292-9723969;9724092-9724276,9723292-9723969;9724092-9724276,,,,,,,,
chr1:clu_2003,,PIK3CD,human,no_unique_junctions,ENST00000377346.9,NM_001437547.1,9723292-9723969;9724092-9724276,9723292-9723969;9724092-9724276,,,,,,,,
chr1:clu_2003,,PIK3CD,human,no_unique_junctions,ENST00000377346.9,ENST00000698710.1,9723292-9723969;9724092-9724276,9723292-9723969;9724092-9724276,,,,,,,,
chr1:clu_2003,,PIK3CD,human,no_unique_junctions,ENST00000377346.9,XM_047422578.1,9723292-9723969;9724092-9724276,9723292-9723969;9724092-9724276,,,,,,,,
chr1:clu_2003,,PIK3CD,human,no_unique_junctions,ENST00000377346.9,ENST00000960480.1,9723292-9723969;9724092-9724276,9723292-9723969;9724092-9724276,,,,,,,,
chr1:clu_2003,,PIK3CD,human,no_unique_junctions,ENST00000377346.9,XM_047422571.1,9723292-9723969;9724092-9724276,9723292-9723969;9724092-9724276,,,,,,,,
chr1:clu_2003,,PIK3CD,human,no_unique_junctions,ENST00000377346.9,ENST00000698712.1,9723292-9723969;9724092-9724276,9723292-9723969;9724092-9724276,,,,,,,,
chr1:clu_2003,,PIK3CD,human,no_unique_junctions,ENST00000377346.9,XM_047422577.1,9723292-9723969;9724092-9724276,9723292-9723969;9724092-9724276,,,,,,,,
chr1:clu_2003,,PIK3CD,human,no_unique_junctions,ENST00000377346.9,XM_047422565.1,9723292-9723969;9724092-9724276,9723292-9723969;9724092-9724276,,,,,,,,
chr1:clu_2003,,PIK3CD,human,no_unique_junctions,ENST00000377346.9,XM_047422569.1,9723292-9723969;9724092-9724276,9723292-9723969;9724092-9724276,,,,,,,,
chr1:clu_2003,,PIK3CD,human,transcript_doesnt_have_junctions,ENST00000377346.9,XM_047422589.1,9723292-9723969;9724092-9724276,,,,,,,,,
chr1:clu_2003,,PIK3CD,human,no_unique_junctions,ENST00000377346.9,ENST00000932636.1,9723292-9723969;9724092-9724276,9723292-9723969;9724092-9724276,,,,,,,,
chr1:clu_2003,,PIK3CD,human,no_unique_junctions,ENST00000377346.9,ENST00000960481.1,9723292-9723969;9724092-9724276,9723292-9723969;9724092-9724276,,,,,,,,
chr1:clu_2003,,PIK3CD,human,no_unique_junctions,ENST00000377346.9,ENST00000932637.1,9723292-9723969;9724092-9724276,9723292-9723969;9724092-9724276,,,,,,,,
chr1:clu_2003,,PIK3CD,human,no_unique_junctions,ENST00000377346.9,XM_047422572.1,9723292-9723969;9724092-9724276,9723292-9723969;9724092-9724276,,,,,,,,
chr1:clu_2003,,PIK3CD,human,no_unique_junctions,ENST00000377346.9,ENST00000698713.1,9723292-9723969;9724092-9724276,9723292-9723969;9724092-9724276,,,,,,,,
chr1:clu_2003,,PIK3CD,human,no_unique_junctions,ENST00000377346.9,ENST00000698714.1,9723292-9723969;9724092-9724276,9723292-9723969;9724092-9724276,,,,,,,,
chr1:clu_2003,,PIK3CD,human,no_unique_junctions,ENST00000377346.9,ENST00000698715.1,9723292-9723969;9724092-9724276,9723292-9723969;9724092-9724276,,,,,,,,
chr1:clu_2003,,PIK3CD,human,no_unique_junctions,ENST00000377346.9,ENST00000892290.1,9723292-9723969;9724092-9724276,9723292-9723969;9724092-9724276,,,,,,,,
chr1:clu_2003,,PIK3CD,human,no_unique_junctions,ENST00000377346.9,XM_047422570.1,9723292-9723969;9724092-9724276,9723292-9723969;9724092-9724276,,,,,,,,
chr1:clu_2003,,PIK3CD,human,no_unique_junctions,ENST00000377346.9,XM_047422558.1,9723292-9723969;9724092-9724276,9723292-9723969;9724092-9724276,,,,,,,,
chr1:clu_2003,,PIK3CD,human,no_unique_junctions,ENST00000377346.9,XM_047422567.1,9723292-9723969;9724092-9724276,9723292-9723969;9724092-9724276,,,,,,,,
chr1:clu_2003,,PIK3CD,human,no_unique_junctions,ENST00000377346.9,ENST00000932639.1,9723292-9723969;9724092-9724276,9723292-9723969;9724092-9724276,,,,,,,,
chr1:clu_2003,,PIK3CD,human,no_unique_junctions,ENST00000377346.9,XM_047422560.1,9723292-9723969;9724092-9724276,9723292-9723969;9724092-9724276,,,,,,,,
chr1:clu_2003,,PIK3CD,human,no_unique_junctions,ENST00000377346.9,XM_047422559.1,9723292-9723969;9724092-9724276,9723292-9723969;9724092-9724276,,,,,,,,
chr1:clu_2003,,PIK3CD,human,transcript_doesnt_have_junctions,ENST00000377346.9,ENST00000698708.1,9723292-9723969;9724092-9724276,,,,,,,,,
chr1:clu_2003,,PIK3CD,human,transcript_doesnt_have_junctions,ENST00000377346.9,ENST00000698711.1,9723292-9723969;9724092-9724276,,,,,,,,,
chr1:clu_2003,,PIK3CD,human,transcript_doesnt_have_junctions,ENST00000377346.9,ENST00000698717.1,9723292-9723969;9724092-9724276,,,,,,,,,
chr1:clu_2003,,PIK3CD,human,transcript_doesnt_have_junctions,ENST00000377346.9,ENST00000479223.1,9723292-9723969;9724092-9724276,,,,,,,,,
chr1:clu_2003,,PIK3CD,human,transcript_doesnt_have_junctions,ENST00000377346.9,ENST00000698786.1,9723292-9723969;9724092-9724276,,,,,,,,,
chr1:clu_2003,,PIK3CD,human,transcript_doesnt_have_junctions,ENST00000377346.9,ENST00000698718.1,9723292-9723969;9724092-9724276,,,,,,,,,
chr1:clu_2003,,PIK3CD,human,transcript_doesnt_have_junctions,ENST00000377346.9,ENST00000698787.1,9723292-9723969;9724092-9724276,,,,,,,,,
chr1:clu_2003,,PIK3CD,human,transcript_doesnt_have_junctions,ENST00000377346.9,ENST00000698788.1,9723292-9723969;9724092-9724276,,,,,,,,,
chr1:clu_2003,,PIK3CD,human,transcript_doesnt_have_junctions,ENST00000377346.9,ENST00000698719.1,9723292-9723969;9724092-9724276,,,,,,,,,
chr1:clu_2003,,PIK3CD,human,transcript_doesnt_have_junctions,ENST00000377346.9,ENST00000698707.1,9723292-9723969;9724092-9724276,,,,,,,,,
chr1:clu_2003,,PIK3CD,human,no_unique_junctions,ENST00000377346.9,ENST00000960479.1,9723292-9723969;9724092-9724276,9723292-9723969;9724092-9724276,,,,,,,,
chr1:clu_2003,,PIK3CD,human,no_unique_junctions,ENST00000377346.9,ENST00000481137.2,9723292-9723969;9724092-9724276,9723292-9723969;9724092-9724276,,,,,,,,
chr1:clu_2003,,PIK3CD,human,no_unique_junctions,ENST00000377346.9,ENST00000698709.1,9723292-9723969;9724092-9724276,9723292-9723969;9724092-9724276,,,,,,,,
chr1:clu_2003,,PIK3CD,human,no_unique_junctions,ENST00000377346.9,ENST00000892288.1,9723292-9723969;9724092-9724276,9723292-9723969;9724092-9724276,,,,,,,,
chr1:clu_2003,,PIK3CD,human,no_unique_junctions,ENST00000377346.9,ENST00000932635.1,9723292-9723969;9724092-9724276,9723292-9723969;9724092-9724276,,,,,,,,
chr1:clu_2003,,PIK3CD,human,no_unique_junctions,ENST00000377346.9,ENST00000960482.1,9723292-9723969;9724092-9724276,9723292-9723969;9724092-9724276,,,,,,,,
chr1:clu_2003,,PIK3CD,human,no_unique_junctions,ENST00000377346.9,ENST00000932638.1,9723292-9723969;9724092-9724276,9723292-9723969;9724092-9724276,,,,,,,,
chr1:clu_2003,,PIK3CD,human,no_unique_junctions,ENST00000377346.9,ENST00000361110.6,9723292-9723969;9724092-9724276,9723292-9723969;9724092-9724276,,,,,,,,
chr1:clu_2003,,PIK3CD,human,no_unique_junctions,ENST00000377346.9,ENST00000698716.1,9723292-9723969;9724092-9724276,9723292-9723969;9724092-9724276,,,,,,,,
chr1:clu_2003,,PIK3CD,human,transcript_doesnt_have_junctions,ENST00000377346.9,ENST00000698789.1,9723292-9723969;9724092-9724276,,,,,,,,,
chr1:clu_2003,,PIK3CD,human,transcript_doesnt_have_junctions,ENST00000377346.9,ENST00000698706.1,9723292-9723969;9724092-9724276,,,,,,,,,
chr1:clu_2003,,PIK3CD,human,transcript_doesnt_have_junctions,ENST00000377346.9,ENST00000484851.1,9723292-9723969;9724092-9724276,,,,,,,,,
chr10:clu_4684,,EPC1,human,transcript_doesnt_have_junctions,ENST00000319778.11,NM_001272019.4,32305931-32346763,,,,,,,,,
chr10:clu_4684,,EPC1,human,no_unique_junctions,ENST00000319778.11,NM_001382755.1,32305931-32346763,32305931-32346763,,,,,,,,
chr10:clu_4684,,EPC1,human,no_unique_junctions,ENST00000319778.11,NM_001382753.1,32305931-32346763,32305931-32346763,,,,,,,,
chr10:clu_4684,,EPC1,human,no_unique_junctions,ENST00000319778.11,ENST00000263062.8,32305931-32346763,32305931-32346763,,,,,,,,
chr10:clu_4684,,EPC1,human,no_unique_junctions,ENST00000319778.11,NM_001382756.1,32305931-32346763,32305931-32346763,,,,,,,,
chr10:clu_4684,,EPC1,human,transcript_doesnt_have_junctions,ENST00000319778.11,ENST00000492710.1,32305931-32346763,,,,,,,,,
chr10:clu_4684,,EPC1,human,no_unique_junctions,ENST00000319778.11,ENST00000495790.1,32305931-32346763,32305931-32346763,,,,,,,,
chr10:clu_4684,,EPC1,human,no_unique_junctions,ENST00000319778.11,ENST00000667706.1,32305931-32346763,32305931-32346763,,,,,,,,
chr10:clu_4684,,EPC1,human,transcript_doesnt_have_junctions,ENST00000319778.11,ENST00000462470.1,32305931-32346763,,,,,,,,,
chr10:clu_4684,1/3,EPC1,human,transcript_not_chosen,ENST00000319778.11,ENST00000479380.2,32305931-32346763,32305931-32378491,,,,,,,,
chr10:clu_4684,1/3,EPC1,human,transcript_not_chosen,ENST00000319778.11,NM_001382754.1,32305931-32346763,32305931-32378491,,,,,,,,
chr1:clu_2619,,YBX1,human,transcript_doesnt_have_junctions,ENST00000321358.12,ENST00000886269.1,42693523-42696199;42696288-42696642;42696944-42697180,,,,,,,,,
chr1:clu_2619,,YBX1,human,no_unique_junctions,ENST00000321358.12,ENST00000886270.1,42693523-42696199;42696288-42696642;42696944-42697180,42693523-42696199;42696288-42696642;42696944-42697180,,,,,,,,
chr1:clu_2619,,YBX1,human,no_unique_junctions,ENST00000321358.12,ENST00000886274.1,42693523-42696199;42696288-42696642;42696944-42697180,42693523-42696199;42696288-42696642;42696944-42697180,,,,,,,,
chr1:clu_2619,,YBX1,human,no_unique_junctions,ENST00000321358.12,ENST00000886273.1,42693523-42696199;42696288-42696642;42696944-42697180,42693523-42696199;42696288-42696642;42696944-42697180,,,,,,,,
chr1:clu_2619,,YBX1,human,no_unique_junctions,ENST00000321358.12,ENST00000886271.1,42693523-42696199;42696288-42696642;42696944-42697180,42693523-42696199;42696288-42696642;42696944-42697180,,,,,,,,
chr1:clu_2619,,YBX1,human,no_unique_junctions,ENST00000321358.12,ENST00000936897.1,42693523-42696199;42696288-42696642;42696944-42697180,42693523-42696199;42696288-42696642;42696944-42697180,,,,,,,,
chr1:clu_2619,,YBX1,human,no_unique_junctions,ENST00000321358.12,ENST00000953953.1,42693523-42696199;42696288-42696642;42696944-42697180,42693523-42696199;42696944-42697180,,,,,,,,
chr1:clu_2619,,YBX1,human,no_unique_junctions,ENST00000321358.12,ENST00000436427.1,42693523-42696199;42696288-42696642;42696944-42697180,42693523-42696199;42696288-42696642;42696944-42697180,,,,,,,,
chr1:clu_2619,,YBX1,human,no_unique_junctions,ENST00000321358.12,ENST00000467957.1,42693523-42696199;42696288-42696642;42696944-42697180,42693523-42696199;42696288-42696642;42696944-42697180,,,,,,,,
chr1:clu_2619,1/2,YBX1,human,transcript_not_chosen,ENST00000321358.12,ENST00000332220.10,42693523-42696199;42696288-42696642;42696944-42697180,42693523-42696642;42696944-42697180,,,,,,,,
chr13:clu_23604,,ARGLU1,human,transcript_doesnt_have_junctions,ENST00000400198.8,ENST00000472226.2,106557131-106559432,,,,,,,,,
chr13:clu_23604,,ARGLU1,human,transcript_doesnt_have_junctions,ENST00000400198.8,ENST00000868085.1,106557131-106559432,,,,,,,,,
chr13:clu_23604,,ARGLU1,human,transcript_doesnt_have_junctions,ENST00000400198.8,ENST00000936079.1,106557131-106559432,,,,,,,,,
chr13:clu_23604,,ARGLU1,human,no_unique_junctions,ENST00000400198.8,ENST00000952389.1,106557131-106559432,106557131-106559432,,,,,,,,
chr13:clu_23604,1/1,ARGLU1,human,transcript_not_chosen,ENST00000400198.8,ENST00000360629.3,106557131-106559432,106557131-106557559;106557616-106559432,,,,,,,,
chr18:clu_16619,,MBD2,human,transcript_doesnt_have_junctions,ENST00000256429.8,ENST00000583046.1,54166166-54188874,,,,,,,,,
chr18:clu_16619,,MBD2,human,transcript_doesnt_have_junctions,ENST00000256429.8,ENST00000958223.1,54166166-54188874,,,,,,,,,
chr18:clu_16619,,MBD2,human,no_unique_junctions,ENST00000256429.8,ENST00000958222.1,54166166-54188874,54166166-54188874,,,,,,,,
chr18:clu_16619,,MBD2,human,no_unique_junctions,ENST00000256429.8,ENST00000958224.1,54166166-54188874,54166166-54188874,,,,,,,,
chr18:clu_16619,,MBD2,human,no_unique_junctions,ENST00000256429.8,ENST00000958225.1,54166166-54188874,54166166-54188874,,,,,,,,
chr18:clu_16619,,MBD2,human,transcript_doesnt_have_junctions,ENST00000256429.8,ENST00000398398.6,54166166-54188874,,,,,,,,,
chr18:clu_16619,,MBD2,human,transcript_doesnt_have_junctions,ENST00000256429.8,ENST00000579025.1,54166166-54188874,,,,,,,,,
chr14:clu_6308,,EIF5,human,no_unique_junctions,ENST00000216554.8,ENST00000392715.6,103335932-103336036;103336117-103336677,103335932-103336036;103336117-103336677,,,,,,,,
chr14:clu_6308,,EIF5,human,no_unique_junctions,ENST00000216554.8,ENST00000559249.5,103335932-103336036;103336117-103336677,103335932-103336036,,,,,,,,
chr14:clu_6308,,EIF5,human,no_unique_junctions,ENST00000216554.8,ENST00000558551.1,103335932-103336036;103336117-103336677,103335932-103336036;103336117-103336677,,,,,,,,
chr14:clu_6308,,EIF5,human,transcript_doesnt_have_junctions,ENST00000216554.8,ENST00000561439.1,103335932-103336036;103336117-103336677,,,,,,,,,
chr14:clu_6308,,EIF5,human,transcript_doesnt_have_junctions,ENST00000216554.8,ENST00000561023.1,103335932-103336036;103336117-103336677,,,,,,,,,
chr14:clu_6308,,EIF5,human,transcript_doesnt_have_junctions,ENST00000216554.8,ENST00000559923.1,103335932-103336036;103336117-103336677,,,,,,,,,
chr14:clu_6308,,EIF5,human,transcript_doesnt_have_junctions,ENST00000216554.8,ENST00000559011.1,103335932-103336036;103336117-103336677,,,,,,,,,
chr14:clu_6308,,EIF5,human,transcript_doesnt_have_junctions,ENST00000216554.8,ENST00000561380.1,103335932-103336036;103336117-103336677,,,,,,,,,
chr14:clu_6308,,EIF5,human,transcript_doesnt_have_junctions,ENST00000216554.8,ENST00000558800.1,103335932-103336036;103336117-103336677,,,,,,,,,
chr14:clu_6308,,EIF5,human,no_unique_junctions,ENST00000216554.8,ENST00000560338.5,103335932-103336036;103336117-103336677,103335932-103336036;103336117-103336677,,,,,,,,
chr14:clu_6308,,EIF5,human,no_unique_junctions,ENST00000216554.8,ENST00000560763.5,103335932-103336036;103336117-103336677,103335932-103336036,,,,,,,,
chr14:clu_6308,,EIF5,human,no_unique_junctions,ENST00000216554.8,ENST00000558316.5,103335932-103336036;103336117-103336677,103335932-103336036;103336117-103336677,,,,,,,,
chr14:clu_6308,,EIF5,human,no_unique_junctions,ENST00000216554.8,ENST00000558265.5,103335932-103336036;103336117-103336677,103335932-103336036;103336117-103336677,,,,,,,,
chr14:clu_6308,,EIF5,human,no_unique_junctions,ENST00000216554.8,ENST00000561325.5,103335932-103336036;103336117-103336677,103335932-103336036;103336117-103336677,,,,,,,,
chr14:clu_6308,,EIF5,human,no_unique_junctions,ENST00000216554.8,ENST00000559130.5,103335932-103336036;103336117-103336677,103335932-103336036;103336117-103336677,,,,,,,,
chr14:clu_6308,,EIF5,human,no_unique_junctions,ENST00000216554.8,ENST00000559532.5,103335932-103336036;103336117-103336677,103335932-103336036;103336117-103336677,,,,,,,,
chr14:clu_6308,,EIF5,human,no_unique_junctions,ENST00000216554.8,ENST00000558506.1,103335932-103336036;103336117-103336677,103335932-103336036;103336117-103336677,,,,,,,,
chr14:clu_6308,,EIF5,human,transcript_doesnt_have_junctions,ENST00000216554.8,ENST00000560877.5,103335932-103336036;103336117-103336677,,,,,,,,,
chr14:clu_6308,,EIF5,human,transcript_doesnt_have_junctions,ENST00000216554.8,ENST00000561406.1,103335932-103336036;103336117-103336677,,,,,,,,,
chr2:clu_294,,SRSF7,human,novel_junction,ENST00000313117.11,,38748653-38749529,38748653-38749240,,,,,,,,
chr2:clu_294,,SRSF7,human,no_unique_junctions,ENST00000313117.11,ENST00000908960.1,38748653-38749529,38748653-38749529,,,,,,,,
chr2:clu_294,,SRSF7,human,no_unique_junctions,ENST00000313117.11,ENST00000409276.5,38748653-38749529,38748653-38749529,,,,,,,,
chr2:clu_294,,SRSF7,human,no_unique_junctions,ENST00000313117.11,ENST00000446327.6,38748653-38749529,38748653-38749529,,,,,,,,
chr2:clu_294,,SRSF7,human,transcript_doesnt_have_junctions,ENST00000313117.11,ENST00000477635.5,38748653-38749529,,,,,,,,,
chr2:clu_294,,SRSF7,human,transcript_doesnt_have_junctions,ENST00000313117.11,ENST00000487773.1,38748653-38749529,,,,,,,,,
chr2:clu_294,,SRSF7,human,no_unique_junctions,ENST00000313117.11,ENST00000908961.1,38748653-38749529,38748653-38749529,,,,,,,,
chr2:clu_294,,SRSF7,human,no_unique_junctions,ENST00000313117.11,ENST00000926870.1,38748653-38749529,38748653-38749529,,,,,,,,
chr2:clu_294,,SRSF7,human,no_unique_junctions,ENST00000313117.11,ENST00000926871.1,38748653-38749529,38748653-38749529,,,,,,,,
chr2:clu_294,,SRSF7,human,no_unique_junctions,ENST00000313117.11,ENST00000452806.5,38748653-38749529,38748653-38749529,,,,,,,,
chr2:clu_294,,SRSF7,human,no_unique_junctions,ENST00000313117.11,ENST00000926872.1,38748653-38749529,38748653-38749529,,,,,,,,
chr2:clu_294,,SRSF7,human,transcript_doesnt_have_junctions,ENST00000313117.11,ENST00000432873.5,38748653-38749529,,,,,,,,,
chr2:clu_294,,SRSF7,human,transcript_doesnt_have_junctions,ENST00000313117.11,ENST00000926881.1,38748653-38749529,,,,,,,,,
chr2:clu_294,,SRSF7,human,transcript_doesnt_have_junctions,ENST00000313117.11,ENST00000926880.1,38748653-38749529,,,,,,,,,
chr2:clu_294,,SRSF7,human,transcript_doesnt_have_junctions,ENST00000313117.11,ENST00000926873.1,38748653-38749529,,,,,,,,,
chr2:clu_294,,SRSF7,human,no_unique_junctions,ENST00000313117.11,ENST00000926874.1,38748653-38749529,38748653-38749529,,,,,,,,
chr2:clu_294,,SRSF7,human,no_unique_junctions,ENST00000313117.11,ENST00000926875.1,38748653-38749529,38748653-38749529,,,,,,,,
chr2:clu_294,,SRSF7,human,no_unique_junctions,ENST00000313117.11,ENST00000926876.1,38748653-38749529,38748653-38749529,,,,,,,,
chr2:clu_294,,SRSF7,human,no_unique_junctions,ENST00000313117.11,ENST00000926877.1,38748653-38749529,38748653-38749529,,,,,,,,
chr2:clu_294,,SRSF7,human,transcript_doesnt_have_junctions,ENST00000313117.11,ENST00000926878.1,38748653-38749529,,,,,,,,,
chr2:clu_294,,SRSF7,human,no_unique_junctions,ENST00000313117.11,ENST00000926879.1,38748653-38749529,38748653-38749529,,,,,,,,
chr2:clu_294,,SRSF7,human,transcript_doesnt_have_junctions,ENST00000313117.11,ENST00000908962.1,38748653-38749529,,,,,,,,,
chr2:clu_294,,SRSF7,human,transcript_doesnt_have_junctions,ENST00000313117.11,ENST00000431066.5,38748653-38749529,,,,,,,,,
chr2:clu_294,,SRSF7,human,no_unique_junctions,ENST00000313117.11,ENST00000908964.1,38748653-38749529,38748653-38749529,,,,,,,,
chr2:clu_294,,SRSF7,human,no_unique_junctions,ENST00000313117.11,ENST00000908963.1,38748653-38749529,38748653-38749529,,,,,,,,
chr2:clu_294,,SRSF7,human,transcript_doesnt_have_junctions,ENST00000313117.11,ENST00000443213.5,38748653-38749529,,,,,,,,,
chr2:clu_294,,SRSF7,human,subsumed_by_larger_group,ENST00000313117.11,ENST00000415527.1,38748653-38749529,38748653-38748898,,,,,,,,
chr2:clu_294,,SRSF7,human,subsumed_by_larger_group,ENST00000313117.11,XM_011533032.3,38748653-38749529,38748653-38748898,,,,,,,,
chr2:clu_294,1/1,SRSF7,human,transcript_not_chosen,ENST00000313117.11,ENST00000425778.5,38748653-38749529,38748653-38748898;38749346-38749529,,,,,,,,
chr19:clu_14049,,RPS9,human,no_unique_junctions,ENST00000302907.9,ENST00000391752.5,54206462-54207398,54206462-54207398,,,,,,,,
chr19:clu_14049,,RPS9,human,no_unique_junctions,ENST00000302907.9,ENST00000910926.1,54206462-54207398,54206462-54207398,,,,,,,,
chr19:clu_14049,,RPS9,human,transcript_doesnt_have_junctions,ENST00000302907.9,XM_017027112.2,54206462-54207398,,,,,,,,,
chr19:clu_14049,,RPS9,human,transcript_doesnt_have_junctions,ENST00000302907.9,ENST00000391751.7,54206462-54207398,,,,,,,,,
chr19:clu_14049,,RPS9,human,no_unique_junctions,ENST00000302907.9,ENST00000910929.1,54206462-54207398,54206462-54207398,,,,,,,,
chr19:clu_14049,,RPS9,human,no_unique_junctions,ENST00000302907.9,ENST00000910927.1,54206462-54207398,54206462-54207398,,,,,,,,
chr19:clu_14049,,RPS9,human,transcript_doesnt_have_junctions,ENST00000302907.9,ENST00000484121.5,54206462-54207398,,,,,,,,,
chr19:clu_14049,,RPS9,human,transcript_doesnt_have_junctions,ENST00000302907.9,ENST00000460761.1,54206462-54207398,,,,,,,,,
chr19:clu_14049,,RPS9,human,no_unique_junctions,ENST00000302907.9,ENST00000919246.1,54206462-54207398,54206462-54207398,,,,,,,,
chr19:clu_14049,,RPS9,human,no_unique_junctions,ENST00000302907.9,ENST00000919247.1,54206462-54207398,54206462-54207398,,,,,,,,
chr19:clu_14049,,RPS9,human,no_unique_junctions,ENST00000302907.9,ENST00000919248.1,54206462-54207398,54206462-54207398,,,,,,,,
chr19:clu_14049,,RPS9,human,no_unique_junctions,ENST00000302907.9,ENST00000919249.1,54206462-54207398,54206462-54207398,,,,,,,,
chr19:clu_14049,,RPS9,human,no_unique_junctions,ENST00000302907.9,ENST00000960920.1,54206462-54207398,54206462-54207398,,,,,,,,
chr19:clu_14049,,RPS9,human,transcript_doesnt_have_junctions,ENST00000302907.9,ENST00000919253.1,54206462-54207398,,,,,,,,,
chr19:clu_14049,,RPS9,human,no_unique_junctions,ENST00000302907.9,ENST00000919251.1,54206462-54207398,54206462-54207398,,,,,,,,
chr19:clu_14049,,RPS9,human,no_unique_junctions,ENST00000302907.9,ENST00000919250.1,54206462-54207398,54206462-54207398,,,,,,,,
chr19:clu_14049,,RPS9,human,no_unique_junctions,ENST00000302907.9,ENST00000910930.1,54206462-54207398,54206462-54207398,,,,,,,,
chr19:clu_14049,,RPS9,human,no_unique_junctions,ENST00000302907.9,ENST00000910931.1,54206462-54207398,54206462-54207398,,,,,,,,
chr19:clu_14049,,RPS9,human,transcript_doesnt_have_junctions,ENST00000302907.9,ENST00000919255.1,54206462-54207398,,,,,,,,,
chr19:clu_14049,,RPS9,human,no_unique_junctions,ENST00000302907.9,ENST00000919254.1,54206462-54207398,54206462-54207398,,,,,,,,
chr19:clu_14049,,RPS9,human,transcript_doesnt_have_junctions,ENST00000302907.9,ENST00000910928.1,54206462-54207398,,,,,,,,,
chr19:clu_14049,,RPS9,human,transcript_doesnt_have_junctions,ENST00000302907.9,ENST00000448962.5,54206462-54207398,,,,,,,,,
chr19:clu_14049,,RPS9,human,no_unique_junctions,ENST00000302907.9,ENST00000919256.1,54206462-54207398,54206462-54207398,,,,,,,,
chr19:clu_14049,,RPS9,human,transcript_doesnt_have_junctions,ENST00000302907.9,ENST00000919257.1,54206462-54207398,,,,,,,,,
chr19:clu_14049,,RPS9,human,no_unique_junctions,ENST00000302907.9,ENST00000391753.6,54206462-54207398,54206462-54207398,,,,,,,,
chr19:clu_14049,,RPS9,human,no_unique_junctions,ENST00000302907.9,ENST00000960921.1,54206462-54207398,54206462-54207398,,,,,,,,
chr19:clu_14049,,RPS9,human,transcript_doesnt_have_junctions,ENST00000302907.9,ENST00000441429.1,54206462-54207398,,,,,,,,,
chr19:clu_14049,,RPS9,human,subsumed_by_larger_group,ENST00000302907.9,ENST00000495002.5,54206462-54207398,54206724-54207398,,,,,,,,
chr19:clu_14049,,RPS9,human,subsumed_by_larger_group,ENST00000302907.9,ENST00000919252.1,54206462-54207398,54206724-54207398,,,,,,,,
chr19:clu_14049,,RPS9,human,subsumed_by_larger_group,ENST00000302907.9,ENST00000402367.5,54206462-54207398,54206462-54206553,,,,,,,,
chr19:clu_14049,,RPS9,human,subsumed_by_larger_group,ENST00000302907.9,ENST00000626547.2,54206462-54207398,54206462-54206553,,,,,,,,
chr19:clu_14049,1/1,RPS9,human,transcript_not_chosen,ENST00000302907.9,ENST00000436445.5,54206462-54207398,54206462-54206553;54206724-54207398,,,,,,,,
chr11:clu_8214,,ARAP1,human,no_unique_junctions,ENST00000393609.8,ENST00000334211.12,72688537-72692753;72692785-72693325,72688537-72692753;72692785-72693325,,,,,,,,
chr11:clu_8214,,ARAP1,human,no_unique_junctions,ENST00000393609.8,ENST00000465814.5,72688537-72692753;72692785-72693325,72688537-72692753;72692785-72693325,,,,,,,,
chr11:clu_8214,,ARAP1,human,transcript_doesnt_have_junctions,ENST00000393609.8,ENST00000544721.5,72688537-72692753;72692785-72693325,,,,,,,,,
chr11:clu_8214,,ARAP1,human,transcript_doesnt_have_junctions,ENST00000393609.8,ENST00000541623.5,72688537-72692753;72692785-72693325,,,,,,,,,
chr11:clu_8214,,ARAP1,human,transcript_doesnt_have_junctions,ENST00000393609.8,ENST00000542612.1,72688537-72692753;72692785-72693325,,,,,,,,,
chr11:clu_8214,,ARAP1,human,transcript_doesnt_have_junctions,ENST00000393609.8,ENST00000543868.1,72688537-72692753;72692785-72693325,,,,,,,,,
chr11:clu_8214,,ARAP1,human,transcript_doesnt_have_junctions,ENST00000393609.8,ENST00000536993.5,72688537-72692753;72692785-72693325,,,,,,,,,
chr11:clu_8214,,ARAP1,human,transcript_doesnt_have_junctions,ENST00000393609.8,ENST00000546293.1,72688537-72692753;72692785-72693325,,,,,,,,,
chr11:clu_8214,,ARAP1,human,no_unique_junctions,ENST00000393609.8,ENST00000932329.1,72688537-72692753;72692785-72693325,72688537-72692753;72692785-72693325,,,,,,,,
chr11:clu_8214,,ARAP1,human,no_unique_junctions,ENST00000393609.8,ENST00000852598.1,72688537-72692753;72692785-72693325,72688537-72692753;72692785-72693325,,,,,,,,
chr11:clu_8214,,ARAP1,human,no_unique_junctions,ENST00000393609.8,ENST00000932332.1,72688537-72692753;72692785-72693325,72688537-72692753;72692785-72693325,,,,,,,,
chr11:clu_8214,,ARAP1,human,transcript_doesnt_have_junctions,ENST00000393609.8,ENST00000932330.1,72688537-72692753;72692785-72693325,,,,,,,,,
chr11:clu_8214,,ARAP1,human,no_unique_junctions,ENST00000393609.8,ENST00000852595.1,72688537-72692753;72692785-72693325,72688537-72692753;72692785-72693325,,,,,,,,
chr11:clu_8214,,ARAP1,human,no_unique_junctions,ENST00000393609.8,ENST00000952695.1,72688537-72692753;72692785-72693325,72688537-72692753;72692785-72693325,,,,,,,,
chr11:clu_8214,,ARAP1,human,no_unique_junctions,ENST00000393609.8,ENST00000932333.1,72688537-72692753;72692785-72693325,72688537-72692753;72692785-72693325,,,,,,,,
chr11:clu_8214,,ARAP1,human,no_unique_junctions,ENST00000393609.8,ENST00000852596.1,72688537-72692753;72692785-72693325,72688537-72692753;72692785-72693325,,,,,,,,
chr11:clu_8214,,ARAP1,human,no_unique_junctions,ENST00000393609.8,ENST00000393605.7,72688537-72692753;72692785-72693325,72688537-72692753;72692785-72693325,,,,,,,,
chr11:clu_8214,,ARAP1,human,transcript_doesnt_have_junctions,ENST00000393609.8,ENST00000536885.1,72688537-72692753;72692785-72693325,,,,,,,,,
chr11:clu_8214,,ARAP1,human,transcript_doesnt_have_junctions,ENST00000393609.8,ENST00000427971.6,72688537-72692753;72692785-72693325,,,,,,,,,
chr11:clu_8214,,ARAP1,human,transcript_doesnt_have_junctions,ENST00000393609.8,ENST00000452383.2,72688537-72692753;72692785-72693325,,,,,,,,,
chr11:clu_8214,,ARAP1,human,transcript_doesnt_have_junctions,ENST00000393609.8,ENST00000544958.5,72688537-72692753;72692785-72693325,,,,,,,,,
chr11:clu_8214,,ARAP1,human,transcript_doesnt_have_junctions,ENST00000393609.8,ENST00000542264.1,72688537-72692753;72692785-72693325,,,,,,,,,
chr11:clu_8214,1/1,ARAP1,human,transcript_not_chosen,ENST00000393609.8,ENST00000426523.5,72688537-72692753;72692785-72693325,72688537-72693325,,,,,,,,
chr11:clu_8214,1/1,ARAP1,human,transcript_not_chosen,ENST00000393609.8,ENST00000429686.5,72688537-72692753;72692785-72693325,72688537-72693325,,,,,,,,
chr11:clu_8214,1/1,ARAP1,human,transcript_not_chosen,ENST00000393609.8,ENST00000495878.5,72688537-72692753;72692785-72693325,72688537-72693325,,,,,,,,
chr11:clu_8214,1/1,ARAP1,human,transcript_not_chosen,ENST00000393609.8,ENST00000542596.5,72688537-72692753;72692785-72693325,72688537-72693325,,,,,,,,
chr11:clu_8214,1/1,ARAP1,human,transcript_not_chosen,ENST00000393609.8,ENST00000852597.1,72688537-72692753;72692785-72693325,72688537-72693325,,,,,,,,
chr11:clu_8214,1/1,ARAP1,human,transcript_not_chosen,ENST00000393609.8,ENST00000932331.1,72688537-72692753;72692785-72693325,72688537-72693325,,,,,,,,
chr1:clu_2579,,CAP1,human,transcript_doesnt_have_junctions,ENST00000372805.8,NM_001350479.2,40040801-40059337,,,,,,,,,
chr1:clu_2579,,CAP1,human,transcript_doesnt_have_junctions,ENST00000372805.8,ENST00000911197.1,40040801-40059337,,,,,,,,,
chr1:clu_2579,,CAP1,human,transcript_doesnt_have_junctions,ENST00000372805.8,ENST00000911194.1,40040801-40059337,,,,,,,,,
chr1:clu_2579,,CAP1,human,transcript_doesnt_have_junctions,ENST00000372805.8,ENST00000911198.1,40040801-40059337,,,,,,,,,
chr1:clu_2579,,CAP1,human,no_unique_junctions,ENST00000372805.8,ENST00000340450.7,40040801-40059337,40040801-40059337,,,,,,,,
chr1:clu_2579,,CAP1,human,transcript_doesnt_have_junctions,ENST00000372805.8,ENST00000915719.1,40040801-40059337,,,,,,,,,
chr1:clu_2579,,CAP1,human,transcript_doesnt_have_junctions,ENST00000372805.8,ENST00000915725.1,40040801-40059337,,,,,,,,,
chr1:clu_2579,,CAP1,human,transcript_doesnt_have_junctions,ENST00000372805.8,ENST00000915742.1,40040801-40059337,,,,,,,,,
chr1:clu_2579,,CAP1,human,transcript_doesnt_have_junctions,ENST00000372805.8,ENST00000911208.1,40040801-40059337,,,,,,,,,
chr1:clu_2579,,CAP1,human,transcript_doesnt_have_junctions,ENST00000372805.8,ENST00000911222.1,40040801-40059337,,,,,,,,,
chr1:clu_2579,,CAP1,human,transcript_doesnt_have_junctions,ENST00000372805.8,ENST00000911193.1,40040801-40059337,,,,,,,,,
chr1:clu_2579,,CAP1,human,transcript_doesnt_have_junctions,ENST00000372805.8,ENST00000911195.1,40040801-40059337,,,,,,,,,
chr1:clu_2579,,CAP1,human,transcript_doesnt_have_junctions,ENST00000372805.8,ENST00000942534.1,40040801-40059337,,,,,,,,,
chr1:clu_2579,,CAP1,human,transcript_doesnt_have_junctions,ENST00000372805.8,ENST00000911196.1,40040801-40059337,,,,,,,,,
chr1:clu_2579,,CAP1,human,transcript_doesnt_have_junctions,ENST00000372805.8,ENST00000915716.1,40040801-40059337,,,,,,,,,
chr1:clu_2579,,CAP1,human,transcript_doesnt_have_junctions,ENST00000372805.8,ENST00000449311.5,40040801-40059337,,,,,,,,,
chr1:clu_2579,,CAP1,human,no_unique_junctions,ENST00000372805.8,ENST00000915718.1,40040801-40059337,40040801-40059337,,,,,,,,
chr1:clu_2579,,CAP1,human,no_unique_junctions,ENST00000372805.8,ENST00000942541.1,40040801-40059337,40040801-40059337,,,,,,,,
chr1:clu_2579,,CAP1,human,no_unique_junctions,ENST00000372805.8,ENST00000414893.5,40040801-40059337,40040801-40059337,,,,,,,,
chr1:clu_2579,,CAP1,human,transcript_doesnt_have_junctions,ENST00000372805.8,ENST00000915723.1,40040801-40059337,,,,,,,,,
chr1:clu_2579,,CAP1,human,transcript_doesnt_have_junctions,ENST00000372805.8,ENST00000911199.1,40040801-40059337,,,,,,,,,
chr1:clu_2579,,CAP1,human,transcript_doesnt_have_junctions,ENST00000372805.8,ENST00000915724.1,40040801-40059337,,,,,,,,,
chr1:clu_2579,,CAP1,human,transcript_doesnt_have_junctions,ENST00000372805.8,ENST00000915732.1,40040801-40059337,,,,,,,,,
chr1:clu_2579,,CAP1,human,transcript_doesnt_have_junctions,ENST00000372805.8,ENST00000942536.1,40040801-40059337,,,,,,,,,
chr1:clu_2579,,CAP1,human,no_unique_junctions,ENST00000372805.8,ENST00000915726.1,40040801-40059337,40040801-40059337,,,,,,,,
chr1:clu_2579,,CAP1,human,transcript_doesnt_have_junctions,ENST00000372805.8,ENST00000911214.1,40040801-40059337,,,,,,,,,
chr1:clu_2579,,CAP1,human,transcript_doesnt_have_junctions,ENST00000372805.8,ENST00000911200.1,40040801-40059337,,,,,,,,,
chr1:clu_2579,,CAP1,human,transcript_doesnt_have_junctions,ENST00000372805.8,ENST00000915728.1,40040801-40059337,,,,,,,,,
chr1:clu_2579,,CAP1,human,transcript_doesnt_have_junctions,ENST00000372805.8,ENST00000915727.1,40040801-40059337,,,,,,,,,
chr1:clu_2579,,CAP1,human,transcript_doesnt_have_junctions,ENST00000372805.8,ENST00000942545.1,40040801-40059337,,,,,,,,,
chr1:clu_2579,,CAP1,human,transcript_doesnt_have_junctions,ENST00000372805.8,ENST00000942544.1,40040801-40059337,,,,,,,,,
chr1:clu_2579,,CAP1,human,transcript_doesnt_have_junctions,ENST00000372805.8,ENST00000911216.1,40040801-40059337,,,,,,,,,
chr1:clu_2579,,CAP1,human,no_unique_junctions,ENST00000372805.8,ENST00000911217.1,40040801-40059337,40040801-40059337,,,,,,,,
chr1:clu_2579,,CAP1,human,transcript_doesnt_have_junctions,ENST00000372805.8,ENST00000911218.1,40040801-40059337,,,,,,,,,
chr1:clu_2579,,CAP1,human,transcript_doesnt_have_junctions,ENST00000372805.8,ENST00000911201.1,40040801-40059337,,,,,,,,,
chr1:clu_2579,,CAP1,human,transcript_doesnt_have_junctions,ENST00000372805.8,ENST00000915729.1,40040801-40059337,,,,,,,,,
chr1:clu_2579,,CAP1,human,transcript_doesnt_have_junctions,ENST00000372805.8,ENST00000915730.1,40040801-40059337,,,,,,,,,
chr1:clu_2579,,CAP1,human,transcript_doesnt_have_junctions,ENST00000372805.8,ENST00000942538.1,40040801-40059337,,,,,,,,,
chr1:clu_2579,,CAP1,human,no_unique_junctions,ENST00000372805.8,ENST00000911219.1,40040801-40059337,40040801-40059337,,,,,,,,
chr1:clu_2579,,CAP1,human,transcript_doesnt_have_junctions,ENST00000372805.8,ENST00000911205.1,40040801-40059337,,,,,,,,,
chr1:clu_2579,,CAP1,human,transcript_doesnt_have_junctions,ENST00000372805.8,ENST00000911203.1,40040801-40059337,,,,,,,,,
chr1:clu_2579,,CAP1,human,transcript_doesnt_have_junctions,ENST00000372805.8,ENST00000911206.1,40040801-40059337,,,,,,,,,
chr1:clu_2579,,CAP1,human,transcript_doesnt_have_junctions,ENST00000372805.8,ENST00000417287.5,40040801-40059337,,,,,,,,,
chr1:clu_2579,,CAP1,human,transcript_doesnt_have_junctions,ENST00000372805.8,ENST00000911209.1,40040801-40059337,,,,,,,,,
chr1:clu_2579,,CAP1,human,transcript_doesnt_have_junctions,ENST00000372805.8,ENST00000911221.1,40040801-40059337,,,,,,,,,
chr1:clu_2579,,CAP1,human,transcript_doesnt_have_junctions,ENST00000372805.8,ENST00000915739.1,40040801-40059337,,,,,,,,,
chr1:clu_2579,,CAP1,human,transcript_doesnt_have_junctions,ENST00000372805.8,ENST00000915740.1,40040801-40059337,,,,,,,,,
chr1:clu_2579,,CAP1,human,transcript_doesnt_have_junctions,ENST00000372805.8,ENST00000915744.1,40040801-40059337,,,,,,,,,
chr1:clu_2579,,CAP1,human,transcript_doesnt_have_junctions,ENST00000372805.8,ENST00000911223.1,40040801-40059337,,,,,,,,,
chr1:clu_2579,,CAP1,human,transcript_doesnt_have_junctions,ENST00000372805.8,ENST00000446031.1,40040801-40059337,,,,,,,,,
chr1:clu_2579,,CAP1,human,transcript_doesnt_have_junctions,ENST00000372805.8,ENST00000915745.1,40040801-40059337,,,,,,,,,
chr1:clu_2579,,CAP1,human,transcript_doesnt_have_junctions,ENST00000372805.8,ENST00000479759.5,40040801-40059337,,,,,,,,,
chr1:clu_2579,,CAP1,human,transcript_doesnt_have_junctions,ENST00000372805.8,ENST00000461993.1,40040801-40059337,,,,,,,,,
chr1:clu_2579,,CAP1,human,transcript_doesnt_have_junctions,ENST00000372805.8,ENST00000494114.1,40040801-40059337,,,,,,,,,
chr1:clu_2579,,CAP1,human,subsumed_by_larger_group,ENST00000372805.8,ENST00000915731.1,40040801-40059337,40040801-40041429,,,,,,,,
chr1:clu_2579,,CAP1,human,subsumed_by_larger_group,ENST00000372805.8,ENST00000915733.1,40040801-40059337,40040801-40041429,,,,,,,,
chr1:clu_2579,,CAP1,human,subsumed_by_larger_group,ENST00000372805.8,ENST00000915734.1,40040801-40059337,40040801-40041429,,,,,,,,
chr1:clu_2579,,CAP1,human,subsumed_by_larger_group,ENST00000372805.8,ENST00000915736.1,40040801-40059337,40040801-40041429,,,,,,,,
chr1:clu_2579,,CAP1,human,subsumed_by_larger_group,ENST00000372805.8,ENST00000942539.1,40040801-40059337,40040801-40041429,,,,,,,,
chr1:clu_2579,,CAP1,human,subsumed_by_larger_group,ENST00000372805.8,ENST00000427843.5,40040801-40059337,40041493-40059337,,,,,,,,
chr1:clu_2579,,CAP1,human,subsumed_by_larger_group,ENST00000372805.8,ENST00000911207.1,40040801-40059337,40041493-40059337,,,,,,,,
chr1:clu_2579,,CAP1,human,subsumed_by_larger_group,ENST00000372805.8,ENST00000911212.1,40040801-40059337,40041493-40059337,,,,,,,,
chr1:clu_2579,,CAP1,human,subsumed_by_larger_group,ENST00000372805.8,ENST00000911215.1,40040801-40059337,40041493-40059337,,,,,,,,
chr1:clu_2579,,CAP1,human,subsumed_by_larger_group,ENST00000372805.8,ENST00000911220.1,40040801-40059337,40041493-40059337,,,,,,,,
chr1:clu_2579,,CAP1,human,subsumed_by_larger_group,ENST00000372805.8,ENST00000915735.1,40040801-40059337,40041493-40059337,,,,,,,,
chr1:clu_2579,,CAP1,human,subsumed_by_larger_group,ENST00000372805.8,ENST00000915737.1,40040801-40059337,40041493-40059337,,,,,,,,
chr1:clu_2579,,CAP1,human,subsumed_by_larger_group,ENST00000372805.8,ENST00000942540.1,40040801-40059337,40041493-40059337,,,,,,,,
chr1:clu_2579,,CAP1,human,subsumed_by_larger_group,ENST00000372805.8,ENST00000420216.5,40040801-40059337,40041493-40059334,,,,,,,,
chr1:clu_2579,,CAP1,human,subsumed_by_larger_group,ENST00000372805.8,ENST00000911210.1,40040801-40059337,40041493-40059334,,,,,,,,
chr1:clu_2579,,CAP1,human,subsumed_by_larger_group,ENST00000372805.8,ENST00000911211.1,40040801-40059337,40041493-40059334,,,,,,,,
chr1:clu_2579,,CAP1,human,subsumed_by_larger_group,ENST00000372805.8,ENST00000911213.1,40040801-40059337,40041493-40059334,,,,,,,,
chr1:clu_2579,,CAP1,human,subsumed_by_larger_group,ENST00000372805.8,ENST00000915738.1,40040801-40059337,40041493-40059334,,,,,,,,
chr1:clu_2579,,CAP1,human,subsumed_by_larger_group,ENST00000372805.8,ENST00000915741.1,40040801-40059337,40041493-40059334,,,,,,,,
chr1:clu_2579,,CAP1,human,subsumed_by_larger_group,ENST00000372805.8,ENST00000915743.1,40040801-40059337,40041493-40059334,,,,,,,,
chr1:clu_2579,,CAP1,human,subsumed_by_larger_group,ENST00000372805.8,ENST00000942543.1,40040801-40059337,40041493-40059334,,,,,,,,
chr1:clu_2579,1/5,CAP1,human,transcript_not_chosen,ENST00000372805.8,ENST00000421589.5,40040801-40059337,40040783-40059334,,,,,,,,
chr1:clu_2579,2/5,CAP1,human,transcript_not_chosen,ENST00000372805.8,ENST00000372797.7,40040801-40059337,40040783-40059337,,,,,,,,
chr1:clu_2579,2/5,CAP1,human,transcript_not_chosen,ENST00000372805.8,ENST00000435719.5,40040801-40059337,40040783-40059337,,,,,,,,
chr1:clu_2579,2/5,CAP1,human,transcript_not_chosen,ENST00000372805.8,ENST00000915717.1,40040801-40059337,40040783-40059337,,,,,,,,
chr1:clu_2579,2/5,CAP1,human,transcript_not_chosen,ENST00000372805.8,ENST00000915721.1,40040801-40059337,40040783-40059337,,,,,,,,
chr1:clu_2579,3/5,CAP1,human,transcript_not_chosen,ENST00000372805.8,ENST00000414281.5,40040801-40059337,40040801-40041429;40041493-40059334,,,,,,,,
chr1:clu_2579,4/5,CAP1,human,transcript_not_chosen,ENST00000372805.8,ENST00000424977.1,40040801-40059337,40040801-40041429;40041493-40059337,,,,,,,,
chr1:clu_2579,5/5,CAP1,human,transcript_not_chosen,ENST00000372805.8,ENST00000372798.5,40040801-40059337,40040801-40059334,,,,,,,,
chr1:clu_2579,5/5,CAP1,human,transcript_not_chosen,ENST00000372805.8,ENST00000915720.1,40040801-40059337,40040801-40059334,,,,,,,,
chr1:clu_2579,5/5,CAP1,human,transcript_not_chosen,ENST00000372805.8,ENST00000915722.1,40040801-40059337,40040801-40059334,,,,,,,,
chr1:clu_2579,5/5,CAP1,human,transcript_not_chosen,ENST00000372805.8,ENST00000942537.1,40040801-40059337,40040801-40059334,,,,,,,,
chr1:clu_2579,5/5,CAP1,human,transcript_not_chosen,ENST00000372805.8,ENST00000942542.1,40040801-40059337,40040801-40059334,,,,,,,,
chr1:clu_2579,5/5,CAP1,human,transcript_not_chosen,ENST00000372805.8,ENST00000942546.1,40040801-40059337,40040801-40059334,,,,,,,,
chr6:clu_21624,,CUTA,human,transcript_doesnt_have_junctions,ENST00000488034.6,ENST00000374496.3,33417695-33417959,,,,,,,,,
chr6:clu_21624,,CUTA,human,transcript_doesnt_have_junctions,ENST00000488034.6,ENST00000440279.7,33417695-33417959,,,,,,,,,
chr6:clu_21624,,CUTA,human,transcript_doesnt_have_junctions,ENST00000488034.6,ENST00000462802.5,33417695-33417959,,,,,,,,,
chr6:clu_21624,,CUTA,human,transcript_doesnt_have_junctions,ENST00000488034.6,ENST00000479249.5,33417695-33417959,,,,,,,,,
chr6:clu_21624,,CUTA,human,transcript_doesnt_have_junctions,ENST00000488034.6,ENST00000465956.1,33417695-33417959,,,,,,,,,
chr6:clu_21624,,CUTA,human,transcript_doesnt_have_junctions,ENST00000488034.6,ENST00000487637.1,33417695-33417959,,,,,,,,,
chr6:clu_21624,,CUTA,human,no_unique_junctions,ENST00000488034.6,ENST00000879000.1,33417695-33417959,33417695-33417959,,,,,,,,
chr6:clu_21624,,CUTA,human,transcript_doesnt_have_junctions,ENST00000488034.6,ENST00000494751.5,33417695-33417959,,,,,,,,,
chr6:clu_21624,,CUTA,human,no_unique_junctions,ENST00000488034.6,ENST00000488478.5,33417695-33417959,33417695-33417959,,,,,,,,
chr6:clu_21624,,CUTA,human,transcript_doesnt_have_junctions,ENST00000488034.6,ENST00000492510.1,33417695-33417959,,,,,,,,,
chr6:clu_21624,1/2,CUTA,human,transcript_not_chosen,ENST00000488034.6,ENST00000482684.5,33417695-33417959,33417695-33417869,,,,,,,,
chr6:clu_21624,2/2,CUTA,human,transcript_not_chosen,ENST00000488034.6,ENST00000374484.8,33417695-33417959,33417695-33418087,,,,,,,,
chr7:clu_26044,,SRRT,human,no_unique_junctions,ENST00000611405.5,ENST00000618262.4,100882241-100884070,100882241-100884070,,,,,,,,
chr7:clu_26044,,SRRT,human,no_unique_junctions,ENST00000611405.5,ENST00000614484.4,100882241-100884070,100882241-100884070,,,,,,,,
chr7:clu_26044,,SRRT,human,no_unique_junctions,ENST00000611405.5,ENST00000618411.4,100882241-100884070,100882241-100884070,,,,,,,,
chr7:clu_26044,,SRRT,human,no_unique_junctions,ENST00000611405.5,XM_005250407.3,100882241-100884070,100882241-100884070,,,,,,,,
chr7:clu_26044,,SRRT,human,no_unique_junctions,ENST00000611405.5,XM_005250408.2,100882241-100884070,100882241-100884070,,,,,,,,
chr7:clu_26044,,SRRT,human,no_unique_junctions,ENST00000611405.5,XM_005250405.3,100882241-100884070,100882241-100884070,,,,,,,,
chr7:clu_26044,,SRRT,human,no_unique_junctions,ENST00000611405.5,XM_005250406.3,100882241-100884070,100882241-100884070,,,,,,,,
chr7:clu_26044,,SRRT,human,no_unique_junctions,ENST00000611405.5,XM_047420459.1,100882241-100884070,100882241-100884070,,,,,,,,
chr7:clu_26044,,SRRT,human,no_unique_junctions,ENST00000611405.5,XM_047420460.1,100882241-100884070,100882241-100884070,,,,,,,,
chr7:clu_26044,,SRRT,human,transcript_doesnt_have_junctions,ENST00000611405.5,ENST00000620394.1,100882241-100884070,,,,,,,,,
chr7:clu_26044,,SRRT,human,transcript_doesnt_have_junctions,ENST00000611405.5,ENST00000460194.1,100882241-100884070,,,,,,,,,
chr7:clu_26044,,SRRT,human,transcript_doesnt_have_junctions,ENST00000611405.5,ENST00000466432.1,100882241-100884070,,,,,,,,,
chr7:clu_26044,,SRRT,human,transcript_doesnt_have_junctions,ENST00000611405.5,ENST00000487311.1,100882241-100884070,,,,,,,,,
chr7:clu_26044,,SRRT,human,transcript_doesnt_have_junctions,ENST00000611405.5,ENST00000469602.1,100882241-100884070,,,,,,,,,
chr7:clu_26044,,SRRT,human,transcript_doesnt_have_junctions,ENST00000611405.5,ENST00000478693.1,100882241-100884070,,,,,,,,,
chr7:clu_26044,,SRRT,human,transcript_doesnt_have_junctions,ENST00000611405.5,ENST00000477529.1,100882241-100884070,,,,,,,,,
chr7:clu_26044,,SRRT,human,no_unique_junctions,ENST00000611405.5,ENST00000935245.1,100882241-100884070,100882241-100884070,,,,,,,,
chr7:clu_26044,,SRRT,human,no_unique_junctions,ENST00000611405.5,ENST00000935246.1,100882241-100884070,100882241-100884070,,,,,,,,
chr7:clu_26044,,SRRT,human,no_unique_junctions,ENST00000611405.5,ENST00000935247.1,100882241-100884070,100882241-100884070,,,,,,,,
chr7:clu_26044,,SRRT,human,no_unique_junctions,ENST00000611405.5,ENST00000935248.1,100882241-100884070,100882241-100884070,,,,,,,,
chr7:clu_26044,,SRRT,human,no_unique_junctions,ENST00000611405.5,ENST00000965064.1,100882241-100884070,100882241-100884070,,,,,,,,
chr7:clu_26044,,SRRT,human,no_unique_junctions,ENST00000611405.5,ENST00000860832.1,100882241-100884070,100882241-100884070,,,,,,,,
chr7:clu_26044,,SRRT,human,no_unique_junctions,ENST00000611405.5,ENST00000860835.1,100882241-100884070,100882241-100884070,,,,,,,,
chr7:clu_26044,,SRRT,human,no_unique_junctions,ENST00000611405.5,ENST00000860833.1,100882241-100884070,100882241-100884070,,,,,,,,
chr7:clu_26044,,SRRT,human,no_unique_junctions,ENST00000611405.5,ENST00000860834.1,100882241-100884070,100882241-100884070,,,,,,,,
chr7:clu_26044,,SRRT,human,no_unique_junctions,ENST00000611405.5,ENST00000935249.1,100882241-100884070,100882241-100884070,,,,,,,,
chr7:clu_26044,,SRRT,human,no_unique_junctions,ENST00000611405.5,ENST00000965065.1,100882241-100884070,100882241-100884070,,,,,,,,
chr7:clu_26044,,SRRT,human,transcript_doesnt_have_junctions,ENST00000611405.5,ENST00000965066.1,100882241-100884070,,,,,,,,,
chr7:clu_26044,,SRRT,human,no_unique_junctions,ENST00000611405.5,ENST00000965067.1,100882241-100884070,100882241-100884070,,,,,,,,
chr7:clu_26044,,SRRT,human,no_unique_junctions,ENST00000611405.5,ENST00000965068.1,100882241-100884070,100882241-100884070,,,,,,,,
chr7:clu_26044,,SRRT,human,no_unique_junctions,ENST00000611405.5,ENST00000860836.1,100882241-100884070,100882241-100884070,,,,,,,,
chr7:clu_26044,,SRRT,human,no_unique_junctions,ENST00000611405.5,ENST00000965069.1,100882241-100884070,100882241-100884070,,,,,,,,
chr7:clu_26044,,SRRT,human,no_unique_junctions,ENST00000611405.5,ENST00000860837.1,100882241-100884070,100882241-100884070,,,,,,,,
chr7:clu_26044,,SRRT,human,no_unique_junctions,ENST00000611405.5,ENST00000860838.1,100882241-100884070,100882241-100884070,,,,,,,,
chr7:clu_26044,,SRRT,human,no_unique_junctions,ENST00000611405.5,ENST00000965070.1,100882241-100884070,100882241-100884070,,,,,,,,
chr7:clu_26044,,SRRT,human,no_unique_junctions,ENST00000611405.5,ENST00000965071.1,100882241-100884070,100882241-100884070,,,,,,,,
chr7:clu_26044,,SRRT,human,transcript_doesnt_have_junctions,ENST00000611405.5,ENST00000614370.4,100882241-100884070,,,,,,,,,
chr7:clu_26044,,SRRT,human,no_unique_junctions,ENST00000611405.5,ENST00000965072.1,100882241-100884070,100882241-100884070,,,,,,,,
chr7:clu_26044,,SRRT,human,no_unique_junctions,ENST00000611405.5,ENST00000965073.1,100882241-100884070,100882241-100884070,,,,,,,,
chr7:clu_26044,,SRRT,human,no_unique_junctions,ENST00000611405.5,ENST00000935250.1,100882241-100884070,100882241-100884070,,,,,,,,
chr7:clu_26044,,SRRT,human,transcript_doesnt_have_junctions,ENST00000611405.5,ENST00000431645.1,100882241-100884070,,,,,,,,,
chr7:clu_26044,,SRRT,human,no_unique_junctions,ENST00000611405.5,ENST00000935251.1,100882241-100884070,100882241-100884070,,,,,,,,
chr7:clu_26044,,SRRT,human,no_unique_junctions,ENST00000611405.5,ENST00000860839.1,100882241-100884070,100882241-100884070,,,,,,,,
chr7:clu_26044,,SRRT,human,no_unique_junctions,ENST00000611405.5,ENST00000965074.1,100882241-100884070,100882241-100884070,,,,,,,,
chr7:clu_26044,,SRRT,human,transcript_doesnt_have_junctions,ENST00000611405.5,ENST00000448764.5,100882241-100884070,,,,,,,,,
chr7:clu_26044,,SRRT,human,transcript_doesnt_have_junctions,ENST00000611405.5,ENST00000449389.1,100882241-100884070,,,,,,,,,
chr7:clu_26044,,SRRT,human,transcript_doesnt_have_junctions,ENST00000611405.5,ENST00000445337.1,100882241-100884070,,,,,,,,,
chr7:clu_26044,,SRRT,human,subsumed_by_larger_group,ENST00000611405.5,ENST00000474896.1,100882241-100884070,100883090-100884070,,,,,,,,
chr7:clu_26044,,SRRT,human,subsumed_by_larger_group,ENST00000611405.5,ENST00000641476.1,100882241-100884070,100883090-100884070,,,,,,,,
chr2:clu_1691,,DGKD,human,no_unique_junctions,ENST00000264057.7,XM_047446097.1,233390483-233434380,233390483-233434380,,,,,,,,
chr2:clu_1691,,DGKD,human,no_unique_junctions,ENST00000264057.7,ENST00000963808.1,233390483-233434380,233390483-233434380,,,,,,,,
chr2:clu_1691,,DGKD,human,no_unique_junctions,ENST00000264057.7,XM_017005138.3,233390483-233434380,233390483-233434380,,,,,,,,
chr2:clu_1691,,DGKD,human,no_unique_junctions,ENST00000264057.7,XM_011512028.4,233390483-233434380,233390483-233434380,,,,,,,,
chr2:clu_1691,,DGKD,human,no_unique_junctions,ENST00000264057.7,XM_011512029.4,233390483-233434380,233390483-233434380,,,,,,,,
chr2:clu_1691,,DGKD,human,no_unique_junctions,ENST00000264057.7,XM_011512033.4,233390483-233434380,233390483-233434380,,,,,,,,
chr2:clu_1691,,DGKD,human,no_unique_junctions,ENST00000264057.7,XM_011512039.3,233390483-233434380,233390483-233434380,,,,,,,,
chr2:clu_1691,,DGKD,human,no_unique_junctions,ENST00000264057.7,XM_047446101.1,233390483-233434380,233390483-233434380,,,,,,,,
chr2:clu_1691,,DGKD,human,no_unique_junctions,ENST00000264057.7,XM_011512031.4,233390483-233434380,233390483-233434380,,,,,,,,
chr2:clu_1691,,DGKD,human,no_unique_junctions,ENST00000264057.7,XM_011512030.3,233390483-233434380,233390483-233434380,,,,,,,,
chr2:clu_1691,,DGKD,human,no_unique_junctions,ENST00000264057.7,XM_011512032.4,233390483-233434380,233390483-233434380,,,,,,,,
chr2:clu_1691,,DGKD,human,no_unique_junctions,ENST00000264057.7,ENST00000409813.7,233390483-233434380,233390483-233434380,,,,,,,,
chr2:clu_1691,,DGKD,human,no_unique_junctions,ENST00000264057.7,XM_047446100.1,233390483-233434380,233390483-233434380,,,,,,,,
chr2:clu_1691,,DGKD,human,transcript_doesnt_have_junctions,ENST00000264057.7,XM_011512035.2,233390483-233434380,,,,,,,,,
chr2:clu_1691,,DGKD,human,transcript_doesnt_have_junctions,ENST00000264057.7,XM_047446099.1,233390483-233434380,,,,,,,,,
chr2:clu_1691,,DGKD,human,transcript_doesnt_have_junctions,ENST00000264057.7,XM_047446103.1,233390483-233434380,,,,,,,,,
chr2:clu_1691,,DGKD,human,transcript_doesnt_have_junctions,ENST00000264057.7,XM_047446102.1,233390483-233434380,,,,,,,,,
chr2:clu_1691,,DGKD,human,transcript_doesnt_have_junctions,ENST00000264057.7,ENST00000489613.1,233390483-233434380,,,,,,,,,
chr2:clu_1691,,DGKD,human,transcript_doesnt_have_junctions,ENST00000264057.7,ENST00000474488.1,233390483-233434380,,,,,,,,,
chr2:clu_1691,,DGKD,human,transcript_doesnt_have_junctions,ENST00000264057.7,ENST00000465569.1,233390483-233434380,,,,,,,,,
chr2:clu_1691,,DGKD,human,transcript_doesnt_have_junctions,ENST00000264057.7,ENST00000471764.1,233390483-233434380,,,,,,,,,
chr2:clu_1691,,DGKD,human,transcript_doesnt_have_junctions,ENST00000264057.7,ENST00000495901.1,233390483-233434380,,,,,,,,,
chr2:clu_1691,,DGKD,human,no_unique_junctions,ENST00000264057.7,ENST00000963806.1,233390483-233434380,233390483-233434380,,,,,,,,
chr2:clu_1691,,DGKD,human,no_unique_junctions,ENST00000264057.7,ENST00000877255.1,233390483-233434380,233390483-233434380,,,,,,,,
chr2:clu_1691,,DGKD,human,no_unique_junctions,ENST00000264057.7,ENST00000963809.1,233390483-233434380,233390483-233434380,,,,,,,,
chr2:clu_1691,,DGKD,human,no_unique_junctions,ENST00000264057.7,ENST00000963807.1,233390483-233434380,233390483-233434380,,,,,,,,
chr2:clu_1691,,DGKD,human,no_unique_junctions,ENST00000264057.7,ENST00000916439.1,233390483-233434380,233390483-233434380,,,,,,,,
chr2:clu_1691,,DGKD,human,transcript_doesnt_have_junctions,ENST00000264057.7,ENST00000427930.5,233390483-233434380,,,,,,,,,
chr2:clu_1691,,DGKD,human,no_unique_junctions,ENST00000264057.7,ENST00000963810.1,233390483-233434380,233390483-233434380,,,,,,,,
chr2:clu_1691,,DGKD,human,no_unique_junctions,ENST00000264057.7,ENST00000963811.1,233390483-233434380,233390483-233434380,,,,,,,,
chr2:clu_1691,,DGKD,human,no_unique_junctions,ENST00000264057.7,ENST00000916440.1,233390483-233434380,233390483-233434380,,,,,,,,
chr2:clu_1691,,DGKD,human,transcript_doesnt_have_junctions,ENST00000264057.7,ENST00000442524.4,233390483-233434380,,,,,,,,,
chr2:clu_1691,,DGKD,human,no_unique_junctions,ENST00000264057.7,ENST00000447484.5,233390483-233434380,233390483-233434380,,,,,,,,
chr2:clu_1691,,DGKD,human,transcript_doesnt_have_junctions,ENST00000264057.7,ENST00000430834.1,233390483-233434380,,,,,,,,,
chr2:clu_1691,,DGKD,human,transcript_doesnt_have_junctions,ENST00000264057.7,ENST00000472732.5,233390483-233434380,,,,,,,,,
chr2:clu_1691,,DGKD,human,transcript_doesnt_have_junctions,ENST00000264057.7,ENST00000480535.5,233390483-233434380,,,,,,,,,
chr2:clu_1691,1/1,DGKD,human,transcript_not_chosen,ENST00000264057.7,ENST00000490764.5,233390483-233434380,233419421-233434380,,,,,,,,
chr6:clu_21469:DDX39B,,DDX39B,human,novel_junction,ENST00000396172.6,,31532911-31535367,31534854-31535367,,,,,,,,
chr6:clu_21469:DDX39B,,DDX39B,human,novel_junction,ENST00000396172.6,,31532911-31535367,31535017-31535367,,,,,,,,
chr6:clu_21469:DDX39B,,DDX39B,human,no_unique_junctions,ENST00000396172.6,ENST00000458640.5,31532911-31535367,31532911-31535367,,,,,,,,
chr6:clu_21469:DDX39B,,DDX39B,human,transcript_doesnt_have_junctions,ENST00000396172.6,ENST00000474961.5,31532911-31535367,,,,,,,,,
chr6:clu_21469:DDX39B,,DDX39B,human,transcript_doesnt_have_junctions,ENST00000396172.6,ENST00000462256.5,31532911-31535367,,,,,,,,,
chr6:clu_21469:DDX39B,,DDX39B,human,transcript_doesnt_have_junctions,ENST00000396172.6,ENST00000478365.1,31532911-31535367,,,,,,,,,
chr6:clu_21469:DDX39B,,DDX39B,human,no_unique_junctions,ENST00000396172.6,ENST00000482195.5,31532911-31535367,31532911-31535367,,,,,,,,
chr6:clu_21469:DDX39B,,DDX39B,human,transcript_doesnt_have_junctions,ENST00000396172.6,ENST00000481456.1,31532911-31535367,,,,,,,,,
chr6:clu_21469:DDX39B,,DDX39B,human,no_unique_junctions,ENST00000396172.6,ENST00000866327.1,31532911-31535367,31532911-31535367,,,,,,,,
chr6:clu_21469:DDX39B,,DDX39B,human,no_unique_junctions,ENST00000396172.6,ENST00000484566.5,31532911-31535367,31532911-31535367,,,,,,,,
chr6:clu_21469:DDX39B,,DDX39B,human,no_unique_junctions,ENST00000396172.6,ENST00000376177.6,31532911-31535367,31532911-31535367,,,,,,,,
chr6:clu_21469:DDX39B,,DDX39B,human,no_unique_junctions,ENST00000396172.6,ENST00000923364.1,31532911-31535367,31532911-31535367,,,,,,,,
chr6:clu_21469:DDX39B,,DDX39B,human,no_unique_junctions,ENST00000396172.6,ENST00000866338.1,31532911-31535367,31532911-31535367,,,,,,,,
chr6:clu_21469:DDX39B,,DDX39B,human,no_unique_junctions,ENST00000396172.6,ENST00000963251.1,31532911-31535367,31532911-31535367,,,,,,,,
chr6:clu_21469:DDX39B,,DDX39B,human,no_unique_junctions,ENST00000396172.6,ENST00000923362.1,31532911-31535367,31532911-31535367,,,,,,,,
chr6:clu_21469:DDX39B,,DDX39B,human,no_unique_junctions,ENST00000396172.6,ENST00000866323.1,31532911-31535367,31532911-31535367,,,,,,,,
chr6:clu_21469:DDX39B,,DDX39B,human,transcript_doesnt_have_junctions,ENST00000396172.6,ENST00000923351.1,31532911-31535367,,,,,,,,,
chr6:clu_21469:DDX39B,,DDX39B,human,no_unique_junctions,ENST00000396172.6,ENST00000923348.1,31532911-31535367,31532911-31535367,,,,,,,,
chr6:clu_21469:DDX39B,,DDX39B,human,no_unique_junctions,ENST00000396172.6,ENST00000923354.1,31532911-31535367,31532911-31535367,,,,,,,,
chr6:clu_21469:DDX39B,,DDX39B,human,no_unique_junctions,ENST00000396172.6,ENST00000866328.1,31532911-31535367,31532911-31535367,,,,,,,,
chr6:clu_21469:DDX39B,,DDX39B,human,no_unique_junctions,ENST00000396172.6,ENST00000866330.1,31532911-31535367,31532911-31535367,,,,,,,,
chr6:clu_21469:DDX39B,,DDX39B,human,no_unique_junctions,ENST00000396172.6,ENST00000866331.1,31532911-31535367,31532911-31535367,,,,,,,,
chr6:clu_21469:DDX39B,,DDX39B,human,no_unique_junctions,ENST00000396172.6,ENST00000866329.1,31532911-31535367,31532911-31535367,,,,,,,,
chr6:clu_21469:DDX39B,,DDX39B,human,no_unique_junctions,ENST00000396172.6,ENST00000963245.1,31532911-31535367,31532911-31535367,,,,,,,,
chr6:clu_21469:DDX39B,,DDX39B,human,no_unique_junctions,ENST00000396172.6,ENST00000923355.1,31532911-31535367,31532911-31535367,,,,,,,,
chr6:clu_21469:DDX39B,,DDX39B,human,transcript_doesnt_have_junctions,ENST00000396172.6,ENST00000923356.1,31532911-31535367,,,,,,,,,
chr6:clu_21469:DDX39B,,DDX39B,human,no_unique_junctions,ENST00000396172.6,ENST00000923353.1,31532911-31535367,31532911-31535367,,,,,,,,
chr6:clu_21469:DDX39B,,DDX39B,human,transcript_doesnt_have_junctions,ENST00000396172.6,ENST00000923352.1,31532911-31535367,,,,,,,,,
chr6:clu_21469:DDX39B,,DDX39B,human,no_unique_junctions,ENST00000396172.6,ENST00000963249.1,31532911-31535367,31532911-31535367,,,,,,,,
chr6:clu_21469:DDX39B,,DDX39B,human,no_unique_junctions,ENST00000396172.6,ENST00000963250.1,31532911-31535367,31532911-31535367,,,,,,,,
chr6:clu_21469:DDX39B,,DDX39B,human,no_unique_junctions,ENST00000396172.6,ENST00000866332.1,31532911-31535367,31532911-31535367,,,,,,,,
chr6:clu_21469:DDX39B,,DDX39B,human,no_unique_junctions,ENST00000396172.6,ENST00000923361.1,31532911-31535367,31532911-31535367,,,,,,,,
chr6:clu_21469:DDX39B,,DDX39B,human,no_unique_junctions,ENST00000396172.6,ENST00000963246.1,31532911-31535367,31532911-31535367,,,,,,,,
chr6:clu_21469:DDX39B,,DDX39B,human,transcript_doesnt_have_junctions,ENST00000396172.6,ENST00000923357.1,31532911-31535367,,,,,,,,,
chr6:clu_21469:DDX39B,,DDX39B,human,no_unique_junctions,ENST00000396172.6,ENST00000963254.1,31532911-31535367,31532911-31535367,,,,,,,,
chr6:clu_21469:DDX39B,,DDX39B,human,no_unique_junctions,ENST00000396172.6,ENST00000866333.1,31532911-31535367,31532911-31535367,,,,,,,,
chr6:clu_21469:DDX39B,,DDX39B,human,no_unique_junctions,ENST00000396172.6,ENST00000866326.1,31532911-31535367,31532911-31535367,,,,,,,,
chr6:clu_21469:DDX39B,,DDX39B,human,no_unique_junctions,ENST00000396172.6,ENST00000866325.1,31532911-31535367,31532911-31535367,,,,,,,,
chr6:clu_21469:DDX39B,,DDX39B,human,no_unique_junctions,ENST00000396172.6,ENST00000866324.1,31532911-31535367,31532911-31535367,,,,,,,,
chr6:clu_21469:DDX39B,,DDX39B,human,transcript_doesnt_have_junctions,ENST00000396172.6,ENST00000923358.1,31532911-31535367,,,,,,,,,
chr6:clu_21469:DDX39B,,DDX39B,human,no_unique_junctions,ENST00000396172.6,ENST00000923365.1,31532911-31535367,31532911-31535367,,,,,,,,
chr6:clu_21469:DDX39B,,DDX39B,human,no_unique_junctions,ENST00000396172.6,ENST00000866339.1,31532911-31535367,31532911-31535367,,,,,,,,
chr6:clu_21469:DDX39B,,DDX39B,human,no_unique_junctions,ENST00000396172.6,ENST00000923363.1,31532911-31535367,31532911-31535367,,,,,,,,
chr6:clu_21469:DDX39B,,DDX39B,human,transcript_doesnt_have_junctions,ENST00000396172.6,ENST00000923360.1,31532911-31535367,,,,,,,,,
chr6:clu_21469:DDX39B,,DDX39B,human,transcript_doesnt_have_junctions,ENST00000396172.6,ENST00000923359.1,31532911-31535367,,,,,,,,,
chr6:clu_21469:DDX39B,,DDX39B,human,no_unique_junctions,ENST00000396172.6,ENST00000923350.1,31532911-31535367,31532911-31535367,,,,,,,,
chr6:clu_21469:DDX39B,,DDX39B,human,transcript_doesnt_have_junctions,ENST00000396172.6,ENST00000923349.1,31532911-31535367,,,,,,,,,
chr6:clu_21469:DDX39B,,DDX39B,human,no_unique_junctions,ENST00000396172.6,ENST00000866335.1,31532911-31535367,31532911-31535367,,,,,,,,
chr6:clu_21469:DDX39B,,DDX39B,human,no_unique_junctions,ENST00000396172.6,ENST00000866336.1,31532911-31535367,31532911-31535367,,,,,,,,
chr6:clu_21469:DDX39B,,DDX39B,human,no_unique_junctions,ENST00000396172.6,ENST00000963248.1,31532911-31535367,31532911-31535367,,,,,,,,
chr6:clu_21469:DDX39B,,DDX39B,human,no_unique_junctions,ENST00000396172.6,ENST00000963247.1,31532911-31535367,31532911-31535367,,,,,,,,
chr6:clu_21469:DDX39B,,DDX39B,human,no_unique_junctions,ENST00000396172.6,ENST00000963256.1,31532911-31535367,31532911-31535367,,,,,,,,
chr6:clu_21469:DDX39B,,DDX39B,human,no_unique_junctions,ENST00000396172.6,ENST00000866337.1,31532911-31535367,31532911-31535367,,,,,,,,
chr6:clu_21469:DDX39B,,DDX39B,human,no_unique_junctions,ENST00000396172.6,ENST00000963253.1,31532911-31535367,31532911-31535367,,,,,,,,
chr6:clu_21469:DDX39B,,DDX39B,human,no_unique_junctions,ENST00000396172.6,ENST00000866334.1,31532911-31535367,31532911-31535367,,,,,,,,
chr6:clu_21469:DDX39B,,DDX39B,human,no_unique_junctions,ENST00000396172.6,ENST00000963252.1,31532911-31535367,31532911-31535367,,,,,,,,
chr6:clu_21469:DDX39B,,DDX39B,human,no_unique_junctions,ENST00000396172.6,ENST00000963255.1,31532911-31535367,31532911-31535367,,,,,,,,
chr6:clu_21469:DDX39B,,DDX39B,human,transcript_doesnt_have_junctions,ENST00000396172.6,ENST00000417023.5,31532911-31535367,,,,,,,,,
chr6:clu_21469:DDX39B,,DDX39B,human,no_unique_junctions,ENST00000396172.6,ENST00000431908.5,31532911-31535367,31532911-31535367,,,,,,,,
chr6:clu_21469:DDX39B,,DDX39B,human,no_unique_junctions,ENST00000396172.6,ENST00000427214.5,31532911-31535367,31532911-31535367,,,,,,,,
chr6:clu_21469:DDX39B,,DDX39B,human,transcript_doesnt_have_junctions,ENST00000396172.6,ENST00000428098.5,31532911-31535367,,,,,,,,,
chr6:clu_21469:DDX39B,,DDX39B,human,transcript_doesnt_have_junctions,ENST00000396172.6,ENST00000419338.5,31532911-31535367,,,,,,,,,
chr6:clu_21469:DDX39B,,DDX39B,human,transcript_doesnt_have_junctions,ENST00000396172.6,ENST00000456662.5,31532911-31535367,,,,,,,,,
chr6:clu_21469:DDX39B,,DDX39B,human,transcript_doesnt_have_junctions,ENST00000396172.6,ENST00000428450.5,31532911-31535367,,,,,,,,,
chr6:clu_21469:DDX39B,,DDX39B,human,transcript_doesnt_have_junctions,ENST00000396172.6,ENST00000449757.5,31532911-31535367,,,,,,,,,
chr6:clu_21469:DDX39B,,DDX39B,human,transcript_doesnt_have_junctions,ENST00000396172.6,ENST00000456976.5,31532911-31535367,,,,,,,,,
chr6:clu_21469:DDX39B,,DDX39B,human,transcript_doesnt_have_junctions,ENST00000396172.6,ENST00000418897.5,31532911-31535367,,,,,,,,,
chr6:clu_21469:DDX39B,,DDX39B,human,transcript_doesnt_have_junctions,ENST00000396172.6,ENST00000419020.1,31532911-31535367,,,,,,,,,
chr6:clu_21469:DDX39B,,DDX39B,human,transcript_doesnt_have_junctions,ENST00000396172.6,ENST00000462421.1,31532911-31535367,,,,,,,,,
chr6:clu_21469:DDX39B,,DDX39B,human,all_known_junctions_are_canonical,ENST00000396172.6,,31532911-31535367,,,,,,,,,
chr14:clu_5992,,SRSF5,human,no_unique_junctions,ENST00000557154.6,ENST00000394366.6,69768674-69768798;69768896-69769182,69768674-69768798;69768896-69769182,,,,,,,,
chr14:clu_5992,,SRSF5,human,no_unique_junctions,ENST00000557154.6,ENST00000880761.1,69768674-69768798;69768896-69769182,69768674-69768798;69768896-69769182,,,,,,,,
chr14:clu_5992,,SRSF5,human,no_unique_junctions,ENST00000557154.6,ENST00000921627.1,69768674-69768798;69768896-69769182,69768674-69768798;69768896-69769182,,,,,,,,
chr14:clu_5992,,SRSF5,human,no_unique_junctions,ENST00000557154.6,ENST00000880758.1,69768674-69768798;69768896-69769182,69768674-69768798;69768896-69769182,,,,,,,,
chr14:clu_5992,,SRSF5,human,no_unique_junctions,ENST00000557154.6,ENST00000880759.1,69768674-69768798;69768896-69769182,69768674-69768798;69768896-69769182,,,,,,,,
chr14:clu_5992,,SRSF5,human,no_unique_junctions,ENST00000557154.6,NM_001411040.1,69768674-69768798;69768896-69769182,69768674-69768798;69768896-69769182,,,,,,,,
chr14:clu_5992,,SRSF5,human,no_unique_junctions,ENST00000557154.6,ENST00000553369.5,69768674-69768798;69768896-69769182,69768674-69768798;69768896-69769182,,,,,,,,
chr14:clu_5992,,SRSF5,human,no_unique_junctions,ENST00000557154.6,ENST00000554021.1,69768674-69768798;69768896-69769182,69768674-69768798;69768896-69769182,,,,,,,,
chr14:clu_5992,,SRSF5,human,transcript_doesnt_have_junctions,ENST00000557154.6,XM_017021594.3,69768674-69768798;69768896-69769182,,,,,,,,,
chr14:clu_5992,,SRSF5,human,no_unique_junctions,ENST00000557154.6,ENST00000554465.5,69768674-69768798;69768896-69769182,69768674-69768798,,,,,,,,
chr14:clu_5992,,SRSF5,human,transcript_doesnt_have_junctions,ENST00000557154.6,ENST00000557435.1,69768674-69768798;69768896-69769182,,,,,,,,,
chr14:clu_5992,,SRSF5,human,no_unique_junctions,ENST00000557154.6,ENST00000556184.5,69768674-69768798;69768896-69769182,69768674-69768798;69768896-69769182,,,,,,,,
chr14:clu_5992,,SRSF5,human,no_unique_junctions,ENST00000557154.6,ENST00000557460.5,69768674-69768798;69768896-69769182,69768674-69768798,,,,,,,,
chr14:clu_5992,,SRSF5,human,transcript_doesnt_have_junctions,ENST00000557154.6,ENST00000556436.1,69768674-69768798;69768896-69769182,,,,,,,,,
chr14:clu_5992,,SRSF5,human,transcript_doesnt_have_junctions,ENST00000557154.6,ENST00000555412.1,69768674-69768798;69768896-69769182,,,,,,,,,
chr14:clu_5992,,SRSF5,human,transcript_doesnt_have_junctions,ENST00000557154.6,ENST00000556330.5,69768674-69768798;69768896-69769182,,,,,,,,,
chr14:clu_5992,,SRSF5,human,transcript_doesnt_have_junctions,ENST00000557154.6,ENST00000554929.1,69768674-69768798;69768896-69769182,,,,,,,,,
chr14:clu_5992,,SRSF5,human,no_unique_junctions,ENST00000557154.6,ENST00000880757.1,69768674-69768798;69768896-69769182,69768674-69768798;69768896-69769182,,,,,,,,
chr14:clu_5992,,SRSF5,human,no_unique_junctions,ENST00000557154.6,ENST00000553521.5,69768674-69768798;69768896-69769182,69768674-69768798;69768896-69769182,,,,,,,,
chr14:clu_5992,,SRSF5,human,no_unique_junctions,ENST00000557154.6,ENST00000921621.1,69768674-69768798;69768896-69769182,69768674-69768798;69768896-69769182,,,,,,,,
chr14:clu_5992,,SRSF5,human,no_unique_junctions,ENST00000557154.6,ENST00000921622.1,69768674-69768798;69768896-69769182,69768674-69768798;69768896-69769182,,,,,,,,
chr14:clu_5992,,SRSF5,human,no_unique_junctions,ENST00000557154.6,ENST00000921626.1,69768674-69768798;69768896-69769182,69768674-69768798;69768896-69769182,,,,,,,,
chr14:clu_5992,,SRSF5,human,no_unique_junctions,ENST00000557154.6,ENST00000921625.1,69768674-69768798;69768896-69769182,69768674-69768798;69768896-69769182,,,,,,,,
chr14:clu_5992,,SRSF5,human,no_unique_junctions,ENST00000557154.6,ENST00000553548.5,69768674-69768798;69768896-69769182,69768674-69768798,,,,,,,,
chr14:clu_5992,,SRSF5,human,no_unique_junctions,ENST00000557154.6,ENST00000921628.1,69768674-69768798;69768896-69769182,69768674-69768798;69768896-69769182,,,,,,,,
chr14:clu_5992,,SRSF5,human,no_unique_junctions,ENST00000557154.6,ENST00000921624.1,69768674-69768798;69768896-69769182,69768674-69768798;69768896-69769182,,,,,,,,
chr14:clu_5992,,SRSF5,human,no_unique_junctions,ENST00000557154.6,ENST00000880763.1,69768674-69768798;69768896-69769182,69768674-69768798;69768896-69769182,,,,,,,,
chr14:clu_5992,,SRSF5,human,no_unique_junctions,ENST00000557154.6,ENST00000921631.1,69768674-69768798;69768896-69769182,69768674-69768798;69768896-69769182,,,,,,,,
chr14:clu_5992,,SRSF5,human,no_unique_junctions,ENST00000557154.6,ENST00000921630.1,69768674-69768798;69768896-69769182,69768674-69768798;69768896-69769182,,,,,,,,
chr14:clu_5992,,SRSF5,human,no_unique_junctions,ENST00000557154.6,ENST00000880760.1,69768674-69768798;69768896-69769182,69768674-69768798;69768896-69769182,,,,,,,,
chr14:clu_5992,,SRSF5,human,no_unique_junctions,ENST00000557154.6,ENST00000921638.1,69768674-69768798;69768896-69769182,69768674-69768798;69768896-69769182,,,,,,,,
chr14:clu_5992,,SRSF5,human,transcript_doesnt_have_junctions,ENST00000557154.6,ENST00000960940.1,69768674-69768798;69768896-69769182,,,,,,,,,
chr14:clu_5992,,SRSF5,human,transcript_doesnt_have_junctions,ENST00000557154.6,ENST00000880762.1,69768674-69768798;69768896-69769182,,,,,,,,,
chr14:clu_5992,,SRSF5,human,no_unique_junctions,ENST00000557154.6,ENST00000921632.1,69768674-69768798;69768896-69769182,69768674-69768798;69768896-69769182,,,,,,,,
chr14:clu_5992,,SRSF5,human,transcript_doesnt_have_junctions,ENST00000557154.6,ENST00000921634.1,69768674-69768798;69768896-69769182,,,,,,,,,
chr14:clu_5992,,SRSF5,human,transcript_doesnt_have_junctions,ENST00000557154.6,ENST00000880764.1,69768674-69768798;69768896-69769182,,,,,,,,,
chr14:clu_5992,,SRSF5,human,no_unique_junctions,ENST00000557154.6,ENST00000921636.1,69768674-69768798;69768896-69769182,69768674-69768798;69768896-69769182,,,,,,,,
chr14:clu_5992,,SRSF5,human,no_unique_junctions,ENST00000557154.6,ENST00000960939.1,69768674-69768798;69768896-69769182,69768674-69768798;69768896-69769182,,,,,,,,
chr14:clu_5992,,SRSF5,human,no_unique_junctions,ENST00000557154.6,ENST00000960938.1,69768674-69768798;69768896-69769182,69768674-69768798;69768896-69769182,,,,,,,,
chr14:clu_5992,,SRSF5,human,no_unique_junctions,ENST00000557154.6,ENST00000921637.1,69768674-69768798;69768896-69769182,69768674-69768798;69768896-69769182,,,,,,,,
chr14:clu_5992,,SRSF5,human,no_unique_junctions,ENST00000557154.6,ENST00000553635.5,69768674-69768798;69768896-69769182,69768674-69768798;69768896-69769182,,,,,,,,
chr14:clu_5992,,SRSF5,human,no_unique_junctions,ENST00000557154.6,ENST00000555547.5,69768674-69768798;69768896-69769182,69768674-69768798;69768896-69769182,,,,,,,,
chr14:clu_5992,,SRSF5,human,no_unique_junctions,ENST00000557154.6,ENST00000921640.1,69768674-69768798;69768896-69769182,69768674-69768798;69768896-69769182,,,,,,,,
chr14:clu_5992,,SRSF5,human,no_unique_junctions,ENST00000557154.6,ENST00000880765.1,69768674-69768798;69768896-69769182,69768674-69768798;69768896-69769182,,,,,,,,
chr14:clu_5992,,SRSF5,human,no_unique_junctions,ENST00000557154.6,ENST00000921641.1,69768674-69768798;69768896-69769182,69768674-69768798;69768896-69769182,,,,,,,,
chr14:clu_5992,,SRSF5,human,no_unique_junctions,ENST00000557154.6,ENST00000880767.1,69768674-69768798;69768896-69769182,69768674-69768798;69768896-69769182,,,,,,,,
chr14:clu_5992,,SRSF5,human,no_unique_junctions,ENST00000557154.6,ENST00000880766.1,69768674-69768798;69768896-69769182,69768674-69768798;69768896-69769182,,,,,,,,
chr14:clu_5992,,SRSF5,human,no_unique_junctions,ENST00000557154.6,ENST00000555349.5,69768674-69768798;69768896-69769182,69768674-69768798;69768896-69769182,,,,,,,,
chr14:clu_5992,,SRSF5,human,no_unique_junctions,ENST00000557154.6,ENST00000556587.5,69768674-69768798;69768896-69769182,69768674-69768798,,,,,,,,
chr14:clu_5992,,SRSF5,human,transcript_doesnt_have_junctions,ENST00000557154.6,ENST00000556647.1,69768674-69768798;69768896-69769182,,,,,,,,,
chr14:clu_5992,1/1,SRSF5,human,transcript_not_chosen,ENST00000557154.6,ENST00000921623.1,69768674-69768798;69768896-69769182,69768674-69769182,,,,,,,,
chr14:clu_5992,1/1,SRSF5,human,transcript_not_chosen,ENST00000557154.6,ENST00000921629.1,69768674-69768798;69768896-69769182,69768674-69769182,,,,,,,,
chr14:clu_5992,1/1,SRSF5,human,transcript_not_chosen,ENST00000557154.6,ENST00000921633.1,69768674-69768798;69768896-69769182,69768674-69769182,,,,,,,,
chr3:clu_10723,,CD47,human,transcript_doesnt_have_junctions,ENST00000361309.6,ENST00000887585.1,108047292-108049619;108049651-108050578;108050602-108051939,,,,,,,,,
chr3:clu_10723,,CD47,human,no_unique_junctions,ENST00000361309.6,ENST00000887586.1,108047292-108049619;108049651-108050578;108050602-108051939,108047292-108049619;108049651-108050578;108050602-108051939,,,,,,,,
chr3:clu_10723,,CD47,human,no_unique_junctions,ENST00000361309.6,ENST00000887587.1,108047292-108049619;108049651-108050578;108050602-108051939,108047292-108049619,,,,,,,,
chr3:clu_10723,,CD47,human,transcript_doesnt_have_junctions,ENST00000361309.6,ENST00000887588.1,108047292-108049619;108049651-108050578;108050602-108051939,,,,,,,,,
chr3:clu_10723,,CD47,human,no_unique_junctions,ENST00000361309.6,ENST00000920144.1,108047292-108049619;108049651-108050578;108050602-108051939,108047292-108049619;108049651-108050578;108050602-108051939,,,,,,,,
chr3:clu_10723,,CD47,human,no_unique_junctions,ENST00000361309.6,ENST00000887590.1,108047292-108049619;108049651-108050578;108050602-108051939,108047292-108049619;108049651-108050578;108050602-108051939,,,,,,,,
chr3:clu_10723,,CD47,human,no_unique_junctions,ENST00000361309.6,ENST00000398258.7,108047292-108049619;108049651-108050578;108050602-108051939,108047292-108049619;108049651-108050578;108050602-108051939,,,,,,,,
chr3:clu_10723,,CD47,human,no_unique_junctions,ENST00000361309.6,ENST00000887593.1,108047292-108049619;108049651-108050578;108050602-108051939,108047292-108049619;108049651-108050578;108050602-108051939,,,,,,,,
chr3:clu_10723,,CD47,human,no_unique_junctions,ENST00000361309.6,ENST00000960414.1,108047292-108049619;108049651-108050578;108050602-108051939,108047292-108049619;108049651-108050578;108050602-108051939,,,,,,,,
chr3:clu_10723,,CD47,human,transcript_doesnt_have_junctions,ENST00000361309.6,ENST00000960415.1,108047292-108049619;108049651-108050578;108050602-108051939,,,,,,,,,
chr3:clu_10723,,CD47,human,transcript_doesnt_have_junctions,ENST00000361309.6,ENST00000644850.1,108047292-108049619;108049651-108050578;108050602-108051939,,,,,,,,,
chr3:clu_10723,1/2,CD47,human,transcript_not_chosen,ENST00000361309.6,ENST00000517766.5,108047292-108049619;108049651-108050578;108050602-108051939,108047292-108050578;108050602-108051939,,,,,,,,
chr3:clu_10723,1/2,CD47,human,transcript_not_chosen,ENST00000361309.6,ENST00000887589.1,108047292-108049619;108049651-108050578;108050602-108051939,108047292-108050578;108050602-108051939,,,,,,,,
chr3:clu_10723,1/2,CD47,human,transcript_not_chosen,ENST00000361309.6,ENST00000887591.1,108047292-108049619;108049651-108050578;108050602-108051939,108047292-108050578;108050602-108051939,,,,,,,,
chr3:clu_10723,1/2,CD47,human,transcript_not_chosen,ENST00000361309.6,ENST00000887592.1,108047292-108049619;108049651-108050578;108050602-108051939,108047292-108050578;108050602-108051939,,,,,,,,
chr3:clu_10723,2/2,CD47,human,transcript_not_chosen,ENST00000361309.6,ENST00000471694.1,108047292-108049619;108049651-108050578;108050602-108051939,108047292-108051939,,,,,,,,
chr19:clu_13818,,CARD8,human,no_unique_junctions,ENST00000651546.1,NM_001351788.2,48231810-48232453;48232493-48234403,48231810-48232453;48232493-48234403,,,,,,,,
chr19:clu_13818,,CARD8,human,no_unique_junctions,ENST00000651546.1,NM_001351789.2,48231810-48232453;48232493-48234403,48231810-48232453;48232493-48234403,,,,,,,,
chr19:clu_13818,,CARD8,human,no_unique_junctions,ENST00000651546.1,ENST00000877778.1,48231810-48232453;48232493-48234403,48231810-48232453;48232493-48234403,,,,,,,,
chr19:clu_13818,,CARD8,human,no_unique_junctions,ENST00000651546.1,ENST00000520753.5,48231810-48232453;48232493-48234403,48231810-48232453;48232493-48234403,,,,,,,,
chr19:clu_13818,,CARD8,human,no_unique_junctions,ENST00000651546.1,ENST00000519940.6,48231810-48232453;48232493-48234403,48231810-48232453;48232493-48234403,,,,,,,,
chr19:clu_13818,,CARD8,human,no_unique_junctions,ENST00000651546.1,NM_001351783.2,48231810-48232453;48232493-48234403,48231810-48232453;48232493-48234403,,,,,,,,
chr19:clu_13818,,CARD8,human,no_unique_junctions,ENST00000651546.1,ENST00000447740.6,48231810-48232453;48232493-48234403,48231810-48232453;48232493-48234403,,,,,,,,
chr19:clu_13818,,CARD8,human,no_unique_junctions,ENST00000651546.1,ENST00000520015.5,48231810-48232453;48232493-48234403,48231810-48232453;48232493-48234403,,,,,,,,
chr19:clu_13818,,CARD8,human,transcript_doesnt_have_junctions,ENST00000651546.1,ENST00000519332.5,48231810-48232453;48232493-48234403,,,,,,,,,
chr19:clu_13818,,CARD8,human,transcript_doesnt_have_junctions,ENST00000651546.1,ENST00000377461.8,48231810-48232453;48232493-48234403,,,,,,,,,
chr19:clu_13818,,CARD8,human,no_unique_junctions,ENST00000651546.1,ENST00000522051.5,48231810-48232453;48232493-48234403,48231810-48232453,,,,,,,,
chr19:clu_13818,,CARD8,human,transcript_doesnt_have_junctions,ENST00000651546.1,ENST00000523668.1,48231810-48232453;48232493-48234403,,,,,,,,,
chr19:clu_13818,,CARD8,human,transcript_doesnt_have_junctions,ENST00000651546.1,ENST00000518596.5,48231810-48232453;48232493-48234403,,,,,,,,,
chr19:clu_13818,,CARD8,human,transcript_doesnt_have_junctions,ENST00000651546.1,ENST00000521092.5,48231810-48232453;48232493-48234403,,,,,,,,,
chr19:clu_13818,,CARD8,human,transcript_doesnt_have_junctions,ENST00000651546.1,ENST00000518450.5,48231810-48232453;48232493-48234403,,,,,,,,,
chr19:clu_13818,,CARD8,human,no_unique_junctions,ENST00000651546.1,ENST00000391898.7,48231810-48232453;48232493-48234403,48231810-48232453;48232493-48234403,,,,,,,,
chr19:clu_13818,,CARD8,human,no_unique_junctions,ENST00000651546.1,ENST00000946860.1,48231810-48232453;48232493-48234403,48231810-48232453;48232493-48234403,,,,,,,,
chr19:clu_13818,,CARD8,human,no_unique_junctions,ENST00000651546.1,ENST00000877782.1,48231810-48232453;48232493-48234403,48231810-48232453;48232493-48234403,,,,,,,,
chr19:clu_13818,,CARD8,human,no_unique_junctions,ENST00000651546.1,ENST00000877775.1,48231810-48232453;48232493-48234403,48231810-48232453;48232493-48234403,,,,,,,,
chr19:clu_13818,,CARD8,human,no_unique_junctions,ENST00000651546.1,ENST00000946857.1,48231810-48232453;48232493-48234403,48231810-48232453;48232493-48234403,,,,,,,,
chr19:clu_13818,,CARD8,human,no_unique_junctions,ENST00000651546.1,ENST00000946858.1,48231810-48232453;48232493-48234403,48231810-48232453;48232493-48234403,,,,,,,,
chr19:clu_13818,,CARD8,human,no_unique_junctions,ENST00000651546.1,ENST00000877776.1,48231810-48232453;48232493-48234403,48231810-48232453;48232493-48234403,,,,,,,,
chr19:clu_13818,,CARD8,human,no_unique_junctions,ENST00000651546.1,ENST00000930774.1,48231810-48232453;48232493-48234403,48231810-48232453;48232493-48234403,,,,,,,,
chr19:clu_13818,,CARD8,human,no_unique_junctions,ENST00000651546.1,ENST00000877781.1,48231810-48232453;48232493-48234403,48231810-48232453;48232493-48234403,,,,,,,,
chr19:clu_13818,,CARD8,human,no_unique_junctions,ENST00000651546.1,ENST00000877777.1,48231810-48232453;48232493-48234403,48232493-48234403,,,,,,,,
chr19:clu_13818,,CARD8,human,no_unique_junctions,ENST00000651546.1,ENST00000522773.5,48231810-48232453;48232493-48234403,48231810-48232453,,,,,,,,
chr19:clu_13818,,CARD8,human,no_unique_junctions,ENST00000651546.1,ENST00000520153.5,48231810-48232453;48232493-48234403,48231810-48232453;48232493-48234403,,,,,,,,
chr19:clu_13818,,CARD8,human,no_unique_junctions,ENST00000651546.1,ENST00000877784.1,48231810-48232453;48232493-48234403,48231810-48232453;48232493-48234403,,,,,,,,
chr19:clu_13818,,CARD8,human,no_unique_junctions,ENST00000651546.1,ENST00000877779.1,48231810-48232453;48232493-48234403,48231810-48232453;48232493-48234403,,,,,,,,
chr19:clu_13818,,CARD8,human,no_unique_junctions,ENST00000651546.1,ENST00000930775.1,48231810-48232453;48232493-48234403,48231810-48232453;48232493-48234403,,,,,,,,
chr19:clu_13818,,CARD8,human,no_unique_junctions,ENST00000651546.1,ENST00000877783.1,48231810-48232453;48232493-48234403,48231810-48232453;48232493-48234403,,,,,,,,
chr19:clu_13818,,CARD8,human,no_unique_junctions,ENST00000651546.1,ENST00000946859.1,48231810-48232453;48232493-48234403,48231810-48232453;48232493-48234403,,,,,,,,
chr19:clu_13818,,CARD8,human,no_unique_junctions,ENST00000651546.1,ENST00000946861.1,48231810-48232453;48232493-48234403,48231810-48232453;48232493-48234403,,,,,,,,
chr19:clu_13818,,CARD8,human,no_unique_junctions,ENST00000651546.1,ENST00000519646.5,48231810-48232453;48232493-48234403,48231810-48232453,,,,,,,,
chr19:clu_13818,,CARD8,human,no_unique_junctions,ENST00000651546.1,ENST00000877785.1,48231810-48232453;48232493-48234403,48231810-48232453;48232493-48234403,,,,,,,,
chr19:clu_13818,,CARD8,human,no_unique_junctions,ENST00000651546.1,ENST00000877780.1,48231810-48232453;48232493-48234403,48231810-48232453;48232493-48234403,,,,,,,,
chr19:clu_13818,,CARD8,human,no_unique_junctions,ENST00000651546.1,ENST00000521613.5,48231810-48232453;48232493-48234403,48231810-48232453;48232493-48234403,,,,,,,,
chr19:clu_13818,,CARD8,human,transcript_doesnt_have_junctions,ENST00000651546.1,ENST00000523579.5,48231810-48232453;48232493-48234403,,,,,,,,,
chr19:clu_13818,,CARD8,human,no_unique_junctions,ENST00000651546.1,ENST00000519302.6,48231810-48232453;48232493-48234403,48231810-48232453;48232493-48234403,,,,,,,,
chr19:clu_13818,,CARD8,human,transcript_doesnt_have_junctions,ENST00000651546.1,ENST00000522889.5,48231810-48232453;48232493-48234403,,,,,,,,,
chr19:clu_13818,,CARD8,human,transcript_doesnt_have_junctions,ENST00000651546.1,ENST00000522431.5,48231810-48232453;48232493-48234403,,,,,,,,,
chr19:clu_13818,,CARD8,human,transcript_doesnt_have_junctions,ENST00000651546.1,ENST00000520007.5,48231810-48232453;48232493-48234403,,,,,,,,,
chr19:clu_13818,,CARD8,human,transcript_doesnt_have_junctions,ENST00000651546.1,ENST00000521437.1,48231810-48232453;48232493-48234403,,,,,,,,,
chr19:clu_13818,,CARD8,human,transcript_doesnt_have_junctions,ENST00000651546.1,ENST00000600800.1,48231810-48232453;48232493-48234403,,,,,,,,,
chr19:clu_13818,,CARD8,human,subsumed_by_larger_group,ENST00000651546.1,ENST00000517778.5,48231810-48232453;48232493-48234403,48233980-48234403,,,,,,,,
chr19:clu_13818,,CARD8,human,subsumed_by_larger_group,ENST00000651546.1,ENST00000523750.1,48231810-48232453;48232493-48234403,48233980-48234403,,,,,,,,
chr19:clu_13818,1/2,CARD8,human,transcript_not_chosen,ENST00000651546.1,ENST00000517510.5,48231810-48232453;48232493-48234403,48231810-48234403,,,,,,,,
chr19:clu_13818,1/2,CARD8,human,transcript_not_chosen,ENST00000651546.1,ENST00000518622.5,48231810-48232453;48232493-48234403,48231810-48234403,,,,,,,,
chr19:clu_13818,1/2,CARD8,human,transcript_not_chosen,ENST00000651546.1,ENST00000518979.5,48231810-48232453;48232493-48234403,48231810-48234403,,,,,,,,
chr19:clu_13818,1/2,CARD8,human,transcript_not_chosen,ENST00000651546.1,ENST00000521415.5,48231810-48232453;48232493-48234403,48231810-48234403,,,,,,,,
chr19:clu_13818,1/2,CARD8,human,transcript_not_chosen,ENST00000651546.1,ENST00000522068.5,48231810-48232453;48232493-48234403,48231810-48234403,,,,,,,,
chr19:clu_13818,1/2,CARD8,human,transcript_not_chosen,ENST00000651546.1,NM_001351787.2,48231810-48232453;48232493-48234403,48231810-48234403,,,,,,,,
chr19:clu_13818,1/2,CARD8,human,transcript_not_chosen,ENST00000651546.1,NM_001351790.2,48231810-48232453;48232493-48234403,48231810-48234403,,,,,,,,
chr19:clu_13818,1/2,CARD8,human,transcript_not_chosen,ENST00000651546.1,NM_001351791.2,48231810-48232453;48232493-48234403,48231810-48234403,,,,,,,,
chr19:clu_13818,1/2,CARD8,human,transcript_not_chosen,ENST00000651546.1,NM_001351792.2,48231810-48232453;48232493-48234403,48231810-48234403,,,,,,,,
chr19:clu_13818,1/2,CARD8,human,transcript_not_chosen,ENST00000651546.1,NM_001365950.1,48231810-48232453;48232493-48234403,48231810-48234403,,,,,,,,
chr6:clu_21814:CNPY3-GNMT,,CNPY3-GNMT,human,novel_junction,NM_001318857.2,,,42929721-42934475,,,,,,,,
chr6:clu_21814:CNPY3-GNMT,,CNPY3-GNMT,human,novel_junction,NM_001318857.2,,,42929721-42935412,,,,,,,,
chr6:clu_21814:CNPY3-GNMT,,CNPY3-GNMT,human,novel_junction,NM_001318857.2,,,42929721-42935574,,,,,,,,
chr6:clu_21814:CNPY3-GNMT,,CNPY3-GNMT,human,novel_junction,NM_001318857.2,,,42934598-42935412,,,,,,,,
chr6:clu_21814:CNPY3-GNMT,,CNPY3-GNMT,human,novel_junction,NM_001318857.2,,,42934598-42935574,,,,,,,,
chr6:clu_21814:CNPY3-GNMT,,CNPY3-GNMT,human,novel_junction,NM_001318857.2,,,42935473-42935574,,,,,,,,
chr6:clu_21814:CNPY3-GNMT,,CNPY3-GNMT,human,no_canonical_junctions,NM_001318857.2,,,,,,,,,,,
chr14:clu_6151,,FOXN3,human,transcript_doesnt_have_junctions,ENST00000557258.6,ENST00000345097.8,89412490-89416871,,,,,,,,,
chr14:clu_6151,,FOXN3,human,transcript_doesnt_have_junctions,ENST00000557258.6,ENST00000557572.1,89412490-89416871,,,,,,,,,
chr14:clu_6151,,FOXN3,human,no_unique_junctions,ENST00000557258.6,ENST00000950237.1,89412490-89416871,89412490-89416871,,,,,,,,
chr14:clu_6151,,FOXN3,human,no_unique_junctions,ENST00000557258.6,ENST00000884424.1,89412490-89416871,89412490-89416871,,,,,,,,
chr14:clu_6151,,FOXN3,human,transcript_doesnt_have_junctions,ENST00000557258.6,ENST00000922268.1,89412490-89416871,,,,,,,,,
chr14:clu_6151,,FOXN3,human,transcript_doesnt_have_junctions,ENST00000557258.6,ENST00000884423.1,89412490-89416871,,,,,,,,,
chr14:clu_6151,,FOXN3,human,transcript_doesnt_have_junctions,ENST00000557258.6,ENST00000261302.9,89412490-89416871,,,,,,,,,
chr14:clu_6151,,FOXN3,human,transcript_doesnt_have_junctions,ENST00000557258.6,ENST00000615335.4,89412490-89416871,,,,,,,,,
chr14:clu_6151,,FOXN3,human,transcript_doesnt_have_junctions,ENST00000557258.6,ENST00000950239.1,89412490-89416871,,,,,,,,,
chr14:clu_6151,,FOXN3,human,no_unique_junctions,ENST00000557258.6,ENST00000950238.1,89412490-89416871,89412490-89416871,,,,,,,,
chr14:clu_6151,,FOXN3,human,transcript_doesnt_have_junctions,ENST00000557258.6,ENST00000884422.1,89412490-89416871,,,,,,,,,
chr14:clu_6151,,FOXN3,human,transcript_doesnt_have_junctions,ENST00000557258.6,ENST00000555353.5,89412490-89416871,,,,,,,,,
chr14:clu_6151,,FOXN3,human,transcript_doesnt_have_junctions,ENST00000557258.6,ENST00000553840.5,89412490-89416871,,,,,,,,,
chr14:clu_6151,,FOXN3,human,transcript_doesnt_have_junctions,ENST00000557258.6,ENST00000557718.5,89412490-89416871,,,,,,,,,
chr14:clu_6151,,FOXN3,human,transcript_doesnt_have_junctions,ENST00000557258.6,ENST00000553353.5,89412490-89416871,,,,,,,,,
chr14:clu_6151,,FOXN3,human,transcript_doesnt_have_junctions,ENST00000557258.6,ENST00000556916.5,89412490-89416871,,,,,,,,,
chr14:clu_6151,,FOXN3,human,transcript_doesnt_have_junctions,ENST00000557258.6,ENST00000554005.1,89412490-89416871,,,,,,,,,
chr14:clu_6151,,FOXN3,human,transcript_doesnt_have_junctions,ENST00000557258.6,ENST00000556541.1,89412490-89416871,,,,,,,,,
chr14:clu_6151,,FOXN3,human,transcript_doesnt_have_junctions,ENST00000557258.6,ENST00000555010.1,89412490-89416871,,,,,,,,,
chr14:clu_6151,,FOXN3,human,transcript_doesnt_have_junctions,ENST00000557258.6,ENST00000557496.1,89412490-89416871,,,,,,,,,
chr14:clu_6151,,FOXN3,human,transcript_doesnt_have_junctions,ENST00000557258.6,ENST00000555658.5,89412490-89416871,,,,,,,,,
chr14:clu_6151,,FOXN3,human,transcript_doesnt_have_junctions,ENST00000557258.6,ENST00000557261.1,89412490-89416871,,,,,,,,,
chr14:clu_6151,1/1,FOXN3,human,transcript_not_chosen,ENST00000557258.6,ENST00000553904.1,89412490-89416871,89412490-89486569,,,,,,,,
chr14:clu_6151,1/1,FOXN3,human,transcript_not_chosen,ENST00000557258.6,ENST00000555034.5,89412490-89416871,89412490-89486569,,,,,,,,
chr14:clu_6151,1/1,FOXN3,human,transcript_not_chosen,ENST00000557258.6,ENST00000555855.5,89412490-89416871,89412490-89486569,,,,,,,,
chr14:clu_6151,1/1,FOXN3,human,transcript_not_chosen,ENST00000557258.6,ENST00000884418.1,89412490-89416871,89412490-89486569,,,,,,,,
chr14:clu_6151,1/1,FOXN3,human,transcript_not_chosen,ENST00000557258.6,ENST00000884419.1,89412490-89416871,89412490-89486569,,,,,,,,
chr14:clu_6151,1/1,FOXN3,human,transcript_not_chosen,ENST00000557258.6,ENST00000884420.1,89412490-89416871,89412490-89486569,,,,,,,,
chr14:clu_6151,1/1,FOXN3,human,transcript_not_chosen,ENST00000557258.6,ENST00000884421.1,89412490-89416871,89412490-89486569,,,,,,,,
chr14:clu_6151,1/1,FOXN3,human,transcript_not_chosen,ENST00000557258.6,ENST00000950235.1,89412490-89416871,89412490-89486569,,,,,,,,
chr10:clu_4458,,IDI1,human,no_unique_junctions,ENST00000381344.8,XM_047425176.1,1043393-1043999;1044171-1048864,1043393-1043999,,,,,,,,
chr10:clu_4458,,IDI1,human,transcript_doesnt_have_junctions,ENST00000381344.8,XM_024447979.2,1043393-1043999;1044171-1048864,,,,,,,,,
chr10:clu_4458,,IDI1,human,no_unique_junctions,ENST00000381344.8,NM_001317955.2,1043393-1043999;1044171-1048864,1043393-1043999,,,,,,,,
chr10:clu_4458,,IDI1,human,transcript_doesnt_have_junctions,ENST00000381344.8,XM_017016191.3,1043393-1043999;1044171-1048864,,,,,,,,,
chr10:clu_4458,,IDI1,human,transcript_doesnt_have_junctions,ENST00000381344.8,XM_024447980.2,1043393-1043999;1044171-1048864,,,,,,,,,
chr10:clu_4458,,IDI1,human,no_unique_junctions,ENST00000381344.8,ENST00000482091.1,1043393-1043999;1044171-1048864,1044171-1048864,,,,,,,,
chr10:clu_4458,,IDI1,human,no_unique_junctions,ENST00000381344.8,ENST00000695775.1,1043393-1043999;1044171-1048864,1043393-1043999;1044171-1048864,,,,,,,,
chr10:clu_4458,1/3,IDI1,human,transcript_not_chosen,ENST00000381344.8,ENST00000427898.5,1043393-1043999;1044171-1048864,1043393-1048264,,,,,,,,
chr9:clu_9534,,SET,human,transcript_doesnt_have_junctions,ENST00000322030.13,ENST00000409104.7,128689655-128691170,,,,,,,,,
chr9:clu_9534,,SET,human,transcript_doesnt_have_junctions,ENST00000322030.13,ENST00000372686.6,128689655-128691170,,,,,,,,,
chr9:clu_9534,,SET,human,transcript_doesnt_have_junctions,ENST00000322030.13,ENST00000480536.2,128689655-128691170,,,,,,,,,
chr9:clu_9534,,SET,human,transcript_doesnt_have_junctions,ENST00000322030.13,ENST00000685073.1,128689655-128691170,,,,,,,,,
chr9:clu_9534,,SET,human,transcript_doesnt_have_junctions,ENST00000322030.13,ENST00000485056.1,128689655-128691170,,,,,,,,,
chr9:clu_9534,,SET,human,no_unique_junctions,ENST00000322030.13,ENST00000921998.1,128689655-128691170,128689655-128691170,,,,,,,,
chr9:clu_9534,,SET,human,transcript_doesnt_have_junctions,ENST00000322030.13,ENST00000691158.1,128689655-128691170,,,,,,,,,
chr9:clu_9534,,SET,human,no_unique_junctions,ENST00000322030.13,ENST00000878517.1,128689655-128691170,128689655-128691170,,,,,,,,
chr9:clu_9534,,SET,human,no_unique_junctions,ENST00000322030.13,ENST00000878518.1,128689655-128691170,128689655-128691170,,,,,,,,
chr9:clu_9534,,SET,human,transcript_doesnt_have_junctions,ENST00000322030.13,ENST00000921999.1,128689655-128691170,,,,,,,,,
chr9:clu_9534,,SET,human,no_unique_junctions,ENST00000322030.13,ENST00000372688.9,128689655-128691170,128689655-128691170,,,,,,,,
chr9:clu_9534,,SET,human,no_unique_junctions,ENST00000322030.13,ENST00000968516.1,128689655-128691170,128689655-128691170,,,,,,,,
chr9:clu_9534,,SET,human,transcript_doesnt_have_junctions,ENST00000322030.13,ENST00000466009.5,128689655-128691170,,,,,,,,,
chr9:clu_9534,,SET,human,transcript_doesnt_have_junctions,ENST00000322030.13,ENST00000477806.5,128689655-128691170,,,,,,,,,
chr9:clu_9534,,SET,human,transcript_doesnt_have_junctions,ENST00000322030.13,ENST00000480217.5,128689655-128691170,,,,,,,,,
chr9:clu_9534,1/1,SET,human,transcript_not_chosen,ENST00000322030.13,ENST00000372692.8,128689655-128691170,128684007-128691170,,,,,,,,
chr9:clu_9534,1/1,SET,human,transcript_not_chosen,ENST00000322030.13,ENST00000686568.1,128689655-128691170,128684007-128691170,,,,,,,,
chr6:clu_22275,,TNFAIP3,human,novel_junction,ENST00000612899.5,,137875035-137875688,137875035-137875734,,,,,,,,
chr6:clu_22275,,TNFAIP3,human,novel_junction,ENST00000612899.5,,137875035-137875688,137875035-137875836,,,,,,,,
chr6:clu_22275,,TNFAIP3,human,no_unique_junctions,ENST00000612899.5,XM_047419283.1,137875035-137875688,137875035-137875688,,,,,,,,
chr6:clu_22275,,TNFAIP3,human,no_unique_junctions,ENST00000612899.5,ENST00000906238.1,137875035-137875688,137875035-137875688,,,,,,,,
chr6:clu_22275,,TNFAIP3,human,no_unique_junctions,ENST00000612899.5,ENST00000906240.1,137875035-137875688,137875035-137875688,,,,,,,,
chr6:clu_22275,,TNFAIP3,human,no_unique_junctions,ENST00000612899.5,XM_011536096.3,137875035-137875688,137875035-137875688,,,,,,,,
chr6:clu_22275,,TNFAIP3,human,no_unique_junctions,ENST00000612899.5,ENST00000420009.6,137875035-137875688,137875035-137875688,,,,,,,,
chr6:clu_22275,,TNFAIP3,human,no_unique_junctions,ENST00000612899.5,XM_047419285.1,137875035-137875688,137875035-137875688,,,,,,,,
chr6:clu_22275,,TNFAIP3,human,no_unique_junctions,ENST00000612899.5,ENST00000237289.8,137875035-137875688,137875035-137875688,,,,,,,,
chr6:clu_22275,,TNFAIP3,human,no_unique_junctions,ENST00000612899.5,XM_047419284.1,137875035-137875688,137875035-137875688,,,,,,,,
chr6:clu_22275,,TNFAIP3,human,no_unique_junctions,ENST00000612899.5,XM_024446532.2,137875035-137875688,137875035-137875688,,,,,,,,
chr6:clu_22275,,TNFAIP3,human,no_unique_junctions,ENST00000612899.5,XM_047419282.1,137875035-137875688,137875035-137875688,,,,,,,,
chr6:clu_22275,,TNFAIP3,human,no_unique_junctions,ENST00000612899.5,ENST00000906241.1,137875035-137875688,137875035-137875688,,,,,,,,
chr6:clu_22275,,TNFAIP3,human,no_unique_junctions,ENST00000612899.5,ENST00000906242.1,137875035-137875688,137875035-137875688,,,,,,,,
chr6:clu_22275,,TNFAIP3,human,no_unique_junctions,ENST00000612899.5,ENST00000698329.1,137875035-137875688,137875035-137875688,,,,,,,,
chr6:clu_22275,,TNFAIP3,human,transcript_doesnt_have_junctions,ENST00000612899.5,ENST00000485192.2,137875035-137875688,,,,,,,,,
chr6:clu_22275,,TNFAIP3,human,no_unique_junctions,ENST00000612899.5,ENST00000906239.1,137875035-137875688,137875035-137875688,,,,,,,,
chr6:clu_22275,,TNFAIP3,human,no_unique_junctions,ENST00000612899.5,ENST00000421450.2,137875035-137875688,137875035-137875688,,,,,,,,
chr6:clu_22275,,TNFAIP3,human,no_unique_junctions,ENST00000612899.5,ENST00000711061.1,137875035-137875688,137875035-137875688,,,,,,,,
chr6:clu_22275,,TNFAIP3,human,no_unique_junctions,ENST00000612899.5,ENST00000906237.1,137875035-137875688,137875035-137875688,,,,,,,,
chr6:clu_22275,,TNFAIP3,human,no_unique_junctions,ENST00000612899.5,ENST00000971893.1,137875035-137875688,137875035-137875688,,,,,,,,
chr6:clu_22275,,TNFAIP3,human,no_unique_junctions,ENST00000612899.5,ENST00000433680.2,137875035-137875688,137875035-137875688,,,,,,,,
chr6:clu_22275,,TNFAIP3,human,no_unique_junctions,ENST00000612899.5,ENST00000971894.1,137875035-137875688,137875035-137875688,,,,,,,,
chr6:clu_22275,,TNFAIP3,human,transcript_doesnt_have_junctions,ENST00000612899.5,ENST00000698330.1,137875035-137875688,,,,,,,,,
chr6:clu_22275,,TNFAIP3,human,all_known_junctions_are_canonical,ENST00000612899.5,,137875035-137875688,,,,,,,,,
chr1:clu_3388:TNFAIP8L2-SCNM1,,TNFAIP8L2-SCNM1,human,novel_junction,ENST00000368905.9,,151166203-151166471,151156722-151158666,,,,,,,,
chr1:clu_3388:TNFAIP8L2-SCNM1,,TNFAIP8L2-SCNM1,human,novel_junction,ENST00000368905.9,,151166203-151166471,151156722-151158693,,,,,,,,
chr1:clu_3388:TNFAIP8L2-SCNM1,,TNFAIP8L2-SCNM1,human,novel_junction,ENST00000368905.9,,151166203-151166471,151156722-151163931,,,,,,,,
chr1:clu_3388:TNFAIP8L2-SCNM1,,TNFAIP8L2-SCNM1,human,novel_junction,ENST00000368905.9,,151166203-151166471,151164036-151166471,,,,,,,,
chr1:clu_3388:TNFAIP8L2-SCNM1,,TNFAIP8L2-SCNM1,human,transcript_doesnt_have_junctions,ENST00000368905.9,ENST00000368902.1,151166203-151166471,,,,,,,,,
chr1:clu_3388:TNFAIP8L2-SCNM1,,TNFAIP8L2-SCNM1,human,no_unique_junctions,ENST00000368905.9,ENST00000881392.1,151166203-151166471,151166203-151166471,,,,,,,,
chr1:clu_3388:TNFAIP8L2-SCNM1,,TNFAIP8L2-SCNM1,human,no_unique_junctions,ENST00000368905.9,ENST00000911421.1,151166203-151166471,151166203-151166471,,,,,,,,
chr1:clu_3388:TNFAIP8L2-SCNM1,,TNFAIP8L2-SCNM1,human,no_unique_junctions,ENST00000368905.9,ENST00000911422.1,151166203-151166471,151166203-151166471,,,,,,,,
chr1:clu_3388:TNFAIP8L2-SCNM1,,TNFAIP8L2-SCNM1,human,no_unique_junctions,ENST00000368905.9,ENST00000881393.1,151166203-151166471,151166203-151166471,,,,,,,,
chr1:clu_3388:TNFAIP8L2-SCNM1,,TNFAIP8L2-SCNM1,human,no_unique_junctions,ENST00000368905.9,ENST00000881394.1,151166203-151166471,151166203-151166471,,,,,,,,
chr1:clu_3388:TNFAIP8L2-SCNM1,,TNFAIP8L2-SCNM1,human,no_unique_junctions,ENST00000368905.9,ENST00000461862.5,151166203-151166471,151166203-151166471,,,,,,,,
chr1:clu_3388:TNFAIP8L2-SCNM1,,TNFAIP8L2-SCNM1,human,no_unique_junctions,ENST00000368905.9,ENST00000471039.1,151166203-151166471,151166203-151166471,,,,,,,,
chr1:clu_3388:TNFAIP8L2-SCNM1,,TNFAIP8L2-SCNM1,human,transcript_doesnt_have_junctions,ENST00000368905.9,ENST00000497147.1,151166203-151166471,,,,,,,,,
chr1:clu_3388:TNFAIP8L2-SCNM1,,TNFAIP8L2-SCNM1,human,transcript_doesnt_have_junctions,ENST00000368905.9,ENST00000459799.1,151166203-151166471,,,,,,,,,
chr8:clu_24944,,YWHAZ,human,no_unique_junctions,ENST00000395958.6,XM_017013811.2,100925039-100948596;100948900-100951929,100925039-100948596;100948900-100951929,,,,,,,,
chr8:clu_24944,,YWHAZ,human,no_unique_junctions,ENST00000395958.6,ENST00000395956.7,100925039-100948596;100948900-100951929,100925039-100948596,,,,,,,,
chr8:clu_24944,,YWHAZ,human,no_unique_junctions,ENST00000395958.6,ENST00000419477.6,100925039-100948596;100948900-100951929,100925039-100948596,,,,,,,,
chr8:clu_24944,,YWHAZ,human,no_unique_junctions,ENST00000395958.6,ENST00000395951.7,100925039-100948596;100948900-100951929,100925039-100948596,,,,,,,,
chr8:clu_24944,,YWHAZ,human,no_unique_junctions,ENST00000395958.6,ENST00000480304.5,100925039-100948596;100948900-100951929,100925039-100948596;100948900-100951929,,,,,,,,
chr8:clu_24944,,YWHAZ,human,no_unique_junctions,ENST00000395958.6,ENST00000517727.5,100925039-100948596;100948900-100951929,100925039-100948596,,,,,,,,
chr8:clu_24944,,YWHAZ,human,no_unique_junctions,ENST00000395958.6,ENST00000936697.1,100925039-100948596;100948900-100951929,100925039-100948596,,,,,,,,
chr8:clu_24944,,YWHAZ,human,no_unique_junctions,ENST00000395958.6,ENST00000908388.1,100925039-100948596;100948900-100951929,100925039-100948596,,,,,,,,
chr8:clu_24944,,YWHAZ,human,no_unique_junctions,ENST00000395958.6,ENST00000908387.1,100925039-100948596;100948900-100951929,100925039-100948596,,,,,,,,
chr8:clu_24944,,YWHAZ,human,no_unique_junctions,ENST00000395958.6,ENST00000908384.1,100925039-100948596;100948900-100951929,100925039-100948596,,,,,,,,
chr8:clu_24944,,YWHAZ,human,no_unique_junctions,ENST00000395958.6,ENST00000936696.1,100925039-100948596;100948900-100951929,100925039-100948596,,,,,,,,
chr8:clu_24944,,YWHAZ,human,no_unique_junctions,ENST00000395958.6,ENST00000936698.1,100925039-100948596;100948900-100951929,100925039-100948596,,,,,,,,
chr8:clu_24944,,YWHAZ,human,transcript_doesnt_have_junctions,ENST00000395958.6,ENST00000523848.5,100925039-100948596;100948900-100951929,,,,,,,,,
chr8:clu_24944,,YWHAZ,human,no_unique_junctions,ENST00000395958.6,ENST00000908386.1,100925039-100948596;100948900-100951929,100925039-100948596,,,,,,,,
chr8:clu_24944,,YWHAZ,human,no_unique_junctions,ENST00000395958.6,ENST00000908385.1,100925039-100948596;100948900-100951929,100925039-100948596,,,,,,,,
chr8:clu_24944,,YWHAZ,human,transcript_doesnt_have_junctions,ENST00000395958.6,ENST00000522542.5,100925039-100948596;100948900-100951929,,,,,,,,,
chr8:clu_24944,,YWHAZ,human,transcript_doesnt_have_junctions,ENST00000395958.6,ENST00000522819.5,100925039-100948596;100948900-100951929,,,,,,,,,
chr8:clu_24944,,YWHAZ,human,no_unique_junctions,ENST00000395958.6,ENST00000395948.6,100925039-100948596;100948900-100951929,100925039-100948596,,,,,,,,
chr8:clu_24944,,YWHAZ,human,no_unique_junctions,ENST00000395958.6,ENST00000521607.5,100925039-100948596;100948900-100951929,100925039-100948596,,,,,,,,
chr8:clu_24944,,YWHAZ,human,no_unique_junctions,ENST00000395958.6,ENST00000521328.5,100925039-100948596;100948900-100951929,100925039-100948596,,,,,,,,
chr8:clu_24944,,YWHAZ,human,no_unique_junctions,ENST00000395958.6,ENST00000418997.1,100925039-100948596;100948900-100951929,100948900-100951929,,,,,,,,
chr8:clu_24944,,YWHAZ,human,no_unique_junctions,ENST00000395958.6,ENST00000437293.5,100925039-100948596;100948900-100951929,100948900-100951929,,,,,,,,
chr8:clu_24944,,YWHAZ,human,no_unique_junctions,ENST00000395958.6,ENST00000523131.1,100925039-100948596;100948900-100951929,100948900-100951929,,,,,,,,
chr8:clu_24944,,YWHAZ,human,no_unique_junctions,ENST00000395958.6,ENST00000523938.1,100925039-100948596;100948900-100951929,100948900-100951929,,,,,,,,
chr8:clu_24944,,YWHAZ,human,transcript_doesnt_have_junctions,ENST00000395958.6,ENST00000492736.1,100925039-100948596;100948900-100951929,,,,,,,,,
chr8:clu_24944,2/5,YWHAZ,human,transcript_not_chosen,ENST00000395958.6,ENST00000518736.5,100925039-100948596;100948900-100951929,100925039-100948596;100948900-100951456,,,,,,,,
chr8:clu_24944,3/5,YWHAZ,human,transcript_not_chosen,ENST00000395958.6,ENST00000457309.2,100925039-100948596;100948900-100951929,100925039-100948596;100948900-100952850,,,,,,,,
chr1:clu_3119,,CD53,human,no_unique_junctions,ENST00000271324.6,ENST00000648608.2,110891471-110892345;110892533-110894327;110894401-110894960;110895055-110896653;110896733-110897809;110897892-110899124,110891471-110892345;110892533-110894327;110894401-110894960;110895055-110896653;110896733-110897809;110897892-110899124,,,,,,,,
chr1:clu_3119,,CD53,human,no_unique_junctions,ENST00000271324.6,ENST00000897418.1,110891471-110892345;110892533-110894327;110894401-110894960;110895055-110896653;110896733-110897809;110897892-110899124,110891471-110892345;110892533-110894327;110897892-110899124,,,,,,,,
chr1:clu_3119,,CD53,human,no_unique_junctions,ENST00000271324.6,ENST00000897417.1,110891471-110892345;110892533-110894327;110894401-110894960;110895055-110896653;110896733-110897809;110897892-110899124,110894401-110894960;110895055-110896653;110896733-110897809;110897892-110899124,,,,,,,,
chr1:clu_3119,,CD53,human,no_unique_junctions,ENST00000271324.6,ENST00000897413.1,110891471-110892345;110892533-110894327;110894401-110894960;110895055-110896653;110896733-110897809;110897892-110899124,110891471-110892345;110892533-110894327;110894401-110894960;110896733-110897809;110897892-110899124,,,,,,,,
chr1:clu_3119,,CD53,human,no_unique_junctions,ENST00000271324.6,ENST00000897414.1,110891471-110892345;110892533-110894327;110894401-110894960;110895055-110896653;110896733-110897809;110897892-110899124,110891471-110892345;110895055-110896653;110896733-110897809;110897892-110899124,,,,,,,,
chr1:clu_3119,,CD53,human,no_unique_junctions,ENST00000271324.6,ENST00000897411.1,110891471-110892345;110892533-110894327;110894401-110894960;110895055-110896653;110896733-110897809;110897892-110899124,110891471-110892345;110892533-110894327;110894401-110894960;110895055-110896653;110896733-110897809;110897892-110899124,,,,,,,,
chr1:clu_3119,,CD53,human,no_unique_junctions,ENST00000271324.6,ENST00000897412.1,110891471-110892345;110892533-110894327;110894401-110894960;110895055-110896653;110896733-110897809;110897892-110899124,110896733-110897809;110897892-110899124,,,,,,,,
chr1:clu_3119,,CD53,human,no_unique_junctions,ENST00000271324.6,ENST00000897419.1,110891471-110892345;110892533-110894327;110894401-110894960;110895055-110896653;110896733-110897809;110897892-110899124,110891471-110892345;110897892-110899124,,,,,,,,
chr1:clu_3119,,CD53,human,no_unique_junctions,ENST00000271324.6,ENST00000897420.1,110891471-110892345;110892533-110894327;110894401-110894960;110895055-110896653;110896733-110897809;110897892-110899124,110891471-110892345;110892533-110894327;110894401-110894960;110895055-110896653;110896733-110897809;110897892-110899124,,,,,,,,
chr1:clu_3119,,CD53,human,no_unique_junctions,ENST00000271324.6,ENST00000471220.5,110891471-110892345;110892533-110894327;110894401-110894960;110895055-110896653;110896733-110897809;110897892-110899124,110891471-110892345,,,,,,,,
chr1:clu_3119,,CD53,human,no_unique_junctions,ENST00000271324.6,ENST00000464329.1,110891471-110892345;110892533-110894327;110894401-110894960;110895055-110896653;110896733-110897809;110897892-110899124,110897892-110899124,,,,,,,,
chr1:clu_3119,2/7,CD53,human,transcript_not_chosen,ENST00000271324.6,ENST00000476408.1,110891471-110892345;110892533-110894327;110894401-110894960;110895055-110896653;110896733-110897809;110897892-110899124,110891471-110892345;110892533-110899124,,,,,,,,
chr1:clu_3119,2/7,CD53,human,transcript_not_chosen,ENST00000271324.6,ENST00000897407.1,110891471-110892345;110892533-110894327;110894401-110894960;110895055-110896653;110896733-110897809;110897892-110899124,110891471-110892345;110892533-110899124,,,,,,,,
chr1:clu_3119,5/7,CD53,human,transcript_not_chosen,ENST00000271324.6,ENST00000897406.1,110891471-110892345;110892533-110894327;110894401-110894960;110895055-110896653;110896733-110897809;110897892-110899124,110891471-110892345;110892533-110894327;110894401-110894960;110895055-110897809;110897892-110899124,,,,,,,,
chr1:clu_3119,5/7,CD53,human,transcript_not_chosen,ENST00000271324.6,ENST00000922910.1,110891471-110892345;110892533-110894327;110894401-110894960;110895055-110896653;110896733-110897809;110897892-110899124,110891471-110892345;110892533-110894327;110894401-110894960;110895055-110897809;110897892-110899124,,,,,,,,
chr1:clu_3119,6/7,CD53,human,transcript_not_chosen,ENST00000271324.6,ENST00000497404.1,110891471-110892345;110892533-110894327;110894401-110894960;110895055-110896653;110896733-110897809;110897892-110899124,110894401-110894960;110895055-110899124,,,,,,,,
chr7:clu_25636,,IKZF1,human,transcript_doesnt_have_junctions,ENST00000331340.8,XM_011515058.3,50304922-50319048,,,,,,,,,
chr7:clu_25636,,IKZF1,human,transcript_doesnt_have_junctions,ENST00000331340.8,XM_011515059.4,50304922-50319048,,,,,,,,,
chr7:clu_25636,,IKZF1,human,transcript_doesnt_have_junctions,ENST00000331340.8,XM_011515067.4,50304922-50319048,,,,,,,,,
chr7:clu_25636,,IKZF1,human,transcript_doesnt_have_junctions,ENST00000331340.8,XM_047419727.1,50304922-50319048,,,,,,,,,
chr7:clu_25636,,IKZF1,human,transcript_doesnt_have_junctions,ENST00000331340.8,XM_011515071.3,50304922-50319048,,,,,,,,,
chr7:clu_25636,,IKZF1,human,transcript_doesnt_have_junctions,ENST00000331340.8,XM_047419739.1,50304922-50319048,,,,,,,,,
chr7:clu_25636,,IKZF1,human,transcript_doesnt_have_junctions,ENST00000331340.8,XM_011515061.4,50304922-50319048,,,,,,,,,
chr7:clu_25636,,IKZF1,human,transcript_doesnt_have_junctions,ENST00000331340.8,XM_047419723.1,50304922-50319048,,,,,,,,,
chr7:clu_25636,,IKZF1,human,transcript_doesnt_have_junctions,ENST00000331340.8,XM_011515070.3,50304922-50319048,,,,,,,,,
chr7:clu_25636,,IKZF1,human,transcript_doesnt_have_junctions,ENST00000331340.8,XM_047419731.1,50304922-50319048,,,,,,,,,
chr7:clu_25636,,IKZF1,human,transcript_doesnt_have_junctions,ENST00000331340.8,XM_011515072.3,50304922-50319048,,,,,,,,,
chr7:clu_25636,,IKZF1,human,transcript_doesnt_have_junctions,ENST00000331340.8,XM_011515074.3,50304922-50319048,,,,,,,,,
chr7:clu_25636,,IKZF1,human,transcript_doesnt_have_junctions,ENST00000331340.8,XM_011515077.3,50304922-50319048,,,,,,,,,
chr7:clu_25636,,IKZF1,human,transcript_doesnt_have_junctions,ENST00000331340.8,XM_011515078.3,50304922-50319048,,,,,,,,,
chr7:clu_25636,,IKZF1,human,no_unique_junctions,ENST00000331340.8,ENST00000858051.1,50304922-50319048,50304922-50319048,,,,,,,,
chr7:clu_25636,,IKZF1,human,no_unique_junctions,ENST00000331340.8,ENST00000858043.1,50304922-50319048,50304922-50319048,,,,,,,,
chr7:clu_25636,,IKZF1,human,no_unique_junctions,ENST00000331340.8,ENST00000858052.1,50304922-50319048,50304922-50319048,,,,,,,,
chr7:clu_25636,,IKZF1,human,no_unique_junctions,ENST00000331340.8,ENST00000858059.1,50304922-50319048,50304922-50319048,,,,,,,,
chr7:clu_25636,,IKZF1,human,no_unique_junctions,ENST00000331340.8,ENST00000359197.9,50304922-50319048,50304922-50319048,,,,,,,,
chr7:clu_25636,,IKZF1,human,no_unique_junctions,ENST00000331340.8,ENST00000646110.1,50304922-50319048,50304922-50319048,,,,,,,,
chr7:clu_25636,,IKZF1,human,no_unique_junctions,ENST00000331340.8,ENST00000413698.5,50304922-50319048,50304922-50319048,,,,,,,,
chr7:clu_25636,,IKZF1,human,transcript_doesnt_have_junctions,ENST00000331340.8,XM_011515060.3,50304922-50319048,,,,,,,,,
chr7:clu_25636,,IKZF1,human,transcript_doesnt_have_junctions,ENST00000331340.8,XM_047419749.1,50304922-50319048,,,,,,,,,
chr7:clu_25636,,IKZF1,human,no_unique_junctions,ENST00000331340.8,ENST00000698575.1,50304922-50319048,50304922-50319048,,,,,,,,
chr7:clu_25636,,IKZF1,human,transcript_doesnt_have_junctions,ENST00000331340.8,NM_001220767.2,50304922-50319048,,,,,,,,,
chr7:clu_25636,,IKZF1,human,transcript_doesnt_have_junctions,ENST00000331340.8,NM_001220770.2,50304922-50319048,,,,,,,,,
chr7:clu_25636,,IKZF1,human,no_unique_junctions,ENST00000331340.8,ENST00000858058.1,50304922-50319048,50304922-50319048,,,,,,,,
chr7:clu_25636,,IKZF1,human,transcript_doesnt_have_junctions,ENST00000331340.8,NM_001291841.1,50304922-50319048,,,,,,,,,
chr7:clu_25636,,IKZF1,human,no_unique_junctions,ENST00000331340.8,ENST00000615491.4,50304922-50319048,50304922-50319048,,,,,,,,
chr7:clu_25636,,IKZF1,human,transcript_doesnt_have_junctions,ENST00000331340.8,NM_001291842.1,50304922-50319048,,,,,,,,,
chr7:clu_25636,,IKZF1,human,transcript_doesnt_have_junctions,ENST00000331340.8,NM_001291844.1,50304922-50319048,,,,,,,,,
chr7:clu_25636,,IKZF1,human,transcript_doesnt_have_junctions,ENST00000331340.8,NM_001291840.1,50304922-50319048,,,,,,,,,
chr7:clu_25636,,IKZF1,human,transcript_doesnt_have_junctions,ENST00000331340.8,XM_047419741.1,50304922-50319048,,,,,,,,,
chr7:clu_25636,,IKZF1,human,transcript_doesnt_have_junctions,ENST00000331340.8,XM_047419742.1,50304922-50319048,,,,,,,,,
chr7:clu_25636,,IKZF1,human,transcript_doesnt_have_junctions,ENST00000331340.8,XM_047419743.1,50304922-50319048,,,,,,,,,
chr7:clu_25636,,IKZF1,human,no_unique_junctions,ENST00000331340.8,ENST00000698576.1,50304922-50319048,50304922-50319048,,,,,,,,
chr7:clu_25636,,IKZF1,human,transcript_doesnt_have_junctions,ENST00000331340.8,ENST00000641948.1,50304922-50319048,,,,,,,,,
chr7:clu_25636,,IKZF1,human,transcript_doesnt_have_junctions,ENST00000331340.8,ENST00000471793.1,50304922-50319048,,,,,,,,,
chr7:clu_25636,,IKZF1,human,transcript_doesnt_have_junctions,ENST00000331340.8,ENST00000492119.1,50304922-50319048,,,,,,,,,
chr7:clu_25636,,IKZF1,human,transcript_doesnt_have_junctions,ENST00000331340.8,ENST00000858041.1,50304922-50319048,,,,,,,,,
chr7:clu_25636,,IKZF1,human,transcript_doesnt_have_junctions,ENST00000331340.8,ENST00000858039.1,50304922-50319048,,,,,,,,,
chr7:clu_25636,,IKZF1,human,no_unique_junctions,ENST00000331340.8,ENST00000858042.1,50304922-50319048,50304922-50319048,,,,,,,,
chr7:clu_25636,,IKZF1,human,no_unique_junctions,ENST00000331340.8,ENST00000858057.1,50304922-50319048,50304922-50319048,,,,,,,,
chr7:clu_25636,,IKZF1,human,no_unique_junctions,ENST00000331340.8,ENST00000346667.8,50304922-50319048,50304922-50319048,,,,,,,,
chr7:clu_25636,,IKZF1,human,transcript_doesnt_have_junctions,ENST00000331340.8,ENST00000858064.1,50304922-50319048,,,,,,,,,
chr7:clu_25636,,IKZF1,human,transcript_doesnt_have_junctions,ENST00000331340.8,ENST00000858065.1,50304922-50319048,,,,,,,,,
chr7:clu_25636,,IKZF1,human,transcript_doesnt_have_junctions,ENST00000331340.8,ENST00000426121.1,50304922-50319048,,,,,,,,,
chr7:clu_25636,,IKZF1,human,transcript_doesnt_have_junctions,ENST00000331340.8,ENST00000698577.1,50304922-50319048,,,,,,,,,
chr7:clu_25636,1/4,IKZF1,human,transcript_not_chosen,ENST00000331340.8,ENST00000645066.1,50304922-50319048,50304114-50319048,,,,,,,,
chr7:clu_25636,1/4,IKZF1,human,transcript_not_chosen,ENST00000331340.8,ENST00000698573.1,50304922-50319048,50304114-50319048,,,,,,,,
chr7:clu_25636,1/4,IKZF1,human,transcript_not_chosen,ENST00000331340.8,ENST00000858044.1,50304922-50319048,50304114-50319048,,,,,,,,
chr7:clu_25636,1/4,IKZF1,human,transcript_not_chosen,ENST00000331340.8,ENST00000858046.1,50304922-50319048,50304114-50319048,,,,,,,,
chr7:clu_25636,1/4,IKZF1,human,transcript_not_chosen,ENST00000331340.8,ENST00000858056.1,50304922-50319048,50304114-50319048,,,,,,,,
chr7:clu_25636,1/4,IKZF1,human,transcript_not_chosen,ENST00000331340.8,XM_047419724.1,50304922-50319048,50304114-50319048,,,,,,,,
chr7:clu_25636,1/4,IKZF1,human,transcript_not_chosen,ENST00000331340.8,XM_047419728.1,50304922-50319048,50304114-50319048,,,,,,,,
chr7:clu_25636,1/4,IKZF1,human,transcript_not_chosen,ENST00000331340.8,XM_047419732.1,50304922-50319048,50304114-50319048,,,,,,,,
chr7:clu_25636,1/4,IKZF1,human,transcript_not_chosen,ENST00000331340.8,XM_047419738.1,50304922-50319048,50304114-50319048,,,,,,,,
chr7:clu_25636,1/4,IKZF1,human,transcript_not_chosen,ENST00000331340.8,XM_047419746.1,50304922-50319048,50304114-50319048,,,,,,,,
chr7:clu_25636,1/4,IKZF1,human,transcript_not_chosen,ENST00000331340.8,XM_047419750.1,50304922-50319048,50304114-50319048,,,,,,,,
chr7:clu_25636,2/4,IKZF1,human,transcript_not_chosen,ENST00000331340.8,ENST00000484847.6,50304922-50319048,50304359-50319048,,,,,,,,
chr7:clu_25636,2/4,IKZF1,human,transcript_not_chosen,ENST00000331340.8,ENST00000642219.2,50304922-50319048,50304359-50319048,,,,,,,,
chr7:clu_25636,2/4,IKZF1,human,transcript_not_chosen,ENST00000331340.8,ENST00000858040.1,50304922-50319048,50304359-50319048,,,,,,,,
chr7:clu_25636,2/4,IKZF1,human,transcript_not_chosen,ENST00000331340.8,ENST00000858045.1,50304922-50319048,50304359-50319048,,,,,,,,
chr7:clu_25636,2/4,IKZF1,human,transcript_not_chosen,ENST00000331340.8,ENST00000858047.1,50304922-50319048,50304359-50319048,,,,,,,,
chr7:clu_25636,2/4,IKZF1,human,transcript_not_chosen,ENST00000331340.8,ENST00000858053.1,50304922-50319048,50304359-50319048,,,,,,,,
chr7:clu_25636,2/4,IKZF1,human,transcript_not_chosen,ENST00000331340.8,ENST00000858054.1,50304922-50319048,50304359-50319048,,,,,,,,
chr7:clu_25636,2/4,IKZF1,human,transcript_not_chosen,ENST00000331340.8,ENST00000971279.1,50304922-50319048,50304359-50319048,,,,,,,,
chr7:clu_25636,2/4,IKZF1,human,transcript_not_chosen,ENST00000331340.8,ENST00000971280.1,50304922-50319048,50304359-50319048,,,,,,,,
chr7:clu_25636,2/4,IKZF1,human,transcript_not_chosen,ENST00000331340.8,XM_047419735.1,50304922-50319048,50304359-50319048,,,,,,,,
chr7:clu_25636,2/4,IKZF1,human,transcript_not_chosen,ENST00000331340.8,XM_047419744.1,50304922-50319048,50304359-50319048,,,,,,,,
chr7:clu_25636,3/4,IKZF1,human,transcript_not_chosen,ENST00000331340.8,ENST00000858049.1,50304922-50319048,50304530-50319048,,,,,,,,
chr7:clu_25636,3/4,IKZF1,human,transcript_not_chosen,ENST00000331340.8,ENST00000858055.1,50304922-50319048,50304530-50319048,,,,,,,,
chr7:clu_25636,3/4,IKZF1,human,transcript_not_chosen,ENST00000331340.8,ENST00000858060.1,50304922-50319048,50304530-50319048,,,,,,,,
chr7:clu_25636,3/4,IKZF1,human,transcript_not_chosen,ENST00000331340.8,XM_047419729.1,50304922-50319048,50304530-50319048,,,,,,,,
chr7:clu_25636,3/4,IKZF1,human,transcript_not_chosen,ENST00000331340.8,XM_047419736.1,50304922-50319048,50304530-50319048,,,,,,,,
chr7:clu_25636,3/4,IKZF1,human,transcript_not_chosen,ENST00000331340.8,XM_047419747.1,50304922-50319048,50304530-50319048,,,,,,,,
chr7:clu_25636,4/4,IKZF1,human,transcript_not_chosen,ENST00000331340.8,ENST00000438033.5,50304922-50319048,50308906-50319048,,,,,,,,
chr7:clu_25636,4/4,IKZF1,human,transcript_not_chosen,ENST00000331340.8,ENST00000439701.2,50304922-50319048,50308906-50319048,,,,,,,,
chr7:clu_25636,4/4,IKZF1,human,transcript_not_chosen,ENST00000331340.8,ENST00000462201.1,50304922-50319048,50308906-50319048,,,,,,,,
chr7:clu_25636,4/4,IKZF1,human,transcript_not_chosen,ENST00000331340.8,ENST00000492782.6,50304922-50319048,50308906-50319048,,,,,,,,
chr7:clu_25636,4/4,IKZF1,human,transcript_not_chosen,ENST00000331340.8,ENST00000858061.1,50304922-50319048,50308906-50319048,,,,,,,,
chr7:clu_25636,4/4,IKZF1,human,transcript_not_chosen,ENST00000331340.8,ENST00000858062.1,50304922-50319048,50308906-50319048,,,,,,,,
chr7:clu_25636,4/4,IKZF1,human,transcript_not_chosen,ENST00000331340.8,ENST00000858063.1,50304922-50319048,50308906-50319048,,,,,,,,
chr16:clu_14446:CORO7,,CORO7,human,no_unique_junctions,ENST00000251166.9,ENST00000574025.5,4361469-4361985,4361469-4361985,,,,,,,,
chr16:clu_14446:CORO7,,CORO7,human,no_unique_junctions,ENST00000251166.9,ENST00000537233.6,4361469-4361985,4361469-4361985,,,,,,,,
chr16:clu_14446:CORO7,,CORO7,human,no_unique_junctions,ENST00000251166.9,NM_001351729.2,4361469-4361985,4361469-4361985,,,,,,,,
chr16:clu_14446:CORO7,,CORO7,human,no_unique_junctions,ENST00000251166.9,ENST00000575531.5,4361469-4361985,4361469-4361985,,,,,,,,
chr16:clu_14446:CORO7,,CORO7,human,no_unique_junctions,ENST00000251166.9,ENST00000575714.5,4361469-4361985,4361469-4361985,,,,,,,,
chr16:clu_14446:CORO7,,CORO7,human,transcript_doesnt_have_junctions,ENST00000251166.9,ENST00000574849.1,4361469-4361985,,,,,,,,,
chr16:clu_14446:CORO7,,CORO7,human,transcript_doesnt_have_junctions,ENST00000251166.9,ENST00000572666.5,4361469-4361985,,,,,,,,,
chr16:clu_14446:CORO7,,CORO7,human,transcript_doesnt_have_junctions,ENST00000251166.9,ENST00000572125.1,4361469-4361985,,,,,,,,,
chr16:clu_14446:CORO7,,CORO7,human,transcript_doesnt_have_junctions,ENST00000251166.9,ENST00000573773.5,4361469-4361985,,,,,,,,,
chr16:clu_14446:CORO7,,CORO7,human,transcript_doesnt_have_junctions,ENST00000251166.9,ENST00000573245.1,4361469-4361985,,,,,,,,,
chr16:clu_14446:CORO7,,CORO7,human,no_unique_junctions,ENST00000251166.9,ENST00000898827.1,4361469-4361985,4361469-4361985,,,,,,,,
chr16:clu_14446:CORO7,,CORO7,human,no_unique_junctions,ENST00000251166.9,ENST00000898828.1,4361469-4361985,4361469-4361985,,,,,,,,
chr16:clu_14446:CORO7,,CORO7,human,no_unique_junctions,ENST00000251166.9,ENST00000571227.5,4361469-4361985,4361469-4361985,,,,,,,,
chr16:clu_14446:CORO7,,CORO7,human,no_unique_junctions,ENST00000251166.9,ENST00000898829.1,4361469-4361985,4361469-4361985,,,,,,,,
chr16:clu_14446:CORO7,,CORO7,human,transcript_doesnt_have_junctions,ENST00000251166.9,ENST00000576637.1,4361469-4361985,,,,,,,,,
chr16:clu_14446:CORO7,,CORO7,human,transcript_doesnt_have_junctions,ENST00000251166.9,ENST00000570779.1,4361469-4361985,,,,,,,,,
chr16:clu_14446:CORO7,,CORO7,human,no_unique_junctions,ENST00000251166.9,ENST00000576437.5,4361469-4361985,4361469-4361985,,,,,,,,
chr16:clu_14446:CORO7,,CORO7,human,transcript_doesnt_have_junctions,ENST00000251166.9,ENST00000571756.5,4361469-4361985,,,,,,,,,
chr16:clu_14446:CORO7,,CORO7,human,transcript_doesnt_have_junctions,ENST00000251166.9,ENST00000572549.5,4361469-4361985,,,,,,,,,
chr16:clu_14446:CORO7,,CORO7,human,transcript_doesnt_have_junctions,ENST00000251166.9,ENST00000572044.1,4361469-4361985,,,,,,,,,
chr16:clu_14446:CORO7,,CORO7,human,transcript_doesnt_have_junctions,ENST00000251166.9,ENST00000571059.5,4361469-4361985,,,,,,,,,
chr16:clu_14446:CORO7,,CORO7,human,transcript_doesnt_have_junctions,ENST00000251166.9,ENST00000571052.5,4361469-4361985,,,,,,,,,
chr16:clu_14446:CORO7,,CORO7,human,transcript_doesnt_have_junctions,ENST00000251166.9,ENST00000575038.5,4361469-4361985,,,,,,,,,
chr16:clu_14446:CORO7,,CORO7,human,transcript_doesnt_have_junctions,ENST00000251166.9,ENST00000570645.5,4361469-4361985,,,,,,,,,
chr16:clu_14446:CORO7,,CORO7,human,transcript_doesnt_have_junctions,ENST00000251166.9,ENST00000570928.5,4361469-4361985,,,,,,,,,
chr16:clu_14446:CORO7,,CORO7,human,transcript_doesnt_have_junctions,ENST00000251166.9,ENST00000575850.5,4361469-4361985,,,,,,,,,
chr16:clu_14446:CORO7,,CORO7,human,transcript_doesnt_have_junctions,ENST00000251166.9,ENST00000572153.5,4361469-4361985,,,,,,,,,
chr16:clu_14446:CORO7,,CORO7,human,transcript_doesnt_have_junctions,ENST00000251166.9,ENST00000572898.1,4361469-4361985,,,,,,,,,
chr16:clu_14446:CORO7,,CORO7,human,transcript_doesnt_have_junctions,ENST00000251166.9,ENST00000576051.5,4361469-4361985,,,,,,,,,
chr16:clu_14446:CORO7,,CORO7,human,transcript_doesnt_have_junctions,ENST00000251166.9,ENST00000573165.1,4361469-4361985,,,,,,,,,
chr16:clu_14446:CORO7,,CORO7,human,transcript_doesnt_have_junctions,ENST00000251166.9,ENST00000576457.5,4361469-4361985,,,,,,,,,
chr16:clu_14446:CORO7,,CORO7,human,transcript_doesnt_have_junctions,ENST00000251166.9,ENST00000577144.5,4361469-4361985,,,,,,,,,
chr16:clu_14446:CORO7,,CORO7,human,transcript_doesnt_have_junctions,ENST00000251166.9,ENST00000572026.5,4361469-4361985,,,,,,,,,
chr16:clu_14446:CORO7,,CORO7,human,transcript_doesnt_have_junctions,ENST00000251166.9,ENST00000572518.1,4361469-4361985,,,,,,,,,
chr16:clu_14446:CORO7,,CORO7,human,transcript_doesnt_have_junctions,ENST00000251166.9,ENST00000572140.1,4361469-4361985,,,,,,,,,
chr2:clu_1383,,CLK1,human,novel_junction,ENST00000321356.9,,200856985-200857718;200857884-200857973,200856985-200857973,,,,,,,,
chr2:clu_1383,,CLK1,human,no_unique_junctions,ENST00000321356.9,ENST00000434813.3,200856985-200857718;200857884-200857973,200856985-200857718;200857884-200857973,,,,,,,,
chr2:clu_1383,,CLK1,human,no_unique_junctions,ENST00000321356.9,ENST00000461981.5,200856985-200857718;200857884-200857973,200857884-200857973,,,,,,,,
chr2:clu_1383,,CLK1,human,transcript_doesnt_have_junctions,ENST00000321356.9,ENST00000464454.1,200856985-200857718;200857884-200857973,,,,,,,,,
chr2:clu_1383,,CLK1,human,no_unique_junctions,ENST00000321356.9,ENST00000473565.5,200856985-200857718;200857884-200857973,200856985-200857718;200857884-200857973,,,,,,,,
chr2:clu_1383,,CLK1,human,transcript_doesnt_have_junctions,ENST00000321356.9,ENST00000472679.1,200856985-200857718;200857884-200857973,,,,,,,,,
chr2:clu_1383,,CLK1,human,transcript_doesnt_have_junctions,ENST00000321356.9,ENST00000461326.1,200856985-200857718;200857884-200857973,,,,,,,,,
chr2:clu_1383,,CLK1,human,transcript_doesnt_have_junctions,ENST00000321356.9,ENST00000496205.1,200856985-200857718;200857884-200857973,,,,,,,,,
chr2:clu_1383,,CLK1,human,transcript_doesnt_have_junctions,ENST00000321356.9,ENST00000481641.1,200856985-200857718;200857884-200857973,,,,,,,,,
chr2:clu_1383,,CLK1,human,transcript_doesnt_have_junctions,ENST00000321356.9,ENST00000482590.1,200856985-200857718;200857884-200857973,,,,,,,,,
chr2:clu_1383,,CLK1,human,no_unique_junctions,ENST00000321356.9,ENST00000432425.5,200856985-200857718;200857884-200857973,200856985-200857718;200857884-200857973,,,,,,,,
chr2:clu_1383,,CLK1,human,no_unique_junctions,ENST00000321356.9,ENST00000851934.1,200856985-200857718;200857884-200857973,200857884-200857973,,,,,,,,
chr2:clu_1383,,CLK1,human,no_unique_junctions,ENST00000321356.9,ENST00000948484.1,200856985-200857718;200857884-200857973,200856985-200857718;200857884-200857973,,,,,,,,
chr2:clu_1383,,CLK1,human,no_unique_junctions,ENST00000321356.9,ENST00000851932.1,200856985-200857718;200857884-200857973,200857884-200857973,,,,,,,,
chr2:clu_1383,,CLK1,human,no_unique_junctions,ENST00000321356.9,ENST00000851933.1,200856985-200857718;200857884-200857973,200856985-200857718;200857884-200857973,,,,,,,,
chr2:clu_1383,,CLK1,human,no_unique_junctions,ENST00000321356.9,ENST00000409769.6,200856985-200857718;200857884-200857973,200856985-200857718;200857884-200857973,,,,,,,,
chr2:clu_1383,,CLK1,human,no_unique_junctions,ENST00000321356.9,ENST00000409403.6,200856985-200857718;200857884-200857973,200856985-200857718;200857884-200857973,,,,,,,,
chr2:clu_1383,,CLK1,human,transcript_doesnt_have_junctions,ENST00000321356.9,ENST00000492793.1,200856985-200857718;200857884-200857973,,,,,,,,,
chr2:clu_1383,,CLK1,human,all_known_junctions_are_canonical,ENST00000321356.9,,200856985-200857718;200857884-200857973,,,,,,,,,
chr6:clu_21702,,SRSF3,human,transcript_doesnt_have_junctions,ENST00000373715.11,ENST00000620242.1,36598983-36601152,,,,,,,,,
chr6:clu_21702,,SRSF3,human,transcript_doesnt_have_junctions,ENST00000373715.11,ENST00000620389.1,36598983-36601152,,,,,,,,,
chr6:clu_21702,,SRSF3,human,transcript_doesnt_have_junctions,ENST00000373715.11,ENST00000614136.1,36598983-36601152,,,,,,,,,
chr6:clu_21702,,SRSF3,human,no_unique_junctions,ENST00000373715.11,ENST00000930976.1,36598983-36601152,36598983-36601152,,,,,,,,
chr6:clu_21702,,SRSF3,human,no_unique_junctions,ENST00000373715.11,ENST00000855355.1,36598983-36601152,36598983-36601152,,,,,,,,
chr6:clu_21702,,SRSF3,human,no_unique_junctions,ENST00000373715.11,ENST00000930977.1,36598983-36601152,36598983-36601152,,,,,,,,
chr6:clu_21702,,SRSF3,human,no_unique_junctions,ENST00000373715.11,ENST00000930979.1,36598983-36601152,36598983-36601152,,,,,,,,
chr6:clu_21702,,SRSF3,human,transcript_doesnt_have_junctions,ENST00000373715.11,ENST00000930978.1,36598983-36601152,,,,,,,,,
chr6:clu_21702,,SRSF3,human,no_unique_junctions,ENST00000373715.11,ENST00000855356.1,36598983-36601152,36598983-36601152,,,,,,,,
chr6:clu_21702,,SRSF3,human,transcript_doesnt_have_junctions,ENST00000373715.11,ENST00000930985.1,36598983-36601152,,,,,,,,,
chr6:clu_21702,,SRSF3,human,no_unique_junctions,ENST00000373715.11,ENST00000930984.1,36598983-36601152,36598983-36601152,,,,,,,,
chr6:clu_21702,,SRSF3,human,transcript_doesnt_have_junctions,ENST00000373715.11,ENST00000930983.1,36598983-36601152,,,,,,,,,
chr6:clu_21702,,SRSF3,human,transcript_doesnt_have_junctions,ENST00000373715.11,ENST00000930982.1,36598983-36601152,,,,,,,,,
chr6:clu_21702,,SRSF3,human,no_unique_junctions,ENST00000373715.11,ENST00000930981.1,36598983-36601152,36598983-36601152,,,,,,,,
chr6:clu_21702,,SRSF3,human,transcript_doesnt_have_junctions,ENST00000373715.11,ENST00000930980.1,36598983-36601152,,,,,,,,,
chr6:clu_21702,,SRSF3,human,no_unique_junctions,ENST00000373715.11,ENST00000620941.2,36598983-36601152,36598983-36601152,,,,,,,,
chr6:clu_21702,,SRSF3,human,subsumed_by_larger_group,ENST00000373715.11,ENST00000339436.11,36598983-36601152,36598983-36599821,,,,,,,,
chr6:clu_21702,,SRSF3,human,subsumed_by_larger_group,ENST00000373715.11,ENST00000613941.4,36598983-36601152,36598983-36599821,,,,,,,,
chr3:clu_11060,,SELENOT,human,transcript_doesnt_have_junctions,ENST00000471696.6,ENST00000466234.1,150603499-150622385,,,,,,,,,
chr3:clu_11060,,SELENOT,human,transcript_doesnt_have_junctions,ENST00000471696.6,ENST00000480740.5,150603499-150622385,,,,,,,,,
chr3:clu_11060,,SELENOT,human,transcript_doesnt_have_junctions,ENST00000471696.6,ENST00000485923.1,150603499-150622385,,,,,,,,,
chr3:clu_11060,,SELENOT,human,subsumed_by_larger_group,ENST00000471696.6,ENST00000492132.1,150603499-150622385,150603499-150618709,,,,,,,,
chr20:clu_23995:RBM12,,RBM12,human,novel_junction,ENST00000374114.8,,35659014-35664760,35632923-35655202,,,,,,,,
chr20:clu_23995:RBM12,,RBM12,human,novel_junction,ENST00000374114.8,,35659014-35664760,35632923-35664760,,,,,,,,
chr20:clu_23995:RBM12,,RBM12,human,novel_junction,ENST00000374114.8,,35659014-35664760,35632923-35664802,,,,,,,,
chr20:clu_23995:RBM12,,RBM12,human,transcript_doesnt_have_junctions,ENST00000374114.8,ENST00000922106.1,35659014-35664760,,,,,,,,,
chr20:clu_23995:RBM12,,RBM12,human,transcript_doesnt_have_junctions,ENST00000374114.8,ENST00000359646.1,35659014-35664760,,,,,,,,,
chr20:clu_23995:RBM12,,RBM12,human,transcript_doesnt_have_junctions,ENST00000374114.8,ENST00000922107.1,35659014-35664760,,,,,,,,,
chr20:clu_23995:RBM12,,RBM12,human,transcript_doesnt_have_junctions,ENST00000374114.8,ENST00000424458.5,35659014-35664760,,,,,,,,,
chr20:clu_23995:RBM12,,RBM12,human,transcript_doesnt_have_junctions,ENST00000374114.8,ENST00000431148.1,35659014-35664760,,,,,,,,,
chr20:clu_23995:RBM12,,RBM12,human,transcript_doesnt_have_junctions,ENST00000374114.8,ENST00000435161.1,35659014-35664760,,,,,,,,,
chr16:clu_14969,,ADCY7,human,transcript_doesnt_have_junctions,ENST00000673801.1,XM_047433551.1,50266680-50287912,,,,,,,,,
chr16:clu_14969,,ADCY7,human,transcript_doesnt_have_junctions,ENST00000673801.1,XM_047433560.1,50266680-50287912,,,,,,,,,
chr16:clu_14969,,ADCY7,human,transcript_doesnt_have_junctions,ENST00000673801.1,XM_047433552.1,50266680-50287912,,,,,,,,,
chr16:clu_14969,,ADCY7,human,transcript_doesnt_have_junctions,ENST00000673801.1,XM_047433563.1,50266680-50287912,,,,,,,,,
chr16:clu_14969,,ADCY7,human,transcript_doesnt_have_junctions,ENST00000673801.1,ENST00000254235.7,50266680-50287912,,,,,,,,,
chr16:clu_14969,,ADCY7,human,transcript_doesnt_have_junctions,ENST00000673801.1,XM_011522842.3,50266680-50287912,,,,,,,,,
chr16:clu_14969,,ADCY7,human,transcript_doesnt_have_junctions,ENST00000673801.1,XM_047433557.1,50266680-50287912,,,,,,,,,
chr16:clu_14969,,ADCY7,human,no_unique_junctions,ENST00000673801.1,XM_011522836.3,50266680-50287912,50266680-50287912,,,,,,,,
chr16:clu_14969,,ADCY7,human,transcript_doesnt_have_junctions,ENST00000673801.1,XM_047433550.1,50266680-50287912,,,,,,,,,
chr16:clu_14969,,ADCY7,human,transcript_doesnt_have_junctions,ENST00000673801.1,XM_047433559.1,50266680-50287912,,,,,,,,,
chr16:clu_14969,,ADCY7,human,transcript_doesnt_have_junctions,ENST00000673801.1,XM_047433567.1,50266680-50287912,,,,,,,,,
chr16:clu_14969,,ADCY7,human,no_unique_junctions,ENST00000673801.1,XM_017022898.2,50266680-50287912,50266680-50287912,,,,,,,,
chr16:clu_14969,,ADCY7,human,transcript_doesnt_have_junctions,ENST00000673801.1,XM_047433569.1,50266680-50287912,,,,,,,,,
chr16:clu_14969,,ADCY7,human,transcript_doesnt_have_junctions,ENST00000673801.1,XM_047433561.1,50266680-50287912,,,,,,,,,
chr16:clu_14969,,ADCY7,human,transcript_doesnt_have_junctions,ENST00000673801.1,XM_011522839.3,50266680-50287912,,,,,,,,,
chr16:clu_14969,,ADCY7,human,transcript_doesnt_have_junctions,ENST00000673801.1,XM_047433558.1,50266680-50287912,,,,,,,,,
chr16:clu_14969,,ADCY7,human,transcript_doesnt_have_junctions,ENST00000673801.1,XM_017022896.1,50266680-50287912,,,,,,,,,
chr16:clu_14969,,ADCY7,human,transcript_doesnt_have_junctions,ENST00000673801.1,XM_047433564.1,50266680-50287912,,,,,,,,,
chr16:clu_14969,,ADCY7,human,transcript_doesnt_have_junctions,ENST00000673801.1,XM_047433566.1,50266680-50287912,,,,,,,,,
chr16:clu_14969,,ADCY7,human,transcript_doesnt_have_junctions,ENST00000673801.1,XM_047433553.1,50266680-50287912,,,,,,,,,
chr16:clu_14969,,ADCY7,human,transcript_doesnt_have_junctions,ENST00000673801.1,ENST00000570187.1,50266680-50287912,,,,,,,,,
chr16:clu_14969,,ADCY7,human,transcript_doesnt_have_junctions,ENST00000673801.1,ENST00000568930.1,50266680-50287912,,,,,,,,,
chr16:clu_14969,,ADCY7,human,transcript_doesnt_have_junctions,ENST00000673801.1,ENST00000564044.5,50266680-50287912,,,,,,,,,
chr16:clu_14969,,ADCY7,human,transcript_doesnt_have_junctions,ENST00000673801.1,ENST00000566761.2,50266680-50287912,,,,,,,,,
chr16:clu_14969,,ADCY7,human,transcript_doesnt_have_junctions,ENST00000673801.1,ENST00000537579.5,50266680-50287912,,,,,,,,,
chr16:clu_14969,,ADCY7,human,transcript_doesnt_have_junctions,ENST00000673801.1,ENST00000567277.6,50266680-50287912,,,,,,,,,
chr16:clu_14969,,ADCY7,human,transcript_doesnt_have_junctions,ENST00000673801.1,ENST00000568933.1,50266680-50287912,,,,,,,,,
chr16:clu_14969,,ADCY7,human,transcript_doesnt_have_junctions,ENST00000673801.1,ENST00000563677.1,50266680-50287912,,,,,,,,,
chr16:clu_14969,,ADCY7,human,transcript_doesnt_have_junctions,ENST00000673801.1,ENST00000568731.1,50266680-50287912,,,,,,,,,
chr16:clu_14969,1/4,ADCY7,human,transcript_not_chosen,ENST00000673801.1,ENST00000564965.5,50266680-50287912,50246203-50287912,,,,,,,,
chr16:clu_14969,1/4,ADCY7,human,transcript_not_chosen,ENST00000673801.1,XM_047433568.1,50266680-50287912,50246203-50287912,,,,,,,,
chr16:clu_14969,2/4,ADCY7,human,transcript_not_chosen,ENST00000673801.1,ENST00000566433.6,50266680-50287912,50266587-50287912,,,,,,,,
chr16:clu_14969,2/4,ADCY7,human,transcript_not_chosen,ENST00000673801.1,XM_011522840.4,50266680-50287912,50266587-50287912,,,,,,,,
chr16:clu_14969,3/4,ADCY7,human,transcript_not_chosen,ENST00000673801.1,ENST00000673973.1,50266680-50287912,50274198-50287912,,,,,,,,
chr16:clu_14969,3/4,ADCY7,human,transcript_not_chosen,ENST00000673801.1,XM_011522835.3,50266680-50287912,50274198-50287912,,,,,,,,
chr16:clu_14969,3/4,ADCY7,human,transcript_not_chosen,ENST00000673801.1,XM_047433565.1,50266680-50287912,50274198-50287912,,,,,,,,
chr16:clu_14969,3/4,ADCY7,human,transcript_not_chosen,ENST00000673801.1,XM_047433570.1,50266680-50287912,50274198-50287912,,,,,,,,
chr16:clu_14969,3/4,ADCY7,human,transcript_not_chosen,ENST00000673801.1,XM_047433571.1,50266680-50287912,50274198-50287912,,,,,,,,
chr16:clu_14969,4/4,ADCY7,human,transcript_not_chosen,ENST00000673801.1,ENST00000569265.1,50266680-50287912,50279704-50287912,,,,,,,,
chr16:clu_14969,4/4,ADCY7,human,transcript_not_chosen,ENST00000673801.1,XM_011522838.3,50266680-50287912,50279704-50287912,,,,,,,,
chr16:clu_14818:ALDOA,,ALDOA,human,no_canonical_junctions,ENST00000642816.3,,,,,,,,,,,
chr7:clu_25637,,IKZF1,human,no_unique_junctions,ENST00000331340.8,XM_011515061.4,50327757-50376533;50376793-50382540,50327757-50376533;50376793-50382540,,,,,,,,
chr7:clu_25637,,IKZF1,human,no_unique_junctions,ENST00000331340.8,XM_047419723.1,50327757-50376533;50376793-50382540,50327757-50376533;50376793-50382540,,,,,,,,
chr7:clu_25637,,IKZF1,human,no_unique_junctions,ENST00000331340.8,XM_011515070.3,50327757-50376533;50376793-50382540,50327757-50376533;50376793-50382540,,,,,,,,
chr7:clu_25637,,IKZF1,human,no_unique_junctions,ENST00000331340.8,XM_047419731.1,50327757-50376533;50376793-50382540,50327757-50376533;50376793-50382540,,,,,,,,
chr7:clu_25637,,IKZF1,human,no_unique_junctions,ENST00000331340.8,ENST00000858049.1,50327757-50376533;50376793-50382540,50327757-50376533;50376793-50382540,,,,,,,,
chr7:clu_25637,,IKZF1,human,no_unique_junctions,ENST00000331340.8,XM_047419729.1,50327757-50376533;50376793-50382540,50327757-50376533;50376793-50382540,,,,,,,,
chr7:clu_25637,,IKZF1,human,no_unique_junctions,ENST00000331340.8,ENST00000971279.1,50327757-50376533;50376793-50382540,50327757-50376533;50376793-50382540,,,,,,,,
chr7:clu_25637,,IKZF1,human,no_unique_junctions,ENST00000331340.8,XM_047419736.1,50327757-50376533;50376793-50382540,50327757-50376533;50376793-50382540,,,,,,,,
chr7:clu_25637,,IKZF1,human,no_unique_junctions,ENST00000331340.8,XM_047419735.1,50327757-50376533;50376793-50382540,50327757-50376533;50376793-50382540,,,,,,,,
chr7:clu_25637,,IKZF1,human,no_unique_junctions,ENST00000331340.8,ENST00000858044.1,50327757-50376533;50376793-50382540,50327757-50376533;50376793-50382540,,,,,,,,
chr7:clu_25637,,IKZF1,human,no_unique_junctions,ENST00000331340.8,XM_047419728.1,50327757-50376533;50376793-50382540,50327757-50376533;50376793-50382540,,,,,,,,
chr7:clu_25637,,IKZF1,human,no_unique_junctions,ENST00000331340.8,ENST00000858056.1,50327757-50376533;50376793-50382540,50327757-50376533;50376793-50382540,,,,,,,,
chr7:clu_25637,,IKZF1,human,no_unique_junctions,ENST00000331340.8,XM_047419738.1,50327757-50376533;50376793-50382540,50327757-50376533;50376793-50382540,,,,,,,,
chr7:clu_25637,,IKZF1,human,no_unique_junctions,ENST00000331340.8,ENST00000359197.9,50327757-50376533;50376793-50382540,50327757-50376533;50376793-50382540,,,,,,,,
chr7:clu_25637,,IKZF1,human,no_unique_junctions,ENST00000331340.8,ENST00000439701.2,50327757-50376533;50376793-50382540,50327757-50376533;50376793-50382540,,,,,,,,
chr7:clu_25637,,IKZF1,human,no_unique_junctions,ENST00000331340.8,ENST00000858047.1,50327757-50376533;50376793-50382540,50327757-50376533;50376793-50382540,,,,,,,,
chr7:clu_25637,,IKZF1,human,no_unique_junctions,ENST00000331340.8,ENST00000698575.1,50327757-50376533;50376793-50382540,50327757-50376533,,,,,,,,
chr7:clu_25637,,IKZF1,human,transcript_doesnt_have_junctions,ENST00000331340.8,NM_001291841.1,50327757-50376533;50376793-50382540,,,,,,,,,
chr7:clu_25637,,IKZF1,human,transcript_doesnt_have_junctions,ENST00000331340.8,ENST00000615491.4,50327757-50376533;50376793-50382540,,,,,,,,,
chr7:clu_25637,,IKZF1,human,transcript_doesnt_have_junctions,ENST00000331340.8,NM_001291842.1,50327757-50376533;50376793-50382540,,,,,,,,,
chr7:clu_25637,,IKZF1,human,transcript_doesnt_have_junctions,ENST00000331340.8,ENST00000858061.1,50327757-50376533;50376793-50382540,,,,,,,,,
chr7:clu_25637,,IKZF1,human,transcript_doesnt_have_junctions,ENST00000331340.8,NM_001291844.1,50327757-50376533;50376793-50382540,,,,,,,,,
chr7:clu_25637,,IKZF1,human,transcript_doesnt_have_junctions,ENST00000331340.8,NM_001291840.1,50327757-50376533;50376793-50382540,,,,,,,,,
chr7:clu_25637,,IKZF1,human,no_unique_junctions,ENST00000331340.8,XM_047419743.1,50327757-50376533;50376793-50382540,50376793-50382540,,,,,,,,
chr7:clu_25637,,IKZF1,human,transcript_doesnt_have_junctions,ENST00000331340.8,ENST00000484847.6,50327757-50376533;50376793-50382540,,,,,,,,,
chr7:clu_25637,,IKZF1,human,transcript_doesnt_have_junctions,ENST00000331340.8,ENST00000698576.1,50327757-50376533;50376793-50382540,,,,,,,,,
chr7:clu_25637,,IKZF1,human,no_unique_junctions,ENST00000331340.8,ENST00000462201.1,50327757-50376533;50376793-50382540,50327757-50376533,,,,,,,,
chr7:clu_25637,,IKZF1,human,transcript_doesnt_have_junctions,ENST00000331340.8,ENST00000641948.1,50327757-50376533;50376793-50382540,,,,,,,,,
chr7:clu_25637,,IKZF1,human,no_unique_junctions,ENST00000331340.8,ENST00000471793.1,50327757-50376533;50376793-50382540,50327757-50376533;50376793-50382540,,,,,,,,
chr7:clu_25637,,IKZF1,human,no_unique_junctions,ENST00000331340.8,ENST00000858040.1,50327757-50376533;50376793-50382540,50327757-50376533;50376793-50382540,,,,,,,,
chr7:clu_25637,,IKZF1,human,no_unique_junctions,ENST00000331340.8,ENST00000858057.1,50327757-50376533;50376793-50382540,50327757-50376533;50376793-50382540,,,,,,,,
chr7:clu_25637,,IKZF1,human,transcript_doesnt_have_junctions,ENST00000331340.8,ENST00000346667.8,50327757-50376533;50376793-50382540,,,,,,,,,
chr7:clu_25637,,IKZF1,human,no_unique_junctions,ENST00000331340.8,ENST00000858062.1,50327757-50376533;50376793-50382540,50327757-50376533;50376793-50382540,,,,,,,,
chr7:clu_25637,,IKZF1,human,no_unique_junctions,ENST00000331340.8,ENST00000858064.1,50327757-50376533;50376793-50382540,50327757-50376533;50376793-50382540,,,,,,,,
chr7:clu_25637,,IKZF1,human,transcript_doesnt_have_junctions,ENST00000331340.8,ENST00000426121.1,50327757-50376533;50376793-50382540,,,,,,,,,
chr7:clu_25637,,IKZF1,human,transcript_doesnt_have_junctions,ENST00000331340.8,ENST00000698577.1,50327757-50376533;50376793-50382540,,,,,,,,,
chr7:clu_25637,,IKZF1,human,subsumed_by_larger_group,ENST00000331340.8,ENST00000413698.5,50327757-50376533;50376793-50382540,50327757-50368006,,,,,,,,
chr7:clu_25637,,IKZF1,human,subsumed_by_larger_group,ENST00000331340.8,ENST00000971280.1,50327757-50376533;50376793-50382540,50327757-50368006,,,,,,,,
chr7:clu_25637,,IKZF1,human,subsumed_by_larger_group,ENST00000331340.8,XM_047419741.1,50327757-50376533;50376793-50382540,50368065-50376533;50376793-50382540,,,,,,,,
chr7:clu_25637,,IKZF1,human,subsumed_by_larger_group,ENST00000331340.8,XM_047419742.1,50327757-50376533;50376793-50382540,50368065-50376533;50376793-50382540,,,,,,,,
chr7:clu_25637,,IKZF1,human,subsumed_by_larger_group,ENST00000331340.8,ENST00000492119.1,50327757-50376533;50376793-50382540,50368065-50369522,,,,,,,,
chr7:clu_25637,1/4,IKZF1,human,transcript_not_chosen,ENST00000331340.8,ENST00000492782.6,50327757-50376533;50376793-50382540,50327757-50368006;50368065-50369522,,,,,,,,
chr7:clu_25637,2/4,IKZF1,human,transcript_not_chosen,ENST00000331340.8,ENST00000698574.1,50327757-50376533;50376793-50382540,50327757-50368006;50368065-50376533;50376793-50382540,,,,,,,,
chr7:clu_25637,2/4,IKZF1,human,transcript_not_chosen,ENST00000331340.8,ENST00000858048.1,50327757-50376533;50376793-50382540,50327757-50368006;50368065-50376533;50376793-50382540,,,,,,,,
chr7:clu_25637,2/4,IKZF1,human,transcript_not_chosen,ENST00000331340.8,ENST00000858050.1,50327757-50376533;50376793-50382540,50327757-50368006;50368065-50376533;50376793-50382540,,,,,,,,
chr7:clu_25637,2/4,IKZF1,human,transcript_not_chosen,ENST00000331340.8,ENST00000858051.1,50327757-50376533;50376793-50382540,50327757-50368006;50368065-50376533;50376793-50382540,,,,,,,,
chr7:clu_25637,2/4,IKZF1,human,transcript_not_chosen,ENST00000331340.8,ENST00000858052.1,50327757-50376533;50376793-50382540,50327757-50368006;50368065-50376533;50376793-50382540,,,,,,,,
chr7:clu_25637,2/4,IKZF1,human,transcript_not_chosen,ENST00000331340.8,ENST00000858065.1,50327757-50376533;50376793-50382540,50327757-50368006;50368065-50376533;50376793-50382540,,,,,,,,
chr7:clu_25637,2/4,IKZF1,human,transcript_not_chosen,ENST00000331340.8,XM_011515059.4,50327757-50376533;50376793-50382540,50327757-50368006;50368065-50376533;50376793-50382540,,,,,,,,
chr7:clu_25637,2/4,IKZF1,human,transcript_not_chosen,ENST00000331340.8,XM_011515060.3,50327757-50376533;50376793-50382540,50327757-50368006;50368065-50376533;50376793-50382540,,,,,,,,
chr7:clu_25637,2/4,IKZF1,human,transcript_not_chosen,ENST00000331340.8,XM_011515064.4,50327757-50376533;50376793-50382540,50327757-50368006;50368065-50376533;50376793-50382540,,,,,,,,
chr7:clu_25637,2/4,IKZF1,human,transcript_not_chosen,ENST00000331340.8,XM_011515067.4,50327757-50376533;50376793-50382540,50327757-50368006;50368065-50376533;50376793-50382540,,,,,,,,
chr7:clu_25637,2/4,IKZF1,human,transcript_not_chosen,ENST00000331340.8,XM_047419724.1,50327757-50376533;50376793-50382540,50327757-50368006;50368065-50376533;50376793-50382540,,,,,,,,
chr7:clu_25637,2/4,IKZF1,human,transcript_not_chosen,ENST00000331340.8,XM_047419727.1,50327757-50376533;50376793-50382540,50327757-50368006;50368065-50376533;50376793-50382540,,,,,,,,
chr7:clu_25637,2/4,IKZF1,human,transcript_not_chosen,ENST00000331340.8,XM_047419732.1,50327757-50376533;50376793-50382540,50327757-50368006;50368065-50376533;50376793-50382540,,,,,,,,
chr7:clu_25637,3/4,IKZF1,human,transcript_not_chosen,ENST00000331340.8,ENST00000642219.2,50327757-50376533;50376793-50382540,50327757-50368006;50368065-50382540,,,,,,,,
chr7:clu_25637,3/4,IKZF1,human,transcript_not_chosen,ENST00000331340.8,ENST00000858059.1,50327757-50376533;50376793-50382540,50327757-50368006;50368065-50382540,,,,,,,,
chr7:clu_25637,3/4,IKZF1,human,transcript_not_chosen,ENST00000331340.8,ENST00000858060.1,50327757-50376533;50376793-50382540,50327757-50368006;50368065-50382540,,,,,,,,
chr7:clu_25637,3/4,IKZF1,human,transcript_not_chosen,ENST00000331340.8,XM_047419739.1,50327757-50376533;50376793-50382540,50327757-50368006;50368065-50382540,,,,,,,,
chr7:clu_25637,3/4,IKZF1,human,transcript_not_chosen,ENST00000331340.8,XM_047419744.1,50327757-50376533;50376793-50382540,50327757-50368006;50368065-50382540,,,,,,,,
chr7:clu_25637,4/4,IKZF1,human,transcript_not_chosen,ENST00000331340.8,ENST00000438033.5,50327757-50376533;50376793-50382540,50327757-50382540,,,,,,,,
chr7:clu_25637,4/4,IKZF1,human,transcript_not_chosen,ENST00000331340.8,ENST00000645066.1,50327757-50376533;50376793-50382540,50327757-50382540,,,,,,,,
chr7:clu_25637,4/4,IKZF1,human,transcript_not_chosen,ENST00000331340.8,ENST00000698573.1,50327757-50376533;50376793-50382540,50327757-50382540,,,,,,,,
chr7:clu_25637,4/4,IKZF1,human,transcript_not_chosen,ENST00000331340.8,ENST00000858039.1,50327757-50376533;50376793-50382540,50327757-50382540,,,,,,,,
chr7:clu_25637,4/4,IKZF1,human,transcript_not_chosen,ENST00000331340.8,ENST00000858041.1,50327757-50376533;50376793-50382540,50327757-50382540,,,,,,,,
chr7:clu_25637,4/4,IKZF1,human,transcript_not_chosen,ENST00000331340.8,ENST00000858042.1,50327757-50376533;50376793-50382540,50327757-50382540,,,,,,,,
chr7:clu_25637,4/4,IKZF1,human,transcript_not_chosen,ENST00000331340.8,ENST00000858043.1,50327757-50376533;50376793-50382540,50327757-50382540,,,,,,,,
chr7:clu_25637,4/4,IKZF1,human,transcript_not_chosen,ENST00000331340.8,ENST00000858045.1,50327757-50376533;50376793-50382540,50327757-50382540,,,,,,,,
chr7:clu_25637,4/4,IKZF1,human,transcript_not_chosen,ENST00000331340.8,ENST00000858046.1,50327757-50376533;50376793-50382540,50327757-50382540,,,,,,,,
chr7:clu_25637,4/4,IKZF1,human,transcript_not_chosen,ENST00000331340.8,ENST00000858053.1,50327757-50376533;50376793-50382540,50327757-50382540,,,,,,,,
chr7:clu_25637,4/4,IKZF1,human,transcript_not_chosen,ENST00000331340.8,ENST00000858054.1,50327757-50376533;50376793-50382540,50327757-50382540,,,,,,,,
chr7:clu_25637,4/4,IKZF1,human,transcript_not_chosen,ENST00000331340.8,ENST00000858055.1,50327757-50376533;50376793-50382540,50327757-50382540,,,,,,,,
chr7:clu_25637,4/4,IKZF1,human,transcript_not_chosen,ENST00000331340.8,ENST00000858058.1,50327757-50376533;50376793-50382540,50327757-50382540,,,,,,,,
chr7:clu_25637,4/4,IKZF1,human,transcript_not_chosen,ENST00000331340.8,ENST00000858063.1,50327757-50376533;50376793-50382540,50327757-50382540,,,,,,,,
chr7:clu_25637,4/4,IKZF1,human,transcript_not_chosen,ENST00000331340.8,NM_001220767.2,50327757-50376533;50376793-50382540,50327757-50382540,,,,,,,,
chr7:clu_25637,4/4,IKZF1,human,transcript_not_chosen,ENST00000331340.8,NM_001220770.2,50327757-50376533;50376793-50382540,50327757-50382540,,,,,,,,
chr7:clu_25637,4/4,IKZF1,human,transcript_not_chosen,ENST00000331340.8,XM_011515074.3,50327757-50376533;50376793-50382540,50327757-50382540,,,,,,,,
chr7:clu_25637,4/4,IKZF1,human,transcript_not_chosen,ENST00000331340.8,XM_011515077.3,50327757-50376533;50376793-50382540,50327757-50382540,,,,,,,,
chr7:clu_25637,4/4,IKZF1,human,transcript_not_chosen,ENST00000331340.8,XM_011515078.3,50327757-50376533;50376793-50382540,50327757-50382540,,,,,,,,
chr7:clu_25637,4/4,IKZF1,human,transcript_not_chosen,ENST00000331340.8,XM_047419746.1,50327757-50376533;50376793-50382540,50327757-50382540,,,,,,,,
chr7:clu_25637,4/4,IKZF1,human,transcript_not_chosen,ENST00000331340.8,XM_047419747.1,50327757-50376533;50376793-50382540,50327757-50382540,,,,,,,,
chr7:clu_25637,4/4,IKZF1,human,transcript_not_chosen,ENST00000331340.8,XM_047419749.1,50327757-50376533;50376793-50382540,50327757-50382540,,,,,,,,
chr7:clu_25637,4/4,IKZF1,human,transcript_not_chosen,ENST00000331340.8,XM_047419750.1,50327757-50376533;50376793-50382540,50327757-50382540,,,,,,,,
chrX:clu_22651,,DDX3X,human,novel_junction,ENST00000644876.2,,41346622-41346859;41347012-41347312;41347451-41347640,41346622-41347312,,,,,,,,
chrX:clu_22651,,DDX3X,human,novel_junction,ENST00000644876.2,,41346622-41346859;41347012-41347312;41347451-41347640,41346622-41347640,,,,,,,,
chrX:clu_22651,,DDX3X,human,no_unique_junctions,ENST00000644876.2,ENST00000645589.1,41346622-41346859;41347012-41347312;41347451-41347640,41346622-41346859;41347012-41347312;41347451-41347640,,,,,,,,
chrX:clu_22651,,DDX3X,human,no_unique_junctions,ENST00000644876.2,ENST00000457138.7,41346622-41346859;41347012-41347312;41347451-41347640,41346622-41346859;41347012-41347312;41347451-41347640,,,,,,,,
chrX:clu_22651,,DDX3X,human,transcript_doesnt_have_junctions,ENST00000644876.2,ENST00000480592.6,41346622-41346859;41347012-41347312;41347451-41347640,,,,,,,,,
chrX:clu_22651,,DDX3X,human,transcript_doesnt_have_junctions,ENST00000644876.2,ENST00000647219.1,41346622-41346859;41347012-41347312;41347451-41347640,,,,,,,,,
chrX:clu_22651,,DDX3X,human,transcript_doesnt_have_junctions,ENST00000644876.2,ENST00000631641.2,41346622-41346859;41347012-41347312;41347451-41347640,,,,,,,,,
chrX:clu_22651,,DDX3X,human,no_unique_junctions,ENST00000644876.2,ENST00000646822.1,41346622-41346859;41347012-41347312;41347451-41347640,41346622-41346859;41347012-41347312;41347451-41347640,,,,,,,,
chrX:clu_22651,,DDX3X,human,no_unique_junctions,ENST00000644876.2,ENST00000642722.1,41346622-41346859;41347012-41347312;41347451-41347640,41346622-41346859;41347012-41347312;41347451-41347640,,,,,,,,
chrX:clu_22651,,DDX3X,human,no_unique_junctions,ENST00000644876.2,ENST00000644958.1,41346622-41346859;41347012-41347312;41347451-41347640,41346622-41346859;41347012-41347312;41347451-41347640,,,,,,,,
chrX:clu_22651,,DDX3X,human,no_unique_junctions,ENST00000644876.2,ENST00000646940.1,41346622-41346859;41347012-41347312;41347451-41347640,41346622-41346859;41347012-41347312;41347451-41347640,,,,,,,,
chrX:clu_22651,,DDX3X,human,no_unique_junctions,ENST00000644876.2,ENST00000646196.1,41346622-41346859;41347012-41347312;41347451-41347640,41346622-41346859;41347012-41347312;41347451-41347640,,,,,,,,
chrX:clu_22651,,DDX3X,human,no_unique_junctions,ENST00000644876.2,ENST00000645338.1,41346622-41346859;41347012-41347312;41347451-41347640,41346622-41346859;41347012-41347312;41347451-41347640,,,,,,,,
chrX:clu_22651,,DDX3X,human,transcript_doesnt_have_junctions,ENST00000644876.2,ENST00000642624.1,41346622-41346859;41347012-41347312;41347451-41347640,,,,,,,,,
chrX:clu_22651,,DDX3X,human,transcript_doesnt_have_junctions,ENST00000644876.2,ENST00000622373.1,41346622-41346859;41347012-41347312;41347451-41347640,,,,,,,,,
chrX:clu_22651,,DDX3X,human,no_unique_junctions,ENST00000644876.2,ENST00000645120.1,41346622-41346859;41347012-41347312;41347451-41347640,41346622-41346859;41347012-41347312;41347451-41347640,,,,,,,,
chrX:clu_22651,,DDX3X,human,transcript_doesnt_have_junctions,ENST00000644876.2,ENST00000645253.1,41346622-41346859;41347012-41347312;41347451-41347640,,,,,,,,,
chrX:clu_22651,,DDX3X,human,no_unique_junctions,ENST00000644876.2,ENST00000646390.1,41346622-41346859;41347012-41347312;41347451-41347640,41346622-41346859;41347012-41347312;41347451-41347640,,,,,,,,
chrX:clu_22651,,DDX3X,human,no_unique_junctions,ENST00000644876.2,ENST00000642161.1,41346622-41346859;41347012-41347312;41347451-41347640,41346622-41346859;41347012-41347312;41347451-41347640,,,,,,,,
chrX:clu_22651,,DDX3X,human,no_unique_junctions,ENST00000644876.2,ENST00000645574.1,41346622-41346859;41347012-41347312;41347451-41347640,41346622-41346859;41347451-41347640,,,,,,,,
chrX:clu_22651,,DDX3X,human,transcript_doesnt_have_junctions,ENST00000644876.2,ENST00000644260.1,41346622-41346859;41347012-41347312;41347451-41347640,,,,,,,,,
chrX:clu_22651,,DDX3X,human,no_unique_junctions,ENST00000644876.2,ENST00000647286.1,41346622-41346859;41347012-41347312;41347451-41347640,41346622-41346859;41347012-41347312;41347451-41347640,,,,,,,,
chrX:clu_22651,,DDX3X,human,no_unique_junctions,ENST00000644876.2,ENST00000642687.1,41346622-41346859;41347012-41347312;41347451-41347640,41346622-41346859;41347012-41347312;41347451-41347640,,,,,,,,
chrX:clu_22651,,DDX3X,human,transcript_doesnt_have_junctions,ENST00000644876.2,ENST00000646093.1,41346622-41346859;41347012-41347312;41347451-41347640,,,,,,,,,
chrX:clu_22651,,DDX3X,human,no_unique_junctions,ENST00000644876.2,ENST00000647477.1,41346622-41346859;41347012-41347312;41347451-41347640,41346622-41346859,,,,,,,,
chrX:clu_22651,,DDX3X,human,no_unique_junctions,ENST00000644876.2,ENST00000629496.3,41346622-41346859;41347012-41347312;41347451-41347640,41346622-41346859;41347012-41347312;41347451-41347640,,,,,,,,
chrX:clu_22651,,DDX3X,human,no_unique_junctions,ENST00000644876.2,ENST00000625837.2,41346622-41346859;41347012-41347312;41347451-41347640,41346622-41346859;41347012-41347312,,,,,,,,
chrX:clu_22651,,DDX3X,human,no_unique_junctions,ENST00000644876.2,ENST00000626301.2,41346622-41346859;41347012-41347312;41347451-41347640,41346622-41346859;41347012-41347312,,,,,,,,
chrX:clu_22651,,DDX3X,human,no_unique_junctions,ENST00000644876.2,ENST00000629785.2,41346622-41346859;41347012-41347312;41347451-41347640,41346622-41346859;41347012-41347312;41347451-41347640,,,,,,,,
chrX:clu_22651,,DDX3X,human,no_unique_junctions,ENST00000644876.2,ENST00000630255.2,41346622-41346859;41347012-41347312;41347451-41347640,41346622-41346859;41347012-41347312;41347451-41347640,,,,,,,,
chrX:clu_22651,,DDX3X,human,no_unique_junctions,ENST00000644876.2,ENST00000630370.2,41346622-41346859;41347012-41347312;41347451-41347640,41346622-41346859;41347012-41347312,,,,,,,,
chrX:clu_22651,,DDX3X,human,no_unique_junctions,ENST00000644876.2,ENST00000630858.2,41346622-41346859;41347012-41347312;41347451-41347640,41346622-41346859;41347012-41347312,,,,,,,,
chrX:clu_22651,,DDX3X,human,no_unique_junctions,ENST00000644876.2,ENST00000478993.5,41346622-41346859;41347012-41347312;41347451-41347640,41346622-41346859;41347012-41347312;41347451-41347640,,,,,,,,
chrX:clu_22651,,DDX3X,human,transcript_doesnt_have_junctions,ENST00000644876.2,ENST00000643821.1,41346622-41346859;41347012-41347312;41347451-41347640,,,,,,,,,
chrX:clu_22651,,DDX3X,human,no_unique_junctions,ENST00000644876.2,ENST00000959626.1,41346622-41346859;41347012-41347312;41347451-41347640,41346622-41346859;41347012-41347312;41347451-41347640,,,,,,,,
chrX:clu_22651,,DDX3X,human,transcript_doesnt_have_junctions,ENST00000644876.2,ENST00000615742.4,41346622-41346859;41347012-41347312;41347451-41347640,,,,,,,,,
chrX:clu_22651,,DDX3X,human,no_unique_junctions,ENST00000644876.2,ENST00000875792.1,41346622-41346859;41347012-41347312;41347451-41347640,41346622-41346859;41347012-41347312;41347451-41347640,,,,,,,,
chrX:clu_22651,,DDX3X,human,no_unique_junctions,ENST00000644876.2,ENST00000875790.1,41346622-41346859;41347012-41347312;41347451-41347640,41346622-41346859;41347012-41347312;41347451-41347640,,,,,,,,
chrX:clu_22651,,DDX3X,human,no_unique_junctions,ENST00000644876.2,ENST00000441189.4,41346622-41346859;41347012-41347312;41347451-41347640,41346622-41346859;41347012-41347312;41347451-41347640,,,,,,,,
chrX:clu_22651,,DDX3X,human,no_unique_junctions,ENST00000644876.2,ENST00000644109.1,41346622-41346859;41347012-41347312;41347451-41347640,41346622-41346859;41347012-41347312;41347451-41347640,,,,,,,,
chrX:clu_22651,,DDX3X,human,no_unique_junctions,ENST00000644876.2,ENST00000646122.1,41346622-41346859;41347012-41347312;41347451-41347640,41346622-41346859;41347012-41347312,,,,,,,,
chrX:clu_22651,,DDX3X,human,no_unique_junctions,ENST00000644876.2,ENST00000875789.1,41346622-41346859;41347012-41347312;41347451-41347640,41346622-41346859;41347012-41347312;41347451-41347640,,,,,,,,
chrX:clu_22651,,DDX3X,human,no_unique_junctions,ENST00000644876.2,ENST00000875788.1,41346622-41346859;41347012-41347312;41347451-41347640,41346622-41346859;41347012-41347312,,,,,,,,
chrX:clu_22651,,DDX3X,human,no_unique_junctions,ENST00000644876.2,ENST00000399959.7,41346622-41346859;41347012-41347312;41347451-41347640,41346622-41346859;41347012-41347312;41347451-41347640,,,,,,,,
chrX:clu_22651,,DDX3X,human,no_unique_junctions,ENST00000644876.2,ENST00000875785.1,41346622-41346859;41347012-41347312;41347451-41347640,41347012-41347312;41347451-41347640,,,,,,,,
chrX:clu_22651,,DDX3X,human,no_unique_junctions,ENST00000644876.2,ENST00000875783.1,41346622-41346859;41347012-41347312;41347451-41347640,41346622-41346859;41347451-41347640,,,,,,,,
chrX:clu_22651,,DDX3X,human,transcript_doesnt_have_junctions,ENST00000644876.2,ENST00000645783.1,41346622-41346859;41347012-41347312;41347451-41347640,,,,,,,,,
chrX:clu_22651,,DDX3X,human,no_unique_junctions,ENST00000644876.2,ENST00000642322.3,41346622-41346859;41347012-41347312;41347451-41347640,41346622-41346859;41347012-41347312;41347451-41347640,,,,,,,,
chrX:clu_22651,,DDX3X,human,transcript_doesnt_have_junctions,ENST00000644876.2,ENST00000542215.5,41346622-41346859;41347012-41347312;41347451-41347640,,,,,,,,,
chrX:clu_22651,,DDX3X,human,transcript_doesnt_have_junctions,ENST00000644876.2,ENST00000615313.5,41346622-41346859;41347012-41347312;41347451-41347640,,,,,,,,,
chrX:clu_22651,,DDX3X,human,no_unique_junctions,ENST00000644876.2,ENST00000646627.1,41346622-41346859;41347012-41347312;41347451-41347640,41346622-41346859;41347012-41347312;41347451-41347640,,,,,,,,
chrX:clu_22651,,DDX3X,human,no_unique_junctions,ENST00000644876.2,ENST00000642424.1,41346622-41346859;41347012-41347312;41347451-41347640,41346622-41346859;41347012-41347312;41347451-41347640,,,,,,,,
chrX:clu_22651,,DDX3X,human,transcript_doesnt_have_junctions,ENST00000644876.2,ENST00000647373.1,41346622-41346859;41347012-41347312;41347451-41347640,,,,,,,,,
chrX:clu_22651,,DDX3X,human,no_unique_junctions,ENST00000644876.2,ENST00000611968.2,41346622-41346859;41347012-41347312;41347451-41347640,41346622-41346859;41347012-41347312,,,,,,,,
chrX:clu_22651,,DDX3X,human,transcript_doesnt_have_junctions,ENST00000644876.2,ENST00000610559.5,41346622-41346859;41347012-41347312;41347451-41347640,,,,,,,,,
chrX:clu_22651,,DDX3X,human,transcript_doesnt_have_junctions,ENST00000644876.2,ENST00000611546.2,41346622-41346859;41347012-41347312;41347451-41347640,,,,,,,,,
chrX:clu_22651,,DDX3X,human,transcript_doesnt_have_junctions,ENST00000644876.2,ENST00000622198.5,41346622-41346859;41347012-41347312;41347451-41347640,,,,,,,,,
chrX:clu_22651,1/2,DDX3X,human,transcript_not_chosen,ENST00000644876.2,ENST00000616050.3,41346622-41346859;41347012-41347312;41347451-41347640,41346622-41346859;41347012-41347315,,,,,,,,
chrX:clu_22651,1/2,DDX3X,human,transcript_not_chosen,ENST00000644876.2,ENST00000642589.1,41346622-41346859;41347012-41347312;41347451-41347640,41346622-41346859;41347012-41347315;41347451-41347640,,,,,,,,
chrX:clu_22651,1/2,DDX3X,human,transcript_not_chosen,ENST00000644876.2,ENST00000642597.1,41346622-41346859;41347012-41347312;41347451-41347640,41346622-41346859;41347012-41347315;41347451-41347640,,,,,,,,
chrX:clu_22651,1/2,DDX3X,human,transcript_not_chosen,ENST00000644876.2,ENST00000642763.1,41346622-41346859;41347012-41347312;41347451-41347640,41346622-41346859;41347012-41347315;41347451-41347640,,,,,,,,
chrX:clu_22651,1/2,DDX3X,human,transcript_not_chosen,ENST00000644876.2,ENST00000642793.1,41346622-41346859;41347012-41347312;41347451-41347640,41346622-41346859;41347012-41347315;41347451-41347640,,,,,,,,
chrX:clu_22651,1/2,DDX3X,human,transcript_not_chosen,ENST00000644876.2,ENST00000642801.1,41346622-41346859;41347012-41347312;41347451-41347640,41346622-41346859;41347012-41347315;41347451-41347640,,,,,,,,
chrX:clu_22651,1/2,DDX3X,human,transcript_not_chosen,ENST00000644876.2,ENST00000643820.1,41346622-41346859;41347012-41347312;41347451-41347640,41346622-41346859;41347012-41347315;41347451-41347640,,,,,,,,
chrX:clu_22651,1/2,DDX3X,human,transcript_not_chosen,ENST00000644876.2,ENST00000643963.1,41346622-41346859;41347012-41347312;41347451-41347640,41346622-41346859;41347012-41347315;41347451-41347640,,,,,,,,
chrX:clu_22651,1/2,DDX3X,human,transcript_not_chosen,ENST00000644876.2,ENST00000644073.1,41346622-41346859;41347012-41347312;41347451-41347640,41346622-41346859;41347012-41347315;41347451-41347640,,,,,,,,
chrX:clu_22651,1/2,DDX3X,human,transcript_not_chosen,ENST00000644876.2,ENST00000644074.1,41346622-41346859;41347012-41347312;41347451-41347640,41346622-41346859;41347012-41347315;41347451-41347640,,,,,,,,
chrX:clu_22651,1/2,DDX3X,human,transcript_not_chosen,ENST00000644876.2,ENST00000644307.1,41346622-41346859;41347012-41347312;41347451-41347640,41346622-41346859;41347012-41347315;41347451-41347640,,,,,,,,
chrX:clu_22651,1/2,DDX3X,human,transcript_not_chosen,ENST00000644876.2,ENST00000644677.1,41346622-41346859;41347012-41347312;41347451-41347640,41346622-41346859;41347012-41347315;41347451-41347640,,,,,,,,
chrX:clu_22651,1/2,DDX3X,human,transcript_not_chosen,ENST00000644876.2,ENST00000645080.1,41346622-41346859;41347012-41347312;41347451-41347640,41346622-41346859;41347012-41347315;41347451-41347640,,,,,,,,
chrX:clu_22651,1/2,DDX3X,human,transcript_not_chosen,ENST00000644876.2,ENST00000645380.1,41346622-41346859;41347012-41347312;41347451-41347640,41346622-41346859;41347012-41347315;41347451-41347640,,,,,,,,
chrX:clu_22651,1/2,DDX3X,human,transcript_not_chosen,ENST00000644876.2,ENST00000645561.1,41346622-41346859;41347012-41347312;41347451-41347640,41346622-41346859;41347012-41347315;41347451-41347640,,,,,,,,
chrX:clu_22651,1/2,DDX3X,human,transcript_not_chosen,ENST00000644876.2,ENST00000646107.1,41346622-41346859;41347012-41347312;41347451-41347640,41346622-41346859;41347012-41347315;41347451-41347640,,,,,,,,
chrX:clu_22651,1/2,DDX3X,human,transcript_not_chosen,ENST00000644876.2,ENST00000646223.1,41346622-41346859;41347012-41347312;41347451-41347640,41346622-41346859;41347012-41347315;41347451-41347640,,,,,,,,
chrX:clu_22651,1/2,DDX3X,human,transcript_not_chosen,ENST00000644876.2,ENST00000646319.1,41346622-41346859;41347012-41347312;41347451-41347640,41346622-41346859;41347012-41347315;41347451-41347640,,,,,,,,
chrX:clu_22651,1/2,DDX3X,human,transcript_not_chosen,ENST00000644876.2,ENST00000646679.1,41346622-41346859;41347012-41347312;41347451-41347640,41346622-41346859;41347012-41347315;41347451-41347640,,,,,,,,
chrX:clu_22651,1/2,DDX3X,human,transcript_not_chosen,ENST00000644876.2,ENST00000875784.1,41346622-41346859;41347012-41347312;41347451-41347640,41346622-41346859;41347012-41347315;41347451-41347640,,,,,,,,
chrX:clu_22651,1/2,DDX3X,human,transcript_not_chosen,ENST00000644876.2,ENST00000875786.1,41346622-41346859;41347012-41347312;41347451-41347640,41346622-41346859;41347012-41347315,,,,,,,,
chrX:clu_22651,1/2,DDX3X,human,transcript_not_chosen,ENST00000644876.2,ENST00000875787.1,41346622-41346859;41347012-41347312;41347451-41347640,41346622-41346859;41347012-41347315;41347451-41347640,,,,,,,,
chrX:clu_22651,1/2,DDX3X,human,transcript_not_chosen,ENST00000644876.2,ENST00000875791.1,41346622-41346859;41347012-41347312;41347451-41347640,41346622-41346859;41347012-41347315,,,,,,,,
chr10:clu_4970,,RPS24,human,transcript_doesnt_have_junctions,ENST00000372360.9,ENST00000440692.6,78037304-78040204;78040225-78040615,,,,,,,,,
chr10:clu_4970,,RPS24,human,no_unique_junctions,ENST00000372360.9,ENST00000464716.6,78037304-78040204;78040225-78040615,78040225-78040615,,,,,,,,
chr10:clu_4970,,RPS24,human,no_unique_junctions,ENST00000372360.9,ENST00000360830.9,78037304-78040204;78040225-78040615,78040225-78040615,,,,,,,,
chr10:clu_4970,,RPS24,human,no_unique_junctions,ENST00000372360.9,ENST00000645440.1,78037304-78040204;78040225-78040615,78040225-78040615,,,,,,,,
chr10:clu_4970,,RPS24,human,transcript_doesnt_have_junctions,ENST00000372360.9,ENST00000478655.6,78037304-78040204;78040225-78040615,,,,,,,,,
chr10:clu_4970,,RPS24,human,transcript_doesnt_have_junctions,ENST00000372360.9,ENST00000485708.7,78037304-78040204;78040225-78040615,,,,,,,,,
chr10:clu_4970,,RPS24,human,no_unique_junctions,ENST00000372360.9,ENST00000645698.1,78037304-78040204;78040225-78040615,78040225-78040615,,,,,,,,
chr10:clu_4970,,RPS24,human,transcript_doesnt_have_junctions,ENST00000372360.9,ENST00000466129.6,78037304-78040204;78040225-78040615,,,,,,,,,
chr10:clu_4970,,RPS24,human,transcript_doesnt_have_junctions,ENST00000372360.9,ENST00000646254.1,78037304-78040204;78040225-78040615,,,,,,,,,
chr10:clu_4970,,RPS24,human,transcript_doesnt_have_junctions,ENST00000372360.9,ENST00000480662.2,78037304-78040204;78040225-78040615,,,,,,,,,
chr10:clu_4970,,RPS24,human,no_unique_junctions,ENST00000372360.9,ENST00000913449.1,78037304-78040204;78040225-78040615,78037304-78040204,,,,,,,,
chr10:clu_4970,,RPS24,human,no_unique_junctions,ENST00000372360.9,ENST00000435275.5,78037304-78040204;78040225-78040615,78040225-78040615,,,,,,,,
chr10:clu_4970,,RPS24,human,no_unique_junctions,ENST00000372360.9,ENST00000913450.1,78037304-78040204;78040225-78040615,78037304-78040204,,,,,,,,
chr10:clu_4970,,RPS24,human,no_unique_junctions,ENST00000372360.9,ENST00000913451.1,78037304-78040204;78040225-78040615,78037304-78040204;78040225-78040615,,,,,,,,
chr10:clu_4970,,RPS24,human,no_unique_junctions,ENST00000372360.9,ENST00000913452.1,78037304-78040204;78040225-78040615,78037304-78040204;78040225-78040615,,,,,,,,
chr10:clu_4970,,RPS24,human,no_unique_junctions,ENST00000372360.9,ENST00000961344.1,78037304-78040204;78040225-78040615,78037304-78040204;78040225-78040615,,,,,,,,
chr10:clu_4970,,RPS24,human,no_unique_junctions,ENST00000372360.9,ENST00000913453.1,78037304-78040204;78040225-78040615,78040225-78040615,,,,,,,,
chr10:clu_4970,,RPS24,human,no_unique_junctions,ENST00000372360.9,ENST00000913448.1,78037304-78040204;78040225-78040615,78037304-78040204;78040225-78040615,,,,,,,,
chr10:clu_4970,,RPS24,human,no_unique_junctions,ENST00000372360.9,ENST00000913454.1,78037304-78040204;78040225-78040615,78037304-78040204,,,,,,,,
chr10:clu_4970,,RPS24,human,transcript_doesnt_have_junctions,ENST00000372360.9,ENST00000476545.6,78037304-78040204;78040225-78040615,,,,,,,,,
chr10:clu_4970,,RPS24,human,no_unique_junctions,ENST00000372360.9,ENST00000645195.1,78037304-78040204;78040225-78040615,78040225-78040615,,,,,,,,
chr10:clu_4970,,RPS24,human,transcript_doesnt_have_junctions,ENST00000372360.9,ENST00000475468.6,78037304-78040204;78040225-78040615,,,,,,,,,
chr10:clu_4970,1/1,RPS24,human,transcript_not_chosen,ENST00000372360.9,ENST00000465692.2,78037304-78040204;78040225-78040615,78037304-78040615,,,,,,,,
chr10:clu_4970,1/1,RPS24,human,transcript_not_chosen,ENST00000372360.9,ENST00000482069.5,78037304-78040204;78040225-78040615,78037304-78040615,,,,,,,,
chr1:clu_3360,,MCL1,human,no_unique_junctions,ENST00000369026.3,ENST00000620947.4,150577491-150578244;150578491-150578843,150577491-150578244;150578491-150578843,,,,,,,,
chr1:clu_3360,,MCL1,human,no_unique_junctions,ENST00000369026.3,ENST00000464132.2,150577491-150578244;150578491-150578843,150577491-150578244,,,,,,,,
chr1:clu_3360,,MCL1,human,no_unique_junctions,ENST00000369026.3,ENST00000676522.1,150577491-150578244;150578491-150578843,150578491-150578843,,,,,,,,
chr1:clu_3360,,MCL1,human,no_unique_junctions,ENST00000369026.3,ENST00000678770.1,150577491-150578244;150578491-150578843,150577491-150578244;150578491-150578843,,,,,,,,
chr1:clu_3360,,MCL1,human,no_unique_junctions,ENST00000369026.3,ENST00000678610.1,150577491-150578244;150578491-150578843,150577491-150578244;150578491-150578843,,,,,,,,
chr1:clu_3360,,MCL1,human,transcript_doesnt_have_junctions,ENST00000369026.3,ENST00000617352.1,150577491-150578244;150578491-150578843,,,,,,,,,
chr3:clu_10148,,ACAA1,human,no_unique_junctions,ENST00000333167.13,ENST00000301810.11,38129388-38131596;38131638-38131926,38131638-38131926,,,,,,,,
chr3:clu_10148,,ACAA1,human,no_unique_junctions,ENST00000333167.13,XM_006713122.1,38129388-38131596;38131638-38131926,38129388-38131596;38131638-38131926,,,,,,,,
chr3:clu_10148,,ACAA1,human,no_unique_junctions,ENST00000333167.13,ENST00000955506.1,38129388-38131596;38131638-38131926,38129388-38131596;38131638-38131926,,,,,,,,
chr3:clu_10148,,ACAA1,human,no_unique_junctions,ENST00000333167.13,XM_011533650.3,38129388-38131596;38131638-38131926,38129388-38131596;38131638-38131926,,,,,,,,
chr3:clu_10148,,ACAA1,human,no_unique_junctions,ENST00000333167.13,ENST00000469559.5,38129388-38131596;38131638-38131926,38129388-38131596;38131638-38131926,,,,,,,,
chr3:clu_10148,,ACAA1,human,transcript_doesnt_have_junctions,ENST00000333167.13,ENST00000469600.1,38129388-38131596;38131638-38131926,,,,,,,,,
chr3:clu_10148,,ACAA1,human,transcript_doesnt_have_junctions,ENST00000333167.13,ENST00000484284.5,38129388-38131596;38131638-38131926,,,,,,,,,
chr3:clu_10148,,ACAA1,human,transcript_doesnt_have_junctions,ENST00000333167.13,ENST00000460424.5,38129388-38131596;38131638-38131926,,,,,,,,,
chr3:clu_10148,,ACAA1,human,transcript_doesnt_have_junctions,ENST00000333167.13,ENST00000489559.1,38129388-38131596;38131638-38131926,,,,,,,,,
chr3:clu_10148,,ACAA1,human,no_unique_junctions,ENST00000333167.13,ENST00000896221.1,38129388-38131596;38131638-38131926,38129388-38131596;38131638-38131926,,,,,,,,
chr3:clu_10148,,ACAA1,human,no_unique_junctions,ENST00000333167.13,ENST00000896222.1,38129388-38131596;38131638-38131926,38129388-38131596;38131638-38131926,,,,,,,,
chr3:clu_10148,,ACAA1,human,no_unique_junctions,ENST00000333167.13,ENST00000896223.1,38129388-38131596;38131638-38131926,38131638-38131926,,,,,,,,
chr3:clu_10148,,ACAA1,human,no_unique_junctions,ENST00000333167.13,ENST00000896224.1,38129388-38131596;38131638-38131926,38129388-38131596;38131638-38131926,,,,,,,,
chr3:clu_10148,,ACAA1,human,no_unique_junctions,ENST00000333167.13,ENST00000896225.1,38129388-38131596;38131638-38131926,38129388-38131596;38131638-38131926,,,,,,,,
chr3:clu_10148,,ACAA1,human,no_unique_junctions,ENST00000333167.13,ENST00000955505.1,38129388-38131596;38131638-38131926,38131638-38131926,,,,,,,,
chr3:clu_10148,,ACAA1,human,no_unique_junctions,ENST00000333167.13,ENST00000896228.1,38129388-38131596;38131638-38131926,38129388-38131596;38131638-38131926,,,,,,,,
chr3:clu_10148,,ACAA1,human,no_unique_junctions,ENST00000333167.13,ENST00000955504.1,38129388-38131596;38131638-38131926,38129388-38131596;38131638-38131926,,,,,,,,
chr3:clu_10148,,ACAA1,human,no_unique_junctions,ENST00000333167.13,ENST00000896226.1,38129388-38131596;38131638-38131926,38131638-38131926,,,,,,,,
chr3:clu_10148,,ACAA1,human,no_unique_junctions,ENST00000333167.13,ENST00000896229.1,38129388-38131596;38131638-38131926,38129388-38131596;38131638-38131926,,,,,,,,
chr3:clu_10148,,ACAA1,human,no_unique_junctions,ENST00000333167.13,ENST00000896227.1,38129388-38131596;38131638-38131926,38129388-38131596;38131638-38131926,,,,,,,,
chr3:clu_10148,,ACAA1,human,transcript_doesnt_have_junctions,ENST00000333167.13,ENST00000450296.5,38129388-38131596;38131638-38131926,,,,,,,,,
chr3:clu_10148,,ACAA1,human,no_unique_junctions,ENST00000333167.13,ENST00000452171.5,38129388-38131596;38131638-38131926,38129388-38131596;38131638-38131926,,,,,,,,
chr3:clu_10148,,ACAA1,human,no_unique_junctions,ENST00000333167.13,ENST00000421218.1,38129388-38131596;38131638-38131926,38131638-38131926,,,,,,,,
chr3:clu_10148,,ACAA1,human,no_unique_junctions,ENST00000333167.13,ENST00000447223.5,38129388-38131596;38131638-38131926,38129388-38131596;38131638-38131926,,,,,,,,
chr3:clu_10148,,ACAA1,human,transcript_doesnt_have_junctions,ENST00000333167.13,ENST00000451419.1,38129388-38131596;38131638-38131926,,,,,,,,,
chr3:clu_10148,,ACAA1,human,no_unique_junctions,ENST00000333167.13,ENST00000480865.5,38129388-38131596;38131638-38131926,38129388-38131596;38131638-38131926,,,,,,,,
chr3:clu_10148,1/1,ACAA1,human,transcript_not_chosen,ENST00000333167.13,ENST00000411549.5,38129388-38131596;38131638-38131926,38129388-38131926,,,,,,,,
chr3:clu_10148,1/1,ACAA1,human,transcript_not_chosen,ENST00000333167.13,ENST00000418880.1,38129388-38131596;38131638-38131926,38129388-38131926,,,,,,,,
chr3:clu_10148,1/1,ACAA1,human,transcript_not_chosen,ENST00000333167.13,ENST00000440176.5,38129388-38131596;38131638-38131926,38129388-38131926,,,,,,,,
chr3:clu_10148,1/1,ACAA1,human,transcript_not_chosen,ENST00000333167.13,ENST00000465181.1,38129388-38131596;38131638-38131926,38129388-38131926,,,,,,,,
chr3:clu_10148,1/1,ACAA1,human,transcript_not_chosen,ENST00000333167.13,ENST00000625927.3,38129388-38131596;38131638-38131926,38129388-38131926,,,,,,,,
chr11:clu_8075,,POLD4,human,no_unique_junctions,ENST00000312419.8,ENST00000539074.1,67353077-67353303,67353077-67353303,,,,,,,,
chr11:clu_8075,,POLD4,human,transcript_doesnt_have_junctions,ENST00000312419.8,ENST00000533429.1,67353077-67353303,,,,,,,,,
chr11:clu_8075,,POLD4,human,no_unique_junctions,ENST00000312419.8,ENST00000528087.1,67353077-67353303,67353077-67353303,,,,,,,,
chr11:clu_8075,,POLD4,human,transcript_doesnt_have_junctions,ENST00000312419.8,ENST00000524743.1,67353077-67353303,,,,,,,,,
chr11:clu_8075,,POLD4,human,transcript_doesnt_have_junctions,ENST00000312419.8,ENST00000542982.1,67353077-67353303,,,,,,,,,
chr11:clu_8075,,POLD4,human,transcript_doesnt_have_junctions,ENST00000312419.8,ENST00000529000.1,67353077-67353303,,,,,,,,,
chr11:clu_8075,,POLD4,human,no_unique_junctions,ENST00000312419.8,ENST00000944954.1,67353077-67353303,67353077-67353303,,,,,,,,
chr11:clu_8075,,POLD4,human,transcript_doesnt_have_junctions,ENST00000312419.8,ENST00000532830.5,67353077-67353303,,,,,,,,,
chr11:clu_8075,1/3,POLD4,human,transcript_not_chosen,ENST00000312419.8,ENST00000534515.1,67353077-67353303,67353077-67353294,,,,,,,,
chr22:clu_6825,,SUN2,human,no_unique_junctions,ENST00000689035.1,NM_001394443.1,38739426-38739722;38739943-38740267,38739426-38739722;38739943-38740267,,,,,,,,
chr22:clu_6825,,SUN2,human,no_unique_junctions,ENST00000689035.1,ENST00000870845.1,38739426-38739722;38739943-38740267,38739426-38739722;38739943-38740267,,,,,,,,
chr22:clu_6825,,SUN2,human,no_unique_junctions,ENST00000689035.1,ENST00000870832.1,38739426-38739722;38739943-38740267,38739426-38739722;38739943-38740267,,,,,,,,
chr22:clu_6825,,SUN2,human,no_unique_junctions,ENST00000689035.1,NM_001394444.1,38739426-38739722;38739943-38740267,38739426-38739722;38739943-38740267,,,,,,,,
chr22:clu_6825,,SUN2,human,no_unique_junctions,ENST00000689035.1,ENST00000870843.1,38739426-38739722;38739943-38740267,38739426-38739722;38739943-38740267,,,,,,,,
chr22:clu_6825,,SUN2,human,no_unique_junctions,ENST00000689035.1,NM_001394442.1,38739426-38739722;38739943-38740267,38739426-38739722;38739943-38740267,,,,,,,,
chr22:clu_6825,,SUN2,human,no_unique_junctions,ENST00000689035.1,ENST00000870834.1,38739426-38739722;38739943-38740267,38739943-38740267,,,,,,,,
chr22:clu_6825,,SUN2,human,no_unique_junctions,ENST00000689035.1,ENST00000956736.1,38739426-38739722;38739943-38740267,38739426-38739722;38739943-38740267,,,,,,,,
chr22:clu_6825,,SUN2,human,no_unique_junctions,ENST00000689035.1,ENST00000405018.5,38739426-38739722;38739943-38740267,38739426-38739722;38739943-38740267,,,,,,,,
chr22:clu_6825,,SUN2,human,no_unique_junctions,ENST00000689035.1,ENST00000956732.1,38739426-38739722;38739943-38740267,38739426-38739722;38739943-38740267,,,,,,,,
chr22:clu_6825,,SUN2,human,no_unique_junctions,ENST00000689035.1,ENST00000870839.1,38739426-38739722;38739943-38740267,38739426-38739722;38739943-38740267,,,,,,,,
chr22:clu_6825,,SUN2,human,no_unique_junctions,ENST00000689035.1,NM_001394445.1,38739426-38739722;38739943-38740267,38739426-38739722;38739943-38740267,,,,,,,,
chr22:clu_6825,,SUN2,human,no_unique_junctions,ENST00000689035.1,ENST00000870838.1,38739426-38739722;38739943-38740267,38739426-38739722;38739943-38740267,,,,,,,,
chr22:clu_6825,,SUN2,human,no_unique_junctions,ENST00000689035.1,NM_001394441.1,38739426-38739722;38739943-38740267,38739426-38739722;38739943-38740267,,,,,,,,
chr22:clu_6825,,SUN2,human,no_unique_junctions,ENST00000689035.1,ENST00000919862.1,38739426-38739722;38739943-38740267,38739426-38739722;38739943-38740267,,,,,,,,
chr22:clu_6825,,SUN2,human,no_unique_junctions,ENST00000689035.1,ENST00000870836.1,38739426-38739722;38739943-38740267,38739943-38740267,,,,,,,,
chr22:clu_6825,,SUN2,human,no_unique_junctions,ENST00000689035.1,ENST00000870831.1,38739426-38739722;38739943-38740267,38739426-38739722;38739943-38740267,,,,,,,,
chr22:clu_6825,,SUN2,human,no_unique_junctions,ENST00000689035.1,ENST00000956739.1,38739426-38739722;38739943-38740267,38739426-38739722;38739943-38740267,,,,,,,,
chr22:clu_6825,,SUN2,human,no_unique_junctions,ENST00000689035.1,ENST00000956737.1,38739426-38739722;38739943-38740267,38739426-38739722;38739943-38740267,,,,,,,,
chr22:clu_6825,,SUN2,human,no_unique_junctions,ENST00000689035.1,ENST00000405510.5,38739426-38739722;38739943-38740267,38739426-38739722;38739943-38740267,,,,,,,,
chr22:clu_6825,,SUN2,human,no_unique_junctions,ENST00000689035.1,ENST00000456894.6,38739426-38739722;38739943-38740267,38739426-38739722;38739943-38740267,,,,,,,,
chr22:clu_6825,,SUN2,human,no_unique_junctions,ENST00000689035.1,ENST00000870855.1,38739426-38739722;38739943-38740267,38739426-38739722;38739943-38740267,,,,,,,,
chr22:clu_6825,,SUN2,human,no_unique_junctions,ENST00000689035.1,XM_017028748.2,38739426-38739722;38739943-38740267,38739426-38739722;38739943-38740267,,,,,,,,
chr22:clu_6825,,SUN2,human,no_unique_junctions,ENST00000689035.1,XM_047441310.1,38739426-38739722;38739943-38740267,38739426-38739722;38739943-38740267,,,,,,,,
chr22:clu_6825,,SUN2,human,no_unique_junctions,ENST00000689035.1,NM_001394431.1,38739426-38739722;38739943-38740267,38739426-38739722;38739943-38740267,,,,,,,,
chr22:clu_6825,,SUN2,human,no_unique_junctions,ENST00000689035.1,XM_047441313.1,38739426-38739722;38739943-38740267,38739426-38739722;38739943-38740267,,,,,,,,
chr22:clu_6825,,SUN2,human,no_unique_junctions,ENST00000689035.1,ENST00000455125.2,38739426-38739722;38739943-38740267,38739426-38739722;38739943-38740267,,,,,,,,
chr22:clu_6825,,SUN2,human,no_unique_junctions,ENST00000689035.1,XM_047441311.1,38739426-38739722;38739943-38740267,38739426-38739722;38739943-38740267,,,,,,,,
chr22:clu_6825,,SUN2,human,transcript_doesnt_have_junctions,ENST00000689035.1,ENST00000470642.1,38739426-38739722;38739943-38740267,,,,,,,,,
chr22:clu_6825,,SUN2,human,no_unique_junctions,ENST00000689035.1,ENST00000477262.5,38739426-38739722;38739943-38740267,38739426-38739722;38739943-38740267,,,,,,,,
chr22:clu_6825,,SUN2,human,no_unique_junctions,ENST00000689035.1,ENST00000469086.5,38739426-38739722;38739943-38740267,38739426-38739722;38739943-38740267,,,,,,,,
chr22:clu_6825,,SUN2,human,transcript_doesnt_have_junctions,ENST00000689035.1,ENST00000464202.1,38739426-38739722;38739943-38740267,,,,,,,,,
chr22:clu_6825,,SUN2,human,transcript_doesnt_have_junctions,ENST00000689035.1,ENST00000480307.1,38739426-38739722;38739943-38740267,,,,,,,,,
chr22:clu_6825,,SUN2,human,transcript_doesnt_have_junctions,ENST00000689035.1,ENST00000494273.1,38739426-38739722;38739943-38740267,,,,,,,,,
chr22:clu_6825,,SUN2,human,no_unique_junctions,ENST00000689035.1,ENST00000690927.1,38739426-38739722;38739943-38740267,38739426-38739722;38739943-38740267,,,,,,,,
chr22:clu_6825,,SUN2,human,no_unique_junctions,ENST00000689035.1,ENST00000870848.1,38739426-38739722;38739943-38740267,38739426-38739722;38739943-38740267,,,,,,,,
chr22:clu_6825,,SUN2,human,no_unique_junctions,ENST00000689035.1,ENST00000870835.1,38739426-38739722;38739943-38740267,38739426-38739722;38739943-38740267,,,,,,,,
chr22:clu_6825,,SUN2,human,no_unique_junctions,ENST00000689035.1,ENST00000870833.1,38739426-38739722;38739943-38740267,38739426-38739722;38739943-38740267,,,,,,,,
chr22:clu_6825,,SUN2,human,no_unique_junctions,ENST00000689035.1,ENST00000956752.1,38739426-38739722;38739943-38740267,38739426-38739722;38739943-38740267,,,,,,,,
chr22:clu_6825,,SUN2,human,no_unique_junctions,ENST00000689035.1,ENST00000870856.1,38739426-38739722;38739943-38740267,38739426-38739722;38739943-38740267,,,,,,,,
chr22:clu_6825,,SUN2,human,no_unique_junctions,ENST00000689035.1,ENST00000956742.1,38739426-38739722;38739943-38740267,38739426-38739722;38739943-38740267,,,,,,,,
chr22:clu_6825,,SUN2,human,no_unique_junctions,ENST00000689035.1,ENST00000870844.1,38739426-38739722;38739943-38740267,38739426-38739722;38739943-38740267,,,,,,,,
chr22:clu_6825,,SUN2,human,no_unique_junctions,ENST00000689035.1,ENST00000956753.1,38739426-38739722;38739943-38740267,38739426-38739722;38739943-38740267,,,,,,,,
chr22:clu_6825,,SUN2,human,no_unique_junctions,ENST00000689035.1,ENST00000870851.1,38739426-38739722;38739943-38740267,38739426-38739722;38739943-38740267,,,,,,,,
chr22:clu_6825,,SUN2,human,no_unique_junctions,ENST00000689035.1,ENST00000870837.1,38739426-38739722;38739943-38740267,38739426-38739722;38739943-38740267,,,,,,,,
chr22:clu_6825,,SUN2,human,no_unique_junctions,ENST00000689035.1,ENST00000956738.1,38739426-38739722;38739943-38740267,38739943-38740267,,,,,,,,
chr22:clu_6825,,SUN2,human,no_unique_junctions,ENST00000689035.1,ENST00000956735.1,38739426-38739722;38739943-38740267,38739426-38739722;38739943-38740267,,,,,,,,
chr22:clu_6825,,SUN2,human,no_unique_junctions,ENST00000689035.1,ENST00000956729.1,38739426-38739722;38739943-38740267,38739426-38739722;38739943-38740267,,,,,,,,
chr22:clu_6825,,SUN2,human,no_unique_junctions,ENST00000689035.1,ENST00000956751.1,38739426-38739722;38739943-38740267,38739426-38739722;38739943-38740267,,,,,,,,
chr22:clu_6825,,SUN2,human,no_unique_junctions,ENST00000689035.1,ENST00000870849.1,38739426-38739722;38739943-38740267,38739943-38740267,,,,,,,,
chr22:clu_6825,,SUN2,human,no_unique_junctions,ENST00000689035.1,ENST00000956750.1,38739426-38739722;38739943-38740267,38739426-38739722;38739943-38740267,,,,,,,,
chr22:clu_6825,,SUN2,human,no_unique_junctions,ENST00000689035.1,ENST00000956740.1,38739426-38739722;38739943-38740267,38739943-38740267,,,,,,,,
chr22:clu_6825,,SUN2,human,no_unique_junctions,ENST00000689035.1,ENST00000956730.1,38739426-38739722;38739943-38740267,38739426-38739722;38739943-38740267,,,,,,,,
chr22:clu_6825,,SUN2,human,no_unique_junctions,ENST00000689035.1,ENST00000956754.1,38739426-38739722;38739943-38740267,38739426-38739722;38739943-38740267,,,,,,,,
chr22:clu_6825,,SUN2,human,no_unique_junctions,ENST00000689035.1,ENST00000870857.1,38739426-38739722;38739943-38740267,38739426-38739722;38739943-38740267,,,,,,,,
chr22:clu_6825,,SUN2,human,no_unique_junctions,ENST00000689035.1,ENST00000956744.1,38739426-38739722;38739943-38740267,38739426-38739722;38739943-38740267,,,,,,,,
chr22:clu_6825,,SUN2,human,no_unique_junctions,ENST00000689035.1,ENST00000870850.1,38739426-38739722;38739943-38740267,38739426-38739722;38739943-38740267,,,,,,,,
chr22:clu_6825,,SUN2,human,no_unique_junctions,ENST00000689035.1,ENST00000870841.1,38739426-38739722;38739943-38740267,38739426-38739722;38739943-38740267,,,,,,,,
chr22:clu_6825,,SUN2,human,no_unique_junctions,ENST00000689035.1,ENST00000956731.1,38739426-38739722;38739943-38740267,38739943-38740267,,,,,,,,
chr22:clu_6825,,SUN2,human,no_unique_junctions,ENST00000689035.1,ENST00000956746.1,38739426-38739722;38739943-38740267,38739426-38739722;38739943-38740267,,,,,,,,
chr22:clu_6825,,SUN2,human,no_unique_junctions,ENST00000689035.1,ENST00000870847.1,38739426-38739722;38739943-38740267,38739426-38739722,,,,,,,,
chr22:clu_6825,,SUN2,human,no_unique_junctions,ENST00000689035.1,ENST00000870842.1,38739426-38739722;38739943-38740267,38739426-38739722;38739943-38740267,,,,,,,,
chr22:clu_6825,,SUN2,human,no_unique_junctions,ENST00000689035.1,ENST00000870840.1,38739426-38739722;38739943-38740267,38739426-38739722;38739943-38740267,,,,,,,,
chr22:clu_6825,,SUN2,human,no_unique_junctions,ENST00000689035.1,ENST00000870853.1,38739426-38739722;38739943-38740267,38739426-38739722;38739943-38740267,,,,,,,,
chr22:clu_6825,,SUN2,human,no_unique_junctions,ENST00000689035.1,ENST00000870846.1,38739426-38739722;38739943-38740267,38739426-38739722;38739943-38740267,,,,,,,,
chr22:clu_6825,,SUN2,human,no_unique_junctions,ENST00000689035.1,ENST00000956733.1,38739426-38739722;38739943-38740267,38739426-38739722;38739943-38740267,,,,,,,,
chr22:clu_6825,,SUN2,human,no_unique_junctions,ENST00000689035.1,ENST00000956749.1,38739426-38739722;38739943-38740267,38739426-38739722;38739943-38740267,,,,,,,,
chr22:clu_6825,,SUN2,human,no_unique_junctions,ENST00000689035.1,ENST00000870854.1,38739426-38739722;38739943-38740267,38739426-38739722;38739943-38740267,,,,,,,,
chr22:clu_6825,,SUN2,human,no_unique_junctions,ENST00000689035.1,ENST00000956748.1,38739426-38739722;38739943-38740267,38739426-38739722;38739943-38740267,,,,,,,,
chr22:clu_6825,,SUN2,human,no_unique_junctions,ENST00000689035.1,ENST00000870852.1,38739426-38739722;38739943-38740267,38739426-38739722;38739943-38740267,,,,,,,,
chr22:clu_6825,,SUN2,human,no_unique_junctions,ENST00000689035.1,ENST00000956745.1,38739426-38739722;38739943-38740267,38739426-38739722;38739943-38740267,,,,,,,,
chr22:clu_6825,,SUN2,human,no_unique_junctions,ENST00000689035.1,ENST00000956741.1,38739426-38739722;38739943-38740267,38739426-38739722;38739943-38740267,,,,,,,,
chr22:clu_6825,,SUN2,human,no_unique_junctions,ENST00000689035.1,ENST00000956734.1,38739426-38739722;38739943-38740267,38739426-38739722;38739943-38740267,,,,,,,,
chr22:clu_6825,,SUN2,human,no_unique_junctions,ENST00000689035.1,ENST00000956747.1,38739426-38739722;38739943-38740267,38739426-38739722;38739943-38740267,,,,,,,,
chr22:clu_6825,,SUN2,human,no_unique_junctions,ENST00000689035.1,ENST00000406622.5,38739426-38739722;38739943-38740267,38739426-38739722;38739943-38740267,,,,,,,,
chr22:clu_6825,,SUN2,human,transcript_doesnt_have_junctions,ENST00000689035.1,ENST00000438058.5,38739426-38739722;38739943-38740267,,,,,,,,,
chr22:clu_6825,,SUN2,human,transcript_doesnt_have_junctions,ENST00000689035.1,ENST00000452294.5,38739426-38739722;38739943-38740267,,,,,,,,,
chr22:clu_6825,,SUN2,human,transcript_doesnt_have_junctions,ENST00000689035.1,ENST00000433561.5,38739426-38739722;38739943-38740267,,,,,,,,,
chr22:clu_6825,,SUN2,human,transcript_doesnt_have_junctions,ENST00000689035.1,ENST00000417332.5,38739426-38739722;38739943-38740267,,,,,,,,,
chr22:clu_6825,,SUN2,human,transcript_doesnt_have_junctions,ENST00000689035.1,ENST00000439339.1,38739426-38739722;38739943-38740267,,,,,,,,,
chr22:clu_6825,,SUN2,human,transcript_doesnt_have_junctions,ENST00000689035.1,ENST00000430185.5,38739426-38739722;38739943-38740267,,,,,,,,,
chr7:clu_26476,,ESYT2,human,transcript_doesnt_have_junctions,ENST00000275418.13,ENST00000880533.1,158749723-158752781;158752843-158759486,,,,,,,,,
chr7:clu_26476,,ESYT2,human,no_unique_junctions,ENST00000275418.13,XM_047420659.1,158749723-158752781;158752843-158759486,158749723-158752781;158752843-158759486,,,,,,,,
chr7:clu_26476,,ESYT2,human,no_unique_junctions,ENST00000275418.13,XM_024446847.2,158749723-158752781;158752843-158759486,158749723-158752781;158752843-158759486,,,,,,,,
chr7:clu_26476,,ESYT2,human,no_unique_junctions,ENST00000275418.13,XM_047420658.1,158749723-158752781;158752843-158759486,158749723-158752781;158752843-158759486,,,,,,,,
chr7:clu_26476,,ESYT2,human,no_unique_junctions,ENST00000275418.13,XM_024446848.2,158749723-158752781;158752843-158759486,158749723-158752781;158752843-158759486,,,,,,,,
chr7:clu_26476,,ESYT2,human,transcript_doesnt_have_junctions,ENST00000275418.13,XM_024446849.2,158749723-158752781;158752843-158759486,,,,,,,,,
chr7:clu_26476,,ESYT2,human,transcript_doesnt_have_junctions,ENST00000275418.13,ENST00000435514.3,158749723-158752781;158752843-158759486,,,,,,,,,
chr7:clu_26476,,ESYT2,human,no_unique_junctions,ENST00000275418.13,ENST00000934764.1,158749723-158752781;158752843-158759486,158749723-158752781;158752843-158759486,,,,,,,,
chr7:clu_26476,,ESYT2,human,no_unique_junctions,ENST00000275418.13,ENST00000944355.1,158749723-158752781;158752843-158759486,158749723-158752781,,,,,,,,
chr7:clu_26476,,ESYT2,human,no_unique_junctions,ENST00000275418.13,ENST00000934763.1,158749723-158752781;158752843-158759486,158749723-158752781;158752843-158759486,,,,,,,,
chr7:clu_26476,,ESYT2,human,transcript_doesnt_have_junctions,ENST00000275418.13,ENST00000944351.1,158749723-158752781;158752843-158759486,,,,,,,,,
chr7:clu_26476,,ESYT2,human,transcript_doesnt_have_junctions,ENST00000275418.13,ENST00000944350.1,158749723-158752781;158752843-158759486,,,,,,,,,
chr7:clu_26476,,ESYT2,human,transcript_doesnt_have_junctions,ENST00000275418.13,ENST00000944361.1,158749723-158752781;158752843-158759486,,,,,,,,,
chr7:clu_26476,,ESYT2,human,transcript_doesnt_have_junctions,ENST00000275418.13,ENST00000944354.1,158749723-158752781;158752843-158759486,,,,,,,,,
chr7:clu_26476,,ESYT2,human,transcript_doesnt_have_junctions,ENST00000275418.13,ENST00000944360.1,158749723-158752781;158752843-158759486,,,,,,,,,
chr7:clu_26476,,ESYT2,human,no_unique_junctions,ENST00000275418.13,ENST00000944362.1,158749723-158752781;158752843-158759486,158749723-158752781;158752843-158759486,,,,,,,,
chr7:clu_26476,,ESYT2,human,no_unique_junctions,ENST00000275418.13,ENST00000934767.1,158749723-158752781;158752843-158759486,158749723-158752781;158752843-158759486,,,,,,,,
chr7:clu_26476,,ESYT2,human,transcript_doesnt_have_junctions,ENST00000275418.13,ENST00000483958.5,158749723-158752781;158752843-158759486,,,,,,,,,
chr7:clu_26476,,ESYT2,human,transcript_doesnt_have_junctions,ENST00000275418.13,ENST00000497111.1,158749723-158752781;158752843-158759486,,,,,,,,,
chr7:clu_26476,1/1,ESYT2,human,transcript_not_chosen,ENST00000275418.13,ENST00000251527.10,158749723-158752781;158752843-158759486,158749723-158759486,,,,,,,,
chr7:clu_26476,1/1,ESYT2,human,transcript_not_chosen,ENST00000275418.13,ENST00000934765.1,158749723-158752781;158752843-158759486,158749723-158759486,,,,,,,,
chr7:clu_26476,1/1,ESYT2,human,transcript_not_chosen,ENST00000275418.13,ENST00000934766.1,158749723-158752781;158752843-158759486,158749723-158759486,,,,,,,,
chr7:clu_26476,1/1,ESYT2,human,transcript_not_chosen,ENST00000275418.13,ENST00000944352.1,158749723-158752781;158752843-158759486,158749723-158759486,,,,,,,,
chr7:clu_26476,1/1,ESYT2,human,transcript_not_chosen,ENST00000275418.13,ENST00000944353.1,158749723-158752781;158752843-158759486,158749723-158759486,,,,,,,,
chr7:clu_26476,1/1,ESYT2,human,transcript_not_chosen,ENST00000275418.13,ENST00000944356.1,158749723-158752781;158752843-158759486,158749723-158759486,,,,,,,,
chr7:clu_26476,1/1,ESYT2,human,transcript_not_chosen,ENST00000275418.13,ENST00000944357.1,158749723-158752781;158752843-158759486,158749723-158759486,,,,,,,,
chr7:clu_26476,1/1,ESYT2,human,transcript_not_chosen,ENST00000275418.13,ENST00000944358.1,158749723-158752781;158752843-158759486,158749723-158759486,,,,,,,,
chr7:clu_26476,1/1,ESYT2,human,transcript_not_chosen,ENST00000275418.13,ENST00000944359.1,158749723-158752781;158752843-158759486,158749723-158759486,,,,,,,,
chr7:clu_26476,1/1,ESYT2,human,transcript_not_chosen,ENST00000275418.13,ENST00000944363.1,158749723-158752781;158752843-158759486,158749723-158759486,,,,,,,,
chr7:clu_26476,1/1,ESYT2,human,transcript_not_chosen,ENST00000275418.13,XM_047420660.1,158749723-158752781;158752843-158759486,158749723-158759486,,,,,,,,
chr5:clu_12472,,MGAT1,human,transcript_doesnt_have_junctions,ENST00000307826.5,NM_001364383.2,180793097-180802680,,,,,,,,,
chr5:clu_12472,,MGAT1,human,transcript_doesnt_have_junctions,ENST00000307826.5,ENST00000946446.1,180793097-180802680,,,,,,,,,
chr5:clu_12472,,MGAT1,human,transcript_doesnt_have_junctions,ENST00000307826.5,NM_001364382.2,180793097-180802680,,,,,,,,,
chr5:clu_12472,,MGAT1,human,transcript_doesnt_have_junctions,ENST00000307826.5,ENST00000896405.1,180793097-180802680,,,,,,,,,
chr5:clu_12472,,MGAT1,human,transcript_doesnt_have_junctions,ENST00000307826.5,NM_001364385.2,180793097-180802680,,,,,,,,,
chr5:clu_12472,,MGAT1,human,transcript_doesnt_have_junctions,ENST00000307826.5,XM_047417227.1,180793097-180802680,,,,,,,,,
chr5:clu_12472,,MGAT1,human,transcript_doesnt_have_junctions,ENST00000307826.5,XM_047417225.1,180793097-180802680,,,,,,,,,
chr5:clu_12472,,MGAT1,human,transcript_doesnt_have_junctions,ENST00000307826.5,NM_001364388.2,180793097-180802680,,,,,,,,,
chr5:clu_12472,,MGAT1,human,transcript_doesnt_have_junctions,ENST00000307826.5,XM_047417226.1,180793097-180802680,,,,,,,,,
chr5:clu_12472,,MGAT1,human,transcript_doesnt_have_junctions,ENST00000307826.5,NM_001364377.2,180793097-180802680,,,,,,,,,
chr5:clu_12472,,MGAT1,human,transcript_doesnt_have_junctions,ENST00000307826.5,XM_047417224.1,180793097-180802680,,,,,,,,,
chr5:clu_12472,,MGAT1,human,transcript_doesnt_have_junctions,ENST00000307826.5,NM_001364389.2,180793097-180802680,,,,,,,,,
chr5:clu_12472,,MGAT1,human,transcript_doesnt_have_junctions,ENST00000307826.5,NM_001364390.2,180793097-180802680,,,,,,,,,
chr5:clu_12472,,MGAT1,human,transcript_doesnt_have_junctions,ENST00000307826.5,NM_001364393.2,180793097-180802680,,,,,,,,,
chr5:clu_12472,,MGAT1,human,transcript_doesnt_have_junctions,ENST00000307826.5,ENST00000896416.1,180793097-180802680,,,,,,,,,
chr5:clu_12472,,MGAT1,human,transcript_doesnt_have_junctions,ENST00000307826.5,ENST00000946463.1,180793097-180802680,,,,,,,,,
chr5:clu_12472,,MGAT1,human,transcript_doesnt_have_junctions,ENST00000307826.5,ENST00000946455.1,180793097-180802680,,,,,,,,,
chr5:clu_12472,,MGAT1,human,transcript_doesnt_have_junctions,ENST00000307826.5,ENST00000896406.1,180793097-180802680,,,,,,,,,
chr5:clu_12472,,MGAT1,human,transcript_doesnt_have_junctions,ENST00000307826.5,ENST00000946459.1,180793097-180802680,,,,,,,,,
chr5:clu_12472,,MGAT1,human,transcript_doesnt_have_junctions,ENST00000307826.5,ENST00000896415.1,180793097-180802680,,,,,,,,,
chr5:clu_12472,,MGAT1,human,transcript_doesnt_have_junctions,ENST00000307826.5,ENST00000896414.1,180793097-180802680,,,,,,,,,
chr5:clu_12472,,MGAT1,human,transcript_doesnt_have_junctions,ENST00000307826.5,ENST00000946456.1,180793097-180802680,,,,,,,,,
chr5:clu_12472,,MGAT1,human,transcript_doesnt_have_junctions,ENST00000307826.5,ENST00000946451.1,180793097-180802680,,,,,,,,,
chr5:clu_12472,,MGAT1,human,transcript_doesnt_have_junctions,ENST00000307826.5,ENST00000946448.1,180793097-180802680,,,,,,,,,
chr5:clu_12472,,MGAT1,human,transcript_doesnt_have_junctions,ENST00000307826.5,ENST00000946462.1,180793097-180802680,,,,,,,,,
chr5:clu_12472,,MGAT1,human,transcript_doesnt_have_junctions,ENST00000307826.5,ENST00000946447.1,180793097-180802680,,,,,,,,,
chr5:clu_12472,,MGAT1,human,transcript_doesnt_have_junctions,ENST00000307826.5,ENST00000946452.1,180793097-180802680,,,,,,,,,
chr5:clu_12472,,MGAT1,human,transcript_doesnt_have_junctions,ENST00000307826.5,ENST00000946464.1,180793097-180802680,,,,,,,,,
chr5:clu_12472,,MGAT1,human,transcript_doesnt_have_junctions,ENST00000307826.5,ENST00000514283.1,180793097-180802680,,,,,,,,,
chr5:clu_12472,,MGAT1,human,transcript_doesnt_have_junctions,ENST00000307826.5,ENST00000512695.1,180793097-180802680,,,,,,,,,
chr5:clu_12472,,MGAT1,human,transcript_doesnt_have_junctions,ENST00000307826.5,ENST00000506269.1,180793097-180802680,,,,,,,,,
chr5:clu_12472,,MGAT1,human,transcript_doesnt_have_junctions,ENST00000307826.5,ENST00000514438.1,180793097-180802680,,,,,,,,,
chr5:clu_12472,,MGAT1,human,transcript_doesnt_have_junctions,ENST00000307826.5,ENST00000502678.1,180793097-180802680,,,,,,,,,
chr5:clu_12472,,MGAT1,human,transcript_doesnt_have_junctions,ENST00000307826.5,ENST00000513431.5,180793097-180802680,,,,,,,,,
chr5:clu_12472,,MGAT1,human,transcript_doesnt_have_junctions,ENST00000307826.5,ENST00000504385.5,180793097-180802680,,,,,,,,,
chr5:clu_12472,,MGAT1,human,transcript_doesnt_have_junctions,ENST00000307826.5,ENST00000514760.1,180793097-180802680,,,,,,,,,
chr5:clu_12472,,MGAT1,human,transcript_doesnt_have_junctions,ENST00000307826.5,ENST00000512080.1,180793097-180802680,,,,,,,,,
chr5:clu_12472,,MGAT1,human,transcript_doesnt_have_junctions,ENST00000307826.5,ENST00000510341.1,180793097-180802680,,,,,,,,,
chr5:clu_12472,,MGAT1,human,transcript_doesnt_have_junctions,ENST00000307826.5,ENST00000508702.1,180793097-180802680,,,,,,,,,
chr5:clu_12472,,MGAT1,human,transcript_doesnt_have_junctions,ENST00000307826.5,ENST00000513149.1,180793097-180802680,,,,,,,,,
chr5:clu_12472,,MGAT1,human,transcript_doesnt_have_junctions,ENST00000307826.5,ENST00000510962.1,180793097-180802680,,,,,,,,,
chr5:clu_12472,,MGAT1,human,transcript_doesnt_have_junctions,ENST00000307826.5,ENST00000508090.1,180793097-180802680,,,,,,,,,
chr5:clu_12472,,MGAT1,human,transcript_doesnt_have_junctions,ENST00000307826.5,ENST00000506708.1,180793097-180802680,,,,,,,,,
chr5:clu_12472,,MGAT1,human,transcript_doesnt_have_junctions,ENST00000307826.5,ENST00000506033.1,180793097-180802680,,,,,,,,,
chr5:clu_12472,2/3,MGAT1,human,transcript_not_chosen,ENST00000307826.5,ENST00000333055.8,180793097-180802680,180793097-180808648,,,,,,,,
chr5:clu_12472,2/3,MGAT1,human,transcript_not_chosen,ENST00000307826.5,ENST00000393340.7,180793097-180802680,180793097-180808648,,,,,,,,
chr5:clu_12472,2/3,MGAT1,human,transcript_not_chosen,ENST00000307826.5,ENST00000446023.6,180793097-180802680,180793097-180808648,,,,,,,,
chr5:clu_12472,2/3,MGAT1,human,transcript_not_chosen,ENST00000307826.5,ENST00000506889.1,180793097-180802680,180793097-180808648,,,,,,,,
chr5:clu_12472,2/3,MGAT1,human,transcript_not_chosen,ENST00000307826.5,ENST00000896404.1,180793097-180802680,180793097-180808648,,,,,,,,
chr5:clu_12472,2/3,MGAT1,human,transcript_not_chosen,ENST00000307826.5,ENST00000896407.1,180793097-180802680,180793097-180808648,,,,,,,,
chr5:clu_12472,2/3,MGAT1,human,transcript_not_chosen,ENST00000307826.5,ENST00000896408.1,180793097-180802680,180793097-180808648,,,,,,,,
chr5:clu_12472,2/3,MGAT1,human,transcript_not_chosen,ENST00000307826.5,ENST00000896409.1,180793097-180802680,180793097-180808648,,,,,,,,
chr5:clu_12472,2/3,MGAT1,human,transcript_not_chosen,ENST00000307826.5,ENST00000896410.1,180793097-180802680,180793097-180808648,,,,,,,,
chr5:clu_12472,2/3,MGAT1,human,transcript_not_chosen,ENST00000307826.5,ENST00000896412.1,180793097-180802680,180793097-180808648,,,,,,,,
chr5:clu_12472,2/3,MGAT1,human,transcript_not_chosen,ENST00000307826.5,ENST00000896413.1,180793097-180802680,180793097-180808648,,,,,,,,
chr5:clu_12472,2/3,MGAT1,human,transcript_not_chosen,ENST00000307826.5,ENST00000916776.1,180793097-180802680,180793097-180808648,,,,,,,,
chr5:clu_12472,2/3,MGAT1,human,transcript_not_chosen,ENST00000307826.5,ENST00000916777.1,180793097-180802680,180793097-180808648,,,,,,,,
chr5:clu_12472,2/3,MGAT1,human,transcript_not_chosen,ENST00000307826.5,ENST00000916778.1,180793097-180802680,180793097-180808648,,,,,,,,
chr5:clu_12472,2/3,MGAT1,human,transcript_not_chosen,ENST00000307826.5,ENST00000946449.1,180793097-180802680,180793097-180808648,,,,,,,,
chr5:clu_12472,2/3,MGAT1,human,transcript_not_chosen,ENST00000307826.5,ENST00000946450.1,180793097-180802680,180793097-180808648,,,,,,,,
chr5:clu_12472,2/3,MGAT1,human,transcript_not_chosen,ENST00000307826.5,ENST00000946453.1,180793097-180802680,180793097-180808648,,,,,,,,
chr5:clu_12472,2/3,MGAT1,human,transcript_not_chosen,ENST00000307826.5,ENST00000946454.1,180793097-180802680,180793097-180808648,,,,,,,,
chr5:clu_12472,2/3,MGAT1,human,transcript_not_chosen,ENST00000307826.5,ENST00000946457.1,180793097-180802680,180793097-180808648,,,,,,,,
chr5:clu_12472,2/3,MGAT1,human,transcript_not_chosen,ENST00000307826.5,ENST00000946458.1,180793097-180802680,180793097-180808648,,,,,,,,
chr5:clu_12472,2/3,MGAT1,human,transcript_not_chosen,ENST00000307826.5,NM_001364379.2,180793097-180802680,180793097-180808648,,,,,,,,
chr5:clu_12472,2/3,MGAT1,human,transcript_not_chosen,ENST00000307826.5,NM_001364384.2,180793097-180802680,180793097-180808648,,,,,,,,
chr5:clu_12472,2/3,MGAT1,human,transcript_not_chosen,ENST00000307826.5,NM_001364386.2,180793097-180802680,180793097-180808648,,,,,,,,
chr5:clu_12472,2/3,MGAT1,human,transcript_not_chosen,ENST00000307826.5,XM_047417221.1,180793097-180802680,180793097-180808648,,,,,,,,
chr5:clu_12472,2/3,MGAT1,human,transcript_not_chosen,ENST00000307826.5,XM_047417222.1,180793097-180802680,180793097-180808648,,,,,,,,
chr5:clu_12472,2/3,MGAT1,human,transcript_not_chosen,ENST00000307826.5,XM_047417223.1,180793097-180802680,180793097-180808648,,,,,,,,
chr5:clu_12472,3/3,MGAT1,human,transcript_not_chosen,ENST00000307826.5,ENST00000504671.1,180793097-180802680,180795875-180802680,,,,,,,,
chr5:clu_12472,3/3,MGAT1,human,transcript_not_chosen,ENST00000307826.5,ENST00000505682.1,180793097-180802680,180795875-180802680,,,,,,,,
chr5:clu_12472,3/3,MGAT1,human,transcript_not_chosen,ENST00000307826.5,ENST00000507384.1,180793097-180802680,180795875-180802680,,,,,,,,
chr5:clu_12472,3/3,MGAT1,human,transcript_not_chosen,ENST00000307826.5,ENST00000946460.1,180793097-180802680,180795875-180802680,,,,,,,,
chr5:clu_12472,3/3,MGAT1,human,transcript_not_chosen,ENST00000307826.5,ENST00000946461.1,180793097-180802680,180795875-180802680,,,,,,,,
chr12:clu_17303,,PCBP2,human,no_unique_junctions,ENST00000546463.6,ENST00000359462.9,53467293-53467805;53467843-53468777,53467293-53467805;53467843-53468777,,,,,,,,
chr12:clu_17303,,PCBP2,human,no_unique_junctions,ENST00000546463.6,ENST00000447282.5,53467293-53467805;53467843-53468777,53467293-53467805;53467843-53468777,,,,,,,,
chr12:clu_17303,,PCBP2,human,no_unique_junctions,ENST00000546463.6,ENST00000359282.9,53467293-53467805;53467843-53468777,53467293-53467805;53467843-53468777,,,,,,,,
chr12:clu_17303,,PCBP2,human,transcript_doesnt_have_junctions,ENST00000546463.6,ENST00000550910.1,53467293-53467805;53467843-53468777,,,,,,,,,
chr12:clu_17303,,PCBP2,human,transcript_doesnt_have_junctions,ENST00000546463.6,ENST00000548190.1,53467293-53467805;53467843-53468777,,,,,,,,,
chr12:clu_17303,,PCBP2,human,transcript_doesnt_have_junctions,ENST00000546463.6,ENST00000547987.2,53467293-53467805;53467843-53468777,,,,,,,,,
chr12:clu_17303,,PCBP2,human,transcript_doesnt_have_junctions,ENST00000546463.6,ENST00000549272.1,53467293-53467805;53467843-53468777,,,,,,,,,
chr12:clu_17303,,PCBP2,human,transcript_doesnt_have_junctions,ENST00000546463.6,ENST00000547048.5,53467293-53467805;53467843-53468777,,,,,,,,,
chr12:clu_17303,,PCBP2,human,transcript_doesnt_have_junctions,ENST00000546463.6,ENST00000550733.1,53467293-53467805;53467843-53468777,,,,,,,,,
chr12:clu_17303,,PCBP2,human,no_unique_junctions,ENST00000546463.6,ENST00000868134.1,53467293-53467805;53467843-53468777,53467293-53467805;53467843-53468777,,,,,,,,
chr12:clu_17303,,PCBP2,human,transcript_doesnt_have_junctions,ENST00000546463.6,ENST00000868146.1,53467293-53467805;53467843-53468777,,,,,,,,,
chr12:clu_17303,,PCBP2,human,transcript_doesnt_have_junctions,ENST00000546463.6,ENST00000868137.1,53467293-53467805;53467843-53468777,,,,,,,,,
chr12:clu_17303,,PCBP2,human,no_unique_junctions,ENST00000546463.6,ENST00000868156.1,53467293-53467805;53467843-53468777,53467293-53467805;53467843-53468777,,,,,,,,
chr12:clu_17303,,PCBP2,human,no_unique_junctions,ENST00000546463.6,ENST00000868149.1,53467293-53467805;53467843-53468777,53467293-53467805;53467843-53468777,,,,,,,,
chr12:clu_17303,,PCBP2,human,no_unique_junctions,ENST00000546463.6,ENST00000868164.1,53467293-53467805;53467843-53468777,53467293-53467805;53467843-53468777,,,,,,,,
chr12:clu_17303,,PCBP2,human,transcript_doesnt_have_junctions,ENST00000546463.6,ENST00000868162.1,53467293-53467805;53467843-53468777,,,,,,,,,
chr12:clu_17303,,PCBP2,human,no_unique_junctions,ENST00000546463.6,ENST00000868158.1,53467293-53467805;53467843-53468777,53467293-53467805;53467843-53468777,,,,,,,,
chr12:clu_17303,,PCBP2,human,no_unique_junctions,ENST00000546463.6,ENST00000868157.1,53467293-53467805;53467843-53468777,53467293-53467805;53467843-53468777,,,,,,,,
chr12:clu_17303,,PCBP2,human,no_unique_junctions,ENST00000546463.6,ENST00000868155.1,53467293-53467805;53467843-53468777,53467293-53467805;53467843-53468777,,,,,,,,
chr12:clu_17303,,PCBP2,human,no_unique_junctions,ENST00000546463.6,ENST00000868153.1,53467293-53467805;53467843-53468777,53467293-53467805;53467843-53468777,,,,,,,,
chr12:clu_17303,,PCBP2,human,transcript_doesnt_have_junctions,ENST00000546463.6,ENST00000868151.1,53467293-53467805;53467843-53468777,,,,,,,,,
chr12:clu_17303,,PCBP2,human,no_unique_junctions,ENST00000546463.6,ENST00000868152.1,53467293-53467805;53467843-53468777,53467293-53467805;53467843-53468777,,,,,,,,
chr12:clu_17303,,PCBP2,human,no_unique_junctions,ENST00000546463.6,ENST00000868161.1,53467293-53467805;53467843-53468777,53467293-53467805;53467843-53468777,,,,,,,,
chr12:clu_17303,,PCBP2,human,no_unique_junctions,ENST00000546463.6,ENST00000868165.1,53467293-53467805;53467843-53468777,53467293-53467805;53467843-53468777,,,,,,,,
chr12:clu_17303,,PCBP2,human,transcript_doesnt_have_junctions,ENST00000546463.6,ENST00000868160.1,53467293-53467805;53467843-53468777,,,,,,,,,
chr12:clu_17303,,PCBP2,human,no_unique_junctions,ENST00000546463.6,ENST00000868154.1,53467293-53467805;53467843-53468777,53467293-53467805;53467843-53468777,,,,,,,,
chr12:clu_17303,,PCBP2,human,transcript_doesnt_have_junctions,ENST00000546463.6,ENST00000868144.1,53467293-53467805;53467843-53468777,,,,,,,,,
chr12:clu_17303,,PCBP2,human,no_unique_junctions,ENST00000546463.6,ENST00000549863.5,53467293-53467805;53467843-53468777,53467293-53467805;53467843-53468777,,,,,,,,
chr12:clu_17303,,PCBP2,human,transcript_doesnt_have_junctions,ENST00000546463.6,ENST00000550520.6,53467293-53467805;53467843-53468777,,,,,,,,,
chr12:clu_17303,,PCBP2,human,no_unique_junctions,ENST00000546463.6,ENST00000946734.1,53467293-53467805;53467843-53468777,53467293-53467805;53467843-53468777,,,,,,,,
chr12:clu_17303,,PCBP2,human,transcript_doesnt_have_junctions,ENST00000546463.6,ENST00000923987.1,53467293-53467805;53467843-53468777,,,,,,,,,
chr12:clu_17303,,PCBP2,human,transcript_doesnt_have_junctions,ENST00000546463.6,ENST00000946736.1,53467293-53467805;53467843-53468777,,,,,,,,,
chr12:clu_17303,,PCBP2,human,no_unique_junctions,ENST00000546463.6,ENST00000946737.1,53467293-53467805;53467843-53468777,53467293-53467805;53467843-53468777,,,,,,,,
chr12:clu_17303,,PCBP2,human,transcript_doesnt_have_junctions,ENST00000546463.6,ENST00000550192.5,53467293-53467805;53467843-53468777,,,,,,,,,
chr12:clu_17303,,PCBP2,human,transcript_doesnt_have_junctions,ENST00000546463.6,ENST00000551104.5,53467293-53467805;53467843-53468777,,,,,,,,,
chr12:clu_17303,,PCBP2,human,transcript_doesnt_have_junctions,ENST00000546463.6,ENST00000552980.6,53467293-53467805;53467843-53468777,,,,,,,,,
chr12:clu_17303,,PCBP2,human,no_unique_junctions,ENST00000546463.6,ENST00000548933.5,53467293-53467805;53467843-53468777,53467293-53467805;53467843-53468777,,,,,,,,
chr12:clu_17303,,PCBP2,human,transcript_doesnt_have_junctions,ENST00000546463.6,ENST00000546652.6,53467293-53467805;53467843-53468777,,,,,,,,,
chr12:clu_17303,,PCBP2,human,no_unique_junctions,ENST00000546463.6,ENST00000550585.5,53467293-53467805;53467843-53468777,53467293-53467805;53467843-53468777,,,,,,,,
chr12:clu_17303,,PCBP2,human,no_unique_junctions,ENST00000546463.6,ENST00000553064.6,53467293-53467805;53467843-53468777,53467293-53467805;53467843-53468777,,,,,,,,
chr12:clu_17303,1/2,PCBP2,human,transcript_not_chosen,ENST00000546463.6,ENST00000437231.5,53467293-53467805;53467843-53468777,53467293-53468777,,,,,,,,
chr12:clu_17303,1/2,PCBP2,human,transcript_not_chosen,ENST00000546463.6,ENST00000455667.7,53467293-53467805;53467843-53468777,53467293-53468777,,,,,,,,
chr12:clu_17303,1/2,PCBP2,human,transcript_not_chosen,ENST00000546463.6,ENST00000547859.2,53467293-53467805;53467843-53468777,53467293-53468777,,,,,,,,
chr12:clu_17303,1/2,PCBP2,human,transcript_not_chosen,ENST00000546463.6,ENST00000552819.5,53467293-53467805;53467843-53468777,53467293-53468777,,,,,,,,
chr12:clu_17303,1/2,PCBP2,human,transcript_not_chosen,ENST00000546463.6,ENST00000868136.1,53467293-53467805;53467843-53468777,53467293-53468777,,,,,,,,
chr12:clu_17303,1/2,PCBP2,human,transcript_not_chosen,ENST00000546463.6,ENST00000868138.1,53467293-53467805;53467843-53468777,53467293-53468777,,,,,,,,
chr12:clu_17303,1/2,PCBP2,human,transcript_not_chosen,ENST00000546463.6,ENST00000868141.1,53467293-53467805;53467843-53468777,53467293-53468777,,,,,,,,
chr12:clu_17303,1/2,PCBP2,human,transcript_not_chosen,ENST00000546463.6,ENST00000868142.1,53467293-53467805;53467843-53468777,53467293-53468777,,,,,,,,
chr12:clu_17303,1/2,PCBP2,human,transcript_not_chosen,ENST00000546463.6,ENST00000868143.1,53467293-53467805;53467843-53468777,53467293-53468777,,,,,,,,
chr12:clu_17303,1/2,PCBP2,human,transcript_not_chosen,ENST00000546463.6,ENST00000868148.1,53467293-53467805;53467843-53468777,53467293-53468777,,,,,,,,
chr12:clu_17303,1/2,PCBP2,human,transcript_not_chosen,ENST00000546463.6,ENST00000923986.1,53467293-53467805;53467843-53468777,53467293-53468777,,,,,,,,
chr12:clu_17303,2/2,PCBP2,human,transcript_not_chosen,ENST00000546463.6,ENST00000552296.6,53467293-53467805;53467843-53468777,53467293-53467805;53467843-53468780,,,,,,,,
chr12:clu_17303,2/2,PCBP2,human,transcript_not_chosen,ENST00000546463.6,ENST00000562264.5,53467293-53467805;53467843-53468777,53467293-53467805;53467843-53468780,,,,,,,,
chr12:clu_17303,2/2,PCBP2,human,transcript_not_chosen,ENST00000546463.6,ENST00000868135.1,53467293-53467805;53467843-53468777,53467293-53467805;53467843-53468780,,,,,,,,
chr12:clu_17303,2/2,PCBP2,human,transcript_not_chosen,ENST00000546463.6,ENST00000868139.1,53467293-53467805;53467843-53468777,53467293-53467805;53467843-53468780,,,,,,,,
chr12:clu_17303,2/2,PCBP2,human,transcript_not_chosen,ENST00000546463.6,ENST00000868140.1,53467293-53467805;53467843-53468777,53467293-53467805;53467843-53468780,,,,,,,,
chr12:clu_17303,2/2,PCBP2,human,transcript_not_chosen,ENST00000546463.6,ENST00000868147.1,53467293-53467805;53467843-53468777,53467293-53467805;53467843-53468780,,,,,,,,
chr12:clu_17303,2/2,PCBP2,human,transcript_not_chosen,ENST00000546463.6,ENST00000868150.1,53467293-53467805;53467843-53468777,53467293-53467805;53467843-53468780,,,,,,,,
chr12:clu_17303,2/2,PCBP2,human,transcript_not_chosen,ENST00000546463.6,ENST00000868159.1,53467293-53467805;53467843-53468777,53467293-53467805;53467843-53468780,,,,,,,,
chr12:clu_17303,2/2,PCBP2,human,transcript_not_chosen,ENST00000546463.6,ENST00000868163.1,53467293-53467805;53467843-53468777,53467293-53467805;53467843-53468780,,,,,,,,
chr12:clu_17303,2/2,PCBP2,human,transcript_not_chosen,ENST00000546463.6,ENST00000868166.1,53467293-53467805;53467843-53468777,53467293-53467805;53467843-53468780,,,,,,,,
chr12:clu_17303,2/2,PCBP2,human,transcript_not_chosen,ENST00000546463.6,ENST00000923988.1,53467293-53467805;53467843-53468777,53467293-53467805;53467843-53468780,,,,,,,,
chr12:clu_17303,2/2,PCBP2,human,transcript_not_chosen,ENST00000546463.6,ENST00000946735.1,53467293-53467805;53467843-53468777,53467293-53467805;53467843-53468780,,,,,,,,
chrX:clu_22597,,SH3KBP1,human,no_unique_junctions,ENST00000397821.8,ENST00000699673.1,19746441-19836125,19746441-19836125,,,,,,,,
chrX:clu_22597,,SH3KBP1,human,no_unique_junctions,ENST00000397821.8,ENST00000699671.1,19746441-19836125,19746441-19836125,,,,,,,,
chrX:clu_22597,,SH3KBP1,human,no_unique_junctions,ENST00000397821.8,ENST00000699668.1,19746441-19836125,19746441-19836125,,,,,,,,
chrX:clu_22597,,SH3KBP1,human,no_unique_junctions,ENST00000397821.8,ENST00000699670.1,19746441-19836125,19746441-19836125,,,,,,,,
chrX:clu_22597,,SH3KBP1,human,no_unique_junctions,ENST00000397821.8,ENST00000379726.8,19746441-19836125,19746441-19836125,,,,,,,,
chrX:clu_22597,,SH3KBP1,human,transcript_doesnt_have_junctions,ENST00000397821.8,XM_017029468.3,19746441-19836125,,,,,,,,,
chrX:clu_22597,,SH3KBP1,human,transcript_doesnt_have_junctions,ENST00000397821.8,XM_047442043.1,19746441-19836125,,,,,,,,,
chrX:clu_22597,,SH3KBP1,human,transcript_doesnt_have_junctions,ENST00000397821.8,XM_017029467.3,19746441-19836125,,,,,,,,,
chrX:clu_22597,,SH3KBP1,human,transcript_doesnt_have_junctions,ENST00000397821.8,XM_017029461.2,19746441-19836125,,,,,,,,,
chrX:clu_22597,,SH3KBP1,human,transcript_doesnt_have_junctions,ENST00000397821.8,XM_017029460.2,19746441-19836125,,,,,,,,,
chrX:clu_22597,,SH3KBP1,human,transcript_doesnt_have_junctions,ENST00000397821.8,XM_047442044.1,19746441-19836125,,,,,,,,,
chrX:clu_22597,,SH3KBP1,human,transcript_doesnt_have_junctions,ENST00000397821.8,ENST00000699733.1,19746441-19836125,,,,,,,,,
chrX:clu_22597,,SH3KBP1,human,transcript_doesnt_have_junctions,ENST00000397821.8,ENST00000699726.1,19746441-19836125,,,,,,,,,
chrX:clu_22597,,SH3KBP1,human,transcript_doesnt_have_junctions,ENST00000397821.8,ENST00000699720.1,19746441-19836125,,,,,,,,,
chrX:clu_22597,,SH3KBP1,human,transcript_doesnt_have_junctions,ENST00000397821.8,ENST00000699725.1,19746441-19836125,,,,,,,,,
chrX:clu_22597,,SH3KBP1,human,transcript_doesnt_have_junctions,ENST00000397821.8,ENST00000699729.1,19746441-19836125,,,,,,,,,
chrX:clu_22597,,SH3KBP1,human,transcript_doesnt_have_junctions,ENST00000397821.8,XM_047442048.1,19746441-19836125,,,,,,,,,
chrX:clu_22597,,SH3KBP1,human,transcript_doesnt_have_junctions,ENST00000397821.8,XM_047442045.1,19746441-19836125,,,,,,,,,
chrX:clu_22597,,SH3KBP1,human,transcript_doesnt_have_junctions,ENST00000397821.8,XM_047442041.1,19746441-19836125,,,,,,,,,
chrX:clu_22597,,SH3KBP1,human,transcript_doesnt_have_junctions,ENST00000397821.8,XM_047442046.1,19746441-19836125,,,,,,,,,
chrX:clu_22597,,SH3KBP1,human,transcript_doesnt_have_junctions,ENST00000397821.8,XM_047442042.1,19746441-19836125,,,,,,,,,
chrX:clu_22597,,SH3KBP1,human,transcript_doesnt_have_junctions,ENST00000397821.8,XM_047442039.1,19746441-19836125,,,,,,,,,
chrX:clu_22597,,SH3KBP1,human,transcript_doesnt_have_junctions,ENST00000397821.8,ENST00000699738.1,19746441-19836125,,,,,,,,,
chrX:clu_22597,,SH3KBP1,human,transcript_doesnt_have_junctions,ENST00000397821.8,ENST00000379716.5,19746441-19836125,,,,,,,,,
chrX:clu_22597,,SH3KBP1,human,transcript_doesnt_have_junctions,ENST00000397821.8,XM_017029469.2,19746441-19836125,,,,,,,,,
chrX:clu_22597,,SH3KBP1,human,transcript_doesnt_have_junctions,ENST00000397821.8,XM_047442050.1,19746441-19836125,,,,,,,,,
chrX:clu_22597,,SH3KBP1,human,transcript_doesnt_have_junctions,ENST00000397821.8,ENST00000699721.1,19746441-19836125,,,,,,,,,
chrX:clu_22597,,SH3KBP1,human,no_unique_junctions,ENST00000397821.8,XM_011545503.4,19746441-19836125,19746441-19836125,,,,,,,,
chrX:clu_22597,,SH3KBP1,human,transcript_doesnt_have_junctions,ENST00000397821.8,ENST00000699737.1,19746441-19836125,,,,,,,,,
chrX:clu_22597,,SH3KBP1,human,no_unique_junctions,ENST00000397821.8,ENST00000699677.1,19746441-19836125,19746441-19836125,,,,,,,,
chrX:clu_22597,,SH3KBP1,human,transcript_doesnt_have_junctions,ENST00000397821.8,ENST00000699739.1,19746441-19836125,,,,,,,,,
chrX:clu_22597,,SH3KBP1,human,transcript_doesnt_have_junctions,ENST00000397821.8,ENST00000699740.1,19746441-19836125,,,,,,,,,
chrX:clu_22597,,SH3KBP1,human,transcript_doesnt_have_junctions,ENST00000397821.8,ENST00000699741.1,19746441-19836125,,,,,,,,,
chrX:clu_22597,,SH3KBP1,human,no_unique_junctions,ENST00000397821.8,ENST00000379697.7,19746441-19836125,19746441-19836125,,,,,,,,
chrX:clu_22597,,SH3KBP1,human,transcript_doesnt_have_junctions,ENST00000397821.8,ENST00000699744.1,19746441-19836125,,,,,,,,,
chrX:clu_22597,,SH3KBP1,human,no_unique_junctions,ENST00000397821.8,ENST00000699680.1,19746441-19836125,19746441-19836125,,,,,,,,
chrX:clu_22597,,SH3KBP1,human,transcript_doesnt_have_junctions,ENST00000397821.8,ENST00000699745.1,19746441-19836125,,,,,,,,,
chrX:clu_22597,,SH3KBP1,human,transcript_doesnt_have_junctions,ENST00000397821.8,ENST00000699724.1,19746441-19836125,,,,,,,,,
chrX:clu_22597,,SH3KBP1,human,transcript_doesnt_have_junctions,ENST00000397821.8,ENST00000699727.1,19746441-19836125,,,,,,,,,
chrX:clu_22597,,SH3KBP1,human,no_unique_junctions,ENST00000397821.8,ENST00000699666.1,19746441-19836125,19746441-19836125,,,,,,,,
chrX:clu_22597,,SH3KBP1,human,no_unique_junctions,ENST00000397821.8,ENST00000699667.1,19746441-19836125,19746441-19836125,,,,,,,,
chrX:clu_22597,,SH3KBP1,human,transcript_doesnt_have_junctions,ENST00000397821.8,ENST00000699730.1,19746441-19836125,,,,,,,,,
chrX:clu_22597,,SH3KBP1,human,transcript_doesnt_have_junctions,ENST00000397821.8,ENST00000699731.1,19746441-19836125,,,,,,,,,
chrX:clu_22597,,SH3KBP1,human,transcript_doesnt_have_junctions,ENST00000397821.8,ENST00000699732.1,19746441-19836125,,,,,,,,,
chrX:clu_22597,,SH3KBP1,human,transcript_doesnt_have_junctions,ENST00000397821.8,ENST00000699734.1,19746441-19836125,,,,,,,,,
chrX:clu_22597,,SH3KBP1,human,transcript_doesnt_have_junctions,ENST00000397821.8,ENST00000699735.1,19746441-19836125,,,,,,,,,
chrX:clu_22597,,SH3KBP1,human,no_unique_junctions,ENST00000397821.8,ENST00000699669.1,19746441-19836125,19746441-19836125,,,,,,,,
chrX:clu_22597,,SH3KBP1,human,transcript_doesnt_have_junctions,ENST00000397821.8,ENST00000699672.1,19746441-19836125,,,,,,,,,
chrX:clu_22597,,SH3KBP1,human,transcript_doesnt_have_junctions,ENST00000397821.8,ENST00000699674.1,19746441-19836125,,,,,,,,,
chrX:clu_22597,,SH3KBP1,human,transcript_doesnt_have_junctions,ENST00000397821.8,ENST00000494961.6,19746441-19836125,,,,,,,,,
chrX:clu_22597,,SH3KBP1,human,no_unique_junctions,ENST00000397821.8,ENST00000699675.1,19746441-19836125,19746441-19836125,,,,,,,,
chrX:clu_22597,,SH3KBP1,human,no_unique_junctions,ENST00000397821.8,ENST00000699676.1,19746441-19836125,19746441-19836125,,,,,,,,
chrX:clu_22597,,SH3KBP1,human,no_unique_junctions,ENST00000397821.8,ENST00000699678.1,19746441-19836125,19746441-19836125,,,,,,,,
chrX:clu_22597,,SH3KBP1,human,no_unique_junctions,ENST00000397821.8,ENST00000699679.1,19746441-19836125,19746441-19836125,,,,,,,,
chrX:clu_22597,,SH3KBP1,human,no_unique_junctions,ENST00000397821.8,ENST00000970301.1,19746441-19836125,19746441-19836125,,,,,,,,
chrX:clu_22597,,SH3KBP1,human,no_unique_junctions,ENST00000397821.8,ENST00000878923.1,19746441-19836125,19746441-19836125,,,,,,,,
chrX:clu_22597,,SH3KBP1,human,transcript_doesnt_have_junctions,ENST00000397821.8,ENST00000699742.1,19746441-19836125,,,,,,,,,
chrX:clu_22597,,SH3KBP1,human,no_unique_junctions,ENST00000397821.8,ENST00000970303.1,19746441-19836125,19746441-19836125,,,,,,,,
chrX:clu_22597,,SH3KBP1,human,no_unique_junctions,ENST00000397821.8,ENST00000970302.1,19746441-19836125,19746441-19836125,,,,,,,,
chrX:clu_22597,,SH3KBP1,human,no_unique_junctions,ENST00000397821.8,ENST00000970304.1,19746441-19836125,19746441-19836125,,,,,,,,
chrX:clu_22597,,SH3KBP1,human,no_unique_junctions,ENST00000397821.8,ENST00000970305.1,19746441-19836125,19746441-19836125,,,,,,,,
chrX:clu_22597,,SH3KBP1,human,transcript_doesnt_have_junctions,ENST00000397821.8,ENST00000699722.1,19746441-19836125,,,,,,,,,
chrX:clu_22597,,SH3KBP1,human,transcript_doesnt_have_junctions,ENST00000397821.8,ENST00000699728.1,19746441-19836125,,,,,,,,,
chrX:clu_22597,,SH3KBP1,human,transcript_doesnt_have_junctions,ENST00000397821.8,ENST00000699736.1,19746441-19836125,,,,,,,,,
chrX:clu_22597,,SH3KBP1,human,transcript_doesnt_have_junctions,ENST00000397821.8,ENST00000699743.1,19746441-19836125,,,,,,,,,
chrX:clu_22597,,SH3KBP1,human,transcript_doesnt_have_junctions,ENST00000397821.8,ENST00000477102.1,19746441-19836125,,,,,,,,,
chrX:clu_22597,,SH3KBP1,human,transcript_doesnt_have_junctions,ENST00000397821.8,ENST00000432234.5,19746441-19836125,,,,,,,,,
chrX:clu_22597,,SH3KBP1,human,transcript_doesnt_have_junctions,ENST00000397821.8,ENST00000431164.1,19746441-19836125,,,,,,,,,
chrX:clu_22597,1/1,SH3KBP1,human,transcript_not_chosen,ENST00000397821.8,ENST00000379698.8,19746441-19836125,19746441-19799634,,,,,,,,
chrX:clu_22597,1/1,SH3KBP1,human,transcript_not_chosen,ENST00000397821.8,ENST00000699723.1,19746441-19836125,19746441-19799634,,,,,,,,
chrX:clu_22597,1/1,SH3KBP1,human,transcript_not_chosen,ENST00000397821.8,XM_047442047.1,19746441-19836125,19746441-19799634,,,,,,,,
chr13:clu_23618,,CARS2,human,no_unique_junctions,ENST00000257347.9,XM_006719953.4,110663518-110667340,110663518-110667340,,,,,,,,
chr13:clu_23618,,CARS2,human,no_unique_junctions,ENST00000257347.9,NM_001352252.2,110663518-110667340,110663518-110667340,,,,,,,,
chr13:clu_23618,,CARS2,human,no_unique_junctions,ENST00000257347.9,XM_047430606.1,110663518-110667340,110663518-110667340,,,,,,,,
chr13:clu_23618,,CARS2,human,no_unique_junctions,ENST00000257347.9,XM_047430609.1,110663518-110667340,110663518-110667340,,,,,,,,
chr13:clu_23618,,CARS2,human,no_unique_junctions,ENST00000257347.9,XM_047430607.1,110663518-110667340,110663518-110667340,,,,,,,,
chr13:clu_23618,,CARS2,human,no_unique_junctions,ENST00000257347.9,XM_047430608.1,110663518-110667340,110663518-110667340,,,,,,,,
chr13:clu_23618,,CARS2,human,no_unique_junctions,ENST00000257347.9,XM_047430605.1,110663518-110667340,110663518-110667340,,,,,,,,
chr13:clu_23618,,CARS2,human,no_unique_junctions,ENST00000257347.9,XM_017020742.3,110663518-110667340,110663518-110667340,,,,,,,,
chr13:clu_23618,,CARS2,human,transcript_doesnt_have_junctions,ENST00000257347.9,NM_001352253.3,110663518-110667340,,,,,,,,,
chr13:clu_23618,,CARS2,human,transcript_doesnt_have_junctions,ENST00000257347.9,XM_011521118.4,110663518-110667340,,,,,,,,,
chr13:clu_23618,,CARS2,human,transcript_doesnt_have_junctions,ENST00000257347.9,ENST00000541239.5,110663518-110667340,,,,,,,,,
chr13:clu_23618,,CARS2,human,transcript_doesnt_have_junctions,ENST00000257347.9,ENST00000540006.5,110663518-110667340,,,,,,,,,
chr13:clu_23618,,CARS2,human,transcript_doesnt_have_junctions,ENST00000257347.9,ENST00000375781.9,110663518-110667340,,,,,,,,,
chr13:clu_23618,,CARS2,human,transcript_doesnt_have_junctions,ENST00000257347.9,ENST00000535516.5,110663518-110667340,,,,,,,,,
chr13:clu_23618,,CARS2,human,no_unique_junctions,ENST00000257347.9,ENST00000481787.6,110663518-110667340,110663518-110667340,,,,,,,,
chr13:clu_23618,,CARS2,human,transcript_doesnt_have_junctions,ENST00000257347.9,ENST00000540215.1,110663518-110667340,,,,,,,,,
chr13:clu_23618,,CARS2,human,transcript_doesnt_have_junctions,ENST00000257347.9,ENST00000537386.1,110663518-110667340,,,,,,,,,
chr13:clu_23618,,CARS2,human,transcript_doesnt_have_junctions,ENST00000257347.9,ENST00000537404.1,110663518-110667340,,,,,,,,,
chr13:clu_23618,,CARS2,human,no_unique_junctions,ENST00000257347.9,ENST00000539405.1,110663518-110667340,110663518-110667340,,,,,,,,
chr13:clu_23618,,CARS2,human,transcript_doesnt_have_junctions,ENST00000257347.9,ENST00000540785.1,110663518-110667340,,,,,,,,,
chr13:clu_23618,,CARS2,human,no_unique_junctions,ENST00000257347.9,ENST00000890913.1,110663518-110667340,110663518-110667340,,,,,,,,
chr13:clu_23618,,CARS2,human,no_unique_junctions,ENST00000257347.9,ENST00000890914.1,110663518-110667340,110663518-110667340,,,,,,,,
chr13:clu_23618,,CARS2,human,no_unique_junctions,ENST00000257347.9,ENST00000939450.1,110663518-110667340,110663518-110667340,,,,,,,,
chr13:clu_23618,,CARS2,human,transcript_doesnt_have_junctions,ENST00000257347.9,ENST00000960810.1,110663518-110667340,,,,,,,,,
chr13:clu_23618,,CARS2,human,no_unique_junctions,ENST00000257347.9,ENST00000939451.1,110663518-110667340,110663518-110667340,,,,,,,,
chr13:clu_23618,,CARS2,human,transcript_doesnt_have_junctions,ENST00000257347.9,ENST00000890915.1,110663518-110667340,,,,,,,,,
chr13:clu_23618,,CARS2,human,no_unique_junctions,ENST00000257347.9,ENST00000939453.1,110663518-110667340,110663518-110667340,,,,,,,,
chr13:clu_23618,,CARS2,human,transcript_doesnt_have_junctions,ENST00000257347.9,ENST00000939452.1,110663518-110667340,,,,,,,,,
chr13:clu_23618,,CARS2,human,transcript_doesnt_have_junctions,ENST00000257347.9,ENST00000487253.6,110663518-110667340,,,,,,,,,
chr13:clu_23618,,CARS2,human,transcript_doesnt_have_junctions,ENST00000257347.9,ENST00000620794.1,110663518-110667340,,,,,,,,,
chr13:clu_23618,,CARS2,human,no_unique_junctions,ENST00000257347.9,ENST00000537743.1,110663518-110667340,110663518-110667340,,,,,,,,
chr13:clu_23618,,CARS2,human,transcript_doesnt_have_junctions,ENST00000257347.9,ENST00000539269.5,110663518-110667340,,,,,,,,,
chr13:clu_23618,,CARS2,human,transcript_doesnt_have_junctions,ENST00000257347.9,ENST00000542709.5,110663518-110667340,,,,,,,,,
chr13:clu_23618,,CARS2,human,transcript_doesnt_have_junctions,ENST00000257347.9,ENST00000537394.5,110663518-110667340,,,,,,,,,
chr13:clu_23618,,CARS2,human,transcript_doesnt_have_junctions,ENST00000257347.9,ENST00000542774.5,110663518-110667340,,,,,,,,,
chr13:clu_23618,,CARS2,human,transcript_doesnt_have_junctions,ENST00000257347.9,ENST00000471986.2,110663518-110667340,,,,,,,,,
chr13:clu_23618,,CARS2,human,transcript_doesnt_have_junctions,ENST00000257347.9,ENST00000480437.5,110663518-110667340,,,,,,,,,
chr13:clu_23618,,CARS2,human,no_unique_junctions,ENST00000257347.9,ENST00000535398.5,110663518-110667340,110663518-110667340,,,,,,,,
chr13:clu_23618,,CARS2,human,no_unique_junctions,ENST00000257347.9,ENST00000543487.5,110663518-110667340,110663518-110667340,,,,,,,,
chr13:clu_23618,,CARS2,human,transcript_doesnt_have_junctions,ENST00000257347.9,ENST00000465145.5,110663518-110667340,,,,,,,,,
chr13:clu_23618,,CARS2,human,transcript_doesnt_have_junctions,ENST00000257347.9,ENST00000544488.5,110663518-110667340,,,,,,,,,
chr13:clu_23618,,CARS2,human,transcript_doesnt_have_junctions,ENST00000257347.9,ENST00000541443.5,110663518-110667340,,,,,,,,,
chr13:clu_23618,,CARS2,human,transcript_doesnt_have_junctions,ENST00000257347.9,ENST00000542126.5,110663518-110667340,,,,,,,,,
chr13:clu_23618,,CARS2,human,transcript_doesnt_have_junctions,ENST00000257347.9,ENST00000540629.5,110663518-110667340,,,,,,,,,
chr13:clu_23618,,CARS2,human,transcript_doesnt_have_junctions,ENST00000257347.9,ENST00000537412.5,110663518-110667340,,,,,,,,,
chr13:clu_23618,,CARS2,human,transcript_doesnt_have_junctions,ENST00000257347.9,ENST00000485188.1,110663518-110667340,,,,,,,,,
chr13:clu_23618,1/1,CARS2,human,transcript_not_chosen,ENST00000257347.9,ENST00000535615.5,110663518-110667340,110663518-110665528,,,,,,,,
chr13:clu_23618,1/1,CARS2,human,transcript_not_chosen,ENST00000257347.9,ENST00000541362.5,110663518-110667340,110663518-110665528,,,,,,,,
chr13:clu_23618,1/1,CARS2,human,transcript_not_chosen,ENST00000257347.9,ENST00000545506.5,110663518-110667340,110663518-110665528,,,,,,,,
chr16:clu_14818:LOC112694756,,LOC112694756,human,novel_junction,ENST00000338110.11,,30064505-30067234,30065927-30067234,,,,,,,,
chr16:clu_14818:LOC112694756,,LOC112694756,human,no_unique_junctions,ENST00000338110.11,NM_001365307.2,30064505-30067234,30064505-30067234,,,,,,,,
chr16:clu_14818:LOC112694756,,LOC112694756,human,no_unique_junctions,ENST00000338110.11,ENST00000566897.6,30064505-30067234,30064505-30067234,,,,,,,,
chr16:clu_14818:LOC112694756,,LOC112694756,human,transcript_doesnt_have_junctions,ENST00000338110.11,ENST00000566280.1,30064505-30067234,,,,,,,,,
chr16:clu_14818:LOC112694756,,LOC112694756,human,transcript_doesnt_have_junctions,ENST00000338110.11,ENST00000567249.1,30064505-30067234,,,,,,,,,
chr16:clu_14818:LOC112694756,,LOC112694756,human,transcript_doesnt_have_junctions,ENST00000338110.11,ENST00000395248.6,30064505-30067234,,,,,,,,,
chr16:clu_14818:LOC112694756,,LOC112694756,human,transcript_doesnt_have_junctions,ENST00000338110.11,ENST00000575627.5,30064505-30067234,,,,,,,,,
chr16:clu_14818:LOC112694756,,LOC112694756,human,no_unique_junctions,ENST00000338110.11,ENST00000568435.6,30064505-30067234,30064505-30067234,,,,,,,,
chr16:clu_14818:LOC112694756,,LOC112694756,human,transcript_doesnt_have_junctions,ENST00000338110.11,ENST00000562240.1,30064505-30067234,,,,,,,,,
chr16:clu_14818:LOC112694756,,LOC112694756,human,all_known_junctions_are_canonical,ENST00000338110.11,,30064505-30067234,,,,,,,,,
chr16:clu_15119,,TRADD,human,novel_junction,ENST00000345057.9,,67155654-67156510;67156668-67159838,67156199-67159838,,,,,,,,
chr16:clu_15119,,TRADD,human,no_unique_junctions,ENST00000345057.9,ENST00000857835.1,67155654-67156510;67156668-67159838,67155654-67156510,,,,,,,,
chr16:clu_15119,,TRADD,human,transcript_doesnt_have_junctions,ENST00000345057.9,ENST00000566247.1,67155654-67156510;67156668-67159838,,,,,,,,,
chr16:clu_15119,,TRADD,human,no_unique_junctions,ENST00000345057.9,ENST00000959441.1,67155654-67156510;67156668-67159838,67155654-67156510,,,,,,,,
chr16:clu_15119,,TRADD,human,no_unique_junctions,ENST00000345057.9,ENST00000959440.1,67155654-67156510;67156668-67159838,67155654-67156510,,,,,,,,
chr16:clu_15119,,TRADD,human,no_unique_junctions,ENST00000345057.9,ENST00000959442.1,67155654-67156510;67156668-67159838,67155654-67156510,,,,,,,,
chr16:clu_15119,,TRADD,human,no_unique_junctions,ENST00000345057.9,ENST00000857836.1,67155654-67156510;67156668-67159838,67155654-67156510,,,,,,,,
chr16:clu_15119,,TRADD,human,transcript_doesnt_have_junctions,ENST00000345057.9,ENST00000486556.1,67155654-67156510;67156668-67159838,,,,,,,,,
chr16:clu_15119,,TRADD,human,no_unique_junctions,ENST00000345057.9,ENST00000857838.1,67155654-67156510;67156668-67159838,67155654-67156510,,,,,,,,
chr16:clu_15119,,TRADD,human,no_unique_junctions,ENST00000345057.9,ENST00000857837.1,67155654-67156510;67156668-67159838,67155654-67156510,,,,,,,,
chr16:clu_15119,1/1,TRADD,human,transcript_not_chosen,ENST00000345057.9,ENST00000566104.1,67155654-67156510;67156668-67159838,67156199-67156510;67156668-67159838,,,,,,,,
chr17:clu_20710,,DDX5,human,transcript_doesnt_have_junctions,ENST00000225792.10,ENST00000874382.1,64500773-64502010,,,,,,,,,
chr17:clu_20710,,DDX5,human,no_unique_junctions,ENST00000225792.10,ENST00000585111.2,64500773-64502010,64500773-64502010,,,,,,,,
chr17:clu_20710,,DDX5,human,no_unique_junctions,ENST00000225792.10,ENST00000450599.7,64500773-64502010,64500773-64502010,,,,,,,,
chr17:clu_20710,,DDX5,human,no_unique_junctions,ENST00000225792.10,ENST00000578804.5,64500773-64502010,64500773-64502010,,,,,,,,
chr17:clu_20710,,DDX5,human,transcript_doesnt_have_junctions,ENST00000225792.10,ENST00000580026.6,64500773-64502010,,,,,,,,,
chr17:clu_20710,,DDX5,human,transcript_doesnt_have_junctions,ENST00000225792.10,ENST00000678110.1,64500773-64502010,,,,,,,,,
chr17:clu_20710,,DDX5,human,transcript_doesnt_have_junctions,ENST00000225792.10,ENST00000678810.1,64500773-64502010,,,,,,,,,
chr17:clu_20710,,DDX5,human,transcript_doesnt_have_junctions,ENST00000225792.10,ENST00000585317.2,64500773-64502010,,,,,,,,,
chr17:clu_20710,,DDX5,human,transcript_doesnt_have_junctions,ENST00000225792.10,ENST00000676575.1,64500773-64502010,,,,,,,,,
chr17:clu_20710,,DDX5,human,transcript_doesnt_have_junctions,ENST00000225792.10,ENST00000676969.1,64500773-64502010,,,,,,,,,
chr17:clu_20710,,DDX5,human,transcript_doesnt_have_junctions,ENST00000225792.10,ENST00000678890.1,64500773-64502010,,,,,,,,,
chr17:clu_20710,,DDX5,human,transcript_doesnt_have_junctions,ENST00000225792.10,ENST00000579461.2,64500773-64502010,,,,,,,,,
chr17:clu_20710,,DDX5,human,transcript_doesnt_have_junctions,ENST00000225792.10,ENST00000581230.5,64500773-64502010,,,,,,,,,
chr17:clu_20710,,DDX5,human,transcript_doesnt_have_junctions,ENST00000225792.10,ENST00000582326.2,64500773-64502010,,,,,,,,,
chr17:clu_20710,,DDX5,human,transcript_doesnt_have_junctions,ENST00000225792.10,ENST00000578491.2,64500773-64502010,,,,,,,,,
chr17:clu_20710,,DDX5,human,no_unique_junctions,ENST00000225792.10,ENST00000578758.5,64500773-64502010,64500773-64502010,,,,,,,,
chr17:clu_20710,,DDX5,human,transcript_doesnt_have_junctions,ENST00000225792.10,ENST00000584549.1,64500773-64502010,,,,,,,,,
chr17:clu_20710,,DDX5,human,transcript_doesnt_have_junctions,ENST00000225792.10,ENST00000581551.1,64500773-64502010,,,,,,,,,
chr17:clu_20710,,DDX5,human,transcript_doesnt_have_junctions,ENST00000225792.10,ENST00000583201.5,64500773-64502010,,,,,,,,,
chr17:clu_20710,,DDX5,human,transcript_doesnt_have_junctions,ENST00000225792.10,ENST00000583894.1,64500773-64502010,,,,,,,,,
chr17:clu_20710,,DDX5,human,transcript_doesnt_have_junctions,ENST00000225792.10,ENST00000937086.1,64500773-64502010,,,,,,,,,
chr17:clu_20710,,DDX5,human,no_unique_junctions,ENST00000225792.10,ENST00000874381.1,64500773-64502010,64500773-64502010,,,,,,,,
chr17:clu_20710,,DDX5,human,transcript_doesnt_have_junctions,ENST00000225792.10,ENST00000937087.1,64500773-64502010,,,,,,,,,
chr17:clu_20710,,DDX5,human,transcript_doesnt_have_junctions,ENST00000225792.10,ENST00000676581.1,64500773-64502010,,,,,,,,,
chr17:clu_20710,,DDX5,human,transcript_doesnt_have_junctions,ENST00000225792.10,ENST00000678757.1,64500773-64502010,,,,,,,,,
chr17:clu_20710,,DDX5,human,transcript_doesnt_have_junctions,ENST00000225792.10,ENST00000676601.1,64500773-64502010,,,,,,,,,
chr17:clu_20710,,DDX5,human,no_unique_junctions,ENST00000225792.10,ENST00000577922.6,64500773-64502010,64500773-64502010,,,,,,,,
chr17:clu_20710,,DDX5,human,no_unique_junctions,ENST00000225792.10,ENST00000676785.1,64500773-64502010,64500773-64502010,,,,,,,,
chr17:clu_20710,,DDX5,human,no_unique_junctions,ENST00000225792.10,ENST00000583212.2,64500773-64502010,64500773-64502010,,,,,,,,
chr17:clu_20710,,DDX5,human,transcript_doesnt_have_junctions,ENST00000225792.10,ENST00000937088.1,64500773-64502010,,,,,,,,,
chr17:clu_20710,,DDX5,human,no_unique_junctions,ENST00000225792.10,ENST00000540698.6,64500773-64502010,64500773-64502010,,,,,,,,
chr17:clu_20710,,DDX5,human,no_unique_junctions,ENST00000225792.10,ENST00000581693.5,64500773-64502010,64500773-64502010,,,,,,,,
chr17:clu_20710,,DDX5,human,no_unique_junctions,ENST00000225792.10,ENST00000874392.1,64500773-64502010,64500773-64502010,,,,,,,,
chr17:clu_20710,,DDX5,human,no_unique_junctions,ENST00000225792.10,ENST00000874389.1,64500773-64502010,64500773-64502010,,,,,,,,
chr17:clu_20710,,DDX5,human,no_unique_junctions,ENST00000225792.10,ENST00000937091.1,64500773-64502010,64500773-64502010,,,,,,,,
chr17:clu_20710,,DDX5,human,no_unique_junctions,ENST00000225792.10,ENST00000874388.1,64500773-64502010,64500773-64502010,,,,,,,,
chr17:clu_20710,,DDX5,human,transcript_doesnt_have_junctions,ENST00000225792.10,ENST00000937090.1,64500773-64502010,,,,,,,,,
chr17:clu_20710,,DDX5,human,no_unique_junctions,ENST00000225792.10,ENST00000874387.1,64500773-64502010,64500773-64502010,,,,,,,,
chr17:clu_20710,,DDX5,human,no_unique_junctions,ENST00000225792.10,ENST00000937089.1,64500773-64502010,64500773-64502010,,,,,,,,
chr17:clu_20710,,DDX5,human,no_unique_junctions,ENST00000225792.10,ENST00000874385.1,64500773-64502010,64500773-64502010,,,,,,,,
chr17:clu_20710,,DDX5,human,transcript_doesnt_have_junctions,ENST00000225792.10,ENST00000942655.1,64500773-64502010,,,,,,,,,
chr17:clu_20710,,DDX5,human,transcript_doesnt_have_junctions,ENST00000225792.10,ENST00000942656.1,64500773-64502010,,,,,,,,,
chr17:clu_20710,,DDX5,human,no_unique_junctions,ENST00000225792.10,ENST00000874384.1,64500773-64502010,64500773-64502010,,,,,,,,
chr17:clu_20710,,DDX5,human,no_unique_junctions,ENST00000225792.10,ENST00000874390.1,64500773-64502010,64500773-64502010,,,,,,,,
chr17:clu_20710,,DDX5,human,no_unique_junctions,ENST00000225792.10,ENST00000874386.1,64500773-64502010,64500773-64502010,,,,,,,,
chr17:clu_20710,,DDX5,human,transcript_doesnt_have_junctions,ENST00000225792.10,ENST00000874383.1,64500773-64502010,,,,,,,,,
chr17:clu_20710,,DDX5,human,no_unique_junctions,ENST00000225792.10,ENST00000874391.1,64500773-64502010,64500773-64502010,,,,,,,,
chr17:clu_20710,,DDX5,human,transcript_doesnt_have_junctions,ENST00000225792.10,ENST00000579996.5,64500773-64502010,,,,,,,,,
chr17:clu_20710,,DDX5,human,transcript_doesnt_have_junctions,ENST00000225792.10,ENST00000577787.1,64500773-64502010,,,,,,,,,
chr17:clu_20710,,DDX5,human,transcript_doesnt_have_junctions,ENST00000225792.10,ENST00000578400.5,64500773-64502010,,,,,,,,,
chr17:clu_20710,,DDX5,human,transcript_doesnt_have_junctions,ENST00000225792.10,ENST00000581697.5,64500773-64502010,,,,,,,,,
chr17:clu_20710,,DDX5,human,transcript_doesnt_have_junctions,ENST00000225792.10,ENST00000581806.5,64500773-64502010,,,,,,,,,
chr17:clu_20710,,DDX5,human,transcript_doesnt_have_junctions,ENST00000225792.10,ENST00000578190.5,64500773-64502010,,,,,,,,,
chr17:clu_20710,,DDX5,human,transcript_doesnt_have_junctions,ENST00000225792.10,ENST00000583239.6,64500773-64502010,,,,,,,,,
chr17:clu_20710,,DDX5,human,transcript_doesnt_have_junctions,ENST00000225792.10,ENST00000579091.5,64500773-64502010,,,,,,,,,
chr17:clu_20710,,DDX5,human,transcript_doesnt_have_junctions,ENST00000225792.10,ENST00000585060.5,64500773-64502010,,,,,,,,,
chr17:clu_20710,,DDX5,human,transcript_doesnt_have_junctions,ENST00000225792.10,ENST00000581237.2,64500773-64502010,,,,,,,,,
chr17:clu_20710,,DDX5,human,transcript_doesnt_have_junctions,ENST00000225792.10,ENST00000584500.1,64500773-64502010,,,,,,,,,
chr17:clu_20710,1/1,DDX5,human,transcript_not_chosen,ENST00000225792.10,ENST00000677726.1,64500773-64502010,64500773-64501057,,,,,,,,
chr7:clu_25635,,UPP1,human,novel_junction,ENST00000395564.9,,48094827-48099670;48099787-48101824;48101982-48103297;48103411-48106873,48101982-48106873,,,,,,,,
chr7:clu_25635,,UPP1,human,no_unique_junctions,ENST00000395564.9,ENST00000331803.8,48094827-48099670;48099787-48101824;48101982-48103297;48103411-48106873,48094827-48099670;48099787-48101824;48101982-48103297;48103411-48106873,,,,,,,,
chr7:clu_25635,,UPP1,human,no_unique_junctions,ENST00000395564.9,ENST00000957591.1,48094827-48099670;48099787-48101824;48101982-48103297;48103411-48106873,48094827-48099670;48099787-48101824;48101982-48103297;48103411-48106873,,,,,,,,
chr7:clu_25635,,UPP1,human,no_unique_junctions,ENST00000395564.9,ENST00000957590.1,48094827-48099670;48099787-48101824;48101982-48103297;48103411-48106873,48094827-48099670;48099787-48101824;48101982-48103297;48103411-48106873,,,,,,,,
chr7:clu_25635,,UPP1,human,no_unique_junctions,ENST00000395564.9,ENST00000436673.5,48094827-48099670;48099787-48101824;48101982-48103297;48103411-48106873,48094827-48099670;48099787-48101824;48101982-48103297,,,,,,,,
chr7:clu_25635,,UPP1,human,no_unique_junctions,ENST00000395564.9,ENST00000416681.5,48094827-48099670;48099787-48101824;48101982-48103297;48103411-48106873,48094827-48099670;48099787-48101824;48101982-48103297,,,,,,,,
chr7:clu_25635,,UPP1,human,transcript_doesnt_have_junctions,ENST00000395564.9,ENST00000495446.1,48094827-48099670;48099787-48101824;48101982-48103297;48103411-48106873,,,,,,,,,
chr7:clu_25635,,UPP1,human,no_unique_junctions,ENST00000395564.9,ENST00000957592.1,48094827-48099670;48099787-48101824;48101982-48103297;48103411-48106873,48094827-48099670;48099787-48101824;48101982-48103297;48103411-48106873,,,,,,,,
chr7:clu_25635,,UPP1,human,no_unique_junctions,ENST00000395564.9,ENST00000917355.1,48094827-48099670;48099787-48101824;48101982-48103297;48103411-48106873,48094827-48099670;48099787-48101824;48101982-48103297;48103411-48106873,,,,,,,,
chr7:clu_25635,,UPP1,human,no_unique_junctions,ENST00000395564.9,ENST00000432131.5,48094827-48099670;48099787-48101824;48101982-48103297;48103411-48106873,48094827-48099670,,,,,,,,
chr7:clu_25635,,UPP1,human,no_unique_junctions,ENST00000395564.9,ENST00000910222.1,48094827-48099670;48099787-48101824;48101982-48103297;48103411-48106873,48094827-48099670;48099787-48101824;48101982-48103297;48103411-48106873,,,,,,,,
chr7:clu_25635,,UPP1,human,no_unique_junctions,ENST00000395564.9,ENST00000957593.1,48094827-48099670;48099787-48101824;48101982-48103297;48103411-48106873,48094827-48099670;48099787-48101824;48101982-48103297;48103411-48106873,,,,,,,,
chr7:clu_25635,,UPP1,human,no_unique_junctions,ENST00000395564.9,ENST00000957594.1,48094827-48099670;48099787-48101824;48101982-48103297;48103411-48106873,48094827-48099670;48099787-48101824;48101982-48103297;48103411-48106873,,,,,,,,
chr7:clu_25635,,UPP1,human,no_unique_junctions,ENST00000395564.9,ENST00000957595.1,48094827-48099670;48099787-48101824;48101982-48103297;48103411-48106873,48094827-48099670;48099787-48101824;48101982-48103297;48103411-48106873,,,,,,,,
chr7:clu_25635,,UPP1,human,no_unique_junctions,ENST00000395564.9,ENST00000957596.1,48094827-48099670;48099787-48101824;48101982-48103297;48103411-48106873,48094827-48099670;48099787-48101824;48101982-48103297;48103411-48106873,,,,,,,,
chr7:clu_25635,,UPP1,human,no_unique_junctions,ENST00000395564.9,ENST00000957597.1,48094827-48099670;48099787-48101824;48101982-48103297;48103411-48106873,48094827-48099670;48099787-48101824;48101982-48103297;48103411-48106873,,,,,,,,
chr7:clu_25635,,UPP1,human,no_unique_junctions,ENST00000395564.9,ENST00000910224.1,48094827-48099670;48099787-48101824;48101982-48103297;48103411-48106873,48094827-48099670;48099787-48101824;48101982-48103297;48103411-48106873,,,,,,,,
chr7:clu_25635,,UPP1,human,no_unique_junctions,ENST00000395564.9,ENST00000444999.5,48094827-48099670;48099787-48101824;48101982-48103297;48103411-48106873,48094827-48099670;48099787-48101824;48103411-48106873,,,,,,,,
chr7:clu_25635,,UPP1,human,no_unique_junctions,ENST00000395564.9,ENST00000917356.1,48094827-48099670;48099787-48101824;48101982-48103297;48103411-48106873,48094827-48099670;48099787-48101824;48101982-48103297;48103411-48106873,,,,,,,,
chr7:clu_25635,,UPP1,human,no_unique_junctions,ENST00000395564.9,ENST00000917357.1,48094827-48099670;48099787-48101824;48101982-48103297;48103411-48106873,48094827-48099670;48099787-48101824;48101982-48103297;48103411-48106873,,,,,,,,
chr7:clu_25635,,UPP1,human,no_unique_junctions,ENST00000395564.9,ENST00000917358.1,48094827-48099670;48099787-48101824;48101982-48103297;48103411-48106873,48094827-48099670;48099787-48101824;48101982-48103297;48103411-48106873,,,,,,,,
chr7:clu_25635,,UPP1,human,no_unique_junctions,ENST00000395564.9,ENST00000917359.1,48094827-48099670;48099787-48101824;48101982-48103297;48103411-48106873,48094827-48099670;48099787-48101824;48101982-48103297;48103411-48106873,,,,,,,,
chr7:clu_25635,,UPP1,human,no_unique_junctions,ENST00000395564.9,ENST00000917360.1,48094827-48099670;48099787-48101824;48101982-48103297;48103411-48106873,48094827-48099670;48099787-48101824;48101982-48103297;48103411-48106873,,,,,,,,
chr7:clu_25635,,UPP1,human,no_unique_junctions,ENST00000395564.9,ENST00000910226.1,48094827-48099670;48099787-48101824;48101982-48103297;48103411-48106873,48094827-48099670;48099787-48101824;48101982-48103297;48103411-48106873,,,,,,,,
chr7:clu_25635,,UPP1,human,no_unique_junctions,ENST00000395564.9,ENST00000957599.1,48094827-48099670;48099787-48101824;48101982-48103297;48103411-48106873,48094827-48099670;48099787-48101824;48101982-48103297;48103411-48106873,,,,,,,,
chr7:clu_25635,,UPP1,human,no_unique_junctions,ENST00000395564.9,ENST00000957600.1,48094827-48099670;48099787-48101824;48101982-48103297;48103411-48106873,48094827-48099670;48099787-48101824;48101982-48103297;48103411-48106873,,,,,,,,
chr7:clu_25635,,UPP1,human,subsumed_by_larger_group,ENST00000395564.9,XM_011515513.3,48094827-48099670;48099787-48101824;48101982-48103297;48103411-48106873,48094827-48101824;48103411-48106873,,,,,,,,
chr7:clu_25635,,UPP1,human,subsumed_by_larger_group,ENST00000395564.9,XM_011515514.3,48094827-48099670;48099787-48101824;48101982-48103297;48103411-48106873,48094827-48101824;48103411-48106873,,,,,,,,
chr7:clu_25635,,UPP1,human,subsumed_by_larger_group,ENST00000395564.9,XM_047420797.1,48094827-48099670;48099787-48101824;48101982-48103297;48103411-48106873,48094827-48101824;48101982-48103297;48103411-48106873,,,,,,,,
chr7:clu_25635,2/3,UPP1,human,transcript_not_chosen,ENST00000395564.9,ENST00000395560.7,48094827-48099670;48099787-48101824;48101982-48103297;48103411-48106873,48094827-48106873,,,,,,,,
chr7:clu_25635,2/3,UPP1,human,transcript_not_chosen,ENST00000395564.9,ENST00000417464.6,48094827-48099670;48099787-48101824;48101982-48103297;48103411-48106873,48094827-48106873,,,,,,,,
chr7:clu_25635,2/3,UPP1,human,transcript_not_chosen,ENST00000395564.9,ENST00000457596.5,48094827-48099670;48099787-48101824;48101982-48103297;48103411-48106873,48094827-48106873,,,,,,,,
chr7:clu_25635,2/3,UPP1,human,transcript_not_chosen,ENST00000395564.9,NM_001287428.2,48094827-48099670;48099787-48101824;48101982-48103297;48103411-48106873,48094827-48106873,,,,,,,,
chr7:clu_25635,2/3,UPP1,human,transcript_not_chosen,ENST00000395564.9,NM_001287430.1,48094827-48099670;48099787-48101824;48101982-48103297;48103411-48106873,48094827-48106873,,,,,,,,
chr7:clu_25635,3/3,UPP1,human,transcript_not_chosen,ENST00000395564.9,ENST00000421046.5,48094827-48099670;48099787-48101824;48101982-48103297;48103411-48106873,48094827-48099670;48099787-48101824;48101982-48103297;48103411-48103782,,,,,,,,
chr7:clu_25635,3/3,UPP1,human,transcript_not_chosen,ENST00000395564.9,XM_047420798.1,48094827-48099670;48099787-48101824;48101982-48103297;48103411-48106873,48094827-48099670;48099787-48101824;48101982-48103297;48103411-48103782,,,,,,,,
chr7:clu_25635,3/3,UPP1,human,transcript_not_chosen,ENST00000395564.9,XM_047420799.1,48094827-48099670;48099787-48101824;48101982-48103297;48103411-48106873,48094827-48099670;48099787-48101824;48101982-48103297;48103411-48103782,,,,,,,,
chr10:clu_4762_B,,NCOA4,human,no_unique_junctions,ENST00000581486.6,ENST00000579039.2,46015266-46016540;46016694-46030526,46015266-46016540,,,,,,,,
chr10:clu_4762_B,,NCOA4,human,no_unique_junctions,ENST00000581486.6,ENST00000578454.5,46015266-46016540;46016694-46030526,46015266-46016540,,,,,,,,
chr10:clu_4762_B,,NCOA4,human,no_unique_junctions,ENST00000581486.6,ENST00000583565.5,46015266-46016540;46016694-46030526,46015266-46016540,,,,,,,,
chr10:clu_4762_B,,NCOA4,human,no_unique_junctions,ENST00000581486.6,ENST00000863402.1,46015266-46016540;46016694-46030526,46015266-46016540;46016694-46030526,,,,,,,,
chr10:clu_4762_B,,NCOA4,human,no_unique_junctions,ENST00000581486.6,ENST00000863420.1,46015266-46016540;46016694-46030526,46015266-46016540,,,,,,,,
chr10:clu_4762_B,,NCOA4,human,no_unique_junctions,ENST00000581486.6,ENST00000863418.1,46015266-46016540;46016694-46030526,46015266-46016540,,,,,,,,
chr10:clu_4762_B,,NCOA4,human,no_unique_junctions,ENST00000581486.6,ENST00000915125.1,46015266-46016540;46016694-46030526,46015266-46016540,,,,,,,,
chr10:clu_4762_B,,NCOA4,human,no_unique_junctions,ENST00000581486.6,ENST00000863414.1,46015266-46016540;46016694-46030526,46015266-46016540,,,,,,,,
chr10:clu_4762_B,,NCOA4,human,no_unique_junctions,ENST00000581486.6,ENST00000915124.1,46015266-46016540;46016694-46030526,46015266-46016540,,,,,,,,
chr10:clu_4762_B,,NCOA4,human,no_unique_junctions,ENST00000581486.6,ENST00000863413.1,46015266-46016540;46016694-46030526,46015266-46016540,,,,,,,,
chr10:clu_4762_B,,NCOA4,human,no_unique_junctions,ENST00000581486.6,ENST00000863412.1,46015266-46016540;46016694-46030526,46015266-46016540,,,,,,,,
chr10:clu_4762_B,,NCOA4,human,no_unique_junctions,ENST00000581486.6,ENST00000863406.1,46015266-46016540;46016694-46030526,46015266-46016540,,,,,,,,
chr10:clu_4762_B,,NCOA4,human,no_unique_junctions,ENST00000581486.6,ENST00000863405.1,46015266-46016540;46016694-46030526,46015266-46016540;46016694-46030526,,,,,,,,
chr10:clu_4762_B,,NCOA4,human,no_unique_junctions,ENST00000581486.6,ENST00000863404.1,46015266-46016540;46016694-46030526,46015266-46016540;46016694-46030526,,,,,,,,
chr10:clu_4762_B,,NCOA4,human,no_unique_junctions,ENST00000581486.6,ENST00000863423.1,46015266-46016540;46016694-46030526,46015266-46016540,,,,,,,,
chr10:clu_4762_B,,NCOA4,human,no_unique_junctions,ENST00000581486.6,ENST00000962477.1,46015266-46016540;46016694-46030526,46015266-46016540,,,,,,,,
chr10:clu_4762_B,,NCOA4,human,no_unique_junctions,ENST00000581486.6,ENST00000863407.1,46015266-46016540;46016694-46030526,46015266-46016540,,,,,,,,
chr10:clu_4762_B,,NCOA4,human,no_unique_junctions,ENST00000581486.6,ENST00000962476.1,46015266-46016540;46016694-46030526,46015266-46016540,,,,,,,,
chr10:clu_4762_B,,NCOA4,human,no_unique_junctions,ENST00000581486.6,ENST00000863403.1,46015266-46016540;46016694-46030526,46015266-46016540,,,,,,,,
chr10:clu_4762_B,,NCOA4,human,no_unique_junctions,ENST00000581486.6,ENST00000962479.1,46015266-46016540;46016694-46030526,46015266-46016540,,,,,,,,
chr10:clu_4762_B,,NCOA4,human,no_unique_junctions,ENST00000581486.6,ENST00000863408.1,46015266-46016540;46016694-46030526,46015266-46016540,,,,,,,,
chr10:clu_4762_B,,NCOA4,human,no_unique_junctions,ENST00000581486.6,ENST00000863409.1,46015266-46016540;46016694-46030526,46015266-46016540,,,,,,,,
chr10:clu_4762_B,,NCOA4,human,no_unique_junctions,ENST00000581486.6,ENST00000915122.1,46015266-46016540;46016694-46030526,46015266-46016540,,,,,,,,
chr10:clu_4762_B,,NCOA4,human,no_unique_junctions,ENST00000581486.6,ENST00000863424.1,46015266-46016540;46016694-46030526,46015266-46016540,,,,,,,,
chr10:clu_4762_B,,NCOA4,human,no_unique_junctions,ENST00000581486.6,ENST00000863416.1,46015266-46016540;46016694-46030526,46015266-46016540,,,,,,,,
chr10:clu_4762_B,,NCOA4,human,no_unique_junctions,ENST00000581486.6,ENST00000863411.1,46015266-46016540;46016694-46030526,46015266-46016540,,,,,,,,
chr10:clu_4762_B,,NCOA4,human,no_unique_junctions,ENST00000581486.6,ENST00000863410.1,46015266-46016540;46016694-46030526,46015266-46016540;46016694-46030526,,,,,,,,
chr10:clu_4762_B,,NCOA4,human,no_unique_junctions,ENST00000581486.6,ENST00000863421.1,46015266-46016540;46016694-46030526,46015266-46016540,,,,,,,,
chr10:clu_4762_B,,NCOA4,human,no_unique_junctions,ENST00000581486.6,ENST00000962478.1,46015266-46016540;46016694-46030526,46015266-46016540,,,,,,,,
chr10:clu_4762_B,,NCOA4,human,no_unique_junctions,ENST00000581486.6,ENST00000863419.1,46015266-46016540;46016694-46030526,46015266-46016540,,,,,,,,
chr10:clu_4762_B,,NCOA4,human,no_unique_junctions,ENST00000581486.6,ENST00000863422.1,46015266-46016540;46016694-46030526,46015266-46016540,,,,,,,,
chr10:clu_4762_B,,NCOA4,human,transcript_doesnt_have_junctions,ENST00000581486.6,ENST00000580070.5,46015266-46016540;46016694-46030526,,,,,,,,,
chr10:clu_4762_B,2/2,NCOA4,human,transcript_not_chosen,ENST00000581486.6,ENST00000863415.1,46015266-46016540;46016694-46030526,46015266-46016540;46016694-46023330,,,,,,,,
chr10:clu_4762_B,2/2,NCOA4,human,transcript_not_chosen,ENST00000581486.6,ENST00000863417.1,46015266-46016540;46016694-46030526,46015266-46016540;46016694-46023330,,,,,,,,
chr10:clu_4762_B,2/2,NCOA4,human,transcript_not_chosen,ENST00000581486.6,ENST00000915123.1,46015266-46016540;46016694-46030526,46015266-46016540;46016694-46023330,,,,,,,,
chr12:clu_17852,,ARPC3,human,novel_junction,ENST00000228825.12,,110436204-110436557;110436683-110437084,110436204-110437084,,,,,,,,
chr12:clu_17852,,ARPC3,human,no_unique_junctions,ENST00000228825.12,ENST00000888154.1,110436204-110436557;110436683-110437084,110436683-110437084,,,,,,,,
chr12:clu_17852,,ARPC3,human,no_unique_junctions,ENST00000228825.12,ENST00000467622.2,110436204-110436557;110436683-110437084,110436683-110437084,,,,,,,,
chr12:clu_17852,,ARPC3,human,no_unique_junctions,ENST00000228825.12,ENST00000476566.1,110436204-110436557;110436683-110437084,110436683-110437084,,,,,,,,
chr12:clu_17852,,ARPC3,human,transcript_doesnt_have_junctions,ENST00000228825.12,ENST00000548878.6,110436204-110436557;110436683-110437084,,,,,,,,,
chr12:clu_17852,,ARPC3,human,transcript_doesnt_have_junctions,ENST00000228825.12,ENST00000475777.2,110436204-110436557;110436683-110437084,,,,,,,,,
chr12:clu_17852,,ARPC3,human,no_unique_junctions,ENST00000228825.12,ENST00000934425.1,110436204-110436557;110436683-110437084,110436683-110437084,,,,,,,,
chr12:clu_17852,,ARPC3,human,no_unique_junctions,ENST00000228825.12,ENST00000934421.1,110436204-110436557;110436683-110437084,110436204-110436557;110436683-110437084,,,,,,,,
chr12:clu_17852,,ARPC3,human,transcript_doesnt_have_junctions,ENST00000228825.12,ENST00000888158.1,110436204-110436557;110436683-110437084,,,,,,,,,
chr12:clu_17852,,ARPC3,human,no_unique_junctions,ENST00000228825.12,ENST00000888159.1,110436204-110436557;110436683-110437084,110436204-110436557;110436683-110437084,,,,,,,,
chr12:clu_17852,,ARPC3,human,transcript_doesnt_have_junctions,ENST00000228825.12,ENST00000934422.1,110436204-110436557;110436683-110437084,,,,,,,,,
chr12:clu_17852,,ARPC3,human,no_unique_junctions,ENST00000228825.12,ENST00000888160.1,110436204-110436557;110436683-110437084,110436204-110436557;110436683-110437084,,,,,,,,
chr12:clu_17852,,ARPC3,human,no_unique_junctions,ENST00000228825.12,ENST00000888156.1,110436204-110436557;110436683-110437084,110436204-110436557;110436683-110437084,,,,,,,,
chr12:clu_17852,,ARPC3,human,no_unique_junctions,ENST00000228825.12,ENST00000888155.1,110436204-110436557;110436683-110437084,110436204-110436557;110436683-110437084,,,,,,,,
chr12:clu_17852,,ARPC3,human,transcript_doesnt_have_junctions,ENST00000228825.12,ENST00000934423.1,110436204-110436557;110436683-110437084,,,,,,,,,
chr12:clu_17852,,ARPC3,human,no_unique_junctions,ENST00000228825.12,ENST00000888157.1,110436204-110436557;110436683-110437084,110436204-110436557;110436683-110437084,,,,,,,,
chr12:clu_17852,,ARPC3,human,no_unique_junctions,ENST00000228825.12,ENST00000547365.1,110436204-110436557;110436683-110437084,110436683-110437084,,,,,,,,
chr12:clu_17852,,ARPC3,human,transcript_doesnt_have_junctions,ENST00000228825.12,ENST00000471641.1,110436204-110436557;110436683-110437084,,,,,,,,,
chr12:clu_17852,,ARPC3,human,transcript_doesnt_have_junctions,ENST00000228825.12,ENST00000549408.1,110436204-110436557;110436683-110437084,,,,,,,,,
chr12:clu_17852,1/1,ARPC3,human,transcript_not_chosen,ENST00000228825.12,ENST00000426440.5,110436204-110436557;110436683-110437084,110436204-110436665;110436683-110437084,,,,,,,,
chr3:clu_11238,,EIF4A2,human,novel_junction,ENST00000323963.10,,186784696-186784962;186785101-186785883,186784513-186785883,,,,,,,,
chr3:clu_11238,,EIF4A2,human,transcript_doesnt_have_junctions,ENST00000323963.10,ENST00000465222.1,186784696-186784962;186785101-186785883,,,,,,,,,
chr3:clu_11238,,EIF4A2,human,transcript_doesnt_have_junctions,ENST00000323963.10,ENST00000491473.5,186784696-186784962;186785101-186785883,,,,,,,,,
chr3:clu_11238,,EIF4A2,human,transcript_doesnt_have_junctions,ENST00000323963.10,ENST00000486805.5,186784696-186784962;186785101-186785883,,,,,,,,,
chr3:clu_11238,,EIF4A2,human,no_unique_junctions,ENST00000323963.10,ENST00000465032.5,186784696-186784962;186785101-186785883,186784696-186784962,,,,,,,,
chr3:clu_11238,,EIF4A2,human,no_unique_junctions,ENST00000323963.10,ENST00000465267.5,186784696-186784962;186785101-186785883,186784696-186784962,,,,,,,,
chr3:clu_11238,,EIF4A2,human,transcript_doesnt_have_junctions,ENST00000323963.10,ENST00000485101.5,186784696-186784962;186785101-186785883,,,,,,,,,
chr3:clu_11238,,EIF4A2,human,no_unique_junctions,ENST00000323963.10,ENST00000466362.1,186784696-186784962;186785101-186785883,186785101-186785883,,,,,,,,
chr3:clu_11238,,EIF4A2,human,transcript_doesnt_have_junctions,ENST00000323963.10,ENST00000468362.5,186784696-186784962;186785101-186785883,,,,,,,,,
chr3:clu_11238,,EIF4A2,human,transcript_doesnt_have_junctions,ENST00000323963.10,ENST00000492144.5,186784696-186784962;186785101-186785883,,,,,,,,,
chr3:clu_11238,,EIF4A2,human,transcript_doesnt_have_junctions,ENST00000323963.10,ENST00000465792.1,186784696-186784962;186785101-186785883,,,,,,,,,
chr3:clu_11238,,EIF4A2,human,transcript_doesnt_have_junctions,ENST00000323963.10,ENST00000475409.1,186784696-186784962;186785101-186785883,,,,,,,,,
chr3:clu_11238,,EIF4A2,human,transcript_doesnt_have_junctions,ENST00000323963.10,ENST00000497177.1,186784696-186784962;186785101-186785883,,,,,,,,,
chr3:clu_11238,,EIF4A2,human,transcript_doesnt_have_junctions,ENST00000323963.10,ENST00000494445.1,186784696-186784962;186785101-186785883,,,,,,,,,
chr3:clu_11238,,EIF4A2,human,transcript_doesnt_have_junctions,ENST00000323963.10,ENST00000461021.1,186784696-186784962;186785101-186785883,,,,,,,,,
chr3:clu_11238,,EIF4A2,human,transcript_doesnt_have_junctions,ENST00000323963.10,ENST00000496382.1,186784696-186784962;186785101-186785883,,,,,,,,,
chr3:clu_11238,,EIF4A2,human,transcript_doesnt_have_junctions,ENST00000323963.10,ENST00000441007.5,186784696-186784962;186785101-186785883,,,,,,,,,
chr3:clu_11238,,EIF4A2,human,no_unique_junctions,ENST00000323963.10,ENST00000445596.5,186784696-186784962;186785101-186785883,186784696-186784962,,,,,,,,
chr3:clu_11238,,EIF4A2,human,no_unique_junctions,ENST00000323963.10,ENST00000865628.1,186784696-186784962;186785101-186785883,186784696-186784962;186785101-186785883,,,,,,,,
chr3:clu_11238,,EIF4A2,human,no_unique_junctions,ENST00000323963.10,ENST00000865627.1,186784696-186784962;186785101-186785883,186784696-186784962;186785101-186785883,,,,,,,,
chr3:clu_11238,,EIF4A2,human,no_unique_junctions,ENST00000323963.10,ENST00000957081.1,186784696-186784962;186785101-186785883,186785101-186785883,,,,,,,,
chr3:clu_11238,,EIF4A2,human,no_unique_junctions,ENST00000323963.10,ENST00000425053.5,186784696-186784962;186785101-186785883,186784696-186784962;186785101-186785883,,,,,,,,
chr3:clu_11238,,EIF4A2,human,no_unique_junctions,ENST00000323963.10,ENST00000928251.1,186784696-186784962;186785101-186785883,186784696-186784962;186785101-186785883,,,,,,,,
chr3:clu_11238,,EIF4A2,human,no_unique_junctions,ENST00000323963.10,ENST00000957082.1,186784696-186784962;186785101-186785883,186785101-186785883,,,,,,,,
chr3:clu_11238,,EIF4A2,human,no_unique_junctions,ENST00000323963.10,ENST00000440191.6,186784696-186784962;186785101-186785883,186784696-186784962;186785101-186785883,,,,,,,,
chr3:clu_11238,,EIF4A2,human,transcript_doesnt_have_junctions,ENST00000323963.10,ENST00000928247.1,186784696-186784962;186785101-186785883,,,,,,,,,
chr3:clu_11238,,EIF4A2,human,transcript_doesnt_have_junctions,ENST00000323963.10,ENST00000928248.1,186784696-186784962;186785101-186785883,,,,,,,,,
chr3:clu_11238,,EIF4A2,human,no_unique_junctions,ENST00000323963.10,ENST00000928249.1,186784696-186784962;186785101-186785883,186784696-186784962;186785101-186785883,,,,,,,,
chr3:clu_11238,,EIF4A2,human,transcript_doesnt_have_junctions,ENST00000323963.10,ENST00000928250.1,186784696-186784962;186785101-186785883,,,,,,,,,
chr3:clu_11238,,EIF4A2,human,no_unique_junctions,ENST00000323963.10,ENST00000957080.1,186784696-186784962;186785101-186785883,186784696-186784962;186785101-186785883,,,,,,,,
chr3:clu_11238,,EIF4A2,human,no_unique_junctions,ENST00000323963.10,ENST00000928252.1,186784696-186784962;186785101-186785883,186784696-186784962;186785101-186785883,,,,,,,,
chr3:clu_11238,,EIF4A2,human,no_unique_junctions,ENST00000323963.10,ENST00000865630.1,186784696-186784962;186785101-186785883,186784696-186784962;186785101-186785883,,,,,,,,
chr3:clu_11238,,EIF4A2,human,transcript_doesnt_have_junctions,ENST00000323963.10,ENST00000865629.1,186784696-186784962;186785101-186785883,,,,,,,,,
chr3:clu_11238,,EIF4A2,human,no_unique_junctions,ENST00000323963.10,ENST00000498746.1,186784696-186784962;186785101-186785883,186784696-186784962;186785101-186785883,,,,,,,,
chr3:clu_11238,1/1,EIF4A2,human,transcript_not_chosen,ENST00000323963.10,ENST00000426808.5,186784696-186784962;186785101-186785883,186784696-186785883,,,,,,,,
chr3:clu_11238,1/1,EIF4A2,human,transcript_not_chosen,ENST00000323963.10,ENST00000429589.5,186784696-186784962;186785101-186785883,186784696-186785883,,,,,,,,
chr3:clu_11238,1/1,EIF4A2,human,transcript_not_chosen,ENST00000323963.10,ENST00000467585.1,186784696-186784962;186785101-186785883,186784696-186785883,,,,,,,,
chr3:clu_11238,1/1,EIF4A2,human,transcript_not_chosen,ENST00000323963.10,ENST00000475653.5,186784696-186784962;186785101-186785883,186784696-186785883,,,,,,,,
chr3:clu_11238,1/1,EIF4A2,human,transcript_not_chosen,ENST00000323963.10,ENST00000495049.5,186784696-186784962;186785101-186785883,186784696-186785883,,,,,,,,
