event,alternative_transcripts_group,gene_symbol,species,event_effect_on_domain,canonical_transcript_id,alternative_transcript_id,canonical_junctions,alternative_junctions,domain_id,domain_name,canonical_domain_length,alternative_domain_length,length_change_pct,canonical_domains_number,alternative_domains_number,domain_description
chr4:clu_31449,,SMARCA5,human,transcript_doesnt_have_junctions,ENST00000283131.4,XM_047416323.1,143545583-143545925;143546047-143546776,,,,,,,,,
chr4:clu_31449,,SMARCA5,human,transcript_doesnt_have_junctions,ENST00000283131.4,ENST00000515531.1,143545583-143545925;143546047-143546776,,,,,,,,,
chr4:clu_31449,,SMARCA5,human,transcript_doesnt_have_junctions,ENST00000283131.4,ENST00000508573.1,143545583-143545925;143546047-143546776,,,,,,,,,
chr4:clu_31449,,SMARCA5,human,no_unique_junctions,ENST00000283131.4,ENST00000940952.1,143545583-143545925;143546047-143546776,143545583-143545925;143546047-143546776,,,,,,,,
chr4:clu_31449,,SMARCA5,human,no_unique_junctions,ENST00000283131.4,ENST00000940951.1,143545583-143545925;143546047-143546776,143545583-143545925;143546047-143546776,,,,,,,,
chr4:clu_31449,,SMARCA5,human,no_unique_junctions,ENST00000283131.4,ENST00000913619.1,143545583-143545925;143546047-143546776,143545583-143545925;143546047-143546776,,,,,,,,
chr4:clu_31449,,SMARCA5,human,no_unique_junctions,ENST00000283131.4,ENST00000913620.1,143545583-143545925;143546047-143546776,143545583-143545925;143546047-143546776,,,,,,,,
chr4:clu_31449,,SMARCA5,human,no_unique_junctions,ENST00000283131.4,ENST00000913618.1,143545583-143545925;143546047-143546776,143545583-143545925;143546047-143546776,,,,,,,,
chr4:clu_31449,,SMARCA5,human,no_unique_junctions,ENST00000283131.4,ENST00000940954.1,143545583-143545925;143546047-143546776,143545583-143545925;143546047-143546776,,,,,,,,
chr4:clu_31449,,SMARCA5,human,no_unique_junctions,ENST00000283131.4,ENST00000940953.1,143545583-143545925;143546047-143546776,143545583-143545925;143546047-143546776,,,,,,,,
chr4:clu_31449,,SMARCA5,human,transcript_doesnt_have_junctions,ENST00000283131.4,ENST00000885350.1,143545583-143545925;143546047-143546776,,,,,,,,,
chr4:clu_31449,,SMARCA5,human,no_unique_junctions,ENST00000283131.4,ENST00000940955.1,143545583-143545925;143546047-143546776,143545583-143545925;143546047-143546776,,,,,,,,
chr4:clu_31449,,SMARCA5,human,no_unique_junctions,ENST00000283131.4,ENST00000913621.1,143545583-143545925;143546047-143546776,143545583-143545925;143546047-143546776,,,,,,,,
chr4:clu_31449,,SMARCA5,human,no_unique_junctions,ENST00000283131.4,ENST00000940956.1,143545583-143545925;143546047-143546776,143545583-143545925;143546047-143546776,,,,,,,,
chr4:clu_31449,,SMARCA5,human,all_known_junctions_are_canonical,ENST00000283131.4,,143545583-143545925;143546047-143546776,,,,,,,,,
chr1:clu_3602,,CHTOP,human,no_unique_junctions,ENST00000368694.8,ENST00000710369.1,153638448-153642246;153642429-153643227;153643364-153645064,153638448-153642246;153642429-153643227;153643364-153645064,,,,,,,,
chr1:clu_3602,,CHTOP,human,no_unique_junctions,ENST00000368694.8,ENST00000368687.1,153638448-153642246;153642429-153643227;153643364-153645064,153638448-153642246;153642429-153643227;153643364-153645064,,,,,,,,
chr1:clu_3602,,CHTOP,human,subsumed_by_larger_group,ENST00000368694.8,ENST00000368686.2,153638448-153642246;153642429-153643227;153643364-153645064,153638448-153642243,,,,,,,,
chr1:clu_3602,,CHTOP,human,subsumed_by_larger_group,ENST00000368694.8,ENST00000368690.7,153638448-153642246;153642429-153643227;153643364-153645064,153638448-153642243;153642429-153643227;153643364-153645064,,,,,,,,
chr1:clu_3602,,CHTOP,human,subsumed_by_larger_group,ENST00000368694.8,ENST00000403433.5,153638448-153642246;153642429-153643227;153643364-153645064,153638448-153642246;153642429-153645064,,,,,,,,
chr1:clu_3602,2/2,CHTOP,human,transcript_not_chosen,ENST00000368694.8,ENST00000495554.1,153638448-153642246;153642429-153643227;153643364-153645064,153638448-153645064,,,,,,,,
chr5:clu_33577:DAB2,,DAB2,human,no_unique_junctions,ENST00000320816.11,ENST00000545653.5,39394421-39424804,39394421-39424804,,,,,,,,
chr5:clu_33577:DAB2,,DAB2,human,transcript_doesnt_have_junctions,ENST00000320816.11,ENST00000502879.1,39394421-39424804,,,,,,,,,
chr5:clu_33577:DAB2,,DAB2,human,transcript_doesnt_have_junctions,ENST00000320816.11,ENST00000505968.1,39394421-39424804,,,,,,,,,
chr5:clu_33577:DAB2,,DAB2,human,no_unique_junctions,ENST00000320816.11,ENST00000339788.10,39394421-39424804,39394421-39424804,,,,,,,,
chr5:clu_33577:DAB2,,DAB2,human,transcript_doesnt_have_junctions,ENST00000320816.11,ENST00000908971.1,39394421-39424804,,,,,,,,,
chr5:clu_33577:DAB2,,DAB2,human,transcript_doesnt_have_junctions,ENST00000320816.11,ENST00000908976.1,39394421-39424804,,,,,,,,,
chr5:clu_33577:DAB2,,DAB2,human,no_unique_junctions,ENST00000320816.11,ENST00000908980.1,39394421-39424804,39394421-39424804,,,,,,,,
chr5:clu_33577:DAB2,,DAB2,human,transcript_doesnt_have_junctions,ENST00000320816.11,ENST00000955947.1,39394421-39424804,,,,,,,,,
chr5:clu_33577:DAB2,,DAB2,human,transcript_doesnt_have_junctions,ENST00000320816.11,ENST00000908979.1,39394421-39424804,,,,,,,,,
chr5:clu_33577:DAB2,,DAB2,human,no_unique_junctions,ENST00000320816.11,ENST00000908977.1,39394421-39424804,39394421-39424804,,,,,,,,
chr5:clu_33577:DAB2,,DAB2,human,transcript_doesnt_have_junctions,ENST00000320816.11,ENST00000908973.1,39394421-39424804,,,,,,,,,
chr5:clu_33577:DAB2,,DAB2,human,transcript_doesnt_have_junctions,ENST00000320816.11,ENST00000509337.5,39394421-39424804,,,,,,,,,
chr5:clu_33577:DAB2,,DAB2,human,transcript_doesnt_have_junctions,ENST00000320816.11,ENST00000955948.1,39394421-39424804,,,,,,,,,
chr5:clu_33577:DAB2,,DAB2,human,no_unique_junctions,ENST00000320816.11,ENST00000908981.1,39394421-39424804,39394421-39424804,,,,,,,,
chr5:clu_33577:DAB2,,DAB2,human,transcript_doesnt_have_junctions,ENST00000320816.11,ENST00000908972.1,39394421-39424804,,,,,,,,,
chr5:clu_33577:DAB2,,DAB2,human,no_unique_junctions,ENST00000320816.11,ENST00000908982.1,39394421-39424804,39394421-39424804,,,,,,,,
chr5:clu_33577:DAB2,,DAB2,human,no_unique_junctions,ENST00000320816.11,ENST00000507539.5,39394421-39424804,39394421-39424804,,,,,,,,
chr5:clu_33577:DAB2,,DAB2,human,transcript_doesnt_have_junctions,ENST00000320816.11,ENST00000503513.5,39394421-39424804,,,,,,,,,
chr5:clu_33577:DAB2,,DAB2,human,transcript_doesnt_have_junctions,ENST00000320816.11,ENST00000512525.5,39394421-39424804,,,,,,,,,
chr5:clu_33577:DAB2,,DAB2,human,transcript_doesnt_have_junctions,ENST00000320816.11,ENST00000513052.1,39394421-39424804,,,,,,,,,
chr5:clu_33577:DAB2,,DAB2,human,transcript_doesnt_have_junctions,ENST00000320816.11,ENST00000509457.1,39394421-39424804,,,,,,,,,
chr5:clu_33577:DAB2,,DAB2,human,transcript_doesnt_have_junctions,ENST00000320816.11,ENST00000507990.1,39394421-39424804,,,,,,,,,
chr5:clu_33577:DAB2,,DAB2,human,subsumed_by_larger_group,ENST00000320816.11,ENST00000502388.1,39394421-39424804,39418345-39424804,,,,,,,,
chr5:clu_33577:DAB2,,DAB2,human,subsumed_by_larger_group,ENST00000320816.11,ENST00000511536.5,39394421-39424804,39418345-39424804,,,,,,,,
chr5:clu_33577:DAB2,,DAB2,human,subsumed_by_larger_group,ENST00000320816.11,ENST00000515700.5,39394421-39424804,39418345-39424804,,,,,,,,
chr5:clu_33577:DAB2,,DAB2,human,subsumed_by_larger_group,ENST00000320816.11,ENST00000908974.1,39394421-39424804,39418345-39424804,,,,,,,,
chr5:clu_33577:DAB2,,DAB2,human,subsumed_by_larger_group,ENST00000320816.11,ENST00000908978.1,39394421-39424804,39418345-39424804,,,,,,,,
chr5:clu_33577:DAB2,,DAB2,human,subsumed_by_larger_group,ENST00000320816.11,ENST00000908975.1,39394421-39424804,39394421-39418181,,,,,,,,
chr16:clu_16108:GFOD2,,GFOD2,human,novel_junction,ENST00000268797.12,,67676053-67685457,67663556-67663653,,,,,,,,
chr16:clu_16108:GFOD2,,GFOD2,human,novel_junction,ENST00000268797.12,,67676053-67685457,67663556-67663657,,,,,,,,
chr16:clu_16108:GFOD2,,GFOD2,human,novel_junction,ENST00000268797.12,,67676053-67685457,67663820-67663937,,,,,,,,
chr16:clu_16108:GFOD2,,GFOD2,human,novel_junction,ENST00000268797.12,,67676053-67685457,67664062-67664996,,,,,,,,
chr16:clu_16108:GFOD2,,GFOD2,human,novel_junction,ENST00000268797.12,,67676053-67685457,67665168-67666071,,,,,,,,
chr16:clu_16108:GFOD2,,GFOD2,human,novel_junction,ENST00000268797.12,,67676053-67685457,67666265-67666358,,,,,,,,
chr16:clu_16108:GFOD2,,GFOD2,human,novel_junction,ENST00000268797.12,,67676053-67685457,67666265-67685457,,,,,,,,
chr16:clu_16108:GFOD2,,GFOD2,human,no_unique_junctions,ENST00000268797.12,ENST00000929448.1,67676053-67685457,67676053-67685457,,,,,,,,
chr16:clu_16108:GFOD2,,GFOD2,human,no_unique_junctions,ENST00000268797.12,XM_047434724.1,67676053-67685457,67676053-67685457,,,,,,,,
chr16:clu_16108:GFOD2,,GFOD2,human,transcript_doesnt_have_junctions,ENST00000268797.12,XM_006721288.5,67676053-67685457,,,,,,,,,
chr16:clu_16108:GFOD2,,GFOD2,human,transcript_doesnt_have_junctions,ENST00000268797.12,ENST00000602279.2,67676053-67685457,,,,,,,,,
chr16:clu_16108:GFOD2,,GFOD2,human,transcript_doesnt_have_junctions,ENST00000268797.12,ENST00000602522.1,67676053-67685457,,,,,,,,,
chr16:clu_16108:GFOD2,,GFOD2,human,transcript_doesnt_have_junctions,ENST00000268797.12,ENST00000602377.1,67676053-67685457,,,,,,,,,
chr16:clu_16108:GFOD2,,GFOD2,human,no_unique_junctions,ENST00000268797.12,ENST00000868800.1,67676053-67685457,67676053-67685457,,,,,,,,
chr16:clu_16108:GFOD2,,GFOD2,human,transcript_doesnt_have_junctions,ENST00000268797.12,ENST00000602627.1,67676053-67685457,,,,,,,,,
chr16:clu_16108:GFOD2,,GFOD2,human,transcript_doesnt_have_junctions,ENST00000268797.12,ENST00000602496.1,67676053-67685457,,,,,,,,,
chr16:clu_16108:GFOD2,,GFOD2,human,transcript_doesnt_have_junctions,ENST00000268797.12,ENST00000602855.2,67676053-67685457,,,,,,,,,
chr16:clu_16108:GFOD2,,GFOD2,human,all_known_junctions_are_canonical,ENST00000268797.12,,67676053-67685457,,,,,,,,,
chr11:clu_7885,,GRK2,human,novel_junction,ENST00000308595.10,,67279900-67280732,67279900-67280495,,,,,,,,
chr11:clu_7885,,GRK2,human,no_unique_junctions,ENST00000308595.10,XM_011544773.2,67279900-67280732,67279900-67280732,,,,,,,,
chr11:clu_7885,,GRK2,human,no_unique_junctions,ENST00000308595.10,ENST00000416281.6,67279900-67280732,67279900-67280732,,,,,,,,
chr11:clu_7885,,GRK2,human,transcript_doesnt_have_junctions,ENST00000308595.10,ENST00000533077.5,67279900-67280732,,,,,,,,,
chr11:clu_7885,,GRK2,human,transcript_doesnt_have_junctions,ENST00000308595.10,ENST00000534651.5,67279900-67280732,,,,,,,,,
chr11:clu_7885,,GRK2,human,transcript_doesnt_have_junctions,ENST00000308595.10,ENST00000526572.5,67279900-67280732,,,,,,,,,
chr11:clu_7885,,GRK2,human,transcript_doesnt_have_junctions,ENST00000308595.10,ENST00000529815.1,67279900-67280732,,,,,,,,,
chr11:clu_7885,,GRK2,human,transcript_doesnt_have_junctions,ENST00000308595.10,ENST00000531390.1,67279900-67280732,,,,,,,,,
chr11:clu_7885,,GRK2,human,transcript_doesnt_have_junctions,ENST00000308595.10,ENST00000532611.1,67279900-67280732,,,,,,,,,
chr11:clu_7885,,GRK2,human,no_unique_junctions,ENST00000308595.10,ENST00000936739.1,67279900-67280732,67279900-67280732,,,,,,,,
chr11:clu_7885,,GRK2,human,no_unique_junctions,ENST00000308595.10,ENST00000936740.1,67279900-67280732,67279900-67280732,,,,,,,,
chr11:clu_7885,,GRK2,human,no_unique_junctions,ENST00000308595.10,ENST00000936741.1,67279900-67280732,67279900-67280732,,,,,,,,
chr11:clu_7885,,GRK2,human,no_unique_junctions,ENST00000308595.10,ENST00000951316.1,67279900-67280732,67279900-67280732,,,,,,,,
chr11:clu_7885,,GRK2,human,no_unique_junctions,ENST00000308595.10,ENST00000951317.1,67279900-67280732,67279900-67280732,,,,,,,,
chr11:clu_7885,,GRK2,human,no_unique_junctions,ENST00000308595.10,ENST00000951319.1,67279900-67280732,67279900-67280732,,,,,,,,
chr11:clu_7885,,GRK2,human,no_unique_junctions,ENST00000308595.10,ENST00000936742.1,67279900-67280732,67279900-67280732,,,,,,,,
chr11:clu_7885,,GRK2,human,transcript_doesnt_have_junctions,ENST00000308595.10,ENST00000951318.1,67279900-67280732,,,,,,,,,
chr11:clu_7885,,GRK2,human,no_unique_junctions,ENST00000308595.10,ENST00000936746.1,67279900-67280732,67279900-67280732,,,,,,,,
chr11:clu_7885,,GRK2,human,no_unique_junctions,ENST00000308595.10,ENST00000951320.1,67279900-67280732,67279900-67280732,,,,,,,,
chr11:clu_7885,,GRK2,human,no_unique_junctions,ENST00000308595.10,ENST00000936743.1,67279900-67280732,67279900-67280732,,,,,,,,
chr11:clu_7885,,GRK2,human,no_unique_junctions,ENST00000308595.10,ENST00000936744.1,67279900-67280732,67279900-67280732,,,,,,,,
chr11:clu_7885,,GRK2,human,no_unique_junctions,ENST00000308595.10,ENST00000936745.1,67279900-67280732,67279900-67280732,,,,,,,,
chr11:clu_7885,,GRK2,human,no_unique_junctions,ENST00000308595.10,ENST00000951321.1,67279900-67280732,67279900-67280732,,,,,,,,
chr11:clu_7885,,GRK2,human,no_unique_junctions,ENST00000308595.10,ENST00000526285.1,67279900-67280732,67279900-67280732,,,,,,,,
chr11:clu_7885,,GRK2,human,no_unique_junctions,ENST00000308595.10,ENST00000951322.1,67279900-67280732,67279900-67280732,,,,,,,,
chr11:clu_7885,,GRK2,human,no_unique_junctions,ENST00000308595.10,ENST00000900273.1,67279900-67280732,67279900-67280732,,,,,,,,
chr11:clu_7885,,GRK2,human,transcript_doesnt_have_junctions,ENST00000308595.10,ENST00000530291.5,67279900-67280732,,,,,,,,,
chr11:clu_7885,,GRK2,human,transcript_doesnt_have_junctions,ENST00000308595.10,ENST00000529738.1,67279900-67280732,,,,,,,,,
chr11:clu_7885,,GRK2,human,transcript_doesnt_have_junctions,ENST00000308595.10,ENST00000532099.5,67279900-67280732,,,,,,,,,
chr11:clu_7885,,GRK2,human,transcript_doesnt_have_junctions,ENST00000308595.10,ENST00000527176.5,67279900-67280732,,,,,,,,,
chr11:clu_7885,,GRK2,human,transcript_doesnt_have_junctions,ENST00000308595.10,ENST00000524899.1,67279900-67280732,,,,,,,,,
chr11:clu_7885,,GRK2,human,all_known_junctions_are_canonical,ENST00000308595.10,,67279900-67280732,,,,,,,,,
chr16:clu_15354,,GSE1,human,novel_junction,ENST00000253458.12,,85648751-85654278,85650709-85654278,,,,,,,,
chr16:clu_15354,,GSE1,human,transcript_doesnt_have_junctions,ENST00000253458.12,ENST00000637419.1,85648751-85654278,,,,,,,,,
chr16:clu_15354,,GSE1,human,transcript_doesnt_have_junctions,ENST00000253458.12,XM_017023084.2,85648751-85654278,,,,,,,,,
chr16:clu_15354,,GSE1,human,no_unique_junctions,ENST00000253458.12,XM_005255859.6,85648751-85654278,85648751-85654278,,,,,,,,
chr16:clu_15354,,GSE1,human,no_unique_junctions,ENST00000253458.12,XM_005255860.4,85648751-85654278,85648751-85654278,,,,,,,,
chr16:clu_15354,,GSE1,human,no_unique_junctions,ENST00000253458.12,XM_005255861.6,85648751-85654278,85648751-85654278,,,,,,,,
chr16:clu_15354,,GSE1,human,no_unique_junctions,ENST00000253458.12,XM_011522965.4,85648751-85654278,85648751-85654278,,,,,,,,
chr16:clu_15354,,GSE1,human,no_unique_junctions,ENST00000253458.12,XM_047433828.1,85648751-85654278,85648751-85654278,,,,,,,,
chr16:clu_15354,,GSE1,human,no_unique_junctions,ENST00000253458.12,XM_005255863.5,85648751-85654278,85648751-85654278,,,,,,,,
chr16:clu_15354,,GSE1,human,no_unique_junctions,ENST00000253458.12,XM_047433831.1,85648751-85654278,85648751-85654278,,,,,,,,
chr16:clu_15354,,GSE1,human,no_unique_junctions,ENST00000253458.12,XM_047433823.1,85648751-85654278,85648751-85654278,,,,,,,,
chr16:clu_15354,,GSE1,human,no_unique_junctions,ENST00000253458.12,XM_047433821.1,85648751-85654278,85648751-85654278,,,,,,,,
chr16:clu_15354,,GSE1,human,no_unique_junctions,ENST00000253458.12,XM_047433836.1,85648751-85654278,85648751-85654278,,,,,,,,
chr16:clu_15354,,GSE1,human,no_unique_junctions,ENST00000253458.12,XM_005255864.5,85648751-85654278,85648751-85654278,,,,,,,,
chr16:clu_15354,,GSE1,human,no_unique_junctions,ENST00000253458.12,XM_047433827.1,85648751-85654278,85648751-85654278,,,,,,,,
chr16:clu_15354,,GSE1,human,no_unique_junctions,ENST00000253458.12,XM_005255865.5,85648751-85654278,85648751-85654278,,,,,,,,
chr16:clu_15354,,GSE1,human,no_unique_junctions,ENST00000253458.12,XM_047433832.1,85648751-85654278,85648751-85654278,,,,,,,,
chr16:clu_15354,,GSE1,human,no_unique_junctions,ENST00000253458.12,XM_047433820.1,85648751-85654278,85648751-85654278,,,,,,,,
chr16:clu_15354,,GSE1,human,no_unique_junctions,ENST00000253458.12,XM_047433830.1,85648751-85654278,85648751-85654278,,,,,,,,
chr16:clu_15354,,GSE1,human,no_unique_junctions,ENST00000253458.12,XM_047433822.1,85648751-85654278,85648751-85654278,,,,,,,,
chr16:clu_15354,,GSE1,human,no_unique_junctions,ENST00000253458.12,ENST00000405402.6,85648751-85654278,85648751-85654278,,,,,,,,
chr16:clu_15354,,GSE1,human,no_unique_junctions,ENST00000253458.12,XM_047433824.1,85648751-85654278,85648751-85654278,,,,,,,,
chr16:clu_15354,,GSE1,human,no_unique_junctions,ENST00000253458.12,XM_047433833.1,85648751-85654278,85648751-85654278,,,,,,,,
chr16:clu_15354,,GSE1,human,no_unique_junctions,ENST00000253458.12,XM_011522966.4,85648751-85654278,85648751-85654278,,,,,,,,
chr16:clu_15354,,GSE1,human,no_unique_junctions,ENST00000253458.12,XM_047433826.1,85648751-85654278,85648751-85654278,,,,,,,,
chr16:clu_15354,,GSE1,human,no_unique_junctions,ENST00000253458.12,XM_047433829.1,85648751-85654278,85648751-85654278,,,,,,,,
chr16:clu_15354,,GSE1,human,no_unique_junctions,ENST00000253458.12,ENST00000880623.1,85648751-85654278,85648751-85654278,,,,,,,,
chr16:clu_15354,,GSE1,human,no_unique_junctions,ENST00000253458.12,ENST00000393243.5,85648751-85654278,85648751-85654278,,,,,,,,
chr16:clu_15354,,GSE1,human,no_unique_junctions,ENST00000253458.12,XM_047433835.1,85648751-85654278,85648751-85654278,,,,,,,,
chr16:clu_15354,,GSE1,human,transcript_doesnt_have_junctions,ENST00000253458.12,ENST00000412692.5,85648751-85654278,,,,,,,,,
chr16:clu_15354,,GSE1,human,no_unique_junctions,ENST00000253458.12,XM_047433834.1,85648751-85654278,85648751-85654278,,,,,,,,
chr16:clu_15354,,GSE1,human,no_unique_junctions,ENST00000253458.12,XM_047433818.1,85648751-85654278,85648751-85654278,,,,,,,,
chr16:clu_15354,,GSE1,human,no_unique_junctions,ENST00000253458.12,XM_047433819.1,85648751-85654278,85648751-85654278,,,,,,,,
chr16:clu_15354,,GSE1,human,transcript_doesnt_have_junctions,ENST00000253458.12,ENST00000479488.1,85648751-85654278,,,,,,,,,
chr16:clu_15354,,GSE1,human,transcript_doesnt_have_junctions,ENST00000253458.12,ENST00000469381.1,85648751-85654278,,,,,,,,,
chr16:clu_15354,,GSE1,human,transcript_doesnt_have_junctions,ENST00000253458.12,ENST00000495192.1,85648751-85654278,,,,,,,,,
chr16:clu_15354,,GSE1,human,transcript_doesnt_have_junctions,ENST00000253458.12,ENST00000562659.1,85648751-85654278,,,,,,,,,
chr16:clu_15354,,GSE1,human,transcript_doesnt_have_junctions,ENST00000253458.12,ENST00000496345.1,85648751-85654278,,,,,,,,,
chr16:clu_15354,,GSE1,human,no_unique_junctions,ENST00000253458.12,ENST00000635906.1,85648751-85654278,85648751-85654278,,,,,,,,
chr16:clu_15354,,GSE1,human,no_unique_junctions,ENST00000253458.12,ENST00000411612.5,85648751-85654278,85648751-85654278,,,,,,,,
chr16:clu_15354,,GSE1,human,no_unique_junctions,ENST00000253458.12,ENST00000880624.1,85648751-85654278,85648751-85654278,,,,,,,,
chr16:clu_15354,,GSE1,human,no_unique_junctions,ENST00000253458.12,ENST00000880625.1,85648751-85654278,85648751-85654278,,,,,,,,
chr16:clu_15354,,GSE1,human,no_unique_junctions,ENST00000253458.12,ENST00000912462.1,85648751-85654278,85648751-85654278,,,,,,,,
chr16:clu_15354,,GSE1,human,transcript_doesnt_have_junctions,ENST00000253458.12,ENST00000438180.1,85648751-85654278,,,,,,,,,
chr16:clu_15354,,GSE1,human,transcript_doesnt_have_junctions,ENST00000253458.12,ENST00000574293.1,85648751-85654278,,,,,,,,,
chr16:clu_15354,,GSE1,human,transcript_doesnt_have_junctions,ENST00000253458.12,ENST00000568080.1,85648751-85654278,,,,,,,,,
chr16:clu_15354,,GSE1,human,transcript_doesnt_have_junctions,ENST00000253458.12,ENST00000471070.1,85648751-85654278,,,,,,,,,
chr2:clu_23454:ASNSD1,,ASNSD1,human,novel_junction,ENST00000260952.9,,189665451-189666041;189667596-189667764,189665451-189667764,,,,,,,,
chr2:clu_23454:ASNSD1,,ASNSD1,human,no_unique_junctions,ENST00000260952.9,NM_001353497.2,189665451-189666041;189667596-189667764,189665451-189666041;189667596-189667764,,,,,,,,
chr2:clu_23454:ASNSD1,,ASNSD1,human,no_unique_junctions,ENST00000260952.9,ENST00000420250.1,189665451-189666041;189667596-189667764,189665451-189666041;189667596-189667764,,,,,,,,
chr2:clu_23454:ASNSD1,,ASNSD1,human,no_unique_junctions,ENST00000260952.9,ENST00000607062.5,189665451-189666041;189667596-189667764,189665451-189666041,,,,,,,,
chr2:clu_23454:ASNSD1,,ASNSD1,human,no_unique_junctions,ENST00000260952.9,ENST00000425590.1,189665451-189666041;189667596-189667764,189665451-189666041,,,,,,,,
chr2:clu_23454:ASNSD1,,ASNSD1,human,all_known_junctions_are_canonical,ENST00000260952.9,,189665451-189666041;189667596-189667764,,,,,,,,,
chr1:clu_1188:CD58,,CD58,human,novel_junction,ENST00000369489.10,,116544604-116570903,116577562-116579392,,,,,,,,
chr1:clu_1188:CD58,,CD58,human,no_unique_junctions,ENST00000369489.10,ENST00000457047.6,116544604-116570903,116544604-116570903,,,,,,,,
chr1:clu_1188:CD58,,CD58,human,no_unique_junctions,ENST00000369489.10,ENST00000907570.1,116544604-116570903,116544604-116570903,,,,,,,,
chr1:clu_1188:CD58,,CD58,human,no_unique_junctions,ENST00000369489.10,ENST00000464088.5,116544604-116570903,116544604-116570903,,,,,,,,
chr1:clu_1188:CD58,,CD58,human,transcript_doesnt_have_junctions,ENST00000369489.10,ENST00000526981.1,116544604-116570903,,,,,,,,,
chr1:clu_1188:CD58,,CD58,human,no_unique_junctions,ENST00000369489.10,ENST00000369487.3,116544604-116570903,116544604-116570903,,,,,,,,
chr1:clu_1188:CD58,,CD58,human,all_known_junctions_are_canonical,ENST00000369489.10,,116544604-116570903,,,,,,,,,
chrX:clu_43219,,FAM156A,human,novel_junction,ENST00000622447.5,,52948705-52955154;52955246-52956273,52956346-52956734,,,,,,,,
chrX:clu_43219,,FAM156A,human,novel_junction,ENST00000622447.5,,52948705-52955154;52955246-52956273,52960470-52964084,,,,,,,,
chrX:clu_43219,,FAM156A,human,no_unique_junctions,ENST00000622447.5,ENST00000956880.1,52948705-52955154;52955246-52956273,52948705-52955154;52955246-52956273,,,,,,,,
chrX:clu_43219,,FAM156A,human,no_unique_junctions,ENST00000622447.5,ENST00000622323.5,52948705-52955154;52955246-52956273,52948705-52955154;52955246-52956273,,,,,,,,
chrX:clu_43219,,FAM156A,human,no_unique_junctions,ENST00000622447.5,ENST00000612915.4,52948705-52955154;52955246-52956273,52948705-52955154;52955246-52956273,,,,,,,,
chrX:clu_43219,,FAM156A,human,no_unique_junctions,ENST00000622447.5,ENST00000910138.1,52948705-52955154;52955246-52956273,52948705-52955154;52955246-52956273,,,,,,,,
chrX:clu_43219,,FAM156A,human,no_unique_junctions,ENST00000622447.5,NM_001377062.1,52948705-52955154;52955246-52956273,52948705-52955154;52955246-52956273,,,,,,,,
chrX:clu_43219,,FAM156A,human,no_unique_junctions,ENST00000622447.5,ENST00000612846.5,52948705-52955154;52955246-52956273,52948705-52955154;52955246-52956273,,,,,,,,
chrX:clu_43219,,FAM156A,human,transcript_doesnt_have_junctions,ENST00000622447.5,ENST00000919363.1,52948705-52955154;52955246-52956273,,,,,,,,,
chrX:clu_43219,,FAM156A,human,no_unique_junctions,ENST00000622447.5,ENST00000619586.5,52948705-52955154;52955246-52956273,52948705-52955154;52955246-52956273,,,,,,,,
chrX:clu_43219,,FAM156A,human,no_unique_junctions,ENST00000622447.5,XM_047442035.1,52948705-52955154;52955246-52956273,52948705-52955154;52955246-52956273,,,,,,,,
chrX:clu_43219,,FAM156A,human,transcript_doesnt_have_junctions,ENST00000622447.5,ENST00000613284.1,52948705-52955154;52955246-52956273,,,,,,,,,
chrX:clu_43219,,FAM156A,human,no_unique_junctions,ENST00000622447.5,ENST00000910145.1,52948705-52955154;52955246-52956273,52948705-52955154,,,,,,,,
chrX:clu_43219,,FAM156A,human,no_unique_junctions,ENST00000622447.5,ENST00000910142.1,52948705-52955154;52955246-52956273,52948705-52955154;52955246-52956273,,,,,,,,
chrX:clu_43219,,FAM156A,human,no_unique_junctions,ENST00000622447.5,ENST00000956888.1,52948705-52955154;52955246-52956273,52948705-52955154,,,,,,,,
chrX:clu_43219,,FAM156A,human,no_unique_junctions,ENST00000622447.5,ENST00000919361.1,52948705-52955154;52955246-52956273,52948705-52955154;52955246-52956273,,,,,,,,
chrX:clu_43219,,FAM156A,human,no_unique_junctions,ENST00000622447.5,ENST00000956882.1,52948705-52955154;52955246-52956273,52948705-52955154;52955246-52956273,,,,,,,,
chrX:clu_43219,,FAM156A,human,transcript_doesnt_have_junctions,ENST00000622447.5,ENST00000956881.1,52948705-52955154;52955246-52956273,,,,,,,,,
chrX:clu_43219,,FAM156A,human,no_unique_junctions,ENST00000622447.5,ENST00000910141.1,52948705-52955154;52955246-52956273,52948705-52955154,,,,,,,,
chrX:clu_43219,,FAM156A,human,no_unique_junctions,ENST00000622447.5,ENST00000919360.1,52948705-52955154;52955246-52956273,52948705-52955154;52955246-52956273,,,,,,,,
chrX:clu_43219,,FAM156A,human,no_unique_junctions,ENST00000622447.5,ENST00000956890.1,52948705-52955154;52955246-52956273,52948705-52955154,,,,,,,,
chrX:clu_43219,,FAM156A,human,no_unique_junctions,ENST00000622447.5,ENST00000956889.1,52948705-52955154;52955246-52956273,52948705-52955154;52955246-52956273,,,,,,,,
chrX:clu_43219,,FAM156A,human,no_unique_junctions,ENST00000622447.5,ENST00000956885.1,52948705-52955154;52955246-52956273,52948705-52955154;52955246-52956273,,,,,,,,
chrX:clu_43219,,FAM156A,human,no_unique_junctions,ENST00000622447.5,ENST00000956883.1,52948705-52955154;52955246-52956273,52948705-52955154,,,,,,,,
chrX:clu_43219,,FAM156A,human,no_unique_junctions,ENST00000622447.5,ENST00000956884.1,52948705-52955154;52955246-52956273,52948705-52955154;52955246-52956273,,,,,,,,
chrX:clu_43219,,FAM156A,human,transcript_doesnt_have_junctions,ENST00000622447.5,ENST00000956877.1,52948705-52955154;52955246-52956273,,,,,,,,,
chrX:clu_43219,,FAM156A,human,no_unique_junctions,ENST00000622447.5,ENST00000956878.1,52948705-52955154;52955246-52956273,52955246-52956273,,,,,,,,
chrX:clu_43219,,FAM156A,human,no_unique_junctions,ENST00000622447.5,ENST00000910144.1,52948705-52955154;52955246-52956273,52948705-52955154,,,,,,,,
chrX:clu_43219,,FAM156A,human,transcript_doesnt_have_junctions,ENST00000622447.5,ENST00000910140.1,52948705-52955154;52955246-52956273,,,,,,,,,
chrX:clu_43219,,FAM156A,human,no_unique_junctions,ENST00000622447.5,ENST00000956891.1,52948705-52955154;52955246-52956273,52948705-52955154,,,,,,,,
chrX:clu_43219,,FAM156A,human,no_unique_junctions,ENST00000622447.5,ENST00000616592.1,52948705-52955154;52955246-52956273,52948705-52955154;52955246-52956273,,,,,,,,
chrX:clu_43219,,FAM156A,human,no_unique_junctions,ENST00000622447.5,ENST00000619897.4,52948705-52955154;52955246-52956273,52955246-52956273,,,,,,,,
chrX:clu_43219,,FAM156A,human,transcript_doesnt_have_junctions,ENST00000622447.5,ENST00000615171.1,52948705-52955154;52955246-52956273,,,,,,,,,
chrX:clu_43219,,FAM156A,human,transcript_doesnt_have_junctions,ENST00000622447.5,ENST00000622430.1,52948705-52955154;52955246-52956273,,,,,,,,,
chrX:clu_43219,,FAM156A,human,subsumed_by_larger_group,ENST00000622447.5,ENST00000611661.4,52948705-52955154;52955246-52956273,52948705-52956273,,,,,,,,
chrX:clu_43219,,FAM156A,human,subsumed_by_larger_group,ENST00000622447.5,ENST00000615092.4,52948705-52955154;52955246-52956273,52948705-52956273,,,,,,,,
chrX:clu_43219,,FAM156A,human,subsumed_by_larger_group,ENST00000622447.5,ENST00000617970.4,52948705-52955154;52955246-52956273,52948705-52956273,,,,,,,,
chrX:clu_43219,,FAM156A,human,subsumed_by_larger_group,ENST00000622447.5,ENST00000622732.5,52948705-52955154;52955246-52956273,52948705-52956273,,,,,,,,
chrX:clu_43219,,FAM156A,human,subsumed_by_larger_group,ENST00000622447.5,ENST00000910143.1,52948705-52955154;52955246-52956273,52948705-52956273,,,,,,,,
chrX:clu_43219,,FAM156A,human,subsumed_by_larger_group,ENST00000622447.5,XM_047442037.1,52948705-52955154;52955246-52956273,52948705-52956273,,,,,,,,
chrX:clu_43219,,FAM156A,human,subsumed_by_larger_group,ENST00000622447.5,ENST00000596733.7,52948705-52955154;52955246-52956273,52948705-52955154;52955246-52956273;52956346-52957088,,,,,,,,
chrX:clu_43219,,FAM156A,human,subsumed_by_larger_group,ENST00000622447.5,ENST00000612083.5,52948705-52955154;52955246-52956273,52948705-52955154;52955246-52956273;52956346-52957088,,,,,,,,
chrX:clu_43219,,FAM156A,human,subsumed_by_larger_group,ENST00000622447.5,ENST00000618601.5,52948705-52955154;52955246-52956273,52948705-52955154;52955246-52956273;52956755-52964084,,,,,,,,
chrX:clu_43219,,FAM156A,human,subsumed_by_larger_group,ENST00000622447.5,XM_017029457.1,52948705-52955154;52955246-52956273,52948705-52955154;52955246-52956273;52956755-52964084,,,,,,,,
chrX:clu_43219,,FAM156A,human,subsumed_by_larger_group,ENST00000622447.5,ENST00000616235.1,52948705-52955154;52955246-52956273,52956346-52964084,,,,,,,,
chrX:clu_43219,,FAM156A,human,subsumed_by_larger_group,ENST00000622447.5,ENST00000956879.1,52948705-52955154;52955246-52956273,52948705-52955154;52955246-52956273;52956346-52964084,,,,,,,,
chrX:clu_43219,,FAM156A,human,subsumed_by_larger_group,ENST00000622447.5,XM_047442036.1,52948705-52955154;52955246-52956273,52948705-52955154;52955246-52956273;52956346-52964084,,,,,,,,
chrX:clu_43219,,FAM156A,human,subsumed_by_larger_group,ENST00000622447.5,ENST00000910146.1,52948705-52955154;52955246-52956273,52948705-52955154;52955243-52956273,,,,,,,,
chrX:clu_43219,,FAM156A,human,subsumed_by_larger_group,ENST00000622447.5,ENST00000619373.5,52948705-52955154;52955246-52956273,52948705-52955154;52955246-52956273;52956346-52958624,,,,,,,,
chrX:clu_43219,5/7,FAM156A,human,transcript_not_chosen,ENST00000622447.5,ENST00000610625.5,52948705-52955154;52955246-52956273,52948705-52955154;52955243-52956273;52956346-52964084,,,,,,,,
chr5:clu_34236,,HNRNPH1,human,no_unique_junctions,ENST00000393432.9,ENST00000521116.6,179616218-179616869,179616218-179616869,,,,,,,,
chr5:clu_34236,,HNRNPH1,human,no_unique_junctions,ENST00000393432.9,NM_001364225.2,179616218-179616869,179616218-179616869,,,,,,,,
chr5:clu_34236,,HNRNPH1,human,no_unique_junctions,ENST00000393432.9,ENST00000923840.1,179616218-179616869,179616218-179616869,,,,,,,,
chr5:clu_34236,,HNRNPH1,human,no_unique_junctions,ENST00000393432.9,NM_001364253.2,179616218-179616869,179616218-179616869,,,,,,,,
chr5:clu_34236,,HNRNPH1,human,no_unique_junctions,ENST00000393432.9,NM_001395194.1,179616218-179616869,179616218-179616869,,,,,,,,
chr5:clu_34236,,HNRNPH1,human,no_unique_junctions,ENST00000393432.9,ENST00000947133.1,179616218-179616869,179616218-179616869,,,,,,,,
chr5:clu_34236,,HNRNPH1,human,no_unique_junctions,ENST00000393432.9,NM_001364234.2,179616218-179616869,179616218-179616869,,,,,,,,
chr5:clu_34236,,HNRNPH1,human,no_unique_junctions,ENST00000393432.9,NM_001364226.2,179616218-179616869,179616218-179616869,,,,,,,,
chr5:clu_34236,,HNRNPH1,human,no_unique_junctions,ENST00000393432.9,ENST00000857810.1,179616218-179616869,179616218-179616869,,,,,,,,
chr5:clu_34236,,HNRNPH1,human,no_unique_junctions,ENST00000393432.9,NM_001364227.2,179616218-179616869,179616218-179616869,,,,,,,,
chr5:clu_34236,,HNRNPH1,human,no_unique_junctions,ENST00000393432.9,ENST00000513225.6,179616218-179616869,179616218-179616869,,,,,,,,
chr5:clu_34236,,HNRNPH1,human,transcript_doesnt_have_junctions,ENST00000393432.9,NM_001395176.1,179616218-179616869,,,,,,,,,
chr5:clu_34236,,HNRNPH1,human,no_unique_junctions,ENST00000393432.9,NM_001395190.1,179616218-179616869,179616218-179616869,,,,,,,,
chr5:clu_34236,,HNRNPH1,human,no_unique_junctions,ENST00000393432.9,ENST00000515714.6,179616218-179616869,179616218-179616869,,,,,,,,
chr5:clu_34236,,HNRNPH1,human,no_unique_junctions,ENST00000393432.9,ENST00000947142.1,179616218-179616869,179616218-179616869,,,,,,,,
chr5:clu_34236,,HNRNPH1,human,no_unique_junctions,ENST00000393432.9,NM_001364251.2,179616218-179616869,179616218-179616869,,,,,,,,
chr5:clu_34236,,HNRNPH1,human,no_unique_junctions,ENST00000393432.9,NM_001364254.2,179616218-179616869,179616218-179616869,,,,,,,,
chr5:clu_34236,,HNRNPH1,human,no_unique_junctions,ENST00000393432.9,NM_001395188.1,179616218-179616869,179616218-179616869,,,,,,,,
chr5:clu_34236,,HNRNPH1,human,no_unique_junctions,ENST00000393432.9,NM_001395180.1,179616218-179616869,179616218-179616869,,,,,,,,
chr5:clu_34236,,HNRNPH1,human,no_unique_junctions,ENST00000393432.9,ENST00000857818.1,179616218-179616869,179616218-179616869,,,,,,,,
chr5:clu_34236,,HNRNPH1,human,no_unique_junctions,ENST00000393432.9,ENST00000923833.1,179616218-179616869,179616218-179616869,,,,,,,,
chr5:clu_34236,,HNRNPH1,human,no_unique_junctions,ENST00000393432.9,ENST00000947145.1,179616218-179616869,179616218-179616869,,,,,,,,
chr5:clu_34236,,HNRNPH1,human,no_unique_junctions,ENST00000393432.9,NM_001364228.2,179616218-179616869,179616218-179616869,,,,,,,,
chr5:clu_34236,,HNRNPH1,human,no_unique_junctions,ENST00000393432.9,ENST00000442819.6,179616218-179616869,179616218-179616869,,,,,,,,
chr5:clu_34236,,HNRNPH1,human,transcript_doesnt_have_junctions,ENST00000393432.9,NM_001364231.2,179616218-179616869,,,,,,,,,
chr5:clu_34236,,HNRNPH1,human,no_unique_junctions,ENST00000393432.9,ENST00000923837.1,179616218-179616869,179616218-179616869,,,,,,,,
chr5:clu_34236,,HNRNPH1,human,no_unique_junctions,ENST00000393432.9,NM_001395182.1,179616218-179616869,179616218-179616869,,,,,,,,
chr5:clu_34236,,HNRNPH1,human,no_unique_junctions,ENST00000393432.9,NM_001364250.2,179616218-179616869,179616218-179616869,,,,,,,,
chr5:clu_34236,,HNRNPH1,human,no_unique_junctions,ENST00000393432.9,NM_001364252.2,179616218-179616869,179616218-179616869,,,,,,,,
chr5:clu_34236,,HNRNPH1,human,no_unique_junctions,ENST00000393432.9,NM_001364255.2,179616218-179616869,179616218-179616869,,,,,,,,
chr5:clu_34236,,HNRNPH1,human,no_unique_junctions,ENST00000393432.9,NM_001395179.1,179616218-179616869,179616218-179616869,,,,,,,,
chr5:clu_34236,,HNRNPH1,human,no_unique_junctions,ENST00000393432.9,ENST00000923838.1,179616218-179616869,179616218-179616869,,,,,,,,
chr5:clu_34236,,HNRNPH1,human,no_unique_junctions,ENST00000393432.9,NM_001395177.1,179616218-179616869,179616218-179616869,,,,,,,,
chr5:clu_34236,,HNRNPH1,human,no_unique_junctions,ENST00000393432.9,ENST00000523921.2,179616218-179616869,179616218-179616869,,,,,,,,
chr5:clu_34236,,HNRNPH1,human,no_unique_junctions,ENST00000393432.9,NM_001395178.1,179616218-179616869,179616218-179616869,,,,,,,,
chr5:clu_34236,,HNRNPH1,human,no_unique_junctions,ENST00000393432.9,ENST00000329433.11,179616218-179616869,179616218-179616869,,,,,,,,
chr5:clu_34236,,HNRNPH1,human,no_unique_junctions,ENST00000393432.9,NM_001364238.2,179616218-179616869,179616218-179616869,,,,,,,,
chr5:clu_34236,,HNRNPH1,human,no_unique_junctions,ENST00000393432.9,NM_001364243.2,179616218-179616869,179616218-179616869,,,,,,,,
chr5:clu_34236,,HNRNPH1,human,no_unique_junctions,ENST00000393432.9,ENST00000515158.6,179616218-179616869,179616218-179616869,,,,,,,,
chr5:clu_34236,,HNRNPH1,human,transcript_doesnt_have_junctions,ENST00000393432.9,ENST00000502904.5,179616218-179616869,,,,,,,,,
chr5:clu_34236,,HNRNPH1,human,transcript_doesnt_have_junctions,ENST00000393432.9,ENST00000515481.5,179616218-179616869,,,,,,,,,
chr5:clu_34236,,HNRNPH1,human,no_unique_junctions,ENST00000393432.9,ENST00000514332.5,179616218-179616869,179616218-179616869,,,,,,,,
chr5:clu_34236,,HNRNPH1,human,transcript_doesnt_have_junctions,ENST00000393432.9,ENST00000524179.1,179616218-179616869,,,,,,,,,
chr5:clu_34236,,HNRNPH1,human,no_unique_junctions,ENST00000393432.9,ENST00000521720.5,179616218-179616869,179616218-179616869,,,,,,,,
chr5:clu_34236,,HNRNPH1,human,no_unique_junctions,ENST00000393432.9,ENST00000502632.5,179616218-179616869,179616218-179616869,,,,,,,,
chr5:clu_34236,,HNRNPH1,human,no_unique_junctions,ENST00000393432.9,ENST00000504549.5,179616218-179616869,179616218-179616869,,,,,,,,
chr5:clu_34236,,HNRNPH1,human,transcript_doesnt_have_junctions,ENST00000393432.9,ENST00000514731.5,179616218-179616869,,,,,,,,,
chr5:clu_34236,,HNRNPH1,human,transcript_doesnt_have_junctions,ENST00000393432.9,ENST00000520415.1,179616218-179616869,,,,,,,,,
chr5:clu_34236,,HNRNPH1,human,transcript_doesnt_have_junctions,ENST00000393432.9,ENST00000518548.5,179616218-179616869,,,,,,,,,
chr5:clu_34236,,HNRNPH1,human,transcript_doesnt_have_junctions,ENST00000393432.9,ENST00000522958.5,179616218-179616869,,,,,,,,,
chr5:clu_34236,,HNRNPH1,human,transcript_doesnt_have_junctions,ENST00000393432.9,ENST00000521790.6,179616218-179616869,,,,,,,,,
chr5:clu_34236,,HNRNPH1,human,transcript_doesnt_have_junctions,ENST00000393432.9,ENST00000513972.5,179616218-179616869,,,,,,,,,
chr5:clu_34236,,HNRNPH1,human,transcript_doesnt_have_junctions,ENST00000393432.9,ENST00000519943.1,179616218-179616869,,,,,,,,,
chr5:clu_34236,,HNRNPH1,human,transcript_doesnt_have_junctions,ENST00000393432.9,ENST00000519707.5,179616218-179616869,,,,,,,,,
chr5:clu_34236,,HNRNPH1,human,transcript_doesnt_have_junctions,ENST00000393432.9,ENST00000519455.5,179616218-179616869,,,,,,,,,
chr5:clu_34236,,HNRNPH1,human,transcript_doesnt_have_junctions,ENST00000393432.9,ENST00000505087.1,179616218-179616869,,,,,,,,,
chr5:clu_34236,,HNRNPH1,human,transcript_doesnt_have_junctions,ENST00000393432.9,ENST00000515446.1,179616218-179616869,,,,,,,,,
chr5:clu_34236,,HNRNPH1,human,transcript_doesnt_have_junctions,ENST00000393432.9,ENST00000513230.1,179616218-179616869,,,,,,,,,
chr5:clu_34236,,HNRNPH1,human,no_unique_junctions,ENST00000393432.9,ENST00000923847.1,179616218-179616869,179616218-179616869,,,,,,,,
chr5:clu_34236,,HNRNPH1,human,no_unique_junctions,ENST00000393432.9,ENST00000923843.1,179616218-179616869,179616218-179616869,,,,,,,,
chr5:clu_34236,,HNRNPH1,human,transcript_doesnt_have_junctions,ENST00000393432.9,ENST00000923841.1,179616218-179616869,,,,,,,,,
chr5:clu_34236,,HNRNPH1,human,no_unique_junctions,ENST00000393432.9,ENST00000857813.1,179616218-179616869,179616218-179616869,,,,,,,,
chr5:clu_34236,,HNRNPH1,human,no_unique_junctions,ENST00000393432.9,ENST00000857811.1,179616218-179616869,179616218-179616869,,,,,,,,
chr5:clu_34236,,HNRNPH1,human,no_unique_junctions,ENST00000393432.9,ENST00000923835.1,179616218-179616869,179616218-179616869,,,,,,,,
chr5:clu_34236,,HNRNPH1,human,no_unique_junctions,ENST00000393432.9,ENST00000857822.1,179616218-179616869,179616218-179616869,,,,,,,,
chr5:clu_34236,,HNRNPH1,human,no_unique_junctions,ENST00000393432.9,ENST00000506721.6,179616218-179616869,179616218-179616869,,,,,,,,
chr5:clu_34236,,HNRNPH1,human,no_unique_junctions,ENST00000393432.9,ENST00000857815.1,179616218-179616869,179616218-179616869,,,,,,,,
chr5:clu_34236,,HNRNPH1,human,no_unique_junctions,ENST00000393432.9,ENST00000947137.1,179616218-179616869,179616218-179616869,,,,,,,,
chr5:clu_34236,,HNRNPH1,human,no_unique_junctions,ENST00000393432.9,ENST00000510431.6,179616218-179616869,179616218-179616869,,,,,,,,
chr5:clu_34236,,HNRNPH1,human,no_unique_junctions,ENST00000393432.9,ENST00000505811.6,179616218-179616869,179616218-179616869,,,,,,,,
chr5:clu_34236,,HNRNPH1,human,no_unique_junctions,ENST00000393432.9,ENST00000356731.9,179616218-179616869,179616218-179616869,,,,,,,,
chr5:clu_34236,,HNRNPH1,human,no_unique_junctions,ENST00000393432.9,ENST00000923849.1,179616218-179616869,179616218-179616869,,,,,,,,
chr5:clu_34236,,HNRNPH1,human,no_unique_junctions,ENST00000393432.9,ENST00000947141.1,179616218-179616869,179616218-179616869,,,,,,,,
chr5:clu_34236,,HNRNPH1,human,transcript_doesnt_have_junctions,ENST00000393432.9,ENST00000923848.1,179616218-179616869,,,,,,,,,
chr5:clu_34236,,HNRNPH1,human,transcript_doesnt_have_junctions,ENST00000393432.9,ENST00000923842.1,179616218-179616869,,,,,,,,,
chr5:clu_34236,,HNRNPH1,human,no_unique_junctions,ENST00000393432.9,ENST00000947139.1,179616218-179616869,179616218-179616869,,,,,,,,
chr5:clu_34236,,HNRNPH1,human,transcript_doesnt_have_junctions,ENST00000393432.9,ENST00000947140.1,179616218-179616869,,,,,,,,,
chr5:clu_34236,,HNRNPH1,human,no_unique_junctions,ENST00000393432.9,ENST00000857821.1,179616218-179616869,179616218-179616869,,,,,,,,
chr5:clu_34236,,HNRNPH1,human,no_unique_junctions,ENST00000393432.9,ENST00000923830.1,179616218-179616869,179616218-179616869,,,,,,,,
chr5:clu_34236,,HNRNPH1,human,no_unique_junctions,ENST00000393432.9,ENST00000923832.1,179616218-179616869,179616218-179616869,,,,,,,,
chr5:clu_34236,,HNRNPH1,human,transcript_doesnt_have_junctions,ENST00000393432.9,ENST00000947146.1,179616218-179616869,,,,,,,,,
chr5:clu_34236,,HNRNPH1,human,no_unique_junctions,ENST00000393432.9,ENST00000947135.1,179616218-179616869,179616218-179616869,,,,,,,,
chr5:clu_34236,,HNRNPH1,human,no_unique_junctions,ENST00000393432.9,ENST00000508103.6,179616218-179616869,179616218-179616869,,,,,,,,
chr5:clu_34236,,HNRNPH1,human,no_unique_junctions,ENST00000393432.9,ENST00000523449.5,179616218-179616869,179616218-179616869,,,,,,,,
chr5:clu_34236,,HNRNPH1,human,no_unique_junctions,ENST00000393432.9,ENST00000947134.1,179616218-179616869,179616218-179616869,,,,,,,,
chr5:clu_34236,,HNRNPH1,human,no_unique_junctions,ENST00000393432.9,ENST00000923851.1,179616218-179616869,179616218-179616869,,,,,,,,
chr5:clu_34236,,HNRNPH1,human,transcript_doesnt_have_junctions,ENST00000393432.9,ENST00000523136.1,179616218-179616869,,,,,,,,,
chr5:clu_34236,,HNRNPH1,human,transcript_doesnt_have_junctions,ENST00000393432.9,ENST00000521173.6,179616218-179616869,,,,,,,,,
chr5:clu_34236,,HNRNPH1,human,transcript_doesnt_have_junctions,ENST00000393432.9,ENST00000503105.5,179616218-179616869,,,,,,,,,
chr5:clu_34236,,HNRNPH1,human,transcript_doesnt_have_junctions,ENST00000393432.9,ENST00000504779.6,179616218-179616869,,,,,,,,,
chr5:clu_34236,,HNRNPH1,human,transcript_doesnt_have_junctions,ENST00000393432.9,ENST00000523137.6,179616218-179616869,,,,,,,,,
chr5:clu_34236,,HNRNPH1,human,transcript_doesnt_have_junctions,ENST00000393432.9,ENST00000519056.5,179616218-179616869,,,,,,,,,
chr5:clu_34236,,HNRNPH1,human,transcript_doesnt_have_junctions,ENST00000393432.9,ENST00000504348.5,179616218-179616869,,,,,,,,,
chr5:clu_34236,,HNRNPH1,human,transcript_doesnt_have_junctions,ENST00000393432.9,ENST00000512273.5,179616218-179616869,,,,,,,,,
chr5:clu_34236,,HNRNPH1,human,transcript_doesnt_have_junctions,ENST00000393432.9,ENST00000503664.1,179616218-179616869,,,,,,,,,
chr5:clu_34236,,HNRNPH1,human,transcript_doesnt_have_junctions,ENST00000393432.9,ENST00000522256.1,179616218-179616869,,,,,,,,,
chr5:clu_34236,,HNRNPH1,human,transcript_doesnt_have_junctions,ENST00000393432.9,ENST00000524180.5,179616218-179616869,,,,,,,,,
chr5:clu_34236,,HNRNPH1,human,transcript_doesnt_have_junctions,ENST00000393432.9,ENST00000518602.1,179616218-179616869,,,,,,,,,
chr5:clu_34236,1/2,HNRNPH1,human,transcript_not_chosen,ENST00000393432.9,ENST00000510678.6,179616218-179616869,179616218-179616899,,,,,,,,
chr5:clu_34236,1/2,HNRNPH1,human,transcript_not_chosen,ENST00000393432.9,ENST00000857812.1,179616218-179616869,179616218-179616899,,,,,,,,
chr5:clu_34236,1/2,HNRNPH1,human,transcript_not_chosen,ENST00000393432.9,ENST00000857816.1,179616218-179616869,179616218-179616899,,,,,,,,
chr5:clu_34236,1/2,HNRNPH1,human,transcript_not_chosen,ENST00000393432.9,ENST00000857820.1,179616218-179616869,179616218-179616899,,,,,,,,
chr5:clu_34236,1/2,HNRNPH1,human,transcript_not_chosen,ENST00000393432.9,ENST00000923831.1,179616218-179616869,179616218-179616899,,,,,,,,
chr5:clu_34236,1/2,HNRNPH1,human,transcript_not_chosen,ENST00000393432.9,ENST00000923836.1,179616218-179616869,179616218-179616899,,,,,,,,
chr5:clu_34236,1/2,HNRNPH1,human,transcript_not_chosen,ENST00000393432.9,ENST00000923844.1,179616218-179616869,179616218-179616899,,,,,,,,
chr5:clu_34236,1/2,HNRNPH1,human,transcript_not_chosen,ENST00000393432.9,ENST00000923850.1,179616218-179616869,179616218-179616899,,,,,,,,
chr5:clu_34236,1/2,HNRNPH1,human,transcript_not_chosen,ENST00000393432.9,ENST00000947136.1,179616218-179616869,179616218-179616899,,,,,,,,
chr5:clu_34236,1/2,HNRNPH1,human,transcript_not_chosen,ENST00000393432.9,ENST00000947138.1,179616218-179616869,179616218-179616899,,,,,,,,
chr5:clu_34236,1/2,HNRNPH1,human,transcript_not_chosen,ENST00000393432.9,ENST00000947143.1,179616218-179616869,179616218-179616899,,,,,,,,
chr5:clu_34236,1/2,HNRNPH1,human,transcript_not_chosen,ENST00000393432.9,ENST00000947147.1,179616218-179616869,179616218-179616899,,,,,,,,
chr5:clu_34236,1/2,HNRNPH1,human,transcript_not_chosen,ENST00000393432.9,NM_001395181.1,179616218-179616869,179616218-179616899,,,,,,,,
chr5:clu_34236,1/2,HNRNPH1,human,transcript_not_chosen,ENST00000393432.9,NM_001395195.1,179616218-179616869,179616218-179616899,,,,,,,,
chr5:clu_34236,2/2,HNRNPH1,human,transcript_not_chosen,ENST00000393432.9,ENST00000510411.6,179616218-179616869,179616218-179617021,,,,,,,,
chr5:clu_34236,2/2,HNRNPH1,human,transcript_not_chosen,ENST00000393432.9,ENST00000519958.5,179616218-179616869,179616218-179617021,,,,,,,,
chr5:clu_34236,2/2,HNRNPH1,human,transcript_not_chosen,ENST00000393432.9,ENST00000706924.1,179616218-179616869,179616218-179617021,,,,,,,,
chr5:clu_34236,2/2,HNRNPH1,human,transcript_not_chosen,ENST00000393432.9,ENST00000857817.1,179616218-179616869,179616218-179617021,,,,,,,,
chr5:clu_34236,2/2,HNRNPH1,human,transcript_not_chosen,ENST00000393432.9,ENST00000857819.1,179616218-179616869,179616218-179617021,,,,,,,,
chr5:clu_34236,2/2,HNRNPH1,human,transcript_not_chosen,ENST00000393432.9,ENST00000923834.1,179616218-179616869,179616218-179617021,,,,,,,,
chr5:clu_34236,2/2,HNRNPH1,human,transcript_not_chosen,ENST00000393432.9,ENST00000923839.1,179616218-179616869,179616218-179617021,,,,,,,,
chr5:clu_34236,2/2,HNRNPH1,human,transcript_not_chosen,ENST00000393432.9,ENST00000923845.1,179616218-179616869,179616218-179617021,,,,,,,,
chr5:clu_34236,2/2,HNRNPH1,human,transcript_not_chosen,ENST00000393432.9,ENST00000923846.1,179616218-179616869,179616218-179617021,,,,,,,,
chr5:clu_34236,2/2,HNRNPH1,human,transcript_not_chosen,ENST00000393432.9,ENST00000947144.1,179616218-179616869,179616218-179617021,,,,,,,,
chr5:clu_34236,2/2,HNRNPH1,human,transcript_not_chosen,ENST00000393432.9,NM_001364230.2,179616218-179616869,179616218-179617021,,,,,,,,
chr5:clu_34236,2/2,HNRNPH1,human,transcript_not_chosen,ENST00000393432.9,NM_001395189.1,179616218-179616869,179616218-179617021,,,,,,,,
chr5:clu_34236,2/2,HNRNPH1,human,transcript_not_chosen,ENST00000393432.9,NM_001395192.1,179616218-179616869,179616218-179617021,,,,,,,,
chr15:clu_13951,,ADAM10,human,novel_junction,ENST00000260408.8,,58646204-58665097,58655390-58665097,,,,,,,,
chr15:clu_13951,,ADAM10,human,no_unique_junctions,ENST00000260408.8,ENST00000861945.1,58646204-58665097,58646204-58665097,,,,,,,,
chr15:clu_13951,,ADAM10,human,transcript_doesnt_have_junctions,ENST00000260408.8,ENST00000482945.5,58646204-58665097,,,,,,,,,
chr15:clu_13951,,ADAM10,human,transcript_doesnt_have_junctions,ENST00000260408.8,ENST00000470269.5,58646204-58665097,,,,,,,,,
chr15:clu_13951,,ADAM10,human,transcript_doesnt_have_junctions,ENST00000260408.8,ENST00000462061.1,58646204-58665097,,,,,,,,,
chr15:clu_13951,,ADAM10,human,transcript_doesnt_have_junctions,ENST00000260408.8,ENST00000481164.1,58646204-58665097,,,,,,,,,
chr15:clu_13951,,ADAM10,human,no_unique_junctions,ENST00000260408.8,ENST00000933846.1,58646204-58665097,58646204-58665097,,,,,,,,
chr15:clu_13951,,ADAM10,human,no_unique_junctions,ENST00000260408.8,ENST00000944912.1,58646204-58665097,58646204-58665097,,,,,,,,
chr15:clu_13951,,ADAM10,human,no_unique_junctions,ENST00000260408.8,ENST00000944911.1,58646204-58665097,58646204-58665097,,,,,,,,
chr15:clu_13951,,ADAM10,human,no_unique_junctions,ENST00000260408.8,ENST00000933847.1,58646204-58665097,58646204-58665097,,,,,,,,
chr15:clu_13951,,ADAM10,human,no_unique_junctions,ENST00000260408.8,ENST00000944913.1,58646204-58665097,58646204-58665097,,,,,,,,
chr15:clu_13951,,ADAM10,human,transcript_doesnt_have_junctions,ENST00000260408.8,ENST00000402627.5,58646204-58665097,,,,,,,,,
chr15:clu_13951,,ADAM10,human,transcript_doesnt_have_junctions,ENST00000260408.8,ENST00000944914.1,58646204-58665097,,,,,,,,,
chr15:clu_13951,,ADAM10,human,no_unique_junctions,ENST00000260408.8,ENST00000933848.1,58646204-58665097,58646204-58665097,,,,,,,,
chr15:clu_13951,,ADAM10,human,transcript_doesnt_have_junctions,ENST00000260408.8,ENST00000561288.1,58646204-58665097,,,,,,,,,
chr15:clu_13951,,ADAM10,human,no_unique_junctions,ENST00000260408.8,ENST00000396136.6,58646204-58665097,58646204-58665097,,,,,,,,
chr15:clu_13951,,ADAM10,human,transcript_doesnt_have_junctions,ENST00000260408.8,ENST00000559053.1,58646204-58665097,,,,,,,,,
chr15:clu_13951,,ADAM10,human,transcript_doesnt_have_junctions,ENST00000260408.8,ENST00000439637.5,58646204-58665097,,,,,,,,,
chr15:clu_13951,,ADAM10,human,transcript_doesnt_have_junctions,ENST00000260408.8,ENST00000558004.1,58646204-58665097,,,,,,,,,
chr15:clu_13951,,ADAM10,human,transcript_doesnt_have_junctions,ENST00000260408.8,ENST00000461408.2,58646204-58665097,,,,,,,,,
chr15:clu_13951,,ADAM10,human,transcript_doesnt_have_junctions,ENST00000260408.8,ENST00000475898.1,58646204-58665097,,,,,,,,,
chr15:clu_13951,,ADAM10,human,transcript_doesnt_have_junctions,ENST00000260408.8,ENST00000497846.5,58646204-58665097,,,,,,,,,
chr15:clu_13951,,ADAM10,human,transcript_doesnt_have_junctions,ENST00000260408.8,ENST00000560608.5,58646204-58665097,,,,,,,,,
chr15:clu_13951,,ADAM10,human,transcript_doesnt_have_junctions,ENST00000260408.8,ENST00000561149.1,58646204-58665097,,,,,,,,,
chr19:clu_20457:PSG4,,PSG4,human,novel_junction,ENST00000405312.8,,43194594-43194995,42754587-42754988,,,,,,,,
chr19:clu_20457:PSG4,,PSG4,human,novel_junction,ENST00000405312.8,,43194594-43194995,42844613-42845016,,,,,,,,
chr19:clu_20457:PSG4,,PSG4,human,novel_junction,ENST00000405312.8,,43194594-43194995,42868355-42868756,,,,,,,,
chr19:clu_20457:PSG4,,PSG4,human,novel_junction,ENST00000405312.8,,43194594-43194995,42869034-42871767,,,,,,,,
chr19:clu_20457:PSG4,,PSG4,human,novel_junction,ENST00000405312.8,,43194594-43194995,42869034-42877913,,,,,,,,
chr19:clu_20457:PSG4,,PSG4,human,novel_junction,ENST00000405312.8,,43194594-43194995,42872045-42877913,,,,,,,,
chr19:clu_20457:PSG4,,PSG4,human,novel_junction,ENST00000405312.8,,43194594-43194995,42907176-42907576,,,,,,,,
chr19:clu_20457:PSG4,,PSG4,human,novel_junction,ENST00000405312.8,,43194594-43194995,42907854-42910580,,,,,,,,
chr19:clu_20457:PSG4,,PSG4,human,novel_junction,ENST00000405312.8,,43194594-43194995,42926027-42926438,,,,,,,,
chr19:clu_20457:PSG4,,PSG4,human,novel_junction,ENST00000405312.8,,43194594-43194995,43175469-43175870,,,,,,,,
chr19:clu_20457:PSG4,,PSG4,human,no_unique_junctions,ENST00000405312.8,NM_001316339.2,43194594-43194995,43194594-43194995,,,,,,,,
chr19:clu_20457:PSG4,,PSG4,human,no_unique_junctions,ENST00000405312.8,ENST00000596907.5,43194594-43194995,43194594-43194995,,,,,,,,
chr19:clu_20457:PSG4,,PSG4,human,no_unique_junctions,ENST00000405312.8,ENST00000433626.6,43194594-43194995,43194594-43194995,,,,,,,,
chr19:clu_20457:PSG4,,PSG4,human,transcript_doesnt_have_junctions,ENST00000405312.8,ENST00000244295.13,43194594-43194995,,,,,,,,,
chr19:clu_20457:PSG4,,PSG4,human,no_unique_junctions,ENST00000405312.8,XM_047439105.1,43194594-43194995,43194594-43194995,,,,,,,,
chr19:clu_20457:PSG4,,PSG4,human,transcript_doesnt_have_junctions,ENST00000405312.8,XM_047439104.1,43194594-43194995,,,,,,,,,
chr19:clu_20457:PSG4,,PSG4,human,no_unique_junctions,ENST00000405312.8,XM_047439103.1,43194594-43194995,43194594-43194995,,,,,,,,
chr19:clu_20457:PSG4,,PSG4,human,no_unique_junctions,ENST00000405312.8,XM_017026997.3,43194594-43194995,43194594-43194995,,,,,,,,
chr19:clu_20457:PSG4,,PSG4,human,transcript_doesnt_have_junctions,ENST00000405312.8,ENST00000490769.1,43194594-43194995,,,,,,,,,
chr19:clu_20457:PSG4,,PSG4,human,no_unique_junctions,ENST00000405312.8,ENST00000597349.1,43194594-43194995,43194594-43194995,,,,,,,,
chr19:clu_20457:PSG4,,PSG4,human,transcript_doesnt_have_junctions,ENST00000405312.8,ENST00000495316.2,43194594-43194995,,,,,,,,,
chr19:clu_20457:PSG4,,PSG4,human,transcript_doesnt_have_junctions,ENST00000405312.8,ENST00000596199.5,43194594-43194995,,,,,,,,,
chr19:clu_20457:PSG4,,PSG4,human,transcript_doesnt_have_junctions,ENST00000405312.8,ENST00000597912.1,43194594-43194995,,,,,,,,,
chr19:clu_20457:PSG4,,PSG4,human,no_unique_junctions,ENST00000405312.8,ENST00000597374.5,43194594-43194995,43194594-43194995,,,,,,,,
chr19:clu_20457:PSG4,,PSG4,human,transcript_doesnt_have_junctions,ENST00000405312.8,ENST00000599391.1,43194594-43194995,,,,,,,,,
chr19:clu_20457:PSG4,,PSG4,human,no_unique_junctions,ENST00000405312.8,ENST00000601041.1,43194594-43194995,43194594-43194995,,,,,,,,
chr19:clu_20457:PSG4,,PSG4,human,no_unique_junctions,ENST00000405312.8,ENST00000599746.5,43194594-43194995,43194594-43194995,,,,,,,,
chr19:clu_20457:PSG4,,PSG4,human,transcript_doesnt_have_junctions,ENST00000405312.8,ENST00000595949.1,43194594-43194995,,,,,,,,,
chr19:clu_20457:PSG4,,PSG4,human,transcript_doesnt_have_junctions,ENST00000405312.8,ENST00000599371.1,43194594-43194995,,,,,,,,,
chr19:clu_20457:PSG4,,PSG4,human,transcript_doesnt_have_junctions,ENST00000405312.8,ENST00000451895.1,43194594-43194995,,,,,,,,,
chr19:clu_20457:PSG4,,PSG4,human,transcript_doesnt_have_junctions,ENST00000405312.8,ENST00000600572.1,43194594-43194995,,,,,,,,,
chr19:clu_20457:PSG4,,PSG4,human,all_known_junctions_are_canonical,ENST00000405312.8,,43194594-43194995,,,,,,,,,
chr22:clu_27172,,FRG1FP,human,gene_not_in_db,,,,,,,,,,,,
chr11:clu_6649,,BAD,human,no_unique_junctions,ENST00000309032.8,ENST00000394532.7,64271803-64284182,64271803-64284182,,,,,,,,
chr11:clu_6649,,BAD,human,no_unique_junctions,ENST00000309032.8,ENST00000853727.1,64271803-64284182,64271803-64284182,,,,,,,,
chr11:clu_6649,,BAD,human,no_unique_junctions,ENST00000309032.8,ENST00000853729.1,64271803-64284182,64271803-64284182,,,,,,,,
chr11:clu_6649,,BAD,human,no_unique_junctions,ENST00000309032.8,ENST00000853723.1,64271803-64284182,64271803-64284182,,,,,,,,
chr11:clu_6649,,BAD,human,no_unique_junctions,ENST00000309032.8,ENST00000954633.1,64271803-64284182,64271803-64284182,,,,,,,,
chr11:clu_6649,,BAD,human,no_unique_junctions,ENST00000309032.8,ENST00000853722.1,64271803-64284182,64271803-64284182,,,,,,,,
chr11:clu_6649,,BAD,human,no_unique_junctions,ENST00000309032.8,ENST00000853730.1,64271803-64284182,64271803-64284182,,,,,,,,
chr11:clu_6649,,BAD,human,no_unique_junctions,ENST00000309032.8,ENST00000853728.1,64271803-64284182,64271803-64284182,,,,,,,,
chr11:clu_6649,,BAD,human,no_unique_junctions,ENST00000309032.8,ENST00000954634.1,64271803-64284182,64271803-64284182,,,,,,,,
chr11:clu_6649,,BAD,human,no_unique_junctions,ENST00000309032.8,ENST00000853726.1,64271803-64284182,64271803-64284182,,,,,,,,
chr11:clu_6649,,BAD,human,no_unique_junctions,ENST00000309032.8,ENST00000853725.1,64271803-64284182,64271803-64284182,,,,,,,,
chr11:clu_6649,,BAD,human,no_unique_junctions,ENST00000309032.8,ENST00000853724.1,64271803-64284182,64271803-64284182,,,,,,,,
chr11:clu_6649,,BAD,human,transcript_doesnt_have_junctions,ENST00000309032.8,ENST00000544785.1,64271803-64284182,,,,,,,,,
chr11:clu_6649,,BAD,human,transcript_doesnt_have_junctions,ENST00000309032.8,ENST00000493798.1,64271803-64284182,,,,,,,,,
chr11:clu_6649,,BAD,human,transcript_doesnt_have_junctions,ENST00000309032.8,ENST00000492141.1,64271803-64284182,,,,,,,,,
chr11:clu_6649,,BAD,human,subsumed_by_larger_group,ENST00000309032.8,ENST00000544271.1,64271803-64284182,64277043-64284182,,,,,,,,
chr5:clu_34097,,CSF1R,human,novel_junction,ENST00000675795.1,,150081024-150086379,150086607-150112132,,,,,,,,
chr5:clu_34097,,CSF1R,human,novel_junction,ENST00000675795.1,,150081024-150086379,150112226-150113261,,,,,,,,
chr5:clu_34097,,CSF1R,human,transcript_doesnt_have_junctions,ENST00000675795.1,ENST00000911113.1,150081024-150086379,,,,,,,,,
chr5:clu_34097,,CSF1R,human,transcript_doesnt_have_junctions,ENST00000675795.1,ENST00000509861.1,150081024-150086379,,,,,,,,,
chr5:clu_34097,,CSF1R,human,transcript_doesnt_have_junctions,ENST00000675795.1,ENST00000513609.1,150081024-150086379,,,,,,,,,
chr5:clu_34097,,CSF1R,human,no_unique_junctions,ENST00000675795.1,ENST00000502660.5,150081024-150086379,150081024-150086379,,,,,,,,
chr5:clu_34097,,CSF1R,human,no_unique_junctions,ENST00000675795.1,ENST00000504875.5,150081024-150086379,150081024-150086379,,,,,,,,
chr5:clu_34097,,CSF1R,human,no_unique_junctions,ENST00000675795.1,ENST00000911116.1,150081024-150086379,150081024-150086379,,,,,,,,
chr5:clu_34097,,CSF1R,human,no_unique_junctions,ENST00000675795.1,ENST00000911115.1,150081024-150086379,150081024-150086379,,,,,,,,
chr5:clu_34097,,CSF1R,human,no_unique_junctions,ENST00000675795.1,ENST00000911114.1,150081024-150086379,150081024-150086379,,,,,,,,
chr5:clu_34097,,CSF1R,human,no_unique_junctions,ENST00000675795.1,ENST00000911112.1,150081024-150086379,150081024-150086379,,,,,,,,
chr5:clu_34097,,CSF1R,human,no_unique_junctions,ENST00000675795.1,ENST00000911110.1,150081024-150086379,150081024-150086379,,,,,,,,
chr5:clu_34097,,CSF1R,human,no_unique_junctions,ENST00000675795.1,ENST00000911111.1,150081024-150086379,150081024-150086379,,,,,,,,
chr5:clu_34097,,CSF1R,human,no_unique_junctions,ENST00000675795.1,ENST00000960688.1,150081024-150086379,150081024-150086379,,,,,,,,
chr5:clu_34097,,CSF1R,human,no_unique_junctions,ENST00000675795.1,ENST00000960687.1,150081024-150086379,150081024-150086379,,,,,,,,
chr5:clu_34097,,CSF1R,human,transcript_doesnt_have_junctions,ENST00000675795.1,ENST00000515068.1,150081024-150086379,,,,,,,,,
chr5:clu_34097,,CSF1R,human,no_unique_junctions,ENST00000675795.1,ENST00000543093.1,150081024-150086379,150081024-150086379,,,,,,,,
chr5:clu_34097,,CSF1R,human,transcript_doesnt_have_junctions,ENST00000675795.1,ENST00000515239.5,150081024-150086379,,,,,,,,,
chr5:clu_34097,,CSF1R,human,subsumed_by_larger_group,ENST00000675795.1,NM_001349736.2,150081024-150086379,150081024-150086379;150086607-150091457,,,,,,,,
chr5:clu_34097,1/3,CSF1R,human,transcript_not_chosen,ENST00000675795.1,ENST00000511344.1,150081024-150086379,150081024-150113261,,,,,,,,
chr19:clu_20630,,ERCC1,human,no_unique_junctions,ENST00000300853.8,NM_001369412.1,45421393-45423270;45423381-45423781,45421393-45423270,,,,,,,,
chr19:clu_20630,,ERCC1,human,no_unique_junctions,ENST00000300853.8,ENST00000969025.1,45421393-45423270;45423381-45423781,45421393-45423270,,,,,,,,
chr19:clu_20630,,ERCC1,human,no_unique_junctions,ENST00000300853.8,ENST00000340192.11,45421393-45423270;45423381-45423781,45421393-45423270;45423381-45423781,,,,,,,,
chr19:clu_20630,,ERCC1,human,no_unique_junctions,ENST00000300853.8,ENST00000899230.1,45421393-45423270;45423381-45423781,45421393-45423270,,,,,,,,
chr19:clu_20630,,ERCC1,human,no_unique_junctions,ENST00000300853.8,ENST00000899231.1,45421393-45423270;45423381-45423781,45421393-45423270,,,,,,,,
chr19:clu_20630,,ERCC1,human,no_unique_junctions,ENST00000300853.8,NM_001369410.1,45421393-45423270;45423381-45423781,45421393-45423270;45423381-45423781,,,,,,,,
chr19:clu_20630,,ERCC1,human,no_unique_junctions,ENST00000300853.8,NM_001369409.1,45421393-45423270;45423381-45423781,45421393-45423270;45423381-45423781,,,,,,,,
chr19:clu_20630,,ERCC1,human,no_unique_junctions,ENST00000300853.8,NM_001369411.1,45421393-45423270;45423381-45423781,45421393-45423270,,,,,,,,
chr19:clu_20630,,ERCC1,human,no_unique_junctions,ENST00000300853.8,ENST00000013807.9,45421393-45423270;45423381-45423781,45421393-45423270,,,,,,,,
chr19:clu_20630,,ERCC1,human,no_unique_junctions,ENST00000300853.8,ENST00000899226.1,45421393-45423270;45423381-45423781,45423381-45423781,,,,,,,,
chr19:clu_20630,,ERCC1,human,no_unique_junctions,ENST00000300853.8,ENST00000917575.1,45421393-45423270;45423381-45423781,45421393-45423270,,,,,,,,
chr19:clu_20630,,ERCC1,human,no_unique_junctions,ENST00000300853.8,ENST00000899232.1,45421393-45423270;45423381-45423781,45421393-45423270,,,,,,,,
chr19:clu_20630,,ERCC1,human,no_unique_junctions,ENST00000300853.8,ENST00000969032.1,45421393-45423270;45423381-45423781,45421393-45423270;45423381-45423781,,,,,,,,
chr19:clu_20630,,ERCC1,human,no_unique_junctions,ENST00000300853.8,ENST00000969031.1,45421393-45423270;45423381-45423781,45423381-45423781,,,,,,,,
chr19:clu_20630,,ERCC1,human,no_unique_junctions,ENST00000300853.8,ENST00000969030.1,45421393-45423270;45423381-45423781,45421393-45423270;45423381-45423781,,,,,,,,
chr19:clu_20630,,ERCC1,human,transcript_doesnt_have_junctions,ENST00000300853.8,ENST00000423698.6,45421393-45423270;45423381-45423781,,,,,,,,,
chr19:clu_20630,,ERCC1,human,no_unique_junctions,ENST00000300853.8,ENST00000917576.1,45421393-45423270;45423381-45423781,45421393-45423270,,,,,,,,
chr19:clu_20630,,ERCC1,human,no_unique_junctions,ENST00000300853.8,ENST00000899229.1,45421393-45423270;45423381-45423781,45421393-45423270;45423381-45423781,,,,,,,,
chr19:clu_20630,,ERCC1,human,no_unique_junctions,ENST00000300853.8,ENST00000899228.1,45421393-45423270;45423381-45423781,45421393-45423270;45423381-45423781,,,,,,,,
chr19:clu_20630,,ERCC1,human,no_unique_junctions,ENST00000300853.8,ENST00000710953.1,45421393-45423270;45423381-45423781,45421393-45423270;45423381-45423781,,,,,,,,
chr19:clu_20630,,ERCC1,human,no_unique_junctions,ENST00000300853.8,ENST00000969047.1,45421393-45423270;45423381-45423781,45421393-45423270,,,,,,,,
chr19:clu_20630,,ERCC1,human,no_unique_junctions,ENST00000300853.8,ENST00000969037.1,45421393-45423270;45423381-45423781,45423381-45423781,,,,,,,,
chr19:clu_20630,,ERCC1,human,no_unique_junctions,ENST00000300853.8,ENST00000899225.1,45421393-45423270;45423381-45423781,45421393-45423270,,,,,,,,
chr19:clu_20630,,ERCC1,human,no_unique_junctions,ENST00000300853.8,ENST00000969040.1,45421393-45423270;45423381-45423781,45421393-45423270;45423381-45423781,,,,,,,,
chr19:clu_20630,,ERCC1,human,transcript_doesnt_have_junctions,ENST00000300853.8,ENST00000590701.5,45421393-45423270;45423381-45423781,,,,,,,,,
chr19:clu_20630,,ERCC1,human,transcript_doesnt_have_junctions,ENST00000300853.8,ENST00000969051.1,45421393-45423270;45423381-45423781,,,,,,,,,
chr19:clu_20630,,ERCC1,human,transcript_doesnt_have_junctions,ENST00000300853.8,ENST00000917578.1,45421393-45423270;45423381-45423781,,,,,,,,,
chr19:clu_20630,,ERCC1,human,no_unique_junctions,ENST00000300853.8,ENST00000969048.1,45421393-45423270;45423381-45423781,45421393-45423270,,,,,,,,
chr19:clu_20630,,ERCC1,human,no_unique_junctions,ENST00000300853.8,ENST00000899237.1,45421393-45423270;45423381-45423781,45421393-45423270;45423381-45423781,,,,,,,,
chr19:clu_20630,,ERCC1,human,no_unique_junctions,ENST00000300853.8,ENST00000969035.1,45421393-45423270;45423381-45423781,45423381-45423781,,,,,,,,
chr19:clu_20630,,ERCC1,human,no_unique_junctions,ENST00000300853.8,ENST00000899224.1,45421393-45423270;45423381-45423781,45421393-45423270,,,,,,,,
chr19:clu_20630,,ERCC1,human,transcript_doesnt_have_junctions,ENST00000300853.8,ENST00000969050.1,45421393-45423270;45423381-45423781,,,,,,,,,
chr19:clu_20630,,ERCC1,human,transcript_doesnt_have_junctions,ENST00000300853.8,ENST00000969049.1,45421393-45423270;45423381-45423781,,,,,,,,,
chr19:clu_20630,,ERCC1,human,transcript_doesnt_have_junctions,ENST00000300853.8,ENST00000899242.1,45421393-45423270;45423381-45423781,,,,,,,,,
chr19:clu_20630,,ERCC1,human,no_unique_junctions,ENST00000300853.8,ENST00000969046.1,45421393-45423270;45423381-45423781,45421393-45423270,,,,,,,,
chr19:clu_20630,,ERCC1,human,no_unique_junctions,ENST00000300853.8,ENST00000899238.1,45421393-45423270;45423381-45423781,45421393-45423270;45423381-45423781,,,,,,,,
chr19:clu_20630,,ERCC1,human,no_unique_junctions,ENST00000300853.8,ENST00000899241.1,45421393-45423270;45423381-45423781,45421393-45423270,,,,,,,,
chr19:clu_20630,,ERCC1,human,no_unique_junctions,ENST00000300853.8,ENST00000969042.1,45421393-45423270;45423381-45423781,45421393-45423270,,,,,,,,
chr19:clu_20630,,ERCC1,human,no_unique_junctions,ENST00000300853.8,ENST00000591636.5,45421393-45423270;45423381-45423781,45421393-45423270,,,,,,,,
chr19:clu_20630,,ERCC1,human,no_unique_junctions,ENST00000300853.8,ENST00000917579.1,45421393-45423270;45423381-45423781,45421393-45423270,,,,,,,,
chr19:clu_20630,,ERCC1,human,no_unique_junctions,ENST00000300853.8,ENST00000899240.1,45421393-45423270;45423381-45423781,45423381-45423781,,,,,,,,
chr19:clu_20630,,ERCC1,human,no_unique_junctions,ENST00000300853.8,ENST00000969045.1,45421393-45423270;45423381-45423781,45421393-45423270,,,,,,,,
chr19:clu_20630,,ERCC1,human,no_unique_junctions,ENST00000300853.8,ENST00000969043.1,45421393-45423270;45423381-45423781,45423381-45423781,,,,,,,,
chr19:clu_20630,,ERCC1,human,no_unique_junctions,ENST00000300853.8,ENST00000969036.1,45421393-45423270;45423381-45423781,45421393-45423270;45423381-45423781,,,,,,,,
chr19:clu_20630,,ERCC1,human,no_unique_junctions,ENST00000300853.8,ENST00000917577.1,45421393-45423270;45423381-45423781,45421393-45423270,,,,,,,,
chr19:clu_20630,,ERCC1,human,no_unique_junctions,ENST00000300853.8,ENST00000969041.1,45421393-45423270;45423381-45423781,45421393-45423270;45423381-45423781,,,,,,,,
chr19:clu_20630,,ERCC1,human,no_unique_junctions,ENST00000300853.8,ENST00000969026.1,45421393-45423270;45423381-45423781,45421393-45423270,,,,,,,,
chr19:clu_20630,,ERCC1,human,transcript_doesnt_have_junctions,ENST00000300853.8,ENST00000592444.5,45421393-45423270;45423381-45423781,,,,,,,,,
chr19:clu_20630,,ERCC1,human,transcript_doesnt_have_junctions,ENST00000300853.8,ENST00000587888.5,45421393-45423270;45423381-45423781,,,,,,,,,
chr19:clu_20630,,ERCC1,human,transcript_doesnt_have_junctions,ENST00000300853.8,ENST00000589381.5,45421393-45423270;45423381-45423781,,,,,,,,,
chr19:clu_20630,,ERCC1,human,no_unique_junctions,ENST00000300853.8,ENST00000592023.5,45421393-45423270;45423381-45423781,45421393-45423270,,,,,,,,
chr19:clu_20630,,ERCC1,human,no_unique_junctions,ENST00000300853.8,ENST00000589214.1,45421393-45423270;45423381-45423781,45421393-45423270,,,,,,,,
chr19:clu_20630,,ERCC1,human,transcript_doesnt_have_junctions,ENST00000300853.8,ENST00000588738.5,45421393-45423270;45423381-45423781,,,,,,,,,
chr19:clu_20630,,ERCC1,human,transcript_doesnt_have_junctions,ENST00000300853.8,ENST00000592410.5,45421393-45423270;45423381-45423781,,,,,,,,,
chr19:clu_20630,,ERCC1,human,subsumed_by_larger_group,ENST00000300853.8,NM_001369413.1,45421393-45423270;45423381-45423781,45421393-45423270;45423381-45449173,,,,,,,,
chr19:clu_20630,1/2,ERCC1,human,transcript_not_chosen,ENST00000300853.8,ENST00000588300.1,45421393-45423270;45423381-45423781,45421393-45423270;45423381-45423823,,,,,,,,
chr19:clu_20630,1/2,ERCC1,human,transcript_not_chosen,ENST00000300853.8,ENST00000589165.5,45421393-45423270;45423381-45423781,45421393-45423270;45423381-45423823,,,,,,,,
chr19:clu_20630,1/2,ERCC1,human,transcript_not_chosen,ENST00000300853.8,ENST00000592905.5,45421393-45423270;45423381-45423781,45421393-45423270;45423381-45423823,,,,,,,,
chr19:clu_20630,1/2,ERCC1,human,transcript_not_chosen,ENST00000300853.8,ENST00000899227.1,45421393-45423270;45423381-45423781,45423381-45423823,,,,,,,,
chr19:clu_20630,1/2,ERCC1,human,transcript_not_chosen,ENST00000300853.8,ENST00000899233.1,45421393-45423270;45423381-45423781,45421393-45423270;45423381-45423823,,,,,,,,
chr19:clu_20630,1/2,ERCC1,human,transcript_not_chosen,ENST00000300853.8,ENST00000899234.1,45421393-45423270;45423381-45423781,45421393-45423270;45423381-45423823,,,,,,,,
chr19:clu_20630,1/2,ERCC1,human,transcript_not_chosen,ENST00000300853.8,ENST00000899235.1,45421393-45423270;45423381-45423781,45421393-45423270;45423381-45423823,,,,,,,,
chr19:clu_20630,1/2,ERCC1,human,transcript_not_chosen,ENST00000300853.8,ENST00000899236.1,45421393-45423270;45423381-45423781,45423381-45423823,,,,,,,,
chr19:clu_20630,1/2,ERCC1,human,transcript_not_chosen,ENST00000300853.8,ENST00000899239.1,45421393-45423270;45423381-45423781,45423381-45423823,,,,,,,,
chr19:clu_20630,1/2,ERCC1,human,transcript_not_chosen,ENST00000300853.8,ENST00000969027.1,45421393-45423270;45423381-45423781,45421393-45423270;45423381-45423823,,,,,,,,
chr19:clu_20630,1/2,ERCC1,human,transcript_not_chosen,ENST00000300853.8,ENST00000969028.1,45421393-45423270;45423381-45423781,45423381-45423823,,,,,,,,
chr19:clu_20630,1/2,ERCC1,human,transcript_not_chosen,ENST00000300853.8,ENST00000969029.1,45421393-45423270;45423381-45423781,45423381-45423823,,,,,,,,
chr19:clu_20630,1/2,ERCC1,human,transcript_not_chosen,ENST00000300853.8,ENST00000969033.1,45421393-45423270;45423381-45423781,45421393-45423270;45423381-45423823,,,,,,,,
chr19:clu_20630,1/2,ERCC1,human,transcript_not_chosen,ENST00000300853.8,ENST00000969034.1,45421393-45423270;45423381-45423781,45423381-45423823,,,,,,,,
chr19:clu_20630,1/2,ERCC1,human,transcript_not_chosen,ENST00000300853.8,ENST00000969038.1,45421393-45423270;45423381-45423781,45421393-45423270;45423381-45423823,,,,,,,,
chr19:clu_20630,1/2,ERCC1,human,transcript_not_chosen,ENST00000300853.8,ENST00000969039.1,45421393-45423270;45423381-45423781,45421393-45423270;45423381-45423823,,,,,,,,
chr19:clu_20630,1/2,ERCC1,human,transcript_not_chosen,ENST00000300853.8,ENST00000969044.1,45421393-45423270;45423381-45423781,45423381-45423823,,,,,,,,
chr19:clu_20630,2/2,ERCC1,human,transcript_not_chosen,ENST00000300853.8,ENST00000592083.5,45421393-45423270;45423381-45423781,45421393-45423270;45423381-45449173;45449244-45450641,,,,,,,,
chr19:clu_20630,2/2,ERCC1,human,transcript_not_chosen,ENST00000300853.8,ENST00000969023.1,45421393-45423270;45423381-45423781,45423381-45449173;45449244-45450641,,,,,,,,
chr19:clu_20630,2/2,ERCC1,human,transcript_not_chosen,ENST00000300853.8,ENST00000969024.1,45421393-45423270;45423381-45423781,45421393-45423270;45423381-45449173;45449244-45450641,,,,,,,,
chr2:clu_24973,,COBLL1,human,novel_junction,ENST00000652658.2,,164686032-164692221,164658511-164692221,,,,,,,,
chr2:clu_24973,,COBLL1,human,novel_junction,ENST00000652658.2,,164686032-164692221,164668424-164692221,,,,,,,,
chr2:clu_24973,,COBLL1,human,novel_junction,ENST00000652658.2,,164686032-164692221,164678883-164692221,,,,,,,,
chr2:clu_24973,,COBLL1,human,novel_junction,ENST00000652658.2,,164686032-164692221,164691606-164692221,,,,,,,,
chr2:clu_24973,,COBLL1,human,no_unique_junctions,ENST00000652658.2,NM_001365670.2,164686032-164692221,164686032-164692221,,,,,,,,
chr2:clu_24973,,COBLL1,human,no_unique_junctions,ENST00000652658.2,ENST00000861278.1,164686032-164692221,164686032-164692221,,,,,,,,
chr2:clu_24973,,COBLL1,human,no_unique_junctions,ENST00000652658.2,ENST00000409184.8,164686032-164692221,164686032-164692221,,,,,,,,
chr2:clu_24973,,COBLL1,human,no_unique_junctions,ENST00000652658.2,ENST00000629362.2,164686032-164692221,164686032-164692221,,,,,,,,
chr2:clu_24973,,COBLL1,human,no_unique_junctions,ENST00000652658.2,ENST00000861284.1,164686032-164692221,164686032-164692221,,,,,,,,
chr2:clu_24973,,COBLL1,human,no_unique_junctions,ENST00000652658.2,ENST00000861280.1,164686032-164692221,164686032-164692221,,,,,,,,
chr2:clu_24973,,COBLL1,human,no_unique_junctions,ENST00000652658.2,ENST00000861282.1,164686032-164692221,164686032-164692221,,,,,,,,
chr2:clu_24973,,COBLL1,human,no_unique_junctions,ENST00000652658.2,ENST00000375458.6,164686032-164692221,164686032-164692221,,,,,,,,
chr2:clu_24973,,COBLL1,human,no_unique_junctions,ENST00000652658.2,ENST00000342193.8,164686032-164692221,164686032-164692221,,,,,,,,
chr2:clu_24973,,COBLL1,human,no_unique_junctions,ENST00000652658.2,ENST00000493868.5,164686032-164692221,164686032-164692221,,,,,,,,
chr2:clu_24973,,COBLL1,human,no_unique_junctions,ENST00000652658.2,ENST00000489955.1,164686032-164692221,164686032-164692221,,,,,,,,
chr2:clu_24973,,COBLL1,human,transcript_doesnt_have_junctions,ENST00000652658.2,ENST00000460238.1,164686032-164692221,,,,,,,,,
chr2:clu_24973,,COBLL1,human,transcript_doesnt_have_junctions,ENST00000652658.2,ENST00000474975.1,164686032-164692221,,,,,,,,,
chr2:clu_24973,,COBLL1,human,no_unique_junctions,ENST00000652658.2,ENST00000926847.1,164686032-164692221,164686032-164692221,,,,,,,,
chr2:clu_24973,,COBLL1,human,no_unique_junctions,ENST00000652658.2,ENST00000861276.1,164686032-164692221,164686032-164692221,,,,,,,,
chr2:clu_24973,,COBLL1,human,no_unique_junctions,ENST00000652658.2,ENST00000926848.1,164686032-164692221,164686032-164692221,,,,,,,,
chr2:clu_24973,,COBLL1,human,no_unique_junctions,ENST00000652658.2,ENST00000861283.1,164686032-164692221,164686032-164692221,,,,,,,,
chr2:clu_24973,,COBLL1,human,no_unique_junctions,ENST00000652658.2,ENST00000861277.1,164686032-164692221,164686032-164692221,,,,,,,,
chr2:clu_24973,,COBLL1,human,no_unique_junctions,ENST00000652658.2,ENST00000946162.1,164686032-164692221,164686032-164692221,,,,,,,,
chr2:clu_24973,,COBLL1,human,no_unique_junctions,ENST00000652658.2,ENST00000861279.1,164686032-164692221,164686032-164692221,,,,,,,,
chr2:clu_24973,,COBLL1,human,no_unique_junctions,ENST00000652658.2,ENST00000861286.1,164686032-164692221,164686032-164692221,,,,,,,,
chr2:clu_24973,,COBLL1,human,no_unique_junctions,ENST00000652658.2,ENST00000861285.1,164686032-164692221,164686032-164692221,,,,,,,,
chr2:clu_24973,,COBLL1,human,no_unique_junctions,ENST00000652658.2,ENST00000861287.1,164686032-164692221,164686032-164692221,,,,,,,,
chr2:clu_24973,,COBLL1,human,no_unique_junctions,ENST00000652658.2,ENST00000861288.1,164686032-164692221,164686032-164692221,,,,,,,,
chr2:clu_24973,,COBLL1,human,no_unique_junctions,ENST00000652658.2,ENST00000926850.1,164686032-164692221,164686032-164692221,,,,,,,,
chr2:clu_24973,,COBLL1,human,no_unique_junctions,ENST00000652658.2,ENST00000946164.1,164686032-164692221,164686032-164692221,,,,,,,,
chr2:clu_24973,,COBLL1,human,no_unique_junctions,ENST00000652658.2,ENST00000861281.1,164686032-164692221,164686032-164692221,,,,,,,,
chr2:clu_24973,,COBLL1,human,no_unique_junctions,ENST00000652658.2,ENST00000926849.1,164686032-164692221,164686032-164692221,,,,,,,,
chr2:clu_24973,,COBLL1,human,no_unique_junctions,ENST00000652658.2,ENST00000946165.1,164686032-164692221,164686032-164692221,,,,,,,,
chr2:clu_24973,,COBLL1,human,no_unique_junctions,ENST00000652658.2,ENST00000946163.1,164686032-164692221,164686032-164692221,,,,,,,,
chr2:clu_24973,,COBLL1,human,transcript_doesnt_have_junctions,ENST00000652658.2,ENST00000456171.5,164686032-164692221,,,,,,,,,
chr2:clu_24973,,COBLL1,human,transcript_doesnt_have_junctions,ENST00000652658.2,ENST00000456693.5,164686032-164692221,,,,,,,,,
chr2:clu_24973,,COBLL1,human,transcript_doesnt_have_junctions,ENST00000652658.2,ENST00000448708.5,164686032-164692221,,,,,,,,,
chr2:clu_24973,,COBLL1,human,transcript_doesnt_have_junctions,ENST00000652658.2,ENST00000439313.5,164686032-164692221,,,,,,,,,
chr2:clu_24973,,COBLL1,human,transcript_doesnt_have_junctions,ENST00000652658.2,ENST00000444537.5,164686032-164692221,,,,,,,,,
chr2:clu_24973,,COBLL1,human,transcript_doesnt_have_junctions,ENST00000652658.2,ENST00000414843.5,164686032-164692221,,,,,,,,,
chr2:clu_24973,,COBLL1,human,transcript_doesnt_have_junctions,ENST00000652658.2,ENST00000445474.2,164686032-164692221,,,,,,,,,
chr2:clu_24973,,COBLL1,human,transcript_doesnt_have_junctions,ENST00000652658.2,ENST00000480873.1,164686032-164692221,,,,,,,,,
chr2:clu_24973,,COBLL1,human,transcript_doesnt_have_junctions,ENST00000652658.2,ENST00000496396.1,164686032-164692221,,,,,,,,,
chr2:clu_24973,,COBLL1,human,transcript_doesnt_have_junctions,ENST00000652658.2,ENST00000483743.6,164686032-164692221,,,,,,,,,
chr2:clu_24973,,COBLL1,human,transcript_doesnt_have_junctions,ENST00000652658.2,ENST00000493713.1,164686032-164692221,,,,,,,,,
chr2:clu_24973,,COBLL1,human,transcript_doesnt_have_junctions,ENST00000652658.2,ENST00000491126.6,164686032-164692221,,,,,,,,,
chr2:clu_24973,,COBLL1,human,transcript_doesnt_have_junctions,ENST00000652658.2,ENST00000434366.5,164686032-164692221,,,,,,,,,
chr2:clu_24973,,COBLL1,human,transcript_doesnt_have_junctions,ENST00000652658.2,ENST00000452626.5,164686032-164692221,,,,,,,,,
chr2:clu_24973,,COBLL1,human,transcript_doesnt_have_junctions,ENST00000652658.2,ENST00000493921.1,164686032-164692221,,,,,,,,,
chr2:clu_24973,1/1,COBLL1,human,transcript_not_chosen,ENST00000652658.2,ENST00000495084.1,164686032-164692221,164665901-164692221,,,,,,,,
chr19:clu_20457:PSG8,,PSG8,human,novel_junction,ENST00000306511.5,,42754587-42754988,42844613-42845016,,,,,,,,
chr19:clu_20457:PSG8,,PSG8,human,novel_junction,ENST00000306511.5,,42754587-42754988,42868355-42868756,,,,,,,,
chr19:clu_20457:PSG8,,PSG8,human,novel_junction,ENST00000306511.5,,42754587-42754988,42869034-42871767,,,,,,,,
chr19:clu_20457:PSG8,,PSG8,human,novel_junction,ENST00000306511.5,,42754587-42754988,42869034-42877913,,,,,,,,
chr19:clu_20457:PSG8,,PSG8,human,novel_junction,ENST00000306511.5,,42754587-42754988,42872045-42877913,,,,,,,,
chr19:clu_20457:PSG8,,PSG8,human,novel_junction,ENST00000306511.5,,42754587-42754988,42907176-42907576,,,,,,,,
chr19:clu_20457:PSG8,,PSG8,human,novel_junction,ENST00000306511.5,,42754587-42754988,42907854-42910580,,,,,,,,
chr19:clu_20457:PSG8,,PSG8,human,novel_junction,ENST00000306511.5,,42754587-42754988,42926027-42926438,,,,,,,,
chr19:clu_20457:PSG8,,PSG8,human,novel_junction,ENST00000306511.5,,42754587-42754988,43175469-43175870,,,,,,,,
chr19:clu_20457:PSG8,,PSG8,human,novel_junction,ENST00000306511.5,,42754587-42754988,43194594-43194995,,,,,,,,
chr19:clu_20457:PSG8,,PSG8,human,transcript_doesnt_have_junctions,ENST00000306511.5,XM_047438850.1,42754587-42754988,,,,,,,,,
chr19:clu_20457:PSG8,,PSG8,human,no_unique_junctions,ENST00000306511.5,ENST00000406636.7,42754587-42754988,42754587-42754988,,,,,,,,
chr19:clu_20457:PSG8,,PSG8,human,no_unique_junctions,ENST00000306511.5,XM_047438848.1,42754587-42754988,42754587-42754988,,,,,,,,
chr19:clu_20457:PSG8,,PSG8,human,transcript_doesnt_have_junctions,ENST00000306511.5,XM_011526986.2,42754587-42754988,,,,,,,,,
chr19:clu_20457:PSG8,,PSG8,human,no_unique_junctions,ENST00000306511.5,ENST00000404209.8,42754587-42754988,42754587-42754988,,,,,,,,
chr19:clu_20457:PSG8,,PSG8,human,no_unique_junctions,ENST00000306511.5,XM_047438849.1,42754587-42754988,42754587-42754988,,,,,,,,
chr19:clu_20457:PSG8,,PSG8,human,transcript_doesnt_have_junctions,ENST00000306511.5,ENST00000466163.1,42754587-42754988,,,,,,,,,
chr19:clu_20457:PSG8,,PSG8,human,transcript_doesnt_have_junctions,ENST00000306511.5,ENST00000593692.1,42754587-42754988,,,,,,,,,
chr19:clu_20457:PSG8,,PSG8,human,transcript_doesnt_have_junctions,ENST00000306511.5,ENST00000478387.1,42754587-42754988,,,,,,,,,
chr19:clu_20457:PSG8,,PSG8,human,transcript_doesnt_have_junctions,ENST00000306511.5,ENST00000600709.5,42754587-42754988,,,,,,,,,
chr19:clu_20457:PSG8,,PSG8,human,transcript_doesnt_have_junctions,ENST00000306511.5,ENST00000469260.5,42754587-42754988,,,,,,,,,
chr19:clu_20457:PSG8,,PSG8,human,all_known_junctions_are_canonical,ENST00000306511.5,,42754587-42754988,,,,,,,,,
chr14:clu_12431,,NID2,human,novel_junction,ENST00000216286.10,,52015275-52019061,52015275-52016926,,,,,,,,
chr14:clu_12431,,NID2,human,no_unique_junctions,ENST00000216286.10,XM_005267407.5,52015275-52019061,52015275-52019061,,,,,,,,
chr14:clu_12431,,NID2,human,no_unique_junctions,ENST00000216286.10,XM_005267406.5,52015275-52019061,52015275-52019061,,,,,,,,
chr14:clu_12431,,NID2,human,no_unique_junctions,ENST00000216286.10,XM_005267405.5,52015275-52019061,52015275-52019061,,,,,,,,
chr14:clu_12431,,NID2,human,transcript_doesnt_have_junctions,ENST00000216286.10,ENST00000556686.1,52015275-52019061,,,,,,,,,
chr14:clu_12431,,NID2,human,transcript_doesnt_have_junctions,ENST00000216286.10,ENST00000555310.1,52015275-52019061,,,,,,,,,
chr14:clu_12431,,NID2,human,transcript_doesnt_have_junctions,ENST00000216286.10,ENST00000553297.1,52015275-52019061,,,,,,,,,
chr14:clu_12431,,NID2,human,transcript_doesnt_have_junctions,ENST00000216286.10,ENST00000557051.1,52015275-52019061,,,,,,,,,
chr14:clu_12431,,NID2,human,transcript_doesnt_have_junctions,ENST00000216286.10,ENST00000554284.1,52015275-52019061,,,,,,,,,
chr14:clu_12431,,NID2,human,no_unique_junctions,ENST00000216286.10,ENST00000556572.1,52015275-52019061,52015275-52019061,,,,,,,,
chr14:clu_12431,,NID2,human,all_known_junctions_are_canonical,ENST00000216286.10,,52015275-52019061,,,,,,,,,
chr17:clu_18019,,MPRIP,human,novel_junction,ENST00000651222.2,,17180088-17184823,17180088-17188328,,,,,,,,
chr17:clu_18019,,MPRIP,human,no_unique_junctions,ENST00000651222.2,XM_011523764.3,17180088-17184823,17180088-17184823,,,,,,,,
chr17:clu_18019,,MPRIP,human,no_unique_junctions,ENST00000651222.2,XM_011523766.3,17180088-17184823,17180088-17184823,,,,,,,,
chr17:clu_18019,,MPRIP,human,no_unique_junctions,ENST00000651222.2,XM_047435685.1,17180088-17184823,17180088-17184823,,,,,,,,
chr17:clu_18019,,MPRIP,human,no_unique_junctions,ENST00000651222.2,XM_011523763.3,17180088-17184823,17180088-17184823,,,,,,,,
chr17:clu_18019,,MPRIP,human,no_unique_junctions,ENST00000651222.2,XM_047435684.1,17180088-17184823,17180088-17184823,,,,,,,,
chr17:clu_18019,,MPRIP,human,no_unique_junctions,ENST00000651222.2,ENST00000948254.1,17180088-17184823,17180088-17184823,,,,,,,,
chr17:clu_18019,,MPRIP,human,no_unique_junctions,ENST00000651222.2,XM_005256563.5,17180088-17184823,17180088-17184823,,,,,,,,
chr17:clu_18019,,MPRIP,human,no_unique_junctions,ENST00000651222.2,XM_047435683.1,17180088-17184823,17180088-17184823,,,,,,,,
chr17:clu_18019,,MPRIP,human,no_unique_junctions,ENST00000651222.2,ENST00000395811.9,17180088-17184823,17180088-17184823,,,,,,,,
chr17:clu_18019,,MPRIP,human,no_unique_junctions,ENST00000651222.2,XM_047435686.1,17180088-17184823,17180088-17184823,,,,,,,,
chr17:clu_18019,,MPRIP,human,no_unique_junctions,ENST00000651222.2,XM_005256564.5,17180088-17184823,17180088-17184823,,,,,,,,
chr17:clu_18019,,MPRIP,human,no_unique_junctions,ENST00000651222.2,ENST00000584067.5,17180088-17184823,17180088-17184823,,,,,,,,
chr17:clu_18019,,MPRIP,human,transcript_doesnt_have_junctions,ENST00000651222.2,ENST00000581955.1,17180088-17184823,,,,,,,,,
chr17:clu_18019,,MPRIP,human,no_unique_junctions,ENST00000651222.2,ENST00000948255.1,17180088-17184823,17180088-17184823,,,,,,,,
chr17:clu_18019,,MPRIP,human,transcript_doesnt_have_junctions,ENST00000651222.2,ENST00000577514.5,17180088-17184823,,,,,,,,,
chr17:clu_18019,,MPRIP,human,transcript_doesnt_have_junctions,ENST00000651222.2,ENST00000395806.5,17180088-17184823,,,,,,,,,
chr17:clu_18019,,MPRIP,human,transcript_doesnt_have_junctions,ENST00000651222.2,ENST00000466186.2,17180088-17184823,,,,,,,,,
chr17:clu_18019,,MPRIP,human,transcript_doesnt_have_junctions,ENST00000651222.2,ENST00000579832.1,17180088-17184823,,,,,,,,,
chr17:clu_18019,,MPRIP,human,no_unique_junctions,ENST00000651222.2,ENST00000313485.10,17180088-17184823,17180088-17184823,,,,,,,,
chr17:clu_18019,,MPRIP,human,no_unique_junctions,ENST00000651222.2,ENST00000429184.7,17180088-17184823,17180088-17184823,,,,,,,,
chr17:clu_18019,,MPRIP,human,transcript_doesnt_have_junctions,ENST00000651222.2,ENST00000578209.5,17180088-17184823,,,,,,,,,
chr17:clu_18019,,MPRIP,human,transcript_doesnt_have_junctions,ENST00000651222.2,ENST00000462033.1,17180088-17184823,,,,,,,,,
chr17:clu_18019,,MPRIP,human,no_unique_junctions,ENST00000651222.2,ENST00000579361.1,17180088-17184823,17180088-17184823,,,,,,,,
chr17:clu_18019,,MPRIP,human,transcript_doesnt_have_junctions,ENST00000651222.2,ENST00000395807.2,17180088-17184823,,,,,,,,,
chr17:clu_18019,,MPRIP,human,transcript_doesnt_have_junctions,ENST00000651222.2,ENST00000584936.2,17180088-17184823,,,,,,,,,
chr17:clu_18019,,MPRIP,human,transcript_doesnt_have_junctions,ENST00000651222.2,ENST00000578521.1,17180088-17184823,,,,,,,,,
chr17:clu_18019,,MPRIP,human,transcript_doesnt_have_junctions,ENST00000651222.2,ENST00000578548.1,17180088-17184823,,,,,,,,,
chr17:clu_18019,,MPRIP,human,transcript_doesnt_have_junctions,ENST00000651222.2,ENST00000581855.1,17180088-17184823,,,,,,,,,
chr17:clu_18019,,MPRIP,human,transcript_doesnt_have_junctions,ENST00000651222.2,ENST00000581989.1,17180088-17184823,,,,,,,,,
chr17:clu_18019,1/1,MPRIP,human,transcript_not_chosen,ENST00000651222.2,ENST00000341712.8,17180088-17184823,17180088-17180607;17180669-17184823,,,,,,,,
chr21:clu_26821,,,human,no_gene_specified,,,,,,,,,,,,
chr10:clu_5321,,ITIH5,human,no_unique_junctions,ENST00000397146.7,ENST00000884049.1,7569784-7573142,7569784-7573142,,,,,,,,
chr10:clu_5321,,ITIH5,human,no_unique_junctions,ENST00000397146.7,ENST00000613909.4,7569784-7573142,7569784-7573142,,,,,,,,
chr10:clu_5321,,ITIH5,human,no_unique_junctions,ENST00000397146.7,ENST00000492668.5,7569784-7573142,7569784-7573142,,,,,,,,
chr10:clu_5321,,ITIH5,human,transcript_doesnt_have_junctions,ENST00000397146.7,ENST00000468389.5,7569784-7573142,,,,,,,,,
chr10:clu_5321,,ITIH5,human,transcript_doesnt_have_junctions,ENST00000397146.7,ENST00000476417.5,7569784-7573142,,,,,,,,,
chr10:clu_5321,,ITIH5,human,transcript_doesnt_have_junctions,ENST00000397146.7,ENST00000884048.1,7569784-7573142,,,,,,,,,
chr10:clu_5321,,ITIH5,human,transcript_doesnt_have_junctions,ENST00000397146.7,ENST00000884050.1,7569784-7573142,,,,,,,,,
chr10:clu_5321,,ITIH5,human,transcript_doesnt_have_junctions,ENST00000397146.7,ENST00000884055.1,7569784-7573142,,,,,,,,,
chr10:clu_5321,,ITIH5,human,no_unique_junctions,ENST00000397146.7,ENST00000884053.1,7569784-7573142,7569784-7573142,,,,,,,,
chr10:clu_5321,,ITIH5,human,transcript_doesnt_have_junctions,ENST00000397146.7,ENST00000884054.1,7569784-7573142,,,,,,,,,
chr10:clu_5321,,ITIH5,human,no_unique_junctions,ENST00000397146.7,ENST00000884052.1,7569784-7573142,7569784-7573142,,,,,,,,
chr10:clu_5321,,ITIH5,human,no_unique_junctions,ENST00000397146.7,ENST00000884051.1,7569784-7573142,7569784-7573142,,,,,,,,
chr10:clu_5321,,ITIH5,human,transcript_doesnt_have_junctions,ENST00000397146.7,ENST00000945639.1,7569784-7573142,,,,,,,,,
chr10:clu_5321,,ITIH5,human,no_unique_junctions,ENST00000397146.7,ENST00000945640.1,7569784-7573142,7569784-7573142,,,,,,,,
chr10:clu_5321,,ITIH5,human,no_unique_junctions,ENST00000397146.7,ENST00000884056.1,7569784-7573142,7569784-7573142,,,,,,,,
chr10:clu_5321,,ITIH5,human,transcript_doesnt_have_junctions,ENST00000397146.7,ENST00000461751.1,7569784-7573142,,,,,,,,,
chr10:clu_5321,,ITIH5,human,transcript_doesnt_have_junctions,ENST00000397146.7,ENST00000473591.1,7569784-7573142,,,,,,,,,
chr10:clu_5321,1/1,ITIH5,human,transcript_not_chosen,ENST00000397146.7,ENST00000397145.6,7569784-7573142,7572398-7573142,,,,,,,,
chr10:clu_5321,1/1,ITIH5,human,transcript_not_chosen,ENST00000397146.7,ENST00000434980.5,7569784-7573142,7572398-7573142,,,,,,,,
chr9:clu_40734,,COL15A1,human,novel_junction,ENST00000375001.8,,99000951-99003453,99002510-99003453,,,,,,,,
chr9:clu_40734,,COL15A1,human,transcript_doesnt_have_junctions,ENST00000375001.8,ENST00000471477.1,99000951-99003453,,,,,,,,,
chr9:clu_40734,,COL15A1,human,transcript_doesnt_have_junctions,ENST00000375001.8,ENST00000496686.1,99000951-99003453,,,,,,,,,
chr9:clu_40734,,COL15A1,human,no_unique_junctions,ENST00000375001.8,ENST00000873219.1,99000951-99003453,99000951-99003453,,,,,,,,
chr9:clu_40734,,COL15A1,human,no_unique_junctions,ENST00000375001.8,ENST00000873220.1,99000951-99003453,99000951-99003453,,,,,,,,
chr9:clu_40734,,COL15A1,human,no_unique_junctions,ENST00000375001.8,ENST00000873221.1,99000951-99003453,99000951-99003453,,,,,,,,
chr9:clu_40734,,COL15A1,human,no_unique_junctions,ENST00000375001.8,ENST00000873222.1,99000951-99003453,99000951-99003453,,,,,,,,
chr9:clu_40734,,COL15A1,human,no_unique_junctions,ENST00000375001.8,ENST00000946047.1,99000951-99003453,99000951-99003453,,,,,,,,
chr9:clu_40734,,COL15A1,human,no_unique_junctions,ENST00000375001.8,ENST00000946048.1,99000951-99003453,99000951-99003453,,,,,,,,
chr9:clu_40734,,COL15A1,human,no_unique_junctions,ENST00000375001.8,ENST00000873223.1,99000951-99003453,99000951-99003453,,,,,,,,
chr9:clu_40734,,COL15A1,human,no_unique_junctions,ENST00000375001.8,ENST00000946049.1,99000951-99003453,99000951-99003453,,,,,,,,
chr9:clu_40734,,COL15A1,human,no_unique_junctions,ENST00000375001.8,ENST00000946051.1,99000951-99003453,99000951-99003453,,,,,,,,
chr9:clu_40734,,COL15A1,human,no_unique_junctions,ENST00000375001.8,ENST00000873224.1,99000951-99003453,99000951-99003453,,,,,,,,
chr9:clu_40734,,COL15A1,human,no_unique_junctions,ENST00000375001.8,ENST00000873225.1,99000951-99003453,99000951-99003453,,,,,,,,
chr9:clu_40734,,COL15A1,human,no_unique_junctions,ENST00000375001.8,ENST00000873226.1,99000951-99003453,99000951-99003453,,,,,,,,
chr9:clu_40734,,COL15A1,human,no_unique_junctions,ENST00000375001.8,ENST00000946050.1,99000951-99003453,99000951-99003453,,,,,,,,
chr9:clu_40734,,COL15A1,human,no_unique_junctions,ENST00000375001.8,ENST00000873227.1,99000951-99003453,99000951-99003453,,,,,,,,
chr9:clu_40734,,COL15A1,human,transcript_doesnt_have_junctions,ENST00000375001.8,ENST00000467052.1,99000951-99003453,,,,,,,,,
chr9:clu_40734,,COL15A1,human,all_known_junctions_are_canonical,ENST00000375001.8,,99000951-99003453,,,,,,,,,
chr13:clu_10637,,PSPC1,human,transcript_doesnt_have_junctions,ENST00000338910.9,XM_047430435.1,19703360-19705662;19705831-19709542;19709599-19730239,,,,,,,,,
chr13:clu_10637,,PSPC1,human,transcript_doesnt_have_junctions,ENST00000338910.9,NM_001354908.2,19703360-19705662;19705831-19709542;19709599-19730239,,,,,,,,,
chr13:clu_10637,,PSPC1,human,transcript_doesnt_have_junctions,ENST00000338910.9,XM_011535139.3,19703360-19705662;19705831-19709542;19709599-19730239,,,,,,,,,
chr13:clu_10637,,PSPC1,human,transcript_doesnt_have_junctions,ENST00000338910.9,XM_011535138.4,19703360-19705662;19705831-19709542;19709599-19730239,,,,,,,,,
chr13:clu_10637,,PSPC1,human,no_unique_junctions,ENST00000338910.9,ENST00000619300.4,19703360-19705662;19705831-19709542;19709599-19730239,19703360-19705662;19705831-19709542;19709599-19730239,,,,,,,,
chr13:clu_10637,,PSPC1,human,transcript_doesnt_have_junctions,ENST00000338910.9,XM_011535142.4,19703360-19705662;19705831-19709542;19709599-19730239,,,,,,,,,
chr13:clu_10637,,PSPC1,human,transcript_doesnt_have_junctions,ENST00000338910.9,XM_011535141.4,19703360-19705662;19705831-19709542;19709599-19730239,,,,,,,,,
chr13:clu_10637,,PSPC1,human,transcript_doesnt_have_junctions,ENST00000338910.9,ENST00000497722.2,19703360-19705662;19705831-19709542;19709599-19730239,,,,,,,,,
chr13:clu_10637,,PSPC1,human,transcript_doesnt_have_junctions,ENST00000338910.9,ENST00000635251.1,19703360-19705662;19705831-19709542;19709599-19730239,,,,,,,,,
chr13:clu_10637,,PSPC1,human,transcript_doesnt_have_junctions,ENST00000338910.9,ENST00000635562.1,19703360-19705662;19705831-19709542;19709599-19730239,,,,,,,,,
chr13:clu_10637,,PSPC1,human,no_unique_junctions,ENST00000338910.9,ENST00000885045.1,19703360-19705662;19705831-19709542;19709599-19730239,19703360-19705662;19705831-19709542,,,,,,,,
chr13:clu_10637,,PSPC1,human,transcript_doesnt_have_junctions,ENST00000338910.9,ENST00000937572.1,19703360-19705662;19705831-19709542;19709599-19730239,,,,,,,,,
chr13:clu_10637,,PSPC1,human,no_unique_junctions,ENST00000338910.9,ENST00000885046.1,19703360-19705662;19705831-19709542;19709599-19730239,19703360-19705662;19709599-19730239,,,,,,,,
chr13:clu_10637,,PSPC1,human,no_unique_junctions,ENST00000338910.9,ENST00000946081.1,19703360-19705662;19705831-19709542;19709599-19730239,19703360-19705662;19705831-19709542;19709599-19730239,,,,,,,,
chr13:clu_10637,,PSPC1,human,no_unique_junctions,ENST00000338910.9,ENST00000885047.1,19703360-19705662;19705831-19709542;19709599-19730239,19703360-19705662;19705831-19709542;19709599-19730239,,,,,,,,
chr13:clu_10637,,PSPC1,human,transcript_doesnt_have_junctions,ENST00000338910.9,ENST00000427943.1,19703360-19705662;19705831-19709542;19709599-19730239,,,,,,,,,
chr13:clu_10637,1/1,PSPC1,human,transcript_not_chosen,ENST00000338910.9,ENST00000471658.5,19703360-19705662;19705831-19709542;19709599-19730239,19677823-19730239,,,,,,,,
chr11:clu_6577:LOC105369331,,LOC105369331,human,gene_not_in_db,,,,,,,,,,,,
chr2:clu_23703:INHA,,INHA,human,novel_junction,ENST00000243786.3,,219572642-219574694,219572642-219598094,,,,,,,,
chr2:clu_23703:INHA,,INHA,human,novel_junction,ENST00000243786.3,,219572642-219574694,219598180-219601235,,,,,,,,
chr2:clu_23703:INHA,,INHA,human,transcript_doesnt_have_junctions,ENST00000243786.3,ENST00000489456.1,219572642-219574694,,,,,,,,,
chr2:clu_23703:INHA,,INHA,human,all_known_junctions_are_canonical,ENST00000243786.3,,219572642-219574694,,,,,,,,,
chr1:clu_3384:NBPF26,,NBPF26,human,novel_junction,ENST00000620612.6,,120808759-120809811;120809883-120810347;120815043-120816085,120440814-120441278,,,,,,,,
chr1:clu_3384:NBPF26,,NBPF26,human,novel_junction,ENST00000620612.6,,120808759-120809811;120809883-120810347;120815043-120816085,120440814-120447630,,,,,,,,
chr1:clu_3384:NBPF26,,NBPF26,human,novel_junction,ENST00000620612.6,,120808759-120809811;120809883-120810347;120815043-120816085,120446043-120453372,,,,,,,,
chr1:clu_3384:NBPF26,,NBPF26,human,novel_junction,ENST00000620612.6,,120808759-120809811;120809883-120810347;120815043-120816085,120447166-120447630,,,,,,,,
chr1:clu_3384:NBPF26,,NBPF26,human,novel_junction,ENST00000620612.6,,120808759-120809811;120809883-120810347;120815043-120816085,120452331-120453372,,,,,,,,
chr1:clu_3384:NBPF26,,NBPF26,human,novel_junction,ENST00000620612.6,,120808759-120809811;120809883-120810347;120815043-120816085,120808759-120816085,,,,,,,,
chr1:clu_3384:NBPF26,,NBPF26,human,transcript_doesnt_have_junctions,ENST00000620612.6,ENST00000652763.1,120808759-120809811;120809883-120810347;120815043-120816085,,,,,,,,,
chr1:clu_3384:NBPF26,,NBPF26,human,no_unique_junctions,ENST00000620612.6,ENST00000651062.1,120808759-120809811;120809883-120810347;120815043-120816085,120808759-120809811;120809883-120810347;120815043-120816085,,,,,,,,
chr1:clu_3384:NBPF26,,NBPF26,human,no_unique_junctions,ENST00000620612.6,ENST00000652444.2,120808759-120809811;120809883-120810347;120815043-120816085,120808759-120809811;120809883-120810347;120815043-120816085,,,,,,,,
chr1:clu_3384:NBPF26,,NBPF26,human,no_unique_junctions,ENST00000620612.6,ENST00000611287.5,120808759-120809811;120809883-120810347;120815043-120816085,120808759-120809811;120809883-120810347;120815043-120816085,,,,,,,,
chr1:clu_3384:NBPF26,,NBPF26,human,no_unique_junctions,ENST00000620612.6,ENST00000611702.5,120808759-120809811;120809883-120810347;120815043-120816085,120808759-120809811;120809883-120810347;120815043-120816085,,,,,,,,
chr1:clu_3384:NBPF26,,NBPF26,human,no_unique_junctions,ENST00000620612.6,ENST00000617913.5,120808759-120809811;120809883-120810347;120815043-120816085,120808759-120809811;120809883-120810347;120815043-120816085,,,,,,,,
chr1:clu_3384:NBPF26,,NBPF26,human,no_unique_junctions,ENST00000620612.6,ENST00000711669.1,120808759-120809811;120809883-120810347;120815043-120816085,120815043-120816085,,,,,,,,
chr1:clu_3384:NBPF26,,NBPF26,human,all_known_junctions_are_canonical,ENST00000620612.6,,120808759-120809811;120809883-120810347;120815043-120816085,,,,,,,,,
chr2:clu_24413,,TIA1,human,no_unique_junctions,ENST00000433529.7,NM_001351513.1,70216499-70216886,70216499-70216886,,,,,,,,
chr2:clu_24413,,TIA1,human,no_unique_junctions,ENST00000433529.7,NM_001351511.1,70216499-70216886,70216499-70216886,,,,,,,,
chr2:clu_24413,,TIA1,human,no_unique_junctions,ENST00000433529.7,NM_001351512.1,70216499-70216886,70216499-70216886,,,,,,,,
chr2:clu_24413,,TIA1,human,no_unique_junctions,ENST00000433529.7,NM_001351514.2,70216499-70216886,70216499-70216886,,,,,,,,
chr2:clu_24413,,TIA1,human,no_unique_junctions,ENST00000433529.7,XM_005264528.6,70216499-70216886,70216499-70216886,,,,,,,,
chr2:clu_24413,,TIA1,human,no_unique_junctions,ENST00000433529.7,NM_001351524.2,70216499-70216886,70216499-70216886,,,,,,,,
chr2:clu_24413,,TIA1,human,no_unique_junctions,ENST00000433529.7,NM_001351517.2,70216499-70216886,70216499-70216886,,,,,,,,
chr2:clu_24413,,TIA1,human,no_unique_junctions,ENST00000433529.7,ENST00000881358.1,70216499-70216886,70216499-70216886,,,,,,,,
chr2:clu_24413,,TIA1,human,no_unique_junctions,ENST00000433529.7,ENST00000415783.6,70216499-70216886,70216499-70216886,,,,,,,,
chr2:clu_24413,,TIA1,human,no_unique_junctions,ENST00000433529.7,NM_001351525.2,70216499-70216886,70216499-70216886,,,,,,,,
chr2:clu_24413,,TIA1,human,no_unique_junctions,ENST00000433529.7,NM_001351515.2,70216499-70216886,70216499-70216886,,,,,,,,
chr2:clu_24413,,TIA1,human,no_unique_junctions,ENST00000433529.7,ENST00000282574.8,70216499-70216886,70216499-70216886,,,,,,,,
chr2:clu_24413,,TIA1,human,no_unique_junctions,ENST00000433529.7,ENST00000881361.1,70216499-70216886,70216499-70216886,,,,,,,,
chr2:clu_24413,,TIA1,human,no_unique_junctions,ENST00000433529.7,XM_047445625.1,70216499-70216886,70216499-70216886,,,,,,,,
chr2:clu_24413,,TIA1,human,no_unique_junctions,ENST00000433529.7,XM_047445630.1,70216499-70216886,70216499-70216886,,,,,,,,
chr2:clu_24413,,TIA1,human,no_unique_junctions,ENST00000433529.7,XM_047445628.1,70216499-70216886,70216499-70216886,,,,,,,,
chr2:clu_24413,,TIA1,human,no_unique_junctions,ENST00000433529.7,XM_047445626.1,70216499-70216886,70216499-70216886,,,,,,,,
chr2:clu_24413,,TIA1,human,no_unique_junctions,ENST00000433529.7,XM_047445632.1,70216499-70216886,70216499-70216886,,,,,,,,
chr2:clu_24413,,TIA1,human,no_unique_junctions,ENST00000433529.7,XM_047445631.1,70216499-70216886,70216499-70216886,,,,,,,,
chr2:clu_24413,,TIA1,human,no_unique_junctions,ENST00000433529.7,XM_047445627.1,70216499-70216886,70216499-70216886,,,,,,,,
chr2:clu_24413,,TIA1,human,no_unique_junctions,ENST00000433529.7,XM_047445629.1,70216499-70216886,70216499-70216886,,,,,,,,
chr2:clu_24413,,TIA1,human,no_unique_junctions,ENST00000433529.7,NM_001351516.2,70216499-70216886,70216499-70216886,,,,,,,,
chr2:clu_24413,,TIA1,human,no_unique_junctions,ENST00000433529.7,ENST00000445587.5,70216499-70216886,70216499-70216886,,,,,,,,
chr2:clu_24413,,TIA1,human,transcript_doesnt_have_junctions,ENST00000433529.7,ENST00000416149.6,70216499-70216886,,,,,,,,,
chr2:clu_24413,,TIA1,human,transcript_doesnt_have_junctions,ENST00000433529.7,NM_001351523.2,70216499-70216886,,,,,,,,,
chr2:clu_24413,,TIA1,human,transcript_doesnt_have_junctions,ENST00000433529.7,NM_001351521.2,70216499-70216886,,,,,,,,,
chr2:clu_24413,,TIA1,human,transcript_doesnt_have_junctions,ENST00000433529.7,ENST00000361692.4,70216499-70216886,,,,,,,,,
chr2:clu_24413,,TIA1,human,transcript_doesnt_have_junctions,ENST00000433529.7,NM_001351519.2,70216499-70216886,,,,,,,,,
chr2:clu_24413,,TIA1,human,transcript_doesnt_have_junctions,ENST00000433529.7,ENST00000474809.6,70216499-70216886,,,,,,,,,
chr2:clu_24413,,TIA1,human,transcript_doesnt_have_junctions,ENST00000433529.7,XM_047445634.1,70216499-70216886,,,,,,,,,
chr2:clu_24413,,TIA1,human,transcript_doesnt_have_junctions,ENST00000433529.7,XM_047445633.1,70216499-70216886,,,,,,,,,
chr2:clu_24413,,TIA1,human,transcript_doesnt_have_junctions,ENST00000433529.7,NM_001351520.2,70216499-70216886,,,,,,,,,
chr2:clu_24413,,TIA1,human,transcript_doesnt_have_junctions,ENST00000433529.7,ENST00000486392.5,70216499-70216886,,,,,,,,,
chr2:clu_24413,,TIA1,human,transcript_doesnt_have_junctions,ENST00000433529.7,ENST00000495774.1,70216499-70216886,,,,,,,,,
chr2:clu_24413,,TIA1,human,no_unique_junctions,ENST00000433529.7,ENST00000477415.5,70216499-70216886,70216499-70216886,,,,,,,,
chr2:clu_24413,,TIA1,human,no_unique_junctions,ENST00000433529.7,ENST00000496096.5,70216499-70216886,70216499-70216886,,,,,,,,
chr2:clu_24413,,TIA1,human,no_unique_junctions,ENST00000433529.7,ENST00000484065.2,70216499-70216886,70216499-70216886,,,,,,,,
chr2:clu_24413,,TIA1,human,transcript_doesnt_have_junctions,ENST00000433529.7,ENST00000474699.1,70216499-70216886,,,,,,,,,
chr2:clu_24413,,TIA1,human,transcript_doesnt_have_junctions,ENST00000433529.7,ENST00000496452.5,70216499-70216886,,,,,,,,,
chr2:clu_24413,,TIA1,human,transcript_doesnt_have_junctions,ENST00000433529.7,ENST00000481650.1,70216499-70216886,,,,,,,,,
chr2:clu_24413,,TIA1,human,no_unique_junctions,ENST00000433529.7,ENST00000881359.1,70216499-70216886,70216499-70216886,,,,,,,,
chr2:clu_24413,,TIA1,human,no_unique_junctions,ENST00000433529.7,ENST00000881360.1,70216499-70216886,70216499-70216886,,,,,,,,
chr2:clu_24413,,TIA1,human,no_unique_junctions,ENST00000433529.7,ENST00000881363.1,70216499-70216886,70216499-70216886,,,,,,,,
chr2:clu_24413,,TIA1,human,transcript_doesnt_have_junctions,ENST00000433529.7,ENST00000881362.1,70216499-70216886,,,,,,,,,
chr2:clu_24413,,TIA1,human,no_unique_junctions,ENST00000433529.7,ENST00000881364.1,70216499-70216886,70216499-70216886,,,,,,,,
chr2:clu_24413,,TIA1,human,no_unique_junctions,ENST00000433529.7,ENST00000881365.1,70216499-70216886,70216499-70216886,,,,,,,,
chr2:clu_24413,,TIA1,human,no_unique_junctions,ENST00000433529.7,ENST00000482876.5,70216499-70216886,70216499-70216886,,,,,,,,
chr2:clu_24413,,TIA1,human,transcript_doesnt_have_junctions,ENST00000433529.7,ENST00000477044.6,70216499-70216886,,,,,,,,,
chr2:clu_24413,1/1,TIA1,human,transcript_not_chosen,ENST00000433529.7,ENST00000468787.5,70216499-70216886,70216499-70216753,,,,,,,,
chr2:clu_24413,1/1,TIA1,human,transcript_not_chosen,ENST00000433529.7,ENST00000497672.5,70216499-70216886,70216499-70216753,,,,,,,,
chr11:clu_6577:SYT7,,SYT7,human,novel_junction,ENST00000539008.6,,61542579-61546031;61546255-61547177;61547308-61551384;61551463-61556104;61556207-61580790,61556207-61579452,,,,,,,,
chr11:clu_6577:SYT7,,SYT7,human,no_unique_junctions,ENST00000539008.6,XM_011545338.3,61542579-61546031;61546255-61547177;61547308-61551384;61551463-61556104;61556207-61580790,61547308-61551384;61551463-61556104,,,,,,,,
chr11:clu_6577:SYT7,,SYT7,human,no_unique_junctions,ENST00000539008.6,XM_011545336.3,61542579-61546031;61546255-61547177;61547308-61551384;61551463-61556104;61556207-61580790,61542579-61546031;61546255-61547177;61547308-61551384;61551463-61556104,,,,,,,,
chr11:clu_6577:SYT7,,SYT7,human,no_unique_junctions,ENST00000539008.6,XM_011545335.3,61542579-61546031;61546255-61547177;61547308-61551384;61551463-61556104;61556207-61580790,61542579-61546031;61546255-61547177;61547308-61551384;61551463-61556104,,,,,,,,
chr11:clu_6577:SYT7,,SYT7,human,no_unique_junctions,ENST00000539008.6,ENST00000542670.5,61542579-61546031;61546255-61547177;61547308-61551384;61551463-61556104;61556207-61580790,61547308-61551384;61551463-61556104;61556207-61580790,,,,,,,,
chr11:clu_6577:SYT7,,SYT7,human,transcript_doesnt_have_junctions,ENST00000539008.6,XM_005274387.5,61542579-61546031;61546255-61547177;61547308-61551384;61551463-61556104;61556207-61580790,,,,,,,,,
chr11:clu_6577:SYT7,,SYT7,human,transcript_doesnt_have_junctions,ENST00000539008.6,NM_001370210.1,61542579-61546031;61546255-61547177;61547308-61551384;61551463-61556104;61556207-61580790,,,,,,,,,
chr11:clu_6577:SYT7,,SYT7,human,no_unique_junctions,ENST00000539008.6,XM_011545342.3,61542579-61546031;61546255-61547177;61547308-61551384;61551463-61556104;61556207-61580790,61542579-61546031;61546255-61547177;61547308-61551384;61551463-61556104,,,,,,,,
chr11:clu_6577:SYT7,,SYT7,human,no_unique_junctions,ENST00000539008.6,ENST00000539246.5,61542579-61546031;61546255-61547177;61547308-61551384;61551463-61556104;61556207-61580790,61547308-61551384;61551463-61556104;61556207-61580790,,,,,,,,
chr11:clu_6577:SYT7,,SYT7,human,no_unique_junctions,ENST00000539008.6,ENST00000539468.5,61542579-61546031;61546255-61547177;61547308-61551384;61551463-61556104;61556207-61580790,61542579-61546031;61547308-61551384;61551463-61556104;61556207-61580790,,,,,,,,
chr11:clu_6577:SYT7,,SYT7,human,transcript_doesnt_have_junctions,ENST00000539008.6,ENST00000540831.1,61542579-61546031;61546255-61547177;61547308-61551384;61551463-61556104;61556207-61580790,,,,,,,,,
chr11:clu_6577:SYT7,,SYT7,human,subsumed_by_larger_group,ENST00000539008.6,XM_005274384.3,61542579-61546031;61546255-61547177;61547308-61551384;61551463-61556104;61556207-61580790,61542579-61546031;61546255-61551384;61551463-61556104;61556207-61580790,,,,,,,,
chr11:clu_6577:SYT7,,SYT7,human,subsumed_by_larger_group,ENST00000539008.6,XM_011545337.3,61542579-61546031;61546255-61547177;61547308-61551384;61551463-61556104;61556207-61580790,61542579-61546031;61546255-61551384;61551463-61556104,,,,,,,,
chr11:clu_6577:SYT7,,SYT7,human,subsumed_by_larger_group,ENST00000539008.6,ENST00000535826.5,61542579-61546031;61546255-61547177;61547308-61551384;61551463-61556104;61556207-61580790,61533124-61546031;61546255-61547177;61547308-61551384;61551463-61556104;61556207-61580790,,,,,,,,
chr11:clu_6577:SYT7,,SYT7,human,subsumed_by_larger_group,ENST00000539008.6,ENST00000968863.1,61542579-61546031;61546255-61547177;61547308-61551384;61551463-61556104;61556207-61580790,61533124-61546031;61546255-61547177;61547308-61551384;61551463-61556104;61556207-61580790,,,,,,,,
chr11:clu_6577:SYT7,,SYT7,human,subsumed_by_larger_group,ENST00000539008.6,XM_011545339.3,61542579-61546031;61546255-61547177;61547308-61551384;61551463-61556104;61556207-61580790,61533124-61546031;61546255-61547177;61547308-61551384;61551463-61556104,,,,,,,,
chr11:clu_6577:SYT7,1/3,SYT7,human,transcript_not_chosen,ENST00000539008.6,ENST00000540677.5,61542579-61546031;61546255-61547177;61547308-61551384;61551463-61556104;61556207-61580790,61533124-61546031;61546255-61551384;61551463-61556104;61556207-61580790,,,,,,,,
chr11:clu_6577:SYT7,1/3,SYT7,human,transcript_not_chosen,ENST00000539008.6,ENST00000933166.1,61542579-61546031;61546255-61547177;61547308-61551384;61551463-61556104;61556207-61580790,61533124-61546031;61546255-61551384;61551463-61556104;61556207-61580790,,,,,,,,
chr11:clu_6577:SYT7,2/3,SYT7,human,transcript_not_chosen,ENST00000539008.6,ENST00000542836.5,61542579-61546031;61546255-61547177;61547308-61551384;61551463-61556104;61556207-61580790,61533124-61547177;61547308-61551384;61551463-61556104;61556207-61580790,,,,,,,,
chr11:clu_6577:SYT7,3/3,SYT7,human,transcript_not_chosen,ENST00000539008.6,ENST00000263846.8,61542579-61546031;61546255-61547177;61547308-61551384;61551463-61556104;61556207-61580790,61533124-61551384;61551463-61556104;61556207-61580790,,,,,,,,
chr11:clu_6577:SYT7,3/3,SYT7,human,transcript_not_chosen,ENST00000539008.6,ENST00000545053.1,61542579-61546031;61546255-61547177;61547308-61551384;61551463-61556104;61556207-61580790,61533124-61551384;61551463-61556104;61556207-61580790,,,,,,,,
chr11:clu_6577:SYT7,3/3,SYT7,human,transcript_not_chosen,ENST00000539008.6,ENST00000933167.1,61542579-61546031;61546255-61547177;61547308-61551384;61551463-61556104;61556207-61580790,61533124-61551384;61551463-61556104;61556207-61580790,,,,,,,,
chr11:clu_6577:SYT7,3/3,SYT7,human,transcript_not_chosen,ENST00000539008.6,NM_001370211.1,61542579-61546031;61546255-61547177;61547308-61551384;61551463-61556104;61556207-61580790,61533124-61551384;61551463-61556104;61556207-61580790,,,,,,,,
chr1:clu_469,,CRYBG2,human,no_unique_junctions,ENST00000308182.10,XM_011541672.2,26324310-26328209,26324310-26328209,,,,,,,,
chr1:clu_469,,CRYBG2,human,no_unique_junctions,ENST00000308182.10,XM_005245918.3,26324310-26328209,26324310-26328209,,,,,,,,
chr1:clu_469,,CRYBG2,human,no_unique_junctions,ENST00000308182.10,ENST00000475866.3,26324310-26328209,26324310-26328209,,,,,,,,
chr1:clu_469,,CRYBG2,human,no_unique_junctions,ENST00000308182.10,XM_011541673.3,26324310-26328209,26324310-26328209,,,,,,,,
chr1:clu_469,,CRYBG2,human,transcript_doesnt_have_junctions,ENST00000308182.10,ENST00000520372.5,26324310-26328209,,,,,,,,,
chr1:clu_469,,CRYBG2,human,transcript_doesnt_have_junctions,ENST00000308182.10,ENST00000522993.1,26324310-26328209,,,,,,,,,
chr1:clu_469,,CRYBG2,human,transcript_doesnt_have_junctions,ENST00000308182.10,ENST00000429942.2,26324310-26328209,,,,,,,,,
chr1:clu_469,,CRYBG2,human,transcript_doesnt_have_junctions,ENST00000308182.10,ENST00000374208.1,26324310-26328209,,,,,,,,,
chr1:clu_469,,CRYBG2,human,transcript_doesnt_have_junctions,ENST00000308182.10,ENST00000522923.5,26324310-26328209,,,,,,,,,
chr1:clu_469,,CRYBG2,human,transcript_doesnt_have_junctions,ENST00000308182.10,ENST00000374207.4,26324310-26328209,,,,,,,,,
chr1:clu_469,,CRYBG2,human,transcript_doesnt_have_junctions,ENST00000308182.10,ENST00000640960.1,26324310-26328209,,,,,,,,,
chr19:clu_20457:PSG10P,,PSG10P,human,gene_not_in_db,,,,,,,,,,,,
chr3:clu_29586:TTLL3,,TTLL3,human,novel_junction,ENST00000685419.1,,,9804013-9806210,,,,,,,,
chr3:clu_29586:TTLL3,,TTLL3,human,novel_junction,ENST00000685419.1,,,9804013-9810621,,,,,,,,
chr3:clu_29586:TTLL3,,TTLL3,human,no_canonical_junctions,ENST00000685419.1,,,,,,,,,,,
chr1:clu_3880,,PAPPA2,human,novel_junction,ENST00000367662.5,,176463418-176555407;176557241-176594524,176463418-176555087,,,,,,,,
chr1:clu_3880,,PAPPA2,human,no_unique_junctions,ENST00000367662.5,XM_011509857.1,176463418-176555407;176557241-176594524,176463418-176555407;176557241-176594524,,,,,,,,
chr1:clu_3880,,PAPPA2,human,no_unique_junctions,ENST00000367662.5,ENST00000367661.7,176463418-176555407;176557241-176594524,176463418-176555407;176557241-176594524,,,,,,,,
chr1:clu_3880,,PAPPA2,human,no_unique_junctions,ENST00000367662.5,XM_005245422.4,176463418-176555407;176557241-176594524,176557241-176594524,,,,,,,,
chr1:clu_3880,,PAPPA2,human,transcript_doesnt_have_junctions,ENST00000367662.5,ENST00000486075.1,176463418-176555407;176557241-176594524,,,,,,,,,
chr1:clu_3880,,PAPPA2,human,transcript_doesnt_have_junctions,ENST00000367662.5,ENST00000479836.1,176463418-176555407;176557241-176594524,,,,,,,,,
chr1:clu_3880,,PAPPA2,human,subsumed_by_larger_group,ENST00000367662.5,ENST00000493665.1,176463418-176555407;176557241-176594524,176537349-176555407,,,,,,,,
chr1:clu_1188:IGSF3,,IGSF3,human,novel_junction,ENST00000369486.8,,116577562-116579392,116544604-116570903,,,,,,,,
chr1:clu_1188:IGSF3,,IGSF3,human,no_unique_junctions,ENST00000369486.8,ENST00000897088.1,116577562-116579392,116577562-116579392,,,,,,,,
chr1:clu_1188:IGSF3,,IGSF3,human,no_unique_junctions,ENST00000369486.8,ENST00000369483.5,116577562-116579392,116577562-116579392,,,,,,,,
chr1:clu_1188:IGSF3,,IGSF3,human,no_unique_junctions,ENST00000369486.8,ENST00000897089.1,116577562-116579392,116577562-116579392,,,,,,,,
chr1:clu_1188:IGSF3,,IGSF3,human,no_unique_junctions,ENST00000369486.8,XM_047419042.1,116577562-116579392,116577562-116579392,,,,,,,,
chr1:clu_1188:IGSF3,,IGSF3,human,no_unique_junctions,ENST00000369486.8,ENST00000318837.6,116577562-116579392,116577562-116579392,,,,,,,,
chr1:clu_1188:IGSF3,,IGSF3,human,no_unique_junctions,ENST00000369486.8,XM_006710593.4,116577562-116579392,116577562-116579392,,,,,,,,
chr1:clu_1188:IGSF3,,IGSF3,human,no_unique_junctions,ENST00000369486.8,XM_005270794.5,116577562-116579392,116577562-116579392,,,,,,,,
chr1:clu_1188:IGSF3,,IGSF3,human,no_unique_junctions,ENST00000369486.8,XM_011541316.3,116577562-116579392,116577562-116579392,,,,,,,,
chr1:clu_1188:IGSF3,,IGSF3,human,no_unique_junctions,ENST00000369486.8,ENST00000897090.1,116577562-116579392,116577562-116579392,,,,,,,,
chr1:clu_1188:IGSF3,,IGSF3,human,transcript_doesnt_have_junctions,ENST00000369486.8,ENST00000481589.1,116577562-116579392,,,,,,,,,
chr1:clu_1188:IGSF3,,IGSF3,human,all_known_junctions_are_canonical,ENST00000369486.8,,116577562-116579392,,,,,,,,,
chr1:clu_2948,,UQCRH,human,no_unique_junctions,ENST00000311672.10,ENST00000486951.1,46303820-46309101;46309127-46310155;46310316-46316552,46303820-46309101,,,,,,,,
chr1:clu_2948,,UQCRH,human,no_unique_junctions,ENST00000311672.10,ENST00000460947.1,46303820-46309101;46309127-46310155;46310316-46316552,46310316-46316552,,,,,,,,
chr1:clu_2948,,UQCRH,human,no_unique_junctions,ENST00000311672.10,ENST00000866773.1,46303820-46309101;46309127-46310155;46310316-46316552,46303820-46309101;46309127-46310155;46310316-46316552,,,,,,,,
chr1:clu_2948,,UQCRH,human,no_unique_junctions,ENST00000311672.10,ENST00000911995.1,46303820-46309101;46309127-46310155;46310316-46316552,46303820-46309101;46310316-46316552,,,,,,,,
chr1:clu_2948,,UQCRH,human,no_unique_junctions,ENST00000311672.10,ENST00000911996.1,46303820-46309101;46309127-46310155;46310316-46316552,46303820-46309101,,,,,,,,
chr1:clu_2948,,UQCRH,human,no_unique_junctions,ENST00000311672.10,ENST00000911997.1,46303820-46309101;46309127-46310155;46310316-46316552,46310316-46316552,,,,,,,,
chr1:clu_2948,,UQCRH,human,transcript_doesnt_have_junctions,ENST00000311672.10,ENST00000911999.1,46303820-46309101;46309127-46310155;46310316-46316552,,,,,,,,,
chr1:clu_2948,,UQCRH,human,no_unique_junctions,ENST00000311672.10,ENST00000949410.1,46303820-46309101;46309127-46310155;46310316-46316552,46309127-46310155;46310316-46316552,,,,,,,,
chr1:clu_2948,,UQCRH,human,no_unique_junctions,ENST00000311672.10,ENST00000949409.1,46303820-46309101;46309127-46310155;46310316-46316552,46309127-46310155;46310316-46316552,,,,,,,,
chr1:clu_2948,,UQCRH,human,no_unique_junctions,ENST00000311672.10,ENST00000949411.1,46303820-46309101;46309127-46310155;46310316-46316552,46310316-46316552,,,,,,,,
chr1:clu_2948,,UQCRH,human,no_unique_junctions,ENST00000311672.10,ENST00000489056.5,46303820-46309101;46309127-46310155;46310316-46316552,46303820-46309101;46310316-46316552,,,,,,,,
chr1:clu_2948,,UQCRH,human,no_unique_junctions,ENST00000311672.10,ENST00000912001.1,46303820-46309101;46309127-46310155;46310316-46316552,46309127-46310155;46310316-46316552,,,,,,,,
chr1:clu_2948,,UQCRH,human,subsumed_by_larger_group,ENST00000311672.10,ENST00000912000.1,46303820-46309101;46309127-46310155;46310316-46316552,46303820-46309101;46309127-46309897;46310316-46316552,,,,,,,,
chr1:clu_2948,1/3,UQCRH,human,transcript_not_chosen,ENST00000311672.10,ENST00000949408.1,46303820-46309101;46309127-46310155;46310316-46316552,46303820-46310155;46310316-46316552,,,,,,,,
chr1:clu_2948,2/3,UQCRH,human,transcript_not_chosen,ENST00000311672.10,NM_001297565.2,46303820-46309101;46309127-46310155;46310316-46316552,46303820-46309101;46309127-46309897;46310044-46310155;46310316-46316552,,,,,,,,
chr1:clu_2948,3/3,UQCRH,human,transcript_not_chosen,ENST00000311672.10,ENST00000911998.1,46303820-46309101;46309127-46310155;46310316-46316552,46309127-46316552,,,,,,,,
chr2:clu_23098,,CHCHD5,human,no_unique_junctions,ENST00000324913.10,NM_001304353.2,112584649-112585974;112586114-112586200;112586365-112588866,112586114-112586200;112586365-112588866,,,,,,,,
chr2:clu_23098,,CHCHD5,human,no_unique_junctions,ENST00000324913.10,NM_001371323.1,112584649-112585974;112586114-112586200;112586365-112588866,112586114-112586200;112586365-112588866,,,,,,,,
chr2:clu_23098,,CHCHD5,human,no_unique_junctions,ENST00000324913.10,NM_001371322.1,112584649-112585974;112586114-112586200;112586365-112588866,112586114-112586200;112586365-112588866,,,,,,,,
chr2:clu_23098,,CHCHD5,human,no_unique_junctions,ENST00000324913.10,ENST00000409719.1,112584649-112585974;112586114-112586200;112586365-112588866,112584649-112585974;112586114-112586200,,,,,,,,
chr2:clu_23098,,CHCHD5,human,no_unique_junctions,ENST00000324913.10,NM_001304354.2,112584649-112585974;112586114-112586200;112586365-112588866,112586114-112586200;112586365-112588866,,,,,,,,
chr2:clu_23098,,CHCHD5,human,no_unique_junctions,ENST00000324913.10,ENST00000454841.5,112584649-112585974;112586114-112586200;112586365-112588866,112584649-112585974;112586365-112588866,,,,,,,,
chr2:clu_23098,,CHCHD5,human,no_unique_junctions,ENST00000324913.10,ENST00000489052.5,112584649-112585974;112586114-112586200;112586365-112588866,112586114-112586200,,,,,,,,
chr2:clu_23098,,CHCHD5,human,no_unique_junctions,ENST00000324913.10,ENST00000469030.1,112584649-112585974;112586114-112586200;112586365-112588866,112586114-112586200;112586365-112588866,,,,,,,,
chr2:clu_23098,,CHCHD5,human,all_known_junctions_are_canonical,ENST00000324913.10,,112584649-112585974;112586114-112586200;112586365-112588866,,,,,,,,,
chr2:clu_24738,,RGPD8,human,novel_junction,ENST00000302558.8,,112380963-112388024,112380963-112384523,,,,,,,,
chr2:clu_24738,,RGPD8,human,no_unique_junctions,ENST00000302558.8,XM_024453101.2,112380963-112388024,112380963-112388024,,,,,,,,
chr2:clu_24738,,RGPD8,human,no_unique_junctions,ENST00000302558.8,ENST00000409750.5,112380963-112388024,112380963-112388024,,,,,,,,
chr2:clu_24738,,RGPD8,human,no_unique_junctions,ENST00000302558.8,XM_047445676.1,112380963-112388024,112380963-112388024,,,,,,,,
chr2:clu_24738,,RGPD8,human,transcript_doesnt_have_junctions,ENST00000302558.8,XM_011511733.3,112380963-112388024,,,,,,,,,
chr2:clu_24738,,RGPD8,human,transcript_doesnt_have_junctions,ENST00000302558.8,XM_017004825.2,112380963-112388024,,,,,,,,,
chr2:clu_24738,,RGPD8,human,transcript_doesnt_have_junctions,ENST00000302558.8,ENST00000330575.9,112380963-112388024,,,,,,,,,
chr2:clu_24738,,RGPD8,human,transcript_doesnt_have_junctions,ENST00000302558.8,ENST00000482903.1,112380963-112388024,,,,,,,,,
chr2:clu_24738,,RGPD8,human,transcript_doesnt_have_junctions,ENST00000302558.8,ENST00000471422.1,112380963-112388024,,,,,,,,,
chr2:clu_24738,,RGPD8,human,no_unique_junctions,ENST00000302558.8,ENST00000929966.1,112380963-112388024,112380963-112388024,,,,,,,,
chr2:clu_24738,,RGPD8,human,transcript_doesnt_have_junctions,ENST00000302558.8,ENST00000522286.5,112380963-112388024,,,,,,,,,
chr2:clu_24738,,RGPD8,human,transcript_doesnt_have_junctions,ENST00000302558.8,ENST00000496537.1,112380963-112388024,,,,,,,,,
chr13:clu_10704,,FLT1,human,novel_junction,ENST00000282397.9,,28357685-28384885,28383256-28384885,,,,,,,,
chr13:clu_10704,,FLT1,human,transcript_doesnt_have_junctions,ENST00000282397.9,ENST00000615840.5,28357685-28384885,,,,,,,,,
chr13:clu_10704,,FLT1,human,transcript_doesnt_have_junctions,ENST00000282397.9,ENST00000539099.2,28357685-28384885,,,,,,,,,
chr13:clu_10704,,FLT1,human,no_unique_junctions,ENST00000282397.9,ENST00000909997.1,28357685-28384885,28357685-28384885,,,,,,,,
chr13:clu_10704,,FLT1,human,no_unique_junctions,ENST00000282397.9,ENST00000909998.1,28357685-28384885,28357685-28384885,,,,,,,,
chr13:clu_10704,,FLT1,human,no_unique_junctions,ENST00000282397.9,ENST00000909999.1,28357685-28384885,28357685-28384885,,,,,,,,
chr13:clu_10704,,FLT1,human,no_unique_junctions,ENST00000282397.9,ENST00000910000.1,28357685-28384885,28357685-28384885,,,,,,,,
chr13:clu_10704,,FLT1,human,transcript_doesnt_have_junctions,ENST00000282397.9,ENST00000639477.1,28357685-28384885,,,,,,,,,
chr13:clu_10704,,FLT1,human,transcript_doesnt_have_junctions,ENST00000282397.9,ENST00000617835.5,28357685-28384885,,,,,,,,,
chr13:clu_10704,,FLT1,human,transcript_doesnt_have_junctions,ENST00000282397.9,ENST00000615611.4,28357685-28384885,,,,,,,,,
chr13:clu_10704,,FLT1,human,transcript_doesnt_have_junctions,ENST00000282397.9,ENST00000543394.2,28357685-28384885,,,,,,,,,
chr13:clu_10704,,FLT1,human,transcript_doesnt_have_junctions,ENST00000282397.9,ENST00000706527.1,28357685-28384885,,,,,,,,,
chr13:clu_10704,,FLT1,human,transcript_doesnt_have_junctions,ENST00000282397.9,ENST00000540678.2,28357685-28384885,,,,,,,,,
chr17:clu_18546,,LUC7L3,human,no_unique_junctions,ENST00000505658.6,ENST00000393227.6,50737026-50740306,50737026-50740306,,,,,,,,
chr17:clu_18546,,LUC7L3,human,no_unique_junctions,ENST00000505658.6,XM_005257452.2,50737026-50740306,50737026-50740306,,,,,,,,
chr17:clu_18546,,LUC7L3,human,no_unique_junctions,ENST00000505658.6,ENST00000240304.5,50737026-50740306,50737026-50740306,,,,,,,,
chr17:clu_18546,,LUC7L3,human,no_unique_junctions,ENST00000505658.6,XM_005257449.3,50737026-50740306,50737026-50740306,,,,,,,,
chr17:clu_18546,,LUC7L3,human,no_unique_junctions,ENST00000505658.6,XM_047436247.1,50737026-50740306,50737026-50740306,,,,,,,,
chr17:clu_18546,,LUC7L3,human,no_unique_junctions,ENST00000505658.6,ENST00000508218.5,50737026-50740306,50737026-50740306,,,,,,,,
chr17:clu_18546,,LUC7L3,human,transcript_doesnt_have_junctions,ENST00000505658.6,ENST00000507503.1,50737026-50740306,,,,,,,,,
chr17:clu_18546,,LUC7L3,human,transcript_doesnt_have_junctions,ENST00000505658.6,ENST00000511068.1,50737026-50740306,,,,,,,,,
chr17:clu_18546,,LUC7L3,human,no_unique_junctions,ENST00000505658.6,ENST00000505619.5,50737026-50740306,50737026-50740306,,,,,,,,
chr17:clu_18546,,LUC7L3,human,transcript_doesnt_have_junctions,ENST00000505658.6,ENST00000508482.5,50737026-50740306,,,,,,,,,
chr17:clu_18546,,LUC7L3,human,no_unique_junctions,ENST00000505658.6,ENST00000510984.5,50737026-50740306,50737026-50740306,,,,,,,,
chr17:clu_18546,,LUC7L3,human,no_unique_junctions,ENST00000505658.6,ENST00000513025.2,50737026-50740306,50737026-50740306,,,,,,,,
chr17:clu_18546,,LUC7L3,human,transcript_doesnt_have_junctions,ENST00000505658.6,ENST00000504065.5,50737026-50740306,,,,,,,,,
chr17:clu_18546,,LUC7L3,human,transcript_doesnt_have_junctions,ENST00000505658.6,ENST00000509487.1,50737026-50740306,,,,,,,,,
chr17:clu_18546,,LUC7L3,human,transcript_doesnt_have_junctions,ENST00000505658.6,ENST00000511974.5,50737026-50740306,,,,,,,,,
chr17:clu_18546,,LUC7L3,human,transcript_doesnt_have_junctions,ENST00000505658.6,ENST00000513969.5,50737026-50740306,,,,,,,,,
chr17:clu_18546,,LUC7L3,human,transcript_doesnt_have_junctions,ENST00000505658.6,ENST00000503728.1,50737026-50740306,,,,,,,,,
chr17:clu_18546,,LUC7L3,human,transcript_doesnt_have_junctions,ENST00000505658.6,ENST00000512549.1,50737026-50740306,,,,,,,,,
chr17:clu_18546,,LUC7L3,human,transcript_doesnt_have_junctions,ENST00000505658.6,ENST00000503798.1,50737026-50740306,,,,,,,,,
chr17:clu_18546,,LUC7L3,human,subsumed_by_larger_group,ENST00000505658.6,XM_006721943.3,50737026-50740306,50737479-50738137;50738199-50740306,,,,,,,,
chr17:clu_18546,,LUC7L3,human,subsumed_by_larger_group,ENST00000505658.6,XM_047436248.1,50737026-50740306,50737479-50740306,,,,,,,,
chr17:clu_18546,,LUC7L3,human,subsumed_by_larger_group,ENST00000505658.6,ENST00000507200.5,50737026-50740306,50738199-50740306,,,,,,,,
chr17:clu_18546,,LUC7L3,human,subsumed_by_larger_group,ENST00000505658.6,XM_047436249.1,50737026-50740306,50738199-50740306,,,,,,,,
chr17:clu_18546,,LUC7L3,human,subsumed_by_larger_group,ENST00000505658.6,ENST00000506686.5,50737026-50740306,50737026-50737287,,,,,,,,
chr17:clu_18546,,LUC7L3,human,subsumed_by_larger_group,ENST00000505658.6,ENST00000625349.2,50737026-50740306,50737026-50737287,,,,,,,,
chr17:clu_18546,2/2,LUC7L3,human,transcript_not_chosen,ENST00000505658.6,ENST00000504563.6,50737026-50740306,50737026-50737287;50737479-50740306,,,,,,,,
chr5:clu_34277,,FLT4,human,novel_junction,ENST00000261937.11,,180603390-180608968,180608830-180608968,,,,,,,,
chr5:clu_34277,,FLT4,human,no_unique_junctions,ENST00000261937.11,XM_017009268.2,180603390-180608968,180603390-180608968,,,,,,,,
chr5:clu_34277,,FLT4,human,no_unique_junctions,ENST00000261937.11,XM_017009263.2,180603390-180608968,180603390-180608968,,,,,,,,
chr5:clu_34277,,FLT4,human,no_unique_junctions,ENST00000261937.11,XM_011534478.4,180603390-180608968,180603390-180608968,,,,,,,,
chr5:clu_34277,,FLT4,human,no_unique_junctions,ENST00000261937.11,XM_011534484.3,180603390-180608968,180603390-180608968,,,,,,,,
chr5:clu_34277,,FLT4,human,transcript_doesnt_have_junctions,ENST00000261937.11,ENST00000502649.5,180603390-180608968,,,,,,,,,
chr5:clu_34277,,FLT4,human,transcript_doesnt_have_junctions,ENST00000261937.11,XM_047417003.1,180603390-180608968,,,,,,,,,
chr5:clu_34277,,FLT4,human,no_unique_junctions,ENST00000261937.11,ENST00000502603.5,180603390-180608968,180603390-180608968,,,,,,,,
chr5:clu_34277,,FLT4,human,transcript_doesnt_have_junctions,ENST00000261937.11,ENST00000510000.1,180603390-180608968,,,,,,,,,
chr5:clu_34277,,FLT4,human,transcript_doesnt_have_junctions,ENST00000261937.11,ENST00000514810.1,180603390-180608968,,,,,,,,,
chr5:clu_34277,,FLT4,human,no_unique_junctions,ENST00000261937.11,ENST00000955857.1,180603390-180608968,180603390-180608968,,,,,,,,
chr5:clu_34277,,FLT4,human,no_unique_junctions,ENST00000261937.11,ENST00000861588.1,180603390-180608968,180603390-180608968,,,,,,,,
chr5:clu_34277,,FLT4,human,no_unique_junctions,ENST00000261937.11,ENST00000937381.1,180603390-180608968,180603390-180608968,,,,,,,,
chr5:clu_34277,,FLT4,human,no_unique_junctions,ENST00000261937.11,ENST00000955858.1,180603390-180608968,180603390-180608968,,,,,,,,
chr5:clu_34277,,FLT4,human,transcript_doesnt_have_junctions,ENST00000261937.11,ENST00000619105.4,180603390-180608968,,,,,,,,,
chr5:clu_34277,,FLT4,human,transcript_doesnt_have_junctions,ENST00000261937.11,ENST00000512795.1,180603390-180608968,,,,,,,,,
chr5:clu_34277,,FLT4,human,transcript_doesnt_have_junctions,ENST00000261937.11,ENST00000424276.6,180603390-180608968,,,,,,,,,
chr5:clu_34277,,FLT4,human,transcript_doesnt_have_junctions,ENST00000261937.11,ENST00000502293.5,180603390-180608968,,,,,,,,,
chr5:clu_34277,,FLT4,human,transcript_doesnt_have_junctions,ENST00000261937.11,ENST00000513527.1,180603390-180608968,,,,,,,,,
chr5:clu_34277,1/1,FLT4,human,transcript_not_chosen,ENST00000261937.11,ENST00000393347.7,180603390-180608968,180608284-180608968,,,,,,,,
chr5:clu_34277,1/1,FLT4,human,transcript_not_chosen,ENST00000261937.11,ENST00000507059.5,180603390-180608968,180608284-180608968,,,,,,,,
chr8:clu_39290,,ENPP2,human,no_unique_junctions,ENST00000075322.11,XM_024447182.2,119570841-119580116,119570841-119580116,,,,,,,,
chr8:clu_39290,,ENPP2,human,no_unique_junctions,ENST00000075322.11,XM_017013574.2,119570841-119580116,119570841-119580116,,,,,,,,
chr8:clu_39290,,ENPP2,human,no_unique_junctions,ENST00000075322.11,XM_017013575.2,119570841-119580116,119570841-119580116,,,,,,,,
chr8:clu_39290,,ENPP2,human,no_unique_junctions,ENST00000075322.11,XM_006716587.2,119570841-119580116,119570841-119580116,,,,,,,,
chr8:clu_39290,,ENPP2,human,no_unique_junctions,ENST00000075322.11,ENST00000259486.10,119570841-119580116,119570841-119580116,,,,,,,,
chr8:clu_39290,,ENPP2,human,no_unique_junctions,ENST00000075322.11,ENST00000874337.1,119570841-119580116,119570841-119580116,,,,,,,,
chr8:clu_39290,,ENPP2,human,no_unique_junctions,ENST00000075322.11,ENST00000874339.1,119570841-119580116,119570841-119580116,,,,,,,,
chr8:clu_39290,,ENPP2,human,transcript_doesnt_have_junctions,ENST00000075322.11,ENST00000962639.1,119570841-119580116,,,,,,,,,
chr8:clu_39290,,ENPP2,human,no_unique_junctions,ENST00000075322.11,ENST00000962640.1,119570841-119580116,119570841-119580116,,,,,,,,
chr8:clu_39290,,ENPP2,human,no_unique_junctions,ENST00000075322.11,ENST00000874342.1,119570841-119580116,119570841-119580116,,,,,,,,
chr8:clu_39290,,ENPP2,human,no_unique_junctions,ENST00000075322.11,ENST00000522167.5,119570841-119580116,119570841-119580116,,,,,,,,
chr8:clu_39290,,ENPP2,human,transcript_doesnt_have_junctions,ENST00000075322.11,ENST00000520066.5,119570841-119580116,,,,,,,,,
chr8:clu_39290,,ENPP2,human,transcript_doesnt_have_junctions,ENST00000075322.11,ENST00000518958.1,119570841-119580116,,,,,,,,,
chr8:clu_39290,,ENPP2,human,transcript_doesnt_have_junctions,ENST00000075322.11,ENST00000518109.1,119570841-119580116,,,,,,,,,
chr8:clu_39290,,ENPP2,human,subsumed_by_larger_group,ENST00000075322.11,ENST00000523861.1,119570841-119580116,119572250-119580116,,,,,,,,
chr8:clu_39290,1/1,ENPP2,human,transcript_not_chosen,ENST00000075322.11,ENST00000427067.6,119570841-119580116,119570841-119572176;119572250-119580116,,,,,,,,
chr8:clu_39290,1/1,ENPP2,human,transcript_not_chosen,ENST00000075322.11,ENST00000522826.5,119570841-119580116,119570841-119572176;119572250-119580116,,,,,,,,
chr8:clu_39290,1/1,ENPP2,human,transcript_not_chosen,ENST00000075322.11,ENST00000874336.1,119570841-119580116,119570841-119572176;119572250-119580116,,,,,,,,
chr8:clu_39290,1/1,ENPP2,human,transcript_not_chosen,ENST00000075322.11,ENST00000874338.1,119570841-119580116,119570841-119572176;119572250-119580116,,,,,,,,
chr8:clu_39290,1/1,ENPP2,human,transcript_not_chosen,ENST00000075322.11,ENST00000874340.1,119570841-119580116,119570841-119572176;119572250-119580116,,,,,,,,
chr8:clu_39290,1/1,ENPP2,human,transcript_not_chosen,ENST00000075322.11,XM_017013573.2,119570841-119580116,119570841-119572176;119572250-119580116,,,,,,,,
chr8:clu_39290,1/1,ENPP2,human,transcript_not_chosen,ENST00000075322.11,XM_024447181.2,119570841-119580116,119570841-119572176;119572250-119580116,,,,,,,,
chr1:clu_2567,,MAN1C1,human,novel_junction,ENST00000374332.9,,25778324-25780940,25778324-25780983,,,,,,,,
chr1:clu_2567,,MAN1C1,human,no_unique_junctions,ENST00000374332.9,NM_001385182.1,25778324-25780940,25778324-25780940,,,,,,,,
chr1:clu_2567,,MAN1C1,human,no_unique_junctions,ENST00000374332.9,ENST00000899084.1,25778324-25780940,25778324-25780940,,,,,,,,
chr1:clu_2567,,MAN1C1,human,no_unique_junctions,ENST00000374332.9,NM_001289010.2,25778324-25780940,25778324-25780940,,,,,,,,
chr1:clu_2567,,MAN1C1,human,no_unique_junctions,ENST00000374332.9,ENST00000957316.1,25778324-25780940,25778324-25780940,,,,,,,,
chr1:clu_2567,,MAN1C1,human,no_unique_junctions,ENST00000374332.9,ENST00000374329.1,25778324-25780940,25778324-25780940,,,,,,,,
chr1:clu_2567,,MAN1C1,human,transcript_doesnt_have_junctions,ENST00000374332.9,ENST00000957317.1,25778324-25780940,,,,,,,,,
chr1:clu_2567,,MAN1C1,human,no_unique_junctions,ENST00000374332.9,ENST00000929760.1,25778324-25780940,25778324-25780940,,,,,,,,
chr1:clu_2567,,MAN1C1,human,transcript_doesnt_have_junctions,ENST00000374332.9,ENST00000929761.1,25778324-25780940,,,,,,,,,
chr1:clu_2567,,MAN1C1,human,no_unique_junctions,ENST00000374332.9,ENST00000263979.7,25778324-25780940,25778324-25780940,,,,,,,,
chr1:clu_2567,,MAN1C1,human,transcript_doesnt_have_junctions,ENST00000374332.9,ENST00000473891.1,25778324-25780940,,,,,,,,,
chr1:clu_2567,,MAN1C1,human,transcript_doesnt_have_junctions,ENST00000374332.9,ENST00000496532.5,25778324-25780940,,,,,,,,,
chr1:clu_2567,,MAN1C1,human,no_unique_junctions,ENST00000374332.9,ENST00000475314.5,25778324-25780940,25778324-25780940,,,,,,,,
chr1:clu_2567,,MAN1C1,human,transcript_doesnt_have_junctions,ENST00000374332.9,ENST00000487493.1,25778324-25780940,,,,,,,,,
chr1:clu_2567,,MAN1C1,human,all_known_junctions_are_canonical,ENST00000374332.9,,25778324-25780940,,,,,,,,,
chr6:clu_35081,,HDAC2,human,novel_junction,ENST00000519065.6,,113960018-113970857,114000099-114009991,,,,,,,,
chr6:clu_35081,,HDAC2,human,novel_junction,ENST00000519065.6,,113960018-113970857,114010117-114011131,,,,,,,,
chr6:clu_35081,,HDAC2,human,transcript_doesnt_have_junctions,ENST00000519065.6,ENST00000519108.5,113960018-113970857,,,,,,,,,
chr6:clu_35081,,HDAC2,human,transcript_doesnt_have_junctions,ENST00000519065.6,ENST00000523334.1,113960018-113970857,,,,,,,,,
chr6:clu_35081,,HDAC2,human,transcript_doesnt_have_junctions,ENST00000519065.6,ENST00000520746.1,113960018-113970857,,,,,,,,,
chr6:clu_35081,,HDAC2,human,transcript_doesnt_have_junctions,ENST00000519065.6,ENST00000518756.1,113960018-113970857,,,,,,,,,
chr6:clu_35081,,HDAC2,human,no_unique_junctions,ENST00000519065.6,ENST00000521233.1,113960018-113970857,113960018-113970857,,,,,,,,
chr6:clu_35081,,HDAC2,human,no_unique_junctions,ENST00000519065.6,ENST00000520170.1,113960018-113970857,113960018-113970857,,,,,,,,
chr6:clu_35081,,HDAC2,human,no_unique_junctions,ENST00000519065.6,ENST00000869750.1,113960018-113970857,113960018-113970857,,,,,,,,
chr6:clu_35081,,HDAC2,human,no_unique_junctions,ENST00000519065.6,ENST00000916848.1,113960018-113970857,113960018-113970857,,,,,,,,
chr6:clu_35081,,HDAC2,human,no_unique_junctions,ENST00000519065.6,ENST00000916847.1,113960018-113970857,113960018-113970857,,,,,,,,
chr6:clu_35081,,HDAC2,human,no_unique_junctions,ENST00000519065.6,ENST00000916846.1,113960018-113970857,113960018-113970857,,,,,,,,
chr6:clu_35081,,HDAC2,human,no_unique_junctions,ENST00000519065.6,ENST00000916845.1,113960018-113970857,113960018-113970857,,,,,,,,
chr6:clu_35081,,HDAC2,human,no_unique_junctions,ENST00000519065.6,ENST00000916851.1,113960018-113970857,113960018-113970857,,,,,,,,
chr6:clu_35081,,HDAC2,human,no_unique_junctions,ENST00000519065.6,ENST00000916850.1,113960018-113970857,113960018-113970857,,,,,,,,
chr6:clu_35081,,HDAC2,human,transcript_doesnt_have_junctions,ENST00000519065.6,ENST00000368632.6,113960018-113970857,,,,,,,,,
chr6:clu_35081,,HDAC2,human,no_unique_junctions,ENST00000519065.6,ENST00000869751.1,113960018-113970857,113960018-113970857,,,,,,,,
chr6:clu_35081,,HDAC2,human,no_unique_junctions,ENST00000519065.6,ENST00000916849.1,113960018-113970857,113960018-113970857,,,,,,,,
chr6:clu_35081,,HDAC2,human,no_unique_junctions,ENST00000519065.6,ENST00000869752.1,113960018-113970857,113960018-113970857,,,,,,,,
chr6:clu_35081,,HDAC2,human,no_unique_junctions,ENST00000519065.6,ENST00000952494.1,113960018-113970857,113960018-113970857,,,,,,,,
chr6:clu_35081,,HDAC2,human,no_unique_junctions,ENST00000519065.6,ENST00000425835.6,113960018-113970857,113960018-113970857,,,,,,,,
chr6:clu_35081,,HDAC2,human,transcript_doesnt_have_junctions,ENST00000519065.6,ENST00000523628.5,113960018-113970857,,,,,,,,,
chr6:clu_35081,,HDAC2,human,transcript_doesnt_have_junctions,ENST00000519065.6,ENST00000521610.5,113960018-113970857,,,,,,,,,
chr6:clu_35081,,HDAC2,human,transcript_doesnt_have_junctions,ENST00000519065.6,ENST00000522371.5,113960018-113970857,,,,,,,,,
chr6:clu_35081,,HDAC2,human,transcript_doesnt_have_junctions,ENST00000519065.6,ENST00000521163.5,113960018-113970857,,,,,,,,,
chr6:clu_35081,,HDAC2,human,transcript_doesnt_have_junctions,ENST00000519065.6,ENST00000518690.5,113960018-113970857,,,,,,,,,
chr6:clu_35081,,HDAC2,human,transcript_doesnt_have_junctions,ENST00000519065.6,ENST00000523240.5,113960018-113970857,,,,,,,,,
chr6:clu_35081,,HDAC2,human,transcript_doesnt_have_junctions,ENST00000519065.6,ENST00000520895.5,113960018-113970857,,,,,,,,,
chr6:clu_35081,,HDAC2,human,transcript_doesnt_have_junctions,ENST00000519065.6,ENST00000524334.1,113960018-113970857,,,,,,,,,
chr6:clu_35081,,HDAC2,human,all_known_junctions_are_canonical,ENST00000519065.6,,113960018-113970857,,,,,,,,,
chr9:clu_40512,,CBWD5,human,gene_not_in_db,,,,,,,,,,,,
chr13:clu_10935,,EDNRB,human,novel_junction,ENST00000646607.2,,77903607-77918091,77919587-77924387,,,,,,,,
chr13:clu_10935,,EDNRB,human,novel_junction,ENST00000646607.2,,77903607-77918091,77919587-77975347,,,,,,,,
chr13:clu_10935,,EDNRB,human,no_unique_junctions,ENST00000646607.2,ENST00000626030.1,77903607-77918091,77903607-77918091,,,,,,,,
chr13:clu_10935,,EDNRB,human,no_unique_junctions,ENST00000646607.2,ENST00000646605.1,77903607-77918091,77903607-77918091,,,,,,,,
chr13:clu_10935,,EDNRB,human,no_unique_junctions,ENST00000646607.2,ENST00000475537.2,77903607-77918091,77903607-77918091,,,,,,,,
chr13:clu_10935,,EDNRB,human,transcript_doesnt_have_junctions,ENST00000646607.2,ENST00000645696.1,77903607-77918091,,,,,,,,,
chr13:clu_10935,1/2,EDNRB,human,transcript_not_chosen,ENST00000646607.2,ENST00000643890.1,77903607-77918091,77903607-77918091;77918624-77919397,,,,,,,,
chr13:clu_10935,1/2,EDNRB,human,transcript_not_chosen,ENST00000646607.2,ENST00000965351.1,77903607-77918091,77903607-77918091;77918624-77919397,,,,,,,,
chr11:clu_6356,,EIF4G2,human,no_unique_junctions,ENST00000339995.11,ENST00000526148.6,10801087-10801661;10801774-10802049,10801087-10801661;10801774-10802049,,,,,,,,
chr11:clu_6356,,EIF4G2,human,no_unique_junctions,ENST00000339995.11,ENST00000532383.5,10801087-10801661;10801774-10802049,10801087-10801661,,,,,,,,
chr11:clu_6356,,EIF4G2,human,transcript_doesnt_have_junctions,ENST00000339995.11,ENST00000525606.5,10801087-10801661;10801774-10802049,,,,,,,,,
chr11:clu_6356,,EIF4G2,human,transcript_doesnt_have_junctions,ENST00000339995.11,ENST00000534470.1,10801087-10801661;10801774-10802049,,,,,,,,,
chr11:clu_6356,,EIF4G2,human,transcript_doesnt_have_junctions,ENST00000339995.11,ENST00000530564.1,10801087-10801661;10801774-10802049,,,,,,,,,
chr11:clu_6356,,EIF4G2,human,transcript_doesnt_have_junctions,ENST00000339995.11,ENST00000532349.1,10801087-10801661;10801774-10802049,,,,,,,,,
chr11:clu_6356,,EIF4G2,human,transcript_doesnt_have_junctions,ENST00000339995.11,ENST00000527015.1,10801087-10801661;10801774-10802049,,,,,,,,,
chr11:clu_6356,,EIF4G2,human,transcript_doesnt_have_junctions,ENST00000339995.11,ENST00000532152.5,10801087-10801661;10801774-10802049,,,,,,,,,
chr11:clu_6356,,EIF4G2,human,transcript_doesnt_have_junctions,ENST00000339995.11,ENST00000533485.1,10801087-10801661;10801774-10802049,,,,,,,,,
chr11:clu_6356,,EIF4G2,human,transcript_doesnt_have_junctions,ENST00000339995.11,ENST00000534246.1,10801087-10801661;10801774-10802049,,,,,,,,,
chr11:clu_6356,,EIF4G2,human,no_unique_junctions,ENST00000339995.11,ENST00000525681.6,10801087-10801661;10801774-10802049,10801087-10801661;10801774-10802049,,,,,,,,
chr11:clu_6356,,EIF4G2,human,transcript_doesnt_have_junctions,ENST00000339995.11,ENST00000528839.1,10801087-10801661;10801774-10802049,,,,,,,,,
chr11:clu_6356,,EIF4G2,human,transcript_doesnt_have_junctions,ENST00000339995.11,ENST00000531180.1,10801087-10801661;10801774-10802049,,,,,,,,,
chr11:clu_6356,,EIF4G2,human,transcript_doesnt_have_junctions,ENST00000339995.11,ENST00000531647.6,10801087-10801661;10801774-10802049,,,,,,,,,
chr11:clu_6356,,EIF4G2,human,transcript_doesnt_have_junctions,ENST00000339995.11,ENST00000532082.6,10801087-10801661;10801774-10802049,,,,,,,,,
chr11:clu_6356,,EIF4G2,human,transcript_doesnt_have_junctions,ENST00000339995.11,ENST00000524932.6,10801087-10801661;10801774-10802049,,,,,,,,,
chr11:clu_6356,,EIF4G2,human,transcript_doesnt_have_junctions,ENST00000339995.11,ENST00000534605.1,10801087-10801661;10801774-10802049,,,,,,,,,
chr11:clu_6356,,EIF4G2,human,transcript_doesnt_have_junctions,ENST00000339995.11,ENST00000527419.6,10801087-10801661;10801774-10802049,,,,,,,,,
chr11:clu_6356,,EIF4G2,human,transcript_doesnt_have_junctions,ENST00000339995.11,ENST00000528562.6,10801087-10801661;10801774-10802049,,,,,,,,,
chr11:clu_6356,,EIF4G2,human,transcript_doesnt_have_junctions,ENST00000339995.11,ENST00000532570.6,10801087-10801661;10801774-10802049,,,,,,,,,
chr11:clu_6356,,EIF4G2,human,transcript_doesnt_have_junctions,ENST00000339995.11,ENST00000530211.6,10801087-10801661;10801774-10802049,,,,,,,,,
chr11:clu_6356,,EIF4G2,human,transcript_doesnt_have_junctions,ENST00000339995.11,ENST00000527526.6,10801087-10801661;10801774-10802049,,,,,,,,,
chr11:clu_6356,,EIF4G2,human,transcript_doesnt_have_junctions,ENST00000339995.11,ENST00000530702.2,10801087-10801661;10801774-10802049,,,,,,,,,
chr11:clu_6356,,EIF4G2,human,no_unique_junctions,ENST00000339995.11,ENST00000525972.6,10801087-10801661;10801774-10802049,10801087-10801661;10801774-10802049,,,,,,,,
chr11:clu_6356,,EIF4G2,human,transcript_doesnt_have_junctions,ENST00000339995.11,ENST00000532120.1,10801087-10801661;10801774-10802049,,,,,,,,,
chr11:clu_6356,,EIF4G2,human,transcript_doesnt_have_junctions,ENST00000339995.11,ENST00000534272.1,10801087-10801661;10801774-10802049,,,,,,,,,
chr11:clu_6356,,EIF4G2,human,transcript_doesnt_have_junctions,ENST00000339995.11,ENST00000531507.5,10801087-10801661;10801774-10802049,,,,,,,,,
chr11:clu_6356,,EIF4G2,human,transcript_doesnt_have_junctions,ENST00000339995.11,ENST00000525995.1,10801087-10801661;10801774-10802049,,,,,,,,,
chr11:clu_6356,1/1,EIF4G2,human,transcript_not_chosen,ENST00000339995.11,ENST00000531416.6,10801087-10801661;10801774-10802049,10801087-10802049,,,,,,,,
chr19:clu_20457:PSG7,,PSG7,human,novel_junction,ENST00000406070.7,,42926027-42926438,42754587-42754988,,,,,,,,
chr19:clu_20457:PSG7,,PSG7,human,novel_junction,ENST00000406070.7,,42926027-42926438,42844613-42845016,,,,,,,,
chr19:clu_20457:PSG7,,PSG7,human,novel_junction,ENST00000406070.7,,42926027-42926438,42868355-42868756,,,,,,,,
chr19:clu_20457:PSG7,,PSG7,human,novel_junction,ENST00000406070.7,,42926027-42926438,42869034-42871767,,,,,,,,
chr19:clu_20457:PSG7,,PSG7,human,novel_junction,ENST00000406070.7,,42926027-42926438,42869034-42877913,,,,,,,,
chr19:clu_20457:PSG7,,PSG7,human,novel_junction,ENST00000406070.7,,42926027-42926438,42872045-42877913,,,,,,,,
chr19:clu_20457:PSG7,,PSG7,human,novel_junction,ENST00000406070.7,,42926027-42926438,42907176-42907576,,,,,,,,
chr19:clu_20457:PSG7,,PSG7,human,novel_junction,ENST00000406070.7,,42926027-42926438,42907854-42910580,,,,,,,,
chr19:clu_20457:PSG7,,PSG7,human,novel_junction,ENST00000406070.7,,42926027-42926438,43175469-43175870,,,,,,,,
chr19:clu_20457:PSG7,,PSG7,human,novel_junction,ENST00000406070.7,,42926027-42926438,43194594-43194995,,,,,,,,
chr19:clu_20457:PSG7,,PSG7,human,no_unique_junctions,ENST00000406070.7,ENST00000623675.3,42926027-42926438,42926027-42926438,,,,,,,,
chr19:clu_20457:PSG7,,PSG7,human,transcript_doesnt_have_junctions,ENST00000406070.7,ENST00000599226.2,42926027-42926438,,,,,,,,,
chr19:clu_20457:PSG7,,PSG7,human,transcript_doesnt_have_junctions,ENST00000406070.7,ENST00000599620.1,42926027-42926438,,,,,,,,,
chr19:clu_20457:PSG7,,PSG7,human,no_unique_junctions,ENST00000406070.7,ENST00000446844.3,42926027-42926438,42926027-42926438,,,,,,,,
chr19:clu_20457:PSG7,,PSG7,human,transcript_doesnt_have_junctions,ENST00000406070.7,ENST00000471557.1,42926027-42926438,,,,,,,,,
chr19:clu_20457:PSG7,,PSG7,human,all_known_junctions_are_canonical,ENST00000406070.7,,42926027-42926438,,,,,,,,,
chr20:clu_26268,,FER1L4,human,gene_not_in_db,,,,,,,,,,,,
chr12:clu_10566,,,human,no_gene_specified,,,,,,,,,,,,
chr19:clu_20457:PSG6,,PSG6,human,novel_junction,ENST00000187910.7,,42907176-42907576;42907854-42910580,42754587-42754988,,,,,,,,
chr19:clu_20457:PSG6,,PSG6,human,novel_junction,ENST00000187910.7,,42907176-42907576;42907854-42910580,42844613-42845016,,,,,,,,
chr19:clu_20457:PSG6,,PSG6,human,novel_junction,ENST00000187910.7,,42907176-42907576;42907854-42910580,42868355-42868756,,,,,,,,
chr19:clu_20457:PSG6,,PSG6,human,novel_junction,ENST00000187910.7,,42907176-42907576;42907854-42910580,42869034-42871767,,,,,,,,
chr19:clu_20457:PSG6,,PSG6,human,novel_junction,ENST00000187910.7,,42907176-42907576;42907854-42910580,42869034-42877913,,,,,,,,
chr19:clu_20457:PSG6,,PSG6,human,novel_junction,ENST00000187910.7,,42907176-42907576;42907854-42910580,42872045-42877913,,,,,,,,
chr19:clu_20457:PSG6,,PSG6,human,novel_junction,ENST00000187910.7,,42907176-42907576;42907854-42910580,42926027-42926438,,,,,,,,
chr19:clu_20457:PSG6,,PSG6,human,novel_junction,ENST00000187910.7,,42907176-42907576;42907854-42910580,43175469-43175870,,,,,,,,
chr19:clu_20457:PSG6,,PSG6,human,novel_junction,ENST00000187910.7,,42907176-42907576;42907854-42910580,43194594-43194995,,,,,,,,
chr19:clu_20457:PSG6,,PSG6,human,no_unique_junctions,ENST00000187910.7,ENST00000292125.6,42907176-42907576;42907854-42910580,42907176-42907576;42907854-42910580,,,,,,,,
chr19:clu_20457:PSG6,,PSG6,human,transcript_doesnt_have_junctions,ENST00000187910.7,ENST00000595062.1,42907176-42907576;42907854-42910580,,,,,,,,,
chr19:clu_20457:PSG6,,PSG6,human,transcript_doesnt_have_junctions,ENST00000187910.7,ENST00000402456.4,42907176-42907576;42907854-42910580,,,,,,,,,
chr19:clu_20457:PSG6,,PSG6,human,transcript_doesnt_have_junctions,ENST00000187910.7,ENST00000484292.2,42907176-42907576;42907854-42910580,,,,,,,,,
chr19:clu_20457:PSG6,,PSG6,human,transcript_doesnt_have_junctions,ENST00000187910.7,ENST00000402603.8,42907176-42907576;42907854-42910580,,,,,,,,,
chr19:clu_20457:PSG6,,PSG6,human,no_unique_junctions,ENST00000187910.7,ENST00000599753.1,42907176-42907576;42907854-42910580,42907176-42907576,,,,,,,,
chr19:clu_20457:PSG6,,PSG6,human,no_unique_junctions,ENST00000187910.7,ENST00000594375.1,42907176-42907576;42907854-42910580,42907854-42910580,,,,,,,,
chr19:clu_20457:PSG6,,PSG6,human,transcript_doesnt_have_junctions,ENST00000187910.7,ENST00000601833.1,42907176-42907576;42907854-42910580,,,,,,,,,
chr19:clu_20457:PSG6,,PSG6,human,all_known_junctions_are_canonical,ENST00000187910.7,,42907176-42907576;42907854-42910580,,,,,,,,,
chr9:clu_41641,,SPTLC1,human,no_unique_junctions,ENST00000262554.7,NM_001281303.2,92068098-92080016,92068098-92080016,,,,,,,,
chr9:clu_41641,,SPTLC1,human,no_unique_junctions,ENST00000262554.7,NM_001368273.1,92068098-92080016,92068098-92080016,,,,,,,,
chr9:clu_41641,,SPTLC1,human,no_unique_junctions,ENST00000262554.7,XM_047422638.1,92068098-92080016,92068098-92080016,,,,,,,,
chr9:clu_41641,,SPTLC1,human,transcript_doesnt_have_junctions,ENST00000262554.7,XM_024447379.2,92068098-92080016,,,,,,,,,
chr9:clu_41641,,SPTLC1,human,transcript_doesnt_have_junctions,ENST00000262554.7,XM_047422639.1,92068098-92080016,,,,,,,,,
chr9:clu_41641,,SPTLC1,human,transcript_doesnt_have_junctions,ENST00000262554.7,XM_024447378.2,92068098-92080016,,,,,,,,,
chr9:clu_41641,,SPTLC1,human,no_unique_junctions,ENST00000262554.7,ENST00000692458.1,92068098-92080016,92068098-92080016,,,,,,,,
chr9:clu_41641,,SPTLC1,human,no_unique_junctions,ENST00000262554.7,ENST00000482632.6,92068098-92080016,92068098-92080016,,,,,,,,
chr9:clu_41641,,SPTLC1,human,transcript_doesnt_have_junctions,ENST00000262554.7,ENST00000643599.1,92068098-92080016,,,,,,,,,
chr9:clu_41641,,SPTLC1,human,transcript_doesnt_have_junctions,ENST00000262554.7,ENST00000642671.1,92068098-92080016,,,,,,,,,
chr9:clu_41641,,SPTLC1,human,transcript_doesnt_have_junctions,ENST00000262554.7,ENST00000646481.1,92068098-92080016,,,,,,,,,
chr9:clu_41641,,SPTLC1,human,no_unique_junctions,ENST00000262554.7,ENST00000913242.1,92068098-92080016,92068098-92080016,,,,,,,,
chr9:clu_41641,,SPTLC1,human,no_unique_junctions,ENST00000262554.7,ENST00000953501.1,92068098-92080016,92068098-92080016,,,,,,,,
chr9:clu_41641,,SPTLC1,human,transcript_doesnt_have_junctions,ENST00000262554.7,ENST00000646534.1,92068098-92080016,,,,,,,,,
chr9:clu_41641,,SPTLC1,human,no_unique_junctions,ENST00000262554.7,ENST00000953498.1,92068098-92080016,92068098-92080016,,,,,,,,
chr9:clu_41641,,SPTLC1,human,no_unique_junctions,ENST00000262554.7,ENST00000884976.1,92068098-92080016,92068098-92080016,,,,,,,,
chr9:clu_41641,,SPTLC1,human,no_unique_junctions,ENST00000262554.7,ENST00000884973.1,92068098-92080016,92068098-92080016,,,,,,,,
chr9:clu_41641,,SPTLC1,human,no_unique_junctions,ENST00000262554.7,ENST00000884977.1,92068098-92080016,92068098-92080016,,,,,,,,
chr9:clu_41641,,SPTLC1,human,no_unique_junctions,ENST00000262554.7,ENST00000913245.1,92068098-92080016,92068098-92080016,,,,,,,,
chr9:clu_41641,,SPTLC1,human,no_unique_junctions,ENST00000262554.7,ENST00000953499.1,92068098-92080016,92068098-92080016,,,,,,,,
chr9:clu_41641,,SPTLC1,human,no_unique_junctions,ENST00000262554.7,ENST00000884974.1,92068098-92080016,92068098-92080016,,,,,,,,
chr9:clu_41641,,SPTLC1,human,transcript_doesnt_have_junctions,ENST00000262554.7,ENST00000884975.1,92068098-92080016,,,,,,,,,
chr9:clu_41641,,SPTLC1,human,no_unique_junctions,ENST00000262554.7,ENST00000913243.1,92068098-92080016,92068098-92080016,,,,,,,,
chr9:clu_41641,,SPTLC1,human,no_unique_junctions,ENST00000262554.7,ENST00000953503.1,92068098-92080016,92068098-92080016,,,,,,,,
chr9:clu_41641,,SPTLC1,human,no_unique_junctions,ENST00000262554.7,ENST00000953500.1,92068098-92080016,92068098-92080016,,,,,,,,
chr9:clu_41641,,SPTLC1,human,no_unique_junctions,ENST00000262554.7,ENST00000953502.1,92068098-92080016,92068098-92080016,,,,,,,,
chr9:clu_41641,,SPTLC1,human,no_unique_junctions,ENST00000262554.7,ENST00000913244.1,92068098-92080016,92068098-92080016,,,,,,,,
chr9:clu_41641,,SPTLC1,human,no_unique_junctions,ENST00000262554.7,ENST00000687427.1,92068098-92080016,92068098-92080016,,,,,,,,
chr9:clu_41641,,SPTLC1,human,transcript_doesnt_have_junctions,ENST00000262554.7,ENST00000689401.1,92068098-92080016,,,,,,,,,
chr9:clu_41641,,SPTLC1,human,transcript_doesnt_have_junctions,ENST00000262554.7,ENST00000687972.1,92068098-92080016,,,,,,,,,
chr9:clu_41641,,SPTLC1,human,no_unique_junctions,ENST00000262554.7,ENST00000686600.1,92068098-92080016,92068098-92080016,,,,,,,,
chr9:clu_41641,,SPTLC1,human,transcript_doesnt_have_junctions,ENST00000262554.7,ENST00000644140.1,92068098-92080016,,,,,,,,,
chr9:clu_41641,,SPTLC1,human,transcript_doesnt_have_junctions,ENST00000262554.7,ENST00000687817.1,92068098-92080016,,,,,,,,,
chr9:clu_41641,,SPTLC1,human,no_unique_junctions,ENST00000262554.7,ENST00000884978.1,92068098-92080016,92068098-92080016,,,,,,,,
chr9:clu_41641,,SPTLC1,human,transcript_doesnt_have_junctions,ENST00000262554.7,ENST00000689423.1,92068098-92080016,,,,,,,,,
chr9:clu_41641,,SPTLC1,human,no_unique_junctions,ENST00000262554.7,ENST00000693147.1,92068098-92080016,92068098-92080016,,,,,,,,
chr9:clu_41641,,SPTLC1,human,transcript_doesnt_have_junctions,ENST00000262554.7,ENST00000488921.6,92068098-92080016,,,,,,,,,
chr9:clu_41641,,SPTLC1,human,transcript_doesnt_have_junctions,ENST00000262554.7,ENST00000461132.2,92068098-92080016,,,,,,,,,
chr9:clu_41641,,SPTLC1,human,transcript_doesnt_have_junctions,ENST00000262554.7,ENST00000692363.1,92068098-92080016,,,,,,,,,
chr9:clu_41641,,SPTLC1,human,no_unique_junctions,ENST00000262554.7,ENST00000689261.1,92068098-92080016,92068098-92080016,,,,,,,,
chr9:clu_41641,,SPTLC1,human,no_unique_junctions,ENST00000262554.7,ENST00000686799.1,92068098-92080016,92068098-92080016,,,,,,,,
chr9:clu_41641,,SPTLC1,human,transcript_doesnt_have_junctions,ENST00000262554.7,ENST00000469778.1,92068098-92080016,,,,,,,,,
chr9:clu_41641,,SPTLC1,human,transcript_doesnt_have_junctions,ENST00000262554.7,ENST00000477888.1,92068098-92080016,,,,,,,,,
chr9:clu_41641,1/1,SPTLC1,human,transcript_not_chosen,ENST00000262554.7,ENST00000337841.4,92068098-92080016,92079566-92080016,,,,,,,,
chr9:clu_41641,1/1,SPTLC1,human,transcript_not_chosen,ENST00000262554.7,ENST00000690095.1,92068098-92080016,92079566-92080016,,,,,,,,
chr9:clu_41641,1/1,SPTLC1,human,transcript_not_chosen,ENST00000262554.7,ENST00000690139.1,92068098-92080016,92079566-92080016,,,,,,,,
chr18:clu_18997:MYL12A,,MYL12A,human,novel_junction,ENST00000217652.8,,3254050-3255746,3277414-3277765,,,,,,,,
chr18:clu_18997:MYL12A,,MYL12A,human,no_unique_junctions,ENST00000217652.8,ENST00000579226.5,3254050-3255746,3254050-3255746,,,,,,,,
chr18:clu_18997:MYL12A,,MYL12A,human,no_unique_junctions,ENST00000217652.8,XM_047437270.1,3254050-3255746,3254050-3255746,,,,,,,,
chr18:clu_18997:MYL12A,,MYL12A,human,no_unique_junctions,ENST00000217652.8,ENST00000578611.5,3254050-3255746,3254050-3255746,,,,,,,,
chr18:clu_18997:MYL12A,,MYL12A,human,no_unique_junctions,ENST00000217652.8,ENST00000580887.5,3254050-3255746,3254050-3255746,,,,,,,,
chr18:clu_18997:MYL12A,,MYL12A,human,transcript_doesnt_have_junctions,ENST00000217652.8,ENST00000580353.1,3254050-3255746,,,,,,,,,
chr18:clu_18997:MYL12A,,MYL12A,human,transcript_doesnt_have_junctions,ENST00000217652.8,ENST00000608786.1,3254050-3255746,,,,,,,,,
chr18:clu_18997:MYL12A,,MYL12A,human,transcript_doesnt_have_junctions,ENST00000217652.8,ENST00000577510.5,3254050-3255746,,,,,,,,,
chr18:clu_18997:MYL12A,,MYL12A,human,no_unique_junctions,ENST00000217652.8,ENST00000922826.1,3254050-3255746,3254050-3255746,,,,,,,,
chr18:clu_18997:MYL12A,,MYL12A,human,no_unique_junctions,ENST00000217652.8,ENST00000855660.1,3254050-3255746,3254050-3255746,,,,,,,,
chr18:clu_18997:MYL12A,,MYL12A,human,no_unique_junctions,ENST00000217652.8,ENST00000855661.1,3254050-3255746,3254050-3255746,,,,,,,,
chr18:clu_18997:MYL12A,,MYL12A,human,no_unique_junctions,ENST00000217652.8,ENST00000964506.1,3254050-3255746,3254050-3255746,,,,,,,,
chr18:clu_18997:MYL12A,,MYL12A,human,no_unique_junctions,ENST00000217652.8,ENST00000922827.1,3254050-3255746,3254050-3255746,,,,,,,,
chr18:clu_18997:MYL12A,,MYL12A,human,no_unique_junctions,ENST00000217652.8,ENST00000855663.1,3254050-3255746,3254050-3255746,,,,,,,,
chr18:clu_18997:MYL12A,,MYL12A,human,no_unique_junctions,ENST00000217652.8,ENST00000855662.1,3254050-3255746,3254050-3255746,,,,,,,,
chr18:clu_18997:MYL12A,,MYL12A,human,no_unique_junctions,ENST00000217652.8,ENST00000964508.1,3254050-3255746,3254050-3255746,,,,,,,,
chr18:clu_18997:MYL12A,,MYL12A,human,no_unique_junctions,ENST00000217652.8,ENST00000922828.1,3254050-3255746,3254050-3255746,,,,,,,,
chr18:clu_18997:MYL12A,,MYL12A,human,no_unique_junctions,ENST00000217652.8,ENST00000922831.1,3254050-3255746,3254050-3255746,,,,,,,,
chr18:clu_18997:MYL12A,,MYL12A,human,no_unique_junctions,ENST00000217652.8,ENST00000855664.1,3254050-3255746,3254050-3255746,,,,,,,,
chr18:clu_18997:MYL12A,,MYL12A,human,transcript_doesnt_have_junctions,ENST00000217652.8,ENST00000922829.1,3254050-3255746,,,,,,,,,
chr18:clu_18997:MYL12A,,MYL12A,human,no_unique_junctions,ENST00000217652.8,ENST00000922830.1,3254050-3255746,3254050-3255746,,,,,,,,
chr18:clu_18997:MYL12A,,MYL12A,human,no_unique_junctions,ENST00000217652.8,ENST00000964507.1,3254050-3255746,3254050-3255746,,,,,,,,
chr18:clu_18997:MYL12A,,MYL12A,human,no_unique_junctions,ENST00000217652.8,ENST00000922832.1,3254050-3255746,3254050-3255746,,,,,,,,
chr18:clu_18997:MYL12A,,MYL12A,human,no_unique_junctions,ENST00000217652.8,ENST00000922833.1,3254050-3255746,3254050-3255746,,,,,,,,
chr18:clu_18997:MYL12A,,MYL12A,human,no_unique_junctions,ENST00000217652.8,ENST00000855665.1,3254050-3255746,3254050-3255746,,,,,,,,
chr18:clu_18997:MYL12A,,MYL12A,human,transcript_doesnt_have_junctions,ENST00000217652.8,ENST00000583449.1,3254050-3255746,,,,,,,,,
chr18:clu_18997:MYL12A,,MYL12A,human,no_unique_junctions,ENST00000217652.8,ENST00000855666.1,3254050-3255746,3254050-3255746,,,,,,,,
chr18:clu_18997:MYL12A,,MYL12A,human,no_unique_junctions,ENST00000217652.8,ENST00000964509.1,3254050-3255746,3254050-3255746,,,,,,,,
chr18:clu_18997:MYL12A,,MYL12A,human,no_unique_junctions,ENST00000217652.8,ENST00000855667.1,3254050-3255746,3254050-3255746,,,,,,,,
chr18:clu_18997:MYL12A,,MYL12A,human,no_unique_junctions,ENST00000217652.8,ENST00000855668.1,3254050-3255746,3254050-3255746,,,,,,,,
chr18:clu_18997:MYL12A,,MYL12A,human,no_unique_junctions,ENST00000217652.8,ENST00000855669.1,3254050-3255746,3254050-3255746,,,,,,,,
chr18:clu_18997:MYL12A,,MYL12A,human,no_unique_junctions,ENST00000217652.8,ENST00000964510.1,3254050-3255746,3254050-3255746,,,,,,,,
chr18:clu_18997:MYL12A,,MYL12A,human,transcript_doesnt_have_junctions,ENST00000217652.8,ENST00000578562.6,3254050-3255746,,,,,,,,,
chr18:clu_18997:MYL12A,,MYL12A,human,no_unique_junctions,ENST00000217652.8,ENST00000964511.1,3254050-3255746,3254050-3255746,,,,,,,,
chr18:clu_18997:MYL12A,,MYL12A,human,no_unique_junctions,ENST00000217652.8,ENST00000536605.1,3254050-3255746,3254050-3255746,,,,,,,,
chr18:clu_18997:MYL12A,,MYL12A,human,no_unique_junctions,ENST00000217652.8,ENST00000855670.1,3254050-3255746,3254050-3255746,,,,,,,,
chr18:clu_18997:MYL12A,,MYL12A,human,no_unique_junctions,ENST00000217652.8,ENST00000964512.1,3254050-3255746,3254050-3255746,,,,,,,,
chr18:clu_18997:MYL12A,,MYL12A,human,no_unique_junctions,ENST00000217652.8,ENST00000964513.1,3254050-3255746,3254050-3255746,,,,,,,,
chr18:clu_18997:MYL12A,,MYL12A,human,no_unique_junctions,ENST00000217652.8,ENST00000964514.1,3254050-3255746,3254050-3255746,,,,,,,,
chr18:clu_18997:MYL12A,,MYL12A,human,transcript_doesnt_have_junctions,ENST00000217652.8,ENST00000585090.1,3254050-3255746,,,,,,,,,
chr18:clu_18997:MYL12A,,MYL12A,human,transcript_doesnt_have_junctions,ENST00000217652.8,ENST00000578038.1,3254050-3255746,,,,,,,,,
chr18:clu_18997:MYL12A,,MYL12A,human,all_known_junctions_are_canonical,ENST00000217652.8,,3254050-3255746,,,,,,,,,
chr10:clu_5774,,MYOF,human,no_unique_junctions,ENST00000359263.9,ENST00000358334.9,93340164-93343856,93340164-93343856,,,,,,,,
chr10:clu_5774,,MYOF,human,transcript_doesnt_have_junctions,ENST00000359263.9,ENST00000474161.1,93340164-93343856,,,,,,,,,
chr10:clu_5774,,MYOF,human,no_unique_junctions,ENST00000359263.9,ENST00000941957.1,93340164-93343856,93340164-93343856,,,,,,,,
chr10:clu_5774,,MYOF,human,transcript_doesnt_have_junctions,ENST00000359263.9,ENST00000371489.5,93340164-93343856,,,,,,,,,
chr10:clu_5774,,MYOF,human,transcript_doesnt_have_junctions,ENST00000359263.9,ENST00000371488.3,93340164-93343856,,,,,,,,,
chr10:clu_5774,,MYOF,human,transcript_doesnt_have_junctions,ENST00000359263.9,ENST00000485212.1,93340164-93343856,,,,,,,,,
chr10:clu_5774,,MYOF,human,transcript_doesnt_have_junctions,ENST00000359263.9,ENST00000475358.1,93340164-93343856,,,,,,,,,
chr10:clu_5774,,MYOF,human,transcript_doesnt_have_junctions,ENST00000359263.9,ENST00000488645.1,93340164-93343856,,,,,,,,,
chr10:clu_5774,1/1,MYOF,human,transcript_not_chosen,ENST00000359263.9,ENST00000463743.5,93340164-93343856,93340164-93341913;93341969-93343856,,,,,,,,
chr10:clu_5774,1/1,MYOF,human,transcript_not_chosen,ENST00000359263.9,ENST00000941956.1,93340164-93343856,93340164-93341913;93341969-93343856,,,,,,,,
chr10:clu_5774,1/1,MYOF,human,transcript_not_chosen,ENST00000359263.9,XM_017016068.3,93340164-93343856,93340164-93341913;93341969-93343856,,,,,,,,
chr10:clu_5774,1/1,MYOF,human,transcript_not_chosen,ENST00000359263.9,XM_017016069.2,93340164-93343856,93340164-93341913;93341969-93343856,,,,,,,,
chr10:clu_5774,1/1,MYOF,human,transcript_not_chosen,ENST00000359263.9,XM_017016070.3,93340164-93343856,93340164-93341913;93341969-93343856,,,,,,,,
chr10:clu_5774,1/1,MYOF,human,transcript_not_chosen,ENST00000359263.9,XM_047425048.1,93340164-93343856,93340164-93341913;93341969-93343856,,,,,,,,
chr10:clu_5774,1/1,MYOF,human,transcript_not_chosen,ENST00000359263.9,XM_047425049.1,93340164-93343856,93340164-93341913;93341969-93343856,,,,,,,,
chr10:clu_5774,1/1,MYOF,human,transcript_not_chosen,ENST00000359263.9,XM_047425050.1,93340164-93343856,93340164-93341913;93341969-93343856,,,,,,,,
chr7:clu_36845:INHBA,,INHBA,human,novel_junction,ENST00000242208.5,,41690542-41699987;41700517-41703005,41661088-41699987,,,,,,,,
chr7:clu_36845:INHBA,,INHBA,human,novel_junction,ENST00000242208.5,,41690542-41699987;41700517-41703005,41690542-41695285,,,,,,,,
chr7:clu_36845:INHBA,,INHBA,human,novel_junction,ENST00000242208.5,,41690542-41699987;41700517-41703005,41694261-41699987,,,,,,,,
chr7:clu_36845:INHBA,,INHBA,human,no_unique_junctions,ENST00000242208.5,ENST00000916727.1,41690542-41699987;41700517-41703005,41690542-41699987,,,,,,,,
chr7:clu_36845:INHBA,,INHBA,human,no_unique_junctions,ENST00000242208.5,ENST00000867823.1,41690542-41699987;41700517-41703005,41690542-41699987,,,,,,,,
chr7:clu_36845:INHBA,,INHBA,human,no_unique_junctions,ENST00000242208.5,ENST00000442711.1,41690542-41699987;41700517-41703005,41690542-41699987,,,,,,,,
chr7:clu_36845:INHBA,,INHBA,human,no_unique_junctions,ENST00000242208.5,ENST00000947879.1,41690542-41699987;41700517-41703005,41690542-41699987,,,,,,,,
chr7:clu_36845:INHBA,,INHBA,human,no_unique_junctions,ENST00000242208.5,ENST00000638023.1,41690542-41699987;41700517-41703005,41690542-41699987;41700517-41703005,,,,,,,,
chr7:clu_36845:INHBA,,INHBA,human,transcript_doesnt_have_junctions,ENST00000242208.5,ENST00000416150.1,41690542-41699987;41700517-41703005,,,,,,,,,
chr8:clu_39110,,SNHG6,human,gene_not_in_db,,,,,,,,,,,,
chr21:clu_27066,,NDUFV3,human,no_unique_junctions,ENST00000354250.7,XM_011529586.3,42893381-42896927;42897047-42903182;42904276-42908864,42893381-42896927;42897047-42903182,,,,,,,,
chr21:clu_27066,,NDUFV3,human,no_unique_junctions,ENST00000354250.7,XM_017028359.2,42893381-42896927;42897047-42903182;42904276-42908864,42893381-42896927,,,,,,,,
chr21:clu_27066,,NDUFV3,human,no_unique_junctions,ENST00000354250.7,ENST00000942160.1,42893381-42896927;42897047-42903182;42904276-42908864,42893381-42896927;42904276-42908864,,,,,,,,
chr21:clu_27066,,NDUFV3,human,no_unique_junctions,ENST00000354250.7,ENST00000912633.1,42893381-42896927;42897047-42903182;42904276-42908864,42893381-42896927,,,,,,,,
chr21:clu_27066,,NDUFV3,human,no_unique_junctions,ENST00000354250.7,ENST00000460259.1,42893381-42896927;42897047-42903182;42904276-42908864,42897047-42903182;42904276-42908864,,,,,,,,
chr21:clu_27066,,NDUFV3,human,transcript_doesnt_have_junctions,ENST00000354250.7,ENST00000460740.1,42893381-42896927;42897047-42903182;42904276-42908864,,,,,,,,,
chr21:clu_27066,1/1,NDUFV3,human,transcript_not_chosen,ENST00000354250.7,ENST00000942161.1,42893381-42896927;42897047-42903182;42904276-42908864,42897047-42908864,,,,,,,,
chr17:clu_17548,,RECQL5,human,novel_junction,ENST00000317905.10,,75631668-75651186,75635451-75635804,,,,,,,,
chr17:clu_17548,,RECQL5,human,no_unique_junctions,ENST00000317905.10,XM_005257818.5,75631668-75651186,75631668-75651186,,,,,,,,
chr17:clu_17548,,RECQL5,human,no_unique_junctions,ENST00000317905.10,ENST00000919294.1,75631668-75651186,75631668-75651186,,,,,,,,
chr17:clu_17548,,RECQL5,human,no_unique_junctions,ENST00000317905.10,XM_047437085.1,75631668-75651186,75631668-75651186,,,,,,,,
chr17:clu_17548,,RECQL5,human,transcript_doesnt_have_junctions,ENST00000317905.10,XM_011525486.3,75631668-75651186,,,,,,,,,
chr17:clu_17548,,RECQL5,human,no_unique_junctions,ENST00000317905.10,XM_047437091.1,75631668-75651186,75631668-75651186,,,,,,,,
chr17:clu_17548,,RECQL5,human,transcript_doesnt_have_junctions,ENST00000317905.10,ENST00000420326.6,75631668-75651186,,,,,,,,,
chr17:clu_17548,,RECQL5,human,transcript_doesnt_have_junctions,ENST00000317905.10,ENST00000340830.9,75631668-75651186,,,,,,,,,
chr17:clu_17548,,RECQL5,human,transcript_doesnt_have_junctions,ENST00000317905.10,ENST00000584999.1,75631668-75651186,,,,,,,,,
chr17:clu_17548,,RECQL5,human,transcript_doesnt_have_junctions,ENST00000317905.10,ENST00000578865.5,75631668-75651186,,,,,,,,,
chr17:clu_17548,,RECQL5,human,transcript_doesnt_have_junctions,ENST00000317905.10,ENST00000579265.1,75631668-75651186,,,,,,,,,
chr17:clu_17548,,RECQL5,human,transcript_doesnt_have_junctions,ENST00000317905.10,ENST00000585205.1,75631668-75651186,,,,,,,,,
chr17:clu_17548,,RECQL5,human,no_unique_junctions,ENST00000317905.10,ENST00000423245.6,75631668-75651186,75631668-75651186,,,,,,,,
chr17:clu_17548,,RECQL5,human,no_unique_junctions,ENST00000317905.10,ENST00000941132.1,75631668-75651186,75631668-75651186,,,,,,,,
chr17:clu_17548,,RECQL5,human,no_unique_junctions,ENST00000317905.10,ENST00000910741.1,75631668-75651186,75631668-75651186,,,,,,,,
chr17:clu_17548,,RECQL5,human,no_unique_junctions,ENST00000317905.10,ENST00000941133.1,75631668-75651186,75631668-75651186,,,,,,,,
chr17:clu_17548,,RECQL5,human,no_unique_junctions,ENST00000317905.10,ENST00000919295.1,75631668-75651186,75631668-75651186,,,,,,,,
chr17:clu_17548,,RECQL5,human,no_unique_junctions,ENST00000317905.10,ENST00000910739.1,75631668-75651186,75631668-75651186,,,,,,,,
chr17:clu_17548,,RECQL5,human,no_unique_junctions,ENST00000317905.10,ENST00000910740.1,75631668-75651186,75631668-75651186,,,,,,,,
chr17:clu_17548,,RECQL5,human,no_unique_junctions,ENST00000317905.10,ENST00000919296.1,75631668-75651186,75631668-75651186,,,,,,,,
chr17:clu_17548,,RECQL5,human,transcript_doesnt_have_junctions,ENST00000317905.10,ENST00000581825.1,75631668-75651186,,,,,,,,,
chr17:clu_17548,,RECQL5,human,transcript_doesnt_have_junctions,ENST00000317905.10,ENST00000582548.1,75631668-75651186,,,,,,,,,
chr17:clu_17548,,RECQL5,human,no_unique_junctions,ENST00000317905.10,ENST00000578201.5,75631668-75651186,75631668-75651186,,,,,,,,
chr17:clu_17548,,RECQL5,human,transcript_doesnt_have_junctions,ENST00000317905.10,ENST00000582464.5,75631668-75651186,,,,,,,,,
chr17:clu_17548,,RECQL5,human,transcript_doesnt_have_junctions,ENST00000317905.10,ENST00000580078.1,75631668-75651186,,,,,,,,,
chr17:clu_17548,,RECQL5,human,transcript_doesnt_have_junctions,ENST00000317905.10,ENST00000579274.1,75631668-75651186,,,,,,,,,
chr17:clu_17548,,RECQL5,human,subsumed_by_larger_group,ENST00000317905.10,XM_047437086.1,75631668-75651186,75631668-75633271,,,,,,,,
chr17:clu_17548,,RECQL5,human,subsumed_by_larger_group,ENST00000317905.10,XM_047437088.1,75631668-75651186,75631668-75633271,,,,,,,,
chr17:clu_17548,,RECQL5,human,subsumed_by_larger_group,ENST00000317905.10,ENST00000443199.6,75631668-75651186,75631668-75633459,,,,,,,,
chr17:clu_17548,,RECQL5,human,subsumed_by_larger_group,ENST00000317905.10,XM_006722186.2,75631668-75651186,75631668-75633459,,,,,,,,
chr17:clu_17548,,RECQL5,human,subsumed_by_larger_group,ENST00000317905.10,XM_047437090.1,75631668-75651186,75631668-75633459,,,,,,,,
chr17:clu_17548,,RECQL5,human,subsumed_by_larger_group,ENST00000317905.10,ENST00000581827.1,75631668-75651186,75639199-75639869,,,,,,,,
chr17:clu_17548,3/6,RECQL5,human,transcript_not_chosen,ENST00000317905.10,ENST00000583673.1,75631668-75651186,75631668-75638978;75639199-75639869,,,,,,,,
chr17:clu_17548,3/6,RECQL5,human,transcript_not_chosen,ENST00000317905.10,XM_047437089.1,75631668-75651186,75631668-75638978;75639199-75639869,,,,,,,,
chr13:clu_10705,,FLT1,human,novel_junction,ENST00000282397.9,,28385031-28389796,28385026-28389796,,,,,,,,
chr13:clu_10705,,FLT1,human,no_unique_junctions,ENST00000282397.9,ENST00000541932.5,28385031-28389796,28385031-28389796,,,,,,,,
chr13:clu_10705,,FLT1,human,transcript_doesnt_have_junctions,ENST00000282397.9,ENST00000615840.5,28385031-28389796,,,,,,,,,
chr13:clu_10705,,FLT1,human,transcript_doesnt_have_junctions,ENST00000282397.9,ENST00000539099.2,28385031-28389796,,,,,,,,,
chr13:clu_10705,,FLT1,human,no_unique_junctions,ENST00000282397.9,ENST00000909997.1,28385031-28389796,28385031-28389796,,,,,,,,
chr13:clu_10705,,FLT1,human,transcript_doesnt_have_junctions,ENST00000282397.9,ENST00000909998.1,28385031-28389796,,,,,,,,,
chr13:clu_10705,,FLT1,human,transcript_doesnt_have_junctions,ENST00000282397.9,ENST00000909999.1,28385031-28389796,,,,,,,,,
chr13:clu_10705,,FLT1,human,no_unique_junctions,ENST00000282397.9,ENST00000910000.1,28385031-28389796,28385031-28389796,,,,,,,,
chr13:clu_10705,,FLT1,human,transcript_doesnt_have_junctions,ENST00000282397.9,ENST00000617835.5,28385031-28389796,,,,,,,,,
chr13:clu_10705,,FLT1,human,transcript_doesnt_have_junctions,ENST00000282397.9,ENST00000615611.4,28385031-28389796,,,,,,,,,
chr13:clu_10705,,FLT1,human,transcript_doesnt_have_junctions,ENST00000282397.9,ENST00000543394.2,28385031-28389796,,,,,,,,,
chr13:clu_10705,,FLT1,human,transcript_doesnt_have_junctions,ENST00000282397.9,ENST00000706527.1,28385031-28389796,,,,,,,,,
chr13:clu_10705,,FLT1,human,transcript_doesnt_have_junctions,ENST00000282397.9,ENST00000540678.2,28385031-28389796,,,,,,,,,
chr19:clu_20923,,RDH13,human,novel_junction,ENST00000415061.8,,55047488-55048329,55048121-55048329,,,,,,,,
chr19:clu_20923,,RDH13,human,no_unique_junctions,ENST00000415061.8,XM_011526408.4,55047488-55048329,55047488-55048329,,,,,,,,
chr19:clu_20923,,RDH13,human,no_unique_junctions,ENST00000415061.8,ENST00000396247.7,55047488-55048329,55047488-55048329,,,,,,,,
chr19:clu_20923,,RDH13,human,transcript_doesnt_have_junctions,ENST00000415061.8,ENST00000591960.1,55047488-55048329,,,,,,,,,
chr19:clu_20923,,RDH13,human,no_unique_junctions,ENST00000415061.8,ENST00000610356.4,55047488-55048329,55047488-55048329,,,,,,,,
chr19:clu_20923,,RDH13,human,no_unique_junctions,ENST00000415061.8,ENST00000587721.1,55047488-55048329,55047488-55048329,,,,,,,,
chr19:clu_20923,,RDH13,human,transcript_doesnt_have_junctions,ENST00000415061.8,ENST00000586945.5,55047488-55048329,,,,,,,,,
chr19:clu_20923,,RDH13,human,transcript_doesnt_have_junctions,ENST00000415061.8,ENST00000587026.1,55047488-55048329,,,,,,,,,
chr19:clu_20923,,RDH13,human,transcript_doesnt_have_junctions,ENST00000415061.8,ENST00000592423.1,55047488-55048329,,,,,,,,,
chr19:clu_20923,,RDH13,human,transcript_doesnt_have_junctions,ENST00000415061.8,ENST00000586331.1,55047488-55048329,,,,,,,,,
chr19:clu_20923,,RDH13,human,transcript_doesnt_have_junctions,ENST00000415061.8,ENST00000591868.1,55047488-55048329,,,,,,,,,
chr19:clu_20923,,RDH13,human,transcript_doesnt_have_junctions,ENST00000415061.8,ENST00000589605.5,55047488-55048329,,,,,,,,,
chr19:clu_20923,,RDH13,human,transcript_doesnt_have_junctions,ENST00000415061.8,ENST00000589305.5,55047488-55048329,,,,,,,,,
chr19:clu_20923,,RDH13,human,transcript_doesnt_have_junctions,ENST00000415061.8,ENST00000591603.1,55047488-55048329,,,,,,,,,
chr19:clu_20923,,RDH13,human,transcript_doesnt_have_junctions,ENST00000415061.8,ENST00000588306.1,55047488-55048329,,,,,,,,,
chr19:clu_20923,,RDH13,human,transcript_doesnt_have_junctions,ENST00000415061.8,ENST00000591023.5,55047488-55048329,,,,,,,,,
chr19:clu_20923,,RDH13,human,transcript_doesnt_have_junctions,ENST00000415061.8,ENST00000589197.1,55047488-55048329,,,,,,,,,
chr19:clu_20923,,RDH13,human,transcript_doesnt_have_junctions,ENST00000415061.8,ENST00000590349.1,55047488-55048329,,,,,,,,,
chr19:clu_20923,,RDH13,human,transcript_doesnt_have_junctions,ENST00000415061.8,ENST00000587373.1,55047488-55048329,,,,,,,,,
chr19:clu_20923,,RDH13,human,transcript_doesnt_have_junctions,ENST00000415061.8,ENST00000593134.1,55047488-55048329,,,,,,,,,
chr19:clu_20923,,RDH13,human,transcript_doesnt_have_junctions,ENST00000415061.8,ENST00000587046.1,55047488-55048329,,,,,,,,,
chr19:clu_20923,,RDH13,human,transcript_doesnt_have_junctions,ENST00000415061.8,ENST00000588941.1,55047488-55048329,,,,,,,,,
chr19:clu_20923,1/1,RDH13,human,transcript_not_chosen,ENST00000415061.8,ENST00000291892.10,55047488-55048329,55047488-55048046;55048257-55048329,,,,,,,,
chr19:clu_21271,,SLC44A2,human,no_unique_junctions,ENST00000335757.10,ENST00000586078.5,10625670-10626253,10625670-10626253,,,,,,,,
chr19:clu_21271,,SLC44A2,human,no_unique_junctions,ENST00000335757.10,NM_001363611.2,10625670-10626253,10625670-10626253,,,,,,,,
chr19:clu_21271,,SLC44A2,human,transcript_doesnt_have_junctions,ENST00000335757.10,ENST00000588393.5,10625670-10626253,,,,,,,,,
chr19:clu_21271,,SLC44A2,human,transcript_doesnt_have_junctions,ENST00000335757.10,ENST00000589561.5,10625670-10626253,,,,,,,,,
chr19:clu_21271,,SLC44A2,human,transcript_doesnt_have_junctions,ENST00000335757.10,ENST00000590475.1,10625670-10626253,,,,,,,,,
chr19:clu_21271,,SLC44A2,human,no_unique_junctions,ENST00000335757.10,ENST00000857521.1,10625670-10626253,10625670-10626253,,,,,,,,
chr19:clu_21271,,SLC44A2,human,no_unique_junctions,ENST00000335757.10,ENST00000946363.1,10625670-10626253,10625670-10626253,,,,,,,,
chr19:clu_21271,,SLC44A2,human,transcript_doesnt_have_junctions,ENST00000335757.10,ENST00000590857.5,10625670-10626253,,,,,,,,,
chr19:clu_21271,,SLC44A2,human,no_unique_junctions,ENST00000335757.10,ENST00000588688.5,10625670-10626253,10625670-10626253,,,,,,,,
chr19:clu_21271,,SLC44A2,human,no_unique_junctions,ENST00000335757.10,ENST00000857522.1,10625670-10626253,10625670-10626253,,,,,,,,
chr19:clu_21271,,SLC44A2,human,no_unique_junctions,ENST00000335757.10,ENST00000857523.1,10625670-10626253,10625670-10626253,,,,,,,,
chr19:clu_21271,,SLC44A2,human,no_unique_junctions,ENST00000335757.10,ENST00000857524.1,10625670-10626253,10625670-10626253,,,,,,,,
chr19:clu_21271,,SLC44A2,human,no_unique_junctions,ENST00000335757.10,ENST00000857525.1,10625670-10626253,10625670-10626253,,,,,,,,
chr19:clu_21271,,SLC44A2,human,no_unique_junctions,ENST00000335757.10,ENST00000592293.5,10625670-10626253,10625670-10626253,,,,,,,,
chr19:clu_21271,,SLC44A2,human,no_unique_junctions,ENST00000335757.10,ENST00000588409.1,10625670-10626253,10625670-10626253,,,,,,,,
chr19:clu_21271,,SLC44A2,human,transcript_doesnt_have_junctions,ENST00000335757.10,ENST00000591194.5,10625670-10626253,,,,,,,,,
chr19:clu_21271,,SLC44A2,human,transcript_doesnt_have_junctions,ENST00000335757.10,ENST00000586549.1,10625670-10626253,,,,,,,,,
chr19:clu_21271,,SLC44A2,human,transcript_doesnt_have_junctions,ENST00000335757.10,ENST00000588214.1,10625670-10626253,,,,,,,,,
chr19:clu_21271,1/1,SLC44A2,human,transcript_not_chosen,ENST00000335757.10,ENST00000407327.8,10625670-10626253,10602561-10626253,,,,,,,,
chr19:clu_21271,1/1,SLC44A2,human,transcript_not_chosen,ENST00000335757.10,ENST00000588465.5,10625670-10626253,10602561-10626253,,,,,,,,
chr19:clu_21271,1/1,SLC44A2,human,transcript_not_chosen,ENST00000335757.10,ENST00000590382.5,10625670-10626253,10602561-10626253,,,,,,,,
chr17:clu_18223,,LOC101060212,human,novel_junction,XM_047437249.1,,,36318881-36319904,,,,,,,,
chr17:clu_18223,,LOC101060212,human,novel_junction,XM_047437249.1,,,36318881-36319956,,,,,,,,
chr17:clu_18223,,LOC101060212,human,novel_junction,XM_047437249.1,,,36318881-36320487,,,,,,,,
chr17:clu_18223,,LOC101060212,human,novel_junction,XM_047437249.1,,,36320060-36320487,,,,,,,,
chr17:clu_18223,,LOC101060212,human,no_canonical_junctions,XM_047437249.1,,,,,,,,,,,
chr17:clu_18253,,TBC1D3E,human,novel_junction,ENST00000621587.2,,,38122964-38123987,,,,,,,,
chr17:clu_18253,,TBC1D3E,human,novel_junction,ENST00000621587.2,,,38122964-38124039,,,,,,,,
chr17:clu_18253,,TBC1D3E,human,novel_junction,ENST00000621587.2,,,38122964-38124570,,,,,,,,
chr17:clu_18253,,TBC1D3E,human,no_canonical_junctions,ENST00000621587.2,,,,,,,,,,,
chr2:clu_25087,,TFPI,human,transcript_doesnt_have_junctions,ENST00000233156.9,ENST00000897898.1,187503770-187554200,,,,,,,,,
chr2:clu_25087,,TFPI,human,no_unique_junctions,ENST00000233156.9,ENST00000339091.8,187503770-187554200,187503770-187554200,,,,,,,,
chr2:clu_25087,,TFPI,human,transcript_doesnt_have_junctions,ENST00000233156.9,ENST00000481389.1,187503770-187554200,,,,,,,,,
chr2:clu_25087,,TFPI,human,transcript_doesnt_have_junctions,ENST00000233156.9,ENST00000971372.1,187503770-187554200,,,,,,,,,
chr2:clu_25087,,TFPI,human,transcript_doesnt_have_junctions,ENST00000233156.9,ENST00000897908.1,187503770-187554200,,,,,,,,,
chr2:clu_25087,,TFPI,human,no_unique_junctions,ENST00000233156.9,ENST00000897899.1,187503770-187554200,187503770-187554200,,,,,,,,
chr2:clu_25087,,TFPI,human,no_unique_junctions,ENST00000233156.9,ENST00000938019.1,187503770-187554200,187503770-187554200,,,,,,,,
chr2:clu_25087,,TFPI,human,no_unique_junctions,ENST00000233156.9,ENST00000897909.1,187503770-187554200,187503770-187554200,,,,,,,,
chr2:clu_25087,,TFPI,human,no_unique_junctions,ENST00000233156.9,ENST00000897904.1,187503770-187554200,187503770-187554200,,,,,,,,
chr2:clu_25087,,TFPI,human,transcript_doesnt_have_junctions,ENST00000233156.9,ENST00000971368.1,187503770-187554200,,,,,,,,,
chr2:clu_25087,,TFPI,human,transcript_doesnt_have_junctions,ENST00000233156.9,ENST00000897926.1,187503770-187554200,,,,,,,,,
chr2:clu_25087,,TFPI,human,transcript_doesnt_have_junctions,ENST00000233156.9,ENST00000897900.1,187503770-187554200,,,,,,,,,
chr2:clu_25087,,TFPI,human,no_unique_junctions,ENST00000233156.9,ENST00000971370.1,187503770-187554200,187503770-187554200,,,,,,,,
chr2:clu_25087,,TFPI,human,transcript_doesnt_have_junctions,ENST00000233156.9,ENST00000897923.1,187503770-187554200,,,,,,,,,
chr2:clu_25087,,TFPI,human,transcript_doesnt_have_junctions,ENST00000233156.9,ENST00000938023.1,187503770-187554200,,,,,,,,,
chr2:clu_25087,,TFPI,human,no_unique_junctions,ENST00000233156.9,ENST00000897912.1,187503770-187554200,187503770-187554200,,,,,,,,
chr2:clu_25087,,TFPI,human,no_unique_junctions,ENST00000233156.9,ENST00000897911.1,187503770-187554200,187503770-187554200,,,,,,,,
chr2:clu_25087,,TFPI,human,transcript_doesnt_have_junctions,ENST00000233156.9,ENST00000897915.1,187503770-187554200,,,,,,,,,
chr2:clu_25087,,TFPI,human,no_unique_junctions,ENST00000233156.9,ENST00000897916.1,187503770-187554200,187503770-187554200,,,,,,,,
chr2:clu_25087,,TFPI,human,no_unique_junctions,ENST00000233156.9,ENST00000938022.1,187503770-187554200,187503770-187554200,,,,,,,,
chr2:clu_25087,,TFPI,human,transcript_doesnt_have_junctions,ENST00000233156.9,ENST00000897918.1,187503770-187554200,,,,,,,,,
chr2:clu_25087,,TFPI,human,no_unique_junctions,ENST00000233156.9,ENST00000897917.1,187503770-187554200,187503770-187554200,,,,,,,,
chr2:clu_25087,,TFPI,human,transcript_doesnt_have_junctions,ENST00000233156.9,ENST00000897921.1,187503770-187554200,,,,,,,,,
chr2:clu_25087,,TFPI,human,transcript_doesnt_have_junctions,ENST00000233156.9,ENST00000897920.1,187503770-187554200,,,,,,,,,
chr2:clu_25087,,TFPI,human,subsumed_by_larger_group,ENST00000233156.9,ENST00000392365.5,187503770-187554200,187503770-187513616,,,,,,,,
chr2:clu_25087,,TFPI,human,subsumed_by_larger_group,ENST00000233156.9,ENST00000435414.5,187503770-187554200,187503770-187513616,,,,,,,,
chr2:clu_25087,,TFPI,human,subsumed_by_larger_group,ENST00000233156.9,ENST00000481132.5,187503770-187554200,187503770-187513616,,,,,,,,
chr2:clu_25087,,TFPI,human,subsumed_by_larger_group,ENST00000233156.9,ENST00000897925.1,187503770-187554200,187503770-187513616,,,,,,,,
chr2:clu_25087,,TFPI,human,subsumed_by_larger_group,ENST00000233156.9,ENST00000897914.1,187503770-187554200,187503770-187529364,,,,,,,,
chr2:clu_25087,,TFPI,human,subsumed_by_larger_group,ENST00000233156.9,ENST00000897922.1,187503770-187554200,187503770-187529364,,,,,,,,
chr2:clu_25087,,TFPI,human,subsumed_by_larger_group,ENST00000233156.9,ENST00000971369.1,187503770-187554200,187503770-187529364,,,,,,,,
chr2:clu_25087,,TFPI,human,subsumed_by_larger_group,ENST00000233156.9,XM_047445621.1,187503770-187554200,187503770-187529364,,,,,,,,
chr2:clu_25087,,TFPI,human,subsumed_by_larger_group,ENST00000233156.9,XM_047445618.1,187503770-187554200,187503770-187513616;187513646-187529364,,,,,,,,
chr2:clu_25087,,TFPI,human,subsumed_by_larger_group,ENST00000233156.9,ENST00000437725.5,187503770-187554200,187503770-187520542,,,,,,,,
chr2:clu_25087,,TFPI,human,subsumed_by_larger_group,ENST00000233156.9,ENST00000897902.1,187503770-187554200,187503770-187520542,,,,,,,,
chr2:clu_25087,,TFPI,human,subsumed_by_larger_group,ENST00000233156.9,ENST00000897903.1,187503770-187554200,187503770-187520542,,,,,,,,
chr2:clu_25087,,TFPI,human,subsumed_by_larger_group,ENST00000233156.9,ENST00000897924.1,187503770-187554200,187503770-187520542,,,,,,,,
chr2:clu_25087,,TFPI,human,subsumed_by_larger_group,ENST00000233156.9,ENST00000971371.1,187503770-187554200,187503770-187520542,,,,,,,,
chr2:clu_25087,,TFPI,human,subsumed_by_larger_group,ENST00000233156.9,ENST00000897910.1,187503770-187554200,187529485-187554200,,,,,,,,
chr2:clu_25087,,TFPI,human,subsumed_by_larger_group,ENST00000233156.9,ENST00000420747.1,187503770-187554200,187503770-187513616;187513646-187520542,,,,,,,,
chr2:clu_25087,1/7,TFPI,human,transcript_not_chosen,ENST00000233156.9,XM_047445623.1,187503770-187554200,187503770-187513616;187513646-187520542;187520618-187529364,,,,,,,,
chr2:clu_25087,4/7,TFPI,human,transcript_not_chosen,ENST00000233156.9,ENST00000417013.5,187503770-187554200,187503770-187513616;187513646-187554200,,,,,,,,
chr2:clu_25087,5/7,TFPI,human,transcript_not_chosen,ENST00000233156.9,ENST00000897905.1,187503770-187554200,187503770-187520542;187520618-187554200,,,,,,,,
chr2:clu_25087,6/7,TFPI,human,transcript_not_chosen,ENST00000233156.9,ENST00000897913.1,187503770-187554200,187503770-187520542;187529485-187554200,,,,,,,,
chr2:clu_25087,7/7,TFPI,human,transcript_not_chosen,ENST00000233156.9,ENST00000421427.5,187503770-187554200,187503770-187529364;187529485-187554200,,,,,,,,
chr2:clu_25087,7/7,TFPI,human,transcript_not_chosen,ENST00000233156.9,ENST00000453013.5,187503770-187554200,187503770-187529364;187529485-187554200,,,,,,,,
chr2:clu_25087,7/7,TFPI,human,transcript_not_chosen,ENST00000233156.9,ENST00000897907.1,187503770-187554200,187503770-187529364;187529485-187554200,,,,,,,,
chr17:clu_17877,,RPAIN,human,no_unique_junctions,ENST00000381209.8,ENST00000327154.10,5422829-5425971;5426082-5426236;5426299-5428071;5428211-5432542,5422829-5425971,,,,,,,,
chr17:clu_17877,,RPAIN,human,no_unique_junctions,ENST00000381209.8,ENST00000405578.8,5422829-5425971;5426082-5426236;5426299-5428071;5428211-5432542,5422829-5425971;5426082-5426236;5426299-5428071,,,,,,,,
chr17:clu_17877,,RPAIN,human,no_unique_junctions,ENST00000381209.8,ENST00000539417.6,5422829-5425971;5426082-5426236;5426299-5428071;5428211-5432542,5422829-5425971;5428211-5432542,,,,,,,,
chr17:clu_17877,,RPAIN,human,transcript_doesnt_have_junctions,ENST00000381209.8,XM_047436928.1,5422829-5425971;5426082-5426236;5426299-5428071;5428211-5432542,,,,,,,,,
chr17:clu_17877,,RPAIN,human,no_unique_junctions,ENST00000381209.8,ENST00000571613.5,5422829-5425971;5426082-5426236;5426299-5428071;5428211-5432542,5422829-5425971;5426299-5428071;5428211-5432542,,,,,,,,
chr17:clu_17877,,RPAIN,human,transcript_doesnt_have_junctions,ENST00000381209.8,ENST00000572174.5,5422829-5425971;5426082-5426236;5426299-5428071;5428211-5432542,,,,,,,,,
chr17:clu_17877,,RPAIN,human,no_unique_junctions,ENST00000381209.8,ENST00000570883.5,5422829-5425971;5426082-5426236;5426299-5428071;5428211-5432542,5422829-5425971;5426299-5428071,,,,,,,,
chr17:clu_17877,,RPAIN,human,transcript_doesnt_have_junctions,ENST00000381209.8,ENST00000575711.1,5422829-5425971;5426082-5426236;5426299-5428071;5428211-5432542,,,,,,,,,
chr17:clu_17877,,RPAIN,human,no_unique_junctions,ENST00000381209.8,ENST00000573126.1,5422829-5425971;5426082-5426236;5426299-5428071;5428211-5432542,5422829-5425971;5428211-5432542,,,,,,,,
chr17:clu_17877,,RPAIN,human,no_unique_junctions,ENST00000381209.8,ENST00000876814.1,5422829-5425971;5426082-5426236;5426299-5428071;5428211-5432542,5422829-5425971,,,,,,,,
chr17:clu_17877,,RPAIN,human,no_unique_junctions,ENST00000381209.8,ENST00000575599.5,5422829-5425971;5426082-5426236;5426299-5428071;5428211-5432542,5428211-5432542,,,,,,,,
chr17:clu_17877,,RPAIN,human,no_unique_junctions,ENST00000381209.8,ENST00000916149.1,5422829-5425971;5426082-5426236;5426299-5428071;5428211-5432542,5422829-5425971;5426299-5428071;5428211-5432542,,,,,,,,
chr17:clu_17877,,RPAIN,human,no_unique_junctions,ENST00000381209.8,ENST00000951884.1,5422829-5425971;5426082-5426236;5426299-5428071;5428211-5432542,5422829-5425971;5428211-5432542,,,,,,,,
chr17:clu_17877,,RPAIN,human,no_unique_junctions,ENST00000381209.8,ENST00000916150.1,5422829-5425971;5426082-5426236;5426299-5428071;5428211-5432542,5422829-5425971;5426082-5426236;5426299-5428071;5428211-5432542,,,,,,,,
chr17:clu_17877,,RPAIN,human,no_unique_junctions,ENST00000381209.8,ENST00000916151.1,5422829-5425971;5426082-5426236;5426299-5428071;5428211-5432542,5428211-5432542,,,,,,,,
chr17:clu_17877,,RPAIN,human,transcript_doesnt_have_junctions,ENST00000381209.8,ENST00000574003.1,5422829-5425971;5426082-5426236;5426299-5428071;5428211-5432542,,,,,,,,,
chr17:clu_17877,,RPAIN,human,subsumed_by_larger_group,ENST00000381209.8,ENST00000381208.9,5422829-5425971;5426082-5426236;5426299-5428071;5428211-5432542,5422829-5425971;5426082-5426236;5426299-5432542,,,,,,,,
chr17:clu_17877,,RPAIN,human,subsumed_by_larger_group,ENST00000381209.8,ENST00000571043.5,5422829-5425971;5426082-5426236;5426299-5428071;5428211-5432542,5422829-5425971;5426299-5432542,,,,,,,,
chr17:clu_17877,,RPAIN,human,subsumed_by_larger_group,ENST00000381209.8,ENST00000571558.5,5422829-5425971;5426082-5426236;5426299-5428071;5428211-5432542,5422829-5426236;5426299-5428071;5428211-5432542,,,,,,,,
chr17:clu_17877,,RPAIN,human,subsumed_by_larger_group,ENST00000381209.8,ENST00000575112.5,5422829-5425971;5426082-5426236;5426299-5428071;5428211-5432542,5422829-5426236;5426299-5428071,,,,,,,,
chr17:clu_17877,,RPAIN,human,subsumed_by_larger_group,ENST00000381209.8,ENST00000951885.1,5422829-5425971;5426082-5426236;5426299-5428071;5428211-5432542,5422829-5426236;5426299-5428071;5428211-5432542,,,,,,,,
chr17:clu_17877,1/2,RPAIN,human,transcript_not_chosen,ENST00000381209.8,ENST00000573577.5,5422829-5425971;5426082-5426236;5426299-5428071;5428211-5432542,5422829-5426236;5426299-5432542,,,,,,,,
chr11:clu_7040:CARD16,,CARD16,human,novel_junction,ENST00000673097.2,,105041719-105043483;105043545-105044392,105043545-105100513,,,,,,,,
chr11:clu_7040:CARD16,,CARD16,human,novel_junction,ENST00000673097.2,,105041719-105043483;105043545-105044392,105099421-105100513,,,,,,,,
chr11:clu_7040:CARD16,,CARD16,human,no_unique_junctions,ENST00000673097.2,NM_001394580.1,105041719-105043483;105043545-105044392,105041719-105043483;105043545-105044392,,,,,,,,
chr11:clu_7040:CARD16,,CARD16,human,transcript_doesnt_have_junctions,ENST00000673097.2,ENST00000527065.1,105041719-105043483;105043545-105044392,,,,,,,,,
chr11:clu_7040:CARD16,,CARD16,human,no_unique_junctions,ENST00000673097.2,ENST00000870804.1,105041719-105043483;105043545-105044392,105043545-105044392,,,,,,,,
chr11:clu_7040:CARD16,,CARD16,human,no_unique_junctions,ENST00000673097.2,ENST00000525374.1,105041719-105043483;105043545-105044392,105041719-105043483;105043545-105044392,,,,,,,,
chr11:clu_7040:CARD16,1/1,CARD16,human,transcript_not_chosen,ENST00000673097.2,ENST00000528513.1,105041719-105043483;105043545-105044392,105041719-105044392,,,,,,,,
chr21:clu_27071,,,human,no_gene_specified,,,,,,,,,,,,
chr11:clu_7731:STIP1,,STIP1,human,novel_junction,ENST00000305218.9,,64203622-64204054,64207524-64210611,,,,,,,,
chr11:clu_7731:STIP1,,STIP1,human,no_unique_junctions,ENST00000305218.9,ENST00000358794.9,64203622-64204054,64203622-64204054,,,,,,,,
chr11:clu_7731:STIP1,,STIP1,human,no_unique_junctions,ENST00000305218.9,ENST00000538945.5,64203622-64204054,64203622-64204054,,,,,,,,
chr11:clu_7731:STIP1,,STIP1,human,transcript_doesnt_have_junctions,ENST00000305218.9,ENST00000540736.1,64203622-64204054,,,,,,,,,
chr11:clu_7731:STIP1,,STIP1,human,transcript_doesnt_have_junctions,ENST00000305218.9,ENST00000538497.1,64203622-64204054,,,,,,,,,
chr11:clu_7731:STIP1,,STIP1,human,transcript_doesnt_have_junctions,ENST00000305218.9,ENST00000355603.3,64203622-64204054,,,,,,,,,
chr11:clu_7731:STIP1,,STIP1,human,no_unique_junctions,ENST00000305218.9,ENST00000939707.1,64203622-64204054,64203622-64204054,,,,,,,,
chr11:clu_7731:STIP1,,STIP1,human,no_unique_junctions,ENST00000305218.9,ENST00000902521.1,64203622-64204054,64203622-64204054,,,,,,,,
chr11:clu_7731:STIP1,,STIP1,human,no_unique_junctions,ENST00000305218.9,ENST00000902522.1,64203622-64204054,64203622-64204054,,,,,,,,
chr11:clu_7731:STIP1,,STIP1,human,no_unique_junctions,ENST00000305218.9,ENST00000939708.1,64203622-64204054,64203622-64204054,,,,,,,,
chr11:clu_7731:STIP1,,STIP1,human,no_unique_junctions,ENST00000305218.9,ENST00000902524.1,64203622-64204054,64203622-64204054,,,,,,,,
chr11:clu_7731:STIP1,,STIP1,human,no_unique_junctions,ENST00000305218.9,ENST00000902523.1,64203622-64204054,64203622-64204054,,,,,,,,
chr11:clu_7731:STIP1,,STIP1,human,transcript_doesnt_have_junctions,ENST00000305218.9,ENST00000902525.1,64203622-64204054,,,,,,,,,
chr11:clu_7731:STIP1,,STIP1,human,no_unique_junctions,ENST00000305218.9,ENST00000536973.5,64203622-64204054,64203622-64204054,,,,,,,,
chr11:clu_7731:STIP1,,STIP1,human,no_unique_junctions,ENST00000305218.9,ENST00000939710.1,64203622-64204054,64203622-64204054,,,,,,,,
chr11:clu_7731:STIP1,,STIP1,human,no_unique_junctions,ENST00000305218.9,ENST00000939709.1,64203622-64204054,64203622-64204054,,,,,,,,
chr11:clu_7731:STIP1,,STIP1,human,no_unique_junctions,ENST00000305218.9,ENST00000902526.1,64203622-64204054,64203622-64204054,,,,,,,,
chr11:clu_7731:STIP1,,STIP1,human,no_unique_junctions,ENST00000305218.9,ENST00000939711.1,64203622-64204054,64203622-64204054,,,,,,,,
chr11:clu_7731:STIP1,,STIP1,human,no_unique_junctions,ENST00000305218.9,ENST00000939712.1,64203622-64204054,64203622-64204054,,,,,,,,
chr11:clu_7731:STIP1,,STIP1,human,transcript_doesnt_have_junctions,ENST00000305218.9,ENST00000543847.1,64203622-64204054,,,,,,,,,
chr11:clu_7731:STIP1,,STIP1,human,transcript_doesnt_have_junctions,ENST00000305218.9,ENST00000540887.1,64203622-64204054,,,,,,,,,
chr11:clu_7731:STIP1,,STIP1,human,transcript_doesnt_have_junctions,ENST00000305218.9,ENST00000540501.1,64203622-64204054,,,,,,,,,
chr11:clu_7731:STIP1,,STIP1,human,transcript_doesnt_have_junctions,ENST00000305218.9,ENST00000544739.5,64203622-64204054,,,,,,,,,
chr11:clu_7731:STIP1,,STIP1,human,transcript_doesnt_have_junctions,ENST00000305218.9,ENST00000537479.5,64203622-64204054,,,,,,,,,
chr11:clu_7731:STIP1,,STIP1,human,all_known_junctions_are_canonical,ENST00000305218.9,,64203622-64204054,,,,,,,,,
chr19:clu_22095,,RPL13A,human,no_unique_junctions,ENST00000391857.9,ENST00000621674.4,49491547-49491729,49491547-49491729,,,,,,,,
chr19:clu_22095,,RPL13A,human,transcript_doesnt_have_junctions,ENST00000391857.9,ENST00000472481.5,49491547-49491729,,,,,,,,,
chr19:clu_22095,,RPL13A,human,transcript_doesnt_have_junctions,ENST00000391857.9,ENST00000486930.6,49491547-49491729,,,,,,,,,
chr19:clu_22095,,RPL13A,human,no_unique_junctions,ENST00000391857.9,ENST00000488946.1,49491547-49491729,49491547-49491729,,,,,,,,
chr19:clu_22095,,RPL13A,human,no_unique_junctions,ENST00000391857.9,ENST00000676477.1,49491547-49491729,49491547-49491729,,,,,,,,
chr19:clu_22095,,RPL13A,human,transcript_doesnt_have_junctions,ENST00000391857.9,ENST00000678146.1,49491547-49491729,,,,,,,,,
chr19:clu_22095,,RPL13A,human,no_unique_junctions,ENST00000391857.9,ENST00000677048.1,49491547-49491729,49491547-49491729,,,,,,,,
chr19:clu_22095,,RPL13A,human,no_unique_junctions,ENST00000391857.9,ENST00000479992.5,49491547-49491729,49491547-49491729,,,,,,,,
chr19:clu_22095,,RPL13A,human,no_unique_junctions,ENST00000391857.9,ENST00000676556.1,49491547-49491729,49491547-49491729,,,,,,,,
chr19:clu_22095,,RPL13A,human,no_unique_junctions,ENST00000391857.9,ENST00000678187.1,49491547-49491729,49491547-49491729,,,,,,,,
chr19:clu_22095,,RPL13A,human,no_unique_junctions,ENST00000391857.9,ENST00000476268.6,49491547-49491729,49491547-49491729,,,,,,,,
chr19:clu_22095,,RPL13A,human,no_unique_junctions,ENST00000391857.9,ENST00000474171.1,49491547-49491729,49491547-49491729,,,,,,,,
chr19:clu_22095,,RPL13A,human,transcript_doesnt_have_junctions,ENST00000391857.9,ENST00000468655.1,49491547-49491729,,,,,,,,,
chr19:clu_22095,,RPL13A,human,no_unique_junctions,ENST00000391857.9,ENST00000476300.1,49491547-49491729,49491547-49491729,,,,,,,,
chr19:clu_22095,,RPL13A,human,no_unique_junctions,ENST00000391857.9,ENST00000961389.1,49491547-49491729,49491547-49491729,,,,,,,,
chr19:clu_22095,,RPL13A,human,no_unique_junctions,ENST00000391857.9,ENST00000624069.3,49491547-49491729,49491547-49491729,,,,,,,,
chr19:clu_22095,,RPL13A,human,no_unique_junctions,ENST00000391857.9,ENST00000915794.1,49491547-49491729,49491547-49491729,,,,,,,,
chr19:clu_22095,,RPL13A,human,no_unique_junctions,ENST00000391857.9,ENST00000915795.1,49491547-49491729,49491547-49491729,,,,,,,,
chr19:clu_22095,,RPL13A,human,transcript_doesnt_have_junctions,ENST00000391857.9,ENST00000857999.1,49491547-49491729,,,,,,,,,
chr19:clu_22095,,RPL13A,human,no_unique_junctions,ENST00000391857.9,ENST00000484279.5,49491547-49491729,49491547-49491729,,,,,,,,
chr19:clu_22095,,RPL13A,human,no_unique_junctions,ENST00000391857.9,ENST00000858000.1,49491547-49491729,49491547-49491729,,,,,,,,
chr19:clu_22095,,RPL13A,human,no_unique_junctions,ENST00000391857.9,ENST00000961390.1,49491547-49491729,49491547-49491729,,,,,,,,
chr19:clu_22095,,RPL13A,human,no_unique_junctions,ENST00000391857.9,ENST00000915800.1,49491547-49491729,49491547-49491729,,,,,,,,
chr19:clu_22095,,RPL13A,human,transcript_doesnt_have_junctions,ENST00000391857.9,ENST00000857998.1,49491547-49491729,,,,,,,,,
chr19:clu_22095,,RPL13A,human,no_unique_junctions,ENST00000391857.9,ENST00000915796.1,49491547-49491729,49491547-49491729,,,,,,,,
chr19:clu_22095,,RPL13A,human,no_unique_junctions,ENST00000391857.9,ENST00000915797.1,49491547-49491729,49491547-49491729,,,,,,,,
chr19:clu_22095,,RPL13A,human,no_unique_junctions,ENST00000391857.9,ENST00000915798.1,49491547-49491729,49491547-49491729,,,,,,,,
chr19:clu_22095,,RPL13A,human,no_unique_junctions,ENST00000391857.9,ENST00000915799.1,49491547-49491729,49491547-49491729,,,,,,,,
chr19:clu_22095,,RPL13A,human,no_unique_junctions,ENST00000391857.9,ENST00000678510.1,49491547-49491729,49491547-49491729,,,,,,,,
chr19:clu_22095,,RPL13A,human,no_unique_junctions,ENST00000391857.9,ENST00000467825.2,49491547-49491729,49491547-49491729,,,,,,,,
chr19:clu_22095,,RPL13A,human,no_unique_junctions,ENST00000391857.9,ENST00000678713.1,49491547-49491729,49491547-49491729,,,,,,,,
chr19:clu_22095,,RPL13A,human,no_unique_junctions,ENST00000391857.9,ENST00000477613.6,49491547-49491729,49491547-49491729,,,,,,,,
chr10:clu_6057,,ADAM12,human,novel_junction,ENST00000448723.2,,126039429-126043040,126042232-126043040,,,,,,,,
chr10:clu_6057,,ADAM12,human,novel_junction,ENST00000448723.2,,126039429-126043040,126042271-126043040,,,,,,,,
chr10:clu_6057,,ADAM12,human,no_unique_junctions,ENST00000448723.2,ENST00000368679.8,126039429-126043040,126039429-126043040,,,,,,,,
chr10:clu_6057,,ADAM12,human,no_unique_junctions,ENST00000448723.2,XM_017016706.2,126039429-126043040,126039429-126043040,,,,,,,,
chr10:clu_6057,,ADAM12,human,no_unique_junctions,ENST00000448723.2,XM_024448210.1,126039429-126043040,126039429-126043040,,,,,,,,
chr10:clu_6057,,ADAM12,human,transcript_doesnt_have_junctions,ENST00000448723.2,ENST00000467145.1,126039429-126043040,,,,,,,,,
chr10:clu_6057,,ADAM12,human,transcript_doesnt_have_junctions,ENST00000448723.2,ENST00000482291.1,126039429-126043040,,,,,,,,,
chr10:clu_6057,,ADAM12,human,transcript_doesnt_have_junctions,ENST00000448723.2,ENST00000485388.2,126039429-126043040,,,,,,,,,
chr10:clu_6057,,ADAM12,human,transcript_doesnt_have_junctions,ENST00000448723.2,ENST00000494661.1,126039429-126043040,,,,,,,,,
chr10:clu_6057,1/2,ADAM12,human,transcript_not_chosen,ENST00000448723.2,NM_001288975.2,126039429-126043040,126042235-126043040,,,,,,,,
chr16:clu_16108:ENKD1,,ENKD1,human,novel_junction,ENST00000243878.9,,67663556-67663657;67663820-67663937;67664062-67664996;67665168-67666071;67666265-67666358,67666265-67685457,,,,,,,,
chr16:clu_16108:ENKD1,,ENKD1,human,novel_junction,ENST00000243878.9,,67663556-67663657;67663820-67663937;67664062-67664996;67665168-67666071;67666265-67666358,67676053-67685457,,,,,,,,
chr16:clu_16108:ENKD1,,ENKD1,human,no_unique_junctions,ENST00000243878.9,XM_024450469.2,67663556-67663657;67663820-67663937;67664062-67664996;67665168-67666071;67666265-67666358,67663556-67663657;67665168-67666071;67666265-67666358,,,,,,,,
chr16:clu_16108:ENKD1,,ENKD1,human,no_unique_junctions,ENST00000243878.9,ENST00000602942.5,67663556-67663657;67663820-67663937;67664062-67664996;67665168-67666071;67666265-67666358,67663556-67663657;67663820-67663937,,,,,,,,
chr16:clu_16108:ENKD1,,ENKD1,human,transcript_doesnt_have_junctions,ENST00000243878.9,ENST00000602642.1,67663556-67663657;67663820-67663937;67664062-67664996;67665168-67666071;67666265-67666358,,,,,,,,,
chr16:clu_16108:ENKD1,,ENKD1,human,no_unique_junctions,ENST00000243878.9,ENST00000602531.1,67663556-67663657;67663820-67663937;67664062-67664996;67665168-67666071;67666265-67666358,67665168-67666071,,,,,,,,
chr16:clu_16108:ENKD1,,ENKD1,human,no_unique_junctions,ENST00000243878.9,ENST00000857832.1,67663556-67663657;67663820-67663937;67664062-67664996;67665168-67666071;67666265-67666358,67664062-67664996;67665168-67666071;67666265-67666358,,,,,,,,
chr16:clu_16108:ENKD1,,ENKD1,human,no_unique_junctions,ENST00000243878.9,ENST00000602644.5,67663556-67663657;67663820-67663937;67664062-67664996;67665168-67666071;67666265-67666358,67664062-67664996;67665168-67666071;67666265-67666358,,,,,,,,
chr16:clu_16108:ENKD1,,ENKD1,human,no_unique_junctions,ENST00000243878.9,ENST00000602409.2,67663556-67663657;67663820-67663937;67664062-67664996;67665168-67666071;67666265-67666358,67665168-67666071,,,,,,,,
chr16:clu_16108:ENKD1,,ENKD1,human,no_unique_junctions,ENST00000243878.9,ENST00000602415.2,67663556-67663657;67663820-67663937;67664062-67664996;67665168-67666071;67666265-67666358,67663556-67663657;67663820-67663937,,,,,,,,
chr18:clu_19534,,MBD2,human,novel_junction,ENST00000256429.8,,54164700-54166076;54166166-54188874,54164700-54187714,,,,,,,,
chr18:clu_19534,,MBD2,human,novel_junction,ENST00000256429.8,,54164700-54166076;54166166-54188874,54164700-54188874,,,,,,,,
chr18:clu_19534,,MBD2,human,novel_junction,ENST00000256429.8,,54164700-54166076;54166166-54188874,54187854-54188874,,,,,,,,
chr18:clu_19534,,MBD2,human,transcript_doesnt_have_junctions,ENST00000256429.8,ENST00000583046.1,54164700-54166076;54166166-54188874,,,,,,,,,
chr18:clu_19534,,MBD2,human,no_unique_junctions,ENST00000256429.8,ENST00000958223.1,54164700-54166076;54166166-54188874,54164700-54166076,,,,,,,,
chr18:clu_19534,,MBD2,human,no_unique_junctions,ENST00000256429.8,ENST00000958222.1,54164700-54166076;54166166-54188874,54164700-54166076;54166166-54188874,,,,,,,,
chr18:clu_19534,,MBD2,human,no_unique_junctions,ENST00000256429.8,ENST00000958224.1,54164700-54166076;54166166-54188874,54164700-54166076;54166166-54188874,,,,,,,,
chr18:clu_19534,,MBD2,human,no_unique_junctions,ENST00000256429.8,ENST00000958225.1,54164700-54166076;54166166-54188874,54164700-54166076;54166166-54188874,,,,,,,,
chr18:clu_19534,,MBD2,human,transcript_doesnt_have_junctions,ENST00000256429.8,ENST00000398398.6,54164700-54166076;54166166-54188874,,,,,,,,,
chr18:clu_19534,,MBD2,human,transcript_doesnt_have_junctions,ENST00000256429.8,ENST00000579025.1,54164700-54166076;54166166-54188874,,,,,,,,,
chr19:clu_20457:PSG1,,PSG1,human,novel_junction,ENST00000436291.7,,42868355-42868756;42869034-42871767;42872045-42877913,42754587-42754988,,,,,,,,
chr19:clu_20457:PSG1,,PSG1,human,novel_junction,ENST00000436291.7,,42868355-42868756;42869034-42871767;42872045-42877913,42844613-42845016,,,,,,,,
chr19:clu_20457:PSG1,,PSG1,human,novel_junction,ENST00000436291.7,,42868355-42868756;42869034-42871767;42872045-42877913,42907176-42907576,,,,,,,,
chr19:clu_20457:PSG1,,PSG1,human,novel_junction,ENST00000436291.7,,42868355-42868756;42869034-42871767;42872045-42877913,42907854-42910580,,,,,,,,
chr19:clu_20457:PSG1,,PSG1,human,novel_junction,ENST00000436291.7,,42868355-42868756;42869034-42871767;42872045-42877913,42926027-42926438,,,,,,,,
chr19:clu_20457:PSG1,,PSG1,human,novel_junction,ENST00000436291.7,,42868355-42868756;42869034-42871767;42872045-42877913,43175469-43175870,,,,,,,,
chr19:clu_20457:PSG1,,PSG1,human,novel_junction,ENST00000436291.7,,42868355-42868756;42869034-42871767;42872045-42877913,43194594-43194995,,,,,,,,
chr19:clu_20457:PSG1,,PSG1,human,no_unique_junctions,ENST00000436291.7,ENST00000595356.5,42868355-42868756;42869034-42871767;42872045-42877913,42868355-42868756;42869034-42871767;42872045-42877913,,,,,,,,
chr19:clu_20457:PSG1,,PSG1,human,no_unique_junctions,ENST00000436291.7,XM_011527125.2,42868355-42868756;42869034-42871767;42872045-42877913,42872045-42877913,,,,,,,,
chr19:clu_20457:PSG1,,PSG1,human,no_unique_junctions,ENST00000436291.7,ENST00000312439.10,42868355-42868756;42869034-42871767;42872045-42877913,42868355-42868756;42869034-42871767;42872045-42877913,,,,,,,,
chr19:clu_20457:PSG1,,PSG1,human,no_unique_junctions,ENST00000436291.7,ENST00000244296.6,42868355-42868756;42869034-42871767;42872045-42877913,42868355-42868756;42869034-42871767;42872045-42877913,,,,,,,,
chr19:clu_20457:PSG1,,PSG1,human,no_unique_junctions,ENST00000436291.7,ENST00000602039.1,42868355-42868756;42869034-42871767;42872045-42877913,42868355-42868756,,,,,,,,
chr19:clu_20457:PSG1,,PSG1,human,no_unique_junctions,ENST00000436291.7,ENST00000597058.1,42868355-42868756;42869034-42871767;42872045-42877913,42872045-42877913,,,,,,,,
chr19:clu_20457:PSG1,,PSG1,human,no_unique_junctions,ENST00000436291.7,ENST00000595930.1,42868355-42868756;42869034-42871767;42872045-42877913,42872045-42877913,,,,,,,,
chr19:clu_20457:PSG1,,PSG1,human,transcript_doesnt_have_junctions,ENST00000436291.7,ENST00000601456.5,42868355-42868756;42869034-42871767;42872045-42877913,,,,,,,,,
chr19:clu_20457:PSG1,,PSG1,human,transcript_doesnt_have_junctions,ENST00000436291.7,ENST00000601073.1,42868355-42868756;42869034-42871767;42872045-42877913,,,,,,,,,
chr19:clu_20457:PSG1,1/1,PSG1,human,transcript_not_chosen,ENST00000436291.7,ENST00000403380.7,42868355-42868756;42869034-42871767;42872045-42877913,42868355-42868756;42869034-42877913,,,,,,,,
chr19:clu_20457:PSG1,1/1,PSG1,human,transcript_not_chosen,ENST00000436291.7,ENST00000595124.5,42868355-42868756;42869034-42871767;42872045-42877913,42868355-42868756;42869034-42877913,,,,,,,,
chr11:clu_7271,,EPS8L2,human,novel_junction,ENST00000318562.13,,724829-725728,724829-725129,,,,,,,,
chr11:clu_7271,,EPS8L2,human,no_unique_junctions,ENST00000318562.13,ENST00000856471.1,724829-725728,724829-725728,,,,,,,,
chr11:clu_7271,,EPS8L2,human,no_unique_junctions,ENST00000318562.13,ENST00000856467.1,724829-725728,724829-725728,,,,,,,,
chr11:clu_7271,,EPS8L2,human,no_unique_junctions,ENST00000318562.13,NM_001441194.1,724829-725728,724829-725728,,,,,,,,
chr11:clu_7271,,EPS8L2,human,transcript_doesnt_have_junctions,ENST00000318562.13,ENST00000529346.5,724829-725728,,,,,,,,,
chr11:clu_7271,,EPS8L2,human,transcript_doesnt_have_junctions,ENST00000318562.13,ENST00000529680.5,724829-725728,,,,,,,,,
chr11:clu_7271,,EPS8L2,human,transcript_doesnt_have_junctions,ENST00000318562.13,ENST00000530093.5,724829-725728,,,,,,,,,
chr11:clu_7271,,EPS8L2,human,transcript_doesnt_have_junctions,ENST00000318562.13,ENST00000527807.5,724829-725728,,,,,,,,,
chr11:clu_7271,,EPS8L2,human,transcript_doesnt_have_junctions,ENST00000318562.13,ENST00000526380.1,724829-725728,,,,,,,,,
chr11:clu_7271,,EPS8L2,human,transcript_doesnt_have_junctions,ENST00000318562.13,ENST00000530118.1,724829-725728,,,,,,,,,
chr11:clu_7271,,EPS8L2,human,transcript_doesnt_have_junctions,ENST00000318562.13,ENST00000524474.5,724829-725728,,,,,,,,,
chr11:clu_7271,,EPS8L2,human,transcript_doesnt_have_junctions,ENST00000318562.13,ENST00000531471.1,724829-725728,,,,,,,,,
chr11:clu_7271,,EPS8L2,human,transcript_doesnt_have_junctions,ENST00000318562.13,ENST00000526651.5,724829-725728,,,,,,,,,
chr11:clu_7271,,EPS8L2,human,transcript_doesnt_have_junctions,ENST00000318562.13,ENST00000532545.1,724829-725728,,,,,,,,,
chr11:clu_7271,,EPS8L2,human,transcript_doesnt_have_junctions,ENST00000318562.13,ENST00000533816.1,724829-725728,,,,,,,,,
chr11:clu_7271,,EPS8L2,human,no_unique_junctions,ENST00000318562.13,ENST00000531393.5,724829-725728,724829-725728,,,,,,,,
chr11:clu_7271,,EPS8L2,human,no_unique_junctions,ENST00000318562.13,ENST00000527832.5,724829-725728,724829-725728,,,,,,,,
chr11:clu_7271,,EPS8L2,human,transcript_doesnt_have_junctions,ENST00000318562.13,ENST00000534679.1,724829-725728,,,,,,,,,
chr11:clu_7271,,EPS8L2,human,transcript_doesnt_have_junctions,ENST00000318562.13,ENST00000534027.1,724829-725728,,,,,,,,,
chr11:clu_7271,,EPS8L2,human,transcript_doesnt_have_junctions,ENST00000318562.13,ENST00000524763.5,724829-725728,,,,,,,,,
chr11:clu_7271,,EPS8L2,human,no_unique_junctions,ENST00000318562.13,ENST00000856465.1,724829-725728,724829-725728,,,,,,,,
chr11:clu_7271,,EPS8L2,human,transcript_doesnt_have_junctions,ENST00000318562.13,ENST00000527199.5,724829-725728,,,,,,,,,
chr11:clu_7271,,EPS8L2,human,no_unique_junctions,ENST00000318562.13,ENST00000961515.1,724829-725728,724829-725728,,,,,,,,
chr11:clu_7271,,EPS8L2,human,no_unique_junctions,ENST00000318562.13,ENST00000856466.1,724829-725728,724829-725728,,,,,,,,
chr11:clu_7271,,EPS8L2,human,no_unique_junctions,ENST00000318562.13,ENST00000912218.1,724829-725728,724829-725728,,,,,,,,
chr11:clu_7271,,EPS8L2,human,no_unique_junctions,ENST00000318562.13,ENST00000856468.1,724829-725728,724829-725728,,,,,,,,
chr11:clu_7271,,EPS8L2,human,no_unique_junctions,ENST00000318562.13,ENST00000533256.5,724829-725728,724829-725728,,,,,,,,
chr11:clu_7271,,EPS8L2,human,no_unique_junctions,ENST00000318562.13,ENST00000614442.4,724829-725728,724829-725728,,,,,,,,
chr11:clu_7271,,EPS8L2,human,no_unique_junctions,ENST00000318562.13,ENST00000856469.1,724829-725728,724829-725728,,,,,,,,
chr11:clu_7271,,EPS8L2,human,no_unique_junctions,ENST00000318562.13,ENST00000856479.1,724829-725728,724829-725728,,,,,,,,
chr11:clu_7271,,EPS8L2,human,no_unique_junctions,ENST00000318562.13,ENST00000856480.1,724829-725728,724829-725728,,,,,,,,
chr11:clu_7271,,EPS8L2,human,no_unique_junctions,ENST00000318562.13,ENST00000856470.1,724829-725728,724829-725728,,,,,,,,
chr11:clu_7271,,EPS8L2,human,transcript_doesnt_have_junctions,ENST00000318562.13,ENST00000534755.5,724829-725728,,,,,,,,,
chr11:clu_7271,,EPS8L2,human,no_unique_junctions,ENST00000318562.13,ENST00000856472.1,724829-725728,724829-725728,,,,,,,,
chr11:clu_7271,,EPS8L2,human,no_unique_junctions,ENST00000318562.13,ENST00000856481.1,724829-725728,724829-725728,,,,,,,,
chr11:clu_7271,,EPS8L2,human,no_unique_junctions,ENST00000318562.13,ENST00000856482.1,724829-725728,724829-725728,,,,,,,,
chr11:clu_7271,,EPS8L2,human,no_unique_junctions,ENST00000318562.13,ENST00000856478.1,724829-725728,724829-725728,,,,,,,,
chr11:clu_7271,,EPS8L2,human,no_unique_junctions,ENST00000318562.13,ENST00000650127.1,724829-725728,724829-725728,,,,,,,,
chr11:clu_7271,,EPS8L2,human,no_unique_junctions,ENST00000318562.13,ENST00000961516.1,724829-725728,724829-725728,,,,,,,,
chr11:clu_7271,,EPS8L2,human,no_unique_junctions,ENST00000318562.13,ENST00000526909.5,724829-725728,724829-725728,,,,,,,,
chr11:clu_7271,,EPS8L2,human,no_unique_junctions,ENST00000318562.13,ENST00000856473.1,724829-725728,724829-725728,,,,,,,,
chr11:clu_7271,,EPS8L2,human,no_unique_junctions,ENST00000318562.13,ENST00000856474.1,724829-725728,724829-725728,,,,,,,,
chr11:clu_7271,,EPS8L2,human,no_unique_junctions,ENST00000318562.13,ENST00000856476.1,724829-725728,724829-725728,,,,,,,,
chr11:clu_7271,,EPS8L2,human,no_unique_junctions,ENST00000318562.13,ENST00000856475.1,724829-725728,724829-725728,,,,,,,,
chr11:clu_7271,,EPS8L2,human,no_unique_junctions,ENST00000318562.13,ENST00000856477.1,724829-725728,724829-725728,,,,,,,,
chr11:clu_7271,,EPS8L2,human,transcript_doesnt_have_junctions,ENST00000318562.13,ENST00000533500.5,724829-725728,,,,,,,,,
chr11:clu_7271,,EPS8L2,human,transcript_doesnt_have_junctions,ENST00000318562.13,ENST00000531348.5,724829-725728,,,,,,,,,
chr11:clu_7271,,EPS8L2,human,no_unique_junctions,ENST00000318562.13,ENST00000530636.5,724829-725728,724829-725728,,,,,,,,
chr11:clu_7271,,EPS8L2,human,no_unique_junctions,ENST00000318562.13,ENST00000856483.1,724829-725728,724829-725728,,,,,,,,
chr11:clu_7271,,EPS8L2,human,no_unique_junctions,ENST00000318562.13,ENST00000856484.1,724829-725728,724829-725728,,,,,,,,
chr11:clu_7271,,EPS8L2,human,no_unique_junctions,ENST00000318562.13,ENST00000526198.5,724829-725728,724829-725728,,,,,,,,
chr11:clu_7271,,EPS8L2,human,no_unique_junctions,ENST00000318562.13,ENST00000528770.5,724829-725728,724829-725728,,,,,,,,
chr11:clu_7271,,EPS8L2,human,transcript_doesnt_have_junctions,ENST00000318562.13,ENST00000530452.6,724829-725728,,,,,,,,,
chr11:clu_7271,,EPS8L2,human,transcript_doesnt_have_junctions,ENST00000318562.13,ENST00000534449.1,724829-725728,,,,,,,,,
chr11:clu_7271,,EPS8L2,human,transcript_doesnt_have_junctions,ENST00000318562.13,ENST00000524973.1,724829-725728,,,,,,,,,
chr11:clu_7271,,EPS8L2,human,all_known_junctions_are_canonical,ENST00000318562.13,,724829-725728,,,,,,,,,
chr19:clu_20457:PSG5,,PSG5,human,novel_junction,ENST00000342951.11,,43175469-43175870,42754587-42754988,,,,,,,,
chr19:clu_20457:PSG5,,PSG5,human,novel_junction,ENST00000342951.11,,43175469-43175870,42844613-42845016,,,,,,,,
chr19:clu_20457:PSG5,,PSG5,human,novel_junction,ENST00000342951.11,,43175469-43175870,42868355-42868756,,,,,,,,
chr19:clu_20457:PSG5,,PSG5,human,novel_junction,ENST00000342951.11,,43175469-43175870,42869034-42871767,,,,,,,,
chr19:clu_20457:PSG5,,PSG5,human,novel_junction,ENST00000342951.11,,43175469-43175870,42869034-42877913,,,,,,,,
chr19:clu_20457:PSG5,,PSG5,human,novel_junction,ENST00000342951.11,,43175469-43175870,42872045-42877913,,,,,,,,
chr19:clu_20457:PSG5,,PSG5,human,novel_junction,ENST00000342951.11,,43175469-43175870,42907176-42907576,,,,,,,,
chr19:clu_20457:PSG5,,PSG5,human,novel_junction,ENST00000342951.11,,43175469-43175870,42907854-42910580,,,,,,,,
chr19:clu_20457:PSG5,,PSG5,human,novel_junction,ENST00000342951.11,,43175469-43175870,42926027-42926438,,,,,,,,
chr19:clu_20457:PSG5,,PSG5,human,novel_junction,ENST00000342951.11,,43175469-43175870,43194594-43194995,,,,,,,,
chr19:clu_20457:PSG5,,PSG5,human,no_unique_junctions,ENST00000342951.11,ENST00000407356.5,43175469-43175870,43175469-43175870,,,,,,,,
chr19:clu_20457:PSG5,,PSG5,human,no_unique_junctions,ENST00000342951.11,XM_017027003.2,43175469-43175870,43175469-43175870,,,,,,,,
chr19:clu_20457:PSG5,,PSG5,human,transcript_doesnt_have_junctions,ENST00000342951.11,XM_011527132.4,43175469-43175870,,,,,,,,,
chr19:clu_20457:PSG5,,PSG5,human,transcript_doesnt_have_junctions,ENST00000342951.11,ENST00000401942.2,43175469-43175870,,,,,,,,,
chr19:clu_20457:PSG5,,PSG5,human,transcript_doesnt_have_junctions,ENST00000342951.11,ENST00000599214.1,43175469-43175870,,,,,,,,,
chr19:clu_20457:PSG5,,PSG5,human,transcript_doesnt_have_junctions,ENST00000342951.11,ENST00000600817.5,43175469-43175870,,,,,,,,,
chr19:clu_20457:PSG5,,PSG5,human,no_unique_junctions,ENST00000342951.11,ENST00000366175.7,43175469-43175870,43175469-43175870,,,,,,,,
chr19:clu_20457:PSG5,,PSG5,human,transcript_doesnt_have_junctions,ENST00000342951.11,ENST00000407568.5,43175469-43175870,,,,,,,,,
chr19:clu_20457:PSG5,,PSG5,human,no_unique_junctions,ENST00000342951.11,ENST00000599812.5,43175469-43175870,43175469-43175870,,,,,,,,
chr19:clu_20457:PSG5,,PSG5,human,no_unique_junctions,ENST00000342951.11,ENST00000404580.1,43175469-43175870,43175469-43175870,,,,,,,,
chr19:clu_20457:PSG5,,PSG5,human,transcript_doesnt_have_junctions,ENST00000342951.11,ENST00000489220.1,43175469-43175870,,,,,,,,,
chr19:clu_20457:PSG5,,PSG5,human,transcript_doesnt_have_junctions,ENST00000342951.11,ENST00000401992.1,43175469-43175870,,,,,,,,,
chr19:clu_20457:PSG5,,PSG5,human,all_known_junctions_are_canonical,ENST00000342951.11,,43175469-43175870,,,,,,,,,
chr6:clu_35623,,DDR1,human,novel_junction,ENST00000376568.8,,30884710-30888688,30873374-30888688,,,,,,,,
chr6:clu_35623,,DDR1,human,transcript_doesnt_have_junctions,ENST00000376568.8,XM_047419324.1,30884710-30888688,,,,,,,,,
chr6:clu_35623,,DDR1,human,transcript_doesnt_have_junctions,ENST00000376568.8,XM_011514887.3,30884710-30888688,,,,,,,,,
chr6:clu_35623,,DDR1,human,transcript_doesnt_have_junctions,ENST00000376568.8,NM_001387893.1,30884710-30888688,,,,,,,,,
chr6:clu_35623,,DDR1,human,transcript_doesnt_have_junctions,ENST00000376568.8,ENST00000937421.1,30884710-30888688,,,,,,,,,
chr6:clu_35623,,DDR1,human,transcript_doesnt_have_junctions,ENST00000376568.8,XM_047419329.1,30884710-30888688,,,,,,,,,
chr6:clu_35623,,DDR1,human,transcript_doesnt_have_junctions,ENST00000376568.8,XM_047419318.1,30884710-30888688,,,,,,,,,
chr6:clu_35623,,DDR1,human,no_unique_junctions,ENST00000376568.8,ENST00000937429.1,30884710-30888688,30884710-30888688,,,,,,,,
chr6:clu_35623,,DDR1,human,no_unique_junctions,ENST00000376568.8,ENST00000908928.1,30884710-30888688,30884710-30888688,,,,,,,,
chr6:clu_35623,,DDR1,human,transcript_doesnt_have_junctions,ENST00000376568.8,XM_047419322.1,30884710-30888688,,,,,,,,,
chr6:clu_35623,,DDR1,human,transcript_doesnt_have_junctions,ENST00000376568.8,XM_047419319.1,30884710-30888688,,,,,,,,,
chr6:clu_35623,,DDR1,human,transcript_doesnt_have_junctions,ENST00000376568.8,XM_047419326.1,30884710-30888688,,,,,,,,,
chr6:clu_35623,,DDR1,human,transcript_doesnt_have_junctions,ENST00000376568.8,XM_047419333.1,30884710-30888688,,,,,,,,,
chr6:clu_35623,,DDR1,human,no_unique_junctions,ENST00000376568.8,ENST00000908931.1,30884710-30888688,30884710-30888688,,,,,,,,
chr6:clu_35623,,DDR1,human,no_unique_junctions,ENST00000376568.8,ENST00000937430.1,30884710-30888688,30884710-30888688,,,,,,,,
chr6:clu_35623,,DDR1,human,transcript_doesnt_have_junctions,ENST00000376568.8,ENST00000513240.5,30884710-30888688,,,,,,,,,
chr6:clu_35623,,DDR1,human,transcript_doesnt_have_junctions,ENST00000376568.8,ENST00000908927.1,30884710-30888688,,,,,,,,,
chr6:clu_35623,,DDR1,human,transcript_doesnt_have_junctions,ENST00000376568.8,NM_001387905.1,30884710-30888688,,,,,,,,,
chr6:clu_35623,,DDR1,human,transcript_doesnt_have_junctions,ENST00000376568.8,ENST00000937424.1,30884710-30888688,,,,,,,,,
chr6:clu_35623,,DDR1,human,transcript_doesnt_have_junctions,ENST00000376568.8,ENST00000418800.6,30884710-30888688,,,,,,,,,
chr6:clu_35623,,DDR1,human,transcript_doesnt_have_junctions,ENST00000376568.8,XM_017011268.3,30884710-30888688,,,,,,,,,
chr6:clu_35623,,DDR1,human,transcript_doesnt_have_junctions,ENST00000376568.8,XM_047419323.1,30884710-30888688,,,,,,,,,
chr6:clu_35623,,DDR1,human,transcript_doesnt_have_junctions,ENST00000376568.8,XM_047419330.1,30884710-30888688,,,,,,,,,
chr6:clu_35623,,DDR1,human,transcript_doesnt_have_junctions,ENST00000376568.8,NM_001387898.1,30884710-30888688,,,,,,,,,
chr6:clu_35623,,DDR1,human,transcript_doesnt_have_junctions,ENST00000376568.8,NM_001387907.1,30884710-30888688,,,,,,,,,
chr6:clu_35623,,DDR1,human,transcript_doesnt_have_junctions,ENST00000376568.8,ENST00000508312.5,30884710-30888688,,,,,,,,,
chr6:clu_35623,,DDR1,human,no_unique_junctions,ENST00000376568.8,NM_013994.3,30884710-30888688,30884710-30888688,,,,,,,,
chr6:clu_35623,,DDR1,human,no_unique_junctions,ENST00000376568.8,ENST00000956426.1,30884710-30888688,30884710-30888688,,,,,,,,
chr6:clu_35623,,DDR1,human,no_unique_junctions,ENST00000376568.8,NM_001387906.1,30884710-30888688,30884710-30888688,,,,,,,,
chr6:clu_35623,,DDR1,human,no_unique_junctions,ENST00000376568.8,ENST00000908949.1,30884710-30888688,30884710-30888688,,,,,,,,
chr6:clu_35623,,DDR1,human,transcript_doesnt_have_junctions,ENST00000376568.8,NM_001202523.3,30884710-30888688,,,,,,,,,
chr6:clu_35623,,DDR1,human,transcript_doesnt_have_junctions,ENST00000376568.8,NM_001387896.1,30884710-30888688,,,,,,,,,
chr6:clu_35623,,DDR1,human,transcript_doesnt_have_junctions,ENST00000376568.8,NM_001202521.1,30884710-30888688,,,,,,,,,
chr6:clu_35623,,DDR1,human,transcript_doesnt_have_junctions,ENST00000376568.8,ENST00000446312.5,30884710-30888688,,,,,,,,,
chr6:clu_35623,,DDR1,human,no_unique_junctions,ENST00000376568.8,ENST00000504152.5,30884710-30888688,30884710-30888688,,,,,,,,
chr6:clu_35623,,DDR1,human,transcript_doesnt_have_junctions,ENST00000376568.8,ENST00000431373.1,30884710-30888688,,,,,,,,,
chr6:clu_35623,,DDR1,human,transcript_doesnt_have_junctions,ENST00000376568.8,ENST00000507533.1,30884710-30888688,,,,,,,,,
chr6:clu_35623,,DDR1,human,transcript_doesnt_have_junctions,ENST00000376568.8,ENST00000485023.1,30884710-30888688,,,,,,,,,
chr6:clu_35623,,DDR1,human,transcript_doesnt_have_junctions,ENST00000376568.8,ENST00000514534.1,30884710-30888688,,,,,,,,,
chr6:clu_35623,,DDR1,human,transcript_doesnt_have_junctions,ENST00000376568.8,ENST00000502955.5,30884710-30888688,,,,,,,,,
chr6:clu_35623,,DDR1,human,transcript_doesnt_have_junctions,ENST00000376568.8,ENST00000505066.5,30884710-30888688,,,,,,,,,
chr6:clu_35623,,DDR1,human,transcript_doesnt_have_junctions,ENST00000376568.8,ENST00000460944.6,30884710-30888688,,,,,,,,,
chr6:clu_35623,,DDR1,human,no_unique_junctions,ENST00000376568.8,ENST00000505534.5,30884710-30888688,30884710-30888688,,,,,,,,
chr6:clu_35623,,DDR1,human,transcript_doesnt_have_junctions,ENST00000376568.8,ENST00000513749.5,30884710-30888688,,,,,,,,,
chr6:clu_35623,,DDR1,human,no_unique_junctions,ENST00000376568.8,ENST00000503180.5,30884710-30888688,30884710-30888688,,,,,,,,
chr6:clu_35623,,DDR1,human,transcript_doesnt_have_junctions,ENST00000376568.8,ENST00000908925.1,30884710-30888688,,,,,,,,,
chr6:clu_35623,,DDR1,human,transcript_doesnt_have_junctions,ENST00000376568.8,ENST00000908926.1,30884710-30888688,,,,,,,,,
chr6:clu_35623,,DDR1,human,no_unique_junctions,ENST00000376568.8,ENST00000509639.5,30884710-30888688,30884710-30888688,,,,,,,,
chr6:clu_35623,,DDR1,human,no_unique_junctions,ENST00000376568.8,ENST00000507901.5,30884710-30888688,30884710-30888688,,,,,,,,
chr6:clu_35623,,DDR1,human,no_unique_junctions,ENST00000376568.8,ENST00000908929.1,30884710-30888688,30884710-30888688,,,,,,,,
chr6:clu_35623,,DDR1,human,transcript_doesnt_have_junctions,ENST00000376568.8,ENST00000956420.1,30884710-30888688,,,,,,,,,
chr6:clu_35623,,DDR1,human,transcript_doesnt_have_junctions,ENST00000376568.8,ENST00000956419.1,30884710-30888688,,,,,,,,,
chr6:clu_35623,,DDR1,human,transcript_doesnt_have_junctions,ENST00000376568.8,ENST00000937425.1,30884710-30888688,,,,,,,,,
chr6:clu_35623,,DDR1,human,transcript_doesnt_have_junctions,ENST00000376568.8,ENST00000937427.1,30884710-30888688,,,,,,,,,
chr6:clu_35623,,DDR1,human,no_unique_junctions,ENST00000376568.8,ENST00000908939.1,30884710-30888688,30884710-30888688,,,,,,,,
chr6:clu_35623,,DDR1,human,transcript_doesnt_have_junctions,ENST00000376568.8,ENST00000908940.1,30884710-30888688,,,,,,,,,
chr6:clu_35623,,DDR1,human,no_unique_junctions,ENST00000376568.8,ENST00000937426.1,30884710-30888688,30884710-30888688,,,,,,,,
chr6:clu_35623,,DDR1,human,transcript_doesnt_have_junctions,ENST00000376568.8,ENST00000908941.1,30884710-30888688,,,,,,,,,
chr6:clu_35623,,DDR1,human,transcript_doesnt_have_junctions,ENST00000376568.8,ENST00000908943.1,30884710-30888688,,,,,,,,,
chr6:clu_35623,,DDR1,human,no_unique_junctions,ENST00000376568.8,ENST00000937428.1,30884710-30888688,30884710-30888688,,,,,,,,
chr6:clu_35623,,DDR1,human,transcript_doesnt_have_junctions,ENST00000376568.8,ENST00000937432.1,30884710-30888688,,,,,,,,,
chr6:clu_35623,,DDR1,human,no_unique_junctions,ENST00000376568.8,ENST00000956421.1,30884710-30888688,30884710-30888688,,,,,,,,
chr6:clu_35623,,DDR1,human,transcript_doesnt_have_junctions,ENST00000376568.8,ENST00000512694.5,30884710-30888688,,,,,,,,,
chr6:clu_35623,,DDR1,human,transcript_doesnt_have_junctions,ENST00000376568.8,ENST00000503628.5,30884710-30888688,,,,,,,,,
chr6:clu_35623,,DDR1,human,transcript_doesnt_have_junctions,ENST00000376568.8,ENST00000515233.5,30884710-30888688,,,,,,,,,
chr6:clu_35623,,DDR1,human,transcript_doesnt_have_junctions,ENST00000376568.8,ENST00000956423.1,30884710-30888688,,,,,,,,,
chr6:clu_35623,,DDR1,human,transcript_doesnt_have_junctions,ENST00000376568.8,ENST00000908945.1,30884710-30888688,,,,,,,,,
chr6:clu_35623,,DDR1,human,no_unique_junctions,ENST00000376568.8,ENST00000908946.1,30884710-30888688,30884710-30888688,,,,,,,,
chr6:clu_35623,,DDR1,human,no_unique_junctions,ENST00000376568.8,ENST00000908947.1,30884710-30888688,30884710-30888688,,,,,,,,
chr6:clu_35623,,DDR1,human,transcript_doesnt_have_junctions,ENST00000376568.8,ENST00000937434.1,30884710-30888688,,,,,,,,,
chr6:clu_35623,,DDR1,human,no_unique_junctions,ENST00000376568.8,ENST00000515881.5,30884710-30888688,30884710-30888688,,,,,,,,
chr6:clu_35623,,DDR1,human,no_unique_junctions,ENST00000376568.8,ENST00000937435.1,30884710-30888688,30884710-30888688,,,,,,,,
chr6:clu_35623,,DDR1,human,transcript_doesnt_have_junctions,ENST00000376568.8,ENST00000908950.1,30884710-30888688,,,,,,,,,
chr6:clu_35623,,DDR1,human,transcript_doesnt_have_junctions,ENST00000376568.8,ENST00000511510.5,30884710-30888688,,,,,,,,,
chr6:clu_35623,,DDR1,human,transcript_doesnt_have_junctions,ENST00000376568.8,ENST00000504927.5,30884710-30888688,,,,,,,,,
chr6:clu_35623,,DDR1,human,no_unique_junctions,ENST00000376568.8,ENST00000908954.1,30884710-30888688,30884710-30888688,,,,,,,,
chr6:clu_35623,,DDR1,human,no_unique_junctions,ENST00000376568.8,ENST00000908955.1,30884710-30888688,30884710-30888688,,,,,,,,
chr6:clu_35623,,DDR1,human,no_unique_junctions,ENST00000376568.8,ENST00000937440.1,30884710-30888688,30884710-30888688,,,,,,,,
chr6:clu_35623,,DDR1,human,no_unique_junctions,ENST00000376568.8,ENST00000937441.1,30884710-30888688,30884710-30888688,,,,,,,,
chr6:clu_35623,,DDR1,human,no_unique_junctions,ENST00000376568.8,ENST00000937442.1,30884710-30888688,30884710-30888688,,,,,,,,
chr6:clu_35623,,DDR1,human,transcript_doesnt_have_junctions,ENST00000376568.8,ENST00000956427.1,30884710-30888688,,,,,,,,,
chr6:clu_35623,,DDR1,human,no_unique_junctions,ENST00000376568.8,ENST00000482873.6,30884710-30888688,30884710-30888688,,,,,,,,
chr6:clu_35623,,DDR1,human,transcript_doesnt_have_junctions,ENST00000376568.8,ENST00000908956.1,30884710-30888688,,,,,,,,,
chr6:clu_35623,,DDR1,human,transcript_doesnt_have_junctions,ENST00000376568.8,ENST00000956428.1,30884710-30888688,,,,,,,,,
chr6:clu_35623,,DDR1,human,transcript_doesnt_have_junctions,ENST00000376568.8,ENST00000421124.6,30884710-30888688,,,,,,,,,
chr6:clu_35623,,DDR1,human,transcript_doesnt_have_junctions,ENST00000376568.8,ENST00000512725.5,30884710-30888688,,,,,,,,,
chr6:clu_35623,,DDR1,human,transcript_doesnt_have_junctions,ENST00000376568.8,ENST00000504679.5,30884710-30888688,,,,,,,,,
chr6:clu_35623,,DDR1,human,transcript_doesnt_have_junctions,ENST00000376568.8,ENST00000503495.5,30884710-30888688,,,,,,,,,
chr6:clu_35623,,DDR1,human,transcript_doesnt_have_junctions,ENST00000376568.8,ENST00000908957.1,30884710-30888688,,,,,,,,,
chr6:clu_35623,,DDR1,human,transcript_doesnt_have_junctions,ENST00000376568.8,ENST00000503670.5,30884710-30888688,,,,,,,,,
chr6:clu_35623,,DDR1,human,transcript_doesnt_have_junctions,ENST00000376568.8,ENST00000908958.1,30884710-30888688,,,,,,,,,
chr6:clu_35623,,DDR1,human,transcript_doesnt_have_junctions,ENST00000376568.8,ENST00000376567.6,30884710-30888688,,,,,,,,,
chr6:clu_35623,,DDR1,human,transcript_doesnt_have_junctions,ENST00000376568.8,ENST00000376575.7,30884710-30888688,,,,,,,,,
chr6:clu_35623,,DDR1,human,transcript_doesnt_have_junctions,ENST00000376568.8,ENST00000424544.2,30884710-30888688,,,,,,,,,
chr6:clu_35623,,DDR1,human,transcript_doesnt_have_junctions,ENST00000376568.8,ENST00000417521.5,30884710-30888688,,,,,,,,,
chr6:clu_35623,,DDR1,human,transcript_doesnt_have_junctions,ENST00000376568.8,ENST00000514434.1,30884710-30888688,,,,,,,,,
chr6:clu_35623,,DDR1,human,transcript_doesnt_have_junctions,ENST00000376568.8,ENST00000484556.1,30884710-30888688,,,,,,,,,
chr6:clu_35623,,DDR1,human,transcript_doesnt_have_junctions,ENST00000376568.8,ENST00000482050.1,30884710-30888688,,,,,,,,,
chr6:clu_35623,,DDR1,human,transcript_doesnt_have_junctions,ENST00000376568.8,ENST00000515529.4,30884710-30888688,,,,,,,,,
chr6:clu_35623,,DDR1,human,transcript_doesnt_have_junctions,ENST00000376568.8,ENST00000506573.1,30884710-30888688,,,,,,,,,
chr6:clu_35623,,DDR1,human,transcript_doesnt_have_junctions,ENST00000376568.8,ENST00000508472.5,30884710-30888688,,,,,,,,,
chr6:clu_35623,,DDR1,human,transcript_doesnt_have_junctions,ENST00000376568.8,ENST00000465966.4,30884710-30888688,,,,,,,,,
chr6:clu_35623,,DDR1,human,transcript_doesnt_have_junctions,ENST00000376568.8,ENST00000513514.2,30884710-30888688,,,,,,,,,
chr6:clu_35623,,DDR1,human,subsumed_by_larger_group,ENST00000376568.8,ENST00000324771.12,30884710-30888688,30884710-30885625;30885680-30888688,,,,,,,,
chr6:clu_35623,,DDR1,human,subsumed_by_larger_group,ENST00000376568.8,ENST00000412274.6,30884710-30888688,30884710-30885625;30885680-30888688,,,,,,,,
chr6:clu_35623,,DDR1,human,subsumed_by_larger_group,ENST00000376568.8,ENST00000428153.6,30884710-30888688,30884710-30885625;30885680-30888688,,,,,,,,
chr6:clu_35623,,DDR1,human,subsumed_by_larger_group,ENST00000376568.8,ENST00000452441.5,30884710-30888688,30884710-30885625;30885680-30888688,,,,,,,,
chr6:clu_35623,,DDR1,human,subsumed_by_larger_group,ENST00000376568.8,ENST00000504651.5,30884710-30888688,30884710-30885625;30885680-30888688,,,,,,,,
chr6:clu_35623,,DDR1,human,subsumed_by_larger_group,ENST00000376568.8,ENST00000507046.5,30884710-30888688,30884710-30885625;30885680-30888688,,,,,,,,
chr6:clu_35623,,DDR1,human,subsumed_by_larger_group,ENST00000376568.8,ENST00000513043.5,30884710-30888688,30884710-30885625;30885680-30888688,,,,,,,,
chr6:clu_35623,,DDR1,human,subsumed_by_larger_group,ENST00000376568.8,ENST00000513243.5,30884710-30888688,30884710-30885625;30885680-30888688,,,,,,,,
chr6:clu_35623,,DDR1,human,subsumed_by_larger_group,ENST00000376568.8,ENST00000908924.1,30884710-30888688,30884710-30885625;30885680-30888688,,,,,,,,
chr6:clu_35623,,DDR1,human,subsumed_by_larger_group,ENST00000376568.8,ENST00000908934.1,30884710-30888688,30884710-30885625;30885680-30888688,,,,,,,,
chr6:clu_35623,,DDR1,human,subsumed_by_larger_group,ENST00000376568.8,ENST00000908948.1,30884710-30888688,30884710-30885625;30885680-30888688,,,,,,,,
chr6:clu_35623,,DDR1,human,subsumed_by_larger_group,ENST00000376568.8,ENST00000956422.1,30884710-30888688,30884710-30885625;30885680-30888688,,,,,,,,
chr6:clu_35623,,DDR1,human,subsumed_by_larger_group,ENST00000376568.8,ENST00000956425.1,30884710-30888688,30884710-30885625;30885680-30888688,,,,,,,,
chr6:clu_35623,,DDR1,human,subsumed_by_larger_group,ENST00000376568.8,XM_011514884.2,30884710-30888688,30884710-30885625;30885680-30888688,,,,,,,,
chr6:clu_35623,,DDR1,human,subsumed_by_larger_group,ENST00000376568.8,ENST00000437124.6,30884710-30888688,30885680-30888688,,,,,,,,
chr6:clu_35623,,DDR1,human,subsumed_by_larger_group,ENST00000376568.8,ENST00000508317.5,30884710-30888688,30885680-30888688,,,,,,,,
chr6:clu_35623,,DDR1,human,subsumed_by_larger_group,ENST00000376568.8,ENST00000512336.5,30884710-30888688,30885680-30888688,,,,,,,,
chr6:clu_35623,,DDR1,human,subsumed_by_larger_group,ENST00000376568.8,ENST00000908935.1,30884710-30888688,30885680-30888688,,,,,,,,
chr6:clu_35623,,DDR1,human,subsumed_by_larger_group,ENST00000376568.8,ENST00000908936.1,30884710-30888688,30885680-30888688,,,,,,,,
chr6:clu_35623,,DDR1,human,subsumed_by_larger_group,ENST00000376568.8,ENST00000908937.1,30884710-30888688,30885680-30888688,,,,,,,,
chr6:clu_35623,,DDR1,human,subsumed_by_larger_group,ENST00000376568.8,ENST00000908942.1,30884710-30888688,30885680-30888688,,,,,,,,
chr6:clu_35623,,DDR1,human,subsumed_by_larger_group,ENST00000376568.8,ENST00000908944.1,30884710-30888688,30885680-30888688,,,,,,,,
chr6:clu_35623,,DDR1,human,subsumed_by_larger_group,ENST00000376568.8,ENST00000908953.1,30884710-30888688,30885680-30888688,,,,,,,,
chr6:clu_35623,,DDR1,human,subsumed_by_larger_group,ENST00000376568.8,ENST00000937431.1,30884710-30888688,30885680-30888688,,,,,,,,
chr6:clu_35623,,DDR1,human,subsumed_by_larger_group,ENST00000376568.8,ENST00000937433.1,30884710-30888688,30885680-30888688,,,,,,,,
chr6:clu_35623,,DDR1,human,subsumed_by_larger_group,ENST00000376568.8,ENST00000937437.1,30884710-30888688,30885680-30888688,,,,,,,,
chr6:clu_35623,,DDR1,human,subsumed_by_larger_group,ENST00000376568.8,ENST00000937439.1,30884710-30888688,30885680-30888688,,,,,,,,
chr6:clu_35623,,DDR1,human,subsumed_by_larger_group,ENST00000376568.8,ENST00000956429.1,30884710-30888688,30885680-30888688,,,,,,,,
chr6:clu_35623,,DDR1,human,subsumed_by_larger_group,ENST00000376568.8,NM_001387909.1,30884710-30888688,30885680-30888688,,,,,,,,
chr6:clu_35623,,DDR1,human,subsumed_by_larger_group,ENST00000376568.8,ENST00000376569.7,30884710-30888688,30884145-30884538;30884710-30888688,,,,,,,,
chr6:clu_35623,,DDR1,human,subsumed_by_larger_group,ENST00000376568.8,ENST00000908938.1,30884710-30888688,30884145-30884538;30884710-30888688,,,,,,,,
chr6:clu_35623,,DDR1,human,subsumed_by_larger_group,ENST00000376568.8,ENST00000908951.1,30884710-30888688,30884145-30884538;30884710-30888688,,,,,,,,
chr6:clu_35623,,DDR1,human,subsumed_by_larger_group,ENST00000376568.8,ENST00000937422.1,30884710-30888688,30884145-30884538;30884710-30888688,,,,,,,,
chr6:clu_35623,,DDR1,human,subsumed_by_larger_group,ENST00000376568.8,ENST00000937436.1,30884710-30888688,30884145-30884538;30884710-30888688,,,,,,,,
chr6:clu_35623,,DDR1,human,subsumed_by_larger_group,ENST00000376568.8,ENST00000937438.1,30884710-30888688,30884145-30884538,,,,,,,,
chr6:clu_35623,,DDR1,human,subsumed_by_larger_group,ENST00000376568.8,XM_047419320.1,30884710-30888688,30884145-30884538,,,,,,,,
chr6:clu_35623,,DDR1,human,subsumed_by_larger_group,ENST00000376568.8,XM_047419321.1,30884710-30888688,30884145-30884538,,,,,,,,
chr6:clu_35623,,DDR1,human,subsumed_by_larger_group,ENST00000376568.8,XM_047419325.1,30884710-30888688,30884145-30884538,,,,,,,,
chr6:clu_35623,,DDR1,human,subsumed_by_larger_group,ENST00000376568.8,XM_047419327.1,30884710-30888688,30884145-30884538;30884710-30888688,,,,,,,,
chr6:clu_35623,,DDR1,human,subsumed_by_larger_group,ENST00000376568.8,XM_047419331.1,30884710-30888688,30884145-30884538,,,,,,,,
chr6:clu_35623,,DDR1,human,subsumed_by_larger_group,ENST00000376568.8,XM_047419332.1,30884710-30888688,30884145-30884538,,,,,,,,
chr6:clu_35623,,DDR1,human,subsumed_by_larger_group,ENST00000376568.8,ENST00000515219.5,30884710-30888688,30884710-30885625,,,,,,,,
chr6:clu_35623,,DDR1,human,subsumed_by_larger_group,ENST00000376568.8,ENST00000908932.1,30884710-30888688,30884710-30885625,,,,,,,,
chr6:clu_35623,,DDR1,human,subsumed_by_larger_group,ENST00000376568.8,ENST00000908933.1,30884710-30888688,30884710-30885625,,,,,,,,
chr6:clu_35623,,DDR1,human,subsumed_by_larger_group,ENST00000376568.8,ENST00000908952.1,30884710-30888688,30884145-30884538;30885680-30888688,,,,,,,,
chr6:clu_35623,,DDR1,human,subsumed_by_larger_group,ENST00000376568.8,XM_047419328.1,30884710-30888688,30884145-30884538;30885680-30888688,,,,,,,,
chr6:clu_35623,1/2,DDR1,human,transcript_not_chosen,ENST00000376568.8,ENST00000396342.6,30884710-30888688,30883165-30888688,,,,,,,,
chr6:clu_35623,1/2,DDR1,human,transcript_not_chosen,ENST00000376568.8,ENST00000937423.1,30884710-30888688,30883165-30888688,,,,,,,,
chr6:clu_35623,1/2,DDR1,human,transcript_not_chosen,ENST00000376568.8,XM_024446541.2,30884710-30888688,30883165-30888688,,,,,,,,
chr6:clu_35623,2/2,DDR1,human,transcript_not_chosen,ENST00000376568.8,ENST00000376570.8,30884710-30888688,30884145-30884538;30884710-30885625;30885680-30888688,,,,,,,,
chr6:clu_35623,2/2,DDR1,human,transcript_not_chosen,ENST00000376568.8,ENST00000454612.6,30884710-30888688,30884145-30884538;30884710-30885625;30885680-30888688,,,,,,,,
chr6:clu_35623,2/2,DDR1,human,transcript_not_chosen,ENST00000376568.8,ENST00000956424.1,30884710-30888688,30884145-30884538;30884710-30885625;30885680-30888688,,,,,,,,
chr6:clu_35623,2/2,DDR1,human,transcript_not_chosen,ENST00000376568.8,XM_024446540.2,30884710-30888688,30884145-30884538;30884710-30885625;30885680-30888688,,,,,,,,
chr8:clu_39646,,FHIP2B,human,novel_junction,ENST00000289921.8,,22096509-22097516;22097620-22097717,22096509-22097324,,,,,,,,
chr8:clu_39646,,FHIP2B,human,novel_junction,ENST00000289921.8,,22096509-22097516;22097620-22097717,22096509-22097388,,,,,,,,
chr8:clu_39646,,FHIP2B,human,novel_junction,ENST00000289921.8,,22096509-22097516;22097620-22097717,22096543-22097516,,,,,,,,
chr8:clu_39646,,FHIP2B,human,no_unique_junctions,ENST00000289921.8,NM_001354251.2,22096509-22097516;22097620-22097717,22096509-22097516;22097620-22097717,,,,,,,,
chr8:clu_39646,,FHIP2B,human,no_unique_junctions,ENST00000289921.8,ENST00000857906.1,22096509-22097516;22097620-22097717,22096509-22097516;22097620-22097717,,,,,,,,
chr8:clu_39646,,FHIP2B,human,no_unique_junctions,ENST00000289921.8,ENST00000857905.1,22096509-22097516;22097620-22097717,22096509-22097516;22097620-22097717,,,,,,,,
chr8:clu_39646,,FHIP2B,human,no_unique_junctions,ENST00000289921.8,XM_005273602.5,22096509-22097516;22097620-22097717,22096509-22097516;22097620-22097717,,,,,,,,
chr8:clu_39646,,FHIP2B,human,transcript_doesnt_have_junctions,ENST00000289921.8,ENST00000498344.2,22096509-22097516;22097620-22097717,,,,,,,,,
chr8:clu_39646,,FHIP2B,human,transcript_doesnt_have_junctions,ENST00000289921.8,ENST00000488968.1,22096509-22097516;22097620-22097717,,,,,,,,,
chr8:clu_39646,,FHIP2B,human,transcript_doesnt_have_junctions,ENST00000289921.8,ENST00000464226.2,22096509-22097516;22097620-22097717,,,,,,,,,
chr8:clu_39646,,FHIP2B,human,transcript_doesnt_have_junctions,ENST00000289921.8,ENST00000474579.1,22096509-22097516;22097620-22097717,,,,,,,,,
chr8:clu_39646,,FHIP2B,human,transcript_doesnt_have_junctions,ENST00000289921.8,ENST00000462914.3,22096509-22097516;22097620-22097717,,,,,,,,,
chr8:clu_39646,,FHIP2B,human,transcript_doesnt_have_junctions,ENST00000289921.8,ENST00000491733.2,22096509-22097516;22097620-22097717,,,,,,,,,
chr8:clu_39646,,FHIP2B,human,transcript_doesnt_have_junctions,ENST00000289921.8,ENST00000477614.1,22096509-22097516;22097620-22097717,,,,,,,,,
chr8:clu_39646,,FHIP2B,human,transcript_doesnt_have_junctions,ENST00000289921.8,ENST00000496599.3,22096509-22097516;22097620-22097717,,,,,,,,,
chr8:clu_39646,,FHIP2B,human,transcript_doesnt_have_junctions,ENST00000289921.8,ENST00000523633.1,22096509-22097516;22097620-22097717,,,,,,,,,
chr8:clu_39646,,FHIP2B,human,transcript_doesnt_have_junctions,ENST00000289921.8,ENST00000857907.1,22096509-22097516;22097620-22097717,,,,,,,,,
chr8:clu_39646,,FHIP2B,human,no_unique_junctions,ENST00000289921.8,ENST00000926214.1,22096509-22097516;22097620-22097717,22096509-22097516,,,,,,,,
chr8:clu_39646,,FHIP2B,human,no_unique_junctions,ENST00000289921.8,ENST00000948578.1,22096509-22097516;22097620-22097717,22096509-22097516;22097620-22097717,,,,,,,,
chr8:clu_39646,,FHIP2B,human,no_unique_junctions,ENST00000289921.8,ENST00000427751.5,22096509-22097516;22097620-22097717,22096509-22097516;22097620-22097717,,,,,,,,
chr8:clu_39646,,FHIP2B,human,no_unique_junctions,ENST00000289921.8,ENST00000926215.1,22096509-22097516;22097620-22097717,22096509-22097516;22097620-22097717,,,,,,,,
chr8:clu_39646,,FHIP2B,human,no_unique_junctions,ENST00000289921.8,ENST00000450006.7,22096509-22097516;22097620-22097717,22096509-22097516;22097620-22097717,,,,,,,,
chr8:clu_39646,,FHIP2B,human,transcript_doesnt_have_junctions,ENST00000289921.8,ENST00000948579.1,22096509-22097516;22097620-22097717,,,,,,,,,
chr8:clu_39646,,FHIP2B,human,all_known_junctions_are_canonical,ENST00000289921.8,,22096509-22097516;22097620-22097717,,,,,,,,,
chr2:clu_23703:STK11IP,,STK11IP,human,novel_junction,ENST00000456909.6,,219598180-219601235,219572642-219574694,,,,,,,,
chr2:clu_23703:STK11IP,,STK11IP,human,novel_junction,ENST00000456909.6,,219598180-219601235,219572642-219598094,,,,,,,,
chr2:clu_23703:STK11IP,,STK11IP,human,no_unique_junctions,ENST00000456909.6,XM_011510526.2,219598180-219601235,219598180-219601235,,,,,,,,
chr2:clu_23703:STK11IP,,STK11IP,human,no_unique_junctions,ENST00000456909.6,XM_011510527.4,219598180-219601235,219598180-219601235,,,,,,,,
chr2:clu_23703:STK11IP,,STK11IP,human,no_unique_junctions,ENST00000456909.6,XM_047443102.1,219598180-219601235,219598180-219601235,,,,,,,,
chr2:clu_23703:STK11IP,,STK11IP,human,no_unique_junctions,ENST00000456909.6,XM_047443104.1,219598180-219601235,219598180-219601235,,,,,,,,
chr2:clu_23703:STK11IP,,STK11IP,human,no_unique_junctions,ENST00000456909.6,XM_011510529.2,219598180-219601235,219598180-219601235,,,,,,,,
chr2:clu_23703:STK11IP,,STK11IP,human,transcript_doesnt_have_junctions,ENST00000456909.6,XM_011510528.3,219598180-219601235,,,,,,,,,
chr2:clu_23703:STK11IP,,STK11IP,human,no_unique_junctions,ENST00000456909.6,ENST00000475843.5,219598180-219601235,219598180-219601235,,,,,,,,
chr2:clu_23703:STK11IP,,STK11IP,human,no_unique_junctions,ENST00000456909.6,ENST00000475396.5,219598180-219601235,219598180-219601235,,,,,,,,
chr2:clu_23703:STK11IP,,STK11IP,human,transcript_doesnt_have_junctions,ENST00000456909.6,ENST00000465230.5,219598180-219601235,,,,,,,,,
chr2:clu_23703:STK11IP,,STK11IP,human,transcript_doesnt_have_junctions,ENST00000456909.6,ENST00000466648.1,219598180-219601235,,,,,,,,,
chr2:clu_23703:STK11IP,,STK11IP,human,transcript_doesnt_have_junctions,ENST00000456909.6,ENST00000473899.1,219598180-219601235,,,,,,,,,
chr2:clu_23703:STK11IP,,STK11IP,human,transcript_doesnt_have_junctions,ENST00000456909.6,ENST00000495941.1,219598180-219601235,,,,,,,,,
chr2:clu_23703:STK11IP,,STK11IP,human,transcript_doesnt_have_junctions,ENST00000456909.6,ENST00000494777.1,219598180-219601235,,,,,,,,,
chr2:clu_23703:STK11IP,,STK11IP,human,no_unique_junctions,ENST00000456909.6,ENST00000964335.1,219598180-219601235,219598180-219601235,,,,,,,,
chr2:clu_23703:STK11IP,,STK11IP,human,no_unique_junctions,ENST00000456909.6,ENST00000879649.1,219598180-219601235,219598180-219601235,,,,,,,,
chr2:clu_23703:STK11IP,,STK11IP,human,no_unique_junctions,ENST00000456909.6,ENST00000879650.1,219598180-219601235,219598180-219601235,,,,,,,,
chr2:clu_23703:STK11IP,,STK11IP,human,no_unique_junctions,ENST00000456909.6,ENST00000879651.1,219598180-219601235,219598180-219601235,,,,,,,,
chr2:clu_23703:STK11IP,,STK11IP,human,no_unique_junctions,ENST00000456909.6,ENST00000939311.1,219598180-219601235,219598180-219601235,,,,,,,,
chr2:clu_23703:STK11IP,,STK11IP,human,no_unique_junctions,ENST00000456909.6,ENST00000879652.1,219598180-219601235,219598180-219601235,,,,,,,,
chr2:clu_23703:STK11IP,,STK11IP,human,no_unique_junctions,ENST00000456909.6,ENST00000939312.1,219598180-219601235,219598180-219601235,,,,,,,,
chr2:clu_23703:STK11IP,,STK11IP,human,no_unique_junctions,ENST00000456909.6,ENST00000879653.1,219598180-219601235,219598180-219601235,,,,,,,,
chr2:clu_23703:STK11IP,,STK11IP,human,no_unique_junctions,ENST00000456909.6,ENST00000879654.1,219598180-219601235,219598180-219601235,,,,,,,,
chr2:clu_23703:STK11IP,,STK11IP,human,no_unique_junctions,ENST00000456909.6,ENST00000879655.1,219598180-219601235,219598180-219601235,,,,,,,,
chr2:clu_23703:STK11IP,,STK11IP,human,no_unique_junctions,ENST00000456909.6,ENST00000456857.5,219598180-219601235,219598180-219601235,,,,,,,,
chr2:clu_23703:STK11IP,,STK11IP,human,no_unique_junctions,ENST00000456909.6,ENST00000879656.1,219598180-219601235,219598180-219601235,,,,,,,,
chr2:clu_23703:STK11IP,,STK11IP,human,no_unique_junctions,ENST00000456909.6,ENST00000964336.1,219598180-219601235,219598180-219601235,,,,,,,,
chr2:clu_23703:STK11IP,,STK11IP,human,transcript_doesnt_have_junctions,ENST00000456909.6,ENST00000483319.1,219598180-219601235,,,,,,,,,
chr2:clu_23703:STK11IP,,STK11IP,human,transcript_doesnt_have_junctions,ENST00000456909.6,ENST00000413891.5,219598180-219601235,,,,,,,,,
chr2:clu_23703:STK11IP,,STK11IP,human,transcript_doesnt_have_junctions,ENST00000456909.6,ENST00000447191.1,219598180-219601235,,,,,,,,,
chr2:clu_23703:STK11IP,,STK11IP,human,transcript_doesnt_have_junctions,ENST00000456909.6,ENST00000468584.5,219598180-219601235,,,,,,,,,
chr2:clu_23703:STK11IP,,STK11IP,human,transcript_doesnt_have_junctions,ENST00000456909.6,ENST00000459692.1,219598180-219601235,,,,,,,,,
chr2:clu_23703:STK11IP,,STK11IP,human,all_known_junctions_are_canonical,ENST00000456909.6,,219598180-219601235,,,,,,,,,
chr6:clu_35453,,DSP,human,transcript_doesnt_have_junctions,ENST00000379802.8,ENST00000713910.1,7578562-7579275;7581569-7582642,,,,,,,,,
chr6:clu_35453,,DSP,human,transcript_doesnt_have_junctions,ENST00000379802.8,ENST00000683563.1,7578562-7579275;7581569-7582642,,,,,,,,,
chr6:clu_35453,,DSP,human,transcript_doesnt_have_junctions,ENST00000379802.8,ENST00000506617.1,7578562-7579275;7581569-7582642,,,,,,,,,
chr6:clu_35453,,DSP,human,transcript_doesnt_have_junctions,ENST00000379802.8,ENST00000682228.1,7578562-7579275;7581569-7582642,,,,,,,,,
chr6:clu_35453,,DSP,human,transcript_doesnt_have_junctions,ENST00000379802.8,ENST00000684395.1,7578562-7579275;7581569-7582642,,,,,,,,,
chr6:clu_35453,,DSP,human,transcript_doesnt_have_junctions,ENST00000379802.8,ENST00000713909.1,7578562-7579275;7581569-7582642,,,,,,,,,
chr6:clu_35453,,DSP,human,transcript_doesnt_have_junctions,ENST00000379802.8,ENST00000713918.1,7578562-7579275;7581569-7582642,,,,,,,,,
chr6:clu_35453,,DSP,human,no_unique_junctions,ENST00000379802.8,ENST00000713869.1,7578562-7579275;7581569-7582642,7578562-7579275;7581569-7582642,,,,,,,,
chr6:clu_35453,,DSP,human,transcript_doesnt_have_junctions,ENST00000379802.8,ENST00000713911.1,7578562-7579275;7581569-7582642,,,,,,,,,
chr6:clu_35453,,DSP,human,transcript_doesnt_have_junctions,ENST00000379802.8,ENST00000683682.2,7578562-7579275;7581569-7582642,,,,,,,,,
chr6:clu_35453,,DSP,human,no_unique_junctions,ENST00000379802.8,ENST00000713912.1,7578562-7579275;7581569-7582642,7578562-7579275;7581569-7582642,,,,,,,,
chr6:clu_35453,,DSP,human,no_unique_junctions,ENST00000379802.8,ENST00000713924.1,7578562-7579275;7581569-7582642,7578562-7579275;7581569-7582642,,,,,,,,
chr6:clu_35453,,DSP,human,no_unique_junctions,ENST00000379802.8,ENST00000713913.1,7578562-7579275;7581569-7582642,7578562-7579275,,,,,,,,
chr6:clu_35453,,DSP,human,no_unique_junctions,ENST00000379802.8,ENST00000713904.1,7578562-7579275;7581569-7582642,7578562-7579275;7581569-7582642,,,,,,,,
chr6:clu_35453,1/2,DSP,human,transcript_not_chosen,ENST00000379802.8,ENST00000713903.1,7578562-7579275;7581569-7582642,7578562-7579275;7579772-7582642,,,,,,,,
chr12:clu_8932,,MYL6,human,no_unique_junctions,ENST00000550697.6,ENST00000550184.5,56160320-56160626;56160670-56161387,56160320-56160626;56160670-56161387,,,,,,,,
chr12:clu_8932,,MYL6,human,transcript_doesnt_have_junctions,ENST00000550697.6,ENST00000547703.5,56160320-56160626;56160670-56161387,,,,,,,,,
chr12:clu_8932,,MYL6,human,transcript_doesnt_have_junctions,ENST00000550697.6,ENST00000548725.5,56160320-56160626;56160670-56161387,,,,,,,,,
chr12:clu_8932,,MYL6,human,transcript_doesnt_have_junctions,ENST00000550697.6,ENST00000546630.1,56160320-56160626;56160670-56161387,,,,,,,,,
chr12:clu_8932,,MYL6,human,no_unique_junctions,ENST00000550697.6,ENST00000864437.1,56160320-56160626;56160670-56161387,56160320-56160626;56160670-56161387,,,,,,,,
chr12:clu_8932,,MYL6,human,no_unique_junctions,ENST00000550697.6,ENST00000348108.8,56160320-56160626;56160670-56161387,56160320-56160626;56160670-56161387,,,,,,,,
chr12:clu_8932,,MYL6,human,no_unique_junctions,ENST00000550697.6,ENST00000958400.1,56160320-56160626;56160670-56161387,56160320-56160626,,,,,,,,
chr12:clu_8932,,MYL6,human,no_unique_junctions,ENST00000550697.6,ENST00000864438.1,56160320-56160626;56160670-56161387,56160320-56160626;56160670-56161387,,,,,,,,
chr12:clu_8932,,MYL6,human,no_unique_junctions,ENST00000550697.6,ENST00000940642.1,56160320-56160626;56160670-56161387,56160320-56160626;56160670-56161387,,,,,,,,
chr12:clu_8932,,MYL6,human,transcript_doesnt_have_junctions,ENST00000550697.6,ENST00000536128.5,56160320-56160626;56160670-56161387,,,,,,,,,
chr12:clu_8932,,MYL6,human,transcript_doesnt_have_junctions,ENST00000550697.6,ENST00000547408.5,56160320-56160626;56160670-56161387,,,,,,,,,
chr12:clu_8932,,MYL6,human,transcript_doesnt_have_junctions,ENST00000550697.6,ENST00000551589.5,56160320-56160626;56160670-56161387,,,,,,,,,
chr12:clu_8932,,MYL6,human,no_unique_junctions,ENST00000550697.6,ENST00000958401.1,56160320-56160626;56160670-56161387,56160320-56160626;56160670-56161387,,,,,,,,
chr12:clu_8932,,MYL6,human,transcript_doesnt_have_junctions,ENST00000550697.6,ENST00000549392.5,56160320-56160626;56160670-56161387,,,,,,,,,
chr12:clu_8932,,MYL6,human,no_unique_junctions,ENST00000550697.6,ENST00000548400.5,56160320-56160626;56160670-56161387,56160320-56160626;56160670-56161387,,,,,,,,
chr12:clu_8932,,MYL6,human,no_unique_junctions,ENST00000550697.6,ENST00000548293.5,56160320-56160626;56160670-56161387,56160320-56160626,,,,,,,,
chr12:clu_8932,,MYL6,human,transcript_doesnt_have_junctions,ENST00000550697.6,ENST00000546845.1,56160320-56160626;56160670-56161387,,,,,,,,,
chr12:clu_8932,,MYL6,human,transcript_doesnt_have_junctions,ENST00000550697.6,ENST00000552297.5,56160320-56160626;56160670-56161387,,,,,,,,,
chr12:clu_8932,,MYL6,human,transcript_doesnt_have_junctions,ENST00000550697.6,ENST00000550639.1,56160320-56160626;56160670-56161387,,,,,,,,,
chr12:clu_8932,,MYL6,human,transcript_doesnt_have_junctions,ENST00000550697.6,ENST00000551954.1,56160320-56160626;56160670-56161387,,,,,,,,,
chr12:clu_8932,1/1,MYL6,human,transcript_not_chosen,ENST00000550697.6,ENST00000293422.9,56160320-56160626;56160670-56161387,56160320-56161387,,,,,,,,
chr12:clu_8932,1/1,MYL6,human,transcript_not_chosen,ENST00000550697.6,ENST00000547649.5,56160320-56160626;56160670-56161387,56160320-56161387,,,,,,,,
chr12:clu_8932,1/1,MYL6,human,transcript_not_chosen,ENST00000550697.6,ENST00000548580.5,56160320-56160626;56160670-56161387,56160320-56161387,,,,,,,,
chr12:clu_8932,1/1,MYL6,human,transcript_not_chosen,ENST00000550697.6,ENST00000549017.5,56160320-56160626;56160670-56161387,56160320-56161387,,,,,,,,
chr2:clu_24533,,RGPD2,human,no_unique_junctions,ENST00000398146.5,XM_047445734.1,87775083-87782124,87775083-87782124,,,,,,,,
chr2:clu_24533,,RGPD2,human,no_unique_junctions,ENST00000398146.5,XM_017004845.2,87775083-87782124,87775083-87782124,,,,,,,,
chr2:clu_24533,,RGPD2,human,no_unique_junctions,ENST00000398146.5,NM_001393613.1,87775083-87782124,87775083-87782124,,,,,,,,
chr2:clu_24533,,RGPD2,human,transcript_doesnt_have_junctions,ENST00000398146.5,XM_047445738.1,87775083-87782124,,,,,,,,,
chr2:clu_24533,,RGPD2,human,transcript_doesnt_have_junctions,ENST00000398146.5,XM_047445735.1,87775083-87782124,,,,,,,,,
chr2:clu_24533,,RGPD2,human,transcript_doesnt_have_junctions,ENST00000398146.5,XM_047445736.1,87775083-87782124,,,,,,,,,
chr2:clu_24533,,RGPD2,human,no_unique_junctions,ENST00000398146.5,ENST00000971290.1,87775083-87782124,87775083-87782124,,,,,,,,
chr2:clu_24533,,RGPD2,human,transcript_doesnt_have_junctions,ENST00000398146.5,ENST00000494592.1,87775083-87782124,,,,,,,,,
chr18:clu_18997:MYL12B,,MYL12B,human,novel_junction,ENST00000237500.10,,3277414-3277765,3254050-3255746,,,,,,,,
chr18:clu_18997:MYL12B,,MYL12B,human,no_unique_junctions,ENST00000237500.10,ENST00000400175.9,3277414-3277765,3277414-3277765,,,,,,,,
chr18:clu_18997:MYL12B,,MYL12B,human,no_unique_junctions,ENST00000237500.10,ENST00000581193.5,3277414-3277765,3277414-3277765,,,,,,,,
chr18:clu_18997:MYL12B,,MYL12B,human,no_unique_junctions,ENST00000237500.10,ENST00000648965.1,3277414-3277765,3277414-3277765,,,,,,,,
chr18:clu_18997:MYL12B,,MYL12B,human,no_unique_junctions,ENST00000237500.10,ENST00000874764.1,3277414-3277765,3277414-3277765,,,,,,,,
chr18:clu_18997:MYL12B,,MYL12B,human,no_unique_junctions,ENST00000237500.10,ENST00000918456.1,3277414-3277765,3277414-3277765,,,,,,,,
chr18:clu_18997:MYL12B,,MYL12B,human,no_unique_junctions,ENST00000237500.10,ENST00000874765.1,3277414-3277765,3277414-3277765,,,,,,,,
chr18:clu_18997:MYL12B,,MYL12B,human,no_unique_junctions,ENST00000237500.10,ENST00000584539.1,3277414-3277765,3277414-3277765,,,,,,,,
chr18:clu_18997:MYL12B,,MYL12B,human,no_unique_junctions,ENST00000237500.10,ENST00000965090.1,3277414-3277765,3277414-3277765,,,,,,,,
chr18:clu_18997:MYL12B,,MYL12B,human,no_unique_junctions,ENST00000237500.10,ENST00000918457.1,3277414-3277765,3277414-3277765,,,,,,,,
chr18:clu_18997:MYL12B,,MYL12B,human,no_unique_junctions,ENST00000237500.10,ENST00000874766.1,3277414-3277765,3277414-3277765,,,,,,,,
chr18:clu_18997:MYL12B,,MYL12B,human,all_known_junctions_are_canonical,ENST00000237500.10,,3277414-3277765,,,,,,,,,
chr7:clu_36845:LOC105375247,,LOC105375247,human,gene_not_in_db,,,,,,,,,,,,
chr12:clu_9620,,M6PR,human,no_unique_junctions,ENST00000000412.8,NM_001414330.1,8941940-8942416,8941940-8942416,,,,,,,,
chr12:clu_9620,,M6PR,human,no_unique_junctions,ENST00000000412.8,NM_001414322.1,8941940-8942416,8941940-8942416,,,,,,,,
chr12:clu_9620,,M6PR,human,no_unique_junctions,ENST00000000412.8,NM_001414328.1,8941940-8942416,8941940-8942416,,,,,,,,
chr12:clu_9620,,M6PR,human,no_unique_junctions,ENST00000000412.8,ENST00000543704.5,8941940-8942416,8941940-8942416,,,,,,,,
chr12:clu_9620,,M6PR,human,no_unique_junctions,ENST00000000412.8,NM_001414324.1,8941940-8942416,8941940-8942416,,,,,,,,
chr12:clu_9620,,M6PR,human,no_unique_junctions,ENST00000000412.8,NM_001414329.1,8941940-8942416,8941940-8942416,,,,,,,,
chr12:clu_9620,,M6PR,human,transcript_doesnt_have_junctions,ENST00000000412.8,ENST00000536844.5,8941940-8942416,,,,,,,,,
chr12:clu_9620,,M6PR,human,no_unique_junctions,ENST00000000412.8,NM_001414327.1,8941940-8942416,8941940-8942416,,,,,,,,
chr12:clu_9620,,M6PR,human,no_unique_junctions,ENST00000000412.8,NM_001414323.1,8941940-8942416,8941940-8942416,,,,,,,,
chr12:clu_9620,,M6PR,human,no_unique_junctions,ENST00000000412.8,NM_001414320.1,8941940-8942416,8941940-8942416,,,,,,,,
chr12:clu_9620,,M6PR,human,no_unique_junctions,ENST00000000412.8,ENST00000891556.1,8941940-8942416,8941940-8942416,,,,,,,,
chr12:clu_9620,,M6PR,human,no_unique_junctions,ENST00000000412.8,NM_001414325.1,8941940-8942416,8941940-8942416,,,,,,,,
chr12:clu_9620,,M6PR,human,no_unique_junctions,ENST00000000412.8,ENST00000891557.1,8941940-8942416,8941940-8942416,,,,,,,,
chr12:clu_9620,,M6PR,human,no_unique_junctions,ENST00000000412.8,NM_001414333.1,8941940-8942416,8941940-8942416,,,,,,,,
chr12:clu_9620,,M6PR,human,no_unique_junctions,ENST00000000412.8,ENST00000891558.1,8941940-8942416,8941940-8942416,,,,,,,,
chr12:clu_9620,,M6PR,human,transcript_doesnt_have_junctions,ENST00000000412.8,ENST00000543834.1,8941940-8942416,,,,,,,,,
chr12:clu_9620,,M6PR,human,transcript_doesnt_have_junctions,ENST00000000412.8,ENST00000540837.1,8941940-8942416,,,,,,,,,
chr12:clu_9620,,M6PR,human,transcript_doesnt_have_junctions,ENST00000000412.8,ENST00000936871.1,8941940-8942416,,,,,,,,,
chr12:clu_9620,,M6PR,human,transcript_doesnt_have_junctions,ENST00000000412.8,ENST00000936873.1,8941940-8942416,,,,,,,,,
chr12:clu_9620,,M6PR,human,no_unique_junctions,ENST00000000412.8,ENST00000541507.5,8941940-8942416,8941940-8942416,,,,,,,,
chr12:clu_9620,,M6PR,human,no_unique_junctions,ENST00000000412.8,ENST00000936872.1,8941940-8942416,8941940-8942416,,,,,,,,
chr12:clu_9620,,M6PR,human,no_unique_junctions,ENST00000000412.8,ENST00000941063.1,8941940-8942416,8941940-8942416,,,,,,,,
chr12:clu_9620,,M6PR,human,no_unique_junctions,ENST00000000412.8,ENST00000891555.1,8941940-8942416,8941940-8942416,,,,,,,,
chr12:clu_9620,,M6PR,human,no_unique_junctions,ENST00000000412.8,ENST00000941064.1,8941940-8942416,8941940-8942416,,,,,,,,
chr12:clu_9620,,M6PR,human,transcript_doesnt_have_junctions,ENST00000000412.8,ENST00000544193.1,8941940-8942416,,,,,,,,,
chr12:clu_9620,,M6PR,human,no_unique_junctions,ENST00000000412.8,ENST00000941065.1,8941940-8942416,8941940-8942416,,,,,,,,
chr12:clu_9620,,M6PR,human,transcript_doesnt_have_junctions,ENST00000000412.8,ENST00000537621.1,8941940-8942416,,,,,,,,,
chr12:clu_9620,,M6PR,human,transcript_doesnt_have_junctions,ENST00000000412.8,ENST00000543258.1,8941940-8942416,,,,,,,,,
chr12:clu_9620,,M6PR,human,transcript_doesnt_have_junctions,ENST00000000412.8,ENST00000544245.1,8941940-8942416,,,,,,,,,
chr12:clu_9620,,M6PR,human,transcript_doesnt_have_junctions,ENST00000000412.8,ENST00000543845.1,8941940-8942416,,,,,,,,,
chr12:clu_9620,,M6PR,human,transcript_doesnt_have_junctions,ENST00000000412.8,ENST00000543159.1,8941940-8942416,,,,,,,,,
chr10:clu_5143,,TACC2,human,no_unique_junctions,ENST00000369005.6,ENST00000515273.5,122211708-122215391,122211708-122215391,,,,,,,,
chr10:clu_5143,,TACC2,human,transcript_doesnt_have_junctions,ENST00000369005.6,NM_001438366.1,122211708-122215391,,,,,,,,,
chr10:clu_5143,,TACC2,human,no_unique_junctions,ENST00000369005.6,ENST00000515603.5,122211708-122215391,122211708-122215391,,,,,,,,
chr10:clu_5143,,TACC2,human,no_unique_junctions,ENST00000369005.6,NM_001438369.1,122211708-122215391,122211708-122215391,,,,,,,,
chr10:clu_5143,,TACC2,human,no_unique_junctions,ENST00000369005.6,ENST00000513429.5,122211708-122215391,122211708-122215391,,,,,,,,
chr10:clu_5143,,TACC2,human,no_unique_junctions,ENST00000369005.6,XM_005269388.1,122211708-122215391,122211708-122215391,,,,,,,,
chr10:clu_5143,,TACC2,human,no_unique_junctions,ENST00000369005.6,XM_005269392.1,122211708-122215391,122211708-122215391,,,,,,,,
chr10:clu_5143,,TACC2,human,no_unique_junctions,ENST00000369005.6,XM_005269396.1,122211708-122215391,122211708-122215391,,,,,,,,
chr10:clu_5143,,TACC2,human,no_unique_junctions,ENST00000369005.6,XM_005269393.1,122211708-122215391,122211708-122215391,,,,,,,,
chr10:clu_5143,,TACC2,human,no_unique_junctions,ENST00000369005.6,XM_017015486.1,122211708-122215391,122211708-122215391,,,,,,,,
chr10:clu_5143,,TACC2,human,no_unique_junctions,ENST00000369005.6,XM_006717553.1,122211708-122215391,122211708-122215391,,,,,,,,
chr10:clu_5143,,TACC2,human,transcript_doesnt_have_junctions,ENST00000369005.6,XM_017015484.1,122211708-122215391,,,,,,,,,
chr10:clu_5143,,TACC2,human,transcript_doesnt_have_junctions,ENST00000369005.6,XM_006717548.1,122211708-122215391,,,,,,,,,
chr10:clu_5143,,TACC2,human,transcript_doesnt_have_junctions,ENST00000369005.6,XM_017015487.1,122211708-122215391,,,,,,,,,
chr10:clu_5143,,TACC2,human,transcript_doesnt_have_junctions,ENST00000369005.6,XM_006717554.1,122211708-122215391,,,,,,,,,
chr10:clu_5143,,TACC2,human,no_unique_junctions,ENST00000369005.6,XM_047424449.1,122211708-122215391,122211708-122215391,,,,,,,,
chr10:clu_5143,,TACC2,human,no_unique_junctions,ENST00000369005.6,NM_001438364.1,122211708-122215391,122211708-122215391,,,,,,,,
chr10:clu_5143,,TACC2,human,no_unique_junctions,ENST00000369005.6,XM_047424455.1,122211708-122215391,122211708-122215391,,,,,,,,
chr10:clu_5143,,TACC2,human,no_unique_junctions,ENST00000369005.6,XM_005269399.1,122211708-122215391,122211708-122215391,,,,,,,,
chr10:clu_5143,,TACC2,human,no_unique_junctions,ENST00000369005.6,XM_047424458.1,122211708-122215391,122211708-122215391,,,,,,,,
chr10:clu_5143,,TACC2,human,no_unique_junctions,ENST00000369005.6,XM_017015489.1,122211708-122215391,122211708-122215391,,,,,,,,
chr10:clu_5143,,TACC2,human,no_unique_junctions,ENST00000369005.6,XM_047424462.1,122211708-122215391,122211708-122215391,,,,,,,,
chr10:clu_5143,,TACC2,human,transcript_doesnt_have_junctions,ENST00000369005.6,XM_017015488.1,122211708-122215391,,,,,,,,,
chr10:clu_5143,,TACC2,human,transcript_doesnt_have_junctions,ENST00000369005.6,XM_047424463.1,122211708-122215391,,,,,,,,,
chr10:clu_5143,,TACC2,human,no_unique_junctions,ENST00000369005.6,XM_011539130.1,122211708-122215391,122211708-122215391,,,,,,,,
chr10:clu_5143,,TACC2,human,no_unique_junctions,ENST00000369005.6,ENST00000866910.1,122211708-122215391,122211708-122215391,,,,,,,,
chr10:clu_5143,,TACC2,human,no_unique_junctions,ENST00000369005.6,NM_001438365.1,122211708-122215391,122211708-122215391,,,,,,,,
chr10:clu_5143,,TACC2,human,no_unique_junctions,ENST00000369005.6,XM_047424454.1,122211708-122215391,122211708-122215391,,,,,,,,
chr10:clu_5143,,TACC2,human,no_unique_junctions,ENST00000369005.6,ENST00000866908.1,122211708-122215391,122211708-122215391,,,,,,,,
chr10:clu_5143,,TACC2,human,no_unique_junctions,ENST00000369005.6,NM_001438367.1,122211708-122215391,122211708-122215391,,,,,,,,
chr10:clu_5143,,TACC2,human,no_unique_junctions,ENST00000369005.6,NM_001438370.1,122211708-122215391,122211708-122215391,,,,,,,,
chr10:clu_5143,,TACC2,human,no_unique_junctions,ENST00000369005.6,ENST00000369001.5,122211708-122215391,122211708-122215391,,,,,,,,
chr10:clu_5143,,TACC2,human,no_unique_junctions,ENST00000369005.6,ENST00000260733.7,122211708-122215391,122211708-122215391,,,,,,,,
chr10:clu_5143,,TACC2,human,no_unique_junctions,ENST00000369005.6,ENST00000360561.7,122211708-122215391,122211708-122215391,,,,,,,,
chr10:clu_5143,,TACC2,human,transcript_doesnt_have_junctions,ENST00000369005.6,ENST00000492689.5,122211708-122215391,,,,,,,,,
chr10:clu_5143,,TACC2,human,transcript_doesnt_have_junctions,ENST00000369005.6,ENST00000474014.1,122211708-122215391,,,,,,,,,
chr10:clu_5143,,TACC2,human,transcript_doesnt_have_junctions,ENST00000369005.6,ENST00000489754.1,122211708-122215391,,,,,,,,,
chr10:clu_5143,,TACC2,human,no_unique_junctions,ENST00000369005.6,ENST00000368997.7,122211708-122215391,122211708-122215391,,,,,,,,
chr10:clu_5143,,TACC2,human,transcript_doesnt_have_junctions,ENST00000369005.6,ENST00000503769.1,122211708-122215391,,,,,,,,,
chr10:clu_5143,,TACC2,human,transcript_doesnt_have_junctions,ENST00000369005.6,ENST00000465600.1,122211708-122215391,,,,,,,,,
chr10:clu_5143,,TACC2,human,no_unique_junctions,ENST00000369005.6,ENST00000866909.1,122211708-122215391,122211708-122215391,,,,,,,,
chr10:clu_5143,,TACC2,human,transcript_doesnt_have_junctions,ENST00000369005.6,ENST00000866912.1,122211708-122215391,,,,,,,,,
chr10:clu_5143,,TACC2,human,no_unique_junctions,ENST00000369005.6,ENST00000334433.7,122211708-122215391,122211708-122215391,,,,,,,,
chr10:clu_5143,,TACC2,human,no_unique_junctions,ENST00000369005.6,ENST00000358010.5,122211708-122215391,122211708-122215391,,,,,,,,
chr10:clu_5143,,TACC2,human,no_unique_junctions,ENST00000369005.6,ENST00000453444.6,122211708-122215391,122211708-122215391,,,,,,,,
chr10:clu_5143,,TACC2,human,transcript_doesnt_have_junctions,ENST00000369005.6,ENST00000491540.1,122211708-122215391,,,,,,,,,
chr10:clu_5143,,TACC2,human,transcript_doesnt_have_junctions,ENST00000369005.6,ENST00000369000.5,122211708-122215391,,,,,,,,,
chr10:clu_5143,,TACC2,human,no_unique_junctions,ENST00000369005.6,ENST00000514539.5,122211708-122215391,122211708-122215391,,,,,,,,
chr10:clu_5143,,TACC2,human,transcript_doesnt_have_junctions,ENST00000369005.6,ENST00000440764.2,122211708-122215391,,,,,,,,,
chr10:clu_5143,,TACC2,human,no_unique_junctions,ENST00000369005.6,ENST00000505639.5,122211708-122215391,122211708-122215391,,,,,,,,
chr10:clu_5143,,TACC2,human,transcript_doesnt_have_junctions,ENST00000369005.6,ENST00000496913.6,122211708-122215391,,,,,,,,,
chr10:clu_5143,,TACC2,human,no_unique_junctions,ENST00000369005.6,ENST00000508411.1,122211708-122215391,122211708-122215391,,,,,,,,
chr10:clu_5143,,TACC2,human,transcript_doesnt_have_junctions,ENST00000369005.6,ENST00000490979.1,122211708-122215391,,,,,,,,,
chr10:clu_5143,,TACC2,human,transcript_doesnt_have_junctions,ENST00000369005.6,ENST00000635597.1,122211708-122215391,,,,,,,,,
chr10:clu_5143,,TACC2,human,transcript_doesnt_have_junctions,ENST00000369005.6,ENST00000498721.1,122211708-122215391,,,,,,,,,
chr10:clu_5143,,TACC2,human,transcript_doesnt_have_junctions,ENST00000369005.6,ENST00000493951.5,122211708-122215391,,,,,,,,,
chr10:clu_5143,,TACC2,human,transcript_doesnt_have_junctions,ENST00000369005.6,ENST00000492237.5,122211708-122215391,,,,,,,,,
chr10:clu_5143,1/1,TACC2,human,transcript_not_chosen,ENST00000369005.6,ENST00000368999.5,122211708-122215391,122211708-122213342;122213377-122215391,,,,,,,,
chr10:clu_5143,1/1,TACC2,human,transcript_not_chosen,ENST00000369005.6,ENST00000369004.7,122211708-122215391,122211708-122213342;122213377-122215391,,,,,,,,
chr10:clu_5143,1/1,TACC2,human,transcript_not_chosen,ENST00000369005.6,ENST00000866911.1,122211708-122215391,122211708-122213342;122213377-122215391,,,,,,,,
chr10:clu_5143,1/1,TACC2,human,transcript_not_chosen,ENST00000369005.6,XM_005269390.1,122211708-122215391,122211708-122213342;122213377-122215391,,,,,,,,
chr10:clu_5143,1/1,TACC2,human,transcript_not_chosen,ENST00000369005.6,XM_006717552.1,122211708-122215391,122211708-122213342;122213377-122215391,,,,,,,,
chr10:clu_5143,1/1,TACC2,human,transcript_not_chosen,ENST00000369005.6,XM_017015485.1,122211708-122215391,122211708-122213342;122213377-122215391,,,,,,,,
chr10:clu_5143,1/1,TACC2,human,transcript_not_chosen,ENST00000369005.6,XM_024447756.1,122211708-122215391,122211708-122213342;122213377-122215391,,,,,,,,
chr10:clu_5143,1/1,TACC2,human,transcript_not_chosen,ENST00000369005.6,XM_024447758.1,122211708-122215391,122211708-122213342;122213377-122215391,,,,,,,,
chr10:clu_5143,1/1,TACC2,human,transcript_not_chosen,ENST00000369005.6,XM_024447759.1,122211708-122215391,122211708-122213342;122213377-122215391,,,,,,,,
chr10:clu_5143,1/1,TACC2,human,transcript_not_chosen,ENST00000369005.6,XM_024447760.1,122211708-122215391,122211708-122213342;122213377-122215391,,,,,,,,
chr10:clu_5143,1/1,TACC2,human,transcript_not_chosen,ENST00000369005.6,XM_024447761.1,122211708-122215391,122211708-122213342;122213377-122215391,,,,,,,,
chr10:clu_5143,1/1,TACC2,human,transcript_not_chosen,ENST00000369005.6,XM_024447762.1,122211708-122215391,122211708-122213342;122213377-122215391,,,,,,,,
chr10:clu_5143,1/1,TACC2,human,transcript_not_chosen,ENST00000369005.6,XM_024447763.1,122211708-122215391,122211708-122213342;122213377-122215391,,,,,,,,
chr10:clu_5143,1/1,TACC2,human,transcript_not_chosen,ENST00000369005.6,XM_024447764.1,122211708-122215391,122211708-122213342;122213377-122215391,,,,,,,,
chr10:clu_5143,1/1,TACC2,human,transcript_not_chosen,ENST00000369005.6,XM_024447765.2,122211708-122215391,122211708-122213342;122213377-122215391,,,,,,,,
chr10:clu_5143,1/1,TACC2,human,transcript_not_chosen,ENST00000369005.6,XM_047424448.1,122211708-122215391,122211708-122213342;122213377-122215391,,,,,,,,
chr10:clu_5143,1/1,TACC2,human,transcript_not_chosen,ENST00000369005.6,XM_047424450.1,122211708-122215391,122211708-122213342;122213377-122215391,,,,,,,,
chr10:clu_5143,1/1,TACC2,human,transcript_not_chosen,ENST00000369005.6,XM_047424451.1,122211708-122215391,122211708-122213342;122213377-122215391,,,,,,,,
chr10:clu_5143,1/1,TACC2,human,transcript_not_chosen,ENST00000369005.6,XM_047424452.1,122211708-122215391,122211708-122213342;122213377-122215391,,,,,,,,
chr10:clu_5143,1/1,TACC2,human,transcript_not_chosen,ENST00000369005.6,XM_047424461.1,122211708-122215391,122211708-122213342;122213377-122215391,,,,,,,,
chr10:clu_5143,1/1,TACC2,human,transcript_not_chosen,ENST00000369005.6,XM_047424466.1,122211708-122215391,122211708-122213342;122213377-122215391,,,,,,,,
chr9:clu_41148:CCDC183,,CCDC183,human,novel_junction,ENST00000338005.7,,136804816-136805357;136805457-136806078,136804816-136806078,,,,,,,,
chr9:clu_41148:CCDC183,,CCDC183,human,novel_junction,ENST00000338005.7,,136804816-136805357;136805457-136806078,136805516-136806078,,,,,,,,
chr9:clu_41148:CCDC183,,CCDC183,human,novel_junction,ENST00000338005.7,,136804816-136805357;136805457-136806078,136808326-136809255,,,,,,,,
chr9:clu_41148:CCDC183,,CCDC183,human,novel_junction,ENST00000338005.7,,136804816-136805357;136805457-136806078,136808326-136823525,,,,,,,,
chr9:clu_41148:CCDC183,,CCDC183,human,novel_junction,ENST00000338005.7,,136804816-136805357;136805457-136806078,136809429-136809688,,,,,,,,
chr9:clu_41148:CCDC183,,CCDC183,human,novel_junction,ENST00000338005.7,,136804816-136805357;136805457-136806078,136809986-136823525,,,,,,,,
chr9:clu_41148:CCDC183,,CCDC183,human,no_unique_junctions,ENST00000338005.7,ENST00000430612.5,136804816-136805357;136805457-136806078,136804816-136805357;136805457-136806078,,,,,,,,
chr9:clu_41148:CCDC183,,CCDC183,human,transcript_doesnt_have_junctions,ENST00000338005.7,ENST00000609471.1,136804816-136805357;136805457-136806078,,,,,,,,,
chr9:clu_41148:CCDC183,,CCDC183,human,no_unique_junctions,ENST00000338005.7,ENST00000481601.5,136804816-136805357;136805457-136806078,136804816-136805357;136805457-136806078,,,,,,,,
chr9:clu_41148:CCDC183,,CCDC183,human,no_unique_junctions,ENST00000338005.7,ENST00000479371.5,136804816-136805357;136805457-136806078,136804816-136805357;136805457-136806078,,,,,,,,
chr9:clu_41148:CCDC183,,CCDC183,human,no_unique_junctions,ENST00000338005.7,ENST00000371682.7,136804816-136805357;136805457-136806078,136804816-136805357;136805457-136806078,,,,,,,,
chr9:clu_41148:CCDC183,,CCDC183,human,no_unique_junctions,ENST00000338005.7,ENST00000496839.5,136804816-136805357;136805457-136806078,136805457-136806078,,,,,,,,
chr9:clu_41148:CCDC183,,CCDC183,human,transcript_doesnt_have_junctions,ENST00000338005.7,ENST00000484858.1,136804816-136805357;136805457-136806078,,,,,,,,,
chr9:clu_41148:CCDC183,,CCDC183,human,all_known_junctions_are_canonical,ENST00000338005.7,,136804816-136805357;136805457-136806078,,,,,,,,,
chr7:clu_37014,,SPDYE10P,human,novel_junction,ENST00000691996.1,,73112705-73115357,73112705-73175334,,,,,,,,
chr7:clu_37014,,SPDYE10P,human,novel_junction,ENST00000691996.1,,73112705-73115357,73115542-73160215,,,,,,,,
chr7:clu_37014,,SPDYE10P,human,novel_junction,ENST00000691996.1,,73112705-73115357,73115542-73166930,,,,,,,,
chr7:clu_37014,,SPDYE10P,human,novel_junction,ENST00000691996.1,,73112705-73115357,73115542-73175334,,,,,,,,
chr7:clu_37014,,SPDYE10P,human,novel_junction,ENST00000691996.1,,73112705-73115357,73132996-73160215,,,,,,,,
chr7:clu_37014,,SPDYE10P,human,novel_junction,ENST00000691996.1,,73112705-73115357,73132996-73166930,,,,,,,,
chr7:clu_37014,,SPDYE10P,human,novel_junction,ENST00000691996.1,,73112705-73115357,73132996-73175334,,,,,,,,
chr7:clu_37014,,SPDYE10P,human,novel_junction,ENST00000691996.1,,73112705-73115357,73158747-73160215,,,,,,,,
chr7:clu_37014,,SPDYE10P,human,novel_junction,ENST00000691996.1,,73112705-73115357,73160306-73166930,,,,,,,,
chr7:clu_37014,,SPDYE10P,human,novel_junction,ENST00000691996.1,,73112705-73115357,73160306-73175334,,,,,,,,
chr7:clu_37014,,SPDYE10P,human,novel_junction,ENST00000691996.1,,73112705-73115357,73166629-73166930,,,,,,,,
chr7:clu_37014,,SPDYE10P,human,novel_junction,ENST00000691996.1,,73112705-73115357,73167227-73175334,,,,,,,,
chr7:clu_37014,,SPDYE10P,human,no_unique_junctions,ENST00000691996.1,NM_001382504.2,73112705-73115357,73112705-73115357,,,,,,,,
chr7:clu_37014,,SPDYE10P,human,transcript_doesnt_have_junctions,ENST00000691996.1,ENST00000682856.2,73112705-73115357,,,,,,,,,
chr7:clu_37014,,SPDYE10P,human,transcript_doesnt_have_junctions,ENST00000691996.1,ENST00000576332.5,73112705-73115357,,,,,,,,,
chr7:clu_37014,,SPDYE10P,human,transcript_doesnt_have_junctions,ENST00000691996.1,ENST00000612005.2,73112705-73115357,,,,,,,,,
chr7:clu_37014,,SPDYE10P,human,all_known_junctions_are_canonical,ENST00000691996.1,,73112705-73115357,,,,,,,,,
chr19:clu_21279,,DNM2,human,no_unique_junctions,ENST00000389253.9,ENST00000355667.11,10805967-10808569;10808580-10812264,10805967-10808569;10808580-10812264,,,,,,,,
chr19:clu_21279,,DNM2,human,no_unique_junctions,ENST00000389253.9,ENST00000585892.5,10805967-10808569;10808580-10812264,10805967-10808569;10808580-10812264,,,,,,,,
chr19:clu_21279,,DNM2,human,transcript_doesnt_have_junctions,ENST00000389253.9,ENST00000682524.1,10805967-10808569;10808580-10812264,,,,,,,,,
chr19:clu_21279,,DNM2,human,transcript_doesnt_have_junctions,ENST00000389253.9,ENST00000682285.1,10805967-10808569;10808580-10812264,,,,,,,,,
chr19:clu_21279,,DNM2,human,transcript_doesnt_have_junctions,ENST00000389253.9,ENST00000683738.1,10805967-10808569;10808580-10812264,,,,,,,,,
chr19:clu_21279,,DNM2,human,transcript_doesnt_have_junctions,ENST00000389253.9,ENST00000591701.5,10805967-10808569;10808580-10812264,,,,,,,,,
chr19:clu_21279,,DNM2,human,transcript_doesnt_have_junctions,ENST00000389253.9,ENST00000586130.1,10805967-10808569;10808580-10812264,,,,,,,,,
chr19:clu_21279,,DNM2,human,transcript_doesnt_have_junctions,ENST00000389253.9,ENST00000593220.1,10805967-10808569;10808580-10812264,,,,,,,,,
chr19:clu_21279,,DNM2,human,transcript_doesnt_have_junctions,ENST00000389253.9,ENST00000587329.1,10805967-10808569;10808580-10812264,,,,,,,,,
chr19:clu_21279,,DNM2,human,transcript_doesnt_have_junctions,ENST00000389253.9,ENST00000590806.5,10805967-10808569;10808580-10812264,,,,,,,,,
chr19:clu_21279,,DNM2,human,transcript_doesnt_have_junctions,ENST00000389253.9,ENST00000590787.1,10805967-10808569;10808580-10812264,,,,,,,,,
chr19:clu_21279,,DNM2,human,transcript_doesnt_have_junctions,ENST00000389253.9,ENST00000593203.1,10805967-10808569;10808580-10812264,,,,,,,,,
chr19:clu_21279,,DNM2,human,no_unique_junctions,ENST00000389253.9,ENST00000957413.1,10805967-10808569;10808580-10812264,10805967-10808569;10808580-10812264,,,,,,,,
chr19:clu_21279,,DNM2,human,transcript_doesnt_have_junctions,ENST00000389253.9,ENST00000908375.1,10805967-10808569;10808580-10812264,,,,,,,,,
chr19:clu_21279,,DNM2,human,no_unique_junctions,ENST00000389253.9,ENST00000957417.1,10805967-10808569;10808580-10812264,10805967-10808569;10808580-10812264,,,,,,,,
chr19:clu_21279,,DNM2,human,no_unique_junctions,ENST00000389253.9,ENST00000957416.1,10805967-10808569;10808580-10812264,10805967-10808569;10808580-10812264,,,,,,,,
chr19:clu_21279,,DNM2,human,no_unique_junctions,ENST00000389253.9,ENST00000957418.1,10805967-10808569;10808580-10812264,10805967-10808569;10808580-10812264,,,,,,,,
chr19:clu_21279,,DNM2,human,no_unique_junctions,ENST00000389253.9,ENST00000957421.1,10805967-10808569;10808580-10812264,10805967-10808569;10808580-10812264,,,,,,,,
chr19:clu_21279,,DNM2,human,transcript_doesnt_have_junctions,ENST00000389253.9,ENST00000908378.1,10805967-10808569;10808580-10812264,,,,,,,,,
chr19:clu_21279,,DNM2,human,no_unique_junctions,ENST00000389253.9,ENST00000957422.1,10805967-10808569;10808580-10812264,10805967-10808569;10808580-10812264,,,,,,,,
chr19:clu_21279,,DNM2,human,no_unique_junctions,ENST00000389253.9,ENST00000957429.1,10805967-10808569;10808580-10812264,10805967-10808569;10808580-10812264,,,,,,,,
chr19:clu_21279,,DNM2,human,no_unique_junctions,ENST00000389253.9,ENST00000957428.1,10805967-10808569;10808580-10812264,10805967-10808569;10808580-10812264,,,,,,,,
chr19:clu_21279,,DNM2,human,transcript_doesnt_have_junctions,ENST00000389253.9,ENST00000586939.5,10805967-10808569;10808580-10812264,,,,,,,,,
chr19:clu_21279,,DNM2,human,transcript_doesnt_have_junctions,ENST00000389253.9,ENST00000589106.1,10805967-10808569;10808580-10812264,,,,,,,,,
chr19:clu_21279,,DNM2,human,transcript_doesnt_have_junctions,ENST00000389253.9,ENST00000591818.1,10805967-10808569;10808580-10812264,,,,,,,,,
chr19:clu_21279,,DNM2,human,transcript_doesnt_have_junctions,ENST00000389253.9,ENST00000588976.1,10805967-10808569;10808580-10812264,,,,,,,,,
chr19:clu_21279,,DNM2,human,transcript_doesnt_have_junctions,ENST00000389253.9,ENST00000591266.1,10805967-10808569;10808580-10812264,,,,,,,,,
chr19:clu_21279,,DNM2,human,transcript_doesnt_have_junctions,ENST00000389253.9,ENST00000587991.5,10805967-10808569;10808580-10812264,,,,,,,,,
chr19:clu_21279,,DNM2,human,transcript_doesnt_have_junctions,ENST00000389253.9,ENST00000591819.1,10805967-10808569;10808580-10812264,,,,,,,,,
chr19:clu_21279,,DNM2,human,transcript_doesnt_have_junctions,ENST00000389253.9,ENST00000591118.1,10805967-10808569;10808580-10812264,,,,,,,,,
chr19:clu_21279,,DNM2,human,transcript_doesnt_have_junctions,ENST00000389253.9,ENST00000587485.1,10805967-10808569;10808580-10812264,,,,,,,,,
chr19:clu_21279,1/1,DNM2,human,transcript_not_chosen,ENST00000389253.9,ENST00000359692.10,10805967-10808569;10808580-10812264,10805967-10812264,,,,,,,,
chr19:clu_21279,1/1,DNM2,human,transcript_not_chosen,ENST00000389253.9,ENST00000408974.8,10805967-10808569;10808580-10812264,10805967-10812264,,,,,,,,
chr19:clu_21279,1/1,DNM2,human,transcript_not_chosen,ENST00000389253.9,ENST00000587830.2,10805967-10808569;10808580-10812264,10805967-10812264,,,,,,,,
chr19:clu_21279,1/1,DNM2,human,transcript_not_chosen,ENST00000389253.9,ENST00000681972.1,10805967-10808569;10808580-10812264,10805967-10812264,,,,,,,,
chr19:clu_21279,1/1,DNM2,human,transcript_not_chosen,ENST00000389253.9,ENST00000908371.1,10805967-10808569;10808580-10812264,10805967-10812264,,,,,,,,
chr19:clu_21279,1/1,DNM2,human,transcript_not_chosen,ENST00000389253.9,ENST00000908372.1,10805967-10808569;10808580-10812264,10805967-10812264,,,,,,,,
chr19:clu_21279,1/1,DNM2,human,transcript_not_chosen,ENST00000389253.9,ENST00000908373.1,10805967-10808569;10808580-10812264,10805967-10812264,,,,,,,,
chr19:clu_21279,1/1,DNM2,human,transcript_not_chosen,ENST00000389253.9,ENST00000908374.1,10805967-10808569;10808580-10812264,10805967-10812264,,,,,,,,
chr19:clu_21279,1/1,DNM2,human,transcript_not_chosen,ENST00000389253.9,ENST00000908376.1,10805967-10808569;10808580-10812264,10805967-10812264,,,,,,,,
chr19:clu_21279,1/1,DNM2,human,transcript_not_chosen,ENST00000389253.9,ENST00000908377.1,10805967-10808569;10808580-10812264,10805967-10812264,,,,,,,,
chr19:clu_21279,1/1,DNM2,human,transcript_not_chosen,ENST00000389253.9,ENST00000908379.1,10805967-10808569;10808580-10812264,10805967-10812264,,,,,,,,
chr19:clu_21279,1/1,DNM2,human,transcript_not_chosen,ENST00000389253.9,ENST00000908380.1,10805967-10808569;10808580-10812264,10805967-10812264,,,,,,,,
chr19:clu_21279,1/1,DNM2,human,transcript_not_chosen,ENST00000389253.9,ENST00000908381.1,10805967-10808569;10808580-10812264,10805967-10812264,,,,,,,,
chr19:clu_21279,1/1,DNM2,human,transcript_not_chosen,ENST00000389253.9,ENST00000908382.1,10805967-10808569;10808580-10812264,10805967-10812264,,,,,,,,
chr19:clu_21279,1/1,DNM2,human,transcript_not_chosen,ENST00000389253.9,ENST00000908383.1,10805967-10808569;10808580-10812264,10805967-10812264,,,,,,,,
chr19:clu_21279,1/1,DNM2,human,transcript_not_chosen,ENST00000389253.9,ENST00000916585.1,10805967-10808569;10808580-10812264,10805967-10812264,,,,,,,,
chr19:clu_21279,1/1,DNM2,human,transcript_not_chosen,ENST00000389253.9,ENST00000957414.1,10805967-10808569;10808580-10812264,10805967-10812264,,,,,,,,
chr19:clu_21279,1/1,DNM2,human,transcript_not_chosen,ENST00000389253.9,ENST00000957415.1,10805967-10808569;10808580-10812264,10805967-10812264,,,,,,,,
chr19:clu_21279,1/1,DNM2,human,transcript_not_chosen,ENST00000389253.9,ENST00000957419.1,10805967-10808569;10808580-10812264,10805967-10812264,,,,,,,,
chr19:clu_21279,1/1,DNM2,human,transcript_not_chosen,ENST00000389253.9,ENST00000957420.1,10805967-10808569;10808580-10812264,10805967-10812264,,,,,,,,
chr19:clu_21279,1/1,DNM2,human,transcript_not_chosen,ENST00000389253.9,ENST00000957423.1,10805967-10808569;10808580-10812264,10805967-10812264,,,,,,,,
chr19:clu_21279,1/1,DNM2,human,transcript_not_chosen,ENST00000389253.9,ENST00000957424.1,10805967-10808569;10808580-10812264,10805967-10812264,,,,,,,,
chr19:clu_21279,1/1,DNM2,human,transcript_not_chosen,ENST00000389253.9,ENST00000957425.1,10805967-10808569;10808580-10812264,10805967-10812264,,,,,,,,
chr19:clu_21279,1/1,DNM2,human,transcript_not_chosen,ENST00000389253.9,ENST00000957426.1,10805967-10808569;10808580-10812264,10805967-10812264,,,,,,,,
chr19:clu_21279,1/1,DNM2,human,transcript_not_chosen,ENST00000389253.9,ENST00000957430.1,10805967-10808569;10808580-10812264,10805967-10812264,,,,,,,,
chr9:clu_40579,,OSTF1,human,no_unique_junctions,ENST00000346234.7,ENST00000857342.1,75137616-75140834;75140932-75146683,75137616-75140834;75140932-75146683,,,,,,,,
chr9:clu_40579,,OSTF1,human,no_unique_junctions,ENST00000346234.7,XM_011518524.3,75137616-75140834;75140932-75146683,75137616-75140834;75140932-75146683,,,,,,,,
chr9:clu_40579,,OSTF1,human,no_unique_junctions,ENST00000346234.7,ENST00000857343.1,75137616-75140834;75140932-75146683,75137616-75140834;75140932-75146683,,,,,,,,
chr9:clu_40579,,OSTF1,human,no_unique_junctions,ENST00000346234.7,XM_006717055.4,75137616-75140834;75140932-75146683,75137616-75140834;75140932-75146683,,,,,,,,
chr9:clu_40579,,OSTF1,human,no_unique_junctions,ENST00000346234.7,ENST00000857345.1,75137616-75140834;75140932-75146683,75137616-75140834;75140932-75146683,,,,,,,,
chr9:clu_40579,,OSTF1,human,no_unique_junctions,ENST00000346234.7,ENST00000857348.1,75137616-75140834;75140932-75146683,75137616-75140834,,,,,,,,
chr9:clu_40579,,OSTF1,human,no_unique_junctions,ENST00000346234.7,ENST00000947041.1,75137616-75140834;75140932-75146683,75137616-75140834;75140932-75146683,,,,,,,,
chr9:clu_40579,,OSTF1,human,no_unique_junctions,ENST00000346234.7,ENST00000857346.1,75137616-75140834;75140932-75146683,75137616-75140834;75140932-75146683,,,,,,,,
chr9:clu_40579,,OSTF1,human,no_unique_junctions,ENST00000346234.7,ENST00000857344.1,75137616-75140834;75140932-75146683,75140932-75146683,,,,,,,,
chr9:clu_40579,,OSTF1,human,no_unique_junctions,ENST00000346234.7,ENST00000934388.1,75137616-75140834;75140932-75146683,75137616-75140834;75140932-75146683,,,,,,,,
chr9:clu_40579,,OSTF1,human,no_unique_junctions,ENST00000346234.7,ENST00000934389.1,75137616-75140834;75140932-75146683,75137616-75140834;75140932-75146683,,,,,,,,
chr9:clu_40579,,OSTF1,human,no_unique_junctions,ENST00000346234.7,ENST00000857347.1,75137616-75140834;75140932-75146683,75137616-75140834;75140932-75146683,,,,,,,,
chr9:clu_40579,1/1,OSTF1,human,transcript_not_chosen,ENST00000346234.7,ENST00000857341.1,75137616-75140834;75140932-75146683,75137616-75146683,,,,,,,,
chr9:clu_40579,1/1,OSTF1,human,transcript_not_chosen,ENST00000346234.7,ENST00000947040.1,75137616-75140834;75140932-75146683,75137616-75146683,,,,,,,,
chr19:clu_20800,,SIGLEC6,human,novel_junction,ENST00000425629.8,,51520255-51527747;51528253-51529724;51529981-51530437;51530484-51530681,51520255-51525526,,,,,,,,
chr19:clu_20800,,SIGLEC6,human,novel_junction,ENST00000425629.8,,51520255-51527747;51528253-51529724;51529981-51530437;51530484-51530681,51520255-51530437,,,,,,,,
chr19:clu_20800,,SIGLEC6,human,novel_junction,ENST00000425629.8,,51520255-51527747;51528253-51529724;51529981-51530437;51530484-51530681,51525631-51527747,,,,,,,,
chr19:clu_20800,,SIGLEC6,human,no_unique_junctions,ENST00000425629.8,XM_011527537.3,51520255-51527747;51528253-51529724;51529981-51530437;51530484-51530681,51520255-51527747;51528253-51529724;51529981-51530437;51530484-51530681,,,,,,,,
chr19:clu_20800,,SIGLEC6,human,no_unique_junctions,ENST00000425629.8,XM_047439734.1,51520255-51527747;51528253-51529724;51529981-51530437;51530484-51530681,51520255-51527747;51528253-51529724;51529981-51530437;51530484-51530681,,,,,,,,
chr19:clu_20800,,SIGLEC6,human,no_unique_junctions,ENST00000425629.8,ENST00000496422.5,51520255-51527747;51528253-51529724;51529981-51530437;51530484-51530681,51529981-51530437;51530484-51530681,,,,,,,,
chr19:clu_20800,,SIGLEC6,human,no_unique_junctions,ENST00000425629.8,ENST00000489837.1,51520255-51527747;51528253-51529724;51529981-51530437;51530484-51530681,51529981-51530437;51530484-51530681,,,,,,,,
chr19:clu_20800,,SIGLEC6,human,subsumed_by_larger_group,ENST00000425629.8,ENST00000346477.7,51520255-51527747;51528253-51529724;51529981-51530437;51530484-51530681,51520255-51527747;51528253-51529724;51529981-51530681,,,,,,,,
chr19:clu_20800,,SIGLEC6,human,subsumed_by_larger_group,ENST00000425629.8,ENST00000436458.5,51520255-51527747;51528253-51529724;51529981-51530437;51530484-51530681,51520255-51527747;51528253-51529724;51529981-51530681,,,,,,,,
chr19:clu_20800,,SIGLEC6,human,subsumed_by_larger_group,ENST00000425629.8,ENST00000359982.8,51520255-51527747;51528253-51529724;51529981-51530437;51530484-51530681,51528253-51529724;51529981-51530437;51530517-51530681,,,,,,,,
chr19:clu_20800,,SIGLEC6,human,subsumed_by_larger_group,ENST00000425629.8,XM_011527533.4,51520255-51527747;51528253-51529724;51529981-51530437;51530484-51530681,51520255-51527747;51528253-51529724;51529981-51530437;51530517-51530681,,,,,,,,
chr19:clu_20800,,SIGLEC6,human,subsumed_by_larger_group,ENST00000425629.8,XM_011527535.4,51520255-51527747;51528253-51529724;51529981-51530437;51530484-51530681,51520255-51527747;51528253-51529724;51529981-51530437;51530517-51530681,,,,,,,,
chr19:clu_20800,,SIGLEC6,human,subsumed_by_larger_group,ENST00000425629.8,XM_011527536.4,51520255-51527747;51528253-51529724;51529981-51530437;51530484-51530681,51520255-51527747;51528253-51529724;51529981-51530437;51530517-51530681,,,,,,,,
chr19:clu_20800,,SIGLEC6,human,subsumed_by_larger_group,ENST00000425629.8,XM_017027511.3,51520255-51527747;51528253-51529724;51529981-51530437;51530484-51530681,51529981-51530437;51530517-51530681,,,,,,,,
chr19:clu_20800,,SIGLEC6,human,subsumed_by_larger_group,ENST00000425629.8,ENST00000343300.8,51520255-51527747;51528253-51529724;51529981-51530437;51530484-51530681,51520255-51529724;51529981-51530437;51530484-51530681,,,,,,,,
chr19:clu_20800,,SIGLEC6,human,subsumed_by_larger_group,ENST00000425629.8,ENST00000391797.3,51520255-51527747;51528253-51529724;51529981-51530437;51530484-51530681,51520255-51529724;51529981-51530437;51530484-51530681,,,,,,,,
chr7:clu_37782,,SCIN,human,novel_junction,ENST00000297029.10,,12581221-12604514,12594893-12596270,,,,,,,,
chr7:clu_37782,,SCIN,human,transcript_doesnt_have_junctions,ENST00000297029.10,ENST00000476649.1,12581221-12604514,,,,,,,,,
chr7:clu_37782,,SCIN,human,no_unique_junctions,ENST00000297029.10,ENST00000341757.9,12581221-12604514,12581221-12604514,,,,,,,,
chr7:clu_37782,,SCIN,human,transcript_doesnt_have_junctions,ENST00000297029.10,ENST00000417018.1,12581221-12604514,,,,,,,,,
chr7:clu_37782,,SCIN,human,transcript_doesnt_have_junctions,ENST00000297029.10,ENST00000436854.1,12581221-12604514,,,,,,,,,
chr7:clu_37782,,SCIN,human,no_unique_junctions,ENST00000297029.10,ENST00000955154.1,12581221-12604514,12581221-12604514,,,,,,,,
chr7:clu_37782,,SCIN,human,no_unique_junctions,ENST00000297029.10,ENST00000906405.1,12581221-12604514,12581221-12604514,,,,,,,,
chr7:clu_37782,,SCIN,human,no_unique_junctions,ENST00000297029.10,ENST00000955153.1,12581221-12604514,12581221-12604514,,,,,,,,
chr7:clu_37782,,SCIN,human,no_unique_junctions,ENST00000297029.10,ENST00000906404.1,12581221-12604514,12581221-12604514,,,,,,,,
chr7:clu_37782,,SCIN,human,transcript_doesnt_have_junctions,ENST00000297029.10,ENST00000486980.5,12581221-12604514,,,,,,,,,
chr7:clu_37782,,SCIN,human,transcript_doesnt_have_junctions,ENST00000297029.10,ENST00000473722.5,12581221-12604514,,,,,,,,,
chr7:clu_37782,,SCIN,human,subsumed_by_larger_group,ENST00000297029.10,ENST00000523729.5,12581221-12604514,12596426-12604514,,,,,,,,
chr3:clu_29586:ARPC4,,ARPC4,human,novel_junction,ENST00000397261.8,,9804013-9806210,9804013-9810621,,,,,,,,
chr3:clu_29586:ARPC4,,ARPC4,human,no_unique_junctions,ENST00000397261.8,ENST00000498623.6,9804013-9806210,9804013-9806210,,,,,,,,
chr3:clu_29586:ARPC4,,ARPC4,human,no_unique_junctions,ENST00000397261.8,NM_001024960.3,9804013-9806210,9804013-9806210,,,,,,,,
chr3:clu_29586:ARPC4,,ARPC4,human,transcript_doesnt_have_junctions,ENST00000397261.8,ENST00000485273.1,9804013-9806210,,,,,,,,,
chr3:clu_29586:ARPC4,,ARPC4,human,no_unique_junctions,ENST00000397261.8,ENST00000433034.1,9804013-9806210,9804013-9806210,,,,,,,,
chr3:clu_29586:ARPC4,,ARPC4,human,transcript_doesnt_have_junctions,ENST00000397261.8,ENST00000479956.1,9804013-9806210,,,,,,,,,
chr3:clu_29586:ARPC4,,ARPC4,human,transcript_doesnt_have_junctions,ENST00000397261.8,ENST00000467289.5,9804013-9806210,,,,,,,,,
chr3:clu_29586:ARPC4,,ARPC4,human,transcript_doesnt_have_junctions,ENST00000397261.8,ENST00000929598.1,9804013-9806210,,,,,,,,,
chr3:clu_29586:ARPC4,,ARPC4,human,no_unique_junctions,ENST00000397261.8,ENST00000957522.1,9804013-9806210,9804013-9806210,,,,,,,,
chr3:clu_29586:ARPC4,,ARPC4,human,no_unique_junctions,ENST00000397261.8,ENST00000905840.1,9804013-9806210,9804013-9806210,,,,,,,,
chr3:clu_29586:ARPC4,,ARPC4,human,no_unique_junctions,ENST00000397261.8,ENST00000417500.5,9804013-9806210,9804013-9806210,,,,,,,,
chr3:clu_29586:ARPC4,,ARPC4,human,no_unique_junctions,ENST00000397261.8,ENST00000905841.1,9804013-9806210,9804013-9806210,,,,,,,,
chr3:clu_29586:ARPC4,,ARPC4,human,no_unique_junctions,ENST00000397261.8,ENST00000440787.5,9804013-9806210,9804013-9806210,,,,,,,,
chr3:clu_29586:ARPC4,,ARPC4,human,no_unique_junctions,ENST00000397261.8,ENST00000929599.1,9804013-9806210,9804013-9806210,,,,,,,,
chr3:clu_29586:ARPC4,,ARPC4,human,all_known_junctions_are_canonical,ENST00000397261.8,,9804013-9806210,,,,,,,,,
chr2:clu_24469,,EVA1A,human,novel_junction,ENST00000393913.8,,75493609-75518056;75518208-75522365;75522487-75560680,75447167-75469304,,,,,,,,
chr2:clu_24469,,EVA1A,human,novel_junction,ENST00000393913.8,,75493609-75518056;75518208-75522365;75522487-75560680,75522487-75569574,,,,,,,,
chr2:clu_24469,,EVA1A,human,novel_junction,ENST00000393913.8,,75493609-75518056;75518208-75522365;75522487-75560680,75522487-75598625,,,,,,,,
chr2:clu_24469,,EVA1A,human,no_unique_junctions,ENST00000393913.8,ENST00000910298.1,75493609-75518056;75518208-75522365;75522487-75560680,75493609-75518056,,,,,,,,
chr2:clu_24469,,EVA1A,human,no_unique_junctions,ENST00000393913.8,ENST00000910284.1,75493609-75518056;75518208-75522365;75522487-75560680,75493609-75518056,,,,,,,,
chr2:clu_24469,,EVA1A,human,no_unique_junctions,ENST00000393913.8,ENST00000910303.1,75493609-75518056;75518208-75522365;75522487-75560680,75493609-75518056,,,,,,,,
chr2:clu_24469,,EVA1A,human,transcript_doesnt_have_junctions,ENST00000393913.8,ENST00000910299.1,75493609-75518056;75518208-75522365;75522487-75560680,,,,,,,,,
chr2:clu_24469,,EVA1A,human,no_unique_junctions,ENST00000393913.8,ENST00000910297.1,75493609-75518056;75518208-75522365;75522487-75560680,75493609-75518056,,,,,,,,
chr2:clu_24469,,EVA1A,human,no_unique_junctions,ENST00000393913.8,ENST00000910294.1,75493609-75518056;75518208-75522365;75522487-75560680,75493609-75518056,,,,,,,,
chr2:clu_24469,,EVA1A,human,no_unique_junctions,ENST00000393913.8,ENST00000910291.1,75493609-75518056;75518208-75522365;75522487-75560680,75493609-75518056;75518208-75522365,,,,,,,,
chr2:clu_24469,,EVA1A,human,no_unique_junctions,ENST00000393913.8,ENST00000910285.1,75493609-75518056;75518208-75522365;75522487-75560680,75493609-75518056;75522487-75560680,,,,,,,,
chr2:clu_24469,,EVA1A,human,no_unique_junctions,ENST00000393913.8,ENST00000910270.1,75493609-75518056;75518208-75522365;75522487-75560680,75493609-75518056;75518208-75522365;75522487-75560680,,,,,,,,
chr2:clu_24469,,EVA1A,human,no_unique_junctions,ENST00000393913.8,ENST00000910264.1,75493609-75518056;75518208-75522365;75522487-75560680,75493609-75518056;75518208-75522365;75522487-75560680,,,,,,,,
chr2:clu_24469,,EVA1A,human,no_unique_junctions,ENST00000393913.8,ENST00000910259.1,75493609-75518056;75518208-75522365;75522487-75560680,75493609-75518056;75518208-75522365,,,,,,,,
chr2:clu_24469,,EVA1A,human,no_unique_junctions,ENST00000393913.8,ENST00000910302.1,75493609-75518056;75518208-75522365;75522487-75560680,75493609-75518056,,,,,,,,
chr2:clu_24469,,EVA1A,human,transcript_doesnt_have_junctions,ENST00000393913.8,ENST00000910300.1,75493609-75518056;75518208-75522365;75522487-75560680,,,,,,,,,
chr2:clu_24469,,EVA1A,human,no_unique_junctions,ENST00000393913.8,ENST00000910292.1,75493609-75518056;75518208-75522365;75522487-75560680,75493609-75518056,,,,,,,,
chr2:clu_24469,,EVA1A,human,no_unique_junctions,ENST00000393913.8,ENST00000940185.1,75493609-75518056;75518208-75522365;75522487-75560680,75518208-75522365;75522487-75560680,,,,,,,,
chr2:clu_24469,,EVA1A,human,no_unique_junctions,ENST00000393913.8,ENST00000956458.1,75493609-75518056;75518208-75522365;75522487-75560680,75493609-75518056,,,,,,,,
chr2:clu_24469,,EVA1A,human,no_unique_junctions,ENST00000393913.8,ENST00000910257.1,75493609-75518056;75518208-75522365;75522487-75560680,75493609-75518056,,,,,,,,
chr2:clu_24469,,EVA1A,human,no_unique_junctions,ENST00000393913.8,ENST00000910278.1,75493609-75518056;75518208-75522365;75522487-75560680,75493609-75518056,,,,,,,,
chr2:clu_24469,,EVA1A,human,transcript_doesnt_have_junctions,ENST00000393913.8,ENST00000910301.1,75493609-75518056;75518208-75522365;75522487-75560680,,,,,,,,,
chr2:clu_24469,,EVA1A,human,no_unique_junctions,ENST00000393913.8,ENST00000910293.1,75493609-75518056;75518208-75522365;75522487-75560680,75493609-75518056;75518208-75522365,,,,,,,,
chr2:clu_24469,,EVA1A,human,no_unique_junctions,ENST00000393913.8,ENST00000910287.1,75493609-75518056;75518208-75522365;75522487-75560680,75493609-75518056;75518208-75522365,,,,,,,,
chr2:clu_24469,,EVA1A,human,no_unique_junctions,ENST00000393913.8,ENST00000910288.1,75493609-75518056;75518208-75522365;75522487-75560680,75493609-75518056,,,,,,,,
chr2:clu_24469,,EVA1A,human,no_unique_junctions,ENST00000393913.8,ENST00000910277.1,75493609-75518056;75518208-75522365;75522487-75560680,75493609-75518056;75518208-75522365,,,,,,,,
chr2:clu_24469,,EVA1A,human,no_unique_junctions,ENST00000393913.8,ENST00000956456.1,75493609-75518056;75518208-75522365;75522487-75560680,75493609-75518056,,,,,,,,
chr2:clu_24469,,EVA1A,human,transcript_doesnt_have_junctions,ENST00000393913.8,ENST00000910305.1,75493609-75518056;75518208-75522365;75522487-75560680,,,,,,,,,
chr2:clu_24469,,EVA1A,human,no_unique_junctions,ENST00000393913.8,ENST00000910304.1,75493609-75518056;75518208-75522365;75522487-75560680,75493609-75518056,,,,,,,,
chr2:clu_24469,,EVA1A,human,no_unique_junctions,ENST00000393913.8,ENST00000910289.1,75493609-75518056;75518208-75522365;75522487-75560680,75493609-75518056;75522487-75560680,,,,,,,,
chr2:clu_24469,,EVA1A,human,no_unique_junctions,ENST00000393913.8,ENST00000910279.1,75493609-75518056;75518208-75522365;75522487-75560680,75493609-75518056,,,,,,,,
chr2:clu_24469,,EVA1A,human,transcript_doesnt_have_junctions,ENST00000393913.8,ENST00000410010.1,75493609-75518056;75518208-75522365;75522487-75560680,,,,,,,,,
chr2:clu_24469,,EVA1A,human,no_unique_junctions,ENST00000393913.8,ENST00000410071.5,75493609-75518056;75518208-75522365;75522487-75560680,75493609-75518056;75518208-75522365,,,,,,,,
chr2:clu_24469,,EVA1A,human,no_unique_junctions,ENST00000393913.8,ENST00000432649.5,75493609-75518056;75518208-75522365;75522487-75560680,75493609-75518056,,,,,,,,
chr2:clu_24469,,EVA1A,human,no_unique_junctions,ENST00000393913.8,ENST00000452003.1,75493609-75518056;75518208-75522365;75522487-75560680,75493609-75518056,,,,,,,,
chr2:clu_24469,,EVA1A,human,subsumed_by_larger_group,ENST00000393913.8,ENST00000410113.5,75493609-75518056;75518208-75522365;75522487-75560680,75493609-75518056;75518208-75522365;75522487-75526112;75526199-75560680,,,,,,,,
chr2:clu_24469,,EVA1A,human,subsumed_by_larger_group,ENST00000393913.8,ENST00000910272.1,75493609-75518056;75518208-75522365;75522487-75560680,75493609-75518056;75518208-75522365;75522487-75526112;75526199-75560680,,,,,,,,
chr2:clu_24469,,EVA1A,human,subsumed_by_larger_group,ENST00000393913.8,ENST00000910275.1,75493609-75518056;75518208-75522365;75522487-75560680,75493609-75518056;75518208-75522365;75522487-75526112;75526199-75560680,,,,,,,,
chr2:clu_24469,,EVA1A,human,subsumed_by_larger_group,ENST00000393913.8,ENST00000910281.1,75493609-75518056;75518208-75522365;75522487-75560680,75518208-75522365;75522487-75526112;75526199-75560680,,,,,,,,
chr2:clu_24469,,EVA1A,human,subsumed_by_larger_group,ENST00000393913.8,ENST00000910267.1,75493609-75518056;75518208-75522365;75522487-75560680,75493609-75518056;75518208-75560680,,,,,,,,
chr2:clu_24469,,EVA1A,human,subsumed_by_larger_group,ENST00000393913.8,ENST00000910273.1,75493609-75518056;75518208-75522365;75522487-75560680,75493609-75518056;75518208-75560680,,,,,,,,
chr2:clu_24469,,EVA1A,human,subsumed_by_larger_group,ENST00000393913.8,ENST00000910280.1,75493609-75518056;75518208-75522365;75522487-75560680,75493609-75518056;75526199-75560680,,,,,,,,
chr2:clu_24469,,EVA1A,human,subsumed_by_larger_group,ENST00000393913.8,ENST00000956454.1,75493609-75518056;75518208-75522365;75522487-75560680,75493609-75518056;75526199-75560680,,,,,,,,
chr2:clu_24469,,EVA1A,human,subsumed_by_larger_group,ENST00000393913.8,ENST00000910269.1,75493609-75518056;75518208-75522365;75522487-75560680,75493609-75518056;75518208-75520194;75520268-75522365,,,,,,,,
chr2:clu_24469,,EVA1A,human,subsumed_by_larger_group,ENST00000393913.8,ENST00000910274.1,75493609-75518056;75518208-75522365;75522487-75560680,75493609-75518056;75518208-75520194;75520268-75522365;75522487-75560680,,,,,,,,
chr2:clu_24469,,EVA1A,human,subsumed_by_larger_group,ENST00000393913.8,ENST00000910282.1,75493609-75518056;75518208-75522365;75522487-75560680,75493609-75518056;75518208-75520194;75520268-75522365,,,,,,,,
chr2:clu_24469,,EVA1A,human,subsumed_by_larger_group,ENST00000393913.8,ENST00000910296.1,75493609-75518056;75518208-75522365;75522487-75560680,75493609-75518056;75518208-75520194;75520268-75522365,,,,,,,,
chr2:clu_24469,,EVA1A,human,subsumed_by_larger_group,ENST00000393913.8,ENST00000940186.1,75493609-75518056;75518208-75522365;75522487-75560680,75518208-75520194;75520268-75522365;75522487-75560680,,,,,,,,
chr2:clu_24469,,EVA1A,human,subsumed_by_larger_group,ENST00000393913.8,ENST00000910258.1,75493609-75518056;75518208-75522365;75522487-75560680,75493609-75518056;75518208-75522365;75522487-75526112,,,,,,,,
chr2:clu_24469,,EVA1A,human,subsumed_by_larger_group,ENST00000393913.8,ENST00000910261.1,75493609-75518056;75518208-75522365;75522487-75560680,75493609-75518056;75518208-75522365;75522487-75526112,,,,,,,,
chr2:clu_24469,,EVA1A,human,subsumed_by_larger_group,ENST00000393913.8,ENST00000910263.1,75493609-75518056;75518208-75522365;75522487-75560680,75493609-75518056;75518208-75522365;75522487-75526112,,,,,,,,
chr2:clu_24469,,EVA1A,human,subsumed_by_larger_group,ENST00000393913.8,ENST00000910266.1,75493609-75518056;75518208-75522365;75522487-75560680,75493609-75518056;75518208-75522365;75522487-75526112,,,,,,,,
chr2:clu_24469,,EVA1A,human,subsumed_by_larger_group,ENST00000393913.8,ENST00000910268.1,75493609-75518056;75518208-75522365;75522487-75560680,75493609-75518056;75518208-75522365;75522487-75526112,,,,,,,,
chr2:clu_24469,,EVA1A,human,subsumed_by_larger_group,ENST00000393913.8,ENST00000910271.1,75493609-75518056;75518208-75522365;75522487-75560680,75493609-75518056;75518208-75522365;75522487-75526112,,,,,,,,
chr2:clu_24469,,EVA1A,human,subsumed_by_larger_group,ENST00000393913.8,ENST00000910286.1,75493609-75518056;75518208-75522365;75522487-75560680,75493609-75518056;75518208-75522365;75522487-75526112,,,,,,,,
chr2:clu_24469,,EVA1A,human,subsumed_by_larger_group,ENST00000393913.8,ENST00000910290.1,75493609-75518056;75518208-75522365;75522487-75560680,75493609-75518056;75518208-75522365;75522487-75526112,,,,,,,,
chr2:clu_24469,,EVA1A,human,subsumed_by_larger_group,ENST00000393913.8,ENST00000956457.1,75493609-75518056;75518208-75522365;75522487-75560680,75493609-75518056;75518208-75522365;75522487-75526112,,,,,,,,
chr2:clu_24469,,EVA1A,human,subsumed_by_larger_group,ENST00000393913.8,ENST00000910265.1,75493609-75518056;75518208-75522365;75522487-75560680,75493609-75518056;75518208-75520194;75520268-75522365;75522487-75526112,,,,,,,,
chr2:clu_24469,,EVA1A,human,subsumed_by_larger_group,ENST00000393913.8,ENST00000910260.1,75493609-75518056;75518208-75522365;75522487-75560680,75493609-75518056;75526199-75569476,,,,,,,,
chr2:clu_24469,,EVA1A,human,subsumed_by_larger_group,ENST00000393913.8,ENST00000910283.1,75493609-75518056;75518208-75522365;75522487-75560680,75493609-75518056;75518208-75520194,,,,,,,,
chr2:clu_24469,,EVA1A,human,subsumed_by_larger_group,ENST00000393913.8,ENST00000910295.1,75493609-75518056;75518208-75522365;75522487-75560680,75493609-75518056;75518208-75520194,,,,,,,,
chr2:clu_24469,,EVA1A,human,subsumed_by_larger_group,ENST00000393913.8,ENST00000490746.5,75493609-75518056;75518208-75522365;75522487-75560680,75469370-75518056;75518208-75522365;75522487-75560680,,,,,,,,
chr2:clu_24469,2/6,EVA1A,human,transcript_not_chosen,ENST00000393913.8,ENST00000910276.1,75493609-75518056;75518208-75522365;75522487-75560680,75493609-75518056;75518208-75520194;75520268-75522365;75522487-75526112;75526199-75560680,,,,,,,,
chr3:clu_30443,,MME,human,transcript_doesnt_have_junctions,ENST00000360490.7,ENST00000871484.1,155080466-155084158,,,,,,,,,
chr3:clu_30443,,MME,human,transcript_doesnt_have_junctions,ENST00000360490.7,ENST00000462745.5,155080466-155084158,,,,,,,,,
chr3:clu_30443,,MME,human,transcript_doesnt_have_junctions,ENST00000360490.7,ENST00000493237.5,155080466-155084158,,,,,,,,,
chr3:clu_30443,,MME,human,no_unique_junctions,ENST00000360490.7,ENST00000382989.7,155080466-155084158,155080466-155084158,,,,,,,,
chr3:clu_30443,,MME,human,transcript_doesnt_have_junctions,ENST00000360490.7,ENST00000680057.1,155080466-155084158,,,,,,,,,
chr3:clu_30443,,MME,human,transcript_doesnt_have_junctions,ENST00000360490.7,ENST00000680282.1,155080466-155084158,,,,,,,,,
chr3:clu_30443,,MME,human,transcript_doesnt_have_junctions,ENST00000360490.7,XM_011512856.3,155080466-155084158,,,,,,,,,
chr3:clu_30443,,MME,human,transcript_doesnt_have_junctions,ENST00000360490.7,ENST00000679362.1,155080466-155084158,,,,,,,,,
chr3:clu_30443,,MME,human,transcript_doesnt_have_junctions,ENST00000360490.7,ENST00000495577.1,155080466-155084158,,,,,,,,,
chr3:clu_30443,,MME,human,transcript_doesnt_have_junctions,ENST00000360490.7,ENST00000493888.1,155080466-155084158,,,,,,,,,
chr3:clu_30443,,MME,human,transcript_doesnt_have_junctions,ENST00000360490.7,ENST00000871482.1,155080466-155084158,,,,,,,,,
chr3:clu_30443,,MME,human,no_unique_junctions,ENST00000360490.7,ENST00000871480.1,155080466-155084158,155080466-155084158,,,,,,,,
chr3:clu_30443,,MME,human,transcript_doesnt_have_junctions,ENST00000360490.7,ENST00000944233.1,155080466-155084158,,,,,,,,,
chr3:clu_30443,,MME,human,transcript_doesnt_have_junctions,ENST00000360490.7,ENST00000871483.1,155080466-155084158,,,,,,,,,
chr3:clu_30443,,MME,human,transcript_doesnt_have_junctions,ENST00000360490.7,ENST00000871479.1,155080466-155084158,,,,,,,,,
chr3:clu_30443,,MME,human,transcript_doesnt_have_junctions,ENST00000360490.7,ENST00000871485.1,155080466-155084158,,,,,,,,,
chr3:clu_30443,,MME,human,no_unique_junctions,ENST00000360490.7,ENST00000915242.1,155080466-155084158,155080466-155084158,,,,,,,,
chr3:clu_30443,,MME,human,no_unique_junctions,ENST00000360490.7,ENST00000915243.1,155080466-155084158,155080466-155084158,,,,,,,,
chr3:clu_30443,,MME,human,transcript_doesnt_have_junctions,ENST00000360490.7,ENST00000871481.1,155080466-155084158,,,,,,,,,
chr3:clu_30443,,MME,human,transcript_doesnt_have_junctions,ENST00000360490.7,ENST00000491026.6,155080466-155084158,,,,,,,,,
chr3:clu_30443,,MME,human,transcript_doesnt_have_junctions,ENST00000360490.7,ENST00000473730.6,155080466-155084158,,,,,,,,,
chr3:clu_30443,,MME,human,transcript_doesnt_have_junctions,ENST00000360490.7,ENST00000477669.1,155080466-155084158,,,,,,,,,
chr3:clu_30443,2/3,MME,human,transcript_not_chosen,ENST00000360490.7,ENST00000491597.5,155080466-155084158,155079756-155084158,,,,,,,,
chr3:clu_30443,2/3,MME,human,transcript_not_chosen,ENST00000360490.7,ENST00000915239.1,155080466-155084158,155079756-155084158,,,,,,,,
chr3:clu_30443,3/3,MME,human,transcript_not_chosen,ENST00000360490.7,ENST00000675418.2,155080466-155084158,155080001-155084158,,,,,,,,
chr3:clu_30443,3/3,MME,human,transcript_not_chosen,ENST00000360490.7,ENST00000915240.1,155080466-155084158,155080001-155084158,,,,,,,,
chr3:clu_30443,3/3,MME,human,transcript_not_chosen,ENST00000360490.7,ENST00000915241.1,155080466-155084158,155080001-155084158,,,,,,,,
chr3:clu_30443,3/3,MME,human,transcript_not_chosen,ENST00000360490.7,ENST00000915244.1,155080466-155084158,155080001-155084158,,,,,,,,
chr14:clu_12418,,NIN,human,no_unique_junctions,ENST00000530997.7,XM_047431439.1,50754867-50756492;50758630-50759857,50754867-50756492;50758630-50759857,,,,,,,,
chr14:clu_12418,,NIN,human,no_unique_junctions,ENST00000530997.7,XM_047431438.1,50754867-50756492;50758630-50759857,50754867-50756492;50758630-50759857,,,,,,,,
chr14:clu_12418,,NIN,human,no_unique_junctions,ENST00000530997.7,ENST00000389869.7,50754867-50756492;50758630-50759857,50754867-50756492;50758630-50759857,,,,,,,,
chr14:clu_12418,,NIN,human,no_unique_junctions,ENST00000530997.7,ENST00000872465.1,50754867-50756492;50758630-50759857,50754867-50756492;50758630-50759857,,,,,,,,
chr14:clu_12418,,NIN,human,no_unique_junctions,ENST00000530997.7,XM_047431434.1,50754867-50756492;50758630-50759857,50754867-50756492;50758630-50759857,,,,,,,,
chr14:clu_12418,,NIN,human,no_unique_junctions,ENST00000530997.7,ENST00000965312.1,50754867-50756492;50758630-50759857,50754867-50756492;50758630-50759857,,,,,,,,
chr14:clu_12418,,NIN,human,no_unique_junctions,ENST00000530997.7,XM_047431431.1,50754867-50756492;50758630-50759857,50754867-50756492;50758630-50759857,,,,,,,,
chr14:clu_12418,,NIN,human,no_unique_junctions,ENST00000530997.7,XM_047431433.1,50754867-50756492;50758630-50759857,50754867-50756492;50758630-50759857,,,,,,,,
chr14:clu_12418,,NIN,human,no_unique_junctions,ENST00000530997.7,XM_024449622.2,50754867-50756492;50758630-50759857,50754867-50756492;50758630-50759857,,,,,,,,
chr14:clu_12418,,NIN,human,no_unique_junctions,ENST00000530997.7,ENST00000382041.7,50754867-50756492;50758630-50759857,50754867-50756492;50758630-50759857,,,,,,,,
chr14:clu_12418,,NIN,human,no_unique_junctions,ENST00000530997.7,ENST00000453196.6,50754867-50756492;50758630-50759857,50754867-50756492;50758630-50759857,,,,,,,,
chr14:clu_12418,,NIN,human,no_unique_junctions,ENST00000530997.7,XM_047431435.1,50754867-50756492;50758630-50759857,50754867-50756492;50758630-50759857,,,,,,,,
chr14:clu_12418,,NIN,human,no_unique_junctions,ENST00000530997.7,XM_011536819.4,50754867-50756492;50758630-50759857,50754867-50756492;50758630-50759857,,,,,,,,
chr14:clu_12418,,NIN,human,no_unique_junctions,ENST00000530997.7,ENST00000476352.5,50754867-50756492;50758630-50759857,50754867-50756492;50758630-50759857,,,,,,,,
chr14:clu_12418,,NIN,human,no_unique_junctions,ENST00000530997.7,XM_047431436.1,50754867-50756492;50758630-50759857,50754867-50756492;50758630-50759857,,,,,,,,
chr14:clu_12418,,NIN,human,transcript_doesnt_have_junctions,ENST00000530997.7,ENST00000706703.1,50754867-50756492;50758630-50759857,,,,,,,,,
chr14:clu_12418,,NIN,human,transcript_doesnt_have_junctions,ENST00000530997.7,ENST00000706704.1,50754867-50756492;50758630-50759857,,,,,,,,,
chr14:clu_12418,,NIN,human,transcript_doesnt_have_junctions,ENST00000530997.7,ENST00000555984.1,50754867-50756492;50758630-50759857,,,,,,,,,
chr14:clu_12418,,NIN,human,transcript_doesnt_have_junctions,ENST00000530997.7,ENST00000706707.1,50754867-50756492;50758630-50759857,,,,,,,,,
chr14:clu_12418,,NIN,human,transcript_doesnt_have_junctions,ENST00000530997.7,ENST00000706708.1,50754867-50756492;50758630-50759857,,,,,,,,,
chr14:clu_12418,,NIN,human,transcript_doesnt_have_junctions,ENST00000530997.7,ENST00000706709.1,50754867-50756492;50758630-50759857,,,,,,,,,
chr14:clu_12418,,NIN,human,transcript_doesnt_have_junctions,ENST00000530997.7,ENST00000480476.1,50754867-50756492;50758630-50759857,,,,,,,,,
chr14:clu_12418,,NIN,human,transcript_doesnt_have_junctions,ENST00000530997.7,ENST00000706710.1,50754867-50756492;50758630-50759857,,,,,,,,,
chr14:clu_12418,,NIN,human,transcript_doesnt_have_junctions,ENST00000530997.7,ENST00000706711.1,50754867-50756492;50758630-50759857,,,,,,,,,
chr14:clu_12418,,NIN,human,transcript_doesnt_have_junctions,ENST00000530997.7,ENST00000474937.1,50754867-50756492;50758630-50759857,,,,,,,,,
chr14:clu_12418,,NIN,human,transcript_doesnt_have_junctions,ENST00000530997.7,ENST00000706712.1,50754867-50756492;50758630-50759857,,,,,,,,,
chr14:clu_12418,,NIN,human,transcript_doesnt_have_junctions,ENST00000530997.7,ENST00000463419.1,50754867-50756492;50758630-50759857,,,,,,,,,
chr14:clu_12418,,NIN,human,no_unique_junctions,ENST00000530997.7,ENST00000914777.1,50754867-50756492;50758630-50759857,50754867-50756492;50758630-50759857,,,,,,,,
chr14:clu_12418,,NIN,human,transcript_doesnt_have_junctions,ENST00000530997.7,ENST00000453401.6,50754867-50756492;50758630-50759857,,,,,,,,,
chr14:clu_12418,,NIN,human,transcript_doesnt_have_junctions,ENST00000530997.7,ENST00000486950.5,50754867-50756492;50758630-50759857,,,,,,,,,
chr14:clu_12418,,NIN,human,transcript_doesnt_have_junctions,ENST00000530997.7,ENST00000673852.1,50754867-50756492;50758630-50759857,,,,,,,,,
chr14:clu_12418,,NIN,human,transcript_doesnt_have_junctions,ENST00000530997.7,ENST00000674061.1,50754867-50756492;50758630-50759857,,,,,,,,,
chr14:clu_12418,,NIN,human,transcript_doesnt_have_junctions,ENST00000530997.7,ENST00000496749.1,50754867-50756492;50758630-50759857,,,,,,,,,
chr14:clu_12418,,NIN,human,transcript_doesnt_have_junctions,ENST00000530997.7,ENST00000673819.1,50754867-50756492;50758630-50759857,,,,,,,,,
chr14:clu_12418,,NIN,human,transcript_doesnt_have_junctions,ENST00000530997.7,ENST00000486200.1,50754867-50756492;50758630-50759857,,,,,,,,,
chr14:clu_12418,1/1,NIN,human,transcript_not_chosen,ENST00000530997.7,ENST00000324330.13,50754867-50756492;50758630-50759857,50754867-50759857,,,,,,,,
chr14:clu_12418,1/1,NIN,human,transcript_not_chosen,ENST00000530997.7,ENST00000382043.8,50754867-50756492;50758630-50759857,50754867-50759857,,,,,,,,
chr14:clu_12418,1/1,NIN,human,transcript_not_chosen,ENST00000530997.7,ENST00000485005.2,50754867-50756492;50758630-50759857,50754867-50759857,,,,,,,,
chr14:clu_12418,1/1,NIN,human,transcript_not_chosen,ENST00000530997.7,ENST00000673657.1,50754867-50756492;50758630-50759857,50754867-50759857,,,,,,,,
chr14:clu_12418,1/1,NIN,human,transcript_not_chosen,ENST00000530997.7,ENST00000674030.1,50754867-50756492;50758630-50759857,50754867-50759857,,,,,,,,
chr14:clu_12418,1/1,NIN,human,transcript_not_chosen,ENST00000530997.7,ENST00000706705.1,50754867-50756492;50758630-50759857,50754867-50759857,,,,,,,,
chr14:clu_12418,1/1,NIN,human,transcript_not_chosen,ENST00000530997.7,ENST00000706706.1,50754867-50756492;50758630-50759857,50754867-50759857,,,,,,,,
chr14:clu_12418,1/1,NIN,human,transcript_not_chosen,ENST00000530997.7,XM_011536822.3,50754867-50756492;50758630-50759857,50754867-50759857,,,,,,,,
chr14:clu_12418,1/1,NIN,human,transcript_not_chosen,ENST00000530997.7,XM_047431441.1,50754867-50756492;50758630-50759857,50754867-50759857,,,,,,,,
chr14:clu_12418,1/1,NIN,human,transcript_not_chosen,ENST00000530997.7,XM_047431442.1,50754867-50756492;50758630-50759857,50754867-50759857,,,,,,,,
chr14:clu_12418,1/1,NIN,human,transcript_not_chosen,ENST00000530997.7,XM_047431443.1,50754867-50756492;50758630-50759857,50754867-50759857,,,,,,,,
chr14:clu_12418,1/1,NIN,human,transcript_not_chosen,ENST00000530997.7,XM_047431444.1,50754867-50756492;50758630-50759857,50754867-50759857,,,,,,,,
chr14:clu_12418,1/1,NIN,human,transcript_not_chosen,ENST00000530997.7,XM_047431445.1,50754867-50756492;50758630-50759857,50754867-50759857,,,,,,,,
chr14:clu_12418,1/1,NIN,human,transcript_not_chosen,ENST00000530997.7,XM_047431446.1,50754867-50756492;50758630-50759857,50754867-50759857,,,,,,,,
chr14:clu_12418,1/1,NIN,human,transcript_not_chosen,ENST00000530997.7,XM_047431447.1,50754867-50756492;50758630-50759857,50754867-50759857,,,,,,,,
chr14:clu_12418,1/1,NIN,human,transcript_not_chosen,ENST00000530997.7,XM_047431448.1,50754867-50756492;50758630-50759857,50754867-50759857,,,,,,,,
chr14:clu_12418,1/1,NIN,human,transcript_not_chosen,ENST00000530997.7,XM_047431449.1,50754867-50756492;50758630-50759857,50754867-50759857,,,,,,,,
chr14:clu_12418,1/1,NIN,human,transcript_not_chosen,ENST00000530997.7,XM_047431450.1,50754867-50756492;50758630-50759857,50754867-50759857,,,,,,,,
chr14:clu_12418,1/1,NIN,human,transcript_not_chosen,ENST00000530997.7,XM_047431451.1,50754867-50756492;50758630-50759857,50754867-50759857,,,,,,,,
chr14:clu_12418,1/1,NIN,human,transcript_not_chosen,ENST00000530997.7,XM_047431452.1,50754867-50756492;50758630-50759857,50754867-50759857,,,,,,,,
chr14:clu_12418,1/1,NIN,human,transcript_not_chosen,ENST00000530997.7,XM_047431453.1,50754867-50756492;50758630-50759857,50754867-50759857,,,,,,,,
chr14:clu_12418,1/1,NIN,human,transcript_not_chosen,ENST00000530997.7,XM_047431454.1,50754867-50756492;50758630-50759857,50754867-50759857,,,,,,,,
chr21:clu_27039,,FAM3B,human,no_unique_junctions,ENST00000357985.7,XM_011529649.3,41316898-41322923;41323066-41338378,41323066-41338378,,,,,,,,
chr21:clu_27039,,FAM3B,human,no_unique_junctions,ENST00000357985.7,XM_011529648.3,41316898-41322923;41323066-41338378,41323066-41338378,,,,,,,,
chr21:clu_27039,,FAM3B,human,no_unique_junctions,ENST00000357985.7,ENST00000398646.3,41316898-41322923;41323066-41338378,41323066-41338378,,,,,,,,
chr21:clu_27039,,FAM3B,human,no_unique_junctions,ENST00000357985.7,ENST00000953958.1,41316898-41322923;41323066-41338378,41316898-41322923;41323066-41338378,,,,,,,,
chr21:clu_27039,,FAM3B,human,no_unique_junctions,ENST00000357985.7,ENST00000398652.7,41316898-41322923;41323066-41338378,41323066-41338378,,,,,,,,
chr21:clu_27039,,FAM3B,human,no_unique_junctions,ENST00000357985.7,ENST00000479810.6,41316898-41322923;41323066-41338378,41323066-41338378,,,,,,,,
chr21:clu_27039,,FAM3B,human,no_unique_junctions,ENST00000357985.7,ENST00000518236.1,41316898-41322923;41323066-41338378,41323066-41338378,,,,,,,,
chr6:clu_36142,,CRYBG1,human,novel_junction,ENST00000633556.3,,106539529-106541586,106541458-106541586,,,,,,,,
chr6:clu_36142,,CRYBG1,human,no_unique_junctions,ENST00000633556.3,XM_047418270.1,106539529-106541586,106539529-106541586,,,,,,,,
chr6:clu_36142,,CRYBG1,human,no_unique_junctions,ENST00000633556.3,NM_001624.4,106539529-106541586,106539529-106541586,,,,,,,,
chr6:clu_36142,,CRYBG1,human,transcript_doesnt_have_junctions,ENST00000633556.3,ENST00000487681.1,106539529-106541586,,,,,,,,,
chr6:clu_36142,,CRYBG1,human,transcript_doesnt_have_junctions,ENST00000633556.3,ENST00000651520.1,106539529-106541586,,,,,,,,,
chr2:clu_23454:ASDURF,,ASDURF,human,novel_junction,ENST00000607829.6,,189665451-189666041,189665451-189667764,,,,,,,,
chr2:clu_23454:ASDURF,,ASDURF,human,novel_junction,ENST00000607829.6,,189665451-189666041,189667596-189667764,,,,,,,,
chr2:clu_23454:ASDURF,,ASDURF,human,no_unique_junctions,ENST00000607829.6,ENST00000607690.1,189665451-189666041,189665451-189666041,,,,,,,,
chr2:clu_23454:ASDURF,,ASDURF,human,no_unique_junctions,ENST00000607829.6,ENST00000605941.5,189665451-189666041,189665451-189666041,,,,,,,,
chr2:clu_23454:ASDURF,,ASDURF,human,no_unique_junctions,ENST00000607829.6,ENST00000607535.5,189665451-189666041,189665451-189666041,,,,,,,,
chr2:clu_23454:ASDURF,,ASDURF,human,all_known_junctions_are_canonical,ENST00000607829.6,,189665451-189666041,,,,,,,,,
chr1:clu_3384:NBPF8,,NBPF8,human,novel_junction,ENST00000698216.1,,120440814-120441278;120452331-120453372,120440814-120447630,,,,,,,,
chr1:clu_3384:NBPF8,,NBPF8,human,novel_junction,ENST00000698216.1,,120440814-120441278;120452331-120453372,120446043-120453372,,,,,,,,
chr1:clu_3384:NBPF8,,NBPF8,human,novel_junction,ENST00000698216.1,,120440814-120441278;120452331-120453372,120808759-120809811,,,,,,,,
chr1:clu_3384:NBPF8,,NBPF8,human,novel_junction,ENST00000698216.1,,120440814-120441278;120452331-120453372,120808759-120816085,,,,,,,,
chr1:clu_3384:NBPF8,,NBPF8,human,novel_junction,ENST00000698216.1,,120440814-120441278;120452331-120453372,120809883-120810347,,,,,,,,
chr1:clu_3384:NBPF8,,NBPF8,human,novel_junction,ENST00000698216.1,,120440814-120441278;120452331-120453372,120815043-120816085,,,,,,,,
chr1:clu_3384:NBPF8,1/1,NBPF8,human,transcript_not_chosen,ENST00000698216.1,ENST00000652355.1,120440814-120441278;120452331-120453372,120440814-120441278;120447166-120447630;120452331-120453372,,,,,,,,
chr1:clu_3384:NBPF8,1/1,NBPF8,human,transcript_not_chosen,ENST00000698216.1,ENST00000860584.1,120440814-120441278;120452331-120453372,120447166-120447630;120452331-120453372,,,,,,,,
chr1:clu_3384:NBPF8,1/1,NBPF8,human,transcript_not_chosen,ENST00000698216.1,ENST00000860585.1,120440814-120441278;120452331-120453372,120447166-120447630;120452331-120453372,,,,,,,,
chr1:clu_3384:NBPF8,1/1,NBPF8,human,transcript_not_chosen,ENST00000698216.1,XM_047429843.1,120440814-120441278;120452331-120453372,120440814-120441278;120447166-120447630;120452331-120453372,,,,,,,,
chr15:clu_13212,,TPM1,human,no_unique_junctions,ENST00000403994.9,NM_001407326.1,63042943-63044027;63044152-63056985,63042943-63044027;63044152-63056985,,,,,,,,
chr15:clu_13212,,TPM1,human,no_unique_junctions,ENST00000403994.9,NM_001407337.1,63042943-63044027;63044152-63056985,63042943-63044027;63044152-63056985,,,,,,,,
chr15:clu_13212,,TPM1,human,no_unique_junctions,ENST00000403994.9,ENST00000358278.7,63042943-63044027;63044152-63056985,63042943-63044027;63044152-63056985,,,,,,,,
chr15:clu_13212,,TPM1,human,no_unique_junctions,ENST00000403994.9,NM_001365776.1,63042943-63044027;63044152-63056985,63042943-63044027;63044152-63056985,,,,,,,,
chr15:clu_13212,,TPM1,human,no_unique_junctions,ENST00000403994.9,ENST00000559556.5,63042943-63044027;63044152-63056985,63042943-63044027;63044152-63056985,,,,,,,,
chr15:clu_13212,,TPM1,human,no_unique_junctions,ENST00000403994.9,ENST00000288398.10,63042943-63044027;63044152-63056985,63042943-63044027;63044152-63056985,,,,,,,,
chr15:clu_13212,,TPM1,human,no_unique_junctions,ENST00000403994.9,ENST00000893958.1,63042943-63044027;63044152-63056985,63042943-63044027;63044152-63056985,,,,,,,,
chr15:clu_13212,,TPM1,human,no_unique_junctions,ENST00000403994.9,NM_001407327.1,63042943-63044027;63044152-63056985,63042943-63044027;63044152-63056985,,,,,,,,
chr15:clu_13212,,TPM1,human,no_unique_junctions,ENST00000403994.9,ENST00000940174.1,63042943-63044027;63044152-63056985,63042943-63044027;63044152-63056985,,,,,,,,
chr15:clu_13212,,TPM1,human,no_unique_junctions,ENST00000403994.9,NM_001407333.1,63042943-63044027;63044152-63056985,63042943-63044027;63044152-63056985,,,,,,,,
chr15:clu_13212,,TPM1,human,no_unique_junctions,ENST00000403994.9,ENST00000560970.6,63042943-63044027;63044152-63056985,63042943-63044027;63044152-63056985,,,,,,,,
chr15:clu_13212,,TPM1,human,no_unique_junctions,ENST00000403994.9,NM_001365777.1,63042943-63044027;63044152-63056985,63042943-63044027;63044152-63056985,,,,,,,,
chr15:clu_13212,,TPM1,human,no_unique_junctions,ENST00000403994.9,ENST00000942078.1,63042943-63044027;63044152-63056985,63042943-63044027;63044152-63056985,,,,,,,,
chr15:clu_13212,,TPM1,human,no_unique_junctions,ENST00000403994.9,NM_001407325.1,63042943-63044027;63044152-63056985,63042943-63044027;63044152-63056985,,,,,,,,
chr15:clu_13212,,TPM1,human,no_unique_junctions,ENST00000403994.9,NM_001407330.1,63042943-63044027;63044152-63056985,63042943-63044027;63044152-63056985,,,,,,,,
chr15:clu_13212,,TPM1,human,no_unique_junctions,ENST00000403994.9,ENST00000651344.1,63042943-63044027;63044152-63056985,63042943-63044027;63044152-63056985,,,,,,,,
chr15:clu_13212,,TPM1,human,no_unique_junctions,ENST00000403994.9,ENST00000560131.2,63042943-63044027;63044152-63056985,63042943-63044027;63044152-63056985,,,,,,,,
chr15:clu_13212,,TPM1,human,no_unique_junctions,ENST00000403994.9,ENST00000644204.1,63042943-63044027;63044152-63056985,63044152-63056985,,,,,,,,
chr15:clu_13212,,TPM1,human,transcript_doesnt_have_junctions,ENST00000403994.9,ENST00000558264.5,63042943-63044027;63044152-63056985,,,,,,,,,
chr15:clu_13212,,TPM1,human,transcript_doesnt_have_junctions,ENST00000403994.9,ENST00000558400.1,63042943-63044027;63044152-63056985,,,,,,,,,
chr15:clu_13212,,TPM1,human,transcript_doesnt_have_junctions,ENST00000403994.9,ENST00000561242.1,63042943-63044027;63044152-63056985,,,,,,,,,
chr15:clu_13212,,TPM1,human,transcript_doesnt_have_junctions,ENST00000403994.9,ENST00000558072.5,63042943-63044027;63044152-63056985,,,,,,,,,
chr15:clu_13212,,TPM1,human,transcript_doesnt_have_junctions,ENST00000403994.9,ENST00000559108.1,63042943-63044027;63044152-63056985,,,,,,,,,
chr15:clu_13212,,TPM1,human,no_unique_junctions,ENST00000403994.9,ENST00000559831.6,63042943-63044027;63044152-63056985,63042943-63044027;63044152-63056985,,,,,,,,
chr15:clu_13212,,TPM1,human,no_unique_junctions,ENST00000403994.9,ENST00000942069.1,63042943-63044027;63044152-63056985,63042943-63044027;63044152-63056985,,,,,,,,
chr15:clu_13212,,TPM1,human,no_unique_junctions,ENST00000403994.9,ENST00000942068.1,63042943-63044027;63044152-63056985,63042943-63044027;63044152-63056985,,,,,,,,
chr15:clu_13212,,TPM1,human,no_unique_junctions,ENST00000403994.9,ENST00000942070.1,63042943-63044027;63044152-63056985,63042943-63044027;63044152-63056985,,,,,,,,
chr15:clu_13212,,TPM1,human,no_unique_junctions,ENST00000403994.9,ENST00000610733.1,63042943-63044027;63044152-63056985,63042943-63044027,,,,,,,,
chr15:clu_13212,,TPM1,human,no_unique_junctions,ENST00000403994.9,ENST00000942071.1,63042943-63044027;63044152-63056985,63042943-63044027;63044152-63056985,,,,,,,,
chr15:clu_13212,,TPM1,human,no_unique_junctions,ENST00000403994.9,ENST00000942074.1,63042943-63044027;63044152-63056985,63042943-63044027,,,,,,,,
chr15:clu_13212,,TPM1,human,no_unique_junctions,ENST00000403994.9,ENST00000893960.1,63042943-63044027;63044152-63056985,63042943-63044027;63044152-63056985,,,,,,,,
chr15:clu_13212,,TPM1,human,no_unique_junctions,ENST00000403994.9,ENST00000942076.1,63042943-63044027;63044152-63056985,63042943-63044027;63044152-63056985,,,,,,,,
chr15:clu_13212,,TPM1,human,no_unique_junctions,ENST00000403994.9,ENST00000942077.1,63042943-63044027;63044152-63056985,63042943-63044027;63044152-63056985,,,,,,,,
chr15:clu_13212,,TPM1,human,no_unique_junctions,ENST00000403994.9,ENST00000561395.6,63042943-63044027;63044152-63056985,63042943-63044027;63044152-63056985,,,,,,,,
chr15:clu_13212,,TPM1,human,transcript_doesnt_have_junctions,ENST00000403994.9,ENST00000942073.1,63042943-63044027;63044152-63056985,,,,,,,,,
chr15:clu_13212,,TPM1,human,no_unique_junctions,ENST00000403994.9,ENST00000714014.1,63042943-63044027;63044152-63056985,63042943-63044027;63044152-63056985,,,,,,,,
chr15:clu_13212,,TPM1,human,no_unique_junctions,ENST00000403994.9,ENST00000714015.1,63042943-63044027;63044152-63056985,63042943-63044027;63044152-63056985,,,,,,,,
chr15:clu_13212,,TPM1,human,transcript_doesnt_have_junctions,ENST00000403994.9,ENST00000940177.1,63042943-63044027;63044152-63056985,,,,,,,,,
chr15:clu_13212,,TPM1,human,no_unique_junctions,ENST00000403994.9,ENST00000942079.1,63042943-63044027;63044152-63056985,63042943-63044027;63044152-63056985,,,,,,,,
chr15:clu_13212,,TPM1,human,no_unique_junctions,ENST00000403994.9,ENST00000714016.1,63042943-63044027;63044152-63056985,63042943-63044027,,,,,,,,
chr15:clu_13212,,TPM1,human,no_unique_junctions,ENST00000403994.9,ENST00000714017.1,63042943-63044027;63044152-63056985,63042943-63044027;63044152-63056985,,,,,,,,
chr15:clu_13212,,TPM1,human,no_unique_junctions,ENST00000403994.9,ENST00000940175.1,63042943-63044027;63044152-63056985,63042943-63044027;63044152-63056985,,,,,,,,
chr15:clu_13212,,TPM1,human,no_unique_junctions,ENST00000403994.9,ENST00000558347.5,63042943-63044027;63044152-63056985,63042943-63044027;63044152-63056985,,,,,,,,
chr15:clu_13212,,TPM1,human,transcript_doesnt_have_junctions,ENST00000403994.9,ENST00000651704.1,63042943-63044027;63044152-63056985,,,,,,,,,
chr15:clu_13212,,TPM1,human,transcript_doesnt_have_junctions,ENST00000403994.9,ENST00000558544.5,63042943-63044027;63044152-63056985,,,,,,,,,
chr15:clu_13212,,TPM1,human,transcript_doesnt_have_junctions,ENST00000403994.9,ENST00000560615.6,63042943-63044027;63044152-63056985,,,,,,,,,
chr15:clu_13212,,TPM1,human,transcript_doesnt_have_junctions,ENST00000403994.9,ENST00000651577.1,63042943-63044027;63044152-63056985,,,,,,,,,
chr15:clu_13212,,TPM1,human,transcript_doesnt_have_junctions,ENST00000403994.9,ENST00000705544.1,63042943-63044027;63044152-63056985,,,,,,,,,
chr15:clu_13212,,TPM1,human,transcript_doesnt_have_junctions,ENST00000403994.9,ENST00000560679.1,63042943-63044027;63044152-63056985,,,,,,,,,
chr15:clu_13212,,TPM1,human,subsumed_by_larger_group,ENST00000403994.9,ENST00000560975.5,63042943-63044027;63044152-63056985,63043831-63056985,,,,,,,,
chr15:clu_13212,,TPM1,human,subsumed_by_larger_group,ENST00000403994.9,ENST00000561425.5,63042943-63044027;63044152-63056985,63043831-63056985,,,,,,,,
chr15:clu_13212,,TPM1,human,subsumed_by_larger_group,ENST00000403994.9,ENST00000558314.5,63042943-63044027;63044152-63056985,63042943-63043706;63044152-63056985,,,,,,,,
chr15:clu_13212,,TPM1,human,subsumed_by_larger_group,ENST00000403994.9,ENST00000942072.1,63042943-63044027;63044152-63056985,63042943-63043706;63044152-63056985,,,,,,,,
chr15:clu_13212,1/3,TPM1,human,transcript_not_chosen,ENST00000403994.9,ENST00000357980.9,63042943-63044027;63044152-63056985,63042943-63043706;63043831-63044027;63044152-63056985,,,,,,,,
chr15:clu_13212,1/3,TPM1,human,transcript_not_chosen,ENST00000403994.9,ENST00000714013.1,63042943-63044027;63044152-63056985,63042943-63043706;63043831-63044027;63044152-63056985,,,,,,,,
chr15:clu_13212,1/3,TPM1,human,transcript_not_chosen,ENST00000403994.9,ENST00000940176.1,63042943-63044027;63044152-63056985,63042943-63043706;63043831-63044027;63044152-63056985,,,,,,,,
chr15:clu_13212,2/3,TPM1,human,transcript_not_chosen,ENST00000403994.9,ENST00000267996.11,63042943-63044027;63044152-63056985,63042943-63043706;63043831-63056985,,,,,,,,
chr15:clu_13212,2/3,TPM1,human,transcript_not_chosen,ENST00000403994.9,ENST00000559397.6,63042943-63044027;63044152-63056985,63042943-63043706;63043831-63056985,,,,,,,,
chr15:clu_13212,2/3,TPM1,human,transcript_not_chosen,ENST00000403994.9,ENST00000561266.6,63042943-63044027;63044152-63056985,63042943-63043706;63043831-63056985,,,,,,,,
chr15:clu_13212,2/3,TPM1,human,transcript_not_chosen,ENST00000403994.9,ENST00000940173.1,63042943-63044027;63044152-63056985,63042943-63043706;63043831-63056985,,,,,,,,
chr15:clu_13212,2/3,TPM1,human,transcript_not_chosen,ENST00000403994.9,ENST00000942075.1,63042943-63044027;63044152-63056985,63042943-63043706;63043831-63056985,,,,,,,,
chr15:clu_13212,2/3,TPM1,human,transcript_not_chosen,ENST00000403994.9,ENST00000942080.1,63042943-63044027;63044152-63056985,63042943-63043706;63043831-63056985,,,,,,,,
chr15:clu_13212,2/3,TPM1,human,transcript_not_chosen,ENST00000403994.9,NM_001407328.1,63042943-63044027;63044152-63056985,63042943-63043706;63043831-63056985,,,,,,,,
chr15:clu_13212,2/3,TPM1,human,transcript_not_chosen,ENST00000403994.9,NM_001407332.1,63042943-63044027;63044152-63056985,63042943-63043706;63043831-63056985,,,,,,,,
chr15:clu_13212,2/3,TPM1,human,transcript_not_chosen,ENST00000403994.9,NM_001407334.1,63042943-63044027;63044152-63056985,63042943-63043706;63043831-63056985,,,,,,,,
chr15:clu_13212,2/3,TPM1,human,transcript_not_chosen,ENST00000403994.9,NM_001407335.1,63042943-63044027;63044152-63056985,63042943-63043706;63043831-63056985,,,,,,,,
chr15:clu_13212,2/3,TPM1,human,transcript_not_chosen,ENST00000403994.9,NM_001407336.1,63042943-63044027;63044152-63056985,63042943-63043706;63043831-63056985,,,,,,,,
chr15:clu_13212,2/3,TPM1,human,transcript_not_chosen,ENST00000403994.9,NM_001407338.1,63042943-63044027;63044152-63056985,63042943-63043706;63043831-63056985,,,,,,,,
chr15:clu_13212,2/3,TPM1,human,transcript_not_chosen,ENST00000403994.9,XM_047433001.1,63042943-63044027;63044152-63056985,63042943-63043706;63043831-63056985,,,,,,,,
chr15:clu_13212,3/3,TPM1,human,transcript_not_chosen,ENST00000403994.9,ENST00000317516.12,63042943-63044027;63044152-63056985,63048707-63056985,,,,,,,,
chr15:clu_13212,3/3,TPM1,human,transcript_not_chosen,ENST00000403994.9,ENST00000334895.10,63042943-63044027;63044152-63056985,63048707-63056985,,,,,,,,
chr15:clu_13212,3/3,TPM1,human,transcript_not_chosen,ENST00000403994.9,ENST00000404484.9,63042943-63044027;63044152-63056985,63048707-63056985,,,,,,,,
chr15:clu_13212,3/3,TPM1,human,transcript_not_chosen,ENST00000403994.9,ENST00000558868.6,63042943-63044027;63044152-63056985,63048707-63056985,,,,,,,,
chr15:clu_13212,3/3,TPM1,human,transcript_not_chosen,ENST00000403994.9,ENST00000558910.3,63042943-63044027;63044152-63056985,63048707-63056985,,,,,,,,
chr15:clu_13212,3/3,TPM1,human,transcript_not_chosen,ENST00000403994.9,ENST00000559281.6,63042943-63044027;63044152-63056985,63048707-63056985,,,,,,,,
chr15:clu_13212,3/3,TPM1,human,transcript_not_chosen,ENST00000403994.9,ENST00000560959.5,63042943-63044027;63044152-63056985,63048707-63056985,,,,,,,,
chr15:clu_13212,3/3,TPM1,human,transcript_not_chosen,ENST00000403994.9,ENST00000651590.1,63042943-63044027;63044152-63056985,63048707-63056985,,,,,,,,
chr15:clu_13212,3/3,TPM1,human,transcript_not_chosen,ENST00000403994.9,ENST00000651622.2,63042943-63044027;63044152-63056985,63048707-63056985,,,,,,,,
chr15:clu_13212,3/3,TPM1,human,transcript_not_chosen,ENST00000403994.9,NM_001301289.2,63042943-63044027;63044152-63056985,63048707-63056985,,,,,,,,
chr15:clu_13212,3/3,TPM1,human,transcript_not_chosen,ENST00000403994.9,NM_001365781.2,63042943-63044027;63044152-63056985,63048707-63056985,,,,,,,,
chr15:clu_13212,3/3,TPM1,human,transcript_not_chosen,ENST00000403994.9,NM_001407342.1,63042943-63044027;63044152-63056985,63048707-63056985,,,,,,,,
chr15:clu_13212,3/3,TPM1,human,transcript_not_chosen,ENST00000403994.9,NM_001407344.1,63042943-63044027;63044152-63056985,63048707-63056985,,,,,,,,
chr14:clu_12497,,MAX,human,transcript_doesnt_have_junctions,ENST00000358664.9,NM_001271069.2,65076663-65077913;65078036-65093708,,,,,,,,,
chr14:clu_12497,,MAX,human,transcript_doesnt_have_junctions,ENST00000358664.9,ENST00000341653.6,65076663-65077913;65078036-65093708,,,,,,,,,
chr14:clu_12497,,MAX,human,no_unique_junctions,ENST00000358664.9,NM_001407112.1,65076663-65077913;65078036-65093708,65078036-65093708,,,,,,,,
chr14:clu_12497,,MAX,human,no_unique_junctions,ENST00000358664.9,NM_001407095.1,65076663-65077913;65078036-65093708,65076663-65077913;65078036-65093708,,,,,,,,
chr14:clu_12497,,MAX,human,no_unique_junctions,ENST00000358664.9,NM_001407102.1,65076663-65077913;65078036-65093708,65078036-65093708,,,,,,,,
chr14:clu_12497,,MAX,human,no_unique_junctions,ENST00000358664.9,NM_001407094.1,65076663-65077913;65078036-65093708,65076663-65077913;65078036-65093708,,,,,,,,
chr14:clu_12497,,MAX,human,no_unique_junctions,ENST00000358664.9,ENST00000358402.8,65076663-65077913;65078036-65093708,65076663-65077913;65078036-65093708,,,,,,,,
chr14:clu_12497,,MAX,human,no_unique_junctions,ENST00000358664.9,ENST00000557746.5,65076663-65077913;65078036-65093708,65078036-65093708,,,,,,,,
chr14:clu_12497,,MAX,human,no_unique_junctions,ENST00000358664.9,ENST00000555419.5,65076663-65077913;65078036-65093708,65076663-65077913,,,,,,,,
chr14:clu_12497,,MAX,human,no_unique_junctions,ENST00000358664.9,NM_001407096.1,65076663-65077913;65078036-65093708,65078036-65093708,,,,,,,,
chr14:clu_12497,,MAX,human,no_unique_junctions,ENST00000358664.9,NM_001407111.1,65076663-65077913;65078036-65093708,65078036-65093708,,,,,,,,
chr14:clu_12497,,MAX,human,no_unique_junctions,ENST00000358664.9,XM_011536773.4,65076663-65077913;65078036-65093708,65078036-65093708,,,,,,,,
chr14:clu_12497,,MAX,human,transcript_doesnt_have_junctions,ENST00000358664.9,NM_001407113.1,65076663-65077913;65078036-65093708,,,,,,,,,
chr14:clu_12497,,MAX,human,transcript_doesnt_have_junctions,ENST00000358664.9,NM_001271068.2,65076663-65077913;65078036-65093708,,,,,,,,,
chr14:clu_12497,,MAX,human,transcript_doesnt_have_junctions,ENST00000358664.9,ENST00000246163.2,65076663-65077913;65078036-65093708,,,,,,,,,
chr14:clu_12497,,MAX,human,transcript_doesnt_have_junctions,ENST00000358664.9,NM_001407114.1,65076663-65077913;65078036-65093708,,,,,,,,,
chr14:clu_12497,,MAX,human,no_unique_junctions,ENST00000358664.9,ENST00000553951.1,65076663-65077913;65078036-65093708,65078036-65093708,,,,,,,,
chr14:clu_12497,,MAX,human,transcript_doesnt_have_junctions,ENST00000358664.9,ENST00000556702.1,65076663-65077913;65078036-65093708,,,,,,,,,
chr14:clu_12497,,MAX,human,transcript_doesnt_have_junctions,ENST00000358664.9,ENST00000554709.1,65076663-65077913;65078036-65093708,,,,,,,,,
chr14:clu_12497,,MAX,human,transcript_doesnt_have_junctions,ENST00000358664.9,ENST00000651648.1,65076663-65077913;65078036-65093708,,,,,,,,,
chr14:clu_12497,,MAX,human,no_unique_junctions,ENST00000358664.9,ENST00000937808.1,65076663-65077913;65078036-65093708,65078036-65093708,,,,,,,,
chr14:clu_12497,,MAX,human,transcript_doesnt_have_junctions,ENST00000358664.9,ENST00000937807.1,65076663-65077913;65078036-65093708,,,,,,,,,
chr14:clu_12497,,MAX,human,transcript_doesnt_have_junctions,ENST00000358664.9,ENST00000555932.5,65076663-65077913;65078036-65093708,,,,,,,,,
chr14:clu_12497,,MAX,human,no_unique_junctions,ENST00000358664.9,ENST00000284165.10,65076663-65077913;65078036-65093708,65078036-65093708,,,,,,,,
chr14:clu_12497,,MAX,human,no_unique_junctions,ENST00000358664.9,ENST00000556892.6,65076663-65077913;65078036-65093708,65076663-65077913;65078036-65093708,,,,,,,,
chr14:clu_12497,,MAX,human,no_unique_junctions,ENST00000358664.9,ENST00000556443.5,65076663-65077913;65078036-65093708,65078036-65093708,,,,,,,,
chr14:clu_12497,,MAX,human,subsumed_by_larger_group,ENST00000358664.9,ENST00000394606.6,65076663-65077913;65078036-65093708,65077428-65077913;65078036-65093708,,,,,,,,
chr14:clu_12497,,MAX,human,subsumed_by_larger_group,ENST00000358664.9,ENST00000555667.5,65076663-65077913;65078036-65093708,65077428-65077913;65078036-65093708,,,,,,,,
chr14:clu_12497,,MAX,human,subsumed_by_larger_group,ENST00000358664.9,ENST00000556979.6,65076663-65077913;65078036-65093708,65077428-65077913;65078036-65093708,,,,,,,,
chr14:clu_12497,,MAX,human,subsumed_by_larger_group,ENST00000358664.9,ENST00000557277.5,65076663-65077913;65078036-65093708,65077428-65077913;65078036-65093708,,,,,,,,
chr14:clu_12497,,MAX,human,subsumed_by_larger_group,ENST00000358664.9,NM_001320415.2,65076663-65077913;65078036-65093708,65077428-65077913;65078036-65093708,,,,,,,,
chr14:clu_12497,,MAX,human,subsumed_by_larger_group,ENST00000358664.9,NM_001407104.1,65076663-65077913;65078036-65093708,65077428-65077913;65078036-65093708,,,,,,,,
chr14:clu_12497,,MAX,human,subsumed_by_larger_group,ENST00000358664.9,NM_001407105.1,65076663-65077913;65078036-65093708,65077428-65077913;65078036-65093708,,,,,,,,
chr14:clu_12497,,MAX,human,subsumed_by_larger_group,ENST00000358664.9,NM_001407107.1,65076663-65077913;65078036-65093708,65077428-65077913;65078036-65093708,,,,,,,,
chr14:clu_12497,,MAX,human,subsumed_by_larger_group,ENST00000358664.9,NM_001407108.1,65076663-65077913;65078036-65093708,65077428-65077913;65078036-65093708,,,,,,,,
chr14:clu_12497,,MAX,human,subsumed_by_larger_group,ENST00000358664.9,NM_001407097.1,65076663-65077913;65078036-65093708,65076663-65077328;65078036-65093708,,,,,,,,
chr14:clu_12497,,MAX,human,subsumed_by_larger_group,ENST00000358664.9,NM_001407100.1,65076663-65077913;65078036-65093708,65076663-65077328;65078036-65093708,,,,,,,,
chr14:clu_12497,,MAX,human,subsumed_by_larger_group,ENST00000358664.9,NM_001407101.1,65076663-65077913;65078036-65093708,65076663-65077328;65078036-65093708,,,,,,,,
chr14:clu_12497,1/1,MAX,human,transcript_not_chosen,ENST00000358664.9,ENST00000553928.5,65076663-65077913;65078036-65093708,65076663-65077328;65077428-65077913;65078036-65093708,,,,,,,,
chr14:clu_12497,1/1,MAX,human,transcript_not_chosen,ENST00000358664.9,NM_001407110.1,65076663-65077913;65078036-65093708,65076663-65077328;65077428-65077913;65078036-65093708,,,,,,,,
chr7:clu_37463,,PTN,human,novel_junction,ENST00000348225.7,,137254974-137343439,137254974-137268079,,,,,,,,
chr7:clu_37463,,PTN,human,no_unique_junctions,ENST00000348225.7,ENST00000699293.1,137254974-137343439,137254974-137343439,,,,,,,,
chr7:clu_37463,,PTN,human,transcript_doesnt_have_junctions,ENST00000348225.7,ENST00000930409.1,137254974-137343439,,,,,,,,,
chr7:clu_37463,,PTN,human,transcript_doesnt_have_junctions,ENST00000348225.7,ENST00000930408.1,137254974-137343439,,,,,,,,,
chr7:clu_37463,,PTN,human,no_unique_junctions,ENST00000348225.7,ENST00000930407.1,137254974-137343439,137254974-137343439,,,,,,,,
chr7:clu_37463,,PTN,human,transcript_doesnt_have_junctions,ENST00000348225.7,ENST00000942618.1,137254974-137343439,,,,,,,,,
chr7:clu_37463,,PTN,human,transcript_doesnt_have_junctions,ENST00000348225.7,ENST00000942617.1,137254974-137343439,,,,,,,,,
chr7:clu_37463,,PTN,human,transcript_doesnt_have_junctions,ENST00000348225.7,ENST00000942620.1,137254974-137343439,,,,,,,,,
chr7:clu_37463,,PTN,human,transcript_doesnt_have_junctions,ENST00000348225.7,ENST00000942619.1,137254974-137343439,,,,,,,,,
chr7:clu_37463,,PTN,human,transcript_doesnt_have_junctions,ENST00000348225.7,ENST00000942615.1,137254974-137343439,,,,,,,,,
chr7:clu_37463,,PTN,human,transcript_doesnt_have_junctions,ENST00000348225.7,ENST00000942614.1,137254974-137343439,,,,,,,,,
chr7:clu_37463,,PTN,human,transcript_doesnt_have_junctions,ENST00000348225.7,ENST00000942616.1,137254974-137343439,,,,,,,,,
chr7:clu_37463,,PTN,human,no_unique_junctions,ENST00000348225.7,ENST00000393083.2,137254974-137343439,137254974-137343439,,,,,,,,
chr7:clu_37463,,PTN,human,transcript_doesnt_have_junctions,ENST00000348225.7,ENST00000877353.1,137254974-137343439,,,,,,,,,
chr7:clu_37463,,PTN,human,transcript_doesnt_have_junctions,ENST00000348225.7,ENST00000877352.1,137254974-137343439,,,,,,,,,
chr9:clu_41329,,PLIN2,human,no_unique_junctions,ENST00000276914.7,ENST00000957806.1,19121165-19123565,19121165-19123565,,,,,,,,
chr9:clu_41329,,PLIN2,human,no_unique_junctions,ENST00000276914.7,ENST00000907787.1,19121165-19123565,19121165-19123565,,,,,,,,
chr9:clu_41329,,PLIN2,human,no_unique_junctions,ENST00000276914.7,ENST00000957809.1,19121165-19123565,19121165-19123565,,,,,,,,
chr9:clu_41329,,PLIN2,human,no_unique_junctions,ENST00000276914.7,ENST00000957808.1,19121165-19123565,19121165-19123565,,,,,,,,
chr9:clu_41329,,PLIN2,human,no_unique_junctions,ENST00000276914.7,ENST00000907792.1,19121165-19123565,19121165-19123565,,,,,,,,
chr9:clu_41329,,PLIN2,human,no_unique_junctions,ENST00000276914.7,ENST00000907788.1,19121165-19123565,19121165-19123565,,,,,,,,
chr9:clu_41329,,PLIN2,human,no_unique_junctions,ENST00000276914.7,ENST00000957810.1,19121165-19123565,19121165-19123565,,,,,,,,
chr9:clu_41329,,PLIN2,human,transcript_doesnt_have_junctions,ENST00000276914.7,ENST00000957811.1,19121165-19123565,,,,,,,,,
chr9:clu_41329,,PLIN2,human,no_unique_junctions,ENST00000276914.7,ENST00000957807.1,19121165-19123565,19121165-19123565,,,,,,,,
chr9:clu_41329,,PLIN2,human,no_unique_junctions,ENST00000276914.7,ENST00000907783.1,19121165-19123565,19121165-19123565,,,,,,,,
chr9:clu_41329,,PLIN2,human,no_unique_junctions,ENST00000276914.7,ENST00000907782.1,19121165-19123565,19121165-19123565,,,,,,,,
chr9:clu_41329,,PLIN2,human,no_unique_junctions,ENST00000276914.7,ENST00000907781.1,19121165-19123565,19121165-19123565,,,,,,,,
chr9:clu_41329,,PLIN2,human,no_unique_junctions,ENST00000276914.7,ENST00000957818.1,19121165-19123565,19121165-19123565,,,,,,,,
chr9:clu_41329,,PLIN2,human,no_unique_junctions,ENST00000276914.7,ENST00000957812.1,19121165-19123565,19121165-19123565,,,,,,,,
chr9:clu_41329,,PLIN2,human,no_unique_junctions,ENST00000276914.7,ENST00000907784.1,19121165-19123565,19121165-19123565,,,,,,,,
chr9:clu_41329,,PLIN2,human,no_unique_junctions,ENST00000276914.7,ENST00000957815.1,19121165-19123565,19121165-19123565,,,,,,,,
chr9:clu_41329,,PLIN2,human,transcript_doesnt_have_junctions,ENST00000276914.7,ENST00000957813.1,19121165-19123565,,,,,,,,,
chr9:clu_41329,,PLIN2,human,no_unique_junctions,ENST00000276914.7,ENST00000907789.1,19121165-19123565,19121165-19123565,,,,,,,,
chr9:clu_41329,,PLIN2,human,no_unique_junctions,ENST00000276914.7,ENST00000907785.1,19121165-19123565,19121165-19123565,,,,,,,,
chr9:clu_41329,,PLIN2,human,no_unique_junctions,ENST00000276914.7,ENST00000907780.1,19121165-19123565,19121165-19123565,,,,,,,,
chr9:clu_41329,,PLIN2,human,no_unique_junctions,ENST00000276914.7,ENST00000957814.1,19121165-19123565,19121165-19123565,,,,,,,,
chr9:clu_41329,,PLIN2,human,no_unique_junctions,ENST00000276914.7,ENST00000907791.1,19121165-19123565,19121165-19123565,,,,,,,,
chr9:clu_41329,,PLIN2,human,no_unique_junctions,ENST00000276914.7,ENST00000907790.1,19121165-19123565,19121165-19123565,,,,,,,,
chr9:clu_41329,,PLIN2,human,no_unique_junctions,ENST00000276914.7,ENST00000957816.1,19121165-19123565,19121165-19123565,,,,,,,,
chr9:clu_41329,,PLIN2,human,no_unique_junctions,ENST00000276914.7,ENST00000907786.1,19121165-19123565,19121165-19123565,,,,,,,,
chr9:clu_41329,,PLIN2,human,no_unique_junctions,ENST00000276914.7,ENST00000957817.1,19121165-19123565,19121165-19123565,,,,,,,,
chr9:clu_41329,,PLIN2,human,no_unique_junctions,ENST00000276914.7,ENST00000957805.1,19121165-19123565,19121165-19123565,,,,,,,,
chr9:clu_41329,,PLIN2,human,no_unique_junctions,ENST00000276914.7,ENST00000434144.5,19121165-19123565,19121165-19123565,,,,,,,,
chr9:clu_41329,,PLIN2,human,transcript_doesnt_have_junctions,ENST00000276914.7,ENST00000380464.7,19121165-19123565,,,,,,,,,
chr9:clu_41329,,PLIN2,human,transcript_doesnt_have_junctions,ENST00000276914.7,ENST00000464326.1,19121165-19123565,,,,,,,,,
chr9:clu_41329,,PLIN2,human,transcript_doesnt_have_junctions,ENST00000276914.7,ENST00000475923.1,19121165-19123565,,,,,,,,,
chr9:clu_41329,,PLIN2,human,transcript_doesnt_have_junctions,ENST00000276914.7,ENST00000472715.1,19121165-19123565,,,,,,,,,
chr9:clu_41329,,PLIN2,human,transcript_doesnt_have_junctions,ENST00000276914.7,ENST00000494753.1,19121165-19123565,,,,,,,,,
chr10:clu_6039,,CPXM2,human,novel_junction,ENST00000241305.4,,123842488-123862614,123842488-123846235,,,,,,,,
chr10:clu_6039,,CPXM2,human,novel_junction,ENST00000241305.4,,123842488-123862614,123857702-123862614,,,,,,,,
chr10:clu_6039,,CPXM2,human,no_unique_junctions,ENST00000241305.4,XM_017015673.2,123842488-123862614,123842488-123862614,,,,,,,,
chr10:clu_6039,,CPXM2,human,no_unique_junctions,ENST00000241305.4,XM_011539285.3,123842488-123862614,123842488-123862614,,,,,,,,
chr10:clu_6039,,CPXM2,human,no_unique_junctions,ENST00000241305.4,XM_011539286.2,123842488-123862614,123842488-123862614,,,,,,,,
chr10:clu_6039,,CPXM2,human,transcript_doesnt_have_junctions,ENST00000241305.4,XM_017015674.2,123842488-123862614,,,,,,,,,
chr10:clu_6039,,CPXM2,human,no_unique_junctions,ENST00000241305.4,XM_011539283.3,123842488-123862614,123842488-123862614,,,,,,,,
chr10:clu_6039,,CPXM2,human,no_unique_junctions,ENST00000241305.4,XM_005269528.4,123842488-123862614,123842488-123862614,,,,,,,,
chr10:clu_6039,,CPXM2,human,no_unique_junctions,ENST00000241305.4,ENST00000615851.4,123842488-123862614,123842488-123862614,,,,,,,,
chr10:clu_6039,,CPXM2,human,no_unique_junctions,ENST00000241305.4,ENST00000909349.1,123842488-123862614,123842488-123862614,,,,,,,,
chr10:clu_6039,,CPXM2,human,no_unique_junctions,ENST00000241305.4,ENST00000909347.1,123842488-123862614,123842488-123862614,,,,,,,,
chr10:clu_6039,,CPXM2,human,no_unique_junctions,ENST00000241305.4,ENST00000909348.1,123842488-123862614,123842488-123862614,,,,,,,,
chr10:clu_6039,,CPXM2,human,no_unique_junctions,ENST00000241305.4,ENST00000909350.1,123842488-123862614,123842488-123862614,,,,,,,,
chr10:clu_6039,,CPXM2,human,no_unique_junctions,ENST00000241305.4,ENST00000368854.7,123842488-123862614,123842488-123862614,,,,,,,,
chr10:clu_6039,,CPXM2,human,transcript_doesnt_have_junctions,ENST00000241305.4,ENST00000481775.1,123842488-123862614,,,,,,,,,
chr10:clu_6039,,CPXM2,human,all_known_junctions_are_canonical,ENST00000241305.4,,123842488-123862614,,,,,,,,,
chr19:clu_20922,,RDH13,human,novel_junction,ENST00000415061.8,,55045309-55047387,55047211-55047387,,,,,,,,
chr19:clu_20922,,RDH13,human,no_unique_junctions,ENST00000415061.8,ENST00000592573.1,55045309-55047387,55045309-55047387,,,,,,,,
chr19:clu_20922,,RDH13,human,no_unique_junctions,ENST00000415061.8,ENST00000396247.7,55045309-55047387,55045309-55047387,,,,,,,,
chr19:clu_20922,,RDH13,human,transcript_doesnt_have_junctions,ENST00000415061.8,ENST00000591960.1,55045309-55047387,,,,,,,,,
chr19:clu_20922,,RDH13,human,no_unique_junctions,ENST00000415061.8,ENST00000610356.4,55045309-55047387,55045309-55047387,,,,,,,,
chr19:clu_20922,,RDH13,human,transcript_doesnt_have_junctions,ENST00000415061.8,ENST00000587721.1,55045309-55047387,,,,,,,,,
chr19:clu_20922,,RDH13,human,transcript_doesnt_have_junctions,ENST00000415061.8,ENST00000586945.5,55045309-55047387,,,,,,,,,
chr19:clu_20922,,RDH13,human,transcript_doesnt_have_junctions,ENST00000415061.8,ENST00000587026.1,55045309-55047387,,,,,,,,,
chr19:clu_20922,,RDH13,human,transcript_doesnt_have_junctions,ENST00000415061.8,ENST00000592423.1,55045309-55047387,,,,,,,,,
chr19:clu_20922,,RDH13,human,transcript_doesnt_have_junctions,ENST00000415061.8,ENST00000586331.1,55045309-55047387,,,,,,,,,
chr19:clu_20922,,RDH13,human,transcript_doesnt_have_junctions,ENST00000415061.8,ENST00000589605.5,55045309-55047387,,,,,,,,,
chr19:clu_20922,,RDH13,human,transcript_doesnt_have_junctions,ENST00000415061.8,ENST00000589305.5,55045309-55047387,,,,,,,,,
chr19:clu_20922,,RDH13,human,transcript_doesnt_have_junctions,ENST00000415061.8,ENST00000591603.1,55045309-55047387,,,,,,,,,
chr19:clu_20922,,RDH13,human,transcript_doesnt_have_junctions,ENST00000415061.8,ENST00000588306.1,55045309-55047387,,,,,,,,,
chr19:clu_20922,,RDH13,human,transcript_doesnt_have_junctions,ENST00000415061.8,ENST00000591023.5,55045309-55047387,,,,,,,,,
chr19:clu_20922,,RDH13,human,transcript_doesnt_have_junctions,ENST00000415061.8,ENST00000589197.1,55045309-55047387,,,,,,,,,
chr19:clu_20922,,RDH13,human,transcript_doesnt_have_junctions,ENST00000415061.8,ENST00000590349.1,55045309-55047387,,,,,,,,,
chr19:clu_20922,,RDH13,human,transcript_doesnt_have_junctions,ENST00000415061.8,ENST00000587373.1,55045309-55047387,,,,,,,,,
chr19:clu_20922,,RDH13,human,transcript_doesnt_have_junctions,ENST00000415061.8,ENST00000593134.1,55045309-55047387,,,,,,,,,
chr19:clu_20922,,RDH13,human,transcript_doesnt_have_junctions,ENST00000415061.8,ENST00000587046.1,55045309-55047387,,,,,,,,,
chr19:clu_20922,,RDH13,human,transcript_doesnt_have_junctions,ENST00000415061.8,ENST00000588941.1,55045309-55047387,,,,,,,,,
chr22:clu_28139,,FBLN1,human,novel_junction,ENST00000327858.11,,45550615-45574511,45550615-45557388,,,,,,,,
chr22:clu_28139,,FBLN1,human,transcript_doesnt_have_junctions,ENST00000327858.11,ENST00000340923.9,45550615-45574511,,,,,,,,,
chr22:clu_28139,,FBLN1,human,transcript_doesnt_have_junctions,ENST00000327858.11,ENST00000460538.5,45550615-45574511,,,,,,,,,
chr22:clu_28139,,FBLN1,human,transcript_doesnt_have_junctions,ENST00000327858.11,ENST00000465578.1,45550615-45574511,,,,,,,,,
chr22:clu_28139,,FBLN1,human,transcript_doesnt_have_junctions,ENST00000327858.11,ENST00000484531.1,45550615-45574511,,,,,,,,,
chr22:clu_28139,,FBLN1,human,transcript_doesnt_have_junctions,ENST00000327858.11,ENST00000411478.5,45550615-45574511,,,,,,,,,
chr22:clu_28139,,FBLN1,human,transcript_doesnt_have_junctions,ENST00000327858.11,ENST00000445110.5,45550615-45574511,,,,,,,,,
chr22:clu_28139,,FBLN1,human,transcript_doesnt_have_junctions,ENST00000327858.11,ENST00000455233.5,45550615-45574511,,,,,,,,,
chr22:clu_28139,,FBLN1,human,no_unique_junctions,ENST00000327858.11,ENST00000920060.1,45550615-45574511,45550615-45574511,,,,,,,,
chr22:clu_28139,,FBLN1,human,no_unique_junctions,ENST00000327858.11,ENST00000869152.1,45550615-45574511,45550615-45574511,,,,,,,,
chr22:clu_28139,,FBLN1,human,no_unique_junctions,ENST00000327858.11,ENST00000869164.1,45550615-45574511,45550615-45574511,,,,,,,,
chr22:clu_28139,,FBLN1,human,no_unique_junctions,ENST00000327858.11,ENST00000869162.1,45550615-45574511,45550615-45574511,,,,,,,,
chr22:clu_28139,,FBLN1,human,no_unique_junctions,ENST00000327858.11,ENST00000869157.1,45550615-45574511,45550615-45574511,,,,,,,,
chr22:clu_28139,,FBLN1,human,no_unique_junctions,ENST00000327858.11,ENST00000869160.1,45550615-45574511,45550615-45574511,,,,,,,,
chr22:clu_28139,,FBLN1,human,no_unique_junctions,ENST00000327858.11,ENST00000869155.1,45550615-45574511,45550615-45574511,,,,,,,,
chr22:clu_28139,,FBLN1,human,no_unique_junctions,ENST00000327858.11,ENST00000869154.1,45550615-45574511,45550615-45574511,,,,,,,,
chr22:clu_28139,,FBLN1,human,no_unique_junctions,ENST00000327858.11,ENST00000947320.1,45550615-45574511,45550615-45574511,,,,,,,,
chr22:clu_28139,,FBLN1,human,no_unique_junctions,ENST00000327858.11,ENST00000947321.1,45550615-45574511,45550615-45574511,,,,,,,,
chr22:clu_28139,,FBLN1,human,no_unique_junctions,ENST00000327858.11,ENST00000869153.1,45550615-45574511,45550615-45574511,,,,,,,,
chr22:clu_28139,,FBLN1,human,no_unique_junctions,ENST00000327858.11,ENST00000869151.1,45550615-45574511,45550615-45574511,,,,,,,,
chr22:clu_28139,,FBLN1,human,no_unique_junctions,ENST00000327858.11,ENST00000869150.1,45550615-45574511,45550615-45574511,,,,,,,,
chr22:clu_28139,,FBLN1,human,no_unique_junctions,ENST00000327858.11,ENST00000947322.1,45550615-45574511,45550615-45574511,,,,,,,,
chr22:clu_28139,,FBLN1,human,transcript_doesnt_have_junctions,ENST00000327858.11,ENST00000439835.1,45550615-45574511,,,,,,,,,
chr22:clu_28139,,FBLN1,human,transcript_doesnt_have_junctions,ENST00000327858.11,ENST00000454279.5,45550615-45574511,,,,,,,,,
chr22:clu_28139,,FBLN1,human,transcript_doesnt_have_junctions,ENST00000327858.11,ENST00000451475.5,45550615-45574511,,,,,,,,,
chr22:clu_28139,,FBLN1,human,transcript_doesnt_have_junctions,ENST00000327858.11,ENST00000437711.1,45550615-45574511,,,,,,,,,
chr22:clu_28139,,FBLN1,human,transcript_doesnt_have_junctions,ENST00000327858.11,ENST00000460300.2,45550615-45574511,,,,,,,,,
chr22:clu_28139,,FBLN1,human,transcript_doesnt_have_junctions,ENST00000327858.11,ENST00000450975.1,45550615-45574511,,,,,,,,,
chr22:clu_28139,2/3,FBLN1,human,transcript_not_chosen,ENST00000327858.11,ENST00000262722.11,45550615-45574511,45550615-45562912,,,,,,,,
chr11:clu_7040:CARD17,,CARD17,human,gene_not_in_db,,,,,,,,,,,,
chr21:clu_26735,,,human,no_gene_specified,,,,,,,,,,,,
chr8:clu_39906,,LINC00967,human,gene_not_in_db,,,,,,,,,,,,
chr2:clu_24784,,LIMS2,human,novel_junction,ENST00000355119.9,,127643072-127654424;127654896-127657403;127657562-127675014,127643072-127652965,,,,,,,,
chr2:clu_24784,,LIMS2,human,novel_junction,ENST00000355119.9,,127643072-127654424;127654896-127657403;127657562-127675014,127647712-127648037,,,,,,,,
chr2:clu_24784,,LIMS2,human,novel_junction,ENST00000355119.9,,127643072-127654424;127654896-127657403;127657562-127675014,127657562-127674621,,,,,,,,
chr2:clu_24784,,LIMS2,human,novel_junction,ENST00000355119.9,,127643072-127654424;127654896-127657403;127657562-127675014,127674421-127674621,,,,,,,,
chr2:clu_24784,,LIMS2,human,no_unique_junctions,ENST00000355119.9,ENST00000410011.5,127643072-127654424;127654896-127657403;127657562-127675014,127643072-127654424;127654896-127657403,,,,,,,,
chr2:clu_24784,,LIMS2,human,transcript_doesnt_have_junctions,ENST00000355119.9,XM_006712627.5,127643072-127654424;127654896-127657403;127657562-127675014,,,,,,,,,
chr2:clu_24784,,LIMS2,human,no_unique_junctions,ENST00000355119.9,XM_005263710.3,127643072-127654424;127654896-127657403;127657562-127675014,127643072-127654424,,,,,,,,
chr2:clu_24784,,LIMS2,human,no_unique_junctions,ENST00000355119.9,ENST00000855744.1,127643072-127654424;127654896-127657403;127657562-127675014,127643072-127654424;127654896-127657403;127657562-127675014,,,,,,,,
chr2:clu_24784,,LIMS2,human,no_unique_junctions,ENST00000355119.9,XM_011511453.2,127643072-127654424;127654896-127657403;127657562-127675014,127643072-127654424;127654896-127657403,,,,,,,,
chr2:clu_24784,,LIMS2,human,no_unique_junctions,ENST00000355119.9,ENST00000324938.9,127643072-127654424;127654896-127657403;127657562-127675014,127643072-127654424;127654896-127657403,,,,,,,,
chr2:clu_24784,,LIMS2,human,no_unique_junctions,ENST00000355119.9,XM_047444963.1,127643072-127654424;127654896-127657403;127657562-127675014,127643072-127654424;127654896-127657403,,,,,,,,
chr2:clu_24784,,LIMS2,human,transcript_doesnt_have_junctions,ENST00000355119.9,ENST00000409286.5,127643072-127654424;127654896-127657403;127657562-127675014,,,,,,,,,
chr2:clu_24784,,LIMS2,human,transcript_doesnt_have_junctions,ENST00000355119.9,XM_047444972.1,127643072-127654424;127654896-127657403;127657562-127675014,,,,,,,,,
chr2:clu_24784,,LIMS2,human,transcript_doesnt_have_junctions,ENST00000355119.9,XM_017004469.2,127643072-127654424;127654896-127657403;127657562-127675014,,,,,,,,,
chr2:clu_24784,,LIMS2,human,no_unique_junctions,ENST00000355119.9,XM_047444971.1,127643072-127654424;127654896-127657403;127657562-127675014,127643072-127654424;127654896-127657403,,,,,,,,
chr2:clu_24784,,LIMS2,human,no_unique_junctions,ENST00000355119.9,ENST00000469300.6,127643072-127654424;127654896-127657403;127657562-127675014,127643072-127654424,,,,,,,,
chr2:clu_24784,,LIMS2,human,no_unique_junctions,ENST00000355119.9,ENST00000476932.5,127643072-127654424;127654896-127657403;127657562-127675014,127643072-127654424;127654896-127657403,,,,,,,,
chr2:clu_24784,,LIMS2,human,transcript_doesnt_have_junctions,ENST00000355119.9,ENST00000484252.5,127643072-127654424;127654896-127657403;127657562-127675014,,,,,,,,,
chr2:clu_24784,,LIMS2,human,no_unique_junctions,ENST00000355119.9,ENST00000466410.5,127643072-127654424;127654896-127657403;127657562-127675014,127643072-127654424;127654896-127657403,,,,,,,,
chr2:clu_24784,,LIMS2,human,transcript_doesnt_have_junctions,ENST00000355119.9,ENST00000426981.5,127643072-127654424;127654896-127657403;127657562-127675014,,,,,,,,,
chr2:clu_24784,,LIMS2,human,transcript_doesnt_have_junctions,ENST00000355119.9,ENST00000409754.5,127643072-127654424;127654896-127657403;127657562-127675014,,,,,,,,,
chr2:clu_24784,,LIMS2,human,no_unique_junctions,ENST00000355119.9,ENST00000855743.1,127643072-127654424;127654896-127657403;127657562-127675014,127654896-127657403;127657562-127675014,,,,,,,,
chr2:clu_24784,,LIMS2,human,no_unique_junctions,ENST00000355119.9,ENST00000855740.1,127643072-127654424;127654896-127657403;127657562-127675014,127643072-127654424;127654896-127657403;127657562-127675014,,,,,,,,
chr2:clu_24784,,LIMS2,human,no_unique_junctions,ENST00000355119.9,ENST00000855741.1,127643072-127654424;127654896-127657403;127657562-127675014,127643072-127654424;127654896-127657403;127657562-127675014,,,,,,,,
chr2:clu_24784,,LIMS2,human,no_unique_junctions,ENST00000355119.9,ENST00000855742.1,127643072-127654424;127654896-127657403;127657562-127675014,127643072-127654424;127654896-127657403;127657562-127675014,,,,,,,,
chr2:clu_24784,,LIMS2,human,transcript_doesnt_have_junctions,ENST00000355119.9,ENST00000855739.1,127643072-127654424;127654896-127657403;127657562-127675014,,,,,,,,,
chr2:clu_24784,,LIMS2,human,no_unique_junctions,ENST00000355119.9,ENST00000855738.1,127643072-127654424;127654896-127657403;127657562-127675014,127643072-127654424;127654896-127657403;127657562-127675014,,,,,,,,
chr2:clu_24784,,LIMS2,human,no_unique_junctions,ENST00000355119.9,ENST00000957032.1,127643072-127654424;127654896-127657403;127657562-127675014,127643072-127654424;127654896-127657403;127657562-127675014,,,,,,,,
chr2:clu_24784,,LIMS2,human,no_unique_junctions,ENST00000355119.9,ENST00000957031.1,127643072-127654424;127654896-127657403;127657562-127675014,127643072-127654424;127654896-127657403;127657562-127675014,,,,,,,,
chr2:clu_24784,,LIMS2,human,no_unique_junctions,ENST00000355119.9,ENST00000855737.1,127643072-127654424;127654896-127657403;127657562-127675014,127643072-127654424;127654896-127657403;127657562-127675014,,,,,,,,
chr2:clu_24784,,LIMS2,human,transcript_doesnt_have_junctions,ENST00000355119.9,ENST00000413578.5,127643072-127654424;127654896-127657403;127657562-127675014,,,,,,,,,
chr2:clu_24784,,LIMS2,human,transcript_doesnt_have_junctions,ENST00000355119.9,ENST00000409254.1,127643072-127654424;127654896-127657403;127657562-127675014,,,,,,,,,
chr2:clu_24784,,LIMS2,human,transcript_doesnt_have_junctions,ENST00000355119.9,ENST00000494613.5,127643072-127654424;127654896-127657403;127657562-127675014,,,,,,,,,
chr2:clu_24784,,LIMS2,human,transcript_doesnt_have_junctions,ENST00000355119.9,ENST00000582671.1,127643072-127654424;127654896-127657403;127657562-127675014,,,,,,,,,
chr2:clu_24784,,LIMS2,human,subsumed_by_larger_group,ENST00000355119.9,ENST00000409455.5,127643072-127654424;127654896-127657403;127657562-127675014,127643072-127654424;127654896-127657403;127657562-127673678,,,,,,,,
chr2:clu_24784,,LIMS2,human,subsumed_by_larger_group,ENST00000355119.9,ENST00000545738.6,127643072-127654424;127654896-127657403;127657562-127675014,127643072-127654424;127654896-127657403;127657562-127673678,,,,,,,,
chr2:clu_24784,1/3,LIMS2,human,transcript_not_chosen,ENST00000355119.9,ENST00000410038.5,127643072-127654424;127654896-127657403;127657562-127675014,127643072-127648037,,,,,,,,
chr2:clu_24784,1/3,LIMS2,human,transcript_not_chosen,ENST00000355119.9,XM_024452985.2,127643072-127654424;127654896-127657403;127657562-127675014,127643072-127648037,,,,,,,,
chr2:clu_24784,1/3,LIMS2,human,transcript_not_chosen,ENST00000355119.9,XM_047444975.1,127643072-127654424;127654896-127657403;127657562-127675014,127643072-127648037,,,,,,,,
chr11:clu_7574,,LARGE2,human,novel_junction,ENST00000401752.6,,45927593-45927920;45928069-45928177;45928372-45928630,45928069-45928148,,,,,,,,
chr11:clu_7574,,LARGE2,human,no_unique_junctions,ENST00000401752.6,ENST00000531526.5,45927593-45927920;45928069-45928177;45928372-45928630,45927593-45927920;45928069-45928177;45928372-45928630,,,,,,,,
chr11:clu_7574,,LARGE2,human,no_unique_junctions,ENST00000401752.6,ENST00000529052.5,45927593-45927920;45928069-45928177;45928372-45928630,45927593-45927920;45928069-45928177;45928372-45928630,,,,,,,,
chr11:clu_7574,,LARGE2,human,no_unique_junctions,ENST00000401752.6,XM_011519892.3,45927593-45927920;45928069-45928177;45928372-45928630,45927593-45927920;45928069-45928177,,,,,,,,
chr11:clu_7574,,LARGE2,human,no_unique_junctions,ENST00000401752.6,XM_047426347.1,45927593-45927920;45928069-45928177;45928372-45928630,45927593-45927920;45928069-45928177,,,,,,,,
chr11:clu_7574,,LARGE2,human,no_unique_junctions,ENST00000401752.6,XM_011519890.2,45927593-45927920;45928069-45928177;45928372-45928630,45927593-45927920;45928069-45928177;45928372-45928630,,,,,,,,
chr11:clu_7574,,LARGE2,human,no_unique_junctions,ENST00000401752.6,XM_047426348.1,45927593-45927920;45928069-45928177;45928372-45928630,45927593-45927920;45928069-45928177,,,,,,,,
chr11:clu_7574,,LARGE2,human,no_unique_junctions,ENST00000401752.6,XM_006718140.2,45927593-45927920;45928069-45928177;45928372-45928630,45927593-45927920;45928069-45928177;45928372-45928630,,,,,,,,
chr11:clu_7574,,LARGE2,human,no_unique_junctions,ENST00000401752.6,XM_047426349.1,45927593-45927920;45928069-45928177;45928372-45928630,45927593-45927920;45928069-45928177,,,,,,,,
chr11:clu_7574,,LARGE2,human,no_unique_junctions,ENST00000401752.6,XM_047426346.1,45927593-45927920;45928069-45928177;45928372-45928630,45927593-45927920;45928069-45928177;45928372-45928630,,,,,,,,
chr11:clu_7574,,LARGE2,human,transcript_doesnt_have_junctions,ENST00000401752.6,ENST00000525609.5,45927593-45927920;45928069-45928177;45928372-45928630,,,,,,,,,
chr11:clu_7574,,LARGE2,human,transcript_doesnt_have_junctions,ENST00000401752.6,ENST00000414027.2,45927593-45927920;45928069-45928177;45928372-45928630,,,,,,,,,
chr11:clu_7574,,LARGE2,human,no_unique_junctions,ENST00000401752.6,ENST00000530437.5,45927593-45927920;45928069-45928177;45928372-45928630,45927593-45927920;45928069-45928177;45928372-45928630,,,,,,,,
chr11:clu_7574,,LARGE2,human,no_unique_junctions,ENST00000401752.6,ENST00000926368.1,45927593-45927920;45928069-45928177;45928372-45928630,45927593-45927920;45928069-45928177;45928372-45928630,,,,,,,,
chr11:clu_7574,,LARGE2,human,no_unique_junctions,ENST00000401752.6,ENST00000861589.1,45927593-45927920;45928069-45928177;45928372-45928630,45927593-45927920;45928069-45928177;45928372-45928630,,,,,,,,
chr11:clu_7574,,LARGE2,human,no_unique_junctions,ENST00000401752.6,ENST00000926370.1,45927593-45927920;45928069-45928177;45928372-45928630,45927593-45927920;45928069-45928177;45928372-45928630,,,,,,,,
chr11:clu_7574,,LARGE2,human,no_unique_junctions,ENST00000401752.6,ENST00000926372.1,45927593-45927920;45928069-45928177;45928372-45928630,45927593-45927920;45928069-45928177;45928372-45928630,,,,,,,,
chr11:clu_7574,,LARGE2,human,no_unique_junctions,ENST00000401752.6,ENST00000926371.1,45927593-45927920;45928069-45928177;45928372-45928630,45927593-45927920;45928069-45928177;45928372-45928630,,,,,,,,
chr11:clu_7574,,LARGE2,human,no_unique_junctions,ENST00000401752.6,ENST00000926374.1,45927593-45927920;45928069-45928177;45928372-45928630,45927593-45927920;45928069-45928177;45928372-45928630,,,,,,,,
chr11:clu_7574,,LARGE2,human,no_unique_junctions,ENST00000401752.6,ENST00000861591.1,45927593-45927920;45928069-45928177;45928372-45928630,45928069-45928177;45928372-45928630,,,,,,,,
chr11:clu_7574,,LARGE2,human,no_unique_junctions,ENST00000401752.6,ENST00000926375.1,45927593-45927920;45928069-45928177;45928372-45928630,45927593-45927920;45928069-45928177;45928372-45928630,,,,,,,,
chr11:clu_7574,,LARGE2,human,no_unique_junctions,ENST00000401752.6,ENST00000861592.1,45927593-45927920;45928069-45928177;45928372-45928630,45927593-45927920;45928069-45928177;45928372-45928630,,,,,,,,
chr11:clu_7574,,LARGE2,human,no_unique_junctions,ENST00000401752.6,ENST00000926378.1,45927593-45927920;45928069-45928177;45928372-45928630,45927593-45927920;45928069-45928177;45928372-45928630,,,,,,,,
chr11:clu_7574,,LARGE2,human,no_unique_junctions,ENST00000401752.6,ENST00000926377.1,45927593-45927920;45928069-45928177;45928372-45928630,45927593-45927920;45928069-45928177;45928372-45928630,,,,,,,,
chr11:clu_7574,,LARGE2,human,no_unique_junctions,ENST00000401752.6,ENST00000325468.9,45927593-45927920;45928069-45928177;45928372-45928630,45927593-45927920;45928069-45928177;45928372-45928630,,,,,,,,
chr11:clu_7574,,LARGE2,human,no_unique_junctions,ENST00000401752.6,ENST00000534410.1,45927593-45927920;45928069-45928177;45928372-45928630,45927593-45927920,,,,,,,,
chr11:clu_7574,,LARGE2,human,subsumed_by_larger_group,ENST00000401752.6,ENST00000861590.1,45927593-45927920;45928069-45928177;45928372-45928630,45927593-45927920;45928069-45928177;45928372-45928585,,,,,,,,
chr11:clu_7574,,LARGE2,human,subsumed_by_larger_group,ENST00000401752.6,ENST00000861593.1,45927593-45927920;45928069-45928177;45928372-45928630,45927593-45927920;45928069-45928177;45928372-45928585,,,,,,,,
chr11:clu_7574,,LARGE2,human,subsumed_by_larger_group,ENST00000401752.6,ENST00000926373.1,45927593-45927920;45928069-45928177;45928372-45928630,45927593-45927920;45928069-45928177;45928372-45928585,,,,,,,,
chr11:clu_7574,,LARGE2,human,subsumed_by_larger_group,ENST00000401752.6,ENST00000926376.1,45927593-45927920;45928069-45928177;45928372-45928630,45927593-45927920;45928069-45928177;45928372-45928585,,,,,,,,
chr11:clu_7574,,LARGE2,human,subsumed_by_larger_group,ENST00000401752.6,XM_005252787.2,45927593-45927920;45928069-45928177;45928372-45928630,45927593-45927920;45928069-45928177;45928372-45928585,,,,,,,,
chr11:clu_7574,,LARGE2,human,subsumed_by_larger_group,ENST00000401752.6,XM_011519888.2,45927593-45927920;45928069-45928177;45928372-45928630,45927593-45927920;45928069-45928177;45928372-45928585,,,,,,,,
chr11:clu_7574,,LARGE2,human,subsumed_by_larger_group,ENST00000401752.6,XM_011519889.2,45927593-45927920;45928069-45928177;45928372-45928630,45927593-45927920;45928069-45928177;45928372-45928585,,,,,,,,
chr11:clu_7574,,LARGE2,human,subsumed_by_larger_group,ENST00000401752.6,ENST00000528236.5,45927593-45927920;45928069-45928177;45928372-45928630,45927593-45927749;45928069-45928177;45928372-45928630,,,,,,,,
chr11:clu_7574,,LARGE2,human,subsumed_by_larger_group,ENST00000401752.6,ENST00000926369.1,45927593-45927920;45928069-45928177;45928372-45928630,45927593-45927749;45928069-45928177;45928372-45928630,,,,,,,,
chr11:clu_7574,,LARGE2,human,subsumed_by_larger_group,ENST00000401752.6,ENST00000926380.1,45927593-45927920;45928069-45928177;45928372-45928630,45927593-45927749;45928069-45928177;45928372-45928630,,,,,,,,
chr11:clu_7574,,LARGE2,human,subsumed_by_larger_group,ENST00000401752.6,ENST00000926381.1,45927593-45927920;45928069-45928177;45928372-45928630,45927593-45927749;45928069-45928177;45928372-45928630,,,,,,,,
chr11:clu_7574,,LARGE2,human,subsumed_by_larger_group,ENST00000401752.6,XM_006718141.5,45927593-45927920;45928069-45928177;45928372-45928630,45927593-45927749,,,,,,,,
chr11:clu_7574,,LARGE2,human,subsumed_by_larger_group,ENST00000401752.6,XM_047426344.1,45927593-45927920;45928069-45928177;45928372-45928630,45927593-45927749;45928069-45928177;45928372-45928630,,,,,,,,
chr11:clu_7574,,LARGE2,human,subsumed_by_larger_group,ENST00000401752.6,XM_047426345.1,45927593-45927920;45928069-45928177;45928372-45928630,45927593-45927749;45928069-45928177;45928372-45928630,,,,,,,,
chr11:clu_7574,2/2,LARGE2,human,transcript_not_chosen,ENST00000401752.6,ENST00000531847.1,45927593-45927920;45928069-45928177;45928372-45928630,45928069-45928630,,,,,,,,
chr11:clu_7574,2/2,LARGE2,human,transcript_not_chosen,ENST00000401752.6,XM_011519893.2,45927593-45927920;45928069-45928177;45928372-45928630,45927593-45927920;45928069-45928630,,,,,,,,
chr9:clu_41148:RABL6,,RABL6,human,novel_junction,ENST00000311502.12,,136808326-136823525,136804816-136805357,,,,,,,,
chr9:clu_41148:RABL6,,RABL6,human,novel_junction,ENST00000311502.12,,136808326-136823525,136804816-136806078,,,,,,,,
chr9:clu_41148:RABL6,,RABL6,human,novel_junction,ENST00000311502.12,,136808326-136823525,136805457-136806078,,,,,,,,
chr9:clu_41148:RABL6,,RABL6,human,novel_junction,ENST00000311502.12,,136808326-136823525,136805516-136806078,,,,,,,,
chr9:clu_41148:RABL6,,RABL6,human,novel_junction,ENST00000311502.12,,136808326-136823525,136808326-136809255,,,,,,,,
chr9:clu_41148:RABL6,,RABL6,human,novel_junction,ENST00000311502.12,,136808326-136823525,136809429-136809688,,,,,,,,
chr9:clu_41148:RABL6,,RABL6,human,novel_junction,ENST00000311502.12,,136808326-136823525,136809986-136823525,,,,,,,,
chr9:clu_41148:RABL6,,RABL6,human,no_unique_junctions,ENST00000311502.12,ENST00000371663.10,136808326-136823525,136808326-136823525,,,,,,,,
chr9:clu_41148:RABL6,,RABL6,human,no_unique_junctions,ENST00000311502.12,ENST00000371671.9,136808326-136823525,136808326-136823525,,,,,,,,
chr9:clu_41148:RABL6,,RABL6,human,transcript_doesnt_have_junctions,ENST00000311502.12,ENST00000466096.5,136808326-136823525,,,,,,,,,
chr9:clu_41148:RABL6,,RABL6,human,transcript_doesnt_have_junctions,ENST00000311502.12,ENST00000435930.1,136808326-136823525,,,,,,,,,
chr9:clu_41148:RABL6,,RABL6,human,no_unique_junctions,ENST00000311502.12,ENST00000913422.1,136808326-136823525,136808326-136823525,,,,,,,,
chr9:clu_41148:RABL6,,RABL6,human,no_unique_junctions,ENST00000311502.12,ENST00000913423.1,136808326-136823525,136808326-136823525,,,,,,,,
chr9:clu_41148:RABL6,,RABL6,human,no_unique_junctions,ENST00000311502.12,ENST00000913424.1,136808326-136823525,136808326-136823525,,,,,,,,
chr9:clu_41148:RABL6,,RABL6,human,no_unique_junctions,ENST00000311502.12,ENST00000484471.6,136808326-136823525,136808326-136823525,,,,,,,,
chr9:clu_41148:RABL6,,RABL6,human,no_unique_junctions,ENST00000311502.12,ENST00000357466.6,136808326-136823525,136808326-136823525,,,,,,,,
chr9:clu_41148:RABL6,,RABL6,human,transcript_doesnt_have_junctions,ENST00000311502.12,ENST00000464941.5,136808326-136823525,,,,,,,,,
chr9:clu_41148:RABL6,,RABL6,human,transcript_doesnt_have_junctions,ENST00000311502.12,ENST00000629216.2,136808326-136823525,,,,,,,,,
chr9:clu_41148:RABL6,,RABL6,human,transcript_doesnt_have_junctions,ENST00000311502.12,ENST00000436380.5,136808326-136823525,,,,,,,,,
chr9:clu_41148:RABL6,,RABL6,human,transcript_doesnt_have_junctions,ENST00000311502.12,ENST00000461992.1,136808326-136823525,,,,,,,,,
chr9:clu_41148:RABL6,,RABL6,human,all_known_junctions_are_canonical,ENST00000311502.12,,136808326-136823525,,,,,,,,,
chr12:clu_10563,,SCARB1,human,no_unique_junctions,ENST00000261693.11,ENST00000936312.1,124778586-124782683;124782811-124786357,124778586-124782683;124782811-124786357,,,,,,,,
chr12:clu_10563,,SCARB1,human,no_unique_junctions,ENST00000261693.11,ENST00000877827.1,124778586-124782683;124782811-124786357,124778586-124782683;124782811-124786357,,,,,,,,
chr12:clu_10563,,SCARB1,human,no_unique_junctions,ENST00000261693.11,ENST00000877829.1,124778586-124782683;124782811-124786357,124778586-124782683,,,,,,,,
chr12:clu_10563,,SCARB1,human,no_unique_junctions,ENST00000261693.11,ENST00000877826.1,124778586-124782683;124782811-124786357,124782811-124786357,,,,,,,,
chr12:clu_10563,,SCARB1,human,transcript_doesnt_have_junctions,ENST00000261693.11,ENST00000415380.6,124778586-124782683;124782811-124786357,,,,,,,,,
chr12:clu_10563,,SCARB1,human,no_unique_junctions,ENST00000261693.11,ENST00000877833.1,124778586-124782683;124782811-124786357,124778586-124782683;124782811-124786357,,,,,,,,
chr12:clu_10563,,SCARB1,human,transcript_doesnt_have_junctions,ENST00000261693.11,NM_001367982.1,124778586-124782683;124782811-124786357,,,,,,,,,
chr12:clu_10563,,SCARB1,human,transcript_doesnt_have_junctions,ENST00000261693.11,ENST00000544327.1,124778586-124782683;124782811-124786357,,,,,,,,,
chr12:clu_10563,,SCARB1,human,no_unique_junctions,ENST00000261693.11,ENST00000681499.1,124778586-124782683;124782811-124786357,124778586-124782683;124782811-124786357,,,,,,,,
chr12:clu_10563,,SCARB1,human,no_unique_junctions,ENST00000261693.11,ENST00000538291.5,124778586-124782683;124782811-124786357,124778586-124782683,,,,,,,,
chr12:clu_10563,,SCARB1,human,transcript_doesnt_have_junctions,ENST00000261693.11,ENST00000679955.1,124778586-124782683;124782811-124786357,,,,,,,,,
chr12:clu_10563,,SCARB1,human,transcript_doesnt_have_junctions,ENST00000261693.11,ENST00000539320.3,124778586-124782683;124782811-124786357,,,,,,,,,
chr12:clu_10563,,SCARB1,human,no_unique_junctions,ENST00000261693.11,ENST00000877837.1,124778586-124782683;124782811-124786357,124778586-124782683;124782811-124786357,,,,,,,,
chr12:clu_10563,,SCARB1,human,no_unique_junctions,ENST00000261693.11,ENST00000877832.1,124778586-124782683;124782811-124786357,124778586-124782683,,,,,,,,
chr12:clu_10563,,SCARB1,human,no_unique_junctions,ENST00000261693.11,ENST00000877831.1,124778586-124782683;124782811-124786357,124778586-124782683,,,,,,,,
chr12:clu_10563,,SCARB1,human,no_unique_junctions,ENST00000261693.11,ENST00000964690.1,124778586-124782683;124782811-124786357,124778586-124782683;124782811-124786357,,,,,,,,
chr12:clu_10563,,SCARB1,human,no_unique_junctions,ENST00000261693.11,ENST00000877830.1,124778586-124782683;124782811-124786357,124778586-124782683;124782811-124786357,,,,,,,,
chr12:clu_10563,,SCARB1,human,no_unique_junctions,ENST00000261693.11,ENST00000877828.1,124778586-124782683;124782811-124786357,124778586-124782683;124782811-124786357,,,,,,,,
chr12:clu_10563,,SCARB1,human,no_unique_junctions,ENST00000261693.11,ENST00000964692.1,124778586-124782683;124782811-124786357,124778586-124782683;124782811-124786357,,,,,,,,
chr12:clu_10563,,SCARB1,human,no_unique_junctions,ENST00000261693.11,ENST00000936309.1,124778586-124782683;124782811-124786357,124778586-124782683;124782811-124786357,,,,,,,,
chr12:clu_10563,,SCARB1,human,no_unique_junctions,ENST00000261693.11,ENST00000936310.1,124778586-124782683;124782811-124786357,124778586-124782683;124782811-124786357,,,,,,,,
chr12:clu_10563,,SCARB1,human,no_unique_junctions,ENST00000261693.11,ENST00000877834.1,124778586-124782683;124782811-124786357,124778586-124782683;124782811-124786357,,,,,,,,
chr12:clu_10563,,SCARB1,human,no_unique_junctions,ENST00000261693.11,ENST00000936308.1,124778586-124782683;124782811-124786357,124778586-124782683;124782811-124786357,,,,,,,,
chr12:clu_10563,,SCARB1,human,no_unique_junctions,ENST00000261693.11,ENST00000877835.1,124778586-124782683;124782811-124786357,124782811-124786357,,,,,,,,
chr12:clu_10563,,SCARB1,human,no_unique_junctions,ENST00000261693.11,ENST00000877836.1,124778586-124782683;124782811-124786357,124778586-124782683;124782811-124786357,,,,,,,,
chr12:clu_10563,,SCARB1,human,no_unique_junctions,ENST00000261693.11,ENST00000964693.1,124778586-124782683;124782811-124786357,124778586-124782683,,,,,,,,
chr12:clu_10563,,SCARB1,human,no_unique_junctions,ENST00000261693.11,ENST00000681117.1,124778586-124782683;124782811-124786357,124778586-124782683;124782811-124786357,,,,,,,,
chr12:clu_10563,,SCARB1,human,no_unique_junctions,ENST00000261693.11,ENST00000964694.1,124778586-124782683;124782811-124786357,124782811-124786357,,,,,,,,
chr12:clu_10563,,SCARB1,human,transcript_doesnt_have_junctions,ENST00000261693.11,ENST00000545493.1,124778586-124782683;124782811-124786357,,,,,,,,,
chr12:clu_10563,,SCARB1,human,no_unique_junctions,ENST00000261693.11,ENST00000535005.5,124778586-124782683;124782811-124786357,124782811-124786357,,,,,,,,
chr12:clu_10563,,SCARB1,human,transcript_doesnt_have_junctions,ENST00000261693.11,ENST00000541661.5,124778586-124782683;124782811-124786357,,,,,,,,,
chr12:clu_10563,1/2,SCARB1,human,transcript_not_chosen,ENST00000261693.11,ENST00000545305.1,124778586-124782683;124782811-124786357,124778586-124786357,,,,,,,,
chr12:clu_10563,1/2,SCARB1,human,transcript_not_chosen,ENST00000261693.11,ENST00000679605.1,124778586-124782683;124782811-124786357,124778586-124786357,,,,,,,,
chr12:clu_10563,1/2,SCARB1,human,transcript_not_chosen,ENST00000261693.11,ENST00000680556.1,124778586-124782683;124782811-124786357,124778586-124786357,,,,,,,,
chr12:clu_10563,1/2,SCARB1,human,transcript_not_chosen,ENST00000261693.11,ENST00000680596.1,124778586-124782683;124782811-124786357,124778586-124786357,,,,,,,,
chr12:clu_10563,1/2,SCARB1,human,transcript_not_chosen,ENST00000261693.11,ENST00000680926.1,124778586-124782683;124782811-124786357,124778586-124786357,,,,,,,,
chr12:clu_10563,1/2,SCARB1,human,transcript_not_chosen,ENST00000261693.11,ENST00000680982.1,124778586-124782683;124782811-124786357,124778586-124786357,,,,,,,,
chr12:clu_10563,1/2,SCARB1,human,transcript_not_chosen,ENST00000261693.11,ENST00000681555.1,124778586-124782683;124782811-124786357,124778586-124786357,,,,,,,,
chr12:clu_10563,1/2,SCARB1,human,transcript_not_chosen,ENST00000261693.11,ENST00000681686.1,124778586-124782683;124782811-124786357,124778586-124786357,,,,,,,,
chr12:clu_10563,1/2,SCARB1,human,transcript_not_chosen,ENST00000261693.11,ENST00000681788.1,124778586-124782683;124782811-124786357,124778586-124786357,,,,,,,,
chr12:clu_10563,2/2,SCARB1,human,transcript_not_chosen,ENST00000261693.11,ENST00000546215.5,124778586-124782683;124782811-124786357,124778586-124782683;124782811-124786441,,,,,,,,
chr12:clu_10563,2/2,SCARB1,human,transcript_not_chosen,ENST00000261693.11,ENST00000936307.1,124778586-124782683;124782811-124786357,124782811-124786441,,,,,,,,
chr12:clu_10563,2/2,SCARB1,human,transcript_not_chosen,ENST00000261693.11,ENST00000936311.1,124778586-124782683;124782811-124786357,124778586-124782683;124782811-124786441,,,,,,,,
chr15:clu_12880,,HERC2P2,human,gene_not_in_db,,,,,,,,,,,,
chr16:clu_15324,,HSD17B2,human,novel_junction,ENST00000199936.9,,82035689-82068170;82068382-82070942;82071127-82090902;82091039-82098075,82071127-82079529,,,,,,,,
chr16:clu_15324,,HSD17B2,human,novel_junction,ENST00000199936.9,,82035689-82068170;82068382-82070942;82071127-82090902;82091039-82098075,82079568-82090902,,,,,,,,
chr16:clu_15324,,HSD17B2,human,novel_junction,ENST00000199936.9,,82035689-82068170;82068382-82070942;82071127-82090902;82091039-82098075,82090233-82090902,,,,,,,,
chr16:clu_15324,,HSD17B2,human,no_unique_junctions,ENST00000199936.9,ENST00000891334.1,82035689-82068170;82068382-82070942;82071127-82090902;82091039-82098075,82035689-82068170;82068382-82070942;82071127-82090902;82091039-82098075,,,,,,,,
chr16:clu_15324,,HSD17B2,human,no_unique_junctions,ENST00000199936.9,ENST00000891335.1,82035689-82068170;82068382-82070942;82071127-82090902;82091039-82098075,82035689-82068170;82068382-82070942;82071127-82090902;82091039-82098075,,,,,,,,
chr16:clu_15324,,HSD17B2,human,no_unique_junctions,ENST00000199936.9,ENST00000563491.5,82035689-82068170;82068382-82070942;82071127-82090902;82091039-82098075,82068382-82070942,,,,,,,,
chr16:clu_15324,,HSD17B2,human,no_unique_junctions,ENST00000199936.9,ENST00000891337.1,82035689-82068170;82068382-82070942;82071127-82090902;82091039-82098075,82091039-82098075,,,,,,,,
chr16:clu_15324,,HSD17B2,human,no_unique_junctions,ENST00000199936.9,ENST00000891338.1,82035689-82068170;82068382-82070942;82071127-82090902;82091039-82098075,82035689-82068170;82068382-82070942;82091039-82098075,,,,,,,,
chr16:clu_15324,,HSD17B2,human,no_unique_junctions,ENST00000199936.9,ENST00000569351.2,82035689-82068170;82068382-82070942;82071127-82090902;82091039-82098075,82035689-82068170;82068382-82070942,,,,,,,,
chr16:clu_15324,,HSD17B2,human,no_unique_junctions,ENST00000199936.9,ENST00000568090.5,82035689-82068170;82068382-82070942;82071127-82090902;82091039-82098075,82068382-82070942;82071127-82090902;82091039-82098075,,,,,,,,
chr16:clu_15324,,HSD17B2,human,no_unique_junctions,ENST00000199936.9,ENST00000566838.2,82035689-82068170;82068382-82070942;82071127-82090902;82091039-82098075,82068382-82070942;82071127-82090902,,,,,,,,
chr16:clu_16141,,ESRP2,human,no_unique_junctions,ENST00000473183.7,XM_005256153.6,68232288-68232371;68232503-68232577,68232288-68232371;68232503-68232577,,,,,,,,
chr16:clu_16141,,ESRP2,human,no_unique_junctions,ENST00000473183.7,ENST00000889117.1,68232288-68232371;68232503-68232577,68232288-68232371;68232503-68232577,,,,,,,,
chr16:clu_16141,,ESRP2,human,no_unique_junctions,ENST00000473183.7,NM_001365265.1,68232288-68232371;68232503-68232577,68232288-68232371;68232503-68232577,,,,,,,,
chr16:clu_16141,,ESRP2,human,no_unique_junctions,ENST00000473183.7,ENST00000565858.5,68232288-68232371;68232503-68232577,68232288-68232371;68232503-68232577,,,,,,,,
chr16:clu_16141,,ESRP2,human,no_unique_junctions,ENST00000473183.7,XM_006721273.5,68232288-68232371;68232503-68232577,68232288-68232371;68232503-68232577,,,,,,,,
chr16:clu_16141,,ESRP2,human,transcript_doesnt_have_junctions,ENST00000473183.7,ENST00000565213.2,68232288-68232371;68232503-68232577,,,,,,,,,
chr16:clu_16141,,ESRP2,human,transcript_doesnt_have_junctions,ENST00000473183.7,ENST00000562738.5,68232288-68232371;68232503-68232577,,,,,,,,,
chr16:clu_16141,,ESRP2,human,transcript_doesnt_have_junctions,ENST00000473183.7,ENST00000562567.6,68232288-68232371;68232503-68232577,,,,,,,,,
chr16:clu_16141,,ESRP2,human,transcript_doesnt_have_junctions,ENST00000473183.7,ENST00000569964.5,68232288-68232371;68232503-68232577,,,,,,,,,
chr16:clu_16141,,ESRP2,human,transcript_doesnt_have_junctions,ENST00000473183.7,ENST00000563159.5,68232288-68232371;68232503-68232577,,,,,,,,,
chr16:clu_16141,,ESRP2,human,transcript_doesnt_have_junctions,ENST00000473183.7,ENST00000564465.1,68232288-68232371;68232503-68232577,,,,,,,,,
chr16:clu_16141,,ESRP2,human,no_unique_junctions,ENST00000473183.7,ENST00000889114.1,68232288-68232371;68232503-68232577,68232288-68232371;68232503-68232577,,,,,,,,
chr16:clu_16141,,ESRP2,human,no_unique_junctions,ENST00000473183.7,ENST00000889113.1,68232288-68232371;68232503-68232577,68232288-68232371;68232503-68232577,,,,,,,,
chr16:clu_16141,,ESRP2,human,no_unique_junctions,ENST00000473183.7,ENST00000929965.1,68232288-68232371;68232503-68232577,68232288-68232371;68232503-68232577,,,,,,,,
chr16:clu_16141,,ESRP2,human,no_unique_junctions,ENST00000473183.7,ENST00000889116.1,68232288-68232371;68232503-68232577,68232288-68232371;68232503-68232577,,,,,,,,
chr16:clu_16141,,ESRP2,human,no_unique_junctions,ENST00000473183.7,ENST00000889115.1,68232288-68232371;68232503-68232577,68232288-68232371;68232503-68232577,,,,,,,,
chr16:clu_16141,,ESRP2,human,no_unique_junctions,ENST00000473183.7,ENST00000889118.1,68232288-68232371;68232503-68232577,68232288-68232371,,,,,,,,
chr16:clu_16141,,ESRP2,human,transcript_doesnt_have_junctions,ENST00000473183.7,ENST00000564382.5,68232288-68232371;68232503-68232577,,,,,,,,,
chr16:clu_16141,,ESRP2,human,transcript_doesnt_have_junctions,ENST00000473183.7,ENST00000562724.1,68232288-68232371;68232503-68232577,,,,,,,,,
chr16:clu_16141,1/1,ESRP2,human,transcript_not_chosen,ENST00000473183.7,ENST00000251366.7,68232288-68232371;68232503-68232577,68232288-68232577,,,,,,,,
chr5:clu_33577:LOC112267931,,LOC112267931,human,gene_not_in_db,,,,,,,,,,,,
chr10:clu_5883,,MRPL43,human,no_unique_junctions,ENST00000318364.13,ENST00000487059.1,100986975-100987090;100987196-100987313,100987196-100987313,,,,,,,,
chr10:clu_5883,,MRPL43,human,no_unique_junctions,ENST00000318364.13,ENST00000952360.1,100986975-100987090;100987196-100987313,100986975-100987090;100987196-100987313,,,,,,,,
chr10:clu_5883,,MRPL43,human,no_unique_junctions,ENST00000318364.13,ENST00000915453.1,100986975-100987090;100987196-100987313,100986975-100987090,,,,,,,,
chr10:clu_5883,,MRPL43,human,no_unique_junctions,ENST00000318364.13,ENST00000858454.1,100986975-100987090;100987196-100987313,100986975-100987090;100987196-100987313,,,,,,,,
chr10:clu_5883,,MRPL43,human,transcript_doesnt_have_junctions,ENST00000318364.13,ENST00000477279.1,100986975-100987090;100987196-100987313,,,,,,,,,
chr10:clu_5883,,MRPL43,human,no_unique_junctions,ENST00000318364.13,ENST00000493646.1,100986975-100987090;100987196-100987313,100986975-100987090,,,,,,,,
chr10:clu_5883,,MRPL43,human,subsumed_by_larger_group,ENST00000318364.13,ENST00000476012.5,100986975-100987090;100987196-100987313,100983817-100983948,,,,,,,,
chr10:clu_5883,1/5,MRPL43,human,transcript_not_chosen,ENST00000318364.13,ENST00000342071.5,100986975-100987090;100987196-100987313,100983817-100983948;100984074-100986749;100986975-100987090;100987196-100987313,,,,,,,,
chr10:clu_5883,1/5,MRPL43,human,transcript_not_chosen,ENST00000318364.13,ENST00000370242.8,100986975-100987090;100987196-100987313,100983817-100983948;100984074-100986749;100986975-100987090;100987196-100987313,,,,,,,,
chr10:clu_5883,3/5,MRPL43,human,transcript_not_chosen,ENST00000318364.13,ENST00000299179.9,100986975-100987090;100987196-100987313,100983817-100986749;100986975-100987090;100987196-100987313,,,,,,,,
chr10:clu_5883,3/5,MRPL43,human,transcript_not_chosen,ENST00000318364.13,ENST00000370241.7,100986975-100987090;100987196-100987313,100983817-100986749;100986975-100987090;100987196-100987313,,,,,,,,
chr10:clu_5883,3/5,MRPL43,human,transcript_not_chosen,ENST00000318364.13,ENST00000523148.5,100986975-100987090;100987196-100987313,100983817-100986749;100986975-100987090,,,,,,,,
chr11:clu_7731:FERMT3,,FERMT3,human,novel_junction,ENST00000345728.10,,64207524-64210611,64203622-64204054,,,,,,,,
chr11:clu_7731:FERMT3,,FERMT3,human,no_unique_junctions,ENST00000345728.10,NM_001382448.1,64207524-64210611,64207524-64210611,,,,,,,,
chr11:clu_7731:FERMT3,,FERMT3,human,no_unique_junctions,ENST00000345728.10,ENST00000279227.10,64207524-64210611,64207524-64210611,,,,,,,,
chr11:clu_7731:FERMT3,,FERMT3,human,no_unique_junctions,ENST00000345728.10,ENST00000698860.1,64207524-64210611,64207524-64210611,,,,,,,,
chr11:clu_7731:FERMT3,,FERMT3,human,no_unique_junctions,ENST00000345728.10,ENST00000544997.6,64207524-64210611,64207524-64210611,,,,,,,,
chr11:clu_7731:FERMT3,,FERMT3,human,transcript_doesnt_have_junctions,ENST00000345728.10,NM_001382364.1,64207524-64210611,,,,,,,,,
chr11:clu_7731:FERMT3,,FERMT3,human,transcript_doesnt_have_junctions,ENST00000345728.10,ENST00000541252.2,64207524-64210611,,,,,,,,,
chr11:clu_7731:FERMT3,,FERMT3,human,transcript_doesnt_have_junctions,ENST00000345728.10,XM_047427676.1,64207524-64210611,,,,,,,,,
chr11:clu_7731:FERMT3,,FERMT3,human,no_unique_junctions,ENST00000345728.10,ENST00000698859.1,64207524-64210611,64207524-64210611,,,,,,,,
chr11:clu_7731:FERMT3,,FERMT3,human,no_unique_junctions,ENST00000345728.10,ENST00000698846.1,64207524-64210611,64207524-64210611,,,,,,,,
chr11:clu_7731:FERMT3,,FERMT3,human,no_unique_junctions,ENST00000345728.10,ENST00000698864.1,64207524-64210611,64207524-64210611,,,,,,,,
chr11:clu_7731:FERMT3,,FERMT3,human,no_unique_junctions,ENST00000345728.10,ENST00000546255.2,64207524-64210611,64207524-64210611,,,,,,,,
chr11:clu_7731:FERMT3,,FERMT3,human,transcript_doesnt_have_junctions,ENST00000345728.10,ENST00000698867.1,64207524-64210611,,,,,,,,,
chr11:clu_7731:FERMT3,,FERMT3,human,no_unique_junctions,ENST00000345728.10,ENST00000698871.1,64207524-64210611,64207524-64210611,,,,,,,,
chr11:clu_7731:FERMT3,,FERMT3,human,transcript_doesnt_have_junctions,ENST00000345728.10,ENST00000698856.1,64207524-64210611,,,,,,,,,
chr11:clu_7731:FERMT3,,FERMT3,human,transcript_doesnt_have_junctions,ENST00000345728.10,ENST00000698875.1,64207524-64210611,,,,,,,,,
chr11:clu_7731:FERMT3,,FERMT3,human,transcript_doesnt_have_junctions,ENST00000345728.10,ENST00000541326.6,64207524-64210611,,,,,,,,,
chr11:clu_7731:FERMT3,,FERMT3,human,transcript_doesnt_have_junctions,ENST00000345728.10,ENST00000698850.1,64207524-64210611,,,,,,,,,
chr11:clu_7731:FERMT3,,FERMT3,human,transcript_doesnt_have_junctions,ENST00000345728.10,ENST00000540554.2,64207524-64210611,,,,,,,,,
chr11:clu_7731:FERMT3,,FERMT3,human,transcript_doesnt_have_junctions,ENST00000345728.10,ENST00000698876.1,64207524-64210611,,,,,,,,,
chr11:clu_7731:FERMT3,,FERMT3,human,transcript_doesnt_have_junctions,ENST00000345728.10,ENST00000698877.1,64207524-64210611,,,,,,,,,
chr11:clu_7731:FERMT3,,FERMT3,human,transcript_doesnt_have_junctions,ENST00000345728.10,ENST00000698848.1,64207524-64210611,,,,,,,,,
chr11:clu_7731:FERMT3,,FERMT3,human,transcript_doesnt_have_junctions,ENST00000345728.10,ENST00000540957.1,64207524-64210611,,,,,,,,,
chr11:clu_7731:FERMT3,,FERMT3,human,transcript_doesnt_have_junctions,ENST00000345728.10,ENST00000698849.1,64207524-64210611,,,,,,,,,
chr11:clu_7731:FERMT3,,FERMT3,human,no_unique_junctions,ENST00000345728.10,ENST00000698852.1,64207524-64210611,64207524-64210611,,,,,,,,
chr11:clu_7731:FERMT3,,FERMT3,human,no_unique_junctions,ENST00000345728.10,ENST00000698845.1,64207524-64210611,64207524-64210611,,,,,,,,
chr11:clu_7731:FERMT3,,FERMT3,human,no_unique_junctions,ENST00000345728.10,ENST00000962568.1,64207524-64210611,64207524-64210611,,,,,,,,
chr11:clu_7731:FERMT3,,FERMT3,human,no_unique_junctions,ENST00000345728.10,ENST00000698861.1,64207524-64210611,64207524-64210611,,,,,,,,
chr11:clu_7731:FERMT3,,FERMT3,human,no_unique_junctions,ENST00000345728.10,ENST00000698862.1,64207524-64210611,64207524-64210611,,,,,,,,
chr11:clu_7731:FERMT3,,FERMT3,human,no_unique_junctions,ENST00000345728.10,ENST00000698853.1,64207524-64210611,64207524-64210611,,,,,,,,
chr11:clu_7731:FERMT3,,FERMT3,human,no_unique_junctions,ENST00000345728.10,ENST00000698878.1,64207524-64210611,64207524-64210611,,,,,,,,
chr11:clu_7731:FERMT3,,FERMT3,human,no_unique_junctions,ENST00000345728.10,ENST00000698863.1,64207524-64210611,64207524-64210611,,,,,,,,
chr11:clu_7731:FERMT3,,FERMT3,human,no_unique_junctions,ENST00000345728.10,ENST00000698865.1,64207524-64210611,64207524-64210611,,,,,,,,
chr11:clu_7731:FERMT3,,FERMT3,human,no_unique_junctions,ENST00000345728.10,ENST00000698847.1,64207524-64210611,64207524-64210611,,,,,,,,
chr11:clu_7731:FERMT3,,FERMT3,human,no_unique_junctions,ENST00000345728.10,ENST00000698854.1,64207524-64210611,64207524-64210611,,,,,,,,
chr11:clu_7731:FERMT3,,FERMT3,human,no_unique_junctions,ENST00000345728.10,ENST00000698866.1,64207524-64210611,64207524-64210611,,,,,,,,
chr11:clu_7731:FERMT3,,FERMT3,human,no_unique_junctions,ENST00000345728.10,ENST00000698868.1,64207524-64210611,64207524-64210611,,,,,,,,
chr11:clu_7731:FERMT3,,FERMT3,human,no_unique_junctions,ENST00000345728.10,ENST00000698869.1,64207524-64210611,64207524-64210611,,,,,,,,
chr11:clu_7731:FERMT3,,FERMT3,human,no_unique_junctions,ENST00000345728.10,ENST00000962570.1,64207524-64210611,64207524-64210611,,,,,,,,
chr11:clu_7731:FERMT3,,FERMT3,human,no_unique_junctions,ENST00000345728.10,ENST00000698870.1,64207524-64210611,64207524-64210611,,,,,,,,
chr11:clu_7731:FERMT3,,FERMT3,human,no_unique_junctions,ENST00000345728.10,ENST00000962569.1,64207524-64210611,64207524-64210611,,,,,,,,
chr11:clu_7731:FERMT3,,FERMT3,human,transcript_doesnt_have_junctions,ENST00000345728.10,ENST00000698872.1,64207524-64210611,,,,,,,,,
chr11:clu_7731:FERMT3,,FERMT3,human,transcript_doesnt_have_junctions,ENST00000345728.10,ENST00000698873.1,64207524-64210611,,,,,,,,,
chr11:clu_7731:FERMT3,,FERMT3,human,transcript_doesnt_have_junctions,ENST00000345728.10,ENST00000698874.1,64207524-64210611,,,,,,,,,
chr11:clu_7731:FERMT3,,FERMT3,human,transcript_doesnt_have_junctions,ENST00000345728.10,ENST00000698879.1,64207524-64210611,,,,,,,,,
chr11:clu_7731:FERMT3,,FERMT3,human,transcript_doesnt_have_junctions,ENST00000345728.10,ENST00000698880.1,64207524-64210611,,,,,,,,,
chr11:clu_7731:FERMT3,,FERMT3,human,transcript_doesnt_have_junctions,ENST00000345728.10,ENST00000545896.2,64207524-64210611,,,,,,,,,
chr11:clu_7731:FERMT3,,FERMT3,human,transcript_doesnt_have_junctions,ENST00000345728.10,ENST00000698855.1,64207524-64210611,,,,,,,,,
chr11:clu_7731:FERMT3,,FERMT3,human,all_known_junctions_are_canonical,ENST00000345728.10,,64207524-64210611,,,,,,,,,
chr2:clu_23860,,LRRFIP1,human,no_unique_junctions,ENST00000308482.14,ENST00000970878.1,237760205-237769943;237769992-237772081;237772198-237772866,237760205-237769943;237769992-237772081;237772198-237772866,,,,,,,,
chr2:clu_23860,,LRRFIP1,human,no_unique_junctions,ENST00000308482.14,XM_017005260.3,237760205-237769943;237769992-237772081;237772198-237772866,237760205-237769943;237769992-237772081;237772198-237772866,,,,,,,,
chr2:clu_23860,,LRRFIP1,human,no_unique_junctions,ENST00000308482.14,ENST00000970843.1,237760205-237769943;237769992-237772081;237772198-237772866,237760205-237769943;237769992-237772081;237772198-237772866,,,,,,,,
chr2:clu_23860,,LRRFIP1,human,no_unique_junctions,ENST00000308482.14,XM_017005262.3,237760205-237769943;237769992-237772081;237772198-237772866,237760205-237769943;237769992-237772081;237772198-237772866,,,,,,,,
chr2:clu_23860,,LRRFIP1,human,no_unique_junctions,ENST00000308482.14,ENST00000970873.1,237760205-237769943;237769992-237772081;237772198-237772866,237760205-237769943;237769992-237772081;237772198-237772866,,,,,,,,
chr2:clu_23860,,LRRFIP1,human,no_unique_junctions,ENST00000308482.14,ENST00000863720.1,237760205-237769943;237769992-237772081;237772198-237772866,237760205-237769943;237769992-237772081;237772198-237772866,,,,,,,,
chr2:clu_23860,,LRRFIP1,human,no_unique_junctions,ENST00000308482.14,ENST00000863727.1,237760205-237769943;237769992-237772081;237772198-237772866,237760205-237769943;237769992-237772081;237772198-237772866,,,,,,,,
chr2:clu_23860,,LRRFIP1,human,no_unique_junctions,ENST00000308482.14,ENST00000863709.1,237760205-237769943;237769992-237772081;237772198-237772866,237760205-237769943;237769992-237772081;237772198-237772866,,,,,,,,
chr2:clu_23860,,LRRFIP1,human,no_unique_junctions,ENST00000308482.14,XM_047446326.1,237760205-237769943;237769992-237772081;237772198-237772866,237760205-237769943;237769992-237772081;237772198-237772866,,,,,,,,
chr2:clu_23860,,LRRFIP1,human,no_unique_junctions,ENST00000308482.14,ENST00000863722.1,237760205-237769943;237769992-237772081;237772198-237772866,237760205-237769943;237769992-237772081;237772198-237772866,,,,,,,,
chr2:clu_23860,,LRRFIP1,human,no_unique_junctions,ENST00000308482.14,XM_047446328.1,237760205-237769943;237769992-237772081;237772198-237772866,237760205-237769943;237769992-237772081;237772198-237772866,,,,,,,,
chr2:clu_23860,,LRRFIP1,human,no_unique_junctions,ENST00000308482.14,XM_047446329.1,237760205-237769943;237769992-237772081;237772198-237772866,237760205-237769943;237769992-237772081;237772198-237772866,,,,,,,,
chr2:clu_23860,,LRRFIP1,human,no_unique_junctions,ENST00000308482.14,ENST00000970916.1,237760205-237769943;237769992-237772081;237772198-237772866,237760205-237769943;237769992-237772081;237772198-237772866,,,,,,,,
chr2:clu_23860,,LRRFIP1,human,no_unique_junctions,ENST00000308482.14,XM_047446327.1,237760205-237769943;237769992-237772081;237772198-237772866,237760205-237769943;237769992-237772081;237772198-237772866,,,,,,,,
chr2:clu_23860,,LRRFIP1,human,no_unique_junctions,ENST00000308482.14,XM_047446330.1,237760205-237769943;237769992-237772081;237772198-237772866,237760205-237769943;237769992-237772081;237772198-237772866,,,,,,,,
chr2:clu_23860,,LRRFIP1,human,no_unique_junctions,ENST00000308482.14,XM_047446331.1,237760205-237769943;237769992-237772081;237772198-237772866,237760205-237769943;237769992-237772081;237772198-237772866,,,,,,,,
chr2:clu_23860,,LRRFIP1,human,no_unique_junctions,ENST00000308482.14,NM_001137551.2,237760205-237769943;237769992-237772081;237772198-237772866,237760205-237769943;237769992-237772081;237772198-237772866,,,,,,,,
chr2:clu_23860,,LRRFIP1,human,transcript_doesnt_have_junctions,ENST00000308482.14,ENST00000465870.5,237760205-237769943;237769992-237772081;237772198-237772866,,,,,,,,,
chr2:clu_23860,,LRRFIP1,human,no_unique_junctions,ENST00000308482.14,ENST00000483443.1,237760205-237769943;237769992-237772081;237772198-237772866,237760205-237769943,,,,,,,,
chr2:clu_23860,,LRRFIP1,human,transcript_doesnt_have_junctions,ENST00000308482.14,ENST00000474195.1,237760205-237769943;237769992-237772081;237772198-237772866,,,,,,,,,
chr2:clu_23860,,LRRFIP1,human,no_unique_junctions,ENST00000308482.14,ENST00000970842.1,237760205-237769943;237769992-237772081;237772198-237772866,237760205-237769943;237769992-237772081;237772198-237772866,,,,,,,,
chr2:clu_23860,,LRRFIP1,human,no_unique_junctions,ENST00000308482.14,ENST00000970849.1,237760205-237769943;237769992-237772081;237772198-237772866,237760205-237769943;237769992-237772081;237772198-237772866,,,,,,,,
chr2:clu_23860,,LRRFIP1,human,no_unique_junctions,ENST00000308482.14,ENST00000863711.1,237760205-237769943;237769992-237772081;237772198-237772866,237760205-237769943;237769992-237772081;237772198-237772866,,,,,,,,
chr2:clu_23860,,LRRFIP1,human,no_unique_junctions,ENST00000308482.14,ENST00000933070.1,237760205-237769943;237769992-237772081;237772198-237772866,237760205-237769943;237769992-237772081;237772198-237772866,,,,,,,,
chr2:clu_23860,,LRRFIP1,human,no_unique_junctions,ENST00000308482.14,ENST00000863710.1,237760205-237769943;237769992-237772081;237772198-237772866,237760205-237769943;237769992-237772081;237772198-237772866,,,,,,,,
chr2:clu_23860,,LRRFIP1,human,no_unique_junctions,ENST00000308482.14,ENST00000933072.1,237760205-237769943;237769992-237772081;237772198-237772866,237760205-237769943;237769992-237772081;237772198-237772866,,,,,,,,
chr2:clu_23860,,LRRFIP1,human,no_unique_junctions,ENST00000308482.14,ENST00000933071.1,237760205-237769943;237769992-237772081;237772198-237772866,237760205-237769943;237769992-237772081;237772198-237772866,,,,,,,,
chr2:clu_23860,,LRRFIP1,human,no_unique_junctions,ENST00000308482.14,ENST00000933073.1,237760205-237769943;237769992-237772081;237772198-237772866,237760205-237769943;237769992-237772081;237772198-237772866,,,,,,,,
chr2:clu_23860,,LRRFIP1,human,no_unique_junctions,ENST00000308482.14,ENST00000970847.1,237760205-237769943;237769992-237772081;237772198-237772866,237760205-237769943;237769992-237772081;237772198-237772866,,,,,,,,
chr2:clu_23860,,LRRFIP1,human,no_unique_junctions,ENST00000308482.14,ENST00000970858.1,237760205-237769943;237769992-237772081;237772198-237772866,237760205-237769943;237769992-237772081;237772198-237772866,,,,,,,,
chr2:clu_23860,,LRRFIP1,human,no_unique_junctions,ENST00000308482.14,ENST00000970854.1,237760205-237769943;237769992-237772081;237772198-237772866,237760205-237769943;237769992-237772081;237772198-237772866,,,,,,,,
chr2:clu_23860,,LRRFIP1,human,no_unique_junctions,ENST00000308482.14,ENST00000863713.1,237760205-237769943;237769992-237772081;237772198-237772866,237760205-237769943;237769992-237772081;237772198-237772866,,,,,,,,
chr2:clu_23860,,LRRFIP1,human,no_unique_junctions,ENST00000308482.14,ENST00000863714.1,237760205-237769943;237769992-237772081;237772198-237772866,237760205-237769943;237769992-237772081;237772198-237772866,,,,,,,,
chr2:clu_23860,,LRRFIP1,human,no_unique_junctions,ENST00000308482.14,ENST00000863715.1,237760205-237769943;237769992-237772081;237772198-237772866,237760205-237769943;237769992-237772081;237772198-237772866,,,,,,,,
chr2:clu_23860,,LRRFIP1,human,no_unique_junctions,ENST00000308482.14,ENST00000863716.1,237760205-237769943;237769992-237772081;237772198-237772866,237760205-237769943;237769992-237772081;237772198-237772866,,,,,,,,
chr2:clu_23860,,LRRFIP1,human,no_unique_junctions,ENST00000308482.14,ENST00000863717.1,237760205-237769943;237769992-237772081;237772198-237772866,237760205-237769943;237769992-237772081;237772198-237772866,,,,,,,,
chr2:clu_23860,,LRRFIP1,human,no_unique_junctions,ENST00000308482.14,ENST00000863718.1,237760205-237769943;237769992-237772081;237772198-237772866,237760205-237769943;237769992-237772081;237772198-237772866,,,,,,,,
chr2:clu_23860,,LRRFIP1,human,no_unique_junctions,ENST00000308482.14,ENST00000863719.1,237760205-237769943;237769992-237772081;237772198-237772866,237760205-237769943;237769992-237772081;237772198-237772866,,,,,,,,
chr2:clu_23860,,LRRFIP1,human,no_unique_junctions,ENST00000308482.14,ENST00000863712.1,237760205-237769943;237769992-237772081;237772198-237772866,237760205-237769943;237769992-237772081;237772198-237772866,,,,,,,,
chr2:clu_23860,,LRRFIP1,human,no_unique_junctions,ENST00000308482.14,ENST00000970851.1,237760205-237769943;237769992-237772081;237772198-237772866,237760205-237769943;237769992-237772081;237772198-237772866,,,,,,,,
chr2:clu_23860,,LRRFIP1,human,no_unique_junctions,ENST00000308482.14,ENST00000970852.1,237760205-237769943;237769992-237772081;237772198-237772866,237760205-237769943;237769992-237772081;237772198-237772866,,,,,,,,
chr2:clu_23860,,LRRFIP1,human,no_unique_junctions,ENST00000308482.14,ENST00000970850.1,237760205-237769943;237769992-237772081;237772198-237772866,237760205-237769943;237769992-237772081;237772198-237772866,,,,,,,,
chr2:clu_23860,,LRRFIP1,human,no_unique_junctions,ENST00000308482.14,ENST00000970844.1,237760205-237769943;237769992-237772081;237772198-237772866,237760205-237769943;237769992-237772081;237772198-237772866,,,,,,,,
chr2:clu_23860,,LRRFIP1,human,no_unique_junctions,ENST00000308482.14,ENST00000863708.1,237760205-237769943;237769992-237772081;237772198-237772866,237760205-237769943;237769992-237772081;237772198-237772866,,,,,,,,
chr2:clu_23860,,LRRFIP1,human,no_unique_junctions,ENST00000308482.14,ENST00000970853.1,237760205-237769943;237769992-237772081;237772198-237772866,237760205-237769943;237769992-237772081;237772198-237772866,,,,,,,,
chr2:clu_23860,,LRRFIP1,human,no_unique_junctions,ENST00000308482.14,ENST00000970869.1,237760205-237769943;237769992-237772081;237772198-237772866,237760205-237769943;237769992-237772081;237772198-237772866,,,,,,,,
chr2:clu_23860,,LRRFIP1,human,no_unique_junctions,ENST00000308482.14,ENST00000970859.1,237760205-237769943;237769992-237772081;237772198-237772866,237760205-237769943;237769992-237772081;237772198-237772866,,,,,,,,
chr2:clu_23860,,LRRFIP1,human,no_unique_junctions,ENST00000308482.14,ENST00000970848.1,237760205-237769943;237769992-237772081;237772198-237772866,237760205-237769943;237769992-237772081;237772198-237772866,,,,,,,,
chr2:clu_23860,,LRRFIP1,human,no_unique_junctions,ENST00000308482.14,ENST00000970860.1,237760205-237769943;237769992-237772081;237772198-237772866,237760205-237769943;237769992-237772081;237772198-237772866,,,,,,,,
chr2:clu_23860,,LRRFIP1,human,no_unique_junctions,ENST00000308482.14,ENST00000970855.1,237760205-237769943;237769992-237772081;237772198-237772866,237760205-237769943;237769992-237772081;237772198-237772866,,,,,,,,
chr2:clu_23860,,LRRFIP1,human,no_unique_junctions,ENST00000308482.14,ENST00000970856.1,237760205-237769943;237769992-237772081;237772198-237772866,237760205-237769943;237769992-237772081;237772198-237772866,,,,,,,,
chr2:clu_23860,,LRRFIP1,human,no_unique_junctions,ENST00000308482.14,ENST00000970857.1,237760205-237769943;237769992-237772081;237772198-237772866,237760205-237769943;237769992-237772081;237772198-237772866,,,,,,,,
chr2:clu_23860,,LRRFIP1,human,no_unique_junctions,ENST00000308482.14,ENST00000970845.1,237760205-237769943;237769992-237772081;237772198-237772866,237760205-237769943;237769992-237772081;237772198-237772866,,,,,,,,
chr2:clu_23860,,LRRFIP1,human,no_unique_junctions,ENST00000308482.14,ENST00000970870.1,237760205-237769943;237769992-237772081;237772198-237772866,237760205-237769943;237769992-237772081;237772198-237772866,,,,,,,,
chr2:clu_23860,,LRRFIP1,human,no_unique_junctions,ENST00000308482.14,ENST00000970862.1,237760205-237769943;237769992-237772081;237772198-237772866,237760205-237769943;237769992-237772081;237772198-237772866,,,,,,,,
chr2:clu_23860,,LRRFIP1,human,no_unique_junctions,ENST00000308482.14,ENST00000970864.1,237760205-237769943;237769992-237772081;237772198-237772866,237760205-237769943;237769992-237772081;237772198-237772866,,,,,,,,
chr2:clu_23860,,LRRFIP1,human,no_unique_junctions,ENST00000308482.14,ENST00000970865.1,237760205-237769943;237769992-237772081;237772198-237772866,237760205-237769943;237769992-237772081;237772198-237772866,,,,,,,,
chr2:clu_23860,,LRRFIP1,human,no_unique_junctions,ENST00000308482.14,ENST00000863721.1,237760205-237769943;237769992-237772081;237772198-237772866,237760205-237769943;237769992-237772081;237772198-237772866,,,,,,,,
chr2:clu_23860,,LRRFIP1,human,no_unique_junctions,ENST00000308482.14,ENST00000863723.1,237760205-237769943;237769992-237772081;237772198-237772866,237760205-237769943;237769992-237772081;237772198-237772866,,,,,,,,
chr2:clu_23860,,LRRFIP1,human,no_unique_junctions,ENST00000308482.14,ENST00000970861.1,237760205-237769943;237769992-237772081;237772198-237772866,237760205-237769943;237769992-237772081;237772198-237772866,,,,,,,,
chr2:clu_23860,,LRRFIP1,human,no_unique_junctions,ENST00000308482.14,ENST00000970867.1,237760205-237769943;237769992-237772081;237772198-237772866,237760205-237769943;237769992-237772081;237772198-237772866,,,,,,,,
chr2:clu_23860,,LRRFIP1,human,no_unique_junctions,ENST00000308482.14,ENST00000970866.1,237760205-237769943;237769992-237772081;237772198-237772866,237760205-237769943;237769992-237772081;237772198-237772866,,,,,,,,
chr2:clu_23860,,LRRFIP1,human,no_unique_junctions,ENST00000308482.14,ENST00000970863.1,237760205-237769943;237769992-237772081;237772198-237772866,237760205-237769943;237769992-237772081;237772198-237772866,,,,,,,,
chr2:clu_23860,,LRRFIP1,human,no_unique_junctions,ENST00000308482.14,ENST00000970868.1,237760205-237769943;237769992-237772081;237772198-237772866,237760205-237769943;237769992-237772081;237772198-237772866,,,,,,,,
chr2:clu_23860,,LRRFIP1,human,no_unique_junctions,ENST00000308482.14,ENST00000970875.1,237760205-237769943;237769992-237772081;237772198-237772866,237760205-237769943;237769992-237772081;237772198-237772866,,,,,,,,
chr2:clu_23860,,LRRFIP1,human,no_unique_junctions,ENST00000308482.14,ENST00000863724.1,237760205-237769943;237769992-237772081;237772198-237772866,237760205-237769943;237769992-237772081;237772198-237772866,,,,,,,,
chr2:clu_23860,,LRRFIP1,human,no_unique_junctions,ENST00000308482.14,ENST00000970872.1,237760205-237769943;237769992-237772081;237772198-237772866,237760205-237769943;237769992-237772081;237772198-237772866,,,,,,,,
chr2:clu_23860,,LRRFIP1,human,no_unique_junctions,ENST00000308482.14,ENST00000970876.1,237760205-237769943;237769992-237772081;237772198-237772866,237760205-237769943;237769992-237772081;237772198-237772866,,,,,,,,
chr2:clu_23860,,LRRFIP1,human,no_unique_junctions,ENST00000308482.14,ENST00000970871.1,237760205-237769943;237769992-237772081;237772198-237772866,237760205-237769943;237769992-237772081;237772198-237772866,,,,,,,,
chr2:clu_23860,,LRRFIP1,human,no_unique_junctions,ENST00000308482.14,ENST00000970885.1,237760205-237769943;237769992-237772081;237772198-237772866,237760205-237769943;237769992-237772081;237772198-237772866,,,,,,,,
chr2:clu_23860,,LRRFIP1,human,no_unique_junctions,ENST00000308482.14,ENST00000863738.1,237760205-237769943;237769992-237772081;237772198-237772866,237760205-237769943;237769992-237772081;237772198-237772866,,,,,,,,
chr2:clu_23860,,LRRFIP1,human,no_unique_junctions,ENST00000308482.14,ENST00000970923.1,237760205-237769943;237769992-237772081;237772198-237772866,237760205-237769943;237769992-237772081;237772198-237772866,,,,,,,,
chr2:clu_23860,,LRRFIP1,human,no_unique_junctions,ENST00000308482.14,ENST00000970886.1,237760205-237769943;237769992-237772081;237772198-237772866,237760205-237769943;237769992-237772081;237772198-237772866,,,,,,,,
chr2:clu_23860,,LRRFIP1,human,no_unique_junctions,ENST00000308482.14,ENST00000970884.1,237760205-237769943;237769992-237772081;237772198-237772866,237760205-237769943;237769992-237772081;237772198-237772866,,,,,,,,
chr2:clu_23860,,LRRFIP1,human,no_unique_junctions,ENST00000308482.14,ENST00000863726.1,237760205-237769943;237769992-237772081;237772198-237772866,237760205-237769943;237769992-237772081;237772198-237772866,,,,,,,,
chr2:clu_23860,,LRRFIP1,human,no_unique_junctions,ENST00000308482.14,ENST00000970880.1,237760205-237769943;237769992-237772081;237772198-237772866,237760205-237769943;237769992-237772081;237772198-237772866,,,,,,,,
chr2:clu_23860,,LRRFIP1,human,no_unique_junctions,ENST00000308482.14,ENST00000863725.1,237760205-237769943;237769992-237772081;237772198-237772866,237760205-237769943;237769992-237772081;237772198-237772866,,,,,,,,
chr2:clu_23860,,LRRFIP1,human,no_unique_junctions,ENST00000308482.14,ENST00000970877.1,237760205-237769943;237769992-237772081;237772198-237772866,237760205-237769943;237769992-237772081;237772198-237772866,,,,,,,,
chr2:clu_23860,,LRRFIP1,human,no_unique_junctions,ENST00000308482.14,ENST00000970879.1,237760205-237769943;237769992-237772081;237772198-237772866,237760205-237769943;237769992-237772081;237772198-237772866,,,,,,,,
chr2:clu_23860,,LRRFIP1,human,no_unique_junctions,ENST00000308482.14,ENST00000970874.1,237760205-237769943;237769992-237772081;237772198-237772866,237760205-237769943;237769992-237772081;237772198-237772866,,,,,,,,
chr2:clu_23860,,LRRFIP1,human,no_unique_junctions,ENST00000308482.14,ENST00000970883.1,237760205-237769943;237769992-237772081;237772198-237772866,237760205-237769943;237769992-237772081;237772198-237772866,,,,,,,,
chr2:clu_23860,,LRRFIP1,human,no_unique_junctions,ENST00000308482.14,ENST00000970881.1,237760205-237769943;237769992-237772081;237772198-237772866,237760205-237769943;237769992-237772081;237772198-237772866,,,,,,,,
chr2:clu_23860,,LRRFIP1,human,no_unique_junctions,ENST00000308482.14,ENST00000970882.1,237760205-237769943;237769992-237772081;237772198-237772866,237760205-237769943;237769992-237772081;237772198-237772866,,,,,,,,
chr2:clu_23860,,LRRFIP1,human,no_unique_junctions,ENST00000308482.14,ENST00000970887.1,237760205-237769943;237769992-237772081;237772198-237772866,237760205-237769943;237769992-237772081;237772198-237772866,,,,,,,,
chr2:clu_23860,,LRRFIP1,human,no_unique_junctions,ENST00000308482.14,ENST00000970889.1,237760205-237769943;237769992-237772081;237772198-237772866,237760205-237769943;237769992-237772081;237772198-237772866,,,,,,,,
chr2:clu_23860,,LRRFIP1,human,no_unique_junctions,ENST00000308482.14,ENST00000970890.1,237760205-237769943;237769992-237772081;237772198-237772866,237760205-237769943;237769992-237772081;237772198-237772866,,,,,,,,
chr2:clu_23860,,LRRFIP1,human,no_unique_junctions,ENST00000308482.14,ENST00000970888.1,237760205-237769943;237769992-237772081;237772198-237772866,237760205-237769943;237769992-237772081;237772198-237772866,,,,,,,,
chr2:clu_23860,,LRRFIP1,human,no_unique_junctions,ENST00000308482.14,ENST00000863730.1,237760205-237769943;237769992-237772081;237772198-237772866,237760205-237769943;237769992-237772081;237772198-237772866,,,,,,,,
chr2:clu_23860,,LRRFIP1,human,no_unique_junctions,ENST00000308482.14,ENST00000970899.1,237760205-237769943;237769992-237772081;237772198-237772866,237760205-237769943;237769992-237772081;237772198-237772866,,,,,,,,
chr2:clu_23860,,LRRFIP1,human,no_unique_junctions,ENST00000308482.14,ENST00000863729.1,237760205-237769943;237769992-237772081;237772198-237772866,237760205-237769943;237769992-237772081;237772198-237772866,,,,,,,,
chr2:clu_23860,,LRRFIP1,human,no_unique_junctions,ENST00000308482.14,ENST00000970893.1,237760205-237769943;237769992-237772081;237772198-237772866,237760205-237769943;237769992-237772081;237772198-237772866,,,,,,,,
chr2:clu_23860,,LRRFIP1,human,no_unique_junctions,ENST00000308482.14,ENST00000970894.1,237760205-237769943;237769992-237772081;237772198-237772866,237760205-237769943;237769992-237772081;237772198-237772866,,,,,,,,
chr2:clu_23860,,LRRFIP1,human,no_unique_junctions,ENST00000308482.14,ENST00000970895.1,237760205-237769943;237769992-237772081;237772198-237772866,237760205-237769943;237769992-237772081;237772198-237772866,,,,,,,,
chr2:clu_23860,,LRRFIP1,human,no_unique_junctions,ENST00000308482.14,ENST00000970896.1,237760205-237769943;237769992-237772081;237772198-237772866,237760205-237769943;237769992-237772081;237772198-237772866,,,,,,,,
chr2:clu_23860,,LRRFIP1,human,no_unique_junctions,ENST00000308482.14,ENST00000863728.1,237760205-237769943;237769992-237772081;237772198-237772866,237760205-237769943;237769992-237772081;237772198-237772866,,,,,,,,
chr2:clu_23860,,LRRFIP1,human,no_unique_junctions,ENST00000308482.14,ENST00000970891.1,237760205-237769943;237769992-237772081;237772198-237772866,237760205-237769943;237769992-237772081;237772198-237772866,,,,,,,,
chr2:clu_23860,,LRRFIP1,human,no_unique_junctions,ENST00000308482.14,ENST00000970892.1,237760205-237769943;237769992-237772081;237772198-237772866,237760205-237769943;237769992-237772081;237772198-237772866,,,,,,,,
chr2:clu_23860,,LRRFIP1,human,no_unique_junctions,ENST00000308482.14,ENST00000933074.1,237760205-237769943;237769992-237772081;237772198-237772866,237760205-237769943;237769992-237772081;237772198-237772866,,,,,,,,
chr2:clu_23860,,LRRFIP1,human,no_unique_junctions,ENST00000308482.14,ENST00000970902.1,237760205-237769943;237769992-237772081;237772198-237772866,237760205-237769943;237769992-237772081;237772198-237772866,,,,,,,,
chr2:clu_23860,,LRRFIP1,human,no_unique_junctions,ENST00000308482.14,ENST00000970910.1,237760205-237769943;237769992-237772081;237772198-237772866,237760205-237769943;237769992-237772081;237772198-237772866,,,,,,,,
chr2:clu_23860,,LRRFIP1,human,no_unique_junctions,ENST00000308482.14,ENST00000970906.1,237760205-237769943;237769992-237772081;237772198-237772866,237760205-237769943;237769992-237772081;237772198-237772866,,,,,,,,
chr2:clu_23860,,LRRFIP1,human,no_unique_junctions,ENST00000308482.14,ENST00000970907.1,237760205-237769943;237769992-237772081;237772198-237772866,237760205-237769943;237769992-237772081;237772198-237772866,,,,,,,,
chr2:clu_23860,,LRRFIP1,human,no_unique_junctions,ENST00000308482.14,ENST00000970900.1,237760205-237769943;237769992-237772081;237772198-237772866,237760205-237769943;237769992-237772081;237772198-237772866,,,,,,,,
chr2:clu_23860,,LRRFIP1,human,no_unique_junctions,ENST00000308482.14,ENST00000863731.1,237760205-237769943;237769992-237772081;237772198-237772866,237760205-237769943;237769992-237772081;237772198-237772866,,,,,,,,
chr2:clu_23860,,LRRFIP1,human,no_unique_junctions,ENST00000308482.14,ENST00000863732.1,237760205-237769943;237769992-237772081;237772198-237772866,237760205-237769943;237769992-237772081;237772198-237772866,,,,,,,,
chr2:clu_23860,,LRRFIP1,human,no_unique_junctions,ENST00000308482.14,ENST00000970897.1,237760205-237769943;237769992-237772081;237772198-237772866,237760205-237769943;237769992-237772081;237772198-237772866,,,,,,,,
chr2:clu_23860,,LRRFIP1,human,no_unique_junctions,ENST00000308482.14,ENST00000970898.1,237760205-237769943;237769992-237772081;237772198-237772866,237760205-237769943;237769992-237772081;237772198-237772866,,,,,,,,
chr2:clu_23860,,LRRFIP1,human,no_unique_junctions,ENST00000308482.14,ENST00000970903.1,237760205-237769943;237769992-237772081;237772198-237772866,237760205-237769943;237769992-237772081;237772198-237772866,,,,,,,,
chr2:clu_23860,,LRRFIP1,human,no_unique_junctions,ENST00000308482.14,ENST00000970904.1,237760205-237769943;237769992-237772081;237772198-237772866,237760205-237769943;237769992-237772081;237772198-237772866,,,,,,,,
chr2:clu_23860,,LRRFIP1,human,no_unique_junctions,ENST00000308482.14,ENST00000970901.1,237760205-237769943;237769992-237772081;237772198-237772866,237760205-237769943;237769992-237772081;237772198-237772866,,,,,,,,
chr2:clu_23860,,LRRFIP1,human,no_unique_junctions,ENST00000308482.14,ENST00000970905.1,237760205-237769943;237769992-237772081;237772198-237772866,237760205-237769943;237769992-237772081;237772198-237772866,,,,,,,,
chr2:clu_23860,,LRRFIP1,human,no_unique_junctions,ENST00000308482.14,ENST00000970911.1,237760205-237769943;237769992-237772081;237772198-237772866,237760205-237769943;237769992-237772081;237772198-237772866,,,,,,,,
chr2:clu_23860,,LRRFIP1,human,no_unique_junctions,ENST00000308482.14,ENST00000970908.1,237760205-237769943;237769992-237772081;237772198-237772866,237760205-237769943;237769992-237772081;237772198-237772866,,,,,,,,
chr2:clu_23860,,LRRFIP1,human,no_unique_junctions,ENST00000308482.14,ENST00000970909.1,237760205-237769943;237769992-237772081;237772198-237772866,237760205-237769943;237769992-237772081;237772198-237772866,,,,,,,,
chr2:clu_23860,,LRRFIP1,human,no_unique_junctions,ENST00000308482.14,ENST00000863733.1,237760205-237769943;237769992-237772081;237772198-237772866,237760205-237769943;237769992-237772081;237772198-237772866,,,,,,,,
chr2:clu_23860,,LRRFIP1,human,no_unique_junctions,ENST00000308482.14,ENST00000970915.1,237760205-237769943;237769992-237772081;237772198-237772866,237760205-237769943;237769992-237772081;237772198-237772866,,,,,,,,
chr2:clu_23860,,LRRFIP1,human,no_unique_junctions,ENST00000308482.14,ENST00000970912.1,237760205-237769943;237769992-237772081;237772198-237772866,237760205-237769943;237769992-237772081;237772198-237772866,,,,,,,,
chr2:clu_23860,,LRRFIP1,human,no_unique_junctions,ENST00000308482.14,ENST00000970913.1,237760205-237769943;237769992-237772081;237772198-237772866,237760205-237769943;237769992-237772081;237772198-237772866,,,,,,,,
chr2:clu_23860,,LRRFIP1,human,no_unique_junctions,ENST00000308482.14,ENST00000970914.1,237760205-237769943;237769992-237772081;237772198-237772866,237760205-237769943;237769992-237772081;237772198-237772866,,,,,,,,
chr2:clu_23860,,LRRFIP1,human,no_unique_junctions,ENST00000308482.14,ENST00000970921.1,237760205-237769943;237769992-237772081;237772198-237772866,237760205-237769943;237769992-237772081;237772198-237772866,,,,,,,,
chr2:clu_23860,,LRRFIP1,human,no_unique_junctions,ENST00000308482.14,ENST00000970917.1,237760205-237769943;237769992-237772081;237772198-237772866,237760205-237769943;237769992-237772081;237772198-237772866,,,,,,,,
chr2:clu_23860,,LRRFIP1,human,no_unique_junctions,ENST00000308482.14,ENST00000863734.1,237760205-237769943;237769992-237772081;237772198-237772866,237760205-237769943;237769992-237772081;237772198-237772866,,,,,,,,
chr2:clu_23860,,LRRFIP1,human,no_unique_junctions,ENST00000308482.14,ENST00000863735.1,237760205-237769943;237769992-237772081;237772198-237772866,237760205-237769943;237769992-237772081;237772198-237772866,,,,,,,,
chr2:clu_23860,,LRRFIP1,human,no_unique_junctions,ENST00000308482.14,ENST00000933075.1,237760205-237769943;237769992-237772081;237772198-237772866,237760205-237769943;237769992-237772081;237772198-237772866,,,,,,,,
chr2:clu_23860,,LRRFIP1,human,no_unique_junctions,ENST00000308482.14,ENST00000970918.1,237760205-237769943;237769992-237772081;237772198-237772866,237760205-237769943;237769992-237772081;237772198-237772866,,,,,,,,
chr2:clu_23860,,LRRFIP1,human,no_unique_junctions,ENST00000308482.14,ENST00000970919.1,237760205-237769943;237769992-237772081;237772198-237772866,237760205-237769943;237769992-237772081;237772198-237772866,,,,,,,,
chr2:clu_23860,,LRRFIP1,human,no_unique_junctions,ENST00000308482.14,ENST00000970846.1,237760205-237769943;237769992-237772081;237772198-237772866,237760205-237769943;237769992-237772081;237772198-237772866,,,,,,,,
chr2:clu_23860,,LRRFIP1,human,no_unique_junctions,ENST00000308482.14,ENST00000970932.1,237760205-237769943;237769992-237772081;237772198-237772866,237760205-237769943;237769992-237772081;237772198-237772866,,,,,,,,
chr2:clu_23860,,LRRFIP1,human,no_unique_junctions,ENST00000308482.14,ENST00000970920.1,237760205-237769943;237769992-237772081;237772198-237772866,237760205-237769943;237769992-237772081;237772198-237772866,,,,,,,,
chr2:clu_23860,,LRRFIP1,human,no_unique_junctions,ENST00000308482.14,ENST00000970922.1,237760205-237769943;237769992-237772081;237772198-237772866,237760205-237769943;237769992-237772081;237772198-237772866,,,,,,,,
chr2:clu_23860,,LRRFIP1,human,no_unique_junctions,ENST00000308482.14,ENST00000970925.1,237760205-237769943;237769992-237772081;237772198-237772866,237760205-237769943;237769992-237772081;237772198-237772866,,,,,,,,
chr2:clu_23860,,LRRFIP1,human,no_unique_junctions,ENST00000308482.14,ENST00000863736.1,237760205-237769943;237769992-237772081;237772198-237772866,237760205-237769943;237769992-237772081;237772198-237772866,,,,,,,,
chr2:clu_23860,,LRRFIP1,human,no_unique_junctions,ENST00000308482.14,ENST00000970924.1,237760205-237769943;237769992-237772081;237772198-237772866,237760205-237769943;237769992-237772081;237772198-237772866,,,,,,,,
chr2:clu_23860,,LRRFIP1,human,no_unique_junctions,ENST00000308482.14,ENST00000970926.1,237760205-237769943;237769992-237772081;237772198-237772866,237760205-237769943;237769992-237772081;237772198-237772866,,,,,,,,
chr2:clu_23860,,LRRFIP1,human,no_unique_junctions,ENST00000308482.14,ENST00000970929.1,237760205-237769943;237769992-237772081;237772198-237772866,237760205-237769943;237769992-237772081;237772198-237772866,,,,,,,,
chr2:clu_23860,,LRRFIP1,human,no_unique_junctions,ENST00000308482.14,ENST00000970930.1,237760205-237769943;237769992-237772081;237772198-237772866,237760205-237769943;237769992-237772081;237772198-237772866,,,,,,,,
chr2:clu_23860,,LRRFIP1,human,no_unique_junctions,ENST00000308482.14,ENST00000970927.1,237760205-237769943;237769992-237772081;237772198-237772866,237760205-237769943;237769992-237772081;237772198-237772866,,,,,,,,
chr2:clu_23860,,LRRFIP1,human,no_unique_junctions,ENST00000308482.14,ENST00000970928.1,237760205-237769943;237769992-237772081;237772198-237772866,237760205-237769943;237769992-237772081;237772198-237772866,,,,,,,,
chr2:clu_23860,,LRRFIP1,human,no_unique_junctions,ENST00000308482.14,ENST00000863737.1,237760205-237769943;237769992-237772081;237772198-237772866,237760205-237769943;237769992-237772081;237772198-237772866,,,,,,,,
chr2:clu_23860,,LRRFIP1,human,no_unique_junctions,ENST00000308482.14,ENST00000970931.1,237760205-237769943;237769992-237772081;237772198-237772866,237760205-237769943;237769992-237772081,,,,,,,,
chr2:clu_23860,,LRRFIP1,human,transcript_doesnt_have_junctions,ENST00000308482.14,ENST00000420665.5,237760205-237769943;237769992-237772081;237772198-237772866,,,,,,,,,
chr2:clu_23860,,LRRFIP1,human,no_unique_junctions,ENST00000308482.14,ENST00000698097.1,237760205-237769943;237769992-237772081;237772198-237772866,237760205-237769943;237769992-237772081;237772198-237772866,,,,,,,,
chr2:clu_23860,,LRRFIP1,human,no_unique_junctions,ENST00000308482.14,ENST00000698098.1,237760205-237769943;237769992-237772081;237772198-237772866,237760205-237769943;237769992-237772081;237772198-237772866,,,,,,,,
chr2:clu_23860,,LRRFIP1,human,transcript_doesnt_have_junctions,ENST00000308482.14,ENST00000489295.5,237760205-237769943;237769992-237772081;237772198-237772866,,,,,,,,,
chr2:clu_23860,,LRRFIP1,human,transcript_doesnt_have_junctions,ENST00000308482.14,ENST00000498053.5,237760205-237769943;237769992-237772081;237772198-237772866,,,,,,,,,
chr2:clu_23860,,LRRFIP1,human,transcript_doesnt_have_junctions,ENST00000308482.14,ENST00000473815.1,237760205-237769943;237769992-237772081;237772198-237772866,,,,,,,,,
chr2:clu_23860,1/3,LRRFIP1,human,transcript_not_chosen,ENST00000308482.14,ENST00000244815.9,237760205-237769943;237769992-237772081;237772198-237772866,237760205-237762603,,,,,,,,
chr2:clu_23860,1/3,LRRFIP1,human,transcript_not_chosen,ENST00000308482.14,ENST00000289175.10,237760205-237769943;237769992-237772081;237772198-237772866,237760205-237762603,,,,,,,,
chr2:clu_23860,1/3,LRRFIP1,human,transcript_not_chosen,ENST00000308482.14,ENST00000392000.4,237760205-237769943;237769992-237772081;237772198-237772866,237760205-237762603,,,,,,,,
chr2:clu_23860,1/3,LRRFIP1,human,transcript_not_chosen,ENST00000308482.14,XM_047446294.1,237760205-237769943;237769992-237772081;237772198-237772866,237760205-237762603,,,,,,,,
chr2:clu_23860,1/3,LRRFIP1,human,transcript_not_chosen,ENST00000308482.14,XM_047446295.1,237760205-237769943;237769992-237772081;237772198-237772866,237760205-237762603,,,,,,,,
chr2:clu_23860,1/3,LRRFIP1,human,transcript_not_chosen,ENST00000308482.14,XM_047446296.1,237760205-237769943;237769992-237772081;237772198-237772866,237760205-237762603,,,,,,,,
chr2:clu_23860,1/3,LRRFIP1,human,transcript_not_chosen,ENST00000308482.14,XM_047446297.1,237760205-237769943;237769992-237772081;237772198-237772866,237760205-237762603,,,,,,,,
chr2:clu_23860,1/3,LRRFIP1,human,transcript_not_chosen,ENST00000308482.14,XM_047446298.1,237760205-237769943;237769992-237772081;237772198-237772866,237760205-237762603,,,,,,,,
chr2:clu_23860,1/3,LRRFIP1,human,transcript_not_chosen,ENST00000308482.14,XM_047446299.1,237760205-237769943;237769992-237772081;237772198-237772866,237760205-237762603,,,,,,,,
chr2:clu_23860,1/3,LRRFIP1,human,transcript_not_chosen,ENST00000308482.14,XM_047446300.1,237760205-237769943;237769992-237772081;237772198-237772866,237760205-237762603,,,,,,,,
chr2:clu_23860,1/3,LRRFIP1,human,transcript_not_chosen,ENST00000308482.14,XM_047446301.1,237760205-237769943;237769992-237772081;237772198-237772866,237760205-237762603,,,,,,,,
chr2:clu_23860,1/3,LRRFIP1,human,transcript_not_chosen,ENST00000308482.14,XM_047446302.1,237760205-237769943;237769992-237772081;237772198-237772866,237760205-237762603,,,,,,,,
chr2:clu_23860,1/3,LRRFIP1,human,transcript_not_chosen,ENST00000308482.14,XM_047446303.1,237760205-237769943;237769992-237772081;237772198-237772866,237760205-237762603,,,,,,,,
chr2:clu_23860,1/3,LRRFIP1,human,transcript_not_chosen,ENST00000308482.14,XM_047446304.1,237760205-237769943;237769992-237772081;237772198-237772866,237760205-237762603,,,,,,,,
chr2:clu_23860,1/3,LRRFIP1,human,transcript_not_chosen,ENST00000308482.14,XM_047446305.1,237760205-237769943;237769992-237772081;237772198-237772866,237760205-237762603,,,,,,,,
chr2:clu_23860,1/3,LRRFIP1,human,transcript_not_chosen,ENST00000308482.14,XM_047446306.1,237760205-237769943;237769992-237772081;237772198-237772866,237760205-237762603,,,,,,,,
chr2:clu_23860,1/3,LRRFIP1,human,transcript_not_chosen,ENST00000308482.14,XM_047446307.1,237760205-237769943;237769992-237772081;237772198-237772866,237760205-237762603,,,,,,,,
chr2:clu_23860,1/3,LRRFIP1,human,transcript_not_chosen,ENST00000308482.14,XM_047446308.1,237760205-237769943;237769992-237772081;237772198-237772866,237760205-237762603,,,,,,,,
chr2:clu_23860,1/3,LRRFIP1,human,transcript_not_chosen,ENST00000308482.14,XM_047446309.1,237760205-237769943;237769992-237772081;237772198-237772866,237760205-237762603,,,,,,,,
chr2:clu_23860,1/3,LRRFIP1,human,transcript_not_chosen,ENST00000308482.14,XM_047446310.1,237760205-237769943;237769992-237772081;237772198-237772866,237760205-237762603,,,,,,,,
chr2:clu_23860,1/3,LRRFIP1,human,transcript_not_chosen,ENST00000308482.14,XM_047446311.1,237760205-237769943;237769992-237772081;237772198-237772866,237760205-237762603,,,,,,,,
chr2:clu_23860,1/3,LRRFIP1,human,transcript_not_chosen,ENST00000308482.14,XM_047446312.1,237760205-237769943;237769992-237772081;237772198-237772866,237760205-237762603,,,,,,,,
chr2:clu_23860,1/3,LRRFIP1,human,transcript_not_chosen,ENST00000308482.14,XM_047446313.1,237760205-237769943;237769992-237772081;237772198-237772866,237760205-237762603,,,,,,,,
chr2:clu_23860,1/3,LRRFIP1,human,transcript_not_chosen,ENST00000308482.14,XM_047446314.1,237760205-237769943;237769992-237772081;237772198-237772866,237760205-237762603,,,,,,,,
chr2:clu_23860,1/3,LRRFIP1,human,transcript_not_chosen,ENST00000308482.14,XM_047446315.1,237760205-237769943;237769992-237772081;237772198-237772866,237760205-237762603,,,,,,,,
chr2:clu_23860,1/3,LRRFIP1,human,transcript_not_chosen,ENST00000308482.14,XM_047446316.1,237760205-237769943;237769992-237772081;237772198-237772866,237760205-237762603,,,,,,,,
chr2:clu_23860,1/3,LRRFIP1,human,transcript_not_chosen,ENST00000308482.14,XM_047446317.1,237760205-237769943;237769992-237772081;237772198-237772866,237760205-237762603,,,,,,,,
chr2:clu_23860,1/3,LRRFIP1,human,transcript_not_chosen,ENST00000308482.14,XM_047446318.1,237760205-237769943;237769992-237772081;237772198-237772866,237760205-237762603,,,,,,,,
chr2:clu_23860,1/3,LRRFIP1,human,transcript_not_chosen,ENST00000308482.14,XM_047446319.1,237760205-237769943;237769992-237772081;237772198-237772866,237760205-237762603,,,,,,,,
chr2:clu_23860,1/3,LRRFIP1,human,transcript_not_chosen,ENST00000308482.14,XM_047446320.1,237760205-237769943;237769992-237772081;237772198-237772866,237760205-237762603,,,,,,,,
chr2:clu_23860,1/3,LRRFIP1,human,transcript_not_chosen,ENST00000308482.14,XM_047446321.1,237760205-237769943;237769992-237772081;237772198-237772866,237760205-237762603,,,,,,,,
chr2:clu_23860,1/3,LRRFIP1,human,transcript_not_chosen,ENST00000308482.14,XM_047446322.1,237760205-237769943;237769992-237772081;237772198-237772866,237760205-237762603,,,,,,,,
chr2:clu_23860,1/3,LRRFIP1,human,transcript_not_chosen,ENST00000308482.14,XM_047446323.1,237760205-237769943;237769992-237772081;237772198-237772866,237760205-237762603,,,,,,,,
chr2:clu_23860,1/3,LRRFIP1,human,transcript_not_chosen,ENST00000308482.14,XM_047446324.1,237760205-237769943;237769992-237772081;237772198-237772866,237760205-237762603,,,,,,,,
chr2:clu_23860,1/3,LRRFIP1,human,transcript_not_chosen,ENST00000308482.14,XM_047446325.1,237760205-237769943;237769992-237772081;237772198-237772866,237760205-237762603,,,,,,,,
chr2:clu_23860,2/3,LRRFIP1,human,transcript_not_chosen,ENST00000308482.14,ENST00000468950.5,237760205-237769943;237769992-237772081;237772198-237772866,237769818-237769943;237769992-237772081;237772198-237772866,,,,,,,,
chr2:clu_23860,2/3,LRRFIP1,human,transcript_not_chosen,ENST00000308482.14,ENST00000489603.5,237760205-237769943;237769992-237772081;237772198-237772866,237769818-237769943;237769992-237772081;237772198-237772866,,,,,,,,
